ai_customer_score_key,customer_360_feature_key,score_date,churn_score,propensity_to_buy_score,credit_risk_score,next_best_action_score
1,1,2026-08-27,0.233,0.0237,0.1373,0.3344
2,2,2026-08-27,0.188,0.639,0.037,0.6928
3,3,2026-08-27,0.4672,0.0649,0.0539,0.4149
4,4,2026-08-27,0.7939,0.2039,0.1364,0.2927
5,5,2026-08-27,0.1931,0.178,0.01,0.4692
6,6,2026-08-27,0.3994,0.1069,0.01,0.3024
7,7,2026-08-27,0.3476,0.155,0.01,0.3668
8,8,2026-08-27,0.324,0.1099,0.0764,0.4107
9,9,2026-08-27,0.2978,0.3253,0.2334,0.5097
10,10,2026-08-27,0.3276,0.3633,0.0591,0.6039
11,11,2026-08-27,0.4152,0.3438,0.2058,0.4633
12,12,2026-08-27,0.3144,0.0297,0.189,0.2548
13,13,2026-08-27,0.9563,0.01,0.0631,0.313
14,14,2026-08-27,0.4302,0.1049,0.01,0.4201
15,15,2026-08-27,0.4148,0.3977,0.1719,0.574
16,16,2026-08-27,0.3488,0.53,0.0335,0.6132
17,17,2026-08-27,0.2337,0.3388,0.0155,0.5288
18,18,2026-08-27,0.1069,0.3924,0.1949,0.4998
19,19,2026-08-27,0.3486,0.01,0.0813,0.3305
20,20,2026-08-27,0.0352,0.3977,0.1247,0.5261
21,21,2026-08-27,0.8728,0.01,0.3153,0.1701
22,22,2026-08-27,0.4359,0.3954,0.1651,0.533
23,23,2026-08-27,0.3917,0.1272,0.0133,0.4339
24,24,2026-08-27,0.29,0.0269,0.2015,0.2105
25,25,2026-08-27,0.5108,0.1893,0.0682,0.3794
26,26,2026-08-27,0.2628,0.2923,0.0293,0.4334
27,27,2026-08-27,0.0246,0.4772,0.0297,0.5547
28,28,2026-08-27,0.3645,0.01,0.01,0.3371
29,29,2026-08-27,0.3621,0.4881,0.0113,0.5471
30,30,2026-08-27,0.9573,0.1694,0.1001,0.3237
31,31,2026-08-27,0.9211,0.01,0.121,0.2541
32,32,2026-08-27,0.2127,0.094,0.0635,0.4433
33,33,2026-08-27,0.3,0.611,0.0228,0.6698
34,34,2026-08-27,0.3657,0.4974,0.0635,0.694
35,35,2026-08-27,0.1392,0.3756,0.01,0.4758
36,36,2026-08-27,0.3486,0.3307,0.0383,0.4626
37,37,2026-08-27,0.3017,0.105,0.1852,0.4183
38,38,2026-08-27,0.1457,0.3351,0.0391,0.5404
39,39,2026-08-27,0.2454,0.4632,0.022,0.648
40,40,2026-08-27,0.9131,0.1191,0.1237,0.5893
41,41,2026-08-27,0.3169,0.4266,0.01,0.6076
42,42,2026-08-27,0.3076,0.1781,0.3906,0.2671
43,43,2026-08-27,0.9451,0.01,0.2378,0.2932
44,44,2026-08-27,0.3347,0.3965,0.01,0.5949
45,45,2026-08-27,0.326,0.01,0.01,0.2699
46,46,2026-08-27,0.3611,0.0869,0.1091,0.2687
47,47,2026-08-27,0.1596,0.5259,0.01,0.6433
48,48,2026-08-27,0.2416,0.4868,0.0566,0.6639
49,49,2026-08-27,0.9258,0.01,0.2075,0.2702
50,50,2026-08-27,0.2696,0.01,0.064,0.3813
51,51,2026-08-27,0.3986,0.2758,0.01,0.4809
52,52,2026-08-27,0.4091,0.1018,0.01,0.4467
53,53,2026-08-27,0.4207,0.01,0.1015,0.3716
54,54,2026-08-27,0.9085,0.0575,0.2027,0.2889
55,55,2026-08-27,0.9713,0.01,0.1635,0.2824
56,56,2026-08-27,0.3328,0.183,0.1473,0.3719
57,57,2026-08-27,0.4246,0.4854,0.2363,0.5733
58,58,2026-08-27,0.2237,0.3776,0.0457,0.5498
59,59,2026-08-27,0.413,0.2745,0.0429,0.5978
60,60,2026-08-27,0.1164,0.2006,0.01,0.503
61,61,2026-08-27,0.8529,0.0449,0.2047,0.2732
62,62,2026-08-27,0.1543,0.253,0.0768,0.3939
63,63,2026-08-27,0.1634,0.3695,0.0268,0.5771
64,64,2026-08-27,0.3491,0.0749,0.01,0.3
65,65,2026-08-27,0.1567,0.3256,0.2079,0.4409
66,66,2026-08-27,0.2648,0.2925,0.0245,0.5184
67,67,2026-08-27,0.1039,0.456,0.1661,0.5346
68,68,2026-08-27,0.2607,0.3955,0.0517,0.5236
69,69,2026-08-27,0.4196,0.0724,0.2238,0.3882
70,70,2026-08-27,0.2606,0.5875,0.01,0.713
71,71,2026-08-27,0.272,0.3624,0.0842,0.4978
72,72,2026-08-27,0.2201,0.3035,0.212,0.4524
73,73,2026-08-27,0.3688,0.0549,0.0584,0.3105
74,74,2026-08-27,0.4739,0.2653,0.0149,0.5993
75,75,2026-08-27,0.226,0.1266,0.1795,0.3836
76,76,2026-08-27,0.2669,0.3712,0.0524,0.5787
77,77,2026-08-27,0.4087,0.5344,0.01,0.5647
78,78,2026-08-27,0.8934,0.071,0.2857,0.2066
79,79,2026-08-27,0.2928,0.3878,0.01,0.4846
80,80,2026-08-27,0.3056,0.1101,0.01,0.4623
81,81,2026-08-27,0.8707,0.01,0.1893,0.2621
82,82,2026-08-27,0.1759,0.5624,0.01,0.709
83,83,2026-08-27,0.3932,0.0235,0.1194,0.2858
84,84,2026-08-27,0.2759,0.4506,0.1702,0.4788
85,85,2026-08-27,0.3268,0.1627,0.1658,0.3526
86,86,2026-08-27,0.2784,0.2064,0.01,0.4824
87,87,2026-08-27,0.8666,0.0331,0.0885,0.5482
88,88,2026-08-27,0.2694,0.3701,0.2034,0.4962
89,89,2026-08-27,0.2563,0.4045,0.01,0.5315
90,90,2026-08-27,0.2137,0.3641,0.01,0.4458
91,91,2026-08-27,0.326,0.3619,0.1332,0.4628
92,92,2026-08-27,0.99,0.0961,0.1978,0.338
93,93,2026-08-27,0.3059,0.5421,0.01,0.6656
94,94,2026-08-27,0.3387,0.4134,0.01,0.5586
95,95,2026-08-27,0.4214,0.4692,0.3057,0.4297
96,96,2026-08-27,0.019,0.3238,0.01,0.5027
97,97,2026-08-27,0.384,0.3387,0.0753,0.5545
98,98,2026-08-27,0.2764,0.2385,0.01,0.5856
99,99,2026-08-27,0.4165,0.1403,0.2817,0.3235
100,100,2026-08-27,0.3578,0.2773,0.0163,0.5445
101,101,2026-08-27,0.4543,0.0219,0.0705,0.4176
102,102,2026-08-27,0.9601,0.01,0.1752,0.2556
103,103,2026-08-27,0.212,0.4402,0.01,0.5583
104,104,2026-08-27,0.3083,0.1505,0.1814,0.3498
105,105,2026-08-27,0.3018,0.0778,0.251,0.3506
106,106,2026-08-27,0.9217,0.01,0.1604,0.2736
107,107,2026-08-27,0.3952,0.2724,0.0276,0.5017
108,108,2026-08-27,0.2651,0.4649,0.2283,0.4513
109,109,2026-08-27,0.1418,0.2163,0.2184,0.3183
110,110,2026-08-27,0.3337,0.1388,0.01,0.4087
111,111,2026-08-27,0.2925,0.4866,0.01,0.5304
112,112,2026-08-27,0.282,0.4022,0.01,0.531
113,113,2026-08-27,0.2116,0.3213,0.1909,0.3949
114,114,2026-08-27,0.226,0.4646,0.01,0.5625
115,115,2026-08-27,0.2884,0.4822,0.1307,0.5934
116,116,2026-08-27,0.3184,0.0221,0.01,0.3681
117,117,2026-08-27,0.9267,0.0622,0.1591,0.2961
118,118,2026-08-27,0.7667,0.0524,0.1316,0.2754
119,119,2026-08-27,0.3847,0.3823,0.01,0.4488
120,120,2026-08-27,0.25,0.3422,0.1733,0.5275
121,121,2026-08-27,0.1591,0.2893,0.0649,0.411
122,122,2026-08-27,0.8862,0.1335,0.3307,0.2752
123,123,2026-08-27,0.2657,0.0928,0.204,0.4755
124,124,2026-08-27,0.199,0.6054,0.01,0.6787
125,125,2026-08-27,0.2702,0.0334,0.0725,0.4005
126,126,2026-08-27,0.1754,0.3269,0.0624,0.4785
127,127,2026-08-27,0.4208,0.3781,0.2259,0.4605
128,128,2026-08-27,0.2401,0.5543,0.0595,0.5932
129,129,2026-08-27,0.2565,0.1341,0.2348,0.4004
130,130,2026-08-27,0.0915,0.4511,0.0757,0.585
131,131,2026-08-27,0.2415,0.4829,0.01,0.6688
132,132,2026-08-27,0.3106,0.0807,0.0157,0.3404
133,133,2026-08-27,0.2237,0.4005,0.01,0.4767
134,134,2026-08-27,0.34,0.4496,0.01,0.6796
135,135,2026-08-27,0.2158,0.3585,0.1106,0.5296
136,136,2026-08-27,0.2252,0.1728,0.2249,0.4406
137,137,2026-08-27,0.4023,0.0728,0.1277,0.3469
138,138,2026-08-27,0.1824,0.3233,0.01,0.5485
139,139,2026-08-27,0.2729,0.0991,0.1733,0.3015
140,140,2026-08-27,0.2394,0.1821,0.4756,0.2981
141,141,2026-08-27,0.2118,0.3203,0.1069,0.4522
142,142,2026-08-27,0.01,0.3574,0.0333,0.4756
143,143,2026-08-27,0.3093,0.01,0.01,0.2922
144,144,2026-08-27,0.1234,0.2884,0.01,0.5021
145,145,2026-08-27,0.1499,0.4028,0.1925,0.3881
146,146,2026-08-27,0.4219,0.4764,0.2388,0.4999
147,147,2026-08-27,0.2869,0.5454,0.01,0.775
148,148,2026-08-27,0.2004,0.376,0.1933,0.4351
149,149,2026-08-27,0.4198,0.5423,0.1011,0.6499
150,150,2026-08-27,0.2851,0.1101,0.0178,0.4854
151,151,2026-08-27,0.4916,0.0637,0.0407,0.2669
152,152,2026-08-27,0.3376,0.101,0.2089,0.2876
153,153,2026-08-27,0.2984,0.4622,0.0562,0.5731
154,154,2026-08-27,0.2283,0.3332,0.01,0.4832
155,155,2026-08-27,0.3679,0.1158,0.01,0.4638
156,156,2026-08-27,0.8346,0.0547,0.2281,0.3195
157,157,2026-08-27,0.2571,0.3674,0.01,0.5189
158,158,2026-08-27,0.9024,0.01,0.1838,0.243
159,159,2026-08-27,0.9132,0.1099,0.1742,0.2526
160,160,2026-08-27,0.4186,0.0799,0.1287,0.4298
161,161,2026-08-27,0.1955,0.1212,0.01,0.4116
162,162,2026-08-27,0.318,0.1062,0.01,0.3364
163,163,2026-08-27,0.2726,0.3927,0.01,0.4997
164,164,2026-08-27,0.2668,0.0978,0.01,0.3623
165,165,2026-08-27,0.1753,0.2437,0.01,0.4513
166,166,2026-08-27,0.1899,0.7054,0.0244,0.7407
167,167,2026-08-27,0.3189,0.0712,0.2662,0.2921
168,168,2026-08-27,0.3835,0.1474,0.2396,0.4244
169,169,2026-08-27,0.3672,0.6405,0.0185,0.7586
170,170,2026-08-27,0.3386,0.1126,0.01,0.2831
171,171,2026-08-27,0.3806,0.5672,0.01,0.5725
172,172,2026-08-27,0.1268,0.3349,0.0453,0.4222
173,173,2026-08-27,0.2815,0.35,0.056,0.473
174,174,2026-08-27,0.3849,0.1124,0.01,0.3629
175,175,2026-08-27,0.2911,0.5702,0.1391,0.5651
176,176,2026-08-27,0.4064,0.1896,0.1296,0.4469
177,177,2026-08-27,0.2244,0.3912,0.1268,0.4708
178,178,2026-08-27,0.3158,0.1711,0.01,0.4429
179,179,2026-08-27,0.3359,0.0576,0.0338,0.3402
180,180,2026-08-27,0.8605,0.1682,0.2582,0.2913
181,181,2026-08-27,0.3636,0.0634,0.0758,0.3165
182,182,2026-08-27,0.3776,0.2211,0.01,0.4031
183,183,2026-08-27,0.1542,0.3481,0.0162,0.512
184,184,2026-08-27,0.4216,0.3956,0.01,0.6814
185,185,2026-08-27,0.4053,0.0731,0.01,0.3262
186,186,2026-08-27,0.8803,0.01,0.0832,0.3279
187,187,2026-08-27,0.3139,0.2704,0.2046,0.4931
188,188,2026-08-27,0.3438,0.4003,0.1812,0.5128
189,189,2026-08-27,0.8618,0.0194,0.0777,0.557
190,190,2026-08-27,0.2847,0.5244,0.01,0.6173
191,191,2026-08-27,0.341,0.1817,0.0556,0.4477
192,192,2026-08-27,0.3415,0.398,0.0613,0.4496
193,193,2026-08-27,0.2573,0.2135,0.2408,0.3597
194,194,2026-08-27,0.5055,0.01,0.1139,0.2101
195,195,2026-08-27,0.2736,0.4654,0.1285,0.5341
196,196,2026-08-27,0.3864,0.3671,0.01,0.4885
197,197,2026-08-27,0.0816,0.4141,0.2349,0.4696
198,198,2026-08-27,0.2983,0.06,0.0906,0.2966
199,199,2026-08-27,0.2004,0.4492,0.0931,0.5644
200,200,2026-08-27,0.2401,0.5279,0.0418,0.663
201,201,2026-08-27,0.3431,0.1142,0.0396,0.4009
202,202,2026-08-27,0.2319,0.1445,0.1145,0.3974
203,203,2026-08-27,0.1827,0.343,0.012,0.545
204,204,2026-08-27,0.2852,0.3882,0.0306,0.5349
205,205,2026-08-27,0.3198,0.1152,0.1326,0.4435
206,206,2026-08-27,0.1838,0.5464,0.01,0.5698
207,207,2026-08-27,0.206,0.1672,0.0141,0.4091
208,208,2026-08-27,0.8098,0.1345,0.1489,0.5543
209,209,2026-08-27,0.2696,0.1933,0.2247,0.3866
210,210,2026-08-27,0.1608,0.4425,0.01,0.5683
211,211,2026-08-27,0.99,0.045,0.2922,0.2329
212,212,2026-08-27,0.0839,0.4355,0.1449,0.4919
213,213,2026-08-27,0.359,0.5263,0.0122,0.6721
214,214,2026-08-27,0.3763,0.0979,0.032,0.4759
215,215,2026-08-27,0.9527,0.0277,0.172,0.2604
216,216,2026-08-27,0.9543,0.01,0.165,0.1865
217,217,2026-08-27,0.2599,0.1121,0.094,0.4381
218,218,2026-08-27,0.4015,0.1604,0.232,0.3557
219,219,2026-08-27,0.3714,0.1197,0.01,0.3174
220,220,2026-08-27,0.3437,0.335,0.0473,0.5382
221,221,2026-08-27,0.2495,0.4998,0.01,0.5881
222,222,2026-08-27,0.1381,0.2925,0.2531,0.3818
223,223,2026-08-27,0.9487,0.01,0.1187,0.2178
224,224,2026-08-27,0.3985,0.0239,0.1121,0.3505
225,225,2026-08-27,0.3207,0.5205,0.01,0.542
226,226,2026-08-27,0.2944,0.1121,0.01,0.3766
227,227,2026-08-27,0.2987,0.0552,0.2446,0.3495
228,228,2026-08-27,0.1584,0.4861,0.0925,0.5375
229,229,2026-08-27,0.3369,0.4247,0.1544,0.6312
230,230,2026-08-27,0.3099,0.1126,0.2485,0.372
231,231,2026-08-27,0.3385,0.5091,0.01,0.6146
232,232,2026-08-27,0.3727,0.3185,0.01,0.5705
233,233,2026-08-27,0.3438,0.1139,0.01,0.4039
234,234,2026-08-27,0.048,0.4078,0.0171,0.5645
235,235,2026-08-27,0.3264,0.01,0.01,0.2605
236,236,2026-08-27,0.2563,0.0535,0.0274,0.4538
237,237,2026-08-27,0.2318,0.3138,0.1237,0.4287
238,238,2026-08-27,0.3256,0.1634,0.0169,0.3208
239,239,2026-08-27,0.211,0.1618,0.0463,0.3252
240,240,2026-08-27,0.2749,0.4346,0.1212,0.5734
241,241,2026-08-27,0.4416,0.0123,0.0494,0.2729
242,242,2026-08-27,0.435,0.0376,0.0191,0.3146
243,243,2026-08-27,0.2782,0.4342,0.0863,0.4927
244,244,2026-08-27,0.096,0.3351,0.1841,0.4022
245,245,2026-08-27,0.1807,0.4269,0.01,0.6655
246,246,2026-08-27,0.2828,0.1293,0.0637,0.3161
247,247,2026-08-27,0.3134,0.3982,0.1122,0.4554
248,248,2026-08-27,0.1843,0.443,0.1628,0.4687
249,249,2026-08-27,0.2661,0.3731,0.202,0.5345
250,250,2026-08-27,0.2998,0.6065,0.01,0.629
251,251,2026-08-27,0.8981,0.0815,0.1719,0.3069
252,252,2026-08-27,0.353,0.1857,0.2723,0.3381
253,253,2026-08-27,0.2349,0.5171,0.0333,0.5972
254,254,2026-08-27,0.2703,0.4564,0.0148,0.6228
255,255,2026-08-27,0.4278,0.3971,0.128,0.4842
256,256,2026-08-27,0.9441,0.0305,0.1557,0.5211
257,257,2026-08-27,0.3358,0.0771,0.01,0.3604
258,258,2026-08-27,0.274,0.2187,0.01,0.5553
259,259,2026-08-27,0.2373,0.2902,0.0891,0.5235
260,260,2026-08-27,0.1906,0.4366,0.0226,0.585
261,261,2026-08-27,0.2414,0.4258,0.0399,0.554
262,262,2026-08-27,0.3522,0.1471,0.1299,0.3418
263,263,2026-08-27,0.2711,0.5811,0.0701,0.6401
264,264,2026-08-27,0.2852,0.4735,0.01,0.5505
265,265,2026-08-27,0.378,0.0487,0.0365,0.305
266,266,2026-08-27,0.2571,0.5058,0.0296,0.6265
267,267,2026-08-27,0.2911,0.5107,0.01,0.6679
268,268,2026-08-27,0.1628,0.328,0.0326,0.6143
269,269,2026-08-27,0.3832,0.1264,0.2628,0.3784
270,270,2026-08-27,0.4114,0.0309,0.0749,0.4687
271,271,2026-08-27,0.3045,0.1058,0.0982,0.3321
272,272,2026-08-27,0.2564,0.426,0.01,0.5013
273,273,2026-08-27,0.2527,0.2262,0.01,0.4648
274,274,2026-08-27,0.0977,0.4373,0.1881,0.4984
275,275,2026-08-27,0.8853,0.01,0.1723,0.1919
276,276,2026-08-27,0.3333,0.5641,0.1026,0.6893
277,277,2026-08-27,0.296,0.4976,0.0835,0.6177
278,278,2026-08-27,0.1471,0.339,0.01,0.5513
279,279,2026-08-27,0.4534,0.0282,0.1812,0.2773
280,280,2026-08-27,0.3609,0.0892,0.01,0.3455
281,281,2026-08-27,0.2985,0.0472,0.0719,0.3017
282,282,2026-08-27,0.34,0.2898,0.01,0.5176
283,283,2026-08-27,0.408,0.4812,0.2644,0.605
284,284,2026-08-27,0.347,0.3319,0.1056,0.4392
285,285,2026-08-27,0.1162,0.37,0.0501,0.4339
286,286,2026-08-27,0.3475,0.5543,0.1395,0.6425
287,287,2026-08-27,0.117,0.3791,0.1455,0.502
288,288,2026-08-27,0.2541,0.4742,0.0234,0.5707
289,289,2026-08-27,0.25,0.4105,0.0737,0.4835
290,290,2026-08-27,0.0573,0.3297,0.1308,0.4131
291,291,2026-08-27,0.4208,0.01,0.01,0.25
292,292,2026-08-27,0.2057,0.2678,0.2674,0.3602
293,293,2026-08-27,0.3473,0.0766,0.01,0.4415
294,294,2026-08-27,0.1056,0.373,0.158,0.5232
295,295,2026-08-27,0.2961,0.0688,0.0688,0.4117
296,296,2026-08-27,0.2648,0.0825,0.1419,0.3431
297,297,2026-08-27,0.2576,0.0769,0.1809,0.4307
298,298,2026-08-27,0.2744,0.0737,0.017,0.4055
299,299,2026-08-27,0.3689,0.0535,0.01,0.4222
300,300,2026-08-27,0.9476,0.01,0.3251,0.2338
301,301,2026-08-27,0.2817,0.0506,0.01,0.362
302,302,2026-08-27,0.3024,0.1507,0.01,0.4342
303,303,2026-08-27,0.2085,0.4092,0.01,0.6286
304,304,2026-08-27,0.068,0.4673,0.01,0.5719
305,305,2026-08-27,0.3738,0.0718,0.0266,0.3431
306,306,2026-08-27,0.1125,0.4084,0.01,0.4926
307,307,2026-08-27,0.2871,0.555,0.0192,0.6364
308,308,2026-08-27,0.1548,0.4242,0.0185,0.5115
309,309,2026-08-27,0.2986,0.3617,0.057,0.4997
310,310,2026-08-27,0.1975,0.1705,0.2108,0.4025
311,311,2026-08-27,0.2786,0.4384,0.152,0.5125
312,312,2026-08-27,0.4681,0.3413,0.157,0.5758
313,313,2026-08-27,0.2861,0.3009,0.01,0.4427
314,314,2026-08-27,0.3081,0.4881,0.01,0.5524
315,315,2026-08-27,0.3111,0.3866,0.01,0.566
316,316,2026-08-27,0.3661,0.2747,0.0125,0.5923
317,317,2026-08-27,0.2952,0.3211,0.2419,0.5064
318,318,2026-08-27,0.9062,0.01,0.1738,0.4142
319,319,2026-08-27,0.3593,0.2952,0.1003,0.3551
320,320,2026-08-27,0.4234,0.0729,0.2242,0.2963
321,321,2026-08-27,0.1998,0.0675,0.187,0.3059
322,322,2026-08-27,0.1505,0.3606,0.01,0.5007
323,323,2026-08-27,0.3915,0.4298,0.0452,0.4705
324,324,2026-08-27,0.2422,0.3341,0.2188,0.4619
325,325,2026-08-27,0.3248,0.0501,0.0559,0.4408
326,326,2026-08-27,0.963,0.0619,0.1897,0.1946
327,327,2026-08-27,0.419,0.0232,0.01,0.3917
328,328,2026-08-27,0.2405,0.3077,0.01,0.5399
329,329,2026-08-27,0.1091,0.4534,0.01,0.4932
330,330,2026-08-27,0.3174,0.414,0.182,0.4974
331,331,2026-08-27,0.9093,0.01,0.3183,0.1938
332,332,2026-08-27,0.2823,0.3998,0.1973,0.4771
333,333,2026-08-27,0.9307,0.0291,0.2142,0.2233
334,334,2026-08-27,0.3722,0.01,0.01,0.3237
335,335,2026-08-27,0.2811,0.1878,0.2766,0.3793
336,336,2026-08-27,0.2061,0.2916,0.01,0.4707
337,337,2026-08-27,0.1154,0.3114,0.01,0.5147
338,338,2026-08-27,0.983,0.0602,0.1888,0.3274
339,339,2026-08-27,0.3664,0.01,0.01,0.3946
340,340,2026-08-27,0.3201,0.1481,0.01,0.3648
341,341,2026-08-27,0.2662,0.2255,0.1874,0.4392
342,342,2026-08-27,0.2833,0.1659,0.0429,0.2922
343,343,2026-08-27,0.3027,0.0952,0.0178,0.3921
344,344,2026-08-27,0.1049,0.312,0.0739,0.3971
345,345,2026-08-27,0.3658,0.01,0.0879,0.2164
346,346,2026-08-27,0.3792,0.1734,0.2313,0.3134
347,347,2026-08-27,0.3424,0.01,0.076,0.3488
348,348,2026-08-27,0.2578,0.4778,0.01,0.5868
349,349,2026-08-27,0.1111,0.378,0.1497,0.4771
350,350,2026-08-27,0.2903,0.1878,0.1467,0.4977
351,351,2026-08-27,0.0681,0.3387,0.01,0.453
352,352,2026-08-27,0.2247,0.4899,0.0246,0.5973
353,353,2026-08-27,0.01,0.3585,0.1463,0.4949
354,354,2026-08-27,0.0763,0.3916,0.2561,0.3749
355,355,2026-08-27,0.2417,0.3944,0.01,0.5282
356,356,2026-08-27,0.1865,0.3955,0.2364,0.4922
357,357,2026-08-27,0.4068,0.01,0.01,0.2933
358,358,2026-08-27,0.3029,0.0282,0.1087,0.3575
359,359,2026-08-27,0.2729,0.3705,0.01,0.4933
360,360,2026-08-27,0.1812,0.4082,0.01,0.5048
361,361,2026-08-27,0.2626,0.1177,0.4934,0.2447
362,362,2026-08-27,0.1884,0.2278,0.3299,0.345
363,363,2026-08-27,0.2782,0.3208,0.1724,0.5682
364,364,2026-08-27,0.2714,0.1783,0.1572,0.4317
365,365,2026-08-27,0.8977,0.0284,0.1167,0.4688
366,366,2026-08-27,0.4129,0.3616,0.01,0.6191
367,367,2026-08-27,0.3517,0.0901,0.0292,0.3726
368,368,2026-08-27,0.9278,0.1395,0.1171,0.395
369,369,2026-08-27,0.3914,0.3493,0.01,0.4733
370,370,2026-08-27,0.3258,0.1048,0.0411,0.4381
371,371,2026-08-27,0.3962,0.1228,0.0748,0.3592
372,372,2026-08-27,0.4738,0.5928,0.01,0.6253
373,373,2026-08-27,0.2163,0.4099,0.013,0.6214
374,374,2026-08-27,0.3797,0.5329,0.0245,0.673
375,375,2026-08-27,0.3537,0.4103,0.0782,0.5375
376,376,2026-08-27,0.2515,0.3401,0.01,0.6025
377,377,2026-08-27,0.3951,0.01,0.0654,0.3444
378,378,2026-08-27,0.213,0.5037,0.01,0.6275
379,379,2026-08-27,0.2538,0.5064,0.0824,0.6405
380,380,2026-08-27,0.8649,0.0453,0.1109,0.3912
381,381,2026-08-27,0.1217,0.5136,0.1105,0.5467
382,382,2026-08-27,0.3161,0.0621,0.01,0.345
383,383,2026-08-27,0.3044,0.0479,0.0595,0.3523
384,384,2026-08-27,0.1418,0.2639,0.037,0.348
385,385,2026-08-27,0.2917,0.4931,0.0633,0.6598
386,386,2026-08-27,0.3926,0.1876,0.0404,0.448
387,387,2026-08-27,0.8926,0.0203,0.2238,0.1737
388,388,2026-08-27,0.3321,0.1679,0.01,0.3862
389,389,2026-08-27,0.2166,0.2291,0.0167,0.4989
390,390,2026-08-27,0.4223,0.01,0.0868,0.3179
391,391,2026-08-27,0.2482,0.3669,0.01,0.5195
392,392,2026-08-27,0.2996,0.184,0.01,0.4589
393,393,2026-08-27,0.23,0.2675,0.2416,0.3824
394,394,2026-08-27,0.8637,0.0664,0.2493,0.2966
395,395,2026-08-27,0.2823,0.1525,0.2258,0.3456
396,396,2026-08-27,0.3715,0.4113,0.0428,0.562
397,397,2026-08-27,0.3686,0.01,0.097,0.2171
398,398,2026-08-27,0.2606,0.4501,0.0771,0.5389
399,399,2026-08-27,0.221,0.5099,0.0341,0.6333
400,400,2026-08-27,0.3006,0.5288,0.2825,0.4706
401,401,2026-08-27,0.4086,0.4557,0.01,0.5433
402,402,2026-08-27,0.3561,0.0255,0.01,0.3171
403,403,2026-08-27,0.2361,0.0347,0.1279,0.2725
404,404,2026-08-27,0.305,0.3562,0.01,0.6102
405,405,2026-08-27,0.3901,0.01,0.167,0.3253
406,406,2026-08-27,0.2717,0.2052,0.0315,0.5166
407,407,2026-08-27,0.3019,0.4321,0.014,0.5633
408,408,2026-08-27,0.3453,0.1812,0.01,0.4196
409,409,2026-08-27,0.2828,0.0966,0.2178,0.346
410,410,2026-08-27,0.2419,0.1443,0.01,0.4465
411,411,2026-08-27,0.8787,0.0534,0.2505,0.1908
412,412,2026-08-27,0.99,0.0397,0.1461,0.2647
413,413,2026-08-27,0.1938,0.2958,0.0167,0.5363
414,414,2026-08-27,0.3186,0.1501,0.01,0.3442
415,415,2026-08-27,0.1041,0.4713,0.2118,0.473
416,416,2026-08-27,0.308,0.4133,0.01,0.5322
417,417,2026-08-27,0.367,0.3781,0.0799,0.4926
418,418,2026-08-27,0.2136,0.1235,0.01,0.4082
419,419,2026-08-27,0.245,0.5573,0.01,0.6266
420,420,2026-08-27,0.409,0.0774,0.2953,0.217
421,421,2026-08-27,0.8399,0.01,0.1945,0.2175
422,422,2026-08-27,0.1576,0.0684,0.1673,0.2826
423,423,2026-08-27,0.4049,0.1189,0.3224,0.3137
424,424,2026-08-27,0.2608,0.2621,0.1701,0.4895
425,425,2026-08-27,0.1342,0.4592,0.01,0.555
426,426,2026-08-27,0.2906,0.1303,0.1132,0.3269
427,427,2026-08-27,0.4004,0.3707,0.0974,0.4532
428,428,2026-08-27,0.2347,0.1482,0.0146,0.3184
429,429,2026-08-27,0.4112,0.0999,0.291,0.3721
430,430,2026-08-27,0.4062,0.2399,0.01,0.3732
431,431,2026-08-27,0.4232,0.3355,0.1809,0.4682
432,432,2026-08-27,0.3721,0.01,0.01,0.3667
433,433,2026-08-27,0.9215,0.1257,0.128,0.3455
434,434,2026-08-27,0.3336,0.2183,0.01,0.5005
435,435,2026-08-27,0.2248,0.2466,0.1884,0.4485
436,436,2026-08-27,0.1825,0.3845,0.0479,0.4595
437,437,2026-08-27,0.2256,0.1596,0.0389,0.387
438,438,2026-08-27,0.1565,0.3423,0.1724,0.4588
439,439,2026-08-27,0.7921,0.0843,0.1478,0.2937
440,440,2026-08-27,0.3017,0.374,0.2259,0.4099
441,441,2026-08-27,0.3405,0.0575,0.01,0.3585
442,442,2026-08-27,0.2642,0.4916,0.0388,0.5971
443,443,2026-08-27,0.8761,0.1023,0.1358,0.5644
444,444,2026-08-27,0.3007,0.4837,0.0399,0.5841
445,445,2026-08-27,0.2639,0.4892,0.0547,0.5452
446,446,2026-08-27,0.99,0.01,0.1909,0.2818
447,447,2026-08-27,0.4114,0.0877,0.1685,0.3694
448,448,2026-08-27,0.1297,0.4077,0.0102,0.4744
449,449,2026-08-27,0.2608,0.2384,0.2814,0.4062
450,450,2026-08-27,0.0691,0.3975,0.045,0.4533
451,451,2026-08-27,0.2783,0.3366,0.2188,0.5673
452,452,2026-08-27,0.3776,0.01,0.01,0.3401
453,453,2026-08-27,0.9091,0.0605,0.2327,0.1991
454,454,2026-08-27,0.3143,0.4666,0.0612,0.4518
455,455,2026-08-27,0.2488,0.1496,0.1528,0.3617
456,456,2026-08-27,0.2876,0.4818,0.0548,0.5774
457,457,2026-08-27,0.3818,0.0907,0.01,0.2947
458,458,2026-08-27,0.3102,0.5841,0.01,0.6999
459,459,2026-08-27,0.4217,0.0471,0.1623,0.2711
460,460,2026-08-27,0.1424,0.3715,0.0602,0.47
461,461,2026-08-27,0.1922,0.4132,0.1099,0.5087
462,462,2026-08-27,0.2413,0.3887,0.1252,0.5639
463,463,2026-08-27,0.2955,0.1508,0.2146,0.3022
464,464,2026-08-27,0.3544,0.3702,0.01,0.5517
465,465,2026-08-27,0.134,0.5139,0.0332,0.6051
466,466,2026-08-27,0.8744,0.1432,0.0877,0.3291
467,467,2026-08-27,0.8432,0.0773,0.1988,0.2064
468,468,2026-08-27,0.3504,0.0693,0.01,0.294
469,469,2026-08-27,0.2913,0.5443,0.0634,0.5728
470,470,2026-08-27,0.1697,0.4412,0.01,0.5808
471,471,2026-08-27,0.3199,0.4657,0.2698,0.5721
472,472,2026-08-27,0.1346,0.404,0.01,0.552
473,473,2026-08-27,0.2694,0.2131,0.204,0.4695
474,474,2026-08-27,0.2283,0.3258,0.0849,0.4776
475,475,2026-08-27,0.1475,0.6346,0.01,0.6424
476,476,2026-08-27,0.2544,0.3246,0.01,0.5094
477,477,2026-08-27,0.2637,0.4408,0.01,0.5936
478,478,2026-08-27,0.1211,0.4173,0.2898,0.4834
479,479,2026-08-27,0.1723,0.3934,0.01,0.4807
480,480,2026-08-27,0.4716,0.3587,0.01,0.6571
481,481,2026-08-27,0.3473,0.5332,0.2642,0.6579
482,482,2026-08-27,0.3601,0.4452,0.0448,0.5853
483,483,2026-08-27,0.0475,0.4291,0.01,0.4804
484,484,2026-08-27,0.3624,0.3129,0.01,0.519
485,485,2026-08-27,0.3673,0.1006,0.1221,0.3902
486,486,2026-08-27,0.3709,0.3775,0.2719,0.4743
487,487,2026-08-27,0.2043,0.306,0.0756,0.5259
488,488,2026-08-27,0.3755,0.3431,0.0612,0.4944
489,489,2026-08-27,0.1928,0.3864,0.3303,0.3566
490,490,2026-08-27,0.1592,0.399,0.0449,0.5485
491,491,2026-08-27,0.8208,0.01,0.1492,0.4591
492,492,2026-08-27,0.9121,0.01,0.274,0.2386
493,493,2026-08-27,0.8996,0.0597,0.1557,0.3128
494,494,2026-08-27,0.3204,0.3353,0.1479,0.4832
495,495,2026-08-27,0.4449,0.223,0.2202,0.481
496,496,2026-08-27,0.0363,0.3269,0.204,0.4055
497,497,2026-08-27,0.4147,0.5516,0.172,0.6573
498,498,2026-08-27,0.1229,0.3581,0.01,0.5287
499,499,2026-08-27,0.4852,0.379,0.0394,0.5782
500,500,2026-08-27,0.2146,0.2691,0.01,0.479
501,501,2026-08-27,0.8577,0.01,0.1115,0.298
502,502,2026-08-27,0.3058,0.0522,0.1742,0.2866
503,503,2026-08-27,0.3779,0.0897,0.01,0.4498
504,504,2026-08-27,0.2553,0.3302,0.01,0.3977
505,505,2026-08-27,0.1586,0.4592,0.2469,0.5323
506,506,2026-08-27,0.5001,0.0851,0.3648,0.2582
507,507,2026-08-27,0.4548,0.5212,0.1791,0.6774
508,508,2026-08-27,0.3513,0.01,0.2839,0.2512
509,509,2026-08-27,0.1833,0.4365,0.1496,0.5046
510,510,2026-08-27,0.1644,0.2535,0.1445,0.4261
511,511,2026-08-27,0.1275,0.197,0.0491,0.3803
512,512,2026-08-27,0.4191,0.0196,0.049,0.2576
513,513,2026-08-27,0.185,0.1653,0.3544,0.3311
514,514,2026-08-27,0.1046,0.5214,0.01,0.6471
515,515,2026-08-27,0.353,0.4225,0.1252,0.598
516,516,2026-08-27,0.2339,0.4808,0.1206,0.5878
517,517,2026-08-27,0.2938,0.6141,0.1876,0.6042
518,518,2026-08-27,0.966,0.0565,0.2028,0.2589
519,519,2026-08-27,0.1824,0.164,0.1177,0.4564
520,520,2026-08-27,0.347,0.0702,0.1361,0.3576
521,521,2026-08-27,0.3437,0.1967,0.1701,0.3897
522,522,2026-08-27,0.3626,0.3268,0.0223,0.5976
523,523,2026-08-27,0.2109,0.419,0.0514,0.5368
524,524,2026-08-27,0.0936,0.3418,0.0602,0.3985
525,525,2026-08-27,0.2066,0.1779,0.2215,0.3303
526,526,2026-08-27,0.3324,0.6413,0.01,0.7099
527,527,2026-08-27,0.3543,0.01,0.133,0.3552
528,528,2026-08-27,0.4585,0.0304,0.01,0.3179
529,529,2026-08-27,0.2917,0.194,0.1623,0.3301
530,530,2026-08-27,0.3054,0.6298,0.0184,0.702
531,531,2026-08-27,0.8587,0.2009,0.1985,0.4038
532,532,2026-08-27,0.8995,0.01,0.0938,0.4624
533,533,2026-08-27,0.3897,0.4035,0.01,0.6828
534,534,2026-08-27,0.8372,0.1128,0.1919,0.3797
535,535,2026-08-27,0.2294,0.01,0.1486,0.3039
536,536,2026-08-27,0.4276,0.3234,0.01,0.4604
537,537,2026-08-27,0.197,0.3798,0.2544,0.4399
538,538,2026-08-27,0.3238,0.2705,0.01,0.407
539,539,2026-08-27,0.4188,0.4962,0.01,0.6127
540,540,2026-08-27,0.2719,0.0876,0.01,0.4702
541,541,2026-08-27,0.2921,0.1953,0.062,0.3712
542,542,2026-08-27,0.0853,0.2657,0.0329,0.4359
543,543,2026-08-27,0.3205,0.0266,0.0435,0.331
544,544,2026-08-27,0.3567,0.1385,0.0308,0.4754
545,545,2026-08-27,0.3062,0.4583,0.0807,0.5591
546,546,2026-08-27,0.4106,0.3908,0.0536,0.6135
547,547,2026-08-27,0.2424,0.4357,0.01,0.4623
548,548,2026-08-27,0.1969,0.1314,0.2868,0.2913
549,549,2026-08-27,0.8247,0.0923,0.2238,0.2672
550,550,2026-08-27,0.3016,0.4597,0.2357,0.5339
551,551,2026-08-27,0.1205,0.3128,0.1835,0.3595
552,552,2026-08-27,0.3513,0.3915,0.01,0.4843
553,553,2026-08-27,0.3257,0.4509,0.01,0.5006
554,554,2026-08-27,0.3452,0.01,0.01,0.319
555,555,2026-08-27,0.2647,0.1552,0.1908,0.3509
556,556,2026-08-27,0.2821,0.4099,0.068,0.6619
557,557,2026-08-27,0.3872,0.3329,0.0354,0.4347
558,558,2026-08-27,0.2174,0.4191,0.1431,0.4616
559,559,2026-08-27,0.0943,0.4504,0.0265,0.5631
560,560,2026-08-27,0.207,0.3434,0.1334,0.4422
561,561,2026-08-27,0.3216,0.01,0.1347,0.3518
562,562,2026-08-27,0.23,0.5302,0.012,0.5961
563,563,2026-08-27,0.2715,0.0587,0.0242,0.3872
564,564,2026-08-27,0.2331,0.349,0.0155,0.4896
565,565,2026-08-27,0.8233,0.173,0.176,0.3521
566,566,2026-08-27,0.99,0.01,0.1602,0.3085
567,567,2026-08-27,0.31,0.0916,0.0374,0.3173
568,568,2026-08-27,0.2286,0.2736,0.01,0.519
569,569,2026-08-27,0.4138,0.3235,0.01,0.5678
570,570,2026-08-27,0.0816,0.3214,0.1239,0.5049
571,571,2026-08-27,0.3175,0.4733,0.0532,0.6649
572,572,2026-08-27,0.3749,0.01,0.2186,0.2414
573,573,2026-08-27,0.1282,0.3144,0.01,0.4691
574,574,2026-08-27,0.3344,0.01,0.1435,0.3329
575,575,2026-08-27,0.2702,0.01,0.245,0.3212
576,576,2026-08-27,0.3496,0.3911,0.0631,0.4701
577,577,2026-08-27,0.2568,0.0951,0.01,0.2995
578,578,2026-08-27,0.0888,0.3712,0.1596,0.4296
579,579,2026-08-27,0.3398,0.1006,0.01,0.4603
580,580,2026-08-27,0.3429,0.4331,0.0541,0.5861
581,581,2026-08-27,0.1696,0.4381,0.2195,0.4398
582,582,2026-08-27,0.1624,0.2754,0.01,0.5043
583,583,2026-08-27,0.3517,0.1052,0.3907,0.3705
584,584,2026-08-27,0.3257,0.4931,0.01,0.5836
585,585,2026-08-27,0.2799,0.057,0.278,0.3202
586,586,2026-08-27,0.0975,0.3836,0.01,0.5073
587,587,2026-08-27,0.2056,0.4532,0.1408,0.5151
588,588,2026-08-27,0.2886,0.4499,0.0831,0.5822
589,589,2026-08-27,0.3361,0.5523,0.1309,0.5385
590,590,2026-08-27,0.3495,0.0958,0.3192,0.3352
591,591,2026-08-27,0.325,0.1046,0.01,0.388
592,592,2026-08-27,0.2747,0.4973,0.1289,0.6278
593,593,2026-08-27,0.2147,0.4424,0.01,0.5289
594,594,2026-08-27,0.1792,0.3838,0.0184,0.5831
595,595,2026-08-27,0.2575,0.2859,0.2136,0.4573
596,596,2026-08-27,0.4311,0.4341,0.0489,0.5081
597,597,2026-08-27,0.9153,0.01,0.2963,0.2905
598,598,2026-08-27,0.2417,0.2662,0.1801,0.3891
599,599,2026-08-27,0.3402,0.01,0.01,0.3358
600,600,2026-08-27,0.227,0.3074,0.0284,0.5012
601,601,2026-08-27,0.3821,0.1674,0.2134,0.324
602,602,2026-08-27,0.3578,0.2464,0.0253,0.4561
603,603,2026-08-27,0.2891,0.0911,0.0976,0.4517
604,604,2026-08-27,0.9835,0.066,0.1384,0.5104
605,605,2026-08-27,0.2517,0.247,0.1616,0.4136
606,606,2026-08-27,0.3183,0.0203,0.01,0.3603
607,607,2026-08-27,0.3806,0.0651,0.0369,0.3403
608,608,2026-08-27,0.2701,0.2826,0.01,0.5206
609,609,2026-08-27,0.7967,0.0576,0.2267,0.1815
610,610,2026-08-27,0.3045,0.5418,0.2343,0.6227
611,611,2026-08-27,0.064,0.2937,0.01,0.4259
612,612,2026-08-27,0.8219,0.0748,0.1479,0.2874
613,613,2026-08-27,0.3917,0.0534,0.0616,0.2037
614,614,2026-08-27,0.4064,0.0548,0.0115,0.3042
615,615,2026-08-27,0.4472,0.389,0.0879,0.4419
616,616,2026-08-27,0.99,0.0489,0.1426,0.283
617,617,2026-08-27,0.7867,0.0224,0.1372,0.2747
618,618,2026-08-27,0.4689,0.405,0.01,0.6085
619,619,2026-08-27,0.2877,0.0241,0.0422,0.4094
620,620,2026-08-27,0.3687,0.1182,0.1292,0.3626
621,621,2026-08-27,0.3432,0.1068,0.0408,0.3234
622,622,2026-08-27,0.1693,0.3848,0.01,0.4742
623,623,2026-08-27,0.3089,0.0399,0.01,0.4382
624,624,2026-08-27,0.341,0.2663,0.1095,0.4507
625,625,2026-08-27,0.3377,0.01,0.1292,0.3655
626,626,2026-08-27,0.3394,0.5762,0.01,0.7287
627,627,2026-08-27,0.4231,0.0741,0.2227,0.356
628,628,2026-08-27,0.2614,0.2046,0.01,0.4783
629,629,2026-08-27,0.1301,0.2934,0.0339,0.4447
630,630,2026-08-27,0.2852,0.1055,0.0772,0.4262
631,631,2026-08-27,0.2306,0.047,0.0111,0.3813
632,632,2026-08-27,0.2627,0.0464,0.07,0.3358
633,633,2026-08-27,0.3455,0.01,0.2576,0.3025
634,634,2026-08-27,0.2776,0.5614,0.01,0.6917
635,635,2026-08-27,0.2014,0.1616,0.1031,0.4215
636,636,2026-08-27,0.2293,0.4796,0.1334,0.5741
637,637,2026-08-27,0.99,0.0442,0.1904,0.2382
638,638,2026-08-27,0.9193,0.0811,0.1756,0.4846
639,639,2026-08-27,0.432,0.01,0.1514,0.2026
640,640,2026-08-27,0.3719,0.0578,0.0314,0.3605
641,641,2026-08-27,0.9513,0.0128,0.3386,0.2158
642,642,2026-08-27,0.2669,0.1107,0.01,0.4767
643,643,2026-08-27,0.0779,0.3748,0.01,0.5417
644,644,2026-08-27,0.3063,0.3786,0.01,0.436
645,645,2026-08-27,0.2275,0.3367,0.1304,0.4563
646,646,2026-08-27,0.4641,0.0357,0.0405,0.3352
647,647,2026-08-27,0.1056,0.1015,0.1628,0.4371
648,648,2026-08-27,0.2505,0.3477,0.1783,0.438
649,649,2026-08-27,0.8971,0.01,0.1455,0.2848
650,650,2026-08-27,0.1704,0.2224,0.01,0.4654
651,651,2026-08-27,0.2987,0.5358,0.01,0.5528
652,652,2026-08-27,0.4049,0.067,0.01,0.4272
653,653,2026-08-27,0.9436,0.0143,0.0755,0.3304
654,654,2026-08-27,0.2493,0.4612,0.0538,0.5357
655,655,2026-08-27,0.2191,0.1305,0.01,0.4175
656,656,2026-08-27,0.3804,0.5967,0.01,0.7341
657,657,2026-08-27,0.3851,0.2325,0.128,0.4761
658,658,2026-08-27,0.3396,0.4279,0.01,0.5428
659,659,2026-08-27,0.1355,0.3486,0.057,0.4021
660,660,2026-08-27,0.3908,0.3563,0.2807,0.4354
661,661,2026-08-27,0.2865,0.4864,0.0148,0.5754
662,662,2026-08-27,0.3794,0.1534,0.1259,0.397
663,663,2026-08-27,0.1505,0.4296,0.01,0.5332
664,664,2026-08-27,0.1921,0.1896,0.01,0.4223
665,665,2026-08-27,0.3025,0.3109,0.2334,0.4997
666,666,2026-08-27,0.99,0.01,0.167,0.3044
667,667,2026-08-27,0.2872,0.1523,0.0643,0.4661
668,668,2026-08-27,0.2875,0.0752,0.0122,0.4031
669,669,2026-08-27,0.1748,0.5354,0.2143,0.4909
670,670,2026-08-27,0.2445,0.4637,0.0146,0.5763
671,671,2026-08-27,0.3669,0.1513,0.1745,0.4486
672,672,2026-08-27,0.0523,0.3762,0.01,0.5139
673,673,2026-08-27,0.254,0.132,0.1828,0.2484
674,674,2026-08-27,0.8345,0.0441,0.132,0.306
675,675,2026-08-27,0.0927,0.3912,0.1081,0.4932
676,676,2026-08-27,0.3918,0.3298,0.088,0.5722
677,677,2026-08-27,0.3968,0.0314,0.01,0.3782
678,678,2026-08-27,0.2268,0.3413,0.01,0.4223
679,679,2026-08-27,0.3208,0.1757,0.01,0.454
680,680,2026-08-27,0.3716,0.3087,0.1025,0.5823
681,681,2026-08-27,0.3651,0.1421,0.3985,0.444
682,682,2026-08-27,0.2957,0.4897,0.01,0.5119
683,683,2026-08-27,0.3254,0.0421,0.1138,0.362
684,684,2026-08-27,0.3321,0.6058,0.01,0.7376
685,685,2026-08-27,0.1426,0.3769,0.0337,0.4668
686,686,2026-08-27,0.2257,0.5626,0.0419,0.6404
687,687,2026-08-27,0.2821,0.4946,0.0634,0.5885
688,688,2026-08-27,0.4077,0.01,0.0134,0.2684
689,689,2026-08-27,0.856,0.1013,0.1376,0.256
690,690,2026-08-27,0.1461,0.312,0.01,0.4418
691,691,2026-08-27,0.3576,0.4611,0.0302,0.5109
692,692,2026-08-27,0.3487,0.0877,0.1659,0.2573
693,693,2026-08-27,0.2303,0.4444,0.0641,0.5953
694,694,2026-08-27,0.2654,0.5071,0.1697,0.5412
695,695,2026-08-27,0.3272,0.1066,0.0177,0.4095
696,696,2026-08-27,0.1886,0.2885,0.03,0.4097
697,697,2026-08-27,0.8174,0.02,0.1308,0.2695
698,698,2026-08-27,0.062,0.4017,0.1316,0.4504
699,699,2026-08-27,0.9845,0.0578,0.234,0.3776
700,700,2026-08-27,0.2075,0.4716,0.1546,0.5672
701,701,2026-08-27,0.2591,0.405,0.0289,0.4525
702,702,2026-08-27,0.4661,0.4215,0.01,0.6616
703,703,2026-08-27,0.263,0.3989,0.01,0.5272
704,704,2026-08-27,0.4539,0.077,0.01,0.4706
705,705,2026-08-27,0.2792,0.399,0.1232,0.4835
706,706,2026-08-27,0.3327,0.2627,0.0502,0.6047
707,707,2026-08-27,0.3647,0.0528,0.0929,0.3112
708,708,2026-08-27,0.3518,0.1117,0.01,0.4125
709,709,2026-08-27,0.322,0.3755,0.1265,0.5938
710,710,2026-08-27,0.1203,0.3501,0.0357,0.4699
711,711,2026-08-27,0.2507,0.0243,0.01,0.3674
712,712,2026-08-27,0.9058,0.0254,0.1537,0.2416
713,713,2026-08-27,0.3939,0.1322,0.0836,0.4059
714,714,2026-08-27,0.4357,0.0903,0.1167,0.4198
715,715,2026-08-27,0.492,0.01,0.0683,0.1659
716,716,2026-08-27,0.2806,0.4013,0.011,0.6062
717,717,2026-08-27,0.1384,0.3155,0.01,0.4672
718,718,2026-08-27,0.2624,0.0953,0.1778,0.2866
719,719,2026-08-27,0.847,0.01,0.1463,0.3315
720,720,2026-08-27,0.3688,0.085,0.1978,0.3179
721,721,2026-08-27,0.1605,0.3906,0.1129,0.5314
722,722,2026-08-27,0.2691,0.5035,0.01,0.6381
723,723,2026-08-27,0.1142,0.2322,0.223,0.3372
724,724,2026-08-27,0.355,0.0669,0.0935,0.4304
725,725,2026-08-27,0.3003,0.0458,0.1242,0.3678
726,726,2026-08-27,0.1894,0.2069,0.1356,0.423
727,727,2026-08-27,0.2747,0.2807,0.1357,0.5264
728,728,2026-08-27,0.2376,0.1397,0.0236,0.4338
729,729,2026-08-27,0.3185,0.4239,0.01,0.5295
730,730,2026-08-27,0.2855,0.362,0.01,0.4797
731,731,2026-08-27,0.2084,0.4792,0.1,0.5536
732,732,2026-08-27,0.3909,0.1406,0.2371,0.2964
733,733,2026-08-27,0.112,0.4686,0.01,0.602
734,734,2026-08-27,0.338,0.4475,0.1123,0.6054
735,735,2026-08-27,0.2961,0.141,0.3191,0.3324
736,736,2026-08-27,0.9264,0.0493,0.1837,0.279
737,737,2026-08-27,0.3392,0.4816,0.0795,0.6642
738,738,2026-08-27,0.2106,0.5287,0.0171,0.5596
739,739,2026-08-27,0.3785,0.4734,0.01,0.5141
740,740,2026-08-27,0.3624,0.5505,0.01,0.6764
741,741,2026-08-27,0.146,0.3715,0.0774,0.5204
742,742,2026-08-27,0.1914,0.3996,0.2152,0.4854
743,743,2026-08-27,0.3073,0.0781,0.2345,0.3366
744,744,2026-08-27,0.2753,0.2028,0.2433,0.3529
745,745,2026-08-27,0.1602,0.3602,0.1087,0.5379
746,746,2026-08-27,0.1022,0.3324,0.0102,0.4838
747,747,2026-08-27,0.2857,0.4472,0.01,0.6735
748,748,2026-08-27,0.3469,0.4524,0.0269,0.5966
749,749,2026-08-27,0.425,0.1526,0.0949,0.5136
750,750,2026-08-27,0.2968,0.1391,0.01,0.4362
751,751,2026-08-27,0.2691,0.5886,0.01,0.5815
752,752,2026-08-27,0.2416,0.539,0.01,0.6409
753,753,2026-08-27,0.4253,0.4626,0.01,0.5659
754,754,2026-08-27,0.1916,0.3624,0.048,0.5207
755,755,2026-08-27,0.9631,0.01,0.1816,0.5102
756,756,2026-08-27,0.2793,0.5291,0.01,0.5263
757,757,2026-08-27,0.3164,0.5548,0.01,0.7515
758,758,2026-08-27,0.3004,0.0597,0.059,0.3505
759,759,2026-08-27,0.1458,0.1343,0.0899,0.4388
760,760,2026-08-27,0.2326,0.2746,0.0655,0.4431
761,761,2026-08-27,0.9592,0.1373,0.0805,0.3088
762,762,2026-08-27,0.3779,0.3174,0.0884,0.5773
763,763,2026-08-27,0.295,0.3683,0.1557,0.4827
764,764,2026-08-27,0.2608,0.1411,0.0304,0.4917
765,765,2026-08-27,0.2893,0.0982,0.0366,0.4136
766,766,2026-08-27,0.2041,0.0428,0.01,0.4006
767,767,2026-08-27,0.4238,0.4173,0.0358,0.506
768,768,2026-08-27,0.4093,0.24,0.1798,0.5118
769,769,2026-08-27,0.3563,0.2144,0.225,0.4051
770,770,2026-08-27,0.1537,0.3882,0.0359,0.4075
771,771,2026-08-27,0.4269,0.4111,0.0401,0.5625
772,772,2026-08-27,0.1777,0.2716,0.0115,0.5019
773,773,2026-08-27,0.0908,0.4254,0.2094,0.526
774,774,2026-08-27,0.3877,0.0844,0.0195,0.2994
775,775,2026-08-27,0.2023,0.1998,0.17,0.3576
776,776,2026-08-27,0.3557,0.1309,0.1759,0.3217
777,777,2026-08-27,0.259,0.3213,0.01,0.5156
778,778,2026-08-27,0.2969,0.5626,0.0481,0.5909
779,779,2026-08-27,0.332,0.0992,0.2251,0.4164
780,780,2026-08-27,0.3604,0.01,0.01,0.362
781,781,2026-08-27,0.3588,0.5606,0.0743,0.7569
782,782,2026-08-27,0.3167,0.0692,0.1415,0.2697
783,783,2026-08-27,0.2676,0.4667,0.01,0.6401
784,784,2026-08-27,0.1032,0.5987,0.0155,0.689
785,785,2026-08-27,0.2948,0.1559,0.01,0.3824
786,786,2026-08-27,0.2972,0.5032,0.0122,0.642
787,787,2026-08-27,0.3191,0.2028,0.0788,0.3794
788,788,2026-08-27,0.2297,0.5713,0.01,0.7029
789,789,2026-08-27,0.352,0.1288,0.1702,0.4038
790,790,2026-08-27,0.1345,0.3284,0.106,0.369
791,791,2026-08-27,0.3025,0.5267,0.121,0.5767
792,792,2026-08-27,0.3434,0.5205,0.01,0.6547
793,793,2026-08-27,0.3049,0.5432,0.076,0.6436
794,794,2026-08-27,0.2209,0.1676,0.0225,0.4526
795,795,2026-08-27,0.2362,0.2059,0.01,0.4585
796,796,2026-08-27,0.41,0.5409,0.0112,0.7735
797,797,2026-08-27,0.2132,0.1553,0.2337,0.3267
798,798,2026-08-27,0.205,0.3991,0.0372,0.4941
799,799,2026-08-27,0.8678,0.0125,0.0894,0.2888
800,800,2026-08-27,0.8486,0.01,0.1555,0.3508
801,801,2026-08-27,0.8081,0.058,0.0964,0.3381
802,802,2026-08-27,0.3237,0.4188,0.01,0.5776
803,803,2026-08-27,0.3507,0.0171,0.1243,0.33
804,804,2026-08-27,0.2274,0.3829,0.01,0.5674
805,805,2026-08-27,0.2063,0.4212,0.0421,0.6352
806,806,2026-08-27,0.2157,0.5029,0.0549,0.5934
807,807,2026-08-27,0.8577,0.01,0.2449,0.1746
808,808,2026-08-27,0.2012,0.3535,0.1058,0.5241
809,809,2026-08-27,0.0631,0.323,0.01,0.4165
810,810,2026-08-27,0.277,0.0579,0.0952,0.3773
811,811,2026-08-27,0.2214,0.4411,0.12,0.6029
812,812,2026-08-27,0.2825,0.0469,0.1839,0.3095
813,813,2026-08-27,0.3717,0.0195,0.2276,0.3552
814,814,2026-08-27,0.1782,0.297,0.1611,0.4439
815,815,2026-08-27,0.3193,0.0331,0.1717,0.3313
816,816,2026-08-27,0.325,0.1274,0.0453,0.4598
817,817,2026-08-27,0.331,0.083,0.01,0.3652
818,818,2026-08-27,0.1042,0.3051,0.01,0.4754
819,819,2026-08-27,0.1922,0.4201,0.01,0.6075
820,820,2026-08-27,0.3293,0.5007,0.0659,0.5398
821,821,2026-08-27,0.355,0.0619,0.4406,0.3246
822,822,2026-08-27,0.1893,0.3085,0.01,0.4663
823,823,2026-08-27,0.3149,0.3653,0.1091,0.5685
824,824,2026-08-27,0.99,0.0474,0.1732,0.2593
825,825,2026-08-27,0.3429,0.209,0.0262,0.3994
826,826,2026-08-27,0.132,0.175,0.01,0.3668
827,827,2026-08-27,0.1352,0.4999,0.1645,0.5061
828,828,2026-08-27,0.2846,0.5242,0.0458,0.5388
829,829,2026-08-27,0.3482,0.2052,0.2477,0.3103
830,830,2026-08-27,0.3328,0.5314,0.0903,0.5889
831,831,2026-08-27,0.0719,0.3381,0.01,0.5212
832,832,2026-08-27,0.1398,0.3851,0.01,0.5118
833,833,2026-08-27,0.284,0.3342,0.01,0.5551
834,834,2026-08-27,0.9252,0.079,0.2584,0.2339
835,835,2026-08-27,0.825,0.0598,0.1136,0.2453
836,836,2026-08-27,0.1485,0.3872,0.1031,0.4735
837,837,2026-08-27,0.7992,0.0686,0.3248,0.1798
838,838,2026-08-27,0.4625,0.1085,0.01,0.3324
839,839,2026-08-27,0.2791,0.5025,0.3354,0.4996
840,840,2026-08-27,0.1265,0.4549,0.1193,0.4663
841,841,2026-08-27,0.2279,0.2387,0.2002,0.3981
842,842,2026-08-27,0.2837,0.1152,0.1752,0.2471
843,843,2026-08-27,0.2144,0.3635,0.01,0.4429
844,844,2026-08-27,0.3673,0.5531,0.3679,0.6287
845,845,2026-08-27,0.2419,0.1303,0.2619,0.4293
846,846,2026-08-27,0.4875,0.0892,0.1641,0.3881
847,847,2026-08-27,0.3583,0.3552,0.111,0.5373
848,848,2026-08-27,0.8609,0.2254,0.3661,0.2913
849,849,2026-08-27,0.2625,0.4556,0.1319,0.6144
850,850,2026-08-27,0.2351,0.0887,0.1781,0.2995
851,851,2026-08-27,0.3688,0.2891,0.0692,0.531
852,852,2026-08-27,0.3101,0.4461,0.0826,0.6002
853,853,2026-08-27,0.285,0.0717,0.01,0.3575
854,854,2026-08-27,0.3116,0.0677,0.0557,0.3975
855,855,2026-08-27,0.2222,0.394,0.0517,0.5187
856,856,2026-08-27,0.0972,0.3604,0.01,0.486
857,857,2026-08-27,0.8301,0.0723,0.1821,0.2786
858,858,2026-08-27,0.3794,0.0892,0.01,0.4533
859,859,2026-08-27,0.4167,0.4661,0.1688,0.6362
860,860,2026-08-27,0.1213,0.5039,0.2085,0.456
861,861,2026-08-27,0.9019,0.1046,0.1564,0.2902
862,862,2026-08-27,0.8846,0.0891,0.2014,0.2944
863,863,2026-08-27,0.2751,0.1964,0.01,0.3715
864,864,2026-08-27,0.235,0.3916,0.0283,0.5086
865,865,2026-08-27,0.2812,0.1152,0.0318,0.4288
866,866,2026-08-27,0.3402,0.136,0.01,0.4343
867,867,2026-08-27,0.3611,0.2214,0.0715,0.4774
868,868,2026-08-27,0.3933,0.01,0.193,0.3281
869,869,2026-08-27,0.1727,0.1782,0.2803,0.3104
870,870,2026-08-27,0.3505,0.3809,0.01,0.5343
871,871,2026-08-27,0.9532,0.0783,0.115,0.4972
872,872,2026-08-27,0.1538,0.0616,0.046,0.372
873,873,2026-08-27,0.3498,0.1032,0.01,0.3377
874,874,2026-08-27,0.4397,0.4189,0.01,0.664
875,875,2026-08-27,0.8751,0.039,0.1899,0.2802
876,876,2026-08-27,0.2862,0.1688,0.1599,0.353
877,877,2026-08-27,0.2564,0.7496,0.0816,0.7369
878,878,2026-08-27,0.1676,0.6592,0.2011,0.6285
879,879,2026-08-27,0.1485,0.4069,0.0223,0.5962
880,880,2026-08-27,0.0491,0.3926,0.2575,0.4037
881,881,2026-08-27,0.3241,0.4234,0.2132,0.5446
882,882,2026-08-27,0.1381,0.3434,0.01,0.505
883,883,2026-08-27,0.3073,0.1647,0.01,0.481
884,884,2026-08-27,0.066,0.3504,0.0697,0.4352
885,885,2026-08-27,0.2621,0.4793,0.01,0.5722
886,886,2026-08-27,0.2447,0.5048,0.0211,0.5966
887,887,2026-08-27,0.3205,0.4044,0.2,0.5668
888,888,2026-08-27,0.3434,0.2544,0.2323,0.3534
889,889,2026-08-27,0.3239,0.545,0.1439,0.5948
890,890,2026-08-27,0.8914,0.0574,0.1272,0.2795
891,891,2026-08-27,0.3291,0.5389,0.0279,0.684
892,892,2026-08-27,0.3366,0.01,0.2294,0.1981
893,893,2026-08-27,0.3503,0.4846,0.01,0.5119
894,894,2026-08-27,0.2358,0.3218,0.0711,0.4989
895,895,2026-08-27,0.9117,0.01,0.2366,0.2401
896,896,2026-08-27,0.2838,0.2836,0.01,0.4941
897,897,2026-08-27,0.3133,0.5363,0.0449,0.6173
898,898,2026-08-27,0.3083,0.4885,0.1001,0.5132
899,899,2026-08-27,0.2313,0.3566,0.0287,0.5107
900,900,2026-08-27,0.1919,0.2893,0.0503,0.4464
901,901,2026-08-27,0.2569,0.3225,0.3094,0.4232
902,902,2026-08-27,0.3176,0.4589,0.0807,0.5012
903,903,2026-08-27,0.1772,0.2737,0.1821,0.3492
904,904,2026-08-27,0.1098,0.4014,0.01,0.4751
905,905,2026-08-27,0.3828,0.1094,0.01,0.4667
906,906,2026-08-27,0.8912,0.01,0.2205,0.141
907,907,2026-08-27,0.2182,0.4389,0.0287,0.6059
908,908,2026-08-27,0.1883,0.4193,0.1365,0.5533
909,909,2026-08-27,0.3995,0.4361,0.0319,0.5155
910,910,2026-08-27,0.3089,0.4136,0.01,0.5771
911,911,2026-08-27,0.3063,0.01,0.1231,0.2617
912,912,2026-08-27,0.2751,0.0887,0.1377,0.4191
913,913,2026-08-27,0.4048,0.1563,0.2471,0.3691
914,914,2026-08-27,0.3107,0.2264,0.0981,0.3931
915,915,2026-08-27,0.2517,0.1465,0.1123,0.4024
916,916,2026-08-27,0.3639,0.0875,0.1628,0.3362
917,917,2026-08-27,0.1953,0.2711,0.01,0.4147
918,918,2026-08-27,0.2411,0.3393,0.0952,0.5788
919,919,2026-08-27,0.3765,0.5058,0.0789,0.6895
920,920,2026-08-27,0.2264,0.3927,0.2024,0.4936
921,921,2026-08-27,0.3538,0.2406,0.1764,0.4922
922,922,2026-08-27,0.2894,0.0534,0.01,0.3699
923,923,2026-08-27,0.3122,0.4475,0.2813,0.5912
924,924,2026-08-27,0.1498,0.313,0.01,0.4634
925,925,2026-08-27,0.4319,0.5545,0.106,0.5477
926,926,2026-08-27,0.3133,0.5551,0.01,0.5727
927,927,2026-08-27,0.277,0.4216,0.1205,0.6055
928,928,2026-08-27,0.3779,0.01,0.0845,0.3881
929,929,2026-08-27,0.2249,0.1817,0.01,0.5078
930,930,2026-08-27,0.9297,0.0862,0.2449,0.2919
931,931,2026-08-27,0.2482,0.5574,0.1433,0.6542
932,932,2026-08-27,0.4288,0.3342,0.01,0.5555
933,933,2026-08-27,0.2996,0.4756,0.2154,0.5166
934,934,2026-08-27,0.3691,0.1947,0.1962,0.3858
935,935,2026-08-27,0.4124,0.0161,0.1793,0.2776
936,936,2026-08-27,0.4591,0.4179,0.01,0.6741
937,937,2026-08-27,0.208,0.021,0.2066,0.2684
938,938,2026-08-27,0.3366,0.1006,0.1765,0.4441
939,939,2026-08-27,0.3844,0.1298,0.0354,0.4166
940,940,2026-08-27,0.2205,0.1532,0.0447,0.42
941,941,2026-08-27,0.2958,0.5843,0.023,0.6182
942,942,2026-08-27,0.2744,0.059,0.1398,0.3947
943,943,2026-08-27,0.2449,0.3306,0.0461,0.5365
944,944,2026-08-27,0.3238,0.523,0.0173,0.6909
945,945,2026-08-27,0.3051,0.5842,0.0794,0.6441
946,946,2026-08-27,0.3841,0.571,0.01,0.574
947,947,2026-08-27,0.8566,0.1453,0.1362,0.3659
948,948,2026-08-27,0.3398,0.0657,0.01,0.3606
949,949,2026-08-27,0.4492,0.01,0.01,0.36
950,950,2026-08-27,0.2871,0.423,0.01,0.5382
951,951,2026-08-27,0.1921,0.3798,0.3937,0.3674
952,952,2026-08-27,0.2929,0.4929,0.1112,0.569
953,953,2026-08-27,0.2439,0.3439,0.0829,0.4163
954,954,2026-08-27,0.3426,0.5355,0.01,0.6495
955,955,2026-08-27,0.4419,0.01,0.2014,0.1734
956,956,2026-08-27,0.4118,0.1479,0.01,0.4899
957,957,2026-08-27,0.326,0.01,0.01,0.3162
958,958,2026-08-27,0.1327,0.5249,0.01,0.6127
959,959,2026-08-27,0.1865,0.3791,0.0133,0.5357
960,960,2026-08-27,0.0628,0.3618,0.01,0.4933
961,961,2026-08-27,0.2094,0.275,0.1291,0.3811
962,962,2026-08-27,0.4035,0.5988,0.0176,0.7896
963,963,2026-08-27,0.3698,0.0762,0.2228,0.2942
964,964,2026-08-27,0.3725,0.01,0.2495,0.3666
965,965,2026-08-27,0.2423,0.1156,0.191,0.3731
966,966,2026-08-27,0.2965,0.4462,0.01,0.5312
967,967,2026-08-27,0.3339,0.144,0.0368,0.4365
968,968,2026-08-27,0.3826,0.4664,0.0529,0.502
969,969,2026-08-27,0.2248,0.2642,0.2606,0.3727
970,970,2026-08-27,0.4099,0.4426,0.01,0.6511
971,971,2026-08-27,0.234,0.4471,0.0793,0.5448
972,972,2026-08-27,0.2465,0.1229,0.1787,0.2941
973,973,2026-08-27,0.2728,0.3267,0.222,0.5111
974,974,2026-08-27,0.2604,0.2825,0.2215,0.4907
975,975,2026-08-27,0.2223,0.3278,0.0214,0.5844
976,976,2026-08-27,0.121,0.463,0.1791,0.5174
977,977,2026-08-27,0.0996,0.4339,0.01,0.5374
978,978,2026-08-27,0.385,0.3009,0.1398,0.4913
979,979,2026-08-27,0.2348,0.4442,0.01,0.483
980,980,2026-08-27,0.3209,0.3242,0.01,0.507
981,981,2026-08-27,0.4005,0.178,0.01,0.3605
982,982,2026-08-27,0.5043,0.173,0.0136,0.4403
983,983,2026-08-27,0.9083,0.0261,0.0874,0.263
984,984,2026-08-27,0.1325,0.4711,0.1802,0.5346
985,985,2026-08-27,0.3445,0.4419,0.01,0.4962
986,986,2026-08-27,0.3367,0.01,0.1047,0.2875
987,987,2026-08-27,0.3743,0.5557,0.0104,0.645
988,988,2026-08-27,0.3033,0.1218,0.0184,0.4111
989,989,2026-08-27,0.4198,0.4966,0.205,0.5581
990,990,2026-08-27,0.2671,0.0819,0.1797,0.296
991,991,2026-08-27,0.1402,0.3051,0.01,0.4939
992,992,2026-08-27,0.8523,0.1436,0.1647,0.3391
993,993,2026-08-27,0.3394,0.01,0.0578,0.2937
994,994,2026-08-27,0.2109,0.5165,0.01,0.6363
995,995,2026-08-27,0.3621,0.01,0.01,0.3231
996,996,2026-08-27,0.291,0.4707,0.0946,0.5795
997,997,2026-08-27,0.1592,0.3092,0.2127,0.4497
998,998,2026-08-27,0.3182,0.1488,0.1434,0.3583
999,999,2026-08-27,0.2601,0.0784,0.0762,0.411
1000,1000,2026-08-27,0.3369,0.5496,0.01,0.6099
1001,1001,2026-08-27,0.1585,0.1977,0.193,0.3898
1002,1002,2026-08-27,0.4046,0.4305,0.01,0.7087
1003,1003,2026-08-27,0.1362,0.402,0.01,0.5246
1004,1004,2026-08-27,0.3905,0.3575,0.01,0.4431
1005,1005,2026-08-27,0.1851,0.4381,0.277,0.5535
1006,1006,2026-08-27,0.3093,0.5539,0.01,0.6445
1007,1007,2026-08-27,0.3886,0.01,0.1166,0.2572
1008,1008,2026-08-27,0.3982,0.2995,0.1764,0.5254
1009,1009,2026-08-27,0.8955,0.1552,0.2553,0.3402
1010,1010,2026-08-27,0.1902,0.5488,0.01,0.6234
1011,1011,2026-08-27,0.9038,0.0488,0.2128,0.2822
1012,1012,2026-08-27,0.1342,0.3997,0.01,0.5275
1013,1013,2026-08-27,0.1702,0.2576,0.01,0.4205
1014,1014,2026-08-27,0.3434,0.0756,0.4174,0.1156
1015,1015,2026-08-27,0.3548,0.4584,0.01,0.5598
1016,1016,2026-08-27,0.3647,0.4275,0.0379,0.5172
1017,1017,2026-08-27,0.9058,0.0143,0.1357,0.3943
1018,1018,2026-08-27,0.3637,0.0476,0.0112,0.3982
1019,1019,2026-08-27,0.1078,0.3913,0.1913,0.4688
1020,1020,2026-08-27,0.4345,0.4537,0.01,0.5906
1021,1021,2026-08-27,0.344,0.01,0.0549,0.3559
1022,1022,2026-08-27,0.8365,0.0347,0.1749,0.2516
1023,1023,2026-08-27,0.2463,0.01,0.0417,0.3479
1024,1024,2026-08-27,0.1302,0.5351,0.1232,0.5469
1025,1025,2026-08-27,0.9274,0.01,0.1965,0.3135
1026,1026,2026-08-27,0.287,0.4393,0.01,0.6107
1027,1027,2026-08-27,0.2621,0.1097,0.0781,0.2992
1028,1028,2026-08-27,0.3911,0.6154,0.01,0.657
1029,1029,2026-08-27,0.8623,0.1051,0.1256,0.2764
1030,1030,2026-08-27,0.3715,0.438,0.0298,0.5836
1031,1031,2026-08-27,0.1611,0.3213,0.168,0.3452
1032,1032,2026-08-27,0.9566,0.011,0.0713,0.3508
1033,1033,2026-08-27,0.209,0.3803,0.01,0.5028
1034,1034,2026-08-27,0.2842,0.1226,0.01,0.4147
1035,1035,2026-08-27,0.3903,0.4578,0.0171,0.6108
1036,1036,2026-08-27,0.7954,0.1701,0.1453,0.4008
1037,1037,2026-08-27,0.3142,0.4545,0.2335,0.5502
1038,1038,2026-08-27,0.2678,0.4818,0.2004,0.6009
1039,1039,2026-08-27,0.3692,0.2767,0.1911,0.4954
1040,1040,2026-08-27,0.1991,0.2343,0.0218,0.4664
1041,1041,2026-08-27,0.3322,0.0849,0.1119,0.3988
1042,1042,2026-08-27,0.8403,0.01,0.1798,0.2548
1043,1043,2026-08-27,0.9728,0.0274,0.153,0.5148
1044,1044,2026-08-27,0.9765,0.01,0.3276,0.2288
1045,1045,2026-08-27,0.2532,0.387,0.2556,0.4892
1046,1046,2026-08-27,0.2672,0.3687,0.1482,0.486
1047,1047,2026-08-27,0.3127,0.3038,0.0302,0.4547
1048,1048,2026-08-27,0.392,0.03,0.1468,0.3217
1049,1049,2026-08-27,0.2196,0.0671,0.01,0.317
1050,1050,2026-08-27,0.2407,0.4426,0.01,0.51
1051,1051,2026-08-27,0.972,0.0499,0.1797,0.2811
1052,1052,2026-08-27,0.2751,0.2161,0.0531,0.495
1053,1053,2026-08-27,0.2408,0.4401,0.1856,0.4737
1054,1054,2026-08-27,0.2661,0.2623,0.2851,0.4902
1055,1055,2026-08-27,0.33,0.4764,0.0748,0.6258
1056,1056,2026-08-27,0.9355,0.01,0.1141,0.2112
1057,1057,2026-08-27,0.4071,0.01,0.092,0.3055
1058,1058,2026-08-27,0.3216,0.3083,0.01,0.4885
1059,1059,2026-08-27,0.1213,0.4989,0.0837,0.5698
1060,1060,2026-08-27,0.9366,0.1533,0.144,0.4272
1061,1061,2026-08-27,0.3902,0.01,0.0507,0.3098
1062,1062,2026-08-27,0.1772,0.4309,0.0238,0.5368
1063,1063,2026-08-27,0.2987,0.3871,0.01,0.6063
1064,1064,2026-08-27,0.2426,0.3999,0.2421,0.3972
1065,1065,2026-08-27,0.3071,0.4755,0.1989,0.5824
1066,1066,2026-08-27,0.3299,0.1095,0.01,0.3895
1067,1067,2026-08-27,0.1987,0.4805,0.01,0.6336
1068,1068,2026-08-27,0.8807,0.0116,0.1101,0.2536
1069,1069,2026-08-27,0.2758,0.2391,0.1991,0.4979
1070,1070,2026-08-27,0.2327,0.4005,0.01,0.6473
1071,1071,2026-08-27,0.4042,0.0749,0.0563,0.4103
1072,1072,2026-08-27,0.1458,0.3428,0.01,0.5287
1073,1073,2026-08-27,0.3673,0.3969,0.01,0.5279
1074,1074,2026-08-27,0.291,0.0263,0.0808,0.2842
1075,1075,2026-08-27,0.3239,0.0921,0.0259,0.516
1076,1076,2026-08-27,0.3951,0.5115,0.01,0.7251
1077,1077,2026-08-27,0.1029,0.3762,0.0584,0.5508
1078,1078,2026-08-27,0.1852,0.4425,0.01,0.5056
1079,1079,2026-08-27,0.01,0.4169,0.01,0.4688
1080,1080,2026-08-27,0.3703,0.3762,0.2142,0.6306
1081,1081,2026-08-27,0.2584,0.3444,0.01,0.4098
1082,1082,2026-08-27,0.3847,0.01,0.2697,0.2229
1083,1083,2026-08-27,0.2458,0.1867,0.1062,0.4179
1084,1084,2026-08-27,0.3107,0.1101,0.01,0.4505
1085,1085,2026-08-27,0.3753,0.01,0.01,0.2901
1086,1086,2026-08-27,0.8471,0.01,0.1977,0.4607
1087,1087,2026-08-27,0.5115,0.01,0.0637,0.3234
1088,1088,2026-08-27,0.3461,0.01,0.01,0.3061
1089,1089,2026-08-27,0.1387,0.3678,0.01,0.4962
1090,1090,2026-08-27,0.45,0.3469,0.01,0.5469
1091,1091,2026-08-27,0.2789,0.4485,0.1325,0.4977
1092,1092,2026-08-27,0.99,0.0781,0.0914,0.3092
1093,1093,2026-08-27,0.4533,0.3341,0.01,0.4629
1094,1094,2026-08-27,0.2469,0.5376,0.1759,0.547
1095,1095,2026-08-27,0.1344,0.3934,0.01,0.5276
1096,1096,2026-08-27,0.3465,0.4915,0.0443,0.6217
1097,1097,2026-08-27,0.3119,0.4144,0.01,0.4658
1098,1098,2026-08-27,0.2635,0.1096,0.0644,0.4078
1099,1099,2026-08-27,0.2682,0.0809,0.01,0.4397
1100,1100,2026-08-27,0.3486,0.359,0.01,0.5487
1101,1101,2026-08-27,0.1971,0.3179,0.0722,0.4638
1102,1102,2026-08-27,0.2939,0.5047,0.0553,0.5988
1103,1103,2026-08-27,0.4604,0.0757,0.01,0.2876
1104,1104,2026-08-27,0.3535,0.2581,0.0245,0.5351
1105,1105,2026-08-27,0.3412,0.1606,0.0195,0.462
1106,1106,2026-08-27,0.3958,0.209,0.01,0.6042
1107,1107,2026-08-27,0.2703,0.126,0.0603,0.4288
1108,1108,2026-08-27,0.3534,0.5057,0.01,0.67
1109,1109,2026-08-27,0.2843,0.0978,0.1316,0.3165
1110,1110,2026-08-27,0.2216,0.3915,0.01,0.5086
1111,1111,2026-08-27,0.2564,0.4144,0.01,0.5104
1112,1112,2026-08-27,0.3333,0.3023,0.01,0.5895
1113,1113,2026-08-27,0.0901,0.3482,0.0381,0.4895
1114,1114,2026-08-27,0.3499,0.1801,0.181,0.407
1115,1115,2026-08-27,0.2736,0.171,0.0478,0.4018
1116,1116,2026-08-27,0.1866,0.1785,0.0537,0.4207
1117,1117,2026-08-27,0.2622,0.1911,0.2537,0.4549
1118,1118,2026-08-27,0.3433,0.107,0.01,0.3667
1119,1119,2026-08-27,0.343,0.405,0.0945,0.5267
1120,1120,2026-08-27,0.3711,0.0815,0.01,0.3051
1121,1121,2026-08-27,0.9551,0.255,0.133,0.435
1122,1122,2026-08-27,0.2269,0.2039,0.0748,0.4106
1123,1123,2026-08-27,0.253,0.01,0.01,0.4193
1124,1124,2026-08-27,0.3256,0.5078,0.1315,0.5648
1125,1125,2026-08-27,0.3829,0.5833,0.01,0.7332
1126,1126,2026-08-27,0.1793,0.3922,0.01,0.4894
1127,1127,2026-08-27,0.1587,0.4475,0.0525,0.5644
1128,1128,2026-08-27,0.8515,0.0536,0.1889,0.3191
1129,1129,2026-08-27,0.8882,0.1054,0.1176,0.3238
1130,1130,2026-08-27,0.2294,0.0817,0.01,0.3514
1131,1131,2026-08-27,0.3023,0.0111,0.0119,0.2868
1132,1132,2026-08-27,0.1085,0.4528,0.2084,0.5021
1133,1133,2026-08-27,0.1696,0.2738,0.01,0.4973
1134,1134,2026-08-27,0.9484,0.01,0.1712,0.2931
1135,1135,2026-08-27,0.2392,0.0542,0.0239,0.2746
1136,1136,2026-08-27,0.2919,0.363,0.1935,0.4712
1137,1137,2026-08-27,0.1782,0.3657,0.2395,0.4574
1138,1138,2026-08-27,0.2761,0.4796,0.1732,0.589
1139,1139,2026-08-27,0.2936,0.0657,0.1151,0.3194
1140,1140,2026-08-27,0.8763,0.01,0.1893,0.2883
1141,1141,2026-08-27,0.2699,0.4276,0.1184,0.5944
1142,1142,2026-08-27,0.368,0.01,0.0679,0.2939
1143,1143,2026-08-27,0.4927,0.1136,0.0541,0.451
1144,1144,2026-08-27,0.2748,0.0277,0.1148,0.2772
1145,1145,2026-08-27,0.4537,0.4023,0.0185,0.625
1146,1146,2026-08-27,0.3238,0.3982,0.01,0.5605
1147,1147,2026-08-27,0.8996,0.113,0.1686,0.5146
1148,1148,2026-08-27,0.4519,0.1893,0.0307,0.4407
1149,1149,2026-08-27,0.1124,0.4841,0.01,0.593
1150,1150,2026-08-27,0.4661,0.1395,0.2213,0.389
1151,1151,2026-08-27,0.357,0.3657,0.01,0.4842
1152,1152,2026-08-27,0.2906,0.0495,0.01,0.4723
1153,1153,2026-08-27,0.3253,0.0343,0.0901,0.3849
1154,1154,2026-08-27,0.2269,0.3878,0.01,0.485
1155,1155,2026-08-27,0.1562,0.3396,0.1335,0.4468
1156,1156,2026-08-27,0.2167,0.2454,0.0916,0.4936
1157,1157,2026-08-27,0.2868,0.2365,0.2459,0.4187
1158,1158,2026-08-27,0.2795,0.2101,0.01,0.5046
1159,1159,2026-08-27,0.3815,0.415,0.01,0.6559
1160,1160,2026-08-27,0.2948,0.1703,0.01,0.3605
1161,1161,2026-08-27,0.3312,0.0772,0.0485,0.4515
1162,1162,2026-08-27,0.8226,0.2192,0.2489,0.2969
1163,1163,2026-08-27,0.2699,0.0616,0.1804,0.3594
1164,1164,2026-08-27,0.3417,0.2892,0.0363,0.4464
1165,1165,2026-08-27,0.3492,0.3642,0.089,0.4708
1166,1166,2026-08-27,0.409,0.0912,0.3229,0.2936
1167,1167,2026-08-27,0.3833,0.019,0.1171,0.3168
1168,1168,2026-08-27,0.1742,0.2997,0.2288,0.4706
1169,1169,2026-08-27,0.3396,0.1194,0.01,0.2575
1170,1170,2026-08-27,0.2132,0.3056,0.1418,0.4603
1171,1171,2026-08-27,0.3341,0.4174,0.0835,0.4369
1172,1172,2026-08-27,0.9346,0.1142,0.2102,0.3858
1173,1173,2026-08-27,0.3294,0.4496,0.01,0.5963
1174,1174,2026-08-27,0.99,0.0489,0.1693,0.2442
1175,1175,2026-08-27,0.1725,0.3728,0.0709,0.4496
1176,1176,2026-08-27,0.9899,0.01,0.075,0.2511
1177,1177,2026-08-27,0.2368,0.3052,0.0298,0.5132
1178,1178,2026-08-27,0.3547,0.471,0.0508,0.6456
1179,1179,2026-08-27,0.4374,0.3658,0.1979,0.4279
1180,1180,2026-08-27,0.2951,0.4131,0.01,0.5604
1181,1181,2026-08-27,0.8987,0.01,0.4511,0.2462
1182,1182,2026-08-27,0.2239,0.3079,0.2082,0.4052
1183,1183,2026-08-27,0.3756,0.1035,0.243,0.3737
1184,1184,2026-08-27,0.4018,0.4913,0.1369,0.5093
1185,1185,2026-08-27,0.283,0.491,0.01,0.645
1186,1186,2026-08-27,0.2765,0.0989,0.0141,0.3613
1187,1187,2026-08-27,0.4862,0.4381,0.0499,0.6629
1188,1188,2026-08-27,0.2095,0.1187,0.2037,0.3189
1189,1189,2026-08-27,0.2675,0.1436,0.0735,0.4521
1190,1190,2026-08-27,0.9285,0.1702,0.2035,0.3331
1191,1191,2026-08-27,0.4974,0.456,0.01,0.6973
1192,1192,2026-08-27,0.2503,0.4334,0.01,0.5654
1193,1193,2026-08-27,0.265,0.0869,0.01,0.3599
1194,1194,2026-08-27,0.3319,0.115,0.1011,0.2959
1195,1195,2026-08-27,0.4308,0.0659,0.01,0.3749
1196,1196,2026-08-27,0.2773,0.4367,0.1871,0.557
1197,1197,2026-08-27,0.3177,0.5075,0.1767,0.5305
1198,1198,2026-08-27,0.977,0.01,0.1321,0.2861
1199,1199,2026-08-27,0.3158,0.4539,0.0337,0.4982
1200,1200,2026-08-27,0.858,0.01,0.1763,0.5323
1201,1201,2026-08-27,0.1624,0.3915,0.01,0.4702
1202,1202,2026-08-27,0.2047,0.3433,0.1724,0.4698
1203,1203,2026-08-27,0.3533,0.079,0.2226,0.2613
1204,1204,2026-08-27,0.8745,0.01,0.1886,0.2716
1205,1205,2026-08-27,0.26,0.2204,0.1189,0.4133
1206,1206,2026-08-27,0.2572,0.3421,0.1599,0.52
1207,1207,2026-08-27,0.1862,0.4241,0.2187,0.4518
1208,1208,2026-08-27,0.1691,0.3665,0.01,0.49
1209,1209,2026-08-27,0.35,0.2942,0.01,0.4597
1210,1210,2026-08-27,0.3522,0.5443,0.1615,0.558
1211,1211,2026-08-27,0.9479,0.01,0.2248,0.2528
1212,1212,2026-08-27,0.3559,0.01,0.0683,0.3523
1213,1213,2026-08-27,0.1592,0.3201,0.158,0.3433
1214,1214,2026-08-27,0.2115,0.4583,0.1707,0.5986
1215,1215,2026-08-27,0.3382,0.5553,0.01,0.5979
1216,1216,2026-08-27,0.1508,0.4414,0.0357,0.5311
1217,1217,2026-08-27,0.3024,0.5051,0.0984,0.609
1218,1218,2026-08-27,0.1997,0.4301,0.037,0.5791
1219,1219,2026-08-27,0.8513,0.1721,0.2422,0.3842
1220,1220,2026-08-27,0.3468,0.069,0.1141,0.4205
1221,1221,2026-08-27,0.1146,0.2085,0.1183,0.4289
1222,1222,2026-08-27,0.2758,0.4465,0.0251,0.4918
1223,1223,2026-08-27,0.3472,0.0924,0.1544,0.2135
1224,1224,2026-08-27,0.8388,0.029,0.216,0.3435
1225,1225,2026-08-27,0.345,0.3085,0.0758,0.4893
1226,1226,2026-08-27,0.2834,0.01,0.0418,0.3446
1227,1227,2026-08-27,0.1605,0.359,0.01,0.5341
1228,1228,2026-08-27,0.1906,0.3375,0.1502,0.4522
1229,1229,2026-08-27,0.4056,0.1265,0.01,0.331
1230,1230,2026-08-27,0.1808,0.1922,0.01,0.4652
1231,1231,2026-08-27,0.2616,0.5183,0.01,0.6688
1232,1232,2026-08-27,0.2127,0.4808,0.01,0.593
1233,1233,2026-08-27,0.196,0.4957,0.01,0.4746
1234,1234,2026-08-27,0.99,0.013,0.1513,0.2921
1235,1235,2026-08-27,0.244,0.4303,0.0392,0.5005
1236,1236,2026-08-27,0.2628,0.0897,0.1809,0.3273
1237,1237,2026-08-27,0.2314,0.5259,0.01,0.5478
1238,1238,2026-08-27,0.3905,0.3227,0.01,0.6034
1239,1239,2026-08-27,0.3848,0.4353,0.084,0.5445
1240,1240,2026-08-27,0.0897,0.4023,0.2911,0.4225
1241,1241,2026-08-27,0.3731,0.1763,0.3221,0.2226
1242,1242,2026-08-27,0.2991,0.3732,0.1071,0.5847
1243,1243,2026-08-27,0.3358,0.5653,0.0451,0.7313
1244,1244,2026-08-27,0.2293,0.3316,0.0972,0.5093
1245,1245,2026-08-27,0.3513,0.538,0.01,0.6136
1246,1246,2026-08-27,0.4457,0.3832,0.01,0.6348
1247,1247,2026-08-27,0.2161,0.3432,0.0736,0.5314
1248,1248,2026-08-27,0.3346,0.5126,0.0761,0.6547
1249,1249,2026-08-27,0.4571,0.0406,0.01,0.4569
1250,1250,2026-08-27,0.4036,0.1555,0.0433,0.3229
1251,1251,2026-08-27,0.3136,0.2137,0.0275,0.4927
1252,1252,2026-08-27,0.1846,0.1514,0.1589,0.3945
1253,1253,2026-08-27,0.1599,0.2981,0.0458,0.5601
1254,1254,2026-08-27,0.1221,0.3628,0.2454,0.5045
1255,1255,2026-08-27,0.241,0.1232,0.1442,0.3103
1256,1256,2026-08-27,0.2436,0.0989,0.1759,0.3251
1257,1257,2026-08-27,0.863,0.1268,0.1756,0.3084
1258,1258,2026-08-27,0.4174,0.1667,0.01,0.4157
1259,1259,2026-08-27,0.01,0.5042,0.01,0.5804
1260,1260,2026-08-27,0.3446,0.0743,0.312,0.2307
1261,1261,2026-08-27,0.1175,0.2211,0.0233,0.5134
1262,1262,2026-08-27,0.3318,0.4046,0.0673,0.5618
1263,1263,2026-08-27,0.2503,0.3012,0.01,0.5373
1264,1264,2026-08-27,0.376,0.068,0.019,0.383
1265,1265,2026-08-27,0.047,0.3346,0.0816,0.4409
1266,1266,2026-08-27,0.4275,0.01,0.0826,0.3634
1267,1267,2026-08-27,0.2321,0.4436,0.0423,0.5372
1268,1268,2026-08-27,0.4348,0.1538,0.0143,0.5437
1269,1269,2026-08-27,0.2572,0.4106,0.2508,0.4699
1270,1270,2026-08-27,0.1175,0.3472,0.0384,0.412
1271,1271,2026-08-27,0.3693,0.0249,0.1883,0.2411
1272,1272,2026-08-27,0.3012,0.4076,0.183,0.5835
1273,1273,2026-08-27,0.1593,0.4687,0.01,0.5107
1274,1274,2026-08-27,0.0857,0.4827,0.2208,0.5101
1275,1275,2026-08-27,0.2632,0.2221,0.1198,0.4776
1276,1276,2026-08-27,0.1132,0.5298,0.1259,0.6581
1277,1277,2026-08-27,0.3202,0.5356,0.1147,0.621
1278,1278,2026-08-27,0.2753,0.3625,0.0488,0.5209
1279,1279,2026-08-27,0.3479,0.1191,0.0588,0.4665
1280,1280,2026-08-27,0.1086,0.3923,0.0664,0.531
1281,1281,2026-08-27,0.2125,0.5508,0.0414,0.6388
1282,1282,2026-08-27,0.3154,0.3623,0.0534,0.5195
1283,1283,2026-08-27,0.2611,0.4108,0.01,0.5711
1284,1284,2026-08-27,0.1362,0.3866,0.0324,0.5047
1285,1285,2026-08-27,0.4516,0.0654,0.01,0.2888
1286,1286,2026-08-27,0.3687,0.1251,0.0514,0.4116
1287,1287,2026-08-27,0.1926,0.4884,0.01,0.6874
1288,1288,2026-08-27,0.2186,0.5771,0.0989,0.7088
1289,1289,2026-08-27,0.2783,0.5402,0.0416,0.6448
1290,1290,2026-08-27,0.1817,0.4483,0.1207,0.5469
1291,1291,2026-08-27,0.0877,0.3161,0.0605,0.4445
1292,1292,2026-08-27,0.99,0.01,0.1872,0.2631
1293,1293,2026-08-27,0.0982,0.3223,0.025,0.4935
1294,1294,2026-08-27,0.3484,0.3509,0.0205,0.6081
1295,1295,2026-08-27,0.4641,0.3752,0.0444,0.6492
1296,1296,2026-08-27,0.3193,0.5371,0.0582,0.6431
1297,1297,2026-08-27,0.321,0.1584,0.01,0.4615
1298,1298,2026-08-27,0.189,0.5221,0.01,0.6178
1299,1299,2026-08-27,0.8313,0.0401,0.173,0.2373
1300,1300,2026-08-27,0.3241,0.3834,0.01,0.503
1301,1301,2026-08-27,0.4421,0.6257,0.01,0.5894
1302,1302,2026-08-27,0.1787,0.4555,0.01,0.4763
1303,1303,2026-08-27,0.8468,0.0372,0.1278,0.2447
1304,1304,2026-08-27,0.1952,0.4932,0.1005,0.5458
1305,1305,2026-08-27,0.4685,0.042,0.2389,0.31
1306,1306,2026-08-27,0.4263,0.0552,0.01,0.2655
1307,1307,2026-08-27,0.1693,0.3775,0.2481,0.4503
1308,1308,2026-08-27,0.9227,0.0318,0.0739,0.3442
1309,1309,2026-08-27,0.2037,0.4236,0.01,0.6525
1310,1310,2026-08-27,0.3584,0.0114,0.049,0.4207
1311,1311,2026-08-27,0.3636,0.4209,0.1181,0.6294
1312,1312,2026-08-27,0.393,0.0112,0.0346,0.3966
1313,1313,2026-08-27,0.0106,0.3259,0.1678,0.3892
1314,1314,2026-08-27,0.2336,0.0952,0.1925,0.3547
1315,1315,2026-08-27,0.2692,0.3381,0.01,0.5985
1316,1316,2026-08-27,0.7773,0.0582,0.2252,0.5159
1317,1317,2026-08-27,0.2084,0.2619,0.0147,0.4395
1318,1318,2026-08-27,0.2229,0.3246,0.1601,0.4152
1319,1319,2026-08-27,0.811,0.01,0.1518,0.2414
1320,1320,2026-08-27,0.2674,0.0852,0.0702,0.3547
1321,1321,2026-08-27,0.2098,0.4838,0.1144,0.5778
1322,1322,2026-08-27,0.2114,0.4058,0.2059,0.4841
1323,1323,2026-08-27,0.2057,0.1857,0.01,0.455
1324,1324,2026-08-27,0.3496,0.1268,0.01,0.3725
1325,1325,2026-08-27,0.2476,0.5613,0.2247,0.5952
1326,1326,2026-08-27,0.3571,0.01,0.0458,0.3027
1327,1327,2026-08-27,0.2454,0.5438,0.01,0.6423
1328,1328,2026-08-27,0.2467,0.4413,0.01,0.5864
1329,1329,2026-08-27,0.3114,0.571,0.0888,0.6051
1330,1330,2026-08-27,0.3609,0.3895,0.0641,0.5689
1331,1331,2026-08-27,0.2955,0.1539,0.1738,0.3901
1332,1332,2026-08-27,0.0641,0.3799,0.0426,0.531
1333,1333,2026-08-27,0.0959,0.4035,0.01,0.5714
1334,1334,2026-08-27,0.3236,0.1195,0.01,0.3039
1335,1335,2026-08-27,0.3692,0.1254,0.042,0.448
1336,1336,2026-08-27,0.1463,0.1096,0.2144,0.1813
1337,1337,2026-08-27,0.2621,0.5317,0.01,0.5904
1338,1338,2026-08-27,0.1544,0.3579,0.01,0.4471
1339,1339,2026-08-27,0.3214,0.0526,0.0183,0.3351
1340,1340,2026-08-27,0.2358,0.5262,0.01,0.7204
1341,1341,2026-08-27,0.2043,0.152,0.0787,0.3868
1342,1342,2026-08-27,0.3392,0.0378,0.0335,0.4709
1343,1343,2026-08-27,0.0802,0.3929,0.0809,0.5123
1344,1344,2026-08-27,0.1273,0.3181,0.0173,0.4509
1345,1345,2026-08-27,0.3837,0.0185,0.01,0.4741
1346,1346,2026-08-27,0.1151,0.4034,0.1202,0.4335
1347,1347,2026-08-27,0.2732,0.4975,0.01,0.5937
1348,1348,2026-08-27,0.2819,0.4087,0.01,0.608
1349,1349,2026-08-27,0.2365,0.5558,0.0925,0.5773
1350,1350,2026-08-27,0.1466,0.2911,0.2091,0.4649
1351,1351,2026-08-27,0.3076,0.1075,0.01,0.4328
1352,1352,2026-08-27,0.3208,0.01,0.1101,0.3362
1353,1353,2026-08-27,0.3502,0.3765,0.0319,0.5182
1354,1354,2026-08-27,0.3181,0.399,0.01,0.521
1355,1355,2026-08-27,0.3373,0.01,0.0421,0.3289
1356,1356,2026-08-27,0.2056,0.1417,0.1883,0.3617
1357,1357,2026-08-27,0.1481,0.3124,0.1305,0.4125
1358,1358,2026-08-27,0.2954,0.361,0.0423,0.4421
1359,1359,2026-08-27,0.924,0.01,0.2287,0.4778
1360,1360,2026-08-27,0.2939,0.5159,0.0852,0.5516
1361,1361,2026-08-27,0.9415,0.0232,0.3443,0.1908
1362,1362,2026-08-27,0.3478,0.2968,0.0582,0.5434
1363,1363,2026-08-27,0.01,0.5503,0.01,0.5803
1364,1364,2026-08-27,0.2495,0.0739,0.01,0.3935
1365,1365,2026-08-27,0.1958,0.4564,0.0556,0.5411
1366,1366,2026-08-27,0.2472,0.336,0.271,0.3983
1367,1367,2026-08-27,0.4318,0.3388,0.0233,0.4658
1368,1368,2026-08-27,0.2871,0.2271,0.1251,0.4552
1369,1369,2026-08-27,0.2794,0.5998,0.01,0.6792
1370,1370,2026-08-27,0.2586,0.6148,0.01,0.686
1371,1371,2026-08-27,0.3221,0.1988,0.1608,0.3981
1372,1372,2026-08-27,0.4067,0.1154,0.0151,0.3608
1373,1373,2026-08-27,0.3327,0.3879,0.1406,0.5549
1374,1374,2026-08-27,0.2526,0.192,0.0553,0.3841
1375,1375,2026-08-27,0.2219,0.1838,0.01,0.4078
1376,1376,2026-08-27,0.2338,0.2277,0.2644,0.4256
1377,1377,2026-08-27,0.8174,0.0266,0.073,0.217
1378,1378,2026-08-27,0.5365,0.01,0.1798,0.4166
1379,1379,2026-08-27,0.0599,0.3927,0.0995,0.5237
1380,1380,2026-08-27,0.2642,0.5715,0.2018,0.6635
1381,1381,2026-08-27,0.2463,0.5972,0.0186,0.6277
1382,1382,2026-08-27,0.2955,0.01,0.2142,0.313
1383,1383,2026-08-27,0.0517,0.4423,0.01,0.4996
1384,1384,2026-08-27,0.4044,0.0811,0.2221,0.3735
1385,1385,2026-08-27,0.4014,0.01,0.01,0.3749
1386,1386,2026-08-27,0.3293,0.1297,0.0752,0.4556
1387,1387,2026-08-27,0.9122,0.01,0.1997,0.2158
1388,1388,2026-08-27,0.3131,0.3163,0.0712,0.4001
1389,1389,2026-08-27,0.3958,0.1152,0.0933,0.3455
1390,1390,2026-08-27,0.3092,0.2885,0.1399,0.5237
1391,1391,2026-08-27,0.3966,0.147,0.1898,0.3608
1392,1392,2026-08-27,0.4204,0.0146,0.1991,0.3412
1393,1393,2026-08-27,0.263,0.2881,0.1708,0.527
1394,1394,2026-08-27,0.277,0.2064,0.168,0.4502
1395,1395,2026-08-27,0.441,0.1222,0.2753,0.5065
1396,1396,2026-08-27,0.2987,0.3933,0.2313,0.467
1397,1397,2026-08-27,0.0522,0.2538,0.1454,0.4328
1398,1398,2026-08-27,0.4086,0.01,0.2646,0.2536
1399,1399,2026-08-27,0.1451,0.5124,0.01,0.6421
1400,1400,2026-08-27,0.3606,0.3706,0.2609,0.5055
1401,1401,2026-08-27,0.2694,0.3959,0.01,0.666
1402,1402,2026-08-27,0.319,0.0633,0.0204,0.3681
1403,1403,2026-08-27,0.3711,0.1249,0.2362,0.3306
1404,1404,2026-08-27,0.2635,0.4603,0.01,0.6118
1405,1405,2026-08-27,0.2432,0.3474,0.1718,0.4763
1406,1406,2026-08-27,0.2517,0.5485,0.1569,0.5826
1407,1407,2026-08-27,0.2865,0.2705,0.1162,0.5573
1408,1408,2026-08-27,0.4676,0.1935,0.0552,0.4984
1409,1409,2026-08-27,0.2852,0.0856,0.01,0.4522
1410,1410,2026-08-27,0.8693,0.244,0.1401,0.4337
1411,1411,2026-08-27,0.2362,0.0298,0.0379,0.3805
1412,1412,2026-08-27,0.3274,0.0414,0.0959,0.4201
1413,1413,2026-08-27,0.3219,0.0486,0.01,0.4299
1414,1414,2026-08-27,0.4107,0.01,0.135,0.38
1415,1415,2026-08-27,0.407,0.1218,0.1677,0.5178
1416,1416,2026-08-27,0.3835,0.0132,0.187,0.1917
1417,1417,2026-08-27,0.3319,0.1842,0.01,0.4485
1418,1418,2026-08-27,0.2069,0.2265,0.0968,0.438
1419,1419,2026-08-27,0.3782,0.0585,0.0121,0.3511
1420,1420,2026-08-27,0.3096,0.0635,0.0757,0.3299
1421,1421,2026-08-27,0.789,0.1168,0.2109,0.2803
1422,1422,2026-08-27,0.1109,0.4081,0.1141,0.4444
1423,1423,2026-08-27,0.3515,0.5891,0.0195,0.6732
1424,1424,2026-08-27,0.3525,0.3595,0.2028,0.4493
1425,1425,2026-08-27,0.3406,0.2816,0.0114,0.5329
1426,1426,2026-08-27,0.3645,0.4601,0.1248,0.5685
1427,1427,2026-08-27,0.1678,0.1948,0.01,0.4625
1428,1428,2026-08-27,0.3207,0.2333,0.189,0.3995
1429,1429,2026-08-27,0.1879,0.1436,0.1444,0.3821
1430,1430,2026-08-27,0.1633,0.5064,0.01,0.5773
1431,1431,2026-08-27,0.2551,0.01,0.0506,0.279
1432,1432,2026-08-27,0.1845,0.3135,0.0685,0.3646
1433,1433,2026-08-27,0.2104,0.1574,0.2422,0.366
1434,1434,2026-08-27,0.2589,0.4115,0.0359,0.4956
1435,1435,2026-08-27,0.2713,0.408,0.01,0.4706
1436,1436,2026-08-27,0.3643,0.0127,0.01,0.2986
1437,1437,2026-08-27,0.3344,0.528,0.0459,0.6831
1438,1438,2026-08-27,0.1192,0.3427,0.0465,0.4406
1439,1439,2026-08-27,0.4025,0.0665,0.2592,0.3865
1440,1440,2026-08-27,0.4755,0.0939,0.01,0.2226
1441,1441,2026-08-27,0.3431,0.2704,0.01,0.4974
1442,1442,2026-08-27,0.3251,0.1411,0.1548,0.3208
1443,1443,2026-08-27,0.3262,0.5416,0.01,0.6017
1444,1444,2026-08-27,0.1286,0.2642,0.2886,0.4768
1445,1445,2026-08-27,0.4091,0.3152,0.01,0.4954
1446,1446,2026-08-27,0.0972,0.3623,0.15,0.4699
1447,1447,2026-08-27,0.3238,0.157,0.0146,0.5198
1448,1448,2026-08-27,0.0886,0.2652,0.043,0.4342
1449,1449,2026-08-27,0.2471,0.5062,0.2031,0.4985
1450,1450,2026-08-27,0.2894,0.4745,0.1325,0.4736
1451,1451,2026-08-27,0.2748,0.1302,0.1375,0.3393
1452,1452,2026-08-27,0.1655,0.4558,0.0612,0.5648
1453,1453,2026-08-27,0.3169,0.2317,0.01,0.5476
1454,1454,2026-08-27,0.2908,0.0627,0.0285,0.342
1455,1455,2026-08-27,0.3819,0.4953,0.0402,0.5807
1456,1456,2026-08-27,0.2355,0.3295,0.01,0.5853
1457,1457,2026-08-27,0.2075,0.6272,0.01,0.6315
1458,1458,2026-08-27,0.3015,0.4841,0.01,0.6082
1459,1459,2026-08-27,0.367,0.0564,0.01,0.3238
1460,1460,2026-08-27,0.4582,0.5764,0.01,0.718
1461,1461,2026-08-27,0.1959,0.01,0.01,0.2949
1462,1462,2026-08-27,0.01,0.3976,0.0303,0.4814
1463,1463,2026-08-27,0.3314,0.4214,0.01,0.6916
1464,1464,2026-08-27,0.3964,0.3909,0.2004,0.4904
1465,1465,2026-08-27,0.9047,0.0157,0.2871,0.2324
1466,1466,2026-08-27,0.9821,0.01,0.1843,0.4939
1467,1467,2026-08-27,0.4103,0.4233,0.0226,0.6565
1468,1468,2026-08-27,0.243,0.492,0.0335,0.5309
1469,1469,2026-08-27,0.8286,0.1399,0.1637,0.5481
1470,1470,2026-08-27,0.3876,0.3311,0.0331,0.5168
1471,1471,2026-08-27,0.4957,0.0785,0.01,0.3481
1472,1472,2026-08-27,0.287,0.4435,0.141,0.5176
1473,1473,2026-08-27,0.2925,0.2574,0.0577,0.4495
1474,1474,2026-08-27,0.2799,0.1888,0.1255,0.519
1475,1475,2026-08-27,0.0852,0.3454,0.1045,0.4903
1476,1476,2026-08-27,0.161,0.2662,0.01,0.4599
1477,1477,2026-08-27,0.3274,0.3856,0.0832,0.5954
1478,1478,2026-08-27,0.3637,0.01,0.2425,0.2641
1479,1479,2026-08-27,0.0814,0.407,0.01,0.5692
1480,1480,2026-08-27,0.0329,0.3035,0.01,0.4504
1481,1481,2026-08-27,0.2425,0.4827,0.1463,0.579
1482,1482,2026-08-27,0.2426,0.1523,0.0267,0.3919
1483,1483,2026-08-27,0.1824,0.5514,0.2579,0.6212
1484,1484,2026-08-27,0.2477,0.4341,0.0349,0.5501
1485,1485,2026-08-27,0.1514,0.4156,0.0167,0.4781
1486,1486,2026-08-27,0.2311,0.2244,0.0395,0.4632
1487,1487,2026-08-27,0.3028,0.2419,0.0786,0.3931
1488,1488,2026-08-27,0.1765,0.4674,0.3121,0.4836
1489,1489,2026-08-27,0.2241,0.0937,0.01,0.3772
1490,1490,2026-08-27,0.119,0.347,0.1516,0.5285
1491,1491,2026-08-27,0.0964,0.3572,0.01,0.535
1492,1492,2026-08-27,0.3858,0.01,0.01,0.4077
1493,1493,2026-08-27,0.895,0.1157,0.3235,0.31
1494,1494,2026-08-27,0.3718,0.0138,0.0831,0.2213
1495,1495,2026-08-27,0.3423,0.3685,0.0449,0.5983
1496,1496,2026-08-27,0.3233,0.4236,0.2145,0.4387
1497,1497,2026-08-27,0.3213,0.237,0.01,0.4001
1498,1498,2026-08-27,0.149,0.3633,0.01,0.4597
1499,1499,2026-08-27,0.3244,0.4119,0.01,0.6255
1500,1500,2026-08-27,0.8292,0.01,0.2281,0.3003
1501,1501,2026-08-27,0.7728,0.01,0.1981,0.2187
1502,1502,2026-08-27,0.3939,0.01,0.01,0.3428
1503,1503,2026-08-27,0.4061,0.4784,0.01,0.6319
1504,1504,2026-08-27,0.3512,0.4756,0.1082,0.6632
1505,1505,2026-08-27,0.3666,0.015,0.3324,0.2666
1506,1506,2026-08-27,0.0688,0.3423,0.1429,0.4684
1507,1507,2026-08-27,0.9165,0.01,0.1395,0.4215
1508,1508,2026-08-27,0.4367,0.4818,0.01,0.6963
1509,1509,2026-08-27,0.3303,0.5626,0.02,0.5674
1510,1510,2026-08-27,0.9351,0.01,0.1278,0.3221
1511,1511,2026-08-27,0.2178,0.1206,0.0337,0.3994
1512,1512,2026-08-27,0.2185,0.5319,0.0863,0.6692
1513,1513,2026-08-27,0.1086,0.4109,0.1712,0.4836
1514,1514,2026-08-27,0.8521,0.0713,0.3508,0.2413
1515,1515,2026-08-27,0.4633,0.0222,0.0844,0.2694
1516,1516,2026-08-27,0.3112,0.3272,0.0701,0.4243
1517,1517,2026-08-27,0.3104,0.1358,0.1584,0.406
1518,1518,2026-08-27,0.4312,0.0111,0.05,0.3266
1519,1519,2026-08-27,0.2518,0.4894,0.01,0.5799
1520,1520,2026-08-27,0.3876,0.3748,0.1185,0.4161
1521,1521,2026-08-27,0.2989,0.3446,0.0318,0.4202
1522,1522,2026-08-27,0.0692,0.4494,0.01,0.5566
1523,1523,2026-08-27,0.3521,0.1613,0.242,0.2634
1524,1524,2026-08-27,0.269,0.0728,0.01,0.3528
1525,1525,2026-08-27,0.9323,0.0655,0.0895,0.4047
1526,1526,2026-08-27,0.2352,0.6575,0.0496,0.685
1527,1527,2026-08-27,0.2973,0.5292,0.0232,0.652
1528,1528,2026-08-27,0.01,0.4079,0.01,0.5282
1529,1529,2026-08-27,0.3692,0.38,0.01,0.6269
1530,1530,2026-08-27,0.2821,0.3554,0.079,0.5456
1531,1531,2026-08-27,0.2891,0.4489,0.0549,0.4626
1532,1532,2026-08-27,0.2797,0.2259,0.1115,0.4707
1533,1533,2026-08-27,0.1927,0.4094,0.1714,0.541
1534,1534,2026-08-27,0.8364,0.0693,0.1852,0.4482
1535,1535,2026-08-27,0.4424,0.0728,0.1105,0.3832
1536,1536,2026-08-27,0.1826,0.377,0.0854,0.4529
1537,1537,2026-08-27,0.2646,0.1047,0.0267,0.3482
1538,1538,2026-08-27,0.8654,0.01,0.1204,0.2543
1539,1539,2026-08-27,0.2822,0.1809,0.0635,0.3809
1540,1540,2026-08-27,0.1653,0.5778,0.01,0.699
1541,1541,2026-08-27,0.3415,0.0855,0.1659,0.4014
1542,1542,2026-08-27,0.2338,0.3786,0.0263,0.5422
1543,1543,2026-08-27,0.3878,0.4223,0.0137,0.6186
1544,1544,2026-08-27,0.3391,0.4416,0.1068,0.4569
1545,1545,2026-08-27,0.1055,0.2676,0.01,0.4494
1546,1546,2026-08-27,0.3365,0.4929,0.1793,0.4996
1547,1547,2026-08-27,0.2404,0.5157,0.01,0.6155
1548,1548,2026-08-27,0.8192,0.1439,0.1714,0.4598
1549,1549,2026-08-27,0.2389,0.4135,0.1315,0.5319
1550,1550,2026-08-27,0.3587,0.4915,0.0459,0.5624
1551,1551,2026-08-27,0.2918,0.054,0.1418,0.3451
1552,1552,2026-08-27,0.3651,0.4663,0.0309,0.6779
1553,1553,2026-08-27,0.2831,0.5265,0.0418,0.656
1554,1554,2026-08-27,0.2817,0.4664,0.0392,0.6417
1555,1555,2026-08-27,0.3927,0.4257,0.0354,0.5238
1556,1556,2026-08-27,0.4078,0.11,0.01,0.3326
1557,1557,2026-08-27,0.3508,0.1846,0.206,0.4702
1558,1558,2026-08-27,0.1718,0.4967,0.01,0.5721
1559,1559,2026-08-27,0.9691,0.0869,0.1321,0.5148
1560,1560,2026-08-27,0.3605,0.146,0.01,0.4004
1561,1561,2026-08-27,0.2125,0.1474,0.01,0.4948
1562,1562,2026-08-27,0.2683,0.3808,0.2294,0.4268
1563,1563,2026-08-27,0.356,0.0563,0.0415,0.3043
1564,1564,2026-08-27,0.3451,0.01,0.0463,0.4117
1565,1565,2026-08-27,0.3554,0.1174,0.085,0.326
1566,1566,2026-08-27,0.1795,0.3193,0.01,0.5165
1567,1567,2026-08-27,0.3619,0.248,0.1217,0.4601
1568,1568,2026-08-27,0.2412,0.1839,0.0369,0.4495
1569,1569,2026-08-27,0.2052,0.4333,0.01,0.5886
1570,1570,2026-08-27,0.313,0.251,0.2107,0.4461
1571,1571,2026-08-27,0.3441,0.4003,0.01,0.5727
1572,1572,2026-08-27,0.1211,0.4065,0.232,0.5062
1573,1573,2026-08-27,0.1476,0.313,0.01,0.5076
1574,1574,2026-08-27,0.4295,0.1413,0.2275,0.4706
1575,1575,2026-08-27,0.117,0.2205,0.1224,0.4566
1576,1576,2026-08-27,0.3839,0.5256,0.1684,0.5385
1577,1577,2026-08-27,0.347,0.01,0.01,0.2811
1578,1578,2026-08-27,0.4286,0.01,0.1007,0.3893
1579,1579,2026-08-27,0.2508,0.01,0.01,0.4308
1580,1580,2026-08-27,0.4847,0.1347,0.0312,0.5108
1581,1581,2026-08-27,0.1989,0.131,0.2412,0.3649
1582,1582,2026-08-27,0.2642,0.43,0.3368,0.48
1583,1583,2026-08-27,0.2786,0.4267,0.01,0.5477
1584,1584,2026-08-27,0.3366,0.2709,0.1025,0.3735
1585,1585,2026-08-27,0.1359,0.5592,0.0285,0.5657
1586,1586,2026-08-27,0.3513,0.0221,0.01,0.2486
1587,1587,2026-08-27,0.33,0.594,0.014,0.7125
1588,1588,2026-08-27,0.1244,0.4701,0.01,0.5652
1589,1589,2026-08-27,0.3667,0.5309,0.01,0.5669
1590,1590,2026-08-27,0.2188,0.4271,0.01,0.5323
1591,1591,2026-08-27,0.3735,0.5649,0.01,0.6214
1592,1592,2026-08-27,0.3013,0.2901,0.171,0.4715
1593,1593,2026-08-27,0.3248,0.049,0.01,0.3376
1594,1594,2026-08-27,0.1676,0.5203,0.1988,0.5296
1595,1595,2026-08-27,0.2856,0.2135,0.01,0.5631
1596,1596,2026-08-27,0.8986,0.0953,0.2654,0.2636
1597,1597,2026-08-27,0.2347,0.4544,0.0595,0.5857
1598,1598,2026-08-27,0.2974,0.3162,0.0507,0.4035
1599,1599,2026-08-27,0.3545,0.01,0.0868,0.2227
1600,1600,2026-08-27,0.2412,0.4547,0.0526,0.5632
1601,1601,2026-08-27,0.4659,0.01,0.01,0.3767
1602,1602,2026-08-27,0.3151,0.597,0.0234,0.6404
1603,1603,2026-08-27,0.8645,0.01,0.1288,0.3346
1604,1604,2026-08-27,0.3656,0.01,0.1685,0.2368
1605,1605,2026-08-27,0.3671,0.3642,0.0506,0.4487
1606,1606,2026-08-27,0.3362,0.4291,0.0247,0.5479
1607,1607,2026-08-27,0.2969,0.0519,0.01,0.3699
1608,1608,2026-08-27,0.233,0.5836,0.01,0.658
1609,1609,2026-08-27,0.2288,0.3544,0.01,0.5182
1610,1610,2026-08-27,0.3287,0.4394,0.01,0.5629
1611,1611,2026-08-27,0.2729,0.5014,0.0592,0.6091
1612,1612,2026-08-27,0.2764,0.01,0.01,0.4144
1613,1613,2026-08-27,0.3326,0.2503,0.01,0.5058
1614,1614,2026-08-27,0.3526,0.445,0.0274,0.6175
1615,1615,2026-08-27,0.3496,0.01,0.3082,0.3872
1616,1616,2026-08-27,0.3594,0.4902,0.01,0.5736
1617,1617,2026-08-27,0.2098,0.2212,0.3851,0.3556
1618,1618,2026-08-27,0.2157,0.283,0.1183,0.4407
1619,1619,2026-08-27,0.2786,0.0192,0.0711,0.3186
1620,1620,2026-08-27,0.1657,0.2306,0.2019,0.3847
1621,1621,2026-08-27,0.2918,0.6103,0.0617,0.6742
1622,1622,2026-08-27,0.0464,0.2549,0.044,0.4757
1623,1623,2026-08-27,0.4357,0.0761,0.0216,0.3019
1624,1624,2026-08-27,0.3209,0.1458,0.0545,0.466
1625,1625,2026-08-27,0.2923,0.4903,0.0132,0.6505
1626,1626,2026-08-27,0.9738,0.0574,0.3161,0.2334
1627,1627,2026-08-27,0.3023,0.6036,0.1362,0.6998
1628,1628,2026-08-27,0.3545,0.4532,0.01,0.6452
1629,1629,2026-08-27,0.2786,0.3132,0.1233,0.4338
1630,1630,2026-08-27,0.2595,0.4039,0.01,0.5928
1631,1631,2026-08-27,0.0936,0.2938,0.01,0.4473
1632,1632,2026-08-27,0.4307,0.111,0.1024,0.2549
1633,1633,2026-08-27,0.7931,0.1517,0.3026,0.4673
1634,1634,2026-08-27,0.9231,0.01,0.1693,0.3186
1635,1635,2026-08-27,0.2806,0.01,0.0137,0.3915
1636,1636,2026-08-27,0.2959,0.3905,0.2476,0.4902
1637,1637,2026-08-27,0.2181,0.5195,0.01,0.6341
1638,1638,2026-08-27,0.3407,0.01,0.0886,0.3208
1639,1639,2026-08-27,0.2806,0.4896,0.0654,0.6639
1640,1640,2026-08-27,0.9739,0.071,0.1286,0.3253
1641,1641,2026-08-27,0.863,0.0106,0.1559,0.2546
1642,1642,2026-08-27,0.4501,0.0997,0.1523,0.4343
1643,1643,2026-08-27,0.2139,0.4345,0.0344,0.6559
1644,1644,2026-08-27,0.3961,0.4933,0.0401,0.5967
1645,1645,2026-08-27,0.1855,0.4877,0.0429,0.659
1646,1646,2026-08-27,0.15,0.3717,0.01,0.5414
1647,1647,2026-08-27,0.3316,0.3715,0.1242,0.4377
1648,1648,2026-08-27,0.5125,0.225,0.01,0.3558
1649,1649,2026-08-27,0.3473,0.0133,0.01,0.2662
1650,1650,2026-08-27,0.3484,0.0909,0.0338,0.2649
1651,1651,2026-08-27,0.3146,0.4802,0.01,0.6407
1652,1652,2026-08-27,0.2882,0.5518,0.1663,0.5341
1653,1653,2026-08-27,0.236,0.4569,0.025,0.6153
1654,1654,2026-08-27,0.2296,0.1275,0.0254,0.3814
1655,1655,2026-08-27,0.3658,0.01,0.0498,0.2546
1656,1656,2026-08-27,0.2516,0.3965,0.2043,0.4482
1657,1657,2026-08-27,0.2896,0.5655,0.0624,0.6222
1658,1658,2026-08-27,0.2714,0.0206,0.3315,0.1881
1659,1659,2026-08-27,0.2558,0.4516,0.0348,0.6325
1660,1660,2026-08-27,0.3374,0.0488,0.261,0.3597
1661,1661,2026-08-27,0.2612,0.4193,0.0515,0.5036
1662,1662,2026-08-27,0.1252,0.3563,0.089,0.5164
1663,1663,2026-08-27,0.4531,0.0457,0.0146,0.4284
1664,1664,2026-08-27,0.2859,0.3616,0.01,0.5718
1665,1665,2026-08-27,0.4438,0.106,0.1419,0.4177
1666,1666,2026-08-27,0.3073,0.0671,0.01,0.4826
1667,1667,2026-08-27,0.2632,0.189,0.0143,0.4207
1668,1668,2026-08-27,0.1755,0.4213,0.0677,0.4672
1669,1669,2026-08-27,0.2536,0.1487,0.1987,0.3644
1670,1670,2026-08-27,0.378,0.017,0.0793,0.3766
1671,1671,2026-08-27,0.3539,0.3814,0.01,0.5022
1672,1672,2026-08-27,0.1277,0.5055,0.0262,0.5704
1673,1673,2026-08-27,0.9535,0.01,0.1546,0.2472
1674,1674,2026-08-27,0.287,0.1559,0.2351,0.4102
1675,1675,2026-08-27,0.3555,0.01,0.0405,0.211
1676,1676,2026-08-27,0.3689,0.1272,0.01,0.3489
1677,1677,2026-08-27,0.9144,0.085,0.2763,0.2904
1678,1678,2026-08-27,0.2667,0.449,0.0521,0.6216
1679,1679,2026-08-27,0.368,0.01,0.0919,0.3024
1680,1680,2026-08-27,0.0964,0.4012,0.0385,0.5884
1681,1681,2026-08-27,0.8873,0.0224,0.1315,0.271
1682,1682,2026-08-27,0.248,0.1668,0.2234,0.3186
1683,1683,2026-08-27,0.99,0.0152,0.146,0.1966
1684,1684,2026-08-27,0.1701,0.3969,0.01,0.6334
1685,1685,2026-08-27,0.3157,0.162,0.2627,0.4232
1686,1686,2026-08-27,0.4115,0.3698,0.01,0.5052
1687,1687,2026-08-27,0.2112,0.3215,0.01,0.5348
1688,1688,2026-08-27,0.0791,0.3967,0.0177,0.5623
1689,1689,2026-08-27,0.1886,0.3779,0.1393,0.3911
1690,1690,2026-08-27,0.4382,0.5542,0.01,0.7558
1691,1691,2026-08-27,0.438,0.0359,0.1065,0.3809
1692,1692,2026-08-27,0.4972,0.061,0.1165,0.2371
1693,1693,2026-08-27,0.2806,0.5655,0.0323,0.718
1694,1694,2026-08-27,0.99,0.0393,0.3265,0.1916
1695,1695,2026-08-27,0.9217,0.053,0.2445,0.2498
1696,1696,2026-08-27,0.199,0.3651,0.01,0.4932
1697,1697,2026-08-27,0.3638,0.413,0.01,0.4281
1698,1698,2026-08-27,0.3142,0.1664,0.01,0.3795
1699,1699,2026-08-27,0.278,0.1809,0.035,0.4396
1700,1700,2026-08-27,0.8494,0.0859,0.1252,0.32
1701,1701,2026-08-27,0.2999,0.1066,0.0557,0.2845
1702,1702,2026-08-27,0.2769,0.156,0.1842,0.3914
1703,1703,2026-08-27,0.4553,0.339,0.0765,0.5344
1704,1704,2026-08-27,0.1146,0.3233,0.0163,0.4304
1705,1705,2026-08-27,0.1993,0.3484,0.0391,0.5221
1706,1706,2026-08-27,0.3001,0.0923,0.2289,0.3517
1707,1707,2026-08-27,0.2001,0.1679,0.055,0.481
1708,1708,2026-08-27,0.2615,0.4796,0.232,0.603
1709,1709,2026-08-27,0.3245,0.0738,0.1891,0.2732
1710,1710,2026-08-27,0.2573,0.3783,0.0461,0.5037
1711,1711,2026-08-27,0.355,0.2005,0.0943,0.378
1712,1712,2026-08-27,0.1873,0.5331,0.0685,0.4995
1713,1713,2026-08-27,0.4044,0.01,0.0312,0.2402
1714,1714,2026-08-27,0.4301,0.1164,0.01,0.3647
1715,1715,2026-08-27,0.3486,0.3904,0.0222,0.5302
1716,1716,2026-08-27,0.4031,0.1361,0.0793,0.3812
1717,1717,2026-08-27,0.3546,0.3725,0.0786,0.4653
1718,1718,2026-08-27,0.1756,0.3986,0.0796,0.5323
1719,1719,2026-08-27,0.9746,0.0334,0.322,0.2755
1720,1720,2026-08-27,0.3391,0.0801,0.01,0.3007
1721,1721,2026-08-27,0.3167,0.2591,0.01,0.4921
1722,1722,2026-08-27,0.221,0.5668,0.01,0.6713
1723,1723,2026-08-27,0.99,0.0302,0.144,0.2914
1724,1724,2026-08-27,0.213,0.2466,0.1534,0.4069
1725,1725,2026-08-27,0.233,0.3643,0.055,0.4689
1726,1726,2026-08-27,0.1757,0.1214,0.1202,0.3695
1727,1727,2026-08-27,0.2901,0.4372,0.01,0.5701
1728,1728,2026-08-27,0.3739,0.0417,0.01,0.4132
1729,1729,2026-08-27,0.1889,0.274,0.2933,0.3926
1730,1730,2026-08-27,0.1619,0.7391,0.2923,0.6436
1731,1731,2026-08-27,0.2918,0.0833,0.2393,0.3697
1732,1732,2026-08-27,0.2836,0.3859,0.0664,0.593
1733,1733,2026-08-27,0.7921,0.0745,0.1727,0.4596
1734,1734,2026-08-27,0.2635,0.4168,0.01,0.5497
1735,1735,2026-08-27,0.3216,0.128,0.0396,0.3941
1736,1736,2026-08-27,0.8714,0.0277,0.1247,0.556
1737,1737,2026-08-27,0.4653,0.1176,0.2225,0.3079
1738,1738,2026-08-27,0.3927,0.5147,0.01,0.6435
1739,1739,2026-08-27,0.3038,0.3859,0.0138,0.5643
1740,1740,2026-08-27,0.3695,0.2235,0.01,0.4522
1741,1741,2026-08-27,0.2748,0.3921,0.031,0.5094
1742,1742,2026-08-27,0.3406,0.3409,0.01,0.4824
1743,1743,2026-08-27,0.2973,0.262,0.0558,0.5849
1744,1744,2026-08-27,0.3136,0.0817,0.0214,0.2983
1745,1745,2026-08-27,0.847,0.01,0.2458,0.2917
1746,1746,2026-08-27,0.1722,0.4742,0.01,0.5295
1747,1747,2026-08-27,0.9261,0.101,0.0988,0.3644
1748,1748,2026-08-27,0.1499,0.4044,0.01,0.5763
1749,1749,2026-08-27,0.1147,0.2724,0.0147,0.4647
1750,1750,2026-08-27,0.4413,0.582,0.01,0.8085
1751,1751,2026-08-27,0.9447,0.1397,0.1466,0.3266
1752,1752,2026-08-27,0.3952,0.4579,0.0521,0.5331
1753,1753,2026-08-27,0.2446,0.1339,0.01,0.3734
1754,1754,2026-08-27,0.4142,0.1253,0.01,0.3829
1755,1755,2026-08-27,0.2316,0.4763,0.1283,0.4694
1756,1756,2026-08-27,0.0785,0.2992,0.0415,0.395
1757,1757,2026-08-27,0.2669,0.4961,0.0376,0.5267
1758,1758,2026-08-27,0.5185,0.0336,0.0495,0.3905
1759,1759,2026-08-27,0.3445,0.2097,0.01,0.4712
1760,1760,2026-08-27,0.2709,0.0658,0.0268,0.3383
1761,1761,2026-08-27,0.3014,0.5332,0.01,0.6908
1762,1762,2026-08-27,0.1924,0.4648,0.0136,0.5886
1763,1763,2026-08-27,0.3125,0.7089,0.0881,0.8005
1764,1764,2026-08-27,0.1811,0.2748,0.0648,0.4641
1765,1765,2026-08-27,0.2597,0.2769,0.2011,0.4917
1766,1766,2026-08-27,0.2248,0.2982,0.0173,0.4986
1767,1767,2026-08-27,0.3903,0.01,0.1684,0.2828
1768,1768,2026-08-27,0.2675,0.1403,0.0961,0.3456
1769,1769,2026-08-27,0.2521,0.0261,0.1078,0.3563
1770,1770,2026-08-27,0.2616,0.257,0.01,0.4719
1771,1771,2026-08-27,0.1861,0.4516,0.0552,0.6036
1772,1772,2026-08-27,0.4106,0.01,0.01,0.3447
1773,1773,2026-08-27,0.2765,0.5364,0.0813,0.469
1774,1774,2026-08-27,0.3394,0.1516,0.2755,0.4486
1775,1775,2026-08-27,0.1773,0.3596,0.236,0.5119
1776,1776,2026-08-27,0.1725,0.4245,0.01,0.521
1777,1777,2026-08-27,0.99,0.1186,0.1496,0.2876
1778,1778,2026-08-27,0.2356,0.5957,0.01,0.7038
1779,1779,2026-08-27,0.3602,0.3518,0.01,0.6138
1780,1780,2026-08-27,0.1289,0.3404,0.1369,0.3871
1781,1781,2026-08-27,0.3313,0.4577,0.2081,0.5517
1782,1782,2026-08-27,0.2297,0.2153,0.1078,0.4356
1783,1783,2026-08-27,0.3229,0.4312,0.01,0.4952
1784,1784,2026-08-27,0.3761,0.2939,0.0615,0.522
1785,1785,2026-08-27,0.2798,0.3837,0.01,0.5088
1786,1786,2026-08-27,0.4117,0.0383,0.2011,0.3794
1787,1787,2026-08-27,0.312,0.5404,0.01,0.6157
1788,1788,2026-08-27,0.8369,0.01,0.1895,0.2022
1789,1789,2026-08-27,0.2927,0.1434,0.1721,0.4645
1790,1790,2026-08-27,0.3407,0.1221,0.0656,0.4919
1791,1791,2026-08-27,0.4234,0.01,0.01,0.3456
1792,1792,2026-08-27,0.3881,0.3365,0.01,0.5123
1793,1793,2026-08-27,0.2456,0.3084,0.135,0.4696
1794,1794,2026-08-27,0.9123,0.0161,0.1959,0.4766
1795,1795,2026-08-27,0.4,0.1046,0.01,0.356
1796,1796,2026-08-27,0.3159,0.4623,0.0202,0.638
1797,1797,2026-08-27,0.1766,0.4444,0.1497,0.5169
1798,1798,2026-08-27,0.3307,0.4117,0.0602,0.5721
1799,1799,2026-08-27,0.1051,0.3663,0.0284,0.5412
1800,1800,2026-08-27,0.1162,0.2467,0.2592,0.2869
1801,1801,2026-08-27,0.0667,0.3154,0.3067,0.4621
1802,1802,2026-08-27,0.2232,0.4628,0.0735,0.5417
1803,1803,2026-08-27,0.3066,0.1461,0.0782,0.5015
1804,1804,2026-08-27,0.99,0.0584,0.1846,0.2746
1805,1805,2026-08-27,0.9358,0.01,0.1153,0.2168
1806,1806,2026-08-27,0.8984,0.01,0.1687,0.4501
1807,1807,2026-08-27,0.2153,0.3116,0.2473,0.4923
1808,1808,2026-08-27,0.256,0.3827,0.01,0.514
1809,1809,2026-08-27,0.3534,0.532,0.142,0.7129
1810,1810,2026-08-27,0.1925,0.2638,0.1244,0.3912
1811,1811,2026-08-27,0.314,0.4342,0.283,0.5101
1812,1812,2026-08-27,0.3042,0.2005,0.0799,0.4198
1813,1813,2026-08-27,0.8973,0.01,0.3169,0.1906
1814,1814,2026-08-27,0.2729,0.4028,0.0464,0.4975
1815,1815,2026-08-27,0.4117,0.0578,0.1544,0.4556
1816,1816,2026-08-27,0.3321,0.2525,0.01,0.4388
1817,1817,2026-08-27,0.5406,0.0545,0.1937,0.3247
1818,1818,2026-08-27,0.1788,0.5029,0.01,0.6485
1819,1819,2026-08-27,0.2799,0.1594,0.01,0.4796
1820,1820,2026-08-27,0.1051,0.4323,0.1514,0.5787
1821,1821,2026-08-27,0.389,0.1432,0.01,0.4731
1822,1822,2026-08-27,0.1172,0.375,0.1716,0.5108
1823,1823,2026-08-27,0.1668,0.3412,0.01,0.5516
1824,1824,2026-08-27,0.2021,0.3634,0.1082,0.4554
1825,1825,2026-08-27,0.99,0.01,0.1084,0.318
1826,1826,2026-08-27,0.2416,0.3151,0.01,0.5384
1827,1827,2026-08-27,0.2371,0.231,0.2437,0.3427
1828,1828,2026-08-27,0.0848,0.4811,0.01,0.5753
1829,1829,2026-08-27,0.3442,0.0901,0.0127,0.4131
1830,1830,2026-08-27,0.2022,0.4557,0.2474,0.5293
1831,1831,2026-08-27,0.185,0.4356,0.3198,0.4091
1832,1832,2026-08-27,0.3533,0.0539,0.01,0.5036
1833,1833,2026-08-27,0.2755,0.5369,0.01,0.6585
1834,1834,2026-08-27,0.2004,0.5181,0.0217,0.6278
1835,1835,2026-08-27,0.1577,0.4821,0.01,0.6428
1836,1836,2026-08-27,0.2356,0.3028,0.0525,0.4531
1837,1837,2026-08-27,0.253,0.2432,0.0674,0.4817
1838,1838,2026-08-27,0.2574,0.4954,0.125,0.5505
1839,1839,2026-08-27,0.3734,0.091,0.0276,0.5347
1840,1840,2026-08-27,0.9165,0.0933,0.1785,0.6124
1841,1841,2026-08-27,0.1534,0.1685,0.1745,0.3667
1842,1842,2026-08-27,0.2554,0.2813,0.0811,0.4167
1843,1843,2026-08-27,0.2991,0.4161,0.0604,0.5639
1844,1844,2026-08-27,0.3124,0.027,0.1863,0.2935
1845,1845,2026-08-27,0.3347,0.47,0.0405,0.6281
1846,1846,2026-08-27,0.1276,0.2866,0.278,0.3727
1847,1847,2026-08-27,0.397,0.3429,0.01,0.5203
1848,1848,2026-08-27,0.9866,0.0146,0.2267,0.2833
1849,1849,2026-08-27,0.3665,0.4003,0.0183,0.5967
1850,1850,2026-08-27,0.9756,0.01,0.1365,0.4608
1851,1851,2026-08-27,0.2929,0.5925,0.01,0.6374
1852,1852,2026-08-27,0.2631,0.0968,0.1073,0.3181
1853,1853,2026-08-27,0.1934,0.3954,0.0925,0.5628
1854,1854,2026-08-27,0.9278,0.1926,0.1058,0.3921
1855,1855,2026-08-27,0.3822,0.1728,0.0286,0.4041
1856,1856,2026-08-27,0.3461,0.1174,0.0359,0.39
1857,1857,2026-08-27,0.3895,0.4821,0.01,0.5831
1858,1858,2026-08-27,0.2502,0.6164,0.0125,0.6211
1859,1859,2026-08-27,0.2842,0.3744,0.0306,0.4661
1860,1860,2026-08-27,0.2325,0.3401,0.01,0.5301
1861,1861,2026-08-27,0.195,0.2951,0.0776,0.3713
1862,1862,2026-08-27,0.3888,0.01,0.2551,0.3575
1863,1863,2026-08-27,0.3684,0.0589,0.3002,0.1839
1864,1864,2026-08-27,0.129,0.3944,0.0303,0.5308
1865,1865,2026-08-27,0.158,0.5145,0.1272,0.6356
1866,1866,2026-08-27,0.3204,0.022,0.0651,0.2861
1867,1867,2026-08-27,0.1892,0.1888,0.271,0.3579
1868,1868,2026-08-27,0.3226,0.3647,0.01,0.548
1869,1869,2026-08-27,0.1673,0.3594,0.0631,0.5251
1870,1870,2026-08-27,0.3352,0.0675,0.0138,0.402
1871,1871,2026-08-27,0.3503,0.5154,0.0566,0.6153
1872,1872,2026-08-27,0.2653,0.4542,0.01,0.5277
1873,1873,2026-08-27,0.3689,0.1156,0.01,0.3651
1874,1874,2026-08-27,0.321,0.0188,0.01,0.334
1875,1875,2026-08-27,0.3305,0.0262,0.2426,0.2193
1876,1876,2026-08-27,0.3174,0.1496,0.2743,0.3741
1877,1877,2026-08-27,0.2518,0.5807,0.0339,0.7101
1878,1878,2026-08-27,0.4151,0.5047,0.0458,0.6502
1879,1879,2026-08-27,0.2261,0.4008,0.0501,0.4841
1880,1880,2026-08-27,0.1719,0.3149,0.037,0.4549
1881,1881,2026-08-27,0.074,0.4486,0.0167,0.4871
1882,1882,2026-08-27,0.1557,0.4277,0.01,0.6042
1883,1883,2026-08-27,0.2522,0.386,0.01,0.5121
1884,1884,2026-08-27,0.9774,0.0874,0.1574,0.2907
1885,1885,2026-08-27,0.1673,0.4014,0.1413,0.5157
1886,1886,2026-08-27,0.1949,0.4238,0.1079,0.5151
1887,1887,2026-08-27,0.1261,0.1511,0.01,0.4243
1888,1888,2026-08-27,0.1873,0.5063,0.0316,0.6064
1889,1889,2026-08-27,0.3007,0.1739,0.0631,0.3658
1890,1890,2026-08-27,0.184,0.8023,0.01,0.8208
1891,1891,2026-08-27,0.3036,0.4376,0.01,0.4847
1892,1892,2026-08-27,0.9616,0.1179,0.2483,0.3325
1893,1893,2026-08-27,0.1711,0.4134,0.0345,0.5585
1894,1894,2026-08-27,0.2304,0.3679,0.231,0.5087
1895,1895,2026-08-27,0.2128,0.323,0.0962,0.499
1896,1896,2026-08-27,0.3321,0.5139,0.01,0.5916
1897,1897,2026-08-27,0.9599,0.0214,0.1674,0.2874
1898,1898,2026-08-27,0.3604,0.4649,0.034,0.5884
1899,1899,2026-08-27,0.2747,0.2509,0.2262,0.5098
1900,1900,2026-08-27,0.4139,0.01,0.01,0.3948
1901,1901,2026-08-27,0.1292,0.5684,0.2082,0.5413
1902,1902,2026-08-27,0.2422,0.165,0.2807,0.3574
1903,1903,2026-08-27,0.2863,0.0536,0.01,0.365
1904,1904,2026-08-27,0.3786,0.3705,0.0347,0.4481
1905,1905,2026-08-27,0.1995,0.3779,0.01,0.4959
1906,1906,2026-08-27,0.2917,0.5575,0.0757,0.6553
1907,1907,2026-08-27,0.3893,0.5202,0.2707,0.6255
1908,1908,2026-08-27,0.475,0.0483,0.2413,0.4414
1909,1909,2026-08-27,0.2758,0.1689,0.0973,0.4672
1910,1910,2026-08-27,0.3426,0.0982,0.01,0.4239
1911,1911,2026-08-27,0.4257,0.0915,0.1567,0.4216
1912,1912,2026-08-27,0.401,0.4139,0.0336,0.4857
1913,1913,2026-08-27,0.4899,0.01,0.2179,0.4088
1914,1914,2026-08-27,0.3602,0.3965,0.0374,0.6084
1915,1915,2026-08-27,0.4608,0.4834,0.1134,0.5702
1916,1916,2026-08-27,0.1642,0.5178,0.01,0.6213
1917,1917,2026-08-27,0.8415,0.061,0.1894,0.4378
1918,1918,2026-08-27,0.9254,0.0677,0.1237,0.285
1919,1919,2026-08-27,0.0773,0.3517,0.0467,0.5443
1920,1920,2026-08-27,0.3883,0.0628,0.0892,0.3226
1921,1921,2026-08-27,0.095,0.4119,0.0724,0.5032
1922,1922,2026-08-27,0.3207,0.4172,0.01,0.6163
1923,1923,2026-08-27,0.0355,0.3137,0.01,0.511
1924,1924,2026-08-27,0.2877,0.5407,0.01,0.7339
1925,1925,2026-08-27,0.3117,0.4182,0.0351,0.5333
1926,1926,2026-08-27,0.1463,0.3135,0.1714,0.4362
1927,1927,2026-08-27,0.249,0.4301,0.01,0.5475
1928,1928,2026-08-27,0.8715,0.201,0.1894,0.5403
1929,1929,2026-08-27,0.3917,0.1372,0.1219,0.424
1930,1930,2026-08-27,0.3836,0.5079,0.01,0.6306
1931,1931,2026-08-27,0.9114,0.0113,0.1729,0.2359
1932,1932,2026-08-27,0.1673,0.3635,0.01,0.5941
1933,1933,2026-08-27,0.3403,0.1651,0.01,0.4179
1934,1934,2026-08-27,0.3685,0.01,0.1516,0.3966
1935,1935,2026-08-27,0.99,0.01,0.1608,0.2686
1936,1936,2026-08-27,0.2524,0.2361,0.1744,0.4206
1937,1937,2026-08-27,0.124,0.4303,0.0432,0.6141
1938,1938,2026-08-27,0.2357,0.4972,0.01,0.5807
1939,1939,2026-08-27,0.2376,0.4306,0.01,0.4965
1940,1940,2026-08-27,0.1094,0.2292,0.2724,0.3571
1941,1941,2026-08-27,0.3196,0.44,0.01,0.5177
1942,1942,2026-08-27,0.2764,0.4698,0.0878,0.5437
1943,1943,2026-08-27,0.2167,0.3967,0.0421,0.5417
1944,1944,2026-08-27,0.3743,0.3916,0.1412,0.5365
1945,1945,2026-08-27,0.2653,0.1288,0.2977,0.2743
1946,1946,2026-08-27,0.3383,0.2471,0.0955,0.39
1947,1947,2026-08-27,0.4183,0.4438,0.1646,0.4895
1948,1948,2026-08-27,0.4193,0.054,0.0366,0.4215
1949,1949,2026-08-27,0.1802,0.2518,0.0724,0.4194
1950,1950,2026-08-27,0.3402,0.0746,0.0181,0.3905
1951,1951,2026-08-27,0.3732,0.0782,0.01,0.2975
1952,1952,2026-08-27,0.3035,0.0942,0.333,0.3615
1953,1953,2026-08-27,0.2908,0.1369,0.01,0.3685
1954,1954,2026-08-27,0.3027,0.0972,0.229,0.3645
1955,1955,2026-08-27,0.3001,0.0551,0.246,0.2415
1956,1956,2026-08-27,0.2069,0.188,0.0965,0.4249
1957,1957,2026-08-27,0.1663,0.3979,0.2222,0.427
1958,1958,2026-08-27,0.1746,0.298,0.1393,0.4839
1959,1959,2026-08-27,0.2913,0.0882,0.01,0.3222
1960,1960,2026-08-27,0.2439,0.3665,0.01,0.5277
1961,1961,2026-08-27,0.2469,0.3102,0.01,0.4947
1962,1962,2026-08-27,0.2279,0.4324,0.2227,0.5365
1963,1963,2026-08-27,0.0517,0.3161,0.0632,0.4679
1964,1964,2026-08-27,0.2693,0.4348,0.084,0.5369
1965,1965,2026-08-27,0.8917,0.0675,0.0921,0.3179
1966,1966,2026-08-27,0.1988,0.2729,0.1627,0.5135
1967,1967,2026-08-27,0.9706,0.0412,0.1464,0.2896
1968,1968,2026-08-27,0.388,0.01,0.01,0.2832
1969,1969,2026-08-27,0.0696,0.3599,0.0163,0.4713
1970,1970,2026-08-27,0.2009,0.4188,0.01,0.5541
1971,1971,2026-08-27,0.25,0.4202,0.2207,0.457
1972,1972,2026-08-27,0.29,0.0599,0.01,0.3378
1973,1973,2026-08-27,0.7695,0.0928,0.0491,0.3353
1974,1974,2026-08-27,0.4195,0.3861,0.055,0.6096
1975,1975,2026-08-27,0.3347,0.4077,0.1581,0.4914
1976,1976,2026-08-27,0.4041,0.3177,0.01,0.6123
1977,1977,2026-08-27,0.1606,0.3197,0.2479,0.4531
1978,1978,2026-08-27,0.3289,0.1544,0.1927,0.2865
1979,1979,2026-08-27,0.99,0.0369,0.1528,0.5074
1980,1980,2026-08-27,0.3725,0.387,0.01,0.5161
1981,1981,2026-08-27,0.3619,0.01,0.0849,0.3367
1982,1982,2026-08-27,0.2354,0.4322,0.0833,0.6177
1983,1983,2026-08-27,0.3215,0.0506,0.01,0.3057
1984,1984,2026-08-27,0.3947,0.4468,0.01,0.5742
1985,1985,2026-08-27,0.1824,0.571,0.01,0.6142
1986,1986,2026-08-27,0.3036,0.0341,0.012,0.3367
1987,1987,2026-08-27,0.337,0.5221,0.0581,0.6668
1988,1988,2026-08-27,0.9542,0.01,0.1498,0.2476
1989,1989,2026-08-27,0.3329,0.0146,0.01,0.2851
1990,1990,2026-08-27,0.2556,0.3736,0.2271,0.4032
1991,1991,2026-08-27,0.1273,0.2472,0.0292,0.4696
1992,1992,2026-08-27,0.9386,0.01,0.1383,0.4963
1993,1993,2026-08-27,0.3109,0.4479,0.01,0.6252
1994,1994,2026-08-27,0.2412,0.2985,0.2332,0.4848
1995,1995,2026-08-27,0.1756,0.3394,0.3002,0.4633
1996,1996,2026-08-27,0.8453,0.0447,0.1086,0.2836
1997,1997,2026-08-27,0.4041,0.4026,0.0172,0.6014
1998,1998,2026-08-27,0.3478,0.3425,0.01,0.5856
1999,1999,2026-08-27,0.3702,0.1727,0.01,0.5376
2000,2000,2026-08-27,0.166,0.4323,0.01,0.5369
2001,2001,2026-08-27,0.4149,0.0476,0.01,0.3722
2002,2002,2026-08-27,0.248,0.4062,0.01,0.6029
2003,2003,2026-08-27,0.3423,0.01,0.01,0.2621
2004,2004,2026-08-27,0.99,0.107,0.2313,0.274
2005,2005,2026-08-27,0.1253,0.0228,0.0898,0.3278
2006,2006,2026-08-27,0.3832,0.01,0.0251,0.3093
2007,2007,2026-08-27,0.2212,0.4557,0.08,0.5239
2008,2008,2026-08-27,0.3108,0.3568,0.0315,0.4695
2009,2009,2026-08-27,0.3741,0.1875,0.0322,0.415
2010,2010,2026-08-27,0.9605,0.0482,0.3205,0.2128
2011,2011,2026-08-27,0.1796,0.1347,0.01,0.3619
2012,2012,2026-08-27,0.3949,0.4675,0.01,0.4975
2013,2013,2026-08-27,0.2306,0.2556,0.01,0.4766
2014,2014,2026-08-27,0.2906,0.5542,0.01,0.576
2015,2015,2026-08-27,0.3789,0.5383,0.01,0.6777
2016,2016,2026-08-27,0.1543,0.457,0.0197,0.5597
2017,2017,2026-08-27,0.2821,0.6295,0.0129,0.6222
2018,2018,2026-08-27,0.3069,0.141,0.01,0.5034
2019,2019,2026-08-27,0.231,0.3285,0.0415,0.4802
2020,2020,2026-08-27,0.2149,0.4868,0.2947,0.5791
2021,2021,2026-08-27,0.8247,0.0738,0.2067,0.4477
2022,2022,2026-08-27,0.2452,0.1517,0.117,0.3749
2023,2023,2026-08-27,0.1712,0.1823,0.2281,0.3328
2024,2024,2026-08-27,0.2613,0.4981,0.2343,0.5564
2025,2025,2026-08-27,0.4277,0.5715,0.1332,0.6965
2026,2026,2026-08-27,0.3738,0.4629,0.0465,0.6793
2027,2027,2026-08-27,0.2551,0.0859,0.026,0.337
2028,2028,2026-08-27,0.3052,0.3425,0.01,0.6061
2029,2029,2026-08-27,0.1592,0.3878,0.0499,0.5805
2030,2030,2026-08-27,0.308,0.3515,0.2366,0.5705
2031,2031,2026-08-27,0.4336,0.1571,0.01,0.5257
2032,2032,2026-08-27,0.1404,0.4533,0.1729,0.4908
2033,2033,2026-08-27,0.4131,0.2615,0.01,0.5533
2034,2034,2026-08-27,0.2087,0.4472,0.01,0.6484
2035,2035,2026-08-27,0.3755,0.0354,0.1242,0.3637
2036,2036,2026-08-27,0.3004,0.082,0.01,0.4049
2037,2037,2026-08-27,0.3855,0.0856,0.2312,0.2716
2038,2038,2026-08-27,0.1587,0.3886,0.2576,0.4426
2039,2039,2026-08-27,0.0865,0.4149,0.01,0.5671
2040,2040,2026-08-27,0.2494,0.0599,0.0174,0.377
2041,2041,2026-08-27,0.3456,0.4581,0.0879,0.4975
2042,2042,2026-08-27,0.3846,0.1938,0.01,0.4421
2043,2043,2026-08-27,0.0607,0.3335,0.01,0.5308
2044,2044,2026-08-27,0.2377,0.1264,0.01,0.3738
2045,2045,2026-08-27,0.3173,0.01,0.0125,0.3239
2046,2046,2026-08-27,0.359,0.0637,0.1405,0.3844
2047,2047,2026-08-27,0.3535,0.5401,0.01,0.6421
2048,2048,2026-08-27,0.1039,0.3767,0.0133,0.5044
2049,2049,2026-08-27,0.2897,0.4408,0.0824,0.4827
2050,2050,2026-08-27,0.4334,0.339,0.209,0.5334
2051,2051,2026-08-27,0.3955,0.1449,0.0543,0.3596
2052,2052,2026-08-27,0.2989,0.1189,0.2029,0.4086
2053,2053,2026-08-27,0.4203,0.3494,0.0341,0.6688
2054,2054,2026-08-27,0.4418,0.066,0.0196,0.3129
2055,2055,2026-08-27,0.3285,0.3921,0.0976,0.5662
2056,2056,2026-08-27,0.1507,0.3038,0.0211,0.4876
2057,2057,2026-08-27,0.3229,0.0417,0.2028,0.3868
2058,2058,2026-08-27,0.0793,0.2618,0.1191,0.3518
2059,2059,2026-08-27,0.2123,0.2526,0.222,0.439
2060,2060,2026-08-27,0.3075,0.1688,0.125,0.3312
2061,2061,2026-08-27,0.3082,0.1492,0.01,0.4284
2062,2062,2026-08-27,0.2619,0.3882,0.0682,0.4695
2063,2063,2026-08-27,0.1127,0.3945,0.0364,0.4
2064,2064,2026-08-27,0.1036,0.1951,0.092,0.4668
2065,2065,2026-08-27,0.2307,0.4899,0.01,0.6395
2066,2066,2026-08-27,0.3422,0.01,0.0804,0.3202
2067,2067,2026-08-27,0.2361,0.2526,0.0432,0.4747
2068,2068,2026-08-27,0.3852,0.1397,0.2797,0.2892
2069,2069,2026-08-27,0.2998,0.5641,0.0384,0.5995
2070,2070,2026-08-27,0.1269,0.4038,0.0415,0.5992
2071,2071,2026-08-27,0.3501,0.01,0.01,0.3435
2072,2072,2026-08-27,0.2424,0.4964,0.0465,0.6274
2073,2073,2026-08-27,0.4923,0.6094,0.0777,0.6389
2074,2074,2026-08-27,0.3963,0.0279,0.0809,0.2995
2075,2075,2026-08-27,0.448,0.5611,0.01,0.7509
2076,2076,2026-08-27,0.2251,0.4147,0.3254,0.4328
2077,2077,2026-08-27,0.304,0.1771,0.1222,0.3788
2078,2078,2026-08-27,0.3435,0.5466,0.01,0.5828
2079,2079,2026-08-27,0.2982,0.5602,0.0471,0.5277
2080,2080,2026-08-27,0.3104,0.1009,0.0847,0.4122
2081,2081,2026-08-27,0.3352,0.4608,0.0386,0.663
2082,2082,2026-08-27,0.2761,0.4369,0.01,0.4594
2083,2083,2026-08-27,0.8949,0.01,0.162,0.238
2084,2084,2026-08-27,0.2982,0.4443,0.096,0.4785
2085,2085,2026-08-27,0.9206,0.01,0.402,0.2214
2086,2086,2026-08-27,0.2881,0.4739,0.0324,0.6103
2087,2087,2026-08-27,0.1448,0.4446,0.3104,0.4941
2088,2088,2026-08-27,0.3204,0.4541,0.0106,0.619
2089,2089,2026-08-27,0.9356,0.01,0.1159,0.2257
2090,2090,2026-08-27,0.2146,0.4056,0.1179,0.4293
2091,2091,2026-08-27,0.2984,0.735,0.01,0.7005
2092,2092,2026-08-27,0.372,0.1346,0.01,0.4551
2093,2093,2026-08-27,0.1499,0.367,0.01,0.5432
2094,2094,2026-08-27,0.3333,0.4237,0.01,0.5149
2095,2095,2026-08-27,0.4308,0.139,0.01,0.5177
2096,2096,2026-08-27,0.459,0.4107,0.01,0.694
2097,2097,2026-08-27,0.2936,0.1002,0.1978,0.3511
2098,2098,2026-08-27,0.2187,0.4442,0.259,0.4314
2099,2099,2026-08-27,0.2605,0.164,0.2991,0.3663
2100,2100,2026-08-27,0.3131,0.5634,0.1104,0.557
2101,2101,2026-08-27,0.868,0.01,0.3844,0.2264
2102,2102,2026-08-27,0.2655,0.2087,0.1971,0.4673
2103,2103,2026-08-27,0.3326,0.04,0.01,0.3284
2104,2104,2026-08-27,0.3454,0.1202,0.1098,0.3424
2105,2105,2026-08-27,0.1036,0.4156,0.01,0.5276
2106,2106,2026-08-27,0.8952,0.0223,0.2204,0.2835
2107,2107,2026-08-27,0.8537,0.1276,0.1551,0.5557
2108,2108,2026-08-27,0.4007,0.0399,0.01,0.4197
2109,2109,2026-08-27,0.2841,0.5729,0.095,0.6691
2110,2110,2026-08-27,0.1828,0.4358,0.0669,0.4694
2111,2111,2026-08-27,0.1566,0.4733,0.0727,0.5888
2112,2112,2026-08-27,0.1092,0.2799,0.17,0.4761
2113,2113,2026-08-27,0.3892,0.3256,0.01,0.5859
2114,2114,2026-08-27,0.1792,0.4009,0.01,0.5161
2115,2115,2026-08-27,0.3044,0.1752,0.259,0.4395
2116,2116,2026-08-27,0.3428,0.2824,0.0405,0.4754
2117,2117,2026-08-27,0.4208,0.3739,0.0158,0.5157
2118,2118,2026-08-27,0.1783,0.258,0.1634,0.4246
2119,2119,2026-08-27,0.2633,0.1703,0.4622,0.3375
2120,2120,2026-08-27,0.2806,0.5565,0.01,0.6006
2121,2121,2026-08-27,0.3497,0.4057,0.01,0.5074
2122,2122,2026-08-27,0.2605,0.0441,0.0208,0.4114
2123,2123,2026-08-27,0.2806,0.5207,0.01,0.5518
2124,2124,2026-08-27,0.3527,0.3679,0.0499,0.4891
2125,2125,2026-08-27,0.347,0.5475,0.0268,0.7332
2126,2126,2026-08-27,0.3738,0.3973,0.01,0.6571
2127,2127,2026-08-27,0.3334,0.3621,0.277,0.4736
2128,2128,2026-08-27,0.2476,0.6027,0.2186,0.5988
2129,2129,2026-08-27,0.339,0.1506,0.01,0.4982
2130,2130,2026-08-27,0.3012,0.1794,0.0703,0.429
2131,2131,2026-08-27,0.1804,0.5386,0.021,0.5703
2132,2132,2026-08-27,0.889,0.01,0.2605,0.1984
2133,2133,2026-08-27,0.3209,0.0844,0.0144,0.3821
2134,2134,2026-08-27,0.3417,0.1021,0.01,0.3816
2135,2135,2026-08-27,0.2115,0.3913,0.0164,0.4959
2136,2136,2026-08-27,0.215,0.3138,0.0293,0.4636
2137,2137,2026-08-27,0.3439,0.3943,0.01,0.6374
2138,2138,2026-08-27,0.4291,0.0414,0.01,0.3459
2139,2139,2026-08-27,0.3098,0.1536,0.1563,0.3611
2140,2140,2026-08-27,0.3215,0.0543,0.0914,0.3418
2141,2141,2026-08-27,0.2533,0.0874,0.0133,0.2852
2142,2142,2026-08-27,0.4049,0.2937,0.018,0.5722
2143,2143,2026-08-27,0.3693,0.159,0.0355,0.4939
2144,2144,2026-08-27,0.376,0.01,0.1471,0.2632
2145,2145,2026-08-27,0.3664,0.3343,0.0505,0.4267
2146,2146,2026-08-27,0.3443,0.01,0.0436,0.3421
2147,2147,2026-08-27,0.3205,0.01,0.01,0.4706
2148,2148,2026-08-27,0.307,0.1715,0.0389,0.4126
2149,2149,2026-08-27,0.3457,0.01,0.061,0.4234
2150,2150,2026-08-27,0.2197,0.2157,0.01,0.4867
2151,2151,2026-08-27,0.8837,0.01,0.2749,0.257
2152,2152,2026-08-27,0.1164,0.304,0.0412,0.4161
2153,2153,2026-08-27,0.3109,0.0535,0.033,0.3369
2154,2154,2026-08-27,0.3875,0.01,0.121,0.2988
2155,2155,2026-08-27,0.1608,0.3725,0.3391,0.4307
2156,2156,2026-08-27,0.3262,0.0163,0.1175,0.3251
2157,2157,2026-08-27,0.0744,0.0754,0.0406,0.3811
2158,2158,2026-08-27,0.4121,0.3889,0.1448,0.5117
2159,2159,2026-08-27,0.3383,0.4782,0.01,0.569
2160,2160,2026-08-27,0.2896,0.1714,0.0211,0.5167
2161,2161,2026-08-27,0.3048,0.6304,0.1831,0.6808
2162,2162,2026-08-27,0.2584,0.5355,0.01,0.5653
2163,2163,2026-08-27,0.4007,0.3671,0.0985,0.5831
2164,2164,2026-08-27,0.2953,0.5083,0.0784,0.6167
2165,2165,2026-08-27,0.36,0.0555,0.0741,0.3087
2166,2166,2026-08-27,0.3007,0.5924,0.1049,0.5762
2167,2167,2026-08-27,0.2675,0.0465,0.0949,0.3267
2168,2168,2026-08-27,0.3542,0.5367,0.01,0.6516
2169,2169,2026-08-27,0.3838,0.5407,0.0913,0.6826
2170,2170,2026-08-27,0.1004,0.3373,0.01,0.4542
2171,2171,2026-08-27,0.2408,0.4777,0.01,0.5921
2172,2172,2026-08-27,0.3113,0.4166,0.1467,0.5402
2173,2173,2026-08-27,0.1152,0.3101,0.01,0.4956
2174,2174,2026-08-27,0.3152,0.4397,0.0639,0.6669
2175,2175,2026-08-27,0.2402,0.5834,0.01,0.6949
2176,2176,2026-08-27,0.2221,0.3866,0.01,0.4967
2177,2177,2026-08-27,0.3385,0.7058,0.01,0.8094
2178,2178,2026-08-27,0.2887,0.0602,0.0543,0.3633
2179,2179,2026-08-27,0.2038,0.4156,0.01,0.5233
2180,2180,2026-08-27,0.2799,0.1792,0.1365,0.3589
2181,2181,2026-08-27,0.452,0.0468,0.1383,0.3239
2182,2182,2026-08-27,0.4382,0.1005,0.2686,0.3212
2183,2183,2026-08-27,0.4217,0.0916,0.2578,0.4311
2184,2184,2026-08-27,0.3245,0.3667,0.01,0.5289
2185,2185,2026-08-27,0.1992,0.2862,0.2815,0.4491
2186,2186,2026-08-27,0.3472,0.3465,0.0205,0.6504
2187,2187,2026-08-27,0.3158,0.0336,0.0461,0.4003
2188,2188,2026-08-27,0.1774,0.5084,0.1062,0.5384
2189,2189,2026-08-27,0.2502,0.6526,0.0714,0.7014
2190,2190,2026-08-27,0.3965,0.01,0.038,0.5803
2191,2191,2026-08-27,0.2938,0.1301,0.1752,0.3828
2192,2192,2026-08-27,0.2298,0.3385,0.01,0.5311
2193,2193,2026-08-27,0.937,0.0903,0.1362,0.2444
2194,2194,2026-08-27,0.32,0.235,0.1156,0.4765
2195,2195,2026-08-27,0.3459,0.4971,0.01,0.6142
2196,2196,2026-08-27,0.3668,0.137,0.0455,0.3896
2197,2197,2026-08-27,0.2829,0.137,0.0442,0.4228
2198,2198,2026-08-27,0.1183,0.3445,0.0876,0.5033
2199,2199,2026-08-27,0.3019,0.4571,0.118,0.4811
2200,2200,2026-08-27,0.8403,0.0348,0.1234,0.2429
2201,2201,2026-08-27,0.2359,0.1706,0.1827,0.4435
2202,2202,2026-08-27,0.3552,0.2156,0.2673,0.3255
2203,2203,2026-08-27,0.3132,0.0732,0.1724,0.3103
2204,2204,2026-08-27,0.2727,0.5264,0.01,0.6607
2205,2205,2026-08-27,0.3066,0.6464,0.01,0.6656
2206,2206,2026-08-27,0.1252,0.3572,0.0982,0.5571
2207,2207,2026-08-27,0.755,0.13,0.2761,0.2334
2208,2208,2026-08-27,0.2955,0.4706,0.1677,0.6737
2209,2209,2026-08-27,0.2837,0.5078,0.01,0.6761
2210,2210,2026-08-27,0.3373,0.224,0.01,0.5682
2211,2211,2026-08-27,0.312,0.0278,0.0623,0.3951
2212,2212,2026-08-27,0.3835,0.5828,0.0341,0.6817
2213,2213,2026-08-27,0.4135,0.0241,0.0539,0.3728
2214,2214,2026-08-27,0.1629,0.3649,0.01,0.5773
2215,2215,2026-08-27,0.2882,0.0595,0.0283,0.3579
2216,2216,2026-08-27,0.3514,0.1341,0.1655,0.363
2217,2217,2026-08-27,0.3543,0.01,0.1954,0.3365
2218,2218,2026-08-27,0.2333,0.01,0.01,0.309
2219,2219,2026-08-27,0.3549,0.1344,0.0185,0.2614
2220,2220,2026-08-27,0.46,0.5494,0.0157,0.743
2221,2221,2026-08-27,0.3344,0.4892,0.01,0.6185
2222,2222,2026-08-27,0.37,0.4166,0.01,0.5475
2223,2223,2026-08-27,0.2795,0.5416,0.0463,0.6985
2224,2224,2026-08-27,0.3187,0.3594,0.0349,0.5982
2225,2225,2026-08-27,0.3079,0.0928,0.01,0.3639
2226,2226,2026-08-27,0.2517,0.4672,0.01,0.5794
2227,2227,2026-08-27,0.8925,0.01,0.1237,0.3198
2228,2228,2026-08-27,0.2421,0.212,0.1707,0.4235
2229,2229,2026-08-27,0.2883,0.2694,0.1218,0.4985
2230,2230,2026-08-27,0.8555,0.0192,0.1172,0.4558
2231,2231,2026-08-27,0.3406,0.5482,0.0432,0.7209
2232,2232,2026-08-27,0.8385,0.1353,0.2076,0.3661
2233,2233,2026-08-27,0.2541,0.2596,0.0556,0.5325
2234,2234,2026-08-27,0.3316,0.1427,0.01,0.4393
2235,2235,2026-08-27,0.9294,0.1188,0.2294,0.3465
2236,2236,2026-08-27,0.2758,0.1464,0.0265,0.4905
2237,2237,2026-08-27,0.2618,0.0448,0.0845,0.3738
2238,2238,2026-08-27,0.3661,0.3754,0.1629,0.5526
2239,2239,2026-08-27,0.3321,0.3945,0.0403,0.6379
2240,2240,2026-08-27,0.1154,0.3788,0.0301,0.5069
2241,2241,2026-08-27,0.2965,0.4382,0.0437,0.5049
2242,2242,2026-08-27,0.286,0.2189,0.015,0.445
2243,2243,2026-08-27,0.2181,0.4982,0.01,0.6101
2244,2244,2026-08-27,0.306,0.4295,0.0292,0.5037
2245,2245,2026-08-27,0.3713,0.5285,0.01,0.7119
2246,2246,2026-08-27,0.296,0.5074,0.01,0.558
2247,2247,2026-08-27,0.2399,0.3731,0.0688,0.5813
2248,2248,2026-08-27,0.1331,0.3628,0.01,0.5236
2249,2249,2026-08-27,0.2403,0.4463,0.0876,0.6116
2250,2250,2026-08-27,0.3171,0.5066,0.2466,0.5357
2251,2251,2026-08-27,0.0708,0.5227,0.1126,0.5753
2252,2252,2026-08-27,0.3559,0.0324,0.0654,0.2995
2253,2253,2026-08-27,0.2851,0.4167,0.1474,0.5878
2254,2254,2026-08-27,0.1163,0.4383,0.1589,0.5468
2255,2255,2026-08-27,0.3206,0.3228,0.1068,0.4428
2256,2256,2026-08-27,0.11,0.277,0.0443,0.462
2257,2257,2026-08-27,0.3786,0.1032,0.1213,0.3583
2258,2258,2026-08-27,0.3836,0.01,0.01,0.4079
2259,2259,2026-08-27,0.2995,0.1115,0.0449,0.4704
2260,2260,2026-08-27,0.2777,0.5602,0.2187,0.5909
2261,2261,2026-08-27,0.8774,0.0887,0.1158,0.598
2262,2262,2026-08-27,0.3238,0.0326,0.01,0.351
2263,2263,2026-08-27,0.3837,0.5469,0.2512,0.6867
2264,2264,2026-08-27,0.1975,0.3018,0.1614,0.4556
2265,2265,2026-08-27,0.1807,0.3829,0.01,0.5601
2266,2266,2026-08-27,0.2201,0.2909,0.2153,0.4539
2267,2267,2026-08-27,0.9196,0.01,0.1707,0.2898
2268,2268,2026-08-27,0.0922,0.4169,0.0387,0.5782
2269,2269,2026-08-27,0.8687,0.01,0.1682,0.2345
2270,2270,2026-08-27,0.3879,0.1087,0.093,0.3036
2271,2271,2026-08-27,0.2625,0.4594,0.1548,0.559
2272,2272,2026-08-27,0.0789,0.2934,0.236,0.4135
2273,2273,2026-08-27,0.9185,0.0321,0.085,0.2423
2274,2274,2026-08-27,0.3112,0.2109,0.0532,0.4108
2275,2275,2026-08-27,0.3371,0.1288,0.1503,0.39
2276,2276,2026-08-27,0.2727,0.1851,0.156,0.4654
2277,2277,2026-08-27,0.171,0.2966,0.01,0.4712
2278,2278,2026-08-27,0.3578,0.3148,0.01,0.4217
2279,2279,2026-08-27,0.3455,0.01,0.1424,0.2641
2280,2280,2026-08-27,0.9822,0.1277,0.1615,0.3129
2281,2281,2026-08-27,0.154,0.4897,0.01,0.5889
2282,2282,2026-08-27,0.2476,0.585,0.1205,0.5407
2283,2283,2026-08-27,0.342,0.4639,0.2516,0.5097
2284,2284,2026-08-27,0.99,0.01,0.2666,0.2173
2285,2285,2026-08-27,0.2762,0.3858,0.075,0.5496
2286,2286,2026-08-27,0.2695,0.1804,0.1507,0.4473
2287,2287,2026-08-27,0.306,0.1518,0.01,0.4071
2288,2288,2026-08-27,0.3013,0.2016,0.0444,0.423
2289,2289,2026-08-27,0.1903,0.5014,0.01,0.5577
2290,2290,2026-08-27,0.2944,0.5588,0.1225,0.6237
2291,2291,2026-08-27,0.343,0.0912,0.01,0.2936
2292,2292,2026-08-27,0.9554,0.051,0.2274,0.2313
2293,2293,2026-08-27,0.0903,0.3796,0.1524,0.4872
2294,2294,2026-08-27,0.2989,0.6381,0.01,0.6718
2295,2295,2026-08-27,0.2345,0.2545,0.1148,0.4293
2296,2296,2026-08-27,0.2711,0.0142,0.0737,0.3772
2297,2297,2026-08-27,0.9449,0.0903,0.1232,0.4078
2298,2298,2026-08-27,0.3634,0.1768,0.1193,0.458
2299,2299,2026-08-27,0.1328,0.1301,0.1513,0.441
2300,2300,2026-08-27,0.8855,0.0309,0.2769,0.2388
2301,2301,2026-08-27,0.3067,0.01,0.0457,0.3652
2302,2302,2026-08-27,0.9138,0.1118,0.2994,0.3247
2303,2303,2026-08-27,0.0555,0.5222,0.01,0.5328
2304,2304,2026-08-27,0.0543,0.3387,0.1509,0.4292
2305,2305,2026-08-27,0.3298,0.3744,0.2136,0.6193
2306,2306,2026-08-27,0.2718,0.3799,0.01,0.5972
2307,2307,2026-08-27,0.1323,0.4119,0.0429,0.5286
2308,2308,2026-08-27,0.3047,0.5905,0.0863,0.6895
2309,2309,2026-08-27,0.01,0.4137,0.1453,0.4552
2310,2310,2026-08-27,0.3493,0.01,0.0763,0.2647
2311,2311,2026-08-27,0.2816,0.1234,0.01,0.329
2312,2312,2026-08-27,0.2619,0.2257,0.0561,0.4339
2313,2313,2026-08-27,0.3041,0.5988,0.01,0.7097
2314,2314,2026-08-27,0.3017,0.4031,0.01,0.486
2315,2315,2026-08-27,0.3318,0.5149,0.01,0.6755
2316,2316,2026-08-27,0.1885,0.4032,0.01,0.4763
2317,2317,2026-08-27,0.2817,0.4477,0.01,0.5269
2318,2318,2026-08-27,0.456,0.0843,0.06,0.4638
2319,2319,2026-08-27,0.2203,0.4318,0.0313,0.543
2320,2320,2026-08-27,0.4292,0.0602,0.2439,0.2791
2321,2321,2026-08-27,0.1914,0.1377,0.1577,0.3199
2322,2322,2026-08-27,0.3175,0.2822,0.1714,0.5085
2323,2323,2026-08-27,0.2915,0.5639,0.1143,0.5849
2324,2324,2026-08-27,0.2755,0.1207,0.0887,0.3503
2325,2325,2026-08-27,0.3117,0.5428,0.01,0.5853
2326,2326,2026-08-27,0.3554,0.0311,0.0389,0.2734
2327,2327,2026-08-27,0.2831,0.5922,0.01,0.7409
2328,2328,2026-08-27,0.2687,0.3808,0.1332,0.456
2329,2329,2026-08-27,0.2634,0.2786,0.0482,0.5136
2330,2330,2026-08-27,0.1828,0.2939,0.0473,0.4223
2331,2331,2026-08-27,0.132,0.4466,0.0163,0.5645
2332,2332,2026-08-27,0.2549,0.4994,0.01,0.6971
2333,2333,2026-08-27,0.3752,0.1468,0.0229,0.4763
2334,2334,2026-08-27,0.2075,0.3698,0.0824,0.5853
2335,2335,2026-08-27,0.4496,0.3421,0.2115,0.5257
2336,2336,2026-08-27,0.99,0.01,0.1545,0.4899
2337,2337,2026-08-27,0.2946,0.0706,0.1982,0.2868
2338,2338,2026-08-27,0.3805,0.469,0.0819,0.5838
2339,2339,2026-08-27,0.1923,0.4264,0.2443,0.4591
2340,2340,2026-08-27,0.2843,0.1091,0.0143,0.5312
2341,2341,2026-08-27,0.3818,0.4062,0.0934,0.4345
2342,2342,2026-08-27,0.2555,0.3224,0.1111,0.5189
2343,2343,2026-08-27,0.7667,0.0226,0.1128,0.29
2344,2344,2026-08-27,0.3087,0.5889,0.0813,0.5822
2345,2345,2026-08-27,0.8434,0.0489,0.1978,0.2945
2346,2346,2026-08-27,0.265,0.2377,0.0472,0.4648
2347,2347,2026-08-27,0.3956,0.1714,0.01,0.5101
2348,2348,2026-08-27,0.4755,0.0197,0.01,0.3603
2349,2349,2026-08-27,0.1098,0.2246,0.1739,0.3487
2350,2350,2026-08-27,0.3205,0.1551,0.01,0.5111
2351,2351,2026-08-27,0.1967,0.2711,0.1638,0.4009
2352,2352,2026-08-27,0.3756,0.0836,0.01,0.3463
2353,2353,2026-08-27,0.3811,0.4017,0.0573,0.4933
2354,2354,2026-08-27,0.1245,0.4597,0.0512,0.5634
2355,2355,2026-08-27,0.3095,0.574,0.0275,0.6923
2356,2356,2026-08-27,0.4457,0.0786,0.01,0.2718
2357,2357,2026-08-27,0.1468,0.3576,0.01,0.5243
2358,2358,2026-08-27,0.1399,0.3845,0.01,0.4606
2359,2359,2026-08-27,0.3925,0.1268,0.011,0.4643
2360,2360,2026-08-27,0.3628,0.2349,0.1248,0.32
2361,2361,2026-08-27,0.3409,0.1197,0.1172,0.4514
2362,2362,2026-08-27,0.1947,0.3448,0.023,0.5457
2363,2363,2026-08-27,0.0451,0.3602,0.01,0.5167
2364,2364,2026-08-27,0.3025,0.145,0.274,0.3344
2365,2365,2026-08-27,0.9041,0.0851,0.1676,0.3093
2366,2366,2026-08-27,0.99,0.01,0.1309,0.5059
2367,2367,2026-08-27,0.3358,0.326,0.0113,0.4322
2368,2368,2026-08-27,0.3422,0.5172,0.0287,0.6886
2369,2369,2026-08-27,0.4733,0.4275,0.0241,0.6696
2370,2370,2026-08-27,0.1095,0.472,0.0756,0.5344
2371,2371,2026-08-27,0.2275,0.3161,0.0249,0.4291
2372,2372,2026-08-27,0.349,0.4589,0.0584,0.6114
2373,2373,2026-08-27,0.2256,0.5113,0.01,0.6048
2374,2374,2026-08-27,0.3021,0.593,0.01,0.6149
2375,2375,2026-08-27,0.4259,0.3821,0.0283,0.6457
2376,2376,2026-08-27,0.3817,0.4784,0.1468,0.5262
2377,2377,2026-08-27,0.366,0.0253,0.01,0.3684
2378,2378,2026-08-27,0.1725,0.3161,0.2203,0.4651
2379,2379,2026-08-27,0.2609,0.1877,0.2928,0.3936
2380,2380,2026-08-27,0.9019,0.01,0.1975,0.2937
2381,2381,2026-08-27,0.2571,0.1377,0.1153,0.3259
2382,2382,2026-08-27,0.2458,0.4762,0.045,0.5228
2383,2383,2026-08-27,0.3044,0.6403,0.1149,0.6131
2384,2384,2026-08-27,0.3397,0.2624,0.2267,0.5047
2385,2385,2026-08-27,0.2997,0.1812,0.1732,0.4247
2386,2386,2026-08-27,0.3954,0.077,0.01,0.4502
2387,2387,2026-08-27,0.3012,0.0854,0.1076,0.3433
2388,2388,2026-08-27,0.2873,0.0804,0.0559,0.3062
2389,2389,2026-08-27,0.8474,0.097,0.1773,0.3508
2390,2390,2026-08-27,0.3191,0.2548,0.228,0.4846
2391,2391,2026-08-27,0.1004,0.3833,0.1042,0.4471
2392,2392,2026-08-27,0.8955,0.0668,0.1958,0.2412
2393,2393,2026-08-27,0.4865,0.5846,0.1201,0.749
2394,2394,2026-08-27,0.2515,0.3331,0.01,0.5762
2395,2395,2026-08-27,0.2053,0.2989,0.0444,0.4496
2396,2396,2026-08-27,0.2861,0.1247,0.0224,0.3664
2397,2397,2026-08-27,0.2626,0.4154,0.01,0.5089
2398,2398,2026-08-27,0.311,0.5315,0.0332,0.5653
2399,2399,2026-08-27,0.2969,0.2418,0.0967,0.4578
2400,2400,2026-08-27,0.0733,0.398,0.0928,0.5576
2401,2401,2026-08-27,0.1815,0.3945,0.1789,0.4996
2402,2402,2026-08-27,0.3479,0.0269,0.038,0.3293
2403,2403,2026-08-27,0.9489,0.01,0.1698,0.2716
2404,2404,2026-08-27,0.3027,0.1315,0.0288,0.3998
2405,2405,2026-08-27,0.3581,0.1454,0.035,0.3392
2406,2406,2026-08-27,0.244,0.3846,0.0188,0.6057
2407,2407,2026-08-27,0.1225,0.397,0.2352,0.4787
2408,2408,2026-08-27,0.3214,0.4617,0.1011,0.528
2409,2409,2026-08-27,0.285,0.4443,0.01,0.6359
2410,2410,2026-08-27,0.3754,0.1443,0.0199,0.5269
2411,2411,2026-08-27,0.7705,0.03,0.1085,0.2976
2412,2412,2026-08-27,0.3504,0.01,0.1762,0.3819
2413,2413,2026-08-27,0.3847,0.4386,0.01,0.5944
2414,2414,2026-08-27,0.0665,0.3327,0.01,0.4658
2415,2415,2026-08-27,0.1048,0.4546,0.2541,0.464
2416,2416,2026-08-27,0.3067,0.1764,0.3973,0.3553
2417,2417,2026-08-27,0.2884,0.3385,0.01,0.4666
2418,2418,2026-08-27,0.0329,0.4103,0.0137,0.5136
2419,2419,2026-08-27,0.2019,0.1728,0.0577,0.4217
2420,2420,2026-08-27,0.292,0.01,0.01,0.2123
2421,2421,2026-08-27,0.1016,0.2354,0.1802,0.4143
2422,2422,2026-08-27,0.1962,0.4512,0.0242,0.5635
2423,2423,2026-08-27,0.5068,0.01,0.0294,0.3469
2424,2424,2026-08-27,0.2203,0.2723,0.01,0.5138
2425,2425,2026-08-27,0.2831,0.1504,0.01,0.4519
2426,2426,2026-08-27,0.9129,0.1085,0.1468,0.3434
2427,2427,2026-08-27,0.2482,0.0143,0.2565,0.2898
2428,2428,2026-08-27,0.99,0.01,0.2062,0.3087
2429,2429,2026-08-27,0.235,0.2931,0.0928,0.4675
2430,2430,2026-08-27,0.9128,0.1362,0.1602,0.5666
2431,2431,2026-08-27,0.3951,0.0776,0.2085,0.4027
2432,2432,2026-08-27,0.8293,0.0272,0.2892,0.2219
2433,2433,2026-08-27,0.2346,0.3562,0.01,0.5045
2434,2434,2026-08-27,0.3471,0.454,0.01,0.6845
2435,2435,2026-08-27,0.8897,0.049,0.1192,0.377
2436,2436,2026-08-27,0.3174,0.01,0.01,0.2881
2437,2437,2026-08-27,0.0753,0.32,0.1881,0.4205
2438,2438,2026-08-27,0.751,0.0768,0.1448,0.5979
2439,2439,2026-08-27,0.261,0.5627,0.01,0.676
2440,2440,2026-08-27,0.868,0.01,0.2253,0.383
2441,2441,2026-08-27,0.1406,0.1115,0.01,0.3818
2442,2442,2026-08-27,0.2616,0.4727,0.01,0.5208
2443,2443,2026-08-27,0.3251,0.3897,0.01,0.5234
2444,2444,2026-08-27,0.132,0.4101,0.1545,0.469
2445,2445,2026-08-27,0.1998,0.4279,0.2287,0.4326
2446,2446,2026-08-27,0.2428,0.3218,0.01,0.4301
2447,2447,2026-08-27,0.1471,0.4394,0.2271,0.5206
2448,2448,2026-08-27,0.3644,0.4697,0.2297,0.4985
2449,2449,2026-08-27,0.1577,0.3898,0.1697,0.4899
2450,2450,2026-08-27,0.0845,0.3952,0.1758,0.4731
2451,2451,2026-08-27,0.9786,0.01,0.2396,0.2647
2452,2452,2026-08-27,0.9386,0.0274,0.2394,0.1926
2453,2453,2026-08-27,0.9692,0.01,0.1338,0.5462
2454,2454,2026-08-27,0.3784,0.01,0.0234,0.2576
2455,2455,2026-08-27,0.2187,0.3777,0.0443,0.5461
2456,2456,2026-08-27,0.1227,0.4228,0.0621,0.5278
2457,2457,2026-08-27,0.1365,0.4577,0.4601,0.4343
2458,2458,2026-08-27,0.2385,0.2398,0.01,0.4236
2459,2459,2026-08-27,0.3239,0.462,0.1007,0.5242
2460,2460,2026-08-27,0.1224,0.3927,0.1481,0.518
2461,2461,2026-08-27,0.4124,0.01,0.2385,0.1804
2462,2462,2026-08-27,0.8767,0.01,0.1497,0.2699
2463,2463,2026-08-27,0.2993,0.1998,0.1063,0.4784
2464,2464,2026-08-27,0.1829,0.4532,0.0567,0.5136
2465,2465,2026-08-27,0.2302,0.5606,0.0415,0.5502
2466,2466,2026-08-27,0.8139,0.0133,0.116,0.2821
2467,2467,2026-08-27,0.3049,0.0145,0.0704,0.2637
2468,2468,2026-08-27,0.1868,0.4731,0.037,0.5603
2469,2469,2026-08-27,0.144,0.2676,0.0665,0.5045
2470,2470,2026-08-27,0.2458,0.5754,0.3033,0.6038
2471,2471,2026-08-27,0.2079,0.4513,0.01,0.5999
2472,2472,2026-08-27,0.3042,0.0868,0.0116,0.4147
2473,2473,2026-08-27,0.873,0.01,0.1708,0.257
2474,2474,2026-08-27,0.1958,0.4335,0.01,0.5237
2475,2475,2026-08-27,0.3048,0.3345,0.1258,0.5278
2476,2476,2026-08-27,0.2991,0.2028,0.0241,0.4803
2477,2477,2026-08-27,0.49,0.4864,0.0561,0.5408
2478,2478,2026-08-27,0.2658,0.448,0.01,0.601
2479,2479,2026-08-27,0.3807,0.3909,0.0113,0.5306
2480,2480,2026-08-27,0.3095,0.0446,0.0157,0.2834
2481,2481,2026-08-27,0.0676,0.3872,0.0393,0.5122
2482,2482,2026-08-27,0.2887,0.3608,0.0594,0.4787
2483,2483,2026-08-27,0.2586,0.3256,0.0128,0.5903
2484,2484,2026-08-27,0.3493,0.4555,0.01,0.6643
2485,2485,2026-08-27,0.3759,0.1627,0.0288,0.3637
2486,2486,2026-08-27,0.3947,0.5165,0.0238,0.6391
2487,2487,2026-08-27,0.2127,0.0759,0.1111,0.3025
2488,2488,2026-08-27,0.4854,0.0929,0.2607,0.2337
2489,2489,2026-08-27,0.2604,0.2583,0.172,0.4749
2490,2490,2026-08-27,0.1976,0.5449,0.0133,0.6317
2491,2491,2026-08-27,0.3105,0.0236,0.1228,0.3604
2492,2492,2026-08-27,0.274,0.42,0.01,0.6254
2493,2493,2026-08-27,0.222,0.0208,0.1363,0.3224
2494,2494,2026-08-27,0.442,0.077,0.0303,0.3266
2495,2495,2026-08-27,0.3123,0.1994,0.1875,0.4391
2496,2496,2026-08-27,0.1527,0.5875,0.1125,0.5573
2497,2497,2026-08-27,0.2582,0.3521,0.01,0.5097
2498,2498,2026-08-27,0.4439,0.5337,0.1115,0.5263
2499,2499,2026-08-27,0.4329,0.01,0.0715,0.4142
2500,2500,2026-08-27,0.1308,0.3893,0.0442,0.492
2501,2501,2026-08-27,0.1631,0.3615,0.0313,0.506
2502,2502,2026-08-27,0.968,0.01,0.1135,0.2908
2503,2503,2026-08-27,0.3279,0.0223,0.01,0.4198
2504,2504,2026-08-27,0.2343,0.1069,0.1838,0.253
2505,2505,2026-08-27,0.4049,0.3859,0.0333,0.4497
2506,2506,2026-08-27,0.2317,0.2621,0.132,0.4734
2507,2507,2026-08-27,0.4752,0.0453,0.01,0.4559
2508,2508,2026-08-27,0.2459,0.0715,0.0426,0.4075
2509,2509,2026-08-27,0.2653,0.3735,0.0185,0.5145
2510,2510,2026-08-27,0.9088,0.0767,0.1365,0.2564
2511,2511,2026-08-27,0.1123,0.3677,0.0448,0.5525
2512,2512,2026-08-27,0.2897,0.5908,0.01,0.6733
2513,2513,2026-08-27,0.4375,0.01,0.3394,0.2778
2514,2514,2026-08-27,0.0931,0.3891,0.01,0.529
2515,2515,2026-08-27,0.2864,0.4438,0.01,0.6173
2516,2516,2026-08-27,0.3499,0.1582,0.01,0.4028
2517,2517,2026-08-27,0.3664,0.3375,0.01,0.4481
2518,2518,2026-08-27,0.2512,0.5368,0.0177,0.6303
2519,2519,2026-08-27,0.2882,0.1728,0.0324,0.3477
2520,2520,2026-08-27,0.3176,0.3287,0.0651,0.4472
2521,2521,2026-08-27,0.1739,0.4692,0.01,0.5387
2522,2522,2026-08-27,0.2104,0.4291,0.1678,0.5002
2523,2523,2026-08-27,0.3904,0.4759,0.0243,0.6885
2524,2524,2026-08-27,0.0435,0.4704,0.088,0.5571
2525,2525,2026-08-27,0.2904,0.01,0.01,0.3177
2526,2526,2026-08-27,0.2739,0.4525,0.0356,0.5461
2527,2527,2026-08-27,0.3626,0.0793,0.0199,0.4408
2528,2528,2026-08-27,0.2396,0.0425,0.1934,0.2342
2529,2529,2026-08-27,0.361,0.1301,0.01,0.3876
2530,2530,2026-08-27,0.22,0.3993,0.0679,0.5049
2531,2531,2026-08-27,0.01,0.393,0.0436,0.4679
2532,2532,2026-08-27,0.1699,0.3521,0.01,0.535
2533,2533,2026-08-27,0.8555,0.0443,0.101,0.3301
2534,2534,2026-08-27,0.29,0.3053,0.1329,0.5686
2535,2535,2026-08-27,0.2757,0.1191,0.01,0.3644
2536,2536,2026-08-27,0.1859,0.3948,0.0847,0.5974
2537,2537,2026-08-27,0.3282,0.0367,0.0961,0.3222
2538,2538,2026-08-27,0.2549,0.3515,0.01,0.5042
2539,2539,2026-08-27,0.3948,0.2132,0.01,0.5356
2540,2540,2026-08-27,0.0817,0.394,0.01,0.4732
2541,2541,2026-08-27,0.1451,0.3339,0.01,0.5711
2542,2542,2026-08-27,0.3752,0.4271,0.01,0.6778
2543,2543,2026-08-27,0.3034,0.5904,0.2136,0.6489
2544,2544,2026-08-27,0.2707,0.5467,0.01,0.5953
2545,2545,2026-08-27,0.0634,0.4789,0.01,0.53
2546,2546,2026-08-27,0.3389,0.5858,0.1961,0.6492
2547,2547,2026-08-27,0.3822,0.1068,0.2411,0.3867
2548,2548,2026-08-27,0.3559,0.4137,0.0502,0.5429
2549,2549,2026-08-27,0.2277,0.4268,0.1879,0.5452
2550,2550,2026-08-27,0.2679,0.5145,0.0454,0.5421
2551,2551,2026-08-27,0.1645,0.3572,0.2402,0.4573
2552,2552,2026-08-27,0.1585,0.3098,0.01,0.564
2553,2553,2026-08-27,0.8464,0.0603,0.1776,0.3158
2554,2554,2026-08-27,0.4123,0.0365,0.1013,0.2759
2555,2555,2026-08-27,0.2453,0.41,0.01,0.5202
2556,2556,2026-08-27,0.8496,0.1302,0.2245,0.5161
2557,2557,2026-08-27,0.3843,0.2048,0.0568,0.4442
2558,2558,2026-08-27,0.259,0.3947,0.1523,0.4728
2559,2559,2026-08-27,0.1401,0.4453,0.0497,0.5703
2560,2560,2026-08-27,0.3495,0.1536,0.0772,0.4987
2561,2561,2026-08-27,0.181,0.3941,0.2899,0.4819
2562,2562,2026-08-27,0.901,0.0711,0.1845,0.3069
2563,2563,2026-08-27,0.9343,0.0473,0.2228,0.2513
2564,2564,2026-08-27,0.2371,0.4106,0.01,0.5896
2565,2565,2026-08-27,0.1459,0.3639,0.0861,0.4876
2566,2566,2026-08-27,0.4481,0.3192,0.1362,0.5393
2567,2567,2026-08-27,0.2357,0.2166,0.0549,0.4178
2568,2568,2026-08-27,0.2218,0.3688,0.2452,0.4312
2569,2569,2026-08-27,0.8849,0.0473,0.0601,0.4488
2570,2570,2026-08-27,0.2731,0.155,0.1913,0.3545
2571,2571,2026-08-27,0.1936,0.3377,0.01,0.5343
2572,2572,2026-08-27,0.277,0.3759,0.0327,0.6254
2573,2573,2026-08-27,0.9351,0.01,0.1864,0.4926
2574,2574,2026-08-27,0.2757,0.084,0.2476,0.249
2575,2575,2026-08-27,0.1096,0.355,0.01,0.5827
2576,2576,2026-08-27,0.2366,0.4043,0.01,0.631
2577,2577,2026-08-27,0.8954,0.0763,0.193,0.3013
2578,2578,2026-08-27,0.3417,0.1437,0.0365,0.434
2579,2579,2026-08-27,0.2801,0.2311,0.056,0.5088
2580,2580,2026-08-27,0.3124,0.01,0.01,0.3139
2581,2581,2026-08-27,0.1632,0.1248,0.1014,0.4368
2582,2582,2026-08-27,0.5086,0.0993,0.1158,0.4562
2583,2583,2026-08-27,0.3416,0.3371,0.3515,0.4854
2584,2584,2026-08-27,0.1889,0.4154,0.0665,0.4985
2585,2585,2026-08-27,0.1638,0.1639,0.187,0.3774
2586,2586,2026-08-27,0.3216,0.5999,0.3336,0.5358
2587,2587,2026-08-27,0.2929,0.4953,0.01,0.65
2588,2588,2026-08-27,0.3567,0.528,0.1322,0.5601
2589,2589,2026-08-27,0.2156,0.3202,0.01,0.5161
2590,2590,2026-08-27,0.2474,0.4747,0.0143,0.5659
2591,2591,2026-08-27,0.346,0.0478,0.01,0.3043
2592,2592,2026-08-27,0.2654,0.0848,0.1172,0.3221
2593,2593,2026-08-27,0.9891,0.1397,0.1691,0.2907
2594,2594,2026-08-27,0.408,0.0507,0.1578,0.3955
2595,2595,2026-08-27,0.3009,0.4144,0.073,0.5644
2596,2596,2026-08-27,0.3771,0.1481,0.01,0.4541
2597,2597,2026-08-27,0.2643,0.2399,0.0738,0.4363
2598,2598,2026-08-27,0.2849,0.4109,0.01,0.5943
2599,2599,2026-08-27,0.2667,0.1186,0.1494,0.2827
2600,2600,2026-08-27,0.3335,0.2091,0.01,0.396
2601,2601,2026-08-27,0.304,0.3801,0.01,0.5413
2602,2602,2026-08-27,0.8846,0.1033,0.139,0.3569
2603,2603,2026-08-27,0.3103,0.4605,0.1265,0.5489
2604,2604,2026-08-27,0.8191,0.01,0.1654,0.2393
2605,2605,2026-08-27,0.3584,0.0165,0.1853,0.3563
2606,2606,2026-08-27,0.3035,0.3822,0.01,0.5313
2607,2607,2026-08-27,0.0854,0.3813,0.01,0.5771
2608,2608,2026-08-27,0.2187,0.4249,0.0174,0.5673
2609,2609,2026-08-27,0.9303,0.0628,0.2305,0.2771
2610,2610,2026-08-27,0.3671,0.4517,0.105,0.6063
2611,2611,2026-08-27,0.4328,0.0654,0.0413,0.45
2612,2612,2026-08-27,0.2256,0.0418,0.01,0.4424
2613,2613,2026-08-27,0.2421,0.3657,0.2847,0.4418
2614,2614,2026-08-27,0.2457,0.0579,0.01,0.3864
2615,2615,2026-08-27,0.2585,0.5095,0.0138,0.5681
2616,2616,2026-08-27,0.0585,0.3881,0.01,0.6224
2617,2617,2026-08-27,0.2857,0.408,0.01,0.5943
2618,2618,2026-08-27,0.3889,0.0348,0.01,0.2924
2619,2619,2026-08-27,0.3194,0.0521,0.0474,0.403
2620,2620,2026-08-27,0.3504,0.0348,0.01,0.3057
2621,2621,2026-08-27,0.1739,0.0614,0.01,0.3973
2622,2622,2026-08-27,0.3997,0.0713,0.01,0.4527
2623,2623,2026-08-27,0.3049,0.3494,0.01,0.5823
2624,2624,2026-08-27,0.3877,0.14,0.0403,0.3728
2625,2625,2026-08-27,0.2597,0.3047,0.0773,0.422
2626,2626,2026-08-27,0.2997,0.389,0.01,0.5862
2627,2627,2026-08-27,0.1943,0.4257,0.01,0.605
2628,2628,2026-08-27,0.2127,0.5055,0.0402,0.5936
2629,2629,2026-08-27,0.3091,0.3799,0.0287,0.4926
2630,2630,2026-08-27,0.3499,0.3507,0.0343,0.6174
2631,2631,2026-08-27,0.2521,0.2911,0.0636,0.5256
2632,2632,2026-08-27,0.2903,0.4035,0.249,0.5746
2633,2633,2026-08-27,0.3543,0.141,0.2094,0.4024
2634,2634,2026-08-27,0.1457,0.5347,0.01,0.6899
2635,2635,2026-08-27,0.0762,0.3623,0.2533,0.5431
2636,2636,2026-08-27,0.3914,0.2836,0.0865,0.5338
2637,2637,2026-08-27,0.0883,0.5287,0.1798,0.5327
2638,2638,2026-08-27,0.408,0.3443,0.1235,0.4315
2639,2639,2026-08-27,0.3645,0.0277,0.0937,0.2343
2640,2640,2026-08-27,0.3719,0.3704,0.0238,0.4603
2641,2641,2026-08-27,0.99,0.01,0.2287,0.2733
2642,2642,2026-08-27,0.9254,0.0648,0.2095,0.5733
2643,2643,2026-08-27,0.0821,0.3899,0.1566,0.427
2644,2644,2026-08-27,0.3116,0.1784,0.01,0.4236
2645,2645,2026-08-27,0.1878,0.5291,0.0336,0.5564
2646,2646,2026-08-27,0.3159,0.1228,0.0471,0.43
2647,2647,2026-08-27,0.8689,0.1739,0.1727,0.3759
2648,2648,2026-08-27,0.3698,0.01,0.01,0.2997
2649,2649,2026-08-27,0.8954,0.01,0.172,0.2485
2650,2650,2026-08-27,0.3755,0.01,0.0712,0.2698
2651,2651,2026-08-27,0.3611,0.01,0.01,0.428
2652,2652,2026-08-27,0.2925,0.4477,0.0292,0.6055
2653,2653,2026-08-27,0.3036,0.01,0.0457,0.2398
2654,2654,2026-08-27,0.78,0.01,0.1884,0.2435
2655,2655,2026-08-27,0.3189,0.4962,0.01,0.6321
2656,2656,2026-08-27,0.4302,0.01,0.0537,0.3923
2657,2657,2026-08-27,0.2564,0.4151,0.126,0.5536
2658,2658,2026-08-27,0.2267,0.4069,0.0654,0.4903
2659,2659,2026-08-27,0.2323,0.3321,0.032,0.5207
2660,2660,2026-08-27,0.3374,0.5704,0.01,0.6378
2661,2661,2026-08-27,0.3596,0.01,0.1607,0.184
2662,2662,2026-08-27,0.3481,0.4376,0.01,0.5903
2663,2663,2026-08-27,0.1587,0.5249,0.01,0.5715
2664,2664,2026-08-27,0.2293,0.4207,0.0971,0.5487
2665,2665,2026-08-27,0.2397,0.3107,0.3008,0.4251
2666,2666,2026-08-27,0.3771,0.0943,0.1588,0.3527
2667,2667,2026-08-27,0.4356,0.0866,0.0263,0.4442
2668,2668,2026-08-27,0.407,0.1146,0.1125,0.3631
2669,2669,2026-08-27,0.1245,0.3631,0.024,0.4888
2670,2670,2026-08-27,0.1478,0.4121,0.0366,0.4711
2671,2671,2026-08-27,0.0481,0.3971,0.01,0.5659
2672,2672,2026-08-27,0.2151,0.5883,0.0238,0.7108
2673,2673,2026-08-27,0.3327,0.4149,0.1074,0.5533
2674,2674,2026-08-27,0.2639,0.3817,0.1839,0.524
2675,2675,2026-08-27,0.1569,0.273,0.2197,0.3955
2676,2676,2026-08-27,0.0701,0.3792,0.0322,0.5081
2677,2677,2026-08-27,0.1344,0.3158,0.0179,0.4513
2678,2678,2026-08-27,0.2848,0.1797,0.01,0.3418
2679,2679,2026-08-27,0.847,0.0709,0.1592,0.5022
2680,2680,2026-08-27,0.3761,0.4886,0.01,0.6306
2681,2681,2026-08-27,0.3847,0.1197,0.1062,0.5166
2682,2682,2026-08-27,0.2614,0.0611,0.4011,0.2208
2683,2683,2026-08-27,0.3231,0.4114,0.01,0.5198
2684,2684,2026-08-27,0.1084,0.7079,0.0309,0.6912
2685,2685,2026-08-27,0.2699,0.5437,0.1942,0.4884
2686,2686,2026-08-27,0.9699,0.1273,0.1598,0.3644
2687,2687,2026-08-27,0.2981,0.4357,0.01,0.5215
2688,2688,2026-08-27,0.9406,0.1704,0.1706,0.3281
2689,2689,2026-08-27,0.3513,0.4649,0.1597,0.4918
2690,2690,2026-08-27,0.2474,0.2964,0.01,0.5027
2691,2691,2026-08-27,0.3848,0.1136,0.2642,0.2514
2692,2692,2026-08-27,0.3236,0.2732,0.2537,0.5426
2693,2693,2026-08-27,0.2631,0.01,0.01,0.3484
2694,2694,2026-08-27,0.3835,0.0246,0.01,0.3354
2695,2695,2026-08-27,0.4029,0.01,0.1742,0.2531
2696,2696,2026-08-27,0.4027,0.1788,0.1093,0.3432
2697,2697,2026-08-27,0.2346,0.0995,0.133,0.3011
2698,2698,2026-08-27,0.3494,0.0782,0.1295,0.3657
2699,2699,2026-08-27,0.2764,0.3891,0.0106,0.5917
2700,2700,2026-08-27,0.4113,0.0962,0.221,0.2365
2701,2701,2026-08-27,0.9132,0.01,0.2504,0.3198
2702,2702,2026-08-27,0.2523,0.3756,0.1184,0.4756
2703,2703,2026-08-27,0.4035,0.4382,0.15,0.5611
2704,2704,2026-08-27,0.2777,0.0548,0.2188,0.2654
2705,2705,2026-08-27,0.8798,0.0503,0.1013,0.3325
2706,2706,2026-08-27,0.1724,0.2263,0.0187,0.4159
2707,2707,2026-08-27,0.2828,0.01,0.1658,0.2706
2708,2708,2026-08-27,0.2333,0.4403,0.0452,0.5588
2709,2709,2026-08-27,0.3164,0.5098,0.091,0.5734
2710,2710,2026-08-27,0.8742,0.0278,0.2057,0.2613
2711,2711,2026-08-27,0.2669,0.1037,0.0103,0.3424
2712,2712,2026-08-27,0.3176,0.3455,0.242,0.3974
2713,2713,2026-08-27,0.4156,0.5532,0.01,0.5431
2714,2714,2026-08-27,0.2969,0.2016,0.1962,0.4554
2715,2715,2026-08-27,0.3478,0.1507,0.01,0.3823
2716,2716,2026-08-27,0.2236,0.4462,0.01,0.4992
2717,2717,2026-08-27,0.0923,0.3792,0.01,0.5453
2718,2718,2026-08-27,0.4018,0.1085,0.01,0.4184
2719,2719,2026-08-27,0.2262,0.4012,0.2357,0.5543
2720,2720,2026-08-27,0.1367,0.3232,0.148,0.4341
2721,2721,2026-08-27,0.1703,0.3017,0.0773,0.4178
2722,2722,2026-08-27,0.3899,0.035,0.0544,0.3488
2723,2723,2026-08-27,0.3428,0.3816,0.1012,0.5893
2724,2724,2026-08-27,0.391,0.4075,0.0415,0.6049
2725,2725,2026-08-27,0.2687,0.497,0.0925,0.5535
2726,2726,2026-08-27,0.9732,0.0879,0.2382,0.2291
2727,2727,2026-08-27,0.305,0.0182,0.1715,0.2678
2728,2728,2026-08-27,0.3037,0.1145,0.2065,0.3224
2729,2729,2026-08-27,0.3737,0.5103,0.0494,0.6663
2730,2730,2026-08-27,0.4002,0.111,0.01,0.4359
2731,2731,2026-08-27,0.1232,0.1593,0.2308,0.3186
2732,2732,2026-08-27,0.2826,0.3567,0.01,0.47
2733,2733,2026-08-27,0.2368,0.4483,0.01,0.5077
2734,2734,2026-08-27,0.3239,0.5448,0.0704,0.6987
2735,2735,2026-08-27,0.2533,0.4023,0.0209,0.5381
2736,2736,2026-08-27,0.085,0.4973,0.0342,0.6234
2737,2737,2026-08-27,0.3827,0.3622,0.01,0.4852
2738,2738,2026-08-27,0.128,0.3532,0.0765,0.4343
2739,2739,2026-08-27,0.9757,0.06,0.3708,0.2274
2740,2740,2026-08-27,0.1725,0.3003,0.0177,0.4029
2741,2741,2026-08-27,0.3423,0.1507,0.0313,0.4784
2742,2742,2026-08-27,0.2794,0.0109,0.1136,0.2751
2743,2743,2026-08-27,0.2142,0.3945,0.0398,0.4999
2744,2744,2026-08-27,0.3574,0.1314,0.01,0.383
2745,2745,2026-08-27,0.2763,0.436,0.0954,0.5068
2746,2746,2026-08-27,0.3142,0.0601,0.01,0.3445
2747,2747,2026-08-27,0.2987,0.4413,0.1633,0.515
2748,2748,2026-08-27,0.2742,0.435,0.01,0.548
2749,2749,2026-08-27,0.2664,0.3482,0.1874,0.4646
2750,2750,2026-08-27,0.3769,0.2838,0.1579,0.5576
2751,2751,2026-08-27,0.3797,0.2809,0.01,0.5525
2752,2752,2026-08-27,0.8233,0.0832,0.2115,0.3195
2753,2753,2026-08-27,0.3934,0.087,0.0105,0.317
2754,2754,2026-08-27,0.1932,0.1986,0.01,0.4481
2755,2755,2026-08-27,0.4299,0.1092,0.01,0.4595
2756,2756,2026-08-27,0.3438,0.1057,0.2325,0.4392
2757,2757,2026-08-27,0.2585,0.1391,0.1204,0.3286
2758,2758,2026-08-27,0.9732,0.0497,0.1615,0.2566
2759,2759,2026-08-27,0.9585,0.01,0.0662,0.2154
2760,2760,2026-08-27,0.1504,0.3347,0.01,0.4692
2761,2761,2026-08-27,0.8074,0.01,0.2008,0.2392
2762,2762,2026-08-27,0.3263,0.1257,0.01,0.4134
2763,2763,2026-08-27,0.2219,0.1679,0.2064,0.3942
2764,2764,2026-08-27,0.4815,0.5639,0.01,0.7006
2765,2765,2026-08-27,0.312,0.32,0.0255,0.4653
2766,2766,2026-08-27,0.3239,0.0449,0.01,0.2763
2767,2767,2026-08-27,0.1638,0.6467,0.01,0.7292
2768,2768,2026-08-27,0.8886,0.0383,0.1628,0.27
2769,2769,2026-08-27,0.4389,0.0643,0.01,0.4003
2770,2770,2026-08-27,0.463,0.01,0.0129,0.4145
2771,2771,2026-08-27,0.2183,0.5734,0.0757,0.5885
2772,2772,2026-08-27,0.3422,0.039,0.01,0.3424
2773,2773,2026-08-27,0.4305,0.1235,0.0467,0.3768
2774,2774,2026-08-27,0.2279,0.2317,0.0265,0.4834
2775,2775,2026-08-27,0.8919,0.01,0.1117,0.4612
2776,2776,2026-08-27,0.3243,0.3975,0.1637,0.5653
2777,2777,2026-08-27,0.936,0.1055,0.1317,0.5457
2778,2778,2026-08-27,0.0672,0.5079,0.01,0.6064
2779,2779,2026-08-27,0.2477,0.3295,0.0294,0.4588
2780,2780,2026-08-27,0.3036,0.2567,0.01,0.5506
2781,2781,2026-08-27,0.1635,0.2866,0.195,0.4246
2782,2782,2026-08-27,0.1926,0.2594,0.0656,0.4575
2783,2783,2026-08-27,0.1008,0.3875,0.1657,0.488
2784,2784,2026-08-27,0.2655,0.5549,0.01,0.6699
2785,2785,2026-08-27,0.2229,0.3725,0.01,0.3463
2786,2786,2026-08-27,0.8296,0.0314,0.1332,0.4982
2787,2787,2026-08-27,0.9112,0.01,0.1267,0.4752
2788,2788,2026-08-27,0.1313,0.3745,0.2352,0.4018
2789,2789,2026-08-27,0.3987,0.0411,0.1887,0.3283
2790,2790,2026-08-27,0.3234,0.5449,0.2641,0.5702
2791,2791,2026-08-27,0.3599,0.1038,0.0116,0.4233
2792,2792,2026-08-27,0.1237,0.2834,0.1225,0.4816
2793,2793,2026-08-27,0.9782,0.1005,0.2005,0.3471
2794,2794,2026-08-27,0.3789,0.01,0.183,0.3278
2795,2795,2026-08-27,0.4367,0.0515,0.0276,0.3061
2796,2796,2026-08-27,0.1481,0.3661,0.1294,0.5381
2797,2797,2026-08-27,0.1774,0.3813,0.063,0.4992
2798,2798,2026-08-27,0.2407,0.4232,0.142,0.5107
2799,2799,2026-08-27,0.99,0.0431,0.1617,0.1983
2800,2800,2026-08-27,0.2557,0.131,0.143,0.3142
2801,2801,2026-08-27,0.4593,0.01,0.01,0.2859
2802,2802,2026-08-27,0.098,0.4177,0.01,0.5769
2803,2803,2026-08-27,0.3186,0.2968,0.0757,0.5287
2804,2804,2026-08-27,0.2024,0.2912,0.01,0.5248
2805,2805,2026-08-27,0.333,0.0817,0.1213,0.3487
2806,2806,2026-08-27,0.4245,0.397,0.0718,0.6317
2807,2807,2026-08-27,0.3003,0.5292,0.2048,0.627
2808,2808,2026-08-27,0.9896,0.0391,0.1895,0.2533
2809,2809,2026-08-27,0.2445,0.5257,0.0195,0.6112
2810,2810,2026-08-27,0.2613,0.4423,0.01,0.5317
2811,2811,2026-08-27,0.1916,0.2243,0.0459,0.4799
2812,2812,2026-08-27,0.4293,0.01,0.01,0.2731
2813,2813,2026-08-27,0.7447,0.0403,0.1564,0.1942
2814,2814,2026-08-27,0.2744,0.3183,0.1663,0.49
2815,2815,2026-08-27,0.2108,0.3492,0.0381,0.5435
2816,2816,2026-08-27,0.1372,0.2837,0.2506,0.345
2817,2817,2026-08-27,0.2125,0.4524,0.0397,0.5561
2818,2818,2026-08-27,0.2131,0.408,0.01,0.528
2819,2819,2026-08-27,0.2376,0.581,0.0169,0.6596
2820,2820,2026-08-27,0.2418,0.1141,0.01,0.3682
2821,2821,2026-08-27,0.4445,0.4243,0.0296,0.4763
2822,2822,2026-08-27,0.8468,0.1232,0.1392,0.292
2823,2823,2026-08-27,0.1923,0.2011,0.0209,0.3954
2824,2824,2026-08-27,0.2929,0.1035,0.043,0.3996
2825,2825,2026-08-27,0.413,0.01,0.1893,0.2917
2826,2826,2026-08-27,0.944,0.0752,0.2168,0.2395
2827,2827,2026-08-27,0.04,0.3327,0.01,0.4573
2828,2828,2026-08-27,0.2045,0.5443,0.0607,0.5963
2829,2829,2026-08-27,0.3315,0.0272,0.1709,0.247
2830,2830,2026-08-27,0.925,0.0357,0.1292,0.2224
2831,2831,2026-08-27,0.3677,0.3477,0.0383,0.5952
2832,2832,2026-08-27,0.2275,0.5354,0.0418,0.6169
2833,2833,2026-08-27,0.01,0.3421,0.1006,0.4474
2834,2834,2026-08-27,0.3517,0.01,0.0501,0.3981
2835,2835,2026-08-27,0.9035,0.1072,0.3038,0.2449
2836,2836,2026-08-27,0.8645,0.0158,0.1722,0.2103
2837,2837,2026-08-27,0.9448,0.01,0.1881,0.2372
2838,2838,2026-08-27,0.3474,0.4175,0.1255,0.4679
2839,2839,2026-08-27,0.3597,0.6086,0.1307,0.598
2840,2840,2026-08-27,0.3009,0.3114,0.0269,0.5455
2841,2841,2026-08-27,0.2724,0.0684,0.01,0.4131
2842,2842,2026-08-27,0.4217,0.5033,0.2041,0.5934
2843,2843,2026-08-27,0.1863,0.4595,0.01,0.6428
2844,2844,2026-08-27,0.1757,0.5681,0.1558,0.53
2845,2845,2026-08-27,0.4226,0.3958,0.0625,0.4763
2846,2846,2026-08-27,0.0423,0.2843,0.01,0.4474
2847,2847,2026-08-27,0.3442,0.3397,0.1387,0.4342
2848,2848,2026-08-27,0.33,0.01,0.2797,0.2877
2849,2849,2026-08-27,0.435,0.0398,0.0501,0.4342
2850,2850,2026-08-27,0.3686,0.3997,0.01,0.5965
2851,2851,2026-08-27,0.3365,0.4179,0.1451,0.6034
2852,2852,2026-08-27,0.3541,0.588,0.1325,0.6334
2853,2853,2026-08-27,0.4107,0.093,0.0178,0.3378
2854,2854,2026-08-27,0.1509,0.5192,0.01,0.6073
2855,2855,2026-08-27,0.9303,0.01,0.0594,0.311
2856,2856,2026-08-27,0.3842,0.055,0.1842,0.3624
2857,2857,2026-08-27,0.8518,0.0818,0.1944,0.2771
2858,2858,2026-08-27,0.3111,0.5116,0.1278,0.6213
2859,2859,2026-08-27,0.9127,0.0138,0.2457,0.2497
2860,2860,2026-08-27,0.3545,0.5819,0.197,0.6226
2861,2861,2026-08-27,0.37,0.6647,0.01,0.785
2862,2862,2026-08-27,0.0953,0.3314,0.0596,0.4814
2863,2863,2026-08-27,0.3177,0.4231,0.01,0.6136
2864,2864,2026-08-27,0.173,0.3909,0.1386,0.5084
2865,2865,2026-08-27,0.2013,0.5436,0.0466,0.6335
2866,2866,2026-08-27,0.1857,0.1439,0.0748,0.4019
2867,2867,2026-08-27,0.2405,0.4798,0.01,0.6414
2868,2868,2026-08-27,0.1764,0.4652,0.1277,0.4446
2869,2869,2026-08-27,0.3388,0.1499,0.01,0.3776
2870,2870,2026-08-27,0.3225,0.2291,0.0117,0.54
2871,2871,2026-08-27,0.2607,0.4364,0.01,0.5454
2872,2872,2026-08-27,0.4058,0.4273,0.0109,0.6033
2873,2873,2026-08-27,0.3151,0.0403,0.2143,0.2937
2874,2874,2026-08-27,0.1985,0.656,0.1794,0.5755
2875,2875,2026-08-27,0.2932,0.2801,0.01,0.4615
2876,2876,2026-08-27,0.3287,0.3731,0.0414,0.464
2877,2877,2026-08-27,0.2188,0.4594,0.0598,0.5035
2878,2878,2026-08-27,0.4511,0.3329,0.01,0.5788
2879,2879,2026-08-27,0.1745,0.4539,0.0732,0.5217
2880,2880,2026-08-27,0.3136,0.1533,0.067,0.3681
2881,2881,2026-08-27,0.2475,0.3482,0.01,0.538
2882,2882,2026-08-27,0.3053,0.01,0.0436,0.369
2883,2883,2026-08-27,0.1294,0.4548,0.01,0.589
2884,2884,2026-08-27,0.3161,0.4696,0.0611,0.533
2885,2885,2026-08-27,0.2282,0.3406,0.01,0.5836
2886,2886,2026-08-27,0.3066,0.4801,0.0483,0.4934
2887,2887,2026-08-27,0.152,0.1482,0.1717,0.3191
2888,2888,2026-08-27,0.3044,0.01,0.203,0.3056
2889,2889,2026-08-27,0.0955,0.2802,0.01,0.43
2890,2890,2026-08-27,0.1998,0.3534,0.1111,0.4532
2891,2891,2026-08-27,0.3333,0.3404,0.01,0.4436
2892,2892,2026-08-27,0.2126,0.054,0.1347,0.2606
2893,2893,2026-08-27,0.2559,0.2818,0.0231,0.3852
2894,2894,2026-08-27,0.2517,0.4039,0.01,0.4585
2895,2895,2026-08-27,0.319,0.2563,0.01,0.4292
2896,2896,2026-08-27,0.3128,0.2003,0.1948,0.4395
2897,2897,2026-08-27,0.3735,0.0748,0.0359,0.3456
2898,2898,2026-08-27,0.3504,0.3756,0.0331,0.4463
2899,2899,2026-08-27,0.1049,0.3613,0.2155,0.3974
2900,2900,2026-08-27,0.349,0.4565,0.0791,0.5799
2901,2901,2026-08-27,0.3497,0.3777,0.01,0.6749
2902,2902,2026-08-27,0.3722,0.1058,0.01,0.3723
2903,2903,2026-08-27,0.1654,0.4651,0.01,0.5362
2904,2904,2026-08-27,0.2537,0.0811,0.3458,0.2514
2905,2905,2026-08-27,0.2328,0.3662,0.2363,0.4122
2906,2906,2026-08-27,0.7955,0.0335,0.1601,0.3124
2907,2907,2026-08-27,0.4071,0.0172,0.01,0.29
2908,2908,2026-08-27,0.1767,0.1702,0.1993,0.2948
2909,2909,2026-08-27,0.3551,0.0543,0.1037,0.3249
2910,2910,2026-08-27,0.2598,0.3728,0.01,0.5828
2911,2911,2026-08-27,0.8727,0.1747,0.1733,0.521
2912,2912,2026-08-27,0.3693,0.477,0.0924,0.4889
2913,2913,2026-08-27,0.2151,0.3216,0.01,0.5276
2914,2914,2026-08-27,0.8976,0.0702,0.0736,0.2917
2915,2915,2026-08-27,0.1964,0.3794,0.1696,0.5088
2916,2916,2026-08-27,0.1924,0.3993,0.1188,0.5898
2917,2917,2026-08-27,0.2464,0.3962,0.0211,0.526
2918,2918,2026-08-27,0.3171,0.0776,0.1872,0.2746
2919,2919,2026-08-27,0.2941,0.1746,0.0505,0.3655
2920,2920,2026-08-27,0.8365,0.01,0.3282,0.1444
2921,2921,2026-08-27,0.28,0.112,0.01,0.4093
2922,2922,2026-08-27,0.346,0.1274,0.01,0.4598
2923,2923,2026-08-27,0.3374,0.5086,0.0504,0.6016
2924,2924,2026-08-27,0.784,0.0131,0.2253,0.1953
2925,2925,2026-08-27,0.3515,0.2177,0.2267,0.4998
2926,2926,2026-08-27,0.1125,0.1191,0.0709,0.3956
2927,2927,2026-08-27,0.845,0.0514,0.1605,0.25
2928,2928,2026-08-27,0.0328,0.4056,0.1101,0.4946
2929,2929,2026-08-27,0.2713,0.4147,0.1846,0.6353
2930,2930,2026-08-27,0.99,0.0155,0.3743,0.2088
2931,2931,2026-08-27,0.1878,0.5492,0.01,0.6033
2932,2932,2026-08-27,0.3143,0.4332,0.1701,0.6299
2933,2933,2026-08-27,0.1789,0.4321,0.01,0.5125
2934,2934,2026-08-27,0.2849,0.01,0.1214,0.3123
2935,2935,2026-08-27,0.9291,0.0944,0.1012,0.3645
2936,2936,2026-08-27,0.1,0.4543,0.1883,0.5082
2937,2937,2026-08-27,0.2911,0.5885,0.0162,0.6365
2938,2938,2026-08-27,0.1666,0.2466,0.2675,0.367
2939,2939,2026-08-27,0.2765,0.402,0.0555,0.5236
2940,2940,2026-08-27,0.2496,0.1314,0.1279,0.379
2941,2941,2026-08-27,0.2503,0.01,0.0377,0.2762
2942,2942,2026-08-27,0.3735,0.4254,0.1806,0.5146
2943,2943,2026-08-27,0.3065,0.01,0.01,0.2623
2944,2944,2026-08-27,0.28,0.4389,0.0186,0.5843
2945,2945,2026-08-27,0.3604,0.4597,0.1566,0.5405
2946,2946,2026-08-27,0.2582,0.5801,0.0326,0.6569
2947,2947,2026-08-27,0.3364,0.3503,0.0631,0.5115
2948,2948,2026-08-27,0.3264,0.0713,0.1632,0.3037
2949,2949,2026-08-27,0.3492,0.0636,0.01,0.4387
2950,2950,2026-08-27,0.3851,0.0123,0.01,0.37
2951,2951,2026-08-27,0.412,0.3998,0.1068,0.5946
2952,2952,2026-08-27,0.3355,0.0799,0.01,0.4108
2953,2953,2026-08-27,0.2932,0.4342,0.0438,0.5526
2954,2954,2026-08-27,0.3228,0.1208,0.01,0.3774
2955,2955,2026-08-27,0.0872,0.3903,0.01,0.456
2956,2956,2026-08-27,0.3846,0.3228,0.01,0.5653
2957,2957,2026-08-27,0.2229,0.5572,0.043,0.6079
2958,2958,2026-08-27,0.2883,0.181,0.01,0.4388
2959,2959,2026-08-27,0.2611,0.3385,0.1344,0.5002
2960,2960,2026-08-27,0.3993,0.0869,0.01,0.2572
2961,2961,2026-08-27,0.4612,0.2012,0.01,0.36
2962,2962,2026-08-27,0.2728,0.1123,0.245,0.4033
2963,2963,2026-08-27,0.1701,0.2987,0.0412,0.4548
2964,2964,2026-08-27,0.1713,0.3634,0.373,0.4213
2965,2965,2026-08-27,0.3556,0.3356,0.01,0.4548
2966,2966,2026-08-27,0.0955,0.3289,0.2953,0.3606
2967,2967,2026-08-27,0.3797,0.4654,0.0362,0.7128
2968,2968,2026-08-27,0.2822,0.3924,0.01,0.4989
2969,2969,2026-08-27,0.2016,0.4115,0.2202,0.465
2970,2970,2026-08-27,0.2572,0.4555,0.208,0.4874
2971,2971,2026-08-27,0.4075,0.1717,0.0331,0.3891
2972,2972,2026-08-27,0.99,0.01,0.1211,0.2716
2973,2973,2026-08-27,0.0922,0.2818,0.0723,0.4329
2974,2974,2026-08-27,0.3778,0.01,0.0352,0.2539
2975,2975,2026-08-27,0.1732,0.379,0.0691,0.5093
2976,2976,2026-08-27,0.2586,0.0691,0.1363,0.3938
2977,2977,2026-08-27,0.8553,0.0158,0.1913,0.2179
2978,2978,2026-08-27,0.9791,0.089,0.202,0.5335
2979,2979,2026-08-27,0.9211,0.01,0.2376,0.3931
2980,2980,2026-08-27,0.3258,0.01,0.027,0.346
2981,2981,2026-08-27,0.2831,0.4529,0.079,0.5708
2982,2982,2026-08-27,0.3525,0.4051,0.01,0.604
2983,2983,2026-08-27,0.2509,0.0828,0.149,0.3662
2984,2984,2026-08-27,0.1589,0.4319,0.1395,0.521
2985,2985,2026-08-27,0.1223,0.2572,0.0909,0.46
2986,2986,2026-08-27,0.2497,0.3375,0.0287,0.5193
2987,2987,2026-08-27,0.2956,0.1012,0.01,0.4598
2988,2988,2026-08-27,0.1397,0.3776,0.01,0.5522
2989,2989,2026-08-27,0.2051,0.3839,0.0257,0.5222
2990,2990,2026-08-27,0.179,0.4461,0.3051,0.4442
2991,2991,2026-08-27,0.4007,0.0911,0.0447,0.4713
2992,2992,2026-08-27,0.3423,0.0385,0.1503,0.2081
2993,2993,2026-08-27,0.3286,0.544,0.0776,0.6968
2994,2994,2026-08-27,0.01,0.5601,0.0382,0.6442
2995,2995,2026-08-27,0.2552,0.3783,0.1897,0.3988
2996,2996,2026-08-27,0.228,0.3984,0.01,0.5077
2997,2997,2026-08-27,0.8972,0.01,0.0981,0.3195
2998,2998,2026-08-27,0.31,0.4056,0.0473,0.4887
2999,2999,2026-08-27,0.4261,0.1423,0.1673,0.3186
3000,3000,2026-08-27,0.3727,0.1587,0.202,0.4066
3001,3001,2026-08-27,0.3337,0.1744,0.2053,0.2743
3002,3002,2026-08-27,0.1607,0.2923,0.1165,0.3993
3003,3003,2026-08-27,0.2013,0.4435,0.1364,0.5481
3004,3004,2026-08-27,0.9498,0.01,0.1142,0.3025
3005,3005,2026-08-27,0.1976,0.0691,0.3068,0.3178
3006,3006,2026-08-27,0.2978,0.0675,0.2073,0.3399
3007,3007,2026-08-27,0.1525,0.4432,0.0475,0.5891
3008,3008,2026-08-27,0.2608,0.2126,0.1368,0.4964
3009,3009,2026-08-27,0.377,0.0838,0.0205,0.2385
3010,3010,2026-08-27,0.8102,0.0184,0.2101,0.2041
3011,3011,2026-08-27,0.3402,0.4455,0.01,0.6225
3012,3012,2026-08-27,0.3955,0.1308,0.01,0.5386
3013,3013,2026-08-27,0.4069,0.01,0.1511,0.2515
3014,3014,2026-08-27,0.8609,0.01,0.1572,0.2185
3015,3015,2026-08-27,0.3104,0.4939,0.0124,0.5426
3016,3016,2026-08-27,0.795,0.274,0.2804,0.4388
3017,3017,2026-08-27,0.3818,0.166,0.1369,0.3739
3018,3018,2026-08-27,0.0979,0.4615,0.0489,0.5867
3019,3019,2026-08-27,0.4066,0.4497,0.01,0.6365
3020,3020,2026-08-27,0.3157,0.5143,0.01,0.5585
3021,3021,2026-08-27,0.4814,0.4803,0.01,0.5604
3022,3022,2026-08-27,0.8998,0.063,0.1755,0.26
3023,3023,2026-08-27,0.1196,0.3548,0.0195,0.5671
3024,3024,2026-08-27,0.1945,0.3207,0.01,0.4328
3025,3025,2026-08-27,0.3226,0.3543,0.1982,0.5532
3026,3026,2026-08-27,0.3048,0.4147,0.0356,0.51
3027,3027,2026-08-27,0.2648,0.5129,0.0209,0.5309
3028,3028,2026-08-27,0.2622,0.2195,0.0611,0.4295
3029,3029,2026-08-27,0.1725,0.4154,0.01,0.5712
3030,3030,2026-08-27,0.2839,0.3922,0.1078,0.5775
3031,3031,2026-08-27,0.412,0.0823,0.084,0.4218
3032,3032,2026-08-27,0.2367,0.2457,0.01,0.5257
3033,3033,2026-08-27,0.3565,0.4308,0.0204,0.5584
3034,3034,2026-08-27,0.2701,0.5446,0.0112,0.6053
3035,3035,2026-08-27,0.3875,0.0419,0.2219,0.3153
3036,3036,2026-08-27,0.9743,0.01,0.2875,0.2397
3037,3037,2026-08-27,0.1509,0.4688,0.01,0.6113
3038,3038,2026-08-27,0.3051,0.0964,0.2124,0.3286
3039,3039,2026-08-27,0.3042,0.3741,0.01,0.5385
3040,3040,2026-08-27,0.1373,0.3162,0.1528,0.4636
3041,3041,2026-08-27,0.2332,0.5236,0.0104,0.6384
3042,3042,2026-08-27,0.3892,0.01,0.0228,0.2722
3043,3043,2026-08-27,0.3078,0.2705,0.01,0.5595
3044,3044,2026-08-27,0.3101,0.5107,0.01,0.6587
3045,3045,2026-08-27,0.9551,0.0102,0.096,0.4349
3046,3046,2026-08-27,0.3598,0.0908,0.0137,0.4663
3047,3047,2026-08-27,0.2303,0.3371,0.2932,0.4107
3048,3048,2026-08-27,0.8957,0.0684,0.2103,0.4759
3049,3049,2026-08-27,0.3133,0.1507,0.1398,0.465
3050,3050,2026-08-27,0.268,0.4221,0.0444,0.5679
3051,3051,2026-08-27,0.3433,0.0317,0.0231,0.2984
3052,3052,2026-08-27,0.1867,0.2489,0.2035,0.2958
3053,3053,2026-08-27,0.9884,0.1347,0.1361,0.5491
3054,3054,2026-08-27,0.4492,0.01,0.0443,0.3847
3055,3055,2026-08-27,0.1978,0.3879,0.0366,0.4816
3056,3056,2026-08-27,0.2164,0.3829,0.0116,0.5496
3057,3057,2026-08-27,0.0718,0.4347,0.0289,0.517
3058,3058,2026-08-27,0.3576,0.3222,0.01,0.4709
3059,3059,2026-08-27,0.2003,0.4364,0.01,0.6021
3060,3060,2026-08-27,0.335,0.342,0.0126,0.4783
3061,3061,2026-08-27,0.0964,0.3237,0.2168,0.4911
3062,3062,2026-08-27,0.3707,0.4949,0.1454,0.6465
3063,3063,2026-08-27,0.2435,0.3069,0.0105,0.4829
3064,3064,2026-08-27,0.3111,0.0815,0.1705,0.4625
3065,3065,2026-08-27,0.301,0.5327,0.1681,0.6222
3066,3066,2026-08-27,0.3131,0.575,0.2315,0.498
3067,3067,2026-08-27,0.2281,0.4447,0.0346,0.5713
3068,3068,2026-08-27,0.3376,0.4264,0.1471,0.4801
3069,3069,2026-08-27,0.9407,0.0904,0.3258,0.3048
3070,3070,2026-08-27,0.4311,0.3334,0.0942,0.5016
3071,3071,2026-08-27,0.2137,0.1633,0.1438,0.3573
3072,3072,2026-08-27,0.328,0.0526,0.01,0.3334
3073,3073,2026-08-27,0.3813,0.0536,0.01,0.2677
3074,3074,2026-08-27,0.8359,0.0564,0.4003,0.1475
3075,3075,2026-08-27,0.2226,0.1247,0.01,0.3015
3076,3076,2026-08-27,0.4577,0.01,0.2796,0.4203
3077,3077,2026-08-27,0.3238,0.6312,0.0308,0.7297
3078,3078,2026-08-27,0.1506,0.2868,0.2169,0.3754
3079,3079,2026-08-27,0.0551,0.3143,0.01,0.4266
3080,3080,2026-08-27,0.3504,0.6448,0.01,0.6484
3081,3081,2026-08-27,0.2499,0.3326,0.0514,0.4924
3082,3082,2026-08-27,0.1693,0.348,0.1582,0.4496
3083,3083,2026-08-27,0.9514,0.1048,0.1118,0.2746
3084,3084,2026-08-27,0.4355,0.1098,0.01,0.4271
3085,3085,2026-08-27,0.2735,0.107,0.0117,0.4068
3086,3086,2026-08-27,0.4508,0.2789,0.01,0.5808
3087,3087,2026-08-27,0.348,0.3988,0.0853,0.552
3088,3088,2026-08-27,0.2942,0.3961,0.01,0.58
3089,3089,2026-08-27,0.1027,0.4287,0.01,0.5083
3090,3090,2026-08-27,0.3471,0.0981,0.0123,0.3275
3091,3091,2026-08-27,0.4717,0.1273,0.187,0.2772
3092,3092,2026-08-27,0.316,0.0854,0.1922,0.2076
3093,3093,2026-08-27,0.2867,0.0513,0.0556,0.3596
3094,3094,2026-08-27,0.3628,0.1498,0.0807,0.3925
3095,3095,2026-08-27,0.1169,0.4211,0.01,0.5068
3096,3096,2026-08-27,0.1747,0.2313,0.2331,0.3801
3097,3097,2026-08-27,0.4121,0.14,0.0525,0.4872
3098,3098,2026-08-27,0.4515,0.6334,0.2767,0.7328
3099,3099,2026-08-27,0.362,0.4274,0.0236,0.4885
3100,3100,2026-08-27,0.3715,0.2575,0.01,0.4758
3101,3101,2026-08-27,0.4291,0.0548,0.1739,0.2681
3102,3102,2026-08-27,0.3307,0.3661,0.01,0.4358
3103,3103,2026-08-27,0.2128,0.0263,0.01,0.438
3104,3104,2026-08-27,0.246,0.0866,0.01,0.3559
3105,3105,2026-08-27,0.8735,0.0328,0.2793,0.2621
3106,3106,2026-08-27,0.854,0.01,0.179,0.277
3107,3107,2026-08-27,0.4383,0.4842,0.0484,0.6696
3108,3108,2026-08-27,0.9843,0.01,0.2746,0.2356
3109,3109,2026-08-27,0.3335,0.4033,0.01,0.6255
3110,3110,2026-08-27,0.3121,0.1402,0.0357,0.4452
3111,3111,2026-08-27,0.3564,0.3798,0.01,0.5349
3112,3112,2026-08-27,0.2807,0.3898,0.0179,0.5046
3113,3113,2026-08-27,0.9698,0.0654,0.1686,0.2593
3114,3114,2026-08-27,0.99,0.01,0.1396,0.2864
3115,3115,2026-08-27,0.2645,0.5164,0.1943,0.5789
3116,3116,2026-08-27,0.2092,0.3755,0.0201,0.4164
3117,3117,2026-08-27,0.296,0.5171,0.0438,0.5848
3118,3118,2026-08-27,0.8253,0.1374,0.1635,0.3718
3119,3119,2026-08-27,0.3801,0.4274,0.0712,0.5963
3120,3120,2026-08-27,0.3041,0.3304,0.0833,0.4866
3121,3121,2026-08-27,0.335,0.5679,0.0549,0.5727
3122,3122,2026-08-27,0.2807,0.4438,0.0113,0.6286
3123,3123,2026-08-27,0.2611,0.4486,0.143,0.6072
3124,3124,2026-08-27,0.4677,0.3979,0.01,0.6076
3125,3125,2026-08-27,0.2906,0.4932,0.0491,0.5208
3126,3126,2026-08-27,0.3018,0.3714,0.01,0.5326
3127,3127,2026-08-27,0.0932,0.3289,0.1869,0.4233
3128,3128,2026-08-27,0.2982,0.1584,0.204,0.3946
3129,3129,2026-08-27,0.7738,0.1276,0.1323,0.2368
3130,3130,2026-08-27,0.3981,0.0361,0.0193,0.3168
3131,3131,2026-08-27,0.2341,0.7081,0.01,0.7363
3132,3132,2026-08-27,0.1514,0.0375,0.3983,0.1667
3133,3133,2026-08-27,0.3949,0.2057,0.14,0.5
3134,3134,2026-08-27,0.2173,0.317,0.2406,0.5355
3135,3135,2026-08-27,0.99,0.01,0.1494,0.2282
3136,3136,2026-08-27,0.2486,0.0316,0.01,0.3085
3137,3137,2026-08-27,0.3771,0.1333,0.01,0.3462
3138,3138,2026-08-27,0.2574,0.0991,0.0921,0.4177
3139,3139,2026-08-27,0.3213,0.2312,0.01,0.4391
3140,3140,2026-08-27,0.2721,0.508,0.0419,0.6784
3141,3141,2026-08-27,0.1911,0.5116,0.1761,0.505
3142,3142,2026-08-27,0.1925,0.6777,0.01,0.7385
3143,3143,2026-08-27,0.2391,0.1641,0.01,0.3504
3144,3144,2026-08-27,0.3764,0.1064,0.2516,0.4656
3145,3145,2026-08-27,0.3297,0.0866,0.0433,0.4313
3146,3146,2026-08-27,0.2492,0.3656,0.0494,0.4363
3147,3147,2026-08-27,0.9596,0.01,0.1217,0.2171
3148,3148,2026-08-27,0.8433,0.0677,0.176,0.4728
3149,3149,2026-08-27,0.4309,0.01,0.3379,0.1286
3150,3150,2026-08-27,0.3754,0.374,0.01,0.4467
3151,3151,2026-08-27,0.2133,0.2789,0.0378,0.4891
3152,3152,2026-08-27,0.307,0.3202,0.3342,0.42
3153,3153,2026-08-27,0.4285,0.4462,0.0446,0.6617
3154,3154,2026-08-27,0.3313,0.0478,0.2383,0.3146
3155,3155,2026-08-27,0.2634,0.5932,0.0338,0.5379
3156,3156,2026-08-27,0.4329,0.4299,0.01,0.6029
3157,3157,2026-08-27,0.3439,0.1716,0.1786,0.4015
3158,3158,2026-08-27,0.1783,0.1584,0.0927,0.3954
3159,3159,2026-08-27,0.2955,0.1362,0.0969,0.2937
3160,3160,2026-08-27,0.3361,0.4954,0.0214,0.643
3161,3161,2026-08-27,0.3465,0.0284,0.0411,0.2814
3162,3162,2026-08-27,0.2922,0.01,0.2463,0.237
3163,3163,2026-08-27,0.362,0.4223,0.057,0.5336
3164,3164,2026-08-27,0.99,0.01,0.0892,0.3139
3165,3165,2026-08-27,0.2335,0.3235,0.01,0.4742
3166,3166,2026-08-27,0.9463,0.0207,0.2372,0.2647
3167,3167,2026-08-27,0.1346,0.267,0.1196,0.4006
3168,3168,2026-08-27,0.2497,0.6027,0.01,0.7276
3169,3169,2026-08-27,0.2581,0.0835,0.1523,0.3214
3170,3170,2026-08-27,0.1069,0.4135,0.01,0.5678
3171,3171,2026-08-27,0.2789,0.0291,0.1102,0.2389
3172,3172,2026-08-27,0.9194,0.1091,0.1786,0.2422
3173,3173,2026-08-27,0.8444,0.01,0.1695,0.2569
3174,3174,2026-08-27,0.3246,0.0971,0.1861,0.3128
3175,3175,2026-08-27,0.99,0.01,0.2025,0.307
3176,3176,2026-08-27,0.2904,0.01,0.141,0.3991
3177,3177,2026-08-27,0.4014,0.068,0.01,0.2586
3178,3178,2026-08-27,0.3129,0.3847,0.0619,0.5702
3179,3179,2026-08-27,0.3097,0.0654,0.1961,0.4056
3180,3180,2026-08-27,0.0625,0.3015,0.2404,0.4077
3181,3181,2026-08-27,0.2867,0.19,0.01,0.2982
3182,3182,2026-08-27,0.2827,0.4043,0.0541,0.4763
3183,3183,2026-08-27,0.1146,0.3851,0.2498,0.4662
3184,3184,2026-08-27,0.2488,0.5069,0.1178,0.5702
3185,3185,2026-08-27,0.2325,0.1889,0.01,0.5041
3186,3186,2026-08-27,0.3015,0.1008,0.0616,0.4943
3187,3187,2026-08-27,0.8911,0.0369,0.2646,0.2507
3188,3188,2026-08-27,0.4526,0.0372,0.2095,0.285
3189,3189,2026-08-27,0.4866,0.528,0.0214,0.5129
3190,3190,2026-08-27,0.2434,0.4816,0.01,0.6198
3191,3191,2026-08-27,0.3428,0.5506,0.0888,0.5839
3192,3192,2026-08-27,0.2916,0.1092,0.2203,0.3428
3193,3193,2026-08-27,0.0163,0.3149,0.0402,0.4499
3194,3194,2026-08-27,0.8696,0.01,0.1551,0.4804
3195,3195,2026-08-27,0.856,0.0652,0.1426,0.6129
3196,3196,2026-08-27,0.3649,0.4315,0.01,0.6249
3197,3197,2026-08-27,0.1949,0.3052,0.01,0.5415
3198,3198,2026-08-27,0.3022,0.083,0.1875,0.3211
3199,3199,2026-08-27,0.4262,0.4228,0.01,0.4885
3200,3200,2026-08-27,0.3877,0.01,0.01,0.3389
3201,3201,2026-08-27,0.4189,0.01,0.01,0.2818
3202,3202,2026-08-27,0.3321,0.01,0.1057,0.2911
3203,3203,2026-08-27,0.3857,0.01,0.01,0.3985
3204,3204,2026-08-27,0.8126,0.1402,0.1761,0.2915
3205,3205,2026-08-27,0.2157,0.078,0.0235,0.4243
3206,3206,2026-08-27,0.3682,0.4187,0.01,0.6743
3207,3207,2026-08-27,0.2362,0.1891,0.1848,0.4447
3208,3208,2026-08-27,0.4063,0.0325,0.1973,0.3339
3209,3209,2026-08-27,0.2054,0.3068,0.01,0.5312
3210,3210,2026-08-27,0.2752,0.07,0.0394,0.4026
3211,3211,2026-08-27,0.2682,0.5351,0.1522,0.5835
3212,3212,2026-08-27,0.8244,0.0412,0.1491,0.4462
3213,3213,2026-08-27,0.3565,0.1029,0.01,0.3948
3214,3214,2026-08-27,0.2277,0.3387,0.0322,0.5662
3215,3215,2026-08-27,0.253,0.46,0.01,0.5253
3216,3216,2026-08-27,0.8463,0.093,0.1748,0.3479
3217,3217,2026-08-27,0.2685,0.5021,0.01,0.6042
3218,3218,2026-08-27,0.2306,0.2971,0.2612,0.3934
3219,3219,2026-08-27,0.2593,0.4791,0.0277,0.6025
3220,3220,2026-08-27,0.3821,0.5334,0.1063,0.6472
3221,3221,2026-08-27,0.309,0.3801,0.0691,0.4072
3222,3222,2026-08-27,0.3054,0.027,0.0407,0.3125
3223,3223,2026-08-27,0.8242,0.01,0.1669,0.2211
3224,3224,2026-08-27,0.9263,0.1142,0.1986,0.5128
3225,3225,2026-08-27,0.2431,0.2306,0.1636,0.4209
3226,3226,2026-08-27,0.3363,0.01,0.01,0.3075
3227,3227,2026-08-27,0.9001,0.0868,0.3267,0.2878
3228,3228,2026-08-27,0.2328,0.4444,0.1068,0.574
3229,3229,2026-08-27,0.8033,0.055,0.1605,0.3149
3230,3230,2026-08-27,0.2111,0.3301,0.0745,0.4836
3231,3231,2026-08-27,0.4753,0.4089,0.175,0.6545
3232,3232,2026-08-27,0.2047,0.3724,0.2122,0.5009
3233,3233,2026-08-27,0.0814,0.3135,0.0526,0.4124
3234,3234,2026-08-27,0.2754,0.3691,0.1559,0.5477
3235,3235,2026-08-27,0.3534,0.3336,0.01,0.4214
3236,3236,2026-08-27,0.1137,0.2903,0.01,0.5201
3237,3237,2026-08-27,0.2632,0.01,0.0826,0.2871
3238,3238,2026-08-27,0.4379,0.4573,0.0458,0.6508
3239,3239,2026-08-27,0.4384,0.3478,0.01,0.598
3240,3240,2026-08-27,0.299,0.4769,0.0697,0.6507
3241,3241,2026-08-27,0.3482,0.0874,0.3142,0.2375
3242,3242,2026-08-27,0.1005,0.3495,0.052,0.4317
3243,3243,2026-08-27,0.3938,0.0925,0.01,0.4819
3244,3244,2026-08-27,0.2592,0.3898,0.01,0.5893
3245,3245,2026-08-27,0.2036,0.1538,0.1288,0.3704
3246,3246,2026-08-27,0.2148,0.3537,0.0234,0.4469
3247,3247,2026-08-27,0.3662,0.6439,0.01,0.7468
3248,3248,2026-08-27,0.2721,0.0414,0.1621,0.2542
3249,3249,2026-08-27,0.32,0.1343,0.1708,0.2692
3250,3250,2026-08-27,0.142,0.4282,0.01,0.5645
3251,3251,2026-08-27,0.3805,0.0894,0.0645,0.4149
3252,3252,2026-08-27,0.2642,0.3084,0.0587,0.438
3253,3253,2026-08-27,0.2947,0.3873,0.0642,0.5085
3254,3254,2026-08-27,0.0875,0.3266,0.0335,0.4984
3255,3255,2026-08-27,0.3364,0.2017,0.01,0.5333
3256,3256,2026-08-27,0.3716,0.0931,0.0963,0.3361
3257,3257,2026-08-27,0.3475,0.3017,0.2465,0.409
3258,3258,2026-08-27,0.3824,0.4837,0.0472,0.5928
3259,3259,2026-08-27,0.1579,0.3558,0.0967,0.4541
3260,3260,2026-08-27,0.1946,0.1499,0.1491,0.3669
3261,3261,2026-08-27,0.2254,0.0575,0.1546,0.3485
3262,3262,2026-08-27,0.86,0.01,0.215,0.4064
3263,3263,2026-08-27,0.347,0.1527,0.1087,0.4723
3264,3264,2026-08-27,0.195,0.5398,0.0452,0.6429
3265,3265,2026-08-27,0.2314,0.6231,0.01,0.63
3266,3266,2026-08-27,0.4063,0.2876,0.01,0.5083
3267,3267,2026-08-27,0.2807,0.3683,0.0261,0.4621
3268,3268,2026-08-27,0.2473,0.1695,0.01,0.4343
3269,3269,2026-08-27,0.3895,0.0921,0.0233,0.3994
3270,3270,2026-08-27,0.3485,0.3854,0.0735,0.5331
3271,3271,2026-08-27,0.249,0.1745,0.01,0.4743
3272,3272,2026-08-27,0.1523,0.3003,0.0303,0.4572
3273,3273,2026-08-27,0.9153,0.0393,0.1117,0.5052
3274,3274,2026-08-27,0.936,0.01,0.1506,0.214
3275,3275,2026-08-27,0.8296,0.1223,0.1612,0.3325
3276,3276,2026-08-27,0.3077,0.0727,0.0471,0.2429
3277,3277,2026-08-27,0.1268,0.4878,0.1258,0.5551
3278,3278,2026-08-27,0.3203,0.2422,0.0828,0.4795
3279,3279,2026-08-27,0.1939,0.444,0.0106,0.4923
3280,3280,2026-08-27,0.3182,0.0702,0.0112,0.4107
3281,3281,2026-08-27,0.8949,0.1238,0.1524,0.3324
3282,3282,2026-08-27,0.237,0.2812,0.1017,0.5301
3283,3283,2026-08-27,0.2262,0.5155,0.01,0.5654
3284,3284,2026-08-27,0.2344,0.3439,0.0593,0.493
3285,3285,2026-08-27,0.4103,0.3768,0.0804,0.5115
3286,3286,2026-08-27,0.1708,0.2826,0.0528,0.4863
3287,3287,2026-08-27,0.224,0.4754,0.01,0.6661
3288,3288,2026-08-27,0.3055,0.49,0.1005,0.6168
3289,3289,2026-08-27,0.3006,0.0624,0.0174,0.3697
3290,3290,2026-08-27,0.3224,0.4758,0.01,0.586
3291,3291,2026-08-27,0.2219,0.6034,0.01,0.7363
3292,3292,2026-08-27,0.9116,0.1754,0.1413,0.5776
3293,3293,2026-08-27,0.1942,0.3377,0.1675,0.5132
3294,3294,2026-08-27,0.084,0.29,0.01,0.5322
3295,3295,2026-08-27,0.2197,0.348,0.271,0.4382
3296,3296,2026-08-27,0.4454,0.0305,0.2232,0.2658
3297,3297,2026-08-27,0.8623,0.0621,0.1159,0.2222
3298,3298,2026-08-27,0.0779,0.4188,0.0665,0.4224
3299,3299,2026-08-27,0.2317,0.2473,0.2107,0.4061
3300,3300,2026-08-27,0.2503,0.2728,0.1801,0.4121
3301,3301,2026-08-27,0.3117,0.1063,0.2392,0.3042
3302,3302,2026-08-27,0.339,0.2863,0.1513,0.3973
3303,3303,2026-08-27,0.2542,0.4527,0.01,0.5025
3304,3304,2026-08-27,0.3788,0.01,0.1628,0.2981
3305,3305,2026-08-27,0.8234,0.0286,0.2565,0.2068
3306,3306,2026-08-27,0.3332,0.195,0.1351,0.3709
3307,3307,2026-08-27,0.2337,0.2865,0.0387,0.5176
3308,3308,2026-08-27,0.2322,0.269,0.26,0.4902
3309,3309,2026-08-27,0.2549,0.3487,0.01,0.5281
3310,3310,2026-08-27,0.2196,0.1075,0.0973,0.3962
3311,3311,2026-08-27,0.383,0.1273,0.017,0.4467
3312,3312,2026-08-27,0.35,0.1035,0.01,0.3473
3313,3313,2026-08-27,0.1583,0.3014,0.1733,0.4038
3314,3314,2026-08-27,0.1678,0.3163,0.01,0.4716
3315,3315,2026-08-27,0.3813,0.3278,0.0226,0.4952
3316,3316,2026-08-27,0.1672,0.1696,0.1614,0.4368
3317,3317,2026-08-27,0.9011,0.0322,0.1571,0.2654
3318,3318,2026-08-27,0.4415,0.01,0.1411,0.4271
3319,3319,2026-08-27,0.301,0.3236,0.0689,0.5406
3320,3320,2026-08-27,0.5011,0.3794,0.2661,0.514
3321,3321,2026-08-27,0.2449,0.0871,0.2126,0.231
3322,3322,2026-08-27,0.3336,0.5315,0.0808,0.6271
3323,3323,2026-08-27,0.8462,0.01,0.2069,0.205
3324,3324,2026-08-27,0.2829,0.1228,0.01,0.4647
3325,3325,2026-08-27,0.1345,0.41,0.01,0.5628
3326,3326,2026-08-27,0.3242,0.024,0.2268,0.2437
3327,3327,2026-08-27,0.2894,0.6962,0.01,0.707
3328,3328,2026-08-27,0.4028,0.1053,0.0212,0.3675
3329,3329,2026-08-27,0.1468,0.5169,0.154,0.5312
3330,3330,2026-08-27,0.4132,0.3843,0.053,0.5052
3331,3331,2026-08-27,0.4564,0.1667,0.0116,0.4557
3332,3332,2026-08-27,0.4192,0.3383,0.01,0.6346
3333,3333,2026-08-27,0.2144,0.229,0.1484,0.4357
3334,3334,2026-08-27,0.2851,0.3321,0.01,0.606
3335,3335,2026-08-27,0.195,0.5517,0.0493,0.6155
3336,3336,2026-08-27,0.3704,0.398,0.1201,0.4954
3337,3337,2026-08-27,0.0773,0.4368,0.01,0.5049
3338,3338,2026-08-27,0.2459,0.1062,0.01,0.37
3339,3339,2026-08-27,0.4437,0.4696,0.0558,0.5339
3340,3340,2026-08-27,0.198,0.3427,0.0146,0.5161
3341,3341,2026-08-27,0.3032,0.2018,0.0292,0.4153
3342,3342,2026-08-27,0.3455,0.1568,0.0399,0.4263
3343,3343,2026-08-27,0.2944,0.4636,0.0394,0.4855
3344,3344,2026-08-27,0.2626,0.1924,0.023,0.4352
3345,3345,2026-08-27,0.105,0.4762,0.0783,0.6007
3346,3346,2026-08-27,0.9004,0.0397,0.2122,0.2149
3347,3347,2026-08-27,0.4,0.01,0.01,0.3149
3348,3348,2026-08-27,0.1502,0.3963,0.0438,0.5049
3349,3349,2026-08-27,0.3644,0.0505,0.0344,0.2178
3350,3350,2026-08-27,0.3265,0.6094,0.01,0.7714
3351,3351,2026-08-27,0.2878,0.1818,0.1449,0.4693
3352,3352,2026-08-27,0.3004,0.103,0.0825,0.4219
3353,3353,2026-08-27,0.1808,0.1876,0.1554,0.4102
3354,3354,2026-08-27,0.3869,0.498,0.01,0.6839
3355,3355,2026-08-27,0.1614,0.374,0.1941,0.4452
3356,3356,2026-08-27,0.2255,0.4868,0.2414,0.6057
3357,3357,2026-08-27,0.3181,0.336,0.0106,0.4243
3358,3358,2026-08-27,0.2074,0.2832,0.241,0.3536
3359,3359,2026-08-27,0.9066,0.01,0.1659,0.4463
3360,3360,2026-08-27,0.8287,0.0507,0.178,0.2835
3361,3361,2026-08-27,0.3503,0.5174,0.01,0.62
3362,3362,2026-08-27,0.4375,0.3881,0.2459,0.5751
3363,3363,2026-08-27,0.2444,0.4199,0.1831,0.5422
3364,3364,2026-08-27,0.1271,0.5846,0.01,0.6155
3365,3365,2026-08-27,0.3959,0.5759,0.0589,0.7211
3366,3366,2026-08-27,0.3856,0.4534,0.2617,0.584
3367,3367,2026-08-27,0.99,0.01,0.0879,0.201
3368,3368,2026-08-27,0.8564,0.0159,0.2084,0.3529
3369,3369,2026-08-27,0.3099,0.1284,0.0293,0.4046
3370,3370,2026-08-27,0.3335,0.5217,0.0108,0.6761
3371,3371,2026-08-27,0.3631,0.0409,0.2258,0.2804
3372,3372,2026-08-27,0.1394,0.4316,0.0235,0.6222
3373,3373,2026-08-27,0.3347,0.0307,0.0252,0.3224
3374,3374,2026-08-27,0.3463,0.2948,0.01,0.4735
3375,3375,2026-08-27,0.2282,0.316,0.0798,0.4917
3376,3376,2026-08-27,0.33,0.355,0.2019,0.5706
3377,3377,2026-08-27,0.2825,0.2742,0.0829,0.4974
3378,3378,2026-08-27,0.3142,0.01,0.01,0.3721
3379,3379,2026-08-27,0.3331,0.4722,0.1382,0.5422
3380,3380,2026-08-27,0.1891,0.1587,0.2367,0.3144
3381,3381,2026-08-27,0.2523,0.408,0.0623,0.5742
3382,3382,2026-08-27,0.4232,0.1033,0.074,0.4135
3383,3383,2026-08-27,0.4712,0.01,0.2407,0.2423
3384,3384,2026-08-27,0.2065,0.312,0.1754,0.4222
3385,3385,2026-08-27,0.2383,0.3948,0.02,0.4526
3386,3386,2026-08-27,0.9188,0.01,0.1535,0.205
3387,3387,2026-08-27,0.1143,0.5184,0.061,0.537
3388,3388,2026-08-27,0.4597,0.0475,0.01,0.4975
3389,3389,2026-08-27,0.3974,0.4168,0.3185,0.5616
3390,3390,2026-08-27,0.4448,0.4084,0.0209,0.6601
3391,3391,2026-08-27,0.2481,0.1262,0.0113,0.4276
3392,3392,2026-08-27,0.9124,0.0658,0.1727,0.2681
3393,3393,2026-08-27,0.2866,0.134,0.01,0.4448
3394,3394,2026-08-27,0.223,0.2302,0.1007,0.497
3395,3395,2026-08-27,0.9879,0.1043,0.1391,0.2596
3396,3396,2026-08-27,0.3154,0.1191,0.0405,0.4934
3397,3397,2026-08-27,0.2908,0.1799,0.3183,0.3497
3398,3398,2026-08-27,0.1725,0.3258,0.01,0.5587
3399,3399,2026-08-27,0.9608,0.0162,0.1792,0.2505
3400,3400,2026-08-27,0.9274,0.01,0.2843,0.2665
3401,3401,2026-08-27,0.3099,0.3404,0.1832,0.4599
3402,3402,2026-08-27,0.2844,0.0615,0.01,0.3637
3403,3403,2026-08-27,0.285,0.3175,0.0495,0.4506
3404,3404,2026-08-27,0.4767,0.014,0.01,0.4456
3405,3405,2026-08-27,0.4391,0.0738,0.1971,0.2941
3406,3406,2026-08-27,0.5053,0.01,0.1611,0.2329
3407,3407,2026-08-27,0.2212,0.5078,0.421,0.4563
3408,3408,2026-08-27,0.2055,0.5235,0.0581,0.5387
3409,3409,2026-08-27,0.1298,0.4559,0.1447,0.5395
3410,3410,2026-08-27,0.1389,0.3239,0.2491,0.4318
3411,3411,2026-08-27,0.8837,0.0513,0.1913,0.3606
3412,3412,2026-08-27,0.1626,0.2067,0.1572,0.4418
3413,3413,2026-08-27,0.0268,0.2797,0.077,0.4461
3414,3414,2026-08-27,0.2747,0.1269,0.01,0.4416
3415,3415,2026-08-27,0.3663,0.4522,0.01,0.5073
3416,3416,2026-08-27,0.3303,0.3838,0.0306,0.5661
3417,3417,2026-08-27,0.2167,0.4588,0.2457,0.5239
3418,3418,2026-08-27,0.3339,0.01,0.2063,0.2273
3419,3419,2026-08-27,0.3027,0.1509,0.1958,0.445
3420,3420,2026-08-27,0.3901,0.051,0.1383,0.3006
3421,3421,2026-08-27,0.3287,0.01,0.0907,0.2731
3422,3422,2026-08-27,0.4348,0.4308,0.1429,0.6103
3423,3423,2026-08-27,0.99,0.0243,0.3432,0.235
3424,3424,2026-08-27,0.3586,0.4046,0.01,0.5834
3425,3425,2026-08-27,0.2935,0.3808,0.01,0.5077
3426,3426,2026-08-27,0.1216,0.3914,0.01,0.4347
3427,3427,2026-08-27,0.199,0.3906,0.0997,0.6399
3428,3428,2026-08-27,0.3638,0.0721,0.01,0.3136
3429,3429,2026-08-27,0.3114,0.0786,0.01,0.4026
3430,3430,2026-08-27,0.3307,0.2597,0.0129,0.5018
3431,3431,2026-08-27,0.2267,0.3465,0.1382,0.4301
3432,3432,2026-08-27,0.1967,0.385,0.01,0.5241
3433,3433,2026-08-27,0.3857,0.0641,0.0695,0.4131
3434,3434,2026-08-27,0.2939,0.429,0.01,0.6175
3435,3435,2026-08-27,0.3168,0.2269,0.015,0.5345
3436,3436,2026-08-27,0.205,0.4132,0.2291,0.4625
3437,3437,2026-08-27,0.3882,0.4534,0.017,0.646
3438,3438,2026-08-27,0.4582,0.2665,0.0781,0.569
3439,3439,2026-08-27,0.2882,0.077,0.1019,0.2619
3440,3440,2026-08-27,0.0729,0.4702,0.2311,0.4727
3441,3441,2026-08-27,0.3329,0.3776,0.0587,0.5181
3442,3442,2026-08-27,0.3253,0.5119,0.01,0.6207
3443,3443,2026-08-27,0.2986,0.0604,0.0917,0.4299
3444,3444,2026-08-27,0.3388,0.5291,0.1685,0.6226
3445,3445,2026-08-27,0.2552,0.29,0.016,0.4133
3446,3446,2026-08-27,0.4227,0.4953,0.0663,0.6785
3447,3447,2026-08-27,0.8743,0.01,0.2058,0.2195
3448,3448,2026-08-27,0.7739,0.0105,0.1542,0.2387
3449,3449,2026-08-27,0.3608,0.4474,0.01,0.7098
3450,3450,2026-08-27,0.3574,0.0717,0.2346,0.3819
3451,3451,2026-08-27,0.9365,0.01,0.1233,0.5014
3452,3452,2026-08-27,0.2254,0.2904,0.01,0.5047
3453,3453,2026-08-27,0.3757,0.144,0.0321,0.4468
3454,3454,2026-08-27,0.2753,0.0676,0.2364,0.2697
3455,3455,2026-08-27,0.3867,0.0442,0.118,0.2778
3456,3456,2026-08-27,0.3584,0.0991,0.187,0.2906
3457,3457,2026-08-27,0.346,0.0555,0.01,0.3078
3458,3458,2026-08-27,0.2496,0.2239,0.1302,0.4495
3459,3459,2026-08-27,0.1454,0.1709,0.2842,0.3079
3460,3460,2026-08-27,0.3804,0.048,0.01,0.4593
3461,3461,2026-08-27,0.2852,0.4372,0.0281,0.4853
3462,3462,2026-08-27,0.4178,0.1095,0.01,0.4069
3463,3463,2026-08-27,0.1561,0.3551,0.034,0.504
3464,3464,2026-08-27,0.3501,0.3845,0.01,0.5376
3465,3465,2026-08-27,0.8664,0.014,0.1261,0.3353
3466,3466,2026-08-27,0.3946,0.01,0.2305,0.2051
3467,3467,2026-08-27,0.2422,0.3651,0.1288,0.3959
3468,3468,2026-08-27,0.2417,0.3448,0.111,0.4075
3469,3469,2026-08-27,0.2713,0.465,0.1812,0.6482
3470,3470,2026-08-27,0.3872,0.0104,0.0275,0.3401
3471,3471,2026-08-27,0.285,0.3901,0.01,0.584
3472,3472,2026-08-27,0.2692,0.4458,0.1919,0.6067
3473,3473,2026-08-27,0.1751,0.3202,0.0413,0.464
3474,3474,2026-08-27,0.4432,0.4707,0.1406,0.6289
3475,3475,2026-08-27,0.1097,0.3702,0.01,0.5554
3476,3476,2026-08-27,0.2384,0.5868,0.0225,0.6462
3477,3477,2026-08-27,0.3171,0.0571,0.2189,0.3104
3478,3478,2026-08-27,0.2625,0.1095,0.0819,0.3627
3479,3479,2026-08-27,0.3051,0.1368,0.01,0.3889
3480,3480,2026-08-27,0.1395,0.354,0.01,0.62
3481,3481,2026-08-27,0.3803,0.3687,0.0712,0.5808
3482,3482,2026-08-27,0.9489,0.067,0.3478,0.1721
3483,3483,2026-08-27,0.2926,0.0771,0.0481,0.3196
3484,3484,2026-08-27,0.1705,0.3471,0.01,0.542
3485,3485,2026-08-27,0.8474,0.0265,0.1794,0.2719
3486,3486,2026-08-27,0.9498,0.1078,0.1264,0.3614
3487,3487,2026-08-27,0.8497,0.01,0.1991,0.2507
3488,3488,2026-08-27,0.99,0.1675,0.2015,0.4131
3489,3489,2026-08-27,0.1822,0.4248,0.0482,0.5091
3490,3490,2026-08-27,0.1477,0.3178,0.01,0.4645
3491,3491,2026-08-27,0.2797,0.4749,0.01,0.5699
3492,3492,2026-08-27,0.2937,0.0857,0.0229,0.2625
3493,3493,2026-08-27,0.3462,0.1013,0.01,0.4097
3494,3494,2026-08-27,0.368,0.2253,0.01,0.5675
3495,3495,2026-08-27,0.2496,0.3643,0.0181,0.6213
3496,3496,2026-08-27,0.4322,0.1561,0.1759,0.3129
3497,3497,2026-08-27,0.9233,0.01,0.099,0.3215
3498,3498,2026-08-27,0.9235,0.138,0.2192,0.4951
3499,3499,2026-08-27,0.181,0.4387,0.01,0.5719
3500,3500,2026-08-27,0.2073,0.1223,0.202,0.3388
3501,3501,2026-08-27,0.4,0.4752,0.0221,0.693
3502,3502,2026-08-27,0.1592,0.4284,0.0834,0.5466
3503,3503,2026-08-27,0.226,0.1237,0.2804,0.2666
3504,3504,2026-08-27,0.9399,0.0701,0.2554,0.2987
3505,3505,2026-08-27,0.8071,0.01,0.186,0.284
3506,3506,2026-08-27,0.0599,0.3888,0.2371,0.4408
3507,3507,2026-08-27,0.1748,0.3704,0.2231,0.4709
3508,3508,2026-08-27,0.3514,0.0966,0.1038,0.347
3509,3509,2026-08-27,0.99,0.01,0.1235,0.222
3510,3510,2026-08-27,0.2871,0.4724,0.0628,0.5199
3511,3511,2026-08-27,0.2895,0.01,0.01,0.271
3512,3512,2026-08-27,0.8505,0.01,0.3317,0.2611
3513,3513,2026-08-27,0.3092,0.0475,0.01,0.3399
3514,3514,2026-08-27,0.3166,0.2669,0.2817,0.4564
3515,3515,2026-08-27,0.5407,0.0148,0.0133,0.3224
3516,3516,2026-08-27,0.8876,0.0721,0.2013,0.2631
3517,3517,2026-08-27,0.1209,0.4946,0.1222,0.5734
3518,3518,2026-08-27,0.2756,0.5229,0.01,0.551
3519,3519,2026-08-27,0.0706,0.3029,0.1594,0.4618
3520,3520,2026-08-27,0.4154,0.01,0.2986,0.2708
3521,3521,2026-08-27,0.0769,0.5118,0.0135,0.5517
3522,3522,2026-08-27,0.3642,0.144,0.01,0.4533
3523,3523,2026-08-27,0.2195,0.0864,0.0493,0.3644
3524,3524,2026-08-27,0.3152,0.4207,0.0621,0.5839
3525,3525,2026-08-27,0.1786,0.3583,0.01,0.4967
3526,3526,2026-08-27,0.2377,0.4286,0.223,0.4108
3527,3527,2026-08-27,0.2593,0.3051,0.2542,0.5029
3528,3528,2026-08-27,0.2914,0.463,0.01,0.4837
3529,3529,2026-08-27,0.3188,0.1133,0.01,0.3554
3530,3530,2026-08-27,0.0528,0.3352,0.1142,0.4192
3531,3531,2026-08-27,0.3114,0.3276,0.223,0.4924
3532,3532,2026-08-27,0.2698,0.0211,0.234,0.2772
3533,3533,2026-08-27,0.2004,0.3433,0.0439,0.4656
3534,3534,2026-08-27,0.3164,0.3848,0.1358,0.4541
3535,3535,2026-08-27,0.7543,0.0514,0.1934,0.3283
3536,3536,2026-08-27,0.3115,0.1281,0.01,0.3435
3537,3537,2026-08-27,0.2322,0.4402,0.0427,0.4992
3538,3538,2026-08-27,0.1535,0.4052,0.1608,0.5101
3539,3539,2026-08-27,0.3397,0.5656,0.01,0.643
3540,3540,2026-08-27,0.2672,0.4544,0.01,0.521
3541,3541,2026-08-27,0.2836,0.1615,0.0282,0.2374
3542,3542,2026-08-27,0.1773,0.274,0.2083,0.4236
3543,3543,2026-08-27,0.3512,0.1771,0.1117,0.408
3544,3544,2026-08-27,0.3195,0.419,0.0704,0.4889
3545,3545,2026-08-27,0.4397,0.5232,0.01,0.7
3546,3546,2026-08-27,0.2,0.3482,0.2753,0.4515
3547,3547,2026-08-27,0.1746,0.4567,0.1067,0.5246
3548,3548,2026-08-27,0.3488,0.0763,0.2507,0.279
3549,3549,2026-08-27,0.1997,0.3101,0.01,0.5844
3550,3550,2026-08-27,0.3492,0.1235,0.01,0.3527
3551,3551,2026-08-27,0.408,0.0981,0.01,0.397
3552,3552,2026-08-27,0.1367,0.4172,0.1569,0.4615
3553,3553,2026-08-27,0.2829,0.6367,0.1186,0.6628
3554,3554,2026-08-27,0.1342,0.397,0.1274,0.5193
3555,3555,2026-08-27,0.3999,0.4292,0.01,0.6622
3556,3556,2026-08-27,0.2771,0.0221,0.0515,0.355
3557,3557,2026-08-27,0.2511,0.4144,0.1241,0.569
3558,3558,2026-08-27,0.338,0.1139,0.3356,0.358
3559,3559,2026-08-27,0.0988,0.2784,0.098,0.4581
3560,3560,2026-08-27,0.0734,0.3805,0.0235,0.5034
3561,3561,2026-08-27,0.9724,0.032,0.1797,0.3118
3562,3562,2026-08-27,0.1381,0.4276,0.0495,0.5725
3563,3563,2026-08-27,0.2908,0.1263,0.0334,0.4676
3564,3564,2026-08-27,0.2076,0.4972,0.0682,0.5741
3565,3565,2026-08-27,0.2139,0.01,0.01,0.3683
3566,3566,2026-08-27,0.4061,0.01,0.2303,0.3526
3567,3567,2026-08-27,0.2793,0.078,0.1576,0.3773
3568,3568,2026-08-27,0.254,0.3574,0.0454,0.5108
3569,3569,2026-08-27,0.5198,0.01,0.1757,0.1943
3570,3570,2026-08-27,0.2386,0.4049,0.01,0.4847
3571,3571,2026-08-27,0.318,0.118,0.2489,0.2475
3572,3572,2026-08-27,0.2406,0.4539,0.0896,0.6016
3573,3573,2026-08-27,0.2403,0.4737,0.0584,0.6551
3574,3574,2026-08-27,0.3546,0.3767,0.1515,0.5459
3575,3575,2026-08-27,0.3486,0.4331,0.0575,0.6548
3576,3576,2026-08-27,0.2666,0.6137,0.01,0.6714
3577,3577,2026-08-27,0.3826,0.01,0.01,0.2982
3578,3578,2026-08-27,0.3016,0.5014,0.0792,0.5406
3579,3579,2026-08-27,0.99,0.1436,0.0747,0.3633
3580,3580,2026-08-27,0.3451,0.1469,0.1614,0.4703
3581,3581,2026-08-27,0.3089,0.01,0.01,0.3031
3582,3582,2026-08-27,0.2591,0.1181,0.01,0.4265
3583,3583,2026-08-27,0.3512,0.3826,0.0901,0.5363
3584,3584,2026-08-27,0.9044,0.1015,0.1343,0.2876
3585,3585,2026-08-27,0.3423,0.01,0.0814,0.3088
3586,3586,2026-08-27,0.4178,0.1182,0.2091,0.3771
3587,3587,2026-08-27,0.3578,0.4308,0.2242,0.5704
3588,3588,2026-08-27,0.1663,0.3946,0.0341,0.4908
3589,3589,2026-08-27,0.4486,0.2006,0.1297,0.5011
3590,3590,2026-08-27,0.1299,0.4442,0.0141,0.5418
3591,3591,2026-08-27,0.2889,0.2302,0.0425,0.4535
3592,3592,2026-08-27,0.2511,0.4997,0.01,0.678
3593,3593,2026-08-27,0.2486,0.2389,0.3344,0.4292
3594,3594,2026-08-27,0.2036,0.1636,0.0647,0.5404
3595,3595,2026-08-27,0.1956,0.1932,0.0115,0.4357
3596,3596,2026-08-27,0.3496,0.0851,0.01,0.4849
3597,3597,2026-08-27,0.3234,0.0234,0.01,0.3104
3598,3598,2026-08-27,0.3094,0.1092,0.01,0.3452
3599,3599,2026-08-27,0.3259,0.0466,0.0749,0.3105
3600,3600,2026-08-27,0.3196,0.3322,0.01,0.6041
3601,3601,2026-08-27,0.3144,0.2949,0.0799,0.4768
3602,3602,2026-08-27,0.2604,0.3964,0.01,0.5765
3603,3603,2026-08-27,0.1605,0.3398,0.309,0.3979
3604,3604,2026-08-27,0.451,0.3083,0.0255,0.5212
3605,3605,2026-08-27,0.3071,0.1501,0.01,0.3822
3606,3606,2026-08-27,0.2156,0.1966,0.2373,0.3698
3607,3607,2026-08-27,0.2764,0.5021,0.01,0.6078
3608,3608,2026-08-27,0.3559,0.2798,0.1386,0.4549
3609,3609,2026-08-27,0.2593,0.4479,0.0523,0.6112
3610,3610,2026-08-27,0.4208,0.4629,0.0367,0.5765
3611,3611,2026-08-27,0.9457,0.0691,0.1639,0.2492
3612,3612,2026-08-27,0.3874,0.3445,0.1322,0.5753
3613,3613,2026-08-27,0.193,0.3141,0.0195,0.5348
3614,3614,2026-08-27,0.359,0.0866,0.2092,0.3182
3615,3615,2026-08-27,0.2502,0.3507,0.038,0.4305
3616,3616,2026-08-27,0.822,0.0334,0.2249,0.2771
3617,3617,2026-08-27,0.4353,0.3155,0.063,0.5897
3618,3618,2026-08-27,0.3209,0.4403,0.01,0.585
3619,3619,2026-08-27,0.2805,0.4855,0.01,0.6382
3620,3620,2026-08-27,0.2215,0.173,0.0323,0.467
3621,3621,2026-08-27,0.1857,0.4063,0.0997,0.5128
3622,3622,2026-08-27,0.3678,0.3908,0.0575,0.5235
3623,3623,2026-08-27,0.1774,0.3831,0.01,0.5325
3624,3624,2026-08-27,0.3246,0.1987,0.0352,0.4048
3625,3625,2026-08-27,0.8713,0.0544,0.1668,0.2546
3626,3626,2026-08-27,0.1113,0.3012,0.01,0.5007
3627,3627,2026-08-27,0.3666,0.0115,0.0215,0.3035
3628,3628,2026-08-27,0.8335,0.01,0.1708,0.4315
3629,3629,2026-08-27,0.8193,0.07,0.107,0.4415
3630,3630,2026-08-27,0.3498,0.4419,0.0865,0.523
3631,3631,2026-08-27,0.1971,0.1417,0.0446,0.3652
3632,3632,2026-08-27,0.2406,0.119,0.01,0.3639
3633,3633,2026-08-27,0.1314,0.3643,0.2374,0.4029
3634,3634,2026-08-27,0.3242,0.4739,0.01,0.6308
3635,3635,2026-08-27,0.0545,0.2991,0.2179,0.487
3636,3636,2026-08-27,0.1243,0.192,0.229,0.4476
3637,3637,2026-08-27,0.3837,0.1065,0.0562,0.3429
3638,3638,2026-08-27,0.2871,0.5072,0.01,0.6258
3639,3639,2026-08-27,0.3387,0.0781,0.1417,0.4003
3640,3640,2026-08-27,0.2179,0.334,0.0986,0.4637
3641,3641,2026-08-27,0.1541,0.3393,0.0151,0.3895
3642,3642,2026-08-27,0.3045,0.1371,0.2627,0.3758
3643,3643,2026-08-27,0.2238,0.0695,0.1313,0.311
3644,3644,2026-08-27,0.2485,0.5523,0.01,0.6502
3645,3645,2026-08-27,0.2458,0.2963,0.01,0.5281
3646,3646,2026-08-27,0.8258,0.0423,0.1511,0.2858
3647,3647,2026-08-27,0.3083,0.5125,0.01,0.7085
3648,3648,2026-08-27,0.3748,0.4425,0.214,0.5761
3649,3649,2026-08-27,0.2747,0.4002,0.01,0.4789
3650,3650,2026-08-27,0.3326,0.1333,0.01,0.4088
3651,3651,2026-08-27,0.3882,0.4946,0.01,0.5394
3652,3652,2026-08-27,0.2719,0.5777,0.0614,0.5371
3653,3653,2026-08-27,0.195,0.3757,0.0271,0.4996
3654,3654,2026-08-27,0.2879,0.3002,0.1092,0.4291
3655,3655,2026-08-27,0.232,0.5169,0.01,0.6995
3656,3656,2026-08-27,0.1309,0.1018,0.01,0.2713
3657,3657,2026-08-27,0.2683,0.3848,0.1194,0.4934
3658,3658,2026-08-27,0.4028,0.4192,0.204,0.5807
3659,3659,2026-08-27,0.3159,0.231,0.0317,0.4724
3660,3660,2026-08-27,0.366,0.1249,0.2124,0.3479
3661,3661,2026-08-27,0.2497,0.5163,0.01,0.5042
3662,3662,2026-08-27,0.3694,0.1122,0.0597,0.319
3663,3663,2026-08-27,0.438,0.01,0.01,0.3825
3664,3664,2026-08-27,0.9044,0.0953,0.2014,0.5167
3665,3665,2026-08-27,0.2423,0.4601,0.0536,0.5156
3666,3666,2026-08-27,0.3755,0.648,0.1778,0.6743
3667,3667,2026-08-27,0.3091,0.5169,0.0358,0.5554
3668,3668,2026-08-27,0.4177,0.1856,0.01,0.534
3669,3669,2026-08-27,0.2149,0.5585,0.1739,0.6619
3670,3670,2026-08-27,0.0324,0.4285,0.0389,0.5153
3671,3671,2026-08-27,0.2902,0.3405,0.2035,0.5053
3672,3672,2026-08-27,0.3978,0.154,0.0285,0.3291
3673,3673,2026-08-27,0.3315,0.3159,0.1865,0.4111
3674,3674,2026-08-27,0.3565,0.3852,0.0306,0.4716
3675,3675,2026-08-27,0.238,0.0836,0.1548,0.2554
3676,3676,2026-08-27,0.3597,0.2336,0.01,0.486
3677,3677,2026-08-27,0.3001,0.3512,0.181,0.4918
3678,3678,2026-08-27,0.1834,0.5636,0.01,0.5922
3679,3679,2026-08-27,0.2028,0.4202,0.0351,0.497
3680,3680,2026-08-27,0.274,0.3384,0.1946,0.5751
3681,3681,2026-08-27,0.9372,0.01,0.2182,0.2054
3682,3682,2026-08-27,0.2527,0.4293,0.0698,0.5183
3683,3683,2026-08-27,0.3276,0.4212,0.01,0.6528
3684,3684,2026-08-27,0.3068,0.3215,0.0623,0.5312
3685,3685,2026-08-27,0.4243,0.433,0.1024,0.5104
3686,3686,2026-08-27,0.2678,0.0337,0.0141,0.3673
3687,3687,2026-08-27,0.2883,0.43,0.012,0.6166
3688,3688,2026-08-27,0.3904,0.0215,0.01,0.2924
3689,3689,2026-08-27,0.16,0.3419,0.01,0.4612
3690,3690,2026-08-27,0.2713,0.4515,0.01,0.5964
3691,3691,2026-08-27,0.2831,0.3098,0.0722,0.6022
3692,3692,2026-08-27,0.1014,0.4035,0.01,0.5116
3693,3693,2026-08-27,0.211,0.1288,0.1028,0.3951
3694,3694,2026-08-27,0.1685,0.3383,0.01,0.5356
3695,3695,2026-08-27,0.9447,0.0418,0.1302,0.5229
3696,3696,2026-08-27,0.3416,0.348,0.0125,0.5686
3697,3697,2026-08-27,0.2571,0.6019,0.0904,0.6466
3698,3698,2026-08-27,0.2759,0.0855,0.1533,0.3952
3699,3699,2026-08-27,0.2126,0.1782,0.0374,0.4295
3700,3700,2026-08-27,0.3122,0.6109,0.0124,0.7593
3701,3701,2026-08-27,0.3621,0.0513,0.1972,0.2993
3702,3702,2026-08-27,0.2593,0.4107,0.1536,0.4309
3703,3703,2026-08-27,0.1299,0.3885,0.0578,0.4867
3704,3704,2026-08-27,0.9308,0.01,0.1296,0.2259
3705,3705,2026-08-27,0.3178,0.2973,0.01,0.6089
3706,3706,2026-08-27,0.3301,0.4981,0.0857,0.5341
3707,3707,2026-08-27,0.3178,0.4611,0.0662,0.6196
3708,3708,2026-08-27,0.9014,0.0191,0.1693,0.3277
3709,3709,2026-08-27,0.4007,0.5223,0.099,0.6891
3710,3710,2026-08-27,0.99,0.0616,0.2006,0.2675
3711,3711,2026-08-27,0.2911,0.0835,0.0875,0.4405
3712,3712,2026-08-27,0.9619,0.01,0.1439,0.216
3713,3713,2026-08-27,0.3343,0.0567,0.0818,0.3966
3714,3714,2026-08-27,0.8841,0.01,0.0847,0.521
3715,3715,2026-08-27,0.4243,0.0894,0.01,0.2735
3716,3716,2026-08-27,0.2709,0.1234,0.0606,0.4261
3717,3717,2026-08-27,0.9304,0.1006,0.209,0.2488
3718,3718,2026-08-27,0.282,0.0137,0.1188,0.3491
3719,3719,2026-08-27,0.4152,0.0331,0.01,0.3412
3720,3720,2026-08-27,0.0635,0.3745,0.1716,0.5044
3721,3721,2026-08-27,0.1773,0.2829,0.0304,0.502
3722,3722,2026-08-27,0.2801,0.3335,0.147,0.4043
3723,3723,2026-08-27,0.4235,0.1144,0.1932,0.3774
3724,3724,2026-08-27,0.3579,0.547,0.1328,0.5848
3725,3725,2026-08-27,0.3677,0.1251,0.01,0.3369
3726,3726,2026-08-27,0.3441,0.1899,0.214,0.3886
3727,3727,2026-08-27,0.3537,0.0467,0.01,0.4228
3728,3728,2026-08-27,0.2763,0.4546,0.2232,0.5287
3729,3729,2026-08-27,0.9408,0.01,0.1519,0.2415
3730,3730,2026-08-27,0.9198,0.0386,0.253,0.2305
3731,3731,2026-08-27,0.4076,0.0432,0.01,0.4013
3732,3732,2026-08-27,0.3012,0.01,0.01,0.3025
3733,3733,2026-08-27,0.1943,0.391,0.01,0.4469
3734,3734,2026-08-27,0.2659,0.3425,0.1663,0.5161
3735,3735,2026-08-27,0.244,0.4004,0.1166,0.5053
3736,3736,2026-08-27,0.4029,0.01,0.154,0.3031
3737,3737,2026-08-27,0.2448,0.4608,0.1974,0.4922
3738,3738,2026-08-27,0.9544,0.1559,0.1822,0.2647
3739,3739,2026-08-27,0.3216,0.1597,0.1176,0.4876
3740,3740,2026-08-27,0.2448,0.4363,0.01,0.5762
3741,3741,2026-08-27,0.3646,0.448,0.01,0.5396
3742,3742,2026-08-27,0.3812,0.5649,0.1141,0.6024
3743,3743,2026-08-27,0.3396,0.2103,0.0166,0.433
3744,3744,2026-08-27,0.2117,0.4884,0.2185,0.6451
3745,3745,2026-08-27,0.2471,0.2872,0.0914,0.5181
3746,3746,2026-08-27,0.7656,0.0963,0.2094,0.2907
3747,3747,2026-08-27,0.3855,0.3506,0.1243,0.5417
3748,3748,2026-08-27,0.3247,0.2239,0.2602,0.3758
3749,3749,2026-08-27,0.3139,0.4162,0.1188,0.6243
3750,3750,2026-08-27,0.4644,0.3038,0.096,0.4783
3751,3751,2026-08-27,0.203,0.3269,0.062,0.5157
3752,3752,2026-08-27,0.1664,0.4025,0.3106,0.4661
3753,3753,2026-08-27,0.4044,0.5915,0.2483,0.6951
3754,3754,2026-08-27,0.8123,0.01,0.1242,0.2371
3755,3755,2026-08-27,0.2668,0.2724,0.2772,0.3991
3756,3756,2026-08-27,0.3676,0.4181,0.1547,0.5789
3757,3757,2026-08-27,0.2024,0.4242,0.0442,0.5259
3758,3758,2026-08-27,0.2435,0.4615,0.01,0.522
3759,3759,2026-08-27,0.3659,0.1579,0.01,0.431
3760,3760,2026-08-27,0.336,0.5068,0.0458,0.5684
3761,3761,2026-08-27,0.3189,0.2361,0.0699,0.3892
3762,3762,2026-08-27,0.2836,0.3878,0.0171,0.5794
3763,3763,2026-08-27,0.3459,0.2215,0.2476,0.4465
3764,3764,2026-08-27,0.1906,0.3883,0.0662,0.5065
3765,3765,2026-08-27,0.2715,0.1935,0.0129,0.4978
3766,3766,2026-08-27,0.3808,0.0135,0.01,0.3157
3767,3767,2026-08-27,0.2268,0.4176,0.1498,0.4846
3768,3768,2026-08-27,0.4175,0.3919,0.0425,0.5896
3769,3769,2026-08-27,0.9391,0.0337,0.1513,0.4445
3770,3770,2026-08-27,0.1264,0.3286,0.1025,0.4907
3771,3771,2026-08-27,0.5049,0.0208,0.01,0.3173
3772,3772,2026-08-27,0.3673,0.01,0.0218,0.2681
3773,3773,2026-08-27,0.8739,0.1812,0.1855,0.428
3774,3774,2026-08-27,0.2477,0.3042,0.01,0.584
3775,3775,2026-08-27,0.3798,0.08,0.0901,0.3843
3776,3776,2026-08-27,0.2174,0.3967,0.1277,0.5249
3777,3777,2026-08-27,0.99,0.0536,0.2032,0.3215
3778,3778,2026-08-27,0.3229,0.2381,0.1275,0.4745
3779,3779,2026-08-27,0.9476,0.1507,0.1162,0.6359
3780,3780,2026-08-27,0.3812,0.1876,0.1647,0.3386
3781,3781,2026-08-27,0.0911,0.3147,0.3084,0.3509
3782,3782,2026-08-27,0.2805,0.0824,0.01,0.3416
3783,3783,2026-08-27,0.25,0.01,0.01,0.3461
3784,3784,2026-08-27,0.2644,0.3134,0.0953,0.4395
3785,3785,2026-08-27,0.1819,0.3499,0.01,0.4223
3786,3786,2026-08-27,0.337,0.0896,0.2194,0.3641
3787,3787,2026-08-27,0.4059,0.01,0.2043,0.2829
3788,3788,2026-08-27,0.2589,0.0627,0.419,0.2724
3789,3789,2026-08-27,0.2778,0.3895,0.0742,0.5414
3790,3790,2026-08-27,0.8905,0.0185,0.2144,0.3007
3791,3791,2026-08-27,0.3164,0.3037,0.01,0.4509
3792,3792,2026-08-27,0.34,0.3746,0.2343,0.528
3793,3793,2026-08-27,0.3,0.1008,0.2294,0.3641
3794,3794,2026-08-27,0.3104,0.4592,0.091,0.5468
3795,3795,2026-08-27,0.1264,0.4436,0.2912,0.4258
3796,3796,2026-08-27,0.941,0.0538,0.1931,0.2567
3797,3797,2026-08-27,0.8369,0.0674,0.2649,0.2625
3798,3798,2026-08-27,0.4343,0.01,0.01,0.4332
3799,3799,2026-08-27,0.3998,0.565,0.1038,0.6911
3800,3800,2026-08-27,0.3031,0.3177,0.0284,0.4998
3801,3801,2026-08-27,0.4205,0.01,0.1121,0.4181
3802,3802,2026-08-27,0.2474,0.4002,0.0612,0.5163
3803,3803,2026-08-27,0.3322,0.541,0.01,0.7242
3804,3804,2026-08-27,0.2893,0.4135,0.0315,0.5166
3805,3805,2026-08-27,0.2496,0.0464,0.01,0.3469
3806,3806,2026-08-27,0.2578,0.3439,0.0116,0.423
3807,3807,2026-08-27,0.959,0.0721,0.122,0.2861
3808,3808,2026-08-27,0.1254,0.4086,0.0835,0.5097
3809,3809,2026-08-27,0.3535,0.0992,0.01,0.4657
3810,3810,2026-08-27,0.3494,0.0937,0.01,0.4813
3811,3811,2026-08-27,0.1912,0.4166,0.0959,0.543
3812,3812,2026-08-27,0.0757,0.2372,0.2288,0.4142
3813,3813,2026-08-27,0.1695,0.4069,0.0691,0.5
3814,3814,2026-08-27,0.2763,0.036,0.1308,0.3405
3815,3815,2026-08-27,0.2772,0.4742,0.0525,0.5518
3816,3816,2026-08-27,0.3001,0.459,0.01,0.6312
3817,3817,2026-08-27,0.3374,0.4487,0.033,0.6324
3818,3818,2026-08-27,0.2555,0.4199,0.01,0.5556
3819,3819,2026-08-27,0.8089,0.0383,0.1533,0.4941
3820,3820,2026-08-27,0.3559,0.1378,0.01,0.4689
3821,3821,2026-08-27,0.3502,0.0883,0.1199,0.3297
3822,3822,2026-08-27,0.2244,0.3743,0.2397,0.5369
3823,3823,2026-08-27,0.2503,0.3997,0.01,0.5554
3824,3824,2026-08-27,0.2907,0.1741,0.1019,0.4748
3825,3825,2026-08-27,0.8763,0.01,0.1242,0.2466
3826,3826,2026-08-27,0.0864,0.44,0.1592,0.5054
3827,3827,2026-08-27,0.3175,0.5275,0.01,0.6521
3828,3828,2026-08-27,0.3539,0.5247,0.01,0.6858
3829,3829,2026-08-27,0.2335,0.0596,0.2237,0.2486
3830,3830,2026-08-27,0.1655,0.2905,0.1446,0.4505
3831,3831,2026-08-27,0.2702,0.288,0.0513,0.4208
3832,3832,2026-08-27,0.1489,0.3069,0.0274,0.4985
3833,3833,2026-08-27,0.2677,0.3924,0.0558,0.6326
3834,3834,2026-08-27,0.2316,0.3497,0.0248,0.5306
3835,3835,2026-08-27,0.2801,0.4652,0.0418,0.592
3836,3836,2026-08-27,0.4037,0.4143,0.01,0.6542
3837,3837,2026-08-27,0.8025,0.0923,0.2233,0.5319
3838,3838,2026-08-27,0.2976,0.2401,0.0223,0.5012
3839,3839,2026-08-27,0.1849,0.01,0.01,0.2744
3840,3840,2026-08-27,0.4289,0.3731,0.01,0.4928
3841,3841,2026-08-27,0.8342,0.0636,0.1666,0.2424
3842,3842,2026-08-27,0.8131,0.01,0.2511,0.2641
3843,3843,2026-08-27,0.99,0.01,0.1327,0.2497
3844,3844,2026-08-27,0.1171,0.3353,0.1941,0.4544
3845,3845,2026-08-27,0.3796,0.1071,0.2121,0.4245
3846,3846,2026-08-27,0.115,0.3846,0.181,0.4937
3847,3847,2026-08-27,0.7795,0.01,0.1749,0.2773
3848,3848,2026-08-27,0.8586,0.1001,0.127,0.261
3849,3849,2026-08-27,0.3066,0.4638,0.022,0.6174
3850,3850,2026-08-27,0.1887,0.5577,0.0217,0.5886
3851,3851,2026-08-27,0.2348,0.5205,0.1119,0.6401
3852,3852,2026-08-27,0.2644,0.4968,0.1459,0.5939
3853,3853,2026-08-27,0.3181,0.4948,0.01,0.6785
3854,3854,2026-08-27,0.1866,0.5906,0.0983,0.6116
3855,3855,2026-08-27,0.1803,0.2637,0.0217,0.454
3856,3856,2026-08-27,0.396,0.3145,0.0911,0.407
3857,3857,2026-08-27,0.3289,0.1285,0.01,0.4578
3858,3858,2026-08-27,0.3582,0.3024,0.2709,0.5068
3859,3859,2026-08-27,0.9447,0.136,0.2401,0.3006
3860,3860,2026-08-27,0.1647,0.2761,0.0717,0.4909
3861,3861,2026-08-27,0.1175,0.3307,0.01,0.4457
3862,3862,2026-08-27,0.475,0.0482,0.1911,0.3473
3863,3863,2026-08-27,0.9519,0.01,0.1567,0.4875
3864,3864,2026-08-27,0.3136,0.5955,0.0966,0.6791
3865,3865,2026-08-27,0.2801,0.0807,0.0144,0.3131
3866,3866,2026-08-27,0.2616,0.4709,0.01,0.5959
3867,3867,2026-08-27,0.1562,0.4715,0.1105,0.4917
3868,3868,2026-08-27,0.3682,0.469,0.01,0.5643
3869,3869,2026-08-27,0.1975,0.4218,0.0956,0.5367
3870,3870,2026-08-27,0.1868,0.3023,0.01,0.5432
3871,3871,2026-08-27,0.1808,0.5769,0.2067,0.5784
3872,3872,2026-08-27,0.3569,0.4829,0.01,0.5685
3873,3873,2026-08-27,0.2142,0.209,0.01,0.4425
3874,3874,2026-08-27,0.2275,0.1974,0.01,0.4712
3875,3875,2026-08-27,0.2894,0.01,0.01,0.3436
3876,3876,2026-08-27,0.413,0.3357,0.0549,0.5778
3877,3877,2026-08-27,0.3732,0.1118,0.08,0.3449
3878,3878,2026-08-27,0.3516,0.0573,0.1646,0.2778
3879,3879,2026-08-27,0.1923,0.1477,0.0558,0.3525
3880,3880,2026-08-27,0.2522,0.6291,0.1253,0.5741
3881,3881,2026-08-27,0.8247,0.0473,0.1618,0.4404
3882,3882,2026-08-27,0.3475,0.0543,0.1618,0.3791
3883,3883,2026-08-27,0.9317,0.01,0.3599,0.2017
3884,3884,2026-08-27,0.0911,0.4646,0.1012,0.5587
3885,3885,2026-08-27,0.3852,0.01,0.1815,0.271
3886,3886,2026-08-27,0.3124,0.1133,0.1418,0.4444
3887,3887,2026-08-27,0.3938,0.0743,0.2326,0.2964
3888,3888,2026-08-27,0.334,0.0757,0.1878,0.2521
3889,3889,2026-08-27,0.3466,0.0308,0.1251,0.3627
3890,3890,2026-08-27,0.3244,0.5069,0.01,0.5337
3891,3891,2026-08-27,0.2511,0.5638,0.01,0.5862
3892,3892,2026-08-27,0.9256,0.01,0.2905,0.311
3893,3893,2026-08-27,0.3393,0.4474,0.01,0.5662
3894,3894,2026-08-27,0.2434,0.3371,0.01,0.399
3895,3895,2026-08-27,0.3608,0.1309,0.01,0.3207
3896,3896,2026-08-27,0.2097,0.438,0.0426,0.4957
3897,3897,2026-08-27,0.3505,0.4936,0.0634,0.6457
3898,3898,2026-08-27,0.2584,0.5182,0.2615,0.6328
3899,3899,2026-08-27,0.2329,0.1956,0.3675,0.3808
3900,3900,2026-08-27,0.3782,0.3132,0.01,0.3741
3901,3901,2026-08-27,0.3254,0.435,0.1172,0.4841
3902,3902,2026-08-27,0.3795,0.0229,0.01,0.3616
3903,3903,2026-08-27,0.99,0.0281,0.1085,0.2726
3904,3904,2026-08-27,0.1259,0.3297,0.0162,0.4802
3905,3905,2026-08-27,0.3903,0.3384,0.01,0.4752
3906,3906,2026-08-27,0.8818,0.01,0.1692,0.2606
3907,3907,2026-08-27,0.358,0.0506,0.0355,0.2934
3908,3908,2026-08-27,0.3401,0.0612,0.1324,0.3748
3909,3909,2026-08-27,0.1859,0.3979,0.0783,0.5509
3910,3910,2026-08-27,0.2302,0.1091,0.01,0.4012
3911,3911,2026-08-27,0.2355,0.3747,0.0302,0.465
3912,3912,2026-08-27,0.1766,0.3623,0.01,0.4992
3913,3913,2026-08-27,0.3157,0.1005,0.01,0.4031
3914,3914,2026-08-27,0.2885,0.5181,0.01,0.6661
3915,3915,2026-08-27,0.3304,0.4331,0.01,0.6379
3916,3916,2026-08-27,0.3264,0.4654,0.01,0.6415
3917,3917,2026-08-27,0.1126,0.3506,0.032,0.5407
3918,3918,2026-08-27,0.1323,0.3151,0.01,0.5318
3919,3919,2026-08-27,0.792,0.0337,0.3189,0.2556
3920,3920,2026-08-27,0.3144,0.5698,0.0436,0.6857
3921,3921,2026-08-27,0.3586,0.539,0.0316,0.5696
3922,3922,2026-08-27,0.3168,0.092,0.2507,0.3518
3923,3923,2026-08-27,0.2567,0.5685,0.01,0.6744
3924,3924,2026-08-27,0.3377,0.1085,0.2574,0.2536
3925,3925,2026-08-27,0.3002,0.3464,0.01,0.4486
3926,3926,2026-08-27,0.056,0.3901,0.1512,0.555
3927,3927,2026-08-27,0.3407,0.4207,0.01,0.6224
3928,3928,2026-08-27,0.3247,0.0436,0.0796,0.3588
3929,3929,2026-08-27,0.267,0.1493,0.1819,0.402
3930,3930,2026-08-27,0.3794,0.1625,0.01,0.3717
3931,3931,2026-08-27,0.2639,0.3132,0.2832,0.4309
3932,3932,2026-08-27,0.1647,0.3145,0.01,0.4763
3933,3933,2026-08-27,0.0865,0.3442,0.01,0.4599
3934,3934,2026-08-27,0.4381,0.01,0.1389,0.4122
3935,3935,2026-08-27,0.1249,0.3606,0.0347,0.4787
3936,3936,2026-08-27,0.254,0.3363,0.1295,0.4627
3937,3937,2026-08-27,0.3942,0.3832,0.01,0.5732
3938,3938,2026-08-27,0.8514,0.01,0.2088,0.2668
3939,3939,2026-08-27,0.1242,0.4364,0.01,0.4872
3940,3940,2026-08-27,0.2378,0.1606,0.0302,0.3861
3941,3941,2026-08-27,0.2274,0.2326,0.1508,0.4458
3942,3942,2026-08-27,0.2167,0.4559,0.01,0.5174
3943,3943,2026-08-27,0.2895,0.4975,0.01,0.5945
3944,3944,2026-08-27,0.1574,0.5034,0.0782,0.5487
3945,3945,2026-08-27,0.3213,0.2566,0.0147,0.4402
3946,3946,2026-08-27,0.5412,0.01,0.0555,0.3075
3947,3947,2026-08-27,0.2891,0.4416,0.01,0.5304
3948,3948,2026-08-27,0.2933,0.3043,0.3765,0.3897
3949,3949,2026-08-27,0.3785,0.0734,0.01,0.362
3950,3950,2026-08-27,0.1578,0.4336,0.024,0.5112
3951,3951,2026-08-27,0.2707,0.5347,0.2624,0.5762
3952,3952,2026-08-27,0.3725,0.01,0.01,0.2522
3953,3953,2026-08-27,0.3778,0.01,0.1681,0.2832
3954,3954,2026-08-27,0.851,0.1396,0.1186,0.6402
3955,3955,2026-08-27,0.2449,0.2008,0.0743,0.3502
3956,3956,2026-08-27,0.1424,0.3364,0.0119,0.5152
3957,3957,2026-08-27,0.2329,0.0819,0.01,0.2691
3958,3958,2026-08-27,0.3351,0.0639,0.01,0.4462
3959,3959,2026-08-27,0.3819,0.01,0.01,0.3473
3960,3960,2026-08-27,0.29,0.5331,0.0338,0.6197
3961,3961,2026-08-27,0.1493,0.3962,0.0324,0.5807
3962,3962,2026-08-27,0.2375,0.1347,0.01,0.4402
3963,3963,2026-08-27,0.9003,0.01,0.2108,0.4684
3964,3964,2026-08-27,0.2471,0.4774,0.01,0.673
3965,3965,2026-08-27,0.3893,0.4986,0.0795,0.6653
3966,3966,2026-08-27,0.2561,0.1568,0.2031,0.3651
3967,3967,2026-08-27,0.1792,0.334,0.1736,0.5098
3968,3968,2026-08-27,0.3185,0.3501,0.0434,0.468
3969,3969,2026-08-27,0.3923,0.2992,0.0402,0.5886
3970,3970,2026-08-27,0.3784,0.5364,0.0674,0.7247
3971,3971,2026-08-27,0.2908,0.102,0.01,0.3693
3972,3972,2026-08-27,0.4254,0.4575,0.0411,0.5577
3973,3973,2026-08-27,0.175,0.3428,0.087,0.5002
3974,3974,2026-08-27,0.4272,0.501,0.0503,0.5927
3975,3975,2026-08-27,0.2025,0.3363,0.01,0.5639
3976,3976,2026-08-27,0.325,0.4522,0.1811,0.4707
3977,3977,2026-08-27,0.3048,0.2242,0.0101,0.5701
3978,3978,2026-08-27,0.2582,0.1894,0.1022,0.4936
3979,3979,2026-08-27,0.2139,0.4446,0.01,0.6307
3980,3980,2026-08-27,0.8987,0.1362,0.1696,0.3438
3981,3981,2026-08-27,0.1392,0.2772,0.2043,0.4212
3982,3982,2026-08-27,0.3622,0.6424,0.1789,0.6342
3983,3983,2026-08-27,0.1092,0.3359,0.01,0.4625
3984,3984,2026-08-27,0.3169,0.4188,0.016,0.6501
3985,3985,2026-08-27,0.2935,0.4948,0.0626,0.6392
3986,3986,2026-08-27,0.281,0.3313,0.01,0.563
3987,3987,2026-08-27,0.3074,0.4857,0.0183,0.6164
3988,3988,2026-08-27,0.0727,0.3131,0.0272,0.4486
3989,3989,2026-08-27,0.4361,0.01,0.0486,0.3192
3990,3990,2026-08-27,0.4904,0.01,0.1632,0.2424
3991,3991,2026-08-27,0.2838,0.1111,0.01,0.458
3992,3992,2026-08-27,0.3595,0.4596,0.01,0.6211
3993,3993,2026-08-27,0.2429,0.1663,0.2894,0.3437
3994,3994,2026-08-27,0.3778,0.4567,0.01,0.5959
3995,3995,2026-08-27,0.2721,0.3518,0.0958,0.4566
3996,3996,2026-08-27,0.2317,0.1926,0.2024,0.4635
3997,3997,2026-08-27,0.2925,0.0778,0.1435,0.3503
3998,3998,2026-08-27,0.3598,0.5531,0.01,0.7097
3999,3999,2026-08-27,0.3311,0.4198,0.0831,0.6483
4000,4000,2026-08-27,0.2674,0.4291,0.1031,0.5197
4001,4001,2026-08-27,0.8949,0.0176,0.1179,0.3047
4002,4002,2026-08-27,0.3049,0.5076,0.0935,0.6047
4003,4003,2026-08-27,0.3477,0.01,0.01,0.3208
4004,4004,2026-08-27,0.3175,0.4165,0.0922,0.4576
4005,4005,2026-08-27,0.2436,0.4493,0.01,0.5713
4006,4006,2026-08-27,0.2751,0.6281,0.0156,0.6774
4007,4007,2026-08-27,0.3242,0.2492,0.1721,0.3934
4008,4008,2026-08-27,0.2942,0.5033,0.0319,0.52
4009,4009,2026-08-27,0.2356,0.3953,0.01,0.6027
4010,4010,2026-08-27,0.084,0.4728,0.0209,0.6441
4011,4011,2026-08-27,0.2467,0.5377,0.0646,0.5556
4012,4012,2026-08-27,0.3725,0.3968,0.01,0.5205
4013,4013,2026-08-27,0.279,0.1983,0.0151,0.4753
4014,4014,2026-08-27,0.339,0.2205,0.0771,0.4718
4015,4015,2026-08-27,0.0447,0.4108,0.01,0.5627
4016,4016,2026-08-27,0.0725,0.4223,0.028,0.5223
4017,4017,2026-08-27,0.3361,0.4624,0.01,0.5381
4018,4018,2026-08-27,0.3754,0.3835,0.01,0.6311
4019,4019,2026-08-27,0.2918,0.2364,0.2246,0.481
4020,4020,2026-08-27,0.918,0.0565,0.1356,0.2192
4021,4021,2026-08-27,0.2825,0.4801,0.0552,0.5513
4022,4022,2026-08-27,0.4012,0.4514,0.1736,0.5941
4023,4023,2026-08-27,0.2328,0.4505,0.1298,0.5616
4024,4024,2026-08-27,0.2974,0.0109,0.1537,0.2642
4025,4025,2026-08-27,0.3483,0.0349,0.01,0.2629
4026,4026,2026-08-27,0.359,0.1407,0.023,0.3851
4027,4027,2026-08-27,0.9352,0.0125,0.1413,0.4503
4028,4028,2026-08-27,0.9765,0.0316,0.1865,0.3242
4029,4029,2026-08-27,0.1717,0.3128,0.0903,0.4198
4030,4030,2026-08-27,0.3531,0.01,0.1891,0.2806
4031,4031,2026-08-27,0.1849,0.416,0.01,0.4872
4032,4032,2026-08-27,0.2545,0.4581,0.01,0.5563
4033,4033,2026-08-27,0.8909,0.1396,0.1227,0.3194
4034,4034,2026-08-27,0.0492,0.4512,0.1613,0.5304
4035,4035,2026-08-27,0.2416,0.3094,0.1183,0.4793
4036,4036,2026-08-27,0.3665,0.4445,0.1163,0.5952
4037,4037,2026-08-27,0.196,0.4324,0.01,0.5842
4038,4038,2026-08-27,0.3645,0.1562,0.1652,0.3633
4039,4039,2026-08-27,0.1728,0.4843,0.1327,0.5016
4040,4040,2026-08-27,0.3748,0.0309,0.11,0.3225
4041,4041,2026-08-27,0.3015,0.4076,0.01,0.5328
4042,4042,2026-08-27,0.8744,0.01,0.1313,0.2965
4043,4043,2026-08-27,0.2289,0.1262,0.2039,0.3739
4044,4044,2026-08-27,0.4492,0.0668,0.0286,0.3076
4045,4045,2026-08-27,0.2059,0.3314,0.0716,0.5127
4046,4046,2026-08-27,0.2035,0.4807,0.0243,0.6032
4047,4047,2026-08-27,0.4073,0.4626,0.1176,0.4964
4048,4048,2026-08-27,0.3787,0.3903,0.01,0.5267
4049,4049,2026-08-27,0.3422,0.4828,0.01,0.5674
4050,4050,2026-08-27,0.8002,0.01,0.1877,0.2407
4051,4051,2026-08-27,0.3469,0.01,0.2237,0.3558
4052,4052,2026-08-27,0.8482,0.083,0.2053,0.3255
4053,4053,2026-08-27,0.1392,0.5004,0.0383,0.6037
4054,4054,2026-08-27,0.3992,0.4853,0.01,0.6249
4055,4055,2026-08-27,0.2971,0.1854,0.01,0.4487
4056,4056,2026-08-27,0.4213,0.01,0.2151,0.2717
4057,4057,2026-08-27,0.3083,0.3803,0.0882,0.5054
4058,4058,2026-08-27,0.3517,0.1855,0.0544,0.4803
4059,4059,2026-08-27,0.3095,0.5436,0.01,0.5878
4060,4060,2026-08-27,0.2503,0.183,0.01,0.5296
4061,4061,2026-08-27,0.4233,0.1365,0.01,0.399
4062,4062,2026-08-27,0.8931,0.01,0.1345,0.3094
4063,4063,2026-08-27,0.3307,0.4789,0.0471,0.4864
4064,4064,2026-08-27,0.2031,0.327,0.01,0.4616
4065,4065,2026-08-27,0.2967,0.1325,0.2377,0.2966
4066,4066,2026-08-27,0.3944,0.1621,0.01,0.4439
4067,4067,2026-08-27,0.3365,0.3213,0.0446,0.4847
4068,4068,2026-08-27,0.7382,0.0455,0.1456,0.3436
4069,4069,2026-08-27,0.4129,0.057,0.01,0.3817
4070,4070,2026-08-27,0.179,0.3339,0.019,0.4649
4071,4071,2026-08-27,0.2071,0.5453,0.01,0.6228
4072,4072,2026-08-27,0.7941,0.0271,0.3208,0.1665
4073,4073,2026-08-27,0.2852,0.4873,0.01,0.6531
4074,4074,2026-08-27,0.2665,0.2607,0.0997,0.3904
4075,4075,2026-08-27,0.2541,0.232,0.06,0.4873
4076,4076,2026-08-27,0.4559,0.487,0.01,0.7103
4077,4077,2026-08-27,0.893,0.0474,0.1468,0.2374
4078,4078,2026-08-27,0.0986,0.4231,0.0706,0.5417
4079,4079,2026-08-27,0.205,0.5829,0.01,0.6815
4080,4080,2026-08-27,0.2738,0.4421,0.0455,0.6054
4081,4081,2026-08-27,0.2795,0.5474,0.01,0.6512
4082,4082,2026-08-27,0.3052,0.4688,0.0122,0.5711
4083,4083,2026-08-27,0.866,0.01,0.214,0.2661
4084,4084,2026-08-27,0.1895,0.5082,0.01,0.542
4085,4085,2026-08-27,0.0785,0.3824,0.01,0.556
4086,4086,2026-08-27,0.3964,0.01,0.1848,0.1766
4087,4087,2026-08-27,0.1353,0.3827,0.212,0.4034
4088,4088,2026-08-27,0.2809,0.1779,0.0716,0.4632
4089,4089,2026-08-27,0.1747,0.2684,0.2222,0.5602
4090,4090,2026-08-27,0.4204,0.3429,0.1946,0.4924
4091,4091,2026-08-27,0.177,0.217,0.2272,0.3893
4092,4092,2026-08-27,0.3569,0.0664,0.0258,0.3505
4093,4093,2026-08-27,0.2393,0.0396,0.1302,0.2965
4094,4094,2026-08-27,0.4218,0.3553,0.01,0.4762
4095,4095,2026-08-27,0.3094,0.5116,0.1232,0.5492
4096,4096,2026-08-27,0.285,0.5128,0.01,0.6713
4097,4097,2026-08-27,0.1766,0.5692,0.01,0.6922
4098,4098,2026-08-27,0.1665,0.3675,0.0161,0.4856
4099,4099,2026-08-27,0.9383,0.0603,0.3594,0.2161
4100,4100,2026-08-27,0.3826,0.0842,0.0398,0.3131
4101,4101,2026-08-27,0.3572,0.308,0.01,0.4199
4102,4102,2026-08-27,0.99,0.091,0.1666,0.2517
4103,4103,2026-08-27,0.1039,0.3848,0.01,0.4499
4104,4104,2026-08-27,0.3692,0.3448,0.1308,0.5517
4105,4105,2026-08-27,0.2482,0.0594,0.01,0.37
4106,4106,2026-08-27,0.2202,0.1633,0.0928,0.3758
4107,4107,2026-08-27,0.8377,0.1499,0.4373,0.2668
4108,4108,2026-08-27,0.8099,0.01,0.1498,0.203
4109,4109,2026-08-27,0.3325,0.0899,0.01,0.4384
4110,4110,2026-08-27,0.1911,0.3303,0.0427,0.457
4111,4111,2026-08-27,0.3243,0.3274,0.01,0.5442
4112,4112,2026-08-27,0.2465,0.0483,0.1272,0.3285
4113,4113,2026-08-27,0.3566,0.01,0.0411,0.3054
4114,4114,2026-08-27,0.2008,0.3681,0.1057,0.5688
4115,4115,2026-08-27,0.3505,0.0413,0.2616,0.295
4116,4116,2026-08-27,0.2749,0.5359,0.0128,0.6033
4117,4117,2026-08-27,0.21,0.4405,0.01,0.61
4118,4118,2026-08-27,0.3421,0.0415,0.01,0.3823
4119,4119,2026-08-27,0.1492,0.6345,0.0463,0.6347
4120,4120,2026-08-27,0.1807,0.4797,0.0113,0.6072
4121,4121,2026-08-27,0.3919,0.0457,0.063,0.3222
4122,4122,2026-08-27,0.357,0.1171,0.01,0.3959
4123,4123,2026-08-27,0.3345,0.2844,0.0993,0.4983
4124,4124,2026-08-27,0.2268,0.4798,0.01,0.5381
4125,4125,2026-08-27,0.4818,0.0706,0.0144,0.462
4126,4126,2026-08-27,0.3576,0.3567,0.01,0.5361
4127,4127,2026-08-27,0.1402,0.4568,0.0343,0.5067
4128,4128,2026-08-27,0.0827,0.3386,0.01,0.465
4129,4129,2026-08-27,0.3326,0.01,0.1629,0.2823
4130,4130,2026-08-27,0.3619,0.01,0.3183,0.2121
4131,4131,2026-08-27,0.8576,0.01,0.1349,0.2376
4132,4132,2026-08-27,0.101,0.2711,0.1299,0.4025
4133,4133,2026-08-27,0.4311,0.4965,0.135,0.6651
4134,4134,2026-08-27,0.1625,0.4677,0.01,0.6288
4135,4135,2026-08-27,0.1744,0.3746,0.2659,0.4255
4136,4136,2026-08-27,0.2987,0.2558,0.1347,0.4898
4137,4137,2026-08-27,0.2126,0.3974,0.1027,0.5259
4138,4138,2026-08-27,0.2865,0.0932,0.0467,0.395
4139,4139,2026-08-27,0.8189,0.0447,0.0833,0.3047
4140,4140,2026-08-27,0.3913,0.1066,0.01,0.375
4141,4141,2026-08-27,0.2361,0.342,0.0319,0.4581
4142,4142,2026-08-27,0.2676,0.3503,0.3387,0.3632
4143,4143,2026-08-27,0.2889,0.0347,0.1486,0.2844
4144,4144,2026-08-27,0.3271,0.4349,0.0931,0.6124
4145,4145,2026-08-27,0.1523,0.3853,0.01,0.5039
4146,4146,2026-08-27,0.3419,0.4744,0.01,0.5722
4147,4147,2026-08-27,0.2836,0.1995,0.1686,0.3676
4148,4148,2026-08-27,0.99,0.049,0.1378,0.221
4149,4149,2026-08-27,0.3672,0.3988,0.2383,0.5114
4150,4150,2026-08-27,0.3271,0.653,0.01,0.7271
4151,4151,2026-08-27,0.3824,0.2609,0.257,0.3457
4152,4152,2026-08-27,0.116,0.3516,0.01,0.4818
4153,4153,2026-08-27,0.2766,0.4788,0.1573,0.6249
4154,4154,2026-08-27,0.1492,0.2672,0.01,0.4132
4155,4155,2026-08-27,0.0764,0.4029,0.2931,0.4668
4156,4156,2026-08-27,0.2632,0.1286,0.01,0.41
4157,4157,2026-08-27,0.2486,0.2147,0.1454,0.3544
4158,4158,2026-08-27,0.3164,0.0792,0.2777,0.3203
4159,4159,2026-08-27,0.3203,0.3689,0.096,0.5129
4160,4160,2026-08-27,0.3688,0.291,0.0595,0.4666
4161,4161,2026-08-27,0.2616,0.4367,0.01,0.5782
4162,4162,2026-08-27,0.2346,0.543,0.01,0.6854
4163,4163,2026-08-27,0.3565,0.1059,0.0359,0.419
4164,4164,2026-08-27,0.4371,0.3487,0.0542,0.6267
4165,4165,2026-08-27,0.1766,0.3657,0.1045,0.417
4166,4166,2026-08-27,0.3202,0.3674,0.0514,0.4582
4167,4167,2026-08-27,0.236,0.3033,0.096,0.4379
4168,4168,2026-08-27,0.3141,0.385,0.01,0.6111
4169,4169,2026-08-27,0.1358,0.3793,0.0487,0.5722
4170,4170,2026-08-27,0.2398,0.4454,0.01,0.6488
4171,4171,2026-08-27,0.3398,0.069,0.1188,0.3615
4172,4172,2026-08-27,0.914,0.0134,0.2298,0.2101
4173,4173,2026-08-27,0.3243,0.1884,0.0424,0.3342
4174,4174,2026-08-27,0.3208,0.4875,0.01,0.6445
4175,4175,2026-08-27,0.279,0.2208,0.01,0.4306
4176,4176,2026-08-27,0.1172,0.3914,0.0528,0.5513
4177,4177,2026-08-27,0.1151,0.459,0.3207,0.4657
4178,4178,2026-08-27,0.3516,0.01,0.1514,0.3076
4179,4179,2026-08-27,0.9055,0.0648,0.1678,0.2731
4180,4180,2026-08-27,0.3159,0.155,0.0568,0.2713
4181,4181,2026-08-27,0.945,0.01,0.1299,0.2377
4182,4182,2026-08-27,0.1578,0.1574,0.01,0.3576
4183,4183,2026-08-27,0.878,0.01,0.1098,0.2349
4184,4184,2026-08-27,0.2993,0.4748,0.0153,0.657
4185,4185,2026-08-27,0.3901,0.0998,0.2892,0.2733
4186,4186,2026-08-27,0.3617,0.1022,0.01,0.4386
4187,4187,2026-08-27,0.1505,0.2679,0.242,0.472
4188,4188,2026-08-27,0.1773,0.168,0.2967,0.4073
4189,4189,2026-08-27,0.0877,0.2469,0.0121,0.4076
4190,4190,2026-08-27,0.1489,0.3331,0.0301,0.5064
4191,4191,2026-08-27,0.1445,0.0828,0.2039,0.3382
4192,4192,2026-08-27,0.873,0.0305,0.1636,0.3287
4193,4193,2026-08-27,0.1876,0.239,0.142,0.3433
4194,4194,2026-08-27,0.352,0.01,0.2322,0.3108
4195,4195,2026-08-27,0.33,0.3128,0.0592,0.4552
4196,4196,2026-08-27,0.155,0.3903,0.01,0.5024
4197,4197,2026-08-27,0.3871,0.0684,0.2172,0.3863
4198,4198,2026-08-27,0.4041,0.0239,0.057,0.3105
4199,4199,2026-08-27,0.227,0.2964,0.0374,0.4276
4200,4200,2026-08-27,0.3133,0.2076,0.2129,0.4744
4201,4201,2026-08-27,0.2075,0.4155,0.0492,0.4044
4202,4202,2026-08-27,0.2277,0.0761,0.0613,0.42
4203,4203,2026-08-27,0.4156,0.057,0.196,0.3335
4204,4204,2026-08-27,0.197,0.4047,0.01,0.4859
4205,4205,2026-08-27,0.8507,0.0762,0.1433,0.2974
4206,4206,2026-08-27,0.9094,0.01,0.1089,0.512
4207,4207,2026-08-27,0.3561,0.3392,0.01,0.5246
4208,4208,2026-08-27,0.3752,0.084,0.1716,0.363
4209,4209,2026-08-27,0.2523,0.4682,0.01,0.7165
4210,4210,2026-08-27,0.2856,0.458,0.0377,0.6215
4211,4211,2026-08-27,0.8525,0.1464,0.1478,0.5446
4212,4212,2026-08-27,0.3246,0.5875,0.01,0.6445
4213,4213,2026-08-27,0.3432,0.4593,0.1525,0.5353
4214,4214,2026-08-27,0.2451,0.01,0.01,0.3278
4215,4215,2026-08-27,0.1448,0.4068,0.2939,0.3667
4216,4216,2026-08-27,0.3888,0.4273,0.1738,0.4977
4217,4217,2026-08-27,0.8704,0.01,0.1293,0.443
4218,4218,2026-08-27,0.3279,0.0188,0.1436,0.2464
4219,4219,2026-08-27,0.34,0.0975,0.0945,0.4037
4220,4220,2026-08-27,0.99,0.1394,0.2468,0.3286
4221,4221,2026-08-27,0.3083,0.4252,0.01,0.4756
4222,4222,2026-08-27,0.301,0.068,0.062,0.3298
4223,4223,2026-08-27,0.3519,0.5456,0.0243,0.682
4224,4224,2026-08-27,0.2627,0.5306,0.0203,0.6204
4225,4225,2026-08-27,0.3198,0.3669,0.0672,0.5091
4226,4226,2026-08-27,0.425,0.128,0.01,0.4791
4227,4227,2026-08-27,0.2719,0.3153,0.01,0.5584
4228,4228,2026-08-27,0.2926,0.3551,0.01,0.4872
4229,4229,2026-08-27,0.1437,0.2928,0.01,0.5985
4230,4230,2026-08-27,0.2817,0.3617,0.01,0.4935
4231,4231,2026-08-27,0.4137,0.01,0.01,0.2969
4232,4232,2026-08-27,0.2298,0.2478,0.01,0.5107
4233,4233,2026-08-27,0.965,0.01,0.2887,0.1853
4234,4234,2026-08-27,0.3645,0.1308,0.01,0.4799
4235,4235,2026-08-27,0.1855,0.1054,0.2639,0.2685
4236,4236,2026-08-27,0.2752,0.3807,0.01,0.5542
4237,4237,2026-08-27,0.3139,0.4534,0.2016,0.5093
4238,4238,2026-08-27,0.4319,0.0646,0.01,0.365
4239,4239,2026-08-27,0.2284,0.4679,0.2464,0.5191
4240,4240,2026-08-27,0.8399,0.0741,0.1108,0.4778
4241,4241,2026-08-27,0.3829,0.0485,0.01,0.2948
4242,4242,2026-08-27,0.3114,0.1003,0.0991,0.4151
4243,4243,2026-08-27,0.2188,0.464,0.01,0.602
4244,4244,2026-08-27,0.2379,0.398,0.01,0.5716
4245,4245,2026-08-27,0.8388,0.1232,0.1168,0.3586
4246,4246,2026-08-27,0.2995,0.545,0.01,0.6289
4247,4247,2026-08-27,0.428,0.117,0.01,0.4727
4248,4248,2026-08-27,0.1934,0.1869,0.0813,0.4042
4249,4249,2026-08-27,0.3221,0.351,0.01,0.5056
4250,4250,2026-08-27,0.2734,0.092,0.01,0.4438
4251,4251,2026-08-27,0.3111,0.3568,0.0801,0.4891
4252,4252,2026-08-27,0.2136,0.412,0.01,0.514
4253,4253,2026-08-27,0.4173,0.3455,0.0649,0.4467
4254,4254,2026-08-27,0.1138,0.3321,0.1306,0.4372
4255,4255,2026-08-27,0.2939,0.1004,0.01,0.4211
4256,4256,2026-08-27,0.1935,0.3231,0.3958,0.3371
4257,4257,2026-08-27,0.2114,0.1537,0.01,0.4094
4258,4258,2026-08-27,0.2644,0.5232,0.01,0.6508
4259,4259,2026-08-27,0.1894,0.1976,0.2387,0.3715
4260,4260,2026-08-27,0.2771,0.5399,0.02,0.5734
4261,4261,2026-08-27,0.3365,0.1266,0.0218,0.4322
4262,4262,2026-08-27,0.3438,0.1229,0.163,0.2449
4263,4263,2026-08-27,0.4539,0.4285,0.01,0.637
4264,4264,2026-08-27,0.4426,0.01,0.093,0.4069
4265,4265,2026-08-27,0.9044,0.0261,0.1243,0.3219
4266,4266,2026-08-27,0.0339,0.5169,0.2454,0.507
4267,4267,2026-08-27,0.2949,0.4886,0.0863,0.7081
4268,4268,2026-08-27,0.3853,0.1238,0.0599,0.4296
4269,4269,2026-08-27,0.3505,0.01,0.0183,0.2552
4270,4270,2026-08-27,0.8852,0.01,0.3831,0.2329
4271,4271,2026-08-27,0.3822,0.01,0.0157,0.2895
4272,4272,2026-08-27,0.137,0.4544,0.2355,0.4448
4273,4273,2026-08-27,0.3645,0.0367,0.0805,0.3446
4274,4274,2026-08-27,0.3687,0.1713,0.0442,0.4278
4275,4275,2026-08-27,0.2693,0.4227,0.0193,0.5059
4276,4276,2026-08-27,0.1885,0.1073,0.2487,0.2815
4277,4277,2026-08-27,0.3049,0.4339,0.1601,0.575
4278,4278,2026-08-27,0.4652,0.1627,0.1762,0.3074
4279,4279,2026-08-27,0.3261,0.5243,0.0629,0.5219
4280,4280,2026-08-27,0.8691,0.01,0.1691,0.483
4281,4281,2026-08-27,0.2824,0.15,0.01,0.4321
4282,4282,2026-08-27,0.3903,0.5424,0.129,0.6764
4283,4283,2026-08-27,0.3248,0.1447,0.0137,0.4048
4284,4284,2026-08-27,0.2676,0.0812,0.1859,0.3389
4285,4285,2026-08-27,0.328,0.0801,0.188,0.3461
4286,4286,2026-08-27,0.284,0.4004,0.01,0.4652
4287,4287,2026-08-27,0.3592,0.1003,0.0846,0.4338
4288,4288,2026-08-27,0.4114,0.3784,0.0299,0.6144
4289,4289,2026-08-27,0.4519,0.0716,0.0912,0.3048
4290,4290,2026-08-27,0.155,0.3084,0.1922,0.3158
4291,4291,2026-08-27,0.2792,0.2907,0.2031,0.4623
4292,4292,2026-08-27,0.3598,0.1231,0.34,0.3722
4293,4293,2026-08-27,0.1063,0.2393,0.1423,0.5008
4294,4294,2026-08-27,0.2442,0.3481,0.0947,0.4333
4295,4295,2026-08-27,0.3717,0.0428,0.211,0.3311
4296,4296,2026-08-27,0.3379,0.3738,0.1344,0.5905
4297,4297,2026-08-27,0.3076,0.3724,0.1973,0.5685
4298,4298,2026-08-27,0.1609,0.3279,0.0961,0.4118
4299,4299,2026-08-27,0.1867,0.3799,0.0233,0.5533
4300,4300,2026-08-27,0.9051,0.1748,0.1274,0.3998
4301,4301,2026-08-27,0.1802,0.4173,0.01,0.5391
4302,4302,2026-08-27,0.8925,0.01,0.1376,0.2488
4303,4303,2026-08-27,0.24,0.1083,0.0541,0.3222
4304,4304,2026-08-27,0.2293,0.3611,0.1997,0.5079
4305,4305,2026-08-27,0.2981,0.1642,0.221,0.4248
4306,4306,2026-08-27,0.3335,0.1168,0.2363,0.3579
4307,4307,2026-08-27,0.2104,0.3763,0.0397,0.4994
4308,4308,2026-08-27,0.261,0.4668,0.0929,0.6378
4309,4309,2026-08-27,0.4815,0.01,0.01,0.3239
4310,4310,2026-08-27,0.1715,0.4256,0.1295,0.5029
4311,4311,2026-08-27,0.0329,0.4618,0.0779,0.5643
4312,4312,2026-08-27,0.4747,0.01,0.0606,0.3771
4313,4313,2026-08-27,0.2847,0.5024,0.1967,0.4951
4314,4314,2026-08-27,0.3336,0.0192,0.0317,0.3318
4315,4315,2026-08-27,0.2825,0.4106,0.1309,0.5139
4316,4316,2026-08-27,0.1473,0.3073,0.01,0.4771
4317,4317,2026-08-27,0.3615,0.123,0.2428,0.3614
4318,4318,2026-08-27,0.3804,0.1223,0.01,0.3312
4319,4319,2026-08-27,0.2389,0.137,0.1357,0.3784
4320,4320,2026-08-27,0.3827,0.3888,0.0104,0.6203
4321,4321,2026-08-27,0.2904,0.0418,0.01,0.3474
4322,4322,2026-08-27,0.181,0.2957,0.0847,0.4475
4323,4323,2026-08-27,0.158,0.4613,0.0722,0.5345
4324,4324,2026-08-27,0.1849,0.1565,0.2058,0.3706
4325,4325,2026-08-27,0.3129,0.4592,0.01,0.5011
4326,4326,2026-08-27,0.2333,0.3599,0.1343,0.4852
4327,4327,2026-08-27,0.1988,0.0669,0.2634,0.2433
4328,4328,2026-08-27,0.8379,0.0235,0.346,0.2293
4329,4329,2026-08-27,0.2843,0.0393,0.0369,0.263
4330,4330,2026-08-27,0.4285,0.0974,0.0508,0.4129
4331,4331,2026-08-27,0.2527,0.2614,0.1934,0.4407
4332,4332,2026-08-27,0.2956,0.1203,0.01,0.3653
4333,4333,2026-08-27,0.105,0.3449,0.01,0.5348
4334,4334,2026-08-27,0.2301,0.4118,0.01,0.5573
4335,4335,2026-08-27,0.3871,0.0569,0.2783,0.3819
4336,4336,2026-08-27,0.3345,0.1647,0.2169,0.3992
4337,4337,2026-08-27,0.2653,0.0928,0.01,0.4228
4338,4338,2026-08-27,0.2458,0.479,0.1525,0.5507
4339,4339,2026-08-27,0.1393,0.5294,0.066,0.5806
4340,4340,2026-08-27,0.2159,0.175,0.01,0.5119
4341,4341,2026-08-27,0.2301,0.1247,0.0421,0.4503
4342,4342,2026-08-27,0.2542,0.1575,0.1416,0.4402
4343,4343,2026-08-27,0.1082,0.5038,0.01,0.5203
4344,4344,2026-08-27,0.3354,0.4836,0.01,0.563
4345,4345,2026-08-27,0.8627,0.1042,0.0899,0.3285
4346,4346,2026-08-27,0.2857,0.0747,0.1608,0.2758
4347,4347,2026-08-27,0.2564,0.1427,0.01,0.3996
4348,4348,2026-08-27,0.3013,0.01,0.01,0.3465
4349,4349,2026-08-27,0.1146,0.3645,0.1233,0.4953
4350,4350,2026-08-27,0.4187,0.01,0.1977,0.201
4351,4351,2026-08-27,0.2935,0.3921,0.0717,0.4904
4352,4352,2026-08-27,0.3283,0.3024,0.01,0.5166
4353,4353,2026-08-27,0.8623,0.01,0.1259,0.2013
4354,4354,2026-08-27,0.3058,0.1252,0.0452,0.3706
4355,4355,2026-08-27,0.2504,0.0931,0.01,0.323
4356,4356,2026-08-27,0.8399,0.01,0.1931,0.1937
4357,4357,2026-08-27,0.3363,0.0569,0.1582,0.3265
4358,4358,2026-08-27,0.2878,0.4762,0.2509,0.5624
4359,4359,2026-08-27,0.309,0.3827,0.2633,0.3542
4360,4360,2026-08-27,0.8674,0.01,0.0639,0.3175
4361,4361,2026-08-27,0.1494,0.5066,0.01,0.5677
4362,4362,2026-08-27,0.0787,0.4533,0.0568,0.4954
4363,4363,2026-08-27,0.8572,0.0388,0.1535,0.2871
4364,4364,2026-08-27,0.3133,0.0195,0.0171,0.2748
4365,4365,2026-08-27,0.8242,0.1346,0.2014,0.2711
4366,4366,2026-08-27,0.3098,0.0681,0.1742,0.3401
4367,4367,2026-08-27,0.1039,0.3741,0.01,0.5407
4368,4368,2026-08-27,0.2667,0.38,0.1552,0.4596
4369,4369,2026-08-27,0.3199,0.5048,0.01,0.5494
4370,4370,2026-08-27,0.2566,0.4777,0.01,0.5871
4371,4371,2026-08-27,0.2329,0.4336,0.2272,0.5169
4372,4372,2026-08-27,0.3136,0.01,0.01,0.4044
4373,4373,2026-08-27,0.1164,0.4244,0.1728,0.4884
4374,4374,2026-08-27,0.2509,0.3454,0.0657,0.437
4375,4375,2026-08-27,0.0562,0.3227,0.192,0.3912
4376,4376,2026-08-27,0.3583,0.3634,0.01,0.5862
4377,4377,2026-08-27,0.8541,0.01,0.2926,0.2203
4378,4378,2026-08-27,0.269,0.4896,0.0558,0.5236
4379,4379,2026-08-27,0.329,0.0889,0.2141,0.3526
4380,4380,2026-08-27,0.2424,0.1127,0.0903,0.4212
4381,4381,2026-08-27,0.1455,0.3462,0.176,0.4436
4382,4382,2026-08-27,0.2211,0.622,0.0244,0.6929
4383,4383,2026-08-27,0.364,0.2327,0.01,0.417
4384,4384,2026-08-27,0.0802,0.4351,0.1111,0.526
4385,4385,2026-08-27,0.347,0.1254,0.01,0.3716
4386,4386,2026-08-27,0.422,0.1348,0.0223,0.3431
4387,4387,2026-08-27,0.1536,0.5452,0.01,0.6225
4388,4388,2026-08-27,0.3405,0.4184,0.0218,0.5516
4389,4389,2026-08-27,0.7917,0.01,0.1923,0.2641
4390,4390,2026-08-27,0.2254,0.3268,0.0238,0.3627
4391,4391,2026-08-27,0.3281,0.4584,0.1286,0.5051
4392,4392,2026-08-27,0.2839,0.083,0.2896,0.3916
4393,4393,2026-08-27,0.1192,0.2547,0.0331,0.4116
4394,4394,2026-08-27,0.99,0.01,0.186,0.2401
4395,4395,2026-08-27,0.3166,0.5127,0.01,0.7051
4396,4396,2026-08-27,0.3863,0.6084,0.1354,0.7256
4397,4397,2026-08-27,0.2538,0.5956,0.1131,0.665
4398,4398,2026-08-27,0.9727,0.0339,0.1066,0.519
4399,4399,2026-08-27,0.2476,0.5976,0.01,0.6313
4400,4400,2026-08-27,0.4242,0.025,0.01,0.3958
4401,4401,2026-08-27,0.2589,0.1105,0.0387,0.4519
4402,4402,2026-08-27,0.8174,0.0501,0.197,0.2864
4403,4403,2026-08-27,0.1089,0.2448,0.238,0.4119
4404,4404,2026-08-27,0.2029,0.6009,0.01,0.6689
4405,4405,2026-08-27,0.1712,0.3048,0.01,0.5308
4406,4406,2026-08-27,0.2323,0.5182,0.01,0.6198
4407,4407,2026-08-27,0.2717,0.1127,0.0185,0.4012
4408,4408,2026-08-27,0.3922,0.4322,0.1624,0.6233
4409,4409,2026-08-27,0.3538,0.0161,0.01,0.3096
4410,4410,2026-08-27,0.4035,0.4478,0.065,0.5783
4411,4411,2026-08-27,0.2831,0.4983,0.01,0.6506
4412,4412,2026-08-27,0.2193,0.2503,0.1311,0.4456
4413,4413,2026-08-27,0.8727,0.1646,0.0986,0.3935
4414,4414,2026-08-27,0.3013,0.4187,0.0987,0.5682
4415,4415,2026-08-27,0.2843,0.408,0.01,0.5636
4416,4416,2026-08-27,0.1977,0.165,0.0398,0.458
4417,4417,2026-08-27,0.1331,0.4466,0.0202,0.5561
4418,4418,2026-08-27,0.0687,0.4624,0.2093,0.5059
4419,4419,2026-08-27,0.3249,0.1151,0.01,0.4654
4420,4420,2026-08-27,0.1943,0.4256,0.2294,0.4994
4421,4421,2026-08-27,0.393,0.4156,0.01,0.5456
4422,4422,2026-08-27,0.3374,0.4375,0.0172,0.5789
4423,4423,2026-08-27,0.2218,0.3643,0.01,0.5523
4424,4424,2026-08-27,0.3306,0.4117,0.01,0.4995
4425,4425,2026-08-27,0.1891,0.3552,0.051,0.4425
4426,4426,2026-08-27,0.3102,0.5656,0.0798,0.6787
4427,4427,2026-08-27,0.1976,0.5625,0.0944,0.5187
4428,4428,2026-08-27,0.2601,0.1723,0.0933,0.4837
4429,4429,2026-08-27,0.4542,0.3585,0.01,0.5522
4430,4430,2026-08-27,0.3186,0.0433,0.1092,0.3634
4431,4431,2026-08-27,0.342,0.4595,0.0764,0.4792
4432,4432,2026-08-27,0.281,0.201,0.01,0.3565
4433,4433,2026-08-27,0.3165,0.1201,0.1583,0.3616
4434,4434,2026-08-27,0.2888,0.4588,0.2758,0.4964
4435,4435,2026-08-27,0.1936,0.4191,0.1589,0.496
4436,4436,2026-08-27,0.098,0.3509,0.0236,0.5373
4437,4437,2026-08-27,0.3097,0.0396,0.1891,0.2569
4438,4438,2026-08-27,0.2675,0.4371,0.0929,0.5174
4439,4439,2026-08-27,0.3544,0.5547,0.01,0.7353
4440,4440,2026-08-27,0.2697,0.5048,0.0573,0.5433
4441,4441,2026-08-27,0.1144,0.3267,0.207,0.3768
4442,4442,2026-08-27,0.2254,0.5237,0.01,0.6018
4443,4443,2026-08-27,0.3437,0.01,0.1277,0.2952
4444,4444,2026-08-27,0.2394,0.0407,0.2579,0.2742
4445,4445,2026-08-27,0.2446,0.1739,0.2313,0.4662
4446,4446,2026-08-27,0.3732,0.4749,0.0135,0.6656
4447,4447,2026-08-27,0.172,0.4881,0.0295,0.6163
4448,4448,2026-08-27,0.1829,0.3479,0.1877,0.4255
4449,4449,2026-08-27,0.1324,0.3253,0.01,0.4745
4450,4450,2026-08-27,0.397,0.0771,0.1521,0.3879
4451,4451,2026-08-27,0.2903,0.1221,0.01,0.3977
4452,4452,2026-08-27,0.4229,0.0295,0.0249,0.3224
4453,4453,2026-08-27,0.99,0.01,0.2155,0.2067
4454,4454,2026-08-27,0.9296,0.0465,0.1658,0.3048
4455,4455,2026-08-27,0.1988,0.4004,0.0661,0.397
4456,4456,2026-08-27,0.2451,0.545,0.01,0.7192
4457,4457,2026-08-27,0.3926,0.3649,0.0181,0.491
4458,4458,2026-08-27,0.1949,0.4204,0.0309,0.5248
4459,4459,2026-08-27,0.1995,0.2583,0.1253,0.3631
4460,4460,2026-08-27,0.3498,0.0492,0.01,0.3655
4461,4461,2026-08-27,0.2838,0.4807,0.01,0.5233
4462,4462,2026-08-27,0.3346,0.4967,0.1635,0.6614
4463,4463,2026-08-27,0.287,0.3175,0.01,0.5025
4464,4464,2026-08-27,0.4783,0.1349,0.1158,0.4085
4465,4465,2026-08-27,0.2452,0.4802,0.0184,0.571
4466,4466,2026-08-27,0.3354,0.4492,0.0129,0.5972
4467,4467,2026-08-27,0.2956,0.4925,0.01,0.5492
4468,4468,2026-08-27,0.8215,0.1487,0.0568,0.3567
4469,4469,2026-08-27,0.4118,0.0807,0.0179,0.5166
4470,4470,2026-08-27,0.373,0.4128,0.01,0.541
4471,4471,2026-08-27,0.4401,0.1013,0.2329,0.3601
4472,4472,2026-08-27,0.386,0.5941,0.1008,0.563
4473,4473,2026-08-27,0.865,0.0802,0.1283,0.4966
4474,4474,2026-08-27,0.3114,0.2795,0.1747,0.4552
4475,4475,2026-08-27,0.1944,0.3398,0.0895,0.4477
4476,4476,2026-08-27,0.99,0.01,0.3696,0.1699
4477,4477,2026-08-27,0.2082,0.5321,0.01,0.5238
4478,4478,2026-08-27,0.3367,0.4012,0.0882,0.5805
4479,4479,2026-08-27,0.3445,0.0461,0.0568,0.3055
4480,4480,2026-08-27,0.4516,0.01,0.01,0.414
4481,4481,2026-08-27,0.2235,0.3655,0.0943,0.584
4482,4482,2026-08-27,0.1519,0.419,0.1247,0.4587
4483,4483,2026-08-27,0.3595,0.1167,0.1671,0.3062
4484,4484,2026-08-27,0.3201,0.3899,0.0824,0.502
4485,4485,2026-08-27,0.2627,0.0327,0.0716,0.4236
4486,4486,2026-08-27,0.2697,0.5248,0.0409,0.5124
4487,4487,2026-08-27,0.3035,0.0585,0.01,0.308
4488,4488,2026-08-27,0.084,0.2864,0.0422,0.4544
4489,4489,2026-08-27,0.3794,0.4255,0.0281,0.5279
4490,4490,2026-08-27,0.2486,0.3693,0.1056,0.6488
4491,4491,2026-08-27,0.1628,0.4552,0.01,0.6063
4492,4492,2026-08-27,0.4303,0.1365,0.1053,0.4065
4493,4493,2026-08-27,0.2565,0.1171,0.0102,0.3976
4494,4494,2026-08-27,0.2566,0.4267,0.0701,0.5652
4495,4495,2026-08-27,0.2802,0.4526,0.01,0.663
4496,4496,2026-08-27,0.3722,0.5328,0.0453,0.6592
4497,4497,2026-08-27,0.1161,0.3054,0.4266,0.3834
4498,4498,2026-08-27,0.1666,0.3924,0.2839,0.3604
4499,4499,2026-08-27,0.3955,0.0503,0.1932,0.3944
4500,4500,2026-08-27,0.3971,0.0708,0.0354,0.4592
4501,4501,2026-08-27,0.2272,0.2896,0.1856,0.3953
4502,4502,2026-08-27,0.2407,0.4964,0.01,0.6269
4503,4503,2026-08-27,0.1748,0.3415,0.0807,0.5019
4504,4504,2026-08-27,0.2691,0.0848,0.2287,0.3069
4505,4505,2026-08-27,0.2597,0.1666,0.1247,0.4447
4506,4506,2026-08-27,0.2528,0.4808,0.1417,0.6025
4507,4507,2026-08-27,0.3477,0.4801,0.0628,0.6555
4508,4508,2026-08-27,0.3155,0.5158,0.0287,0.5288
4509,4509,2026-08-27,0.8161,0.0719,0.17,0.2919
4510,4510,2026-08-27,0.2221,0.4932,0.2346,0.5668
4511,4511,2026-08-27,0.207,0.3611,0.01,0.4577
4512,4512,2026-08-27,0.1834,0.2873,0.2054,0.4141
4513,4513,2026-08-27,0.3323,0.0885,0.1987,0.3137
4514,4514,2026-08-27,0.4013,0.0176,0.2159,0.2691
4515,4515,2026-08-27,0.3355,0.2987,0.2307,0.4826
4516,4516,2026-08-27,0.1772,0.4775,0.01,0.5528
4517,4517,2026-08-27,0.3017,0.5744,0.0802,0.7034
4518,4518,2026-08-27,0.2938,0.2928,0.01,0.4642
4519,4519,2026-08-27,0.3279,0.1398,0.1172,0.4478
4520,4520,2026-08-27,0.2351,0.4371,0.0703,0.5009
4521,4521,2026-08-27,0.2936,0.2206,0.2123,0.4432
4522,4522,2026-08-27,0.3691,0.5729,0.262,0.5969
4523,4523,2026-08-27,0.4379,0.0106,0.0395,0.2503
4524,4524,2026-08-27,0.2844,0.0704,0.0758,0.3343
4525,4525,2026-08-27,0.8806,0.0698,0.1452,0.27
4526,4526,2026-08-27,0.1813,0.3183,0.0205,0.4031
4527,4527,2026-08-27,0.9453,0.01,0.1589,0.2379
4528,4528,2026-08-27,0.8998,0.0167,0.1938,0.2687
4529,4529,2026-08-27,0.3082,0.4094,0.01,0.531
4530,4530,2026-08-27,0.1214,0.3851,0.0847,0.471
4531,4531,2026-08-27,0.3137,0.01,0.2084,0.2383
4532,4532,2026-08-27,0.2822,0.5843,0.2133,0.5174
4533,4533,2026-08-27,0.9308,0.01,0.2858,0.1805
4534,4534,2026-08-27,0.2215,0.4647,0.0187,0.5925
4535,4535,2026-08-27,0.2255,0.5037,0.2914,0.5723
4536,4536,2026-08-27,0.2179,0.1945,0.165,0.5277
4537,4537,2026-08-27,0.9769,0.1618,0.1298,0.6022
4538,4538,2026-08-27,0.4265,0.01,0.0123,0.2321
4539,4539,2026-08-27,0.2459,0.4738,0.023,0.64
4540,4540,2026-08-27,0.4191,0.4293,0.0289,0.5316
4541,4541,2026-08-27,0.2892,0.0685,0.1924,0.3397
4542,4542,2026-08-27,0.3722,0.1523,0.173,0.4312
4543,4543,2026-08-27,0.4309,0.0728,0.01,0.2972
4544,4544,2026-08-27,0.0938,0.4251,0.0596,0.5092
4545,4545,2026-08-27,0.3174,0.5836,0.0527,0.7219
4546,4546,2026-08-27,0.3956,0.2701,0.01,0.4248
4547,4547,2026-08-27,0.3105,0.0898,0.057,0.3677
4548,4548,2026-08-27,0.1586,0.3977,0.0722,0.6159
4549,4549,2026-08-27,0.9606,0.0477,0.3329,0.2241
4550,4550,2026-08-27,0.3154,0.5669,0.0603,0.5628
4551,4551,2026-08-27,0.2545,0.0902,0.0481,0.3767
4552,4552,2026-08-27,0.99,0.01,0.234,0.1785
4553,4553,2026-08-27,0.2338,0.3334,0.0731,0.514
4554,4554,2026-08-27,0.8732,0.201,0.1581,0.3526
4555,4555,2026-08-27,0.3681,0.5962,0.01,0.6441
4556,4556,2026-08-27,0.925,0.0387,0.3317,0.1863
4557,4557,2026-08-27,0.4423,0.0688,0.01,0.3266
4558,4558,2026-08-27,0.7625,0.1231,0.1506,0.3674
4559,4559,2026-08-27,0.0872,0.2912,0.1743,0.4501
4560,4560,2026-08-27,0.8562,0.0676,0.2061,0.2769
4561,4561,2026-08-27,0.4714,0.01,0.1885,0.2271
4562,4562,2026-08-27,0.3475,0.2781,0.0531,0.424
4563,4563,2026-08-27,0.1917,0.4695,0.01,0.5804
4564,4564,2026-08-27,0.3765,0.0565,0.0346,0.3042
4565,4565,2026-08-27,0.2831,0.4094,0.01,0.5062
4566,4566,2026-08-27,0.8224,0.01,0.2107,0.2464
4567,4567,2026-08-27,0.9068,0.083,0.229,0.3065
4568,4568,2026-08-27,0.1852,0.1063,0.2512,0.284
4569,4569,2026-08-27,0.1331,0.2681,0.01,0.4458
4570,4570,2026-08-27,0.1625,0.3758,0.1585,0.5251
4571,4571,2026-08-27,0.3622,0.4367,0.0294,0.4981
4572,4572,2026-08-27,0.3743,0.01,0.01,0.2805
4573,4573,2026-08-27,0.3263,0.4976,0.01,0.6129
4574,4574,2026-08-27,0.3441,0.4606,0.01,0.6832
4575,4575,2026-08-27,0.4338,0.01,0.2284,0.2344
4576,4576,2026-08-27,0.3359,0.4365,0.0125,0.496
4577,4577,2026-08-27,0.4065,0.0632,0.01,0.3079
4578,4578,2026-08-27,0.2013,0.245,0.127,0.4177
4579,4579,2026-08-27,0.0636,0.3917,0.01,0.4917
4580,4580,2026-08-27,0.4252,0.0211,0.2049,0.3684
4581,4581,2026-08-27,0.8278,0.0188,0.12,0.4875
4582,4582,2026-08-27,0.3785,0.01,0.2917,0.1696
4583,4583,2026-08-27,0.4747,0.01,0.01,0.3521
4584,4584,2026-08-27,0.3632,0.01,0.01,0.3079
4585,4585,2026-08-27,0.9034,0.0256,0.1825,0.245
4586,4586,2026-08-27,0.2339,0.2315,0.01,0.5256
4587,4587,2026-08-27,0.1365,0.4218,0.0855,0.5225
4588,4588,2026-08-27,0.3295,0.1522,0.1019,0.4018
4589,4589,2026-08-27,0.9243,0.01,0.2648,0.4432
4590,4590,2026-08-27,0.396,0.0274,0.0855,0.297
4591,4591,2026-08-27,0.2154,0.394,0.0383,0.4971
4592,4592,2026-08-27,0.1315,0.3542,0.01,0.4995
4593,4593,2026-08-27,0.9533,0.1788,0.1711,0.6248
4594,4594,2026-08-27,0.307,0.4007,0.01,0.5525
4595,4595,2026-08-27,0.1796,0.338,0.0504,0.4743
4596,4596,2026-08-27,0.3778,0.01,0.016,0.4475
4597,4597,2026-08-27,0.2868,0.4169,0.078,0.53
4598,4598,2026-08-27,0.2561,0.5288,0.1066,0.5823
4599,4599,2026-08-27,0.3497,0.483,0.01,0.5856
4600,4600,2026-08-27,0.4715,0.5094,0.0374,0.7077
4601,4601,2026-08-27,0.2258,0.4358,0.01,0.5707
4602,4602,2026-08-27,0.3178,0.01,0.1451,0.4053
4603,4603,2026-08-27,0.3348,0.0187,0.348,0.205
4604,4604,2026-08-27,0.8232,0.0358,0.2653,0.2528
4605,4605,2026-08-27,0.8363,0.01,0.1553,0.2599
4606,4606,2026-08-27,0.2921,0.4979,0.1225,0.6665
4607,4607,2026-08-27,0.3866,0.0112,0.01,0.36
4608,4608,2026-08-27,0.2543,0.5076,0.0232,0.5851
4609,4609,2026-08-27,0.3937,0.2933,0.1444,0.5591
4610,4610,2026-08-27,0.3232,0.0261,0.01,0.3574
4611,4611,2026-08-27,0.3453,0.1091,0.1919,0.399
4612,4612,2026-08-27,0.334,0.5005,0.2214,0.549
4613,4613,2026-08-27,0.9246,0.01,0.1502,0.2861
4614,4614,2026-08-27,0.182,0.4063,0.083,0.4341
4615,4615,2026-08-27,0.3208,0.4283,0.03,0.6616
4616,4616,2026-08-27,0.4138,0.5465,0.01,0.6592
4617,4617,2026-08-27,0.3652,0.0788,0.039,0.3701
4618,4618,2026-08-27,0.1093,0.3654,0.1077,0.5069
4619,4619,2026-08-27,0.2142,0.4137,0.1904,0.5488
4620,4620,2026-08-27,0.1249,0.3899,0.1594,0.5018
4621,4621,2026-08-27,0.3109,0.4404,0.0783,0.5465
4622,4622,2026-08-27,0.3607,0.0692,0.01,0.3911
4623,4623,2026-08-27,0.1622,0.3492,0.0542,0.6155
4624,4624,2026-08-27,0.459,0.01,0.01,0.3945
4625,4625,2026-08-27,0.1918,0.2017,0.2168,0.3351
4626,4626,2026-08-27,0.111,0.4728,0.01,0.6147
4627,4627,2026-08-27,0.4361,0.1329,0.01,0.3173
4628,4628,2026-08-27,0.4267,0.5169,0.1134,0.6445
4629,4629,2026-08-27,0.2674,0.3941,0.094,0.4865
4630,4630,2026-08-27,0.1651,0.5653,0.0121,0.7197
4631,4631,2026-08-27,0.2889,0.5193,0.01,0.5785
4632,4632,2026-08-27,0.3533,0.4533,0.01,0.7022
4633,4633,2026-08-27,0.2954,0.5045,0.01,0.7026
4634,4634,2026-08-27,0.26,0.4541,0.1519,0.5651
4635,4635,2026-08-27,0.9775,0.01,0.2745,0.1885
4636,4636,2026-08-27,0.2894,0.078,0.0556,0.3832
4637,4637,2026-08-27,0.2603,0.5381,0.235,0.5751
4638,4638,2026-08-27,0.8868,0.01,0.1945,0.4533
4639,4639,2026-08-27,0.2887,0.5515,0.01,0.6426
4640,4640,2026-08-27,0.306,0.4281,0.038,0.5442
4641,4641,2026-08-27,0.3523,0.5611,0.0278,0.7304
4642,4642,2026-08-27,0.2473,0.2185,0.2033,0.4282
4643,4643,2026-08-27,0.01,0.545,0.224,0.4596
4644,4644,2026-08-27,0.3204,0.1658,0.0939,0.4557
4645,4645,2026-08-27,0.283,0.3513,0.01,0.5045
4646,4646,2026-08-27,0.2958,0.1368,0.01,0.3493
4647,4647,2026-08-27,0.3356,0.1369,0.01,0.3347
4648,4648,2026-08-27,0.4277,0.3454,0.01,0.4606
4649,4649,2026-08-27,0.3686,0.3642,0.1018,0.5978
4650,4650,2026-08-27,0.2376,0.418,0.0289,0.5587
4651,4651,2026-08-27,0.3681,0.1186,0.01,0.3946
4652,4652,2026-08-27,0.3752,0.01,0.01,0.385
4653,4653,2026-08-27,0.3017,0.1932,0.0878,0.4234
4654,4654,2026-08-27,0.2708,0.2511,0.0934,0.5124
4655,4655,2026-08-27,0.2713,0.4414,0.01,0.588
4656,4656,2026-08-27,0.352,0.151,0.0394,0.5163
4657,4657,2026-08-27,0.3161,0.1255,0.0679,0.3363
4658,4658,2026-08-27,0.271,0.0474,0.01,0.3937
4659,4659,2026-08-27,0.0511,0.3562,0.0389,0.5493
4660,4660,2026-08-27,0.286,0.3691,0.0401,0.5135
4661,4661,2026-08-27,0.8395,0.1002,0.1925,0.2645
4662,4662,2026-08-27,0.2991,0.2028,0.01,0.5365
4663,4663,2026-08-27,0.3214,0.4171,0.01,0.6185
4664,4664,2026-08-27,0.4366,0.1208,0.2334,0.4404
4665,4665,2026-08-27,0.1582,0.3301,0.4116,0.2376
4666,4666,2026-08-27,0.2878,0.4242,0.2641,0.5109
4667,4667,2026-08-27,0.2124,0.0215,0.1746,0.2432
4668,4668,2026-08-27,0.3522,0.4229,0.01,0.6077
4669,4669,2026-08-27,0.2849,0.2472,0.1698,0.3245
4670,4670,2026-08-27,0.3052,0.1973,0.01,0.4083
4671,4671,2026-08-27,0.2923,0.5277,0.0852,0.5736
4672,4672,2026-08-27,0.3456,0.3814,0.0528,0.5042
4673,4673,2026-08-27,0.3163,0.1697,0.0702,0.4341
4674,4674,2026-08-27,0.3001,0.5602,0.01,0.6492
4675,4675,2026-08-27,0.8739,0.0334,0.2187,0.2998
4676,4676,2026-08-27,0.265,0.4835,0.01,0.5431
4677,4677,2026-08-27,0.226,0.2522,0.28,0.3454
4678,4678,2026-08-27,0.1411,0.2803,0.1278,0.3732
4679,4679,2026-08-27,0.1226,0.3718,0.0294,0.436
4680,4680,2026-08-27,0.2417,0.0612,0.2634,0.2831
4681,4681,2026-08-27,0.3651,0.0291,0.0331,0.3153
4682,4682,2026-08-27,0.2735,0.2054,0.01,0.4844
4683,4683,2026-08-27,0.4346,0.056,0.2333,0.3975
4684,4684,2026-08-27,0.9268,0.01,0.1969,0.2374
4685,4685,2026-08-27,0.3182,0.0498,0.01,0.3336
4686,4686,2026-08-27,0.3825,0.5436,0.1574,0.6679
4687,4687,2026-08-27,0.2483,0.5182,0.0878,0.6242
4688,4688,2026-08-27,0.363,0.4016,0.01,0.6366
4689,4689,2026-08-27,0.261,0.0682,0.01,0.3421
4690,4690,2026-08-27,0.949,0.01,0.1585,0.2961
4691,4691,2026-08-27,0.1606,0.4697,0.2169,0.5
4692,4692,2026-08-27,0.4273,0.3628,0.01,0.5486
4693,4693,2026-08-27,0.9491,0.0827,0.1386,0.2731
4694,4694,2026-08-27,0.3454,0.1316,0.0302,0.4381
4695,4695,2026-08-27,0.2646,0.5661,0.01,0.6418
4696,4696,2026-08-27,0.904,0.01,0.3459,0.2763
4697,4697,2026-08-27,0.2665,0.6055,0.2139,0.6453
4698,4698,2026-08-27,0.0623,0.3232,0.01,0.5065
4699,4699,2026-08-27,0.1798,0.2585,0.0642,0.4111
4700,4700,2026-08-27,0.3566,0.0125,0.1417,0.2727
4701,4701,2026-08-27,0.3783,0.0734,0.01,0.4727
4702,4702,2026-08-27,0.3505,0.5372,0.0222,0.7983
4703,4703,2026-08-27,0.3641,0.2962,0.1738,0.3845
4704,4704,2026-08-27,0.1275,0.5497,0.0617,0.5987
4705,4705,2026-08-27,0.2532,0.149,0.01,0.3741
4706,4706,2026-08-27,0.259,0.5142,0.0708,0.6137
4707,4707,2026-08-27,0.2238,0.3336,0.2452,0.4956
4708,4708,2026-08-27,0.4673,0.4166,0.1276,0.6295
4709,4709,2026-08-27,0.2795,0.487,0.1504,0.6403
4710,4710,2026-08-27,0.3152,0.6282,0.0349,0.6583
4711,4711,2026-08-27,0.3128,0.2402,0.2004,0.4539
4712,4712,2026-08-27,0.3757,0.351,0.1237,0.418
4713,4713,2026-08-27,0.142,0.4367,0.215,0.4516
4714,4714,2026-08-27,0.2651,0.2201,0.2196,0.4044
4715,4715,2026-08-27,0.1365,0.364,0.258,0.4108
4716,4716,2026-08-27,0.3156,0.3779,0.1831,0.5102
4717,4717,2026-08-27,0.3455,0.5035,0.01,0.602
4718,4718,2026-08-27,0.1503,0.3127,0.0772,0.4237
4719,4719,2026-08-27,0.1938,0.2837,0.114,0.4581
4720,4720,2026-08-27,0.3106,0.4068,0.01,0.6016
4721,4721,2026-08-27,0.3975,0.3742,0.01,0.5563
4722,4722,2026-08-27,0.1754,0.3564,0.1091,0.4599
4723,4723,2026-08-27,0.3278,0.424,0.0545,0.5656
4724,4724,2026-08-27,0.2397,0.2965,0.2374,0.5374
4725,4725,2026-08-27,0.2533,0.1367,0.2689,0.3184
4726,4726,2026-08-27,0.3051,0.4427,0.032,0.4969
4727,4727,2026-08-27,0.3216,0.0993,0.0119,0.3823
4728,4728,2026-08-27,0.237,0.5398,0.1102,0.6258
4729,4729,2026-08-27,0.1804,0.5279,0.0188,0.5712
4730,4730,2026-08-27,0.3902,0.4725,0.01,0.5515
4731,4731,2026-08-27,0.234,0.525,0.2481,0.5827
4732,4732,2026-08-27,0.3649,0.1609,0.2127,0.279
4733,4733,2026-08-27,0.3935,0.4589,0.01,0.6255
4734,4734,2026-08-27,0.2712,0.4526,0.01,0.4915
4735,4735,2026-08-27,0.3067,0.01,0.0995,0.1811
4736,4736,2026-08-27,0.8766,0.01,0.335,0.1575
4737,4737,2026-08-27,0.8956,0.0824,0.2245,0.2684
4738,4738,2026-08-27,0.3504,0.0881,0.1931,0.4794
4739,4739,2026-08-27,0.1225,0.3789,0.2288,0.4507
4740,4740,2026-08-27,0.2009,0.2841,0.0458,0.4994
4741,4741,2026-08-27,0.3031,0.3179,0.1112,0.4501
4742,4742,2026-08-27,0.2162,0.5091,0.1294,0.5165
4743,4743,2026-08-27,0.326,0.1193,0.01,0.4146
4744,4744,2026-08-27,0.2296,0.4531,0.01,0.5706
4745,4745,2026-08-27,0.2551,0.3135,0.1152,0.5105
4746,4746,2026-08-27,0.168,0.4921,0.0624,0.6122
4747,4747,2026-08-27,0.3973,0.4083,0.01,0.6162
4748,4748,2026-08-27,0.0715,0.6055,0.01,0.6833
4749,4749,2026-08-27,0.3774,0.1337,0.134,0.4556
4750,4750,2026-08-27,0.3813,0.1232,0.1113,0.4912
4751,4751,2026-08-27,0.2682,0.4938,0.0567,0.6063
4752,4752,2026-08-27,0.1195,0.3328,0.0753,0.518
4753,4753,2026-08-27,0.2737,0.5244,0.2654,0.5542
4754,4754,2026-08-27,0.141,0.2617,0.1829,0.3349
4755,4755,2026-08-27,0.3368,0.0539,0.01,0.266
4756,4756,2026-08-27,0.1167,0.2439,0.0782,0.341
4757,4757,2026-08-27,0.2736,0.626,0.1487,0.6481
4758,4758,2026-08-27,0.2036,0.057,0.0964,0.2629
4759,4759,2026-08-27,0.2498,0.2465,0.1889,0.4626
4760,4760,2026-08-27,0.2766,0.044,0.0569,0.2538
4761,4761,2026-08-27,0.1407,0.5639,0.103,0.5518
4762,4762,2026-08-27,0.1363,0.3378,0.0263,0.4577
4763,4763,2026-08-27,0.2953,0.0995,0.2965,0.3026
4764,4764,2026-08-27,0.2444,0.2483,0.01,0.4375
4765,4765,2026-08-27,0.3115,0.5739,0.2569,0.625
4766,4766,2026-08-27,0.3256,0.4943,0.0737,0.4461
4767,4767,2026-08-27,0.7781,0.0135,0.1735,0.2875
4768,4768,2026-08-27,0.1326,0.3501,0.2795,0.413
4769,4769,2026-08-27,0.1811,0.536,0.0432,0.5744
4770,4770,2026-08-27,0.8067,0.3008,0.1379,0.4223
4771,4771,2026-08-27,0.9253,0.0979,0.1211,0.2767
4772,4772,2026-08-27,0.2732,0.6353,0.2433,0.6182
4773,4773,2026-08-27,0.2437,0.1881,0.0415,0.4615
4774,4774,2026-08-27,0.3849,0.5596,0.01,0.6926
4775,4775,2026-08-27,0.1102,0.4071,0.0687,0.5123
4776,4776,2026-08-27,0.2854,0.1785,0.2915,0.3606
4777,4777,2026-08-27,0.3146,0.5404,0.1397,0.6669
4778,4778,2026-08-27,0.2572,0.1946,0.0775,0.444
4779,4779,2026-08-27,0.3075,0.4285,0.0869,0.4188
4780,4780,2026-08-27,0.8793,0.0722,0.1937,0.2671
4781,4781,2026-08-27,0.3165,0.4799,0.096,0.58
4782,4782,2026-08-27,0.2214,0.041,0.2022,0.2322
4783,4783,2026-08-27,0.3076,0.1084,0.2226,0.2999
4784,4784,2026-08-27,0.1942,0.2503,0.2522,0.3373
4785,4785,2026-08-27,0.4048,0.0977,0.0269,0.4745
4786,4786,2026-08-27,0.2684,0.1323,0.178,0.3843
4787,4787,2026-08-27,0.3952,0.3716,0.01,0.6858
4788,4788,2026-08-27,0.9726,0.01,0.1085,0.307
4789,4789,2026-08-27,0.238,0.3103,0.1233,0.4397
4790,4790,2026-08-27,0.8413,0.1102,0.1493,0.545
4791,4791,2026-08-27,0.2783,0.3794,0.2882,0.421
4792,4792,2026-08-27,0.1276,0.1657,0.115,0.3209
4793,4793,2026-08-27,0.3909,0.3371,0.1571,0.5018
4794,4794,2026-08-27,0.4826,0.0619,0.1433,0.4108
4795,4795,2026-08-27,0.3635,0.3804,0.1881,0.4995
4796,4796,2026-08-27,0.4087,0.3503,0.0617,0.4514
4797,4797,2026-08-27,0.3177,0.525,0.1163,0.5138
4798,4798,2026-08-27,0.108,0.4072,0.1882,0.4873
4799,4799,2026-08-27,0.288,0.0813,0.01,0.3518
4800,4800,2026-08-27,0.9016,0.0273,0.2082,0.2793
4801,4801,2026-08-27,0.3761,0.2291,0.0194,0.5453
4802,4802,2026-08-27,0.3056,0.4976,0.01,0.6078
4803,4803,2026-08-27,0.2395,0.1315,0.01,0.4286
4804,4804,2026-08-27,0.2175,0.3865,0.01,0.5063
4805,4805,2026-08-27,0.2794,0.2952,0.01,0.4572
4806,4806,2026-08-27,0.8311,0.01,0.1041,0.5181
4807,4807,2026-08-27,0.4056,0.4951,0.0488,0.6497
4808,4808,2026-08-27,0.122,0.3026,0.0145,0.4441
4809,4809,2026-08-27,0.3641,0.4883,0.0362,0.6662
4810,4810,2026-08-27,0.0957,0.3003,0.01,0.4497
4811,4811,2026-08-27,0.2687,0.3859,0.0315,0.5388
4812,4812,2026-08-27,0.8061,0.01,0.1995,0.1946
4813,4813,2026-08-27,0.1208,0.3717,0.313,0.3836
4814,4814,2026-08-27,0.3521,0.2616,0.0289,0.4059
4815,4815,2026-08-27,0.2829,0.3049,0.0589,0.5559
4816,4816,2026-08-27,0.2715,0.2318,0.0153,0.5231
4817,4817,2026-08-27,0.2691,0.3728,0.01,0.4598
4818,4818,2026-08-27,0.097,0.3792,0.01,0.4282
4819,4819,2026-08-27,0.2496,0.2888,0.0909,0.4491
4820,4820,2026-08-27,0.1676,0.3006,0.0496,0.4684
4821,4821,2026-08-27,0.9446,0.0939,0.2376,0.3161
4822,4822,2026-08-27,0.3467,0.4865,0.1024,0.6305
4823,4823,2026-08-27,0.9119,0.0888,0.1967,0.3827
4824,4824,2026-08-27,0.8522,0.0666,0.2356,0.204
4825,4825,2026-08-27,0.4099,0.5029,0.01,0.7298
4826,4826,2026-08-27,0.3513,0.5625,0.1877,0.6355
4827,4827,2026-08-27,0.2619,0.4799,0.0295,0.5021
4828,4828,2026-08-27,0.3151,0.3968,0.01,0.7028
4829,4829,2026-08-27,0.4108,0.1031,0.0373,0.4671
4830,4830,2026-08-27,0.3449,0.1211,0.0721,0.4332
4831,4831,2026-08-27,0.1164,0.3888,0.1536,0.5093
4832,4832,2026-08-27,0.4119,0.5055,0.01,0.6846
4833,4833,2026-08-27,0.8111,0.0434,0.2221,0.4272
4834,4834,2026-08-27,0.8464,0.01,0.1207,0.2701
4835,4835,2026-08-27,0.2124,0.5225,0.01,0.5654
4836,4836,2026-08-27,0.3434,0.0498,0.01,0.3362
4837,4837,2026-08-27,0.2694,0.172,0.01,0.4569
4838,4838,2026-08-27,0.1456,0.264,0.105,0.4538
4839,4839,2026-08-27,0.3038,0.0897,0.0473,0.4668
4840,4840,2026-08-27,0.2894,0.5356,0.1625,0.5245
4841,4841,2026-08-27,0.3344,0.01,0.3132,0.3635
4842,4842,2026-08-27,0.2452,0.3784,0.1753,0.5794
4843,4843,2026-08-27,0.3557,0.3125,0.1775,0.4106
4844,4844,2026-08-27,0.3769,0.3927,0.0342,0.6001
4845,4845,2026-08-27,0.3405,0.4785,0.01,0.6625
4846,4846,2026-08-27,0.4189,0.4069,0.0956,0.5361
4847,4847,2026-08-27,0.1377,0.0834,0.0757,0.3544
4848,4848,2026-08-27,0.8374,0.01,0.21,0.2461
4849,4849,2026-08-27,0.2872,0.0258,0.2194,0.3873
4850,4850,2026-08-27,0.2922,0.1958,0.0305,0.3804
4851,4851,2026-08-27,0.37,0.3927,0.2047,0.451
4852,4852,2026-08-27,0.9224,0.0593,0.1035,0.2964
4853,4853,2026-08-27,0.3667,0.015,0.2011,0.2408
4854,4854,2026-08-27,0.1009,0.1895,0.2525,0.3335
4855,4855,2026-08-27,0.304,0.0366,0.0509,0.3955
4856,4856,2026-08-27,0.2288,0.1896,0.01,0.491
4857,4857,2026-08-27,0.2482,0.332,0.01,0.51
4858,4858,2026-08-27,0.116,0.3347,0.0102,0.4399
4859,4859,2026-08-27,0.13,0.391,0.2432,0.4613
4860,4860,2026-08-27,0.296,0.3887,0.0102,0.5321
4861,4861,2026-08-27,0.2241,0.4164,0.0849,0.4633
4862,4862,2026-08-27,0.3924,0.0984,0.2949,0.2287
4863,4863,2026-08-27,0.3958,0.2973,0.1123,0.3482
4864,4864,2026-08-27,0.2643,0.0916,0.2258,0.3085
4865,4865,2026-08-27,0.9565,0.01,0.272,0.1893
4866,4866,2026-08-27,0.3243,0.0737,0.08,0.4799
4867,4867,2026-08-27,0.3722,0.2659,0.0628,0.5199
4868,4868,2026-08-27,0.3002,0.4887,0.0232,0.5998
4869,4869,2026-08-27,0.2805,0.434,0.1879,0.5118
4870,4870,2026-08-27,0.1005,0.2946,0.0372,0.401
4871,4871,2026-08-27,0.1697,0.5354,0.01,0.6414
4872,4872,2026-08-27,0.2325,0.3628,0.0977,0.4257
4873,4873,2026-08-27,0.818,0.0629,0.1672,0.504
4874,4874,2026-08-27,0.117,0.3293,0.01,0.4608
4875,4875,2026-08-27,0.1476,0.3852,0.0438,0.5513
4876,4876,2026-08-27,0.1246,0.3803,0.01,0.5399
4877,4877,2026-08-27,0.2581,0.495,0.0931,0.5154
4878,4878,2026-08-27,0.8756,0.01,0.3288,0.3877
4879,4879,2026-08-27,0.4165,0.4746,0.195,0.581
4880,4880,2026-08-27,0.1988,0.4888,0.2305,0.5589
4881,4881,2026-08-27,0.2112,0.5258,0.01,0.6307
4882,4882,2026-08-27,0.2235,0.3671,0.01,0.566
4883,4883,2026-08-27,0.1427,0.5433,0.01,0.637
4884,4884,2026-08-27,0.3447,0.3862,0.0203,0.535
4885,4885,2026-08-27,0.3357,0.1348,0.0674,0.3802
4886,4886,2026-08-27,0.3632,0.1452,0.01,0.5163
4887,4887,2026-08-27,0.2164,0.2728,0.0942,0.4673
4888,4888,2026-08-27,0.8841,0.03,0.1974,0.2578
4889,4889,2026-08-27,0.2739,0.3614,0.01,0.5388
4890,4890,2026-08-27,0.3844,0.01,0.01,0.3794
4891,4891,2026-08-27,0.2949,0.332,0.0984,0.5189
4892,4892,2026-08-27,0.2471,0.4933,0.0457,0.6382
4893,4893,2026-08-27,0.1937,0.3527,0.0728,0.4632
4894,4894,2026-08-27,0.2658,0.5769,0.01,0.7022
4895,4895,2026-08-27,0.8742,0.01,0.2081,0.2243
4896,4896,2026-08-27,0.0894,0.4077,0.01,0.5307
4897,4897,2026-08-27,0.2506,0.5246,0.0687,0.5156
4898,4898,2026-08-27,0.16,0.367,0.0342,0.4944
4899,4899,2026-08-27,0.2042,0.1173,0.0596,0.3501
4900,4900,2026-08-27,0.4173,0.1011,0.0469,0.3662
4901,4901,2026-08-27,0.0794,0.3205,0.1573,0.4501
4902,4902,2026-08-27,0.2581,0.5082,0.01,0.5274
4903,4903,2026-08-27,0.3395,0.3019,0.01,0.4925
4904,4904,2026-08-27,0.3441,0.0704,0.084,0.3393
4905,4905,2026-08-27,0.8427,0.01,0.1834,0.3547
4906,4906,2026-08-27,0.031,0.2891,0.1857,0.383
4907,4907,2026-08-27,0.304,0.0756,0.0474,0.2967
4908,4908,2026-08-27,0.2444,0.2529,0.01,0.5055
4909,4909,2026-08-27,0.8878,0.0592,0.203,0.3046
4910,4910,2026-08-27,0.3558,0.4369,0.0754,0.5575
4911,4911,2026-08-27,0.2283,0.2918,0.1138,0.4611
4912,4912,2026-08-27,0.2567,0.3388,0.0746,0.5389
4913,4913,2026-08-27,0.3409,0.3219,0.0555,0.5692
4914,4914,2026-08-27,0.4397,0.062,0.0134,0.4731
4915,4915,2026-08-27,0.4608,0.411,0.083,0.6099
4916,4916,2026-08-27,0.2848,0.0758,0.0826,0.3515
4917,4917,2026-08-27,0.99,0.01,0.1,0.366
4918,4918,2026-08-27,0.8405,0.0417,0.1186,0.3017
4919,4919,2026-08-27,0.3298,0.0516,0.1925,0.2522
4920,4920,2026-08-27,0.2548,0.4854,0.063,0.5972
4921,4921,2026-08-27,0.2837,0.5349,0.2107,0.6435
4922,4922,2026-08-27,0.2467,0.3856,0.2199,0.4249
4923,4923,2026-08-27,0.3247,0.4708,0.0171,0.5565
4924,4924,2026-08-27,0.2322,0.0954,0.235,0.1978
4925,4925,2026-08-27,0.1623,0.3016,0.1824,0.4201
4926,4926,2026-08-27,0.3881,0.3028,0.1146,0.5477
4927,4927,2026-08-27,0.3392,0.3401,0.01,0.5311
4928,4928,2026-08-27,0.0362,0.2938,0.01,0.4958
4929,4929,2026-08-27,0.8293,0.0571,0.0987,0.2874
4930,4930,2026-08-27,0.2459,0.3985,0.01,0.4796
4931,4931,2026-08-27,0.8303,0.0906,0.1128,0.2981
4932,4932,2026-08-27,0.0172,0.2974,0.2356,0.4221
4933,4933,2026-08-27,0.3472,0.1164,0.2102,0.4461
4934,4934,2026-08-27,0.268,0.3098,0.01,0.5127
4935,4935,2026-08-27,0.2281,0.4939,0.2638,0.549
4936,4936,2026-08-27,0.3738,0.2904,0.0385,0.4567
4937,4937,2026-08-27,0.357,0.3565,0.01,0.5223
4938,4938,2026-08-27,0.8961,0.01,0.1664,0.1784
4939,4939,2026-08-27,0.0998,0.3519,0.1996,0.4324
4940,4940,2026-08-27,0.3298,0.3733,0.1124,0.4965
4941,4941,2026-08-27,0.3537,0.0352,0.01,0.2985
4942,4942,2026-08-27,0.1885,0.2629,0.01,0.5006
4943,4943,2026-08-27,0.08,0.3109,0.4008,0.3949
4944,4944,2026-08-27,0.29,0.1122,0.1202,0.3976
4945,4945,2026-08-27,0.2298,0.3804,0.01,0.5597
4946,4946,2026-08-27,0.3604,0.0374,0.1849,0.2552
4947,4947,2026-08-27,0.2005,0.3539,0.01,0.5393
4948,4948,2026-08-27,0.383,0.1346,0.3048,0.2477
4949,4949,2026-08-27,0.8771,0.0651,0.1955,0.2919
4950,4950,2026-08-27,0.8587,0.0701,0.1096,0.2937
4951,4951,2026-08-27,0.2009,0.529,0.0656,0.5607
4952,4952,2026-08-27,0.8319,0.0695,0.1613,0.518
4953,4953,2026-08-27,0.4243,0.3721,0.01,0.5443
4954,4954,2026-08-27,0.4022,0.01,0.1683,0.1707
4955,4955,2026-08-27,0.3049,0.6279,0.106,0.6939
4956,4956,2026-08-27,0.3359,0.4467,0.0451,0.589
4957,4957,2026-08-27,0.2693,0.1928,0.01,0.5099
4958,4958,2026-08-27,0.2128,0.436,0.0594,0.5155
4959,4959,2026-08-27,0.4439,0.3452,0.1272,0.6809
4960,4960,2026-08-27,0.9009,0.01,0.1918,0.2852
4961,4961,2026-08-27,0.1292,0.3558,0.0545,0.5277
4962,4962,2026-08-27,0.2913,0.4195,0.0109,0.5803
4963,4963,2026-08-27,0.2188,0.4592,0.01,0.5871
4964,4964,2026-08-27,0.2962,0.3778,0.0814,0.4855
4965,4965,2026-08-27,0.3462,0.3636,0.2299,0.4136
4966,4966,2026-08-27,0.3491,0.0757,0.0545,0.4282
4967,4967,2026-08-27,0.292,0.5086,0.01,0.5988
4968,4968,2026-08-27,0.251,0.693,0.0777,0.7439
4969,4969,2026-08-27,0.1943,0.2257,0.01,0.4773
4970,4970,2026-08-27,0.087,0.4826,0.0223,0.5897
4971,4971,2026-08-27,0.091,0.3777,0.0789,0.448
4972,4972,2026-08-27,0.2399,0.1133,0.01,0.4154
4973,4973,2026-08-27,0.3534,0.4244,0.0151,0.6668
4974,4974,2026-08-27,0.3207,0.0218,0.1883,0.1734
4975,4975,2026-08-27,0.1988,0.4927,0.0366,0.5346
4976,4976,2026-08-27,0.318,0.4175,0.2144,0.5199
4977,4977,2026-08-27,0.2753,0.3635,0.2822,0.4841
4978,4978,2026-08-27,0.3318,0.4732,0.021,0.5771
4979,4979,2026-08-27,0.3636,0.1045,0.0509,0.371
4980,4980,2026-08-27,0.4944,0.0265,0.01,0.3279
4981,4981,2026-08-27,0.4173,0.0599,0.039,0.3505
4982,4982,2026-08-27,0.3257,0.513,0.0239,0.5769
4983,4983,2026-08-27,0.3381,0.4468,0.01,0.6457
4984,4984,2026-08-27,0.3243,0.367,0.01,0.5123
4985,4985,2026-08-27,0.4015,0.3949,0.1059,0.4438
4986,4986,2026-08-27,0.3445,0.5024,0.1389,0.6115
4987,4987,2026-08-27,0.3317,0.3176,0.2021,0.4703
4988,4988,2026-08-27,0.4052,0.4751,0.1781,0.4591
4989,4989,2026-08-27,0.3403,0.0775,0.0283,0.3655
4990,4990,2026-08-27,0.3552,0.0991,0.135,0.4239
4991,4991,2026-08-27,0.2469,0.1794,0.0371,0.4726
4992,4992,2026-08-27,0.3972,0.01,0.1214,0.2739
4993,4993,2026-08-27,0.8638,0.0488,0.1216,0.3002
4994,4994,2026-08-27,0.2411,0.4165,0.0865,0.6005
4995,4995,2026-08-27,0.118,0.3002,0.01,0.5085
4996,4996,2026-08-27,0.3695,0.373,0.01,0.5481
4997,4997,2026-08-27,0.3028,0.4267,0.1019,0.5501
4998,4998,2026-08-27,0.2432,0.4552,0.0766,0.5493
4999,4999,2026-08-27,0.2832,0.4554,0.01,0.5197
5000,5000,2026-08-27,0.1344,0.4066,0.1808,0.4715
