customer_360_feature_key,customer_key,campaign_key,snapshot_date,total_balance,total_transactions_30d,total_card_spend_30d,total_deposit_value,total_loan_outstanding,digital_engagement_score,service_contact_count_90d,campaign_response_rate
1,1,1,2026-08-27,64524727.13,16,241269.1,53293804.18,3980435.66,18.0,1,0.0
2,2,2,2026-08-27,787123099.47,13,59500524.36,665351310.03,0.0,46.0,0,100.0
3,3,3,2026-08-27,118728252.3,9,16331899.76,0.0,0.0,18.0,1,0.0
4,4,7,2026-08-27,10280614.49,2,0.0,0.0,0.0,18.0,0,50.0
5,5,8,2026-08-27,1147157399.73,20,81084864.49,924804138.34,0.0,52.0,2,0.0
6,6,9,2026-08-27,22735397.59,12,9666253.12,0.0,0.0,28.0,1,33.33
7,7,12,2026-08-27,41591031.65,8,8232597.26,0.0,0.0,36.0,1,50.0
8,8,14,2026-08-27,51675342.72,12,3025091.85,22976889.25,0.0,30.0,0,0.0
9,9,17,2026-08-27,3073566074.85,18,269510939.43,2627398744.99,0.0,49.0,4,0.0
10,10,19,2026-08-27,90981614.38,18,6745006.04,0.0,0.0,23.0,0,0.0
11,11,20,2026-08-27,599226777.12,15,55071377.66,459899622.54,0.0,0.0,2,50.0
12,12,23,2026-08-27,20964197.52,17,4898146.58,0.0,38720951.41,28.0,1,0.0
13,13,24,2026-08-27,20523474.13,4,0.0,0.0,0.0,5.0,2,0.0
14,14,25,2026-08-27,443915733.95,10,34225512.87,325223166.57,0.0,30.0,2,0.0
15,15,30,2026-08-27,303144163.98,10,8757195.04,240937433.39,49203254.83,19.0,1,66.67
16,16,33,2026-08-27,5822154.08,14,563372.09,0.0,0.0,36.0,2,100.0
17,17,35,2026-08-27,35872149.74,16,22615414.76,0.0,0.0,85.0,1,0.0
18,18,36,2026-08-27,3214572011.0,19,87787690.61,2850120145.52,0.0,57.0,0,0.0
19,19,39,2026-08-27,83670511.22,13,5767745.09,55090893.75,260437910.24,0.0,1,25.0
20,20,44,2026-08-27,99640980.7,29,10013053.32,25919798.92,0.0,100.0,0,33.33
21,21,46,2026-08-27,0.0,6,1300719.05,0.0,162119983.92,3.0,1,0.0
22,22,51,2026-08-27,151133546.2,12,4302583.11,108087742.98,0.0,32.0,4,25.0
23,23,52,2026-08-27,310914771.06,12,10954558.87,0.0,0.0,28.0,0,0.0
24,24,53,2026-08-27,31935184.68,16,9358377.86,0.0,201923993.49,0.0,0,50.0
25,25,57,2026-08-27,0.0,6,0.0,0.0,0.0,50.0,2,66.67
26,26,58,2026-08-27,24972500.94,11,1806118.83,0.0,0.0,29.0,1,0.0
27,27,60,2026-08-27,16038876.86,23,1812738.08,0.0,0.0,100.0,0,50.0
28,28,64,2026-08-27,393517683.43,24,85568421.95,0.0,0.0,0.0,3,0.0
29,29,70,2026-08-27,33383188.07,15,5782410.91,0.0,0.0,41.0,0,33.33
30,30,71,2026-08-27,18832165.96,3,1978480.98,0.0,0.0,25.0,6,50.0
31,31,73,2026-08-27,3165050.54,4,727723.2,0.0,0.0,0.0,1,0.0
32,32,76,2026-08-27,321140648.54,10,44280831.36,0.0,1117843057.22,0.0,0,0.0
33,33,78,2026-08-27,1031670195.68,17,11743687.38,446682640.87,49993180.57,48.0,1,66.67
34,34,80,2026-08-27,594364537.8,9,11798939.19,0.0,0.0,46.0,1,75.0
35,35,86,2026-08-27,49891906.45,20,18580046.37,32672226.5,0.0,100.0,1,33.33
36,36,87,2026-08-27,30681480.18,15,5219115.5,14149779.84,0.0,52.0,2,0.0
37,37,91,2026-08-27,293572967.82,20,76926157.85,223046240.81,0.0,55.0,0,0.0
38,38,92,2026-08-27,57797619.39,20,9752864.1,40348011.27,0.0,100.0,1,0.0
39,39,94,2026-08-27,151795612.2,17,3872119.02,0.0,0.0,57.0,1,0.0
40,40,96,2026-08-27,152269201.97,6,1279542.65,111995440.78,0.0,21.0,4,33.33
41,41,98,2026-08-27,504371751.5,14,20526621.66,418622480.06,260915584.53,25.0,0,50.0
42,42,100,2026-08-27,26499080.64,19,1402575.93,18304741.86,107772366.98,47.0,2,33.33
43,43,103,2026-08-27,8490309.36,2,0.0,0.0,0.0,0.0,2,0.0
44,44,104,2026-08-27,272830493.84,12,1382606.51,186579033.81,0.0,37.0,0,0.0
45,45,108,2026-08-27,22777310.24,14,636021.14,0.0,0.0,28.0,1,25.0
46,46,109,2026-08-27,37554632.11,15,32533269.39,0.0,0.0,11.0,1,0.0
47,47,112,2026-08-27,195319806.54,13,6195559.46,76491625.25,0.0,47.0,0,100.0
48,48,113,2026-08-27,30724659.79,17,6446721.52,0.0,96861261.85,38.0,2,75.0
49,49,120,2026-08-27,15993435.59,3,1749875.92,7307328.74,5476857.21,0.0,2,0.0
50,50,122,2026-08-27,198647046.24,21,12356297.75,0.0,153720296.22,42.0,1,25.0
51,51,127,2026-08-27,17281481.01,9,629042.91,0.0,0.0,0.0,1,33.33
52,52,131,2026-08-27,717856047.46,11,57746867.13,515689695.55,0.0,36.0,1,0.0
53,53,132,2026-08-27,228975247.16,7,1007570.82,160123111.83,104700939.79,12.0,0,0.0
54,54,134,2026-08-27,18063090.93,4,467074.2,0.0,10735231.4,21.0,2,0.0
55,55,136,2026-08-27,54673848.09,5,0.0,36363386.61,0.0,6.0,3,0.0
56,56,139,2026-08-27,50318361.07,13,7383594.51,37472205.65,61688230.34,40.0,0,50.0
57,57,144,2026-08-27,713465555.48,5,0.0,201277016.19,0.0,0.0,1,75.0
58,58,148,2026-08-27,112189857.41,17,3324979.48,0.0,0.0,100.0,1,33.33
59,59,149,2026-08-27,2153759511.62,16,219267588.94,1693397216.03,469411067.36,38.0,4,0.0
60,60,151,2026-08-27,1875979851.16,21,211334942.64,1347281224.93,0.0,0.0,1,25.0
61,61,155,2026-08-27,28551430.29,1,328649.47,0.0,0.0,34.0,2,0.0
62,62,159,2026-08-27,24289287.38,16,1887851.43,0.0,0.0,100.0,0,0.0
63,63,160,2026-08-27,15693996.34,31,1568627.34,0.0,0.0,100.0,3,0.0
64,64,166,2026-08-27,11659336.82,7,864496.8,0.0,0.0,36.0,0,25.0
65,65,167,2026-08-27,154679351.54,18,20552059.91,0.0,0.0,100.0,0,0.0
66,66,168,2026-08-27,0.0,24,3243908.45,0.0,0.0,95.0,1,0.0
67,67,169,2026-08-27,277854283.89,27,30380590.61,214653645.14,0.0,86.0,0,50.0
68,68,171,2026-08-27,31576078.34,19,3483109.78,0.0,104755261.64,49.0,1,0.0
69,69,174,2026-08-27,161516551.62,17,30997694.82,0.0,0.0,0.0,0,0.0
70,70,180,2026-08-27,2289562068.36,16,31408983.89,2033760512.9,0.0,34.0,0,33.33
71,71,182,2026-08-27,15242335.92,16,4488864.98,0.0,0.0,28.0,1,0.0
72,72,185,2026-08-27,343351181.0,16,24311609.17,251667928.11,264202294.17,0.0,0,0.0
73,73,187,2026-08-27,12716702.73,16,11175749.25,0.0,0.0,0.0,0,33.33
74,74,189,2026-08-27,213047436.38,15,8642524.64,151523847.2,132215039.81,0.0,1,0.0
75,75,192,2026-08-27,229741419.28,19,27314389.55,160633048.81,604987665.59,50.0,1,0.0
76,76,193,2026-08-27,9420864.23,20,8310614.72,0.0,0.0,39.0,0,0.0
77,77,194,2026-08-27,54082838.36,11,1468843.26,40248866.98,0.0,38.0,4,100.0
78,78,195,2026-08-27,8179821.03,4,425603.94,0.0,41850332.98,0.0,0,50.0
79,79,201,2026-08-27,16077772.18,11,521060.58,0.0,3693826.0,100.0,3,0.0
80,80,203,2026-08-27,771215230.72,14,7183141.85,611041805.88,0.0,14.0,3,0.0
81,81,205,2026-08-27,13165352.92,2,211996.37,0.0,0.0,5.0,1,0.0
82,82,208,2026-08-27,1037183843.32,13,25542873.72,752489210.44,0.0,53.0,0,33.33
83,83,209,2026-08-27,10715900.57,9,2236311.96,0.0,0.0,14.0,1,0.0
84,84,211,2026-08-27,13559436.73,15,1657064.67,0.0,36204989.99,31.0,0,100.0
85,85,214,2026-08-27,194728386.63,16,5260291.57,127613076.32,0.0,43.0,2,0.0
86,86,216,2026-08-27,271794439.54,13,106970911.64,0.0,21979987.8,56.0,0,33.33
87,87,218,2026-08-27,99768818.63,4,410021.64,74569437.52,0.0,16.0,2,0.0
88,88,220,2026-08-27,64084171.61,16,13200413.95,0.0,0.0,100.0,1,0.0
89,89,223,2026-08-27,64816500.0,15,1936880.82,0.0,0.0,31.0,0,33.33
90,90,225,2026-08-27,11298522.31,22,5653107.44,0.0,0.0,100.0,1,33.33
91,91,228,2026-08-27,19764416.38,21,10334865.68,0.0,227970.85,0.0,2,33.33
92,92,230,2026-08-27,9801492.13,3,187584.58,0.0,0.0,0.0,3,0.0
93,93,232,2026-08-27,535424355.72,15,32541113.68,426387656.29999995,133768745.63,56.0,1,50.0
94,94,233,2026-08-27,639467065.7,11,15716960.3,492262339.31,0.0,46.0,1,0.0
95,95,234,2026-08-27,54269675.1,15,2556739.18,0.0,332030997.37,34.0,2,50.0
96,96,236,2026-08-27,96324764.05,35,18671876.8,28190990.51,0.0,100.0,0,0.0
97,97,237,2026-08-27,407500288.42,16,22754042.29,315630007.31,695796841.68,38.0,1,66.67
98,98,241,2026-08-27,3919906823.27,13,66376996.76,2156470648.1,250269763.57,36.0,3,0.0
99,99,242,2026-08-27,203875186.13,16,27337690.84,69894110.47,0.0,0.0,3,50.0
100,100,244,2026-08-27,207741298.03,14,34799050.43,0.0,287615750.0,38.0,2,100.0
101,101,245,2026-08-27,170094980.18,11,758955.06,148182309.8,0.0,0.0,2,0.0
102,102,246,2026-08-27,22438131.13,6,1764965.12,16511799.55,28191004.54,15.0,1,0.0
103,103,249,2026-08-27,36038762.92,19,6107959.69,0.0,0.0,40.0,0,50.0
104,104,254,2026-08-27,215789258.01,8,12859396.7,133164993.51,22569659.47,23.0,0,0.0
105,105,255,2026-08-27,207824982.66,13,15109329.14,0.0,210156064.3,29.0,0,0.0
106,106,257,2026-08-27,9595451.2,3,503386.22,0.0,0.0,24.0,2,0.0
107,107,259,2026-08-27,406036624.55,15,8032394.35,216293877.0,0.0,0.0,3,0.0
108,108,260,2026-08-27,5797758.84,9,1097417.88,0.0,52407329.87,28.0,0,100.0
109,109,261,2026-08-27,3048607138.73,19,70041978.39,2650155836.04,3208043942.55,32.0,0,0.0
110,110,264,2026-08-27,95867171.72,10,8432345.71,0.0,125331649.29,20.0,0,0.0
111,111,265,2026-08-27,43194663.95,11,454858.57,0.0,39251961.78,61.0,1,50.0
112,112,268,2026-08-27,14346037.35,19,11646817.35,0.0,0.0,47.0,1,25.0
113,113,272,2026-08-27,39296969.63,16,14930167.02,0.0,63244784.66,32.0,0,0.0
114,114,274,2026-08-27,114889971.81,21,27296699.27,0.0,0.0,100.0,1,0.0
115,115,276,2026-08-27,13245677.33,17,5068485.95,0.0,34865367.82,53.0,2,50.0
116,116,278,2026-08-27,38095994.36,11,17179758.52,0.0,0.0,33.0,1,0.0
117,117,282,2026-08-27,11050896.61,5,978252.11,0.0,0.0,16.0,3,33.33
118,118,286,2026-08-27,27163487.19,2,1323552.68,0.0,0.0,28.0,2,0.0
119,119,287,2026-08-27,62389346.89,7,3787306.53,0.0,0.0,33.0,0,0.0
120,120,290,2026-08-27,318277902.84,17,12296198.73,278317275.07,0.0,97.0,3,0.0
121,121,292,2026-08-27,39673040.25,15,7396583.09,0.0,0.0,100.0,0,0.0
122,122,296,2026-08-27,9477141.9,3,0.0,0.0,21746237.54,22.0,3,25.0
123,123,299,2026-08-27,722842919.49,18,41712834.52,237824706.27,336735847.04,0.0,0,0.0
124,124,303,2026-08-27,2521624516.84,14,117585305.09,2008955168.5,0.0,48.0,0,0.0
125,125,306,2026-08-27,1098629248.03,19,793701025.41,0.0,1284497215.96,0.0,0,0.0
126,126,308,2026-08-27,10842958.7,14,3366124.11,0.0,0.0,100.0,0,0.0
127,127,312,2026-08-27,190090178.58,6,1374263.92,112597914.25999999,0.0,0.0,0,66.67
128,128,314,2026-08-27,16964989.05,20,2555263.92,0.0,0.0,45.0,0,100.0
129,129,315,2026-08-27,540021431.48,19,10714542.79,275175191.73,0.0,48.0,0,0.0
130,130,316,2026-08-27,230919518.95,19,3133870.0,197214825.11,87213099.99,100.0,1,100.0
131,131,319,2026-08-27,235388927.25,23,6597492.17,202509410.47,0.0,44.0,1,66.67
132,132,321,2026-08-27,10464798.51,14,259249.05,0.0,0.0,0.0,0,0.0
133,133,326,2026-08-27,20206664.71,20,3774207.32,0.0,0.0,100.0,1,50.0
134,134,327,2026-08-27,1879588953.91,8,32941439.87,775867587.92,0.0,30.0,2,0.0
135,135,329,2026-08-27,153376450.34,21,112254922.21,0.0,0.0,100.0,2,0.0
136,136,332,2026-08-27,6570866523.21,21,438384619.32,5419390174.620001,0.0,41.0,2,0.0
137,137,333,2026-08-27,12436776.86,13,5054741.6,0.0,5525893.75,9.0,2,0.0
138,138,337,2026-08-27,24757815.6,19,2756270.62,0.0,0.0,100.0,1,0.0
139,139,340,2026-08-27,11300806.87,16,2376900.7,0.0,0.0,14.0,1,66.67
140,140,341,2026-08-27,35998198.4,23,28834421.44,0.0,388429173.97,52.0,0,100.0
141,141,342,2026-08-27,34417802.78,14,4633788.38,0.0,0.0,100.0,1,0.0
142,142,347,2026-08-27,55246025.83,28,15714673.63,0.0,0.0,100.0,0,25.0
143,143,350,2026-08-27,36227446.65,10,973766.79,0.0,0.0,32.0,0,0.0
144,144,352,2026-08-27,90644276.52,29,24037219.88,0.0,0.0,83.0,0,0.0
145,145,355,2026-08-27,36150901.72,33,8547055.31,8594548.86,0.0,100.0,0,33.33
146,146,358,2026-08-27,44364634.19,8,9063859.66,0.0,361573382.86,55.0,3,66.67
147,147,361,2026-08-27,80026288.59,15,9798216.05,39638784.54,0.0,42.0,0,100.0
148,148,362,2026-08-27,55007855.95,17,7875594.14,0.0,12824691.78,100.0,0,0.0
149,149,365,2026-08-27,156237343.52,8,3433061.37,105068208.77000001,0.0,35.0,0,100.0
150,150,371,2026-08-27,520457053.11,12,33392180.8,0.0,0.0,39.0,0,0.0
151,151,372,2026-08-27,18126317.25,7,3084551.5,0.0,0.0,25.0,0,0.0
152,152,373,2026-08-27,37271378.55,3,50072.68,6172884.94,18907076.08,23.0,0,25.0
153,153,377,2026-08-27,30169110.19,13,4627248.12,0.0,0.0,33.0,1,50.0
154,154,379,2026-08-27,24490316.72,22,2716449.35,0.0,0.0,100.0,1,0.0
155,155,382,2026-08-27,1191813321.14,19,157685388.54,598407342.95,0.0,0.0,0,0.0
156,156,384,2026-08-27,5979511.27,3,0.0,0.0,0.0,32.0,1,25.0
157,157,390,2026-08-27,7657665.4,12,681319.88,0.0,0.0,42.0,0,25.0
158,158,393,2026-08-27,16579463.92,6,611110.51,0.0,0.0,7.0,2,0.0
159,159,396,2026-08-27,4626868.45,5,2165904.7,0.0,0.0,10.0,2,66.67
160,160,398,2026-08-27,80567285.54,11,2021701.29,63240539.64,0.0,19.0,1,0.0
161,161,402,2026-08-27,165232533.88,27,87397367.91,0.0,0.0,47.0,1,25.0
162,162,405,2026-08-27,59948875.38,12,3283530.01,0.0,0.0,53.0,0,0.0
163,163,407,2026-08-27,14115255.12,19,6516876.87,0.0,0.0,40.0,1,25.0
164,164,410,2026-08-27,724422523.85,22,9196881.01,314589013.43,0.0,0.0,1,25.0
165,165,414,2026-08-27,38891998.16,16,14099258.1,0.0,0.0,100.0,0,0.0
166,166,417,2026-08-27,2438851549.66,13,17482105.86,2282508383.69,0.0,44.0,2,100.0
167,167,419,2026-08-27,19162595.66,18,2114468.21,0.0,75629751.73,18.0,1,25.0
168,168,424,2026-08-27,107351199.7,15,8842181.73,0.0,671035304.53,33.0,1,25.0
169,169,427,2026-08-27,798351400.57,8,7556159.73,565113691.37,0.0,33.0,1,100.0
170,170,428,2026-08-27,18616550.06,12,1447295.52,0.0,0.0,45.0,0,0.0
171,171,429,2026-08-27,39987904.48,12,4178114.59,0.0,0.0,39.0,2,100.0
172,172,430,2026-08-27,25193567.84,16,10582006.29,0.0,29842109.49,100.0,1,0.0
173,173,434,2026-08-27,44710207.78,23,25371165.71,0.0,0.0,0.0,0,25.0
174,174,435,2026-08-27,33800013.6,7,2133867.7,18127035.99,0.0,40.0,1,0.0
175,175,437,2026-08-27,57926988.54,17,1845679.34,39648066.92,29290683.7,45.0,2,100.0
176,176,438,2026-08-27,448967236.6,13,56610363.18,60966221.73,231266405.39,24.0,2,50.0
177,177,440,2026-08-27,574208086.56,16,25168030.76,455821368.79,0.0,33.0,0,0.0
178,178,441,2026-08-27,77341240.66,10,2011836.61,56991372.36,522424.47,31.0,1,100.0
179,179,442,2026-08-27,20720373.82,13,8567879.81,0.0,0.0,53.0,0,0.0
180,180,443,2026-08-27,6609288.27,4,0.0,0.0,23200274.59,13.0,1,0.0
181,181,445,2026-08-27,45069799.11,18,45510719.45,0.0,0.0,0.0,0,50.0
182,182,446,2026-08-27,7879918.87,15,2579054.9,0.0,0.0,0.0,1,100.0
183,183,447,2026-08-27,20533936.41,24,2250117.9,0.0,0.0,100.0,0,0.0
184,184,450,2026-08-27,747638248.84,12,31544405.54,501996900.64,0.0,0.0,2,100.0
185,185,452,2026-08-27,10154484.52,4,520522.78,0.0,0.0,35.0,2,0.0
186,186,453,2026-08-27,59427799.3,1,0.0,0.0,0.0,14.0,2,0.0
187,187,455,2026-08-27,277156513.82,11,7569083.12,277156513.82,0.0,38.0,0,0.0
188,188,459,2026-08-27,3718440061.75,17,62780989.62,3302705784.98,0.0,52.0,3,33.33
189,189,460,2026-08-27,100499849.7,5,580340.4,0.0,0.0,0.0,0,0.0
190,190,464,2026-08-27,117675612.23,25,8352687.59,84422468.55,44551170.59,42.0,1,75.0
191,191,468,2026-08-27,64495510.6,9,1611920.26,49777772.61,27688353.53,15.0,1,50.0
192,192,469,2026-08-27,47076702.4,19,12083775.78,0.0,0.0,54.0,1,0.0
193,193,473,2026-08-27,249407397.64,21,140790008.89,123867504.78,233246864.34,34.0,1,33.33
194,194,475,2026-08-27,40112964.48,8,3343277.55,0.0,161884299.93,0.0,2,0.0
195,195,479,2026-08-27,48958209.81,12,16553980.21,0.0,0.0,54.0,0,33.33
196,196,480,2026-08-27,54210422.58,16,18088394.02,0.0,0.0,37.0,2,0.0
197,197,481,2026-08-27,43585951.89,22,9426091.05,29799132.7,52721011.8,94.0,0,0.0
198,198,482,2026-08-27,9489779.17,13,582815.48,0.0,346568.76,15.0,0,0.0
199,199,486,2026-08-27,129791218.45,18,2099221.47,108731368.66,0.0,41.0,0,0.0
200,200,490,2026-08-27,626179567.36,18,31620221.21,365812269.08,0.0,0.0,1,75.0
201,201,491,2026-08-27,11594344.38,13,1398895.36,0.0,27201311.48,32.0,1,0.0
202,202,493,2026-08-27,52625413.12,12,935374.99,41481835.87,0.0,53.0,0,0.0
203,203,494,2026-08-27,17046325.32,21,9936111.27,8684626.65,0.0,100.0,1,0.0
204,204,496,2026-08-27,33652363.43,13,5069340.66,20927632.13,7687875.79,43.0,1,50.0
205,205,497,2026-08-27,534898715.31,15,52295268.68,299598977.22,0.0,0.0,0,0.0
206,206,500,2026-08-27,16297296.07,20,1606623.94,0.0,0.0,45.0,0,66.67
207,207,503,2026-08-27,1968102123.29,18,123741948.78,1685703214.7,119584418.78,52.0,0,0.0
208,208,505,2026-08-27,121172102.31,4,9740273.46,0.0,0.0,25.0,0,0.0
209,209,509,2026-08-27,319444569.12,17,50286072.83,0.0,0.0,46.0,2,33.33
210,210,510,2026-08-27,7828266.66,25,4121433.7,0.0,0.0,100.0,0,33.33
211,211,514,2026-08-27,3287348.75,4,329131.74,0.0,35058282.78,0.0,1,0.0
212,212,515,2026-08-27,8978009.8,31,7184375.98,0.0,39621141.32,84.0,0,50.0
213,213,517,2026-08-27,165708992.98,17,13925839.5,119384058.32,0.0,26.0,2,100.0
214,214,519,2026-08-27,64169468.76,9,5436109.73,41222787.72,194078528.49,27.0,0,0.0
215,215,520,2026-08-27,8104856.04,3,668521.51,0.0,0.0,25.0,1,0.0
216,216,521,2026-08-27,9548623.4,8,2118325.69,0.0,0.0,0.0,1,0.0
217,217,522,2026-08-27,474449183.54,19,22638063.69,256399101.03,259675508.75,52.0,1,0.0
218,218,523,2026-08-27,273719612.35,14,21327623.85,0.0,611393563.31,0.0,0,66.67
219,219,527,2026-08-27,10606348.83,6,2369618.07,0.0,0.0,48.0,0,0.0
220,220,530,2026-08-27,439244275.79,10,8609574.9,360022520.29,0.0,0.0,1,33.33
221,221,534,2026-08-27,41744211.26,20,67308.33,0.0,0.0,34.0,0,66.67
222,222,535,2026-08-27,38223627.08,19,9722340.07,0.0,0.0,100.0,0,0.0
223,223,539,2026-08-27,10874164.06,3,170220.31,0.0,0.0,0.0,1,33.33
224,224,541,2026-08-27,23573361.63,13,0.0,0.0,0.0,0.0,0,50.0
225,225,542,2026-08-27,21335164.54,18,1353279.72,0.0,0.0,47.0,1,50.0
226,226,544,2026-08-27,0.0,10,2356226.46,0.0,0.0,43.0,0,0.0
227,227,548,2026-08-27,1196229836.4,19,28977731.09,733710290.76,0.0,0.0,0,66.67
228,228,550,2026-08-27,13761337.4,23,3830221.79,0.0,53209131.58,92.0,0,66.67
229,229,554,2026-08-27,72012543.74,28,6061391.36,39601579.78,0.0,100.0,4,25.0
230,230,557,2026-08-27,257404280.23,15,70929162.85,131103272.2,0.0,31.0,3,33.33
231,231,560,2026-08-27,53243395.87,16,4322315.34,0.0,54694027.54,45.0,3,50.0
232,232,563,2026-08-27,63549674.29,12,13146527.01,0.0,0.0,27.0,2,25.0
233,233,565,2026-08-27,18554006.1,14,2520764.88,0.0,0.0,37.0,0,0.0
234,234,567,2026-08-27,12149449.61,35,13785057.76,0.0,0.0,100.0,1,0.0
235,235,568,2026-08-27,50749658.8,11,5126441.24,0.0,0.0,0.0,0,33.33
236,236,574,2026-08-27,68251759.14,11,7399193.14,0.0,0.0,54.0,2,25.0
237,237,577,2026-08-27,16299458.41,14,491675.93,0.0,0.0,100.0,2,0.0
238,238,579,2026-08-27,13708473.56,11,3240505.29,0.0,0.0,41.0,0,0.0
239,239,581,2026-08-27,671392018.83,20,44743771.56,0.0,0.0,57.0,0,0.0
240,240,583,2026-08-27,2139204237.73,17,184085324.86,1576481965.7,0.0,65.0,2,100.0
241,241,584,2026-08-27,29355637.97,6,1971116.0,17993587.0,0.0,26.0,0,0.0
242,242,586,2026-08-27,7330888.85,4,1004190.05,0.0,0.0,28.0,0,0.0
243,243,588,2026-08-27,20567149.47,21,1014497.17,13768168.11,27920153.23,52.0,2,50.0
244,244,591,2026-08-27,53070358.55,23,4249932.51,22073441.41,0.0,100.0,1,0.0
245,245,593,2026-08-27,219464362.7,20,6772958.64,185186652.16,0.0,100.0,2,0.0
246,246,596,2026-08-27,42414790.63,11,41541528.21,0.0,147523297.47,40.0,0,25.0
247,247,599,2026-08-27,17063725.74,21,12904903.13,0.0,0.0,89.0,2,50.0
248,248,601,2026-08-27,62738237.48,21,21570386.07,0.0,0.0,32.0,1,66.67
249,249,604,2026-08-27,545224070.35,15,4105565.1,446684328.91,0.0,22.0,1,33.33
250,250,607,2026-08-27,93210522.65,13,8713382.21,0.0,0.0,38.0,1,100.0
251,251,609,2026-08-27,9898838.23,7,565220.15,0.0,0.0,7.0,2,0.0
252,252,610,2026-08-27,6971831.28,5,3904279.06,0.0,0.0,31.0,0,33.33
253,253,613,2026-08-27,504487513.46,18,10444213.72,286284227.07,224152542.47,55.0,0,50.0
254,254,615,2026-08-27,74014249.18,15,8461423.35,0.0,0.0,48.0,0,50.0
255,255,622,2026-08-27,56688480.57,14,11875781.29,0.0,23685244.11,31.0,0,25.0
256,256,625,2026-08-27,89419819.81,1,0.0,0.0,2704223.84,0.0,1,0.0
257,257,627,2026-08-27,22788101.9,18,34509635.55,0.0,0.0,37.0,2,0.0
258,258,629,2026-08-27,1013888996.22,21,25689239.49,288575675.22,0.0,0.0,1,50.0
259,259,630,2026-08-27,1641983874.72,11,8588567.09,1422134673.4299998,327644658.24,55.0,0,100.0
260,260,631,2026-08-27,22720901.71,26,2485029.99,0.0,12817303.11,100.0,0,0.0
261,261,634,2026-08-27,39829358.26,14,12746454.04,0.0,0.0,37.0,0,50.0
262,262,637,2026-08-27,21725233.25,13,6617574.78,0.0,88647540.75,58.0,0,0.0
263,263,639,2026-08-27,975117225.56,14,16792281.08,599869746.5699999,0.0,0.0,0,100.0
264,264,640,2026-08-27,45979582.49,16,29253684.01,0.0,0.0,34.0,2,33.33
265,265,644,2026-08-27,0.0,11,246749.69,0.0,0.0,14.0,0,0.0
266,266,647,2026-08-27,9953593.02,18,2523097.65,0.0,0.0,56.0,0,66.67
267,267,648,2026-08-27,88895559.59,13,2074939.4,63301947.09,0.0,37.0,1,100.0
268,268,651,2026-08-27,145118304.21,21,9403578.8,64634510.98,0.0,46.0,0,0.0
269,269,652,2026-08-27,99374329.31,15,21599734.25,0.0,0.0,52.0,5,0.0
270,270,653,2026-08-27,976334744.18,16,93449059.2,850083741.72,0.0,0.0,3,0.0
271,271,656,2026-08-27,925216158.16,17,16842897.09,815910954.99,0.0,30.0,1,0.0
272,272,660,2026-08-27,47389669.1,20,40857498.54,0.0,0.0,25.0,0,50.0
273,273,664,2026-08-27,519673101.23,13,48675875.17,439239025.61,0.0,55.0,0,25.0
274,274,665,2026-08-27,1020783711.13,23,188147488.43,856136480.21,0.0,94.0,0,0.0
275,275,667,2026-08-27,34681368.38,5,421571.01,29484703.56,0.0,0.0,1,0.0
276,276,672,2026-08-27,593299339.26,8,32006648.56,153740378.5,0.0,44.0,1,66.67
277,277,673,2026-08-27,944614984.62,13,26272553.28,486127600.63,0.0,30.0,1,50.0
278,278,675,2026-08-27,96917323.45,23,65002180.72,0.0,0.0,100.0,0,0.0
279,279,676,2026-08-27,11007391.2,12,3913093.39,0.0,0.0,0.0,1,0.0
280,280,678,2026-08-27,128589614.92,10,6000567.3,0.0,0.0,0.0,1,33.33
281,281,682,2026-08-27,98553631.42,23,26933101.22,0.0,0.0,0.0,1,33.33
282,282,684,2026-08-27,10218894.53,11,5899814.45,0.0,0.0,0.0,0,0.0
283,283,685,2026-08-27,74780136.0,10,5500268.81,0.0,279888885.18,0.0,1,100.0
284,284,687,2026-08-27,17350783.28,13,3288251.77,0.0,33488724.98,30.0,0,0.0
285,285,690,2026-08-27,31583940.45,30,7393993.96,0.0,950985.38,95.0,1,25.0
286,286,695,2026-08-27,92976331.22,12,3084466.57,46928420.61,0.0,43.0,0,75.0
287,287,696,2026-08-27,4693405797.26,26,354913811.55,3128665595.84,0.0,47.0,0,33.33
288,288,700,2026-08-27,1049236236.44,15,13262561.23,635592066.32,0.0,0.0,0,33.33
289,289,703,2026-08-27,46575987.24,22,17312323.16,21817823.47,24273984.72,100.0,3,50.0
290,290,706,2026-08-27,5519638822.84,22,134224356.3,3067517803.9,0.0,66.0,1,0.0
291,291,707,2026-08-27,13118638.76,11,2481894.05,0.0,0.0,0.0,0,0.0
292,292,708,2026-08-27,101599071.88,18,28439921.62,0.0,0.0,46.0,0,33.33
293,293,712,2026-08-27,1308634521.68,12,20556284.05,1114351097.15,0.0,0.0,2,0.0
294,294,714,2026-08-27,2117444629.25,24,177477543.27,1415027627.87,0.0,56.0,1,33.33
295,295,717,2026-08-27,115220333.39,9,9977279.93,0.0,0.0,41.0,0,25.0
296,296,723,2026-08-27,85111989.94,23,14354959.84,36266372.31,16846029.6,41.0,3,0.0
297,297,724,2026-08-27,74567880.39,14,15782976.57,0.0,76330329.1,32.0,1,0.0
298,298,727,2026-08-27,17947396.13,18,3465862.24,0.0,12208663.9,41.0,1,0.0
299,299,730,2026-08-27,69302718.76,6,228625.54,36403442.04,0.0,27.0,0,0.0
300,300,732,2026-08-27,7298243.58,5,1209639.39,0.0,66583731.6,0.0,0,0.0
301,301,734,2026-08-27,170227270.96,15,14823911.61,139098308.39,0.0,40.0,1,0.0
302,302,735,2026-08-27,851519132.27,18,193707662.5,399660249.33,0.0,0.0,2,50.0
303,303,739,2026-08-27,68652284.96,25,49944730.35,0.0,0.0,93.0,2,0.0
304,304,743,2026-08-27,6597533.71,24,4706590.38,0.0,0.0,100.0,1,50.0
305,305,747,2026-08-27,30877859.48,7,351603.03,0.0,0.0,24.0,1,0.0
306,306,750,2026-08-27,34223936.7,32,19347689.98,0.0,0.0,100.0,1,0.0
307,307,752,2026-08-27,69639406.86,7,2105698.31,0.0,0.0,43.0,1,75.0
308,308,755,2026-08-27,20037250.36,31,2105029.52,0.0,15306965.5,100.0,1,33.33
309,309,759,2026-08-27,5983358.04,23,3687503.11,0.0,907953.24,0.0,0,50.0
310,310,762,2026-08-27,236425397.51,24,48892341.59,0.0,68924234.83,51.0,2,0.0
311,311,763,2026-08-27,21192208.9,23,1521857.42,0.0,79139616.11,100.0,2,0.0
312,312,764,2026-08-27,376257846.36,9,11687974.47,260079768.9,0.0,0.0,2,33.33
313,313,767,2026-08-27,8065110.72,15,1204404.23,0.0,0.0,0.0,0,0.0
314,314,768,2026-08-27,732449328.12,11,17686046.39,457217116.73,0.0,31.0,0,0.0
315,315,771,2026-08-27,550143688.85,8,7808180.78,550143688.85,0.0,39.0,2,25.0
316,316,773,2026-08-27,171482519.42,12,7753407.35,0.0,0.0,0.0,0,25.0
317,317,780,2026-08-27,177406533.87,13,32712977.13,0.0,0.0,0.0,0,50.0
318,318,781,2026-08-27,231424934.4,3,1512989.8,175611063.84,0.0,6.0,1,0.0
319,319,783,2026-08-27,18224463.04,14,1679068.2,0.0,0.0,0.0,1,0.0
320,320,785,2026-08-27,9662811.07,8,391851.96,0.0,37722213.18,33.0,2,0.0
321,321,786,2026-08-27,35327073.69,14,4056555.1,0.0,45676132.08,37.0,0,25.0
322,322,790,2026-08-27,209670586.64,23,13669020.72,173520513.31,0.0,100.0,0,25.0
323,323,795,2026-08-27,26297458.03,9,1915107.74,0.0,26891997.39,24.0,1,75.0
324,324,798,2026-08-27,10143309.04,20,5803530.59,0.0,96886134.93,84.0,1,0.0
325,325,800,2026-08-27,80582337.29,9,382451.07,75094081.74,0.0,41.0,0,0.0
326,326,801,2026-08-27,8153947.13,3,573011.9,0.0,5510978.68,0.0,2,0.0
327,327,805,2026-08-27,43189823.95,13,7984316.4,0.0,0.0,11.0,2,33.33
328,328,807,2026-08-27,195258106.89,18,12061780.72,148432634.58,110309412.57,100.0,3,0.0
329,329,812,2026-08-27,54301693.48,31,20104050.18,24731568.77,0.0,100.0,1,0.0
330,330,814,2026-08-27,4316618.7,16,1633506.87,0.0,45440081.59,39.0,1,0.0
331,331,815,2026-08-27,11996849.36,3,0.0,0.0,102741720.67,0.0,2,0.0
332,332,819,2026-08-27,16322243.34,15,5443978.27,0.0,202327369.11,42.0,3,25.0
333,333,821,2026-08-27,15082518.86,5,381068.75,0.0,0.0,18.0,3,0.0
334,334,823,2026-08-27,69206684.64,11,1255714.08,47920561.9,38787451.87,0.0,0,0.0
335,335,826,2026-08-27,662386224.08,19,34756608.72,411620541.09,1170953172.6,52.0,0,50.0
336,336,829,2026-08-27,61608056.49,24,64623003.57,0.0,0.0,100.0,2,0.0
337,337,831,2026-08-27,2965918022.77,20,256189383.94,2388031417.02,0.0,44.0,0,0.0
338,338,833,2026-08-27,37161236.39,4,109214.12,0.0,55461416.41,4.0,3,0.0
339,339,837,2026-08-27,241572350.07,14,13954974.04,174330971.82,324538960.96,0.0,1,25.0
340,340,838,2026-08-27,11651625.39,14,7768515.42,0.0,0.0,37.0,0,50.0
341,341,843,2026-08-27,232903344.0,18,58153889.59,0.0,0.0,65.0,1,50.0
342,342,844,2026-08-27,12176263.32,17,2117573.64,0.0,23535481.02,20.0,2,50.0
343,343,846,2026-08-27,121682084.59,12,24085008.28,0.0,0.0,0.0,0,0.0
344,344,850,2026-08-27,28477798.41,27,9604944.26,0.0,0.0,97.0,0,0.0
345,345,851,2026-08-27,6580340.88,14,6058034.16,0.0,0.0,18.0,2,0.0
346,346,854,2026-08-27,44764349.58,11,4691926.38,33720637.22,0.0,12.0,1,33.33
347,347,855,2026-08-27,73713108.34,9,10061905.58,0.0,0.0,3.0,0,0.0
348,348,857,2026-08-27,28089693.17,18,6872492.17,0.0,0.0,44.0,1,50.0
349,349,859,2026-08-27,81579342.08,26,26056044.46,0.0,29925928.98,92.0,1,25.0
350,350,863,2026-08-27,436763792.73,19,158937053.51,275532753.85,0.0,78.0,3,25.0
351,351,866,2026-08-27,58949490.09,38,20221481.56,0.0,0.0,100.0,1,0.0
352,352,871,2026-08-27,83617636.32,14,12441243.26,54746176.74,0.0,49.0,0,50.0
353,353,873,2026-08-27,111747304.25,28,7911686.01,0.0,0.0,100.0,1,0.0
354,354,875,2026-08-27,40929505.8,20,2900565.18,0.0,172759276.13,100.0,1,0.0
355,355,880,2026-08-27,309655229.72,14,17473660.19,265731816.08,0.0,100.0,1,0.0
356,356,882,2026-08-27,90179969.51,18,2794854.12,0.0,0.0,84.0,0,50.0
357,357,883,2026-08-27,37950359.23,13,3838188.85,0.0,0.0,16.0,0,0.0
358,358,885,2026-08-27,85391602.59,13,2833713.63,69993246.2,7778225.45,0.0,0,0.0
359,359,887,2026-08-27,21408524.22,18,1988687.18,0.0,0.0,100.0,1,33.33
360,360,889,2026-08-27,228169381.69,23,23148465.69,0.0,0.0,93.0,1,50.0
361,361,891,2026-08-27,0.0,17,14444186.29,0.0,243454859.66,53.0,1,0.0
362,362,893,2026-08-27,254083363.08,28,58624051.44,0.0,510013961.2,54.0,1,0.0
363,363,896,2026-08-27,874888604.62,32,185880254.79,0.0,0.0,22.0,2,100.0
364,364,897,2026-08-27,143941856.96,16,21735147.3,0.0,88766257.33,60.0,3,33.33
365,365,900,2026-08-27,285450552.25,3,764882.82,259088270.75,0.0,0.0,1,0.0
366,366,903,2026-08-27,272092316.9,14,8428523.73,238107882.33999997,0.0,0.0,1,25.0
367,367,906,2026-08-27,13181060.74,15,4734948.06,0.0,0.0,47.0,1,0.0
368,368,908,2026-08-27,34981929.64,1,1018164.56,11037901.95,0.0,29.0,2,0.0
369,369,912,2026-08-27,62551471.88,9,3745624.45,0.0,0.0,41.0,2,0.0
370,370,914,2026-08-27,66958803.08,12,1373440.77,59660753.37,128954305.11,33.0,0,0.0
371,371,917,2026-08-27,31383796.27,11,3161282.74,0.0,0.0,28.0,1,0.0
372,372,920,2026-08-27,61273071.54,11,10990290.71,0.0,0.0,41.0,3,66.67
373,373,922,2026-08-27,124428580.77,14,3987311.11,96358104.85,0.0,52.0,0,0.0
374,374,925,2026-08-27,959601083.89,13,40098881.5,285436735.53,0.0,19.0,0,0.0
375,375,926,2026-08-27,29430489.75,11,9845625.16,0.0,0.0,0.0,0,100.0
376,376,928,2026-08-27,82140281.2,19,8598045.96,0.0,0.0,0.0,1,0.0
377,377,929,2026-08-27,0.0,9,3588580.92,0.0,0.0,0.0,0,0.0
378,378,933,2026-08-27,818354050.91,10,42435230.19,0.0,0.0,49.0,0,33.33
379,379,936,2026-08-27,376302381.91,14,5441228.88,227505194.54,0.0,48.0,0,66.67
380,380,939,2026-08-27,0.0,4,1660546.47,0.0,0.0,0.0,1,50.0
381,381,942,2026-08-27,78783353.22,25,2338876.73,63027587.7,27451855.31,100.0,1,50.0
382,382,946,2026-08-27,65707841.46,11,10282873.47,0.0,0.0,0.0,1,25.0
383,383,949,2026-08-27,130795353.53,11,29300142.95,96631793.55,0.0,24.0,1,25.0
384,384,951,2026-08-27,8119517.28,20,4672758.36,0.0,0.0,100.0,0,0.0
385,385,953,2026-08-27,140606850.72,8,11113481.64,0.0,0.0,46.0,0,0.0
386,386,955,2026-08-27,485746023.81,10,11969059.37,392418050.98,0.0,25.0,1,0.0
387,387,957,2026-08-27,15834414.4,4,848066.82,0.0,0.0,0.0,1,0.0
388,388,961,2026-08-27,29804878.97,13,3046066.01,0.0,0.0,39.0,0,33.33
389,389,962,2026-08-27,628330036.71,23,31888039.8,445061340.62,0.0,51.0,0,25.0
390,390,967,2026-08-27,37383621.72,12,6711311.9,0.0,77376641.68,0.0,0,0.0
391,391,968,2026-08-27,31101796.76,15,4693282.24,0.0,0.0,100.0,0,0.0
392,392,971,2026-08-27,1497600951.3,23,27869634.16,1259036575.11,0.0,0.0,1,0.0
393,393,973,2026-08-27,72160428.96,16,9292241.93,0.0,99716693.5,95.0,0,0.0
394,394,975,2026-08-27,20984307.59,9,5460118.79,0.0,57084340.18,0.0,0,0.0
395,395,976,2026-08-27,683433429.05,14,87682100.26,0.0,0.0,59.0,1,0.0
396,396,980,2026-08-27,525966300.83,13,15462724.8,206565434.65,0.0,0.0,0,75.0
397,397,981,2026-08-27,11464532.8,13,1074840.15,0.0,0.0,0.0,1,0.0
398,398,982,2026-08-27,13160652.12,19,2636228.17,0.0,0.0,29.0,1,100.0
399,399,983,2026-08-27,871547457.49,21,88651833.47,405776907.7,0.0,31.0,1,50.0
400,400,988,2026-08-27,1092062183.07,15,7840695.49,970294939.54,0.0,56.0,0,33.33
401,401,991,2026-08-27,22259740.18,20,15015758.78,0.0,0.0,52.0,4,50.0
402,402,992,2026-08-27,19440604.35,13,6065523.97,0.0,0.0,34.0,0,0.0
403,403,995,2026-08-27,28020119.21,15,6834318.93,21529351.31,0.0,21.0,0,0.0
404,404,996,2026-08-27,1434160589.9,13,8802926.34,954727585.15,289260876.04,38.0,3,100.0
405,405,999,2026-08-27,111339123.53,8,2263547.3,87442071.54,0.0,0.0,0,0.0
406,406,1002,2026-08-27,93335467.53,8,3267603.78,0.0,0.0,40.0,0,33.33
407,407,1006,2026-08-27,16018450.97,13,4133711.85,0.0,0.0,35.0,0,66.67
408,408,1008,2026-08-27,33586496.42,8,2720654.42,0.0,0.0,24.0,0,50.0
409,409,1010,2026-08-27,450130760.08,18,42772552.61,383219120.82,0.0,43.0,2,0.0
410,410,1012,2026-08-27,298468938.78,14,11806892.69,147619489.39,0.0,31.0,0,50.0
411,411,1014,2026-08-27,14183821.33,8,2024531.32,0.0,30888439.13,0.0,1,0.0
412,412,1017,2026-08-27,22179653.48,2,2366957.56,0.0,0.0,7.0,3,0.0
413,413,1019,2026-08-27,1239338294.18,26,38576328.06,897397727.22,0.0,56.0,0,0.0
414,414,1020,2026-08-27,16930346.39,14,1512338.13,0.0,0.0,26.0,1,0.0
415,415,1021,2026-08-27,3548759824.77,28,125103012.24,3548759824.77,0.0,44.0,2,100.0
416,416,1022,2026-08-27,32077021.54,12,1521373.47,18675677.72,0.0,45.0,0,0.0
417,417,1024,2026-08-27,29043666.16,14,2030432.8,0.0,0.0,0.0,1,50.0
418,418,1025,2026-08-27,62337170.58,10,7671272.13,26996596.86,0.0,46.0,0,25.0
419,419,1029,2026-08-27,14436549.48,16,12608147.97,0.0,0.0,67.0,0,50.0
420,420,1032,2026-08-27,19240754.4,9,2884166.85,0.0,0.0,30.0,1,33.33
421,421,1035,2026-08-27,13910610.49,5,533780.38,0.0,0.0,0.0,1,0.0
422,422,1037,2026-08-27,166375952.15,22,58586311.91,0.0,0.0,38.0,0,50.0
423,423,1039,2026-08-27,0.0,19,119893438.03,0.0,0.0,38.0,2,100.0
424,424,1043,2026-08-27,582262479.91,24,84782665.44,428012158.91,0.0,73.0,2,50.0
425,425,1046,2026-08-27,34818896.53,29,16923529.18,0.0,0.0,100.0,0,50.0
426,426,1049,2026-08-27,59715107.9,14,11577975.65,0.0,0.0,25.0,0,33.33
427,427,1052,2026-08-27,50044654.19,12,20440580.4,0.0,0.0,35.0,1,0.0
428,428,1054,2026-08-27,336469824.25,13,22951301.46,282412672.45,0.0,38.0,0,33.33
429,429,1056,2026-08-27,367624893.98,16,16728243.37,184106923.67,0.0,0.0,2,25.0
430,430,1060,2026-08-27,26413100.91,15,1502281.76,0.0,0.0,36.0,2,25.0
431,431,1064,2026-08-27,57071863.19,11,615917.98,31797388.27,27182964.01,34.0,0,100.0
432,432,1065,2026-08-27,0.0,6,151755.75,0.0,0.0,17.0,0,0.0
433,433,1068,2026-08-27,16924910.07,3,384195.03,0.0,0.0,7.0,2,33.33
434,434,1069,2026-08-27,26833054.51,8,78443.55,17860662.78,37785195.92,51.0,0,0.0
435,435,1070,2026-08-27,5279954707.19,11,136388961.65,3967637140.1,0.0,37.0,2,0.0
436,436,1071,2026-08-27,12836524.32,13,589515.6,0.0,0.0,49.0,2,0.0
437,437,1074,2026-08-27,161392897.48,21,15348471.09,0.0,45652521.35,43.0,1,25.0
438,438,1078,2026-08-27,23616471.59,21,3426722.4,0.0,0.0,100.0,1,0.0
439,439,1080,2026-08-27,20364460.12,5,4951608.18,0.0,16293352.74,22.0,1,0.0
440,440,1084,2026-08-27,15521490.21,19,2308139.61,0.0,0.0,100.0,1,0.0
441,441,1086,2026-08-27,6988894.47,14,712718.89,0.0,0.0,0.0,1,100.0
442,442,1089,2026-08-27,65177120.91,16,4899448.3,0.0,83517843.38,41.0,0,33.33
443,443,1092,2026-08-27,173832725.32,4,4921923.75,137678431.37,0.0,25.0,1,0.0
444,444,1095,2026-08-27,45039022.14,12,14784145.48,0.0,0.0,56.0,1,0.0
445,445,1097,2026-08-27,52074125.7,16,7385789.08,0.0,45474051.25,51.0,0,33.33
446,446,1101,2026-08-27,4429661.3,3,1404137.81,0.0,10400304.65,0.0,0,0.0
447,447,1106,2026-08-27,109427929.18,3,3136192.49,0.0,819745938.59,28.0,0,50.0
448,448,1107,2026-08-27,17726177.61,28,3793776.59,0.0,1793021.1,100.0,0,50.0
449,449,1110,2026-08-27,688980405.08,16,152752868.76,0.0,673691541.91,50.0,1,50.0
450,450,1111,2026-08-27,29795790.24,25,7312451.88,15245425.16,0.0,100.0,0,50.0
451,451,1113,2026-08-27,2594094295.64,20,48179024.46,2492642720.99,479354905.37,55.0,2,50.0
452,452,1117,2026-08-27,102431009.68,10,4374467.04,57315515.77,0.0,0.0,0,0.0
453,453,1119,2026-08-27,29553993.08,2,0.0,0.0,69970859.12,22.0,3,0.0
454,454,1120,2026-08-27,7791036.07,18,3016240.73,0.0,9853383.75,39.0,1,33.33
455,455,1123,2026-08-27,377560249.96,17,14985706.36,235191507.65,0.0,56.0,1,0.0
456,456,1124,2026-08-27,22905760.18,19,16162921.33,0.0,40819526.2,38.0,2,0.0
457,457,1126,2026-08-27,30405263.26,15,8657388.85,10635035.02,0.0,23.0,0,0.0
458,458,1129,2026-08-27,1451478535.37,10,27240880.38,1004845844.0899999,0.0,40.0,1,66.67
459,459,1130,2026-08-27,16629035.36,9,1166710.8,0.0,19180273.95,2.0,1,0.0
460,460,1133,2026-08-27,8767897.41,24,12039621.82,0.0,0.0,100.0,1,0.0
461,461,1134,2026-08-27,88249035.65,15,12621649.96,46268323.94,14516209.65,100.0,2,0.0
462,462,1136,2026-08-27,45543734.79,16,4124643.93,0.0,0.0,43.0,1,0.0
463,463,1139,2026-08-27,59964777.55,14,2494966.48,32393767.56,0.0,25.0,2,33.33
464,464,1142,2026-08-27,0.0,13,18379409.89,0.0,0.0,0.0,0,50.0
465,465,1145,2026-08-27,19617170.73,33,8242327.54,0.0,43937000.21,90.0,1,33.33
466,466,1148,2026-08-27,23827442.26,6,559431.08,7132066.47,0.0,15.0,0,50.0
467,467,1153,2026-08-27,0.0,3,0.0,0.0,0.0,0.0,1,0.0
468,468,1154,2026-08-27,8723087.04,13,1787396.0,0.0,0.0,9.0,1,0.0
469,469,1158,2026-08-27,41491806.38,16,5592382.9,0.0,0.0,42.0,1,75.0
470,470,1163,2026-08-27,82787881.41,27,4545041.26,75361664.54,78746359.53,100.0,0,0.0
471,471,1165,2026-08-27,1736340033.9,10,23137624.7,1097601646.61,0.0,0.0,0,50.0
472,472,1166,2026-08-27,20634817.83,25,3840355.4,15711274.99,0.0,100.0,1,0.0
473,473,1167,2026-08-27,439152879.75,13,2203756.41,268389503.58,0.0,51.0,0,50.0
474,474,1169,2026-08-27,1277905929.34,16,45737778.26,879833275.46,81724430.75,53.0,2,33.33
475,475,1173,2026-08-27,88725773.95,19,7632351.73,0.0,0.0,43.0,0,100.0
476,476,1174,2026-08-27,16391737.18,20,6762062.24,0.0,0.0,0.0,0,50.0
477,477,1176,2026-08-27,358939099.87,10,11595239.71,262871803.11,0.0,40.0,0,33.33
478,478,1181,2026-08-27,243643133.57,25,19606762.96,195861396.58,278672739.04,100.0,1,0.0
479,479,1182,2026-08-27,53777218.72,18,3956654.52,0.0,0.0,98.0,0,0.0
480,480,1183,2026-08-27,202336489.98,13,8687057.46,156974339.35,0.0,28.0,3,0.0
481,481,1184,2026-08-27,435893723.88,10,6598179.82,391376627.17999995,267014537.01,0.0,0,100.0
482,482,1185,2026-08-27,15234615.5,19,2503591.34,0.0,31669238.17,0.0,0,100.0
483,483,1189,2026-08-27,15015429.16,25,8024007.59,0.0,0.0,100.0,0,25.0
484,484,1191,2026-08-27,172802653.75,14,13434543.38,98013043.24,0.0,0.0,0,0.0
485,485,1193,2026-08-27,119329854.95,24,33042623.07,68727616.04,517945155.53,34.0,2,0.0
486,486,1195,2026-08-27,302997318.41,11,3026482.62,125904885.26,0.0,15.0,1,33.33
487,487,1197,2026-08-27,538045384.69,26,101964993.06,0.0,1096691557.36,85.0,1,0.0
488,488,1200,2026-08-27,25709466.83,18,3719426.54,0.0,0.0,21.0,0,0.0
489,489,1203,2026-08-27,19214915.61,23,6442796.17,0.0,0.0,100.0,1,0.0
490,490,1205,2026-08-27,129971244.5,26,73585418.97,0.0,47689255.7,100.0,4,33.33
491,491,1208,2026-08-27,64710549.51,4,94795.74,57045977.61,36094391.22,9.0,0,0.0
492,492,1211,2026-08-27,20167286.55,3,2305592.92,0.0,86069464.23,7.0,2,0.0
493,493,1213,2026-08-27,17373792.69,6,1634930.2,0.0,0.0,7.0,1,0.0
494,494,1215,2026-08-27,152204010.35,12,527387.83,47254551.6,0.0,29.0,0,0.0
495,495,1216,2026-08-27,180569901.27,12,20943711.86,0.0,2137432511.88,41.0,1,0.0
496,496,1217,2026-08-27,15891683.54,34,8818360.06,0.0,0.0,100.0,1,0.0
497,497,1219,2026-08-27,163077283.26,12,2055275.54,122107399.81,0.0,33.0,2,100.0
498,498,1221,2026-08-27,11613115.44,22,4934149.14,0.0,0.0,100.0,0,0.0
499,499,1224,2026-08-27,83254739.38,11,7217424.37,45018855.18,0.0,42.0,4,0.0
500,500,1227,2026-08-27,75273622.22,21,8730197.99,50007269.02,0.0,89.0,2,0.0
501,501,1230,2026-08-27,20517189.89,3,0.0,0.0,1015626.01,16.0,1,0.0
502,502,1231,2026-08-27,25491619.22,9,17270467.75,0.0,0.0,0.0,0,50.0
503,503,1235,2026-08-27,0.0,13,5727750.9,0.0,0.0,26.0,1,0.0
504,504,1236,2026-08-27,56816978.52,21,19155661.55,0.0,0.0,93.0,2,0.0
505,505,1238,2026-08-27,303925409.53,20,191364771.45,0.0,2902665035.39,100.0,1,0.0
506,506,1241,2026-08-27,7606817.55,4,0.0,0.0,59106776.42,19.0,2,33.33
507,507,1243,2026-08-27,485016044.39,12,14537738.36,422098028.08000004,0.0,73.0,5,33.33
508,508,1247,2026-08-27,19229179.42,7,1001788.88,0.0,0.0,31.0,0,0.0
509,509,1252,2026-08-27,41789225.08,32,122010124.93,0.0,244701577.77,100.0,0,0.0
510,510,1254,2026-08-27,5289862409.75,19,419898397.56,4603773082.7,1362198704.76,38.0,3,0.0
511,511,1255,2026-08-27,510861564.77,20,73496286.98,286677195.17,0.0,81.0,0,0.0
512,512,1258,2026-08-27,6781747.48,7,6558711.24,0.0,20019737.7,0.0,0,33.33
513,513,1260,2026-08-27,1573437495.83,20,102146977.79,1266697095.63,1598146599.02,46.0,2,25.0
514,514,1265,2026-08-27,20356896.56,12,856857.65,0.0,0.0,56.0,0,66.67
515,515,1266,2026-08-27,261736109.95,17,9288153.07,99679659.84,0.0,45.0,1,0.0
516,516,1267,2026-08-27,476745614.26,15,10287587.76,375245534.91,53716375.43,46.0,0,0.0
517,517,1268,2026-08-27,275854857.83,9,21552968.09,185670216.01,0.0,12.0,1,100.0
518,518,1273,2026-08-27,26573394.3,2,852772.58,0.0,0.0,6.0,3,25.0
519,519,1275,2026-08-27,183138181.14,20,12690573.71,0.0,0.0,52.0,1,33.33
520,520,1277,2026-08-27,138837969.59,8,3176241.19,105163071.22,0.0,0.0,0,0.0
521,521,1281,2026-08-27,26309107.97,13,1938441.98,15537351.18,0.0,51.0,1,66.67
522,522,1282,2026-08-27,344864348.13,15,14537520.14,226406649.23000002,0.0,0.0,1,0.0
523,523,1284,2026-08-27,14828138.85,20,1821250.57,0.0,43006986.22,54.0,0,33.33
524,524,1286,2026-08-27,39764147.88,29,11954592.38,0.0,123097575.99,100.0,1,0.0
525,525,1293,2026-08-27,437770528.15,23,17807373.24,275141527.23,657373158.91,48.0,1,0.0
526,526,1294,2026-08-27,169180956.23,10,596678.06,131038031.93,0.0,37.0,0,100.0
527,527,1295,2026-08-27,95661590.66,11,4305490.53,91306738.63,0.0,8.0,1,0.0
528,528,1297,2026-08-27,19013823.05,7,2739484.19,0.0,0.0,0.0,1,0.0
529,529,1299,2026-08-27,27245194.58,9,3172470.07,0.0,156333264.82,22.0,0,100.0
530,530,1300,2026-08-27,72113494.56,16,8754543.2,21703460.2,4106721.08,40.0,0,100.0
531,531,1302,2026-08-27,6308408.37,4,267322.69,0.0,2869467.33,26.0,0,50.0
532,532,1305,2026-08-27,67443944.48,5,156549.38,36974759.62,0.0,29.0,4,0.0
533,533,1306,2026-08-27,2074862574.3,8,536709.33,2074862574.3000002,0.0,0.0,1,25.0
534,534,1310,2026-08-27,2495769.28,2,0.0,0.0,5962950.02,27.0,1,0.0
535,535,1311,2026-08-27,166330175.53,19,24617445.58,0.0,0.0,57.0,1,0.0
536,536,1312,2026-08-27,20777672.66,18,7135324.73,0.0,0.0,0.0,1,50.0
537,537,1315,2026-08-27,17919741.14,28,25893596.24,0.0,17504836.77,100.0,3,33.33
538,538,1318,2026-08-27,49584153.81,13,21244273.92,0.0,0.0,0.0,1,66.67
539,539,1322,2026-08-27,9055425.67,10,5706391.76,0.0,0.0,40.0,3,50.0
540,540,1326,2026-08-27,64742051.14,14,598017.47,51457701.29,0.0,30.0,0,0.0
541,541,1328,2026-08-27,46929843.84,11,4031321.87,0.0,12803258.27,24.0,1,100.0
542,542,1329,2026-08-27,73756959.96,31,9343943.17,0.0,11289258.84,97.0,2,0.0
543,543,1330,2026-08-27,30042428.66,7,2649212.76,0.0,81580186.28,0.0,0,0.0
544,544,1335,2026-08-27,141534448.31,11,10351167.12,106125249.2,0.0,32.0,1,0.0
545,545,1339,2026-08-27,17196930.13,18,5786355.3,0.0,0.0,45.0,1,50.0
546,546,1340,2026-08-27,262782565.8,14,15744572.63,121652446.8,412647331.91,0.0,3,0.0
547,547,1343,2026-08-27,96514359.75,12,1263405.56,20865854.46,0.0,39.0,1,0.0
548,548,1346,2026-08-27,0.0,20,334401621.23,0.0,184443529.91,41.0,0,33.33
549,549,1347,2026-08-27,27707971.29,5,1749981.8,0.0,9302339.39,27.0,1,25.0
550,550,1351,2026-08-27,788570701.94,14,149981301.09,485818972.71,0.0,43.0,0,33.33
551,551,1357,2026-08-27,123295813.89,21,1574021.37,62372734.85,208304557.65,100.0,0,0.0
552,552,1360,2026-08-27,18935926.87,8,928762.05,0.0,0.0,45.0,1,66.67
553,553,1363,2026-08-27,12838913.55,14,2608653.68,0.0,0.0,63.0,2,25.0
554,554,1365,2026-08-27,35150559.04,15,5330633.99,22168052.01,0.0,0.0,0,0.0
555,555,1366,2026-08-27,1124421623.27,25,310696679.62,0.0,2450188672.16,37.0,0,0.0
556,556,1370,2026-08-27,64066466.25,25,5159958.31,0.0,0.0,32.0,1,50.0
557,557,1373,2026-08-27,8200276.56,15,7766690.65,0.0,15218483.17,49.0,2,25.0
558,558,1375,2026-08-27,30714590.86,19,4735345.01,0.0,0.0,100.0,1,0.0
559,559,1376,2026-08-27,81760943.65,28,20260964.93,60403211.71,0.0,100.0,1,0.0
560,560,1379,2026-08-27,23954265.12,23,4431678.01,0.0,0.0,100.0,0,0.0
561,561,1380,2026-08-27,172308451.7,16,13482373.38,0.0,115689839.1,28.0,1,0.0
562,562,1383,2026-08-27,17144343.47,11,949468.85,0.0,0.0,51.0,0,50.0
563,563,1386,2026-08-27,167273490.18,13,2429011.73,149380003.55,0.0,31.0,0,0.0
564,564,1388,2026-08-27,22926129.8,22,12535772.22,0.0,7677718.05,100.0,1,33.33
565,565,1392,2026-08-27,43040619.3,2,3469283.42,0.0,0.0,20.0,0,0.0
566,566,1395,2026-08-27,6070715.09,6,749701.34,0.0,0.0,27.0,3,0.0
567,567,1398,2026-08-27,35585451.18,15,13682183.42,0.0,0.0,38.0,0,33.33
568,568,1401,2026-08-27,336914954.57,17,18044043.98,0.0,0.0,45.0,1,100.0
569,569,1402,2026-08-27,440525940.03,9,11963338.6,122150122.99000001,0.0,20.0,1,0.0
570,570,1405,2026-08-27,299813215.54,27,180096322.29,0.0,385387030.57,100.0,0,0.0
571,571,1408,2026-08-27,378801947.61,16,22864057.96,153874104.67,0.0,58.0,1,33.33
572,572,1410,2026-08-27,16165853.62,10,2314683.64,0.0,0.0,29.0,0,0.0
573,573,1411,2026-08-27,59007370.16,22,12365334.69,0.0,0.0,92.0,1,0.0
574,574,1413,2026-08-27,457871324.17,10,27627249.8,0.0,392828382.98,0.0,2,0.0
575,575,1414,2026-08-27,34088310.33,14,885777.26,23917045.34,11552566.87,0.0,0,0.0
576,576,1415,2026-08-27,25989477.97,19,2371826.2,0.0,9472422.32,100.0,3,0.0
577,577,1418,2026-08-27,48287764.44,8,18259681.16,0.0,0.0,46.0,0,50.0
578,578,1424,2026-08-27,51078507.13,31,33930035.75,0.0,0.0,100.0,0,25.0
579,579,1425,2026-08-27,795622124.38,7,22272720.22,0.0,0.0,0.0,1,0.0
580,580,1427,2026-08-27,343180441.75,15,44510124.95,245071408.51,0.0,25.0,2,50.0
581,581,1430,2026-08-27,59718984.16,26,5720415.9,0.0,0.0,100.0,0,0.0
582,582,1431,2026-08-27,24180790.6,23,2762677.46,0.0,5538620.9,100.0,0,0.0
583,583,1432,2026-08-27,186620429.75,15,63884682.56,0.0,1511576778.06,32.0,1,0.0
584,584,1433,2026-08-27,133476795.89,12,24654474.63,0.0,0.0,39.0,1,100.0
585,585,1434,2026-08-27,66371641.31,17,20501850.27,0.0,524948839.63,42.0,0,0.0
586,586,1437,2026-08-27,308806220.06,23,25203327.48,223158995.8,0.0,100.0,0,0.0
587,587,1439,2026-08-27,23369935.0,18,15184162.65,0.0,0.0,37.0,1,100.0
588,588,1440,2026-08-27,342116757.57,11,10665738.27,73473359.49,0.0,37.0,1,25.0
589,589,1445,2026-08-27,19090091.69,9,2331355.15,0.0,50334599.36,55.0,0,100.0
590,590,1448,2026-08-27,927478693.19,25,420622564.67,0.0,2068971277.41,0.0,2,0.0
591,591,1449,2026-08-27,43834718.41,19,3087477.04,38279108.55,0.0,25.0,5,0.0
592,592,1450,2026-08-27,1357480147.24,13,20246802.16,1257463494.53,0.0,43.0,1,50.0
593,593,1457,2026-08-27,34577072.95,15,10313071.52,0.0,0.0,39.0,0,50.0
594,594,1460,2026-08-27,16030076.17,16,4261146.55,0.0,0.0,100.0,0,25.0
595,595,1462,2026-08-27,1288778629.01,17,152734168.15,0.0,0.0,56.0,1,0.0
596,596,1464,2026-08-27,7923223.83,10,1920030.63,0.0,0.0,53.0,1,25.0
597,597,1467,2026-08-27,37134322.58,7,2589710.74,0.0,176528236.03,0.0,1,0.0
598,598,1471,2026-08-27,23880062.58,18,3001293.0,0.0,0.0,100.0,1,0.0
599,599,1472,2026-08-27,29759397.62,9,10927334.95,0.0,0.0,4.0,0,0.0
600,600,1475,2026-08-27,161331981.39,20,20157100.35,126852330.44,0.0,100.0,2,0.0
601,601,1476,2026-08-27,17167351.71,25,17369200.64,0.0,0.0,0.0,3,0.0
602,602,1479,2026-08-27,35762240.01,11,6273020.21,0.0,11450842.01,28.0,1,50.0
603,603,1481,2026-08-27,301248846.34,10,40812263.16,0.0,0.0,25.0,0,0.0
604,604,1483,2026-08-27,95554734.58,1,0.0,0.0,0.0,13.0,2,0.0
605,605,1486,2026-08-27,89814570.6,16,8533964.77,0.0,134961275.7,30.0,1,100.0
606,606,1488,2026-08-27,73014668.93,10,1388797.12,0.0,0.0,0.0,1,0.0
607,607,1489,2026-08-27,15774951.83,11,2533946.48,0.0,0.0,23.0,0,0.0
608,608,1490,2026-08-27,711212932.58,25,273209390.75,0.0,0.0,0.0,2,100.0
609,609,1492,2026-08-27,6440651.84,4,895219.03,0.0,0.0,9.0,1,33.33
610,610,1494,2026-08-27,657683520.49,16,26790938.35,78008598.16,0.0,30.0,1,75.0
611,611,1498,2026-08-27,43046639.71,32,9278432.15,29537309.1,0.0,100.0,0,0.0
612,612,1501,2026-08-27,28564315.21,3,1563846.02,0.0,0.0,25.0,1,0.0
613,613,1502,2026-08-27,17402395.59,9,1326829.99,0.0,0.0,0.0,0,25.0
614,614,1507,2026-08-27,36883122.03,11,18297227.86,0.0,0.0,0.0,1,0.0
615,615,1510,2026-08-27,44739096.59,11,6696879.28,0.0,194387356.64,63.0,4,0.0
616,616,1512,2026-08-27,19925482.77,4,0.0,0.0,0.0,5.0,3,0.0
617,617,1514,2026-08-27,0.0,12,1156688.39,0.0,3088849.32,0.0,0,0.0
618,618,1516,2026-08-27,94185593.94,6,4284715.69,44543317.43,0.0,0.0,1,50.0
619,619,1520,2026-08-27,607056256.24,18,156115666.93,0.0,0.0,0.0,0,0.0
620,620,1521,2026-08-27,593117691.84,9,6314955.13,284524847.27,995848310.54,40.0,1,0.0
621,621,1522,2026-08-27,12450721.06,11,1765569.88,0.0,28110595.91,30.0,1,50.0
622,622,1525,2026-08-27,115631061.61,28,5248114.91,95870254.14,0.0,100.0,0,0.0
623,623,1529,2026-08-27,110741153.54,12,1818553.55,0.0,45881119.21,0.0,0,25.0
624,624,1532,2026-08-27,45629976.08,17,20197169.91,0.0,0.0,100.0,2,0.0
625,625,1533,2026-08-27,38317163.15,10,1196212.85,0.0,44244902.71,0.0,0,0.0
626,626,1534,2026-08-27,232256280.91,13,26176104.86,98672886.41,0.0,39.0,2,50.0
627,627,1538,2026-08-27,153978668.77,7,14238277.08,0.0,105992188.45,44.0,2,0.0
628,628,1539,2026-08-27,1908921883.47,18,954764752.9,0.0,548188732.79,59.0,1,0.0
629,629,1542,2026-08-27,24566302.33,32,3738994.49,0.0,0.0,89.0,1,0.0
630,630,1545,2026-08-27,203936581.45,18,2340665.46,173446749.93,66957296.49,44.0,0,0.0
631,631,1548,2026-08-27,121701096.85,18,3241417.26,109320355.72999999,0.0,41.0,0,0.0
632,632,1549,2026-08-27,54095728.16,10,338139.73,26265321.07,0.0,27.0,2,0.0
633,633,1551,2026-08-27,183421172.75,23,102878120.88,0.0,1705362331.08,31.0,3,0.0
634,634,1553,2026-08-27,2610687623.93,15,15695789.82,2235318278.75,0.0,38.0,1,0.0
635,635,1555,2026-08-27,724498193.38,17,72660846.4,527192108.85,0.0,52.0,2,25.0
636,636,1558,2026-08-27,2704114304.0,19,90015290.91,595650075.99,0.0,41.0,2,100.0
637,637,1559,2026-08-27,15518656.81,4,377950.84,0.0,4422428.69,0.0,3,0.0
638,638,1560,2026-08-27,112866918.65,4,3822396.08,69801387.41,29427342.13,16.0,4,0.0
639,639,1562,2026-08-27,36204455.21,12,6785762.16,0.0,0.0,0.0,2,0.0
640,640,1564,2026-08-27,83981068.95,14,1211909.35,0.0,161172354.34,0.0,5,0.0
641,641,1565,2026-08-27,3825321.18,4,5168566.28,0.0,33957887.16,0.0,2,0.0
642,642,1570,2026-08-27,428082137.22,12,6521583.08,237297199.17,0.0,31.0,1,0.0
643,643,1573,2026-08-27,2639520059.67,12,101441369.12,2254419132.41,431875552.03,56.0,0,66.67
644,644,1574,2026-08-27,11454635.19,21,3217928.28,0.0,0.0,16.0,1,50.0
645,645,1576,2026-08-27,36157563.01,23,6690193.98,0.0,0.0,80.0,1,0.0
646,646,1579,2026-08-27,23274393.57,4,437974.15,0.0,0.0,0.0,1,0.0
647,647,1580,2026-08-27,673342147.42,22,219827103.08,0.0,0.0,47.0,1,0.0
648,648,1581,2026-08-27,0.0,18,1167006.6,0.0,0.0,100.0,0,0.0
649,649,1582,2026-08-27,33385837.1,5,312188.55,18657953.1,33978428.5,0.0,2,50.0
650,650,1586,2026-08-27,580831558.74,18,63165027.2,0.0,0.0,52.0,2,33.33
651,651,1588,2026-08-27,150016026.12,12,7416585.91,94951673.32,0.0,56.0,0,50.0
652,652,1590,2026-08-27,51906143.46,12,4261187.52,6617434.45,9797380.86,2.0,1,0.0
653,653,1593,2026-08-27,58788954.41,2,0.0,47488466.52,0.0,14.0,1,0.0
654,654,1595,2026-08-27,14220105.38,14,3080359.97,0.0,0.0,42.0,0,0.0
655,655,1598,2026-08-27,69973072.97,10,627512.46,48612866.96,9226865.52,50.0,0,0.0
656,656,1599,2026-08-27,451358093.73,11,23565275.67,313681238.98,0.0,0.0,3,100.0
657,657,1600,2026-08-27,135447132.51,10,22443964.09,0.0,0.0,39.0,1,50.0
658,658,1605,2026-08-27,21114254.46,22,7999955.73,0.0,0.0,25.0,1,50.0
659,659,1611,2026-08-27,5982503.02,24,6540308.58,0.0,0.0,100.0,0,25.0
660,660,1612,2026-08-27,786047332.73,10,5881414.89,368779357.23,0.0,25.0,1,0.0
661,661,1613,2026-08-27,10004073.01,14,1576882.84,0.0,0.0,51.0,0,100.0
662,662,1614,2026-08-27,25071359.38,10,722408.36,0.0,0.0,23.0,0,50.0
663,663,1616,2026-08-27,14259011.28,17,4262464.73,0.0,0.0,38.0,0,50.0
664,664,1618,2026-08-27,1449378726.07,19,39179409.28,954544881.82,343363295.41,50.0,0,0.0
665,665,1619,2026-08-27,191659509.92,12,19187112.42,0.0,0.0,47.0,1,0.0
666,666,1622,2026-08-27,18910219.94,2,2702973.7,0.0,32185206.94,0.0,2,0.0
667,667,1626,2026-08-27,24916071.13,13,588785.57,0.0,0.0,51.0,1,33.33
668,668,1628,2026-08-27,894236791.41,12,48910578.98,506024104.06,0.0,0.0,0,0.0
669,669,1629,2026-08-27,34101105.88,16,7246114.59,0.0,187010200.62,34.0,0,100.0
670,670,1631,2026-08-27,99376013.71,12,1771785.6,27570265.340000004,0.0,61.0,1,0.0
671,671,1635,2026-08-27,1119868385.72,16,83937674.72,0.0,2062380796.94,0.0,1,50.0
672,672,1637,2026-08-27,413003229.81,21,94089100.59,261842474.2,0.0,100.0,0,0.0
673,673,1639,2026-08-27,25951243.02,14,1426617.5,12026470.03,0.0,28.0,0,33.33
674,674,1641,2026-08-27,25378649.87,4,0.0,12490992.57,0.0,17.0,1,0.0
675,675,1648,2026-08-27,248784264.57,27,11535730.43,218214314.17,8894861.24,100.0,0,50.0
676,676,1651,2026-08-27,94976524.63,15,14704592.32,29943871.42,0.0,0.0,1,33.33
677,677,1652,2026-08-27,63945945.36,9,554667.64,48223747.94,0.0,24.0,1,0.0
678,678,1655,2026-08-27,37793665.22,22,12891922.73,0.0,0.0,100.0,1,25.0
679,679,1660,2026-08-27,4420977466.36,17,225992461.3,2804786193.79,4045782218.88,0.0,3,25.0
680,680,1663,2026-08-27,318400008.76,15,6403399.12,134707915.39,0.0,0.0,0,0.0
681,681,1666,2026-08-27,118509380.95,18,18705022.49,90534853.05,958822935.39,40.0,2,50.0
682,682,1667,2026-08-27,8046229.94,14,1733976.44,0.0,999997.9,26.0,1,50.0
683,683,1671,2026-08-27,547760846.28,20,89765731.53,458777682.55,0.0,0.0,0,0.0
684,684,1676,2026-08-27,1442485663.81,6,34496845.93,1260296630.79,0.0,55.0,0,50.0
685,685,1677,2026-08-27,52311686.37,20,6164290.68,35414566.83,0.0,100.0,0,0.0
686,686,1678,2026-08-27,432651880.05,14,12705378.38,262451250.82999998,0.0,57.0,1,50.0
687,687,1684,2026-08-27,453232511.82,12,30579677.85,219023017.9,0.0,25.0,0,33.33
688,688,1686,2026-08-27,19088620.68,8,1979269.82,0.0,17895800.81,0.0,2,0.0
689,689,1687,2026-08-27,37593549.38,5,1765605.57,22312134.41,0.0,31.0,2,0.0
690,690,1691,2026-08-27,410882906.37,21,63267259.46,0.0,0.0,100.0,0,50.0
691,691,1693,2026-08-27,25717602.82,13,7359763.47,0.0,0.0,0.0,1,100.0
692,692,1696,2026-08-27,6896773.88,8,1728402.71,0.0,0.0,22.0,2,0.0
693,693,1698,2026-08-27,50352813.57,19,7890514.12,0.0,0.0,45.0,1,0.0
694,694,1699,2026-08-27,124746583.95,15,7290439.1,79208967.8,0.0,39.0,0,50.0
695,695,1706,2026-08-27,156368832.38,10,3935752.84,0.0,0.0,41.0,1,25.0
696,696,1708,2026-08-27,8695629.9,21,1680839.04,0.0,0.0,100.0,0,0.0
697,697,1711,2026-08-27,4323061.4,6,450648.03,0.0,0.0,9.0,0,0.0
698,698,1712,2026-08-27,39709922.04,25,69460486.49,0.0,46319963.7,100.0,1,0.0
699,699,1715,2026-08-27,320922734.33,1,2086984.12,267205733.35,0.0,0.0,2,0.0
700,700,1717,2026-08-27,18341627.44,16,3791217.24,0.0,61421089.95,56.0,0,0.0
701,701,1718,2026-08-27,58896556.82,20,2534865.88,0.0,0.0,55.0,1,0.0
702,702,1721,2026-08-27,253959421.26,6,15633890.54,28278514.77,0.0,0.0,1,100.0
703,703,1724,2026-08-27,21645670.63,17,4214334.59,0.0,0.0,55.0,1,0.0
704,704,1727,2026-08-27,76104287.37,12,518788.49,0.0,0.0,44.0,2,25.0
705,705,1731,2026-08-27,65401433.82,10,8527572.97,0.0,0.0,25.0,0,25.0
706,706,1734,2026-08-27,74828600.22,16,2875530.74,22100831.76,0.0,0.0,1,0.0
707,707,1735,2026-08-27,26198002.94,10,7509040.81,0.0,0.0,21.0,0,0.0
708,708,1739,2026-08-27,73921156.33,9,20954791.01,0.0,0.0,33.0,0,25.0
709,709,1740,2026-08-27,325541450.81,13,17101897.81,222490837.98,0.0,58.0,2,0.0
710,710,1741,2026-08-27,30608196.65,26,6904144.56,0.0,17373563.8,91.0,1,0.0
711,711,1743,2026-08-27,112228197.84,7,23303270.32,0.0,0.0,42.0,0,0.0
712,712,1744,2026-08-27,5872090.59,3,0.0,0.0,0.0,19.0,1,0.0
713,713,1745,2026-08-27,407127506.37,9,6634088.71,366843322.79,101175373.68,0.0,2,0.0
714,714,1747,2026-08-27,75780967.01,10,7462766.74,0.0,0.0,33.0,0,0.0
715,715,1751,2026-08-27,13383038.73,10,1791575.64,0.0,25039703.76,19.0,2,0.0
716,716,1755,2026-08-27,14173888.28,12,1969301.83,0.0,0.0,41.0,0,0.0
717,717,1756,2026-08-27,72557252.46,24,33652144.33,0.0,0.0,89.0,0,0.0
718,718,1758,2026-08-27,133991524.61,18,52793165.54,0.0,677169827.67,46.0,0,0.0
719,719,1760,2026-08-27,25808836.24,7,225066.04,0.0,10643346.06,0.0,4,0.0
720,720,1761,2026-08-27,23751386.8,18,1646518.19,12136921.14,0.0,0.0,1,0.0
721,721,1763,2026-08-27,65530997.66,20,10057089.62,0.0,0.0,100.0,0,0.0
722,722,1766,2026-08-27,572560582.23,21,13464230.03,395235569.15999997,0.0,30.0,1,66.67
723,723,1767,2026-08-27,2192290818.32,21,126896792.11,1975896207.33,0.0,66.0,0,0.0
724,724,1770,2026-08-27,440778394.53,13,22630167.06,0.0,0.0,0.0,0,25.0
725,725,1773,2026-08-27,191401461.08,20,25791201.05,150213315.76,0.0,36.0,3,0.0
726,726,1776,2026-08-27,266697593.74,15,946789.58,232224765.75,0.0,35.0,0,50.0
727,727,1777,2026-08-27,238610730.34,19,10056984.82,192644053.26999998,150749664.16,0.0,0,50.0
728,728,1781,2026-08-27,194807558.04,24,142315985.07,0.0,153366916.66,48.0,1,0.0
729,729,1783,2026-08-27,25112947.29,15,3314903.56,0.0,0.0,19.0,2,66.67
730,730,1788,2026-08-27,24524675.0,16,3073348.29,0.0,0.0,87.0,1,25.0
731,731,1789,2026-08-27,249536485.11,7,5995229.16,118236875.37,0.0,25.0,0,66.67
732,732,1794,2026-08-27,48415354.18,11,34582435.3,0.0,305802878.09,0.0,0,25.0
733,733,1796,2026-08-27,2540496460.77,26,652337793.29,1016300635.03,0.0,42.0,2,100.0
734,734,1797,2026-08-27,119818296.95,9,3129095.76,53728959.99,0.0,52.0,1,0.0
735,735,1798,2026-08-27,1002468238.86,17,136528192.09,641127769.87,0.0,0.0,2,0.0
736,736,1799,2026-08-27,56822740.87,3,2032746.59,0.0,135650564.41,13.0,2,0.0
737,737,1800,2026-08-27,15760846.41,11,9677700.15,0.0,8820148.47,56.0,1,100.0
738,738,1801,2026-08-27,27200040.38,12,5018717.4,0.0,0.0,51.0,0,100.0
739,739,1803,2026-08-27,13917911.25,16,3241084.89,0.0,0.0,38.0,0,100.0
740,740,1804,2026-08-27,323134607.15,18,23937447.96,97560366.81,0.0,51.0,6,0.0
741,741,1805,2026-08-27,6109293522.65,21,246812406.02,4978759072.17,0.0,34.0,2,0.0
742,742,1806,2026-08-27,2375091076.52,20,395942600.38,1699816973.73,1095757152.69,52.0,0,66.67
743,743,1810,2026-08-27,260624996.92,12,15662486.83,183123056.14,1738919.09,45.0,0,0.0
744,744,1814,2026-08-27,86337630.12,16,20117366.79,0.0,0.0,53.0,1,50.0
745,745,1815,2026-08-27,243596181.29,21,15529368.37,163486486.18,0.0,93.0,1,0.0
746,746,1816,2026-08-27,8324460.56,23,3988857.16,0.0,0.0,99.0,0,0.0
747,747,1817,2026-08-27,146899409.86,16,16213107.81,0.0,0.0,34.0,1,66.67
748,748,1820,2026-08-27,104998009.54,14,869488.44,76020322.64,0.0,26.0,0,100.0
749,749,1822,2026-08-27,78080037.52,5,3412143.05,0.0,84312202.28,28.0,2,50.0
750,750,1826,2026-08-27,1015463671.9,8,5874187.72,926123331.36,53729548.45,11.0,0,0.0
751,751,1829,2026-08-27,4282011.08,19,2534919.91,0.0,0.0,68.0,0,100.0
752,752,1832,2026-08-27,378256693.0,8,0.0,0.0,0.0,39.0,0,50.0
753,753,1835,2026-08-27,59104534.69,10,173818.82,0.0,15355859.52,39.0,0,0.0
754,754,1836,2026-08-27,117821964.74,26,28696768.16,0.0,9824642.43,100.0,3,0.0
755,755,1840,2026-08-27,68325420.27,1,0.0,61773226.61,0.0,0.0,1,0.0
756,756,1841,2026-08-27,24446046.61,13,4446944.93,0.0,0.0,0.0,1,100.0
757,757,1844,2026-08-27,471636776.95,13,10313723.95,345795780.08000004,0.0,52.0,1,66.67
758,758,1845,2026-08-27,94072796.07,16,26198457.09,0.0,168174832.79,62.0,1,25.0
759,759,1849,2026-08-27,318361341.2,25,12983452.51,0.0,363908840.37,53.0,2,0.0
760,760,1850,2026-08-27,27884758.34,24,3790139.23,0.0,0.0,100.0,1,0.0
761,761,1853,2026-08-27,30847821.78,6,465181.56,0.0,0.0,15.0,4,33.33
762,762,1854,2026-08-27,78987681.19,18,15082250.56,0.0,0.0,0.0,1,0.0
763,763,1856,2026-08-27,4888302313.34,25,467489710.45,3858731929.57,1176624614.71,46.0,4,50.0
764,764,1859,2026-08-27,372829326.66,22,14236572.49,255008180.9,0.0,48.0,1,0.0
765,765,1861,2026-08-27,171448896.88,9,3528248.47,44795691.85,0.0,34.0,0,0.0
766,766,1865,2026-08-27,334447717.58,20,47950094.15,143636750.28,0.0,40.0,0,0.0
767,767,1866,2026-08-27,14932999.16,14,2739586.15,0.0,0.0,25.0,2,75.0
768,768,1870,2026-08-27,1678707621.71,19,69610374.14,1110076934.46,0.0,30.0,3,0.0
769,769,1874,2026-08-27,555274651.8,13,73036851.04,432553548.29,1485182346.57,65.0,1,25.0
770,770,1876,2026-08-27,60077494.29,19,15687715.07,0.0,0.0,100.0,0,0.0
771,771,1877,2026-08-27,33632793.55,12,6157756.13,0.0,0.0,0.0,1,33.33
772,772,1881,2026-08-27,273604344.16,32,31793112.77,0.0,343425474.68,0.0,0,0.0
773,773,1883,2026-08-27,23831810.62,25,4444426.36,0.0,0.0,84.0,1,50.0
774,774,1885,2026-08-27,27542670.02,9,2829962.51,0.0,0.0,37.0,0,0.0
775,775,1886,2026-08-27,865810546.3,20,85456048.98,356974651.8,1350912577.2,67.0,1,0.0
776,776,1890,2026-08-27,14083880.34,9,1001763.62,0.0,0.0,35.0,0,33.33
777,777,1892,2026-08-27,135535597.84,18,27382508.38,0.0,0.0,92.0,1,0.0
778,778,1897,2026-08-27,28095993.41,15,7501174.49,0.0,0.0,57.0,2,66.67
779,779,1900,2026-08-27,230561402.31,7,5369017.94,0.0,0.0,31.0,0,0.0
780,780,1903,2026-08-27,67739105.98,10,3510887.28,54108879.48,43123774.98,0.0,0,0.0
781,781,1907,2026-08-27,112277165.25,18,7846462.19,0.0,316153912.12,43.0,3,66.67
782,782,1910,2026-08-27,40226958.84,7,10512840.25,0.0,0.0,33.0,0,0.0
783,783,1912,2026-08-27,374466433.93,13,17530095.06,0.0,0.0,0.0,0,100.0
784,784,1915,2026-08-27,854209362.78,22,98576570.15,0.0,0.0,100.0,0,66.67
785,785,1916,2026-08-27,54132413.06,14,3355121.04,33391295.56,0.0,39.0,1,50.0
786,786,1918,2026-08-27,1113130339.56,10,2634761.11,1015598923.4499999,0.0,39.0,1,0.0
787,787,1920,2026-08-27,1111244802.5,9,5175694.16,924185648.16,3111595146.85,34.0,0,0.0
788,788,1921,2026-08-27,301877948.29,14,7992388.65,134064675.93,0.0,45.0,0,100.0
789,789,1923,2026-08-27,398047939.75,13,16079792.75,285516833.34,414897596.92,26.0,0,0.0
790,790,1924,2026-08-27,47780550.9,20,12052327.93,0.0,0.0,99.0,0,0.0
791,791,1926,2026-08-27,31213549.39,20,39987905.57,0.0,116591485.66,56.0,1,50.0
792,792,1928,2026-08-27,368596189.16,15,88704570.01,0.0,0.0,40.0,1,66.67
793,793,1932,2026-08-27,741823173.96,5,2230104.33,592761768.45,0.0,20.0,0,33.33
794,794,1933,2026-08-27,616147983.02,18,102834263.83,416921033.79,0.0,17.0,0,100.0
795,795,1934,2026-08-27,4928197900.27,22,150908673.31,4236911140.0200005,0.0,0.0,2,0.0
796,796,1937,2026-08-27,1548050749.69,12,94499930.54,924809595.9200001,0.0,0.0,0,75.0
797,797,1939,2026-08-27,675739717.79,18,255848895.0,0.0,0.0,51.0,2,50.0
798,798,1943,2026-08-27,33999191.8,15,9623191.25,0.0,0.0,48.0,2,33.33
799,799,1945,2026-08-27,49713934.62,3,165884.13,20465561.18,0.0,7.0,1,0.0
800,800,1950,2026-08-27,10926127.35,2,1399301.6,0.0,0.0,14.0,1,0.0
801,801,1953,2026-08-27,5283949.44,3,0.0,0.0,0.0,40.0,2,0.0
802,802,1955,2026-08-27,870061858.51,18,30375922.8,490323603.53000003,0.0,27.0,2,0.0
803,803,1958,2026-08-27,82791584.5,11,32039070.19,0.0,0.0,0.0,0,50.0
804,804,1961,2026-08-27,116141839.79,20,14665933.38,96832578.0,0.0,100.0,1,50.0
805,805,1963,2026-08-27,9640708966.1,17,278160705.99,8539769696.63,4518974496.38,45.0,0,50.0
806,806,1968,2026-08-27,25248878.6,16,15535756.68,0.0,48762800.72,52.0,1,33.33
807,807,1970,2026-08-27,38859839.76,8,351443.38,0.0,157251422.02,0.0,1,0.0
808,808,1971,2026-08-27,115982372.04,20,2139893.46,0.0,158352820.3,29.0,0,50.0
809,809,1973,2026-08-27,13655406.84,25,4817439.15,13655406.84,0.0,93.0,0,0.0
810,810,1977,2026-08-27,71017057.6,15,24442047.89,0.0,0.0,47.0,0,0.0
811,811,1980,2026-08-27,2075698762.5,23,175529271.16,0.0,0.0,54.0,1,50.0
812,812,1983,2026-08-27,147262424.27,16,76794623.91,0.0,0.0,35.0,1,0.0
813,813,1985,2026-08-27,86630701.41,13,11553495.48,0.0,0.0,12.0,1,0.0
814,814,1986,2026-08-27,88500656.77,20,16270264.73,0.0,438518645.17,89.0,2,0.0
815,815,1989,2026-08-27,728429564.24,24,219684024.87,0.0,0.0,0.0,0,0.0
816,816,1992,2026-08-27,354771239.69,12,3965613.21,138448892.98,0.0,47.0,1,25.0
817,817,1996,2026-08-27,15462480.67,8,1310499.72,0.0,0.0,0.0,0,50.0
818,818,1997,2026-08-27,44666351.72,22,9256682.96,0.0,0.0,100.0,0,0.0
819,819,2001,2026-08-27,12433461.39,17,18092467.61,0.0,0.0,100.0,0,25.0
820,820,2003,2026-08-27,14481536.59,11,1484188.82,0.0,20004417.09,55.0,0,50.0
821,821,2007,2026-08-27,199911676.88,13,472246273.32,0.0,4205361193.35,24.0,3,0.0
822,822,2009,2026-08-27,207614667.75,19,18102592.63,0.0,0.0,99.0,2,0.0
823,823,2011,2026-08-27,43119548.12,13,6869572.97,0.0,54089298.69,35.0,0,33.33
824,824,2014,2026-08-27,10700817.28,3,1395354.17,0.0,0.0,0.0,3,25.0
825,825,2018,2026-08-27,0.0,8,374947.5,0.0,0.0,53.0,2,100.0
826,826,2020,2026-08-27,556158833.09,27,121029576.19,313659874.98,0.0,34.0,1,50.0
827,827,2022,2026-08-27,24860782.06,27,18660799.05,0.0,0.0,100.0,1,100.0
828,828,2023,2026-08-27,15725427.88,27,6874484.52,0.0,0.0,43.0,2,33.33
829,829,2026,2026-08-27,25173388.69,11,12217774.49,0.0,114610349.47,29.0,1,100.0
830,830,2029,2026-08-27,52502225.67,15,20541719.05,0.0,0.0,46.0,0,100.0
831,831,2030,2026-08-27,47158975.81,20,4039540.2,0.0,0.0,100.0,0,0.0
832,832,2031,2026-08-27,13146839.7,18,3574949.38,0.0,0.0,91.0,1,0.0
833,833,2032,2026-08-27,345632871.12,7,3694775.26,214520991.44,0.0,22.0,1,0.0
834,834,2036,2026-08-27,19839193.72,3,1201277.37,0.0,0.0,7.0,2,0.0
835,835,2037,2026-08-27,8021664.27,3,1247629.7,0.0,0.0,16.0,0,25.0
836,836,2041,2026-08-27,0.0,30,2905677.71,0.0,0.0,100.0,1,0.0
837,837,2045,2026-08-27,41890088.69,5,0.0,0.0,225082904.2,14.0,0,0.0
838,838,2047,2026-08-27,18998324.36,15,6982850.93,0.0,0.0,35.0,2,0.0
839,839,2049,2026-08-27,645895844.03,14,22426882.8,286088250.52,1272693742.91,0.0,0,100.0
840,840,2053,2026-08-27,18690465.0,24,6325326.14,0.0,54806528.45,99.0,0,50.0
841,841,2055,2026-08-27,378831200.84,23,93113203.23,0.0,708844791.09,53.0,1,50.0
842,842,2057,2026-08-27,15572823.48,14,1730948.85,0.0,0.0,27.0,0,33.33
843,843,2061,2026-08-27,53759913.38,30,6620882.43,39377084.45,32488540.58,100.0,3,66.67
844,844,2063,2026-08-27,163664124.36,15,22497576.65,0.0,2009022557.26,43.0,1,100.0
845,845,2066,2026-08-27,622168960.99,18,27748348.67,466465223.6,0.0,46.0,0,0.0
846,846,2070,2026-08-27,170900205.68,2,2759598.24,0.0,0.0,19.0,4,0.0
847,847,2072,2026-08-27,200252848.33,10,7773046.89,135336349.04000002,0.0,12.0,2,0.0
848,848,2073,2026-08-27,8778337.73,6,0.0,0.0,27268445.01,5.0,1,100.0
849,849,2074,2026-08-27,10253751.77,12,4255740.3,0.0,9573558.12,39.0,1,50.0
850,850,2076,2026-08-27,17141853.24,13,5623377.03,0.0,0.0,38.0,0,0.0
851,851,2079,2026-08-27,65139535.92,14,5298045.18,0.0,0.0,0.0,0,50.0
852,852,2080,2026-08-27,82829225.06,14,15638072.25,0.0,106138900.55,28.0,0,100.0
853,853,2082,2026-08-27,22737088.25,15,4368368.59,0.0,0.0,15.0,1,25.0
854,854,2088,2026-08-27,116423391.38,6,1310086.0,107906513.66,0.0,25.0,1,0.0
855,855,2090,2026-08-27,48924225.0,15,4745823.52,31505445.16,0.0,53.0,0,33.33
856,856,2094,2026-08-27,356376569.23,28,27258775.97,247328826.53,0.0,100.0,2,0.0
857,857,2096,2026-08-27,16322551.48,7,879567.37,0.0,30139033.41,17.0,0,0.0
858,858,2099,2026-08-27,72033268.48,6,1900874.7,43760834.31,5538919.07,23.0,1,0.0
859,859,2100,2026-08-27,1318732600.82,6,22096903.11,921232442.12,0.0,23.0,2,0.0
860,860,2102,2026-08-27,46594381.07,25,3986705.79,0.0,0.0,100.0,0,66.67
861,861,2105,2026-08-27,61667449.94,2,81330.77,0.0,27401636.45,19.0,0,25.0
862,862,2109,2026-08-27,7101850.03,3,635508.61,0.0,11801448.05,33.0,1,33.33
863,863,2111,2026-08-27,34954791.3,11,6572162.06,0.0,0.0,29.0,0,25.0
864,864,2117,2026-08-27,33806717.65,22,17953142.92,0.0,0.0,91.0,1,50.0
865,865,2120,2026-08-27,5334731343.78,15,64002104.34,3483076942.66,0.0,0.0,0,25.0
866,866,2123,2026-08-27,24676744.72,12,1156464.87,0.0,0.0,44.0,0,100.0
867,867,2125,2026-08-27,744425583.0,12,9655329.9,605254916.37,133762931.37,38.0,1,50.0
868,868,2127,2026-08-27,315636673.14,14,6470545.0,242570434.76,0.0,0.0,1,0.0
869,869,2130,2026-08-27,302436084.1,25,65323222.1,0.0,0.0,35.0,1,50.0
870,870,2133,2026-08-27,48207904.85,12,2494335.48,17219647.8,0.0,0.0,1,50.0
871,871,2134,2026-08-27,71035576.53,1,1160869.53,0.0,0.0,3.0,2,0.0
872,872,2137,2026-08-27,1190782652.0,22,10209322.11,0.0,0.0,24.0,2,0.0
873,873,2141,2026-08-27,23490795.07,10,4315083.98,0.0,0.0,50.0,0,25.0
874,874,2142,2026-08-27,101571596.4,11,11018258.33,0.0,0.0,31.0,0,0.0
875,875,2143,2026-08-27,7978827.29,5,1448638.49,0.0,0.0,22.0,2,0.0
876,876,2147,2026-08-27,34398489.61,9,3985232.16,0.0,0.0,36.0,0,25.0
877,877,2148,2026-08-27,1111481730.54,15,14341259.75,621508214.83,0.0,49.0,0,100.0
878,878,2150,2026-08-27,2221750473.7,18,13635953.32,1960192116.18,0.0,35.0,0,75.0
879,879,2156,2026-08-27,358313089.89,21,39839303.05,150265065.29,0.0,100.0,1,50.0
880,880,2157,2026-08-27,13995093.56,29,4144650.01,0.0,0.0,94.0,1,0.0
881,881,2158,2026-08-27,363837152.23,10,9589169.5,172410681.46,0.0,45.0,1,50.0
882,882,2160,2026-08-27,32709653.26,20,4115419.39,0.0,0.0,100.0,0,0.0
883,883,2162,2026-08-27,190773107.31,8,480356.36,0.0,432950900.73,35.0,0,50.0
884,884,2163,2026-08-27,144289009.02,24,18096319.95,107271167.15,0.0,100.0,0,0.0
885,885,2164,2026-08-27,18710064.09,23,4216210.77,0.0,0.0,31.0,1,33.33
886,886,2167,2026-08-27,907352599.06,10,19679745.16,854991285.26,419109760.87,62.0,2,0.0
887,887,2169,2026-08-27,366842521.22,11,4682097.33,260407203.49,0.0,43.0,0,0.0
888,888,2172,2026-08-27,1358755941.14,19,48528927.29,1209444185.8200002,0.0,47.0,2,0.0
889,889,2176,2026-08-27,38614887.67,16,5552110.88,0.0,0.0,33.0,2,75.0
890,890,2177,2026-08-27,6294447.42,1,0.0,0.0,0.0,23.0,0,0.0
891,891,2178,2026-08-27,82791260.47,8,563734.52,49791073.49,135047305.13,35.0,0,50.0
892,892,2181,2026-08-27,22371696.33,11,4991639.41,0.0,0.0,0.0,0,0.0
893,893,2183,2026-08-27,37402051.88,13,443091.49,0.0,0.0,38.0,0,66.67
894,894,2185,2026-08-27,587858868.49,15,17879142.7,410116933.53,1165209236.54,50.0,2,100.0
895,895,2187,2026-08-27,5744734.88,2,76751.8,0.0,21217746.23,17.0,2,0.0
896,896,2189,2026-08-27,337848539.31,7,9973203.09,0.0,0.0,40.0,0,50.0
897,897,2191,2026-08-27,10177099.16,13,3717381.4,0.0,0.0,42.0,1,100.0
898,898,2195,2026-08-27,35672171.28,8,18014973.78,0.0,76833373.03,48.0,2,33.33
899,899,2196,2026-08-27,45898212.25,20,11810236.23,0.0,0.0,44.0,0,25.0
900,900,2200,2026-08-27,17085805.77,28,8596886.95,0.0,0.0,85.0,2,25.0
901,901,2205,2026-08-27,80709623.06,16,15481936.3,0.0,228894664.05,100.0,1,50.0
902,902,2206,2026-08-27,16677379.01,17,5413924.75,0.0,0.0,41.0,1,50.0
903,903,2208,2026-08-27,1085327166.51,16,66658042.9,880125417.53,434391250.64,57.0,0,25.0
904,904,2213,2026-08-27,0.0,25,20941577.14,0.0,0.0,100.0,1,50.0
905,905,2217,2026-08-27,170917363.96,9,2248070.85,92006223.98,0.0,15.0,0,66.67
906,906,2220,2026-08-27,43268491.62,4,7279283.35,0.0,133792494.56,9.0,1,0.0
907,907,2222,2026-08-27,130106449.78,23,7635077.44,77535635.0,43445872.84,98.0,0,0.0
908,908,2225,2026-08-27,3944764636.41,20,46068783.86,3393157169.5,0.0,72.0,2,0.0
909,909,2227,2026-08-27,18804580.95,9,1148921.07,0.0,41036052.89,33.0,3,66.67
910,910,2230,2026-08-27,0.0,13,4303104.18,0.0,0.0,39.0,2,25.0
911,911,2235,2026-08-27,36594701.91,15,44580225.95,0.0,0.0,0.0,0,0.0
912,912,2240,2026-08-27,78349783.44,11,2015061.04,64372073.01,3746043.67,35.0,1,0.0
913,913,2243,2026-08-27,36283428.36,14,5673518.58,14484764.9,107817155.07,38.0,3,0.0
914,914,2244,2026-08-27,20089846.16,13,886510.76,0.0,0.0,34.0,0,50.0
915,915,2249,2026-08-27,0.0,14,847515.77,0.0,0.0,38.0,0,0.0
916,916,2252,2026-08-27,12136327.85,14,8690533.74,0.0,49251857.39,18.0,1,33.33
917,917,2254,2026-08-27,3784294204.79,22,285268035.12,1475521937.8600001,116133769.36,33.0,2,50.0
918,918,2258,2026-08-27,1530350575.77,18,224252529.7,0.0,0.0,42.0,2,50.0
919,919,2260,2026-08-27,90491601.0,14,2110400.82,0.0,0.0,44.0,1,0.0
920,920,2264,2026-08-27,15697572.42,20,5931800.55,0.0,8443654.74,100.0,3,25.0
921,921,2265,2026-08-27,152605667.05,15,152158206.64,0.0,0.0,54.0,2,50.0
922,922,2268,2026-08-27,9125633.46,15,5406521.13,0.0,0.0,35.0,0,0.0
923,923,2272,2026-08-27,450767342.17,20,62918992.94,196356901.72,389046964.8,94.0,2,0.0
924,924,2276,2026-08-27,8800685.98,19,4094153.85,0.0,0.0,100.0,0,25.0
925,925,2278,2026-08-27,20339138.8,16,8726225.9,0.0,110863591.08,48.0,2,100.0
926,926,2279,2026-08-27,11947708.35,19,1253004.6,0.0,0.0,57.0,1,50.0
927,927,2281,2026-08-27,236169412.57,19,15793829.54,210575871.79000002,89857306.64,34.0,0,0.0
928,928,2282,2026-08-27,92468849.66,8,5933783.36,0.0,368614587.69,0.0,1,0.0
929,929,2285,2026-08-27,589052180.49,23,208152044.07,0.0,0.0,0.0,0,0.0
930,930,2289,2026-08-27,11037858.2,5,239059.37,0.0,42020858.86,28.0,3,50.0
931,931,2292,2026-08-27,91221738.42,16,6341325.33,44804251.59,0.0,77.0,0,25.0
932,932,2296,2026-08-27,442968527.65,6,1058552.89,252685078.24,0.0,16.0,1,0.0
933,933,2297,2026-08-27,294666594.62,11,14341266.59,0.0,0.0,43.0,1,0.0
934,934,2299,2026-08-27,6881084.0,9,1261934.38,0.0,0.0,51.0,0,50.0
935,935,2300,2026-08-27,29670167.35,4,569842.21,0.0,0.0,22.0,0,0.0
936,936,2304,2026-08-27,64298969.9,12,4866287.07,0.0,25104278.2,48.0,1,33.33
937,937,2306,2026-08-27,13379748.45,12,2304574.38,0.0,0.0,42.0,0,0.0
938,938,2309,2026-08-27,421267251.16,16,72322453.05,134683376.63,317475409.85,0.0,1,50.0
939,939,2315,2026-08-27,44521899.16,11,1772191.36,0.0,0.0,28.0,2,50.0
940,940,2317,2026-08-27,96010399.45,16,10205913.5,0.0,0.0,49.0,1,0.0
941,941,2319,2026-08-27,15873139.54,13,3611743.25,0.0,0.0,44.0,3,100.0
942,942,2321,2026-08-27,100899415.99,9,4905112.3,25245280.84,0.0,45.0,0,0.0
943,943,2325,2026-08-27,0.0,12,1431379.12,0.0,0.0,40.0,0,0.0
944,944,2328,2026-08-27,209912274.46,14,1382004.34,187533679.69,0.0,54.0,1,25.0
945,945,2332,2026-08-27,767053233.5,13,884459.16,654991308.4300001,0.0,19.0,0,66.67
946,946,2333,2026-08-27,13730925.21,11,3512862.65,0.0,0.0,43.0,4,100.0
947,947,2335,2026-08-27,9733723.02,1,0.0,0.0,5372513.95,18.0,0,25.0
948,948,2338,2026-08-27,25335692.77,10,18788611.6,0.0,0.0,21.0,1,0.0
949,949,2339,2026-08-27,21867754.7,10,435394.49,0.0,0.0,19.0,1,0.0
950,950,2344,2026-08-27,605091081.53,17,14674433.55,438679467.28,0.0,0.0,0,33.33
951,951,2346,2026-08-27,13985679.51,21,3206817.6,0.0,69382555.86,85.0,1,0.0
952,952,2348,2026-08-27,19350212.31,21,3777540.34,0.0,0.0,35.0,0,66.67
953,953,2350,2026-08-27,13941370.09,14,962358.11,0.0,0.0,48.0,1,0.0
954,954,2352,2026-08-27,12770025.29,14,5119190.09,0.0,0.0,0.0,1,100.0
955,955,2353,2026-08-27,21142816.8,6,1392324.97,0.0,0.0,15.0,2,0.0
956,956,2356,2026-08-27,94201669.21,6,0.0,61408518.09,0.0,54.0,0,50.0
957,957,2358,2026-08-27,45935540.91,12,11616893.16,0.0,0.0,0.0,1,0.0
958,958,2359,2026-08-27,7948443.25,28,4792572.53,0.0,118123.32,79.0,1,100.0
959,959,2360,2026-08-27,173348251.35,16,9331278.1,102899253.64,0.0,99.0,1,0.0
960,960,2364,2026-08-27,33707168.46,30,2891859.04,23575484.59,0.0,100.0,1,0.0
961,961,2366,2026-08-27,8248775.03,24,3405459.94,0.0,0.0,92.0,1,0.0
962,962,2372,2026-08-27,326212867.87,11,575262.33,267123904.39,0.0,34.0,0,50.0
963,963,2374,2026-08-27,252757120.9,17,240809948.72,0.0,470434745.03,0.0,1,33.33
964,964,2377,2026-08-27,666826535.28,15,72930647.64,497242352.69,0.0,0.0,1,0.0
965,965,2379,2026-08-27,143865021.6,15,1432052.22,116062162.28,0.0,51.0,0,0.0
966,966,2380,2026-08-27,61511520.79,20,2877192.0,33047523.83,0.0,100.0,1,25.0
967,967,2384,2026-08-27,170707812.15,12,25545389.29,116087378.85,0.0,29.0,0,50.0
968,968,2387,2026-08-27,3495443.83,14,16554817.74,0.0,3940353.96,0.0,1,50.0
969,969,2390,2026-08-27,32473494.52,25,5481497.74,0.0,0.0,100.0,2,0.0
970,970,2393,2026-08-27,94221184.14,11,5486533.68,0.0,0.0,0.0,0,66.67
971,971,2394,2026-08-27,17764437.06,19,4704311.44,9477340.47,0.0,0.0,0,100.0
972,972,2395,2026-08-27,171607508.51,22,111731497.6,0.0,0.0,39.0,1,0.0
973,973,2399,2026-08-27,4443163939.17,14,216631503.66,3625182699.67,0.0,61.0,1,33.33
974,974,2400,2026-08-27,245834893.06,20,50660169.37,121677581.02,0.0,41.0,0,100.0
975,975,2402,2026-08-27,78480417.25,20,5443796.46,47879361.15,0.0,28.0,0,33.33
976,976,2404,2026-08-27,13038156.7,27,17233484.8,0.0,344602.64,100.0,1,100.0
977,977,2405,2026-08-27,150786555.31,23,33960395.73,0.0,0.0,93.0,0,100.0
978,978,2407,2026-08-27,362158645.17,8,10158228.41,260158694.13,542213327.97,41.0,0,0.0
979,979,2408,2026-08-27,21694257.82,20,8049178.78,0.0,0.0,100.0,0,66.67
980,980,2412,2026-08-27,22065986.52,7,1111089.56,0.0,35265595.77,46.0,0,25.0
981,981,2415,2026-08-27,26866451.34,11,6132102.4,0.0,0.0,22.0,0,50.0
982,982,2421,2026-08-27,124465123.23,11,1607678.28,64590957.73,0.0,25.0,2,50.0
983,983,2425,2026-08-27,20825796.73,3,0.0,0.0,0.0,0.0,1,0.0
984,984,2426,2026-08-27,53507957.77,25,11135811.96,53507957.77,39746380.8,100.0,1,100.0
985,985,2429,2026-08-27,30236343.84,13,6520728.17,0.0,0.0,43.0,1,33.33
986,986,2430,2026-08-27,27298471.46,11,6862263.71,0.0,0.0,0.0,0,0.0
987,987,2433,2026-08-27,442901926.12,10,16801232.96,258401748.18,43876680.08,34.0,0,75.0
988,988,2436,2026-08-27,160667997.35,26,134066976.47,0.0,0.0,46.0,1,25.0
989,989,2439,2026-08-27,144659158.04,10,3204622.71,46270196.239999995,0.0,52.0,2,0.0
990,990,2440,2026-08-27,21764585.8,12,2807142.28,0.0,10502789.65,44.0,0,0.0
991,991,2442,2026-08-27,0.0,31,9539962.32,0.0,0.0,98.0,2,0.0
992,992,2443,2026-08-27,41453848.04,4,5873265.45,0.0,0.0,0.0,1,100.0
993,993,2444,2026-08-27,52737993.15,8,740603.16,0.0,0.0,25.0,0,0.0
994,994,2446,2026-08-27,53465809.09,24,7476652.65,0.0,0.0,40.0,0,75.0
995,995,2449,2026-08-27,35960962.0,13,9954159.34,0.0,0.0,0.0,1,0.0
996,996,2452,2026-08-27,340330963.8,13,1051792.8,179375648.71,0.0,41.0,1,33.33
997,997,2454,2026-08-27,66379446.47,20,17348776.09,0.0,0.0,97.0,0,0.0
998,998,2455,2026-08-27,418210769.78,17,74483937.11,337366727.76,0.0,36.0,1,0.0
999,999,2457,2026-08-27,599932604.39,14,37605406.91,487690699.55,0.0,24.0,0,0.0
1000,1000,2459,2026-08-27,57273288.2,16,6568934.54,0.0,0.0,26.0,3,100.0
1001,1001,2463,2026-08-27,433923007.06,17,25016788.09,0.0,72235284.91,65.0,0,25.0
1002,1002,2466,2026-08-27,677571413.23,14,9791699.59,398402556.29999995,0.0,40.0,3,50.0
1003,1003,2468,2026-08-27,5357964224.86,23,230017221.32,4356636085.7,0.0,80.0,3,50.0
1004,1004,2470,2026-08-27,10091230.15,12,2717323.57,0.0,0.0,10.0,0,100.0
1005,1005,2471,2026-08-27,65857657.62,20,2887890.87,49949880.2,39781237.22,95.0,2,0.0
1006,1006,2476,2026-08-27,795220782.9,10,56216537.03,473568541.27,0.0,63.0,1,66.67
1007,1007,2478,2026-08-27,12449249.78,12,1333384.12,0.0,64728093.46,0.0,2,33.33
1008,1008,2481,2026-08-27,174206792.67,11,5914865.33,128550433.77,0.0,0.0,1,0.0
1009,1009,2482,2026-08-27,27829432.9,1,811244.04,0.0,138320315.96,0.0,1,100.0
1010,1010,2483,2026-08-27,1214695537.58,26,55971218.4,877699041.54,1616362990.09,100.0,3,33.33
1011,1011,2486,2026-08-27,31049274.12,5,432070.72,0.0,49754052.7,32.0,1,0.0
1012,1012,2489,2026-08-27,169183469.04,27,38686673.57,0.0,0.0,100.0,0,33.33
1013,1013,2490,2026-08-27,31468633.72,23,10590925.25,18864265.43,1654415.79,92.0,0,0.0
1014,1014,2495,2026-08-27,31000895.36,8,6579352.75,0.0,279257873.17,0.0,1,66.67
1015,1015,2496,2026-08-27,501197973.45,10,25045709.39,325276835.34,0.0,0.0,0,100.0
1016,1016,2498,2026-08-27,10324815.77,11,2378237.95,0.0,3121686.47,47.0,3,50.0
1017,1017,2501,2026-08-27,5630337.79,5,800065.71,0.0,0.0,17.0,0,0.0
1018,1018,2502,2026-08-27,182289780.56,11,17845493.0,0.0,0.0,21.0,0,50.0
1019,1019,2504,2026-08-27,6081818511.28,25,89392550.79,6081818511.280001,0.0,45.0,0,0.0
1020,1020,2507,2026-08-27,45713923.98,7,6854066.47,0.0,0.0,24.0,0,66.67
1021,1021,2512,2026-08-27,97775707.3,7,5700859.21,0.0,0.0,0.0,0,0.0
1022,1022,2513,2026-08-27,58454105.9,4,4429511.8,0.0,0.0,8.0,1,0.0
1023,1023,2516,2026-08-27,6439629.11,14,2055527.86,0.0,11241095.68,17.0,0,0.0
1024,1024,2517,2026-08-27,627532795.79,29,201643429.67,0.0,0.0,96.0,2,100.0
1025,1025,2520,2026-08-27,18116339.87,5,377408.92,0.0,28526356.74,0.0,1,0.0
1026,1026,2522,2026-08-27,65869475.62,16,7841460.27,0.0,0.0,43.0,2,0.0
1027,1027,2524,2026-08-27,21183522.22,14,3313435.05,0.0,0.0,31.0,0,0.0
1028,1028,2526,2026-08-27,926107062.59,13,13512470.97,436809248.43,0.0,50.0,1,100.0
1029,1029,2527,2026-08-27,38836186.1,4,1371163.15,0.0,0.0,0.0,1,50.0
1030,1030,2529,2026-08-27,286064088.13,17,11262040.35,195856256.57,0.0,0.0,1,66.67
1031,1031,2534,2026-08-27,18608383.16,18,3561389.57,0.0,0.0,100.0,0,33.33
1032,1032,2535,2026-08-27,36018223.49,4,1816977.18,0.0,2836683.42,14.0,4,0.0
1033,1033,2539,2026-08-27,17884444.9,17,4177993.47,0.0,0.0,100.0,2,0.0
1034,1034,2541,2026-08-27,11256564.46,16,3590012.66,0.0,0.0,0.0,0,100.0
1035,1035,2543,2026-08-27,323766207.19,15,7315309.96,270943090.8,0.0,19.0,0,66.67
1036,1036,2545,2026-08-27,25384567.28,6,4149109.95,0.0,0.0,32.0,3,50.0
1037,1037,2548,2026-08-27,78556314.65,14,6752672.26,46576743.54,0.0,0.0,3,100.0
1038,1038,2550,2026-08-27,468476343.5,16,24042431.84,425635287.19000006,0.0,42.0,1,50.0
1039,1039,2551,2026-08-27,151513785.8,16,4113601.0,0.0,0.0,0.0,1,0.0
1040,1040,2552,2026-08-27,916227237.54,21,23094724.99,698688164.3,126217219.3,65.0,0,0.0
1041,1041,2554,2026-08-27,60862591.7,21,80863438.77,0.0,0.0,41.0,1,0.0
1042,1042,2556,2026-08-27,13275715.55,6,1877948.46,0.0,0.0,4.0,0,0.0
1043,1043,2557,2026-08-27,73004584.62,5,0.0,35167680.01,0.0,11.0,4,0.0
1044,1044,2560,2026-08-27,59138950.06,6,1680566.02,0.0,448152290.82,0.0,3,0.0
1045,1045,2562,2026-08-27,2596897761.36,23,410028291.02,2130654389.4,140290895.67,54.0,5,33.33
1046,1046,2565,2026-08-27,470402687.88,11,17321576.08,178915932.47,0.0,33.0,1,0.0
1047,1047,2567,2026-08-27,32452400.67,16,367246.08,0.0,15702558.48,46.0,0,0.0
1048,1048,2569,2026-08-27,14267066.77,6,1074721.81,0.0,242741901.63,27.0,0,0.0
1049,1049,2571,2026-08-27,12261065.75,18,998469.81,0.0,0.0,33.0,1,0.0
1050,1050,2574,2026-08-27,36504860.93,19,5600179.27,0.0,0.0,63.0,1,50.0
1051,1051,2576,2026-08-27,50036924.29,2,135781.98,39199203.21,8677148.26,0.0,1,0.0
1052,1052,2579,2026-08-27,1937691941.91,9,56855820.27,944303171.85,0.0,43.0,2,25.0
1053,1053,2583,2026-08-27,61459841.62,20,8035010.57,0.0,185464963.24,47.0,3,33.33
1054,1054,2585,2026-08-27,1190701366.61,17,68986393.46,870043411.86,0.0,45.0,3,0.0
1055,1055,2589,2026-08-27,84027808.29,14,1045984.21,72745171.68,16117129.02,40.0,0,33.33
1056,1056,2590,2026-08-27,40071191.82,1,1098010.89,35554149.51,24733662.68,2.0,1,0.0
1057,1057,2594,2026-08-27,29679628.22,9,2397117.53,16366908.56,0.0,0.0,1,0.0
1058,1058,2596,2026-08-27,60962531.08,18,6745730.83,0.0,0.0,0.0,0,0.0
1059,1059,2597,2026-08-27,206544276.93,25,9347892.84,162808973.53,0.0,100.0,1,33.33
1060,1060,2600,2026-08-27,47669306.99,4,0.0,0.0,0.0,23.0,5,50.0
1061,1061,2604,2026-08-27,38129023.76,8,3382225.72,0.0,0.0,0.0,1,33.33
1062,1062,2607,2026-08-27,26859074.3,25,13743588.05,13247445.89,0.0,100.0,1,0.0
1063,1063,2608,2026-08-27,48655903.54,12,2955600.45,18612126.01,0.0,31.0,1,33.33
1064,1064,2611,2026-08-27,31319874.62,17,1906296.35,0.0,0.0,100.0,4,50.0
1065,1065,2618,2026-08-27,359977982.01,15,26916502.43,196129402.13,0.0,27.0,0,25.0
1066,1066,2619,2026-08-27,778561108.59,8,35404512.3,0.0,0.0,0.0,1,33.33
1067,1067,2624,2026-08-27,1001682054.58,11,59080822.99,616655996.11,0.0,49.0,1,25.0
1068,1068,2628,2026-08-27,9413625.4,1,788040.34,0.0,9768315.43,14.0,1,0.0
1069,1069,2630,2026-08-27,710085934.9,22,41737787.67,480461935.26,738086661.37,47.0,1,50.0
1070,1070,2635,2026-08-27,404114700.1,14,31107442.55,293005949.56,363305205.48,51.0,1,0.0
1071,1071,2639,2026-08-27,309871191.93,11,21943725.92,235929397.63,48367053.17,0.0,2,0.0
1072,1072,2640,2026-08-27,11631767.52,34,4937043.3,0.0,0.0,100.0,1,0.0
1073,1073,2642,2026-08-27,398803264.15,16,12352197.44,339956521.16,247853611.93,0.0,1,75.0
1074,1074,2645,2026-08-27,17370453.6,8,975274.99,17370453.6,50651443.08,36.0,0,0.0
1075,1075,2649,2026-08-27,142348342.64,12,7150611.64,0.0,0.0,31.0,1,25.0
1076,1076,2652,2026-08-27,130964762.29,11,13520602.53,80008207.87,0.0,41.0,1,100.0
1077,1077,2653,2026-08-27,82013849.53,32,28693109.45,0.0,0.0,94.0,0,25.0
1078,1078,2658,2026-08-27,26098792.31,23,5283164.53,0.0,15757526.56,100.0,1,25.0
1079,1079,2662,2026-08-27,13658085.02,34,8034040.47,0.0,0.0,100.0,0,0.0
1080,1080,2664,2026-08-27,170155409.52,9,1758295.92,105026397.23,0.0,0.0,0,0.0
1081,1081,2665,2026-08-27,24165068.79,15,3475396.51,0.0,0.0,42.0,0,0.0
1082,1082,2667,2026-08-27,61157857.65,17,3426140.96,41327584.38,0.0,0.0,1,0.0
1083,1083,2669,2026-08-27,182440377.47,13,8607541.01,129833016.8,0.0,55.0,0,0.0
1084,1084,2672,2026-08-27,94131431.57,9,1616226.07,64526120.79,0.0,33.0,1,0.0
1085,1085,2675,2026-08-27,16456221.93,13,238015.03,0.0,0.0,0.0,1,0.0
1086,1086,2677,2026-08-27,74591658.49,8,981846.68,55789530.33,2304623.66,0.0,0,0.0
1087,1087,2680,2026-08-27,33401604.9,9,4688022.11,0.0,0.0,0.0,0,0.0
1088,1088,2681,2026-08-27,22237111.31,17,7369541.38,16222347.32,1736827.32,0.0,1,0.0
1089,1089,2682,2026-08-27,22029193.49,32,27308965.09,0.0,0.0,100.0,1,0.0
1090,1090,2686,2026-08-27,440549987.73,6,12708738.66,0.0,0.0,27.0,2,0.0
1091,1091,2687,2026-08-27,37362514.52,20,3718717.35,28043183.52,94319186.52,55.0,1,0.0
1092,1092,2690,2026-08-27,44994048.21,7,628742.85,29741177.04,28950662.67,0.0,3,50.0
1093,1093,2692,2026-08-27,17293909.7,13,42050759.45,0.0,0.0,9.0,0,0.0
1094,1094,2695,2026-08-27,44317495.16,9,5590547.98,0.0,110952819.87,65.0,0,100.0
1095,1095,2697,2026-08-27,55165732.58,25,60397469.54,0.0,0.0,100.0,1,0.0
1096,1096,2699,2026-08-27,546044707.39,18,59828768.43,427935442.03999996,0.0,35.0,0,33.33
1097,1097,2702,2026-08-27,17756539.39,14,142538.99,0.0,0.0,27.0,2,33.33
1098,1098,2705,2026-08-27,92119621.85,12,1700853.77,0.0,0.0,29.0,1,25.0
1099,1099,2708,2026-08-27,130870368.78,12,4900881.4,91840688.18,0.0,29.0,0,0.0
1100,1100,2713,2026-08-27,95989741.72,16,3636981.81,67424035.82,0.0,48.0,2,0.0
1101,1101,2717,2026-08-27,4064554651.67,12,131701736.08,2246456416.6,0.0,36.0,1,50.0
1102,1102,2719,2026-08-27,217787050.96,15,9744600.09,0.0,0.0,47.0,0,33.33
1103,1103,2721,2026-08-27,35694265.69,11,8589343.21,0.0,0.0,26.0,2,0.0
1104,1104,2722,2026-08-27,1142533872.42,10,4717348.86,1041464469.58,0.0,0.0,1,100.0
1105,1105,2723,2026-08-27,187830462.54,16,88377938.26,0.0,106174275.07,50.0,2,0.0
1106,1106,2724,2026-08-27,351982081.2,4,447168.21,97849841.83,0.0,40.0,0,0.0
1107,1107,2725,2026-08-27,97752601.36,22,14399231.18,0.0,91166991.71,44.0,0,0.0
1108,1108,2728,2026-08-27,126432368.5,18,23754052.72,89180176.35,0.0,38.0,2,100.0
1109,1109,2732,2026-08-27,3516497.14,11,3867518.79,0.0,0.0,51.0,0,25.0
1110,1110,2734,2026-08-27,17550457.83,20,2476275.83,0.0,0.0,49.0,0,0.0
1111,1111,2735,2026-08-27,25784024.27,15,3358443.94,13895822.47,0.0,58.0,2,0.0
1112,1112,2736,2026-08-27,142464126.3,13,16281475.7,0.0,0.0,0.0,1,0.0
1113,1113,2737,2026-08-27,12632068.78,28,7250571.99,0.0,22433663.46,100.0,0,0.0
1114,1114,2739,2026-08-27,413616818.07,7,2282638.3,297628995.43,0.0,56.0,0,0.0
1115,1115,2743,2026-08-27,14097898.21,8,3327749.58,0.0,10636025.42,55.0,0,25.0
1116,1116,2744,2026-08-27,759475730.12,22,332708760.23,0.0,1587056400.74,47.0,1,0.0
1117,1117,2746,2026-08-27,506799737.34,21,13671518.15,187096920.73,500440074.55,47.0,2,0.0
1118,1118,2752,2026-08-27,30211039.83,4,374808.95,0.0,0.0,43.0,0,25.0
1119,1119,2755,2026-08-27,54205217.03,19,21201544.77,0.0,0.0,25.0,1,33.33
1120,1120,2757,2026-08-27,8620583.0,5,166614.04,0.0,0.0,29.0,0,0.0
1121,1121,2758,2026-08-27,12096695.58,5,1142381.19,0.0,4376793.54,21.0,4,100.0
1122,1122,2759,2026-08-27,453338730.2,20,129177044.48,152169887.97,0.0,32.0,1,100.0
1123,1123,2760,2026-08-27,156478782.85,21,13390380.24,124261196.5,0.0,0.0,0,0.0
1124,1124,2761,2026-08-27,25008660.67,18,6582290.63,0.0,0.0,0.0,1,100.0
1125,1125,2764,2026-08-27,865137268.83,10,2482307.29,833123240.21,0.0,53.0,2,50.0
1126,1126,2766,2026-08-27,20461808.19,26,5235949.14,0.0,0.0,96.0,2,25.0
1127,1127,2770,2026-08-27,37139258.9,33,9631060.31,12111269.84,0.0,100.0,1,0.0
1128,1128,2773,2026-08-27,14307823.41,2,398416.67,14307823.41,25502241.44,0.0,0,0.0
1129,1129,2775,2026-08-27,39025408.23,3,0.0,33545074.37,5497954.56,0.0,2,0.0
1130,1130,2779,2026-08-27,27396726.13,11,2341961.33,0.0,0.0,35.0,2,0.0
1131,1131,2782,2026-08-27,20803739.58,10,968953.04,0.0,7378998.79,24.0,1,0.0
1132,1132,2789,2026-08-27,252192637.87,28,27472831.25,141607972.13,0.0,93.0,1,50.0
1133,1133,2791,2026-08-27,1914775825.88,22,355998614.09,1093043364.59,0.0,59.0,2,0.0
1134,1134,2793,2026-08-27,7274481.56,3,272560.75,0.0,0.0,0.0,2,25.0
1135,1135,2796,2026-08-27,13568425.42,17,1154519.01,0.0,0.0,32.0,2,0.0
1136,1136,2800,2026-08-27,42749076.17,14,14263474.52,0.0,0.0,41.0,1,0.0
1137,1137,2801,2026-08-27,254869978.06,36,9731903.43,177891094.03,0.0,100.0,2,0.0
1138,1138,2803,2026-08-27,207879930.85,10,12381576.52,31513117.67,0.0,55.0,0,33.33
1139,1139,2805,2026-08-27,358643326.86,23,337715277.22,0.0,0.0,44.0,4,0.0
1140,1140,2807,2026-08-27,7428719.44,6,3639034.67,0.0,5875600.55,9.0,1,0.0
1141,1141,2812,2026-08-27,212520560.34,11,9252329.95,0.0,0.0,35.0,0,25.0
1142,1142,2814,2026-08-27,22422563.93,18,5717065.81,6891328.9,45878780.76,29.0,1,0.0
1143,1143,2819,2026-08-27,40421948.66,7,0.0,0.0,16247953.45,32.0,1,50.0
1144,1144,2823,2026-08-27,58758259.38,12,15858194.5,0.0,0.0,32.0,1,0.0
1145,1145,2827,2026-08-27,354605152.69,8,15562557.46,137747462.25,0.0,26.0,2,25.0
1146,1146,2828,2026-08-27,567463372.63,11,39824414.24,567463372.63,0.0,44.0,1,25.0
1147,1147,2832,2026-08-27,75832882.94,7,7442678.7,60740842.84,32868599.16,0.0,2,0.0
1148,1148,2833,2026-08-27,25715247.45,7,1883346.12,0.0,0.0,19.0,3,0.0
1149,1149,2834,2026-08-27,97377829.73,17,10920244.64,0.0,38886745.98,100.0,0,50.0
1150,1150,2836,2026-08-27,86252447.64,7,13092705.34,0.0,0.0,29.0,2,33.33
1151,1151,2839,2026-08-27,38456694.73,16,12292951.3,0.0,0.0,43.0,2,0.0
1152,1152,2842,2026-08-27,651980540.6,15,17408152.68,539623369.54,0.0,46.0,0,0.0
1153,1153,2848,2026-08-27,112653118.61,21,48279645.08,0.0,0.0,32.0,1,0.0
1154,1154,2850,2026-08-27,12048946.99,19,3204454.6,0.0,0.0,36.0,0,0.0
1155,1155,2854,2026-08-27,0.0,23,4982901.43,0.0,0.0,100.0,2,0.0
1156,1156,2855,2026-08-27,1737961089.34,23,51395204.23,1153638795.46,54310812.82,42.0,2,33.33
1157,1157,2858,2026-08-27,1089442513.66,17,134515978.66,858058803.14,0.0,60.0,2,0.0
1158,1158,2859,2026-08-27,1019039421.05,18,79517996.33,328441653.8,0.0,40.0,1,33.33
1159,1159,2862,2026-08-27,981376413.57,9,6264103.76,776920675.6899999,645149333.22,31.0,1,0.0
1160,1160,2864,2026-08-27,43412902.55,15,9353819.41,0.0,0.0,44.0,0,33.33
1161,1161,2866,2026-08-27,473362177.27,15,448056601.28,0.0,0.0,38.0,3,0.0
1162,1162,2867,2026-08-27,16926736.86,4,1753770.32,0.0,0.0,28.0,0,100.0
1163,1163,2868,2026-08-27,80897350.06,14,896633.34,63782839.870000005,25832690.96,14.0,0,0.0
1164,1164,2870,2026-08-27,23801380.14,14,3595982.81,0.0,0.0,37.0,2,0.0
1165,1165,2872,2026-08-27,52684013.21,13,5311113.59,0.0,63314957.04,0.0,0,100.0
1166,1166,2873,2026-08-27,45251658.94,12,12554943.98,0.0,0.0,0.0,0,50.0
1167,1167,2877,2026-08-27,220123843.28,11,5161302.55,220123843.28,0.0,0.0,0,0.0
1168,1168,2879,2026-08-27,397623548.5,23,5754481.53,357041296.12,0.0,86.0,0,0.0
1169,1169,2880,2026-08-27,15751752.76,10,1219257.3,10880650.4,0.0,12.0,1,50.0
1170,1170,2882,2026-08-27,1536236720.69,14,815869828.3,0.0,0.0,65.0,2,0.0
1171,1171,2888,2026-08-27,28239725.24,19,8853067.14,0.0,0.0,0.0,1,100.0
1172,1172,2891,2026-08-27,15781499.3,2,0.0,0.0,27731654.74,32.0,2,33.33
1173,1173,2894,2026-08-27,10341644.25,13,1690011.74,0.0,0.0,39.0,0,25.0
1174,1174,2897,2026-08-27,47753972.15,2,621487.24,9811136.01,0.0,0.0,1,0.0
1175,1175,2902,2026-08-27,40537520.76,28,5757238.59,0.0,88176655.73,100.0,1,33.33
1176,1176,2904,2026-08-27,47299803.97,3,3875919.86,0.0,0.0,8.0,3,0.0
1177,1177,2906,2026-08-27,60933336.95,22,60024807.29,0.0,0.0,93.0,0,33.33
1178,1178,2908,2026-08-27,633187057.38,22,99493171.2,589655066.8299999,0.0,36.0,3,50.0
1179,1179,2912,2026-08-27,16486624.23,21,2981041.37,0.0,58084418.95,30.0,4,0.0
1180,1180,2917,2026-08-27,10869618.17,18,426671.23,0.0,0.0,20.0,1,50.0
1181,1181,2921,2026-08-27,6103112.5,1,0.0,0.0,49700078.95,25.0,3,0.0
1182,1182,2922,2026-08-27,2093230893.86,19,122243929.16,1353770440.6,0.0,46.0,1,0.0
1183,1183,2924,2026-08-27,218683843.39,18,23628616.6,0.0,0.0,0.0,3,50.0
1184,1184,2928,2026-08-27,31872852.93,12,1969781.54,0.0,165911920.33,51.0,1,25.0
1185,1185,2931,2026-08-27,13891040.09,14,3026379.95,0.0,0.0,60.0,2,33.33
1186,1186,2933,2026-08-27,79129866.47,6,11477688.07,0.0,0.0,44.0,0,0.0
1187,1187,2939,2026-08-27,806287193.66,11,30957051.48,413528396.32,112377656.92,0.0,3,66.67
1188,1188,2940,2026-08-27,16226863.92,10,3639049.25,0.0,68997626.49,35.0,0,0.0
1189,1189,2943,2026-08-27,1145418512.68,21,240838632.51,0.0,0.0,0.0,1,50.0
1190,1190,2945,2026-08-27,13432678.57,3,580972.94,0.0,31039370.57,0.0,1,100.0
1191,1191,2947,2026-08-27,135547037.9,5,6406315.86,90766505.02000001,0.0,0.0,1,66.67
1192,1192,2952,2026-08-27,737741142.51,13,1689189.52,631182121.79,0.0,0.0,0,75.0
1193,1193,2953,2026-08-27,8888236.43,16,1901881.46,0.0,0.0,42.0,1,50.0
1194,1194,2955,2026-08-27,28706230.09,15,14106196.39,0.0,56184853.11,0.0,0,0.0
1195,1195,2956,2026-08-27,22302965.09,10,603405.06,0.0,37536603.09,28.0,1,0.0
1196,1196,2957,2026-08-27,22011742.23,10,1307890.86,0.0,33237965.19,57.0,2,50.0
1197,1197,2960,2026-08-27,43469165.8,14,5285361.59,0.0,130232802.47,26.0,0,50.0
1198,1198,2961,2026-08-27,5853271.17,8,4180361.73,0.0,0.0,0.0,2,0.0
1199,1199,2967,2026-08-27,29160744.0,14,4072710.25,22466118.26,5792967.55,26.0,0,50.0
1200,1200,2969,2026-08-27,115329782.77,5,0.0,83695833.88,0.0,0.0,3,0.0
1201,1201,2971,2026-08-27,42468175.67,24,16858028.85,0.0,0.0,100.0,1,25.0
1202,1202,2975,2026-08-27,356354854.08,21,11738358.22,316939482.26,0.0,100.0,0,0.0
1203,1203,2978,2026-08-27,25049457.71,8,948062.55,0.0,0.0,19.0,0,33.33
1204,1204,2981,2026-08-27,26431590.23,5,1399382.34,14310215.62,42310336.84,19.0,2,0.0
1205,1205,2982,2026-08-27,907074028.84,10,219630424.5,483685591.16,152046153.56,52.0,1,0.0
1206,1206,2983,2026-08-27,4083825542.28,13,173386095.32,3838686550.65,0.0,50.0,2,0.0
1207,1207,2985,2026-08-27,18683452.38,32,9833209.37,0.0,0.0,100.0,4,66.67
1208,1208,2987,2026-08-27,27547446.97,30,3818347.31,0.0,1932598.25,100.0,2,0.0
1209,1209,2988,2026-08-27,14808641.22,13,1129452.0,0.0,0.0,0.0,0,0.0
1210,1210,2990,2026-08-27,51781319.81,11,4126355.67,0.0,0.0,43.0,0,100.0
1211,1211,2992,2026-08-27,33753397.39,6,0.0,27904553.73,103704046.22,0.0,5,0.0
1212,1212,2994,2026-08-27,120521723.28,12,35630986.29,35600738.31,0.0,0.0,1,0.0
1213,1213,2998,2026-08-27,45784714.29,26,18569196.78,24027746.81,0.0,94.0,2,0.0
1214,1214,3002,2026-08-27,462835391.52,21,142289125.62,0.0,0.0,38.0,1,75.0
1215,1215,3005,2026-08-27,28059608.14,16,1671071.64,15616470.72,0.0,54.0,0,50.0
1216,1216,3007,2026-08-27,22802439.61,19,3764981.84,0.0,0.0,100.0,1,0.0
1217,1217,3011,2026-08-27,1801835008.67,17,59370272.27,938599311.5699999,0.0,0.0,0,0.0
1218,1218,3013,2026-08-27,26123435.44,22,5509021.02,0.0,0.0,100.0,4,50.0
1219,1219,3016,2026-08-27,6460087.34,5,224131.87,0.0,19636463.26,0.0,1,33.33
1220,1220,3019,2026-08-27,572082268.36,17,23021730.27,445538896.37,0.0,0.0,1,0.0
1221,1221,3024,2026-08-27,406077534.56,24,104593593.03,0.0,0.0,50.0,0,33.33
1222,1222,3025,2026-08-27,19469956.97,14,1748582.44,0.0,0.0,40.0,1,0.0
1223,1223,3027,2026-08-27,39858538.11,12,12968371.32,0.0,91591078.68,33.0,1,0.0
1224,1224,3029,2026-08-27,9671159.49,4,564454.65,0.0,0.0,22.0,1,0.0
1225,1225,3030,2026-08-27,27170601.64,14,2146511.39,0.0,0.0,40.0,1,0.0
1226,1226,3032,2026-08-27,5210144.31,13,1498705.76,0.0,0.0,0.0,0,0.0
1227,1227,3033,2026-08-27,220222484.99,23,11042074.38,189098291.22,0.0,100.0,0,33.33
1228,1228,3036,2026-08-27,99725994.95,21,4053838.12,51446778.27,1003024.92,89.0,0,0.0
1229,1229,3037,2026-08-27,56556352.99,7,1211990.3,0.0,0.0,36.0,2,0.0
1230,1230,3038,2026-08-27,1168966603.15,25,195535678.87,832388575.18,680262621.75,60.0,1,0.0
1231,1231,3040,2026-08-27,104717006.12,16,7562502.82,0.0,0.0,52.0,0,50.0
1232,1232,3043,2026-08-27,30546019.87,29,25597884.86,0.0,0.0,100.0,3,33.33
1233,1233,3045,2026-08-27,62432798.79,25,9371541.58,0.0,0.0,40.0,0,100.0
1234,1234,3047,2026-08-27,52007696.09,3,583167.31,40099156.24,0.0,19.0,4,0.0
1235,1235,3051,2026-08-27,32495596.14,24,3078858.9,25802376.26,0.0,61.0,2,33.33
1236,1236,3053,2026-08-27,321186139.51,23,90993171.85,0.0,0.0,54.0,2,0.0
1237,1237,3055,2026-08-27,23328398.84,18,6125179.58,0.0,0.0,47.0,1,75.0
1238,1238,3060,2026-08-27,523666516.76,11,22947311.26,253746387.55,0.0,26.0,1,0.0
1239,1239,3062,2026-08-27,18342297.99,14,3253041.53,0.0,0.0,38.0,2,66.67
1240,1240,3067,2026-08-27,3089419297.76,14,100323064.52,1602442581.42,9758250635.88,48.0,0,50.0
1241,1241,3068,2026-08-27,29903362.97,13,4798147.1,0.0,149954897.73,42.0,1,25.0
1242,1242,3073,2026-08-27,190054364.62,9,12073817.33,0.0,239493111.55,37.0,0,50.0
1243,1243,3076,2026-08-27,1148482316.64,15,13566118.68,1096648052.69,469260419.06,0.0,1,100.0
1244,1244,3078,2026-08-27,5195650183.1,19,665895341.68,4490199943.01,0.0,40.0,2,50.0
1245,1245,3080,2026-08-27,316294863.18,17,19335159.33,0.0,0.0,28.0,2,66.67
1246,1246,3085,2026-08-27,94362797.64,14,5009590.32,80625894.12,0.0,0.0,2,75.0
1247,1247,3086,2026-08-27,271820098.92,25,46645701.63,248983273.05,0.0,95.0,2,0.0
1248,1248,3089,2026-08-27,98174759.39,15,24751187.56,0.0,104847494.67,34.0,0,33.33
1249,1249,3091,2026-08-27,460060443.63,7,3147394.23,420045667.76,170642743.56,0.0,2,0.0
1250,1250,3094,2026-08-27,49532818.28,9,1055412.03,31673214.55,0.0,32.0,0,0.0
1251,1251,3096,2026-08-27,175899164.67,16,24452392.35,0.0,0.0,41.0,2,50.0
1252,1252,3100,2026-08-27,167359640.41,24,17722556.94,0.0,0.0,52.0,1,33.33
1253,1253,3104,2026-08-27,177370033.62,18,8678100.39,0.0,0.0,81.0,0,33.33
1254,1254,3105,2026-08-27,11355019.66,24,1071902.85,0.0,0.0,100.0,0,0.0
1255,1255,3106,2026-08-27,180184004.73,20,23931221.69,0.0,0.0,43.0,0,0.0
1256,1256,3107,2026-08-27,164981701.53,18,17595555.41,164981701.53,128843848.55,43.0,0,0.0
1257,1257,3110,2026-08-27,21084406.95,6,694713.41,0.0,0.0,9.0,1,0.0
1258,1258,3111,2026-08-27,21842288.15,3,1220423.92,0.0,0.0,35.0,0,50.0
1259,1259,3113,2026-08-27,115796872.99,27,14588717.33,94314760.56,6269953.33,100.0,0,50.0
1260,1260,3115,2026-08-27,13583133.26,11,2161273.6,0.0,49835523.91,35.0,1,25.0
1261,1261,3119,2026-08-27,435351002.39,28,50513583.98,296557972.92,344081932.27,69.0,1,0.0
1262,1262,3125,2026-08-27,337938988.67,10,926054.05,279822885.34,0.0,29.0,0,33.33
1263,1263,3127,2026-08-27,296301995.13,13,6389513.66,242694995.52,0.0,26.0,0,0.0
1264,1264,3128,2026-08-27,39061316.15,11,15164241.6,0.0,0.0,0.0,1,0.0
1265,1265,3130,2026-08-27,105236374.67,30,27921291.27,59021990.88,0.0,100.0,0,25.0
1266,1266,3135,2026-08-27,166159771.7,13,18137872.66,0.0,751136928.49,22.0,0,0.0
1267,1267,3137,2026-08-27,61887130.63,11,1799716.98,51770418.64,0.0,43.0,0,50.0
1268,1268,3138,2026-08-27,114627347.9,9,4411022.15,0.0,0.0,37.0,1,50.0
1269,1269,3141,2026-08-27,171995337.26,15,3882446.33,167595658.79,0.0,100.0,0,50.0
1270,1270,3142,2026-08-27,26259161.28,18,7034649.54,0.0,0.0,100.0,1,0.0
1271,1271,3143,2026-08-27,25423829.48,8,1113620.02,0.0,15548766.88,34.0,1,0.0
1272,1272,3147,2026-08-27,158862140.08,15,30648175.05,0.0,0.0,38.0,1,50.0
1273,1273,3151,2026-08-27,613450223.96,16,34116552.69,193047962.31,0.0,51.0,0,25.0
1274,1274,3154,2026-08-27,6639934.12,30,31880385.98,0.0,0.0,98.0,0,0.0
1275,1275,3155,2026-08-27,636024225.68,27,342051100.98,636024225.68,0.0,46.0,0,100.0
1276,1276,3156,2026-08-27,657689031.33,20,51063438.57,438274863.6,0.0,51.0,0,50.0
1277,1277,3158,2026-08-27,15590724.17,19,2201324.81,0.0,4381667.73,48.0,3,50.0
1278,1278,3162,2026-08-27,7435743680.85,18,149024681.88,5442360322.33,0.0,49.0,2,0.0
1279,1279,3165,2026-08-27,502072572.24,13,26200614.04,361650613.5,1137152856.31,0.0,1,50.0
1280,1280,3168,2026-08-27,24155605.62,26,3234143.34,14059166.0,0.0,97.0,0,0.0
1281,1281,3170,2026-08-27,1004260337.1,25,28046071.58,548409649.91,0.0,25.0,0,100.0
1282,1282,3172,2026-08-27,525255177.9,13,45205313.46,473046628.72,0.0,35.0,0,0.0
1283,1283,3173,2026-08-27,537001756.59,13,9803433.21,362758135.69,0.0,45.0,0,0.0
1284,1284,3176,2026-08-27,66441110.92,24,2685036.63,21439009.52,0.0,100.0,0,0.0
1285,1285,3178,2026-08-27,58253082.87,5,1312486.41,0.0,0.0,0.0,2,0.0
1286,1286,3183,2026-08-27,26051189.0,11,6351690.62,0.0,0.0,43.0,1,0.0
1287,1287,3184,2026-08-27,605975599.48,15,20395971.05,0.0,0.0,61.0,1,25.0
1288,1288,3188,2026-08-27,226780890.66,14,2540897.75,176596903.86,0.0,63.0,0,100.0
1289,1289,3191,2026-08-27,266155391.78,12,9121956.14,200013022.31,0.0,53.0,0,100.0
1290,1290,3193,2026-08-27,459083589.12,16,19701837.29,0.0,0.0,100.0,3,0.0
1291,1291,3195,2026-08-27,87699157.14,30,18963910.43,0.0,0.0,100.0,0,0.0
1292,1292,3199,2026-08-27,10960550.31,3,2526110.55,0.0,0.0,0.0,4,0.0
1293,1293,3201,2026-08-27,34024214.86,24,30559194.05,0.0,0.0,96.0,0,0.0
1294,1294,3202,2026-08-27,91564157.48,10,2360270.73,0.0,0.0,26.0,1,0.0
1295,1295,3203,2026-08-27,296139355.43,11,5986220.66,97315668.66,0.0,0.0,1,66.67
1296,1296,3206,2026-08-27,798179748.6,10,20318776.0,201244429.3,0.0,67.0,0,33.33
1297,1297,3211,2026-08-27,224896565.59,16,40832665.36,149847337.94,0.0,34.0,1,33.33
1298,1298,3213,2026-08-27,33623920.18,20,5905723.83,0.0,0.0,68.0,1,33.33
1299,1299,3215,2026-08-27,11973151.03,6,793270.19,0.0,0.0,0.0,0,0.0
1300,1300,3218,2026-08-27,92107293.76,17,19327277.45,55599974.94,22415993.08,39.0,0,25.0
1301,1301,3222,2026-08-27,50075894.92,10,6965674.53,35107646.78,8883584.91,62.0,2,75.0
1302,1302,3225,2026-08-27,72884450.58,27,9753347.34,50228463.71,141948963.73,100.0,2,0.0
1303,1303,3226,2026-08-27,22152488.34,6,282490.59,0.0,0.0,14.0,1,0.0
1304,1304,3230,2026-08-27,13853183.45,20,1013990.66,0.0,32519547.72,48.0,0,33.33
1305,1305,3233,2026-08-27,107295426.94,10,15194068.79,0.0,0.0,0.0,1,0.0
1306,1306,3235,2026-08-27,33696204.62,10,829577.16,18733095.52,0.0,38.0,3,25.0
1307,1307,3239,2026-08-27,52657527.8,30,7298075.58,18860958.82,112328894.81,82.0,1,33.33
1308,1308,3243,2026-08-27,12731245.5,3,2068813.92,0.0,0.0,0.0,2,0.0
1309,1309,3244,2026-08-27,1517357153.49,17,144153031.49,1295909948.92,213574880.27,52.0,2,100.0
1310,1310,3247,2026-08-27,76285000.35,11,7140131.21,0.0,0.0,0.0,1,0.0
1311,1311,3249,2026-08-27,299130181.85,17,21430105.79,162068385.06,0.0,0.0,0,50.0
1312,1312,3250,2026-08-27,104560780.3,18,20450232.86,0.0,0.0,0.0,1,0.0
1313,1313,3253,2026-08-27,184071364.52,25,97265231.49,85144981.36,0.0,100.0,1,0.0
1314,1314,3254,2026-08-27,237534418.44,22,74497680.88,0.0,0.0,46.0,1,0.0
1315,1315,3256,2026-08-27,978178785.86,15,254713973.04,306912262.67,0.0,58.0,2,33.33
1316,1316,3260,2026-08-27,82994242.28,4,0.0,68011980.11,0.0,21.0,0,0.0
1317,1317,3262,2026-08-27,62812729.31,26,11035555.8,0.0,0.0,91.0,3,0.0
1318,1318,3265,2026-08-27,2744232743.0,23,264998601.37,2028905131.99,0.0,56.0,3,33.33
1319,1319,3270,2026-08-27,7447306.81,6,0.0,0.0,0.0,8.0,0,50.0
1320,1320,3271,2026-08-27,69808091.11,14,1472011.65,42197910.88,0.0,33.0,0,0.0
1321,1321,3273,2026-08-27,16458163.12,29,3222582.02,0.0,33434788.01,100.0,4,66.67
1322,1322,3276,2026-08-27,36078508.87,29,1860305.63,0.0,0.0,92.0,2,33.33
1323,1323,3282,2026-08-27,88333120.52,21,70648553.93,0.0,0.0,64.0,1,75.0
1324,1324,3283,2026-08-27,44636174.17,7,1445887.8,34093899.45,0.0,38.0,1,33.33
1325,1325,3286,2026-08-27,1549699123.4,14,20713479.83,363836289.7,0.0,43.0,1,75.0
1326,1326,3290,2026-08-27,66152142.15,14,2373091.98,52321907.38,0.0,17.0,1,0.0
1327,1327,3292,2026-08-27,581859318.89,12,3594180.36,561291439.5,0.0,52.0,0,66.67
1328,1328,3295,2026-08-27,175565595.14,16,16335406.17,133559612.38,0.0,100.0,0,0.0
1329,1329,3299,2026-08-27,10479930.59,14,1876679.14,0.0,0.0,51.0,1,100.0
1330,1330,3301,2026-08-27,30180516.82,13,1703708.06,0.0,15395309.35,36.0,2,0.0
1331,1331,3302,2026-08-27,125162635.77,17,1864560.02,119284559.97,0.0,35.0,1,0.0
1332,1332,3305,2026-08-27,108985742.37,28,37891789.0,0.0,68690658.21,97.0,1,0.0
1333,1333,3306,2026-08-27,46187058.23,21,21136764.41,0.0,0.0,100.0,1,0.0
1334,1334,3307,2026-08-27,20617754.38,11,7874118.66,0.0,0.0,37.0,1,0.0
1335,1335,3308,2026-08-27,77214579.35,8,6929048.99,0.0,144401840.35,36.0,0,0.0
1336,1336,3312,2026-08-27,11950039.53,16,4593334.69,0.0,0.0,74.0,0,25.0
1337,1337,3315,2026-08-27,186770292.27,23,6741836.9,172113167.04,0.0,46.0,1,100.0
1338,1338,3316,2026-08-27,12743678.33,22,2815876.93,0.0,0.0,100.0,0,0.0
1339,1339,3318,2026-08-27,13435166.72,16,30211777.73,0.0,0.0,0.0,0,0.0
1340,1340,3321,2026-08-27,1172395242.12,18,40066225.72,906357461.4,79308739.98,56.0,1,0.0
1341,1341,3322,2026-08-27,377101759.76,20,16883549.72,43873527.55,0.0,55.0,1,0.0
1342,1342,3324,2026-08-27,114278265.63,11,7898022.08,0.0,0.0,25.0,1,0.0
1343,1343,3325,2026-08-27,524411130.62,23,85976063.31,0.0,380959617.47,100.0,0,0.0
1344,1344,3326,2026-08-27,40660120.61,22,9195099.11,0.0,0.0,100.0,0,0.0
1345,1345,3327,2026-08-27,94711110.21,10,782158.89,69784143.72,0.0,0.0,1,0.0
1346,1346,3330,2026-08-27,44244731.75,20,4579864.69,0.0,0.0,90.0,0,33.33
1347,1347,3332,2026-08-27,128058621.14,9,4451987.8,68167201.73,0.0,41.0,2,50.0
1348,1348,3333,2026-08-27,481180562.88,7,32719644.05,214823177.06,0.0,34.0,0,0.0
1349,1349,3334,2026-08-27,945660571.68,9,51396375.76,432278486.0,0.0,35.0,0,75.0
1350,1350,3338,2026-08-27,2394108982.29,22,512988064.19,0.0,0.0,36.0,0,0.0
1351,1351,3340,2026-08-27,245981639.03,8,13768016.51,128526776.6,0.0,18.0,0,33.33
1352,1352,3344,2026-08-27,275594188.99,11,1879658.25,275594188.99,0.0,0.0,0,0.0
1353,1353,3348,2026-08-27,29408711.82,12,8519723.42,0.0,0.0,0.0,0,66.67
1354,1354,3351,2026-08-27,21177834.51,15,867723.12,0.0,6693412.72,43.0,1,0.0
1355,1355,3352,2026-08-27,27168114.3,13,3446236.95,12351696.93,0.0,39.0,2,0.0
1356,1356,3355,2026-08-27,505153563.56,15,84699034.1,305723537.82,0.0,50.0,1,66.67
1357,1357,3358,2026-08-27,31027162.18,19,1956873.58,0.0,0.0,96.0,0,0.0
1358,1358,3360,2026-08-27,159947006.79,20,17916683.52,0.0,0.0,92.0,2,0.0
1359,1359,3361,2026-08-27,97610659.37,2,0.0,54190188.52,33056140.61,0.0,0,0.0
1360,1360,3363,2026-08-27,13999205.12,14,1346240.98,0.0,0.0,49.0,0,50.0
1361,1361,3364,2026-08-27,14017158.31,2,0.0,0.0,68441018.0,9.0,0,0.0
1362,1362,3369,2026-08-27,524034979.59,7,66284955.44,193068146.74,63869399.89,13.0,1,0.0
1363,1363,3370,2026-08-27,29645693.88,27,8309202.75,0.0,4284763.41,100.0,1,100.0
1364,1364,3371,2026-08-27,483568520.35,26,80422912.51,0.0,0.0,38.0,1,0.0
1365,1365,3373,2026-08-27,606184479.88,23,276207540.72,0.0,119470865.61,100.0,1,0.0
1366,1366,3374,2026-08-27,28628877.06,13,2502412.05,0.0,0.0,97.0,2,0.0
1367,1367,3376,2026-08-27,38572068.55,12,4400432.56,0.0,0.0,0.0,1,25.0
1368,1368,3380,2026-08-27,738920567.65,9,39175191.39,518693998.14,0.0,37.0,1,0.0
1369,1369,3381,2026-08-27,29411910.52,14,3648301.46,0.0,2501495.13,64.0,1,100.0
1370,1370,3382,2026-08-27,2104375971.76,16,74596426.19,1820281882.6,0.0,29.0,0,33.33
1371,1371,3386,2026-08-27,308097530.2,15,47595158.4,232122627.88,0.0,37.0,1,33.33
1372,1372,3388,2026-08-27,15263497.67,22,2429656.14,0.0,21545836.26,42.0,2,0.0
1373,1373,3390,2026-08-27,78667499.41,14,1630205.7,0.0,0.0,38.0,3,0.0
1374,1374,3391,2026-08-27,105604946.65,6,1212827.86,0.0,0.0,33.0,0,100.0
1375,1375,3393,2026-08-27,67257196.76,15,1064665.01,46047356.7,0.0,33.0,0,50.0
1376,1376,3394,2026-08-27,376991129.16,12,53067900.72,0.0,1018308759.82,60.0,0,0.0
1377,1377,3396,2026-08-27,17455634.37,5,291870.59,0.0,0.0,5.0,2,0.0
1378,1378,3398,2026-08-27,386124300.62,8,36875009.47,0.0,0.0,0.0,4,0.0
1379,1379,3400,2026-08-27,19010698.81,28,5155410.04,14609683.55,3649143.77,100.0,0,33.33
1380,1380,3403,2026-08-27,854324156.35,11,13931368.92,464495539.98,565435542.4,53.0,1,66.67
1381,1381,3405,2026-08-27,441718187.75,25,22682427.49,441718187.75,0.0,52.0,3,100.0
1382,1382,3406,2026-08-27,86342071.81,16,8291156.41,0.0,0.0,40.0,2,0.0
1383,1383,3407,2026-08-27,184756390.48,36,7986194.23,139231705.07,38746931.44,100.0,2,25.0
1384,1384,3412,2026-08-27,313480017.83,8,2743660.08,243128433.97,0.0,44.0,1,0.0
1385,1385,3413,2026-08-27,11535138.32,9,469697.51,0.0,0.0,20.0,1,0.0
1386,1386,3415,2026-08-27,287324072.85,15,30709929.65,199857701.31,0.0,42.0,2,33.33
1387,1387,3417,2026-08-27,13753477.37,0,0.0,0.0,701526.27,0.0,1,0.0
1388,1388,3419,2026-08-27,24800198.83,22,1776050.49,0.0,15477652.29,0.0,1,50.0
1389,1389,3426,2026-08-27,29694135.42,11,10530711.99,0.0,0.0,32.0,3,25.0
1390,1390,3430,2026-08-27,599199339.13,10,46136776.89,338805866.95,603750227.1,63.0,2,25.0
1391,1391,3431,2026-08-27,69385386.99,13,762275.43,48657808.22,0.0,24.0,1,0.0
1392,1392,3433,2026-08-27,179381016.55,3,0.0,137909561.95,0.0,21.0,0,0.0
1393,1393,3435,2026-08-27,359294943.32,15,51281398.06,0.0,0.0,56.0,3,100.0
1394,1394,3436,2026-08-27,3853129872.2,20,54008154.41,3295879304.51,0.0,38.0,2,0.0
1395,1395,3440,2026-08-27,178650958.07,9,0.0,129430225.64,0.0,23.0,1,75.0
1396,1396,3442,2026-08-27,28109389.02,9,1184793.15,0.0,79459549.21,56.0,1,0.0
1397,1397,3443,2026-08-27,178438587.3,24,59561505.45,0.0,0.0,100.0,0,0.0
1398,1398,3447,2026-08-27,11937549.28,19,7309952.83,0.0,0.0,0.0,2,0.0
1399,1399,3449,2026-08-27,53400033.79,22,3673235.93,0.0,0.0,100.0,1,100.0
1400,1400,3452,2026-08-27,295834974.93,16,13859811.16,211597950.60000002,30369445.34,0.0,1,50.0
1401,1401,3456,2026-08-27,216530262.01,20,12356256.41,126642539.43,0.0,0.0,0,75.0
1402,1402,3458,2026-08-27,314293571.08,15,45587661.49,0.0,0.0,53.0,0,0.0
1403,1403,3461,2026-08-27,14154689.71,13,3627058.49,0.0,132745293.52,21.0,0,0.0
1404,1404,3465,2026-08-27,770735095.6,18,41985749.56,467341661.54,0.0,0.0,0,50.0
1405,1405,3467,2026-08-27,16050975.16,16,2659938.19,0.0,32816696.4,34.0,0,0.0
1406,1406,3469,2026-08-27,12616831.9,14,1522956.39,0.0,57592837.52,66.0,0,33.33
1407,1407,3471,2026-08-27,335544016.12,12,10550262.23,277862274.5,0.0,38.0,2,100.0
1408,1408,3475,2026-08-27,701631147.52,15,69814453.54,570762073.36,332753368.95,19.0,2,50.0
1409,1409,3477,2026-08-27,129258988.05,8,10158577.38,95774477.49,0.0,39.0,0,0.0
1410,1410,3478,2026-08-27,29047231.83,6,1847507.73,19339956.02,0.0,0.0,1,100.0
1411,1411,3479,2026-08-27,128434815.49,12,1625998.04,114766064.93,2012530.09,33.0,0,0.0
1412,1412,3480,2026-08-27,111496179.12,9,22911905.74,0.0,299869568.4,34.0,0,0.0
1413,1413,3481,2026-08-27,87881795.67,9,2120857.97,72066966.21,17985271.37,24.0,0,0.0
1414,1414,3483,2026-08-27,385756775.34,10,14123243.77,359576592.96,42154515.14,0.0,1,0.0
1415,1415,3488,2026-08-27,1490593343.74,16,343284457.37,0.0,197630109.76,0.0,3,25.0
1416,1416,3490,2026-08-27,20496298.25,13,1418952.65,0.0,0.0,15.0,1,0.0
1417,1417,3491,2026-08-27,10686373.05,27,3265971.04,0.0,0.0,0.0,2,0.0
1418,1418,3492,2026-08-27,12330945.12,20,2593386.59,0.0,0.0,89.0,1,0.0
1419,1419,3495,2026-08-27,0.0,13,1273964.59,0.0,0.0,30.0,0,33.33
1420,1420,3497,2026-08-27,38638521.68,9,26622940.89,0.0,0.0,37.0,0,0.0
1421,1421,3499,2026-08-27,9735029.84,5,539130.92,0.0,5923935.65,33.0,2,0.0
1422,1422,3502,2026-08-27,28143647.2,27,14013788.51,0.0,0.0,100.0,1,0.0
1423,1423,3505,2026-08-27,181527868.5,14,2234133.29,0.0,70759088.03,48.0,1,100.0
1424,1424,3506,2026-08-27,1036298335.98,8,4313903.72,670914857.78,0.0,0.0,0,0.0
1425,1425,3508,2026-08-27,426422421.47,13,7357628.86,171722031.48,0.0,0.0,0,50.0
1426,1426,3511,2026-08-27,466875047.82,11,10468523.68,214451484.69,121240946.59,0.0,1,100.0
1427,1427,3513,2026-08-27,836363796.76,24,60295562.67,436582752.02,0.0,61.0,0,25.0
1428,1428,3516,2026-08-27,1904763554.56,24,47498476.05,954646066.1,0.0,0.0,2,100.0
1429,1429,3518,2026-08-27,115891858.19,14,7780252.32,59875368.13,45144529.77,43.0,1,50.0
1430,1430,3522,2026-08-27,395591584.48,21,8723308.94,192413557.95,0.0,49.0,1,66.67
1431,1431,3523,2026-08-27,14897205.75,13,1846444.04,0.0,0.0,31.0,0,0.0
1432,1432,3525,2026-08-27,11373687.8,33,8250468.74,0.0,0.0,100.0,2,0.0
1433,1433,3528,2026-08-27,1183412897.94,14,40041328.78,695946722.85,614847295.25,48.0,1,0.0
1434,1434,3529,2026-08-27,29863797.52,12,4163898.82,0.0,0.0,54.0,2,0.0
1435,1435,3530,2026-08-27,40502661.9,19,9377756.42,0.0,0.0,55.0,1,0.0
1436,1436,3532,2026-08-27,11127305.84,12,6690710.8,0.0,0.0,47.0,0,0.0
1437,1437,3533,2026-08-27,45972192.62,18,4926173.76,0.0,0.0,36.0,0,100.0
1438,1438,3535,2026-08-27,19062799.82,34,7586911.75,0.0,0.0,96.0,0,25.0
1439,1439,3538,2026-08-27,288900572.38,11,42295499.52,0.0,2279823771.02,0.0,1,50.0
1440,1440,3541,2026-08-27,36281144.9,4,1680736.84,0.0,0.0,49.0,2,0.0
1441,1441,3544,2026-08-27,19372010.48,18,11896974.43,0.0,0.0,0.0,0,0.0
1442,1442,3547,2026-08-27,201551318.98,16,18881801.15,0.0,0.0,34.0,1,33.33
1443,1443,3550,2026-08-27,21289375.64,12,3308749.87,0.0,0.0,44.0,1,100.0
1444,1444,3554,2026-08-27,232415361.15,31,26264857.5,111312390.89,356874461.66,64.0,1,50.0
1445,1445,3556,2026-08-27,10701604.02,16,8603756.68,0.0,11954645.59,0.0,1,33.33
1446,1446,3559,2026-08-27,52096791.89,20,1733138.34,34368604.39,2463607.5,91.0,1,0.0
1447,1447,3564,2026-08-27,128894771.48,10,1857577.01,102417836.54,0.0,32.0,0,50.0
1448,1448,3565,2026-08-27,194480372.86,23,5926582.98,113132133.37,1968412.23,96.0,2,0.0
1449,1449,3566,2026-08-27,44575052.04,25,1425612.41,0.0,0.0,100.0,3,100.0
1450,1450,3568,2026-08-27,0.0,13,2832703.46,0.0,0.0,45.0,1,25.0
1451,1451,3571,2026-08-27,10193249.0,17,2329944.77,0.0,0.0,0.0,0,0.0
1452,1452,3572,2026-08-27,12601177.33,23,5810889.17,0.0,0.0,100.0,1,100.0
1453,1453,3576,2026-08-27,122050486.32,14,7294918.41,85522298.8,0.0,48.0,1,66.67
1454,1454,3578,2026-08-27,40648126.79,11,5421187.45,24284498.9,37888083.69,19.0,1,0.0
1455,1455,3580,2026-08-27,137668780.48,15,35047334.82,0.0,0.0,16.0,1,66.67
1456,1456,3583,2026-08-27,2292787159.97,19,477381797.3,1951661092.15,0.0,38.0,3,50.0
1457,1457,3587,2026-08-27,0.0,19,5108172.51,0.0,0.0,30.0,1,100.0
1458,1458,3589,2026-08-27,891663394.05,10,17162901.61,576298866.18,0.0,37.0,3,33.33
1459,1459,3591,2026-08-27,29684500.21,11,1106349.18,0.0,0.0,32.0,1,0.0
1460,1460,3593,2026-08-27,1580242649.14,8,21505724.42,1323774049.1,0.0,0.0,1,100.0
1461,1461,3594,2026-08-27,9512193.99,9,1143771.79,0.0,0.0,25.0,0,0.0
1462,1462,3596,2026-08-27,44721508.32,29,36562006.47,0.0,0.0,100.0,1,0.0
1463,1463,3598,2026-08-27,87134922.81,16,4474345.31,35820556.42,0.0,30.0,1,50.0
1464,1464,3600,2026-08-27,861343172.82,11,7826011.22,593760711.71,0.0,0.0,1,50.0
1465,1465,3602,2026-08-27,7036572.93,4,1369236.08,0.0,10978308.25,12.0,2,0.0
1466,1466,3604,2026-08-27,80140531.6,6,14786965.92,0.0,127849274.86,0.0,3,0.0
1467,1467,3607,2026-08-27,535671288.84,12,14953481.24,372821066.74,69125024.6,16.0,1,66.67
1468,1468,3610,2026-08-27,20504376.02,15,12031482.74,0.0,0.0,58.0,1,66.67
1469,1469,3611,2026-08-27,128691131.78,5,1346848.09,0.0,149027498.58,36.0,1,0.0
1470,1470,3612,2026-08-27,0.0,13,6790119.85,0.0,0.0,0.0,1,0.0
1471,1471,3613,2026-08-27,21243966.02,8,2264188.4,0.0,0.0,0.0,1,100.0
1472,1472,3614,2026-08-27,28795858.32,19,5390998.26,0.0,13615810.13,34.0,0,33.33
1473,1473,3617,2026-08-27,103742804.11,12,15684209.66,0.0,0.0,50.0,1,33.33
1474,1474,3620,2026-08-27,76433572.46,26,7019424.58,0.0,55989975.93,0.0,0,0.0
1475,1475,3622,2026-08-27,17008642.86,20,4785968.76,0.0,0.0,100.0,0,0.0
1476,1476,3623,2026-08-27,19959670.87,21,2668111.36,0.0,0.0,100.0,0,0.0
1477,1477,3624,2026-08-27,512796988.79,18,39481283.44,0.0,0.0,12.0,2,33.33
1478,1478,3627,2026-08-27,53997989.43,12,1313142.15,35413304.78,0.0,0.0,1,0.0
1479,1479,3631,2026-08-27,25000891.86,25,4141642.18,0.0,0.0,100.0,1,0.0
1480,1480,3635,2026-08-27,16800026.86,32,6136755.9,0.0,0.0,100.0,0,0.0
1481,1481,3637,2026-08-27,1182924893.19,23,60941701.38,640035118.8199999,0.0,25.0,2,0.0
1482,1482,3639,2026-08-27,450909779.24,16,70462317.55,197219661.15,97615613.99,44.0,1,0.0
1483,1483,3641,2026-08-27,352984803.51,22,129091101.51,0.0,263524529.79,100.0,1,100.0
1484,1484,3642,2026-08-27,28757236.67,11,7136395.05,0.0,0.0,38.0,2,25.0
1485,1485,3647,2026-08-27,91618120.01,27,27143466.29,0.0,108350.97,100.0,2,0.0
1486,1486,3648,2026-08-27,363867317.3,17,15604115.91,0.0,55118799.1,44.0,0,50.0
1487,1487,3652,2026-08-27,15432036.81,12,1297330.56,0.0,3875913.98,30.0,0,100.0
1488,1488,3654,2026-08-27,24479136.83,25,7205784.14,0.0,159845554.99,100.0,0,0.0
1489,1489,3655,2026-08-27,15332665.07,16,2090989.04,0.0,0.0,35.0,1,0.0
1490,1490,3656,2026-08-27,91269587.26,28,18473962.06,0.0,0.0,100.0,0,0.0
1491,1491,3660,2026-08-27,650043681.78,26,32245759.38,406857983.31,0.0,82.0,0,50.0
1492,1492,3662,2026-08-27,251209326.4,12,5840116.02,229950991.62,177543765.36,0.0,0,25.0
1493,1493,3668,2026-08-27,46658777.44,3,768212.71,30215318.32,88824938.11,9.0,1,25.0
1494,1494,3670,2026-08-27,61734288.39,10,634524.61,49256812.82,38500522.34,0.0,2,25.0
1495,1495,3673,2026-08-27,289739319.37,8,17231431.95,218480898.09,7662358.27,45.0,1,0.0
1496,1496,3675,2026-08-27,30749403.71,17,4940224.27,12418023.04,0.0,100.0,2,0.0
1497,1497,3676,2026-08-27,24716147.46,10,2661647.89,0.0,11368043.63,19.0,0,100.0
1498,1498,3677,2026-08-27,45671643.5,26,2294074.56,17804711.52,0.0,90.0,1,0.0
1499,1499,3678,2026-08-27,304609787.34,10,5810402.2,218936461.59,0.0,45.0,1,25.0
1500,1500,3682,2026-08-27,12928292.6,3,496522.17,0.0,23699333.3,2.0,0,0.0
1501,1501,3685,2026-08-27,25958763.72,10,6806581.77,0.0,0.0,4.0,0,0.0
1502,1502,3686,2026-08-27,32810380.98,15,905290.86,0.0,0.0,0.0,2,0.0
1503,1503,3689,2026-08-27,1506282378.57,6,44478697.32,903503505.4,920907401.38,49.0,3,33.33
1504,1504,3691,2026-08-27,467769294.69,5,3376707.1,341614778.58,45194135.62,37.0,0,50.0
1505,1505,3694,2026-08-27,70882798.3,14,21663280.14,0.0,141601010.25,13.0,3,0.0
1506,1506,3695,2026-08-27,23037780.47,25,2078659.85,0.0,0.0,100.0,0,0.0
1507,1507,3697,2026-08-27,115972763.52,6,2057516.15,0.0,0.0,0.0,1,0.0
1508,1508,3700,2026-08-27,150116922.67,8,1388924.39,0.0,0.0,32.0,2,50.0
1509,1509,3703,2026-08-27,20449751.49,12,12448043.68,0.0,0.0,49.0,2,66.67
1510,1510,3706,2026-08-27,31304907.14,4,1426863.42,20288243.95,0.0,0.0,2,0.0
1511,1511,3709,2026-08-27,596845856.56,32,642660747.16,0.0,0.0,56.0,3,0.0
1512,1512,3712,2026-08-27,10091179.24,15,3454140.74,0.0,112903.83,49.0,0,66.67
1513,1513,3713,2026-08-27,15876873.81,26,18087405.37,0.0,0.0,100.0,0,66.67
1514,1514,3716,2026-08-27,18717703.5,3,2010800.85,0.0,174818515.2,24.0,1,0.0
1515,1515,3717,2026-08-27,17695680.52,8,1796337.68,0.0,19745518.38,15.0,3,50.0
1516,1516,3721,2026-08-27,14336564.71,21,3438293.14,0.0,8471332.0,26.0,1,0.0
1517,1517,3722,2026-08-27,746991374.02,21,438116142.61,0.0,2283700974.1,42.0,2,0.0
1518,1518,3724,2026-08-27,0.0,11,20096217.13,0.0,18492733.69,0.0,3,0.0
1519,1519,3725,2026-08-27,50658807.23,19,6206351.99,31783220.19,0.0,30.0,0,100.0
1520,1520,3729,2026-08-27,7210992.24,16,1774137.45,0.0,59210027.54,35.0,2,50.0
1521,1521,3732,2026-08-27,31053193.71,15,31647190.79,0.0,0.0,0.0,2,50.0
1522,1522,3735,2026-08-27,11083236.23,25,6973349.03,0.0,0.0,100.0,0,50.0
1523,1523,3738,2026-08-27,57122370.2,21,1332429.43,41643668.99,0.0,0.0,2,100.0
1524,1524,3741,2026-08-27,23585966.3,15,2144990.27,0.0,14462162.37,22.0,0,0.0
1525,1525,3743,2026-08-27,50957479.39,1,0.0,33252691.54,0.0,20.0,3,0.0
1526,1526,3746,2026-08-27,92609045.32,19,12313577.85,0.0,0.0,53.0,1,100.0
1527,1527,3747,2026-08-27,614436918.59,10,11101147.57,162439254.09,0.0,52.0,2,100.0
1528,1528,3749,2026-08-27,14291390.83,28,3402278.76,0.0,0.0,100.0,0,50.0
1529,1529,3750,2026-08-27,148808732.69,16,9046028.43,81201165.61,0.0,0.0,0,66.67
1530,1530,3753,2026-08-27,65365219.18,15,3303030.42,55079477.38,0.0,47.0,1,0.0
1531,1531,3755,2026-08-27,5604999.28,17,1328049.6,0.0,0.0,37.0,1,50.0
1532,1532,3758,2026-08-27,122448077.06,13,11931218.35,0.0,0.0,58.0,1,66.67
1533,1533,3760,2026-08-27,136304403.22,26,53999402.69,0.0,0.0,96.0,0,0.0
1534,1534,3763,2026-08-27,69814584.0,4,420549.84,32590043.06,55141908.45,0.0,2,25.0
1535,1535,3765,2026-08-27,256773621.71,11,46147313.85,0.0,1521705517.12,0.0,2,0.0
1536,1536,3767,2026-08-27,10658196.55,25,10102193.78,0.0,0.0,92.0,1,33.33
1537,1537,3769,2026-08-27,86538760.45,9,2638930.09,56186833.34,12524240.47,33.0,1,0.0
1538,1538,3771,2026-08-27,4703916.45,2,0.0,0.0,0.0,0.0,1,0.0
1539,1539,3773,2026-08-27,148620536.85,14,8337026.89,105060905.39,127709989.7,44.0,0,50.0
1540,1540,3774,2026-08-27,5187708127.06,13,17082460.3,4856205708.76,37137313.97,35.0,0,0.0
1541,1541,3778,2026-08-27,190028343.27,7,25186498.4,0.0,0.0,28.0,0,33.33
1542,1542,3780,2026-08-27,30944721.77,20,2495972.8,0.0,0.0,35.0,0,50.0
1543,1543,3785,2026-08-27,289290464.38,8,2133343.31,157049394.12,0.0,25.0,1,33.33
1544,1544,3787,2026-08-27,43588864.69,22,9362386.22,0.0,80767790.34,39.0,1,0.0
1545,1545,3790,2026-08-27,104492295.86,27,4540155.9,63764352.43,0.0,100.0,1,0.0
1546,1546,3791,2026-08-27,64931454.59,7,3856693.14,13805630.83,0.0,33.0,1,50.0
1547,1547,3795,2026-08-27,83597092.44,20,3790777.34,67415372.92,0.0,42.0,1,100.0
1548,1548,3796,2026-08-27,109148901.59,4,54973.84,97734908.14,0.0,30.0,2,0.0
1549,1549,3797,2026-08-27,908298483.83,18,52343900.44,620181827.79,0.0,19.0,0,33.33
1550,1550,3800,2026-08-27,9620583.51,14,1729635.41,0.0,24368806.22,0.0,2,100.0
1551,1551,3801,2026-08-27,284943435.31,14,38472885.74,0.0,0.0,39.0,1,0.0
1552,1552,3807,2026-08-27,520496576.07,8,9104697.28,257277381.81,0.0,52.0,0,0.0
1553,1553,3809,2026-08-27,118449390.19,15,8453875.86,0.0,0.0,46.0,1,50.0
1554,1554,3813,2026-08-27,206119550.43,15,63037398.49,84087902.12,0.0,46.0,1,50.0
1555,1555,3816,2026-08-27,24305560.53,15,4535359.66,0.0,3714105.78,36.0,0,0.0
1556,1556,3817,2026-08-27,61176087.33,15,3057413.19,48284784.27,30076166.22,0.0,0,100.0
1557,1557,3820,2026-08-27,610596333.49,12,19968593.72,0.0,0.0,37.0,0,25.0
1558,1558,3822,2026-08-27,28976038.55,22,4472424.7,0.0,0.0,100.0,1,0.0
1559,1559,3826,2026-08-27,80107474.35,3,0.0,0.0,125706701.11,0.0,2,0.0
1560,1560,3827,2026-08-27,23587334.82,15,1863939.18,0.0,0.0,14.0,0,66.67
1561,1561,3830,2026-08-27,251482760.45,14,2884087.6,206228483.98,0.0,29.0,0,25.0
1562,1562,3835,2026-08-27,32197275.99,22,3503509.79,8156382.27,0.0,85.0,2,50.0
1563,1563,3836,2026-08-27,38947872.71,9,959174.17,0.0,0.0,37.0,0,0.0
1564,1564,3838,2026-08-27,125694802.43,13,2927944.75,50907267.43,0.0,0.0,0,0.0
1565,1565,3840,2026-08-27,49840022.49,17,2947945.59,39791063.16,13194241.59,0.0,2,100.0
1566,1566,3842,2026-08-27,78477562.81,15,11752662.29,0.0,0.0,100.0,1,0.0
1567,1567,3845,2026-08-27,3032166638.84,16,67179165.51,2434864840.88,0.0,0.0,1,33.33
1568,1568,3847,2026-08-27,868043041.7,15,192399448.09,0.0,0.0,36.0,0,0.0
1569,1569,3851,2026-08-27,104113183.98,21,11117772.0,69190472.6,9163468.53,100.0,1,50.0
1570,1570,3856,2026-08-27,77169282.86,19,18376345.86,0.0,2296159326.27,91.0,4,0.0
1571,1571,3859,2026-08-27,762336769.05,11,22606561.9,397130575.87,0.0,25.0,0,25.0
1572,1572,3861,2026-08-27,330531833.77,27,17307384.47,235877786.88,0.0,100.0,1,0.0
1573,1573,3864,2026-08-27,56085092.64,29,15339110.85,0.0,0.0,83.0,1,25.0
1574,1574,3866,2026-08-27,341477994.59,7,2518364.36,95930649.46,11677822.34,38.0,0,0.0
1575,1575,3867,2026-08-27,469548816.94,30,158852328.94,137356026.15,0.0,72.0,1,0.0
1576,1576,3870,2026-08-27,27192987.21,18,3391251.93,0.0,0.0,39.0,2,75.0
1577,1577,3872,2026-08-27,27217500.19,14,2923908.69,11580133.38,55283850.76,2.0,1,0.0
1578,1578,3874,2026-08-27,618716795.46,6,3664180.23,512917788.37,0.0,0.0,1,0.0
1579,1579,3879,2026-08-27,264182079.24,12,13016436.24,198246439.95,0.0,16.0,0,0.0
1580,1580,3880,2026-08-27,143776191.33,13,5584563.88,0.0,255368177.67,18.0,4,0.0
1581,1581,3883,2026-08-27,203370554.62,16,43958166.44,145331235.55,0.0,55.0,0,0.0
1582,1582,3886,2026-08-27,109238314.59,8,74947838.02,109238314.59,644987651.04,39.0,1,33.33
1583,1583,3887,2026-08-27,913231249.72,19,65519435.74,338223962.59,2456486.79,0.0,2,100.0
1584,1584,3889,2026-08-27,34533806.43,15,1047587.38,0.0,0.0,0.0,1,0.0
1585,1585,3892,2026-08-27,17408665.68,24,4329384.84,0.0,4291728.64,100.0,1,100.0
1586,1586,3893,2026-08-27,6073806.05,6,250733.25,0.0,0.0,24.0,0,0.0
1587,1587,3895,2026-08-27,476265251.53,8,7895416.76,334529797.29,237756663.56,50.0,1,100.0
1588,1588,3899,2026-08-27,100623663.28,25,7541354.89,0.0,0.0,100.0,1,33.33
1589,1589,3903,2026-08-27,42051272.11,15,9241822.8,0.0,0.0,47.0,2,50.0
1590,1590,3907,2026-08-27,51528659.78,19,12046550.75,0.0,0.0,53.0,2,25.0
1591,1591,3911,2026-08-27,55628775.88,18,2827117.26,5178445.67,0.0,69.0,1,50.0
1592,1592,3913,2026-08-27,2160763845.08,20,138453425.0,1207470793.23,0.0,46.0,2,25.0
1593,1593,3916,2026-08-27,15460309.55,13,2137329.81,0.0,0.0,24.0,1,0.0
1594,1594,3917,2026-08-27,640698123.85,17,9921506.67,570030150.3,0.0,49.0,0,66.67
1595,1595,3921,2026-08-27,66506280.64,12,11732971.8,0.0,0.0,40.0,1,25.0
1596,1596,3927,2026-08-27,8495195.36,9,1183035.95,0.0,1898387.92,0.0,2,0.0
1597,1597,3929,2026-08-27,11075845.85,12,806061.29,0.0,0.0,44.0,1,50.0
1598,1598,3932,2026-08-27,10435523.69,15,1888318.25,0.0,0.0,40.0,2,0.0
1599,1599,3935,2026-08-27,8598151.87,13,3266364.27,0.0,0.0,0.0,1,0.0
1600,1600,3936,2026-08-27,16373857.38,17,2226380.69,0.0,0.0,53.0,1,0.0
1601,1601,3938,2026-08-27,86813050.97,10,1910748.58,75997217.7,0.0,0.0,0,0.0
1602,1602,3939,2026-08-27,28649810.66,17,7642276.11,17937401.41,7897159.14,55.0,1,66.67
1603,1603,3942,2026-08-27,19070489.34,6,809882.12,13926887.55,0.0,12.0,1,0.0
1604,1604,3946,2026-08-27,11049852.34,13,653034.52,0.0,0.0,0.0,2,0.0
1605,1605,3949,2026-08-27,35455705.32,12,1719594.75,0.0,0.0,0.0,0,66.67
1606,1606,3950,2026-08-27,0.0,15,7472242.63,0.0,7707644.09,40.0,0,0.0
1607,1607,3952,2026-08-27,267804993.01,9,39967548.87,0.0,0.0,40.0,0,0.0
1608,1608,3954,2026-08-27,14825167.56,16,2778885.23,0.0,0.0,46.0,0,100.0
1609,1609,3955,2026-08-27,44017165.95,14,14714172.17,0.0,0.0,36.0,0,0.0
1610,1610,3956,2026-08-27,319238901.64,16,27970453.2,199555178.06,0.0,53.0,0,0.0
1611,1611,3957,2026-08-27,89341115.83,16,11304718.72,0.0,0.0,61.0,1,50.0
1612,1612,3962,2026-08-27,230592077.87,14,6542603.08,221544608.89999998,0.0,0.0,1,0.0
1613,1613,3964,2026-08-27,54282011.04,11,6086054.86,0.0,0.0,38.0,3,50.0
1614,1614,3968,2026-08-27,890857935.33,10,3676517.71,753217963.82,0.0,45.0,3,0.0
1615,1615,3970,2026-08-27,71748773.48,13,29940600.94,0.0,243713063.48,0.0,0,50.0
1616,1616,3973,2026-08-27,10832444.47,9,493143.19,0.0,0.0,51.0,1,50.0
1617,1617,3975,2026-08-27,97339486.13,20,65669181.88,0.0,458957618.92,49.0,1,50.0
1618,1618,3977,2026-08-27,262470774.43,16,70371907.92,0.0,596062998.31,83.0,1,0.0
1619,1619,3979,2026-08-27,20900303.99,12,2332792.31,0.0,0.0,42.0,0,0.0
1620,1620,3982,2026-08-27,344151501.22,18,59236065.34,0.0,775230263.31,73.0,0,0.0
1621,1621,3984,2026-08-27,56803098.16,20,10130494.19,0.0,5715784.9,33.0,2,100.0
1622,1622,3985,2026-08-27,11767211.44,34,15523369.82,0.0,20862812.42,100.0,1,0.0
1623,1623,3988,2026-08-27,21425285.28,9,1162446.12,0.0,0.0,53.0,1,0.0
1624,1624,3989,2026-08-27,186435352.74,20,183779237.86,0.0,331959598.52,38.0,2,50.0
1625,1625,3991,2026-08-27,120617145.08,19,20210113.72,0.0,0.0,28.0,0,25.0
1626,1626,3995,2026-08-27,39118321.73,2,447820.56,0.0,373180999.42,14.0,2,0.0
1627,1627,3997,2026-08-27,1666077364.2,10,30930729.31,1520879922.74,0.0,35.0,0,66.67
1628,1628,4001,2026-08-27,140659281.77,15,7396040.19,107265840.46,107643505.06,37.0,2,50.0
1629,1629,4005,2026-08-27,19026958.23,25,8848167.15,0.0,96769696.13,0.0,1,0.0
1630,1630,4008,2026-08-27,591056470.88,13,28423861.23,433514793.7,0.0,33.0,1,0.0
1631,1631,4009,2026-08-27,28127481.34,16,11126467.84,0.0,0.0,100.0,1,0.0
1632,1632,4011,2026-08-27,10952540.93,10,1517201.56,0.0,32719563.04,31.0,2,33.33
1633,1633,4015,2026-08-27,84995345.23,3,0.0,0.0,520954761.22,14.0,1,0.0
1634,1634,4016,2026-08-27,13990163.5,4,942715.16,0.0,0.0,0.0,2,0.0
1635,1635,4018,2026-08-27,371668354.25,6,7627093.91,327209968.26,130711147.34,24.0,0,33.33
1636,1636,4021,2026-08-27,411620860.66,13,9429343.6,188416655.37,0.0,35.0,1,33.33
1637,1637,4023,2026-08-27,600214803.27,18,20766451.39,431157734.07,435214946.7,21.0,0,100.0
1638,1638,4026,2026-08-27,140062535.93,5,7240914.07,0.0,0.0,16.0,0,0.0
1639,1639,4030,2026-08-27,25324727.8,16,20982744.21,0.0,0.0,48.0,1,50.0
1640,1640,4033,2026-08-27,12439665.32,3,853922.89,0.0,1052428.61,0.0,2,50.0
1641,1641,4036,2026-08-27,12283094.25,1,255311.27,0.0,3511831.83,19.0,1,0.0
1642,1642,4038,2026-08-27,105979868.93,23,56245007.93,0.0,377540899.8,0.0,3,0.0
1643,1643,4042,2026-08-27,99434121.4,21,3549173.16,49023927.28,4260602.58,100.0,1,25.0
1644,1644,4043,2026-08-27,16283588.32,14,5790048.4,0.0,0.0,37.0,0,100.0
1645,1645,4045,2026-08-27,100356666.26,16,16929001.92,0.0,0.0,60.0,0,33.33
1646,1646,4047,2026-08-27,85847644.67,20,13110174.45,0.0,0.0,90.0,1,0.0
1647,1647,4049,2026-08-27,6909572.11,12,1434158.8,0.0,14763735.55,32.0,1,0.0
1648,1648,4052,2026-08-27,26690179.1,6,763158.36,0.0,0.0,0.0,0,100.0
1649,1649,4053,2026-08-27,53581795.11,10,357736.6,0.0,0.0,0.0,0,0.0
1650,1650,4059,2026-08-27,14762838.82,10,1279717.32,0.0,0.0,0.0,1,25.0
1651,1651,4060,2026-08-27,23063723.64,17,8845815.58,0.0,9668388.41,45.0,1,66.67
1652,1652,4063,2026-08-27,32345406.65,19,17195155.47,0.0,141829331.86,58.0,1,100.0
1653,1653,4065,2026-08-27,16753142.96,18,6960019.66,0.0,0.0,57.0,1,50.0
1654,1654,4067,2026-08-27,8106117176.48,21,335727013.32,5048451568.37,0.0,0.0,1,33.33
1655,1655,4069,2026-08-27,37378931.7,12,2190828.73,0.0,0.0,0.0,0,25.0
1656,1656,4074,2026-08-27,57546630.9,15,18084102.73,0.0,0.0,29.0,0,50.0
1657,1657,4075,2026-08-27,23329197.27,12,8520395.06,0.0,26005474.32,49.0,1,66.67
1658,1658,4080,2026-08-27,21035968.32,10,3934759.25,0.0,193032058.7,0.0,1,0.0
1659,1659,4081,2026-08-27,1697872321.59,20,35793939.92,1308836549.67,0.0,0.0,1,0.0
1660,1660,4084,2026-08-27,620786203.93,13,97661679.75,348826233.4,0.0,0.0,1,25.0
1661,1661,4087,2026-08-27,18292037.74,15,3008584.11,0.0,0.0,47.0,2,50.0
1662,1662,4088,2026-08-27,846056201.87,17,45501494.18,846056201.87,704241843.13,100.0,1,33.33
1663,1663,4091,2026-08-27,123323155.37,7,3339511.54,91252567.03,0.0,0.0,0,0.0
1664,1664,4095,2026-08-27,355354165.91,15,14849422.5,318500569.26,0.0,45.0,0,50.0
1665,1665,4097,2026-08-27,75109991.1,8,1679665.72,58249637.62,0.0,0.0,3,66.67
1666,1666,4101,2026-08-27,126658971.94,14,30927360.1,0.0,0.0,52.0,1,0.0
1667,1667,4103,2026-08-27,212871950.21,11,27008899.06,166275046.23000002,0.0,62.0,0,0.0
1668,1668,4107,2026-08-27,8197016.65,23,3196082.96,0.0,0.0,48.0,1,33.33
1669,1669,4108,2026-08-27,258500575.61,28,75071719.24,0.0,824617635.06,52.0,4,0.0
1670,1670,4109,2026-08-27,83465506.29,9,11094334.65,0.0,27180832.33,0.0,1,0.0
1671,1671,4112,2026-08-27,39256743.13,14,1468949.09,0.0,0.0,0.0,0,25.0
1672,1672,4114,2026-08-27,17530521.12,21,4640350.3,0.0,0.0,100.0,0,66.67
1673,1673,4118,2026-08-27,9411991.41,1,0.0,0.0,0.0,0.0,2,0.0
1674,1674,4119,2026-08-27,895601914.56,17,79587031.47,503577368.89,0.0,0.0,0,0.0
1675,1675,4122,2026-08-27,36529553.67,13,4373664.66,0.0,40060682.46,7.0,0,0.0
1676,1676,4123,2026-08-27,19630418.76,12,1991518.08,0.0,0.0,55.0,1,0.0
1677,1677,4127,2026-08-27,31587566.04,4,1272722.21,0.0,68513859.54,21.0,3,0.0
1678,1678,4128,2026-08-27,186262214.65,18,11534869.97,150050516.53,0.0,35.0,1,0.0
1679,1679,4129,2026-08-27,18312961.29,12,2672457.5,0.0,0.0,0.0,1,0.0
1680,1680,4130,2026-08-27,31986927.53,29,16435967.9,0.0,0.0,100.0,1,0.0
1681,1681,4133,2026-08-27,40602726.83,7,3564777.29,0.0,0.0,0.0,2,0.0
1682,1682,4135,2026-08-27,201749996.39,15,62221874.32,0.0,2148716875.83,31.0,0,25.0
1683,1683,4140,2026-08-27,7786470.84,2,770698.68,0.0,2981513.53,16.0,5,0.0
1684,1684,4143,2026-08-27,68028832.56,15,5495165.93,0.0,0.0,62.0,0,0.0
1685,1685,4146,2026-08-27,467184540.12,20,32540728.25,326110021.3,0.0,0.0,2,50.0
1686,1686,4147,2026-08-27,24467022.31,12,7276967.49,0.0,0.0,0.0,3,0.0
1687,1687,4149,2026-08-27,23246047.71,26,24196336.05,0.0,0.0,100.0,2,0.0
1688,1688,4152,2026-08-27,207677333.8,23,143958206.15,0.0,0.0,100.0,0,0.0
1689,1689,4154,2026-08-27,46338608.67,27,5698047.67,0.0,0.0,100.0,1,33.33
1690,1690,4156,2026-08-27,1742211389.11,16,32892410.84,335868109.85,0.0,0.0,2,66.67
1691,1691,4160,2026-08-27,163444684.11,9,9128129.15,131667254.55,0.0,24.0,1,0.0
1692,1692,4162,2026-08-27,13337481.37,10,1199855.27,0.0,0.0,20.0,3,0.0
1693,1693,4167,2026-08-27,116782536.19,20,7331928.69,0.0,47549166.51,45.0,1,50.0
1694,1694,4168,2026-08-27,11190825.5,3,0.0,0.0,65501196.22,0.0,4,0.0
1695,1695,4171,2026-08-27,23050289.77,5,654371.41,20729386.68,66748330.01,25.0,2,25.0
1696,1696,4175,2026-08-27,51363013.33,25,9038333.23,11020202.31,0.0,100.0,2,0.0
1697,1697,4180,2026-08-27,17054478.66,17,4055042.99,0.0,5852508.63,0.0,2,100.0
1698,1698,4181,2026-08-27,9984431.4,12,497281.93,0.0,0.0,40.0,0,33.33
1699,1699,4186,2026-08-27,113476803.73,18,17725028.83,0.0,196048555.07,39.0,1,50.0
1700,1700,4190,2026-08-27,15834261.78,2,0.0,0.0,0.0,0.0,2,0.0
1701,1701,4191,2026-08-27,12155955.38,11,2244993.43,0.0,0.0,65.0,0,0.0
1702,1702,4194,2026-08-27,215548965.9,8,2244008.21,175176667.06,49096665.3,54.0,0,0.0
1703,1703,4198,2026-08-27,117954926.5,17,2936311.92,0.0,24873182.59,0.0,1,25.0
1704,1704,4202,2026-08-27,6577319.88,14,2298203.33,0.0,0.0,100.0,0,0.0
1705,1705,4205,2026-08-27,52460681.55,29,14122119.01,0.0,25757372.82,100.0,3,0.0
1706,1706,4207,2026-08-27,156350050.02,13,5278703.95,137247265.22,2412224.53,20.0,0,50.0
1707,1707,4209,2026-08-27,671445101.76,18,27685830.09,0.0,228170028.0,25.0,0,25.0
1708,1708,4213,2026-08-27,1165249586.52,10,16360506.98,629399667.81,113911437.56,28.0,1,0.0
1709,1709,4214,2026-08-27,51482931.04,12,3498293.68,21791374.37,21673677.97,5.0,1,25.0
1710,1710,4218,2026-08-27,5437538.6,13,2273524.1,0.0,0.0,47.0,0,0.0
1711,1711,4219,2026-08-27,16291278.64,9,2574307.92,0.0,45588425.65,26.0,0,100.0
1712,1712,4220,2026-08-27,333700624.33,22,15534718.36,276546184.29,0.0,46.0,1,75.0
1713,1713,4224,2026-08-27,19087631.54,10,1245314.07,0.0,4713565.99,0.0,0,33.33
1714,1714,4230,2026-08-27,18886743.64,11,1966537.37,0.0,0.0,0.0,0,25.0
1715,1715,4231,2026-08-27,24193663.63,15,10714361.49,0.0,3699121.59,36.0,2,50.0
1716,1716,4233,2026-08-27,68908661.24,14,3493235.02,0.0,0.0,47.0,0,0.0
1717,1717,4235,2026-08-27,244179574.55,4,4881978.82,0.0,0.0,0.0,0,50.0
1718,1718,4237,2026-08-27,902948372.48,28,13931789.5,851263106.96,0.0,100.0,2,0.0
1719,1719,4239,2026-08-27,12771576.74,7,2064254.56,0.0,27334456.57,0.0,2,0.0
1720,1720,4242,2026-08-27,27594395.37,11,4846865.78,0.0,532885.72,0.0,0,25.0
1721,1721,4245,2026-08-27,234896772.87,17,28227068.52,0.0,0.0,52.0,0,100.0
1722,1722,4247,2026-08-27,12335260.41,14,1086475.61,0.0,0.0,66.0,1,66.67
1723,1723,4253,2026-08-27,11840382.36,1,454852.1,0.0,0.0,0.0,2,0.0
1724,1724,4254,2026-08-27,8978252.89,17,17178260.28,0.0,26656359.09,100.0,0,0.0
1725,1725,4257,2026-08-27,24897576.68,18,7806809.11,0.0,0.0,100.0,1,0.0
1726,1726,4259,2026-08-27,346528967.35,18,14828124.5,0.0,0.0,57.0,0,0.0
1727,1727,4260,2026-08-27,306128584.13,10,5779756.59,170016523.69,177100358.64,0.0,0,100.0
1728,1728,4264,2026-08-27,86241432.18,14,5127003.06,74336097.76,19611202.21,23.0,1,33.33
1729,1729,4265,2026-08-27,1625852187.95,15,769784847.01,731786187.11,6630016092.87,61.0,1,0.0
1730,1730,4266,2026-08-27,2429432348.61,19,25792812.06,2193013475.52,0.0,59.0,1,100.0
1731,1731,4267,2026-08-27,473150060.21,6,6919740.59,386642595.51,0.0,33.0,0,0.0
1732,1732,4268,2026-08-27,4607152746.27,18,188146064.85,4166052756.78,0.0,38.0,2,100.0
1733,1733,4271,2026-08-27,272570468.88,4,0.0,49904588.42,0.0,0.0,1,0.0
1734,1734,4272,2026-08-27,24286026.68,17,3505434.78,0.0,0.0,37.0,1,50.0
1735,1735,4275,2026-08-27,25240809.42,10,161713.63,4265205.13,0.0,46.0,1,33.33
1736,1736,4277,2026-08-27,102637387.8,4,1294071.13,0.0,0.0,4.0,1,0.0
1737,1737,4279,2026-08-27,58119570.7,9,1696042.9,42826766.0,529889.66,0.0,1,50.0
1738,1738,4280,2026-08-27,109518268.91,12,3568296.95,59871499.1,39591137.73,33.0,0,100.0
1739,1739,4282,2026-08-27,183343057.12,18,15089534.93,148506741.42,0.0,100.0,0,25.0
1740,1740,4285,2026-08-27,6783129.35,7,1200215.54,0.0,0.0,29.0,0,100.0
1741,1741,4288,2026-08-27,37182430.17,18,2401073.74,0.0,0.0,33.0,0,33.33
1742,1742,4289,2026-08-27,17495586.23,14,751261.83,0.0,0.0,0.0,0,0.0
1743,1743,4291,2026-08-27,562882298.96,19,24990567.36,0.0,0.0,50.0,1,50.0
1744,1744,4293,2026-08-27,24744363.56,10,967812.59,0.0,19724067.69,20.0,0,0.0
1745,1745,4299,2026-08-27,4800794.67,4,819344.69,0.0,0.0,0.0,0,0.0
1746,1746,4301,2026-08-27,37022021.21,26,2999048.0,0.0,0.0,100.0,2,50.0
1747,1747,4303,2026-08-27,37807417.62,2,338098.97,25634505.01,0.0,0.0,2,0.0
1748,1748,4306,2026-08-27,149191923.08,28,13307902.87,44035228.65,0.0,100.0,1,0.0
1749,1749,4307,2026-08-27,30680461.35,28,27593876.13,0.0,0.0,88.0,0,0.0
1750,1750,4309,2026-08-27,1114874066.32,11,24322401.99,303872445.83,77639932.04,0.0,1,100.0
1751,1751,4312,2026-08-27,5249445.95,6,1112470.86,0.0,5275318.73,0.0,0,50.0
1752,1752,4315,2026-08-27,14873126.8,17,1858414.75,0.0,0.0,44.0,3,50.0
1753,1753,4318,2026-08-27,519228938.54,10,16190155.23,423900842.64,477415898.69,33.0,1,0.0
1754,1754,4321,2026-08-27,149833414.6,7,0.0,91403946.12,49971141.74,12.0,0,33.33
1755,1755,4323,2026-08-27,50554944.7,19,10543319.5,0.0,33329015.12,44.0,1,0.0
1756,1756,4328,2026-08-27,89660149.89,24,2662317.59,35533719.36,0.0,100.0,2,0.0
1757,1757,4329,2026-08-27,24699655.79,23,11914925.38,0.0,0.0,0.0,1,100.0
1758,1758,4332,2026-08-27,218562484.85,12,93021092.17,0.0,558286126.75,0.0,4,0.0
1759,1759,4333,2026-08-27,70812802.26,11,3233835.14,56715467.65,108984176.58,44.0,0,0.0
1760,1760,4334,2026-08-27,21389531.66,13,4897274.5,0.0,23237615.47,40.0,1,0.0
1761,1761,4337,2026-08-27,737866761.42,9,2556267.06,613834331.65,0.0,14.0,0,100.0
1762,1762,4339,2026-08-27,0.0,19,8764444.56,0.0,0.0,54.0,1,0.0
1763,1763,4341,2026-08-27,284701048.65,16,4831325.51,223333179.01999998,857099931.68,47.0,4,100.0
1764,1764,4343,2026-08-27,1235656889.87,21,459071280.61,274502547.17,2932073960.06,59.0,3,50.0
1765,1765,4347,2026-08-27,629692505.61,16,30524775.55,291132847.88,0.0,46.0,1,0.0
1766,1766,4348,2026-08-27,597199059.38,20,79982358.37,0.0,353539612.62,70.0,1,66.67
1767,1767,4351,2026-08-27,62128896.13,12,5899342.53,0.0,0.0,0.0,1,0.0
1768,1768,4354,2026-08-27,1223891757.96,20,54477968.01,898766448.77,0.0,0.0,1,25.0
1769,1769,4357,2026-08-27,188769502.9,21,14798880.44,0.0,0.0,60.0,1,0.0
1770,1770,4358,2026-08-27,14003565.37,9,925696.77,0.0,3761734.95,40.0,0,33.33
1771,1771,4361,2026-08-27,0.0,21,5452360.54,0.0,0.0,88.0,1,100.0
1772,1772,4365,2026-08-27,11852496.72,9,266659.12,0.0,0.0,0.0,3,25.0
1773,1773,4367,2026-08-27,29247957.17,21,19274667.1,0.0,21374185.36,100.0,0,75.0
1774,1774,4372,2026-08-27,290197236.52,8,14139180.19,264242168.9,0.0,25.0,1,0.0
1775,1775,4374,2026-08-27,129429828.76,32,7251013.71,110847562.98,0.0,100.0,3,0.0
1776,1776,4377,2026-08-27,21436222.82,19,5385527.16,0.0,0.0,100.0,0,33.33
1777,1777,4380,2026-08-27,53263605.49,3,1527281.45,0.0,0.0,0.0,3,25.0
1778,1778,4384,2026-08-27,1331584139.73,16,34443452.29,791907124.67,0.0,32.0,0,100.0
1779,1779,4389,2026-08-27,418129138.2,11,12602500.56,208529884.71,0.0,0.0,0,0.0
1780,1780,4392,2026-08-27,195451459.24,21,70457078.45,129257934.52,0.0,100.0,1,25.0
1781,1781,4395,2026-08-27,8644655.92,18,1213059.16,0.0,105539160.48,41.0,1,50.0
1782,1782,4397,2026-08-27,119352423.71,7,0.0,79356696.87,0.0,35.0,0,100.0
1783,1783,4400,2026-08-27,27750718.11,11,3624219.8,0.0,0.0,37.0,1,33.33
1784,1784,4401,2026-08-27,4160893.81,17,1059909.16,0.0,10192397.02,0.0,0,0.0
1785,1785,4403,2026-08-27,34497227.25,18,24851675.01,0.0,0.0,0.0,0,50.0
1786,1786,4407,2026-08-27,118817056.68,10,521748.34,85366429.88,0.0,0.0,0,25.0
1787,1787,4408,2026-08-27,1049790480.18,12,24109703.44,597091436.0,0.0,44.0,2,100.0
1788,1788,4411,2026-08-27,52003099.06,4,1815006.33,0.0,0.0,9.0,1,0.0
1789,1789,4412,2026-08-27,470407420.68,11,0.0,377956303.57,0.0,22.0,1,25.0
1790,1790,4417,2026-08-27,120213331.54,18,15393238.04,0.0,61050550.77,30.0,0,25.0
1791,1791,4420,2026-08-27,20959002.48,13,4676018.67,0.0,0.0,0.0,1,0.0
1792,1792,4422,2026-08-27,48420987.04,12,2806376.81,0.0,0.0,0.0,0,100.0
1793,1793,4423,2026-08-27,118157339.38,17,13510144.25,0.0,0.0,40.0,0,0.0
1794,1794,4427,2026-08-27,75496725.04,5,180480.59,64067766.69,0.0,0.0,2,0.0
1795,1795,4430,2026-08-27,57538501.88,13,4394000.9,0.0,0.0,38.0,1,0.0
1796,1796,4433,2026-08-27,106216716.62,21,14565374.13,0.0,28276913.04,30.0,1,0.0
1797,1797,4437,2026-08-27,0.0,25,20540674.45,0.0,0.0,100.0,0,0.0
1798,1798,4439,2026-08-27,12213634.74,15,2050875.02,0.0,0.0,41.0,2,50.0
1799,1799,4440,2026-08-27,34303378.83,18,14230331.11,0.0,0.0,100.0,1,0.0
1800,1800,4444,2026-08-27,30844530.96,27,5619150.78,14358199.42,0.0,89.0,0,0.0
1801,1801,4448,2026-08-27,7687122.69,21,8981724.3,0.0,18582397.59,100.0,1,0.0
1802,1802,4452,2026-08-27,52771341.64,24,7641643.62,0.0,0.0,100.0,1,33.33
1803,1803,4454,2026-08-27,515958922.24,20,30149537.3,0.0,0.0,50.0,0,0.0
1804,1804,4456,2026-08-27,27210152.91,7,675216.36,17099422.72,0.0,0.0,4,50.0
1805,1805,4461,2026-08-27,28970559.81,2,1195610.17,0.0,0.0,7.0,2,0.0
1806,1806,4464,2026-08-27,231492699.44,1,0.0,231492699.44,0.0,22.0,0,0.0
1807,1807,4466,2026-08-27,1126967167.34,20,295970624.88,0.0,1965697476.94,61.0,2,50.0
1808,1808,4467,2026-08-27,238121070.27,13,5681279.15,212047944.57999998,142131505.21,44.0,0,0.0
1809,1809,4468,2026-08-27,422475689.77,10,3918039.65,368178861.18,0.0,33.0,1,75.0
1810,1810,4472,2026-08-27,6074673908.72,22,158836166.05,2477074936.48,0.0,42.0,2,0.0
1811,1811,4476,2026-08-27,4833062.06,18,1945975.01,0.0,39625178.35,36.0,1,75.0
1812,1812,4477,2026-08-27,177189286.29,14,11825878.73,139783317.33,0.0,0.0,0,0.0
1813,1813,4478,2026-08-27,12760406.24,5,179003.93,0.0,187783639.83,0.0,2,0.0
1814,1814,4480,2026-08-27,19058598.31,15,5293398.38,0.0,0.0,35.0,1,50.0
1815,1815,4487,2026-08-27,113184742.55,15,6803806.72,81436647.34,0.0,35.0,3,25.0
1816,1816,4488,2026-08-27,11943269.05,16,2776029.57,0.0,0.0,0.0,0,50.0
1817,1817,4492,2026-08-27,53418004.73,11,5798082.18,0.0,29736527.72,0.0,1,0.0
1818,1818,4495,2026-08-27,59353084.11,23,4390133.48,42527540.27,0.0,100.0,0,50.0
1819,1819,4496,2026-08-27,52653872.52,29,5948812.75,42371544.99,0.0,88.0,2,0.0
1820,1820,4497,2026-08-27,120768058.38,32,28624256.87,0.0,0.0,100.0,0,33.33
1821,1821,4501,2026-08-27,191412319.34,12,3018987.46,135781188.15,34389853.33,0.0,1,50.0
1822,1822,4502,2026-08-27,151009066.36,24,13781452.41,0.0,0.0,98.0,2,33.33
1823,1823,4505,2026-08-27,49784987.4,26,20897472.33,0.0,0.0,100.0,0,0.0
1824,1824,4506,2026-08-27,26320365.32,20,7805467.29,0.0,0.0,100.0,1,0.0
1825,1825,4508,2026-08-27,9714871.67,5,129506.54,0.0,0.0,0.0,3,0.0
1826,1826,4509,2026-08-27,3943096803.08,20,115116014.39,1833402361.14,0.0,33.0,1,0.0
1827,1827,4510,2026-08-27,21978937.92,26,3779639.56,0.0,16085606.51,0.0,2,0.0
1828,1828,4512,2026-08-27,755424620.54,26,32125764.63,0.0,298600495.38,100.0,1,0.0
1829,1829,4516,2026-08-27,143883238.3,17,9525958.68,93262845.28,0.0,13.0,0,25.0
1830,1830,4519,2026-08-27,36566175.98,23,14841859.94,0.0,0.0,100.0,1,0.0
1831,1831,4523,2026-08-27,34203926.14,32,5282296.7,0.0,151243625.67,100.0,1,25.0
1832,1832,4526,2026-08-27,119547988.04,13,6404980.01,64528923.31,0.0,14.0,0,0.0
1833,1833,4527,2026-08-27,521557395.0,15,25232457.94,341155541.97,0.0,49.0,0,100.0
1834,1834,4533,2026-08-27,85889337.25,27,26084846.87,0.0,0.0,44.0,2,75.0
1835,1835,4536,2026-08-27,13675705.25,17,6020383.78,0.0,0.0,47.0,0,50.0
1836,1836,4539,2026-08-27,291499142.53,19,32649497.12,0.0,886048098.62,41.0,3,100.0
1837,1837,4540,2026-08-27,1637435514.06,20,24083300.57,1087017982.56,556974704.26,63.0,2,25.0
1838,1838,4545,2026-08-27,648928578.69,14,35568043.22,513699570.3,0.0,0.0,0,66.67
1839,1839,4547,2026-08-27,112375844.37,7,3939292.41,0.0,0.0,20.0,0,0.0
1840,1840,4550,2026-08-27,86293954.25,5,86632.95,0.0,0.0,21.0,1,0.0
1841,1841,4553,2026-08-27,2217115233.2,22,143628015.3,1555688332.62,0.0,37.0,1,0.0
1842,1842,4554,2026-08-27,43205267.63,14,23987611.37,0.0,152060792.11,100.0,0,0.0
1843,1843,4558,2026-08-27,29120213.66,19,7323554.7,0.0,0.0,42.0,1,0.0
1844,1844,4560,2026-08-27,10583739.68,10,612838.5,0.0,88733928.13,34.0,2,0.0
1845,1845,4562,2026-08-27,69481665.56,12,12035898.69,42556480.02,0.0,0.0,0,100.0
1846,1846,4563,2026-08-27,14664555.15,24,4675436.07,0.0,102761429.98,98.0,0,0.0
1847,1847,4567,2026-08-27,383519984.54,9,6888600.73,320141671.96,0.0,0.0,0,0.0
1848,1848,4569,2026-08-27,24295862.66,5,0.0,18935173.63,35645841.46,0.0,4,0.0
1849,1849,4574,2026-08-27,279520337.37,10,30554178.04,128210410.92,0.0,0.0,0,50.0
1850,1850,4577,2026-08-27,85934561.76,6,939078.29,0.0,44896527.38,14.0,3,0.0
1851,1851,4578,2026-08-27,91474469.54,15,11064264.07,34422111.13,0.0,58.0,2,100.0
1852,1852,4580,2026-08-27,6307526.73,14,2114913.17,0.0,25506608.27,38.0,1,0.0
1853,1853,4582,2026-08-27,262344135.11,23,33971801.93,238187216.63,0.0,100.0,2,33.33
1854,1854,4585,2026-08-27,37380873.78,5,1034144.29,25270362.66,5215680.16,0.0,0,50.0
1855,1855,4588,2026-08-27,18368745.24,3,1761301.98,0.0,11486585.87,37.0,1,33.33
1856,1856,4589,2026-08-27,55296506.23,14,962257.33,35208209.52,0.0,27.0,2,0.0
1857,1857,4590,2026-08-27,16671036.53,14,2802934.68,0.0,0.0,48.0,2,75.0
1858,1858,4594,2026-08-27,17048599.96,17,4892312.74,0.0,0.0,25.0,2,100.0
1859,1859,4598,2026-08-27,16158848.07,12,3278046.11,0.0,0.0,46.0,1,25.0
1860,1860,4599,2026-08-27,13829635.86,20,1953334.92,0.0,0.0,40.0,1,0.0
1861,1861,4601,2026-08-27,22251171.41,27,9032459.59,0.0,10541931.71,100.0,1,0.0
1862,1862,4604,2026-08-27,189596477.92,11,15393459.42,119537810.5,295391942.71,24.0,1,0.0
1863,1863,4605,2026-08-27,25731308.56,8,105221.9,0.0,283293928.75,29.0,1,0.0
1864,1864,4607,2026-08-27,11119546.44,23,5211308.77,0.0,0.0,96.0,0,50.0
1865,1865,4610,2026-08-27,168152568.09,24,2713344.08,117817924.89,0.0,100.0,0,33.33
1866,1866,4613,2026-08-27,7583713.84,14,1289986.54,0.0,5197928.83,23.0,0,33.33
1867,1867,4615,2026-08-27,30832148.73,15,2239653.7,0.0,0.0,30.0,0,33.33
1868,1868,4618,2026-08-27,11391231.98,15,4382522.46,0.0,0.0,31.0,0,0.0
1869,1869,4620,2026-08-27,106755487.32,29,24449374.48,52169972.95,54493887.23,100.0,3,25.0
1870,1870,4623,2026-08-27,464665358.31,18,9336315.13,431695756.67999995,0.0,0.0,1,0.0
1871,1871,4624,2026-08-27,46373716.0,9,12154975.83,0.0,0.0,38.0,1,100.0
1872,1872,4628,2026-08-27,669608800.49,16,40117709.5,415508602.73,0.0,34.0,0,25.0
1873,1873,4630,2026-08-27,38200044.88,13,3343813.75,26817931.61,0.0,25.0,1,33.33
1874,1874,4632,2026-08-27,54165747.64,14,6586718.5,44322403.129999995,0.0,39.0,1,0.0
1875,1875,4634,2026-08-27,19389555.73,8,1901236.54,0.0,0.0,12.0,0,0.0
1876,1876,4636,2026-08-27,139681070.81,12,9349708.04,113891462.73,0.0,36.0,0,33.33
1877,1877,4639,2026-08-27,3610818.9,18,2430919.67,0.0,0.0,53.0,0,100.0
1878,1878,4643,2026-08-27,302374809.66,8,4060374.77,157468070.68,0.0,47.0,1,100.0
1879,1879,4648,2026-08-27,30678965.28,14,4727779.11,0.0,39117772.04,82.0,0,25.0
1880,1880,4650,2026-08-27,21019098.35,24,3286122.28,0.0,38416079.69,94.0,3,0.0
1881,1881,4651,2026-08-27,8857238.35,28,12177900.05,0.0,0.0,100.0,0,0.0
1882,1882,4654,2026-08-27,39763145.08,24,18854302.08,0.0,0.0,86.0,1,33.33
1883,1883,4657,2026-08-27,26760072.6,16,7655195.63,0.0,0.0,40.0,1,25.0
1884,1884,4659,2026-08-27,37354189.59,3,678215.08,0.0,0.0,0.0,3,0.0
1885,1885,4661,2026-08-27,249252297.15,15,14092806.93,225076728.49,0.0,23.0,0,66.67
1886,1886,4663,2026-08-27,264812949.46,15,2000726.37,244088210.36,0.0,63.0,0,0.0
1887,1887,4664,2026-08-27,543319274.35,25,138713763.0,165804710.39,0.0,65.0,0,0.0
1888,1888,4665,2026-08-27,14840908.75,16,643065.2,0.0,0.0,68.0,0,100.0
1889,1889,4670,2026-08-27,40209538.62,12,2323225.04,0.0,0.0,41.0,0,66.67
1890,1890,4672,2026-08-27,1894949981.74,18,33640493.73,1752065846.53,804539397.63,36.0,1,100.0
1891,1891,4676,2026-08-27,49635852.0,11,4289373.65,0.0,0.0,37.0,0,25.0
1892,1892,4679,2026-08-27,7956741.58,3,158632.17,0.0,19942524.56,0.0,1,100.0
1893,1893,4680,2026-08-27,84575523.11,26,10617750.95,48132308.7,0.0,100.0,1,0.0
1894,1894,4683,2026-08-27,1280459937.53,22,52074281.39,728457151.14,2532319942.41,39.0,1,100.0
1895,1895,4685,2026-08-27,163031433.86,17,35783244.44,0.0,427998186.1,29.0,1,0.0
1896,1896,4688,2026-08-27,92773899.1,15,7285495.17,70153912.46000001,0.0,50.0,2,100.0
1897,1897,4691,2026-08-27,45561580.64,5,0.0,0.0,0.0,0.0,1,0.0
1898,1898,4692,2026-08-27,16879503.94,18,5878302.52,0.0,21829512.57,0.0,0,100.0
1899,1899,4693,2026-08-27,1440514460.75,20,642667854.2,768581501.37,0.0,0.0,0,100.0
1900,1900,4695,2026-08-27,152178114.23,20,71944636.36,0.0,0.0,0.0,3,0.0
1901,1901,4697,2026-08-27,52812462.46,22,5323739.07,34158301.72,12126372.4,93.0,1,100.0
1902,1902,4700,2026-08-27,985901560.99,19,256947077.87,0.0,0.0,51.0,1,25.0
1903,1903,4704,2026-08-27,84300239.59,13,3233103.38,0.0,0.0,28.0,0,25.0
1904,1904,4708,2026-08-27,13901609.83,15,3557992.39,0.0,15854709.87,0.0,2,50.0
1905,1905,4711,2026-08-27,27320269.24,20,3269491.68,0.0,0.0,100.0,2,33.33
1906,1906,4713,2026-08-27,37075222.03,14,3365015.17,0.0,0.0,39.0,2,100.0
1907,1907,4714,2026-08-27,473035602.26,9,21771477.96,129521961.97,463756831.94,21.0,2,66.67
1908,1908,4719,2026-08-27,139492257.91,18,16709508.63,0.0,0.0,0.0,3,33.33
1909,1909,4720,2026-08-27,116714337.44,15,3956741.44,29071432.65,155113565.95,30.0,0,33.33
1910,1910,4724,2026-08-27,97854685.09,8,2030521.8,77467801.35,0.0,28.0,1,0.0
1911,1911,4725,2026-08-27,265088631.58,21,478434837.11,0.0,0.0,24.0,3,0.0
1912,1912,4729,2026-08-27,17258352.63,11,8481068.48,0.0,0.0,0.0,2,100.0
1913,1913,4730,2026-08-27,146298547.64,7,7664958.81,120232992.02,0.0,0.0,3,0.0
1914,1914,4732,2026-08-27,100665950.06,18,151677562.62,0.0,0.0,100.0,3,0.0
1915,1915,4734,2026-08-27,21822377.18,10,2805039.29,0.0,0.0,36.0,1,50.0
1916,1916,4735,2026-08-27,34042765.94,26,6750155.67,0.0,0.0,40.0,0,0.0
1917,1917,4739,2026-08-27,85061648.38,5,1109698.44,77394107.99,0.0,0.0,2,25.0
1918,1918,4742,2026-08-27,42404214.92,6,1015105.05,0.0,0.0,6.0,0,50.0
1919,1919,4746,2026-08-27,6504026.38,25,3125938.76,0.0,0.0,100.0,2,25.0
1920,1920,4748,2026-08-27,9346664.32,9,13294157.89,0.0,0.0,25.0,2,33.33
1921,1921,4751,2026-08-27,371627180.81,24,58054731.34,136432155.26,0.0,100.0,0,25.0
1922,1922,4755,2026-08-27,89982281.35,16,10152981.33,70544177.19,21225885.96,51.0,0,0.0
1923,1923,4758,2026-08-27,17356049.57,31,6702640.0,0.0,0.0,97.0,0,25.0
1924,1924,4762,2026-08-27,957150965.72,11,21288717.95,771331504.53,0.0,34.0,0,66.67
1925,1925,4763,2026-08-27,10942254.07,16,3720625.0,0.0,19116004.98,28.0,0,66.67
1926,1926,4767,2026-08-27,1747467952.7,22,57945676.8,1511146493.71,45764330.98,68.0,1,0.0
1927,1927,4768,2026-08-27,458025855.07,14,11750375.86,252254037.53,0.0,59.0,0,0.0
1928,1928,4770,2026-08-27,96138969.16,3,88727.02,0.0,20002755.14,9.0,0,66.67
1929,1929,4775,2026-08-27,891861584.26,13,70392032.46,716935755.52,0.0,0.0,2,50.0
1930,1930,4777,2026-08-27,73491921.28,9,466467.14,50811152.47,59616710.6,27.0,2,50.0
1931,1931,4781,2026-08-27,15324092.24,5,1101748.63,0.0,8564548.64,0.0,1,0.0
1932,1932,4784,2026-08-27,86798178.66,23,27977699.87,0.0,0.0,100.0,2,0.0
1933,1933,4786,2026-08-27,28256656.51,13,7970778.63,0.0,0.0,47.0,0,50.0
1934,1934,4789,2026-08-27,72832936.59,15,9093547.35,0.0,0.0,8.0,1,0.0
1935,1935,4794,2026-08-27,11844643.69,7,1536948.31,0.0,0.0,0.0,4,0.0
1936,1936,4797,2026-08-27,912662435.44,21,222901929.63,0.0,0.0,62.0,2,33.33
1937,1937,4798,2026-08-27,141206486.28,23,24053087.04,32572998.87,0.0,100.0,0,0.0
1938,1938,4802,2026-08-27,28450976.34,18,25174627.63,0.0,0.0,100.0,1,50.0
1939,1939,4806,2026-08-27,22448341.22,22,2226656.41,0.0,0.0,43.0,0,33.33
1940,1940,4811,2026-08-27,1462973900.53,23,157098812.34,1325424048.86,781428586.67,44.0,1,0.0
1941,1941,4813,2026-08-27,30894717.54,20,2208104.01,0.0,0.0,58.0,1,33.33
1942,1942,4816,2026-08-27,408349944.07,14,15781884.43,190904940.88,0.0,21.0,0,50.0
1943,1943,4817,2026-08-27,77553930.59,20,37650919.83,0.0,0.0,26.0,1,50.0
1944,1944,4822,2026-08-27,25030443.17,22,9548102.21,0.0,133367649.27,19.0,1,75.0
1945,1945,4825,2026-08-27,28136029.58,14,3608657.97,0.0,0.0,53.0,0,0.0
1946,1946,4826,2026-08-27,53044318.14,5,13459746.04,0.0,228468176.15,28.0,0,100.0
1947,1947,4827,2026-08-27,27402612.36,10,2525584.41,0.0,0.0,0.0,1,100.0
1948,1948,4831,2026-08-27,68067450.41,8,4889474.42,0.0,0.0,32.0,1,25.0
1949,1949,4833,2026-08-27,1378492579.27,18,190604097.72,0.0,1826740907.03,52.0,2,0.0
1950,1950,4834,2026-08-27,287854701.85,9,105945567.49,0.0,0.0,37.0,1,50.0
1951,1951,4841,2026-08-27,38007923.4,10,0.0,0.0,19105780.74,30.0,0,25.0
1952,1952,4845,2026-08-27,191955374.8,22,26220362.0,39643619.01,238399160.49,38.0,0,0.0
1953,1953,4848,2026-08-27,11911834.26,14,2979365.14,0.0,0.0,37.0,0,25.0
1954,1954,4853,2026-08-27,90398469.18,8,6368881.31,0.0,8699256.89,30.0,0,0.0
1955,1955,4856,2026-08-27,46962204.47,18,33910668.52,0.0,0.0,25.0,0,33.33
1956,1956,4860,2026-08-27,58011811.04,9,5490595.03,0.0,0.0,40.0,1,50.0
1957,1957,4863,2026-08-27,27049646.84,18,8293284.82,0.0,101850985.64,100.0,0,33.33
1958,1958,4864,2026-08-27,1103435879.15,14,73581499.37,0.0,0.0,49.0,0,100.0
1959,1959,4867,2026-08-27,18643582.74,11,2089036.09,0.0,0.0,31.0,1,0.0
1960,1960,4871,2026-08-27,95702167.56,23,70586757.1,0.0,0.0,100.0,1,33.33
1961,1961,4873,2026-08-27,12144217.12,18,4045568.94,0.0,0.0,100.0,2,0.0
1962,1962,4875,2026-08-27,458963221.05,7,2736987.82,430357446.13,0.0,61.0,0,0.0
1963,1963,4878,2026-08-27,36786923.71,22,10790052.36,0.0,99755971.05,100.0,0,0.0
1964,1964,4882,2026-08-27,113895176.52,14,712218.37,81178096.18,56365820.84,59.0,1,25.0
1965,1965,4885,2026-08-27,41069489.6,4,71372.32,30680746.65,0.0,0.0,1,33.33
1966,1966,4886,2026-08-27,3879282871.96,18,208626389.94,2574473911.62,0.0,50.0,0,0.0
1967,1967,4889,2026-08-27,19956286.57,7,1858887.09,0.0,0.0,0.0,3,0.0
1968,1968,4892,2026-08-27,41727478.46,12,1001448.54,29117610.94,9453897.99,9.0,0,0.0
1969,1969,4894,2026-08-27,48817091.13,29,9430663.09,0.0,0.0,94.0,2,25.0
1970,1970,4899,2026-08-27,290516063.41,19,5654058.18,290516063.41,0.0,100.0,1,33.33
1971,1971,4901,2026-08-27,748649748.43,18,101732848.01,205155441.04,0.0,0.0,0,50.0
1972,1972,4904,2026-08-27,49888438.97,7,446535.15,38293952.78,0.0,40.0,1,0.0
1973,1973,4907,2026-08-27,36406574.6,5,754519.09,26320254.91,0.0,36.0,1,33.33
1974,1974,4910,2026-08-27,121633130.14,6,8919986.05,48707020.04,2058831.68,30.0,1,50.0
1975,1975,4914,2026-08-27,28185043.12,16,3519973.7,0.0,70175231.45,0.0,1,100.0
1976,1976,4915,2026-08-27,190865318.48,15,4479320.31,175773029.01,41042486.22,0.0,0,0.0
1977,1977,4917,2026-08-27,121332844.5,24,39747388.58,0.0,145900358.29,85.0,0,25.0
1978,1978,4922,2026-08-27,14474153.18,10,2471968.62,0.0,68197512.81,24.0,0,25.0
1979,1979,4924,2026-08-27,81579058.39,3,0.0,57034872.31,0.0,0.0,1,0.0
1980,1980,4926,2026-08-27,24830228.95,11,7028861.31,0.0,0.0,43.0,1,0.0
1981,1981,4929,2026-08-27,298304040.97,5,2109967.63,260957538.75,0.0,0.0,0,0.0
1982,1982,4930,2026-08-27,115971654.82,8,441756.77,62992731.5,0.0,63.0,1,33.33
1983,1983,4933,2026-08-27,20049343.93,11,7557469.63,0.0,0.0,18.0,1,0.0
1984,1984,4934,2026-08-27,15588837.91,18,5686862.34,0.0,0.0,36.0,2,33.33
1985,1985,4940,2026-08-27,22005567.12,23,5839243.06,0.0,0.0,96.0,2,75.0
1986,1986,4941,2026-08-27,45510839.69,8,4197970.99,0.0,0.0,29.0,1,0.0
1987,1987,4942,2026-08-27,70886194.29,17,3297331.11,0.0,0.0,43.0,2,100.0
1988,1988,4944,2026-08-27,31308740.74,2,0.0,0.0,11970797.16,0.0,1,0.0
1989,1989,4945,2026-08-27,28357978.54,10,1648374.78,0.0,31018511.91,0.0,0,0.0
1990,1990,4946,2026-08-27,10302542.63,16,1427427.05,0.0,82270333.13,50.0,1,0.0
1991,1991,4947,2026-08-27,406677126.91,20,109490420.57,0.0,0.0,50.0,0,100.0
1992,1992,4949,2026-08-27,89411021.05,4,676633.7,79423417.32,15055391.48,5.0,2,0.0
1993,1993,4952,2026-08-27,237980205.61,11,4252497.86,0.0,0.0,0.0,1,100.0
1994,1994,4955,2026-08-27,2203819742.97,14,109098288.25,1722632649.93,0.0,62.0,0,0.0
1995,1995,4957,2026-08-27,97494063.69,27,65725060.22,0.0,139305387.02,93.0,2,0.0
1996,1996,4958,2026-08-27,19967133.49,2,0.0,0.0,0.0,29.0,2,0.0
1997,1997,4962,2026-08-27,22449548.51,22,6618155.33,0.0,0.0,0.0,3,25.0
1998,1998,4963,2026-08-27,212692701.52,15,1637166.05,144731434.98000002,0.0,36.0,1,0.0
1999,1999,4964,2026-08-27,455465810.06,7,103865561.33,0.0,0.0,36.0,0,0.0
2000,2000,4970,2026-08-27,491619039.51,20,37940768.24,358608701.18,0.0,100.0,2,25.0
2001,2001,4973,2026-08-27,495121217.15,10,3458836.33,429927083.8,0.0,0.0,0,0.0
2002,2002,4979,2026-08-27,182196174.72,21,6850149.01,91537353.28,0.0,20.0,1,25.0
2003,2003,4981,2026-08-27,30297980.16,16,5547036.79,0.0,0.0,21.0,0,0.0
2004,2004,4982,2026-08-27,18253355.3,4,642805.06,0.0,14561382.3,8.0,2,0.0
2005,2005,4988,2026-08-27,193530887.58,26,50934824.53,139826653.79,0.0,44.0,1,0.0
2006,2006,4990,2026-08-27,19941507.13,12,8854925.13,0.0,33839628.35,0.0,0,0.0
2007,2007,4993,2026-08-27,534605981.36,17,19306771.05,405613415.64,0.0,100.0,2,0.0
2008,2008,4994,2026-08-27,17109112.08,13,2931383.06,0.0,0.0,48.0,0,0.0
2009,2009,4995,2026-08-27,44227420.79,12,443525.92,0.0,0.0,27.0,1,0.0
2010,2010,4996,2026-08-27,6235884.99,1,1500861.34,0.0,40311536.18,12.0,1,0.0
2011,2011,4999,2026-08-27,868040404.2,19,34864268.28,471396824.67,0.0,32.0,1,0.0
2012,2012,5000,2026-08-27,39561731.2,19,4843753.88,0.0,0.0,0.0,1,100.0
2013,2013,5001,2026-08-27,378599251.92,16,21452558.99,0.0,0.0,77.0,2,0.0
2014,2014,5004,2026-08-27,1540653026.13,18,67433701.09,842854931.75,0.0,41.0,0,50.0
2015,2015,5007,2026-08-27,117293220.39,14,12936514.88,0.0,0.0,22.0,1,100.0
2016,2016,5008,2026-08-27,60440478.67,20,9162981.35,0.0,31880464.81,100.0,0,33.33
2017,2017,5011,2026-08-27,56829259.02,22,2008228.3,44314837.94,0.0,50.0,1,75.0
2018,2018,5017,2026-08-27,339899108.97,20,62930118.27,154409611.52,0.0,53.0,0,0.0
2019,2019,5021,2026-08-27,19022041.21,17,3684362.2,0.0,49971740.31,100.0,0,0.0
2020,2020,5024,2026-08-27,813666726.45,12,19114958.38,735519798.23,0.0,60.0,0,0.0
2021,2021,5025,2026-08-27,301412952.38,5,3180364.77,258809716.59,0.0,0.0,1,25.0
2022,2022,5031,2026-08-27,443467141.86,21,87570973.1,226710772.98,0.0,68.0,2,0.0
2023,2023,5032,2026-08-27,1058512144.46,20,42112920.63,645007354.13,0.0,43.0,1,0.0
2024,2024,5034,2026-08-27,7500363.65,22,19741074.73,0.0,94130376.29,36.0,1,33.33
2025,2025,5039,2026-08-27,335792778.87,7,7395203.6,211707449.25,0.0,40.0,0,75.0
2026,2026,5042,2026-08-27,106137505.03,9,20369935.95,0.0,0.0,40.0,2,25.0
2027,2027,5044,2026-08-27,32407536.15,11,741903.21,0.0,23122882.93,46.0,1,0.0
2028,2028,5048,2026-08-27,309000830.89,11,6724272.6,88371280.01,0.0,60.0,3,0.0
2029,2029,5050,2026-08-27,273727903.15,12,2737753.88,251498149.56,0.0,100.0,1,50.0
2030,2030,5051,2026-08-27,871373209.67,21,22880285.59,0.0,0.0,90.0,1,0.0
2031,2031,5054,2026-08-27,407619419.28,19,51474871.07,105458292.2,0.0,0.0,1,25.0
2032,2032,5056,2026-08-27,16550290.47,27,3272643.98,0.0,0.0,100.0,0,0.0
2033,2033,5058,2026-08-27,235900492.57,9,13197391.1,72233374.15,0.0,0.0,1,0.0
2034,2034,5059,2026-08-27,435522941.63,18,10530623.08,165965083.91,0.0,35.0,1,33.33
2035,2035,5062,2026-08-27,841995568.47,22,45013792.92,272670069.34,0.0,0.0,2,0.0
2036,2036,5065,2026-08-27,22197345.56,6,2430810.23,0.0,0.0,30.0,0,33.33
2037,2037,5066,2026-08-27,55661405.82,12,5966418.26,45370854.019999996,0.0,0.0,0,50.0
2038,2038,5070,2026-08-27,4136097520.22,28,418633294.78,3324164646.78,1916305591.5,47.0,2,33.33
2039,2039,5072,2026-08-27,521727153.46,25,194491382.38,0.0,0.0,100.0,0,0.0
2040,2040,5074,2026-08-27,175092015.4,11,7059729.38,142283520.79,9373476.86,10.0,0,0.0
2041,2041,5078,2026-08-27,54048384.97,17,6373119.47,0.0,0.0,39.0,0,75.0
2042,2042,5081,2026-08-27,23333853.29,8,773418.42,0.0,0.0,39.0,0,33.33
2043,2043,5082,2026-08-27,51277609.72,28,3895632.22,33897562.53,226847.97,83.0,0,0.0
2044,2044,5086,2026-08-27,14810272.7,13,7724862.69,0.0,0.0,26.0,0,0.0
2045,2045,5088,2026-08-27,63343199.78,18,14380281.59,0.0,0.0,0.0,0,0.0
2046,2046,5090,2026-08-27,116190156.14,15,34736903.48,0.0,220502776.08,0.0,2,33.33
2047,2047,5093,2026-08-27,549440956.54,8,3257068.85,335350889.90999997,0.0,38.0,1,50.0
2048,2048,5096,2026-08-27,103054466.22,28,2755604.21,46872533.33,0.0,87.0,1,0.0
2049,2049,5100,2026-08-27,38388067.19,18,7751521.3,0.0,0.0,42.0,0,25.0
2050,2050,5101,2026-08-27,122307453.4,11,4332893.88,0.0,0.0,0.0,2,0.0
2051,2051,5103,2026-08-27,22806238.21,7,4792775.01,0.0,0.0,0.0,0,100.0
2052,2052,5106,2026-08-27,245993272.99,16,34675764.02,88749425.79,0.0,45.0,2,0.0
2053,2053,5109,2026-08-27,241424540.32,14,9138376.8,180314446.77,0.0,0.0,1,33.33
2054,2054,5110,2026-08-27,17395357.94,9,2081690.8,0.0,0.0,0.0,1,33.33
2055,2055,5114,2026-08-27,169398871.98,13,31001072.43,0.0,0.0,29.0,0,50.0
2056,2056,5118,2026-08-27,21918101.81,21,6027735.56,0.0,0.0,100.0,0,0.0
2057,2057,5120,2026-08-27,162112978.44,15,31734500.99,0.0,987654759.59,57.0,0,0.0
2058,2058,5124,2026-08-27,20027141.75,26,7542730.18,0.0,112173007.3,100.0,0,0.0
2059,2059,5125,2026-08-27,4653978817.6,20,190610312.32,2944082984.36,0.0,25.0,1,33.33
2060,2060,5130,2026-08-27,1543218762.33,12,56534399.91,1271132818.19,0.0,39.0,0,0.0
2061,2061,5132,2026-08-27,97166227.59,15,7582312.86,81295481.4,0.0,20.0,0,50.0
2062,2062,5135,2026-08-27,0.0,12,3251272.47,0.0,0.0,52.0,1,25.0
2063,2063,5139,2026-08-27,10101993.81,33,5413751.85,0.0,0.0,100.0,2,0.0
2064,2064,5141,2026-08-27,367195353.94,25,28155365.92,0.0,845717174.68,57.0,0,0.0
2065,2065,5144,2026-08-27,171245443.28,16,21523813.23,0.0,0.0,47.0,1,25.0
2066,2066,5148,2026-08-27,493121154.4,8,2689720.5,385094930.0,740902165.03,0.0,0,0.0
2067,2067,5149,2026-08-27,156447306.18,31,19437914.26,0.0,0.0,96.0,3,0.0
2068,2068,5152,2026-08-27,49646173.4,8,3123764.97,0.0,0.0,44.0,2,50.0
2069,2069,5154,2026-08-27,15162974.78,16,3191592.3,0.0,0.0,53.0,0,100.0
2070,2070,5156,2026-08-27,78899495.19,35,22146520.77,0.0,0.0,100.0,0,33.33
2071,2071,5158,2026-08-27,72443803.63,13,2661971.48,28875728.56,0.0,0.0,2,0.0
2072,2072,5162,2026-08-27,200400508.99,17,19558493.66,97604911.09,0.0,60.0,1,50.0
2073,2073,5164,2026-08-27,13848241.62,8,1664406.5,0.0,0.0,48.0,4,100.0
2074,2074,5165,2026-08-27,31016316.1,8,1883041.85,0.0,0.0,43.0,0,0.0
2075,2075,5167,2026-08-27,480233097.82,9,111065245.4,338689900.04,0.0,28.0,3,33.33
2076,2076,5170,2026-08-27,20804325.73,20,6699301.46,0.0,66879496.58,100.0,3,50.0
2077,2077,5172,2026-08-27,16344543.07,12,588487.51,0.0,0.0,37.0,0,100.0
2078,2078,5174,2026-08-27,50867717.94,15,16550429.64,0.0,108338557.53,48.0,0,66.67
2079,2079,5177,2026-08-27,12273915.9,17,4243391.21,0.0,0.0,44.0,0,66.67
2080,2080,5179,2026-08-27,166833871.45,20,43471551.51,0.0,78556718.97,60.0,3,0.0
2081,2081,5180,2026-08-27,153556667.37,10,2859441.42,25871357.59,249024208.55,44.0,2,50.0
2082,2082,5182,2026-08-27,31823815.01,21,595136.1,0.0,0.0,17.0,0,66.67
2083,2083,5187,2026-08-27,18025959.43,4,0.0,0.0,0.0,0.0,1,0.0
2084,2084,5188,2026-08-27,45799520.07,13,4236829.14,20634451.88,0.0,40.0,1,25.0
2085,2085,5193,2026-08-27,29985466.8,3,1335329.8,0.0,283259503.35,19.0,1,50.0
2086,2086,5194,2026-08-27,128947498.79,15,4232927.97,96071624.67,0.0,25.0,1,50.0
2087,2087,5196,2026-08-27,770716379.34,17,29277774.18,363686459.91,601579626.34,49.0,0,0.0
2088,2088,5201,2026-08-27,644293562.25,13,23880138.76,493040162.12,145255892.14,27.0,0,0.0
2089,2089,5202,2026-08-27,15292909.97,4,502603.91,0.0,0.0,16.0,2,0.0
2090,2090,5203,2026-08-27,24640678.67,20,4255112.91,0.0,0.0,100.0,1,0.0
2091,2091,5204,2026-08-27,2335439721.26,10,35825994.75,1263098631.6599998,0.0,57.0,1,33.33
2092,2092,5207,2026-08-27,145027936.4,12,4216366.05,114624332.94999999,0.0,46.0,1,33.33
2093,2093,5210,2026-08-27,186454628.28,20,70289890.22,0.0,0.0,100.0,1,0.0
2094,2094,5212,2026-08-27,28512086.19,7,2093620.65,0.0,0.0,39.0,0,75.0
2095,2095,5215,2026-08-27,98960087.87,9,5620348.66,47393780.3,0.0,29.0,1,25.0
2096,2096,5219,2026-08-27,652659683.36,13,5591020.45,559132385.02,0.0,0.0,2,0.0
2097,2097,5220,2026-08-27,471032202.78,18,34040232.15,0.0,1560332166.18,42.0,1,0.0
2098,2098,5222,2026-08-27,19113142.09,22,8681732.91,0.0,23844718.67,100.0,0,50.0
2099,2099,5225,2026-08-27,1090368920.63,16,17687825.0,788215344.82,0.0,23.0,1,0.0
2100,2100,5226,2026-08-27,7991661.12,11,1240604.08,0.0,12048877.62,46.0,2,33.33
2101,2101,5231,2026-08-27,7097120.6,2,0.0,0.0,43057604.73,17.0,1,0.0
2102,2102,5233,2026-08-27,1276818470.78,14,58805391.09,1157604921.57,149807746.49,49.0,1,0.0
2103,2103,5235,2026-08-27,40472533.93,11,5883482.88,0.0,0.0,18.0,1,25.0
2104,2104,5239,2026-08-27,31348221.78,12,2805606.62,20085588.39,29039610.4,0.0,0,50.0
2105,2105,5241,2026-08-27,118606593.2,21,8168051.88,69288221.77,0.0,100.0,1,0.0
2106,2106,5242,2026-08-27,7766269.95,2,427260.6,0.0,0.0,12.0,1,0.0
2107,2107,5245,2026-08-27,114810921.1,5,2485052.81,75180390.72,0.0,17.0,2,33.33
2108,2108,5247,2026-08-27,170293554.67,8,0.0,114772478.52,0.0,0.0,0,50.0
2109,2109,5248,2026-08-27,247584014.18,7,14798998.76,87699685.01,0.0,55.0,2,100.0
2110,2110,5252,2026-08-27,7394300.51,20,1935730.85,0.0,0.0,36.0,0,50.0
2111,2111,5258,2026-08-27,413547898.91,18,21816181.66,334547460.96,0.0,100.0,0,0.0
2112,2112,5259,2026-08-27,123823718.95,27,25009241.34,55140189.77,0.0,100.0,0,0.0
2113,2113,5260,2026-08-27,162920520.07,10,152503.06,0.0,0.0,0.0,0,50.0
2114,2114,5265,2026-08-27,25495372.78,17,33743250.68,0.0,0.0,100.0,0,25.0
2115,2115,5269,2026-08-27,342897064.36,17,10792632.66,212063362.82,0.0,38.0,1,0.0
2116,2116,5272,2026-08-27,294703839.42,14,230009759.78,0.0,0.0,0.0,0,100.0
2117,2117,5273,2026-08-27,13267446.05,17,8491251.06,0.0,0.0,0.0,2,66.67
2118,2118,5277,2026-08-27,3655841419.29,16,91586617.91,2039995889.52,387554821.88,0.0,1,66.67
2119,2119,5281,2026-08-27,151372448.46,16,58314897.88,0.0,2293630682.45,36.0,0,0.0
2120,2120,5282,2026-08-27,17750016.9,13,24550084.92,0.0,0.0,45.0,2,100.0
2121,2121,5283,2026-08-27,14927853.98,5,376979.18,0.0,0.0,42.0,0,0.0
2122,2122,5284,2026-08-27,381920878.43,18,13898298.07,0.0,0.0,0.0,0,0.0
2123,2123,5287,2026-08-27,0.0,16,7514207.83,0.0,0.0,61.0,1,75.0
2124,2124,5291,2026-08-27,34812994.14,19,9066518.58,0.0,0.0,0.0,1,50.0
2125,2125,5293,2026-08-27,97065373.74,18,15347912.96,0.0,0.0,34.0,2,100.0
2126,2126,5295,2026-08-27,84878840.65,14,5409259.99,60211243.66,0.0,24.0,2,0.0
2127,2127,5298,2026-08-27,436931137.11,17,20848563.86,305778035.23,0.0,0.0,1,0.0
2128,2128,5301,2026-08-27,2538886445.53,17,57427209.87,2337861955.76,0.0,0.0,1,50.0
2129,2129,5303,2026-08-27,615962947.43,18,24527368.36,357673273.1,0.0,42.0,2,0.0
2130,2130,5308,2026-08-27,694997056.17,19,60294274.07,311629917.2,1273198906.09,40.0,2,25.0
2131,2131,5310,2026-08-27,54426854.15,19,2317190.42,40406938.21,0.0,53.0,1,50.0
2132,2132,5312,2026-08-27,54754266.63,4,847391.19,34182772.76,143262201.47,0.0,1,0.0
2133,2133,5314,2026-08-27,5842960.59,13,2559978.73,0.0,0.0,43.0,0,0.0
2134,2134,5315,2026-08-27,13046799.59,13,3413550.92,0.0,0.0,0.0,0,50.0
2135,2135,5317,2026-08-27,56923179.71,21,7485122.34,42445822.57,9418892.68,95.0,2,33.33
2136,2136,5320,2026-08-27,44215811.57,22,15431513.51,0.0,0.0,100.0,1,0.0
2137,2137,5321,2026-08-27,148462143.77,14,44328271.58,0.0,0.0,24.0,1,0.0
2138,2138,5323,2026-08-27,46555678.89,12,274759.73,21931920.99,0.0,19.0,0,33.33
2139,2139,5328,2026-08-27,64236153.82,13,5454310.54,0.0,26580114.32,40.0,1,0.0
2140,2140,5329,2026-08-27,10831929.67,15,1984226.09,0.0,41363151.03,17.0,0,0.0
2141,2141,5334,2026-08-27,6693135.79,16,1512552.71,0.0,11947974.76,42.0,0,0.0
2142,2142,5335,2026-08-27,243462125.55,17,15234474.0,0.0,496108925.13,0.0,2,0.0
2143,2143,5336,2026-08-27,822533205.81,12,9304493.73,781005925.57,0.0,0.0,2,0.0
2144,2144,5337,2026-08-27,10212692.54,14,3263623.77,0.0,0.0,0.0,0,0.0
2145,2145,5339,2026-08-27,55429242.61,12,4674675.44,0.0,0.0,0.0,0,33.33
2146,2146,5341,2026-08-27,184803017.86,14,28484484.73,0.0,0.0,21.0,0,0.0
2147,2147,5342,2026-08-27,467358166.5,18,39294330.25,0.0,0.0,0.0,1,50.0
2148,2148,5346,2026-08-27,39676983.88,18,17030478.56,0.0,25355043.52,0.0,0,66.67
2149,2149,5347,2026-08-27,117985993.3,15,25313490.39,0.0,0.0,0.0,0,0.0
2150,2150,5349,2026-08-27,3394101658.26,15,121117104.7,1779506311.81,0.0,28.0,0,0.0
2151,2151,5350,2026-08-27,10395547.47,4,1012534.64,0.0,45162751.38,0.0,0,0.0
2152,2152,5353,2026-08-27,2626730605.28,23,921625096.63,0.0,0.0,51.0,1,0.0
2153,2153,5355,2026-08-27,40473337.47,15,4310848.4,0.0,0.0,39.0,1,0.0
2154,2154,5358,2026-08-27,24663143.7,9,4167195.54,0.0,0.0,0.0,0,0.0
2155,2155,5359,2026-08-27,64218432.38,25,69403019.87,0.0,610849259.05,100.0,1,0.0
2156,2156,5362,2026-08-27,104329261.35,15,9054745.27,0.0,404873368.72,0.0,0,0.0
2157,2157,5366,2026-08-27,183131227.23,27,18340723.5,162473888.81,0.0,34.0,0,0.0
2158,2158,5369,2026-08-27,48241187.94,15,18503566.94,0.0,269095438.38,0.0,0,33.33
2159,2159,5370,2026-08-27,397794973.7,20,13878229.5,333700544.31,0.0,0.0,0,100.0
2160,2160,5371,2026-08-27,283568330.08,24,29091484.91,0.0,0.0,64.0,1,50.0
2161,2161,5373,2026-08-27,815978092.48,14,36784600.93,0.0,0.0,43.0,0,100.0
2162,2162,5376,2026-08-27,20946914.92,15,3333678.07,0.0,0.0,48.0,1,50.0
2163,2163,5380,2026-08-27,333968940.51,11,24391465.34,213584357.03,493715662.17,0.0,1,25.0
2164,2164,5383,2026-08-27,227044485.93,18,34441347.43,0.0,0.0,31.0,0,75.0
2165,2165,5386,2026-08-27,42288913.93,13,867576.32,0.0,122908768.96,24.0,0,0.0
2166,2166,5389,2026-08-27,24218861.09,17,1956996.55,0.0,2346676.54,53.0,3,100.0
2167,2167,5393,2026-08-27,29474172.34,11,19816176.86,0.0,0.0,42.0,0,25.0
2168,2168,5397,2026-08-27,290210445.09,14,21102833.59,189132041.28,0.0,32.0,1,100.0
2169,2169,5398,2026-08-27,858858689.84,14,21055818.25,692584091.3199999,0.0,31.0,4,100.0
2170,2170,5399,2026-08-27,11426887.67,19,4825913.52,0.0,0.0,100.0,0,0.0
2171,2171,5401,2026-08-27,1613278730.98,15,13932142.46,836072755.47,0.0,42.0,1,0.0
2172,2172,5404,2026-08-27,13352826.92,18,3444694.94,0.0,27207497.71,52.0,1,50.0
2173,2173,5407,2026-08-27,323895110.26,23,30116401.58,263639958.46,0.0,94.0,1,0.0
2174,2174,5410,2026-08-27,84106731.51,15,6869293.84,0.0,0.0,26.0,1,75.0
2175,2175,5414,2026-08-27,606308373.85,12,9464435.08,464530139.49,0.0,57.0,0,100.0
2176,2176,5416,2026-08-27,17413627.29,16,2475333.16,0.0,0.0,100.0,1,0.0
2177,2177,5418,2026-08-27,691159395.78,12,17808587.51,559965604.7,0.0,43.0,1,100.0
2178,2178,5419,2026-08-27,41518203.8,12,8218909.7,0.0,60935456.61,46.0,1,0.0
2179,2179,5421,2026-08-27,49106320.01,17,10850303.63,0.0,0.0,47.0,0,0.0
2180,2180,5424,2026-08-27,53824126.4,11,1677880.12,43491478.87,0.0,44.0,0,0.0
2181,2181,5425,2026-08-27,8114195.32,14,300423.56,0.0,33782705.36,0.0,1,0.0
2182,2182,5429,2026-08-27,16456810.65,6,201144.18,0.0,13096722.62,33.0,1,0.0
2183,2183,5432,2026-08-27,89721778.07,9,4992155.34,54181899.21,0.0,30.0,2,0.0
2184,2184,5434,2026-08-27,12078979.4,10,390976.58,0.0,19236562.86,0.0,1,100.0
2185,2185,5439,2026-08-27,23238543.16,28,12232482.33,0.0,22170359.0,100.0,1,0.0
2186,2186,5441,2026-08-27,67506778.01,12,4318283.11,57746321.62,0.0,49.0,1,25.0
2187,2187,5447,2026-08-27,73675483.47,12,0.0,57155222.07,0.0,36.0,1,0.0
2188,2188,5448,2026-08-27,36648826.76,17,5619207.93,36648826.76,0.0,94.0,1,100.0
2189,2189,5450,2026-08-27,158959588.56,11,5883486.46,137756520.13,0.0,57.0,0,100.0
2190,2190,5452,2026-08-27,110521844.45,13,5853945.83,82813056.15,0.0,0.0,1,0.0
2191,2191,5453,2026-08-27,577267220.47,19,235641731.61,0.0,0.0,37.0,0,0.0
2192,2192,5455,2026-08-27,21574491.63,17,2511484.12,0.0,0.0,100.0,2,0.0
2193,2193,5457,2026-08-27,42770894.93,5,2280133.02,27365370.24,0.0,0.0,3,0.0
2194,2194,5459,2026-08-27,591341284.53,22,85594382.79,377360469.93,0.0,61.0,2,0.0
2195,2195,5460,2026-08-27,107868710.54,22,10720859.65,0.0,0.0,100.0,4,50.0
2196,2196,5463,2026-08-27,47430999.8,13,18393977.81,0.0,0.0,34.0,0,50.0
2197,2197,5465,2026-08-27,251471206.66,26,74269132.96,0.0,0.0,40.0,0,50.0
2198,2198,5466,2026-08-27,188181181.53,23,61477755.49,0.0,739537649.9,95.0,1,0.0
2199,2199,5468,2026-08-27,38340427.89,14,4588193.4,0.0,0.0,32.0,1,0.0
2200,2200,5471,2026-08-27,28604847.3,7,4554776.89,0.0,0.0,23.0,1,0.0
2201,2201,5472,2026-08-27,1026430719.06,9,7652571.93,438630747.31,0.0,81.0,1,0.0
2202,2202,5473,2026-08-27,17569922.28,11,1038745.02,0.0,91183496.13,36.0,0,100.0
2203,2203,5474,2026-08-27,11685061.02,11,682831.25,0.0,0.0,0.0,0,0.0
2204,2204,5476,2026-08-27,86956506.14,12,3474077.24,0.0,0.0,40.0,1,66.67
2205,2205,5482,2026-08-27,2577625033.92,12,7492025.09,2177807256.5299997,0.0,18.0,0,50.0
2206,2206,5483,2026-08-27,20096310.33,25,6656975.02,0.0,0.0,100.0,0,0.0
2207,2207,5486,2026-08-27,7604844.56,8,2731894.16,0.0,0.0,14.0,1,33.33
2208,2208,5487,2026-08-27,654201534.63,17,14471737.53,455525549.13,0.0,42.0,1,75.0
2209,2209,5491,2026-08-27,73876025.65,12,2099238.08,66977300.48,0.0,50.0,0,100.0
2210,2210,5493,2026-08-27,1182151236.87,12,107717973.53,0.0,0.0,34.0,4,25.0
2211,2211,5497,2026-08-27,130161939.78,16,16170812.43,103774084.01,28141837.79,30.0,0,0.0
2212,2212,5499,2026-08-27,796945941.71,8,6994562.35,319407045.16,0.0,49.0,0,75.0
2213,2213,5502,2026-08-27,158012931.14,9,3426813.28,99048968.59,0.0,0.0,0,0.0
2214,2214,5504,2026-08-27,67259567.88,20,10658778.32,0.0,0.0,100.0,0,25.0
2215,2215,5507,2026-08-27,0.0,11,0.0,0.0,0.0,32.0,0,0.0
2216,2216,5510,2026-08-27,1339296629.26,13,48904374.46,1238030709.36,611746580.24,26.0,2,0.0
2217,2217,5512,2026-08-27,1093088624.98,18,199326744.05,412301051.92,455591468.3,0.0,0,0.0
2218,2218,5516,2026-08-27,35157445.8,21,21993310.74,0.0,0.0,39.0,0,0.0
2219,2219,5520,2026-08-27,43814898.82,13,957324.87,18648355.86,23593116.78,22.0,1,50.0
2220,2220,5522,2026-08-27,438278435.63,14,47771125.29,285423373.67,0.0,30.0,4,75.0
2221,2221,5526,2026-08-27,409575472.42,15,13716566.55,317989042.3,0.0,17.0,1,100.0
2222,2222,5528,2026-08-27,343600217.78,15,15089490.12,222135696.02,71379360.08,31.0,1,0.0
2223,2223,5531,2026-08-27,719405623.12,13,26305869.93,0.0,0.0,44.0,1,50.0
2224,2224,5535,2026-08-27,90731937.54,17,6857419.86,77015019.24,0.0,0.0,0,50.0
2225,2225,5537,2026-08-27,38306356.14,9,5045964.72,0.0,0.0,35.0,0,0.0
2226,2226,5539,2026-08-27,10689667.29,15,8616067.85,0.0,0.0,44.0,0,66.67
2227,2227,5542,2026-08-27,0.0,7,2495646.01,0.0,0.0,0.0,5,0.0
2228,2228,5546,2026-08-27,1485992986.08,19,36932636.97,1152779288.37,0.0,57.0,2,50.0
2229,2229,5548,2026-08-27,1139784782.61,19,19372292.68,597713661.53,0.0,0.0,1,50.0
2230,2230,5550,2026-08-27,110590625.45,5,29186461.29,0.0,0.0,14.0,2,0.0
2231,2231,5553,2026-08-27,435063847.07,9,5468901.6,315592189.04999995,0.0,37.0,0,66.67
2232,2232,5555,2026-08-27,12452002.09,3,746042.35,7729967.88,0.0,17.0,1,100.0
2233,2233,5556,2026-08-27,1380750707.25,17,52833920.36,1062783346.83,0.0,46.0,1,0.0
2234,2234,5561,2026-08-27,11350872.05,8,2760358.41,0.0,0.0,29.0,0,50.0
2235,2235,5562,2026-08-27,41694247.17,5,3383379.0,0.0,145830288.02,0.0,2,100.0
2236,2236,5563,2026-08-27,185874632.7,10,7832411.52,0.0,0.0,33.0,0,25.0
2237,2237,5569,2026-08-27,966766348.11,22,89168124.2,567466220.84,0.0,0.0,1,0.0
2238,2238,5570,2026-08-27,685859506.41,14,40475572.97,512408224.12,0.0,30.0,1,0.0
2239,2239,5572,2026-08-27,1244531019.83,17,62904679.4,1088218748.01,0.0,0.0,1,33.33
2240,2240,5574,2026-08-27,99046269.2,29,31510420.4,0.0,0.0,100.0,0,0.0
2241,2241,5575,2026-08-27,22240337.19,16,2927576.82,0.0,0.0,42.0,0,0.0
2242,2242,5577,2026-08-27,933077274.15,18,64633595.99,704070369.35,722601841.63,43.0,3,0.0
2243,2243,5580,2026-08-27,623089459.76,12,18590075.38,271542180.97,0.0,43.0,0,0.0
2244,2244,5582,2026-08-27,58599584.56,18,6889846.68,0.0,0.0,32.0,2,0.0
2245,2245,5584,2026-08-27,816190640.54,7,8311083.45,454603469.42999995,0.0,37.0,2,50.0
2246,2246,5588,2026-08-27,50778340.89,10,13619510.04,0.0,0.0,33.0,0,33.33
2247,2247,5590,2026-08-27,49688783.01,19,10225736.71,0.0,0.0,36.0,0,50.0
2248,2248,5594,2026-08-27,7498949.67,20,3219241.59,0.0,6380506.02,100.0,1,33.33
2249,2249,5600,2026-08-27,570726689.51,18,40437571.79,354005261.91,0.0,0.0,2,75.0
2250,2250,5603,2026-08-27,315014190.48,16,22508104.23,0.0,0.0,42.0,1,75.0
2251,2251,5606,2026-08-27,341605709.24,25,14495571.02,304697223.01,0.0,98.0,1,50.0
2252,2252,5607,2026-08-27,22422927.57,15,8639832.59,0.0,0.0,0.0,0,0.0
2253,2253,5609,2026-08-27,151658909.44,11,5493909.5,105045565.14,72762849.67,50.0,1,0.0
2254,2254,5612,2026-08-27,172180029.57,31,23342753.03,125113273.71,0.0,100.0,0,25.0
2255,2255,5615,2026-08-27,24177595.5,13,3686133.72,0.0,123373553.82,34.0,0,100.0
2256,2256,5618,2026-08-27,143721417.44,21,1368831.65,98130798.33,0.0,100.0,0,0.0
2257,2257,5619,2026-08-27,23976311.46,8,815061.48,15111417.65,0.0,0.0,0,100.0
2258,2258,5620,2026-08-27,134571375.54,8,7869926.86,0.0,71283545.45,25.0,0,0.0
2259,2259,5623,2026-08-27,774810829.11,16,162041212.98,0.0,1214495740.55,26.0,1,0.0
2260,2260,5624,2026-08-27,732292750.92,9,3775453.68,649206966.03,0.0,46.0,0,100.0
2261,2261,5627,2026-08-27,267036944.17,1,4435303.54,201464741.44,0.0,0.0,2,33.33
2262,2262,5630,2026-08-27,658495070.65,12,59691846.24,547888046.51,0.0,40.0,0,0.0
2263,2263,5632,2026-08-27,768467491.02,8,14021094.39,477903350.04,0.0,27.0,1,50.0
2264,2264,5634,2026-08-27,823228978.49,19,23517475.64,424790645.99,6394376.79,58.0,0,100.0
2265,2265,5637,2026-08-27,32237396.87,17,23333576.94,0.0,0.0,100.0,1,0.0
2266,2266,5639,2026-08-27,954752975.94,17,15582796.47,373172676.32,260561822.36,59.0,1,50.0
2267,2267,5640,2026-08-27,11933439.7,6,515736.53,0.0,0.0,6.0,0,0.0
2268,2268,5641,2026-08-27,211535812.47,28,15448249.14,201105461.9,0.0,100.0,0,50.0
2269,2269,5645,2026-08-27,51130843.54,7,661437.28,0.0,15585561.57,23.0,4,0.0
2270,2270,5649,2026-08-27,12565734.02,5,628185.76,0.0,0.0,12.0,0,75.0
2271,2271,5653,2026-08-27,271930998.27,17,157503316.36,0.0,0.0,100.0,2,0.0
2272,2272,5655,2026-08-27,175559829.23,32,10772550.26,175559829.23,142492876.08,85.0,0,0.0
2273,2273,5657,2026-08-27,10745952.41,2,1065844.61,0.0,0.0,0.0,1,50.0
2274,2274,5659,2026-08-27,0.0,14,2667606.18,0.0,0.0,45.0,1,50.0
2275,2275,5660,2026-08-27,231533601.54,12,11481198.59,0.0,1071617791.22,25.0,0,50.0
2276,2276,5664,2026-08-27,448114097.16,17,163030435.12,0.0,0.0,50.0,0,0.0
2277,2277,5665,2026-08-27,10330871.37,25,9438424.94,0.0,0.0,95.0,0,0.0
2278,2278,5666,2026-08-27,18633128.69,13,16653839.47,0.0,10629427.0,33.0,0,0.0
2279,2279,5667,2026-08-27,45567299.57,11,2375564.49,0.0,0.0,0.0,0,0.0
2280,2280,5669,2026-08-27,20812824.5,4,3189786.58,0.0,839888.98,0.0,2,50.0
2281,2281,5671,2026-08-27,1729886585.71,8,27696955.13,1605710353.66,0.0,41.0,0,0.0
2282,2282,5672,2026-08-27,9856551.8,13,2048254.2,0.0,44549764.79,56.0,0,100.0
2283,2283,5674,2026-08-27,304111524.37,11,21164229.28,146466322.81,512290518.84,28.0,1,0.0
2284,2284,5675,2026-08-27,9692997.73,9,167238.56,0.0,40774192.35,9.0,3,0.0
2285,2285,5679,2026-08-27,74078772.27,18,25704923.27,0.0,262983277.25,25.0,0,50.0
2286,2286,5681,2026-08-27,196426735.22,19,9664338.46,0.0,0.0,56.0,1,0.0
2287,2287,5683,2026-08-27,70566089.47,12,26726309.13,0.0,0.0,32.0,1,0.0
2288,2288,5684,2026-08-27,18063058.1,16,439104.05,0.0,9953364.93,31.0,1,100.0
2289,2289,5685,2026-08-27,34504631.57,18,8133649.62,0.0,0.0,45.0,0,50.0
2290,2290,5687,2026-08-27,24240931.15,14,3673625.25,0.0,7561951.78,40.0,0,100.0
2291,2291,5688,2026-08-27,0.0,19,7084706.04,0.0,8524656.81,23.0,0,0.0
2292,2292,5689,2026-08-27,19822491.24,3,55570.76,11233068.06,32493883.51,22.0,3,0.0
2293,2293,5690,2026-08-27,163710357.88,40,35908420.58,75562325.36,0.0,100.0,0,0.0
2294,2294,5694,2026-08-27,22782021.43,11,1743827.58,0.0,0.0,58.0,1,75.0
2295,2295,5698,2026-08-27,52316574.26,18,5254114.59,0.0,151500176.3,0.0,0,66.67
2296,2296,5699,2026-08-27,169792212.09,16,20633418.75,89309878.43,305563093.0,46.0,1,0.0
2297,2297,5701,2026-08-27,11484279.42,4,0.0,0.0,0.0,20.0,1,33.33
2298,2298,5704,2026-08-27,1913681851.12,13,14675016.88,1699476912.38,0.0,0.0,0,0.0
2299,2299,5705,2026-08-27,127250709.97,23,46760188.31,0.0,0.0,60.0,0,0.0
2300,2300,5706,2026-08-27,17569946.2,1,999483.21,0.0,95635910.48,10.0,1,0.0
2301,2301,5713,2026-08-27,18346560.11,16,12668940.59,0.0,0.0,0.0,0,25.0
2302,2302,5714,2026-08-27,19318882.79,5,734791.56,0.0,89274267.24,11.0,1,50.0
2303,2303,5716,2026-08-27,1587502995.53,25,240377938.88,771002389.02,0.0,94.0,0,0.0
2304,2304,5718,2026-08-27,19606639.92,26,3157137.8,0.0,0.0,100.0,1,0.0
2305,2305,5722,2026-08-27,178654627.45,13,59191979.75,0.0,0.0,21.0,3,33.33
2306,2306,5724,2026-08-27,538214005.4,11,63062356.16,225839639.26,0.0,42.0,0,33.33
2307,2307,5726,2026-08-27,63483108.23,36,17421493.81,16012652.17,0.0,100.0,0,0.0
2308,2308,5727,2026-08-27,933683384.72,9,10454175.82,770256991.6500001,0.0,40.0,1,100.0
2309,2309,5730,2026-08-27,13205776.49,30,13011282.57,0.0,126048569.88,100.0,1,33.33
2310,2310,5731,2026-08-27,14717053.15,13,2979029.77,0.0,0.0,0.0,0,25.0
2311,2311,5735,2026-08-27,14237473.29,15,3340054.79,0.0,0.0,45.0,0,0.0
2312,2312,5739,2026-08-27,396274404.25,19,44429141.38,0.0,0.0,44.0,0,100.0
2313,2313,5744,2026-08-27,2244546859.82,11,6705119.64,1923636777.6,254031800.3,0.0,1,50.0
2314,2314,5745,2026-08-27,24958592.26,16,9737532.87,0.0,16284707.27,37.0,0,33.33
2315,2315,5748,2026-08-27,314626050.21,17,11857671.32,140826895.92,63060642.45,0.0,0,100.0
2316,2316,5752,2026-08-27,9092077.26,22,6725729.14,0.0,0.0,30.0,0,50.0
2317,2317,5753,2026-08-27,34526386.78,19,31301444.69,0.0,0.0,0.0,1,100.0
2318,2318,5754,2026-08-27,99004866.13,12,11918492.1,0.0,0.0,19.0,1,50.0
2319,2319,5756,2026-08-27,43698002.48,18,731350.36,0.0,0.0,95.0,3,0.0
2320,2320,5757,2026-08-27,35414259.36,14,5172920.28,0.0,0.0,35.0,3,0.0
2321,2321,5758,2026-08-27,716843841.3,19,48769836.63,339860345.17,0.0,51.0,2,0.0
2322,2322,5759,2026-08-27,2052408913.75,17,20440155.54,1547106748.69,0.0,38.0,4,0.0
2323,2323,5760,2026-08-27,25086845.67,17,29378082.94,0.0,0.0,20.0,1,100.0
2324,2324,5764,2026-08-27,401932145.19,14,9569502.92,263970947.51,0.0,48.0,2,25.0
2325,2325,5766,2026-08-27,49858597.83,22,44878385.05,0.0,0.0,33.0,0,66.67
2326,2326,5768,2026-08-27,23029108.88,11,1630971.18,0.0,0.0,0.0,1,0.0
2327,2327,5769,2026-08-27,116083789.5,10,9918262.04,0.0,0.0,39.0,0,100.0
2328,2328,5770,2026-08-27,21522137.13,14,575341.95,0.0,0.0,50.0,1,0.0
2329,2329,5771,2026-08-27,64038332.68,22,9592644.73,54135981.019999996,0.0,71.0,1,0.0
2330,2330,5773,2026-08-27,14238233.34,25,6183800.4,0.0,0.0,100.0,0,0.0
2331,2331,5775,2026-08-27,28264121.37,27,5130315.65,0.0,36705787.97,100.0,2,100.0
2332,2332,5776,2026-08-27,96166099.62,21,10792502.79,61200406.78,0.0,35.0,2,50.0
2333,2333,5779,2026-08-27,70906982.61,13,1911826.06,58722838.54,2707620.07,28.0,1,0.0
2334,2334,5780,2026-08-27,2672388211.0,21,183019440.48,1233295607.27,0.0,47.0,2,100.0
2335,2335,5783,2026-08-27,283868797.98,9,9584046.46,169740025.79,0.0,0.0,2,33.33
2336,2336,5784,2026-08-27,71859938.91,1,1842871.02,0.0,44591680.83,9.0,2,0.0
2337,2337,5786,2026-08-27,43480497.1,16,1110622.14,0.0,0.0,35.0,1,0.0
2338,2338,5789,2026-08-27,112660551.08,6,755342.86,0.0,0.0,40.0,1,50.0
2339,2339,5793,2026-08-27,14216338.7,18,5433540.0,0.0,0.0,100.0,0,50.0
2340,2340,5799,2026-08-27,103207877.53,21,53778853.81,0.0,0.0,49.0,2,0.0
2341,2341,5800,2026-08-27,54073077.3,16,2501628.54,0.0,0.0,0.0,2,100.0
2342,2342,5803,2026-08-27,3992030107.51,18,31959664.87,3628989069.6899996,0.0,41.0,1,33.33
2343,2343,5804,2026-08-27,41640540.52,7,3960691.24,0.0,0.0,21.0,1,0.0
2344,2344,5808,2026-08-27,18557383.88,13,3130330.32,0.0,26676237.54,42.0,0,100.0
2345,2345,5809,2026-08-27,9375160.53,3,0.0,0.0,0.0,0.0,1,0.0
2346,2346,5812,2026-08-27,1175966287.78,18,331868534.46,0.0,1114122107.81,60.0,1,50.0
2347,2347,5814,2026-08-27,91855403.34,6,1152908.23,64631471.52,0.0,59.0,1,33.33
2348,2348,5817,2026-08-27,20932793.01,9,4890292.5,0.0,0.0,0.0,1,50.0
2349,2349,5821,2026-08-27,895036247.31,23,42686216.51,595047016.68,637501628.38,51.0,1,33.33
2350,2350,5822,2026-08-27,78520883.17,20,74521808.67,0.0,0.0,33.0,1,0.0
2351,2351,5825,2026-08-27,2164702354.16,22,138900999.71,1722343843.64,0.0,57.0,1,0.0
2352,2352,5827,2026-08-27,35940587.86,12,856426.21,18721736.56,50116796.81,0.0,1,0.0
2353,2353,5829,2026-08-27,55678754.13,15,9328450.33,0.0,83951618.32,0.0,2,50.0
2354,2354,5831,2026-08-27,36667965.21,23,11975493.65,0.0,0.0,100.0,0,50.0
2355,2355,5832,2026-08-27,955248614.83,9,19528526.01,560086045.72,0.0,29.0,1,100.0
2356,2356,5835,2026-08-27,23718831.84,9,3751856.69,0.0,0.0,32.0,1,33.33
2357,2357,5839,2026-08-27,87126522.72,15,21361595.38,0.0,0.0,96.0,1,33.33
2358,2358,5840,2026-08-27,21569765.34,23,5622176.33,0.0,0.0,100.0,0,33.33
2359,2359,5844,2026-08-27,107732294.14,10,903264.74,86248562.29,0.0,30.0,0,0.0
2360,2360,5846,2026-08-27,11955611.15,12,5790207.66,0.0,16684112.1,0.0,0,0.0
2361,2361,5849,2026-08-27,168263689.38,11,3141379.68,146199153.25,0.0,19.0,0,0.0
2362,2362,5852,2026-08-27,2695741150.79,19,187798974.66,1681869199.25,0.0,42.0,1,0.0
2363,2363,5853,2026-08-27,815211630.28,32,114540408.74,0.0,361701617.99,100.0,0,0.0
2364,2364,5856,2026-08-27,148121082.69,8,35118303.73,0.0,0.0,34.0,0,33.33
2365,2365,5859,2026-08-27,35939234.73,4,616818.01,29354671.89,20602603.5,0.0,2,0.0
2366,2366,5863,2026-08-27,78143368.39,7,1026519.22,58153961.69,0.0,9.0,3,0.0
2367,2367,5865,2026-08-27,23940039.57,20,3484224.45,0.0,0.0,46.0,1,0.0
2368,2368,5868,2026-08-27,1428651602.62,12,179907077.15,885134165.3800001,0.0,38.0,2,0.0
2369,2369,5869,2026-08-27,351619675.29,10,7745403.89,326460176.58,0.0,0.0,1,66.67
2370,2370,5872,2026-08-27,46082500.05,19,6259760.56,0.0,151559917.25,100.0,1,0.0
2371,2371,5875,2026-08-27,19528584.26,20,4827220.21,0.0,0.0,82.0,0,33.33
2372,2372,5876,2026-08-27,47982561.63,19,5478425.88,0.0,0.0,0.0,3,100.0
2373,2373,5879,2026-08-27,38229731.29,18,744500.19,25803465.5,0.0,46.0,0,66.67
2374,2374,5880,2026-08-27,36696406.65,16,13983242.91,0.0,0.0,38.0,0,100.0
2375,2375,5885,2026-08-27,239802873.77,14,8795185.49,0.0,0.0,9.0,1,50.0
2376,2376,5887,2026-08-27,14307866.57,11,1579879.17,0.0,68054745.6,9.0,0,100.0
2377,2377,5890,2026-08-27,29025472.38,9,3500748.91,0.0,0.0,22.0,1,0.0
2378,2378,5892,2026-08-27,239712559.3,24,13850009.23,142460571.21,266079532.53,100.0,2,0.0
2379,2379,5895,2026-08-27,1160223900.93,18,55688178.96,959353041.21,0.0,45.0,1,0.0
2380,2380,5897,2026-08-27,9710309.06,3,450870.8,0.0,0.0,0.0,3,0.0
2381,2381,5898,2026-08-27,15443231.95,19,2961046.55,0.0,35398540.83,44.0,0,0.0
2382,2382,5900,2026-08-27,20587931.19,14,4537601.16,0.0,0.0,53.0,0,50.0
2383,2383,5902,2026-08-27,50253099.49,22,7644567.09,0.0,0.0,40.0,2,100.0
2384,2384,5905,2026-08-27,207622366.32,14,18415137.53,0.0,888734740.48,51.0,1,100.0
2385,2385,5906,2026-08-27,421513684.93,21,65355407.34,0.0,0.0,42.0,2,0.0
2386,2386,5909,2026-08-27,468533164.4,11,21867423.64,273613403.03,0.0,0.0,0,0.0
2387,2387,5911,2026-08-27,79899752.42,14,5161978.32,24534742.13,104930837.82,38.0,0,50.0
2388,2388,5914,2026-08-27,0.0,19,41200325.9,0.0,0.0,47.0,0,50.0
2389,2389,5916,2026-08-27,31205592.59,3,734423.64,0.0,0.0,0.0,1,25.0
2390,2390,5920,2026-08-27,978640181.43,20,84596472.16,494799159.82,0.0,34.0,2,0.0
2391,2391,5923,2026-08-27,11930492.54,24,12204620.99,0.0,0.0,100.0,0,33.33
2392,2392,5925,2026-08-27,28148614.54,4,0.0,0.0,40678373.47,0.0,3,33.33
2393,2393,5928,2026-08-27,141611651.69,14,17468514.17,73473109.35,0.0,32.0,3,50.0
2394,2394,5932,2026-08-27,3593792143.45,16,162227798.15,2969539655.41,0.0,44.0,2,25.0
2395,2395,5934,2026-08-27,238356336.88,25,209573807.68,0.0,0.0,81.0,1,0.0
2396,2396,5936,2026-08-27,0.0,12,19376625.85,0.0,0.0,56.0,0,0.0
2397,2397,5939,2026-08-27,28282447.94,18,3492313.25,0.0,0.0,34.0,0,0.0
2398,2398,5942,2026-08-27,36862736.27,17,4349147.82,0.0,23424571.07,49.0,1,25.0
2399,2399,5946,2026-08-27,219446876.21,17,15856555.47,0.0,0.0,75.0,1,33.33
2400,2400,5949,2026-08-27,107431732.66,24,46529429.97,0.0,0.0,100.0,0,33.33
2401,2401,5951,2026-08-27,104988653.85,32,12773210.26,72841154.7,0.0,100.0,2,33.33
2402,2402,5953,2026-08-27,19458908.39,7,1028707.03,0.0,0.0,0.0,2,33.33
2403,2403,5959,2026-08-27,5869674.41,4,391547.58,0.0,0.0,0.0,3,0.0
2404,2404,5962,2026-08-27,45816462.77,15,21582957.69,0.0,15954823.18,16.0,0,50.0
2405,2405,5964,2026-08-27,47976928.86,12,8583364.73,0.0,21730380.71,33.0,1,0.0
2406,2406,5967,2026-08-27,37030296.95,20,2105107.64,0.0,0.0,50.0,0,0.0
2407,2407,5968,2026-08-27,78869863.59,26,28100413.95,0.0,0.0,100.0,2,0.0
2408,2408,5969,2026-08-27,70456152.46,19,7027996.96,0.0,159918185.13,44.0,1,50.0
2409,2409,5972,2026-08-27,537780956.03,18,74393923.9,381520813.32,0.0,40.0,1,50.0
2410,2410,5973,2026-08-27,83012818.96,15,3479358.19,43712462.59,0.0,33.0,2,0.0
2411,2411,5976,2026-08-27,47251251.94,4,2547937.13,0.0,0.0,37.0,1,0.0
2412,2412,5978,2026-08-27,188912890.4,8,5026983.36,0.0,0.0,0.0,0,0.0
2413,2413,5983,2026-08-27,388164819.14,10,8330769.8,197173163.88,29024274.12,36.0,1,50.0
2414,2414,5985,2026-08-27,40475799.49,22,6739212.1,0.0,0.0,100.0,0,0.0
2415,2415,5988,2026-08-27,43221453.47,26,22703497.29,0.0,32972926.29,100.0,0,0.0
2416,2416,5991,2026-08-27,108339220.47,11,12752962.93,46311940.91,804228179.35,51.0,0,66.67
2417,2417,5993,2026-08-27,21482188.57,15,2799951.22,0.0,0.0,46.0,0,0.0
2418,2418,5994,2026-08-27,599070565.59,33,125698566.17,259219387.8,0.0,100.0,0,33.33
2419,2419,5998,2026-08-27,648991421.11,15,43776151.95,317682489.57,0.0,44.0,0,0.0
2420,2420,5999,2026-08-27,15574622.87,24,5459566.75,0.0,0.0,19.0,0,0.0
2421,2421,6002,2026-08-27,1322984427.8,28,98758345.5,1180016994.17,318931226.32,43.0,1,0.0
2422,2422,6004,2026-08-27,39122189.62,21,1881343.03,12755454.4,10147156.08,45.0,0,25.0
2423,2423,6009,2026-08-27,14235683.82,11,225450.64,0.0,0.0,29.0,1,0.0
2424,2424,6012,2026-08-27,2283702878.02,24,80233674.9,1830272914.64,0.0,59.0,2,33.33
2425,2425,6016,2026-08-27,159225998.52,14,15833106.97,107840850.95,0.0,26.0,1,50.0
2426,2426,6017,2026-08-27,7681479.23,4,385761.39,0.0,0.0,8.0,2,50.0
2427,2427,6019,2026-08-27,482315338.19,15,24662203.91,389337963.74,0.0,0.0,0,0.0
2428,2428,6023,2026-08-27,12102416.95,6,1052446.7,0.0,0.0,21.0,3,0.0
2429,2429,6024,2026-08-27,42856913.83,22,17403093.75,0.0,0.0,100.0,1,0.0
2430,2430,6029,2026-08-27,123301176.98,2,433712.61,0.0,0.0,27.0,1,50.0
2431,2431,6032,2026-08-27,316412344.64,14,13254321.42,122626954.58,447220178.24,26.0,1,25.0
2432,2432,6035,2026-08-27,16249947.15,2,840920.01,0.0,79382592.09,24.0,2,33.33
2433,2433,6038,2026-08-27,555938859.51,17,27553857.71,0.0,0.0,100.0,2,0.0
2434,2434,6039,2026-08-27,340811125.2,13,6622486.54,340811125.2,0.0,21.0,2,33.33
2435,2435,6043,2026-08-27,21471936.35,5,1792281.7,0.0,11027687.16,14.0,1,0.0
2436,2436,6044,2026-08-27,16207277.57,11,1423365.35,0.0,0.0,0.0,1,0.0
2437,2437,6045,2026-08-27,22082199.53,22,6223113.65,0.0,0.0,98.0,0,0.0
2438,2438,6046,2026-08-27,72368729.72,7,453794.67,55298362.78,11748741.76,0.0,2,33.33
2439,2439,6050,2026-08-27,437182116.64,18,41514596.6,383330098.03999996,48079102.42,40.0,0,50.0
2440,2440,6051,2026-08-27,133496222.13,7,7064798.89,0.0,482379249.85,0.0,1,0.0
2441,2441,6054,2026-08-27,173650768.89,17,33301465.51,0.0,261355290.26,31.0,1,0.0
2442,2442,6059,2026-08-27,47105902.85,16,18552828.95,0.0,84967521.75,38.0,0,100.0
2443,2443,6060,2026-08-27,20216918.33,18,5727540.9,0.0,0.0,0.0,1,66.67
2444,2444,6065,2026-08-27,13804649.02,32,5727357.6,0.0,0.0,97.0,0,66.67
2445,2445,6066,2026-08-27,15094007.14,27,12272783.35,0.0,18235838.81,100.0,3,50.0
2446,2446,6070,2026-08-27,26308709.9,18,27275826.86,0.0,0.0,98.0,2,0.0
2447,2447,6073,2026-08-27,3596056550.61,13,331839847.99,2246365397.32,0.0,72.0,0,25.0
2448,2448,6075,2026-08-27,438036847.12,14,8838395.36,287905123.23,0.0,0.0,1,100.0
2449,2449,6078,2026-08-27,318066765.19,24,7368640.8,275881042.79,0.0,89.0,1,0.0
2450,2450,6079,2026-08-27,141338574.02,26,28911572.02,75778744.47,0.0,100.0,2,50.0
2451,2451,6081,2026-08-27,35923204.67,8,413249.72,0.0,68057752.76,0.0,1,0.0
2452,2452,6082,2026-08-27,5025489.79,6,1388597.33,0.0,4453041.96,14.0,4,0.0
2453,2453,6084,2026-08-27,80246954.77,2,0.0,47451180.62,10424373.86,0.0,4,0.0
2454,2454,6085,2026-08-27,49921381.27,6,2935204.07,0.0,0.0,0.0,0,0.0
2455,2455,6086,2026-08-27,85065925.27,19,7671981.72,54389302.81,0.0,78.0,1,25.0
2456,2456,6090,2026-08-27,55068103.42,22,17959117.01,0.0,0.0,100.0,0,0.0
2457,2457,6092,2026-08-27,86851860.75,23,45165875.05,0.0,1217611507.61,100.0,1,50.0
2458,2458,6093,2026-08-27,203878945.29,17,39459133.12,0.0,0.0,60.0,1,66.67
2459,2459,6096,2026-08-27,16707382.03,12,4034761.19,0.0,0.0,47.0,2,75.0
2460,2460,6102,2026-08-27,58490223.27,26,15153471.51,0.0,40552654.46,97.0,0,0.0
2461,2461,6106,2026-08-27,33872867.8,13,7894603.88,0.0,37535969.31,0.0,1,0.0
2462,2462,6107,2026-08-27,5763747.91,5,824475.13,0.0,0.0,14.0,1,0.0
2463,2463,6110,2026-08-27,821853273.59,10,23829072.33,402085131.41,445900802.1,39.0,1,66.67
2464,2464,6113,2026-08-27,57453669.59,18,11326784.03,0.0,117028573.89,100.0,0,66.67
2465,2465,6115,2026-08-27,58990975.2,13,20119173.42,0.0,0.0,58.0,1,50.0
2466,2466,6119,2026-08-27,16136008.6,5,780791.42,0.0,0.0,20.0,3,0.0
2467,2467,6121,2026-08-27,62263203.8,8,2916431.01,62263203.8,0.0,34.0,1,0.0
2468,2468,6123,2026-08-27,43155863.39,22,6164232.77,19415847.85,37479006.24,100.0,2,0.0
2469,2469,6124,2026-08-27,80673872.65,27,19127254.28,0.0,0.0,87.0,2,0.0
2470,2470,6127,2026-08-27,908606946.53,10,97965000.83,696773933.31,116431651.43,35.0,0,100.0
2471,2471,6131,2026-08-27,306728720.84,12,14009588.31,249905657.49,0.0,60.0,1,0.0
2472,2472,6132,2026-08-27,74145211.38,13,2980820.87,0.0,0.0,25.0,0,0.0
2473,2473,6134,2026-08-27,9307400.61,4,2086521.19,0.0,0.0,11.0,1,0.0
2474,2474,6135,2026-08-27,32840815.02,20,2922816.33,0.0,0.0,100.0,2,33.33
2475,2475,6139,2026-08-27,161540957.96,12,5347394.66,120945307.0,0.0,26.0,1,0.0
2476,2476,6141,2026-08-27,1081155496.49,15,393458939.73,612102118.82,673038501.54,50.0,2,0.0
2477,2477,6146,2026-08-27,36189130.3,13,1348239.65,0.0,0.0,52.0,2,50.0
2478,2478,6147,2026-08-27,23140449.84,16,1142450.28,10133348.98,0.0,59.0,1,25.0
2479,2479,6152,2026-08-27,243896127.93,15,14249323.31,155257424.87,175064856.78,0.0,1,50.0
2480,2480,6154,2026-08-27,54629806.2,4,489303.4,0.0,0.0,34.0,1,0.0
2481,2481,6157,2026-08-27,347765108.69,25,9682758.76,301703540.25,0.0,100.0,0,0.0
2482,2482,6160,2026-08-27,0.0,19,15053110.75,0.0,0.0,41.0,0,0.0
2483,2483,6162,2026-08-27,1937963233.23,10,157291418.61,945626973.71,0.0,45.0,2,0.0
2484,2484,6163,2026-08-27,943044157.79,9,54998279.02,0.0,0.0,43.0,2,0.0
2485,2485,6166,2026-08-27,34475496.0,10,1704696.05,0.0,0.0,38.0,2,25.0
2486,2486,6168,2026-08-27,1939105938.46,8,10836877.05,1537150403.38,264227211.2,37.0,1,0.0
2487,2487,6169,2026-08-27,11503150.43,16,8423898.42,0.0,15786609.12,36.0,0,0.0
2488,2488,6174,2026-08-27,16789394.02,5,889018.7,0.0,0.0,27.0,1,33.33
2489,2489,6178,2026-08-27,1404418096.76,21,50431074.74,1258422228.65,0.0,48.0,3,66.67
2490,2490,6180,2026-08-27,76995718.18,24,1958016.09,38568849.06,0.0,100.0,2,100.0
2491,2491,6181,2026-08-27,66897546.35,8,1255997.83,0.0,34538064.38,36.0,0,0.0
2492,2492,6182,2026-08-27,99038828.16,9,1527652.38,79017896.81,0.0,32.0,1,33.33
2493,2493,6185,2026-08-27,604782327.38,25,324462135.44,0.0,0.0,0.0,0,0.0
2494,2494,6186,2026-08-27,18121300.18,7,1386029.1,0.0,0.0,37.0,1,0.0
2495,2495,6189,2026-08-27,160458903.15,12,32659285.95,0.0,999159727.35,51.0,1,100.0
2496,2496,6190,2026-08-27,271989318.38,27,55728650.46,202676154.53,0.0,100.0,0,100.0
2497,2497,6191,2026-08-27,11893069.14,26,11126854.45,0.0,0.0,100.0,3,0.0
2498,2498,6195,2026-08-27,48427418.14,9,1035446.92,0.0,167066891.57,37.0,1,33.33
2499,2499,6198,2026-08-27,98331813.75,9,11091433.39,0.0,0.0,0.0,0,0.0
2500,2500,6200,2026-08-27,134826255.13,24,4703423.8,117250500.15,0.0,89.0,2,50.0
2501,2501,6206,2026-08-27,2171139105.22,22,1115169292.08,1974598277.27,0.0,60.0,1,33.33
2502,2502,6207,2026-08-27,22159912.74,3,1953336.96,0.0,0.0,0.0,2,0.0
2503,2503,6208,2026-08-27,72560563.94,9,500957.23,0.0,0.0,36.0,0,0.0
2504,2504,6212,2026-08-27,35676043.32,15,1358553.26,20317391.5,0.0,21.0,0,0.0
2505,2505,6215,2026-08-27,8607071.94,14,6848767.93,0.0,0.0,31.0,2,25.0
2506,2506,6217,2026-08-27,5471721830.26,20,99372750.5,2893087789.66,870456494.74,47.0,0,0.0
2507,2507,6218,2026-08-27,219662763.39,4,0.0,185712014.29,0.0,46.0,0,0.0
2508,2508,6221,2026-08-27,200150929.23,10,8242439.73,96086697.98,260885399.55,32.0,0,0.0
2509,2509,6224,2026-08-27,20601289.47,26,24805102.39,0.0,0.0,100.0,3,33.33
2510,2510,6226,2026-08-27,31007199.55,7,1353215.96,0.0,0.0,45.0,3,0.0
2511,2511,6227,2026-08-27,21629754.06,19,10479797.44,0.0,39682508.14,100.0,0,0.0
2512,2512,6231,2026-08-27,790365947.15,9,5815447.88,449981904.99,0.0,42.0,0,50.0
2513,2513,6232,2026-08-27,431288739.83,15,84292740.36,0.0,490762209.74,37.0,4,0.0
2514,2514,6236,2026-08-27,2773731483.07,12,45355693.25,2075856499.53,0.0,65.0,1,50.0
2515,2515,6237,2026-08-27,37721497.17,14,3435889.58,0.0,0.0,49.0,2,100.0
2516,2516,6238,2026-08-27,51039550.72,11,4151816.24,0.0,0.0,25.0,1,0.0
2517,2517,6240,2026-08-27,62480133.75,15,2904137.85,0.0,0.0,26.0,1,0.0
2518,2518,6241,2026-08-27,18788237.65,18,4183008.86,0.0,0.0,59.0,1,50.0
2519,2519,6247,2026-08-27,10746713.93,17,2132980.08,0.0,0.0,0.0,1,0.0
2520,2520,6249,2026-08-27,0.0,11,2300968.78,0.0,0.0,0.0,0,0.0
2521,2521,6253,2026-08-27,19401911.88,20,5416477.82,0.0,0.0,45.0,1,50.0
2522,2522,6256,2026-08-27,28321441.92,20,3796713.22,0.0,0.0,100.0,3,25.0
2523,2523,6258,2026-08-27,801626224.98,8,18877256.94,327815265.94,116319970.9,26.0,0,50.0
2524,2524,6263,2026-08-27,194086162.36,25,7297610.88,194086162.36,0.0,100.0,1,25.0
2525,2525,6264,2026-08-27,28921656.04,16,8566842.77,23017606.48,13307224.32,0.0,0,0.0
2526,2526,6268,2026-08-27,21261232.92,16,3706229.38,0.0,24266124.84,27.0,1,50.0
2527,2527,6271,2026-08-27,89692770.13,11,4245336.71,0.0,0.0,19.0,0,0.0
2528,2528,6272,2026-08-27,111590828.78,22,1604304.84,0.0,0.0,31.0,0,0.0
2529,2529,6274,2026-08-27,82194018.8,5,3720419.5,61481808.72,0.0,44.0,2,0.0
2530,2530,6275,2026-08-27,37226658.11,20,8701261.18,23562745.62,0.0,100.0,1,0.0
2531,2531,6277,2026-08-27,17687344.63,33,4245038.8,0.0,0.0,100.0,0,0.0
2532,2532,6278,2026-08-27,77512136.24,22,5730154.87,45734899.43,12068179.61,100.0,0,0.0
2533,2533,6281,2026-08-27,15528839.52,7,1365030.44,0.0,6405372.94,11.0,2,50.0
2534,2534,6283,2026-08-27,504110005.87,17,15550105.33,240609529.31,0.0,36.0,1,100.0
2535,2535,6284,2026-08-27,6829551.54,9,975339.54,0.0,0.0,30.0,0,100.0
2536,2536,6286,2026-08-27,308057988.58,21,5376617.92,200319523.11,0.0,100.0,1,33.33
2537,2537,6288,2026-08-27,17246827.03,14,8724451.95,0.0,0.0,0.0,0,0.0
2538,2538,6289,2026-08-27,180560502.22,20,17770628.14,121550957.91,0.0,21.0,0,0.0
2539,2539,6291,2026-08-27,1039544359.23,22,64834406.15,832345583.19,0.0,0.0,2,50.0
2540,2540,6295,2026-08-27,21044511.39,34,3563220.13,0.0,0.0,100.0,1,25.0
2541,2541,6296,2026-08-27,150363849.63,28,18504329.66,96221397.34,0.0,100.0,2,0.0
2542,2542,6297,2026-08-27,346280222.75,9,3606414.47,215452645.25,0.0,0.0,1,33.33
2543,2543,6301,2026-08-27,1186597265.0,16,3060485.46,912301980.06,0.0,26.0,1,66.67
2544,2544,6304,2026-08-27,50468728.04,10,5444840.66,0.0,0.0,50.0,0,33.33
2545,2545,6306,2026-08-27,57629476.99,32,23841298.86,0.0,0.0,98.0,0,100.0
2546,2546,6308,2026-08-27,255724767.97,15,17060828.7,122548895.77,50482879.69,40.0,1,100.0
2547,2547,6309,2026-08-27,103695285.75,9,5010928.25,67478245.91,0.0,22.0,1,0.0
2548,2548,6310,2026-08-27,11598204.38,19,4902452.91,0.0,0.0,40.0,1,0.0
2549,2549,6312,2026-08-27,154728264.59,17,21551954.18,0.0,0.0,43.0,0,50.0
2550,2550,6314,2026-08-27,20209590.7,17,1427632.08,0.0,0.0,53.0,1,100.0
2551,2551,6316,2026-08-27,152321392.5,22,335371300.63,0.0,497367812.48,87.0,2,50.0
2552,2552,6319,2026-08-27,58240198.22,23,4204177.39,0.0,0.0,100.0,0,0.0
2553,2553,6321,2026-08-27,0.0,2,518892.3,0.0,0.0,18.0,1,0.0
2554,2554,6322,2026-08-27,19726654.34,4,454956.28,0.0,10129257.44,41.0,2,0.0
2555,2555,6324,2026-08-27,10818543.65,17,11128584.85,0.0,0.0,32.0,1,0.0
2556,2556,6325,2026-08-27,71974276.14,5,6302085.62,0.0,27286785.26,22.0,0,50.0
2557,2557,6327,2026-08-27,727060354.47,21,42812276.97,0.0,0.0,51.0,2,0.0
2558,2558,6332,2026-08-27,9329479.96,13,1739107.68,0.0,43417098.24,42.0,1,0.0
2559,2559,6337,2026-08-27,1230068831.29,24,75121333.8,0.0,0.0,81.0,1,25.0
2560,2560,6340,2026-08-27,408916464.49,20,55416048.7,408916464.49,156573553.15,44.0,2,0.0
2561,2561,6345,2026-08-27,293047824.42,20,3240255.75,226523778.17,178463017.52,100.0,0,50.0
2562,2562,6346,2026-08-27,13379710.87,2,137984.7,0.0,0.0,29.0,3,25.0
2563,2563,6350,2026-08-27,8909259.58,5,1082759.75,0.0,24126333.39,12.0,0,0.0
2564,2564,6354,2026-08-27,15434981.01,14,4179526.01,0.0,0.0,100.0,1,75.0
2565,2565,6356,2026-08-27,10668063.77,22,4721126.33,0.0,0.0,100.0,1,0.0
2566,2566,6358,2026-08-27,477011244.63,11,4096794.21,426174313.97,77212790.24,0.0,1,0.0
2567,2567,6361,2026-08-27,497872960.4,12,61062139.56,0.0,0.0,31.0,0,50.0
2568,2568,6365,2026-08-27,4930192267.62,14,316654191.52,4502574160.72,0.0,55.0,1,0.0
2569,2569,6368,2026-08-27,114388304.96,4,4962321.57,0.0,12406672.44,14.0,4,0.0
2570,2570,6369,2026-08-27,404790849.22,12,9227864.63,352613118.82,28587189.96,38.0,0,100.0
2571,2571,6370,2026-08-27,2472094910.91,23,294389353.73,1557655802.77,0.0,44.0,0,0.0
2572,2572,6371,2026-08-27,96213608.26,23,14986239.64,0.0,0.0,100.0,3,0.0
2573,2573,6373,2026-08-27,82127219.9,3,360511.83,0.0,10420957.7,0.0,2,0.0
2574,2574,6377,2026-08-27,31963836.68,16,7772093.0,0.0,0.0,23.0,0,25.0
2575,2575,6378,2026-08-27,31251680.49,20,6871182.18,22252729.11,0.0,94.0,0,0.0
2576,2576,6381,2026-08-27,203227757.29,19,20172659.96,0.0,0.0,100.0,0,33.33
2577,2577,6383,2026-08-27,15349848.23,4,2315804.49,0.0,0.0,0.0,1,0.0
2578,2578,6387,2026-08-27,80900382.11,11,3359444.77,67153239.91,31266949.36,35.0,1,50.0
2579,2579,6388,2026-08-27,1869829063.45,17,64273002.18,1505060179.15,0.0,48.0,2,25.0
2580,2580,6395,2026-08-27,43475199.63,18,1640980.16,29987181.45,0.0,0.0,0,25.0
2581,2581,6396,2026-08-27,566623368.01,25,132445941.64,250583220.49,0.0,60.0,0,0.0
2582,2582,6400,2026-08-27,95673033.75,9,12976869.73,0.0,0.0,0.0,2,50.0
2583,2583,6402,2026-08-27,505076825.89,12,19126741.99,0.0,1314959033.51,67.0,1,100.0
2584,2584,6406,2026-08-27,26152724.89,18,12628182.78,0.0,0.0,48.0,1,75.0
2585,2585,6408,2026-08-27,2256457077.55,21,201755380.18,1365723794.43,0.0,45.0,1,0.0
2586,2586,6410,2026-08-27,741713802.34,16,11940271.67,372368823.92,0.0,13.0,0,100.0
2587,2587,6411,2026-08-27,548084521.58,13,13217741.6,274554378.58,0.0,38.0,0,100.0
2588,2588,6413,2026-08-27,53141026.11,15,939700.98,0.0,48444954.93,36.0,1,100.0
2589,2589,6416,2026-08-27,460642427.05,14,21207172.33,0.0,0.0,34.0,0,0.0
2590,2590,6418,2026-08-27,366884312.13,19,4933256.3,0.0,0.0,41.0,0,66.67
2591,2591,6421,2026-08-27,0.0,5,99495.62,0.0,0.0,0.0,0,50.0
2592,2592,6422,2026-08-27,40665905.07,12,15583988.84,0.0,18547187.64,35.0,0,0.0
2593,2593,6423,2026-08-27,23338157.99,5,8801313.08,0.0,0.0,14.0,4,66.67
2594,2594,6426,2026-08-27,263207465.48,13,79608781.69,139989678.1,29360899.07,52.0,4,0.0
2595,2595,6427,2026-08-27,69359986.16,22,37811000.11,0.0,138104509.17,15.0,2,0.0
2596,2596,6431,2026-08-27,185198060.05,12,41780380.04,0.0,181809228.63,40.0,0,33.33
2597,2597,6434,2026-08-27,1874005663.05,19,22980191.88,1706466718.77,0.0,51.0,3,0.0
2598,2598,6438,2026-08-27,284025419.35,13,60389941.74,85915776.62,0.0,32.0,0,50.0
2599,2599,6439,2026-08-27,43824350.56,13,6098932.78,34467086.73,65015503.55,45.0,0,33.33
2600,2600,6445,2026-08-27,25752071.77,10,2207664.57,0.0,0.0,50.0,0,25.0
2601,2601,6446,2026-08-27,149204504.38,13,8664320.74,125903459.93,0.0,36.0,1,25.0
2602,2602,6450,2026-08-27,43304129.71,9,4387514.66,0.0,0.0,10.0,2,0.0
2603,2603,6454,2026-08-27,352257579.73,8,789141.52,231641269.16,0.0,0.0,0,50.0
2604,2604,6456,2026-08-27,11005473.04,3,0.0,0.0,0.0,0.0,1,0.0
2605,2605,6458,2026-08-27,384239384.57,14,8383766.31,94201973.94,0.0,0.0,0,0.0
2606,2606,6462,2026-08-27,66366914.61,21,6992881.99,41755181.78,0.0,29.0,0,50.0
2607,2607,6466,2026-08-27,383807148.33,26,14410277.39,231014546.76,0.0,93.0,2,0.0
2608,2608,6470,2026-08-27,94787541.12,13,4483136.57,61483976.01,0.0,0.0,0,66.67
2609,2609,6473,2026-08-27,13452625.53,1,0.0,0.0,0.0,6.0,1,33.33
2610,2610,6476,2026-08-27,316194315.76,15,4365895.85,281812205.71,0.0,0.0,1,100.0
2611,2611,6477,2026-08-27,180872715.24,8,34787660.67,0.0,0.0,29.0,3,0.0
2612,2612,6478,2026-08-27,120085903.37,19,26245863.05,0.0,0.0,40.0,1,0.0
2613,2613,6480,2026-08-27,62192515.02,15,31658960.23,0.0,53906689.64,82.0,2,50.0
2614,2614,6481,2026-08-27,19159835.91,18,2555066.01,0.0,0.0,39.0,0,0.0
2615,2615,6483,2026-08-27,6572334.87,13,2224973.28,0.0,0.0,37.0,0,100.0
2616,2616,6484,2026-08-27,163381895.8,39,75600158.68,0.0,0.0,100.0,0,33.33
2617,2617,6489,2026-08-27,64050833.17,16,4718328.27,21166196.37,0.0,35.0,0,50.0
2618,2618,6492,2026-08-27,34399557.8,9,3147976.29,0.0,0.0,0.0,1,0.0
2619,2619,6496,2026-08-27,173709311.56,8,0.0,90944992.75,0.0,31.0,1,0.0
2620,2620,6498,2026-08-27,79061885.43,16,17607983.76,0.0,4633668.47,0.0,0,33.33
2621,2621,6504,2026-08-27,126193095.67,22,25001919.21,118294869.06,0.0,48.0,1,25.0
2622,2622,6506,2026-08-27,69616289.72,6,4278170.0,0.0,0.0,38.0,0,0.0
2623,2623,6509,2026-08-27,20557485.28,13,1129648.32,0.0,0.0,51.0,1,33.33
2624,2624,6515,2026-08-27,15725878.07,4,0.0,0.0,0.0,63.0,2,25.0
2625,2625,6517,2026-08-27,19350141.61,31,4206883.67,0.0,1660650.71,98.0,0,0.0
2626,2626,6521,2026-08-27,418182626.54,15,15320713.11,245995889.17000002,0.0,0.0,0,50.0
2627,2627,6522,2026-08-27,276235289.07,25,11027024.92,226811018.96,0.0,95.0,1,0.0
2628,2628,6526,2026-08-27,84238077.85,15,5054427.13,62266531.61,0.0,37.0,0,50.0
2629,2629,6528,2026-08-27,17809834.76,15,1916110.27,0.0,0.0,0.0,1,75.0
2630,2630,6534,2026-08-27,237683446.02,16,15044936.05,173069202.27,0.0,0.0,1,50.0
2631,2631,6535,2026-08-27,635766856.37,22,507030510.04,0.0,796177180.49,49.0,2,66.67
2632,2632,6538,2026-08-27,120954047.49,26,44002181.4,0.0,39586154.93,100.0,3,0.0
2633,2633,6542,2026-08-27,223141684.71,11,40870718.73,0.0,1284581604.51,37.0,0,0.0
2634,2634,6546,2026-08-27,63658305.51,25,7111606.26,0.0,0.0,100.0,0,66.67
2635,2635,6547,2026-08-27,13934453.17,31,3528343.31,0.0,0.0,100.0,1,0.0
2636,2636,6548,2026-08-27,247847092.67,15,2827970.77,88315321.68,0.0,25.0,2,0.0
2637,2637,6549,2026-08-27,45221847.81,35,18664167.6,0.0,0.0,100.0,1,100.0
2638,2638,6551,2026-08-27,62283208.19,11,5944565.42,0.0,0.0,37.0,1,0.0
2639,2639,6553,2026-08-27,41930220.45,12,6805289.31,0.0,0.0,2.0,0,0.0
2640,2640,6557,2026-08-27,40351632.04,9,4071619.28,20427815.12,0.0,38.0,0,25.0
2641,2641,6559,2026-08-27,9649795.74,0,0.0,0.0,0.0,2.0,5,0.0
2642,2642,6562,2026-08-27,450519698.85,6,4327072.89,397842638.39,0.0,0.0,2,0.0
2643,2643,6564,2026-08-27,15268555.72,30,8416043.83,0.0,0.0,100.0,1,33.33
2644,2644,6568,2026-08-27,45503423.75,9,5821186.23,0.0,0.0,33.0,0,25.0
2645,2645,6570,2026-08-27,34015345.48,16,4274936.09,0.0,67270973.04,42.0,0,100.0
2646,2646,6572,2026-08-27,70289685.73,15,6822571.77,61427191.8,29121032.51,19.0,2,0.0
2647,2647,6574,2026-08-27,7920438.09,9,1937733.14,0.0,0.0,39.0,2,33.33
2648,2648,6577,2026-08-27,8108441.05,14,10293304.84,0.0,0.0,27.0,2,0.0
2649,2649,6578,2026-08-27,7161964.18,5,1106109.81,0.0,0.0,3.0,1,0.0
2650,2650,6579,2026-08-27,62965281.55,12,16098246.52,0.0,262151121.69,34.0,0,0.0
2651,2651,6580,2026-08-27,151360648.17,13,6730339.89,0.0,0.0,23.0,1,0.0
2652,2652,6583,2026-08-27,450481599.06,9,0.0,360972039.28,0.0,0.0,0,25.0
2653,2653,6588,2026-08-27,39823776.31,11,3531408.13,0.0,33920794.47,26.0,1,0.0
2654,2654,6590,2026-08-27,47575584.57,10,2047065.89,29430160.7,50780.99,12.0,1,0.0
2655,2655,6593,2026-08-27,935480959.35,16,17567151.1,208117470.15,0.0,0.0,0,100.0
2656,2656,6595,2026-08-27,149692057.32,15,7151286.67,0.0,0.0,18.0,1,0.0
2657,2657,6598,2026-08-27,848197818.96,22,44507768.73,282985423.24,0.0,0.0,0,50.0
2658,2658,6601,2026-08-27,133720589.36,22,19407681.71,0.0,0.0,100.0,2,0.0
2659,2659,6602,2026-08-27,1598978713.77,23,122918343.3,1305707879.98,0.0,40.0,1,100.0
2660,2660,6603,2026-08-27,16228084.13,16,6494612.1,0.0,0.0,39.0,0,50.0
2661,2661,6606,2026-08-27,5075828.39,17,1357920.09,0.0,56130618.44,21.0,2,0.0
2662,2662,6609,2026-08-27,381352068.19,5,597131.94,359547040.11,0.0,29.0,0,0.0
2663,2663,6614,2026-08-27,812136749.29,19,144503198.07,656723175.38,0.0,54.0,1,50.0
2664,2664,6616,2026-08-27,103169828.96,18,18153589.57,0.0,56682900.76,48.0,2,50.0
2665,2665,6620,2026-08-27,19841034.52,16,3856196.05,0.0,26341010.83,100.0,2,25.0
2666,2666,6621,2026-08-27,39870691.6,7,1411552.9,0.0,0.0,30.0,0,25.0
2667,2667,6626,2026-08-27,968490747.33,16,10277054.62,862509156.62,0.0,26.0,1,0.0
2668,2668,6627,2026-08-27,1651910795.58,14,171302541.85,1267461112.24,0.0,0.0,4,0.0
2669,2669,6628,2026-08-27,18805723.79,26,6455433.1,0.0,0.0,100.0,0,0.0
2670,2670,6631,2026-08-27,52716148.49,31,51770936.35,0.0,0.0,100.0,0,50.0
2671,2671,6635,2026-08-27,209631913.9,22,31576062.11,95329250.51,0.0,93.0,0,0.0
2672,2672,6637,2026-08-27,1049931106.28,8,12638273.48,519276748.09,0.0,45.0,1,100.0
2673,2673,6638,2026-08-27,99823032.59,12,7065233.11,61543928.72,185782136.99,0.0,0,33.33
2674,2674,6643,2026-08-27,76694492.4,21,2450422.93,39497533.33,81345432.47,100.0,1,0.0
2675,2675,6645,2026-08-27,38256081.39,17,5775768.07,0.0,306520200.06,84.0,1,0.0
2676,2676,6648,2026-08-27,306696176.14,29,28523874.64,176425551.09,0.0,100.0,2,0.0
2677,2677,6650,2026-08-27,10423443.45,15,3558493.49,0.0,0.0,89.0,0,0.0
2678,2678,6651,2026-08-27,58042616.66,11,4296247.05,0.0,0.0,37.0,1,50.0
2679,2679,6654,2026-08-27,347106832.52,4,3780735.49,285462389.39,24157996.57,20.0,1,0.0
2680,2680,6657,2026-08-27,107921585.81,15,9028942.67,28059783.33,8413576.9,58.0,1,66.67
2681,2681,6659,2026-08-27,123873144.69,10,4671509.77,0.0,0.0,34.0,1,33.33
2682,2682,6661,2026-08-27,16249835.4,12,13478890.52,0.0,118407149.91,14.0,0,0.0
2683,2683,6662,2026-08-27,9392396.03,6,89436.96,0.0,0.0,33.0,0,33.33
2684,2684,6665,2026-08-27,1237654548.8,20,102911429.07,388480736.52,0.0,99.0,0,100.0
2685,2685,6668,2026-08-27,14776016.14,13,762238.65,0.0,41284660.21,66.0,0,75.0
2686,2686,6672,2026-08-27,36420014.6,2,79325.53,0.0,101389088.99,0.0,4,25.0
2687,2687,6674,2026-08-27,7920305.29,13,3609574.34,0.0,0.0,42.0,1,33.33
2688,2688,6677,2026-08-27,29305564.24,3,1437169.21,0.0,2252946.7,0.0,0,100.0
2689,2689,6679,2026-08-27,9156544.33,14,4232629.71,0.0,0.0,43.0,1,75.0
2690,2690,6684,2026-08-27,77129325.06,16,2789384.56,54700793.91,0.0,100.0,1,33.33
2691,2691,6686,2026-08-27,43999919.85,12,2206708.65,23734032.9,0.0,0.0,1,66.67
2692,2692,6689,2026-08-27,624697847.26,16,60356416.43,435352246.99,0.0,0.0,0,33.33
2693,2693,6691,2026-08-27,60885870.28,10,1931417.3,51382556.120000005,2788640.8,0.0,0,0.0
2694,2694,6693,2026-08-27,19087837.68,18,1239111.92,0.0,0.0,27.0,1,0.0
2695,2695,6695,2026-08-27,17570502.89,8,2418547.99,0.0,53016402.55,0.0,0,0.0
2696,2696,6696,2026-08-27,6735619.97,9,945462.77,0.0,0.0,0.0,1,0.0
2697,2697,6697,2026-08-27,15554671.39,16,1717585.37,0.0,0.0,50.0,1,0.0
2698,2698,6700,2026-08-27,556537813.58,20,39208630.74,390754031.89,0.0,24.0,3,0.0
2699,2699,6702,2026-08-27,419055211.15,8,285012.19,76549496.67,0.0,31.0,0,25.0
2700,2700,6706,2026-08-27,36296902.56,10,16778756.93,0.0,0.0,0.0,1,50.0
2701,2701,6708,2026-08-27,19233797.51,3,0.0,0.0,46851013.35,20.0,1,0.0
2702,2702,6711,2026-08-27,48698180.58,24,5009415.28,0.0,203439107.59,100.0,2,100.0
2703,2703,6712,2026-08-27,187804183.89,9,14947867.13,0.0,0.0,0.0,0,66.67
2704,2704,6716,2026-08-27,28450665.33,6,3355083.68,0.0,244600558.48,45.0,0,0.0
2705,2705,6717,2026-08-27,11531858.28,5,558243.61,0.0,0.0,24.0,3,0.0
2706,2706,6720,2026-08-27,40145573.93,30,15124416.53,0.0,0.0,100.0,2,25.0
2707,2707,6726,2026-08-27,15066078.82,9,1990820.46,0.0,0.0,0.0,0,25.0
2708,2708,6728,2026-08-27,14313661.06,20,2725227.73,0.0,0.0,49.0,1,50.0
2709,2709,6733,2026-08-27,16050126.85,19,5485272.72,0.0,21727193.3,53.0,1,75.0
2710,2710,6735,2026-08-27,18138377.57,6,11513571.74,0.0,0.0,0.0,2,0.0
2711,2711,6736,2026-08-27,32899208.01,14,4193387.12,0.0,5266627.14,29.0,0,25.0
2712,2712,6740,2026-08-27,13829443.3,13,9007204.72,0.0,165737857.75,18.0,0,25.0
2713,2713,6744,2026-08-27,15092651.19,13,8537136.1,0.0,7309476.54,0.0,0,100.0
2714,2714,6745,2026-08-27,784155444.7,18,45335061.51,507994138.66,335590150.95,51.0,1,100.0
2715,2715,6747,2026-08-27,17276263.32,16,1120593.62,0.0,0.0,33.0,1,50.0
2716,2716,6748,2026-08-27,10214492.38,17,1541515.68,0.0,406809.38,52.0,0,33.33
2717,2717,6752,2026-08-27,143955780.7,27,19670497.71,124795602.28,0.0,100.0,1,33.33
2718,2718,6756,2026-08-27,102149395.63,16,12510314.04,0.0,0.0,0.0,0,33.33
2719,2719,6757,2026-08-27,3580732248.07,18,180260371.83,2912631757.99,0.0,60.0,1,33.33
2720,2720,6760,2026-08-27,14578613.32,28,17823135.09,0.0,0.0,100.0,0,25.0
2721,2721,6765,2026-08-27,63170346.41,23,9453178.5,54999696.69,0.0,98.0,2,0.0
2722,2722,6769,2026-08-27,880764469.84,9,32776807.9,125734300.0,0.0,22.0,0,0.0
2723,2723,6770,2026-08-27,290527628.01,12,5359387.39,146213130.85000002,0.0,0.0,0,50.0
2724,2724,6773,2026-08-27,200057299.27,19,8972238.95,186431131.25,15017097.67,55.0,3,0.0
2725,2725,6775,2026-08-27,65463119.22,14,7846082.48,0.0,157738547.63,29.0,0,75.0
2726,2726,6781,2026-08-27,8815217.57,6,292706.03,0.0,30084262.62,16.0,4,0.0
2727,2727,6784,2026-08-27,10366464.13,13,979714.1,0.0,0.0,33.0,1,0.0
2728,2728,6787,2026-08-27,0.0,25,50379795.47,0.0,0.0,50.0,3,0.0
2729,2729,6788,2026-08-27,1241971655.9,13,35972572.38,882712737.0,0.0,0.0,1,66.67
2730,2730,6791,2026-08-27,34738227.25,10,4994585.86,20386291.34,0.0,36.0,2,0.0
2731,2731,6794,2026-08-27,1800798302.04,26,303861406.92,682124583.55,4338612643.91,43.0,0,0.0
2732,2732,6796,2026-08-27,18338603.33,16,4050086.15,0.0,0.0,27.0,0,0.0
2733,2733,6797,2026-08-27,7164575.05,16,2381490.9,0.0,0.0,100.0,0,0.0
2734,2734,6801,2026-08-27,489350089.55,10,33323191.15,412338458.21,0.0,30.0,0,66.67
2735,2735,6805,2026-08-27,113161910.55,10,14799302.31,0.0,225601145.09,39.0,0,33.33
2736,2736,6810,2026-08-27,28795027.23,24,2233184.04,0.0,14870750.92,92.0,0,50.0
2737,2737,6811,2026-08-27,20807881.57,15,7094810.09,0.0,0.0,0.0,1,0.0
2738,2738,6813,2026-08-27,22081297.16,23,2011560.19,0.0,48831144.58,100.0,0,0.0
2739,2739,6814,2026-08-27,6280754.51,4,1341239.31,0.0,49037148.17,26.0,1,0.0
2740,2740,6816,2026-08-27,19177242.75,20,3241974.29,0.0,3089423.41,100.0,1,25.0
2741,2741,6820,2026-08-27,737493938.42,20,245791438.68,0.0,2063739830.92,42.0,1,0.0
2742,2742,6823,2026-08-27,56758471.1,13,4019407.92,32076851.07,0.0,0.0,0,0.0
2743,2743,6825,2026-08-27,59930854.52,23,31816041.06,0.0,0.0,34.0,0,0.0
2744,2744,6828,2026-08-27,33644843.15,8,5961254.12,0.0,0.0,60.0,0,0.0
2745,2745,6830,2026-08-27,3305925997.86,9,10179529.67,3074011616.3999996,0.0,0.0,3,0.0
2746,2746,6831,2026-08-27,49662607.98,16,6335259.6,0.0,29968481.18,30.0,0,0.0
2747,2747,6832,2026-08-27,18931731.96,17,6029626.64,0.0,79444378.77,42.0,0,33.33
2748,2748,6835,2026-08-27,28949006.51,13,21350410.73,0.0,0.0,35.0,0,0.0
2749,2749,6839,2026-08-27,7802451.74,21,6745728.76,0.0,43346159.82,100.0,1,25.0
2750,2750,6840,2026-08-27,411936294.72,13,6728239.3,340714322.19,0.0,44.0,3,50.0
2751,2751,6842,2026-08-27,107049310.68,14,4119218.13,0.0,41637460.19,0.0,1,0.0
2752,2752,6843,2026-08-27,7802909.88,7,413850.98,0.0,10455641.23,0.0,0,50.0
2753,2753,6845,2026-08-27,39623182.91,8,31134822.11,0.0,0.0,22.0,0,0.0
2754,2754,6847,2026-08-27,446442396.2,20,25806478.24,294916655.8,36640248.83,71.0,2,0.0
2755,2755,6848,2026-08-27,160778136.25,8,1093171.42,131345354.57,65179713.19,14.0,2,100.0
2756,2756,6849,2026-08-27,151817398.69,15,11889957.86,79551712.26,206878119.62,0.0,0,33.33
2757,2757,6855,2026-08-27,24982839.27,17,3864758.28,0.0,0.0,38.0,0,25.0
2758,2758,6857,2026-08-27,0.0,7,2389873.93,0.0,3439972.25,13.0,4,0.0
2759,2759,6858,2026-08-27,0.0,4,955979.28,0.0,0.0,9.0,2,0.0
2760,2760,6862,2026-08-27,54480684.48,25,19178626.28,0.0,0.0,100.0,1,0.0
2761,2761,6863,2026-08-27,43861250.15,5,0.0,35571941.93,0.0,0.0,1,0.0
2762,2762,6868,2026-08-27,125600804.0,9,1494190.21,0.0,0.0,36.0,2,50.0
2763,2763,6873,2026-08-27,137465812.98,21,100599840.82,0.0,346974401.46,48.0,1,25.0
2764,2764,6876,2026-08-27,407110668.52,10,19098774.85,407110668.52,34401176.4,19.0,2,100.0
2765,2765,6878,2026-08-27,941872534.28,17,289410345.45,0.0,0.0,54.0,1,100.0
2766,2766,6880,2026-08-27,24708732.75,14,1460601.19,14923870.079999998,0.0,20.0,1,0.0
2767,2767,6883,2026-08-27,1402971468.96,12,27120069.73,1182036451.9499998,636231825.03,47.0,0,50.0
2768,2768,6886,2026-08-27,14143726.8,5,817022.47,0.0,195324.03,13.0,3,0.0
2769,2769,6888,2026-08-27,163755937.22,16,2685505.8,112782419.42,29011983.47,0.0,4,0.0
2770,2770,6889,2026-08-27,72621697.79,13,5588928.6,72621697.79,0.0,0.0,1,0.0
2771,2771,6890,2026-08-27,37218565.32,13,2528621.38,11325726.42,50252405.17,61.0,0,50.0
2772,2772,6892,2026-08-27,15411402.55,12,1162299.71,0.0,0.0,0.0,1,0.0
2773,2773,6893,2026-08-27,15832305.61,9,1253544.23,0.0,0.0,41.0,2,0.0
2774,2774,6895,2026-08-27,146234790.69,16,67132169.56,0.0,0.0,45.0,1,50.0
2775,2775,6898,2026-08-27,142592719.18,5,13831241.87,107218347.95,73923251.74,18.0,2,0.0
2776,2776,6902,2026-08-27,287827580.98,12,3921501.63,144379395.78,0.0,27.0,0,25.0
2777,2777,6905,2026-08-27,76359074.95,7,200487.69,69031104.26,36531593.65,12.0,0,50.0
2778,2778,6907,2026-08-27,794776716.63,25,110642220.16,0.0,0.0,100.0,2,33.33
2779,2779,6910,2026-08-27,17479201.94,21,2529703.86,0.0,0.0,0.0,0,50.0
2780,2780,6911,2026-08-27,644003556.17,14,304281677.12,0.0,411928543.57,59.0,2,100.0
2781,2781,6912,2026-08-27,1982729852.84,19,133212852.12,1600924372.69,440713321.82,64.0,3,0.0
2782,2782,6916,2026-08-27,1040793053.47,21,54301569.0,700032724.03,42415409.2,57.0,1,33.33
2783,2783,6919,2026-08-27,67474781.49,21,2669833.47,0.0,106350038.84,100.0,0,33.33
2784,2784,6920,2026-08-27,1303678771.66,7,3424930.55,1073733772.3,0.0,18.0,0,50.0
2785,2785,6925,2026-08-27,19222583.81,17,2649254.53,0.0,0.0,24.0,1,25.0
2786,2786,6926,2026-08-27,130921984.62,6,4870584.87,35087285.8,49330131.57,2.0,0,0.0
2787,2787,6928,2026-08-27,110351650.63,3,5023102.93,83555218.89,0.0,16.0,2,0.0
2788,2788,6929,2026-08-27,45636074.02,19,37529478.14,0.0,0.0,100.0,1,0.0
2789,2789,6932,2026-08-27,262200981.11,15,4096140.01,242090848.07999998,0.0,20.0,1,0.0
2790,2790,6933,2026-08-27,832496019.5,17,28437476.71,581006915.53,143690522.01,0.0,0,100.0
2791,2791,6934,2026-08-27,122859516.71,12,610613.58,0.0,0.0,25.0,0,25.0
2792,2792,6938,2026-08-27,4967054880.98,20,304536638.55,4064443579.89,0.0,83.0,1,0.0
2793,2793,6942,2026-08-27,54512117.65,3,0.0,46470802.38,4188942.23,0.0,4,25.0
2794,2794,6943,2026-08-27,19611421.37,10,4186190.57,0.0,0.0,0.0,1,0.0
2795,2795,6947,2026-08-27,27599384.8,5,0.0,0.0,109118193.67,0.0,0,0.0
2796,2796,6948,2026-08-27,190010725.56,18,16210538.24,69689657.29,199120110.47,100.0,1,0.0
2797,2797,6949,2026-08-27,21470796.64,10,2015341.58,0.0,0.0,100.0,0,25.0
2798,2798,6953,2026-08-27,97763686.83,17,4949324.16,55484741.69,0.0,45.0,0,33.33
2799,2799,6956,2026-08-27,15789957.32,2,309464.0,0.0,0.0,0.0,3,0.0
2800,2800,6959,2026-08-27,11660263.89,10,1603435.21,0.0,79421387.81,50.0,0,25.0
2801,2801,6961,2026-08-27,28599779.83,10,5303081.6,10904702.24,0.0,0.0,0,0.0
2802,2802,6964,2026-08-27,0.0,27,38159630.99,0.0,0.0,100.0,0,0.0
2803,2803,6965,2026-08-27,1234923887.75,12,4379663.26,665801148.77,1194691674.45,37.0,4,100.0
2804,2804,6966,2026-08-27,56546694.51,23,9104169.54,0.0,0.0,93.0,1,0.0
2805,2805,6967,2026-08-27,519544497.33,18,15773614.1,247940478.82,401437976.37,36.0,2,0.0
2806,2806,6970,2026-08-27,167719443.0,22,22747794.0,114270156.84,32123290.89,0.0,3,50.0
2807,2807,6972,2026-08-27,1005737213.99,15,15033171.76,0.0,858279090.9,36.0,0,50.0
2808,2808,6977,2026-08-27,0.0,6,326549.11,0.0,0.0,0.0,4,0.0
2809,2809,6978,2026-08-27,46606787.96,12,745110.65,0.0,0.0,49.0,1,100.0
2810,2810,6980,2026-08-27,14692189.1,13,2141169.04,0.0,0.0,49.0,1,50.0
2811,2811,6983,2026-08-27,1000893362.05,22,40113353.04,893314543.45,26197767.0,41.0,1,50.0
2812,2812,6989,2026-08-27,41254226.39,10,4912849.96,0.0,0.0,0.0,0,25.0
2813,2813,6991,2026-08-27,36795069.08,2,0.0,0.0,0.0,28.0,0,0.0
2814,2814,6993,2026-08-27,1351794086.85,22,91636382.47,932149403.5,2071679747.69,62.0,1,33.33
2815,2815,6997,2026-08-27,6842946370.34,21,155218945.97,4859727277.3,0.0,35.0,1,25.0
2816,2816,6999,2026-08-27,26065047.75,22,2937643.32,0.0,0.0,100.0,1,0.0
2817,2817,7001,2026-08-27,33709238.63,15,1297151.22,0.0,0.0,68.0,0,0.0
2818,2818,7003,2026-08-27,54338388.35,20,11519511.83,0.0,37021203.11,83.0,2,33.33
2819,2819,7006,2026-08-27,410762477.01,11,5209066.57,368645915.14,0.0,56.0,1,50.0
2820,2820,7013,2026-08-27,134114598.4,11,4975095.15,101122799.61,0.0,43.0,0,25.0
2821,2821,7014,2026-08-27,39309608.16,12,7353094.91,0.0,0.0,52.0,3,0.0
2822,2822,7017,2026-08-27,3413827.5,3,253293.3,0.0,0.0,25.0,0,0.0
2823,2823,7019,2026-08-27,864846199.27,15,50684254.45,273120664.82,0.0,37.0,1,0.0
2824,2824,7021,2026-08-27,12715569.96,14,4771137.31,0.0,0.0,53.0,0,0.0
2825,2825,7022,2026-08-27,44351504.72,10,3375152.07,0.0,0.0,0.0,0,0.0
2826,2826,7024,2026-08-27,46759112.87,1,0.0,35542178.35,29118297.32,0.0,4,0.0
2827,2827,7026,2026-08-27,290617639.22,30,24767562.14,0.0,0.0,100.0,0,0.0
2828,2828,7029,2026-08-27,14361540.87,17,2964649.67,0.0,26079803.81,40.0,1,100.0
2829,2829,7031,2026-08-27,0.0,15,19039817.39,0.0,0.0,0.0,1,0.0
2830,2830,7034,2026-08-27,62256600.11,2,0.0,35371284.32,0.0,0.0,2,0.0
2831,2831,7035,2026-08-27,96465314.02,17,15243969.69,0.0,0.0,0.0,3,0.0
2832,2832,7036,2026-08-27,2171695630.16,13,38081493.46,1869976671.56,0.0,33.0,1,50.0
2833,2833,7038,2026-08-27,5098843.57,21,4095986.28,0.0,0.0,100.0,0,0.0
2834,2834,7041,2026-08-27,243979569.99,10,3723885.45,185270096.34,37220243.43,0.0,0,0.0
2835,2835,7047,2026-08-27,14847149.72,4,0.0,0.0,70487567.87,33.0,2,25.0
2836,2836,7049,2026-08-27,14602302.44,8,236770.64,0.0,0.0,19.0,0,0.0
2837,2837,7050,2026-08-27,35800948.11,3,55269.68,26821973.37,68457008.99,14.0,2,0.0
2838,2838,7051,2026-08-27,39808051.65,8,2616447.3,0.0,0.0,44.0,0,0.0
2839,2839,7052,2026-08-27,1657442088.71,12,21115433.05,1368950734.09,0.0,14.0,2,66.67
2840,2840,7058,2026-08-27,1301998895.08,14,75560495.19,1185461985.32,0.0,54.0,2,50.0
2841,2841,7059,2026-08-27,305097763.15,20,37954991.06,0.0,0.0,51.0,1,0.0
2842,2842,7060,2026-08-27,131660907.88,16,8558544.65,0.0,0.0,43.0,4,0.0
2843,2843,7061,2026-08-27,929325925.81,22,47500710.41,789031408.1099999,0.0,40.0,0,0.0
2844,2844,7062,2026-08-27,50789550.08,26,20027541.24,0.0,156073319.44,49.0,0,66.67
2845,2845,7066,2026-08-27,13416154.28,21,1781606.11,0.0,0.0,0.0,4,50.0
2846,2846,7068,2026-08-27,12430753.29,19,5932154.14,0.0,0.0,100.0,0,0.0
2847,2847,7071,2026-08-27,16975756.27,12,7009278.48,0.0,0.0,0.0,1,0.0
2848,2848,7072,2026-08-27,112806677.63,15,88026356.23,0.0,168922070.23,26.0,1,0.0
2849,2849,7074,2026-08-27,92354774.09,4,147346.44,81434054.13,0.0,0.0,0,0.0
2850,2850,7075,2026-08-27,320245121.16,13,32662829.68,0.0,0.0,0.0,1,66.67
2851,2851,7078,2026-08-27,625565446.87,13,13071280.28,466128316.58,424139683.47,37.0,0,0.0
2852,2852,7080,2026-08-27,66491727.72,9,1309704.58,0.0,0.0,0.0,1,100.0
2853,2853,7081,2026-08-27,31126874.7,16,10920835.8,0.0,0.0,0.0,1,0.0
2854,2854,7082,2026-08-27,845131416.95,17,34387363.33,463225296.86,0.0,36.0,0,50.0
2855,2855,7084,2026-08-27,3975631.26,2,735307.81,0.0,0.0,0.0,2,0.0
2856,2856,7085,2026-08-27,213385260.97,9,1056425.43,155432007.33,0.0,25.0,0,0.0
2857,2857,7086,2026-08-27,23364723.65,5,663156.63,0.0,0.0,8.0,0,0.0
2858,2858,7089,2026-08-27,813195489.82,16,10524740.14,517412245.17,0.0,31.0,1,50.0
2859,2859,7092,2026-08-27,24464689.95,4,465138.18,0.0,0.0,0.0,1,0.0
2860,2860,7096,2026-08-27,2301827883.84,12,43567489.94,1675825158.64,0.0,36.0,4,66.67
2861,2861,7098,2026-08-27,1315253871.07,8,2008167.19,769901941.12,0.0,33.0,1,100.0
2862,2862,7099,2026-08-27,9469548.56,19,11757142.54,0.0,0.0,100.0,0,0.0
2863,2863,7104,2026-08-27,152918796.44,9,25653680.4,0.0,0.0,50.0,0,33.33
2864,2864,7106,2026-08-27,1911978809.5,18,59142086.52,1611253756.5300002,0.0,33.0,0,100.0
2865,2865,7108,2026-08-27,2125575717.68,15,32684720.86,1302709000.21,1214997083.47,40.0,1,33.33
2866,2866,7110,2026-08-27,130305958.72,24,4126474.83,0.0,36794280.84,36.0,0,25.0
2867,2867,7114,2026-08-27,462405862.39,11,34926341.19,314535005.14,0.0,54.0,0,0.0
2868,2868,7116,2026-08-27,14040314.21,21,6138786.88,0.0,19103525.55,100.0,0,0.0
2869,2869,7117,2026-08-27,40417850.23,14,6792066.96,0.0,0.0,23.0,2,33.33
2870,2870,7122,2026-08-27,3060508928.37,12,61426454.88,1174934883.39,3403277797.94,0.0,1,25.0
2871,2871,7125,2026-08-27,106265510.83,24,11310382.2,75352279.18,0.0,94.0,3,0.0
2872,2872,7127,2026-08-27,777668407.16,8,1869996.36,613111536.11,0.0,22.0,0,0.0
2873,2873,7128,2026-08-27,192296942.06,17,55001169.6,0.0,364760577.33,34.0,2,0.0
2874,2874,7130,2026-08-27,11006638.86,10,0.0,0.0,149673017.3,51.0,0,100.0
2875,2875,7133,2026-08-27,5529384045.59,18,101554271.74,3859327613.4700003,0.0,0.0,2,0.0
2876,2876,7136,2026-08-27,17787093.05,13,5260889.01,0.0,0.0,40.0,1,0.0
2877,2877,7139,2026-08-27,34127668.77,17,3898802.72,0.0,34332808.74,52.0,0,66.67
2878,2878,7142,2026-08-27,533188662.63,14,18985054.74,247963432.31,0.0,0.0,1,0.0
2879,2879,7144,2026-08-27,7977845.15,24,6973370.9,0.0,0.0,100.0,1,50.0
2880,2880,7145,2026-08-27,209456898.24,18,29037335.21,160424423.02,257257553.13,33.0,2,100.0
2881,2881,7147,2026-08-27,20765707.07,18,1769660.93,9495631.1,0.0,34.0,1,33.33
2882,2882,7149,2026-08-27,882190343.8,20,48548296.79,680479571.75,0.0,0.0,0,0.0
2883,2883,7151,2026-08-27,19026113.47,22,5202321.47,0.0,0.0,100.0,0,50.0
2884,2884,7152,2026-08-27,567665701.9,10,0.0,0.0,0.0,41.0,0,50.0
2885,2885,7156,2026-08-27,72991768.52,25,9049088.42,0.0,69245284.99,80.0,1,0.0
2886,2886,7157,2026-08-27,6773714.31,18,10009496.57,0.0,0.0,35.0,1,100.0
2887,2887,7158,2026-08-27,790926776.13,23,58462954.75,682374204.78,1102980651.62,49.0,0,0.0
2888,2888,7159,2026-08-27,10031806.12,14,1170136.05,0.0,0.0,0.0,1,0.0
2889,2889,7163,2026-08-27,2724998689.68,21,401323665.93,0.0,0.0,56.0,0,0.0
2890,2890,7167,2026-08-27,2496755801.51,20,248231323.54,1508703356.0700002,0.0,48.0,3,25.0
2891,2891,7168,2026-08-27,56102697.57,14,8758427.07,0.0,8576021.61,0.0,1,0.0
2892,2892,7170,2026-08-27,37095230.12,14,8355208.55,0.0,0.0,0.0,0,0.0
2893,2893,7171,2026-08-27,14805083.37,22,252674.47,0.0,17330975.39,100.0,2,0.0
2894,2894,7175,2026-08-27,7249450.88,17,2905780.62,0.0,0.0,100.0,1,0.0
2895,2895,7176,2026-08-27,9921919.0,13,0.0,0.0,0.0,47.0,1,100.0
2896,2896,7178,2026-08-27,1128863082.99,15,212401366.18,0.0,1639172022.56,0.0,1,66.67
2897,2897,7180,2026-08-27,62071493.72,13,4242957.35,0.0,0.0,0.0,0,0.0
2898,2898,7181,2026-08-27,20163151.47,19,12339493.15,0.0,0.0,0.0,2,0.0
2899,2899,7182,2026-08-27,220827009.51,21,21505445.07,0.0,38446044.53,100.0,0,0.0
2900,2900,7186,2026-08-27,269013771.12,12,29121112.66,104345946.98,681520656.82,0.0,1,66.67
2901,2901,7189,2026-08-27,197272829.77,13,11428726.73,0.0,0.0,24.0,1,50.0
2902,2902,7193,2026-08-27,45278617.7,10,4216850.41,0.0,0.0,0.0,0,25.0
2903,2903,7197,2026-08-27,192796064.07,16,14490643.17,156365033.96,0.0,63.0,0,25.0
2904,2904,7201,2026-08-27,87062235.83,15,6781990.27,43038709.71,108901077.58,40.0,0,0.0
2905,2905,7204,2026-08-27,34772661.88,22,4135643.02,0.0,115331157.1,0.0,0,50.0
2906,2906,7206,2026-08-27,22281330.53,3,1126117.14,0.0,0.0,44.0,0,0.0
2907,2907,7207,2026-08-27,27787929.66,7,1785589.17,0.0,0.0,24.0,1,0.0
2908,2908,7209,2026-08-27,93658761.78,22,16054511.24,0.0,0.0,56.0,0,0.0
2909,2909,7211,2026-08-27,25957949.99,11,2748283.85,0.0,7057646.55,42.0,1,0.0
2910,2910,7215,2026-08-27,25461784.51,25,6625526.55,0.0,0.0,100.0,3,66.67
2911,2911,7217,2026-08-27,156828074.31,5,0.0,127263937.73,0.0,12.0,2,33.33
2912,2912,7220,2026-08-27,10374638.6,15,5431062.86,0.0,0.0,27.0,1,50.0
2913,2913,7223,2026-08-27,8617990.95,23,7903782.63,0.0,678046.86,87.0,0,0.0
2914,2914,7227,2026-08-27,59173900.69,7,15083141.37,0.0,0.0,9.0,4,0.0
2915,2915,7228,2026-08-27,76716420.8,21,11734280.78,76716420.8,125673301.1,40.0,2,0.0
2916,2916,7229,2026-08-27,70805591.11,30,21811321.25,0.0,411366790.0,40.0,0,25.0
2917,2917,7233,2026-08-27,36619211.5,16,3266181.35,0.0,0.0,19.0,0,0.0
2918,2918,7238,2026-08-27,11872686.23,12,743525.59,0.0,0.0,41.0,0,50.0
2919,2919,7241,2026-08-27,153183533.23,13,13658333.66,0.0,0.0,34.0,1,25.0
2920,2920,7244,2026-08-27,8585146.72,2,1422702.63,0.0,82800909.13,2.0,1,0.0
2921,2921,7246,2026-08-27,12684212.21,16,25725268.26,0.0,0.0,39.0,1,50.0
2922,2922,7247,2026-08-27,169389173.16,24,121603234.95,0.0,0.0,48.0,3,0.0
2923,2923,7252,2026-08-27,37288150.42,14,15827611.83,0.0,17037015.29,32.0,1,66.67
2924,2924,7254,2026-08-27,9694076.66,3,0.0,0.0,0.0,18.0,1,0.0
2925,2925,7257,2026-08-27,384459963.62,24,19824824.03,222434793.36,0.0,45.0,1,66.67
2926,2926,7261,2026-08-27,41509037.19,29,2581878.37,23512599.75,0.0,0.0,0,0.0
2927,2927,7264,2026-08-27,12794088.14,4,975440.73,0.0,0.0,20.0,2,0.0
2928,2928,7268,2026-08-27,68839457.58,27,4929028.02,45939420.92,0.0,100.0,0,25.0
2929,2929,7269,2026-08-27,548614684.55,21,55188754.05,509805769.01,0.0,31.0,0,0.0
2930,2930,7272,2026-08-27,13009836.78,4,3357074.14,0.0,348897365.9,0.0,5,0.0
2931,2931,7276,2026-08-27,10565954.84,25,5756076.16,0.0,9834870.69,83.0,2,100.0
2932,2932,7277,2026-08-27,154723260.73,8,3781446.03,124107111.94,0.0,33.0,0,100.0
2933,2933,7279,2026-08-27,60821540.23,19,6085605.86,40429919.57,22987280.79,100.0,0,25.0
2934,2934,7283,2026-08-27,36276666.87,21,4521180.17,23288740.03,2052087.11,0.0,0,0.0
2935,2935,7286,2026-08-27,32128146.29,4,288722.64,0.0,0.0,0.0,3,33.33
2936,2936,7289,2026-08-27,30732760.44,28,7679666.5,0.0,0.0,99.0,2,100.0
2937,2937,7291,2026-08-27,140862214.88,17,33893981.4,34141770.58,0.0,49.0,0,75.0
2938,2938,7295,2026-08-27,2759855048.14,25,342812349.54,2485979650.39,0.0,48.0,1,25.0
2939,2939,7299,2026-08-27,31034500.01,19,2221178.56,0.0,0.0,47.0,0,75.0
2940,2940,7302,2026-08-27,429866279.63,23,176612924.53,0.0,0.0,48.0,3,0.0
2941,2941,7304,2026-08-27,39706994.59,13,2528292.11,0.0,0.0,28.0,0,0.0
2942,2942,7305,2026-08-27,4207944.61,14,2228678.76,0.0,52024376.08,0.0,1,50.0
2943,2943,7307,2026-08-27,20924269.78,8,6165225.51,0.0,0.0,0.0,0,0.0
2944,2944,7309,2026-08-27,21943976.92,15,20628854.26,0.0,11718475.07,55.0,0,0.0
2945,2945,7310,2026-08-27,18207148.43,16,3364635.86,0.0,0.0,43.0,2,50.0
2946,2946,7312,2026-08-27,440886367.73,18,18430208.89,277048987.69000006,102184627.72,46.0,0,100.0
2947,2947,7316,2026-08-27,72278877.64,14,3176972.46,39533927.75,4499137.65,19.0,0,50.0
2948,2948,7319,2026-08-27,23005727.77,12,1791086.64,0.0,78031350.43,28.0,0,0.0
2949,2949,7320,2026-08-27,26901380.98,16,2386217.05,0.0,0.0,0.0,0,0.0
2950,2950,7321,2026-08-27,70894718.05,15,16741897.14,0.0,0.0,25.0,2,0.0
2951,2951,7324,2026-08-27,67235217.29,15,4883435.63,0.0,108295366.35,34.0,1,33.33
2952,2952,7326,2026-08-27,161131917.3,5,103265.26,113666558.16,0.0,0.0,1,50.0
2953,2953,7328,2026-08-27,35993814.85,12,3394142.85,0.0,0.0,61.0,1,0.0
2954,2954,7330,2026-08-27,25095916.52,10,1813529.61,7747284.33,0.0,39.0,0,0.0
2955,2955,7331,2026-08-27,101290503.88,21,26552121.42,0.0,0.0,100.0,1,0.0
2956,2956,7332,2026-08-27,891189682.98,9,26678400.63,734881611.17,3837459.01,0.0,2,0.0
2957,2957,7333,2026-08-27,37837273.23,14,710250.09,22829967.85,0.0,68.0,0,50.0
2958,2958,7335,2026-08-27,146353497.52,18,21406096.57,0.0,0.0,59.0,1,50.0
2959,2959,7337,2026-08-27,12550512.85,20,6977972.68,0.0,67429478.16,33.0,2,0.0
2960,2960,7339,2026-08-27,17690406.23,9,4787592.15,0.0,0.0,26.0,1,33.33
2961,2961,7342,2026-08-27,39888879.51,7,834213.97,20261725.09,0.0,28.0,1,100.0
2962,2962,7344,2026-08-27,8848089.57,12,7460131.41,0.0,112399252.2,32.0,0,50.0
2963,2963,7346,2026-08-27,2619027726.88,22,971096826.61,1255675909.45,1669564961.95,38.0,1,0.0
2964,2964,7348,2026-08-27,65774874.31,24,30229477.55,0.0,373359208.76,81.0,0,25.0
2965,2965,7351,2026-08-27,10902958.25,17,7881627.47,0.0,0.0,0.0,1,0.0
2966,2966,7354,2026-08-27,268313350.87,23,53168237.78,157296237.7,361249367.24,100.0,1,33.33
2967,2967,7358,2026-08-27,772784105.9,6,1015161.96,428791779.5,0.0,37.0,1,66.67
2968,2968,7362,2026-08-27,38154322.89,12,6916912.19,0.0,0.0,47.0,1,50.0
2969,2969,7365,2026-08-27,11184143.79,17,4364759.39,0.0,72382666.53,100.0,0,0.0
2970,2970,7366,2026-08-27,12787870.78,19,1380242.5,0.0,80979508.14,39.0,1,0.0
2971,2971,7369,2026-08-27,35027809.46,17,21416847.69,0.0,0.0,0.0,1,0.0
2972,2972,7370,2026-08-27,10923693.25,4,1827852.68,0.0,8108068.27,0.0,3,0.0
2973,2973,7371,2026-08-27,2550065395.56,22,72293065.35,2220808282.92,3681788823.07,77.0,1,0.0
2974,2974,7372,2026-08-27,56975604.79,12,1010664.29,50624448.76,0.0,0.0,2,0.0
2975,2975,7373,2026-08-27,352292039.41,18,30443523.2,112539922.05,0.0,91.0,0,0.0
2976,2976,7375,2026-08-27,213218314.27,16,98326372.21,0.0,1292727875.79,40.0,2,0.0
2977,2977,7377,2026-08-27,49863269.56,3,0.0,49863269.56,0.0,27.0,2,0.0
2978,2978,7380,2026-08-27,300935308.53,4,397635.56,241234336.69,0.0,0.0,2,0.0
2979,2979,7381,2026-08-27,153471646.37,5,3805777.31,0.0,41802475.86,16.0,2,0.0
2980,2980,7386,2026-08-27,25186590.39,15,1188726.63,0.0,0.0,0.0,0,0.0
2981,2981,7388,2026-08-27,12675017.93,15,3349017.1,0.0,0.0,100.0,1,66.67
2982,2982,7393,2026-08-27,44881043.35,18,26090398.88,0.0,0.0,32.0,2,25.0
2983,2983,7396,2026-08-27,100280653.24,22,14903876.94,0.0,26968945.87,61.0,2,0.0
2984,2984,7398,2026-08-27,91572833.57,21,16097231.37,0.0,0.0,98.0,1,0.0
2985,2985,7401,2026-08-27,2825265860.85,25,966840200.43,1717415995.01,0.0,34.0,0,0.0
2986,2986,7405,2026-08-27,6611643.21,18,2630210.3,0.0,0.0,0.0,0,25.0
2987,2987,7406,2026-08-27,259718809.17,20,12596066.32,151471121.13,276038766.03,45.0,1,0.0
2988,2988,7410,2026-08-27,67604005.88,20,11356105.72,0.0,0.0,100.0,0,33.33
2989,2989,7411,2026-08-27,53340542.18,18,4594725.71,0.0,41515061.71,47.0,0,0.0
2990,2990,7413,2026-08-27,282644221.36,24,187497250.21,0.0,1105780270.91,100.0,1,25.0
2991,2991,7416,2026-08-27,294352521.38,16,5091030.8,76259609.47,0.0,38.0,2,33.33
2992,2992,7421,2026-08-27,47821810.91,8,2290121.93,0.0,244426141.18,21.0,0,0.0
2993,2993,7422,2026-08-27,6067604.96,7,260535.35,0.0,0.0,50.0,0,100.0
2994,2994,7424,2026-08-27,1836582958.08,25,36766646.21,1523675835.2,0.0,94.0,1,0.0
2995,2995,7425,2026-08-27,28799388.01,16,13284878.4,0.0,0.0,99.0,1,0.0
2996,2996,7427,2026-08-27,19695672.57,19,5472053.84,0.0,2968070.35,97.0,3,50.0
2997,2997,7431,2026-08-27,8244528.45,0,0.0,0.0,0.0,0.0,1,0.0
2998,2998,7432,2026-08-27,36924654.52,12,1765448.3,28427208.119999997,0.0,49.0,1,50.0
2999,2999,7437,2026-08-27,41330165.63,8,3140229.59,29588001.82,150203235.96,40.0,1,50.0
3000,3000,7438,2026-08-27,849071922.5,18,9445867.87,849071922.5,0.0,46.0,3,0.0
3001,3001,7439,2026-08-27,51593285.03,12,2714127.12,0.0,0.0,13.0,0,100.0
3002,3002,7440,2026-08-27,237946648.29,23,107481196.52,0.0,0.0,100.0,0,0.0
3003,3003,7444,2026-08-27,86139329.79,12,808388.12,61776268.24,0.0,59.0,0,0.0
3004,3004,7445,2026-08-27,10896698.83,4,400599.35,0.0,0.0,0.0,2,0.0
3005,3005,7447,2026-08-27,0.0,22,334896584.99,0.0,266708437.38,53.0,0,0.0
3006,3006,7449,2026-08-27,554875711.29,15,8475077.73,363049796.94,0.0,0.0,1,33.33
3007,3007,7452,2026-08-27,89589023.15,24,22082625.43,0.0,0.0,97.0,2,33.33
3008,3008,7455,2026-08-27,748675551.0,13,7859676.83,597203297.4,147873391.89,56.0,2,25.0
3009,3009,7459,2026-08-27,35047885.15,16,5899831.28,0.0,0.0,36.0,3,0.0
3010,3010,7461,2026-08-27,6879995.05,8,257098.38,0.0,26746462.02,13.0,1,0.0
3011,3011,7465,2026-08-27,87321287.94,17,7231158.35,0.0,26532215.93,0.0,1,50.0
3012,3012,7468,2026-08-27,327347464.11,15,40561290.64,252714671.01,0.0,32.0,1,25.0
3013,3013,7472,2026-08-27,0.0,8,2520268.53,0.0,224904115.45,0.0,0,0.0
3014,3014,7473,2026-08-27,9226103.22,4,1072645.49,0.0,3327198.57,0.0,1,0.0
3015,3015,7478,2026-08-27,12069442.18,15,5214424.79,0.0,0.0,33.0,0,100.0
3016,3016,7479,2026-08-27,5521512.75,5,409342.55,0.0,19758600.84,37.0,1,100.0
3017,3017,7480,2026-08-27,930218900.02,12,28078429.65,777956583.6800001,0.0,21.0,1,0.0
3018,3018,7483,2026-08-27,3571246745.26,23,126618080.09,2895782557.03,218300210.24,82.0,0,50.0
3019,3019,7488,2026-08-27,167383232.75,11,2735238.92,0.0,0.0,29.0,1,50.0
3020,3020,7492,2026-08-27,29107468.43,14,5155825.24,0.0,0.0,35.0,1,50.0
3021,3021,7493,2026-08-27,470292088.23,6,17162262.77,255747384.32,0.0,29.0,3,50.0
3022,3022,7496,2026-08-27,41450005.64,2,0.0,19478112.57,0.0,11.0,1,0.0
3023,3023,7498,2026-08-27,209084845.9,30,29918700.7,0.0,0.0,100.0,2,0.0
3024,3024,7501,2026-08-27,35215313.16,22,11877342.46,0.0,0.0,100.0,1,0.0
3025,3025,7503,2026-08-27,725833313.74,18,17574725.51,543519145.69,95948393.75,0.0,0,0.0
3026,3026,7507,2026-08-27,10443231.84,21,11349092.71,0.0,0.0,23.0,2,25.0
3027,3027,7508,2026-08-27,7351733.92,16,1056379.58,0.0,0.0,46.0,1,66.67
3028,3028,7513,2026-08-27,806405008.78,9,3883172.25,672656772.46,0.0,41.0,0,25.0
3029,3029,7517,2026-08-27,343178360.65,26,54175042.13,288132246.89,20561924.1,100.0,1,50.0
3030,3030,7520,2026-08-27,274749888.11,20,45258480.14,0.0,937433144.99,23.0,1,33.33
3031,3031,7522,2026-08-27,119557380.74,21,9167228.75,93929050.18,0.0,0.0,3,50.0
3032,3032,7526,2026-08-27,843934655.18,18,54981685.82,445523656.56,0.0,50.0,0,0.0
3033,3033,7528,2026-08-27,25104407.75,11,231169.45,0.0,16225910.33,34.0,0,0.0
3034,3034,7530,2026-08-27,7844106.84,19,5955291.93,0.0,0.0,58.0,0,50.0
3035,3035,7531,2026-08-27,69678528.61,11,7300032.74,52097217.18,11222342.37,26.0,1,0.0
3036,3036,7533,2026-08-27,63020086.43,8,4282569.9,0.0,229375105.76,0.0,2,33.33
3037,3037,7536,2026-08-27,6916547.44,19,2166025.85,0.0,0.0,100.0,1,25.0
3038,3038,7542,2026-08-27,205419989.88,15,97422929.5,0.0,47094610.77,30.0,0,33.33
3039,3039,7544,2026-08-27,15015359.11,14,2142986.27,0.0,0.0,45.0,1,0.0
3040,3040,7548,2026-08-27,87931651.06,26,42201906.57,0.0,0.0,100.0,0,0.0
3041,3041,7551,2026-08-27,585277343.02,13,29382916.27,518937440.9,181913129.59,44.0,1,50.0
3042,3042,7552,2026-08-27,26810483.9,11,4718194.83,0.0,0.0,0.0,0,0.0
3043,3043,7553,2026-08-27,129552143.34,10,4701781.44,0.0,0.0,44.0,0,100.0
3044,3044,7556,2026-08-27,931124364.24,13,45440188.81,634243752.6700001,0.0,65.0,2,75.0
3045,3045,7559,2026-08-27,70477273.69,2,0.0,0.0,0.0,0.0,3,0.0
3046,3046,7561,2026-08-27,72646671.58,10,6634163.44,52619987.88,0.0,0.0,0,33.33
3047,3047,7564,2026-08-27,28632196.63,18,9492165.4,0.0,126039936.87,100.0,3,0.0
3048,3048,7565,2026-08-27,76185887.59,8,0.0,0.0,179173088.93,0.0,1,0.0
3049,3049,7569,2026-08-27,76124149.09,11,15909024.84,0.0,0.0,24.0,0,25.0
3050,3050,7570,2026-08-27,53083923.85,15,4264908.98,0.0,0.0,48.0,1,33.33
3051,3051,7573,2026-08-27,31078120.84,11,2738152.5,5463836.82,0.0,23.0,1,0.0
3052,3052,7578,2026-08-27,2345872446.13,17,187033635.3,1610986708.47,4560869653.7,37.0,0,0.0
3053,3053,7579,2026-08-27,91502904.62,4,17756430.47,0.0,0.0,0.0,4,100.0
3054,3054,7581,2026-08-27,121619163.7,8,4834146.73,0.0,0.0,0.0,1,0.0
3055,3055,7585,2026-08-27,44180369.53,25,21520028.7,0.0,129775456.55,100.0,0,33.33
3056,3056,7588,2026-08-27,58273010.97,20,8233297.66,0.0,0.0,100.0,1,0.0
3057,3057,7592,2026-08-27,66756090.22,32,11076653.42,9050049.66,49035960.81,94.0,0,50.0
3058,3058,7593,2026-08-27,21557048.81,11,5271006.41,0.0,0.0,33.0,0,0.0
3059,3059,7594,2026-08-27,63618604.39,20,4812051.41,0.0,0.0,55.0,0,0.0
3060,3060,7595,2026-08-27,24827248.2,12,12351568.45,0.0,0.0,0.0,2,0.0
3061,3061,7597,2026-08-27,40150034.3,28,12328711.62,0.0,313625255.3,100.0,3,0.0
3062,3062,7601,2026-08-27,176340349.1,10,52946996.36,0.0,0.0,0.0,2,100.0
3063,3063,7602,2026-08-27,36216061.84,19,8386527.1,0.0,0.0,34.0,0,0.0
3064,3064,7603,2026-08-27,338305022.48,9,10538589.16,262368602.48,154755441.54,52.0,1,0.0
3065,3065,7606,2026-08-27,240108733.19,14,2599650.35,47597506.76,0.0,30.0,1,50.0
3066,3066,7610,2026-08-27,390586917.06,9,10490830.38,303208295.04,0.0,41.0,0,100.0
3067,3067,7611,2026-08-27,388088641.48,21,29972581.72,258948203.56,0.0,0.0,1,66.67
3068,3068,7615,2026-08-27,6693292.38,17,4567868.73,0.0,28618755.51,0.0,1,50.0
3069,3069,7619,2026-08-27,7798548.31,4,806819.89,0.0,68143177.34,0.0,1,50.0
3070,3070,7620,2026-08-27,113493480.75,5,898266.78,31747333.67,150720651.66,0.0,0,0.0
3071,3071,7622,2026-08-27,184906058.66,15,25111133.05,0.0,0.0,53.0,1,25.0
3072,3072,7628,2026-08-27,33260908.69,11,2789653.92,0.0,0.0,0.0,0,25.0
3073,3073,7629,2026-08-27,38794596.98,10,8369795.38,21944273.51,239934.15,0.0,0,0.0
3074,3074,7631,2026-08-27,3169514.31,3,0.0,0.0,53725740.73,29.0,2,0.0
3075,3075,7633,2026-08-27,169896085.79,10,5621184.63,64679479.56,65103958.66,26.0,0,0.0
3076,3076,7636,2026-08-27,64538375.98,9,2604668.62,0.0,119071257.62,17.0,2,0.0
3077,3077,7638,2026-08-27,476479879.9,8,8009325.46,230217594.37,0.0,37.0,0,100.0
3078,3078,7639,2026-08-27,13139215.81,20,4134771.82,0.0,29904301.85,100.0,1,0.0
3079,3079,7640,2026-08-27,54274574.77,28,25483533.22,0.0,0.0,97.0,0,0.0
3080,3080,7641,2026-08-27,48781950.62,12,8724449.45,0.0,0.0,50.0,4,100.0
3081,3081,7645,2026-08-27,12063795.37,20,2129424.63,0.0,47676840.64,28.0,1,0.0
3082,3082,7646,2026-08-27,3544615439.19,28,197821158.86,2363429193.91,762594987.5,19.0,1,100.0
3083,3083,7649,2026-08-27,7369473.61,4,854225.51,0.0,0.0,24.0,2,33.33
3084,3084,7651,2026-08-27,117852508.18,8,5878357.31,18239543.07,0.0,10.0,1,50.0
3085,3085,7652,2026-08-27,11914477.3,11,2182260.89,0.0,0.0,40.0,0,0.0
3086,3086,7654,2026-08-27,112081822.62,17,4746867.53,42732954.85,0.0,0.0,2,25.0
3087,3087,7658,2026-08-27,51780644.64,18,14442192.17,0.0,0.0,41.0,1,0.0
3088,3088,7659,2026-08-27,666984949.78,19,4860309.34,484353219.40999997,0.0,25.0,0,0.0
3089,3089,7661,2026-08-27,51365746.62,28,9656211.28,0.0,0.0,83.0,0,50.0
3090,3090,7663,2026-08-27,24978395.54,13,3744619.31,0.0,0.0,28.0,0,33.33
3091,3091,7667,2026-08-27,12834739.89,10,1770988.29,0.0,11362697.08,0.0,1,66.67
3092,3092,7668,2026-08-27,25601178.37,13,2002456.91,0.0,0.0,34.0,1,0.0
3093,3093,7669,2026-08-27,25671962.13,14,1982960.08,0.0,13012652.9,39.0,0,0.0
3094,3094,7672,2026-08-27,151331617.31,12,16356673.03,0.0,0.0,58.0,2,0.0
3095,3095,7673,2026-08-27,16523023.15,24,3368987.38,0.0,0.0,100.0,1,0.0
3096,3096,7677,2026-08-27,721864106.33,15,13276140.04,662376267.25,428933319.05,84.0,2,0.0
3097,3097,7682,2026-08-27,204309180.99,7,2605519.41,0.0,0.0,33.0,1,33.33
3098,3098,7684,2026-08-27,556402602.32,7,10916277.46,0.0,68346893.93,30.0,1,66.67
3099,3099,7687,2026-08-27,5340987.66,16,1672056.88,0.0,0.0,43.0,3,0.0
3100,3100,7689,2026-08-27,35367855.19,18,1548698.76,0.0,0.0,0.0,1,50.0
3101,3101,7690,2026-08-27,15432715.91,9,1965979.77,0.0,0.0,12.0,2,0.0
3102,3102,7691,2026-08-27,0.0,10,1547210.56,0.0,5596275.08,0.0,1,50.0
3103,3103,7693,2026-08-27,198897134.74,12,8851913.26,0.0,0.0,40.0,0,0.0
3104,3104,7697,2026-08-27,136658663.18,11,19117742.76,0.0,0.0,48.0,1,25.0
3105,3105,7698,2026-08-27,17151084.82,7,1203229.72,0.0,81934615.17,28.0,1,0.0
3106,3106,7701,2026-08-27,42276457.9,1,0.0,17631296.6,0.0,0.0,0,0.0
3107,3107,7704,2026-08-27,58108872.7,13,7019868.73,0.0,0.0,29.0,3,66.67
3108,3108,7705,2026-08-27,0.0,3,465845.35,0.0,57187659.97,22.0,3,0.0
3109,3109,7707,2026-08-27,70798623.74,16,5147966.88,0.0,0.0,50.0,0,33.33
3110,3110,7709,2026-08-27,179874113.16,12,6861876.43,163484658.14,0.0,54.0,0,0.0
3111,3111,7713,2026-08-27,57314752.69,17,4886317.93,37371863.84,8746175.82,14.0,0,33.33
3112,3112,7716,2026-08-27,27649142.54,11,522633.33,0.0,0.0,25.0,0,33.33
3113,3113,7717,2026-08-27,20984378.35,4,11932991.36,0.0,2826398.52,25.0,4,0.0
3114,3114,7719,2026-08-27,22193249.54,0,0.0,0.0,0.0,0.0,4,0.0
3115,3115,7721,2026-08-27,359683851.73,7,21787280.9,210484498.62,0.0,24.0,0,100.0
3116,3116,7722,2026-08-27,60710683.26,21,13324104.29,0.0,0.0,100.0,2,0.0
3117,3117,7725,2026-08-27,44060712.8,16,8915312.8,0.0,0.0,45.0,1,50.0
3118,3118,7728,2026-08-27,13427322.22,9,1255773.88,0.0,0.0,23.0,2,100.0
3119,3119,7730,2026-08-27,15144059.17,16,591853.49,0.0,0.0,39.0,2,50.0
3120,3120,7732,2026-08-27,33406211.66,21,9032895.47,0.0,0.0,49.0,2,0.0
3121,3121,7734,2026-08-27,21927045.72,10,688899.54,0.0,0.0,50.0,0,100.0
3122,3122,7736,2026-08-27,1298436496.55,22,48429197.69,882121270.1099999,24962426.6,0.0,1,0.0
3123,3123,7738,2026-08-27,690152879.98,12,14281878.99,503602419.05,0.0,48.0,0,0.0
3124,3124,7739,2026-08-27,218776681.6,11,9025906.81,135499050.11,0.0,0.0,1,0.0
3125,3125,7740,2026-08-27,18824204.53,11,5681966.24,0.0,0.0,29.0,1,100.0
3126,3126,7741,2026-08-27,40400212.93,19,8568955.53,27284796.93,71956847.16,14.0,1,50.0
3127,3127,7744,2026-08-27,29282485.31,26,5231513.77,0.0,0.0,100.0,1,33.33
3128,3128,7746,2026-08-27,1324825070.68,23,258733319.31,0.0,0.0,26.0,0,0.0
3129,3129,7747,2026-08-27,40561225.77,9,1804623.25,0.0,0.0,34.0,0,0.0
3130,3130,7751,2026-08-27,35551550.04,11,708704.63,19304921.23,44839771.97,0.0,0,50.0
3131,3131,7753,2026-08-27,1575852583.02,16,34311149.86,791493836.2,0.0,41.0,2,100.0
3132,3132,7756,2026-08-27,48087338.84,22,7950377.21,0.0,196905161.1,24.0,0,0.0
3133,3133,7759,2026-08-27,726409165.72,12,29551805.71,544479716.97,0.0,43.0,1,33.33
3134,3134,7760,2026-08-27,277748030.27,18,7337711.98,216023310.72,0.0,49.0,2,100.0
3135,3135,7762,2026-08-27,4585266.99,2,780646.16,0.0,0.0,11.0,3,0.0
3136,3136,7763,2026-08-27,20059530.43,13,3384912.08,0.0,8671941.0,23.0,1,0.0
3137,3137,7766,2026-08-27,0.0,10,1553980.92,0.0,0.0,32.0,1,33.33
3138,3138,7767,2026-08-27,273332072.71,20,85972917.14,0.0,0.0,50.0,0,0.0
3139,3139,7769,2026-08-27,138109752.46,10,8937093.46,0.0,78017455.13,31.0,0,50.0
3140,3140,7770,2026-08-27,134728632.21,12,5572618.91,0.0,0.0,42.0,0,50.0
3141,3141,7773,2026-08-27,5898839.56,19,6000836.84,0.0,16319118.54,56.0,0,66.67
3142,3142,7776,2026-08-27,59014231.51,14,2502809.85,0.0,0.0,49.0,0,100.0
3143,3143,7780,2026-08-27,54467265.13,11,973695.66,45385394.04,0.0,65.0,0,0.0
3144,3144,7782,2026-08-27,158643811.62,17,54048176.12,0.0,114617531.87,26.0,3,33.33
3145,3145,7785,2026-08-27,64620245.91,19,10422267.7,0.0,0.0,0.0,0,50.0
3146,3146,7787,2026-08-27,45561533.33,22,13070556.29,0.0,0.0,96.0,0,0.0
3147,3147,7792,2026-08-27,6671370.51,3,1102160.7,0.0,0.0,5.0,2,0.0
3148,3148,7793,2026-08-27,71219438.94,3,0.0,60692045.87,1370398.69,0.0,1,0.0
3149,3149,7794,2026-08-27,54922044.08,14,27633133.01,0.0,119081305.52,24.0,1,0.0
3150,3150,7796,2026-08-27,8828993.98,18,6623288.25,0.0,0.0,0.0,1,50.0
3151,3151,7798,2026-08-27,1368999571.7,15,20238292.75,0.0,1710431873.32,47.0,0,0.0
3152,3152,7804,2026-08-27,45124700.59,20,25199627.62,0.0,175930018.69,100.0,1,0.0
3153,3153,7805,2026-08-27,563516906.05,15,10910424.98,368002237.0,650314130.53,0.0,1,66.67
3154,3154,7808,2026-08-27,422530439.79,23,44034174.58,340478380.63,515215713.36,0.0,2,0.0
3155,3155,7809,2026-08-27,0.0,12,5470046.96,0.0,11355932.69,50.0,0,100.0
3156,3156,7810,2026-08-27,89740519.78,6,820954.07,31372698.88,0.0,0.0,2,50.0
3157,3157,7814,2026-08-27,195889149.06,18,33735737.21,106458270.14,25952296.58,0.0,2,100.0
3158,3158,7817,2026-08-27,278558366.15,14,30648473.17,0.0,0.0,42.0,1,66.67
3159,3159,7818,2026-08-27,12726308.02,17,3724171.96,0.0,33240410.91,24.0,2,33.33
3160,3160,7821,2026-08-27,138468961.04,13,40378416.87,72919856.08,0.0,36.0,1,66.67
3161,3161,7827,2026-08-27,13738023.41,8,1160043.89,0.0,0.0,2.0,0,0.0
3162,3162,7828,2026-08-27,73093986.78,15,9043087.31,0.0,0.0,0.0,0,0.0
3163,3163,7830,2026-08-27,33981610.55,13,5324928.96,0.0,39732541.07,41.0,1,33.33
3164,3164,7834,2026-08-27,28818815.55,6,1868107.02,15916960.82,0.0,0.0,5,0.0
3165,3165,7837,2026-08-27,18632196.49,22,7974899.21,0.0,949557.0,100.0,1,0.0
3166,3166,7838,2026-08-27,35021540.37,4,2049597.84,15117200.66,135876095.37,2.0,1,0.0
3167,3167,7841,2026-08-27,4176012168.99,21,186238712.6,3161007690.08,0.0,33.0,0,0.0
3168,3168,7842,2026-08-27,69779478.35,16,3581766.49,0.0,0.0,52.0,0,100.0
3169,3169,7844,2026-08-27,120222226.19,26,59278816.89,0.0,0.0,43.0,1,33.33
3170,3170,7846,2026-08-27,69844723.42,23,5692837.96,39865236.22,0.0,100.0,1,100.0
3171,3171,7849,2026-08-27,53937978.47,13,8705487.68,0.0,0.0,29.0,0,0.0
3172,3172,7851,2026-08-27,15275156.07,3,1800906.29,0.0,0.0,0.0,2,100.0
3173,3173,7852,2026-08-27,14072281.92,2,75658.83,0.0,1949000.2,0.0,0,33.33
3174,3174,7856,2026-08-27,241668060.69,12,12001214.83,163097530.13,0.0,0.0,0,50.0
3175,3175,7858,2026-08-27,7962246.78,1,0.0,0.0,0.0,28.0,3,0.0
3176,3176,7861,2026-08-27,130700362.38,16,5467399.72,0.0,620226510.79,44.0,1,0.0
3177,3177,7863,2026-08-27,45287874.06,10,1644994.72,0.0,0.0,0.0,2,0.0
3178,3178,7865,2026-08-27,269429379.51,18,111281601.47,0.0,0.0,33.0,1,0.0
3179,3179,7866,2026-08-27,583275514.88,16,247113350.82,0.0,0.0,0.0,0,33.33
3180,3180,7872,2026-08-27,15661611.62,24,12542840.23,0.0,33222505.21,92.0,1,25.0
3181,3181,7874,2026-08-27,22067780.56,15,2536519.72,0.0,0.0,38.0,1,50.0
3182,3182,7875,2026-08-27,9461670.92,14,4642154.59,0.0,0.0,41.0,1,0.0
3183,3183,7879,2026-08-27,61523643.32,18,5304828.04,0.0,0.0,100.0,0,0.0
3184,3184,7881,2026-08-27,5601560.27,17,1896723.81,0.0,0.0,48.0,3,50.0
3185,3185,7885,2026-08-27,292403037.22,19,90224544.25,0.0,0.0,38.0,0,50.0
3186,3186,7886,2026-08-27,205204427.29,14,86271156.46,0.0,410817729.81,35.0,0,0.0
3187,3187,7887,2026-08-27,9982219.92,3,483595.17,0.0,26731494.11,7.0,1,0.0
3188,3188,7888,2026-08-27,0.0,10,2679508.34,0.0,0.0,0.0,2,0.0
3189,3189,7890,2026-08-27,43058902.05,8,16454925.77,0.0,0.0,0.0,1,100.0
3190,3190,7894,2026-08-27,110276867.92,10,3244775.82,0.0,0.0,68.0,0,50.0
3191,3191,7896,2026-08-27,20303316.0,10,19038891.02,0.0,0.0,34.0,1,75.0
3192,3192,7901,2026-08-27,32941045.83,19,9117278.11,0.0,0.0,32.0,0,25.0
3193,3193,7904,2026-08-27,28333492.3,27,4097411.18,0.0,0.0,93.0,0,0.0
3194,3194,7906,2026-08-27,85272636.2,2,3013619.97,0.0,0.0,13.0,0,0.0
3195,3195,7907,2026-08-27,64617629.89,4,8029744.17,0.0,0.0,5.0,1,0.0
3196,3196,7908,2026-08-27,406316158.42,12,29760209.23,234272662.22,0.0,27.0,2,100.0
3197,3197,7909,2026-08-27,59383234.55,20,5534644.49,0.0,0.0,100.0,1,0.0
3198,3198,7910,2026-08-27,489375858.94,18,67550988.17,0.0,0.0,39.0,0,33.33
3199,3199,7916,2026-08-27,39689512.87,12,1714623.22,0.0,0.0,0.0,1,75.0
3200,3200,7919,2026-08-27,13111186.06,10,3804553.25,0.0,21517714.68,41.0,2,0.0
3201,3201,7922,2026-08-27,15534192.47,13,1577590.85,0.0,0.0,0.0,0,0.0
3202,3202,7926,2026-08-27,19394736.09,8,11246192.46,0.0,101071902.48,0.0,1,0.0
3203,3203,7929,2026-08-27,69355372.01,9,657349.21,40689434.91,0.0,0.0,1,0.0
3204,3204,7932,2026-08-27,17727294.95,5,481034.26,0.0,0.0,12.0,0,25.0
3205,3205,7936,2026-08-27,113882731.81,12,1004256.58,93823759.25999999,68836490.5,52.0,0,33.33
3206,3206,7938,2026-08-27,481372826.01,17,10091029.12,194297867.37,0.0,39.0,2,100.0
3207,3207,7941,2026-08-27,159417449.56,17,48159570.35,0.0,563153392.94,56.0,3,33.33
3208,3208,7944,2026-08-27,393116811.72,16,96980736.37,178077615.02,130758542.76,0.0,2,0.0
3209,3209,7947,2026-08-27,2242249403.32,23,271519875.05,1401045541.5,0.0,0.0,1,33.33
3210,3210,7949,2026-08-27,565073378.28,14,8481620.94,310849501.4,0.0,59.0,1,0.0
3211,3211,7951,2026-08-27,235436032.54,19,14232243.72,0.0,0.0,37.0,0,50.0
3212,3212,7954,2026-08-27,420723734.61,3,5018370.65,339103052.59000003,8989648.59,15.0,1,0.0
3213,3213,7957,2026-08-27,45456996.71,8,3959772.25,0.0,0.0,44.0,0,0.0
3214,3214,7959,2026-08-27,50760577.48,18,5608157.16,0.0,0.0,100.0,1,0.0
3215,3215,7962,2026-08-27,14592780.06,16,6596160.0,0.0,0.0,36.0,1,50.0
3216,3216,7963,2026-08-27,19719829.82,4,0.0,0.0,0.0,26.0,1,50.0
3217,3217,7967,2026-08-27,183271278.69,17,13418416.88,142806761.0,0.0,49.0,0,25.0
3218,3218,7970,2026-08-27,2626603488.18,16,122060550.15,1465319032.41,0.0,35.0,1,50.0
3219,3219,7972,2026-08-27,10258952.42,20,3134480.4,0.0,0.0,36.0,1,100.0
3220,3220,7973,2026-08-27,186691879.71,13,2980245.76,93864623.2,0.0,35.0,2,100.0
3221,3221,7975,2026-08-27,11246633.78,14,2167691.33,0.0,0.0,40.0,1,0.0
3222,3222,7976,2026-08-27,266476259.88,11,2973189.49,0.0,61628160.5,0.0,2,50.0
3223,3223,7978,2026-08-27,32263957.74,9,1542317.77,24586751.06,8372079.61,0.0,1,0.0
3224,3224,7981,2026-08-27,70952202.4,5,3856428.19,0.0,0.0,21.0,6,33.33
3225,3225,7984,2026-08-27,1312617137.68,16,31065172.24,1132284979.9099998,0.0,52.0,1,50.0
3226,3226,7988,2026-08-27,56136391.84,15,6660940.89,42355021.37,0.0,0.0,1,0.0
3227,3227,7989,2026-08-27,25913014.3,2,541373.27,0.0,134483133.69,7.0,0,100.0
3228,3228,7991,2026-08-27,19028021.91,19,2872617.95,0.0,37121312.67,45.0,1,33.33
3229,3229,7993,2026-08-27,43068665.05,3,1320397.93,0.0,0.0,18.0,0,0.0
3230,3230,7994,2026-08-27,107394074.92,18,4156132.16,64224290.26,40567187.04,100.0,0,0.0
3231,3231,7995,2026-08-27,681684397.75,10,25572100.03,548519624.92,293336188.75,0.0,3,0.0
3232,3232,7996,2026-08-27,2053248835.2,15,33867946.19,1666061356.27,1084064954.22,48.0,3,0.0
3233,3233,7997,2026-08-27,63701781.61,32,19791853.04,0.0,0.0,100.0,1,0.0
3234,3234,7998,2026-08-27,4954945966.18,19,261240093.93,4954945966.18,0.0,60.0,2,66.67
3235,3235,8002,2026-08-27,22607976.72,20,4745004.37,0.0,0.0,0.0,2,66.67
3236,3236,8004,2026-08-27,1369795468.08,26,161835066.62,938895707.21,0.0,45.0,1,100.0
3237,3237,8006,2026-08-27,96141345.77,14,5816232.69,0.0,0.0,30.0,0,0.0
3238,3238,8008,2026-08-27,70684719.44,12,7112164.75,0.0,168869562.49,46.0,4,0.0
3239,3239,8011,2026-08-27,636036343.81,9,60558730.49,249083999.17,0.0,24.0,1,25.0
3240,3240,8014,2026-08-27,207740630.54,15,5101133.18,124289500.71,0.0,43.0,0,50.0
3241,3241,8017,2026-08-27,18077726.64,8,528043.18,0.0,0.0,11.0,1,33.33
3242,3242,8018,2026-08-27,79863890.72,28,21560621.86,0.0,0.0,100.0,1,0.0
3243,3243,8021,2026-08-27,64501853.02,10,15735265.27,0.0,0.0,18.0,0,33.33
3244,3244,8025,2026-08-27,7697936.76,16,5178327.97,0.0,0.0,49.0,1,50.0
3245,3245,8026,2026-08-27,121833212.71,17,34032254.43,72055116.86,0.0,63.0,1,0.0
3246,3246,8028,2026-08-27,11798856.33,30,4538909.14,0.0,0.0,97.0,2,0.0
3247,3247,8030,2026-08-27,787796163.76,7,10263865.47,643856094.09,0.0,46.0,1,100.0
3248,3248,8031,2026-08-27,17656712.85,12,448100.63,0.0,0.0,31.0,0,0.0
3249,3249,8032,2026-08-27,12541040.85,13,1921742.43,0.0,0.0,29.0,0,0.0
3250,3250,8033,2026-08-27,14273116.71,18,2836889.03,0.0,0.0,100.0,1,0.0
3251,3251,8037,2026-08-27,32103931.93,14,2869243.36,17337660.15,66673059.28,0.0,0,33.33
3252,3252,8039,2026-08-27,32345672.82,32,4011936.32,0.0,50463677.26,100.0,3,0.0
3253,3253,8045,2026-08-27,29299457.24,9,2274494.67,0.0,0.0,38.0,2,50.0
3254,3254,8047,2026-08-27,65862208.01,31,60520518.99,0.0,187862140.09,92.0,1,33.33
3255,3255,8050,2026-08-27,1716934846.58,13,133896639.56,953536848.22,790570368.95,34.0,2,33.33
3256,3256,8053,2026-08-27,82224477.39,7,358107.62,39966881.46,0.0,25.0,1,33.33
3257,3257,8055,2026-08-27,1823440453.59,12,168657814.78,0.0,0.0,0.0,0,50.0
3258,3258,8058,2026-08-27,23923590.47,16,3059298.65,0.0,15867765.99,34.0,3,33.33
3259,3259,8060,2026-08-27,173654557.58,28,27435337.09,0.0,0.0,100.0,0,0.0
3260,3260,8064,2026-08-27,1402747147.62,11,9879654.93,0.0,0.0,42.0,0,33.33
3261,3261,8067,2026-08-27,552959449.41,18,77787363.37,373075500.75,0.0,58.0,0,0.0
3262,3262,8068,2026-08-27,103100364.16,0,0.0,82426160.11,34149610.01,13.0,2,0.0
3263,3263,8069,2026-08-27,163756292.46,14,13713867.12,0.0,699067851.5,42.0,4,100.0
3264,3264,8070,2026-08-27,447475687.31,30,16679101.55,306337423.42,0.0,100.0,3,100.0
3265,3265,8074,2026-08-27,1894284045.29,9,33262515.39,1747314837.44,0.0,30.0,0,75.0
3266,3266,8075,2026-08-27,42740644.47,10,2468774.57,0.0,0.0,0.0,0,50.0
3267,3267,8077,2026-08-27,42576281.48,11,7463981.51,0.0,0.0,41.0,1,0.0
3268,3268,8082,2026-08-27,24016826.25,19,7784766.36,0.0,0.0,52.0,0,0.0
3269,3269,8083,2026-08-27,340488073.46,10,7337242.89,215419833.75,0.0,0.0,0,50.0
3270,3270,8087,2026-08-27,19102864.25,21,2173288.28,0.0,15219857.41,34.0,1,25.0
3271,3271,8091,2026-08-27,216352549.57,7,2605734.49,159715840.65,0.0,36.0,1,33.33
3272,3272,8093,2026-08-27,7215493.74,20,4672261.01,0.0,0.0,100.0,1,0.0
3273,3273,8094,2026-08-27,106165266.35,3,9468540.78,0.0,0.0,0.0,1,33.33
3274,3274,8098,2026-08-27,19223443.52,5,2294181.92,0.0,0.0,0.0,1,0.0
3275,3275,8101,2026-08-27,11255844.87,2,1121978.16,0.0,0.0,18.0,1,50.0
3276,3276,8103,2026-08-27,0.0,12,2936220.01,0.0,0.0,36.0,0,0.0
3277,3277,8104,2026-08-27,16329303.37,28,3830998.98,0.0,0.0,82.0,1,100.0
3278,3278,8107,2026-08-27,99907044.83,23,11242435.04,0.0,209800813.22,86.0,3,0.0
3279,3279,8108,2026-08-27,107283366.67,23,5073534.66,72367541.98,0.0,45.0,2,50.0
3280,3280,8110,2026-08-27,82653060.95,15,123913978.72,0.0,29066472.49,33.0,0,0.0
3281,3281,8112,2026-08-27,12242259.55,4,383087.26,0.0,0.0,0.0,2,50.0
3282,3282,8114,2026-08-27,2188580419.61,16,106171359.34,809240881.85,291384170.26,28.0,1,50.0
3283,3283,8115,2026-08-27,21292720.77,15,5381821.11,0.0,0.0,56.0,0,50.0
3284,3284,8117,2026-08-27,3847062933.79,19,303495830.47,2145994439.92,0.0,30.0,1,0.0
3285,3285,8119,2026-08-27,11190852.29,12,2181160.51,0.0,25337138.32,0.0,1,50.0
3286,3286,8120,2026-08-27,224531229.47,20,3055129.06,212375671.58999997,0.0,100.0,1,0.0
3287,3287,8123,2026-08-27,17531182.4,22,10821449.2,0.0,0.0,100.0,2,33.33
3288,3288,8126,2026-08-27,46630333.8,16,14176892.62,0.0,0.0,30.0,0,75.0
3289,3289,8129,2026-08-27,0.0,26,67370644.58,0.0,0.0,39.0,2,0.0
3290,3290,8131,2026-08-27,991762507.43,11,26361890.02,842031493.2,0.0,0.0,1,50.0
3291,3291,8134,2026-08-27,1128719029.75,17,77433377.63,762694274.47,0.0,43.0,0,75.0
3292,3292,8136,2026-08-27,433485492.19,8,4009330.82,371471729.03,0.0,9.0,4,0.0
3293,3293,8140,2026-08-27,118013973.5,21,5723011.43,71532080.38,0.0,100.0,2,0.0
3294,3294,8141,2026-08-27,18254215.36,28,10846994.54,9332903.91,0.0,98.0,0,0.0
3295,3295,8142,2026-08-27,0.0,27,18652510.5,0.0,114547967.98,100.0,1,0.0
3296,3296,8143,2026-08-27,10169776.73,5,1709332.82,0.0,0.0,0.0,2,33.33
3297,3297,8146,2026-08-27,34421691.25,3,0.0,0.0,28109757.65,12.0,3,0.0
3298,3298,8150,2026-08-27,30823573.38,33,4607959.29,0.0,0.0,97.0,1,25.0
3299,3299,8152,2026-08-27,14636557.27,20,4514971.9,0.0,0.0,100.0,1,0.0
3300,3300,8154,2026-08-27,1006441688.19,23,66852830.79,346330530.16,0.0,31.0,1,100.0
3301,3301,8155,2026-08-27,185562111.19,12,16065344.19,73024343.3,0.0,32.0,0,0.0
3302,3302,8156,2026-08-27,93232697.77,14,3904949.49,0.0,0.0,0.0,0,0.0
3303,3303,8159,2026-08-27,17373379.54,9,1501831.85,0.0,0.0,59.0,0,50.0
3304,3304,8161,2026-08-27,23009830.45,11,4192252.08,0.0,0.0,16.0,0,25.0
3305,3305,8165,2026-08-27,36235586.18,6,315643.13,0.0,70375099.69,48.0,2,0.0
3306,3306,8166,2026-08-27,0.0,12,38022098.01,0.0,0.0,65.0,0,33.33
3307,3307,8169,2026-08-27,1509474569.43,15,177244483.23,839734694.18,0.0,0.0,0,100.0
3308,3308,8171,2026-08-27,3579681291.0,23,200894994.91,2941738142.31,4416824548.24,44.0,1,0.0
3309,3309,8172,2026-08-27,47763348.8,25,5906667.75,35616848.48,0.0,100.0,4,0.0
3310,3310,8175,2026-08-27,228043748.36,25,21293147.72,0.0,448949103.04,47.0,1,33.33
3311,3311,8179,2026-08-27,333473959.22,8,29991509.93,0.0,0.0,25.0,0,0.0
3312,3312,8183,2026-08-27,14807524.5,10,1277924.07,0.0,0.0,29.0,0,0.0
3313,3313,8187,2026-08-27,13265662.02,20,8508254.25,0.0,0.0,100.0,0,0.0
3314,3314,8188,2026-08-27,68985109.05,24,1625716.93,51348800.47,38696335.79,95.0,2,0.0
3315,3315,8189,2026-08-27,16406437.44,11,2407184.13,0.0,0.0,0.0,0,50.0
3316,3316,8191,2026-08-27,1785151955.8,23,242221105.06,511803908.76,448943336.39,40.0,1,0.0
3317,3317,8194,2026-08-27,48226165.88,4,4693655.96,0.0,0.0,26.0,2,0.0
3318,3318,8195,2026-08-27,94910527.39,15,28609317.69,0.0,0.0,0.0,3,0.0
3319,3319,8198,2026-08-27,987106590.31,17,33721447.41,815417857.72,0.0,51.0,3,66.67
3320,3320,8200,2026-08-27,95516138.28,9,13612037.46,0.0,0.0,0.0,2,33.33
3321,3321,8205,2026-08-27,0.0,15,20593306.02,0.0,0.0,44.0,1,50.0
3322,3322,8206,2026-08-27,1311847756.87,14,30786214.1,1079188697.63,0.0,41.0,2,50.0
3323,3323,8210,2026-08-27,19813078.67,7,347445.94,16625464.15,0.0,21.0,1,0.0
3324,3324,8215,2026-08-27,76471479.99,11,12230642.35,0.0,0.0,39.0,1,25.0
3325,3325,8217,2026-08-27,415882131.5,28,137320962.61,0.0,237173050.03,100.0,0,0.0
3326,3326,8219,2026-08-27,10645220.48,10,236541.98,0.0,0.0,19.0,1,0.0
3327,3327,8223,2026-08-27,1027683152.98,11,5763431.53,1027683152.98,0.0,42.0,0,100.0
3328,3328,8226,2026-08-27,24325677.23,12,14174807.21,0.0,0.0,39.0,2,0.0
3329,3329,8228,2026-08-27,276175518.09,23,17220272.1,217323368.9,445879543.64,100.0,0,0.0
3330,3330,8231,2026-08-27,8110278.21,16,5211424.73,0.0,0.0,0.0,1,50.0
3331,3331,8233,2026-08-27,75648254.54,6,1050307.03,60835425.43,65104593.61,30.0,1,50.0
3332,3332,8234,2026-08-27,182481062.26,13,17832783.03,96560126.55,0.0,0.0,2,33.33
3333,3333,8237,2026-08-27,548827055.69,20,77408135.42,0.0,0.0,60.0,1,0.0
3334,3334,8240,2026-08-27,299211571.38,13,11788757.44,247729084.71,0.0,45.0,0,0.0
3335,3335,8244,2026-08-27,918261165.75,20,23958348.44,835607790.6400001,0.0,39.0,0,75.0
3336,3336,8245,2026-08-27,713430814.05,14,23644593.01,630525084.01,91757192.48,0.0,1,0.0
3337,3337,8247,2026-08-27,546959518.4,22,46305677.66,283521700.52,883584135.93,100.0,0,0.0
3338,3338,8250,2026-08-27,11244743.02,19,1844139.57,0.0,0.0,30.0,1,0.0
3339,3339,8252,2026-08-27,5884167.13,16,874365.52,0.0,5309501.03,26.0,3,50.0
3340,3340,8256,2026-08-27,80062174.77,20,4504914.97,0.0,0.0,73.0,1,33.33
3341,3341,8258,2026-08-27,54608561.69,15,11214135.33,0.0,0.0,0.0,1,0.0
3342,3342,8261,2026-08-27,66873107.06,3,3330009.18,31635505.03,0.0,50.0,0,100.0
3343,3343,8263,2026-08-27,26731534.86,13,6945402.61,0.0,0.0,51.0,1,25.0
3344,3344,8267,2026-08-27,318248597.98,19,13940716.9,0.0,238944429.96,47.0,2,33.33
3345,3345,8269,2026-08-27,154033781.46,25,17101368.37,0.0,0.0,100.0,2,100.0
3346,3346,8270,2026-08-27,9391646.31,0,0.0,0.0,0.0,0.0,1,0.0
3347,3347,8272,2026-08-27,37291315.78,6,3806203.15,0.0,0.0,0.0,1,25.0
3348,3348,8277,2026-08-27,18095045.74,25,4592026.43,0.0,0.0,100.0,2,25.0
3349,3349,8280,2026-08-27,9066373.74,12,106311.64,0.0,0.0,18.0,0,0.0
3350,3350,8282,2026-08-27,621849191.19,14,10165464.05,515722569.86,0.0,42.0,1,100.0
3351,3351,8284,2026-08-27,468396414.24,14,47139372.81,294409966.86,30212683.65,57.0,1,50.0
3352,3352,8289,2026-08-27,241191106.2,16,35957116.16,145771146.5,0.0,57.0,5,0.0
3353,3353,8292,2026-08-27,347933703.48,34,80643748.28,257899807.43,48281964.67,53.0,0,0.0
3354,3354,8293,2026-08-27,513754890.39,13,26996524.32,345510345.15,163173222.66,31.0,2,50.0
3355,3355,8295,2026-08-27,93606540.05,25,22947198.62,0.0,0.0,80.0,0,0.0
3356,3356,8296,2026-08-27,1330547093.74,8,5260209.89,1134795978.47,0.0,50.0,1,0.0
3357,3357,8299,2026-08-27,36892131.71,21,9973784.11,0.0,0.0,100.0,2,0.0
3358,3358,8302,2026-08-27,35671436.46,13,8141799.53,0.0,0.0,96.0,1,0.0
3359,3359,8303,2026-08-27,103631414.2,4,891690.46,0.0,0.0,0.0,0,0.0
3360,3360,8304,2026-08-27,41704691.9,3,658636.94,33651626.2,0.0,0.0,1,25.0
3361,3361,8309,2026-08-27,0.0,6,6856115.86,0.0,0.0,39.0,1,50.0
3362,3362,8312,2026-08-27,85674990.91,13,6497347.61,0.0,0.0,18.0,1,25.0
3363,3363,8316,2026-08-27,108712443.46,24,8324381.32,63261749.13,109926271.98,100.0,1,0.0
3364,3364,8317,2026-08-27,100863036.63,19,2682435.91,59457412.01,0.0,100.0,0,100.0
3365,3365,8318,2026-08-27,1038378301.08,13,19547168.85,346583047.02,0.0,20.0,3,100.0
3366,3366,8319,2026-08-27,98910469.13,15,22887991.18,82241024.64,0.0,30.0,1,50.0
3367,3367,8321,2026-08-27,55972261.72,3,244595.28,49575646.01,0.0,0.0,3,0.0
3368,3368,8327,2026-08-27,25054836.03,8,6668825.58,0.0,0.0,14.0,1,0.0
3369,3369,8328,2026-08-27,623859522.27,19,85909853.18,507265183.93,345571072.99,54.0,3,0.0
3370,3370,8329,2026-08-27,501801198.9,9,9303450.78,164894612.25,0.0,48.0,0,100.0
3371,3371,8330,2026-08-27,7059671.91,11,2769084.89,0.0,26824793.66,36.0,1,0.0
3372,3372,8333,2026-08-27,4449211142.3,19,569209582.82,3649751466.37,0.0,43.0,0,25.0
3373,3373,8335,2026-08-27,42214928.86,15,2113502.93,29090313.130000003,0.0,18.0,0,0.0
3374,3374,8342,2026-08-27,7353832.34,19,6681967.24,0.0,0.0,0.0,2,25.0
3375,3375,8344,2026-08-27,88932492.58,14,8142183.96,0.0,0.0,99.0,0,0.0
3376,3376,8346,2026-08-27,268517835.85,15,47589301.74,0.0,0.0,0.0,1,0.0
3377,3377,8350,2026-08-27,5976077580.02,17,129587663.4,3063267208.86,0.0,50.0,3,25.0
3378,3378,8351,2026-08-27,162152523.36,14,12002800.93,0.0,0.0,0.0,0,0.0
3379,3379,8352,2026-08-27,755701593.21,5,11720511.93,561813673.94,103798841.28,45.0,1,0.0
3380,3380,8354,2026-08-27,33746730.78,20,3685810.27,28561321.71,69581339.5,47.0,0,50.0
3381,3381,8357,2026-08-27,140792259.01,14,2974775.35,128956651.49,0.0,38.0,1,0.0
3382,3382,8359,2026-08-27,123160529.61,9,2225398.07,0.0,0.0,42.0,2,0.0
3383,3383,8363,2026-08-27,30340371.68,9,2528152.02,7408572.43,24939082.88,28.0,3,0.0
3384,3384,8365,2026-08-27,12171747.41,27,4566412.12,0.0,75297888.26,100.0,4,0.0
3385,3385,8366,2026-08-27,10636189.57,16,2777375.0,0.0,0.0,54.0,2,25.0
3386,3386,8371,2026-08-27,14377460.87,3,0.0,0.0,0.0,5.0,1,0.0
3387,3387,8372,2026-08-27,147949391.98,22,12571146.67,90177533.15,0.0,100.0,0,100.0
3388,3388,8374,2026-08-27,208423359.57,8,7457090.23,154282940.45,0.0,16.0,0,0.0
3389,3389,8377,2026-08-27,515352740.0,14,15656263.1,361496745.24,788258317.77,0.0,0,33.33
3390,3390,8380,2026-08-27,182985498.51,17,9913806.73,113971405.58,130192889.55,0.0,5,33.33
3391,3391,8382,2026-08-27,1446149484.01,15,161365469.43,0.0,0.0,62.0,2,0.0
3392,3392,8384,2026-08-27,5277966.04,6,4762908.76,0.0,3167711.45,2.0,2,0.0
3393,3393,8387,2026-08-27,110646749.29,10,1626443.39,102855162.98,0.0,41.0,0,25.0
3394,3394,8389,2026-08-27,2972147083.69,25,189643574.9,2252886699.26,0.0,46.0,1,0.0
3395,3395,8391,2026-08-27,55920648.69,5,199358.34,42978491.6,0.0,0.0,2,50.0
3396,3396,8392,2026-08-27,74030860.84,10,5726793.8,0.0,0.0,24.0,0,25.0
3397,3397,8398,2026-08-27,1979118073.43,23,340420810.87,0.0,0.0,0.0,2,33.33
3398,3398,8400,2026-08-27,950486169.82,17,139047312.03,0.0,0.0,39.0,1,100.0
3399,3399,8401,2026-08-27,58978582.46,2,1303382.16,0.0,0.0,0.0,1,0.0
3400,3400,8402,2026-08-27,11954100.64,3,3577086.03,0.0,31322524.87,6.0,3,0.0
3401,3401,8405,2026-08-27,5332798202.47,11,60613988.13,4719677186.74,544687918.82,34.0,0,0.0
3402,3402,8408,2026-08-27,0.0,20,2293330.24,0.0,0.0,34.0,0,33.33
3403,3403,8410,2026-08-27,39467638.31,16,4428893.29,0.0,0.0,98.0,1,0.0
3404,3404,8411,2026-08-27,157199869.25,7,13678533.23,0.0,0.0,0.0,2,0.0
3405,3405,8415,2026-08-27,44967612.21,11,4170964.24,0.0,313732209.93,0.0,1,25.0
3406,3406,8416,2026-08-27,35522487.32,5,7353850.49,0.0,76624920.06,0.0,2,0.0
3407,3407,8418,2026-08-27,0.0,29,16033744.13,0.0,51264235.83,83.0,1,100.0
3408,3408,8420,2026-08-27,52371500.56,24,10633853.69,0.0,0.0,54.0,0,75.0
3409,3409,8423,2026-08-27,1528888364.67,18,78749781.28,1104316950.43,0.0,100.0,1,0.0
3410,3410,8425,2026-08-27,800611057.46,22,283060121.25,0.0,1833624159.61,65.0,0,100.0
3411,3411,8429,2026-08-27,18476131.71,2,0.0,0.0,32907302.33,24.0,1,0.0
3412,3412,8430,2026-08-27,4835370039.96,17,120233116.43,4287077695.48,0.0,44.0,0,0.0
3413,3413,8434,2026-08-27,65665279.19,24,16070047.24,0.0,91273723.11,100.0,0,0.0
3414,3414,8435,2026-08-27,662933844.94,23,179926863.75,474578710.58,372617416.62,42.0,1,0.0
3415,3415,8439,2026-08-27,39331549.42,20,4892994.53,0.0,0.0,0.0,0,100.0
3416,3416,8441,2026-08-27,86041288.78,11,7975049.33,0.0,0.0,0.0,0,50.0
3417,3417,8445,2026-08-27,81235098.23,18,32640570.06,0.0,290113973.74,100.0,2,33.33
3418,3418,8450,2026-08-27,0.0,15,19144767.25,0.0,0.0,0.0,0,0.0
3419,3419,8452,2026-08-27,1165814761.12,20,120472722.54,704722174.24,913358257.74,25.0,2,0.0
3420,3420,8454,2026-08-27,13742675.58,11,1170062.2,0.0,0.0,39.0,1,33.33
3421,3421,8459,2026-08-27,62254370.85,10,3904770.53,51983119.92,0.0,24.0,2,0.0
3422,3422,8461,2026-08-27,109097651.32,15,7809460.22,54131598.93,130435795.77,37.0,2,0.0
3423,3423,8464,2026-08-27,21863718.54,5,8915827.33,21863718.54,310649471.5,2.0,1,25.0
3424,3424,8466,2026-08-27,86193080.37,14,2973222.33,57465854.34,0.0,0.0,2,100.0
3425,3425,8468,2026-08-27,8340521.53,15,3571104.58,0.0,12613213.48,39.0,0,25.0
3426,3426,8471,2026-08-27,57626814.98,26,5812374.62,0.0,0.0,100.0,0,25.0
3427,3427,8475,2026-08-27,3906679714.12,16,221582452.18,2811003179.95,0.0,49.0,0,100.0
3428,3428,8479,2026-08-27,26054061.41,13,8101998.34,0.0,0.0,0.0,1,25.0
3429,3429,8480,2026-08-27,82177158.48,14,7029322.7,0.0,0.0,49.0,1,0.0
3430,3430,8484,2026-08-27,126720036.84,13,4537847.04,75209719.72,241424793.99,53.0,0,50.0
3431,3431,8485,2026-08-27,8455279.09,20,1618534.58,0.0,50934142.24,84.0,0,0.0
3432,3432,8489,2026-08-27,124882957.48,17,9514295.73,93090756.91,0.0,100.0,3,0.0
3433,3433,8491,2026-08-27,173472395.13,12,7317185.72,0.0,0.0,10.0,1,0.0
3434,3434,8494,2026-08-27,123034308.94,14,4887756.59,80044736.16,13358935.5,33.0,0,66.67
3435,3435,8496,2026-08-27,8610528632.7,14,55469373.87,7543238271.35,27602383.41,0.0,1,0.0
3436,3436,8499,2026-08-27,97640620.58,26,20537441.85,0.0,0.0,100.0,1,25.0
3437,3437,8502,2026-08-27,404106048.4,18,9084000.04,367896025.69,0.0,0.0,1,25.0
3438,3438,8506,2026-08-27,309524673.09,10,34962061.85,196543386.69,0.0,5.0,1,0.0
3439,3439,8510,2026-08-27,299091136.64,22,18229792.84,205032071.55,0.0,0.0,3,25.0
3440,3440,8514,2026-08-27,11633702.04,17,1584700.37,0.0,0.0,100.0,0,66.67
3441,3441,8517,2026-08-27,59587626.81,16,7675035.24,0.0,0.0,0.0,1,50.0
3442,3442,8519,2026-08-27,128336999.63,9,1506179.81,115659376.84,0.0,36.0,1,100.0
3443,3443,8520,2026-08-27,1329874605.8,18,82795515.4,1121818246.9,0.0,0.0,1,0.0
3444,3444,8521,2026-08-27,652214393.09,8,8039803.64,436680601.23,0.0,36.0,0,0.0
3445,3445,8522,2026-08-27,1584324171.44,18,141753963.34,1158127994.84,0.0,33.0,1,0.0
3446,3446,8524,2026-08-27,730733429.23,10,663860.45,449821544.28999996,0.0,0.0,1,100.0
3447,3447,8526,2026-08-27,49382901.89,1,0.0,29456579.96,0.0,0.0,1,0.0
3448,3448,8530,2026-08-27,10318668.22,4,2806104.15,0.0,0.0,18.0,1,0.0
3449,3449,8531,2026-08-27,135642321.62,10,15971854.97,0.0,0.0,44.0,1,50.0
3450,3450,8535,2026-08-27,111943283.19,13,19140758.62,0.0,0.0,0.0,1,33.33
3451,3451,8537,2026-08-27,116556210.88,5,1646688.12,0.0,0.0,0.0,2,0.0
3452,3452,8538,2026-08-27,70014930.89,17,3781867.36,56454859.02,0.0,98.0,2,0.0
3453,3453,8539,2026-08-27,333983104.93,22,69585447.1,0.0,0.0,38.0,3,0.0
3454,3454,8543,2026-08-27,346411666.17,19,39136243.53,223913330.58,0.0,0.0,0,50.0
3455,3455,8545,2026-08-27,35748884.81,10,12432073.25,35748884.81,18643372.24,0.0,0,0.0
3456,3456,8547,2026-08-27,8937673.34,11,862923.24,0.0,0.0,17.0,0,0.0
3457,3457,8550,2026-08-27,0.0,15,8734412.29,0.0,0.0,44.0,1,0.0
3458,3458,8551,2026-08-27,496405400.4,17,20869535.44,0.0,0.0,41.0,0,0.0
3459,3459,8554,2026-08-27,985175009.03,19,142673235.78,0.0,0.0,46.0,0,33.33
3460,3460,8559,2026-08-27,125352604.29,6,0.0,103650999.17,22943983.62,33.0,0,25.0
3461,3461,8560,2026-08-27,184390618.42,15,5438191.72,88426771.24,0.0,44.0,0,33.33
3462,3462,8564,2026-08-27,65125777.51,12,1061261.33,55629388.81,0.0,25.0,3,0.0
3463,3463,8565,2026-08-27,1988099429.74,21,265829184.88,1261073747.2,0.0,77.0,2,50.0
3464,3464,8571,2026-08-27,20191299.43,16,5467926.82,0.0,0.0,60.0,2,25.0
3465,3465,8573,2026-08-27,49669404.46,9,3038182.68,0.0,0.0,12.0,2,0.0
3466,3466,8576,2026-08-27,25479955.53,9,3902424.76,0.0,0.0,0.0,0,25.0
3467,3467,8580,2026-08-27,15159542.28,15,6371198.83,0.0,0.0,90.0,1,33.33
3468,3468,8582,2026-08-27,35932783.41,26,9316455.94,0.0,3606309.05,29.0,2,0.0
3469,3469,8586,2026-08-27,1091037797.62,9,11872007.52,502658855.74,0.0,24.0,0,50.0
3470,3470,8590,2026-08-27,16877346.97,10,590768.21,0.0,0.0,0.0,1,33.33
3471,3471,8592,2026-08-27,666801244.59,20,14805408.58,508094901.21000004,0.0,0.0,2,50.0
3472,3472,8593,2026-08-27,117941981.83,16,4960482.63,64619646.58,0.0,39.0,2,66.67
3473,3473,8598,2026-08-27,22503009.21,19,2542681.83,0.0,0.0,90.0,1,0.0
3474,3474,8600,2026-08-27,488235604.33,14,34233084.7,407230952.19,0.0,0.0,0,66.67
3475,3475,8603,2026-08-27,10690814.76,23,2699677.27,0.0,1522348.67,100.0,0,0.0
3476,3476,8605,2026-08-27,138575351.89,10,30036495.59,97376797.98,0.0,48.0,0,75.0
3477,3477,8610,2026-08-27,243135648.37,16,12775527.01,0.0,0.0,31.0,1,0.0
3478,3478,8611,2026-08-27,9230321.35,18,851225.53,0.0,18868760.85,37.0,1,0.0
3479,3479,8614,2026-08-27,30506286.21,15,3712805.18,0.0,0.0,47.0,1,0.0
3480,3480,8615,2026-08-27,124590040.81,23,47154471.42,0.0,0.0,100.0,0,0.0
3481,3481,8617,2026-08-27,299898553.26,9,5378654.17,193080634.58,0.0,36.0,0,0.0
3482,3482,8619,2026-08-27,9900002.02,1,0.0,0.0,117293693.89,0.0,1,0.0
3483,3483,8621,2026-08-27,47973986.38,11,15812061.24,0.0,58948305.02,48.0,0,0.0
3484,3484,8622,2026-08-27,88114660.91,13,9348590.46,0.0,0.0,100.0,0,0.0
3485,3485,8623,2026-08-27,0.0,1,0.0,0.0,0.0,0.0,0,0.0
3486,3486,8625,2026-08-27,46289085.44,5,3382110.57,0.0,0.0,22.0,3,0.0
3487,3487,8626,2026-08-27,47300040.73,7,4476093.22,0.0,28881294.93,18.0,1,0.0
3488,3488,8629,2026-08-27,6284099.22,3,577093.24,0.0,0.0,23.0,6,0.0
3489,3489,8633,2026-08-27,0.0,10,2421766.25,0.0,0.0,56.0,0,75.0
3490,3490,8636,2026-08-27,66386158.81,22,31730617.7,0.0,0.0,100.0,1,0.0
3491,3491,8638,2026-08-27,19371606.71,17,2750854.2,0.0,30781441.63,87.0,1,50.0
3492,3492,8639,2026-08-27,26007983.88,20,27315017.67,0.0,0.0,35.0,1,0.0
3493,3493,8643,2026-08-27,15091214.09,8,1639426.06,0.0,0.0,38.0,0,0.0
3494,3494,8644,2026-08-27,460625933.73,19,164837044.09,0.0,0.0,0.0,0,0.0
3495,3495,8646,2026-08-27,3418636856.44,16,194592015.46,2063732857.0,0.0,41.0,0,25.0
3496,3496,8652,2026-08-27,31023560.15,10,5042788.36,0.0,1901582.79,0.0,3,0.0
3497,3497,8653,2026-08-27,11200811.54,7,2218978.49,0.0,0.0,5.0,1,0.0
3498,3498,8658,2026-08-27,272381272.39,2,1396308.29,161417694.5,522349971.95,9.0,3,0.0
3499,3499,8660,2026-08-27,931760503.68,17,51072039.46,811595615.5999999,0.0,22.0,0,50.0
3500,3500,8663,2026-08-27,16863777.25,17,1620385.98,0.0,7528785.6,38.0,0,25.0
3501,3501,8666,2026-08-27,462205920.56,12,3670920.54,86129403.17,0.0,0.0,1,100.0
3502,3502,8667,2026-08-27,140652643.87,32,13148299.52,83479160.51,0.0,100.0,2,100.0
3503,3503,8668,2026-08-27,957213946.78,15,48122110.32,758793339.01,0.0,53.0,0,0.0
3504,3504,8669,2026-08-27,5125048.41,4,4115453.81,0.0,7749246.56,25.0,3,0.0
3505,3505,8670,2026-08-27,35903660.68,5,7313755.68,0.0,0.0,19.0,1,0.0
3506,3506,8672,2026-08-27,15061598.58,25,6084888.09,0.0,0.0,100.0,1,0.0
3507,3507,8674,2026-08-27,70645173.15,24,5886041.48,38699602.06,0.0,98.0,3,25.0
3508,3508,8677,2026-08-27,52502878.11,14,1717000.01,35883687.56,0.0,30.0,1,50.0
3509,3509,8681,2026-08-27,49556579.17,4,2873494.77,0.0,0.0,0.0,4,25.0
3510,3510,8683,2026-08-27,39606861.79,18,15058658.79,0.0,0.0,45.0,1,100.0
3511,3511,8684,2026-08-27,9549293.65,10,1319078.05,0.0,10040165.79,33.0,1,0.0
3512,3512,8686,2026-08-27,5446590.52,6,1782323.23,0.0,52421309.18,0.0,1,0.0
3513,3513,8689,2026-08-27,13563647.68,10,1659051.54,0.0,0.0,36.0,1,0.0
3514,3514,8691,2026-08-27,188487855.99,12,0.0,81314188.75,7389474.18,61.0,1,100.0
3515,3515,8692,2026-08-27,32308654.33,13,0.0,0.0,0.0,26.0,4,0.0
3516,3516,8695,2026-08-27,41807800.77,3,0.0,37647550.95,0.0,9.0,3,0.0
3517,3517,8696,2026-08-27,211055129.63,21,40556796.73,93830030.44,0.0,100.0,1,50.0
3518,3518,8699,2026-08-27,19825287.95,18,1634200.82,0.0,30143427.68,44.0,0,33.33
3519,3519,8701,2026-08-27,28060111.39,32,59091285.09,0.0,0.0,99.0,1,0.0
3520,3520,8702,2026-08-27,14772408.68,15,1470334.25,0.0,77269468.24,0.0,0,0.0
3521,3521,8706,2026-08-27,136297189.73,35,19568359.16,100723253.93,0.0,100.0,1,33.33
3522,3522,8711,2026-08-27,23967479.94,7,1593230.11,0.0,0.0,30.0,1,25.0
3523,3523,8713,2026-08-27,642766549.22,20,67030553.16,589229512.64,0.0,45.0,0,0.0
3524,3524,8715,2026-08-27,693044939.14,14,30638295.62,124549940.38,19946576.25,32.0,2,0.0
3525,3525,8717,2026-08-27,40705866.16,18,838626.95,7806441.88,0.0,100.0,1,0.0
3526,3526,8720,2026-08-27,59566943.86,17,8256628.07,15955857.77,0.0,28.0,1,33.33
3527,3527,8722,2026-08-27,1139861641.54,31,28507914.21,824099971.3199999,0.0,58.0,3,50.0
3528,3528,8725,2026-08-27,49245055.43,15,15628930.21,0.0,0.0,37.0,0,50.0
3529,3529,8726,2026-08-27,93690565.82,9,11035211.81,0.0,0.0,32.0,1,0.0
3530,3530,8729,2026-08-27,27957214.12,22,2713548.36,0.0,0.0,77.0,0,0.0
3531,3531,8732,2026-08-27,3329345608.7,17,446075480.97,1234154861.66,930822225.57,43.0,1,25.0
3532,3532,8734,2026-08-27,179099927.85,13,59247280.49,0.0,0.0,0.0,0,0.0
3533,3533,8736,2026-08-27,53733173.76,35,5777514.21,31848613.35,89042819.76,99.0,2,0.0
3534,3534,8740,2026-08-27,48725037.42,21,22447555.83,0.0,78787687.67,0.0,1,75.0
3535,3535,8741,2026-08-27,43327295.88,6,1493027.03,0.0,0.0,33.0,0,0.0
3536,3536,8744,2026-08-27,20525550.82,14,1985513.31,0.0,0.0,40.0,1,0.0
3537,3537,8745,2026-08-27,6831049.39,13,1677998.85,0.0,0.0,74.0,2,0.0
3538,3538,8750,2026-08-27,105725302.61,22,22814800.7,0.0,0.0,100.0,0,0.0
3539,3539,8752,2026-08-27,7979898.25,22,3009985.23,0.0,0.0,46.0,2,50.0
3540,3540,8754,2026-08-27,11933251.51,17,6160806.35,0.0,0.0,34.0,0,75.0
3541,3541,8758,2026-08-27,17975288.12,14,4746476.75,0.0,0.0,68.0,0,0.0
3542,3542,8760,2026-08-27,31679286.85,23,3470484.64,0.0,0.0,100.0,2,0.0
3543,3543,8763,2026-08-27,9831232.52,6,636908.03,0.0,46328383.28,36.0,0,0.0
3544,3544,8765,2026-08-27,37649219.25,19,19183814.89,0.0,0.0,52.0,2,50.0
3545,3545,8768,2026-08-27,542966397.62,8,7302276.13,125042533.86,0.0,37.0,1,50.0
3546,3546,8772,2026-08-27,53195875.07,20,5649232.43,0.0,0.0,100.0,0,0.0
3547,3547,8774,2026-08-27,62352031.03,29,48531152.83,0.0,0.0,93.0,2,100.0
3548,3548,8777,2026-08-27,47027348.03,11,4738757.98,0.0,0.0,33.0,0,0.0
3549,3549,8778,2026-08-27,739517467.31,20,249051199.51,0.0,0.0,48.0,0,100.0
3550,3550,8780,2026-08-27,31707510.73,12,3283682.64,0.0,0.0,17.0,0,25.0
3551,3551,8783,2026-08-27,245851622.83,10,2643597.05,107956093.02,0.0,34.0,1,33.33
3552,3552,8786,2026-08-27,24047406.4,21,13897725.77,0.0,0.0,100.0,0,0.0
3553,3553,8789,2026-08-27,663752966.31,16,23061805.36,515743344.47,0.0,54.0,0,66.67
3554,3554,8793,2026-08-27,456949340.8,23,18474911.45,249661881.24,131593916.23,100.0,0,25.0
3555,3555,8795,2026-08-27,79567881.84,19,5812619.12,51016148.61,0.0,39.0,2,66.67
3556,3556,8798,2026-08-27,18200578.06,11,1114854.01,0.0,0.0,46.0,1,0.0
3557,3557,8801,2026-08-27,69522527.37,10,4767011.31,0.0,0.0,86.0,0,50.0
3558,3558,8803,2026-08-27,50079141.06,13,55866783.23,0.0,247260378.29,37.0,0,0.0
3559,3559,8807,2026-08-27,25426339.5,29,7682214.01,0.0,22025028.59,76.0,0,0.0
3560,3560,8808,2026-08-27,692437300.09,24,283170303.76,413788462.08,465622619.29,74.0,0,0.0
3561,3561,8812,2026-08-27,29769821.17,4,4754090.76,0.0,0.0,0.0,1,25.0
3562,3562,8814,2026-08-27,10415338.07,17,2491166.02,0.0,0.0,100.0,0,33.33
3563,3563,8816,2026-08-27,833956302.57,9,120052222.84,111942366.98,0.0,0.0,0,50.0
3564,3564,8820,2026-08-27,22910009.82,22,5740678.35,0.0,3915362.65,61.0,1,0.0
3565,3565,8822,2026-08-27,65745578.23,16,2283710.89,54356484.99,0.0,0.0,0,0.0
3566,3566,8824,2026-08-27,82665230.77,12,4957313.71,70992669.93,53452358.63,0.0,1,0.0
3567,3567,8826,2026-08-27,781223519.91,10,57515144.28,533753202.94,0.0,34.0,0,0.0
3568,3568,8832,2026-08-27,101433361.58,24,12092752.35,0.0,0.0,100.0,3,0.0
3569,3569,8834,2026-08-27,40569178.11,8,9071645.92,0.0,0.0,0.0,2,0.0
3570,3570,8836,2026-08-27,42033746.46,8,12054959.91,0.0,0.0,52.0,0,0.0
3571,3571,8838,2026-08-27,36728190.42,7,3910497.03,0.0,0.0,23.0,1,0.0
3572,3572,8841,2026-08-27,74408753.32,20,8221931.7,0.0,0.0,46.0,0,66.67
3573,3573,8844,2026-08-27,77821238.78,11,2173268.39,0.0,122778322.66,33.0,1,25.0
3574,3574,8846,2026-08-27,263928416.6,12,6301316.69,197054819.99,133246747.52,0.0,0,0.0
3575,3575,8848,2026-08-27,75588054.26,12,2564611.76,0.0,27254538.26,0.0,0,75.0
3576,3576,8852,2026-08-27,1436796550.5,13,10105554.09,1043403092.11,0.0,46.0,1,100.0
3577,3577,8853,2026-08-27,35781074.07,8,2202658.29,35781074.06999999,0.0,35.0,0,0.0
3578,3578,8858,2026-08-27,6779445.31,19,1229051.36,0.0,0.0,40.0,1,25.0
3579,3579,8862,2026-08-27,42538336.53,1,1275084.29,0.0,24185657.38,21.0,2,33.33
3580,3580,8866,2026-08-27,487649758.38,15,29047410.57,0.0,0.0,41.0,1,25.0
3581,3581,8867,2026-08-27,30704182.22,6,0.0,0.0,0.0,16.0,1,0.0
3582,3582,8870,2026-08-27,95092299.04,10,1615428.62,63604290.339999996,19953020.08,20.0,0,25.0
3583,3583,8872,2026-08-27,585374685.83,11,15973321.91,429322686.18,0.0,42.0,2,0.0
3584,3584,8874,2026-08-27,12151797.2,5,1766308.03,0.0,0.0,8.0,2,0.0
3585,3585,8876,2026-08-27,43704744.02,10,6185387.49,0.0,216104651.69,18.0,0,0.0
3586,3586,8877,2026-08-27,84996988.17,13,9769460.18,69573523.2,0.0,0.0,1,100.0
3587,3587,8879,2026-08-27,412919755.0,13,19224260.81,303652659.15,0.0,0.0,1,50.0
3588,3588,8883,2026-08-27,16199674.6,19,2652036.33,0.0,0.0,100.0,1,25.0
3589,3589,8888,2026-08-27,86265329.05,9,4433663.99,0.0,0.0,44.0,0,33.33
3590,3590,8891,2026-08-27,113448055.01,24,17316464.81,0.0,0.0,64.0,0,50.0
3591,3591,8893,2026-08-27,136078677.14,12,10382869.86,114055847.53,0.0,48.0,0,50.0
3592,3592,8897,2026-08-27,1319113586.11,17,15229703.93,951206506.71,0.0,0.0,0,100.0
3593,3593,8900,2026-08-27,2033124589.43,9,54861172.61,1418305401.64,0.0,32.0,0,0.0
3594,3594,8904,2026-08-27,317743482.8,15,55280425.59,0.0,181980695.57,46.0,1,33.33
3595,3595,8905,2026-08-27,1303245127.23,11,28084066.77,698153105.76,0.0,47.0,1,0.0
3596,3596,8906,2026-08-27,397968586.35,13,37734540.47,312567258.85,0.0,0.0,0,0.0
3597,3597,8907,2026-08-27,27937920.57,17,10919075.6,0.0,0.0,0.0,0,0.0
3598,3598,8910,2026-08-27,32242364.7,15,14368013.38,0.0,0.0,35.0,0,33.33
3599,3599,8913,2026-08-27,19099586.66,18,1605543.19,0.0,0.0,36.0,0,0.0
3600,3600,8916,2026-08-27,316280344.61,11,14619825.75,150383446.44,0.0,37.0,0,25.0
3601,3601,8918,2026-08-27,27904157.13,16,7282751.36,0.0,42348243.08,0.0,0,50.0
3602,3602,8922,2026-08-27,216029077.52,22,55313443.75,0.0,265137295.35,48.0,2,100.0
3603,3603,8923,2026-08-27,20260484.58,22,3812819.75,0.0,53528484.59,100.0,0,0.0
3604,3604,8926,2026-08-27,189014635.67,12,2089635.54,159183635.38,0.0,0.0,2,50.0
3605,3605,8927,2026-08-27,51529360.87,11,6317436.15,0.0,0.0,0.0,0,100.0
3606,3606,8930,2026-08-27,489862099.32,19,58744869.74,0.0,2836896908.51,46.0,1,75.0
3607,3607,8933,2026-08-27,18780338.45,14,1173946.23,0.0,0.0,53.0,1,50.0
3608,3608,8934,2026-08-27,179669808.15,14,1251569.0,0.0,0.0,0.0,1,0.0
3609,3609,8937,2026-08-27,18493305.59,18,6280083.01,0.0,31416158.82,0.0,1,75.0
3610,3610,8941,2026-08-27,26508149.22,16,2101063.97,0.0,0.0,0.0,3,33.33
3611,3611,8943,2026-08-27,10876996.9,0,0.0,0.0,0.0,23.0,2,0.0
3612,3612,8945,2026-08-27,658077209.95,13,25793423.96,443837203.26,0.0,0.0,2,33.33
3613,3613,8949,2026-08-27,194742103.7,27,16272469.74,142472025.92,0.0,100.0,2,0.0
3614,3614,8951,2026-08-27,13282048.9,11,1426346.07,0.0,0.0,50.0,1,0.0
3615,3615,8954,2026-08-27,13943259.33,21,7763379.77,0.0,0.0,100.0,2,0.0
3616,3616,8958,2026-08-27,16596875.58,5,0.0,0.0,0.0,18.0,2,0.0
3617,3617,8960,2026-08-27,210444538.69,14,41950251.2,0.0,0.0,0.0,0,33.33
3618,3618,8962,2026-08-27,51974690.68,15,3239234.75,0.0,0.0,44.0,0,0.0
3619,3619,8964,2026-08-27,262489401.43,9,19122039.88,102579114.08000001,0.0,49.0,0,0.0
3620,3620,8968,2026-08-27,429911857.36,15,65929201.71,263528120.55,0.0,45.0,0,0.0
3621,3621,8971,2026-08-27,511251694.58,17,10930239.6,511251694.58,50427265.18,100.0,3,33.33
3622,3622,8974,2026-08-27,23634839.82,9,6596070.32,0.0,0.0,45.0,0,0.0
3623,3623,8975,2026-08-27,76997686.81,11,9384863.38,0.0,52226416.36,36.0,1,50.0
3624,3624,8979,2026-08-27,56868436.74,14,6321133.64,0.0,0.0,43.0,1,33.33
3625,3625,8984,2026-08-27,5514632.86,5,669047.12,0.0,0.0,0.0,1,33.33
3626,3626,8985,2026-08-27,30963878.87,27,5854141.17,13927324.93,0.0,83.0,1,0.0
3627,3627,8987,2026-08-27,14356136.19,6,1995285.5,0.0,0.0,41.0,0,0.0
3628,3628,8990,2026-08-27,364626363.97,2,2490735.98,339951462.7,0.0,20.0,0,0.0
3629,3629,8994,2026-08-27,78478808.19,5,0.0,63588876.77,0.0,34.0,0,0.0
3630,3630,8997,2026-08-27,90753176.03,12,3959876.4,0.0,0.0,28.0,2,25.0
3631,3631,8999,2026-08-27,2364995863.42,21,118331378.26,1370628378.46,1161718766.06,0.0,1,0.0
3632,3632,9002,2026-08-27,44691943.96,14,5007327.88,0.0,0.0,57.0,0,0.0
3633,3633,9006,2026-08-27,53494241.43,32,9549877.21,37313068.65,0.0,100.0,3,0.0
3634,3634,9007,2026-08-27,1749758159.66,10,9420091.63,960496500.79,0.0,27.0,1,0.0
3635,3635,9009,2026-08-27,21125732.34,23,21661487.86,0.0,0.0,100.0,0,0.0
3636,3636,9011,2026-08-27,204836446.91,17,31387458.21,0.0,0.0,39.0,0,50.0
3637,3637,9014,2026-08-27,63767650.0,9,1452795.99,53465718.33,27430200.89,46.0,1,25.0
3638,3638,9016,2026-08-27,4303221.67,12,3420207.53,0.0,0.0,46.0,0,25.0
3639,3639,9021,2026-08-27,291900085.71,9,2087653.04,219666649.25,0.0,12.0,2,0.0
3640,3640,9023,2026-08-27,40812830.26,17,7134758.81,23625632.44,0.0,89.0,2,0.0
3641,3641,9024,2026-08-27,6776217.17,19,2625076.01,0.0,0.0,50.0,0,0.0
3642,3642,9026,2026-08-27,599029376.97,13,8625356.27,146342827.59,258942971.9,32.0,1,0.0
3643,3643,9027,2026-08-27,87687756.15,16,3053197.97,68970618.29,8363656.81,47.0,0,0.0
3644,3644,9029,2026-08-27,57431039.79,21,3136520.82,44779281.29,0.0,31.0,0,100.0
3645,3645,9033,2026-08-27,1131029600.0,17,48629702.65,443747181.95,0.0,63.0,1,25.0
3646,3646,9034,2026-08-27,45256923.53,3,499864.22,34630088.06,0.0,20.0,1,0.0
3647,3647,9037,2026-08-27,776015334.38,12,14732355.37,243665761.65,0.0,32.0,1,100.0
3648,3648,9038,2026-08-27,189762499.47,15,11483661.8,107709421.57,0.0,0.0,2,33.33
3649,3649,9042,2026-08-27,21931179.15,16,2625649.91,0.0,0.0,42.0,2,0.0
3650,3650,9043,2026-08-27,62137532.78,12,3848870.07,0.0,0.0,45.0,2,0.0
3651,3651,9044,2026-08-27,9538768.29,17,1083334.15,0.0,0.0,0.0,2,100.0
3652,3652,9045,2026-08-27,20736625.14,12,12711808.51,0.0,0.0,65.0,0,100.0
3653,3653,9049,2026-08-27,102505785.81,19,20099807.92,0.0,0.0,35.0,0,25.0
3654,3654,9052,2026-08-27,53568508.83,17,1826297.77,37200730.08,0.0,0.0,0,33.33
3655,3655,9056,2026-08-27,870893938.23,12,18450333.53,753762612.9300001,4217175.77,38.0,0,50.0
3656,3656,9059,2026-08-27,941415067.2,25,43868872.78,604877856.31,0.0,44.0,0,0.0
3657,3657,9060,2026-08-27,18296838.48,20,822680.54,0.0,0.0,62.0,2,0.0
3658,3658,9062,2026-08-27,396209200.31,14,39778774.31,97338230.16,479162411.08,43.0,3,0.0
3659,3659,9064,2026-08-27,146152467.13,10,10078585.46,118365038.87,12467485.54,42.0,0,25.0
3660,3660,9067,2026-08-27,216607977.54,21,43800864.2,0.0,0.0,36.0,2,0.0
3661,3661,9068,2026-08-27,28945435.98,13,747124.03,0.0,0.0,56.0,1,100.0
3662,3662,9069,2026-08-27,47689978.77,10,2902571.72,47689978.77,38879160.37,13.0,1,0.0
3663,3663,9071,2026-08-27,68904720.84,12,13768769.83,0.0,0.0,0.0,1,0.0
3664,3664,9073,2026-08-27,263871182.87,8,5477649.85,183297298.86,0.0,12.0,1,100.0
3665,3665,9077,2026-08-27,45781839.89,17,4449739.13,36553742.54,0.0,60.0,1,50.0
3666,3666,9079,2026-08-27,1267165735.69,15,11453427.8,660104398.0899999,0.0,28.0,2,100.0
3667,3667,9081,2026-08-27,36103385.38,13,1313747.02,0.0,0.0,40.0,0,66.67
3668,3668,9084,2026-08-27,1798923716.31,18,72944015.94,0.0,0.0,0.0,5,50.0
3669,3669,9087,2026-08-27,530630351.63,21,121219402.89,417559013.93,42953927.37,35.0,0,100.0
3670,3670,9089,2026-08-27,395754846.22,22,104191568.65,0.0,0.0,100.0,0,0.0
3671,3671,9090,2026-08-27,106312734.65,16,17981385.35,0.0,425281527.09,54.0,0,0.0
3672,3672,9094,2026-08-27,26229602.29,23,9392324.63,0.0,0.0,0.0,2,0.0
3673,3673,9095,2026-08-27,41777116.41,16,33228439.38,0.0,127329939.42,0.0,0,50.0
3674,3674,9100,2026-08-27,43378175.07,15,19594502.51,0.0,0.0,37.0,1,50.0
3675,3675,9101,2026-08-27,41093271.75,12,1475888.8,20854679.86,0.0,38.0,0,0.0
3676,3676,9105,2026-08-27,286621389.92,8,3554015.58,203558864.76,0.0,30.0,1,100.0
3677,3677,9106,2026-08-27,444887437.92,10,103183307.5,444887437.92,0.0,41.0,0,0.0
3678,3678,9108,2026-08-27,37354852.03,25,7671599.28,0.0,0.0,100.0,0,100.0
3679,3679,9112,2026-08-27,19886400.17,22,14158008.18,0.0,0.0,43.0,1,25.0
3680,3680,9115,2026-08-27,2579055401.21,17,237847416.72,1727118878.91,3225296174.53,55.0,4,50.0
3681,3681,9117,2026-08-27,7449569.69,1,0.0,0.0,0.0,0.0,1,0.0
3682,3682,9120,2026-08-27,56795230.07,15,9460729.46,0.0,0.0,47.0,0,33.33
3683,3683,9122,2026-08-27,912208885.94,9,24537399.23,608067625.02,0.0,0.0,0,50.0
3684,3684,9125,2026-08-27,357436482.03,27,88383689.69,0.0,0.0,0.0,0,100.0
3685,3685,9128,2026-08-27,10348946.59,13,3400133.31,0.0,0.0,0.0,1,33.33
3686,3686,9130,2026-08-27,248959064.26,16,48244100.95,0.0,18254730.79,45.0,3,0.0
3687,3687,9132,2026-08-27,1390193023.74,11,18363710.04,1177746758.52,0.0,0.0,1,33.33
3688,3688,9135,2026-08-27,22762967.69,9,5798236.44,0.0,0.0,29.0,2,33.33
3689,3689,9139,2026-08-27,56074712.52,30,7573276.61,43636575.54,0.0,97.0,1,25.0
3690,3690,9142,2026-08-27,99930741.45,15,1999123.48,79387756.48,0.0,41.0,2,66.67
3691,3691,9145,2026-08-27,2258403781.16,18,277375503.97,1804621088.04,0.0,0.0,0,50.0
3692,3692,9147,2026-08-27,29556550.84,25,6932108.67,0.0,0.0,90.0,0,0.0
3693,3693,9148,2026-08-27,306325732.5,21,93227579.53,0.0,407721024.11,30.0,0,0.0
3694,3694,9149,2026-08-27,115218510.52,16,4094061.62,99330130.09,0.0,100.0,0,50.0
3695,3695,9152,2026-08-27,127678744.52,4,2099721.12,91762938.64,155238847.66,38.0,1,0.0
3696,3696,9153,2026-08-27,482381230.27,20,44102101.14,227573032.53,0.0,43.0,2,0.0
3697,3697,9154,2026-08-27,26779392.48,11,1850820.5,0.0,91433709.84,61.0,0,100.0
3698,3698,9157,2026-08-27,315598232.31,17,73926684.0,0.0,0.0,52.0,2,25.0
3699,3699,9162,2026-08-27,813439030.09,13,18858198.59,476010201.83000004,0.0,61.0,0,25.0
3700,3700,9166,2026-08-27,364820606.28,7,13950762.01,303826585.05,371555561.13,51.0,0,75.0
3701,3701,9167,2026-08-27,10210415.0,7,1303010.18,0.0,0.0,38.0,1,0.0
3702,3702,9168,2026-08-27,42472556.01,16,8966639.99,0.0,86113821.25,60.0,1,0.0
3703,3703,9169,2026-08-27,85703627.59,30,8544782.93,67863705.68,0.0,94.0,1,0.0
3704,3704,9172,2026-08-27,25563576.94,2,622687.86,0.0,0.0,0.0,1,0.0
3705,3705,9175,2026-08-27,813963016.73,14,37702784.16,0.0,0.0,81.0,2,33.33
3706,3706,9177,2026-08-27,46535799.48,20,2411697.79,38868246.19,38577376.13,0.0,0,100.0
3707,3707,9179,2026-08-27,411205022.7,15,18503466.81,268280825.05,0.0,46.0,2,50.0
3708,3708,9180,2026-08-27,12555524.04,2,2123268.03,0.0,0.0,0.0,0,0.0
3709,3709,9181,2026-08-27,502449886.51,15,19945350.4,337488768.25,0.0,0.0,2,50.0
3710,3710,9183,2026-08-27,19654531.73,3,372063.53,0.0,0.0,16.0,4,0.0
3711,3711,9185,2026-08-27,85443898.03,12,20761013.72,0.0,0.0,31.0,0,0.0
3712,3712,9186,2026-08-27,35638437.22,4,1423333.64,0.0,0.0,13.0,2,0.0
3713,3713,9190,2026-08-27,97554856.53,10,6407375.68,0.0,0.0,32.0,0,0.0
3714,3714,9191,2026-08-27,74670025.12,4,976777.77,0.0,0.0,2.0,1,0.0
3715,3715,9192,2026-08-27,4358977.8,9,5874574.65,0.0,0.0,0.0,1,0.0
3716,3716,9194,2026-08-27,75441240.98,9,2588026.91,59204560.15,39438688.5,46.0,0,50.0
3717,3717,9195,2026-08-27,8464213.24,4,1704615.7,0.0,0.0,0.0,1,50.0
3718,3718,9197,2026-08-27,4387024.0,11,559222.88,0.0,62820133.68,44.0,0,0.0
3719,3719,9198,2026-08-27,42363966.62,7,2606614.62,0.0,0.0,0.0,1,50.0
3720,3720,9203,2026-08-27,9490202.42,24,6463904.08,0.0,0.0,99.0,1,25.0
3721,3721,9204,2026-08-27,111362254.19,17,6989221.13,0.0,0.0,81.0,0,0.0
3722,3722,9206,2026-08-27,51561477.73,21,8970619.1,0.0,0.0,99.0,2,0.0
3723,3723,9211,2026-08-27,89982138.31,12,10931634.61,0.0,0.0,0.0,2,25.0
3724,3724,9215,2026-08-27,199092760.31,15,9874637.67,0.0,0.0,0.0,1,100.0
3725,3725,9218,2026-08-27,43079845.22,19,18131350.15,0.0,0.0,0.0,2,50.0
3726,3726,9222,2026-08-27,167263744.62,13,8028065.32,0.0,176549764.92,30.0,2,33.33
3727,3727,9223,2026-08-27,69344456.37,13,10711870.69,0.0,0.0,0.0,0,0.0
3728,3728,9225,2026-08-27,14939857.21,15,1658329.02,0.0,44445169.99,37.0,1,0.0
3729,3729,9226,2026-08-27,13876418.21,3,364615.24,0.0,0.0,11.0,2,0.0
3730,3730,9227,2026-08-27,11742467.3,8,1919227.53,0.0,68081412.23,7.0,2,0.0
3731,3731,9231,2026-08-27,8551636.29,8,721812.48,0.0,0.0,0.0,1,50.0
3732,3732,9232,2026-08-27,46985514.53,11,11493177.02,0.0,0.0,0.0,0,0.0
3733,3733,9236,2026-08-27,41818345.03,21,5379562.04,0.0,0.0,86.0,0,25.0
3734,3734,9237,2026-08-27,96084682.91,28,7775944.11,0.0,0.0,0.0,1,100.0
3735,3735,9239,2026-08-27,39714057.96,22,7733497.52,0.0,50028239.48,44.0,1,0.0
3736,3736,9242,2026-08-27,15264131.22,5,439907.96,0.0,0.0,16.0,0,0.0
3737,3737,9243,2026-08-27,37410315.04,24,6314615.73,0.0,73573622.87,53.0,1,0.0
3738,3738,9246,2026-08-27,24444308.38,7,824637.19,0.0,0.0,0.0,3,0.0
3739,3739,9250,2026-08-27,91077311.74,11,10301749.81,0.0,0.0,31.0,0,25.0
3740,3740,9252,2026-08-27,1061593473.1,17,41405129.72,923176416.47,0.0,18.0,0,0.0
3741,3741,9253,2026-08-27,29790094.27,18,4249326.72,0.0,0.0,40.0,1,50.0
3742,3742,9255,2026-08-27,24662349.19,11,6029105.81,0.0,0.0,31.0,2,100.0
3743,3743,9258,2026-08-27,6868571.95,13,5635795.45,0.0,0.0,38.0,0,33.33
3744,3744,9260,2026-08-27,227753141.64,20,37872352.44,118951217.22,1734664212.55,97.0,1,75.0
3745,3745,9264,2026-08-27,1317960292.73,18,272420844.37,0.0,825654573.26,41.0,1,50.0
3746,3746,9265,2026-08-27,12802348.99,3,0.0,0.0,41050862.56,29.0,0,0.0
3747,3747,9266,2026-08-27,56143598.07,24,12028455.02,0.0,0.0,0.0,1,0.0
3748,3748,9268,2026-08-27,296349370.78,15,84182015.91,0.0,0.0,24.0,1,100.0
3749,3749,9269,2026-08-27,86553547.79,20,13908345.98,48660020.82,0.0,0.0,0,50.0
3750,3750,9272,2026-08-27,21671239.23,8,11756012.24,0.0,44007787.22,25.0,0,0.0
3751,3751,9274,2026-08-27,4996634964.95,13,153869660.8,3711942713.81,0.0,43.0,0,0.0
3752,3752,9275,2026-08-27,23449345.57,27,21205954.24,0.0,43563214.93,100.0,1,50.0
3753,3753,9280,2026-08-27,1306158763.25,10,132730372.02,424444624.86,0.0,0.0,2,100.0
3754,3754,9284,2026-08-27,16428957.5,5,0.0,0.0,0.0,21.0,0,0.0
3755,3755,9288,2026-08-27,8568987.9,22,4303010.34,0.0,10047679.01,100.0,3,0.0
3756,3756,9289,2026-08-27,772647125.18,11,13815256.52,555263158.37,0.0,0.0,1,0.0
3757,3757,9290,2026-08-27,8422323.28,22,5198230.21,0.0,0.0,51.0,0,25.0
3758,3758,9295,2026-08-27,36612632.86,15,2805705.58,26301770.98,18506779.65,43.0,0,50.0
3759,3759,9298,2026-08-27,6170811.93,14,358790.84,0.0,0.0,26.0,1,66.67
3760,3760,9299,2026-08-27,34303613.74,16,8664923.05,0.0,0.0,21.0,1,100.0
3761,3761,9301,2026-08-27,34613078.97,13,6888805.17,0.0,112424280.22,66.0,1,66.67
3762,3762,9304,2026-08-27,533216354.51,11,8421391.23,296167062.4,0.0,29.0,0,33.33
3763,3763,9306,2026-08-27,239685711.08,12,31142822.55,0.0,0.0,73.0,1,0.0
3764,3764,9308,2026-08-27,35544725.33,14,844951.75,0.0,15272102.58,60.0,0,0.0
3765,3765,9310,2026-08-27,828738328.17,26,83340342.81,559666011.73,0.0,53.0,1,0.0
3766,3766,9312,2026-08-27,30605698.77,17,6711110.04,10847540.75,0.0,0.0,2,0.0
3767,3767,9314,2026-08-27,80474030.85,20,17074893.88,0.0,0.0,100.0,1,0.0
3768,3768,9317,2026-08-27,80560965.38,11,1196771.78,45099979.39,0.0,20.0,2,0.0
3769,3769,9319,2026-08-27,108557134.09,3,469090.53,79430412.27,38523551.74,7.0,2,0.0
3770,3770,9323,2026-08-27,18063000.8,23,3498005.18,0.0,0.0,98.0,1,0.0
3771,3771,9325,2026-08-27,12511720.37,5,0.0,0.0,0.0,0.0,1,50.0
3772,3772,9327,2026-08-27,36289482.86,8,648035.52,0.0,0.0,14.0,0,0.0
3773,3773,9330,2026-08-27,45079298.25,3,300117.51,0.0,39681773.43,16.0,2,50.0
3774,3774,9331,2026-08-27,804930923.82,16,16449349.67,729544956.15,0.0,31.0,1,100.0
3775,3775,9332,2026-08-27,152446856.12,12,5063591.26,131520801.46,42290893.82,27.0,2,0.0
3776,3776,9336,2026-08-27,15170761.48,17,1953304.34,0.0,83662150.05,86.0,2,33.33
3777,3777,9340,2026-08-27,25947170.42,4,1154162.2,17493551.74,30348212.69,18.0,3,0.0
3778,3778,9344,2026-08-27,1550659397.25,16,269323465.11,658624780.24,0.0,51.0,2,0.0
3779,3779,9348,2026-08-27,64505907.89,2,17396018.1,0.0,81931174.53,36.0,1,0.0
3780,3780,9353,2026-08-27,39962200.28,12,2400517.22,0.0,7021598.13,33.0,0,25.0
3781,3781,9354,2026-08-27,2652173401.31,21,409102206.3,1656433875.15,1958193393.88,69.0,0,25.0
3782,3782,9358,2026-08-27,13318520.03,14,2057353.95,0.0,0.0,42.0,2,0.0
3783,3783,9360,2026-08-27,41228857.5,11,3799253.98,0.0,0.0,0.0,0,0.0
3784,3784,9361,2026-08-27,11820642.1,14,4165534.83,0.0,0.0,35.0,0,0.0
3785,3785,9362,2026-08-27,34859991.28,30,36583892.22,0.0,0.0,96.0,0,0.0
3786,3786,9366,2026-08-27,121308407.44,10,6493975.57,96903568.2,0.0,37.0,3,25.0
3787,3787,9367,2026-08-27,18171256.53,11,2826780.71,0.0,0.0,22.0,1,0.0
3788,3788,9371,2026-08-27,632408794.15,17,147582064.4,0.0,3744780294.96,50.0,2,25.0
3789,3789,9373,2026-08-27,286899987.23,11,49567870.35,162846009.41,0.0,27.0,0,33.33
3790,3790,9375,2026-08-27,59635599.78,6,4206825.1,0.0,0.0,0.0,1,0.0
3791,3791,9377,2026-08-27,25993279.42,18,5101827.29,0.0,0.0,41.0,1,0.0
3792,3792,9379,2026-08-27,88531714.87,16,21904284.31,26436790.39,12394968.56,0.0,2,50.0
3793,3793,9382,2026-08-27,342754231.56,13,80717875.45,0.0,0.0,51.0,1,0.0
3794,3794,9387,2026-08-27,0.0,17,5330086.7,0.0,0.0,58.0,2,33.33
3795,3795,9389,2026-08-27,148421357.51,17,9653202.47,111314352.17,0.0,100.0,1,66.67
3796,3796,9393,2026-08-27,4506130.31,7,1666851.83,0.0,3978369.11,21.0,4,0.0
3797,3797,9394,2026-08-27,6576924.68,6,1527014.05,0.0,18264554.2,30.0,0,0.0
3798,3798,9397,2026-08-27,73067530.63,5,942048.17,0.0,0.0,24.0,0,0.0
3799,3799,9398,2026-08-27,362340682.99,9,7414679.45,87569040.14,0.0,36.0,2,100.0
3800,3800,9400,2026-08-27,70399387.68,19,1080698.78,58353862.0,0.0,0.0,2,0.0
3801,3801,9401,2026-08-27,187343597.91,7,4581469.75,0.0,0.0,0.0,2,0.0
3802,3802,9405,2026-08-27,46205781.87,18,1402580.18,35986167.97,0.0,32.0,0,25.0
3803,3803,9407,2026-08-27,133198017.06,7,24263166.38,32872574.49,0.0,33.0,0,100.0
3804,3804,9408,2026-08-27,12146832.01,17,3652232.53,0.0,0.0,53.0,2,0.0
3805,3805,9409,2026-08-27,1212858763.62,23,355223375.93,536476173.76,0.0,0.0,0,0.0
3806,3806,9410,2026-08-27,28125942.55,22,11828085.93,0.0,31979311.95,0.0,1,0.0
3807,3807,9413,2026-08-27,11584519.55,1,0.0,0.0,0.0,10.0,0,50.0
3808,3808,9415,2026-08-27,110112731.51,18,6533780.4,0.0,0.0,100.0,0,0.0
3809,3809,9420,2026-08-27,137180204.88,9,7136120.46,109072349.82,0.0,45.0,1,0.0
3810,3810,9423,2026-08-27,373884554.78,13,63486684.86,0.0,70876191.1,0.0,0,0.0
3811,3811,9424,2026-08-27,163509383.7,25,20876165.84,0.0,189298980.56,100.0,2,0.0
3812,3812,9425,2026-08-27,828793292.13,26,24142140.28,391361704.57,152311083.65,58.0,0,0.0
3813,3813,9429,2026-08-27,53672716.83,27,6581127.49,0.0,0.0,100.0,2,50.0
3814,3814,9430,2026-08-27,286291445.8,11,23826778.96,46890189.38,0.0,48.0,0,0.0
3815,3815,9434,2026-08-27,259873605.41,16,1514229.0,140257818.56,0.0,34.0,1,75.0
3816,3816,9435,2026-08-27,716830661.94,14,23891172.11,614299783.44,12082735.23,44.0,0,0.0
3817,3817,9436,2026-08-27,218374091.42,12,9909328.01,194216321.02,49674345.64,39.0,2,0.0
3818,3818,9438,2026-08-27,50336566.38,12,3385195.53,0.0,0.0,50.0,0,50.0
3819,3819,9439,2026-08-27,116649209.25,0,0.0,86715850.68,190500695.14,2.0,0,0.0
3820,3820,9440,2026-08-27,2448756184.28,13,42523608.26,1503346393.46,0.0,7.0,0,0.0
3821,3821,9442,2026-08-27,25024926.92,21,2247156.93,0.0,0.0,0.0,2,0.0
3822,3822,9444,2026-08-27,0.0,26,6920190.3,0.0,0.0,89.0,2,0.0
3823,3823,9445,2026-08-27,480120561.79,22,17521650.94,440789301.39,285820678.18,100.0,4,0.0
3824,3824,9447,2026-08-27,1735405947.99,15,97159120.9,804817465.71,644220084.71,0.0,0,0.0
3825,3825,9448,2026-08-27,25622120.05,2,909536.65,0.0,0.0,6.0,1,0.0
3826,3826,9449,2026-08-27,415591764.73,24,141272397.6,0.0,0.0,99.0,2,50.0
3827,3827,9451,2026-08-27,91060343.15,9,1910789.1,26547884.71,0.0,39.0,0,100.0
3828,3828,9453,2026-08-27,89707665.31,10,11859779.6,14277492.8,0.0,39.0,2,100.0
3829,3829,9455,2026-08-27,43213276.75,15,2940922.99,30328561.55,0.0,0.0,0,0.0
3830,3830,9456,2026-08-27,22596185.77,25,19302112.16,0.0,119117473.13,90.0,1,0.0
3831,3831,9458,2026-08-27,10593780.41,13,1110484.12,0.0,30550145.94,87.0,1,0.0
3832,3832,9459,2026-08-27,177834735.85,21,12088405.95,126931442.29,90652511.16,100.0,0,0.0
3833,3833,9460,2026-08-27,817988209.33,17,14087056.8,564716529.36,0.0,24.0,1,0.0
3834,3834,9461,2026-08-27,146156669.51,17,11130593.89,131294687.52,0.0,100.0,1,0.0
3835,3835,9462,2026-08-27,10957959.79,20,3462290.75,0.0,37470431.43,57.0,1,0.0
3836,3836,9463,2026-08-27,86911182.08,7,6738262.91,0.0,22857484.63,32.0,0,0.0
3837,3837,9465,2026-08-27,93996629.41,5,509127.68,0.0,157300008.37,19.0,0,0.0
3838,3838,9467,2026-08-27,356414425.94,14,351339225.55,0.0,0.0,74.0,1,33.33
3839,3839,9470,2026-08-27,18599064.12,21,1493229.51,0.0,0.0,53.0,1,0.0
3840,3840,9471,2026-08-27,27243668.19,8,8472526.78,0.0,0.0,0.0,0,0.0
3841,3841,9474,2026-08-27,4212926.98,3,0.0,0.0,0.0,19.0,2,0.0
3842,3842,9475,2026-08-27,30617842.01,5,0.0,0.0,127895450.36,0.0,1,0.0
3843,3843,9477,2026-08-27,18636642.97,2,1222464.3,0.0,0.0,5.0,4,0.0
3844,3844,9481,2026-08-27,73665161.08,24,15871423.56,0.0,0.0,100.0,0,0.0
3845,3845,9484,2026-08-27,93287551.3,6,0.0,0.0,0.0,36.0,0,0.0
3846,3846,9488,2026-08-27,95724433.4,22,4575158.32,61621169.54,18021453.43,85.0,1,33.33
3847,3847,9491,2026-08-27,21453798.65,4,4095001.67,0.0,0.0,9.0,0,25.0
3848,3848,9494,2026-08-27,12780775.54,3,0.0,0.0,0.0,20.0,2,0.0
3849,3849,9498,2026-08-27,28537591.14,17,4756881.18,0.0,0.0,30.0,0,50.0
3850,3850,9499,2026-08-27,38046496.18,14,4716870.85,0.0,0.0,52.0,0,100.0
3851,3851,9501,2026-08-27,591614212.22,14,20050776.36,404603031.66999996,141918369.38,44.0,0,50.0
3852,3852,9504,2026-08-27,11465720.1,12,490180.29,0.0,125074466.84,47.0,0,33.33
3853,3853,9507,2026-08-27,531602549.71,14,74393461.83,276692993.18,0.0,33.0,0,50.0
3854,3854,9510,2026-08-27,949622683.06,14,50209971.41,949622683.06,0.0,50.0,0,50.0
3855,3855,9512,2026-08-27,70908195.69,23,10210239.58,0.0,0.0,100.0,0,0.0
3856,3856,9514,2026-08-27,9626671.3,13,4122227.69,0.0,14607723.6,0.0,2,0.0
3857,3857,9515,2026-08-27,1534101688.17,10,26441782.11,1212071663.31,575087275.48,26.0,0,0.0
3858,3858,9517,2026-08-27,125115481.22,16,8456482.08,79374552.58,0.0,25.0,1,0.0
3859,3859,9520,2026-08-27,14681099.25,6,912755.28,0.0,31696091.86,9.0,1,66.67
3860,3860,9521,2026-08-27,397536403.32,29,112528649.19,0.0,826964407.36,55.0,2,100.0
3861,3861,9523,2026-08-27,117400842.18,25,9283947.19,103777363.75999999,60561691.0,100.0,1,0.0
3862,3862,9524,2026-08-27,158674326.68,11,8469612.87,0.0,557135123.0,0.0,4,0.0
3863,3863,9525,2026-08-27,112496415.35,4,0.0,0.0,0.0,0.0,2,0.0
3864,3864,9528,2026-08-27,660772384.15,11,77166744.42,380675665.93,2624075429.08,43.0,2,66.67
3865,3865,9532,2026-08-27,15559714.54,13,2590816.56,0.0,0.0,37.0,1,0.0
3866,3866,9533,2026-08-27,827505064.12,15,19516425.36,518880060.9,0.0,44.0,0,0.0
3867,3867,9534,2026-08-27,53278571.93,17,2245362.06,0.0,0.0,100.0,0,66.67
3868,3868,9537,2026-08-27,16015331.21,18,3158019.09,0.0,13315361.08,33.0,3,100.0
3869,3869,9540,2026-08-27,14275561.16,23,5511120.99,0.0,14780264.12,92.0,2,0.0
3870,3870,9541,2026-08-27,55798424.1,21,13538951.2,0.0,0.0,89.0,1,0.0
3871,3871,9543,2026-08-27,1874756875.0,14,52118873.82,1421527269.1799998,182571313.54,37.0,0,50.0
3872,3872,9547,2026-08-27,28335457.9,16,18572170.72,0.0,0.0,57.0,3,75.0
3873,3873,9549,2026-08-27,1904982874.4,21,45459056.98,1678655467.23,0.0,46.0,0,0.0
3874,3874,9554,2026-08-27,4342670124.77,27,688131093.76,3874821370.91,0.0,0.0,1,0.0
3875,3875,9557,2026-08-27,71009901.58,14,851628.17,56628044.15,0.0,23.0,1,25.0
3876,3876,9561,2026-08-27,291146379.36,9,8001324.35,257370807.65,0.0,0.0,0,0.0
3877,3877,9564,2026-08-27,41723681.53,16,51980667.85,0.0,0.0,46.0,2,0.0
3878,3878,9566,2026-08-27,58437161.11,8,2051760.37,0.0,0.0,32.0,1,0.0
3879,3879,9568,2026-08-27,742710386.58,26,177387158.13,597847024.75,113918938.56,44.0,0,0.0
3880,3880,9569,2026-08-27,796559766.72,13,30671999.17,328639403.83,0.0,52.0,0,100.0
3881,3881,9573,2026-08-27,77481419.4,5,1280865.13,48171901.33,0.0,0.0,0,0.0
3882,3882,9574,2026-08-27,158655540.47,17,19613478.0,91868253.68,172992323.53,0.0,0,0.0
3883,3883,9575,2026-08-27,33452901.05,2,884571.41,0.0,321378023.99,0.0,1,0.0
3884,3884,9576,2026-08-27,83701712.26,24,4288390.94,67165446.27,0.0,97.0,1,100.0
3885,3885,9578,2026-08-27,38870159.15,8,1722373.93,16640740.27,101522640.42,0.0,0,50.0
3886,3886,9579,2026-08-27,754832638.44,18,149084108.62,254728778.19,0.0,64.0,1,0.0
3887,3887,9582,2026-08-27,11899306.54,8,3451269.39,0.0,0.0,32.0,1,0.0
3888,3888,9584,2026-08-27,47202720.65,9,2858038.31,0.0,0.0,43.0,0,0.0
3889,3889,9588,2026-08-27,127826338.28,9,9855315.63,0.0,0.0,28.0,0,0.0
3890,3890,9590,2026-08-27,11207855.31,17,1651090.37,0.0,0.0,39.0,0,100.0
3891,3891,9593,2026-08-27,12632203.68,18,11236672.65,0.0,0.0,45.0,1,100.0
3892,3892,9596,2026-08-27,11796698.36,6,1483485.63,0.0,64313868.52,0.0,2,0.0
3893,3893,9602,2026-08-27,617057388.86,17,28159845.73,433647425.65,0.0,99.0,3,0.0
3894,3894,9605,2026-08-27,18249043.65,14,2303616.55,0.0,0.0,100.0,2,0.0
3895,3895,9608,2026-08-27,13978697.14,12,686396.19,0.0,0.0,39.0,1,0.0
3896,3896,9610,2026-08-27,34372427.86,30,3520314.36,19025372.43,5566206.55,85.0,4,100.0
3897,3897,9611,2026-08-27,298883034.5,9,6857992.54,0.0,0.0,27.0,1,100.0
3898,3898,9614,2026-08-27,275092793.6,9,6042310.13,203729237.08,0.0,37.0,0,75.0
3899,3899,9616,2026-08-27,158529142.06,16,44115290.5,0.0,850022641.21,56.0,2,100.0
3900,3900,9618,2026-08-27,12084443.31,14,3196854.74,0.0,0.0,0.0,2,33.33
3901,3901,9621,2026-08-27,0.0,19,1435235.61,0.0,0.0,48.0,0,33.33
3902,3902,9624,2026-08-27,130085897.38,14,15453700.67,38215525.05,0.0,14.0,2,33.33
3903,3903,9629,2026-08-27,40604641.56,1,0.0,0.0,0.0,0.0,7,25.0
3904,3904,9631,2026-08-27,16044638.66,22,8712726.62,0.0,0.0,93.0,1,0.0
3905,3905,9632,2026-08-27,24521159.25,5,2615201.54,0.0,0.0,54.0,2,0.0
3906,3906,9633,2026-08-27,29909453.62,8,2948706.61,0.0,0.0,15.0,1,0.0
3907,3907,9637,2026-08-27,53416661.62,14,2004602.18,34528879.22,0.0,0.0,3,25.0
3908,3908,9638,2026-08-27,112611803.52,19,15399205.29,0.0,162787815.96,0.0,0,0.0
3909,3909,9640,2026-08-27,37751713.16,18,3568046.89,9285296.71,0.0,100.0,1,0.0
3910,3910,9641,2026-08-27,15765745.34,14,1451545.65,0.0,0.0,46.0,0,0.0
3911,3911,9643,2026-08-27,30778155.81,24,3103920.28,0.0,0.0,100.0,1,0.0
3912,3912,9646,2026-08-27,30290713.82,21,10355294.06,0.0,0.0,100.0,1,0.0
3913,3913,9650,2026-08-27,252621943.14,14,24231323.29,162105530.87,0.0,36.0,2,0.0
3914,3914,9652,2026-08-27,736297845.25,10,16622078.17,539544280.59,0.0,43.0,1,50.0
3915,3915,9656,2026-08-27,620571622.61,15,18913581.18,557446526.19,0.0,0.0,0,25.0
3916,3916,9658,2026-08-27,83399931.82,13,4612594.49,36755114.29,0.0,49.0,2,50.0
3917,3917,9660,2026-08-27,66093559.23,22,7374230.71,0.0,20189183.38,100.0,2,0.0
3918,3918,9662,2026-08-27,68779002.12,28,13724366.41,54089602.27,0.0,100.0,2,0.0
3919,3919,9664,2026-08-27,33752692.81,4,1419594.04,0.0,130395726.52,0.0,0,0.0
3920,3920,9666,2026-08-27,1234021471.04,20,65542182.01,663052117.71,0.0,37.0,2,75.0
3921,3921,9669,2026-08-27,25216071.05,19,3656342.87,0.0,0.0,37.0,1,100.0
3922,3922,9671,2026-08-27,153561264.36,10,2485821.26,46265579.0,0.0,30.0,1,0.0
3923,3923,9675,2026-08-27,218164548.39,14,11687090.63,0.0,0.0,44.0,0,50.0
3924,3924,9677,2026-08-27,53065711.56,11,1147299.03,21378424.71,117697387.88,0.0,0,33.33
3925,3925,9680,2026-08-27,18540450.32,16,1577443.29,0.0,0.0,62.0,1,0.0
3926,3926,9681,2026-08-27,27412948.09,35,18993669.28,0.0,0.0,95.0,0,50.0
3927,3927,9686,2026-08-27,97178238.78,13,9561476.24,26829550.55,0.0,100.0,1,25.0
3928,3928,9688,2026-08-27,168547572.42,10,34838743.94,75074476.7,0.0,25.0,1,0.0
3929,3929,9691,2026-08-27,1504349140.33,18,28253937.86,1113340225.84,0.0,39.0,1,0.0
3930,3930,9693,2026-08-27,25661458.0,9,1433098.39,0.0,14992814.54,0.0,0,100.0
3931,3931,9694,2026-08-27,125377542.07,23,4142012.49,75653943.88,0.0,100.0,3,0.0
3932,3932,9697,2026-08-27,0.0,26,13701420.4,0.0,0.0,99.0,2,0.0
3933,3933,9700,2026-08-27,20704258.04,28,8265181.56,0.0,0.0,100.0,0,0.0
3934,3934,9703,2026-08-27,302014633.48,18,9571733.71,107711634.22,0.0,0.0,1,0.0
3935,3935,9704,2026-08-27,186540823.25,18,13091932.37,0.0,100060556.2,86.0,0,50.0
3936,3936,9706,2026-08-27,37042195.88,21,40810619.35,0.0,0.0,38.0,2,0.0
3937,3937,9707,2026-08-27,234274394.06,12,10220147.49,157334781.71,0.0,29.0,1,0.0
3938,3938,9709,2026-08-27,12395554.96,2,0.0,0.0,0.0,0.0,0,0.0
3939,3939,9710,2026-08-27,14809306.86,26,13929427.02,0.0,3802545.25,100.0,0,100.0
3940,3940,9711,2026-08-27,526812392.1,20,43344357.94,269563996.96,0.0,60.0,1,0.0
3941,3941,9712,2026-08-27,1447887600.21,17,152256140.08,1223985888.68,0.0,46.0,2,0.0
3942,3942,9714,2026-08-27,7546489.82,14,1616915.7,0.0,0.0,21.0,0,50.0
3943,3943,9718,2026-08-27,7106085.93,17,6523510.16,0.0,0.0,37.0,0,33.33
3944,3944,9721,2026-08-27,202097522.21,30,60557992.47,114166973.66,0.0,87.0,1,50.0
3945,3945,9722,2026-08-27,129498044.82,15,14192850.92,87994198.9,0.0,0.0,0,0.0
3946,3946,9724,2026-08-27,28059253.73,11,1648905.07,0.0,0.0,24.0,4,0.0
3947,3947,9726,2026-08-27,19162911.83,14,1391759.71,0.0,4563476.03,35.0,1,25.0
3948,3948,9731,2026-08-27,626073064.66,16,85012837.43,0.0,3249336535.66,48.0,1,50.0
3949,3949,9732,2026-08-27,16049723.58,7,1356442.8,0.0,0.0,34.0,2,0.0
3950,3950,9736,2026-08-27,14443359.16,21,1854627.96,0.0,0.0,66.0,1,0.0
3951,3951,9738,2026-08-27,335594015.45,13,8262972.55,281097479.53,0.0,21.0,1,100.0
3952,3952,9739,2026-08-27,48252354.14,11,1973748.33,0.0,59378083.29,0.0,0,0.0
3953,3953,9745,2026-08-27,41744467.24,15,899634.44,0.0,0.0,0.0,1,0.0
3954,3954,9747,2026-08-27,347980182.72,2,1394353.45,289260410.49,0.0,19.0,2,0.0
3955,3955,9748,2026-08-27,2083000227.0,24,114688996.23,1856812866.74,0.0,44.0,3,0.0
3956,3956,9749,2026-08-27,16850073.53,30,6411862.08,0.0,4198474.44,100.0,1,0.0
3957,3957,9750,2026-08-27,32907925.2,12,2456207.61,0.0,0.0,29.0,1,25.0
3958,3958,9754,2026-08-27,81156834.4,13,2429159.46,48962203.27,0.0,26.0,1,0.0
3959,3959,9757,2026-08-27,626905013.02,16,119442568.79,410030188.65,625306864.78,0.0,2,0.0
3960,3960,9759,2026-08-27,346215817.78,18,27616332.56,233595611.42,0.0,29.0,3,100.0
3961,3961,9761,2026-08-27,512397362.28,13,3137284.8,279720823.33000004,0.0,38.0,1,0.0
3962,3962,9762,2026-08-27,498313791.61,22,68206800.24,352135228.97,0.0,46.0,3,50.0
3963,3963,9766,2026-08-27,129703983.2,5,470940.53,102997926.35,0.0,0.0,1,0.0
3964,3964,9769,2026-08-27,251325856.5,23,5748876.92,204257834.69,0.0,41.0,0,66.67
3965,3965,9772,2026-08-27,676890210.65,16,20144696.93,563784226.55,1556153.44,0.0,2,66.67
3966,3966,9774,2026-08-27,339481914.89,23,193781226.82,339481914.89,0.0,66.0,1,50.0
3967,3967,9776,2026-08-27,228339278.34,22,6783676.93,191239533.94,66532661.28,90.0,0,0.0
3968,3968,9780,2026-08-27,17561746.12,16,2994107.73,0.0,0.0,0.0,1,50.0
3969,3969,9781,2026-08-27,84364171.72,15,11011104.78,37514951.53,0.0,0.0,2,0.0
3970,3970,9784,2026-08-27,71324714.53,12,1588350.3,0.0,127917511.51,50.0,2,75.0
3971,3971,9787,2026-08-27,194209579.2,16,116309218.71,0.0,0.0,31.0,0,0.0
3972,3972,9789,2026-08-27,14371149.75,8,1634879.98,0.0,0.0,0.0,1,100.0
3973,3973,9792,2026-08-27,228225550.37,23,39484225.97,0.0,0.0,87.0,1,0.0
3974,3974,9794,2026-08-27,16969767.9,13,1594419.64,0.0,0.0,42.0,1,50.0
3975,3975,9796,2026-08-27,1793495058.64,20,57466273.15,1581850750.6,0.0,40.0,1,75.0
3976,3976,9799,2026-08-27,9028675.16,16,2159214.58,0.0,23309953.46,54.0,2,0.0
3977,3977,9802,2026-08-27,152961668.64,20,28397997.42,0.0,0.0,50.0,2,0.0
3978,3978,9804,2026-08-27,1379850519.0,22,5047015.46,1268730028.5,317261785.1,48.0,1,25.0
3979,3979,9807,2026-08-27,90135133.85,21,53445661.49,0.0,0.0,100.0,0,0.0
3980,3980,9810,2026-08-27,21513327.84,5,1337896.0,0.0,0.0,25.0,4,0.0
3981,3981,9814,2026-08-27,2534522837.09,25,611255033.63,477042235.57,0.0,45.0,0,0.0
3982,3982,9815,2026-08-27,641729284.52,7,10805983.36,413371679.34,599740032.19,26.0,0,100.0
3983,3983,9816,2026-08-27,17366901.09,26,5584605.9,0.0,0.0,100.0,1,0.0
3984,3984,9818,2026-08-27,114587733.68,14,15606513.75,0.0,0.0,35.0,1,0.0
3985,3985,9820,2026-08-27,440348827.74,16,55390861.64,219509570.99,451447117.78,29.0,1,100.0
3986,3986,9821,2026-08-27,1281544944.77,15,83415406.46,0.0,0.0,33.0,0,100.0
3987,3987,9822,2026-08-27,22886920.25,13,3780118.55,0.0,47831405.51,61.0,1,0.0
3988,3988,9824,2026-08-27,62509883.54,29,18880573.92,0.0,0.0,100.0,1,0.0
3989,3989,9826,2026-08-27,25737999.58,8,792956.85,0.0,0.0,0.0,0,0.0
3990,3990,9828,2026-08-27,6901581.56,11,1366543.98,6901581.56,35338924.57,0.0,0,0.0
3991,3991,9830,2026-08-27,196584812.33,11,36904752.67,0.0,0.0,53.0,1,50.0
3992,3992,9831,2026-08-27,1328405024.27,6,2921600.15,1296183777.66,0.0,0.0,0,50.0
3993,3993,9833,2026-08-27,1163507325.13,23,71432045.38,1034179517.44,0.0,63.0,0,0.0
3994,3994,9836,2026-08-27,488179184.09,9,453454.93,0.0,0.0,49.0,2,0.0
3995,3995,9841,2026-08-27,15489653.98,20,9476845.25,0.0,0.0,0.0,0,50.0
3996,3996,9843,2026-08-27,504012742.42,26,32752483.94,214160802.76,0.0,61.0,2,0.0
3997,3997,9845,2026-08-27,676495545.24,18,23427167.23,131617800.45,0.0,43.0,2,0.0
3998,3998,9848,2026-08-27,1163426385.83,4,6998769.61,816727626.63,0.0,27.0,0,50.0
3999,3999,9851,2026-08-27,77608265.87,15,8924259.91,0.0,0.0,32.0,0,50.0
4000,4000,9853,2026-08-27,15288832.2,22,13441695.79,0.0,98099052.4,32.0,1,50.0
4001,4001,9855,2026-08-27,62790508.96,3,1277106.4,0.0,0.0,5.0,1,50.0
4002,4002,9857,2026-08-27,226353059.42,10,22847273.08,105718317.56,77150721.16,41.0,0,100.0
4003,4003,9858,2026-08-27,0.0,6,2555362.15,0.0,0.0,0.0,0,0.0
4004,4004,9860,2026-08-27,25070529.26,14,3589863.5,0.0,0.0,59.0,0,0.0
4005,4005,9862,2026-08-27,33675976.11,22,2965049.41,0.0,0.0,100.0,2,100.0
4006,4006,9864,2026-08-27,62618487.29,14,3196786.99,0.0,0.0,56.0,0,100.0
4007,4007,9867,2026-08-27,48402304.5,11,7712187.49,34457590.12,0.0,75.0,3,25.0
4008,4008,9871,2026-08-27,44573204.94,24,14172890.09,0.0,6128732.23,0.0,1,75.0
4009,4009,9874,2026-08-27,199207178.53,17,9448143.45,164480312.4,0.0,47.0,0,0.0
4010,4010,9876,2026-08-27,96489724.88,26,2313410.07,56971804.89,56926847.02,100.0,1,25.0
4011,4011,9880,2026-08-27,18610428.06,21,11754568.2,0.0,0.0,42.0,1,100.0
4012,4012,9883,2026-08-27,30515317.17,11,2846822.13,0.0,10768733.45,21.0,0,0.0
4013,4013,9884,2026-08-27,525789525.08,13,6967540.32,0.0,0.0,30.0,0,50.0
4014,4014,9888,2026-08-27,1171000700.81,16,66972947.29,891027254.55,810448595.48,0.0,1,66.67
4015,4015,9893,2026-08-27,91897858.15,28,10737576.69,0.0,0.0,100.0,1,33.33
4016,4016,9894,2026-08-27,118999405.06,26,25629262.69,0.0,0.0,100.0,0,50.0
4017,4017,9896,2026-08-27,64150218.26,11,3035672.44,33107128.48,0.0,34.0,0,50.0
4018,4018,9899,2026-08-27,224296420.01,12,5191222.55,150528557.07,0.0,0.0,2,50.0
4019,4019,9900,2026-08-27,863724972.67,20,95535981.1,0.0,161799916.62,24.0,0,50.0
4020,4020,9902,2026-08-27,31620949.0,3,1992491.96,0.0,0.0,0.0,1,0.0
4021,4021,9907,2026-08-27,5966821.48,14,1815374.1,0.0,0.0,34.0,1,50.0
4022,4022,9910,2026-08-27,72821575.1,11,16304983.44,0.0,246429227.05,0.0,1,33.33
4023,4023,9914,2026-08-27,540411462.86,14,3530082.01,474753819.65,0.0,44.0,0,50.0
4024,4024,9915,2026-08-27,26122598.24,6,2863213.96,0.0,0.0,27.0,0,0.0
4025,4025,9916,2026-08-27,58167453.19,14,11078266.22,0.0,0.0,0.0,0,50.0
4026,4026,9920,2026-08-27,92790061.1,9,2950413.06,36415810.46,0.0,46.0,0,0.0
4027,4027,9921,2026-08-27,114670404.79,6,0.0,52490610.59,71823888.6,17.0,4,0.0
4028,4028,9924,2026-08-27,26476556.61,3,85059.59,0.0,29926569.36,0.0,1,33.33
4029,4029,9927,2026-08-27,30781764.01,24,9593118.39,0.0,0.0,100.0,0,0.0
4030,4030,9930,2026-08-27,17498753.47,15,3628392.2,0.0,21873569.77,26.0,1,0.0
4031,4031,9932,2026-08-27,20687371.08,24,3174099.04,0.0,0.0,100.0,2,0.0
4032,4032,9937,2026-08-27,161145892.71,11,6897670.89,111054966.9,0.0,23.0,0,100.0
4033,4033,9938,2026-08-27,46964281.8,2,1035450.86,39471215.97,0.0,0.0,0,0.0
4034,4034,9940,2026-08-27,314935606.2,30,500107600.37,0.0,0.0,100.0,1,0.0
4035,4035,9942,2026-08-27,1015707864.03,10,44691888.06,798262207.45,166042494.18,68.0,1,50.0
4036,4036,9943,2026-08-27,121809219.37,22,18924736.47,0.0,345609673.82,35.0,2,66.67
4037,4037,9948,2026-08-27,96555900.91,14,6554895.52,51650244.21,0.0,18.0,0,33.33
4038,4038,9951,2026-08-27,31150669.87,8,1764942.76,0.0,0.0,54.0,2,25.0
4039,4039,9953,2026-08-27,116988599.37,16,101139984.91,0.0,40277090.3,36.0,0,100.0
4040,4040,9954,2026-08-27,5433944.87,8,0.0,0.0,0.0,0.0,1,0.0
4041,4041,9955,2026-08-27,54148038.99,15,8116892.96,0.0,0.0,60.0,0,50.0
4042,4042,9962,2026-08-27,12555702.41,2,263909.16,0.0,0.0,12.0,0,0.0
4043,4043,9963,2026-08-27,326359977.9,18,39094338.59,0.0,0.0,51.0,1,0.0
4044,4044,9964,2026-08-27,51758603.63,14,6021118.5,0.0,0.0,0.0,0,0.0
4045,4045,9966,2026-08-27,52866197.07,21,3530875.47,34699232.5,67989373.82,90.0,0,0.0
4046,4046,9967,2026-08-27,13463378.74,21,1437125.83,0.0,0.0,47.0,0,0.0
4047,4047,9970,2026-08-27,8659380.49,16,2410890.36,0.0,21111571.84,27.0,1,66.67
4048,4048,9973,2026-08-27,10692611.58,12,2212128.47,0.0,0.0,0.0,0,50.0
4049,4049,9974,2026-08-27,236116867.34,10,7110957.92,148485173.95,0.0,39.0,1,66.67
4050,4050,9978,2026-08-27,6782496.71,5,2348178.92,0.0,14931426.2,0.0,0,0.0
4051,4051,9982,2026-08-27,66266379.65,9,660563.37,66266379.65,0.0,29.0,1,0.0
4052,4052,9984,2026-08-27,9514189.53,4,289376.47,0.0,3754051.9,27.0,1,0.0
4053,4053,9986,2026-08-27,64165924.18,22,14425025.89,0.0,0.0,100.0,1,100.0
4054,4054,9987,2026-08-27,440243967.88,15,27926716.85,0.0,0.0,26.0,1,100.0
4055,4055,9991,2026-08-27,73843724.23,14,2693508.4,0.0,0.0,48.0,1,25.0
4056,4056,9995,2026-08-27,35625670.2,8,6886194.33,0.0,333190463.65,0.0,1,0.0
4057,4057,10000,2026-08-27,40341782.91,12,9410745.39,0.0,0.0,39.0,0,33.33
4058,4058,10001,2026-08-27,26737552.43,12,5857341.27,0.0,0.0,44.0,0,100.0
4059,4059,10002,2026-08-27,1091070827.7,14,12461877.73,896522460.6500001,121661868.88,0.0,0,100.0
4060,4060,10005,2026-08-27,104030186.22,8,5591116.8,0.0,0.0,34.0,0,0.0
4061,4061,10007,2026-08-27,458102865.31,8,35326183.69,0.0,0.0,8.0,1,25.0
4062,4062,10011,2026-08-27,51730211.79,2,1923675.73,0.0,0.0,5.0,0,0.0
4063,4063,10013,2026-08-27,19792809.93,14,7129439.73,0.0,0.0,34.0,1,100.0
4064,4064,10015,2026-08-27,94618265.66,25,52498272.56,0.0,58195776.52,96.0,1,0.0
4065,4065,10018,2026-08-27,0.0,20,8543469.44,0.0,0.0,43.0,0,50.0
4066,4066,10020,2026-08-27,104356394.38,13,3715733.68,0.0,89946805.08,33.0,1,0.0
4067,4067,10025,2026-08-27,18263354.8,16,1096087.09,0.0,44358296.14,12.0,1,66.67
4068,4068,10027,2026-08-27,6754601.63,5,335249.28,0.0,0.0,18.0,0,0.0
4069,4069,10030,2026-08-27,60678418.67,15,1370083.5,0.0,0.0,0.0,1,0.0
4070,4070,10033,2026-08-27,14509078.37,16,13692487.22,0.0,0.0,38.0,0,0.0
4071,4071,10037,2026-08-27,418834863.71,13,24421448.83,0.0,0.0,49.0,0,33.33
4072,4072,10040,2026-08-27,3751299.76,3,690960.51,0.0,60590703.78,0.0,0,0.0
4073,4073,10043,2026-08-27,1484316956.07,13,19255638.73,1136247063.3000002,0.0,0.0,0,66.67
4074,4074,10046,2026-08-27,32928279.12,17,6586745.7,0.0,0.0,0.0,0,0.0
4075,4075,10049,2026-08-27,457679019.03,19,152719487.78,0.0,0.0,39.0,1,66.67
4076,4076,10051,2026-08-27,355287294.36,10,1616825.23,183777383.04,0.0,26.0,2,50.0
4077,4077,10053,2026-08-27,38549305.92,3,1342424.97,17980700.18,0.0,14.0,1,0.0
4078,4078,10054,2026-08-27,15424083.29,20,7651747.27,0.0,0.0,100.0,1,0.0
4079,4079,10055,2026-08-27,9629921.67,18,2200755.09,0.0,0.0,25.0,0,100.0
4080,4080,10056,2026-08-27,743414108.04,20,22671303.61,537483388.77,316196859.74,37.0,0,0.0
4081,4081,10058,2026-08-27,1669564209.41,9,17407895.93,1211313702.96,0.0,34.0,0,50.0
4082,4082,10061,2026-08-27,12253064.56,14,923208.01,0.0,0.0,48.0,2,0.0
4083,4083,10062,2026-08-27,4494002.13,6,1394844.29,0.0,0.0,0.0,1,0.0
4084,4084,10067,2026-08-27,20204412.62,17,13377708.59,0.0,11440647.8,45.0,1,66.67
4085,4085,10069,2026-08-27,7310104.13,26,20260173.21,0.0,0.0,94.0,1,0.0
4086,4086,10071,2026-08-27,19818986.61,8,0.0,0.0,34667411.47,0.0,0,0.0
4087,4087,10074,2026-08-27,5688835.05,30,5043485.03,0.0,0.0,100.0,0,0.0
4088,4088,10077,2026-08-27,273058279.11,26,24650073.21,0.0,0.0,0.0,1,25.0
4089,4089,10081,2026-08-27,1389409532.71,18,131979525.33,0.0,1713923239.39,66.0,1,33.33
4090,4090,10083,2026-08-27,4665890.59,14,3814542.62,0.0,183800735.11,17.0,2,0.0
4091,4091,10086,2026-08-27,961820846.91,24,337656723.74,0.0,0.0,48.0,0,50.0
4092,4092,10089,2026-08-27,88670707.58,9,8205809.28,35017847.66,0.0,35.0,1,0.0
4093,4093,10094,2026-08-27,6060409.94,13,1267106.65,0.0,30302880.19,52.0,0,0.0
4094,4094,10098,2026-08-27,13325400.45,9,552888.35,0.0,0.0,0.0,1,25.0
4095,4095,10100,2026-08-27,15462063.19,25,5031248.13,0.0,73113847.91,52.0,1,75.0
4096,4096,10103,2026-08-27,848472601.56,9,12841155.19,761972898.2099999,0.0,20.0,1,50.0
4097,4097,10105,2026-08-27,74087179.51,23,3620075.26,0.0,0.0,100.0,1,100.0
4098,4098,10107,2026-08-27,13966294.36,24,2212750.93,0.0,0.0,100.0,1,0.0
4099,4099,10113,2026-08-27,17065531.95,1,0.0,0.0,155705391.16,10.0,3,25.0
4100,4100,10114,2026-08-27,52360030.57,6,13136890.96,0.0,0.0,0.0,0,0.0
4101,4101,10115,2026-08-27,5981970.29,12,2952338.95,0.0,0.0,43.0,1,0.0
4102,4102,10117,2026-08-27,30082266.72,2,652548.82,25107280.96,0.0,0.0,1,0.0
4103,4103,10118,2026-08-27,22193373.67,32,11356822.32,0.0,0.0,93.0,0,0.0
4104,4104,10119,2026-08-27,67377060.75,10,3615267.29,33886040.05,0.0,0.0,0,50.0
4105,4105,10121,2026-08-27,158653725.06,14,10071391.42,0.0,0.0,40.0,0,0.0
4106,4106,10122,2026-08-27,562076215.67,15,217867461.43,0.0,345748231.4,40.0,0,33.33
4107,4107,10126,2026-08-27,3184921.92,2,0.0,0.0,40933376.31,33.0,1,33.33
4108,4108,10130,2026-08-27,8542596.52,5,2383226.11,0.0,0.0,0.0,2,0.0
4109,4109,10133,2026-08-27,517848208.54,9,5107970.97,468115435.23,175073926.2,27.0,1,0.0
4110,4110,10136,2026-08-27,21263840.41,32,9267077.91,0.0,0.0,100.0,3,0.0
4111,4111,10140,2026-08-27,96294500.68,13,5735061.46,0.0,0.0,31.0,0,25.0
4112,4112,10145,2026-08-27,145988838.17,6,997863.0,117764885.19,0.0,41.0,0,0.0
4113,4113,10148,2026-08-27,39104398.22,11,15590698.25,0.0,0.0,0.0,0,0.0
4114,4114,10152,2026-08-27,235403563.41,16,2683347.94,205578408.52,0.0,100.0,2,0.0
4115,4115,10153,2026-08-27,13167624.69,14,6333482.17,0.0,0.0,27.0,1,0.0
4116,4116,10157,2026-08-27,0.0,20,9145206.24,0.0,0.0,55.0,1,100.0
4117,4117,10159,2026-08-27,11278529.21,24,2903664.62,0.0,0.0,100.0,1,50.0
4118,4118,10162,2026-08-27,135552218.85,10,4759651.68,50693926.25,9747764.02,35.0,1,0.0
4119,4119,10167,2026-08-27,977866870.29,21,19192606.79,680164502.4,0.0,49.0,0,100.0
4120,4120,10168,2026-08-27,319794382.98,18,31160539.41,0.0,0.0,100.0,2,0.0
4121,4121,10172,2026-08-27,23742043.72,13,2474448.13,0.0,0.0,0.0,1,0.0
4122,4122,10175,2026-08-27,34704193.98,13,5251253.16,0.0,0.0,0.0,0,66.67
4123,4123,10179,2026-08-27,131711400.57,8,11653517.6,0.0,0.0,23.0,0,50.0
4124,4124,10180,2026-08-27,183214842.82,23,12390344.97,142985747.69,22447458.06,0.0,1,50.0
4125,4125,10184,2026-08-27,612442799.19,10,12225699.73,0.0,0.0,27.0,2,0.0
4126,4126,10185,2026-08-27,90901326.52,13,6423583.17,0.0,0.0,22.0,1,0.0
4127,4127,10187,2026-08-27,15116041.25,26,6340137.87,0.0,0.0,90.0,1,66.67
4128,4128,10189,2026-08-27,24392266.28,24,13360497.06,0.0,0.0,92.0,0,0.0
4129,4129,10190,2026-08-27,96150001.94,8,0.0,71551249.09,0.0,34.0,0,0.0
4130,4130,10196,2026-08-27,26520841.83,8,0.0,0.0,146018624.87,30.0,0,0.0
4131,4131,10200,2026-08-27,4132724.3,7,1517274.53,0.0,0.0,10.0,1,25.0
4132,4132,10204,2026-08-27,144628102.64,27,68595460.32,0.0,0.0,100.0,1,0.0
4133,4133,10207,2026-08-27,98474156.68,17,17111901.02,0.0,0.0,27.0,4,50.0
4134,4134,10208,2026-08-27,23836540.76,23,10133945.68,0.0,0.0,100.0,1,50.0
4135,4135,10210,2026-08-27,31245058.35,22,11680864.25,22593805.14,21165139.79,100.0,0,0.0
4136,4136,10212,2026-08-27,1945270067.89,21,100745526.43,563126788.67,0.0,37.0,1,0.0
4137,4137,10216,2026-08-27,190680093.98,20,11790529.89,144711965.79,0.0,100.0,1,0.0
4138,4138,10220,2026-08-27,195429027.26,16,4459996.12,170182935.43,0.0,37.0,0,0.0
4139,4139,10222,2026-08-27,15010680.62,1,0.0,0.0,0.0,26.0,2,0.0
4140,4140,10225,2026-08-27,111118176.1,10,1666493.55,101188567.1,0.0,55.0,0,0.0
4141,4141,10228,2026-08-27,141152680.9,14,10359436.99,78397103.74,0.0,31.0,0,0.0
4142,4142,10229,2026-08-27,32718381.89,24,53321373.61,0.0,311556941.1,96.0,2,0.0
4143,4143,10230,2026-08-27,299122060.76,20,20641154.04,0.0,0.0,0.0,1,0.0
4144,4144,10234,2026-08-27,896131033.76,12,32713100.82,706309421.17,0.0,36.0,0,50.0
4145,4145,10235,2026-08-27,17587901.54,17,5744545.31,0.0,0.0,100.0,2,0.0
4146,4146,10238,2026-08-27,62268539.28,18,2095223.48,0.0,0.0,40.0,0,100.0
4147,4147,10240,2026-08-27,159747447.85,22,31007173.13,0.0,0.0,37.0,1,0.0
4148,4148,10243,2026-08-27,30604187.38,2,460668.84,0.0,14303826.86,0.0,2,0.0
4149,4149,10244,2026-08-27,174925182.83,7,5031601.28,0.0,215291292.74,0.0,1,33.33
4150,4150,10247,2026-08-27,193440655.27,14,10280467.61,106649958.92,0.0,30.0,1,100.0
4151,4151,10249,2026-08-27,7745310.69,19,6877887.6,0.0,123441669.52,0.0,0,0.0
4152,4152,10251,2026-08-27,33162629.83,28,9209721.04,17279375.05,0.0,100.0,1,0.0
4153,4153,10253,2026-08-27,538228656.37,10,4091693.13,270278241.23,0.0,46.0,0,0.0
4154,4154,10256,2026-08-27,77167028.18,28,15475332.55,0.0,0.0,100.0,1,0.0
4155,4155,10259,2026-08-27,23137827.15,28,9649027.72,0.0,0.0,100.0,1,0.0
4156,4156,10262,2026-08-27,112103786.49,21,9535274.1,0.0,0.0,49.0,2,0.0
4157,4157,10263,2026-08-27,26544815.72,14,12541298.36,0.0,0.0,49.0,0,50.0
4158,4158,10265,2026-08-27,898681804.68,15,83494070.21,495576056.55,0.0,0.0,1,0.0
4159,4159,10268,2026-08-27,445254362.64,13,12374242.27,301372103.08,0.0,0.0,0,66.67
4160,4160,10269,2026-08-27,13900335.08,16,7977354.42,0.0,14086937.86,0.0,0,0.0
4161,4161,10270,2026-08-27,142785254.81,16,3861995.14,121199890.58,0.0,84.0,1,50.0
4162,4162,10272,2026-08-27,92672190.01,15,2106301.43,0.0,0.0,60.0,2,66.67
4163,4163,10275,2026-08-27,122149494.23,11,4750359.66,71615325.51,194390599.68,20.0,0,33.33
4164,4164,10278,2026-08-27,472857254.96,12,17467499.02,251633792.25,0.0,0.0,1,0.0
4165,4165,10280,2026-08-27,58470419.34,20,14157160.35,0.0,111583026.55,100.0,2,0.0
4166,4166,10284,2026-08-27,24068037.83,18,1778557.7,0.0,0.0,38.0,2,25.0
4167,4167,10285,2026-08-27,2285934695.23,18,84843438.24,1352862976.73,380293766.31,61.0,2,25.0
4168,4168,10290,2026-08-27,239941220.89,21,23341405.46,96146866.97999999,0.0,21.0,0,50.0
4169,4169,10293,2026-08-27,12300550.96,25,12030544.81,0.0,4157127.6,100.0,1,0.0
4170,4170,10294,2026-08-27,617043668.94,13,1475114.65,319247137.14,0.0,44.0,1,33.33
4171,4171,10297,2026-08-27,111983804.74,12,2785326.97,96872115.44,0.0,25.0,0,33.33
4172,4172,10301,2026-08-27,23895652.9,5,3598474.07,0.0,0.0,0.0,1,0.0
4173,4173,10304,2026-08-27,43016382.39,15,4285275.22,30663160.450000003,0.0,28.0,1,33.33
4174,4174,10306,2026-08-27,24518732.17,16,2640228.15,14217849.21,0.0,0.0,0,100.0
4175,4175,10307,2026-08-27,278908900.05,16,6754504.24,225199950.31,0.0,31.0,0,100.0
4176,4176,10311,2026-08-27,77509040.77,27,15640154.4,0.0,33198737.17,100.0,1,25.0
4177,4177,10312,2026-08-27,28639274.42,18,15594156.65,0.0,0.0,100.0,0,50.0
4178,4178,10314,2026-08-27,18495543.09,13,25732861.74,0.0,0.0,0.0,0,25.0
4179,4179,10321,2026-08-27,47190925.24,5,2683522.3,0.0,50006238.36,18.0,2,25.0
4180,4180,10323,2026-08-27,22583267.25,10,1226779.78,0.0,26076549.15,41.0,1,50.0
4181,4181,10326,2026-08-27,11682038.48,4,361867.59,0.0,16666583.47,21.0,1,0.0
4182,4182,10327,2026-08-27,263015386.23,13,29172604.54,0.0,0.0,52.0,0,0.0
4183,4183,10328,2026-08-27,17226784.91,1,0.0,0.0,0.0,0.0,1,0.0
4184,4184,10329,2026-08-27,71666506.6,19,16029375.63,0.0,0.0,89.0,2,50.0
4185,4185,10332,2026-08-27,78020899.73,9,29368193.64,0.0,565086310.38,37.0,1,50.0
4186,4186,10333,2026-08-27,77242816.68,12,10233043.25,0.0,87659759.57,21.0,2,33.33
4187,4187,10337,2026-08-27,3493258897.19,17,96864029.24,1969575024.09,0.0,43.0,0,0.0
4188,4188,10339,2026-08-27,1310044787.69,19,284284932.23,0.0,3386802757.27,43.0,0,0.0
4189,4189,10340,2026-08-27,2135448123.6,22,368724796.89,1264025464.6,0.0,48.0,1,0.0
4190,4190,10341,2026-08-27,30241433.17,27,15453089.83,0.0,0.0,84.0,0,0.0
4191,4191,10345,2026-08-27,256353620.39,27,146103366.78,0.0,0.0,44.0,2,25.0
4192,4192,10347,2026-08-27,13102477.76,2,305679.77,0.0,0.0,5.0,1,0.0
4193,4193,10351,2026-08-27,39852343.24,24,8219888.17,0.0,116843381.32,100.0,0,0.0
4194,4194,10353,2026-08-27,22604026.17,15,15706097.35,0.0,0.0,0.0,1,0.0
4195,4195,10356,2026-08-27,34432159.08,16,418137.86,17598330.44,7630588.95,0.0,2,50.0
4196,4196,10359,2026-08-27,17827696.6,18,1417751.29,0.0,0.0,100.0,2,0.0
4197,4197,10360,2026-08-27,835638435.67,19,222938256.32,0.0,0.0,0.0,2,33.33
4198,4198,10363,2026-08-27,6942638.38,12,2222954.46,0.0,0.0,0.0,0,0.0
4199,4199,10364,2026-08-27,21212444.12,17,819100.99,0.0,11083189.66,0.0,1,0.0
4200,4200,10366,2026-08-27,854115191.11,17,29157030.83,728377892.72,0.0,48.0,2,0.0
4201,4201,10369,2026-08-27,16520938.77,19,2176923.13,0.0,14497126.33,41.0,0,33.33
4202,4202,10371,2026-08-27,344323651.33,17,9559480.02,284853110.55,118851986.3,43.0,1,0.0
4203,4203,10372,2026-08-27,421339733.88,18,27428143.69,0.0,0.0,0.0,4,50.0
4204,4204,10376,2026-08-27,8594830.17,26,4121374.7,0.0,0.0,79.0,1,50.0
4205,4205,10378,2026-08-27,6642021.81,4,1453541.16,0.0,0.0,18.0,1,0.0
4206,4206,10382,2026-08-27,281405299.22,4,996132.55,234630871.34,0.0,2.0,0,0.0
4207,4207,10383,2026-08-27,30755727.5,13,4173310.95,0.0,0.0,0.0,1,0.0
4208,4208,10386,2026-08-27,97681997.74,22,68320031.76,0.0,0.0,0.0,2,50.0
4209,4209,10388,2026-08-27,472874812.69,21,16490564.41,365162642.53,0.0,52.0,0,0.0
4210,4210,10391,2026-08-27,83046961.68,18,20812194.66,0.0,0.0,63.0,1,25.0
4211,4211,10396,2026-08-27,75603536.93,5,1401001.87,0.0,0.0,32.0,2,0.0
4212,4212,10398,2026-08-27,171194306.45,9,5468261.92,92606711.53,0.0,39.0,0,50.0
4213,4213,10400,2026-08-27,1082770627.58,4,2003447.92,868208788.12,0.0,43.0,2,0.0
4214,4214,10402,2026-08-27,498910810.35,20,74939537.76,0.0,0.0,0.0,0,0.0
4215,4215,10405,2026-08-27,9460989.69,25,6903052.7,0.0,110748961.76,100.0,0,33.33
4216,4216,10410,2026-08-27,37629470.62,18,9388407.92,0.0,399148089.37,0.0,1,75.0
4217,4217,10413,2026-08-27,131971994.37,4,1498893.4,0.0,0.0,8.0,1,0.0
4218,4218,10415,2026-08-27,45054212.52,25,111725087.44,0.0,0.0,0.0,0,25.0
4219,4219,10421,2026-08-27,377644673.59,13,3244867.89,310622679.54,0.0,20.0,1,33.33
4220,4220,10423,2026-08-27,34076154.23,2,159906.79,23046160.09,0.0,2.0,3,25.0
4221,4221,10428,2026-08-27,0.0,21,33223771.92,0.0,0.0,27.0,0,50.0
4222,4222,10430,2026-08-27,741172699.96,16,35763354.51,259945323.24,217219741.14,50.0,2,0.0
4223,4223,10431,2026-08-27,247993724.88,18,13140278.72,0.0,29405670.38,31.0,3,100.0
4224,4224,10432,2026-08-27,79451879.15,12,7126959.87,47998057.82,0.0,31.0,0,50.0
4225,4225,10437,2026-08-27,10153140.21,23,2720979.83,3853993.96,2005641.38,0.0,0,50.0
4226,4226,10439,2026-08-27,143395580.81,13,6372333.6,0.0,0.0,35.0,1,33.33
4227,4227,10444,2026-08-27,100804712.81,23,22062650.0,0.0,0.0,0.0,0,50.0
4228,4228,10445,2026-08-27,31562615.98,18,8452405.73,0.0,0.0,33.0,3,0.0
4229,4229,10446,2026-08-27,327505651.18,29,11300527.52,186239882.86,0.0,100.0,1,0.0
4230,4230,10448,2026-08-27,21984976.03,20,1885336.41,0.0,0.0,34.0,0,50.0
4231,4231,10450,2026-08-27,11663724.7,13,3247731.51,0.0,6923770.92,0.0,0,50.0
4232,4232,10451,2026-08-27,4555256889.46,19,486271325.22,3877418053.42,0.0,0.0,0,50.0
4233,4233,10454,2026-08-27,9790618.08,4,1216005.78,0.0,31254464.18,14.0,5,0.0
4234,4234,10456,2026-08-27,108236144.25,7,34841921.25,90352034.9,0.0,27.0,1,33.33
4235,4235,10460,2026-08-27,192951286.02,20,81813370.65,192951286.02,0.0,33.0,1,25.0
4236,4236,10462,2026-08-27,13044086.29,21,2461700.36,0.0,0.0,41.0,1,50.0
4237,4237,10466,2026-08-27,196519990.92,14,9716902.07,97951477.26,0.0,32.0,0,33.33
4238,4238,10470,2026-08-27,23226639.15,7,3357142.33,0.0,9020280.31,19.0,1,0.0
4239,4239,10472,2026-08-27,303485625.77,21,35346065.87,153015447.85,0.0,100.0,3,100.0
4240,4240,10475,2026-08-27,113191295.67,3,1453497.35,0.0,0.0,26.0,2,0.0
4241,4241,10476,2026-08-27,14603369.34,7,872515.59,0.0,0.0,27.0,1,0.0
4242,4242,10479,2026-08-27,56660784.16,12,2476688.19,0.0,0.0,33.0,0,0.0
4243,4243,10480,2026-08-27,20193956.0,25,3266706.42,0.0,0.0,100.0,1,0.0
4244,4244,10482,2026-08-27,16783981.07,21,2953067.72,0.0,0.0,100.0,2,0.0
4245,4245,10485,2026-08-27,10978111.1,3,833975.11,0.0,0.0,28.0,0,50.0
4246,4246,10488,2026-08-27,31591789.83,15,1507954.88,0.0,0.0,53.0,1,100.0
4247,4247,10491,2026-08-27,162052194.17,9,2081386.15,130961482.94,24344084.4,41.0,2,0.0
4248,4248,10496,2026-08-27,1258131812.23,16,44207566.04,613547979.46,391752959.57,48.0,1,25.0
4249,4249,10498,2026-08-27,28743633.1,13,12055625.98,0.0,0.0,25.0,1,50.0
4250,4250,10503,2026-08-27,382908341.17,14,9292210.66,321724207.01,109414732.48,18.0,1,0.0
4251,4251,10504,2026-08-27,188264467.28,10,19654734.06,0.0,0.0,34.0,1,0.0
4252,4252,10505,2026-08-27,13955528.54,20,4718888.79,0.0,0.0,34.0,2,33.33
4253,4253,10508,2026-08-27,27117640.09,13,1436712.19,0.0,0.0,0.0,0,50.0
4254,4254,10510,2026-08-27,167609119.68,20,28826095.9,65774615.3,0.0,100.0,1,0.0
4255,4255,10512,2026-08-27,156043065.72,14,8525880.89,0.0,0.0,0.0,0,50.0
4256,4256,10513,2026-08-27,595891366.59,23,26439329.12,449204288.3,2341087643.61,53.0,1,100.0
4257,4257,10514,2026-08-27,1084333431.48,23,253335668.82,0.0,0.0,35.0,3,100.0
4258,4258,10516,2026-08-27,338175140.11,21,23645002.71,298913031.29,0.0,96.0,1,50.0
4259,4259,10518,2026-08-27,6318504.36,13,2842290.85,0.0,0.0,54.0,0,33.33
4260,4260,10521,2026-08-27,15712114.77,14,3448003.1,0.0,0.0,58.0,1,50.0
4261,4261,10523,2026-08-27,320455304.82,10,10891654.14,289520166.07,0.0,0.0,0,66.67
4262,4262,10526,2026-08-27,50582093.88,14,584865.73,43225805.12,0.0,0.0,0,0.0
4263,4263,10527,2026-08-27,184289703.47,12,5582544.87,59916871.37,36156065.14,42.0,1,25.0
4264,4264,10531,2026-08-27,231239010.12,4,0.0,0.0,122396584.05,0.0,1,0.0
4265,4265,10534,2026-08-27,33963025.56,4,126189.24,17870889.23,11714675.46,0.0,3,0.0
4266,4266,10535,2026-08-27,110039086.89,36,139046864.91,0.0,401881558.35,93.0,0,100.0
4267,4267,10537,2026-08-27,888986029.95,14,34104856.04,770920375.79,687144373.54,0.0,0,33.33
4268,4268,10540,2026-08-27,957869611.52,9,25538424.35,726581959.63,0.0,35.0,4,0.0
4269,4269,10541,2026-08-27,45586227.95,16,11175034.18,0.0,0.0,0.0,1,0.0
4270,4270,10542,2026-08-27,21770101.58,2,0.0,0.0,304797585.77,7.0,3,0.0
4271,4271,10544,2026-08-27,43586830.82,11,1437159.07,0.0,0.0,40.0,1,0.0
4272,4272,10548,2026-08-27,118078740.89,21,36807053.8,0.0,0.0,100.0,1,25.0
4273,4273,10552,2026-08-27,37337730.25,15,4518867.33,0.0,0.0,36.0,2,0.0
4274,4274,10553,2026-08-27,27381569.51,9,11521968.97,0.0,0.0,33.0,2,100.0
4275,4275,10554,2026-08-27,16170467.07,14,4363619.58,0.0,0.0,34.0,0,66.67
4276,4276,10560,2026-08-27,162621317.48,30,113881912.23,0.0,0.0,53.0,1,25.0
4277,4277,10562,2026-08-27,250204853.93,17,8962938.51,191556258.78,0.0,0.0,1,50.0
4278,4278,10566,2026-08-27,14496647.33,8,3536784.58,0.0,20643611.05,27.0,1,33.33
4279,4279,10568,2026-08-27,16640793.7,9,1000638.12,0.0,0.0,68.0,0,50.0
4280,4280,10573,2026-08-27,70212028.27,4,1962208.72,0.0,130776147.97,0.0,3,0.0
4281,4281,10576,2026-08-27,126739801.13,24,12045810.51,0.0,0.0,46.0,2,50.0
4282,4282,10579,2026-08-27,222641437.71,8,4841808.4,172940500.76,0.0,24.0,0,100.0
4283,4283,10581,2026-08-27,122995634.11,21,4450387.56,0.0,49243613.69,0.0,1,25.0
4284,4284,10585,2026-08-27,174944033.85,27,256667479.61,0.0,0.0,30.0,1,0.0
4285,4285,10588,2026-08-27,19068269.55,10,6375858.01,0.0,88731588.33,44.0,0,0.0
4286,4286,10589,2026-08-27,42874698.41,16,4458211.51,42874698.41,5682090.74,47.0,0,0.0
4287,4287,10593,2026-08-27,925948324.44,9,35919643.67,925948324.44,0.0,0.0,0,50.0
4288,4288,10594,2026-08-27,46313640.64,9,2446386.0,0.0,0.0,0.0,3,50.0
4289,4289,10599,2026-08-27,15537522.8,6,715982.41,0.0,26538011.74,0.0,0,50.0
4290,4290,10600,2026-08-27,19478975.07,19,5369198.71,0.0,7178586.87,100.0,1,0.0
4291,4291,10601,2026-08-27,384207796.53,15,35250180.1,0.0,0.0,41.0,1,100.0
4292,4292,10605,2026-08-27,79057267.15,13,20677166.34,0.0,132762256.57,32.0,1,50.0
4293,4293,10607,2026-08-27,1141208130.18,29,362308360.79,0.0,0.0,38.0,0,50.0
4294,4294,10611,2026-08-27,23073421.12,28,13936736.68,0.0,0.0,98.0,0,25.0
4295,4295,10614,2026-08-27,80349734.79,11,4291565.42,63426446.14,0.0,0.0,1,50.0
4296,4296,10615,2026-08-27,244740754.51,12,5449130.0,165699666.36,0.0,38.0,2,33.33
4297,4297,10618,2026-08-27,632265371.83,9,9690238.46,487114702.57,0.0,0.0,0,0.0
4298,4298,10619,2026-08-27,55135049.72,28,9373028.33,0.0,171221927.03,100.0,1,0.0
4299,4299,10625,2026-08-27,126884616.23,21,14522786.3,0.0,22160384.13,100.0,1,33.33
4300,4300,10626,2026-08-27,4472980.73,7,2684758.8,0.0,0.0,26.0,1,25.0
4301,4301,10632,2026-08-27,662158681.47,25,25662649.37,590411482.69,0.0,98.0,3,0.0
4302,4302,10635,2026-08-27,17878803.31,6,180589.39,0.0,0.0,0.0,1,0.0
4303,4303,10636,2026-08-27,27737892.77,10,4558084.4,12089773.17,0.0,34.0,0,0.0
4304,4304,10638,2026-08-27,298157430.59,18,19120013.76,164572804.1,346844117.24,24.0,0,0.0
4305,4305,10639,2026-08-27,599935976.46,13,15797830.06,0.0,0.0,63.0,1,50.0
4306,4306,10644,2026-08-27,632969027.55,22,158261092.05,334139621.71,0.0,0.0,2,50.0
4307,4307,10645,2026-08-27,231066591.75,15,15860143.78,49450468.82,251064331.62,100.0,0,0.0
4308,4308,10648,2026-08-27,317433367.49,17,20411020.86,222131227.02,0.0,53.0,0,66.67
4309,4309,10649,2026-08-27,34120265.57,8,3870695.68,18096718.36,0.0,0.0,3,0.0
4310,4310,10653,2026-08-27,45538832.28,23,5721110.25,0.0,0.0,100.0,2,0.0
4311,4311,10657,2026-08-27,31613333.85,27,8623732.1,0.0,87425535.77,76.0,0,100.0
4312,4312,10658,2026-08-27,117010769.88,5,3358756.1,89951020.02,0.0,0.0,0,0.0
4313,4313,10660,2026-08-27,47526382.67,16,1390230.33,0.0,311489033.18,60.0,2,50.0
4314,4314,10662,2026-08-27,26783954.38,9,1021029.81,0.0,0.0,0.0,1,50.0
4315,4315,10663,2026-08-27,3146277422.94,18,76587526.79,2617624624.83,0.0,54.0,2,50.0
4316,4316,10668,2026-08-27,245958326.67,31,15933725.23,157669191.5,0.0,93.0,3,0.0
4317,4317,10669,2026-08-27,1380191221.41,7,49253972.09,1163810353.27,0.0,0.0,1,0.0
4318,4318,10674,2026-08-27,16023676.08,8,758642.26,0.0,3841872.09,42.0,1,33.33
4319,4319,10677,2026-08-27,105458225.79,11,18655436.61,0.0,0.0,52.0,0,50.0
4320,4320,10679,2026-08-27,208161259.03,6,15317672.74,145203950.72,94669642.41,23.0,1,33.33
4321,4321,10683,2026-08-27,71091614.18,10,13315939.11,0.0,0.0,27.0,0,0.0
4322,4322,10684,2026-08-27,11042096.89,22,4568580.95,0.0,0.0,100.0,1,0.0
4323,4323,10688,2026-08-27,30640303.13,25,12785799.44,0.0,0.0,96.0,0,25.0
4324,4324,10691,2026-08-27,964111041.82,21,138509704.51,0.0,370329586.06,43.0,0,25.0
4325,4325,10694,2026-08-27,21396134.2,14,2649649.04,0.0,0.0,37.0,0,50.0
4326,4326,10695,2026-08-27,31089751.71,23,7883363.11,0.0,94417636.15,100.0,2,0.0
4327,4327,10697,2026-08-27,544454238.73,22,153125165.59,0.0,0.0,49.0,2,0.0
4328,4328,10701,2026-08-27,5695729.08,2,430120.49,0.0,97573088.93,4.0,0,0.0
4329,4329,10702,2026-08-27,32904201.98,10,1152326.67,0.0,0.0,51.0,0,0.0
4330,4330,10703,2026-08-27,164130194.98,14,4274800.25,0.0,0.0,0.0,2,50.0
4331,4331,10707,2026-08-27,2575174589.69,19,309748440.96,0.0,0.0,39.0,1,0.0
4332,4332,10708,2026-08-27,6418139.75,16,5971543.21,0.0,0.0,40.0,1,50.0
4333,4333,10713,2026-08-27,2137500092.14,21,190487473.17,1948638037.87,0.0,20.0,0,75.0
4334,4334,10715,2026-08-27,106145180.31,21,11192310.04,80755646.99,0.0,100.0,2,0.0
4335,4335,10718,2026-08-27,121815671.8,13,20718703.37,72941991.28,93744572.99,38.0,0,33.33
4336,4336,10721,2026-08-27,435529920.87,16,25161950.54,56875867.91,0.0,40.0,2,0.0
4337,4337,10724,2026-08-27,465690041.52,22,81197107.54,0.0,0.0,26.0,1,0.0
4338,4338,10726,2026-08-27,4592591529.28,22,693735077.92,3599831202.45,0.0,48.0,3,100.0
4339,4339,10727,2026-08-27,20555905.45,25,8549396.4,0.0,37269017.35,100.0,0,100.0
4340,4340,10730,2026-08-27,66768121.14,18,6598630.01,51513785.88,25051795.5,36.0,0,25.0
4341,4341,10733,2026-08-27,268114943.21,18,69833960.66,0.0,0.0,42.0,0,0.0
4342,4342,10734,2026-08-27,353592128.84,16,90022508.97,0.0,0.0,69.0,1,50.0
4343,4343,10738,2026-08-27,60576024.32,25,31802108.59,0.0,89756041.79,99.0,0,100.0
4344,4344,10739,2026-08-27,20429727.18,11,2008312.12,0.0,0.0,46.0,1,100.0
4345,4345,10740,2026-08-27,22999248.93,3,613115.59,0.0,0.0,19.0,1,0.0
4346,4346,10742,2026-08-27,41828899.49,7,2430768.1,0.0,0.0,44.0,1,0.0
4347,4347,10746,2026-08-27,11551941.66,17,5059183.31,0.0,0.0,44.0,0,25.0
4348,4348,10748,2026-08-27,251033230.23,11,8275700.8,138997250.08,147196036.05,0.0,0,0.0
4349,4349,10750,2026-08-27,38593514.63,23,12578716.09,0.0,0.0,100.0,0,25.0
4350,4350,10753,2026-08-27,9009315.05,14,1204275.35,0.0,0.0,0.0,0,0.0
4351,4351,10754,2026-08-27,46300095.17,14,8680206.24,0.0,0.0,46.0,0,0.0
4352,4352,10757,2026-08-27,4049902407.96,11,136084947.43,1307721661.61,0.0,69.0,4,0.0
4353,4353,10758,2026-08-27,8774492.14,4,2357544.51,0.0,0.0,0.0,0,0.0
4354,4354,10760,2026-08-27,1021490494.24,12,50987398.02,0.0,0.0,35.0,0,0.0
4355,4355,10762,2026-08-27,62544699.0,14,1210541.82,0.0,0.0,50.0,0,0.0
4356,4356,10764,2026-08-27,13124298.67,4,214468.83,0.0,0.0,0.0,2,0.0
4357,4357,10768,2026-08-27,93505060.15,16,1145973.78,0.0,0.0,0.0,0,0.0
4358,4358,10773,2026-08-27,261303798.9,12,366819.75,0.0,0.0,26.0,0,33.33
4359,4359,10774,2026-08-27,51965135.02,17,6110414.38,0.0,99080730.52,100.0,3,0.0
4360,4360,10777,2026-08-27,29103003.89,2,1472632.86,0.0,0.0,0.0,1,0.0
4361,4361,10781,2026-08-27,26725679.96,18,4602459.36,0.0,0.0,54.0,0,66.67
4362,4362,10782,2026-08-27,45526327.76,23,4265919.2,30041146.28,0.0,100.0,1,100.0
4363,4363,10786,2026-08-27,37240875.94,5,1237315.23,0.0,0.0,0.0,2,0.0
4364,4364,10790,2026-08-27,25465557.01,15,13817192.4,0.0,0.0,27.0,2,0.0
4365,4365,10793,2026-08-27,29527800.1,6,4636909.56,0.0,60574085.15,49.0,1,0.0
4366,4366,10796,2026-08-27,1148241454.2,22,39506740.61,816976539.5,0.0,0.0,2,0.0
4367,4367,10799,2026-08-27,192119134.41,19,19789439.48,0.0,313289278.72,100.0,0,0.0
4368,4368,10802,2026-08-27,62076014.21,17,27954126.33,0.0,0.0,100.0,1,0.0
4369,4369,10803,2026-08-27,34799073.54,12,3019556.45,0.0,0.0,48.0,0,33.33
4370,4370,10806,2026-08-27,1901296441.6,14,34581160.45,1378853311.51,0.0,36.0,0,0.0
4371,4371,10808,2026-08-27,48320649.22,14,6084230.03,0.0,416590188.61,34.0,0,25.0
4372,4372,10812,2026-08-27,1043112311.57,18,33598531.63,890285395.82,1150346190.75,0.0,2,0.0
4373,4373,10815,2026-08-27,77165380.83,27,14817627.78,0.0,0.0,100.0,1,25.0
4374,4374,10818,2026-08-27,24544337.61,17,27630695.26,0.0,0.0,47.0,1,0.0
4375,4375,10819,2026-08-27,58568244.14,33,8548125.96,0.0,0.0,88.0,2,0.0
4376,4376,10820,2026-08-27,26123455.4,16,4112196.5,0.0,5553543.19,38.0,1,0.0
4377,4377,10823,2026-08-27,50750464.23,5,2827892.11,0.0,374205887.61,0.0,2,0.0
4378,4378,10826,2026-08-27,7327566.62,10,2121049.52,0.0,0.0,46.0,0,50.0
4379,4379,10829,2026-08-27,102671440.34,10,1812216.3,83540313.75,0.0,28.0,0,0.0
4380,4380,10830,2026-08-27,586552218.52,16,80880060.25,343863485.36,0.0,53.0,0,0.0
4381,4381,10831,2026-08-27,53971268.36,21,18571305.62,0.0,0.0,100.0,0,0.0
4382,4382,10833,2026-08-27,402091177.46,12,15102869.59,215258024.61,0.0,53.0,0,100.0
4383,4383,10836,2026-08-27,20622885.52,15,1468177.81,10889194.82,0.0,0.0,2,0.0
4384,4384,10837,2026-08-27,174122250.67,25,7018106.85,0.0,0.0,100.0,0,50.0
4385,4385,10840,2026-08-27,41074216.06,11,15839643.0,0.0,0.0,34.0,1,0.0
4386,4386,10842,2026-08-27,63140996.45,12,2011531.59,0.0,0.0,33.0,3,0.0
4387,4387,10845,2026-08-27,26520403.67,17,7991881.91,0.0,0.0,58.0,0,50.0
4388,4388,10847,2026-08-27,63477282.27,22,35672900.79,0.0,0.0,41.0,3,50.0
4389,4389,10850,2026-08-27,14485870.51,8,1798757.92,0.0,18809958.68,0.0,1,0.0
4390,4390,10853,2026-08-27,16755964.51,22,1502424.0,0.0,0.0,91.0,2,0.0
4391,4391,10857,2026-08-27,29417999.03,13,8233982.53,0.0,0.0,36.0,0,33.33
4392,4392,10858,2026-08-27,328974879.72,8,6103426.79,254297539.48,0.0,36.0,1,50.0
4393,4393,10860,2026-08-27,22413955.6,35,8680635.04,0.0,0.0,100.0,4,0.0
4394,4394,10861,2026-08-27,6782741.17,1,105209.14,0.0,0.0,5.0,3,0.0
4395,4395,10863,2026-08-27,532826366.09,15,20557124.09,0.0,0.0,42.0,1,100.0
4396,4396,10867,2026-08-27,3018213500.09,15,227788438.35,1766942010.53,0.0,0.0,1,25.0
4397,4397,10870,2026-08-27,49217919.38,19,6821730.53,0.0,48176561.75,47.0,1,100.0
4398,4398,10871,2026-08-27,83044729.86,3,4664888.67,0.0,0.0,0.0,2,0.0
4399,4399,10872,2026-08-27,65773057.0,15,4267588.3,0.0,0.0,49.0,0,100.0
4400,4400,10875,2026-08-27,26825384.36,16,5660692.07,0.0,0.0,15.0,3,50.0
4401,4401,10878,2026-08-27,304569779.19,15,8675471.03,287426908.92,0.0,42.0,1,33.33
4402,4402,10880,2026-08-27,20273468.89,3,125683.83,0.0,20330934.73,2.0,0,0.0
4403,4403,10882,2026-08-27,1724665197.02,20,239554350.85,0.0,0.0,65.0,0,0.0
4404,4404,10883,2026-08-27,40295790.67,17,4517334.89,0.0,0.0,46.0,0,100.0
4405,4405,10885,2026-08-27,71571978.14,24,13430608.68,0.0,0.0,100.0,1,0.0
4406,4406,10887,2026-08-27,93546507.16,18,8455849.93,0.0,0.0,100.0,1,50.0
4407,4407,10891,2026-08-27,109731827.25,11,4206311.61,55346777.07,0.0,44.0,1,0.0
4408,4408,10894,2026-08-27,519789901.6,14,682556.18,419303922.19,0.0,48.0,2,0.0
4409,4409,10898,2026-08-27,62799445.85,12,33388323.57,0.0,0.0,22.0,1,0.0
4410,4410,10901,2026-08-27,30136486.46,12,273682.62,0.0,0.0,33.0,2,33.33
4411,4411,10902,2026-08-27,336046226.11,10,10257894.29,114374438.18,0.0,58.0,1,25.0
4412,4412,10906,2026-08-27,1913654502.93,13,106939762.59,1387546147.33,1000192942.83,48.0,2,0.0
4413,4413,10909,2026-08-27,2269020.69,6,1613733.82,0.0,0.0,24.0,3,33.33
4414,4414,10912,2026-08-27,79406560.26,12,6817964.69,0.0,126381905.47,44.0,1,33.33
4415,4415,10915,2026-08-27,52012353.84,15,16342619.35,0.0,0.0,51.0,1,50.0
4416,4416,10918,2026-08-27,34683430.34,15,24500664.36,0.0,0.0,38.0,0,0.0
4417,4417,10920,2026-08-27,24404215.19,18,4086704.92,0.0,0.0,98.0,1,66.67
4418,4418,10924,2026-08-27,2572700636.37,25,876714869.43,0.0,1462079087.17,50.0,0,33.33
4419,4419,10925,2026-08-27,609265429.28,21,446261863.3,0.0,0.0,59.0,1,0.0
4420,4420,10928,2026-08-27,728145228.96,27,30063609.38,656434651.3599999,187684765.75,100.0,1,0.0
4421,4421,10931,2026-08-27,6646479.87,14,2786568.41,0.0,0.0,50.0,3,33.33
4422,4422,10932,2026-08-27,16682700.45,15,2131435.85,0.0,24552223.4,53.0,1,25.0
4423,4423,10937,2026-08-27,0.0,20,16204874.73,0.0,6838526.36,79.0,1,50.0
4424,4424,10941,2026-08-27,29206753.13,15,5727997.85,0.0,0.0,30.0,1,50.0
4425,4425,10943,2026-08-27,53621585.12,18,5928855.85,0.0,142197112.53,100.0,2,0.0
4426,4426,10944,2026-08-27,558947581.07,10,7889011.68,241192017.45,0.0,51.0,1,100.0
4427,4427,10945,2026-08-27,9411295.37,14,2497198.43,0.0,0.0,66.0,0,100.0
4428,4428,10948,2026-08-27,308962329.68,17,22769503.76,0.0,0.0,43.0,1,0.0
4429,4429,10949,2026-08-27,66612938.76,11,1134433.37,0.0,0.0,0.0,3,0.0
4430,4430,10950,2026-08-27,335337910.88,15,19234954.77,282338852.3,198133524.96,65.0,0,0.0
4431,4431,10952,2026-08-27,12030511.19,17,1948182.41,0.0,0.0,45.0,1,50.0
4432,4432,10955,2026-08-27,16740089.58,12,3239540.24,0.0,28682760.4,51.0,1,50.0
4433,4433,10958,2026-08-27,45272238.94,11,1385505.05,0.0,0.0,0.0,0,50.0
4434,4434,10962,2026-08-27,770273003.23,10,100034731.58,249756249.54,0.0,45.0,0,50.0
4435,4435,10963,2026-08-27,159409323.54,27,55587807.94,85061410.83,180984109.28,100.0,2,0.0
4436,4436,10964,2026-08-27,49055903.11,26,18270782.58,0.0,140148324.73,100.0,0,0.0
4437,4437,10965,2026-08-27,21501957.62,18,5359915.0,0.0,4888148.31,31.0,0,0.0
4438,4438,10968,2026-08-27,25012983.63,18,8456787.04,0.0,49035772.95,53.0,0,0.0
4439,4439,10970,2026-08-27,63255296.34,13,6332300.77,0.0,0.0,41.0,0,33.33
4440,4440,10973,2026-08-27,10124626.12,22,9639032.04,0.0,0.0,60.0,0,100.0
4441,4441,10977,2026-08-27,4261425055.43,17,409574915.91,3907005112.73,2193744229.13,48.0,0,25.0
4442,4442,10978,2026-08-27,31130111.15,10,13492311.99,31130111.15,0.0,46.0,0,50.0
4443,4443,10982,2026-08-27,55513281.95,17,30896206.39,0.0,0.0,0.0,0,0.0
4444,4444,10984,2026-08-27,9795333.42,16,3408455.78,0.0,0.0,34.0,0,0.0
4445,4445,10989,2026-08-27,1016824289.03,17,121795979.03,0.0,1314715465.86,0.0,1,50.0
4446,4446,10991,2026-08-27,264783701.52,10,22339287.27,130485487.74,0.0,0.0,3,75.0
4447,4447,10994,2026-08-27,834848662.92,17,26574327.1,494052981.67999995,2066738868.74,46.0,1,0.0
4448,4448,10997,2026-08-27,25215300.53,21,16851407.49,0.0,153765123.7,100.0,1,0.0
4449,4449,10999,2026-08-27,14611900.57,28,9854468.35,0.0,0.0,100.0,1,0.0
4450,4450,11001,2026-08-27,256274236.54,17,52545990.84,0.0,618876104.17,36.0,4,0.0
4451,4451,11004,2026-08-27,494820073.4,10,729486.07,384915026.71,327749345.93,42.0,0,0.0
4452,4452,11005,2026-08-27,0.0,9,1232646.48,0.0,1726184.33,0.0,0,50.0
4453,4453,11009,2026-08-27,7266241.74,1,0.0,0.0,24685559.01,0.0,2,0.0
4454,4454,11012,2026-08-27,17442172.91,7,138618.74,0.0,0.0,9.0,4,33.33
4455,4455,11014,2026-08-27,50635858.81,22,8084157.76,0.0,82026666.38,93.0,1,50.0
4456,4456,11015,2026-08-27,279079052.84,16,18777773.4,187745261.33999997,0.0,32.0,0,100.0
4457,4457,11016,2026-08-27,5891264.16,13,9255972.11,0.0,0.0,30.0,1,0.0
4458,4458,11017,2026-08-27,28834496.2,21,2645905.33,0.0,0.0,91.0,1,66.67
4459,4459,11023,2026-08-27,1051807992.61,16,284272865.28,0.0,0.0,64.0,1,25.0
4460,4460,11024,2026-08-27,0.0,13,28960641.92,0.0,0.0,33.0,0,0.0
4461,4461,11027,2026-08-27,47286951.86,16,10784588.75,15620469.11,0.0,54.0,1,50.0
4462,4462,11029,2026-08-27,238912340.87,11,14702661.69,113832607.87,0.0,35.0,0,50.0
4463,4463,11030,2026-08-27,235264920.52,3,0.0,169171780.68,0.0,44.0,0,0.0
4464,4464,11031,2026-08-27,28837540.94,7,2227778.25,21749305.1,120944251.9,0.0,1,100.0
4465,4465,11032,2026-08-27,45973760.36,12,3140090.41,0.0,0.0,60.0,1,66.67
4466,4466,11037,2026-08-27,16083048.76,17,1697925.29,0.0,0.0,59.0,0,33.33
4467,4467,11038,2026-08-27,7905117.43,19,4911097.02,0.0,0.0,40.0,2,100.0
4468,4468,11042,2026-08-27,17023611.64,3,2279934.89,0.0,0.0,41.0,0,25.0
4469,4469,11044,2026-08-27,315570735.96,8,8530997.25,288565479.81,0.0,19.0,1,0.0
4470,4470,11049,2026-08-27,14624783.67,19,6624191.5,0.0,0.0,24.0,1,50.0
4471,4471,11052,2026-08-27,92035566.84,11,13949776.18,49210728.59,0.0,37.0,0,33.33
4472,4472,11054,2026-08-27,10281673.46,15,2771630.93,0.0,0.0,36.0,2,100.0
4473,4473,11058,2026-08-27,103333914.93,5,1433128.1,94017666.31,54868039.19,28.0,0,50.0
4474,4474,11061,2026-08-27,1337802397.37,17,35164320.62,802591127.58,0.0,61.0,2,33.33
4475,4475,11065,2026-08-27,24140590.98,18,4469681.35,0.0,0.0,100.0,2,0.0
4476,4476,11066,2026-08-27,0.0,8,19980408.9,0.0,622255917.77,0.0,2,0.0
4477,4477,11067,2026-08-27,32637614.14,24,19935096.24,0.0,0.0,100.0,0,66.67
4478,4478,11070,2026-08-27,23806379.59,10,2973188.92,0.0,0.0,40.0,0,25.0
4479,4479,11074,2026-08-27,23366000.44,9,7034136.25,0.0,0.0,33.0,1,0.0
4480,4480,11076,2026-08-27,83322364.46,10,7098162.91,0.0,9436548.7,0.0,0,0.0
4481,4481,11078,2026-08-27,149372138.58,19,10196180.52,109033680.12,0.0,57.0,0,0.0
4482,4482,11080,2026-08-27,40623780.25,21,993178.06,20838900.41,0.0,100.0,0,25.0
4483,4483,11085,2026-08-27,23863696.8,15,1591119.66,0.0,0.0,11.0,0,50.0
4484,4484,11087,2026-08-27,32173989.9,14,5518706.48,0.0,0.0,41.0,2,33.33
4485,4485,11090,2026-08-27,161196637.65,16,7628338.82,0.0,0.0,0.0,1,0.0
4486,4486,11091,2026-08-27,15080156.75,11,2536112.34,0.0,0.0,58.0,2,0.0
4487,4487,11094,2026-08-27,19892156.3,9,2638118.13,0.0,0.0,37.0,0,0.0
4488,4488,11098,2026-08-27,9617189416.01,23,282812195.55,8596317154.789999,964054835.09,44.0,0,25.0
4489,4489,11099,2026-08-27,41512943.95,14,11645170.51,0.0,0.0,43.0,1,0.0
4490,4490,11101,2026-08-27,263925523.73,19,8657969.54,153036665.82,0.0,100.0,1,0.0
4491,4491,11103,2026-08-27,26831538.31,19,2351830.64,0.0,10464752.87,100.0,0,33.33
4492,4492,11106,2026-08-27,52807782.4,10,12622861.25,0.0,0.0,0.0,0,0.0
4493,4493,11110,2026-08-27,874512118.2,8,109091541.32,667462881.47,0.0,38.0,1,0.0
4494,4494,11114,2026-08-27,3023127876.53,19,979263147.47,2272729496.07,3844844677.33,44.0,2,25.0
4495,4495,11115,2026-08-27,66046785.07,18,1504363.16,0.0,0.0,39.0,2,100.0
4496,4496,11116,2026-08-27,185710070.92,14,6464743.9,140871788.17,0.0,21.0,2,100.0
4497,4497,11118,2026-08-27,5773092.51,23,4564938.69,0.0,107340618.02,100.0,1,0.0
4498,4498,11121,2026-08-27,31439371.73,18,7311725.46,0.0,0.0,100.0,3,0.0
4499,4499,11122,2026-08-27,289089296.52,9,10055982.43,202524950.95,0.0,29.0,0,0.0
4500,4500,11125,2026-08-27,67456883.78,15,6177202.46,50893133.14,0.0,18.0,1,0.0
4501,4501,11126,2026-08-27,1410646227.65,25,253098977.62,1022622615.91,0.0,48.0,1,33.33
4502,4502,11129,2026-08-27,2397167714.61,14,31906740.51,1888865256.38,0.0,37.0,2,0.0
4503,4503,11130,2026-08-27,28303025.92,22,9286174.13,0.0,0.0,95.0,1,33.33
4504,4504,11133,2026-08-27,13277871.89,20,2142306.77,0.0,0.0,0.0,0,0.0
4505,4505,11135,2026-08-27,1211106878.8,15,519388561.61,0.0,0.0,29.0,1,0.0
4506,4506,11136,2026-08-27,604774394.02,13,15673551.49,362543247.35,0.0,37.0,0,50.0
4507,4507,11138,2026-08-27,983300811.81,12,31072853.83,788915206.14,0.0,48.0,1,0.0
4508,4508,11142,2026-08-27,22383354.88,18,2209365.59,0.0,0.0,0.0,0,100.0
4509,4509,11144,2026-08-27,37235815.54,3,4943037.31,0.0,0.0,26.0,2,25.0
4510,4510,11148,2026-08-27,221950681.97,16,22022303.13,160168149.15,0.0,52.0,2,25.0
4511,4511,11151,2026-08-27,35675731.23,24,26379912.24,0.0,0.0,100.0,2,50.0
4512,4512,11153,2026-08-27,13935127.26,20,8444504.15,0.0,88033302.41,100.0,3,0.0
4513,4513,11155,2026-08-27,11312136.21,17,6420129.75,0.0,94360019.54,32.0,2,0.0
4514,4514,11158,2026-08-27,164440692.62,22,59671753.1,0.0,0.0,0.0,2,0.0
4515,4515,11160,2026-08-27,86626531.81,15,156426415.72,0.0,444011209.62,52.0,2,50.0
4516,4516,11162,2026-08-27,26048366.85,21,45031747.28,0.0,0.0,22.0,1,100.0
4517,4517,11163,2026-08-27,275054670.22,12,415876.68,253444119.49,0.0,53.0,0,75.0
4518,4518,11167,2026-08-27,30018467.66,18,2888411.72,0.0,0.0,0.0,0,0.0
4519,4519,11170,2026-08-27,91323521.46,9,448127.88,73244537.03,0.0,39.0,1,0.0
4520,4520,11173,2026-08-27,0.0,12,1915850.81,0.0,0.0,51.0,1,0.0
4521,4521,11174,2026-08-27,141021063.33,19,10163905.82,0.0,0.0,45.0,1,33.33
4522,4522,11179,2026-08-27,294024602.7,13,26257566.32,0.0,0.0,44.0,1,100.0
4523,4523,11181,2026-08-27,30502614.42,8,2983832.22,23955250.99,45968629.43,9.0,1,0.0
4524,4524,11183,2026-08-27,25180600.09,13,13289878.73,0.0,66789037.81,54.0,1,0.0
4525,4525,11186,2026-08-27,3919473.51,3,0.0,0.0,13532780.46,0.0,0,100.0
4526,4526,11187,2026-08-27,11868796.08,20,8474210.72,0.0,0.0,100.0,0,0.0
4527,4527,11189,2026-08-27,4616982.15,3,915052.17,0.0,0.0,0.0,1,0.0
4528,4528,11191,2026-08-27,23919408.54,5,125772.01,16607932.16,0.0,15.0,1,0.0
4529,4529,11195,2026-08-27,56321862.85,15,3802250.16,0.0,18326605.45,29.0,1,0.0
4530,4530,11197,2026-08-27,15287011.77,26,4666781.9,0.0,17110293.36,97.0,0,0.0
4531,4531,11198,2026-08-27,47582481.8,11,5948332.53,0.0,0.0,0.0,0,0.0
4532,4532,11200,2026-08-27,913206362.63,13,37349627.04,724887156.92,297833210.76,42.0,0,100.0
4533,4533,11203,2026-08-27,35561625.8,2,0.0,0.0,199482134.12,0.0,0,0.0
4534,4534,11206,2026-08-27,83000934.42,19,8968775.91,0.0,0.0,96.0,0,0.0
4535,4535,11211,2026-08-27,76534613.15,24,8638825.83,0.0,506263011.86,100.0,2,66.67
4536,4536,11214,2026-08-27,1022617517.81,16,157781970.3,583143481.6,0.0,46.0,1,25.0
4537,4537,11216,2026-08-27,95576435.42,4,2126010.57,54473937.95,0.0,14.0,1,0.0
4538,4538,11217,2026-08-27,17991310.46,11,6173063.71,0.0,0.0,0.0,0,0.0
4539,4539,11219,2026-08-27,48187822.92,19,3282643.22,0.0,25659101.14,48.0,1,66.67
4540,4540,11221,2026-08-27,412136565.9,10,6957296.31,295986607.34000003,255980686.26,0.0,2,100.0
4541,4541,11222,2026-08-27,68035729.45,19,40121450.59,0.0,223236793.87,30.0,1,0.0
4542,4542,11225,2026-08-27,322065351.37,20,17982652.24,256364094.08,136812738.91,40.0,2,0.0
4543,4543,11226,2026-08-27,46999909.91,12,4416824.89,31998081.17,0.0,0.0,1,25.0
4544,4544,11231,2026-08-27,45839306.32,30,10582632.36,0.0,0.0,93.0,2,0.0
4545,4545,11232,2026-08-27,841899201.54,16,16406810.32,666021629.88,0.0,33.0,2,50.0
4546,4546,11234,2026-08-27,0.0,25,5285050.43,0.0,0.0,0.0,2,0.0
4547,4547,11235,2026-08-27,78187632.17,12,2442542.81,0.0,0.0,32.0,0,33.33
4548,4548,11238,2026-08-27,128839753.66,20,8475013.73,100232068.85,0.0,33.0,0,33.33
4549,4549,11241,2026-08-27,17909331.58,4,79994.87,0.0,80971770.41,18.0,4,0.0
4550,4550,11245,2026-08-27,9745038.32,17,3086364.76,0.0,0.0,63.0,1,66.67
4551,4551,11247,2026-08-27,474717718.68,19,16453415.48,315340974.51,12518369.17,0.0,0,0.0
4552,4552,11251,2026-08-27,11128290.14,6,3750685.02,0.0,0.0,0.0,3,0.0
4553,4553,11254,2026-08-27,2797989077.51,14,10982801.57,1177189700.74,7369183061.21,64.0,3,0.0
4554,4554,11256,2026-08-27,13089427.92,6,285860.05,0.0,0.0,25.0,0,0.0
4555,4555,11258,2026-08-27,10310058.96,7,1879570.34,0.0,0.0,42.0,0,100.0
4556,4556,11261,2026-08-27,7853455.0,3,1148100.5,0.0,78610640.48,22.0,1,0.0
4557,4557,11264,2026-08-27,8893044.44,14,877538.65,0.0,0.0,43.0,2,0.0
4558,4558,11267,2026-08-27,15600391.58,9,5839154.8,0.0,5121568.1,28.0,1,0.0
4559,4559,11269,2026-08-27,3569619646.29,26,55879243.28,1887482225.47,602934648.69,53.0,0,0.0
4560,4560,11272,2026-08-27,49765359.35,3,2904810.68,0.0,54520246.59,28.0,2,0.0
4561,4561,11273,2026-08-27,28999805.58,10,5251850.92,0.0,127610775.24,0.0,2,0.0
4562,4562,11274,2026-08-27,8943817.18,22,4448767.77,0.0,0.0,38.0,0,0.0
4563,4563,11276,2026-08-27,0.0,13,1636533.71,0.0,0.0,40.0,0,100.0
4564,4564,11279,2026-08-27,49478565.12,9,9349984.48,0.0,0.0,0.0,0,0.0
4565,4565,11281,2026-08-27,0.0,18,5319590.66,0.0,0.0,36.0,1,0.0
4566,4566,11282,2026-08-27,0.0,6,516023.08,0.0,33634744.65,0.0,2,0.0
4567,4567,11286,2026-08-27,56165702.45,4,73923.92,44505808.27,0.0,0.0,4,0.0
4568,4568,11287,2026-08-27,327484334.7,26,38688830.68,98602529.1,0.0,44.0,1,0.0
4569,4569,11289,2026-08-27,18637866.49,18,8032511.19,0.0,0.0,100.0,1,0.0
4570,4570,11292,2026-08-27,27698044.08,20,34320933.22,0.0,0.0,100.0,1,0.0
4571,4571,11294,2026-08-27,17106003.0,9,2271834.28,0.0,11352129.25,31.0,2,33.33
4572,4572,11296,2026-08-27,53834174.68,7,837600.71,37103511.56,0.0,29.0,0,0.0
4573,4573,11299,2026-08-27,15457629.62,11,3772853.16,0.0,0.0,29.0,0,50.0
4574,4574,11302,2026-08-27,630467198.68,15,83787060.13,523704206.65999997,0.0,36.0,1,50.0
4575,4575,11306,2026-08-27,11627372.87,7,3128616.34,0.0,0.0,0.0,0,0.0
4576,4576,11309,2026-08-27,29220207.39,10,4823988.09,0.0,0.0,40.0,1,50.0
4577,4577,11311,2026-08-27,14416468.91,8,7013695.71,0.0,0.0,38.0,0,0.0
4578,4578,11315,2026-08-27,3746716936.67,18,52618065.09,3255384642.07,1422466692.71,44.0,0,0.0
4579,4579,11320,2026-08-27,12513046.19,20,6920769.8,0.0,0.0,100.0,0,50.0
4580,4580,11323,2026-08-27,114379091.43,23,2052446.86,0.0,0.0,0.0,3,0.0
4581,4581,11324,2026-08-27,115475690.04,8,3565333.72,71578458.8,0.0,0.0,1,0.0
4582,4582,11326,2026-08-27,0.0,10,5149734.01,0.0,39528425.83,0.0,0,0.0
4583,4583,11329,2026-08-27,32249576.61,8,2337938.49,25959121.68,16483158.25,0.0,1,0.0
4584,4584,11333,2026-08-27,215769250.49,11,5388111.52,0.0,0.0,34.0,0,0.0
4585,4585,11334,2026-08-27,33454758.56,2,541916.79,0.0,0.0,0.0,3,0.0
4586,4586,11337,2026-08-27,920234623.2,14,42414215.11,542871295.51,0.0,51.0,0,66.67
4587,4587,11338,2026-08-27,12463574.4,24,3054835.2,0.0,0.0,100.0,0,0.0
4588,4588,11339,2026-08-27,23877493.9,8,14355729.34,0.0,103784548.61,30.0,0,0.0
4589,4589,11340,2026-08-27,154745906.68,4,3281910.42,135901460.09,0.0,9.0,2,0.0
4590,4590,11346,2026-08-27,30982527.04,17,4854449.87,0.0,0.0,0.0,0,0.0
4591,4591,11347,2026-08-27,46269927.44,16,8887260.95,11608782.14,0.0,53.0,2,0.0
4592,4592,11349,2026-08-27,9182801.6,23,4689236.12,0.0,0.0,83.0,0,0.0
4593,4593,11350,2026-08-27,399501755.26,5,8712873.98,304089155.49,0.0,0.0,4,50.0
4594,4594,11354,2026-08-27,28149951.41,13,1876576.6,0.0,0.0,45.0,0,33.33
4595,4595,11358,2026-08-27,10796965.04,16,1831660.47,0.0,0.0,31.0,0,50.0
4596,4596,11359,2026-08-27,77294309.31,18,14647312.36,0.0,0.0,0.0,1,0.0
4597,4597,11361,2026-08-27,474043656.95,10,252932.37,406847419.39,0.0,40.0,0,0.0
4598,4598,11362,2026-08-27,26037432.79,19,3547545.9,16728383.38,0.0,65.0,0,50.0
4599,4599,11366,2026-08-27,704612023.11,11,4077315.91,349067887.54,0.0,52.0,1,0.0
4600,4600,11367,2026-08-27,1317759407.68,6,4782533.02,722872748.09,473648130.41,0.0,3,100.0
4601,4601,11369,2026-08-27,141713516.28,17,13756762.2,111750084.23,0.0,100.0,2,25.0
4602,4602,11373,2026-08-27,66893542.99,7,1807772.79,60847981.91,7203862.39,29.0,0,0.0
4603,4603,11377,2026-08-27,31284859.61,9,842304.88,0.0,410058117.19,0.0,0,0.0
4604,4604,11379,2026-08-27,4530143.19,6,2091658.97,0.0,12881996.95,8.0,0,0.0
4605,4605,11381,2026-08-27,9062987.63,7,483585.39,0.0,0.0,0.0,1,0.0
4606,4606,11383,2026-08-27,147556121.25,17,1527827.86,92073682.09,0.0,38.0,0,50.0
4607,4607,11387,2026-08-27,76875873.42,8,279681.17,55568597.99,15198928.07,0.0,0,0.0
4608,4608,11389,2026-08-27,31149635.26,17,11146909.31,0.0,0.0,33.0,0,66.67
4609,4609,11393,2026-08-27,478640611.59,14,11459942.56,407687811.72,122711684.42,48.0,2,66.67
4610,4610,11395,2026-08-27,12709957.31,16,6650403.2,0.0,0.0,29.0,0,0.0
4611,4611,11398,2026-08-27,95393977.06,10,11733860.64,0.0,0.0,37.0,0,0.0
4612,4612,11402,2026-08-27,25817883.15,12,7293840.31,0.0,227628705.73,26.0,1,100.0
4613,4613,11405,2026-08-27,19796762.05,4,2526065.93,0.0,7616399.8,0.0,1,33.33
4614,4614,11407,2026-08-27,13500903.69,23,2908998.45,0.0,8179188.83,100.0,1,0.0
4615,4615,11413,2026-08-27,130483555.27,11,29693487.67,92390579.11,0.0,43.0,1,75.0
4616,4616,11414,2026-08-27,6548914.62,14,1936898.42,0.0,0.0,35.0,2,75.0
4617,4617,11419,2026-08-27,713908080.7,12,54765740.38,496091704.95,0.0,0.0,0,0.0
4618,4618,11424,2026-08-27,14888722.33,20,5027764.77,0.0,47352378.79,100.0,0,25.0
4619,4619,11425,2026-08-27,1109587692.35,12,96902267.28,942749185.4499999,0.0,42.0,0,0.0
4620,4620,11428,2026-08-27,89573191.66,20,12313530.79,0.0,0.0,100.0,0,0.0
4621,4621,11430,2026-08-27,14202247.06,15,1839878.95,0.0,0.0,35.0,2,0.0
4622,4622,11433,2026-08-27,135761256.78,17,8276819.5,0.0,0.0,0.0,1,50.0
4623,4623,11435,2026-08-27,84119264.27,34,36989300.22,0.0,240745892.37,89.0,2,0.0
4624,4624,11439,2026-08-27,192010925.94,15,11450108.8,0.0,0.0,0.0,1,25.0
4625,4625,11441,2026-08-27,3097857361.59,23,144939367.15,2102312832.87,0.0,0.0,1,33.33
4626,4626,11445,2026-08-27,668753865.3,29,18060075.64,617602052.99,0.0,100.0,2,33.33
4627,4627,11449,2026-08-27,14306787.3,12,2853291.01,0.0,0.0,31.0,2,25.0
4628,4628,11451,2026-08-27,281934638.89,7,7640375.65,203814191.96,0.0,18.0,0,50.0
4629,4629,11452,2026-08-27,0.0,20,31163841.98,0.0,0.0,53.0,2,25.0
4630,4630,11456,2026-08-27,68932515.21,22,10393005.09,0.0,0.0,47.0,0,50.0
4631,4631,11458,2026-08-27,40281224.37,9,1316175.57,0.0,0.0,34.0,0,50.0
4632,4632,11461,2026-08-27,199575780.96,13,5394145.05,147907698.29,0.0,0.0,1,100.0
4633,4633,11464,2026-08-27,569526972.62,17,14756811.89,218398597.58,0.0,46.0,2,25.0
4634,4634,11468,2026-08-27,65560817.53,15,2021369.7,51428696.83,53849202.87,30.0,1,33.33
4635,4635,11471,2026-08-27,25063746.47,1,0.0,0.0,112336461.25,8.0,1,0.0
4636,4636,11474,2026-08-27,460133272.49,16,72684251.77,0.0,0.0,43.0,1,0.0
4637,4637,11475,2026-08-27,986918949.37,15,41716705.55,818238098.24,84779363.25,22.0,0,100.0
4638,4638,11476,2026-08-27,101236703.38,2,2163146.5,60881860.37,0.0,5.0,0,0.0
4639,4639,11480,2026-08-27,207440669.71,16,13050629.75,165062565.01,0.0,51.0,1,100.0
4640,4640,11482,2026-08-27,6672299.4,13,2846074.28,0.0,0.0,35.0,1,25.0
4641,4641,11485,2026-08-27,91619600.77,16,3470930.83,0.0,223601726.32,50.0,1,100.0
4642,4642,11487,2026-08-27,802701213.48,17,110328733.23,343721148.47,0.0,51.0,0,0.0
4643,4643,11489,2026-08-27,2852627843.34,23,69522116.77,2220279800.44,0.0,100.0,0,0.0
4644,4644,11491,2026-08-27,561280926.45,15,38124752.1,246674058.14,1178351162.72,57.0,0,0.0
4645,4645,11494,2026-08-27,31466977.83,12,34964543.62,0.0,0.0,0.0,1,75.0
4646,4646,11499,2026-08-27,22641020.13,16,8968677.67,0.0,0.0,46.0,1,25.0
4647,4647,11504,2026-08-27,46933958.0,5,434517.08,32223258.1,0.0,49.0,1,50.0
4648,4648,11506,2026-08-27,46311050.89,13,8649165.2,0.0,0.0,0.0,1,50.0
4649,4649,11507,2026-08-27,282101634.5,17,11959250.58,0.0,48930779.63,0.0,1,0.0
4650,4650,11510,2026-08-27,87258277.11,19,42957413.79,0.0,0.0,94.0,2,50.0
4651,4651,11514,2026-08-27,289651259.69,8,6197631.58,221756143.51,0.0,22.0,1,33.33
4652,4652,11517,2026-08-27,81058343.99,10,13922793.24,0.0,0.0,0.0,1,0.0
4653,4653,11519,2026-08-27,1444907108.46,16,45435040.84,1080098867.14,0.0,39.0,1,0.0
4654,4654,11522,2026-08-27,1593345812.6,14,289416706.73,910463554.27,0.0,41.0,1,50.0
4655,4655,11525,2026-08-27,276201445.26,11,3689529.7,138506508.42,0.0,26.0,1,33.33
4656,4656,11529,2026-08-27,229572194.42,14,32060459.62,147929200.21,0.0,43.0,1,25.0
4657,4657,11532,2026-08-27,18665525.71,11,1393657.22,0.0,83692272.17,24.0,1,25.0
4658,4658,11535,2026-08-27,1113062707.71,18,376951072.98,692755174.61,0.0,0.0,1,50.0
4659,4659,11539,2026-08-27,63953785.25,30,30222897.04,0.0,0.0,100.0,0,0.0
4660,4660,11542,2026-08-27,12825651.92,16,2670287.18,0.0,0.0,27.0,0,33.33
4661,4661,11543,2026-08-27,10416374.15,2,0.0,0.0,8839655.73,2.0,0,100.0
4662,4662,11546,2026-08-27,170047772.15,12,54475474.15,0.0,177933458.6,42.0,0,33.33
4663,4663,11547,2026-08-27,161985993.07,8,6762542.44,0.0,73237785.28,30.0,0,66.67
4664,4664,11552,2026-08-27,626717431.04,15,12975351.33,598245539.32,0.0,0.0,2,33.33
4665,4665,11553,2026-08-27,11412469.14,18,2312821.53,0.0,103241529.48,100.0,2,0.0
4666,4666,11555,2026-08-27,265938284.28,12,31092565.35,162333097.43,298203274.9,27.0,1,0.0
4667,4667,11556,2026-08-27,129231527.32,17,20290950.18,0.0,0.0,0.0,0,0.0
4668,4668,11558,2026-08-27,233986864.1,6,2325808.89,92209214.1,0.0,0.0,0,50.0
4669,4669,11560,2026-08-27,21485596.24,9,9738236.64,0.0,100857279.04,51.0,1,66.67
4670,4670,11563,2026-08-27,24847888.96,24,7250698.2,0.0,0.0,0.0,2,0.0
4671,4671,11565,2026-08-27,0.0,16,1886704.52,0.0,10567604.95,55.0,1,100.0
4672,4672,11568,2026-08-27,78842064.36,15,5657855.58,0.0,56668628.57,28.0,1,0.0
4673,4673,11571,2026-08-27,83014538.17,15,48657122.37,0.0,0.0,64.0,3,0.0
4674,4674,11574,2026-08-27,186969807.67,15,2534006.65,154783484.49,0.0,48.0,0,100.0
4675,4675,11576,2026-08-27,4337166.89,3,0.0,0.0,0.0,25.0,1,25.0
4676,4676,11580,2026-08-27,17833333.86,18,2453522.2,0.0,0.0,47.0,2,50.0
4677,4677,11584,2026-08-27,353990913.86,18,505578962.15,0.0,1687867965.19,37.0,1,100.0
4678,4678,11586,2026-08-27,12343493856.38,25,319180508.8,9009015730.34,0.0,45.0,0,0.0
4679,4679,11589,2026-08-27,2311749702.91,14,14391013.79,1780538832.22,708162587.29,88.0,1,0.0
4680,4680,11590,2026-08-27,69387068.55,12,2776624.86,0.0,0.0,27.0,0,0.0
4681,4681,11591,2026-08-27,60303988.59,13,3674020.95,0.0,0.0,10.0,1,0.0
4682,4682,11592,2026-08-27,1082845555.09,19,180439525.69,260899763.91,0.0,43.0,2,0.0
4683,4683,11594,2026-08-27,244807930.06,14,5824205.28,145582007.1,109243516.13,22.0,2,25.0
4684,4684,11598,2026-08-27,27541111.25,4,0.0,20843676.88,6257076.27,0.0,0,0.0
4685,4685,11601,2026-08-27,13565587.57,11,4507089.43,0.0,0.0,23.0,1,0.0
4686,4686,11604,2026-08-27,262583376.34,7,16837015.31,0.0,0.0,24.0,0,100.0
4687,4687,11605,2026-08-27,93533582.95,18,19060368.48,0.0,0.0,45.0,1,100.0
4688,4688,11607,2026-08-27,122051383.93,20,4765703.09,73156660.35,20186738.96,21.0,1,0.0
4689,4689,11609,2026-08-27,82306832.65,14,1194372.87,54823654.35,8016313.22,25.0,1,0.0
4690,4690,11610,2026-08-27,6606955.42,2,0.0,0.0,0.0,0.0,4,0.0
4691,4691,11614,2026-08-27,18572746.75,28,3872360.84,0.0,0.0,99.0,2,25.0
4692,4692,11618,2026-08-27,9139941.15,11,1763213.2,0.0,0.0,55.0,1,0.0
4693,4693,11619,2026-08-27,30812704.12,6,493043.26,0.0,0.0,14.0,3,0.0
4694,4694,11621,2026-08-27,12577991.6,15,3089990.25,0.0,0.0,0.0,1,50.0
4695,4695,11625,2026-08-27,1783947625.61,15,16210542.61,1783947625.6100001,0.0,20.0,0,100.0
4696,4696,11626,2026-08-27,8950053.7,4,152751.24,0.0,68386998.37,0.0,2,0.0
4697,4697,11627,2026-08-27,1944604080.6,13,24207221.92,1557578692.72,667178357.33,48.0,0,33.33
4698,4698,11633,2026-08-27,172418416.94,39,13133541.86,146373560.01,55447774.0,100.0,0,0.0
4699,4699,11635,2026-08-27,13417808.55,25,13820192.07,0.0,0.0,86.0,1,0.0
4700,4700,11638,2026-08-27,50625297.54,15,2638608.49,25978796.79,0.0,26.0,1,33.33
4701,4701,11640,2026-08-27,90364103.2,11,1270644.08,59108718.34,0.0,13.0,1,0.0
4702,4702,11642,2026-08-27,82322583.16,15,11682914.1,0.0,0.0,44.0,1,66.67
4703,4703,11644,2026-08-27,155110772.33,9,7514946.33,104561378.18,0.0,0.0,1,33.33
4704,4704,11648,2026-08-27,271506055.12,12,6621764.93,145662517.49,339266800.74,47.0,0,50.0
4705,4705,11651,2026-08-27,463499991.4,20,55191562.29,304278506.46,0.0,40.0,1,0.0
4706,4706,11653,2026-08-27,8280739.2,19,1732821.62,0.0,13233518.27,33.0,0,100.0
4707,4707,11655,2026-08-27,633886136.06,21,216679407.35,0.0,0.0,58.0,1,100.0
4708,4708,11656,2026-08-27,282947960.37,15,14195830.32,247457920.06,0.0,0.0,1,100.0
4709,4709,11657,2026-08-27,97949003.31,19,10508780.29,0.0,0.0,41.0,2,0.0
4710,4710,11658,2026-08-27,285275991.12,14,26118022.1,0.0,0.0,35.0,0,100.0
4711,4711,11660,2026-08-27,225792427.75,12,12736051.67,150527997.33,97199877.97,30.0,0,100.0
4712,4712,11663,2026-08-27,14137525.97,13,3603576.75,0.0,0.0,50.0,0,0.0
4713,4713,11665,2026-08-27,166613752.85,22,50343579.52,0.0,0.0,100.0,0,0.0
4714,4714,11669,2026-08-27,112968134.35,11,0.0,0.0,74617451.39,32.0,0,50.0
4715,4715,11670,2026-08-27,21233597.52,31,3500927.64,0.0,0.0,100.0,3,0.0
4716,4716,11671,2026-08-27,24974017.21,15,825655.32,0.0,57831162.35,38.0,0,0.0
4717,4717,11672,2026-08-27,402906124.97,14,14906281.48,57209806.78,0.0,35.0,0,100.0
4718,4718,11677,2026-08-27,19219787.0,23,3009861.91,0.0,0.0,100.0,0,0.0
4719,4719,11679,2026-08-27,331443818.42,13,11732764.8,234202300.53,0.0,79.0,0,0.0
4720,4720,11680,2026-08-27,77102070.39,24,822063.5,64648450.02,0.0,43.0,0,0.0
4721,4721,11684,2026-08-27,701797545.85,9,12359347.79,207077977.12,108801193.04,30.0,2,33.33
4722,4722,11685,2026-08-27,62343792.31,26,4620026.44,0.0,0.0,100.0,2,0.0
4723,4723,11686,2026-08-27,88565098.85,15,3970779.29,73533905.75,0.0,26.0,2,0.0
4724,4724,11687,2026-08-27,93424330.39,23,8697662.19,82302795.89,71653342.0,97.0,2,0.0
4725,4725,11689,2026-08-27,0.0,16,105804143.29,0.0,0.0,39.0,1,50.0
4726,4726,11691,2026-08-27,37332646.36,13,2303244.98,0.0,0.0,32.0,0,50.0
4727,4727,11692,2026-08-27,10316688.54,16,2431110.31,0.0,0.0,30.0,0,0.0
4728,4728,11698,2026-08-27,32055701.02,22,4266808.6,0.0,0.0,49.0,0,50.0
4729,4729,11701,2026-08-27,0.0,26,29992509.08,0.0,0.0,100.0,1,50.0
4730,4730,11703,2026-08-27,109755858.61,13,10457829.36,92065527.22,1399511.45,0.0,0,75.0
4731,4731,11706,2026-08-27,485843594.62,11,4631383.99,141498763.55,0.0,40.0,0,75.0
4732,4732,11711,2026-08-27,56017617.69,7,4649660.36,44652164.93,0.0,49.0,1,33.33
4733,4733,11715,2026-08-27,314420528.56,13,4459232.77,258397463.81,10902185.92,0.0,2,33.33
4734,4734,11716,2026-08-27,15028757.65,16,7276868.88,0.0,0.0,67.0,2,0.0
4735,4735,11717,2026-08-27,23353661.86,7,2975469.92,0.0,0.0,0.0,0,0.0
4736,4736,11722,2026-08-27,8750139.82,4,290970.34,0.0,48392881.98,7.0,1,0.0
4737,4737,11725,2026-08-27,48906236.2,2,632168.0,33071047.87,0.0,12.0,2,0.0
4738,4738,11727,2026-08-27,231669496.17,18,50089688.92,119707073.26,1356223715.07,59.0,2,0.0
4739,4739,11728,2026-08-27,2666505613.93,17,68817022.53,2160773085.73,104950633.07,58.0,0,33.33
4740,4740,11731,2026-08-27,137550129.03,24,5674311.02,104515348.32,66378311.2,96.0,2,0.0
4741,4741,11735,2026-08-27,22419131.98,20,8915538.34,0.0,0.0,0.0,0,33.33
4742,4742,11737,2026-08-27,13588227.82,21,18853601.94,0.0,24956786.34,20.0,0,50.0
4743,4743,11738,2026-08-27,98316359.56,6,3916368.92,47589269.48,0.0,50.0,1,0.0
4744,4744,11739,2026-08-27,16808901.67,20,18811923.49,0.0,0.0,34.0,0,50.0
4745,4745,11744,2026-08-27,74488062.88,19,14307126.66,0.0,0.0,58.0,2,100.0
4746,4746,11747,2026-08-27,3097550345.53,18,93537663.42,2113542763.28,0.0,47.0,1,66.67
4747,4747,11749,2026-08-27,879797876.68,12,36753840.1,741299577.23,0.0,0.0,3,50.0
4748,4748,11751,2026-08-27,578328494.53,28,132695367.28,0.0,0.0,98.0,1,100.0
4749,4749,11755,2026-08-27,117375017.75,10,10690437.21,0.0,0.0,40.0,0,50.0
4750,4750,11757,2026-08-27,463206780.52,13,89093916.4,108660531.11,0.0,60.0,1,0.0
4751,4751,11761,2026-08-27,50165165.3,13,5177852.46,0.0,166372095.7,46.0,0,50.0
4752,4752,11763,2026-08-27,472085293.24,21,46644524.62,0.0,0.0,100.0,0,0.0
4753,4753,11765,2026-08-27,183388472.19,17,32595510.87,115084823.91,149090317.89,42.0,2,66.67
4754,4754,11768,2026-08-27,30241624.41,20,13959805.13,0.0,0.0,91.0,1,0.0
4755,4755,11769,2026-08-27,17734631.01,14,0.0,0.0,0.0,0.0,1,0.0
4756,4756,11773,2026-08-27,15861394.93,37,10933281.96,0.0,44652226.79,100.0,2,0.0
4757,4757,11776,2026-08-27,1312990058.9,12,35753487.06,1084637294.4,0.0,38.0,1,66.67
4758,4758,11779,2026-08-27,49720091.55,15,23230621.16,0.0,0.0,41.0,0,0.0
4759,4759,11781,2026-08-27,672599698.28,20,61128491.5,0.0,326799959.59,47.0,1,100.0
4760,4760,11784,2026-08-27,9624816.93,12,820927.97,0.0,0.0,16.0,0,25.0
4761,4761,11786,2026-08-27,194420320.8,21,157755901.17,0.0,0.0,100.0,1,100.0
4762,4762,11789,2026-08-27,14730785.4,29,10567773.84,0.0,1639526.01,84.0,3,0.0
4763,4763,11792,2026-08-27,43099289.68,7,44015469.64,0.0,365006217.12,33.0,0,0.0
4764,4764,11796,2026-08-27,46796273.78,19,11614683.21,0.0,36818796.28,82.0,1,33.33
4765,4765,11797,2026-08-27,1155102475.94,13,35121685.24,484081006.49,1785425796.18,0.0,0,100.0
4766,4766,11800,2026-08-27,40749150.81,10,412110.3,0.0,0.0,19.0,1,100.0
4767,4767,11802,2026-08-27,20182243.51,4,282483.32,0.0,24015867.12,19.0,0,0.0
4768,4768,11804,2026-08-27,441139095.57,33,14544272.25,358250958.38,0.0,79.0,1,0.0
4769,4769,11806,2026-08-27,23408936.11,21,5536723.13,0.0,0.0,43.0,0,66.67
4770,4770,11809,2026-08-27,8794377.29,6,0.0,0.0,0.0,17.0,2,100.0
4771,4771,11811,2026-08-27,13290442.32,3,641911.11,0.0,0.0,6.0,2,0.0
4772,4772,11815,2026-08-27,1306346605.08,19,48318175.56,983482460.04,0.0,28.0,0,100.0
4773,4773,11816,2026-08-27,541405118.38,29,234087130.19,0.0,0.0,46.0,1,25.0
4774,4774,11820,2026-08-27,529957144.41,10,35319403.81,261686828.27,0.0,0.0,0,100.0
4775,4775,11821,2026-08-27,4872467619.38,26,404240873.04,3638228435.1,3511016676.44,61.0,1,100.0
4776,4776,11823,2026-08-27,387843859.75,14,103863350.35,0.0,838486066.19,63.0,0,25.0
4777,4777,11826,2026-08-27,778386751.34,7,7733936.17,736520602.27,0.0,29.0,1,100.0
4778,4778,11827,2026-08-27,879502385.36,13,127397614.46,0.0,0.0,37.0,0,0.0
4779,4779,11829,2026-08-27,38248132.27,14,6302389.9,0.0,0.0,54.0,1,50.0
4780,4780,11832,2026-08-27,14782638.7,3,2886403.68,0.0,0.0,0.0,0,0.0
4781,4781,11834,2026-08-27,21264307.76,16,4127464.97,0.0,0.0,35.0,0,75.0
4782,4782,11837,2026-08-27,39430695.63,11,973560.58,0.0,0.0,0.0,0,0.0
4783,4783,11841,2026-08-27,58502504.28,15,17632272.5,38353686.77,0.0,26.0,1,100.0
4784,4784,11842,2026-08-27,14748089.61,20,3682902.31,0.0,0.0,99.0,3,0.0
4785,4785,11844,2026-08-27,217953192.17,10,5761968.4,178086731.84,0.0,27.0,1,0.0
4786,4786,11846,2026-08-27,65875896.38,15,11753219.2,0.0,324501928.6,40.0,0,25.0
4787,4787,11849,2026-08-27,112783753.75,11,6716962.99,0.0,0.0,34.0,0,0.0
4788,4788,11850,2026-08-27,22448022.05,3,300981.95,0.0,0.0,0.0,2,0.0
4789,4789,11854,2026-08-27,682575669.66,23,46315890.83,208915658.95,774699169.8,49.0,1,66.67
4790,4790,11856,2026-08-27,83390976.43,4,7175995.41,0.0,73969550.23,21.0,0,0.0
4791,4791,11859,2026-08-27,13260826.02,23,1619495.04,0.0,0.0,100.0,2,0.0
4792,4792,11862,2026-08-27,397270751.9,25,98538359.3,0.0,290926693.99,75.0,0,0.0
4793,4793,11863,2026-08-27,10153471.82,14,1819307.65,0.0,34814768.03,0.0,0,100.0
4794,4794,11866,2026-08-27,72632046.0,15,7569652.75,53423038.73,0.0,0.0,4,0.0
4795,4795,11867,2026-08-27,274414379.48,11,12797841.46,228388737.86,61580677.93,14.0,1,0.0
4796,4796,11868,2026-08-27,24907541.08,17,4089957.54,0.0,0.0,0.0,2,0.0
4797,4797,11869,2026-08-27,6361651.97,13,2024080.58,0.0,20145795.92,36.0,0,100.0
4798,4798,11872,2026-08-27,14435398.2,24,4472110.39,0.0,90975851.08,95.0,0,33.33
4799,4799,11875,2026-08-27,8777299.37,11,4337102.39,0.0,0.0,0.0,0,0.0
4800,4800,11879,2026-08-27,10874736.34,7,575565.21,0.0,0.0,0.0,2,33.33
4801,4801,11882,2026-08-27,391490019.74,11,38861615.76,198224522.33,0.0,0.0,1,0.0
4802,4802,11883,2026-08-27,19303021.2,13,9216821.72,0.0,0.0,0.0,0,100.0
4803,4803,11886,2026-08-27,724953211.35,13,209969931.48,0.0,0.0,47.0,0,33.33
4804,4804,11890,2026-08-27,131620215.82,22,81777620.46,0.0,0.0,100.0,1,0.0
4805,4805,11893,2026-08-27,15247542.13,14,2263474.23,0.0,0.0,50.0,1,100.0
4806,4806,11895,2026-08-27,133471929.84,9,3154068.61,0.0,0.0,0.0,1,0.0
4807,4807,11897,2026-08-27,553624187.08,12,32066278.4,284493445.31,0.0,29.0,2,100.0
4808,4808,11899,2026-08-27,39590078.08,22,4829872.26,20099429.29,0.0,100.0,2,0.0
4809,4809,11901,2026-08-27,466433624.47,10,5271628.62,304256837.95,0.0,34.0,0,33.33
4810,4810,11904,2026-08-27,30891597.0,26,18089842.37,0.0,0.0,100.0,0,0.0
4811,4811,11909,2026-08-27,0.0,29,6461910.37,0.0,0.0,81.0,4,0.0
4812,4812,11910,2026-08-27,7620335.01,2,0.0,0.0,0.0,28.0,1,0.0
4813,4813,11913,2026-08-27,31268174.96,21,6397941.8,0.0,183634332.46,95.0,1,0.0
4814,4814,11917,2026-08-27,32101562.35,11,1374399.36,0.0,0.0,33.0,0,100.0
4815,4815,11918,2026-08-27,241644126.88,16,5609586.35,180959616.76,0.0,21.0,0,0.0
4816,4816,11921,2026-08-27,725229081.91,19,69552067.53,535479287.98,0.0,44.0,1,50.0
4817,4817,11924,2026-08-27,19134421.49,20,3381099.02,0.0,5540847.9,36.0,1,0.0
4818,4818,11926,2026-08-27,32903436.0,31,11792845.91,0.0,3358016.75,100.0,2,0.0
4819,4819,11929,2026-08-27,20541994.47,21,1190990.87,0.0,0.0,100.0,0,0.0
4820,4820,11930,2026-08-27,205613174.92,23,111313012.97,0.0,0.0,100.0,1,0.0
4821,4821,11932,2026-08-27,14711794.42,2,0.0,0.0,0.0,0.0,2,0.0
4822,4822,11933,2026-08-27,195691484.59,17,8841532.21,136260056.2,0.0,54.0,2,0.0
4823,4823,11935,2026-08-27,9885291.06,6,685540.77,0.0,0.0,0.0,3,50.0
4824,4824,11937,2026-08-27,8456333.51,7,383555.19,0.0,21210580.69,19.0,0,0.0
4825,4825,11938,2026-08-27,266651216.91,10,5188284.92,19985364.48,0.0,0.0,2,100.0
4826,4826,11939,2026-08-27,403962254.5,11,10123486.26,105172136.26,0.0,41.0,1,25.0
4827,4827,11945,2026-08-27,115450863.6,17,19522309.78,0.0,183673316.08,44.0,0,66.67
4828,4828,11946,2026-08-27,438627111.74,16,48661089.67,0.0,0.0,0.0,2,50.0
4829,4829,11949,2026-08-27,175870156.93,17,7788889.3,139348840.47,0.0,0.0,1,0.0
4830,4830,11951,2026-08-27,103363295.21,10,6517386.88,79868161.8,0.0,52.0,0,0.0
4831,4831,11955,2026-08-27,104768687.12,22,29937195.04,0.0,0.0,95.0,0,50.0
4832,4832,11956,2026-08-27,12544649.94,18,2746086.09,0.0,0.0,22.0,2,100.0
4833,4833,11957,2026-08-27,115340668.29,2,0.0,98184883.88,32237956.83,14.0,0,0.0
4834,4834,11959,2026-08-27,15246768.99,1,0.0,0.0,0.0,0.0,1,0.0
4835,4835,11962,2026-08-27,149225856.96,10,2040944.01,116196690.16,0.0,42.0,0,50.0
4836,4836,11964,2026-08-27,17893026.41,10,7252274.75,0.0,0.0,37.0,0,0.0
4837,4837,11965,2026-08-27,800393454.93,16,58476437.64,238418175.79000002,0.0,60.0,2,25.0
4838,4838,11969,2026-08-27,795590432.98,20,64152286.2,0.0,505150401.24,44.0,0,100.0
4839,4839,11971,2026-08-27,247612777.49,17,40847937.82,126312496.18,0.0,45.0,1,50.0
4840,4840,11973,2026-08-27,48320930.38,13,6789266.43,0.0,0.0,54.0,0,66.67
4841,4841,11977,2026-08-27,181716694.71,13,7166785.41,146195714.37,0.0,0.0,0,0.0
4842,4842,11978,2026-08-27,317793021.72,15,45796661.47,116308152.4,0.0,37.0,0,0.0
4843,4843,11981,2026-08-27,29230225.43,15,2649095.85,0.0,83750589.77,0.0,1,50.0
4844,4844,11986,2026-08-27,963822694.57,11,10672369.85,560042673.35,0.0,28.0,1,33.33
4845,4845,11988,2026-08-27,226881390.19,11,29991172.17,26850662.06,0.0,35.0,2,66.67
4846,4846,11990,2026-08-27,34354732.68,9,8732369.52,0.0,98647294.33,78.0,2,0.0
4847,4847,11991,2026-08-27,383897624.85,24,27706575.93,271415349.42,0.0,53.0,0,0.0
4848,4848,11992,2026-08-27,13667256.33,4,82964.32,0.0,0.0,18.0,0,0.0
4849,4849,11996,2026-08-27,1134912842.63,11,97629362.69,495401485.0,35231245.16,0.0,0,0.0
4850,4850,11997,2026-08-27,37261971.83,7,658094.99,15220128.78,5417495.06,45.0,0,50.0
4851,4851,11999,2026-08-27,11945745.46,18,339629.61,0.0,91252746.55,39.0,1,0.0
4852,4852,12000,2026-08-27,32331719.98,3,533483.64,0.0,0.0,11.0,0,0.0
4853,4853,12003,2026-08-27,26952193.71,8,1744345.27,0.0,0.0,0.0,0,0.0
4854,4854,12004,2026-08-27,1651409973.79,24,69772845.85,1299874362.77,1417931662.13,39.0,0,0.0
4855,4855,12008,2026-08-27,896541588.29,18,65546639.7,683268592.82,0.0,0.0,0,0.0
4856,4856,12011,2026-08-27,109182684.96,14,3573330.92,97947773.18,0.0,29.0,0,50.0
4857,4857,12012,2026-08-27,19965062.21,19,2107397.28,0.0,0.0,100.0,0,0.0
4858,4858,12013,2026-08-27,33569482.06,17,2136778.31,0.0,0.0,100.0,1,0.0
4859,4859,12015,2026-08-27,2919017278.29,23,439211126.89,1879203643.81,0.0,55.0,0,25.0
4860,4860,12020,2026-08-27,61576127.18,19,28700221.18,0.0,0.0,28.0,0,25.0
4861,4861,12023,2026-08-27,23248654.45,19,5695838.88,0.0,34254368.39,89.0,0,50.0
4862,4862,12025,2026-08-27,28276230.86,8,5631025.28,0.0,0.0,0.0,0,100.0
4863,4863,12026,2026-08-27,6376759.75,12,1668479.84,0.0,25302761.83,32.0,0,0.0
4864,4864,12027,2026-08-27,57340769.79,12,14923345.97,0.0,0.0,32.0,0,33.33
4865,4865,12030,2026-08-27,3301718.08,5,1827606.24,0.0,10918111.16,0.0,2,0.0
4866,4866,12031,2026-08-27,453662127.26,15,24810404.67,0.0,0.0,42.0,1,0.0
4867,4867,12032,2026-08-27,18129922.91,19,3165487.59,0.0,0.0,0.0,0,0.0
4868,4868,12033,2026-08-27,124087439.83,5,1269783.36,124087439.83,0.0,57.0,0,50.0
4869,4869,12039,2026-08-27,604391625.72,10,8634256.4,407405199.2,0.0,40.0,0,25.0
4870,4870,12041,2026-08-27,0.0,36,14978825.36,0.0,0.0,100.0,1,0.0
4871,4871,12044,2026-08-27,463839321.99,17,20048268.68,360630889.39,0.0,62.0,0,75.0
4872,4872,12050,2026-08-27,50862938.81,18,28405565.93,0.0,0.0,40.0,0,25.0
4873,4873,12052,2026-08-27,110189965.24,1,0.0,89863952.47,0.0,31.0,1,0.0
4874,4874,12054,2026-08-27,20230055.8,27,15570286.93,0.0,0.0,100.0,3,0.0
4875,4875,12056,2026-08-27,71786470.83,26,2139974.19,63654109.95,69151002.76,100.0,1,0.0
4876,4876,12057,2026-08-27,12770495.34,34,9493706.18,0.0,0.0,98.0,1,0.0
4877,4877,12059,2026-08-27,29043142.53,12,15834164.44,0.0,0.0,40.0,0,100.0
4878,4878,12060,2026-08-27,70017265.79,3,0.0,48590625.66,389257502.01,0.0,5,0.0
4879,4879,12062,2026-08-27,157889801.99,12,7939663.58,0.0,392632373.16,35.0,1,50.0
4880,4880,12064,2026-08-27,355942603.49,13,22386429.38,159659048.6,0.0,35.0,0,33.33
4881,4881,12066,2026-08-27,28003093.65,19,2034853.69,0.0,0.0,47.0,0,66.67
4882,4882,12071,2026-08-27,63498860.06,20,2803493.62,38299211.32,0.0,100.0,1,0.0
4883,4883,12072,2026-08-27,65557008.21,32,19118769.32,0.0,0.0,96.0,1,50.0
4884,4884,12076,2026-08-27,375832744.48,12,5031630.93,143755411.89,81343569.68,0.0,0,66.67
4885,4885,12080,2026-08-27,11995384.2,11,1777237.72,0.0,32946549.66,30.0,0,50.0
4886,4886,12082,2026-08-27,550654607.6,10,44874801.4,0.0,212217821.26,0.0,2,25.0
4887,4887,12087,2026-08-27,1487051761.42,19,210083657.49,870052514.02,0.0,51.0,2,0.0
4888,4888,12088,2026-08-27,21436054.21,4,2613929.45,0.0,0.0,0.0,1,0.0
4889,4889,12089,2026-08-27,265855766.12,17,22954351.52,116411477.89,0.0,34.0,0,0.0
4890,4890,12091,2026-08-27,132277799.93,12,21272495.59,0.0,0.0,0.0,0,0.0
4891,4891,12092,2026-08-27,22668424.31,19,3141185.34,0.0,0.0,32.0,1,25.0
4892,4892,12097,2026-08-27,84327186.38,13,6180486.04,0.0,0.0,34.0,0,66.67
4893,4893,12100,2026-08-27,493693826.61,14,9460491.57,411498501.18,20826666.84,11.0,0,33.33
4894,4894,12104,2026-08-27,192100822.07,19,10967167.2,129614310.46,0.0,70.0,2,75.0
4895,4895,12107,2026-08-27,7653142.02,3,0.0,0.0,0.0,0.0,1,0.0
4896,4896,12110,2026-08-27,457817366.12,27,51841941.13,363504448.05,0.0,100.0,1,0.0
4897,4897,12113,2026-08-27,24417854.85,18,14943302.08,0.0,0.0,54.0,0,33.33
4898,4898,12114,2026-08-27,140040714.47,24,25397565.52,0.0,0.0,99.0,2,0.0
4899,4899,12117,2026-08-27,102474791.81,11,14617683.35,73851937.19,101680641.85,42.0,0,0.0
4900,4900,12119,2026-08-27,0.0,12,6467744.78,0.0,0.0,28.0,0,25.0
4901,4901,12122,2026-08-27,28581840.98,23,4207802.95,0.0,139823586.26,95.0,0,0.0
4902,4902,12124,2026-08-27,11311097.35,17,3783842.08,0.0,0.0,48.0,1,50.0
4903,4903,12126,2026-08-27,36121665.51,12,6407860.69,0.0,0.0,56.0,2,0.0
4904,4904,12128,2026-08-27,59151839.2,14,8659200.14,0.0,301249650.99,25.0,0,25.0
4905,4905,12132,2026-08-27,45605081.1,6,1057834.73,24741559.0,36726754.94,0.0,1,0.0
4906,4906,12136,2026-08-27,36419009.08,31,52563080.65,0.0,0.0,100.0,0,0.0
4907,4907,12139,2026-08-27,0.0,15,5091090.45,0.0,0.0,0.0,0,50.0
4908,4908,12140,2026-08-27,2803262501.82,12,173346340.56,2417708362.64,2509346243.73,35.0,3,50.0
4909,4909,12143,2026-08-27,27932324.6,3,546110.79,27932324.6,0.0,5.0,3,25.0
4910,4910,12148,2026-08-27,47187325.23,9,4504228.49,0.0,103384996.11,42.0,0,33.33
4911,4911,12151,2026-08-27,884551674.47,14,16918460.91,273793469.62,452708313.09,61.0,2,33.33
4912,4912,12152,2026-08-27,0.0,20,21077802.78,0.0,0.0,85.0,2,0.0
4913,4913,12157,2026-08-27,134273070.47,9,17326843.59,134273070.47,124888823.74,17.0,1,50.0
4914,4914,12159,2026-08-27,64529971.11,10,4343316.59,33353070.27,27572489.23,0.0,2,50.0
4915,4915,12160,2026-08-27,177242595.17,6,11388624.81,0.0,0.0,25.0,1,33.33
4916,4916,12164,2026-08-27,34435978.84,15,7967389.79,0.0,0.0,47.0,1,33.33
4917,4917,12167,2026-08-27,7393798.43,5,217240.61,0.0,0.0,0.0,2,0.0
4918,4918,12169,2026-08-27,9440265.59,2,577413.15,0.0,2987297.26,0.0,0,0.0
4919,4919,12174,2026-08-27,20995014.36,3,669665.83,0.0,0.0,0.0,0,33.33
4920,4920,12177,2026-08-27,125045086.93,13,7258985.22,46582595.46,244123373.93,48.0,1,50.0
4921,4921,12179,2026-08-27,629783017.15,17,17110742.63,423542759.18,0.0,41.0,1,25.0
4922,4922,12184,2026-08-27,23864898.29,19,8013442.11,0.0,110440946.28,47.0,0,0.0
4923,4923,12187,2026-08-27,24612699.33,20,5103231.53,0.0,0.0,49.0,0,25.0
4924,4924,12191,2026-08-27,18094099.65,11,2405621.04,0.0,0.0,42.0,0,33.33
4925,4925,12192,2026-08-27,11038683.69,24,3655548.22,0.0,0.0,70.0,0,0.0
4926,4926,12194,2026-08-27,342472104.34,10,2781117.32,306148081.01,0.0,0.0,0,0.0
4927,4927,12196,2026-08-27,31437022.66,12,7963924.97,0.0,0.0,36.0,2,0.0
4928,4928,12197,2026-08-27,12585405.78,21,2146280.32,0.0,0.0,83.0,1,0.0
4929,4929,12199,2026-08-27,29462349.56,4,3506821.84,0.0,0.0,20.0,0,33.33
4930,4930,12202,2026-08-27,24574257.62,17,1508927.19,0.0,49949.7,40.0,1,0.0
4931,4931,12206,2026-08-27,8634791.73,6,411071.55,0.0,0.0,0.0,0,50.0
4932,4932,12209,2026-08-27,32774430.93,23,7635094.06,0.0,0.0,100.0,0,0.0
4933,4933,12213,2026-08-27,70085588.18,16,11503016.22,0.0,0.0,37.0,0,0.0
4934,4934,12216,2026-08-27,88611447.98,15,2117774.85,73360582.31,0.0,30.0,0,0.0
4935,4935,12217,2026-08-27,1145741910.31,15,51707940.4,857546043.94,0.0,100.0,2,0.0
4936,4936,12221,2026-08-27,18161330.78,10,141402.81,0.0,0.0,0.0,2,0.0
4937,4937,12222,2026-08-27,650618886.97,6,9149048.91,540739200.91,0.0,0.0,0,0.0
4938,4938,12223,2026-08-27,11946981.33,1,0.0,0.0,0.0,12.0,3,0.0
4939,4939,12227,2026-08-27,30040707.82,26,14634489.88,0.0,918942256.99,100.0,0,0.0
4940,4940,12229,2026-08-27,25968052.86,17,4700018.71,0.0,6485458.32,46.0,1,0.0
4941,4941,12231,2026-08-27,41871924.63,12,10222627.82,0.0,0.0,28.0,1,0.0
4942,4942,12232,2026-08-27,2084079940.0,17,56390878.3,1641478891.3600001,0.0,54.0,0,0.0
4943,4943,12234,2026-08-27,256672811.73,32,7804680.13,191379653.47,2525106722.6,97.0,0,0.0
4944,4944,12237,2026-08-27,70615585.91,16,13696910.38,0.0,0.0,40.0,1,33.33
4945,4945,12238,2026-08-27,14314638.93,15,2804306.04,0.0,0.0,100.0,2,50.0
4946,4946,12241,2026-08-27,13382464.58,8,394747.59,0.0,0.0,15.0,1,0.0
4947,4947,12244,2026-08-27,132166971.36,19,39299808.47,0.0,0.0,100.0,0,50.0
4948,4948,12245,2026-08-27,24210733.33,8,1757132.24,0.0,0.0,53.0,1,50.0
4949,4949,12247,2026-08-27,52716589.56,1,289410.2,0.0,0.0,37.0,3,0.0
4950,4950,12249,2026-08-27,6869718.09,6,474712.83,0.0,0.0,23.0,2,0.0
4951,4951,12253,2026-08-27,31593300.83,17,1938037.41,0.0,0.0,51.0,0,50.0
4952,4952,12256,2026-08-27,265330486.31,7,644015.58,223471594.42,132694939.48,17.0,2,0.0
4953,4953,12258,2026-08-27,50549778.65,14,9058339.99,0.0,0.0,42.0,4,0.0
4954,4954,12262,2026-08-27,40146946.9,12,5042778.11,40146946.9,0.0,0.0,0,50.0
4955,4955,12265,2026-08-27,100314380.48,14,11330545.92,0.0,0.0,49.0,1,66.67
4956,4956,12269,2026-08-27,7975653.55,14,1212186.33,0.0,0.0,30.0,0,66.67
4957,4957,12270,2026-08-27,351239036.42,8,3022229.86,167207990.45,97963077.6,46.0,0,0.0
4958,4958,12271,2026-08-27,49961230.87,22,920115.88,45318857.79,10630862.37,43.0,0,0.0
4959,4959,12274,2026-08-27,228986474.62,10,9153687.44,0.0,4065385.22,0.0,2,33.33
4960,4960,12276,2026-08-27,12179519.15,8,3224480.65,0.0,0.0,32.0,4,0.0
4961,4961,12278,2026-08-27,12084486.17,13,1134561.57,0.0,0.0,42.0,0,50.0
4962,4962,12279,2026-08-27,8934255.59,18,5044761.73,0.0,0.0,40.0,2,33.33
4963,4963,12283,2026-08-27,21355316.92,21,4088104.83,0.0,0.0,93.0,1,33.33
4964,4964,12285,2026-08-27,45111827.37,15,11613940.15,0.0,0.0,41.0,1,0.0
4965,4965,12287,2026-08-27,8052549.13,13,853592.95,0.0,75719650.86,0.0,0,33.33
4966,4966,12289,2026-08-27,222210351.98,16,114153664.78,0.0,0.0,44.0,1,0.0
4967,4967,12292,2026-08-27,515452217.22,14,20169076.35,264632493.22,0.0,0.0,0,75.0
4968,4968,12295,2026-08-27,1349967975.79,12,66782047.31,980118331.51,134712363.34,57.0,0,100.0
4969,4969,12296,2026-08-27,542115529.74,22,193802722.23,341114839.18,0.0,65.0,1,0.0
4970,4970,12298,2026-08-27,239672140.15,31,8433823.58,200094042.3,0.0,100.0,0,50.0
4971,4971,12302,2026-08-27,169484212.64,31,45859177.45,0.0,0.0,93.0,1,33.33
4972,4972,12305,2026-08-27,689060822.57,16,96308631.72,301410913.51,0.0,27.0,1,50.0
4973,4973,12306,2026-08-27,386367982.42,12,7369984.7,332650779.61,0.0,43.0,1,0.0
4974,4974,12309,2026-08-27,28694376.32,16,610632.59,0.0,0.0,47.0,0,50.0
4975,4975,12312,2026-08-27,37655236.87,14,465835.25,0.0,153948848.24,97.0,1,100.0
4976,4976,12314,2026-08-27,129730002.15,14,24613514.6,129730002.15,0.0,0.0,0,66.67
4977,4977,12317,2026-08-27,154768088.63,22,25408232.95,0.0,0.0,83.0,2,0.0
4978,4978,12320,2026-08-27,48182412.93,12,17927226.67,0.0,0.0,32.0,0,50.0
4979,4979,12322,2026-08-27,10753498.53,16,5932261.05,0.0,22412604.31,0.0,0,0.0
4980,4980,12325,2026-08-27,31062970.62,7,2410457.57,22650990.96,0.0,28.0,3,0.0
4981,4981,12329,2026-08-27,37959438.64,10,700521.08,6942779.57,0.0,29.0,0,0.0
4982,4982,12330,2026-08-27,42757789.04,13,1236945.89,0.0,0.0,26.0,1,100.0
4983,4983,12332,2026-08-27,158098682.11,23,44644633.71,95734382.97999999,0.0,0.0,0,66.67
4984,4984,12335,2026-08-27,39141314.28,14,9391306.38,0.0,0.0,37.0,2,33.33
4985,4985,12337,2026-08-27,45008585.24,19,11244043.65,0.0,105272164.09,32.0,1,0.0
4986,4986,12339,2026-08-27,162988626.44,13,4242048.48,82881946.5,42317103.63,47.0,1,75.0
4987,4987,12345,2026-08-27,527623535.06,23,70609802.11,342984955.52,0.0,79.0,5,0.0
4988,4988,12347,2026-08-27,34541525.33,15,12225477.29,0.0,0.0,29.0,1,100.0
4989,4989,12348,2026-08-27,12767690.14,14,1474661.34,0.0,0.0,26.0,1,0.0
4990,4990,12349,2026-08-27,385660366.29,17,68078082.23,264242558.69,318653914.12,24.0,3,0.0
4991,4991,12352,2026-08-27,579413351.33,20,39179141.38,413016460.74,45440701.7,27.0,1,66.67
4992,4992,12356,2026-08-27,6638471.16,14,3217246.17,0.0,31648518.6,0.0,0,0.0
4993,4993,12357,2026-08-27,31284199.28,6,1522867.2,28158816.65,0.0,0.0,1,0.0
4994,4994,12359,2026-08-27,285389827.7,14,4703226.06,226145928.55,619993833.0,44.0,0,0.0
4995,4995,12360,2026-08-27,19586194.02,24,8644222.77,0.0,0.0,79.0,0,0.0
4996,4996,12364,2026-08-27,50814173.14,20,3310399.47,42430997.72,0.0,0.0,1,100.0
4997,4997,12368,2026-08-27,11614498.49,18,4249660.35,0.0,0.0,0.0,1,50.0
4998,4998,12371,2026-08-27,34696468.6,17,4796099.05,34696468.6,0.0,100.0,1,33.33
4999,4999,12372,2026-08-27,454517218.86,14,19057405.78,299921626.56,0.0,31.0,0,50.0
5000,5000,12376,2026-08-27,30840298.25,21,9925770.7,0.0,191403864.14,100.0,1,33.33
