customer_key,customer_id,full_name,date_of_birth,gender,segment_code,region,kyc_status,onboarded_date,customer_status
1,MSB00000001,Phạm Ngọc Vân,1966-07-24,FEMALE,MASS,TP. Hồ Chí Minh,VERIFIED,2019-07-12,ACTIVE
2,MSB00000002,Trần Thị Hoa,1979-09-14,FEMALE,AFFLUENT,Hà Nội,VERIFIED,2020-08-25,ACTIVE
3,MSB00000003,Đặng Bá Sơn,1966-02-17,MALE,AFFLUENT,Hà Nội,EXPIRED,2018-07-24,DORMANT
4,MSB00000004,Vũ Bá Dũng,1995-09-01,MALE,MASS,Hà Nội,VERIFIED,2025-09-26,ACTIVE
5,MSB00000005,Dương Đức Hùng,1993-03-29,MALE,AFFLUENT,Quảng Ninh,VERIFIED,2019-02-15,DORMANT
6,MSB00000006,Lý Quang Nam,2001-10-27,MALE,MASS,Hải Phòng,VERIFIED,2021-01-03,ACTIVE
7,MSB00000007,Huỳnh Công Hoàng,1973-04-29,MALE,AFFLUENT,TP. Hồ Chí Minh,VERIFIED,2025-11-28,ACTIVE
8,MSB00000008,Lê Thùy Hoa,1970-03-18,FEMALE,MASS_AFFLUENT,Đà Nẵng,VERIFIED,2016-12-28,ACTIVE
9,MSB00000009,Vũ Bá Dũng,1992-04-23,MALE,PRIVATE,Đà Nẵng,VERIFIED,2024-07-22,ACTIVE
10,MSB00000010,Hồ Xuân Nam,1987-02-10,MALE,MASS_AFFLUENT,Hà Nội,VERIFIED,2019-06-06,ACTIVE
11,MSB00000011,Lý Diệu Uyên,1978-06-07,FEMALE,MASS_AFFLUENT,TP. Hồ Chí Minh,VERIFIED,2016-05-29,ACTIVE
12,MSB00000012,Phan Đức Đạt,1969-02-25,MALE,MASS_AFFLUENT,Đà Nẵng,VERIFIED,2015-08-03,DORMANT
13,MSB00000013,Vũ Văn Việt,1990-10-26,MALE,MASS,Bình Dương,VERIFIED,2018-12-31,ACTIVE
14,MSB00000014,Huỳnh Xuân Đạt,1982-07-02,MALE,AFFLUENT,Hà Nội,VERIFIED,2017-12-20,ACTIVE
15,MSB00000015,Trần Diệu Thảo,1996-11-11,FEMALE,MASS_AFFLUENT,Đồng Nai,VERIFIED,2019-07-04,DORMANT
16,MSB00000016,Hồ Đức Việt,1965-10-20,MALE,MASS,Đà Nẵng,VERIFIED,2017-04-04,ACTIVE
17,MSB00000017,Ngô Mai Linh,1963-08-16,FEMALE,MASS_AFFLUENT,TP. Hồ Chí Minh,VERIFIED,2014-12-11,ACTIVE
18,MSB00000018,Đỗ Ngọc Hằng,1969-12-24,FEMALE,AFFLUENT,Hà Nội,VERIFIED,2020-12-24,ACTIVE
19,MSB00000019,Bùi Minh Hùng,1966-03-03,MALE,MASS_AFFLUENT,Đà Nẵng,VERIFIED,2021-07-05,ACTIVE
20,MSB00000020,Bùi Thu Ngân,1968-01-08,FEMALE,MASS,TP. Hồ Chí Minh,VERIFIED,2024-04-21,ACTIVE
21,MSB00000021,Huỳnh Bá Đạt,1965-05-12,MALE,AFFLUENT,Hà Nội,VERIFIED,2014-11-27,ACTIVE
22,MSB00000022,Vũ Thành Dũng,1985-06-08,MALE,MASS,Đồng Nai,VERIFIED,2015-09-09,DORMANT
23,MSB00000023,Lý Hữu Đạt,1996-05-15,MALE,PRIVATE,TP. Hồ Chí Minh,VERIFIED,2018-02-02,ACTIVE
24,MSB00000024,Ngô Thùy Anh,1958-07-03,FEMALE,MASS_AFFLUENT,Hà Nội,EXPIRED,2018-08-21,ACTIVE
25,MSB00000025,Đỗ Bá Việt,2006-04-01,MALE,MASS_AFFLUENT,TP. Hồ Chí Minh,VERIFIED,2023-12-09,ACTIVE
26,MSB00000026,Nguyễn Quang Nam,1985-10-13,MALE,MASS_AFFLUENT,Hà Nội,EXPIRED,2015-09-20,DORMANT
27,MSB00000027,Dương Mai Uyên,1969-11-16,FEMALE,MASS,Khánh Hòa,VERIFIED,2025-08-25,ACTIVE
28,MSB00000028,Phan Đức Hoàng,1967-06-24,MALE,AFFLUENT,TP. Hồ Chí Minh,VERIFIED,2019-02-15,ACTIVE
29,MSB00000029,Trần Thị Chi,1972-02-06,FEMALE,MASS_AFFLUENT,TP. Hồ Chí Minh,VERIFIED,2023-05-15,ACTIVE
30,MSB00000030,Võ Thị Ngân,1982-08-01,FEMALE,MASS,Cần Thơ,VERIFIED,2021-01-09,ACTIVE
31,MSB00000031,Lê Diệu Linh,1960-08-06,FEMALE,MASS,Hà Nội,PENDING,2025-03-20,ACTIVE
32,MSB00000032,Trần Hải Lan,1995-01-12,FEMALE,PRIVATE,TP. Hồ Chí Minh,VERIFIED,2024-10-03,ACTIVE
33,MSB00000033,Hoàng Phương Thảo,1999-05-10,FEMALE,MASS_AFFLUENT,Hải Phòng,VERIFIED,2021-12-06,ACTIVE
34,MSB00000034,Lý Công Đạt,1974-12-14,MALE,AFFLUENT,Đồng Nai,VERIFIED,2021-09-08,DORMANT
35,MSB00000035,Phạm Mai Yến,1990-07-02,FEMALE,MASS_AFFLUENT,Hải Phòng,VERIFIED,2016-01-17,ACTIVE
36,MSB00000036,Võ Kim Ngân,1983-07-16,FEMALE,MASS,Hà Nội,EXPIRED,2019-05-11,ACTIVE
37,MSB00000037,Trần Mai Trang,1983-12-11,FEMALE,MASS_AFFLUENT,TP. Hồ Chí Minh,VERIFIED,2025-12-17,ACTIVE
38,MSB00000038,Ngô Thùy Uyên,1993-06-13,FEMALE,MASS,TP. Hồ Chí Minh,VERIFIED,2015-06-21,ACTIVE
39,MSB00000039,Huỳnh Mai Thảo,1957-08-06,FEMALE,SME_OWNER,TP. Hồ Chí Minh,VERIFIED,2019-03-17,ACTIVE
40,MSB00000040,Dương Diệu Dung,1986-11-14,FEMALE,MASS_AFFLUENT,Nghệ An,VERIFIED,2016-08-27,ACTIVE
41,MSB00000041,Huỳnh Đức Quân,1972-12-13,MALE,MASS_AFFLUENT,Hà Nội,VERIFIED,2015-07-20,ACTIVE
42,MSB00000042,Lý Thành Quân,1998-09-23,MALE,MASS,TP. Hồ Chí Minh,VERIFIED,2020-05-05,ACTIVE
43,MSB00000043,Hồ Thùy Nhung,1957-01-21,FEMALE,MASS,TP. Hồ Chí Minh,VERIFIED,2024-03-27,ACTIVE
44,MSB00000044,Võ Thùy Nhung,1957-03-07,FEMALE,MASS_AFFLUENT,Hà Nội,VERIFIED,2021-02-06,DORMANT
45,MSB00000045,Ngô Bá Đạt,2002-12-27,MALE,MASS,TP. Hồ Chí Minh,VERIFIED,2018-04-26,ACTIVE
46,MSB00000046,Hồ Minh An,1973-11-11,MALE,SME_OWNER,Hà Nội,EXPIRED,2025-12-09,ACTIVE
47,MSB00000047,Lý Kim Nhung,1977-01-10,FEMALE,MASS_AFFLUENT,Bình Dương,VERIFIED,2015-04-17,ACTIVE
48,MSB00000048,Nguyễn Bá Đạt,1998-05-03,MALE,SME_OWNER,TP. Hồ Chí Minh,PENDING,2022-03-25,DORMANT
49,MSB00000049,Dương Thùy Vân,1967-10-08,FEMALE,MASS,TP. Hồ Chí Minh,VERIFIED,2018-08-19,ACTIVE
50,MSB00000050,Đặng Thùy Ngân,1967-12-15,FEMALE,MASS_AFFLUENT,Đà Nẵng,VERIFIED,2014-11-18,ACTIVE
51,MSB00000051,Vũ Quang Bình,1963-10-12,MALE,MASS,TP. Hồ Chí Minh,VERIFIED,2016-03-26,ACTIVE
52,MSB00000052,Đặng Thành Việt,1976-02-06,MALE,AFFLUENT,TP. Hồ Chí Minh,VERIFIED,2017-09-07,ACTIVE
53,MSB00000053,Hồ Phương Oanh,1971-03-17,FEMALE,MASS_AFFLUENT,TP. Hồ Chí Minh,VERIFIED,2022-11-04,ACTIVE
54,MSB00000054,Trần Bá Long,1969-10-24,MALE,MASS,Bình Dương,VERIFIED,2020-03-16,ACTIVE
55,MSB00000055,Võ Kim Thảo,1968-01-17,FEMALE,MASS_AFFLUENT,TP. Hồ Chí Minh,VERIFIED,2020-06-23,DORMANT
56,MSB00000056,Huỳnh Công Vinh,1976-11-17,MALE,MASS,TP. Hồ Chí Minh,VERIFIED,2016-04-08,ACTIVE
57,MSB00000057,Bùi Đức Long,1968-10-07,MALE,AFFLUENT,Đà Nẵng,PENDING,2025-11-11,ACTIVE
58,MSB00000058,Ngô Bá Cường,2003-05-17,MALE,MASS_AFFLUENT,TP. Hồ Chí Minh,VERIFIED,2026-01-21,ACTIVE
59,MSB00000059,Phan Hải Dung,1976-06-18,FEMALE,PRIVATE,Cần Thơ,VERIFIED,2024-12-12,DORMANT
60,MSB00000060,Lê Thùy Nga,1996-07-04,FEMALE,AFFLUENT,Hà Nội,VERIFIED,2015-02-27,DORMANT
61,MSB00000061,Vũ Thu Dung,1986-01-21,FEMALE,MASS,TP. Hồ Chí Minh,VERIFIED,2020-01-09,ACTIVE
62,MSB00000062,Bùi Bá Dũng,1967-11-07,MALE,MASS,Khánh Hòa,VERIFIED,2018-03-02,ACTIVE
63,MSB00000063,Bùi Mai Ngân,2000-09-05,FEMALE,MASS,Đà Nẵng,VERIFIED,2025-03-23,ACTIVE
64,MSB00000064,Đặng Hữu Trí,1969-08-16,MALE,MASS,TP. Hồ Chí Minh,VERIFIED,2026-03-04,ACTIVE
65,MSB00000065,Lý Hải Yến,1994-08-27,FEMALE,SME_OWNER,Bình Dương,VERIFIED,2018-09-29,DORMANT
66,MSB00000066,Đặng Phương Uyên,1968-12-23,FEMALE,MASS_AFFLUENT,TP. Hồ Chí Minh,VERIFIED,2018-02-05,ACTIVE
67,MSB00000067,Nguyễn Hữu Dũng,1968-05-21,MALE,MASS_AFFLUENT,TP. Hồ Chí Minh,VERIFIED,2021-05-06,ACTIVE
68,MSB00000068,Bùi Thu Linh,2006-03-07,FEMALE,MASS,Hà Nội,VERIFIED,2025-05-10,ACTIVE
69,MSB00000069,Vũ Thành Quân,1995-07-31,MALE,AFFLUENT,Hà Nội,VERIFIED,2020-08-13,ACTIVE
70,MSB00000070,Nguyễn Thành Nam,1966-07-31,MALE,AFFLUENT,Hà Nội,VERIFIED,2018-11-13,ACTIVE
71,MSB00000071,Trần Phương Hằng,1989-02-16,FEMALE,MASS,Cần Thơ,VERIFIED,2023-11-02,ACTIVE
72,MSB00000072,Vũ Diệu Hằng,1984-12-19,FEMALE,MASS_AFFLUENT,TP. Hồ Chí Minh,VERIFIED,2022-10-26,DORMANT
73,MSB00000073,Dương Minh Huy,2005-10-08,MALE,MASS_AFFLUENT,Khánh Hòa,VERIFIED,2017-08-14,ACTIVE
74,MSB00000074,Ngô Mai Hà,1972-03-04,FEMALE,MASS_AFFLUENT,Hà Nội,VERIFIED,2023-11-08,ACTIVE
75,MSB00000075,Hồ Công Huy,2002-01-04,MALE,MASS_AFFLUENT,TP. Hồ Chí Minh,VERIFIED,2025-03-03,DORMANT
76,MSB00000076,Lý Phương Yến,1992-10-18,FEMALE,MASS,Hải Phòng,PENDING,2019-01-01,ACTIVE
77,MSB00000077,Võ Thị Vân,1983-03-24,FEMALE,MASS,Hà Nội,VERIFIED,2026-01-21,ACTIVE
78,MSB00000078,Võ Văn Bình,1968-06-12,MALE,MASS,TP. Hồ Chí Minh,VERIFIED,2021-04-06,ACTIVE
79,MSB00000079,Đỗ Diệu Oanh,1981-10-30,FEMALE,MASS,Hà Nội,VERIFIED,2019-09-07,ACTIVE
80,MSB00000080,Vũ Thu Linh,1957-08-27,FEMALE,AFFLUENT,Hà Nội,VERIFIED,2025-07-29,ACTIVE
81,MSB00000081,Huỳnh Đức Cường,1980-05-19,MALE,MASS,TP. Hồ Chí Minh,VERIFIED,2018-09-16,ACTIVE
82,MSB00000082,Đặng Hữu Cường,1994-07-11,MALE,AFFLUENT,Đà Nẵng,VERIFIED,2016-09-25,ACTIVE
83,MSB00000083,Hoàng Bá Sơn,1997-01-05,MALE,MASS,Hà Nội,VERIFIED,2014-12-21,ACTIVE
84,MSB00000084,Vũ Phương Ngân,1967-05-22,FEMALE,MASS,TP. Hồ Chí Minh,VERIFIED,2023-03-23,DORMANT
85,MSB00000085,Vũ Mai Trang,1984-04-24,FEMALE,MASS_AFFLUENT,TP. Hồ Chí Minh,VERIFIED,2022-07-06,DORMANT
86,MSB00000086,Lê Mai Hà,1976-01-02,FEMALE,AFFLUENT,Hà Nội,VERIFIED,2019-02-12,ACTIVE
87,MSB00000087,Trần Ngọc Linh,1988-05-11,FEMALE,MASS_AFFLUENT,Nghệ An,VERIFIED,2019-05-04,ACTIVE
88,MSB00000088,Hồ Hải Chi,1993-04-17,FEMALE,MASS,Hải Phòng,VERIFIED,2019-03-22,DORMANT
89,MSB00000089,Vũ Bá Vinh,1977-02-26,MALE,SME_OWNER,Hà Nội,VERIFIED,2022-08-28,ACTIVE
90,MSB00000090,Võ Quang Sơn,1992-07-15,MALE,MASS,TP. Hồ Chí Minh,VERIFIED,2025-09-02,ACTIVE
91,MSB00000091,Phạm Phương Oanh,1956-09-20,FEMALE,MASS,Hà Nội,VERIFIED,2026-01-13,ACTIVE
92,MSB00000092,Nguyễn Thành Hùng,1969-09-03,MALE,MASS_AFFLUENT,Hà Nội,VERIFIED,2014-09-11,ACTIVE
93,MSB00000093,Nguyễn Thành Nam,1965-12-10,MALE,MASS_AFFLUENT,Khánh Hòa,VERIFIED,2021-08-02,ACTIVE
94,MSB00000094,Phan Phương Ngân,1992-07-19,FEMALE,MASS_AFFLUENT,Hà Nội,VERIFIED,2021-02-07,DORMANT
95,MSB00000095,Đặng Diệu Nhung,2005-03-08,FEMALE,SME_OWNER,Đồng Nai,VERIFIED,2019-01-09,ACTIVE
96,MSB00000096,Nguyễn Thu My,2004-04-20,FEMALE,MASS_AFFLUENT,Đồng Nai,VERIFIED,2023-12-07,DORMANT
97,MSB00000097,Vũ Công Dũng,1964-06-28,MALE,AFFLUENT,Cần Thơ,VERIFIED,2021-11-14,ACTIVE
98,MSB00000098,Trần Thùy Thảo,1962-10-13,FEMALE,PRIVATE,TP. Hồ Chí Minh,VERIFIED,2021-03-26,ACTIVE
99,MSB00000099,Phan Xuân Long,1973-03-29,MALE,MASS_AFFLUENT,TP. Hồ Chí Minh,VERIFIED,2025-03-21,ACTIVE
100,MSB00000100,Hoàng Minh Trí,1977-01-01,MALE,PRIVATE,Bình Dương,VERIFIED,2019-04-17,ACTIVE
101,MSB00000101,Đặng Thị Hằng,1995-12-19,FEMALE,MASS_AFFLUENT,Bình Dương,VERIFIED,2024-01-25,ACTIVE
102,MSB00000102,Lý Thùy Vân,1969-05-03,FEMALE,MASS,TP. Hồ Chí Minh,VERIFIED,2026-04-17,ACTIVE
103,MSB00000103,Dương Thùy Ngân,1981-04-22,FEMALE,MASS,Hà Nội,VERIFIED,2019-01-31,ACTIVE
104,MSB00000104,Đặng Mai Uyên,1975-09-08,FEMALE,MASS_AFFLUENT,Hà Nội,VERIFIED,2022-10-29,ACTIVE
105,MSB00000105,Nguyễn Thu Yến,2004-10-31,FEMALE,AFFLUENT,Hà Nội,VERIFIED,2017-12-15,ACTIVE
106,MSB00000106,Huỳnh Đức Tuấn,1981-02-26,MALE,MASS,Hà Nội,VERIFIED,2020-01-27,ACTIVE
107,MSB00000107,Phạm Hữu Hoàng,1972-02-15,MALE,MASS_AFFLUENT,TP. Hồ Chí Minh,VERIFIED,2025-12-27,DORMANT
108,MSB00000108,Trần Diệu Hằng,1968-08-25,FEMALE,MASS,Đồng Nai,PENDING,2018-03-24,DORMANT
109,MSB00000109,Trần Hải Hà,1999-06-15,FEMALE,PRIVATE,Hải Phòng,VERIFIED,2025-11-07,ACTIVE
110,MSB00000110,Huỳnh Công Quân,2005-08-25,MALE,AFFLUENT,Đà Nẵng,EXPIRED,2022-09-03,ACTIVE
111,MSB00000111,Vũ Hữu Hùng,1963-11-07,MALE,MASS_AFFLUENT,Cần Thơ,VERIFIED,2018-04-29,ACTIVE
112,MSB00000112,Phạm Văn Tuấn,1990-09-19,MALE,MASS_AFFLUENT,Hải Phòng,PENDING,2021-08-13,ACTIVE
113,MSB00000113,Vũ Văn Khoa,1983-06-30,MALE,MASS_AFFLUENT,TP. Hồ Chí Minh,VERIFIED,2021-11-02,ACTIVE
114,MSB00000114,Bùi Thu Linh,1975-05-18,FEMALE,SME_OWNER,Bình Dương,VERIFIED,2023-09-30,ACTIVE
115,MSB00000115,Đỗ Thành Việt,1982-04-21,MALE,MASS,TP. Hồ Chí Minh,VERIFIED,2021-02-23,ACTIVE
116,MSB00000116,Phan Minh Đạt,1958-11-05,MALE,SME_OWNER,Khánh Hòa,VERIFIED,2022-11-28,ACTIVE
117,MSB00000117,Ngô Thị Vân,1964-04-01,FEMALE,MASS_AFFLUENT,Hà Nội,VERIFIED,2015-04-17,DORMANT
118,MSB00000118,Dương Diệu Hằng,1987-08-13,FEMALE,MASS_AFFLUENT,Hải Phòng,VERIFIED,2018-04-23,DORMANT
119,MSB00000119,Võ Văn Bình,1997-01-26,MALE,MASS_AFFLUENT,TP. Hồ Chí Minh,VERIFIED,2015-09-23,DORMANT
120,MSB00000120,Võ Hữu Hùng,1958-07-05,MALE,MASS_AFFLUENT,TP. Hồ Chí Minh,PENDING,2022-05-24,ACTIVE
121,MSB00000121,Hoàng Minh Cường,1971-01-05,MALE,MASS_AFFLUENT,TP. Hồ Chí Minh,PENDING,2015-03-31,DORMANT
122,MSB00000122,Hồ Thành Hoàng,1968-10-19,MALE,MASS,Hà Nội,VERIFIED,2023-01-24,ACTIVE
123,MSB00000123,Dương Quang Long,1983-08-04,MALE,AFFLUENT,Cần Thơ,EXPIRED,2022-09-21,ACTIVE
124,MSB00000124,Lý Quang Phúc,1981-08-30,MALE,AFFLUENT,TP. Hồ Chí Minh,VERIFIED,2022-11-05,DORMANT
125,MSB00000125,Phan Văn Trí,1996-12-28,MALE,PRIVATE,TP. Hồ Chí Minh,PENDING,2019-06-14,DORMANT
126,MSB00000126,Ngô Thành Dũng,1985-08-09,MALE,MASS,Đồng Nai,VERIFIED,2019-03-08,ACTIVE
127,MSB00000127,Dương Hữu Hùng,1979-06-09,MALE,MASS_AFFLUENT,Đà Nẵng,VERIFIED,2025-07-27,ACTIVE
128,MSB00000128,Trần Thu Hoa,2000-06-27,FEMALE,MASS,Đồng Nai,VERIFIED,2019-10-14,DORMANT
129,MSB00000129,Hồ Đức Trí,1974-10-10,MALE,MASS_AFFLUENT,Hà Nội,VERIFIED,2015-03-20,DORMANT
130,MSB00000130,Hoàng Minh Sơn,1975-12-08,MALE,SME_OWNER,TP. Hồ Chí Minh,VERIFIED,2021-07-31,ACTIVE
131,MSB00000131,Ngô Hải Vân,1964-04-13,FEMALE,MASS,Hà Nội,VERIFIED,2018-03-02,ACTIVE
132,MSB00000132,Lý Hữu Bình,2004-02-16,MALE,MASS,Đồng Nai,VERIFIED,2018-12-14,ACTIVE
133,MSB00000133,Vũ Hữu Phúc,1995-04-23,MALE,MASS,Bình Dương,VERIFIED,2014-11-24,DORMANT
134,MSB00000134,Đặng Thu Chi,1985-04-01,FEMALE,AFFLUENT,Bình Dương,VERIFIED,2018-10-30,DORMANT
135,MSB00000135,Lý Ngọc Vân,1963-01-08,FEMALE,PRIVATE,Đà Nẵng,VERIFIED,2020-11-01,ACTIVE
136,MSB00000136,Đặng Quang Hoàng,1995-06-19,MALE,PRIVATE,Hà Nội,VERIFIED,2026-03-05,DORMANT
137,MSB00000137,Hoàng Thùy Thảo,1957-11-23,FEMALE,MASS,TP. Hồ Chí Minh,VERIFIED,2016-12-13,ACTIVE
138,MSB00000138,Bùi Thu Nhung,1958-09-17,FEMALE,MASS,Đà Nẵng,VERIFIED,2022-05-16,ACTIVE
139,MSB00000139,Phan Bá Quân,2001-09-06,MALE,MASS,Hà Nội,VERIFIED,2015-07-16,ACTIVE
140,MSB00000140,Huỳnh Thành Vinh,1988-06-26,MALE,MASS_AFFLUENT,Hải Phòng,VERIFIED,2023-06-24,ACTIVE
141,MSB00000141,Huỳnh Thành Hùng,1994-03-30,MALE,MASS_AFFLUENT,Đồng Nai,VERIFIED,2021-03-24,ACTIVE
142,MSB00000142,Phạm Mai Nhung,1982-05-23,FEMALE,MASS_AFFLUENT,TP. Hồ Chí Minh,PENDING,2016-08-27,ACTIVE
143,MSB00000143,Nguyễn Thành Khoa,1960-01-09,MALE,MASS,Hải Phòng,VERIFIED,2024-07-22,ACTIVE
144,MSB00000144,Hoàng Công Phúc,1988-05-01,MALE,SME_OWNER,TP. Hồ Chí Minh,PENDING,2023-02-11,ACTIVE
145,MSB00000145,Dương Công Khoa,1973-04-05,MALE,MASS,Hà Nội,VERIFIED,2017-02-02,ACTIVE
146,MSB00000146,Hồ Kim Anh,2000-07-08,FEMALE,SME_OWNER,TP. Hồ Chí Minh,VERIFIED,2022-08-17,ACTIVE
147,MSB00000147,Bùi Minh Sơn,1978-02-04,MALE,MASS,TP. Hồ Chí Minh,VERIFIED,2015-02-27,DORMANT
148,MSB00000148,Lê Minh Tuấn,1989-02-13,MALE,MASS_AFFLUENT,Cần Thơ,VERIFIED,2020-01-21,ACTIVE
149,MSB00000149,Bùi Thành Trí,1961-02-07,MALE,MASS,TP. Hồ Chí Minh,VERIFIED,2016-09-13,DORMANT
150,MSB00000150,Võ Ngọc Nga,1968-04-25,FEMALE,AFFLUENT,Hà Nội,VERIFIED,2019-12-11,ACTIVE
151,MSB00000151,Huỳnh Đức Việt,1995-11-26,MALE,MASS_AFFLUENT,Hà Nội,VERIFIED,2025-10-19,ACTIVE
152,MSB00000152,Huỳnh Hải Trang,1975-01-19,FEMALE,MASS,Cần Thơ,VERIFIED,2016-11-13,DORMANT
153,MSB00000153,Lý Hữu Long,1989-06-24,MALE,MASS,TP. Hồ Chí Minh,VERIFIED,2021-06-06,ACTIVE
154,MSB00000154,Hồ Công Tuấn,1985-04-15,MALE,MASS,Hải Phòng,VERIFIED,2021-10-20,DORMANT
155,MSB00000155,Đỗ Bá Hùng,1982-12-30,MALE,AFFLUENT,Hà Nội,VERIFIED,2017-09-27,ACTIVE
156,MSB00000156,Hoàng Minh Quân,1965-07-16,MALE,MASS,Cần Thơ,VERIFIED,2023-01-18,DORMANT
157,MSB00000157,Dương Văn Hùng,1992-04-21,MALE,MASS,TP. Hồ Chí Minh,VERIFIED,2021-05-02,ACTIVE
158,MSB00000158,Dương Phương Oanh,2005-10-13,FEMALE,MASS,Hà Nội,VERIFIED,2019-03-26,ACTIVE
159,MSB00000159,Phạm Quang Long,1997-03-19,MALE,MASS,TP. Hồ Chí Minh,VERIFIED,2019-05-29,DORMANT
160,MSB00000160,Đỗ Thị Hoa,1965-02-22,FEMALE,MASS,Cần Thơ,VERIFIED,2017-10-31,ACTIVE
161,MSB00000161,Bùi Quang Đạt,1991-12-23,MALE,MASS_AFFLUENT,Khánh Hòa,VERIFIED,2025-05-14,ACTIVE
162,MSB00000162,Hồ Thị Chi,2004-05-02,FEMALE,SME_OWNER,Quảng Ninh,PENDING,2014-10-01,ACTIVE
163,MSB00000163,Huỳnh Xuân Phúc,1985-10-30,MALE,MASS,TP. Hồ Chí Minh,VERIFIED,2019-03-27,DORMANT
164,MSB00000164,Dương Thị Thảo,1963-08-23,FEMALE,AFFLUENT,Đà Nẵng,VERIFIED,2019-02-12,ACTIVE
165,MSB00000165,Nguyễn Bá Đạt,1963-03-09,MALE,MASS_AFFLUENT,Đà Nẵng,VERIFIED,2016-01-13,DORMANT
166,MSB00000166,Hoàng Thu Ngân,1959-01-22,FEMALE,AFFLUENT,TP. Hồ Chí Minh,VERIFIED,2020-08-08,DORMANT
167,MSB00000167,Đỗ Thùy Hằng,1972-06-01,FEMALE,MASS,Hà Nội,VERIFIED,2025-12-21,ACTIVE
168,MSB00000168,Hồ Mai Dung,1965-11-15,FEMALE,AFFLUENT,Hải Phòng,VERIFIED,2024-10-10,ACTIVE
169,MSB00000169,Dương Mai Vân,1968-07-30,FEMALE,MASS_AFFLUENT,Nghệ An,VERIFIED,2015-04-11,DORMANT
170,MSB00000170,Phạm Thành Cường,2006-01-02,MALE,MASS,Hà Nội,VERIFIED,2014-10-25,ACTIVE
171,MSB00000171,Phạm Văn Phúc,1986-01-08,MALE,MASS_AFFLUENT,TP. Hồ Chí Minh,VERIFIED,2025-05-07,ACTIVE
172,MSB00000172,Đỗ Hữu Dũng,1979-11-14,MALE,MASS_AFFLUENT,Hà Nội,PENDING,2018-05-03,DORMANT
173,MSB00000173,Hoàng Thùy Uyên,1983-06-14,FEMALE,SME_OWNER,TP. Hồ Chí Minh,VERIFIED,2018-08-15,ACTIVE
174,MSB00000174,Lê Đức Khoa,1965-07-02,MALE,MASS,TP. Hồ Chí Minh,VERIFIED,2024-05-27,ACTIVE
175,MSB00000175,Phạm Xuân Dũng,1957-01-28,MALE,MASS,TP. Hồ Chí Minh,VERIFIED,2017-02-21,ACTIVE
176,MSB00000176,Vũ Phương Hằng,1978-09-08,FEMALE,AFFLUENT,TP. Hồ Chí Minh,VERIFIED,2020-12-18,DORMANT
177,MSB00000177,Vũ Hữu Phúc,2001-11-14,MALE,MASS_AFFLUENT,Bình Dương,VERIFIED,2023-08-21,ACTIVE
178,MSB00000178,Nguyễn Ngọc Lan,1989-06-11,FEMALE,MASS,Hà Nội,VERIFIED,2019-10-17,DORMANT
179,MSB00000179,Huỳnh Văn Trí,1997-04-01,MALE,MASS_AFFLUENT,Cần Thơ,VERIFIED,2015-10-09,ACTIVE
180,MSB00000180,Nguyễn Thùy Chi,1983-05-23,FEMALE,MASS,Bình Dương,VERIFIED,2023-10-19,ACTIVE
181,MSB00000181,Lý Thu Linh,1994-11-17,FEMALE,MASS_AFFLUENT,Đà Nẵng,VERIFIED,2019-02-09,ACTIVE
182,MSB00000182,Hồ Thị Chi,2002-02-21,FEMALE,MASS,TP. Hồ Chí Minh,VERIFIED,2017-10-13,ACTIVE
183,MSB00000183,Lê Thành Trí,1998-03-21,MALE,MASS,Khánh Hòa,VERIFIED,2019-01-13,ACTIVE
184,MSB00000184,Đặng Bá Đạt,1982-08-26,MALE,AFFLUENT,TP. Hồ Chí Minh,PENDING,2018-09-28,ACTIVE
185,MSB00000185,Hoàng Hữu Cường,1999-01-09,MALE,MASS,Hà Nội,VERIFIED,2017-11-11,ACTIVE
186,MSB00000186,Hồ Thành Đạt,2005-03-19,MALE,AFFLUENT,Hà Nội,VERIFIED,2023-08-08,DORMANT
187,MSB00000187,Võ Diệu Yến,1992-08-13,FEMALE,MASS_AFFLUENT,Đồng Nai,VERIFIED,2025-02-20,DORMANT
188,MSB00000188,Hồ Bá Cường,1974-06-17,MALE,PRIVATE,Hà Nội,VERIFIED,2014-10-13,DORMANT
189,MSB00000189,Đỗ Xuân Khoa,1974-12-06,MALE,AFFLUENT,TP. Hồ Chí Minh,VERIFIED,2022-08-07,DORMANT
190,MSB00000190,Ngô Công Dũng,1986-11-28,MALE,MASS_AFFLUENT,Hải Phòng,PENDING,2015-04-06,ACTIVE
191,MSB00000191,Đỗ Thùy My,1973-02-28,FEMALE,MASS_AFFLUENT,Đà Nẵng,VERIFIED,2023-03-13,DORMANT
192,MSB00000192,Dương Hữu Cường,1996-11-24,MALE,MASS_AFFLUENT,Hải Phòng,VERIFIED,2023-03-25,DORMANT
193,MSB00000193,Lý Thành Phúc,1969-12-01,MALE,AFFLUENT,TP. Hồ Chí Minh,VERIFIED,2026-01-13,ACTIVE
194,MSB00000194,Phan Xuân Vinh,2006-01-15,MALE,MASS_AFFLUENT,Hải Phòng,VERIFIED,2021-03-04,DORMANT
195,MSB00000195,Dương Văn Quân,2000-06-12,MALE,SME_OWNER,Hà Nội,VERIFIED,2015-04-22,DORMANT
196,MSB00000196,Đỗ Thị Nga,1960-03-27,FEMALE,SME_OWNER,TP. Hồ Chí Minh,PENDING,2015-11-22,ACTIVE
197,MSB00000197,Nguyễn Xuân Việt,1982-11-04,MALE,MASS,Hà Nội,VERIFIED,2022-10-09,ACTIVE
198,MSB00000198,Phạm Kim Chi,1979-05-07,FEMALE,MASS,TP. Hồ Chí Minh,VERIFIED,2021-08-03,ACTIVE
199,MSB00000199,Hồ Thùy Ngân,1986-12-31,FEMALE,MASS_AFFLUENT,Hà Nội,VERIFIED,2018-07-08,ACTIVE
200,MSB00000200,Trần Thùy Thảo,1973-10-29,FEMALE,AFFLUENT,Đà Nẵng,VERIFIED,2015-03-11,ACTIVE
201,MSB00000201,Phan Thùy Oanh,1969-02-14,FEMALE,MASS,Hà Nội,VERIFIED,2019-04-13,ACTIVE
202,MSB00000202,Phạm Phương Uyên,1968-02-24,FEMALE,MASS,TP. Hồ Chí Minh,VERIFIED,2023-12-28,ACTIVE
203,MSB00000203,Bùi Đức Hùng,1994-06-20,MALE,MASS,Hà Nội,PENDING,2022-03-04,ACTIVE
204,MSB00000204,Phạm Quang Việt,1975-02-28,MALE,MASS,TP. Hồ Chí Minh,VERIFIED,2017-11-18,ACTIVE
205,MSB00000205,Võ Ngọc Chi,1967-08-13,FEMALE,AFFLUENT,Bình Dương,VERIFIED,2026-01-19,ACTIVE
206,MSB00000206,Ngô Phương Nhung,1986-07-17,FEMALE,MASS,TP. Hồ Chí Minh,VERIFIED,2019-05-03,ACTIVE
207,MSB00000207,Trần Đức Khoa,1987-02-12,MALE,AFFLUENT,Hải Phòng,VERIFIED,2017-05-10,ACTIVE
208,MSB00000208,Đặng Bá Đạt,1975-06-10,MALE,AFFLUENT,TP. Hồ Chí Minh,VERIFIED,2022-04-16,ACTIVE
209,MSB00000209,Võ Công Nam,1978-04-23,MALE,AFFLUENT,Hà Nội,VERIFIED,2020-01-16,ACTIVE
210,MSB00000210,Đỗ Đức Nam,1994-04-18,MALE,MASS,TP. Hồ Chí Minh,VERIFIED,2017-12-15,ACTIVE
211,MSB00000211,Hồ Minh Phúc,1959-03-09,MALE,MASS,TP. Hồ Chí Minh,VERIFIED,2019-05-21,DORMANT
212,MSB00000212,Đỗ Đức Bình,1977-12-15,MALE,MASS,Cần Thơ,VERIFIED,2026-01-16,ACTIVE
213,MSB00000213,Hồ Minh Khoa,1978-03-18,MALE,SME_OWNER,Hà Nội,VERIFIED,2019-07-01,ACTIVE
214,MSB00000214,Trần Diệu Trang,1995-10-24,FEMALE,SME_OWNER,Quảng Ninh,VERIFIED,2023-08-20,ACTIVE
215,MSB00000215,Hoàng Phương My,1973-03-05,FEMALE,MASS,Hải Phòng,VERIFIED,2017-09-11,ACTIVE
216,MSB00000216,Huỳnh Thu Chi,1960-08-30,FEMALE,MASS,TP. Hồ Chí Minh,VERIFIED,2023-04-12,DORMANT
217,MSB00000217,Lý Diệu Vân,1969-08-28,FEMALE,AFFLUENT,Quảng Ninh,VERIFIED,2014-12-01,ACTIVE
218,MSB00000218,Huỳnh Xuân Hùng,1981-03-24,MALE,AFFLUENT,Hà Nội,VERIFIED,2024-12-15,ACTIVE
219,MSB00000219,Ngô Văn Khoa,1974-11-22,MALE,MASS,Bình Dương,VERIFIED,2015-12-10,ACTIVE
220,MSB00000220,Đặng Diệu Hằng,1995-03-16,FEMALE,MASS_AFFLUENT,TP. Hồ Chí Minh,VERIFIED,2025-12-06,ACTIVE
221,MSB00000221,Phan Mai My,2002-10-13,FEMALE,MASS,Đà Nẵng,VERIFIED,2018-05-12,ACTIVE
222,MSB00000222,Bùi Ngọc Anh,1974-11-22,FEMALE,MASS_AFFLUENT,Hà Nội,VERIFIED,2022-03-18,ACTIVE
223,MSB00000223,Hoàng Phương Anh,1997-04-26,FEMALE,MASS,Đồng Nai,PENDING,2024-01-18,DORMANT
224,MSB00000224,Phạm Diệu Anh,2002-05-02,FEMALE,MASS,TP. Hồ Chí Minh,VERIFIED,2023-10-13,ACTIVE
225,MSB00000225,Phạm Phương Ngân,1967-10-11,FEMALE,MASS,Đà Nẵng,VERIFIED,2025-11-16,ACTIVE
226,MSB00000226,Phạm Thị Yến,1985-02-11,FEMALE,MASS,Khánh Hòa,VERIFIED,2024-10-10,ACTIVE
227,MSB00000227,Võ Phương Chi,1963-12-18,FEMALE,AFFLUENT,Hà Nội,VERIFIED,2021-10-02,DORMANT
228,MSB00000228,Phạm Văn Trí,1962-12-24,MALE,MASS,Nghệ An,VERIFIED,2024-06-28,ACTIVE
229,MSB00000229,Hồ Minh Việt,2000-06-28,MALE,MASS,TP. Hồ Chí Minh,VERIFIED,2015-01-13,ACTIVE
230,MSB00000230,Lê Xuân Quân,1968-06-02,MALE,AFFLUENT,Bình Dương,VERIFIED,2016-09-09,ACTIVE
231,MSB00000231,Võ Diệu Chi,1989-10-03,FEMALE,SME_OWNER,TP. Hồ Chí Minh,PENDING,2020-10-25,ACTIVE
232,MSB00000232,Phan Thị Linh,1971-05-18,FEMALE,MASS,Bình Dương,VERIFIED,2025-03-21,ACTIVE
233,MSB00000233,Hoàng Minh Việt,2003-10-16,MALE,MASS,Đồng Nai,VERIFIED,2014-10-28,DORMANT
234,MSB00000234,Hoàng Văn Cường,1983-04-20,MALE,MASS,TP. Hồ Chí Minh,VERIFIED,2017-11-15,ACTIVE
235,MSB00000235,Đỗ Phương Thảo,1974-10-23,FEMALE,AFFLUENT,Cần Thơ,PENDING,2024-03-10,ACTIVE
236,MSB00000236,Dương Hữu Vinh,1984-01-30,MALE,MASS_AFFLUENT,Quảng Ninh,VERIFIED,2025-09-12,ACTIVE
237,MSB00000237,Trần Thị Uyên,1979-07-23,FEMALE,MASS,Cần Thơ,EXPIRED,2019-02-06,ACTIVE
238,MSB00000238,Phan Xuân An,2006-05-21,MALE,MASS,Nghệ An,EXPIRED,2025-11-07,ACTIVE
239,MSB00000239,Võ Đức Trí,2005-09-14,MALE,AFFLUENT,Cần Thơ,VERIFIED,2019-03-01,DORMANT
240,MSB00000240,Bùi Thành Khoa,1976-06-13,MALE,PRIVATE,TP. Hồ Chí Minh,VERIFIED,2021-03-03,ACTIVE
241,MSB00000241,Dương Bá Hoàng,1986-06-05,MALE,MASS,Bình Dương,VERIFIED,2016-01-22,DORMANT
242,MSB00000242,Vũ Xuân Việt,1978-07-04,MALE,MASS,Hải Phòng,VERIFIED,2021-11-15,DORMANT
243,MSB00000243,Trần Bá An,1989-01-17,MALE,MASS,Hà Nội,VERIFIED,2021-02-06,ACTIVE
244,MSB00000244,Bùi Đức Huy,2005-11-05,MALE,MASS,Hà Nội,VERIFIED,2019-12-18,DORMANT
245,MSB00000245,Đỗ Bá Việt,1970-09-21,MALE,MASS_AFFLUENT,TP. Hồ Chí Minh,PENDING,2014-11-10,ACTIVE
246,MSB00000246,Đặng Mai Hoa,1999-10-09,FEMALE,MASS_AFFLUENT,Cần Thơ,VERIFIED,2018-02-17,ACTIVE
247,MSB00000247,Võ Đức Cường,1966-10-10,MALE,MASS_AFFLUENT,Bình Dương,VERIFIED,2018-07-09,ACTIVE
248,MSB00000248,Dương Minh An,2005-10-01,MALE,MASS_AFFLUENT,Bình Dương,VERIFIED,2022-09-18,ACTIVE
249,MSB00000249,Ngô Xuân Tuấn,1960-02-02,MALE,MASS_AFFLUENT,Hà Nội,VERIFIED,2020-09-09,ACTIVE
250,MSB00000250,Huỳnh Mai Trang,1993-11-01,FEMALE,MASS,Hà Nội,VERIFIED,2024-01-22,ACTIVE
251,MSB00000251,Hoàng Thu Thảo,1962-01-08,FEMALE,MASS,TP. Hồ Chí Minh,PENDING,2021-10-04,ACTIVE
252,MSB00000252,Lý Hải Anh,2006-07-08,FEMALE,MASS,Hải Phòng,VERIFIED,2016-09-26,ACTIVE
253,MSB00000253,Phạm Ngọc Nga,1984-08-19,FEMALE,MASS_AFFLUENT,Đồng Nai,VERIFIED,2025-03-02,ACTIVE
254,MSB00000254,Ngô Bá Hùng,1986-07-23,MALE,SME_OWNER,Đồng Nai,VERIFIED,2024-05-25,ACTIVE
255,MSB00000255,Trần Thu Hằng,1998-04-23,FEMALE,MASS_AFFLUENT,Hà Nội,VERIFIED,2019-06-30,DORMANT
256,MSB00000256,Dương Văn Hoàng,1983-02-27,MALE,AFFLUENT,Bình Dương,PENDING,2017-01-05,ACTIVE
257,MSB00000257,Bùi Thị Oanh,1996-01-07,FEMALE,MASS_AFFLUENT,Hải Phòng,PENDING,2014-12-15,DORMANT
258,MSB00000258,Đặng Văn Hùng,1985-02-18,MALE,AFFLUENT,Khánh Hòa,VERIFIED,2019-06-24,DORMANT
259,MSB00000259,Huỳnh Hữu Sơn,1988-04-16,MALE,AFFLUENT,Bình Dương,VERIFIED,2018-08-31,ACTIVE
260,MSB00000260,Đặng Thùy Dung,1996-12-03,FEMALE,MASS,TP. Hồ Chí Minh,VERIFIED,2022-12-14,ACTIVE
261,MSB00000261,Bùi Kim Hằng,1966-10-18,FEMALE,MASS_AFFLUENT,Bình Dương,VERIFIED,2021-07-18,ACTIVE
262,MSB00000262,Hoàng Thị Vân,1980-06-07,FEMALE,MASS_AFFLUENT,TP. Hồ Chí Minh,VERIFIED,2022-08-30,DORMANT
263,MSB00000263,Ngô Minh Long,1965-05-24,MALE,MASS_AFFLUENT,Bình Dương,EXPIRED,2025-01-20,ACTIVE
264,MSB00000264,Phạm Đức Huy,1965-09-22,MALE,SME_OWNER,Bình Dương,VERIFIED,2022-01-02,DORMANT
265,MSB00000265,Trần Bá Khoa,1992-09-07,MALE,MASS,Đồng Nai,VERIFIED,2023-10-16,ACTIVE
266,MSB00000266,Hoàng Bá Trí,1992-05-06,MALE,MASS,TP. Hồ Chí Minh,VERIFIED,2019-06-08,ACTIVE
267,MSB00000267,Lý Đức Sơn,1959-02-24,MALE,MASS,Đồng Nai,VERIFIED,2017-07-15,DORMANT
268,MSB00000268,Hoàng Hữu Long,1991-01-30,MALE,SME_OWNER,Hà Nội,VERIFIED,2014-11-25,DORMANT
269,MSB00000269,Nguyễn Thùy Ngân,2002-01-08,FEMALE,MASS_AFFLUENT,Bình Dương,VERIFIED,2016-01-23,ACTIVE
270,MSB00000270,Bùi Đức Sơn,1978-10-17,MALE,AFFLUENT,Khánh Hòa,VERIFIED,2022-08-13,ACTIVE
271,MSB00000271,Hồ Diệu Ngân,1958-07-20,FEMALE,MASS_AFFLUENT,Hà Nội,VERIFIED,2015-05-19,ACTIVE
272,MSB00000272,Phạm Hải Hà,1995-02-18,FEMALE,SME_OWNER,Đà Nẵng,VERIFIED,2015-05-05,ACTIVE
273,MSB00000273,Lê Ngọc Hoa,1975-06-10,FEMALE,MASS_AFFLUENT,Hải Phòng,VERIFIED,2020-06-15,ACTIVE
274,MSB00000274,Lê Văn Trí,1989-11-25,MALE,PRIVATE,Bình Dương,VERIFIED,2023-12-08,DORMANT
275,MSB00000275,Bùi Thành Bình,1987-01-23,MALE,MASS,Hà Nội,VERIFIED,2017-04-04,DORMANT
276,MSB00000276,Hồ Công Vinh,1983-11-28,MALE,AFFLUENT,Khánh Hòa,VERIFIED,2025-01-03,ACTIVE
277,MSB00000277,Vũ Thu Hằng,1998-10-02,FEMALE,AFFLUENT,Quảng Ninh,VERIFIED,2022-02-11,ACTIVE
278,MSB00000278,Lê Bá Nam,1986-11-13,MALE,AFFLUENT,Hải Phòng,VERIFIED,2020-02-14,ACTIVE
279,MSB00000279,Hồ Bá Dũng,1992-10-20,MALE,MASS,TP. Hồ Chí Minh,VERIFIED,2016-04-02,ACTIVE
280,MSB00000280,Huỳnh Thùy Anh,1965-11-04,FEMALE,AFFLUENT,Hải Phòng,VERIFIED,2014-12-09,DORMANT
281,MSB00000281,Lý Phương My,1995-01-12,FEMALE,MASS_AFFLUENT,Hà Nội,VERIFIED,2016-10-14,ACTIVE
282,MSB00000282,Phạm Phương Nga,1964-04-06,FEMALE,MASS,Cần Thơ,VERIFIED,2020-09-02,DORMANT
283,MSB00000283,Phạm Văn Phúc,2006-04-27,MALE,SME_OWNER,Hà Nội,VERIFIED,2025-05-03,DORMANT
284,MSB00000284,Võ Mai Linh,1986-04-17,FEMALE,MASS,TP. Hồ Chí Minh,VERIFIED,2016-12-30,ACTIVE
285,MSB00000285,Trần Bá Nam,1993-01-18,MALE,MASS,Hà Nội,VERIFIED,2016-05-02,ACTIVE
286,MSB00000286,Đỗ Văn An,1983-11-08,MALE,MASS_AFFLUENT,Cần Thơ,VERIFIED,2020-10-24,ACTIVE
287,MSB00000287,Nguyễn Mai Hằng,1968-04-16,FEMALE,PRIVATE,Đà Nẵng,VERIFIED,2019-11-12,DORMANT
288,MSB00000288,Hồ Diệu Nhung,1959-01-29,FEMALE,AFFLUENT,Hải Phòng,VERIFIED,2016-05-30,ACTIVE
289,MSB00000289,Lý Xuân Vinh,1970-03-29,MALE,MASS,Hà Nội,VERIFIED,2024-10-13,ACTIVE
290,MSB00000290,Hồ Quang Dũng,1981-01-18,MALE,PRIVATE,TP. Hồ Chí Minh,VERIFIED,2016-11-05,DORMANT
291,MSB00000291,Trần Công Phúc,1980-11-02,MALE,MASS,TP. Hồ Chí Minh,VERIFIED,2020-05-07,ACTIVE
292,MSB00000292,Huỳnh Thị Nga,1957-03-30,FEMALE,AFFLUENT,Đà Nẵng,VERIFIED,2018-04-28,ACTIVE
293,MSB00000293,Vũ Diệu Thảo,1957-04-05,FEMALE,PRIVATE,Hà Nội,VERIFIED,2024-02-08,ACTIVE
294,MSB00000294,Đặng Bá Khoa,1968-06-15,MALE,PRIVATE,Hải Phòng,VERIFIED,2019-02-24,ACTIVE
295,MSB00000295,Lý Xuân Cường,1998-02-26,MALE,AFFLUENT,TP. Hồ Chí Minh,PENDING,2023-03-13,ACTIVE
296,MSB00000296,Đỗ Kim Hằng,1993-03-14,FEMALE,MASS_AFFLUENT,Khánh Hòa,VERIFIED,2020-04-13,DORMANT
297,MSB00000297,Phan Diệu Yến,1993-06-30,FEMALE,SME_OWNER,TP. Hồ Chí Minh,VERIFIED,2020-03-15,ACTIVE
298,MSB00000298,Huỳnh Minh Quân,1994-09-09,MALE,MASS,Hà Nội,VERIFIED,2015-03-03,ACTIVE
299,MSB00000299,Đỗ Kim Linh,1957-10-18,FEMALE,MASS,Hà Nội,VERIFIED,2018-07-06,ACTIVE
300,MSB00000300,Dương Ngọc Hằng,1999-05-14,FEMALE,MASS,TP. Hồ Chí Minh,VERIFIED,2019-10-29,ACTIVE
301,MSB00000301,Huỳnh Đức Quân,1963-09-18,MALE,MASS_AFFLUENT,Hà Nội,PENDING,2021-08-21,ACTIVE
302,MSB00000302,Bùi Thùy Vân,1966-05-20,FEMALE,PRIVATE,Bình Dương,VERIFIED,2022-05-24,ACTIVE
303,MSB00000303,Hoàng Thùy Oanh,1980-03-28,FEMALE,AFFLUENT,Cần Thơ,VERIFIED,2018-09-20,DORMANT
304,MSB00000304,Phạm Hải Thảo,1991-07-12,FEMALE,MASS,Hà Nội,VERIFIED,2016-01-14,ACTIVE
305,MSB00000305,Đỗ Hải My,1993-01-16,FEMALE,MASS,Đồng Nai,VERIFIED,2019-08-26,ACTIVE
306,MSB00000306,Huỳnh Phương Lan,1973-03-05,FEMALE,MASS_AFFLUENT,Hà Nội,VERIFIED,2018-08-18,ACTIVE
307,MSB00000307,Dương Minh Phúc,1973-05-22,MALE,MASS,Bình Dương,PENDING,2022-07-02,DORMANT
308,MSB00000308,Bùi Hữu Sơn,1979-05-15,MALE,MASS,Hà Nội,VERIFIED,2019-10-26,DORMANT
309,MSB00000309,Hồ Hải Hằng,1977-09-20,FEMALE,MASS,TP. Hồ Chí Minh,VERIFIED,2019-08-28,ACTIVE
310,MSB00000310,Nguyễn Hữu Hoàng,1964-12-20,MALE,AFFLUENT,Cần Thơ,VERIFIED,2018-05-15,ACTIVE
311,MSB00000311,Hoàng Văn Sơn,1969-07-03,MALE,MASS,TP. Hồ Chí Minh,VERIFIED,2022-08-21,ACTIVE
312,MSB00000312,Dương Đức An,1969-07-09,MALE,MASS_AFFLUENT,Hà Nội,VERIFIED,2022-04-04,ACTIVE
313,MSB00000313,Lê Thùy Hà,1992-08-02,FEMALE,MASS,Bình Dương,VERIFIED,2022-02-19,DORMANT
314,MSB00000314,Lê Phương Hằng,2003-05-30,FEMALE,AFFLUENT,Hải Phòng,VERIFIED,2021-06-02,ACTIVE
315,MSB00000315,Võ Ngọc Nhung,1983-12-02,FEMALE,MASS_AFFLUENT,Đồng Nai,VERIFIED,2022-12-02,DORMANT
316,MSB00000316,Bùi Phương Yến,1990-08-05,FEMALE,MASS_AFFLUENT,Hải Phòng,PENDING,2024-01-17,ACTIVE
317,MSB00000317,Phạm Minh Nam,1990-05-29,MALE,MASS_AFFLUENT,Hà Nội,VERIFIED,2020-06-29,DORMANT
318,MSB00000318,Võ Hữu Khoa,1980-08-12,MALE,AFFLUENT,Hải Phòng,VERIFIED,2016-05-09,DORMANT
319,MSB00000319,Lý Mai Linh,1960-01-03,FEMALE,MASS,Bình Dương,PENDING,2025-12-15,DORMANT
320,MSB00000320,Trần Quang Khoa,1965-11-03,MALE,MASS,Hà Nội,VERIFIED,2018-07-25,ACTIVE
321,MSB00000321,Huỳnh Thị Hoa,1973-02-15,FEMALE,MASS,Hà Nội,VERIFIED,2016-10-20,ACTIVE
322,MSB00000322,Phạm Thị Ngân,1970-10-02,FEMALE,MASS_AFFLUENT,Hải Phòng,VERIFIED,2016-09-17,ACTIVE
323,MSB00000323,Lý Hữu An,1985-12-19,MALE,MASS,Bình Dương,VERIFIED,2016-05-19,DORMANT
324,MSB00000324,Trần Kim Uyên,1978-11-23,FEMALE,MASS,TP. Hồ Chí Minh,VERIFIED,2022-08-16,ACTIVE
325,MSB00000325,Hoàng Hữu Bình,1985-05-05,MALE,MASS,Cần Thơ,VERIFIED,2025-02-24,ACTIVE
326,MSB00000326,Đặng Công Long,1965-10-16,MALE,MASS,Hà Nội,VERIFIED,2014-09-19,DORMANT
327,MSB00000327,Phạm Xuân Long,1957-01-09,MALE,MASS_AFFLUENT,TP. Hồ Chí Minh,VERIFIED,2018-03-01,ACTIVE
328,MSB00000328,Đỗ Thành Bình,1985-07-27,MALE,SME_OWNER,Cần Thơ,VERIFIED,2022-02-28,ACTIVE
329,MSB00000329,Phạm Xuân Đạt,1970-07-28,MALE,MASS,Hà Nội,VERIFIED,2016-05-22,ACTIVE
330,MSB00000330,Phan Thùy Hoa,2003-10-05,FEMALE,MASS,TP. Hồ Chí Minh,VERIFIED,2022-03-15,ACTIVE
331,MSB00000331,Lý Thành Bình,1986-05-19,MALE,MASS_AFFLUENT,Đà Nẵng,VERIFIED,2017-08-02,DORMANT
332,MSB00000332,Đỗ Thùy Hoa,1963-03-11,FEMALE,MASS_AFFLUENT,TP. Hồ Chí Minh,VERIFIED,2015-02-14,ACTIVE
333,MSB00000333,Vũ Ngọc Oanh,1971-11-24,FEMALE,MASS,Đồng Nai,VERIFIED,2017-05-15,DORMANT
334,MSB00000334,Lê Bá Sơn,1979-11-21,MALE,MASS,Nghệ An,VERIFIED,2018-09-08,ACTIVE
335,MSB00000335,Hoàng Xuân Phúc,1996-08-18,MALE,AFFLUENT,Hải Phòng,VERIFIED,2024-02-05,DORMANT
336,MSB00000336,Phan Thị Thảo,1966-01-15,FEMALE,AFFLUENT,Bình Dương,EXPIRED,2015-06-10,ACTIVE
337,MSB00000337,Ngô Thùy Thảo,1957-09-28,FEMALE,PRIVATE,Khánh Hòa,VERIFIED,2021-05-12,ACTIVE
338,MSB00000338,Hồ Ngọc Yến,1987-04-23,FEMALE,MASS_AFFLUENT,Hải Phòng,VERIFIED,2019-01-22,ACTIVE
339,MSB00000339,Võ Thành Dũng,1966-02-10,MALE,MASS_AFFLUENT,Bình Dương,VERIFIED,2019-03-11,DORMANT
340,MSB00000340,Trần Kim Hoa,1977-05-23,FEMALE,MASS,Hà Nội,VERIFIED,2023-06-15,ACTIVE
341,MSB00000341,Lý Thị Trang,1986-12-08,FEMALE,AFFLUENT,Bình Dương,PENDING,2019-04-17,ACTIVE
342,MSB00000342,Đặng Mai Thảo,1990-07-15,FEMALE,MASS,TP. Hồ Chí Minh,VERIFIED,2021-10-08,ACTIVE
343,MSB00000343,Ngô Công Việt,1981-02-19,MALE,PRIVATE,Hà Nội,VERIFIED,2022-04-01,DORMANT
344,MSB00000344,Lê Kim Hằng,1986-03-30,FEMALE,MASS_AFFLUENT,Đà Nẵng,VERIFIED,2016-04-23,ACTIVE
345,MSB00000345,Hoàng Quang Cường,1976-01-06,MALE,MASS,Hà Nội,VERIFIED,2017-11-27,ACTIVE
346,MSB00000346,Đặng Ngọc Hằng,1999-03-01,FEMALE,MASS,Hà Nội,VERIFIED,2020-08-13,ACTIVE
347,MSB00000347,Võ Hải Ngân,1982-09-04,FEMALE,AFFLUENT,Đà Nẵng,VERIFIED,2026-02-07,ACTIVE
348,MSB00000348,Trần Phương Nhung,1968-09-03,FEMALE,MASS_AFFLUENT,Hà Nội,EXPIRED,2018-01-21,DORMANT
349,MSB00000349,Bùi Công Bình,1964-05-16,MALE,MASS_AFFLUENT,Đồng Nai,VERIFIED,2017-09-19,ACTIVE
350,MSB00000350,Lê Thu Nhung,1992-08-14,FEMALE,AFFLUENT,Nghệ An,VERIFIED,2024-05-20,ACTIVE
351,MSB00000351,Đỗ Thành Khoa,1976-03-01,MALE,SME_OWNER,Cần Thơ,VERIFIED,2017-07-01,ACTIVE
352,MSB00000352,Vũ Văn Hoàng,1991-01-25,MALE,MASS_AFFLUENT,TP. Hồ Chí Minh,VERIFIED,2021-08-30,ACTIVE
353,MSB00000353,Huỳnh Kim My,1966-11-27,FEMALE,MASS_AFFLUENT,Đà Nẵng,VERIFIED,2017-10-12,DORMANT
354,MSB00000354,Hoàng Thùy Thảo,1989-02-17,FEMALE,MASS_AFFLUENT,Hà Nội,VERIFIED,2016-07-14,ACTIVE
355,MSB00000355,Trần Xuân Cường,1973-01-25,MALE,SME_OWNER,Đà Nẵng,VERIFIED,2018-02-27,DORMANT
356,MSB00000356,Trần Diệu Thảo,1985-08-19,FEMALE,SME_OWNER,TP. Hồ Chí Minh,VERIFIED,2015-05-09,ACTIVE
357,MSB00000357,Dương Thành Phúc,1992-11-22,MALE,MASS_AFFLUENT,TP. Hồ Chí Minh,VERIFIED,2025-06-08,ACTIVE
358,MSB00000358,Trần Phương Nga,1978-04-29,FEMALE,MASS,Hà Nội,VERIFIED,2022-07-18,ACTIVE
359,MSB00000359,Đỗ Thị Chi,1975-04-10,FEMALE,MASS,Quảng Ninh,VERIFIED,2025-08-19,ACTIVE
360,MSB00000360,Đặng Mai Yến,1972-03-26,FEMALE,AFFLUENT,Hà Nội,VERIFIED,2024-04-24,ACTIVE
361,MSB00000361,Đặng Ngọc My,1967-08-02,FEMALE,MASS_AFFLUENT,TP. Hồ Chí Minh,VERIFIED,2021-12-20,ACTIVE
362,MSB00000362,Võ Phương Hằng,1973-02-28,FEMALE,AFFLUENT,TP. Hồ Chí Minh,VERIFIED,2026-01-20,ACTIVE
363,MSB00000363,Phan Minh Đạt,1964-04-10,MALE,AFFLUENT,Đà Nẵng,VERIFIED,2021-09-15,DORMANT
364,MSB00000364,Hồ Hải Hà,1985-06-03,FEMALE,MASS_AFFLUENT,Khánh Hòa,VERIFIED,2024-11-03,DORMANT
365,MSB00000365,Phan Minh Trí,1981-05-30,MALE,AFFLUENT,Hà Nội,VERIFIED,2025-01-02,ACTIVE
366,MSB00000366,Huỳnh Xuân Vinh,1982-08-15,MALE,MASS,Hà Nội,VERIFIED,2016-07-31,ACTIVE
367,MSB00000367,Bùi Hải Uyên,1977-10-07,FEMALE,MASS,Hà Nội,VERIFIED,2017-08-25,ACTIVE
368,MSB00000368,Đỗ Thành Long,1999-05-13,MALE,MASS_AFFLUENT,Đà Nẵng,VERIFIED,2021-01-04,ACTIVE
369,MSB00000369,Phan Quang Đạt,1963-10-13,MALE,MASS,Đà Nẵng,VERIFIED,2019-09-17,DORMANT
370,MSB00000370,Bùi Diệu Oanh,1979-10-27,FEMALE,MASS,Bình Dương,VERIFIED,2022-12-04,ACTIVE
371,MSB00000371,Phan Quang Tuấn,1979-03-15,MALE,MASS,Bình Dương,VERIFIED,2020-08-30,DORMANT
372,MSB00000372,Ngô Đức Hùng,1962-11-07,MALE,SME_OWNER,Hà Nội,VERIFIED,2017-04-12,ACTIVE
373,MSB00000373,Phạm Văn Việt,1983-06-12,MALE,MASS_AFFLUENT,Khánh Hòa,VERIFIED,2020-03-30,DORMANT
374,MSB00000374,Lý Quang Bình,1983-06-24,MALE,AFFLUENT,Bình Dương,VERIFIED,2017-01-26,ACTIVE
375,MSB00000375,Huỳnh Diệu Anh,1977-10-03,FEMALE,MASS_AFFLUENT,Hải Phòng,VERIFIED,2020-09-02,ACTIVE
376,MSB00000376,Đặng Ngọc Yến,1960-01-05,FEMALE,MASS_AFFLUENT,TP. Hồ Chí Minh,VERIFIED,2022-02-07,ACTIVE
377,MSB00000377,Võ Phương Trang,1993-12-19,FEMALE,MASS,Cần Thơ,VERIFIED,2015-11-22,ACTIVE
378,MSB00000378,Ngô Minh Việt,1998-09-25,MALE,AFFLUENT,Đà Nẵng,PENDING,2015-10-25,ACTIVE
379,MSB00000379,Hồ Kim Oanh,2001-08-22,FEMALE,MASS_AFFLUENT,TP. Hồ Chí Minh,VERIFIED,2023-08-29,ACTIVE
380,MSB00000380,Huỳnh Công An,1970-06-26,MALE,MASS_AFFLUENT,Hà Nội,VERIFIED,2020-12-04,ACTIVE
381,MSB00000381,Bùi Thu Uyên,2005-09-10,FEMALE,MASS,Đà Nẵng,VERIFIED,2017-04-26,ACTIVE
382,MSB00000382,Lý Mai Hằng,1971-07-13,FEMALE,MASS_AFFLUENT,Đà Nẵng,VERIFIED,2023-04-13,ACTIVE
383,MSB00000383,Bùi Thành Quân,1962-03-17,MALE,AFFLUENT,Hà Nội,VERIFIED,2017-08-04,DORMANT
384,MSB00000384,Võ Ngọc Hoa,1972-08-19,FEMALE,MASS,Khánh Hòa,VERIFIED,2015-11-01,ACTIVE
385,MSB00000385,Đặng Diệu Hà,1998-05-01,FEMALE,MASS_AFFLUENT,Hà Nội,PENDING,2023-07-30,ACTIVE
386,MSB00000386,Nguyễn Văn Sơn,1973-06-26,MALE,AFFLUENT,TP. Hồ Chí Minh,PENDING,2024-07-17,ACTIVE
387,MSB00000387,Hoàng Kim Thảo,1984-05-26,FEMALE,MASS,TP. Hồ Chí Minh,PENDING,2015-04-23,ACTIVE
388,MSB00000388,Trần Thùy Hà,2004-11-03,FEMALE,MASS,Hải Phòng,VERIFIED,2014-09-17,DORMANT
389,MSB00000389,Vũ Thành Dũng,1997-05-19,MALE,AFFLUENT,Hà Nội,VERIFIED,2016-04-24,ACTIVE
390,MSB00000390,Trần Văn Hoàng,1968-11-03,MALE,SME_OWNER,Hải Phòng,VERIFIED,2019-03-05,DORMANT
391,MSB00000391,Nguyễn Phương Ngân,1977-10-05,FEMALE,MASS_AFFLUENT,TP. Hồ Chí Minh,VERIFIED,2025-04-30,ACTIVE
392,MSB00000392,Trần Kim Hoa,1982-02-11,FEMALE,AFFLUENT,Hà Nội,VERIFIED,2015-08-26,ACTIVE
393,MSB00000393,Võ Thùy Oanh,1968-02-13,FEMALE,SME_OWNER,Hà Nội,VERIFIED,2024-01-03,ACTIVE
394,MSB00000394,Hồ Thị Nga,1980-04-28,FEMALE,MASS,TP. Hồ Chí Minh,PENDING,2024-03-29,ACTIVE
395,MSB00000395,Bùi Thị Trang,1957-12-27,FEMALE,AFFLUENT,TP. Hồ Chí Minh,VERIFIED,2017-12-17,ACTIVE
396,MSB00000396,Võ Đức Phúc,2003-11-07,MALE,MASS_AFFLUENT,Hà Nội,VERIFIED,2021-10-15,DORMANT
397,MSB00000397,Bùi Quang Vinh,1991-10-17,MALE,MASS,TP. Hồ Chí Minh,VERIFIED,2016-03-16,ACTIVE
398,MSB00000398,Nguyễn Bá An,1997-06-17,MALE,MASS,TP. Hồ Chí Minh,VERIFIED,2016-02-21,ACTIVE
399,MSB00000399,Bùi Ngọc Chi,1985-12-20,FEMALE,AFFLUENT,Quảng Ninh,VERIFIED,2016-12-07,ACTIVE
400,MSB00000400,Đỗ Kim Nhung,1961-07-07,FEMALE,MASS_AFFLUENT,Cần Thơ,VERIFIED,2016-07-24,ACTIVE
401,MSB00000401,Phan Thu Nhung,1986-03-02,FEMALE,MASS_AFFLUENT,Hà Nội,VERIFIED,2019-12-17,ACTIVE
402,MSB00000402,Phạm Bá Việt,1991-07-27,MALE,MASS,TP. Hồ Chí Minh,VERIFIED,2016-02-27,DORMANT
403,MSB00000403,Lý Văn Sơn,2002-02-08,MALE,MASS,Hà Nội,VERIFIED,2015-08-26,ACTIVE
404,MSB00000404,Võ Mai Linh,1986-10-22,FEMALE,AFFLUENT,TP. Hồ Chí Minh,VERIFIED,2023-01-21,ACTIVE
405,MSB00000405,Dương Đức Đạt,1994-11-03,MALE,MASS_AFFLUENT,TP. Hồ Chí Minh,VERIFIED,2021-05-14,DORMANT
406,MSB00000406,Võ Xuân Dũng,1996-12-10,MALE,AFFLUENT,Khánh Hòa,VERIFIED,2019-02-14,ACTIVE
407,MSB00000407,Hoàng Phương Nga,2000-01-30,FEMALE,MASS,TP. Hồ Chí Minh,VERIFIED,2016-04-21,DORMANT
408,MSB00000408,Lê Phương Linh,1975-01-13,FEMALE,MASS,Đồng Nai,VERIFIED,2021-10-13,DORMANT
409,MSB00000409,Lê Kim Oanh,1971-07-23,FEMALE,AFFLUENT,Đà Nẵng,VERIFIED,2023-04-17,ACTIVE
410,MSB00000410,Nguyễn Xuân Sơn,1968-12-05,MALE,AFFLUENT,TP. Hồ Chí Minh,VERIFIED,2022-08-02,DORMANT
411,MSB00000411,Hoàng Thành Đạt,2003-12-23,MALE,MASS,Hà Nội,VERIFIED,2016-12-31,ACTIVE
412,MSB00000412,Lý Bá Dũng,1960-07-06,MALE,MASS_AFFLUENT,Hà Nội,VERIFIED,2020-04-05,ACTIVE
413,MSB00000413,Lê Hữu Đạt,1981-01-09,MALE,AFFLUENT,Bình Dương,VERIFIED,2023-05-09,ACTIVE
414,MSB00000414,Hoàng Đức Huy,1978-04-09,MALE,MASS,Đồng Nai,VERIFIED,2017-12-26,ACTIVE
415,MSB00000415,Phạm Công Khoa,1963-02-24,MALE,PRIVATE,TP. Hồ Chí Minh,VERIFIED,2018-08-18,ACTIVE
416,MSB00000416,Hoàng Phương Trang,1992-11-03,FEMALE,MASS,TP. Hồ Chí Minh,VERIFIED,2020-04-12,ACTIVE
417,MSB00000417,Hoàng Văn Tuấn,1981-05-02,MALE,MASS,TP. Hồ Chí Minh,VERIFIED,2019-02-06,ACTIVE
418,MSB00000418,Võ Quang Phúc,2002-09-28,MALE,SME_OWNER,TP. Hồ Chí Minh,VERIFIED,2023-08-22,DORMANT
419,MSB00000419,Hồ Quang Vinh,1982-03-28,MALE,MASS,Đồng Nai,VERIFIED,2024-03-13,ACTIVE
420,MSB00000420,Đỗ Kim Hoa,1993-02-21,FEMALE,MASS,Hà Nội,VERIFIED,2016-11-28,DORMANT
421,MSB00000421,Đặng Quang Sơn,1997-08-17,MALE,MASS,TP. Hồ Chí Minh,VERIFIED,2018-05-24,DORMANT
422,MSB00000422,Võ Công Cường,1976-07-14,MALE,AFFLUENT,Hải Phòng,VERIFIED,2014-12-03,DORMANT
423,MSB00000423,Phan Bá Việt,2000-05-17,MALE,PRIVATE,TP. Hồ Chí Minh,VERIFIED,2015-05-18,ACTIVE
424,MSB00000424,Hồ Thành Huy,1957-09-04,MALE,AFFLUENT,Hà Nội,VERIFIED,2022-02-04,ACTIVE
425,MSB00000425,Phạm Hải Chi,1995-05-26,FEMALE,SME_OWNER,TP. Hồ Chí Minh,VERIFIED,2020-12-06,DORMANT
426,MSB00000426,Phạm Văn Nam,2003-04-06,MALE,MASS_AFFLUENT,Hải Phòng,VERIFIED,2016-06-03,ACTIVE
427,MSB00000427,Lê Công Cường,1983-10-21,MALE,SME_OWNER,Quảng Ninh,VERIFIED,2026-04-15,ACTIVE
428,MSB00000428,Nguyễn Kim Linh,1987-05-04,FEMALE,AFFLUENT,Đồng Nai,VERIFIED,2016-04-01,ACTIVE
429,MSB00000429,Phan Công Nam,1973-11-04,MALE,MASS_AFFLUENT,Đà Nẵng,VERIFIED,2024-05-15,DORMANT
430,MSB00000430,Nguyễn Kim Vân,1973-07-15,FEMALE,MASS_AFFLUENT,Bình Dương,VERIFIED,2023-04-16,ACTIVE
431,MSB00000431,Lê Hữu Hoàng,1977-07-10,MALE,MASS,Đà Nẵng,VERIFIED,2020-09-15,ACTIVE
432,MSB00000432,Võ Thu Uyên,1978-08-23,FEMALE,MASS,TP. Hồ Chí Minh,VERIFIED,2018-02-06,ACTIVE
433,MSB00000433,Huỳnh Quang Sơn,1968-07-13,MALE,MASS_AFFLUENT,Hà Nội,VERIFIED,2022-03-14,ACTIVE
434,MSB00000434,Lê Thành Tuấn,1974-01-19,MALE,MASS,TP. Hồ Chí Minh,VERIFIED,2015-05-20,ACTIVE
435,MSB00000435,Phạm Thành Tuấn,2000-07-25,MALE,PRIVATE,TP. Hồ Chí Minh,VERIFIED,2017-03-13,ACTIVE
436,MSB00000436,Ngô Mai Hoa,1983-01-17,FEMALE,MASS,Quảng Ninh,VERIFIED,2017-09-12,ACTIVE
437,MSB00000437,Dương Văn Long,1972-01-22,MALE,MASS_AFFLUENT,Đà Nẵng,EXPIRED,2017-04-25,ACTIVE
438,MSB00000438,Đặng Kim Hằng,1993-06-03,FEMALE,MASS,Nghệ An,VERIFIED,2025-12-23,ACTIVE
439,MSB00000439,Phạm Mai Vân,1963-08-15,FEMALE,AFFLUENT,TP. Hồ Chí Minh,VERIFIED,2016-09-23,DORMANT
440,MSB00000440,Bùi Minh Vinh,1982-06-29,MALE,MASS,Hà Nội,PENDING,2019-04-11,DORMANT
441,MSB00000441,Phạm Xuân Cường,1990-07-06,MALE,MASS,Quảng Ninh,VERIFIED,2024-02-26,ACTIVE
442,MSB00000442,Đặng Công Huy,1987-02-17,MALE,SME_OWNER,TP. Hồ Chí Minh,VERIFIED,2017-03-31,ACTIVE
443,MSB00000443,Phạm Phương Dung,1975-09-23,FEMALE,MASS_AFFLUENT,TP. Hồ Chí Minh,VERIFIED,2025-02-03,ACTIVE
444,MSB00000444,Lê Ngọc Uyên,1971-03-23,FEMALE,MASS_AFFLUENT,Hà Nội,VERIFIED,2019-02-12,DORMANT
445,MSB00000445,Hoàng Hải Ngân,1994-01-08,FEMALE,SME_OWNER,Đồng Nai,PENDING,2019-09-08,ACTIVE
446,MSB00000446,Lý Đức Hùng,1998-05-09,MALE,MASS,Hà Nội,EXPIRED,2025-12-28,ACTIVE
447,MSB00000447,Dương Thu Hà,2002-07-25,FEMALE,AFFLUENT,Khánh Hòa,VERIFIED,2021-12-15,DORMANT
448,MSB00000448,Ngô Bá Bình,1982-06-09,MALE,MASS,Hà Nội,PENDING,2024-12-04,ACTIVE
449,MSB00000449,Ngô Quang Khoa,1960-03-06,MALE,PRIVATE,Hà Nội,VERIFIED,2015-04-15,ACTIVE
450,MSB00000450,Võ Đức Dũng,1958-10-19,MALE,MASS,Bình Dương,VERIFIED,2016-12-23,ACTIVE
451,MSB00000451,Lê Hữu Sơn,1979-05-30,MALE,AFFLUENT,TP. Hồ Chí Minh,VERIFIED,2014-09-17,ACTIVE
452,MSB00000452,Hồ Kim Anh,1979-09-03,FEMALE,MASS_AFFLUENT,TP. Hồ Chí Minh,VERIFIED,2020-08-19,DORMANT
453,MSB00000453,Phan Hải Vân,1981-01-06,FEMALE,MASS_AFFLUENT,Đà Nẵng,VERIFIED,2022-06-29,ACTIVE
454,MSB00000454,Đỗ Công Tuấn,1995-04-21,MALE,MASS,TP. Hồ Chí Minh,VERIFIED,2015-02-26,ACTIVE
455,MSB00000455,Trần Công Quân,1986-01-12,MALE,MASS_AFFLUENT,TP. Hồ Chí Minh,PENDING,2022-10-01,ACTIVE
456,MSB00000456,Nguyễn Thị Uyên,1959-12-17,FEMALE,MASS_AFFLUENT,Hà Nội,VERIFIED,2021-06-27,DORMANT
457,MSB00000457,Phạm Thùy Ngân,1975-12-21,FEMALE,MASS,TP. Hồ Chí Minh,VERIFIED,2024-10-07,ACTIVE
458,MSB00000458,Hoàng Xuân Trí,1993-10-16,MALE,AFFLUENT,Hà Nội,VERIFIED,2016-09-28,ACTIVE
459,MSB00000459,Ngô Đức Đạt,2001-12-29,MALE,MASS,Bình Dương,VERIFIED,2024-12-05,DORMANT
460,MSB00000460,Hoàng Thu Thảo,1969-08-18,FEMALE,MASS,Cần Thơ,VERIFIED,2025-11-29,ACTIVE
461,MSB00000461,Bùi Thị Vân,1961-04-12,FEMALE,MASS_AFFLUENT,TP. Hồ Chí Minh,VERIFIED,2016-08-10,ACTIVE
462,MSB00000462,Lê Hải Linh,2000-09-30,FEMALE,MASS,TP. Hồ Chí Minh,VERIFIED,2016-07-08,DORMANT
463,MSB00000463,Nguyễn Bá Việt,1988-06-13,MALE,MASS,Đà Nẵng,VERIFIED,2016-05-15,DORMANT
464,MSB00000464,Dương Phương Trang,1964-02-27,FEMALE,MASS_AFFLUENT,Hải Phòng,VERIFIED,2016-04-22,ACTIVE
465,MSB00000465,Dương Xuân Sơn,1994-02-26,MALE,MASS,TP. Hồ Chí Minh,VERIFIED,2024-09-03,ACTIVE
466,MSB00000466,Nguyễn Ngọc Nhung,1997-02-05,FEMALE,MASS_AFFLUENT,Hải Phòng,VERIFIED,2022-02-07,ACTIVE
467,MSB00000467,Trần Hữu Nam,1986-10-15,MALE,MASS_AFFLUENT,Hà Nội,VERIFIED,2017-05-27,ACTIVE
468,MSB00000468,Dương Đức Huy,1987-02-12,MALE,MASS,TP. Hồ Chí Minh,VERIFIED,2022-09-19,ACTIVE
469,MSB00000469,Hồ Đức Hùng,1982-08-27,MALE,MASS_AFFLUENT,Hà Nội,VERIFIED,2017-04-01,ACTIVE
470,MSB00000470,Ngô Thành Tuấn,1958-05-31,MALE,MASS,Nghệ An,VERIFIED,2015-09-18,ACTIVE
471,MSB00000471,Lý Văn Long,1958-01-09,MALE,AFFLUENT,TP. Hồ Chí Minh,VERIFIED,2015-02-12,DORMANT
472,MSB00000472,Đặng Thị Thảo,1977-11-15,FEMALE,MASS,Đà Nẵng,PENDING,2017-04-03,DORMANT
473,MSB00000473,Đặng Thu Hằng,2003-01-04,FEMALE,MASS_AFFLUENT,TP. Hồ Chí Minh,VERIFIED,2017-01-10,ACTIVE
474,MSB00000474,Nguyễn Phương Thảo,1992-12-03,FEMALE,AFFLUENT,Hà Nội,VERIFIED,2019-05-09,DORMANT
475,MSB00000475,Nguyễn Công Tuấn,1997-06-01,MALE,MASS_AFFLUENT,Hà Nội,VERIFIED,2025-06-01,ACTIVE
476,MSB00000476,Phan Quang Việt,2006-07-24,MALE,MASS,TP. Hồ Chí Minh,VERIFIED,2021-03-28,DORMANT
477,MSB00000477,Lý Quang Việt,1986-09-16,MALE,MASS_AFFLUENT,Hải Phòng,VERIFIED,2015-03-17,ACTIVE
478,MSB00000478,Hoàng Hữu Bình,2006-02-03,MALE,MASS_AFFLUENT,Hải Phòng,VERIFIED,2015-09-09,DORMANT
479,MSB00000479,Trần Bá An,1977-12-01,MALE,MASS_AFFLUENT,Hà Nội,VERIFIED,2023-07-18,ACTIVE
480,MSB00000480,Vũ Phương Oanh,1992-09-12,FEMALE,MASS,TP. Hồ Chí Minh,VERIFIED,2017-08-11,ACTIVE
481,MSB00000481,Trần Mai Linh,1970-06-22,FEMALE,MASS_AFFLUENT,TP. Hồ Chí Minh,VERIFIED,2022-09-29,ACTIVE
482,MSB00000482,Nguyễn Hữu Đạt,1979-10-15,MALE,MASS,Đà Nẵng,VERIFIED,2021-06-19,DORMANT
483,MSB00000483,Lý Hải Lan,1959-04-17,FEMALE,MASS,TP. Hồ Chí Minh,VERIFIED,2018-10-04,ACTIVE
484,MSB00000484,Lý Thu Hằng,1982-01-11,FEMALE,MASS_AFFLUENT,Đồng Nai,VERIFIED,2020-07-13,ACTIVE
485,MSB00000485,Hồ Đức Quân,1999-04-09,MALE,MASS_AFFLUENT,TP. Hồ Chí Minh,VERIFIED,2019-04-12,ACTIVE
486,MSB00000486,Bùi Thùy Yến,1960-06-16,FEMALE,MASS,TP. Hồ Chí Minh,VERIFIED,2025-03-06,ACTIVE
487,MSB00000487,Lê Xuân Hùng,1990-10-12,MALE,PRIVATE,Hải Phòng,VERIFIED,2022-11-13,ACTIVE
488,MSB00000488,Phan Đức Quân,1968-04-23,MALE,MASS,Bình Dương,EXPIRED,2016-11-14,ACTIVE
489,MSB00000489,Nguyễn Thùy Nga,1967-08-19,FEMALE,MASS,TP. Hồ Chí Minh,VERIFIED,2019-02-07,ACTIVE
490,MSB00000490,Đỗ Diệu Vân,1960-07-04,FEMALE,AFFLUENT,Hà Nội,VERIFIED,2016-07-05,ACTIVE
491,MSB00000491,Dương Bá Vinh,1973-09-11,MALE,MASS,Hà Nội,VERIFIED,2015-01-25,ACTIVE
492,MSB00000492,Huỳnh Xuân Trí,1980-10-31,MALE,MASS_AFFLUENT,TP. Hồ Chí Minh,VERIFIED,2022-03-06,ACTIVE
493,MSB00000493,Võ Thùy Anh,1986-12-29,FEMALE,MASS,Cần Thơ,VERIFIED,2023-03-30,DORMANT
494,MSB00000494,Vũ Quang Quân,1983-11-17,MALE,MASS_AFFLUENT,Hải Phòng,EXPIRED,2022-09-18,DORMANT
495,MSB00000495,Dương Kim Nhung,1967-01-04,FEMALE,PRIVATE,TP. Hồ Chí Minh,VERIFIED,2019-08-27,ACTIVE
496,MSB00000496,Hồ Diệu Ngân,1977-09-29,FEMALE,MASS,Hà Nội,VERIFIED,2023-05-21,DORMANT
497,MSB00000497,Võ Văn Tuấn,2004-07-22,MALE,MASS,Hải Phòng,VERIFIED,2021-10-10,ACTIVE
498,MSB00000498,Lê Ngọc Nga,1988-08-04,FEMALE,MASS,Đà Nẵng,VERIFIED,2024-04-21,DORMANT
499,MSB00000499,Trần Hải Hoa,1960-12-17,FEMALE,MASS_AFFLUENT,Bình Dương,VERIFIED,2021-10-30,ACTIVE
500,MSB00000500,Võ Ngọc Lan,1995-09-10,FEMALE,MASS,Hải Phòng,VERIFIED,2015-04-10,DORMANT
501,MSB00000501,Phan Văn Dũng,1983-01-28,MALE,MASS,TP. Hồ Chí Minh,VERIFIED,2021-05-20,ACTIVE
502,MSB00000502,Hồ Hữu Phúc,1964-09-09,MALE,MASS_AFFLUENT,Cần Thơ,VERIFIED,2017-06-22,DORMANT
503,MSB00000503,Lê Minh Tuấn,1992-04-03,MALE,MASS,TP. Hồ Chí Minh,VERIFIED,2021-04-22,ACTIVE
504,MSB00000504,Vũ Hải Hằng,1971-12-25,FEMALE,MASS_AFFLUENT,Đà Nẵng,VERIFIED,2021-04-09,ACTIVE
505,MSB00000505,Võ Thu Nga,1967-02-24,FEMALE,PRIVATE,TP. Hồ Chí Minh,VERIFIED,2018-08-24,ACTIVE
506,MSB00000506,Trần Thu Oanh,1989-10-10,FEMALE,MASS,Bình Dương,VERIFIED,2025-01-15,ACTIVE
507,MSB00000507,Hồ Thu Hằng,1962-01-03,FEMALE,MASS_AFFLUENT,Hà Nội,VERIFIED,2022-03-08,DORMANT
508,MSB00000508,Hoàng Đức Trí,1984-03-20,MALE,MASS,Hà Nội,VERIFIED,2024-09-12,DORMANT
509,MSB00000509,Bùi Công Phúc,1992-05-30,MALE,AFFLUENT,Hà Nội,VERIFIED,2024-01-03,ACTIVE
510,MSB00000510,Võ Kim Lan,1995-05-06,FEMALE,PRIVATE,Bình Dương,VERIFIED,2018-01-18,ACTIVE
511,MSB00000511,Lý Thu Linh,1993-07-31,FEMALE,AFFLUENT,Cần Thơ,VERIFIED,2024-04-16,ACTIVE
512,MSB00000512,Nguyễn Kim Vân,1978-07-02,FEMALE,MASS_AFFLUENT,TP. Hồ Chí Minh,VERIFIED,2023-12-16,ACTIVE
513,MSB00000513,Lý Minh Cường,1995-02-24,MALE,AFFLUENT,Hà Nội,VERIFIED,2019-08-24,ACTIVE
514,MSB00000514,Đỗ Quang Trí,1989-08-16,MALE,MASS,Hà Nội,VERIFIED,2022-04-09,ACTIVE
515,MSB00000515,Võ Thị Yến,1971-03-09,FEMALE,MASS_AFFLUENT,Hải Phòng,VERIFIED,2024-11-23,ACTIVE
516,MSB00000516,Bùi Bá Cường,1963-08-13,MALE,SME_OWNER,TP. Hồ Chí Minh,VERIFIED,2015-03-02,ACTIVE
517,MSB00000517,Vũ Minh Hùng,1973-06-29,MALE,MASS_AFFLUENT,Hải Phòng,VERIFIED,2015-07-23,DORMANT
518,MSB00000518,Ngô Thùy Chi,1979-12-19,FEMALE,MASS,Hải Phòng,VERIFIED,2019-07-20,DORMANT
519,MSB00000519,Phạm Diệu Dung,1972-08-17,FEMALE,AFFLUENT,Đồng Nai,VERIFIED,2020-03-16,ACTIVE
520,MSB00000520,Đặng Thùy Linh,1986-04-27,FEMALE,MASS_AFFLUENT,TP. Hồ Chí Minh,VERIFIED,2016-11-24,ACTIVE
521,MSB00000521,Võ Thị Hằng,1993-06-19,FEMALE,MASS,Bình Dương,VERIFIED,2014-12-20,DORMANT
522,MSB00000522,Đặng Thị My,1969-08-08,FEMALE,MASS_AFFLUENT,TP. Hồ Chí Minh,VERIFIED,2025-02-11,DORMANT
523,MSB00000523,Đặng Hữu Cường,2000-06-13,MALE,MASS,Hải Phòng,VERIFIED,2025-03-10,ACTIVE
524,MSB00000524,Vũ Thành An,1961-07-18,MALE,MASS_AFFLUENT,Đà Nẵng,EXPIRED,2022-06-22,ACTIVE
525,MSB00000525,Huỳnh Diệu Lan,1985-07-29,FEMALE,AFFLUENT,Khánh Hòa,VERIFIED,2022-10-10,ACTIVE
526,MSB00000526,Huỳnh Thành Phúc,1965-12-28,MALE,MASS,TP. Hồ Chí Minh,VERIFIED,2015-11-18,ACTIVE
527,MSB00000527,Phan Mai Anh,2002-07-13,FEMALE,MASS,Hải Phòng,VERIFIED,2020-05-25,DORMANT
528,MSB00000528,Đỗ Ngọc Vân,1981-09-19,FEMALE,MASS,Đà Nẵng,VERIFIED,2016-11-15,DORMANT
529,MSB00000529,Đỗ Xuân Cường,1985-03-03,MALE,SME_OWNER,Quảng Ninh,VERIFIED,2018-07-18,ACTIVE
530,MSB00000530,Phạm Xuân Nam,1989-04-01,MALE,MASS,Hà Nội,VERIFIED,2017-11-21,ACTIVE
531,MSB00000531,Ngô Hải My,1980-10-12,FEMALE,MASS,Đà Nẵng,EXPIRED,2015-03-03,DORMANT
532,MSB00000532,Nguyễn Văn Việt,1972-11-17,MALE,MASS_AFFLUENT,Hà Nội,EXPIRED,2019-06-23,ACTIVE
533,MSB00000533,Trần Văn Dũng,1959-03-28,MALE,AFFLUENT,Đồng Nai,PENDING,2017-04-09,DORMANT
534,MSB00000534,Dương Phương Oanh,1965-09-06,FEMALE,MASS,Bình Dương,VERIFIED,2023-03-11,ACTIVE
535,MSB00000535,Bùi Quang Hùng,1995-02-16,MALE,MASS_AFFLUENT,Hải Phòng,VERIFIED,2023-04-19,ACTIVE
536,MSB00000536,Phan Minh Trí,1957-12-12,MALE,MASS_AFFLUENT,TP. Hồ Chí Minh,VERIFIED,2019-07-01,ACTIVE
537,MSB00000537,Dương Hải Uyên,1981-09-08,FEMALE,MASS,Hải Phòng,VERIFIED,2015-10-24,DORMANT
538,MSB00000538,Hồ Hải Uyên,1983-12-08,FEMALE,MASS_AFFLUENT,Đà Nẵng,VERIFIED,2025-09-25,ACTIVE
539,MSB00000539,Trần Văn Nam,2006-01-24,MALE,MASS,TP. Hồ Chí Minh,VERIFIED,2020-06-25,ACTIVE
540,MSB00000540,Nguyễn Ngọc Hà,1973-01-15,FEMALE,MASS,Bình Dương,PENDING,2023-12-20,ACTIVE
541,MSB00000541,Lý Phương Anh,1962-01-01,FEMALE,SME_OWNER,TP. Hồ Chí Minh,VERIFIED,2016-01-05,ACTIVE
542,MSB00000542,Đặng Thành Khoa,1991-09-06,MALE,MASS_AFFLUENT,TP. Hồ Chí Minh,VERIFIED,2020-04-13,DORMANT
543,MSB00000543,Dương Xuân Trí,1962-12-16,MALE,MASS_AFFLUENT,Hải Phòng,VERIFIED,2025-11-01,ACTIVE
544,MSB00000544,Trần Kim Trang,2002-05-10,FEMALE,MASS_AFFLUENT,Hà Nội,VERIFIED,2026-04-21,ACTIVE
545,MSB00000545,Vũ Minh Khoa,1958-08-19,MALE,MASS_AFFLUENT,Cần Thơ,VERIFIED,2018-11-12,ACTIVE
546,MSB00000546,Phan Hải Anh,1993-11-15,FEMALE,MASS_AFFLUENT,TP. Hồ Chí Minh,VERIFIED,2023-08-14,ACTIVE
547,MSB00000547,Hồ Hải Dung,1982-03-02,FEMALE,MASS,Hải Phòng,VERIFIED,2025-11-05,DORMANT
548,MSB00000548,Hồ Minh Khoa,2006-03-29,MALE,PRIVATE,Hà Nội,VERIFIED,2024-07-20,ACTIVE
549,MSB00000549,Vũ Kim Hà,1961-09-20,FEMALE,MASS_AFFLUENT,Cần Thơ,VERIFIED,2024-07-11,ACTIVE
550,MSB00000550,Đặng Phương Lan,1981-07-02,FEMALE,AFFLUENT,Cần Thơ,VERIFIED,2022-04-19,DORMANT
551,MSB00000551,Vũ Phương Nga,1958-08-14,FEMALE,MASS,Cần Thơ,VERIFIED,2017-12-14,ACTIVE
552,MSB00000552,Phan Xuân Đạt,1987-12-02,MALE,MASS,TP. Hồ Chí Minh,VERIFIED,2016-04-25,ACTIVE
553,MSB00000553,Phan Hải Uyên,2003-09-25,FEMALE,MASS,Hải Phòng,PENDING,2020-02-13,ACTIVE
554,MSB00000554,Trần Quang Hoàng,1972-10-29,MALE,MASS,Đà Nẵng,VERIFIED,2015-04-11,ACTIVE
555,MSB00000555,Nguyễn Ngọc Uyên,1997-10-14,FEMALE,PRIVATE,Hà Nội,VERIFIED,2017-02-05,ACTIVE
556,MSB00000556,Dương Diệu Ngân,1975-10-17,FEMALE,SME_OWNER,Hà Nội,VERIFIED,2024-05-26,ACTIVE
557,MSB00000557,Nguyễn Văn Hoàng,2004-12-20,MALE,MASS,TP. Hồ Chí Minh,VERIFIED,2017-09-30,ACTIVE
558,MSB00000558,Đỗ Hữu Cường,1997-09-25,MALE,MASS,Bình Dương,VERIFIED,2023-08-19,DORMANT
559,MSB00000559,Lê Mai Trang,1975-04-26,FEMALE,MASS_AFFLUENT,TP. Hồ Chí Minh,VERIFIED,2015-02-03,ACTIVE
560,MSB00000560,Lý Thùy Oanh,1972-11-29,FEMALE,MASS,Cần Thơ,VERIFIED,2016-06-13,ACTIVE
561,MSB00000561,Dương Minh Vinh,1999-07-26,MALE,MASS_AFFLUENT,Hải Phòng,VERIFIED,2025-07-29,ACTIVE
562,MSB00000562,Đặng Văn Nam,1997-02-16,MALE,MASS,TP. Hồ Chí Minh,VERIFIED,2024-04-24,ACTIVE
563,MSB00000563,Hoàng Thị Ngân,1964-05-13,FEMALE,MASS,Hà Nội,VERIFIED,2021-03-06,ACTIVE
564,MSB00000564,Dương Văn Khoa,2005-09-19,MALE,MASS,TP. Hồ Chí Minh,VERIFIED,2017-09-05,ACTIVE
565,MSB00000565,Bùi Thu Dung,1995-03-22,FEMALE,AFFLUENT,TP. Hồ Chí Minh,VERIFIED,2019-11-20,ACTIVE
566,MSB00000566,Phạm Văn Trí,1958-06-12,MALE,MASS,Hà Nội,VERIFIED,2025-04-30,DORMANT
567,MSB00000567,Vũ Xuân Việt,1979-02-02,MALE,MASS_AFFLUENT,Bình Dương,VERIFIED,2018-12-30,ACTIVE
568,MSB00000568,Huỳnh Diệu Hằng,2005-07-30,FEMALE,AFFLUENT,Nghệ An,PENDING,2018-10-07,ACTIVE
569,MSB00000569,Lê Bá Quân,1962-07-12,MALE,MASS_AFFLUENT,Hà Nội,VERIFIED,2015-06-26,DORMANT
570,MSB00000570,Phan Phương Thảo,1989-03-23,FEMALE,PRIVATE,Hà Nội,VERIFIED,2023-03-25,ACTIVE
571,MSB00000571,Hoàng Diệu Yến,1971-01-10,FEMALE,MASS_AFFLUENT,Hải Phòng,PENDING,2025-11-18,ACTIVE
572,MSB00000572,Hồ Hữu Bình,1975-01-28,MALE,MASS,Nghệ An,VERIFIED,2017-08-01,ACTIVE
573,MSB00000573,Trần Thành Nam,1988-08-07,MALE,MASS_AFFLUENT,Khánh Hòa,VERIFIED,2018-02-17,ACTIVE
574,MSB00000574,Lý Văn Long,1987-12-23,MALE,PRIVATE,Khánh Hòa,VERIFIED,2020-04-08,DORMANT
575,MSB00000575,Hoàng Mai Dung,1979-08-07,FEMALE,MASS,TP. Hồ Chí Minh,VERIFIED,2018-04-03,ACTIVE
576,MSB00000576,Phan Mai Thảo,1986-11-04,FEMALE,MASS,Quảng Ninh,VERIFIED,2024-03-28,ACTIVE
577,MSB00000577,Dương Phương Dung,1998-08-13,FEMALE,SME_OWNER,TP. Hồ Chí Minh,VERIFIED,2024-11-10,DORMANT
578,MSB00000578,Trần Công Phúc,1970-08-18,MALE,MASS_AFFLUENT,Hà Nội,VERIFIED,2021-08-20,DORMANT
579,MSB00000579,Võ Văn Việt,1973-02-20,MALE,PRIVATE,Hải Phòng,VERIFIED,2015-11-24,ACTIVE
580,MSB00000580,Phan Văn Huy,1975-11-09,MALE,AFFLUENT,Đà Nẵng,VERIFIED,2020-04-29,ACTIVE
581,MSB00000581,Huỳnh Thu My,1968-11-21,FEMALE,MASS_AFFLUENT,Bình Dương,VERIFIED,2018-11-14,ACTIVE
582,MSB00000582,Lý Bá Bình,1981-01-20,MALE,MASS,Đà Nẵng,VERIFIED,2014-09-17,ACTIVE
583,MSB00000583,Bùi Quang Đạt,1960-06-23,MALE,AFFLUENT,Bình Dương,VERIFIED,2022-10-18,ACTIVE
584,MSB00000584,Lý Thành Tuấn,1961-09-14,MALE,AFFLUENT,TP. Hồ Chí Minh,VERIFIED,2020-09-21,ACTIVE
585,MSB00000585,Huỳnh Xuân Huy,1957-08-20,MALE,AFFLUENT,TP. Hồ Chí Minh,EXPIRED,2018-04-30,ACTIVE
586,MSB00000586,Lý Diệu Nhung,2001-04-23,FEMALE,SME_OWNER,Cần Thơ,VERIFIED,2024-07-24,ACTIVE
587,MSB00000587,Lý Mai Hằng,2000-11-25,FEMALE,MASS_AFFLUENT,TP. Hồ Chí Minh,VERIFIED,2021-08-21,ACTIVE
588,MSB00000588,Nguyễn Diệu Linh,1983-01-15,FEMALE,MASS_AFFLUENT,Hà Nội,VERIFIED,2019-11-07,ACTIVE
589,MSB00000589,Ngô Đức Long,1971-11-13,MALE,MASS,TP. Hồ Chí Minh,VERIFIED,2022-10-13,ACTIVE
590,MSB00000590,Ngô Kim Oanh,1994-11-22,FEMALE,PRIVATE,Bình Dương,VERIFIED,2023-10-04,ACTIVE
591,MSB00000591,Huỳnh Quang Phúc,2000-09-19,MALE,MASS,Khánh Hòa,PENDING,2021-03-21,ACTIVE
592,MSB00000592,Dương Kim Chi,2005-02-20,FEMALE,AFFLUENT,Bình Dương,VERIFIED,2016-01-26,DORMANT
593,MSB00000593,Đỗ Diệu Vân,1978-11-02,FEMALE,MASS_AFFLUENT,Cần Thơ,VERIFIED,2021-06-22,ACTIVE
594,MSB00000594,Trần Xuân Long,1958-07-02,MALE,MASS,Bình Dương,VERIFIED,2016-08-06,DORMANT
595,MSB00000595,Ngô Phương Thảo,1983-06-26,FEMALE,PRIVATE,Hà Nội,VERIFIED,2018-06-09,DORMANT
596,MSB00000596,Huỳnh Quang Việt,1970-08-09,MALE,MASS_AFFLUENT,Đà Nẵng,VERIFIED,2024-10-28,ACTIVE
597,MSB00000597,Lê Thành Cường,2004-06-14,MALE,AFFLUENT,Đà Nẵng,VERIFIED,2015-09-01,ACTIVE
598,MSB00000598,Ngô Hữu Dũng,1996-07-18,MALE,MASS,Nghệ An,VERIFIED,2019-06-19,ACTIVE
599,MSB00000599,Vũ Hữu Bình,1971-11-01,MALE,MASS_AFFLUENT,Hà Nội,VERIFIED,2019-09-10,ACTIVE
600,MSB00000600,Nguyễn Thu My,1986-02-28,FEMALE,MASS_AFFLUENT,Quảng Ninh,PENDING,2018-03-15,ACTIVE
601,MSB00000601,Nguyễn Thùy Nhung,2005-03-18,FEMALE,MASS_AFFLUENT,Cần Thơ,VERIFIED,2025-11-03,ACTIVE
602,MSB00000602,Huỳnh Hải Vân,1995-01-07,FEMALE,MASS,Hà Nội,VERIFIED,2023-05-23,DORMANT
603,MSB00000603,Nguyễn Diệu Oanh,1967-04-19,FEMALE,PRIVATE,TP. Hồ Chí Minh,VERIFIED,2017-01-21,ACTIVE
604,MSB00000604,Ngô Kim Anh,1972-02-01,FEMALE,AFFLUENT,Hà Nội,VERIFIED,2019-01-08,DORMANT
605,MSB00000605,Dương Quang An,1966-08-26,MALE,MASS_AFFLUENT,Đà Nẵng,PENDING,2021-10-14,ACTIVE
606,MSB00000606,Lê Hữu Long,1988-12-10,MALE,MASS_AFFLUENT,TP. Hồ Chí Minh,VERIFIED,2020-12-05,ACTIVE
607,MSB00000607,Vũ Công Đạt,1959-10-14,MALE,MASS,Bình Dương,VERIFIED,2019-02-06,ACTIVE
608,MSB00000608,Lý Hải Nhung,1961-08-13,FEMALE,PRIVATE,Đà Nẵng,VERIFIED,2020-09-14,ACTIVE
609,MSB00000609,Ngô Thu Ngân,1988-07-29,FEMALE,MASS,Bình Dương,VERIFIED,2020-12-28,DORMANT
610,MSB00000610,Bùi Thu Thảo,1996-07-09,FEMALE,AFFLUENT,TP. Hồ Chí Minh,VERIFIED,2019-11-24,ACTIVE
611,MSB00000611,Phạm Văn Khoa,1958-01-18,MALE,MASS,Đồng Nai,VERIFIED,2023-01-17,DORMANT
612,MSB00000612,Ngô Công Dũng,1988-11-23,MALE,MASS_AFFLUENT,Đồng Nai,VERIFIED,2019-09-05,ACTIVE
613,MSB00000613,Ngô Thùy Dung,1981-10-31,FEMALE,MASS,Hải Phòng,PENDING,2018-04-04,ACTIVE
614,MSB00000614,Dương Đức An,1959-11-16,MALE,MASS_AFFLUENT,TP. Hồ Chí Minh,VERIFIED,2018-01-18,ACTIVE
615,MSB00000615,Phan Hải Trang,1993-01-29,FEMALE,MASS_AFFLUENT,Quảng Ninh,VERIFIED,2019-02-03,ACTIVE
616,MSB00000616,Trần Đức Tuấn,1961-12-14,MALE,MASS,Bình Dương,VERIFIED,2021-01-18,ACTIVE
617,MSB00000617,Bùi Quang Long,1998-05-17,MALE,MASS,Đồng Nai,PENDING,2018-09-08,ACTIVE
618,MSB00000618,Ngô Thị Uyên,1991-11-29,FEMALE,MASS,Hà Nội,VERIFIED,2017-11-24,DORMANT
619,MSB00000619,Lý Hải Linh,1987-06-23,FEMALE,PRIVATE,Bình Dương,PENDING,2022-09-16,DORMANT
620,MSB00000620,Phan Ngọc Dung,1981-09-10,FEMALE,AFFLUENT,Hà Nội,VERIFIED,2020-08-28,ACTIVE
621,MSB00000621,Phạm Quang Quân,1994-08-12,MALE,MASS,TP. Hồ Chí Minh,VERIFIED,2018-06-03,ACTIVE
622,MSB00000622,Vũ Minh Bình,1961-09-17,MALE,MASS,Hải Phòng,VERIFIED,2018-08-06,ACTIVE
623,MSB00000623,Ngô Diệu Hằng,1973-03-12,FEMALE,MASS_AFFLUENT,TP. Hồ Chí Minh,VERIFIED,2020-07-16,ACTIVE
624,MSB00000624,Huỳnh Phương Anh,1973-01-04,FEMALE,MASS_AFFLUENT,TP. Hồ Chí Minh,VERIFIED,2023-04-05,ACTIVE
625,MSB00000625,Trần Xuân Dũng,1970-06-30,MALE,MASS,TP. Hồ Chí Minh,PENDING,2015-09-18,DORMANT
626,MSB00000626,Đặng Mai Trang,1975-05-04,FEMALE,AFFLUENT,TP. Hồ Chí Minh,VERIFIED,2020-01-04,ACTIVE
627,MSB00000627,Hoàng Hữu Việt,1973-10-17,MALE,AFFLUENT,Đà Nẵng,VERIFIED,2020-01-08,ACTIVE
628,MSB00000628,Phan Xuân Tuấn,1973-08-22,MALE,PRIVATE,Hà Nội,VERIFIED,2020-11-13,ACTIVE
629,MSB00000629,Nguyễn Thu Trang,1970-06-19,FEMALE,MASS,TP. Hồ Chí Minh,VERIFIED,2017-06-18,DORMANT
630,MSB00000630,Đỗ Hải Hằng,1960-01-10,FEMALE,MASS,Đà Nẵng,VERIFIED,2022-10-20,DORMANT
631,MSB00000631,Phạm Hữu Việt,1996-11-07,MALE,MASS,Quảng Ninh,VERIFIED,2015-05-25,ACTIVE
632,MSB00000632,Nguyễn Bá Khoa,1981-03-23,MALE,MASS,TP. Hồ Chí Minh,EXPIRED,2025-08-07,ACTIVE
633,MSB00000633,Vũ Thu Linh,1997-07-27,FEMALE,AFFLUENT,TP. Hồ Chí Minh,VERIFIED,2026-03-07,ACTIVE
634,MSB00000634,Hồ Thùy Ngân,1997-07-05,FEMALE,MASS_AFFLUENT,Quảng Ninh,VERIFIED,2020-05-17,ACTIVE
635,MSB00000635,Nguyễn Thùy Oanh,1958-10-08,FEMALE,AFFLUENT,Khánh Hòa,VERIFIED,2016-04-21,ACTIVE
636,MSB00000636,Đặng Quang Hùng,1983-06-11,MALE,PRIVATE,Hải Phòng,VERIFIED,2026-03-19,ACTIVE
637,MSB00000637,Phạm Ngọc Dung,1971-01-29,FEMALE,MASS,Đà Nẵng,VERIFIED,2018-05-30,DORMANT
638,MSB00000638,Dương Thu Oanh,1969-09-20,FEMALE,MASS_AFFLUENT,TP. Hồ Chí Minh,VERIFIED,2021-10-12,ACTIVE
639,MSB00000639,Lê Phương Hà,2005-04-12,FEMALE,MASS,Đà Nẵng,VERIFIED,2026-01-27,ACTIVE
640,MSB00000640,Hoàng Công Cường,1982-08-03,MALE,MASS_AFFLUENT,Bình Dương,EXPIRED,2022-01-02,ACTIVE
641,MSB00000641,Trần Hải Lan,1996-11-04,FEMALE,MASS,Quảng Ninh,PENDING,2018-10-14,ACTIVE
642,MSB00000642,Đặng Phương Nhung,1990-11-14,FEMALE,AFFLUENT,Hà Nội,VERIFIED,2018-12-08,DORMANT
643,MSB00000643,Bùi Diệu Nhung,1997-01-02,FEMALE,PRIVATE,TP. Hồ Chí Minh,EXPIRED,2016-06-05,DORMANT
644,MSB00000644,Huỳnh Thu Uyên,1972-10-02,FEMALE,MASS,Đồng Nai,VERIFIED,2014-10-23,ACTIVE
645,MSB00000645,Phan Phương Uyên,1999-11-18,FEMALE,MASS_AFFLUENT,Đồng Nai,VERIFIED,2025-09-10,ACTIVE
646,MSB00000646,Phạm Đức An,1983-12-20,MALE,MASS,Cần Thơ,PENDING,2016-04-26,ACTIVE
647,MSB00000647,Trần Quang Quân,1991-04-29,MALE,PRIVATE,Hà Nội,PENDING,2026-03-19,DORMANT
648,MSB00000648,Hoàng Thùy Oanh,1958-08-05,FEMALE,MASS,Hải Phòng,VERIFIED,2014-12-15,DORMANT
649,MSB00000649,Trần Thành Huy,1966-12-07,MALE,MASS,TP. Hồ Chí Minh,VERIFIED,2017-04-20,ACTIVE
650,MSB00000650,Vũ Minh Quân,1988-10-23,MALE,AFFLUENT,TP. Hồ Chí Minh,VERIFIED,2015-03-28,DORMANT
651,MSB00000651,Trần Phương Lan,1991-12-18,FEMALE,MASS,TP. Hồ Chí Minh,VERIFIED,2025-07-15,ACTIVE
652,MSB00000652,Vũ Văn Đạt,1971-01-02,MALE,MASS,TP. Hồ Chí Minh,VERIFIED,2025-06-18,ACTIVE
653,MSB00000653,Huỳnh Thị Uyên,1974-12-09,FEMALE,MASS,TP. Hồ Chí Minh,VERIFIED,2014-10-31,DORMANT
654,MSB00000654,Lý Minh An,1979-05-19,MALE,MASS,Hà Nội,VERIFIED,2023-01-14,ACTIVE
655,MSB00000655,Lý Hữu Hùng,2003-07-17,MALE,MASS,TP. Hồ Chí Minh,VERIFIED,2021-11-16,DORMANT
656,MSB00000656,Đỗ Đức Bình,2003-01-11,MALE,MASS_AFFLUENT,Hà Nội,VERIFIED,2022-11-11,ACTIVE
657,MSB00000657,Bùi Thu Vân,1974-09-18,FEMALE,SME_OWNER,TP. Hồ Chí Minh,VERIFIED,2024-07-01,ACTIVE
658,MSB00000658,Lê Diệu Trang,1983-07-10,FEMALE,MASS_AFFLUENT,Nghệ An,VERIFIED,2025-07-01,ACTIVE
659,MSB00000659,Phạm Quang Huy,1965-08-02,MALE,MASS,Cần Thơ,VERIFIED,2024-09-30,DORMANT
660,MSB00000660,Trần Bá Phúc,2004-12-12,MALE,AFFLUENT,Hà Nội,VERIFIED,2016-06-14,ACTIVE
661,MSB00000661,Lý Hữu Việt,1997-03-26,MALE,MASS,Hải Phòng,VERIFIED,2026-01-05,ACTIVE
662,MSB00000662,Lý Ngọc Chi,1966-10-03,FEMALE,MASS,Hà Nội,VERIFIED,2015-11-19,ACTIVE
663,MSB00000663,Phan Phương Nhung,1958-03-08,FEMALE,MASS_AFFLUENT,TP. Hồ Chí Minh,PENDING,2023-10-05,ACTIVE
664,MSB00000664,Vũ Diệu Ngân,1970-02-18,FEMALE,AFFLUENT,TP. Hồ Chí Minh,VERIFIED,2019-04-09,DORMANT
665,MSB00000665,Bùi Xuân Huy,2006-08-05,MALE,MASS_AFFLUENT,Khánh Hòa,VERIFIED,2023-04-29,ACTIVE
666,MSB00000666,Huỳnh Thu Trang,2003-09-15,FEMALE,MASS_AFFLUENT,Hà Nội,VERIFIED,2015-12-08,ACTIVE
667,MSB00000667,Võ Minh Việt,1963-04-30,MALE,MASS,Đồng Nai,VERIFIED,2025-11-08,ACTIVE
668,MSB00000668,Bùi Xuân Long,1982-03-21,MALE,PRIVATE,Hải Phòng,VERIFIED,2017-12-29,ACTIVE
669,MSB00000669,Hồ Đức Huy,1982-01-10,MALE,MASS_AFFLUENT,TP. Hồ Chí Minh,VERIFIED,2015-06-05,ACTIVE
670,MSB00000670,Trần Thành Bình,1957-10-18,MALE,MASS,Đồng Nai,VERIFIED,2021-03-10,ACTIVE
671,MSB00000671,Dương Xuân Hoàng,1993-11-10,MALE,PRIVATE,TP. Hồ Chí Minh,VERIFIED,2021-01-25,ACTIVE
672,MSB00000672,Hồ Kim Hằng,1991-11-19,FEMALE,PRIVATE,Hải Phòng,VERIFIED,2024-07-30,DORMANT
673,MSB00000673,Lý Minh Hoàng,1972-07-20,MALE,MASS,Bình Dương,VERIFIED,2016-01-30,DORMANT
674,MSB00000674,Đỗ Hải Lan,1961-07-26,FEMALE,MASS,TP. Hồ Chí Minh,VERIFIED,2015-02-23,ACTIVE
675,MSB00000675,Phan Ngọc Ngân,1987-10-29,FEMALE,MASS_AFFLUENT,Hà Nội,VERIFIED,2020-07-14,ACTIVE
676,MSB00000676,Đỗ Thùy Hằng,1998-09-29,FEMALE,MASS,Đồng Nai,VERIFIED,2018-04-02,ACTIVE
677,MSB00000677,Nguyễn Minh Việt,2004-01-13,MALE,MASS,Hà Nội,VERIFIED,2017-06-26,DORMANT
678,MSB00000678,Phạm Hải Anh,2005-09-29,FEMALE,MASS_AFFLUENT,Khánh Hòa,PENDING,2022-03-13,DORMANT
679,MSB00000679,Ngô Thành Việt,1988-05-04,MALE,PRIVATE,TP. Hồ Chí Minh,VERIFIED,2026-04-13,ACTIVE
680,MSB00000680,Đỗ Công Trí,1980-04-21,MALE,MASS_AFFLUENT,TP. Hồ Chí Minh,VERIFIED,2024-10-29,ACTIVE
681,MSB00000681,Đỗ Hữu Huy,1982-06-26,MALE,MASS_AFFLUENT,TP. Hồ Chí Minh,VERIFIED,2015-11-13,ACTIVE
682,MSB00000682,Đỗ Thu Thảo,1994-11-12,FEMALE,MASS,TP. Hồ Chí Minh,VERIFIED,2017-01-03,ACTIVE
683,MSB00000683,Phạm Phương Oanh,1972-12-26,FEMALE,AFFLUENT,Nghệ An,PENDING,2025-03-21,DORMANT
684,MSB00000684,Lý Phương Thảo,1963-06-08,FEMALE,AFFLUENT,TP. Hồ Chí Minh,VERIFIED,2016-12-21,ACTIVE
685,MSB00000685,Hoàng Mai Hằng,1994-08-29,FEMALE,MASS,Đà Nẵng,VERIFIED,2016-01-10,DORMANT
686,MSB00000686,Lý Hải Nhung,1973-08-16,FEMALE,MASS_AFFLUENT,TP. Hồ Chí Minh,VERIFIED,2019-12-29,ACTIVE
687,MSB00000687,Trần Kim Dung,1978-11-20,FEMALE,MASS_AFFLUENT,Hà Nội,VERIFIED,2021-01-23,ACTIVE
688,MSB00000688,Dương Ngọc Uyên,1972-06-13,FEMALE,MASS,TP. Hồ Chí Minh,VERIFIED,2014-08-31,ACTIVE
689,MSB00000689,Dương Văn Vinh,2005-11-14,MALE,MASS_AFFLUENT,Đà Nẵng,VERIFIED,2016-02-27,ACTIVE
690,MSB00000690,Hoàng Thị Hằng,1973-03-04,FEMALE,PRIVATE,Đà Nẵng,PENDING,2021-10-26,ACTIVE
691,MSB00000691,Võ Mai Oanh,1969-06-03,FEMALE,MASS_AFFLUENT,TP. Hồ Chí Minh,VERIFIED,2020-10-06,ACTIVE
692,MSB00000692,Phạm Đức Khoa,1973-08-06,MALE,MASS,Quảng Ninh,VERIFIED,2015-05-04,ACTIVE
693,MSB00000693,Đỗ Minh An,1964-01-14,MALE,MASS_AFFLUENT,TP. Hồ Chí Minh,VERIFIED,2015-07-31,ACTIVE
694,MSB00000694,Trần Văn Trí,1969-06-30,MALE,MASS,Bình Dương,VERIFIED,2018-12-23,DORMANT
695,MSB00000695,Võ Kim Trang,1957-03-16,FEMALE,AFFLUENT,Hà Nội,VERIFIED,2018-10-06,ACTIVE
696,MSB00000696,Phạm Văn Hùng,1972-09-15,MALE,MASS,Hải Phòng,VERIFIED,2017-09-26,ACTIVE
697,MSB00000697,Phạm Bá Hoàng,1983-10-09,MALE,MASS,TP. Hồ Chí Minh,EXPIRED,2022-12-16,DORMANT
698,MSB00000698,Bùi Diệu My,1965-02-28,FEMALE,SME_OWNER,TP. Hồ Chí Minh,VERIFIED,2015-08-19,DORMANT
699,MSB00000699,Phạm Thu Dung,1971-12-04,FEMALE,AFFLUENT,Bình Dương,VERIFIED,2022-11-24,DORMANT
700,MSB00000700,Dương Phương Trang,1978-11-01,FEMALE,MASS,Cần Thơ,VERIFIED,2016-08-19,ACTIVE
701,MSB00000701,Hoàng Hải Hoa,1978-01-18,FEMALE,SME_OWNER,TP. Hồ Chí Minh,VERIFIED,2016-10-05,ACTIVE
702,MSB00000702,Vũ Quang Trí,1989-06-13,MALE,MASS_AFFLUENT,Cần Thơ,VERIFIED,2022-12-17,DORMANT
703,MSB00000703,Võ Thành Sơn,1975-11-05,MALE,MASS,TP. Hồ Chí Minh,VERIFIED,2016-11-27,ACTIVE
704,MSB00000704,Phan Diệu Thảo,1983-07-27,FEMALE,AFFLUENT,Hà Nội,VERIFIED,2016-03-18,ACTIVE
705,MSB00000705,Hoàng Xuân Phúc,2000-02-19,MALE,MASS_AFFLUENT,Hải Phòng,VERIFIED,2020-07-14,ACTIVE
706,MSB00000706,Đỗ Kim Trang,1983-11-17,FEMALE,MASS,Khánh Hòa,PENDING,2020-01-12,ACTIVE
707,MSB00000707,Ngô Ngọc Oanh,1959-02-01,FEMALE,SME_OWNER,Hà Nội,VERIFIED,2020-05-21,ACTIVE
708,MSB00000708,Võ Mai Hà,1990-04-22,FEMALE,AFFLUENT,Hải Phòng,VERIFIED,2025-10-21,ACTIVE
709,MSB00000709,Đỗ Phương My,1973-03-29,FEMALE,MASS_AFFLUENT,Bình Dương,PENDING,2020-01-09,ACTIVE
710,MSB00000710,Huỳnh Hải Lan,1986-03-13,FEMALE,MASS_AFFLUENT,Đà Nẵng,VERIFIED,2018-06-20,ACTIVE
711,MSB00000711,Nguyễn Diệu My,1991-11-30,FEMALE,AFFLUENT,TP. Hồ Chí Minh,VERIFIED,2019-10-13,ACTIVE
712,MSB00000712,Lê Đức Hoàng,1986-08-31,MALE,MASS,Hà Nội,VERIFIED,2020-07-01,ACTIVE
713,MSB00000713,Huỳnh Đức Phúc,1958-11-17,MALE,SME_OWNER,Hà Nội,VERIFIED,2020-06-24,ACTIVE
714,MSB00000714,Nguyễn Quang An,2001-05-04,MALE,MASS_AFFLUENT,TP. Hồ Chí Minh,VERIFIED,2020-01-25,DORMANT
715,MSB00000715,Ngô Ngọc Hà,1973-07-18,FEMALE,MASS,Hải Phòng,VERIFIED,2015-06-28,ACTIVE
716,MSB00000716,Vũ Hữu Khoa,1965-03-08,MALE,MASS,TP. Hồ Chí Minh,VERIFIED,2021-07-11,ACTIVE
717,MSB00000717,Lê Thành Trí,1996-10-18,MALE,AFFLUENT,TP. Hồ Chí Minh,VERIFIED,2023-09-17,ACTIVE
718,MSB00000718,Vũ Thị Chi,1969-01-08,FEMALE,MASS_AFFLUENT,Đà Nẵng,VERIFIED,2025-07-30,DORMANT
719,MSB00000719,Ngô Công Khoa,1975-05-03,MALE,MASS,Hà Nội,VERIFIED,2016-03-03,DORMANT
720,MSB00000720,Trần Phương Chi,1990-07-26,FEMALE,MASS,Cần Thơ,VERIFIED,2024-03-23,ACTIVE
721,MSB00000721,Dương Hữu Bình,1998-05-27,MALE,AFFLUENT,Đà Nẵng,VERIFIED,2021-06-18,ACTIVE
722,MSB00000722,Đỗ Công Việt,1958-12-10,MALE,MASS_AFFLUENT,Đà Nẵng,VERIFIED,2017-07-03,ACTIVE
723,MSB00000723,Nguyễn Bá Khoa,1996-12-26,MALE,AFFLUENT,TP. Hồ Chí Minh,VERIFIED,2024-03-30,ACTIVE
724,MSB00000724,Hồ Xuân Quân,1959-03-17,MALE,PRIVATE,TP. Hồ Chí Minh,VERIFIED,2023-08-06,DORMANT
725,MSB00000725,Huỳnh Thu Oanh,1974-04-28,FEMALE,MASS_AFFLUENT,Đà Nẵng,VERIFIED,2018-12-01,ACTIVE
726,MSB00000726,Nguyễn Thùy Nhung,1964-06-25,FEMALE,MASS_AFFLUENT,Bình Dương,VERIFIED,2019-01-02,ACTIVE
727,MSB00000727,Nguyễn Thu Nhung,1991-09-08,FEMALE,MASS_AFFLUENT,Hải Phòng,VERIFIED,2023-06-28,ACTIVE
728,MSB00000728,Hoàng Diệu Thảo,2005-03-23,FEMALE,AFFLUENT,Cần Thơ,VERIFIED,2020-01-03,ACTIVE
729,MSB00000729,Nguyễn Thùy Yến,1973-11-20,FEMALE,MASS,Hà Nội,VERIFIED,2018-02-11,ACTIVE
730,MSB00000730,Nguyễn Kim Thảo,1988-03-12,FEMALE,MASS,Bình Dương,VERIFIED,2023-09-29,DORMANT
731,MSB00000731,Đặng Đức An,1979-02-02,MALE,MASS_AFFLUENT,TP. Hồ Chí Minh,VERIFIED,2021-02-26,ACTIVE
732,MSB00000732,Phan Minh Bình,1984-01-07,MALE,MASS_AFFLUENT,Hà Nội,VERIFIED,2023-01-20,ACTIVE
733,MSB00000733,Võ Ngọc Hoa,1990-04-20,FEMALE,PRIVATE,Hà Nội,VERIFIED,2015-05-13,ACTIVE
734,MSB00000734,Lý Diệu Oanh,1970-09-20,FEMALE,MASS,Bình Dương,VERIFIED,2021-11-08,ACTIVE
735,MSB00000735,Đặng Minh Bình,1981-03-14,MALE,AFFLUENT,Đà Nẵng,VERIFIED,2016-05-06,DORMANT
736,MSB00000736,Hoàng Văn Long,1974-11-22,MALE,AFFLUENT,Đồng Nai,VERIFIED,2016-01-23,ACTIVE
737,MSB00000737,Vũ Quang Long,1972-09-27,MALE,MASS_AFFLUENT,Đà Nẵng,VERIFIED,2024-05-15,DORMANT
738,MSB00000738,Hoàng Thành Cường,1973-04-10,MALE,MASS_AFFLUENT,Đồng Nai,VERIFIED,2015-05-08,ACTIVE
739,MSB00000739,Lê Hải Ngân,1990-06-03,FEMALE,MASS,Đà Nẵng,VERIFIED,2025-10-02,ACTIVE
740,MSB00000740,Ngô Thành Huy,1967-09-09,MALE,MASS_AFFLUENT,Hải Phòng,VERIFIED,2021-10-25,ACTIVE
741,MSB00000741,Bùi Mai Hà,1995-11-15,FEMALE,PRIVATE,Hà Nội,VERIFIED,2024-06-21,DORMANT
742,MSB00000742,Võ Diệu Uyên,1958-11-13,FEMALE,PRIVATE,Hải Phòng,VERIFIED,2025-10-15,DORMANT
743,MSB00000743,Phan Xuân Khoa,1965-09-16,MALE,AFFLUENT,Đà Nẵng,VERIFIED,2019-11-21,ACTIVE
744,MSB00000744,Nguyễn Mai Linh,1979-08-18,FEMALE,MASS_AFFLUENT,TP. Hồ Chí Minh,VERIFIED,2019-04-27,ACTIVE
745,MSB00000745,Nguyễn Thùy Chi,1996-09-17,FEMALE,MASS_AFFLUENT,Hà Nội,VERIFIED,2019-07-16,ACTIVE
746,MSB00000746,Lý Bá Huy,1961-07-16,MALE,MASS,TP. Hồ Chí Minh,VERIFIED,2021-06-16,ACTIVE
747,MSB00000747,Lê Bá Sơn,1979-07-06,MALE,MASS_AFFLUENT,Hà Nội,VERIFIED,2017-02-24,ACTIVE
748,MSB00000748,Hoàng Hải Thảo,1966-06-09,FEMALE,MASS,Đà Nẵng,PENDING,2020-08-01,ACTIVE
749,MSB00000749,Vũ Văn Đạt,2005-07-17,MALE,SME_OWNER,Đà Nẵng,EXPIRED,2020-02-01,ACTIVE
750,MSB00000750,Phạm Hữu Tuấn,1990-07-28,MALE,SME_OWNER,Khánh Hòa,VERIFIED,2021-03-04,DORMANT
751,MSB00000751,Hồ Bá Đạt,1992-07-13,MALE,MASS,TP. Hồ Chí Minh,VERIFIED,2023-11-29,ACTIVE
752,MSB00000752,Dương Hữu Khoa,1966-03-03,MALE,MASS_AFFLUENT,Cần Thơ,VERIFIED,2018-09-10,ACTIVE
753,MSB00000753,Đỗ Ngọc Oanh,1983-04-15,FEMALE,MASS_AFFLUENT,Hải Phòng,VERIFIED,2016-08-28,ACTIVE
754,MSB00000754,Vũ Minh An,2001-04-25,MALE,AFFLUENT,Hải Phòng,VERIFIED,2022-10-11,ACTIVE
755,MSB00000755,Đặng Mai Uyên,1976-06-26,FEMALE,MASS,TP. Hồ Chí Minh,VERIFIED,2020-12-02,DORMANT
756,MSB00000756,Huỳnh Thành Dũng,1998-09-07,MALE,MASS_AFFLUENT,TP. Hồ Chí Minh,VERIFIED,2015-12-01,ACTIVE
757,MSB00000757,Bùi Ngọc Yến,1984-04-28,FEMALE,MASS_AFFLUENT,Hà Nội,VERIFIED,2023-12-01,ACTIVE
758,MSB00000758,Đỗ Văn Đạt,1957-03-08,MALE,MASS_AFFLUENT,Hải Phòng,VERIFIED,2021-05-31,ACTIVE
759,MSB00000759,Đỗ Thùy Hoa,1985-07-07,FEMALE,AFFLUENT,TP. Hồ Chí Minh,VERIFIED,2023-03-08,ACTIVE
760,MSB00000760,Lê Thu Yến,1985-06-11,FEMALE,MASS,Đà Nẵng,VERIFIED,2022-05-05,ACTIVE
761,MSB00000761,Dương Minh Long,2004-06-03,MALE,MASS,Khánh Hòa,VERIFIED,2020-12-20,ACTIVE
762,MSB00000762,Huỳnh Diệu Hà,1982-09-08,FEMALE,SME_OWNER,Hải Phòng,VERIFIED,2015-07-25,ACTIVE
763,MSB00000763,Hồ Xuân Đạt,1959-06-25,MALE,PRIVATE,TP. Hồ Chí Minh,VERIFIED,2026-03-07,ACTIVE
764,MSB00000764,Đỗ Diệu Hà,1959-02-22,FEMALE,MASS_AFFLUENT,TP. Hồ Chí Minh,VERIFIED,2022-02-24,ACTIVE
765,MSB00000765,Lý Thị Anh,1958-02-10,FEMALE,MASS_AFFLUENT,Đà Nẵng,VERIFIED,2016-03-24,DORMANT
766,MSB00000766,Phạm Quang Hùng,1988-08-01,MALE,AFFLUENT,Đồng Nai,VERIFIED,2025-05-11,ACTIVE
767,MSB00000767,Bùi Văn Việt,2003-04-22,MALE,MASS,Bình Dương,PENDING,2020-06-02,ACTIVE
768,MSB00000768,Phạm Minh Cường,1995-07-30,MALE,PRIVATE,TP. Hồ Chí Minh,PENDING,2024-07-07,ACTIVE
769,MSB00000769,Lý Ngọc Ngân,1996-06-25,FEMALE,AFFLUENT,Khánh Hòa,VERIFIED,2019-10-21,ACTIVE
770,MSB00000770,Vũ Phương My,2002-12-25,FEMALE,AFFLUENT,Hà Nội,VERIFIED,2017-12-30,ACTIVE
771,MSB00000771,Trần Bá Tuấn,1971-02-02,MALE,SME_OWNER,TP. Hồ Chí Minh,VERIFIED,2018-12-01,ACTIVE
772,MSB00000772,Hoàng Văn Đạt,1980-02-29,MALE,PRIVATE,Hà Nội,PENDING,2019-10-08,ACTIVE
773,MSB00000773,Huỳnh Xuân Vinh,1970-06-11,MALE,MASS,TP. Hồ Chí Minh,VERIFIED,2017-08-31,ACTIVE
774,MSB00000774,Lý Phương Hà,1997-01-12,FEMALE,MASS_AFFLUENT,TP. Hồ Chí Minh,VERIFIED,2020-02-03,ACTIVE
775,MSB00000775,Nguyễn Đức Nam,1971-10-02,MALE,AFFLUENT,TP. Hồ Chí Minh,VERIFIED,2019-03-07,DORMANT
776,MSB00000776,Đặng Xuân Cường,2002-10-22,MALE,MASS,Hà Nội,VERIFIED,2025-05-15,ACTIVE
777,MSB00000777,Bùi Thị My,1970-06-25,FEMALE,AFFLUENT,Hà Nội,VERIFIED,2026-01-29,DORMANT
778,MSB00000778,Trần Công Sơn,1965-12-22,MALE,MASS_AFFLUENT,Khánh Hòa,VERIFIED,2024-05-31,DORMANT
779,MSB00000779,Đỗ Mai Nga,1994-05-30,FEMALE,AFFLUENT,Cần Thơ,VERIFIED,2020-01-12,DORMANT
780,MSB00000780,Hoàng Xuân Huy,1989-10-17,MALE,MASS,Hải Phòng,VERIFIED,2021-09-15,ACTIVE
781,MSB00000781,Lý Bá Hoàng,1985-03-08,MALE,SME_OWNER,Bình Dương,VERIFIED,2022-01-21,ACTIVE
782,MSB00000782,Trần Phương Linh,1977-11-29,FEMALE,SME_OWNER,Hải Phòng,VERIFIED,2021-02-06,ACTIVE
783,MSB00000783,Hoàng Văn Dũng,1980-02-13,MALE,AFFLUENT,Hà Nội,VERIFIED,2014-10-14,DORMANT
784,MSB00000784,Dương Xuân Vinh,2000-12-24,MALE,PRIVATE,Khánh Hòa,VERIFIED,2021-12-07,ACTIVE
785,MSB00000785,Trần Hải Dung,1987-09-21,FEMALE,MASS,TP. Hồ Chí Minh,VERIFIED,2021-02-22,ACTIVE
786,MSB00000786,Bùi Thị Hoa,1981-07-09,FEMALE,AFFLUENT,TP. Hồ Chí Minh,PENDING,2020-06-18,ACTIVE
787,MSB00000787,Trần Diệu Ngân,1975-10-03,FEMALE,PRIVATE,Đồng Nai,VERIFIED,2017-04-18,ACTIVE
788,MSB00000788,Dương Văn Vinh,1975-03-05,MALE,MASS,Hà Nội,VERIFIED,2017-10-09,ACTIVE
789,MSB00000789,Vũ Minh Đạt,1973-07-07,MALE,AFFLUENT,TP. Hồ Chí Minh,PENDING,2014-11-26,ACTIVE
790,MSB00000790,Nguyễn Xuân An,1984-03-22,MALE,MASS_AFFLUENT,Đồng Nai,VERIFIED,2018-11-29,ACTIVE
791,MSB00000791,Huỳnh Thùy Nga,1981-08-07,FEMALE,SME_OWNER,TP. Hồ Chí Minh,PENDING,2015-03-15,DORMANT
792,MSB00000792,Đặng Phương Uyên,1990-02-11,FEMALE,AFFLUENT,TP. Hồ Chí Minh,VERIFIED,2019-03-13,ACTIVE
793,MSB00000793,Hồ Diệu My,1993-03-08,FEMALE,MASS_AFFLUENT,Nghệ An,VERIFIED,2020-01-19,DORMANT
794,MSB00000794,Lê Thùy Hằng,1991-04-08,FEMALE,AFFLUENT,Đồng Nai,VERIFIED,2019-10-27,DORMANT
795,MSB00000795,Đặng Văn Trí,1985-03-18,MALE,PRIVATE,Đồng Nai,VERIFIED,2020-09-22,ACTIVE
796,MSB00000796,Lý Thùy Uyên,2001-01-13,FEMALE,AFFLUENT,Hà Nội,VERIFIED,2023-12-26,ACTIVE
797,MSB00000797,Đặng Minh Vinh,1995-10-31,MALE,PRIVATE,Đồng Nai,VERIFIED,2022-01-20,ACTIVE
798,MSB00000798,Đặng Đức Sơn,2001-04-06,MALE,SME_OWNER,Hải Phòng,PENDING,2019-04-11,ACTIVE
799,MSB00000799,Lê Thu Thảo,1986-08-21,FEMALE,MASS_AFFLUENT,Hải Phòng,VERIFIED,2019-04-04,ACTIVE
800,MSB00000800,Lê Phương Hoa,1982-02-05,FEMALE,MASS,Hà Nội,VERIFIED,2024-06-23,DORMANT
801,MSB00000801,Vũ Đức Sơn,1997-09-17,MALE,MASS,Đà Nẵng,VERIFIED,2016-12-14,ACTIVE
802,MSB00000802,Võ Quang Khoa,2000-04-05,MALE,AFFLUENT,Hà Nội,VERIFIED,2018-01-04,ACTIVE
803,MSB00000803,Đặng Hải Oanh,1980-07-14,FEMALE,AFFLUENT,Khánh Hòa,VERIFIED,2020-03-14,DORMANT
804,MSB00000804,Đặng Đức Quân,1994-10-03,MALE,MASS_AFFLUENT,Đà Nẵng,VERIFIED,2021-01-19,DORMANT
805,MSB00000805,Võ Diệu Lan,1963-03-28,FEMALE,PRIVATE,Đà Nẵng,VERIFIED,2019-10-28,ACTIVE
806,MSB00000806,Huỳnh Hải Nhung,1998-04-13,FEMALE,MASS_AFFLUENT,TP. Hồ Chí Minh,VERIFIED,2019-07-18,ACTIVE
807,MSB00000807,Phan Văn Việt,1982-05-12,MALE,MASS_AFFLUENT,TP. Hồ Chí Minh,VERIFIED,2021-05-02,ACTIVE
808,MSB00000808,Đỗ Xuân Quân,1965-12-04,MALE,SME_OWNER,TP. Hồ Chí Minh,VERIFIED,2016-04-06,DORMANT
809,MSB00000809,Võ Hữu Phúc,2001-07-05,MALE,MASS,Bình Dương,PENDING,2024-06-24,ACTIVE
810,MSB00000810,Nguyễn Kim Oanh,1984-01-16,FEMALE,AFFLUENT,Đà Nẵng,VERIFIED,2021-12-22,ACTIVE
811,MSB00000811,Hồ Quang Hoàng,1983-04-23,MALE,PRIVATE,Hà Nội,VERIFIED,2021-09-09,ACTIVE
812,MSB00000812,Bùi Mai Linh,1979-04-10,FEMALE,AFFLUENT,TP. Hồ Chí Minh,VERIFIED,2025-03-01,ACTIVE
813,MSB00000813,Đặng Quang Sơn,1962-06-10,MALE,MASS_AFFLUENT,TP. Hồ Chí Minh,VERIFIED,2025-04-15,ACTIVE
814,MSB00000814,Đặng Mai Hằng,1976-11-06,FEMALE,AFFLUENT,TP. Hồ Chí Minh,VERIFIED,2015-12-06,ACTIVE
815,MSB00000815,Huỳnh Minh Tuấn,1988-03-15,MALE,PRIVATE,TP. Hồ Chí Minh,PENDING,2017-04-17,ACTIVE
816,MSB00000816,Võ Hữu Hoàng,1986-09-24,MALE,AFFLUENT,Hà Nội,VERIFIED,2022-01-26,ACTIVE
817,MSB00000817,Võ Ngọc Vân,1974-10-30,FEMALE,MASS,Hà Nội,VERIFIED,2023-03-23,ACTIVE
818,MSB00000818,Phan Thùy Thảo,1991-11-24,FEMALE,MASS,Hải Phòng,VERIFIED,2021-08-02,ACTIVE
819,MSB00000819,Phan Xuân Quân,1972-03-16,MALE,MASS,Đà Nẵng,VERIFIED,2018-02-08,ACTIVE
820,MSB00000820,Phạm Công Huy,1986-09-16,MALE,MASS,Hà Nội,VERIFIED,2022-11-15,ACTIVE
821,MSB00000821,Lý Thùy Thảo,2003-01-27,FEMALE,PRIVATE,Đà Nẵng,PENDING,2025-07-21,DORMANT
822,MSB00000822,Ngô Quang Dũng,1980-03-21,MALE,AFFLUENT,TP. Hồ Chí Minh,EXPIRED,2021-06-05,DORMANT
823,MSB00000823,Đặng Công Cường,1994-04-23,MALE,MASS_AFFLUENT,Hà Nội,VERIFIED,2019-05-06,ACTIVE
824,MSB00000824,Lý Quang Bình,1988-09-28,MALE,MASS,Hà Nội,VERIFIED,2020-04-01,ACTIVE
825,MSB00000825,Huỳnh Bá Nam,1990-05-27,MALE,MASS,TP. Hồ Chí Minh,VERIFIED,2024-04-25,ACTIVE
826,MSB00000826,Vũ Thùy Chi,1999-10-13,FEMALE,AFFLUENT,Bình Dương,VERIFIED,2016-06-28,ACTIVE
827,MSB00000827,Lý Diệu Chi,1992-06-05,FEMALE,MASS_AFFLUENT,Hà Nội,VERIFIED,2018-12-17,ACTIVE
828,MSB00000828,Võ Hải Vân,1960-11-22,FEMALE,MASS,Nghệ An,VERIFIED,2017-12-05,DORMANT
829,MSB00000829,Võ Mai Dung,1990-05-17,FEMALE,MASS_AFFLUENT,Đà Nẵng,VERIFIED,2015-02-27,DORMANT
830,MSB00000830,Nguyễn Minh Hùng,1969-10-27,MALE,MASS_AFFLUENT,Cần Thơ,PENDING,2020-05-04,ACTIVE
831,MSB00000831,Hồ Ngọc Linh,1985-10-27,FEMALE,MASS_AFFLUENT,Quảng Ninh,VERIFIED,2019-07-29,ACTIVE
832,MSB00000832,Võ Xuân Bình,2002-12-05,MALE,MASS,TP. Hồ Chí Minh,VERIFIED,2017-06-02,DORMANT
833,MSB00000833,Võ Công An,1964-08-30,MALE,MASS_AFFLUENT,Đà Nẵng,VERIFIED,2017-04-19,ACTIVE
834,MSB00000834,Ngô Diệu Hà,1961-02-22,FEMALE,MASS_AFFLUENT,TP. Hồ Chí Minh,VERIFIED,2016-06-09,ACTIVE
835,MSB00000835,Hồ Thành Việt,1994-10-26,MALE,MASS,Hà Nội,VERIFIED,2018-02-10,ACTIVE
836,MSB00000836,Vũ Đức Bình,1998-02-07,MALE,MASS,Bình Dương,VERIFIED,2025-08-25,ACTIVE
837,MSB00000837,Nguyễn Hữu Quân,1960-08-13,MALE,AFFLUENT,Hà Nội,VERIFIED,2022-03-29,ACTIVE
838,MSB00000838,Lê Hải Nhung,2002-03-28,FEMALE,MASS_AFFLUENT,Đồng Nai,VERIFIED,2019-06-03,DORMANT
839,MSB00000839,Huỳnh Văn Quân,1962-08-16,MALE,AFFLUENT,Bình Dương,VERIFIED,2021-02-19,ACTIVE
840,MSB00000840,Ngô Ngọc Uyên,1997-12-28,FEMALE,MASS,Hải Phòng,EXPIRED,2025-10-27,ACTIVE
841,MSB00000841,Hoàng Thị Nhung,1963-07-04,FEMALE,AFFLUENT,Đà Nẵng,VERIFIED,2023-03-17,ACTIVE
842,MSB00000842,Dương Mai Thảo,1960-05-01,FEMALE,MASS,Đồng Nai,VERIFIED,2022-09-25,ACTIVE
843,MSB00000843,Trần Văn Sơn,1993-10-13,MALE,MASS,Hà Nội,VERIFIED,2025-11-27,ACTIVE
844,MSB00000844,Lý Diệu Hoa,1994-12-02,FEMALE,AFFLUENT,Cần Thơ,VERIFIED,2017-06-08,ACTIVE
845,MSB00000845,Phan Quang Huy,2001-04-27,MALE,AFFLUENT,Hà Nội,PENDING,2021-12-01,ACTIVE
846,MSB00000846,Lê Diệu Uyên,1967-02-25,FEMALE,PRIVATE,Hà Nội,VERIFIED,2017-02-05,ACTIVE
847,MSB00000847,Trần Mai Nhung,1989-01-27,FEMALE,MASS,TP. Hồ Chí Minh,VERIFIED,2016-03-05,ACTIVE
848,MSB00000848,Lý Hữu Trí,1974-04-21,MALE,MASS,TP. Hồ Chí Minh,VERIFIED,2016-01-07,ACTIVE
849,MSB00000849,Nguyễn Thị My,1975-11-28,FEMALE,MASS,Hà Nội,VERIFIED,2015-09-25,DORMANT
850,MSB00000850,Bùi Hữu Hùng,1981-07-05,MALE,AFFLUENT,Cần Thơ,VERIFIED,2020-07-07,ACTIVE
851,MSB00000851,Phan Hữu Dũng,1994-03-25,MALE,SME_OWNER,Đà Nẵng,VERIFIED,2023-07-01,ACTIVE
852,MSB00000852,Lê Xuân Huy,1988-05-26,MALE,SME_OWNER,Khánh Hòa,VERIFIED,2025-05-06,ACTIVE
853,MSB00000853,Bùi Hải Dung,1980-12-23,FEMALE,MASS,Bình Dương,VERIFIED,2019-01-18,ACTIVE
854,MSB00000854,Nguyễn Ngọc Thảo,2002-01-06,FEMALE,MASS,Bình Dương,VERIFIED,2024-11-05,ACTIVE
855,MSB00000855,Vũ Mai Lan,1985-11-06,FEMALE,MASS,Khánh Hòa,VERIFIED,2023-07-06,ACTIVE
856,MSB00000856,Hoàng Bá Phúc,1971-04-16,MALE,AFFLUENT,Bình Dương,VERIFIED,2023-06-24,ACTIVE
857,MSB00000857,Đỗ Hải Trang,1985-06-04,FEMALE,MASS,Hà Nội,VERIFIED,2023-02-19,ACTIVE
858,MSB00000858,Bùi Mai My,1987-08-16,FEMALE,MASS_AFFLUENT,Hà Nội,VERIFIED,2021-12-26,ACTIVE
859,MSB00000859,Hoàng Kim Hoa,1963-10-18,FEMALE,AFFLUENT,TP. Hồ Chí Minh,VERIFIED,2022-06-18,ACTIVE
860,MSB00000860,Nguyễn Công Quân,1980-04-29,MALE,MASS,TP. Hồ Chí Minh,VERIFIED,2020-03-08,DORMANT
861,MSB00000861,Võ Công Vinh,1969-11-25,MALE,MASS_AFFLUENT,Đồng Nai,VERIFIED,2015-02-28,ACTIVE
862,MSB00000862,Hoàng Phương Hằng,2004-04-16,FEMALE,MASS,TP. Hồ Chí Minh,VERIFIED,2018-10-17,ACTIVE
863,MSB00000863,Lý Quang Sơn,1960-04-28,MALE,MASS_AFFLUENT,Đồng Nai,VERIFIED,2018-06-10,ACTIVE
864,MSB00000864,Phan Thành Nam,1968-06-03,MALE,AFFLUENT,TP. Hồ Chí Minh,VERIFIED,2024-06-06,DORMANT
865,MSB00000865,Hồ Thùy Uyên,1964-11-15,FEMALE,PRIVATE,Khánh Hòa,VERIFIED,2024-12-29,ACTIVE
866,MSB00000866,Lý Đức Hùng,1972-05-15,MALE,MASS,Hà Nội,VERIFIED,2024-02-14,ACTIVE
867,MSB00000867,Lý Công Việt,1980-05-11,MALE,AFFLUENT,TP. Hồ Chí Minh,VERIFIED,2016-06-06,ACTIVE
868,MSB00000868,Phạm Công Việt,1979-12-14,MALE,AFFLUENT,Khánh Hòa,VERIFIED,2024-04-23,ACTIVE
869,MSB00000869,Dương Ngọc Chi,1975-02-20,FEMALE,AFFLUENT,TP. Hồ Chí Minh,VERIFIED,2014-11-07,ACTIVE
870,MSB00000870,Phan Phương Vân,1981-11-28,FEMALE,MASS,Cần Thơ,VERIFIED,2017-07-09,ACTIVE
871,MSB00000871,Ngô Thành Cường,1970-07-21,MALE,MASS_AFFLUENT,TP. Hồ Chí Minh,VERIFIED,2016-08-28,ACTIVE
872,MSB00000872,Võ Quang Phúc,1989-09-12,MALE,AFFLUENT,Bình Dương,VERIFIED,2022-10-21,ACTIVE
873,MSB00000873,Dương Diệu Hà,1968-06-02,FEMALE,MASS,Hải Phòng,VERIFIED,2024-07-03,ACTIVE
874,MSB00000874,Lý Bá Việt,1989-07-15,MALE,MASS_AFFLUENT,Bình Dương,VERIFIED,2024-05-19,ACTIVE
875,MSB00000875,Phan Hải Ngân,1983-07-20,FEMALE,MASS,TP. Hồ Chí Minh,VERIFIED,2016-04-28,DORMANT
876,MSB00000876,Dương Hải Thảo,2003-05-07,FEMALE,MASS_AFFLUENT,Hải Phòng,VERIFIED,2021-04-18,ACTIVE
877,MSB00000877,Phan Văn Phúc,1961-03-26,MALE,AFFLUENT,TP. Hồ Chí Minh,VERIFIED,2021-07-22,ACTIVE
878,MSB00000878,Lý Quang Việt,1972-07-30,MALE,MASS_AFFLUENT,Đà Nẵng,VERIFIED,2023-06-10,DORMANT
879,MSB00000879,Bùi Quang Bình,1994-01-12,MALE,AFFLUENT,Hải Phòng,VERIFIED,2022-03-04,ACTIVE
880,MSB00000880,Phan Thị Lan,2004-01-17,FEMALE,MASS,Hà Nội,VERIFIED,2022-01-07,ACTIVE
881,MSB00000881,Đỗ Bá Hùng,1963-11-18,MALE,MASS_AFFLUENT,Bình Dương,VERIFIED,2017-08-02,ACTIVE
882,MSB00000882,Bùi Thu Hà,2006-08-22,FEMALE,MASS,TP. Hồ Chí Minh,VERIFIED,2016-09-18,ACTIVE
883,MSB00000883,Lý Phương Hà,1982-07-23,FEMALE,AFFLUENT,Hà Nội,VERIFIED,2020-11-17,DORMANT
884,MSB00000884,Lê Thị My,2005-06-14,FEMALE,SME_OWNER,Hải Phòng,VERIFIED,2022-06-07,ACTIVE
885,MSB00000885,Trần Phương Linh,1972-03-21,FEMALE,MASS,Đà Nẵng,VERIFIED,2021-01-21,DORMANT
886,MSB00000886,Bùi Hữu Cường,1996-01-26,MALE,MASS_AFFLUENT,Cần Thơ,VERIFIED,2024-04-15,ACTIVE
887,MSB00000887,Trần Thị Chi,1985-06-15,FEMALE,MASS_AFFLUENT,Quảng Ninh,PENDING,2025-07-11,ACTIVE
888,MSB00000888,Hoàng Mai Ngân,1978-04-19,FEMALE,AFFLUENT,TP. Hồ Chí Minh,VERIFIED,2023-08-13,ACTIVE
889,MSB00000889,Hoàng Xuân Vinh,1988-02-22,MALE,SME_OWNER,Quảng Ninh,VERIFIED,2026-01-15,ACTIVE
890,MSB00000890,Hồ Xuân Vinh,1972-02-11,MALE,MASS,Đà Nẵng,VERIFIED,2025-12-04,DORMANT
891,MSB00000891,Lý Đức Đạt,1981-02-16,MALE,MASS,TP. Hồ Chí Minh,VERIFIED,2023-07-19,ACTIVE
892,MSB00000892,Trần Đức Huy,1985-01-06,MALE,MASS_AFFLUENT,Hải Phòng,VERIFIED,2015-10-26,ACTIVE
893,MSB00000893,Lê Kim Lan,1989-11-25,FEMALE,MASS_AFFLUENT,Hà Nội,VERIFIED,2024-03-02,ACTIVE
894,MSB00000894,Trần Đức Quân,1985-10-25,MALE,MASS_AFFLUENT,Nghệ An,VERIFIED,2018-03-13,ACTIVE
895,MSB00000895,Bùi Hải Dung,1989-09-09,FEMALE,MASS,TP. Hồ Chí Minh,VERIFIED,2024-08-11,ACTIVE
896,MSB00000896,Huỳnh Thị Anh,1978-04-06,FEMALE,AFFLUENT,Hà Nội,VERIFIED,2020-12-03,ACTIVE
897,MSB00000897,Phan Quang Long,1968-04-30,MALE,MASS,Hải Phòng,VERIFIED,2019-04-01,ACTIVE
898,MSB00000898,Nguyễn Thùy Linh,1977-05-18,FEMALE,SME_OWNER,Hà Nội,VERIFIED,2019-10-14,ACTIVE
899,MSB00000899,Huỳnh Bá Sơn,2005-04-22,MALE,MASS_AFFLUENT,Hà Nội,VERIFIED,2016-12-31,ACTIVE
900,MSB00000900,Lý Hữu Long,1964-02-13,MALE,MASS,Hà Nội,VERIFIED,2023-05-13,DORMANT
901,MSB00000901,Trần Văn Huy,1967-01-20,MALE,AFFLUENT,Đồng Nai,VERIFIED,2017-08-30,ACTIVE
902,MSB00000902,Vũ Quang Hùng,1966-08-02,MALE,MASS,Hà Nội,VERIFIED,2021-08-14,DORMANT
903,MSB00000903,Nguyễn Xuân Tuấn,2003-08-29,MALE,AFFLUENT,TP. Hồ Chí Minh,VERIFIED,2021-02-18,ACTIVE
904,MSB00000904,Đỗ Minh Nam,1965-08-12,MALE,AFFLUENT,TP. Hồ Chí Minh,VERIFIED,2022-08-06,ACTIVE
905,MSB00000905,Phan Thành Hùng,1983-04-04,MALE,MASS_AFFLUENT,Khánh Hòa,VERIFIED,2014-09-13,DORMANT
906,MSB00000906,Huỳnh Đức Quân,1964-03-15,MALE,AFFLUENT,Khánh Hòa,VERIFIED,2016-09-16,DORMANT
907,MSB00000907,Lý Diệu Nga,1967-04-24,FEMALE,MASS_AFFLUENT,Khánh Hòa,VERIFIED,2020-12-05,ACTIVE
908,MSB00000908,Phạm Xuân Khoa,1963-06-10,MALE,PRIVATE,TP. Hồ Chí Minh,VERIFIED,2017-08-28,ACTIVE
909,MSB00000909,Huỳnh Mai Hằng,2000-02-16,FEMALE,MASS,TP. Hồ Chí Minh,VERIFIED,2015-08-25,ACTIVE
910,MSB00000910,Vũ Diệu Hoa,1979-08-26,FEMALE,MASS,Bình Dương,VERIFIED,2023-01-06,DORMANT
911,MSB00000911,Đặng Thị Thảo,1969-11-29,FEMALE,SME_OWNER,Hà Nội,VERIFIED,2022-07-10,ACTIVE
912,MSB00000912,Phan Hải Nga,1976-12-23,FEMALE,MASS,Hà Nội,VERIFIED,2017-06-08,ACTIVE
913,MSB00000913,Phan Ngọc Anh,1965-11-19,FEMALE,MASS_AFFLUENT,Khánh Hòa,VERIFIED,2023-01-06,DORMANT
914,MSB00000914,Hoàng Ngọc Lan,1969-11-03,FEMALE,MASS,Hà Nội,VERIFIED,2025-03-25,DORMANT
915,MSB00000915,Hoàng Phương Uyên,2004-10-08,FEMALE,MASS,TP. Hồ Chí Minh,EXPIRED,2019-05-21,ACTIVE
916,MSB00000916,Dương Diệu Nhung,1997-07-05,FEMALE,MASS_AFFLUENT,Hà Nội,VERIFIED,2023-12-19,DORMANT
917,MSB00000917,Phan Quang Cường,1974-10-28,MALE,PRIVATE,Hà Nội,VERIFIED,2019-06-26,DORMANT
918,MSB00000918,Ngô Kim Dung,1988-02-04,FEMALE,PRIVATE,Quảng Ninh,VERIFIED,2025-01-31,ACTIVE
919,MSB00000919,Phan Thu Lan,1989-07-13,FEMALE,SME_OWNER,Hà Nội,PENDING,2020-09-29,ACTIVE
920,MSB00000920,Nguyễn Văn Long,1960-09-02,MALE,MASS,TP. Hồ Chí Minh,PENDING,2023-07-20,ACTIVE
921,MSB00000921,Hoàng Diệu Hằng,2001-11-04,FEMALE,AFFLUENT,TP. Hồ Chí Minh,VERIFIED,2020-02-28,ACTIVE
922,MSB00000922,Huỳnh Diệu Vân,1980-05-21,FEMALE,MASS,TP. Hồ Chí Minh,VERIFIED,2023-09-09,ACTIVE
923,MSB00000923,Nguyễn Thị Chi,1990-10-07,FEMALE,AFFLUENT,Bình Dương,EXPIRED,2023-05-25,ACTIVE
924,MSB00000924,Vũ Quang Long,2003-12-05,MALE,MASS,Hải Phòng,VERIFIED,2015-10-28,ACTIVE
925,MSB00000925,Nguyễn Hữu Tuấn,1988-03-17,MALE,MASS_AFFLUENT,Đà Nẵng,VERIFIED,2014-11-15,DORMANT
926,MSB00000926,Huỳnh Hữu Tuấn,1986-06-29,MALE,MASS,TP. Hồ Chí Minh,VERIFIED,2022-07-05,ACTIVE
927,MSB00000927,Đặng Kim Yến,1983-12-05,FEMALE,SME_OWNER,Hà Nội,VERIFIED,2018-10-18,ACTIVE
928,MSB00000928,Ngô Thị Yến,1997-09-21,FEMALE,AFFLUENT,TP. Hồ Chí Minh,VERIFIED,2022-03-08,ACTIVE
929,MSB00000929,Nguyễn Kim Yến,1970-06-18,FEMALE,PRIVATE,Khánh Hòa,VERIFIED,2024-05-04,ACTIVE
930,MSB00000930,Lý Văn Bình,1989-08-27,MALE,MASS,Bình Dương,VERIFIED,2025-03-01,ACTIVE
931,MSB00000931,Phạm Đức Khoa,1978-06-05,MALE,SME_OWNER,Hà Nội,VERIFIED,2015-12-10,ACTIVE
932,MSB00000932,Phan Thu Ngân,1979-05-13,FEMALE,MASS_AFFLUENT,Đồng Nai,VERIFIED,2025-07-22,ACTIVE
933,MSB00000933,Ngô Kim Hoa,1978-04-11,FEMALE,MASS_AFFLUENT,Bình Dương,VERIFIED,2020-08-03,ACTIVE
934,MSB00000934,Đặng Quang Huy,1980-09-05,MALE,MASS,Bình Dương,VERIFIED,2023-10-08,DORMANT
935,MSB00000935,Lý Đức Huy,1990-09-11,MALE,MASS,Bình Dương,EXPIRED,2017-06-16,DORMANT
936,MSB00000936,Ngô Hữu Sơn,1981-12-26,MALE,MASS_AFFLUENT,Quảng Ninh,VERIFIED,2024-10-03,ACTIVE
937,MSB00000937,Lê Kim Anh,1980-06-09,FEMALE,MASS,Hà Nội,VERIFIED,2019-08-07,ACTIVE
938,MSB00000938,Hoàng Phương Hoa,2006-06-11,FEMALE,AFFLUENT,TP. Hồ Chí Minh,VERIFIED,2022-04-22,ACTIVE
939,MSB00000939,Nguyễn Công Quân,1970-07-29,MALE,MASS_AFFLUENT,Nghệ An,VERIFIED,2020-04-01,ACTIVE
940,MSB00000940,Hồ Thùy My,1983-11-13,FEMALE,MASS_AFFLUENT,Đà Nẵng,VERIFIED,2024-02-27,ACTIVE
941,MSB00000941,Phạm Thùy Dung,1992-06-08,FEMALE,MASS_AFFLUENT,Hải Phòng,VERIFIED,2024-12-18,DORMANT
942,MSB00000942,Hồ Diệu Nhung,2004-10-04,FEMALE,MASS_AFFLUENT,TP. Hồ Chí Minh,VERIFIED,2024-03-31,DORMANT
943,MSB00000943,Phan Xuân Phúc,1991-01-21,MALE,MASS,Hà Nội,VERIFIED,2019-08-09,ACTIVE
944,MSB00000944,Võ Quang Tuấn,1986-03-03,MALE,MASS,Quảng Ninh,VERIFIED,2018-10-10,ACTIVE
945,MSB00000945,Vũ Kim Hoa,1964-09-22,FEMALE,MASS_AFFLUENT,TP. Hồ Chí Minh,VERIFIED,2015-10-11,ACTIVE
946,MSB00000946,Bùi Hải Linh,1974-07-02,FEMALE,MASS,Đà Nẵng,VERIFIED,2015-05-04,ACTIVE
947,MSB00000947,Đỗ Thùy Linh,1986-03-11,FEMALE,MASS,TP. Hồ Chí Minh,VERIFIED,2017-07-19,ACTIVE
948,MSB00000948,Lý Hải Oanh,2000-05-25,FEMALE,MASS_AFFLUENT,Nghệ An,VERIFIED,2026-03-07,ACTIVE
949,MSB00000949,Ngô Quang Tuấn,1993-06-22,MALE,MASS,TP. Hồ Chí Minh,PENDING,2018-02-13,ACTIVE
950,MSB00000950,Vũ Bá Việt,1960-09-17,MALE,AFFLUENT,Khánh Hòa,VERIFIED,2018-02-05,ACTIVE
951,MSB00000951,Võ Hữu Hoàng,2000-01-20,MALE,MASS,TP. Hồ Chí Minh,VERIFIED,2018-02-02,ACTIVE
952,MSB00000952,Huỳnh Ngọc Dung,1975-07-01,FEMALE,MASS,Nghệ An,VERIFIED,2018-08-21,DORMANT
953,MSB00000953,Phạm Hữu Bình,1981-07-19,MALE,MASS,TP. Hồ Chí Minh,VERIFIED,2018-04-22,ACTIVE
954,MSB00000954,Nguyễn Thu Trang,1996-05-06,FEMALE,MASS,Đồng Nai,VERIFIED,2019-07-03,ACTIVE
955,MSB00000955,Ngô Thu Linh,1962-10-28,FEMALE,MASS,Đà Nẵng,VERIFIED,2019-02-06,ACTIVE
956,MSB00000956,Ngô Hải Yến,1987-07-06,FEMALE,MASS_AFFLUENT,Hà Nội,VERIFIED,2018-04-02,ACTIVE
957,MSB00000957,Phan Thùy Dung,1972-11-30,FEMALE,MASS_AFFLUENT,TP. Hồ Chí Minh,VERIFIED,2025-10-26,ACTIVE
958,MSB00000958,Đỗ Thị My,2002-07-20,FEMALE,MASS,Bình Dương,VERIFIED,2020-05-23,ACTIVE
959,MSB00000959,Huỳnh Xuân Trí,1958-04-27,MALE,MASS_AFFLUENT,Hải Phòng,VERIFIED,2024-11-01,ACTIVE
960,MSB00000960,Vũ Phương Lan,2005-02-18,FEMALE,MASS,TP. Hồ Chí Minh,VERIFIED,2015-07-08,ACTIVE
961,MSB00000961,Hồ Đức Vinh,1991-07-12,MALE,MASS,Hà Nội,VERIFIED,2014-10-13,ACTIVE
962,MSB00000962,Dương Hữu Hùng,1961-04-05,MALE,MASS_AFFLUENT,Bình Dương,VERIFIED,2024-06-24,ACTIVE
963,MSB00000963,Phan Mai Nhung,1975-05-23,FEMALE,AFFLUENT,Đà Nẵng,VERIFIED,2015-12-06,ACTIVE
964,MSB00000964,Phạm Ngọc Nhung,1973-08-11,FEMALE,AFFLUENT,Hải Phòng,VERIFIED,2020-10-20,ACTIVE
965,MSB00000965,Lý Kim Chi,1991-08-28,FEMALE,MASS_AFFLUENT,TP. Hồ Chí Minh,VERIFIED,2018-06-26,ACTIVE
966,MSB00000966,Trần Văn Cường,1968-07-06,MALE,MASS,TP. Hồ Chí Minh,VERIFIED,2018-09-17,ACTIVE
967,MSB00000967,Phan Đức Khoa,1959-11-28,MALE,AFFLUENT,TP. Hồ Chí Minh,VERIFIED,2024-12-14,ACTIVE
968,MSB00000968,Hồ Kim Trang,1975-08-15,FEMALE,MASS,Hà Nội,VERIFIED,2015-09-23,ACTIVE
969,MSB00000969,Võ Thùy Thảo,1996-02-25,FEMALE,MASS_AFFLUENT,Nghệ An,VERIFIED,2018-11-08,ACTIVE
970,MSB00000970,Vũ Bá Bình,1961-08-19,MALE,MASS_AFFLUENT,TP. Hồ Chí Minh,VERIFIED,2020-08-22,ACTIVE
971,MSB00000971,Ngô Hải Hằng,2006-06-10,FEMALE,MASS,TP. Hồ Chí Minh,VERIFIED,2019-02-26,ACTIVE
972,MSB00000972,Hồ Hải Yến,1962-06-23,FEMALE,AFFLUENT,TP. Hồ Chí Minh,VERIFIED,2014-12-06,ACTIVE
973,MSB00000973,Phạm Mai Trang,2006-04-25,FEMALE,PRIVATE,TP. Hồ Chí Minh,VERIFIED,2018-10-11,ACTIVE
974,MSB00000974,Huỳnh Công Hùng,2003-11-30,MALE,SME_OWNER,Hải Phòng,VERIFIED,2018-09-02,ACTIVE
975,MSB00000975,Vũ Diệu Vân,2004-03-27,FEMALE,MASS,Hải Phòng,VERIFIED,2016-02-07,ACTIVE
976,MSB00000976,Lê Hữu Bình,1997-08-22,MALE,MASS,Bình Dương,VERIFIED,2018-03-04,ACTIVE
977,MSB00000977,Đặng Đức Vinh,1970-07-06,MALE,AFFLUENT,Hà Nội,VERIFIED,2024-08-29,ACTIVE
978,MSB00000978,Hồ Hữu Việt,1987-05-09,MALE,MASS_AFFLUENT,Đồng Nai,VERIFIED,2016-10-13,DORMANT
979,MSB00000979,Hồ Diệu Trang,2003-05-19,FEMALE,MASS,Nghệ An,VERIFIED,2015-11-01,ACTIVE
980,MSB00000980,Huỳnh Diệu Hằng,1989-02-02,FEMALE,MASS_AFFLUENT,Quảng Ninh,VERIFIED,2017-10-07,DORMANT
981,MSB00000981,Hồ Công Huy,1957-04-21,MALE,MASS_AFFLUENT,Hà Nội,VERIFIED,2024-07-19,ACTIVE
982,MSB00000982,Hồ Quang Dũng,1979-11-30,MALE,MASS_AFFLUENT,TP. Hồ Chí Minh,VERIFIED,2020-03-25,DORMANT
983,MSB00000983,Phạm Xuân Hoàng,1970-05-27,MALE,MASS_AFFLUENT,Khánh Hòa,VERIFIED,2025-09-11,ACTIVE
984,MSB00000984,Võ Bá Hoàng,1992-12-23,MALE,MASS,Cần Thơ,VERIFIED,2017-04-25,ACTIVE
985,MSB00000985,Phan Mai Uyên,1980-07-22,FEMALE,MASS_AFFLUENT,Hà Nội,VERIFIED,2015-03-01,ACTIVE
986,MSB00000986,Vũ Văn Vinh,1966-09-02,MALE,MASS,Đồng Nai,VERIFIED,2025-11-28,DORMANT
987,MSB00000987,Huỳnh Công Việt,1972-09-01,MALE,MASS_AFFLUENT,Bình Dương,VERIFIED,2025-01-20,DORMANT
988,MSB00000988,Hồ Thị Uyên,2006-05-19,FEMALE,AFFLUENT,Bình Dương,VERIFIED,2015-06-13,ACTIVE
989,MSB00000989,Hoàng Quang Đạt,1976-06-03,MALE,MASS,TP. Hồ Chí Minh,VERIFIED,2016-12-30,DORMANT
990,MSB00000990,Phạm Thùy Thảo,1967-08-28,FEMALE,MASS_AFFLUENT,Hải Phòng,VERIFIED,2016-09-22,ACTIVE
991,MSB00000991,Huỳnh Diệu Lan,1999-09-06,FEMALE,MASS,Cần Thơ,VERIFIED,2023-11-23,ACTIVE
992,MSB00000992,Đặng Kim Thảo,1987-08-15,FEMALE,MASS_AFFLUENT,TP. Hồ Chí Minh,VERIFIED,2018-11-21,ACTIVE
993,MSB00000993,Võ Kim My,1974-08-27,FEMALE,SME_OWNER,Bình Dương,VERIFIED,2016-08-29,ACTIVE
994,MSB00000994,Phan Công Phúc,2006-07-23,MALE,SME_OWNER,TP. Hồ Chí Minh,VERIFIED,2025-07-11,ACTIVE
995,MSB00000995,Hồ Thị Nga,1971-05-13,FEMALE,MASS_AFFLUENT,Hà Nội,VERIFIED,2023-01-07,ACTIVE
996,MSB00000996,Võ Hải Nhung,1963-09-07,FEMALE,MASS_AFFLUENT,Đồng Nai,VERIFIED,2022-11-20,ACTIVE
997,MSB00000997,Phan Văn Long,1980-06-28,MALE,MASS_AFFLUENT,TP. Hồ Chí Minh,VERIFIED,2020-01-04,ACTIVE
998,MSB00000998,Hoàng Thùy Oanh,1984-02-01,FEMALE,MASS_AFFLUENT,Hà Nội,VERIFIED,2023-05-15,DORMANT
999,MSB00000999,Vũ Mai Dung,2002-01-02,FEMALE,PRIVATE,Bình Dương,VERIFIED,2022-05-04,ACTIVE
1000,MSB00001000,Lý Kim Hằng,1969-11-09,FEMALE,SME_OWNER,Bình Dương,VERIFIED,2023-05-01,DORMANT
1001,MSB00001001,Huỳnh Mai Oanh,1958-12-16,FEMALE,AFFLUENT,Bình Dương,VERIFIED,2025-08-01,ACTIVE
1002,MSB00001002,Lê Xuân Cường,1962-09-03,MALE,MASS_AFFLUENT,TP. Hồ Chí Minh,VERIFIED,2018-06-27,ACTIVE
1003,MSB00001003,Hoàng Hải Nga,1978-12-30,FEMALE,PRIVATE,Đà Nẵng,VERIFIED,2018-11-17,ACTIVE
1004,MSB00001004,Vũ Diệu Uyên,2004-10-23,FEMALE,MASS,Hà Nội,VERIFIED,2016-02-09,DORMANT
1005,MSB00001005,Lý Thu Vân,1992-05-03,FEMALE,MASS,Hà Nội,VERIFIED,2019-08-10,ACTIVE
1006,MSB00001006,Phạm Bá Quân,1993-04-01,MALE,AFFLUENT,TP. Hồ Chí Minh,VERIFIED,2018-05-18,ACTIVE
1007,MSB00001007,Đặng Thùy Vân,2005-12-01,FEMALE,MASS_AFFLUENT,TP. Hồ Chí Minh,VERIFIED,2022-02-19,DORMANT
1008,MSB00001008,Hoàng Phương Dung,2000-10-12,FEMALE,MASS,Đà Nẵng,VERIFIED,2021-10-16,DORMANT
1009,MSB00001009,Dương Đức Vinh,1978-08-26,MALE,MASS_AFFLUENT,Hà Nội,PENDING,2021-07-08,ACTIVE
1010,MSB00001010,Hồ Kim Dung,2002-03-22,FEMALE,PRIVATE,Đồng Nai,VERIFIED,2015-01-09,ACTIVE
1011,MSB00001011,Hoàng Phương Nga,2004-11-08,FEMALE,MASS_AFFLUENT,Nghệ An,PENDING,2020-10-25,DORMANT
1012,MSB00001012,Đặng Thu Nga,1959-07-18,FEMALE,AFFLUENT,Hà Nội,VERIFIED,2016-04-07,ACTIVE
1013,MSB00001013,Trần Kim Chi,1976-04-21,FEMALE,MASS,Bình Dương,VERIFIED,2022-08-03,ACTIVE
1014,MSB00001014,Bùi Quang Đạt,1966-02-08,MALE,MASS_AFFLUENT,Đà Nẵng,VERIFIED,2018-05-02,ACTIVE
1015,MSB00001015,Vũ Thùy Hằng,1994-07-28,FEMALE,MASS_AFFLUENT,TP. Hồ Chí Minh,VERIFIED,2023-02-17,ACTIVE
1016,MSB00001016,Ngô Diệu Chi,1987-09-28,FEMALE,MASS,TP. Hồ Chí Minh,VERIFIED,2021-09-09,DORMANT
1017,MSB00001017,Bùi Minh Hùng,1976-04-15,MALE,MASS,Cần Thơ,VERIFIED,2016-04-23,ACTIVE
1018,MSB00001018,Võ Xuân Dũng,1971-11-15,MALE,AFFLUENT,Hà Nội,VERIFIED,2018-05-08,ACTIVE
1019,MSB00001019,Ngô Văn Việt,1988-03-24,MALE,PRIVATE,Đà Nẵng,VERIFIED,2020-08-27,ACTIVE
1020,MSB00001020,Trần Thị Anh,1961-04-03,FEMALE,MASS,TP. Hồ Chí Minh,VERIFIED,2021-07-26,ACTIVE
1021,MSB00001021,Hồ Quang Việt,1970-09-10,MALE,SME_OWNER,Hà Nội,VERIFIED,2016-12-31,DORMANT
1022,MSB00001022,Lê Diệu Uyên,1994-10-20,FEMALE,AFFLUENT,Đà Nẵng,VERIFIED,2024-07-07,DORMANT
1023,MSB00001023,Vũ Diệu Dung,2002-02-20,FEMALE,MASS,TP. Hồ Chí Minh,VERIFIED,2016-06-05,ACTIVE
1024,MSB00001024,Hoàng Thị Dung,2006-03-11,FEMALE,PRIVATE,Cần Thơ,VERIFIED,2019-02-09,ACTIVE
1025,MSB00001025,Ngô Công Tuấn,1963-11-17,MALE,MASS_AFFLUENT,Hải Phòng,VERIFIED,2022-06-28,DORMANT
1026,MSB00001026,Dương Hải Linh,1964-12-21,FEMALE,SME_OWNER,Hà Nội,EXPIRED,2018-03-09,ACTIVE
1027,MSB00001027,Huỳnh Văn Hoàng,1982-09-05,MALE,MASS,Đồng Nai,VERIFIED,2014-10-08,ACTIVE
1028,MSB00001028,Lý Kim My,1970-04-28,FEMALE,MASS_AFFLUENT,TP. Hồ Chí Minh,VERIFIED,2022-04-02,ACTIVE
1029,MSB00001029,Ngô Công Nam,1962-07-17,MALE,AFFLUENT,Hải Phòng,VERIFIED,2021-09-28,ACTIVE
1030,MSB00001030,Dương Ngọc Yến,1998-06-17,FEMALE,MASS_AFFLUENT,TP. Hồ Chí Minh,VERIFIED,2015-06-28,DORMANT
1031,MSB00001031,Lê Minh Phúc,1957-02-16,MALE,MASS,Hà Nội,VERIFIED,2022-04-23,ACTIVE
1032,MSB00001032,Hoàng Xuân Phúc,1982-05-05,MALE,MASS,Đồng Nai,VERIFIED,2016-05-12,DORMANT
1033,MSB00001033,Dương Thùy Lan,1984-11-05,FEMALE,MASS,Khánh Hòa,VERIFIED,2015-11-01,ACTIVE
1034,MSB00001034,Vũ Phương Hằng,1997-10-12,FEMALE,MASS,TP. Hồ Chí Minh,PENDING,2019-07-13,ACTIVE
1035,MSB00001035,Huỳnh Phương Hoa,1973-06-20,FEMALE,MASS,TP. Hồ Chí Minh,VERIFIED,2025-05-15,ACTIVE
1036,MSB00001036,Hồ Kim Thảo,1975-09-01,FEMALE,AFFLUENT,Hải Phòng,VERIFIED,2025-08-16,ACTIVE
1037,MSB00001037,Phạm Bá Phúc,2005-01-09,MALE,MASS,Hà Nội,VERIFIED,2023-01-19,ACTIVE
1038,MSB00001038,Trần Thành Dũng,1974-05-23,MALE,MASS_AFFLUENT,Đồng Nai,VERIFIED,2026-02-15,ACTIVE
1039,MSB00001039,Lê Kim Uyên,1999-06-16,FEMALE,MASS_AFFLUENT,Hà Nội,VERIFIED,2017-06-06,ACTIVE
1040,MSB00001040,Hoàng Phương Anh,1993-06-28,FEMALE,AFFLUENT,Hà Nội,VERIFIED,2018-11-12,ACTIVE
1041,MSB00001041,Lê Hải Anh,1976-03-09,FEMALE,AFFLUENT,Hà Nội,VERIFIED,2021-01-09,ACTIVE
1042,MSB00001042,Huỳnh Minh Bình,1967-08-03,MALE,MASS,TP. Hồ Chí Minh,VERIFIED,2016-11-01,ACTIVE
1043,MSB00001043,Lý Kim Lan,2000-07-11,FEMALE,MASS_AFFLUENT,Đồng Nai,VERIFIED,2024-10-08,ACTIVE
1044,MSB00001044,Lý Quang Việt,1982-11-26,MALE,AFFLUENT,Hải Phòng,VERIFIED,2020-06-28,ACTIVE
1045,MSB00001045,Trần Thùy Anh,1992-03-02,FEMALE,PRIVATE,Hà Nội,PENDING,2022-05-19,ACTIVE
1046,MSB00001046,Võ Mai Yến,1971-02-17,FEMALE,MASS_AFFLUENT,Hà Nội,VERIFIED,2026-01-19,ACTIVE
1047,MSB00001047,Đặng Thị Nhung,1965-05-01,FEMALE,MASS,TP. Hồ Chí Minh,VERIFIED,2020-09-29,ACTIVE
1048,MSB00001048,Bùi Quang Việt,1975-02-07,MALE,MASS,Đà Nẵng,VERIFIED,2024-08-21,ACTIVE
1049,MSB00001049,Võ Thành Phúc,1967-04-25,MALE,MASS,Đà Nẵng,VERIFIED,2025-10-16,DORMANT
1050,MSB00001050,Lê Văn Huy,1984-08-11,MALE,MASS_AFFLUENT,Hà Nội,VERIFIED,2023-11-12,ACTIVE
1051,MSB00001051,Vũ Đức Khoa,1977-02-01,MALE,MASS,Bình Dương,VERIFIED,2024-01-21,DORMANT
1052,MSB00001052,Nguyễn Xuân Bình,1992-07-29,MALE,PRIVATE,Hải Phòng,VERIFIED,2019-01-02,ACTIVE
1053,MSB00001053,Phạm Kim Lan,1956-12-19,FEMALE,SME_OWNER,Quảng Ninh,VERIFIED,2017-01-28,ACTIVE
1054,MSB00001054,Nguyễn Đức Hoàng,1995-09-29,MALE,AFFLUENT,Đà Nẵng,VERIFIED,2020-08-28,DORMANT
1055,MSB00001055,Hoàng Bá Long,1959-12-28,MALE,MASS,TP. Hồ Chí Minh,VERIFIED,2018-11-06,ACTIVE
1056,MSB00001056,Nguyễn Thị Uyên,1969-01-29,FEMALE,MASS,Hà Nội,VERIFIED,2025-02-18,ACTIVE
1057,MSB00001057,Phan Xuân Hoàng,1956-09-10,MALE,MASS,Khánh Hòa,VERIFIED,2017-02-24,ACTIVE
1058,MSB00001058,Nguyễn Đức Vinh,1974-06-08,MALE,MASS_AFFLUENT,Hà Nội,PENDING,2020-06-22,ACTIVE
1059,MSB00001059,Trần Diệu Dung,1988-11-18,FEMALE,AFFLUENT,TP. Hồ Chí Minh,VERIFIED,2021-04-30,DORMANT
1060,MSB00001060,Hồ Bá Quân,1992-06-13,MALE,AFFLUENT,TP. Hồ Chí Minh,VERIFIED,2016-03-08,ACTIVE
1061,MSB00001061,Hồ Bá Vinh,1998-08-27,MALE,MASS_AFFLUENT,Đà Nẵng,VERIFIED,2022-09-01,ACTIVE
1062,MSB00001062,Đỗ Ngọc Hoa,1958-06-01,FEMALE,MASS,Đà Nẵng,VERIFIED,2021-03-16,DORMANT
1063,MSB00001063,Ngô Đức Nam,2001-02-25,MALE,MASS,Cần Thơ,VERIFIED,2015-07-12,ACTIVE
1064,MSB00001064,Võ Công Long,1966-08-04,MALE,MASS,Hà Nội,VERIFIED,2024-07-31,DORMANT
1065,MSB00001065,Đặng Đức Trí,1972-05-18,MALE,MASS_AFFLUENT,Cần Thơ,VERIFIED,2020-03-28,ACTIVE
1066,MSB00001066,Lê Công Đạt,2000-08-09,MALE,PRIVATE,Đồng Nai,VERIFIED,2019-08-02,ACTIVE
1067,MSB00001067,Vũ Hải Nhung,1961-05-31,FEMALE,AFFLUENT,Hà Nội,VERIFIED,2018-02-28,DORMANT
1068,MSB00001068,Huỳnh Thành Hùng,1997-12-08,MALE,MASS,Hà Nội,PENDING,2015-06-27,DORMANT
1069,MSB00001069,Đỗ Hữu Việt,1998-07-03,MALE,AFFLUENT,Quảng Ninh,VERIFIED,2022-04-26,ACTIVE
1070,MSB00001070,Trần Bá Tuấn,1979-05-24,MALE,MASS_AFFLUENT,TP. Hồ Chí Minh,VERIFIED,2024-12-22,DORMANT
1071,MSB00001071,Nguyễn Thị Hà,2001-07-09,FEMALE,SME_OWNER,TP. Hồ Chí Minh,EXPIRED,2021-09-02,ACTIVE
1072,MSB00001072,Lý Quang Khoa,2001-04-09,MALE,MASS,TP. Hồ Chí Minh,VERIFIED,2024-07-02,ACTIVE
1073,MSB00001073,Hoàng Thị Hà,1974-11-24,FEMALE,MASS_AFFLUENT,Đà Nẵng,VERIFIED,2017-11-02,ACTIVE
1074,MSB00001074,Ngô Quang Long,1958-02-12,MALE,MASS,Cần Thơ,VERIFIED,2019-09-19,ACTIVE
1075,MSB00001075,Nguyễn Ngọc Lan,2004-06-15,FEMALE,AFFLUENT,Cần Thơ,VERIFIED,2017-06-29,ACTIVE
1076,MSB00001076,Trần Quang Tuấn,1975-05-04,MALE,AFFLUENT,TP. Hồ Chí Minh,VERIFIED,2022-05-12,ACTIVE
1077,MSB00001077,Lý Công Hùng,1975-12-27,MALE,MASS_AFFLUENT,TP. Hồ Chí Minh,VERIFIED,2015-03-12,ACTIVE
1078,MSB00001078,Ngô Ngọc Nhung,2003-03-07,FEMALE,MASS,Đà Nẵng,VERIFIED,2015-11-18,ACTIVE
1079,MSB00001079,Đỗ Bá Khoa,1999-03-14,MALE,MASS,TP. Hồ Chí Minh,VERIFIED,2015-08-24,ACTIVE
1080,MSB00001080,Đặng Thùy Uyên,1983-10-17,FEMALE,MASS,Đà Nẵng,VERIFIED,2018-01-05,DORMANT
1081,MSB00001081,Nguyễn Hải Hà,1971-11-03,FEMALE,MASS,Đà Nẵng,VERIFIED,2024-02-22,ACTIVE
1082,MSB00001082,Vũ Thị Oanh,1995-05-31,FEMALE,MASS,Đồng Nai,VERIFIED,2024-08-11,DORMANT
1083,MSB00001083,Vũ Quang Long,1984-12-13,MALE,MASS_AFFLUENT,Hà Nội,VERIFIED,2015-03-02,ACTIVE
1084,MSB00001084,Nguyễn Phương Oanh,1981-11-12,FEMALE,MASS,Hà Nội,VERIFIED,2016-03-03,ACTIVE
1085,MSB00001085,Bùi Đức Việt,1970-10-04,MALE,MASS,Bình Dương,VERIFIED,2016-01-20,ACTIVE
1086,MSB00001086,Võ Thùy Dung,1994-05-23,FEMALE,MASS_AFFLUENT,Đà Nẵng,VERIFIED,2018-11-01,DORMANT
1087,MSB00001087,Huỳnh Thị Oanh,1971-12-06,FEMALE,MASS_AFFLUENT,Hà Nội,VERIFIED,2016-05-02,ACTIVE
1088,MSB00001088,Nguyễn Thị Dung,1965-06-20,FEMALE,MASS,Nghệ An,VERIFIED,2020-07-27,DORMANT
1089,MSB00001089,Huỳnh Thị Nhung,1977-03-18,FEMALE,MASS,Hải Phòng,VERIFIED,2024-06-08,ACTIVE
1090,MSB00001090,Lê Mai Ngân,1970-08-01,FEMALE,AFFLUENT,TP. Hồ Chí Minh,VERIFIED,2023-05-03,ACTIVE
1091,MSB00001091,Trần Ngọc Dung,1998-01-19,FEMALE,MASS,Bình Dương,VERIFIED,2016-05-24,ACTIVE
1092,MSB00001092,Lý Quang Hoàng,1960-12-21,MALE,MASS,Đà Nẵng,VERIFIED,2018-10-01,DORMANT
1093,MSB00001093,Huỳnh Thùy Hằng,1991-03-18,FEMALE,MASS_AFFLUENT,TP. Hồ Chí Minh,VERIFIED,2014-09-10,DORMANT
1094,MSB00001094,Phan Thành Nam,1997-03-30,MALE,MASS_AFFLUENT,TP. Hồ Chí Minh,VERIFIED,2015-11-06,ACTIVE
1095,MSB00001095,Dương Công Hùng,1979-06-01,MALE,SME_OWNER,TP. Hồ Chí Minh,VERIFIED,2017-06-21,ACTIVE
1096,MSB00001096,Vũ Thùy Oanh,1986-11-20,FEMALE,MASS_AFFLUENT,TP. Hồ Chí Minh,VERIFIED,2025-11-17,ACTIVE
1097,MSB00001097,Trần Quang Long,1982-09-30,MALE,MASS,Cần Thơ,VERIFIED,2024-03-02,ACTIVE
1098,MSB00001098,Huỳnh Phương Oanh,1966-07-10,FEMALE,MASS_AFFLUENT,TP. Hồ Chí Minh,VERIFIED,2021-12-13,ACTIVE
1099,MSB00001099,Dương Đức Hoàng,1980-05-19,MALE,MASS_AFFLUENT,Hà Nội,VERIFIED,2025-11-28,DORMANT
1100,MSB00001100,Ngô Xuân Trí,1988-01-20,MALE,MASS,Hải Phòng,VERIFIED,2015-06-01,ACTIVE
1101,MSB00001101,Hồ Thu Oanh,1966-04-16,FEMALE,PRIVATE,Hà Nội,EXPIRED,2023-09-01,ACTIVE
1102,MSB00001102,Hồ Đức Hoàng,1988-08-23,MALE,MASS_AFFLUENT,Đồng Nai,VERIFIED,2021-11-10,ACTIVE
1103,MSB00001103,Đỗ Kim Vân,1959-08-21,FEMALE,AFFLUENT,Hải Phòng,VERIFIED,2018-06-17,ACTIVE
1104,MSB00001104,Trần Hải Uyên,1957-06-03,FEMALE,AFFLUENT,Đà Nẵng,VERIFIED,2025-11-28,ACTIVE
1105,MSB00001105,Nguyễn Ngọc Nga,1982-09-09,FEMALE,AFFLUENT,TP. Hồ Chí Minh,EXPIRED,2018-11-27,DORMANT
1106,MSB00001106,Phạm Bá Tuấn,1968-01-18,MALE,SME_OWNER,Hà Nội,VERIFIED,2025-02-21,DORMANT
1107,MSB00001107,Hoàng Ngọc Dung,1971-05-27,FEMALE,MASS_AFFLUENT,Hải Phòng,VERIFIED,2015-10-20,ACTIVE
1108,MSB00001108,Trần Thành Trí,1963-08-08,MALE,MASS_AFFLUENT,Hà Nội,VERIFIED,2018-04-09,DORMANT
1109,MSB00001109,Hoàng Đức Việt,1982-11-25,MALE,MASS,Đà Nẵng,VERIFIED,2022-05-30,ACTIVE
1110,MSB00001110,Võ Hữu Việt,1986-04-12,MALE,MASS_AFFLUENT,Hà Nội,VERIFIED,2018-02-28,DORMANT
1111,MSB00001111,Phạm Hữu Phúc,1993-04-06,MALE,MASS,Đà Nẵng,VERIFIED,2022-08-31,ACTIVE
1112,MSB00001112,Đỗ Minh Tuấn,1977-02-03,MALE,MASS_AFFLUENT,Hà Nội,VERIFIED,2024-12-25,ACTIVE
1113,MSB00001113,Phạm Minh Việt,1976-06-05,MALE,MASS,Hà Nội,PENDING,2026-03-19,ACTIVE
1114,MSB00001114,Võ Đức Trí,1983-12-06,MALE,SME_OWNER,TP. Hồ Chí Minh,VERIFIED,2023-10-09,ACTIVE
1115,MSB00001115,Trần Diệu Trang,1991-05-06,FEMALE,MASS,Hải Phòng,PENDING,2018-01-26,ACTIVE
1116,MSB00001116,Trần Đức Long,1983-12-14,MALE,PRIVATE,Hà Nội,VERIFIED,2019-10-01,ACTIVE
1117,MSB00001117,Lý Minh Hùng,1981-02-20,MALE,AFFLUENT,TP. Hồ Chí Minh,VERIFIED,2023-02-21,ACTIVE
1118,MSB00001118,Dương Hữu Hoàng,2000-07-04,MALE,MASS,Bình Dương,VERIFIED,2018-04-27,ACTIVE
1119,MSB00001119,Ngô Công An,1973-01-12,MALE,SME_OWNER,Đà Nẵng,VERIFIED,2021-10-18,ACTIVE
1120,MSB00001120,Dương Diệu Lan,1964-07-31,FEMALE,MASS,Đà Nẵng,VERIFIED,2024-07-01,ACTIVE
1121,MSB00001121,Lê Thu Dung,1989-12-10,FEMALE,MASS,Hà Nội,VERIFIED,2018-05-29,ACTIVE
1122,MSB00001122,Đặng Kim Lan,1987-04-13,FEMALE,AFFLUENT,Hà Nội,EXPIRED,2021-01-01,DORMANT
1123,MSB00001123,Bùi Phương Anh,2001-12-26,FEMALE,MASS_AFFLUENT,Hà Nội,VERIFIED,2018-07-30,ACTIVE
1124,MSB00001124,Phan Bá Hoàng,1977-06-01,MALE,MASS,Quảng Ninh,VERIFIED,2019-10-09,ACTIVE
1125,MSB00001125,Ngô Diệu Chi,1985-04-01,FEMALE,MASS_AFFLUENT,Hà Nội,VERIFIED,2025-02-22,ACTIVE
1126,MSB00001126,Hoàng Minh Quân,1964-05-08,MALE,MASS,Hà Nội,VERIFIED,2025-09-30,ACTIVE
1127,MSB00001127,Hồ Thành Việt,1961-05-28,MALE,MASS,Hà Nội,VERIFIED,2025-02-25,ACTIVE
1128,MSB00001128,Lê Thành Hoàng,1968-04-24,MALE,MASS,Bình Dương,EXPIRED,2023-09-19,ACTIVE
1129,MSB00001129,Hồ Quang Bình,1996-08-08,MALE,MASS,TP. Hồ Chí Minh,VERIFIED,2023-09-18,ACTIVE
1130,MSB00001130,Lê Hải Vân,1997-04-05,FEMALE,MASS,Bình Dương,VERIFIED,2015-08-11,ACTIVE
1131,MSB00001131,Ngô Công Sơn,1982-07-14,MALE,MASS,TP. Hồ Chí Minh,VERIFIED,2017-03-11,ACTIVE
1132,MSB00001132,Lê Quang Dũng,1976-02-20,MALE,MASS_AFFLUENT,Bình Dương,VERIFIED,2016-01-24,DORMANT
1133,MSB00001133,Hồ Bá An,2005-07-25,MALE,PRIVATE,Đồng Nai,VERIFIED,2020-10-17,ACTIVE
1134,MSB00001134,Dương Mai Lan,1982-08-24,FEMALE,MASS,TP. Hồ Chí Minh,VERIFIED,2022-07-26,DORMANT
1135,MSB00001135,Vũ Thị Yến,2002-03-20,FEMALE,MASS,Quảng Ninh,VERIFIED,2021-08-17,ACTIVE
1136,MSB00001136,Trần Diệu Nhung,1993-05-11,FEMALE,MASS_AFFLUENT,Khánh Hòa,VERIFIED,2016-03-15,ACTIVE
1137,MSB00001137,Dương Ngọc Yến,1988-10-11,FEMALE,SME_OWNER,Hà Nội,VERIFIED,2022-03-07,ACTIVE
1138,MSB00001138,Phan Ngọc Lan,2004-05-23,FEMALE,MASS_AFFLUENT,Đà Nẵng,PENDING,2018-12-13,ACTIVE
1139,MSB00001139,Lý Minh Phúc,1993-04-04,MALE,AFFLUENT,Hải Phòng,VERIFIED,2024-08-21,ACTIVE
1140,MSB00001140,Bùi Quang Quân,1975-06-03,MALE,MASS,Đồng Nai,VERIFIED,2014-11-17,ACTIVE
1141,MSB00001141,Phan Hữu Trí,1956-10-07,MALE,MASS_AFFLUENT,Hải Phòng,VERIFIED,2018-11-04,DORMANT
1142,MSB00001142,Vũ Xuân Phúc,1967-11-14,MALE,MASS,Hải Phòng,VERIFIED,2015-01-21,ACTIVE
1143,MSB00001143,Đặng Kim Thảo,1991-06-27,FEMALE,MASS,TP. Hồ Chí Minh,VERIFIED,2022-11-21,DORMANT
1144,MSB00001144,Trần Minh Cường,1959-05-29,MALE,MASS_AFFLUENT,Bình Dương,VERIFIED,2019-02-17,DORMANT
1145,MSB00001145,Ngô Minh Huy,1984-06-20,MALE,AFFLUENT,Hà Nội,VERIFIED,2023-02-17,DORMANT
1146,MSB00001146,Hoàng Thùy Nhung,1989-07-03,FEMALE,AFFLUENT,Hải Phòng,VERIFIED,2020-11-14,ACTIVE
1147,MSB00001147,Lê Công Khoa,1964-06-01,MALE,MASS_AFFLUENT,Hà Nội,VERIFIED,2022-07-24,ACTIVE
1148,MSB00001148,Phạm Hữu Tuấn,1986-10-22,MALE,MASS,Bình Dương,VERIFIED,2024-08-31,DORMANT
1149,MSB00001149,Hồ Công Khoa,1970-03-13,MALE,SME_OWNER,Bình Dương,VERIFIED,2021-03-03,DORMANT
1150,MSB00001150,Lê Hải Uyên,1998-04-10,FEMALE,AFFLUENT,Hà Nội,VERIFIED,2020-02-21,ACTIVE
1151,MSB00001151,Võ Công Tuấn,1990-06-19,MALE,SME_OWNER,Bình Dương,VERIFIED,2024-06-29,ACTIVE
1152,MSB00001152,Dương Xuân Dũng,1957-06-21,MALE,AFFLUENT,Bình Dương,VERIFIED,2021-09-06,ACTIVE
1153,MSB00001153,Vũ Bá Tuấn,1994-02-06,MALE,AFFLUENT,Hà Nội,VERIFIED,2025-03-27,ACTIVE
1154,MSB00001154,Ngô Diệu Chi,1963-11-27,FEMALE,MASS,TP. Hồ Chí Minh,VERIFIED,2018-10-18,ACTIVE
1155,MSB00001155,Đặng Minh Khoa,1983-02-06,MALE,MASS,Hà Nội,VERIFIED,2022-09-05,ACTIVE
1156,MSB00001156,Bùi Văn Phúc,1959-01-01,MALE,AFFLUENT,Hà Nội,VERIFIED,2025-04-13,ACTIVE
1157,MSB00001157,Phan Ngọc Nhung,1986-05-24,FEMALE,AFFLUENT,Bình Dương,VERIFIED,2020-05-04,DORMANT
1158,MSB00001158,Lý Diệu Oanh,1981-09-16,FEMALE,AFFLUENT,TP. Hồ Chí Minh,VERIFIED,2016-08-03,DORMANT
1159,MSB00001159,Huỳnh Xuân Trí,1986-11-01,MALE,MASS_AFFLUENT,Hải Phòng,VERIFIED,2014-10-07,ACTIVE
1160,MSB00001160,Ngô Bá Hoàng,1995-10-12,MALE,SME_OWNER,Hà Nội,VERIFIED,2015-01-18,DORMANT
1161,MSB00001161,Hồ Thành Tuấn,1963-12-28,MALE,PRIVATE,Hà Nội,VERIFIED,2024-04-20,ACTIVE
1162,MSB00001162,Bùi Ngọc Vân,1977-12-17,FEMALE,MASS,Đà Nẵng,VERIFIED,2023-11-20,DORMANT
1163,MSB00001163,Bùi Quang Vinh,1981-08-02,MALE,MASS,TP. Hồ Chí Minh,EXPIRED,2015-11-29,DORMANT
1164,MSB00001164,Trần Diệu Ngân,1988-06-30,FEMALE,MASS_AFFLUENT,Đồng Nai,VERIFIED,2018-12-12,ACTIVE
1165,MSB00001165,Lý Thị Hằng,1968-07-10,FEMALE,SME_OWNER,Hà Nội,VERIFIED,2019-12-29,ACTIVE
1166,MSB00001166,Lý Hải Nhung,1989-03-04,FEMALE,MASS_AFFLUENT,Đà Nẵng,VERIFIED,2016-12-21,DORMANT
1167,MSB00001167,Phan Quang Quân,1995-01-26,MALE,MASS_AFFLUENT,Hải Phòng,VERIFIED,2025-07-28,ACTIVE
1168,MSB00001168,Phạm Phương Nga,2002-07-15,FEMALE,MASS_AFFLUENT,Đà Nẵng,VERIFIED,2019-11-11,DORMANT
1169,MSB00001169,Huỳnh Ngọc Trang,1962-11-27,FEMALE,MASS,Hải Phòng,VERIFIED,2019-08-26,ACTIVE
1170,MSB00001170,Bùi Kim Ngân,2003-02-09,FEMALE,PRIVATE,TP. Hồ Chí Minh,VERIFIED,2015-06-02,ACTIVE
1171,MSB00001171,Phạm Minh Sơn,1964-01-23,MALE,MASS,Bình Dương,VERIFIED,2020-11-15,ACTIVE
1172,MSB00001172,Hoàng Thùy Nga,1987-09-28,FEMALE,MASS,Đà Nẵng,VERIFIED,2020-05-10,ACTIVE
1173,MSB00001173,Lý Kim Yến,2006-01-26,FEMALE,MASS,Bình Dương,VERIFIED,2016-12-26,ACTIVE
1174,MSB00001174,Ngô Hải Yến,1960-08-26,FEMALE,MASS,Hà Nội,VERIFIED,2023-03-04,ACTIVE
1175,MSB00001175,Phan Hải Dung,1968-11-20,FEMALE,MASS,Hà Nội,VERIFIED,2025-07-06,DORMANT
1176,MSB00001176,Huỳnh Quang An,1969-10-12,MALE,AFFLUENT,TP. Hồ Chí Minh,VERIFIED,2020-10-28,ACTIVE
1177,MSB00001177,Hồ Xuân Bình,1979-07-29,MALE,AFFLUENT,TP. Hồ Chí Minh,VERIFIED,2019-03-17,ACTIVE
1178,MSB00001178,Lý Thị Dung,1968-02-13,FEMALE,MASS_AFFLUENT,Hà Nội,PENDING,2020-08-20,DORMANT
1179,MSB00001179,Hồ Hải Yến,2000-03-09,FEMALE,MASS,Hà Nội,EXPIRED,2018-02-01,ACTIVE
1180,MSB00001180,Phan Phương Dung,1995-07-04,FEMALE,MASS,Hà Nội,VERIFIED,2023-05-15,ACTIVE
1181,MSB00001181,Đỗ Xuân Sơn,1979-05-20,MALE,MASS,Hà Nội,VERIFIED,2026-02-28,ACTIVE
1182,MSB00001182,Dương Công Trí,1969-10-19,MALE,PRIVATE,Hà Nội,VERIFIED,2017-02-23,ACTIVE
1183,MSB00001183,Võ Thùy Lan,1977-04-07,FEMALE,MASS_AFFLUENT,Bình Dương,VERIFIED,2016-05-27,ACTIVE
1184,MSB00001184,Vũ Thị Yến,1986-02-13,FEMALE,MASS_AFFLUENT,Khánh Hòa,PENDING,2019-02-14,ACTIVE
1185,MSB00001185,Phạm Thành Huy,1972-11-17,MALE,MASS,TP. Hồ Chí Minh,VERIFIED,2022-08-31,ACTIVE
1186,MSB00001186,Phan Quang Quân,2004-03-17,MALE,AFFLUENT,Hà Nội,VERIFIED,2022-01-03,ACTIVE
1187,MSB00001187,Hồ Thị Lan,1980-10-06,FEMALE,AFFLUENT,TP. Hồ Chí Minh,VERIFIED,2020-09-24,ACTIVE
1188,MSB00001188,Đặng Văn Đạt,1987-02-27,MALE,MASS,Bình Dương,VERIFIED,2021-05-29,ACTIVE
1189,MSB00001189,Bùi Văn An,1981-09-02,MALE,PRIVATE,Khánh Hòa,VERIFIED,2023-09-19,ACTIVE
1190,MSB00001190,Lê Quang Quân,2000-07-05,MALE,MASS_AFFLUENT,Hà Nội,VERIFIED,2021-12-28,DORMANT
1191,MSB00001191,Vũ Quang Phúc,1960-10-07,MALE,MASS,Hà Nội,VERIFIED,2022-11-07,ACTIVE
1192,MSB00001192,Huỳnh Văn An,1964-07-17,MALE,MASS_AFFLUENT,TP. Hồ Chí Minh,VERIFIED,2021-02-06,ACTIVE
1193,MSB00001193,Đỗ Hải Hằng,1958-11-05,FEMALE,MASS,TP. Hồ Chí Minh,VERIFIED,2021-12-12,DORMANT
1194,MSB00001194,Phạm Ngọc Nhung,1963-12-30,FEMALE,MASS_AFFLUENT,Hà Nội,PENDING,2020-03-02,ACTIVE
1195,MSB00001195,Đặng Phương Anh,1973-02-04,FEMALE,MASS,Hải Phòng,VERIFIED,2016-12-01,ACTIVE
1196,MSB00001196,Phan Hải Ngân,1991-10-11,FEMALE,MASS,Hà Nội,VERIFIED,2022-06-20,DORMANT
1197,MSB00001197,Hồ Thành Huy,2001-01-06,MALE,MASS_AFFLUENT,Hà Nội,VERIFIED,2025-08-26,ACTIVE
1198,MSB00001198,Đặng Quang Sơn,1975-12-18,MALE,MASS,Cần Thơ,VERIFIED,2016-10-13,ACTIVE
1199,MSB00001199,Hoàng Công Dũng,1958-11-26,MALE,MASS,Bình Dương,VERIFIED,2024-02-26,ACTIVE
1200,MSB00001200,Phan Hữu Phúc,1987-10-26,MALE,AFFLUENT,Hà Nội,VERIFIED,2015-07-02,ACTIVE
1201,MSB00001201,Lý Kim Trang,1957-06-04,FEMALE,MASS_AFFLUENT,Bình Dương,VERIFIED,2020-02-29,DORMANT
1202,MSB00001202,Vũ Xuân Dũng,1998-10-24,MALE,MASS_AFFLUENT,TP. Hồ Chí Minh,VERIFIED,2020-03-24,ACTIVE
1203,MSB00001203,Ngô Hải Vân,1992-01-26,FEMALE,MASS_AFFLUENT,TP. Hồ Chí Minh,PENDING,2021-07-23,DORMANT
1204,MSB00001204,Lê Xuân Huy,1974-08-16,MALE,MASS,Hà Nội,VERIFIED,2018-01-11,ACTIVE
1205,MSB00001205,Hoàng Quang Sơn,1981-09-26,MALE,AFFLUENT,Hà Nội,VERIFIED,2018-09-17,ACTIVE
1206,MSB00001206,Nguyễn Minh Tuấn,1967-11-20,MALE,PRIVATE,Hà Nội,VERIFIED,2015-06-22,ACTIVE
1207,MSB00001207,Phạm Công Sơn,1988-10-06,MALE,MASS,Hải Phòng,VERIFIED,2026-02-18,ACTIVE
1208,MSB00001208,Dương Thị Yến,1967-11-20,FEMALE,MASS,Đồng Nai,VERIFIED,2024-02-02,ACTIVE
1209,MSB00001209,Ngô Mai Anh,1991-04-24,FEMALE,MASS,Hà Nội,VERIFIED,2023-02-02,ACTIVE
1210,MSB00001210,Đặng Công Huy,1999-04-23,MALE,MASS,TP. Hồ Chí Minh,VERIFIED,2024-02-11,DORMANT
1211,MSB00001211,Đỗ Phương Anh,1978-05-19,FEMALE,MASS,TP. Hồ Chí Minh,PENDING,2015-04-08,DORMANT
1212,MSB00001212,Dương Kim Dung,1981-03-31,FEMALE,AFFLUENT,TP. Hồ Chí Minh,VERIFIED,2025-06-24,DORMANT
1213,MSB00001213,Ngô Xuân Phúc,1978-08-15,MALE,MASS,Bình Dương,VERIFIED,2024-11-29,ACTIVE
1214,MSB00001214,Bùi Quang Khoa,2004-11-28,MALE,AFFLUENT,Hà Nội,VERIFIED,2021-03-03,ACTIVE
1215,MSB00001215,Đỗ Xuân Huy,1985-11-26,MALE,MASS,Đà Nẵng,VERIFIED,2023-03-31,ACTIVE
1216,MSB00001216,Bùi Công Huy,2001-09-01,MALE,MASS,TP. Hồ Chí Minh,VERIFIED,2022-06-19,ACTIVE
1217,MSB00001217,Dương Thị Lan,1966-02-08,FEMALE,AFFLUENT,Bình Dương,VERIFIED,2019-04-14,ACTIVE
1218,MSB00001218,Võ Quang Việt,2001-09-01,MALE,MASS_AFFLUENT,TP. Hồ Chí Minh,VERIFIED,2019-10-16,ACTIVE
1219,MSB00001219,Võ Thị Dung,1960-06-12,FEMALE,MASS,Hà Nội,VERIFIED,2016-03-31,ACTIVE
1220,MSB00001220,Hồ Hải Nhung,2004-03-08,FEMALE,AFFLUENT,Hà Nội,PENDING,2021-01-24,ACTIVE
1221,MSB00001221,Vũ Đức Khoa,1975-11-16,MALE,AFFLUENT,Hải Phòng,VERIFIED,2015-05-24,ACTIVE
1222,MSB00001222,Đỗ Kim Dung,1989-11-12,FEMALE,MASS,Đà Nẵng,VERIFIED,2024-02-09,ACTIVE
1223,MSB00001223,Phan Bá Sơn,2000-11-18,MALE,MASS_AFFLUENT,Đà Nẵng,VERIFIED,2024-01-22,ACTIVE
1224,MSB00001224,Ngô Minh Phúc,1989-03-10,MALE,MASS,Hà Nội,VERIFIED,2021-10-06,DORMANT
1225,MSB00001225,Lý Minh Cường,2005-08-01,MALE,MASS_AFFLUENT,Hà Nội,VERIFIED,2024-12-18,DORMANT
1226,MSB00001226,Phan Quang Long,1971-10-16,MALE,MASS,Đà Nẵng,VERIFIED,2025-12-27,ACTIVE
1227,MSB00001227,Phan Bá Nam,1963-04-11,MALE,MASS_AFFLUENT,Hà Nội,VERIFIED,2021-12-30,ACTIVE
1228,MSB00001228,Hoàng Thị Linh,1990-01-02,FEMALE,MASS,Khánh Hòa,VERIFIED,2020-01-22,DORMANT
1229,MSB00001229,Hồ Thu My,1985-07-10,FEMALE,MASS_AFFLUENT,Bình Dương,VERIFIED,2023-02-01,ACTIVE
1230,MSB00001230,Bùi Diệu Uyên,1998-09-21,FEMALE,AFFLUENT,Hà Nội,VERIFIED,2023-03-02,ACTIVE
1231,MSB00001231,Hoàng Hữu Việt,1982-05-26,MALE,SME_OWNER,Đà Nẵng,VERIFIED,2025-03-11,ACTIVE
1232,MSB00001232,Hoàng Ngọc Chi,1958-08-30,FEMALE,MASS_AFFLUENT,Hà Nội,VERIFIED,2025-01-06,ACTIVE
1233,MSB00001233,Hồ Hữu Long,1979-12-10,MALE,SME_OWNER,Khánh Hòa,VERIFIED,2016-01-10,ACTIVE
1234,MSB00001234,Phan Thị Trang,1963-04-30,FEMALE,MASS,Đà Nẵng,PENDING,2025-07-23,ACTIVE
1235,MSB00001235,Đặng Kim Hà,1967-04-16,FEMALE,MASS,TP. Hồ Chí Minh,VERIFIED,2018-02-17,DORMANT
1236,MSB00001236,Nguyễn Thị Nhung,1999-09-05,FEMALE,AFFLUENT,Hải Phòng,VERIFIED,2017-12-29,DORMANT
1237,MSB00001237,Đỗ Bá Hoàng,2004-01-24,MALE,MASS,Hà Nội,VERIFIED,2023-12-16,ACTIVE
1238,MSB00001238,Phan Thị Hằng,1987-12-19,FEMALE,AFFLUENT,TP. Hồ Chí Minh,VERIFIED,2023-06-11,ACTIVE
1239,MSB00001239,Hồ Hải Nga,1959-01-17,FEMALE,SME_OWNER,Hà Nội,VERIFIED,2022-01-14,DORMANT
1240,MSB00001240,Nguyễn Thành Hoàng,1998-06-02,MALE,PRIVATE,TP. Hồ Chí Minh,VERIFIED,2018-08-23,DORMANT
1241,MSB00001241,Phạm Mai Nhung,2004-07-10,FEMALE,MASS_AFFLUENT,Hà Nội,EXPIRED,2025-11-24,ACTIVE
1242,MSB00001242,Dương Quang Bình,1959-08-27,MALE,MASS_AFFLUENT,Nghệ An,VERIFIED,2016-10-24,DORMANT
1243,MSB00001243,Bùi Văn Hùng,1997-04-02,MALE,MASS_AFFLUENT,TP. Hồ Chí Minh,VERIFIED,2022-05-08,ACTIVE
1244,MSB00001244,Ngô Diệu My,1988-12-21,FEMALE,PRIVATE,Đồng Nai,VERIFIED,2020-06-30,ACTIVE
1245,MSB00001245,Hoàng Ngọc Hằng,1967-05-10,FEMALE,MASS_AFFLUENT,Hà Nội,VERIFIED,2015-09-18,ACTIVE
1246,MSB00001246,Đặng Công Bình,2002-06-07,MALE,MASS,Đồng Nai,EXPIRED,2024-10-10,ACTIVE
1247,MSB00001247,Đặng Quang Việt,1998-04-08,MALE,SME_OWNER,Hải Phòng,VERIFIED,2015-04-11,DORMANT
1248,MSB00001248,Lý Thành Việt,1970-06-04,MALE,SME_OWNER,Hải Phòng,VERIFIED,2019-02-28,ACTIVE
1249,MSB00001249,Phạm Minh Nam,2006-03-22,MALE,MASS_AFFLUENT,Bình Dương,VERIFIED,2021-05-07,ACTIVE
1250,MSB00001250,Lý Kim Oanh,1971-02-08,FEMALE,MASS,TP. Hồ Chí Minh,VERIFIED,2025-06-28,ACTIVE
1251,MSB00001251,Võ Văn Huy,1979-05-21,MALE,MASS_AFFLUENT,Hải Phòng,VERIFIED,2025-07-16,ACTIVE
1252,MSB00001252,Bùi Thu Chi,1994-08-16,FEMALE,AFFLUENT,Đồng Nai,VERIFIED,2016-10-17,DORMANT
1253,MSB00001253,Dương Đức An,1976-07-21,MALE,AFFLUENT,Hà Nội,VERIFIED,2021-08-21,DORMANT
1254,MSB00001254,Đặng Văn Dũng,1990-03-29,MALE,MASS,Hà Nội,VERIFIED,2017-06-11,DORMANT
1255,MSB00001255,Dương Văn Vinh,1959-06-25,MALE,MASS_AFFLUENT,Quảng Ninh,VERIFIED,2016-08-10,ACTIVE
1256,MSB00001256,Đặng Đức Khoa,1985-11-09,MALE,SME_OWNER,Đồng Nai,VERIFIED,2021-08-21,ACTIVE
1257,MSB00001257,Vũ Minh Huy,1969-06-28,MALE,MASS_AFFLUENT,TP. Hồ Chí Minh,VERIFIED,2022-08-21,ACTIVE
1258,MSB00001258,Hoàng Quang Việt,1993-08-18,MALE,MASS,Bình Dương,VERIFIED,2023-03-10,ACTIVE
1259,MSB00001259,Nguyễn Xuân Trí,1965-01-13,MALE,MASS_AFFLUENT,Đồng Nai,VERIFIED,2018-11-25,DORMANT
1260,MSB00001260,Trần Đức Hoàng,1992-01-13,MALE,MASS,TP. Hồ Chí Minh,VERIFIED,2018-01-19,DORMANT
1261,MSB00001261,Hồ Thùy Yến,1980-12-25,FEMALE,MASS_AFFLUENT,Hà Nội,VERIFIED,2022-04-02,ACTIVE
1262,MSB00001262,Huỳnh Thu Lan,1966-07-01,FEMALE,MASS_AFFLUENT,TP. Hồ Chí Minh,VERIFIED,2019-09-17,ACTIVE
1263,MSB00001263,Bùi Thùy Nga,1959-12-23,FEMALE,MASS_AFFLUENT,TP. Hồ Chí Minh,VERIFIED,2020-01-12,ACTIVE
1264,MSB00001264,Trần Hữu Vinh,1968-10-17,MALE,AFFLUENT,Hà Nội,VERIFIED,2024-08-19,ACTIVE
1265,MSB00001265,Phan Bá Vinh,1973-01-19,MALE,MASS_AFFLUENT,Nghệ An,VERIFIED,2020-03-12,ACTIVE
1266,MSB00001266,Lý Hữu Huy,1972-04-07,MALE,AFFLUENT,Cần Thơ,VERIFIED,2017-06-21,ACTIVE
1267,MSB00001267,Dương Ngọc Dung,1986-03-05,FEMALE,MASS,Bình Dương,VERIFIED,2015-02-08,ACTIVE
1268,MSB00001268,Lê Kim Anh,1971-11-05,FEMALE,AFFLUENT,Đà Nẵng,PENDING,2022-06-07,ACTIVE
1269,MSB00001269,Trần Minh Sơn,1978-07-06,MALE,MASS,TP. Hồ Chí Minh,VERIFIED,2023-07-18,ACTIVE
1270,MSB00001270,Ngô Xuân Hùng,1979-12-07,MALE,MASS,Đà Nẵng,VERIFIED,2015-11-26,ACTIVE
1271,MSB00001271,Huỳnh Hữu Hùng,1991-05-22,MALE,MASS_AFFLUENT,Hải Phòng,VERIFIED,2015-08-08,ACTIVE
1272,MSB00001272,Vũ Xuân Huy,1988-10-11,MALE,MASS_AFFLUENT,Đà Nẵng,VERIFIED,2016-08-26,ACTIVE
1273,MSB00001273,Dương Kim Nhung,2000-07-07,FEMALE,AFFLUENT,Hà Nội,PENDING,2022-06-01,ACTIVE
1274,MSB00001274,Đỗ Đức Phúc,1970-02-20,MALE,MASS,Bình Dương,VERIFIED,2023-02-10,DORMANT
1275,MSB00001275,Võ Công Phúc,2005-04-03,MALE,AFFLUENT,TP. Hồ Chí Minh,VERIFIED,2019-01-15,ACTIVE
1276,MSB00001276,Vũ Văn Vinh,2001-03-03,MALE,AFFLUENT,TP. Hồ Chí Minh,VERIFIED,2023-05-08,DORMANT
1277,MSB00001277,Dương Thành Huy,1992-04-10,MALE,MASS,Đà Nẵng,VERIFIED,2017-05-09,ACTIVE
1278,MSB00001278,Phan Văn Hùng,1999-08-15,MALE,PRIVATE,Quảng Ninh,VERIFIED,2021-09-07,ACTIVE
1279,MSB00001279,Ngô Hữu Quân,1968-10-18,MALE,AFFLUENT,TP. Hồ Chí Minh,VERIFIED,2022-07-06,ACTIVE
1280,MSB00001280,Nguyễn Đức Cường,2000-02-15,MALE,MASS,Hà Nội,VERIFIED,2016-12-10,ACTIVE
1281,MSB00001281,Trần Hữu Quân,1984-01-21,MALE,AFFLUENT,Quảng Ninh,VERIFIED,2022-03-09,DORMANT
1282,MSB00001282,Đỗ Thu Uyên,1970-02-18,FEMALE,MASS_AFFLUENT,Nghệ An,VERIFIED,2024-10-20,ACTIVE
1283,MSB00001283,Phan Thành Quân,1977-02-15,MALE,MASS_AFFLUENT,Hà Nội,VERIFIED,2017-01-20,ACTIVE
1284,MSB00001284,Đỗ Xuân Trí,1977-01-18,MALE,MASS,Bình Dương,VERIFIED,2022-08-22,ACTIVE
1285,MSB00001285,Đặng Diệu Oanh,1989-03-27,FEMALE,AFFLUENT,Khánh Hòa,PENDING,2018-09-07,ACTIVE
1286,MSB00001286,Hoàng Xuân Cường,1984-07-11,MALE,MASS_AFFLUENT,Hà Nội,VERIFIED,2018-08-22,ACTIVE
1287,MSB00001287,Vũ Thùy Uyên,1968-08-17,FEMALE,AFFLUENT,Cần Thơ,VERIFIED,2025-05-11,ACTIVE
1288,MSB00001288,Dương Mai Chi,1983-02-12,FEMALE,MASS,Hà Nội,VERIFIED,2025-12-08,ACTIVE
1289,MSB00001289,Hoàng Công Cường,1972-06-21,MALE,MASS_AFFLUENT,Bình Dương,VERIFIED,2016-10-04,ACTIVE
1290,MSB00001290,Võ Văn Tuấn,1965-03-15,MALE,PRIVATE,Hà Nội,PENDING,2025-09-03,ACTIVE
1291,MSB00001291,Đặng Phương Yến,1994-01-19,FEMALE,AFFLUENT,Hải Phòng,VERIFIED,2022-06-16,ACTIVE
1292,MSB00001292,Hồ Đức Sơn,2000-01-23,MALE,AFFLUENT,Bình Dương,VERIFIED,2017-06-09,DORMANT
1293,MSB00001293,Hồ Bá Tuấn,1983-06-28,MALE,SME_OWNER,Hà Nội,VERIFIED,2024-04-02,ACTIVE
1294,MSB00001294,Trần Ngọc Vân,1986-12-30,FEMALE,MASS,Cần Thơ,VERIFIED,2020-03-26,DORMANT
1295,MSB00001295,Trần Quang Quân,1998-09-19,MALE,MASS_AFFLUENT,Hà Nội,VERIFIED,2024-12-23,ACTIVE
1296,MSB00001296,Phạm Ngọc Thảo,1968-04-18,FEMALE,AFFLUENT,Hà Nội,VERIFIED,2019-10-28,DORMANT
1297,MSB00001297,Đặng Diệu My,1975-07-16,FEMALE,MASS_AFFLUENT,Khánh Hòa,VERIFIED,2018-01-02,ACTIVE
1298,MSB00001298,Ngô Phương Yến,1974-02-25,FEMALE,MASS_AFFLUENT,Khánh Hòa,VERIFIED,2023-06-04,ACTIVE
1299,MSB00001299,Huỳnh Ngọc Anh,1971-01-15,FEMALE,MASS,Cần Thơ,VERIFIED,2023-01-15,ACTIVE
1300,MSB00001300,Phạm Thùy Hà,1985-04-05,FEMALE,MASS,Đồng Nai,VERIFIED,2020-02-15,ACTIVE
1301,MSB00001301,Hoàng Bá Long,1981-01-21,MALE,MASS,Hà Nội,VERIFIED,2017-02-05,ACTIVE
1302,MSB00001302,Ngô Mai Thảo,1994-11-22,FEMALE,MASS_AFFLUENT,TP. Hồ Chí Minh,VERIFIED,2019-12-21,ACTIVE
1303,MSB00001303,Võ Mai Linh,1970-01-29,FEMALE,MASS,Đồng Nai,VERIFIED,2018-02-22,ACTIVE
1304,MSB00001304,Bùi Mai Dung,1958-11-11,FEMALE,MASS,Đồng Nai,VERIFIED,2021-07-02,ACTIVE
1305,MSB00001305,Nguyễn Thùy Oanh,1963-07-06,FEMALE,AFFLUENT,TP. Hồ Chí Minh,PENDING,2024-10-28,DORMANT
1306,MSB00001306,Vũ Thu Trang,1986-05-13,FEMALE,MASS,TP. Hồ Chí Minh,VERIFIED,2015-01-29,ACTIVE
1307,MSB00001307,Nguyễn Hữu Phúc,2004-02-07,MALE,MASS_AFFLUENT,Hải Phòng,VERIFIED,2017-01-14,ACTIVE
1308,MSB00001308,Dương Hải Oanh,1963-05-26,FEMALE,MASS_AFFLUENT,Hà Nội,VERIFIED,2025-10-02,DORMANT
1309,MSB00001309,Đỗ Đức Phúc,1977-08-30,MALE,AFFLUENT,Bình Dương,VERIFIED,2023-02-09,ACTIVE
1310,MSB00001310,Dương Thành Sơn,1967-12-24,MALE,AFFLUENT,TP. Hồ Chí Minh,VERIFIED,2021-06-27,DORMANT
1311,MSB00001311,Trần Thành Long,1991-03-31,MALE,MASS_AFFLUENT,TP. Hồ Chí Minh,VERIFIED,2025-05-17,ACTIVE
1312,MSB00001312,Phan Hải Linh,1962-11-19,FEMALE,AFFLUENT,Hà Nội,VERIFIED,2016-04-29,ACTIVE
1313,MSB00001313,Đặng Thị Hà,1964-09-03,FEMALE,SME_OWNER,Cần Thơ,VERIFIED,2024-04-24,DORMANT
1314,MSB00001314,Võ Xuân Vinh,2006-08-24,MALE,AFFLUENT,Nghệ An,VERIFIED,2023-12-03,ACTIVE
1315,MSB00001315,Phan Xuân Hùng,1978-02-05,MALE,PRIVATE,Đà Nẵng,VERIFIED,2022-08-19,ACTIVE
1316,MSB00001316,Dương Công Bình,1983-03-25,MALE,MASS,Nghệ An,VERIFIED,2015-06-03,ACTIVE
1317,MSB00001317,Nguyễn Xuân Tuấn,1973-11-25,MALE,MASS_AFFLUENT,TP. Hồ Chí Minh,VERIFIED,2023-09-10,ACTIVE
1318,MSB00001318,Lê Xuân An,1994-05-07,MALE,PRIVATE,TP. Hồ Chí Minh,VERIFIED,2021-05-13,ACTIVE
1319,MSB00001319,Huỳnh Hải Anh,2002-05-01,FEMALE,MASS,Bình Dương,VERIFIED,2018-05-15,ACTIVE
1320,MSB00001320,Dương Thành Trí,1992-11-21,MALE,MASS_AFFLUENT,Hà Nội,VERIFIED,2024-07-01,ACTIVE
1321,MSB00001321,Ngô Bá Hùng,1979-10-07,MALE,MASS,TP. Hồ Chí Minh,VERIFIED,2025-04-15,DORMANT
1322,MSB00001322,Phạm Đức Cường,1993-07-06,MALE,MASS,Hải Phòng,VERIFIED,2025-03-29,DORMANT
1323,MSB00001323,Bùi Văn Nam,1983-01-16,MALE,MASS_AFFLUENT,Hà Nội,VERIFIED,2024-03-08,ACTIVE
1324,MSB00001324,Đặng Kim My,1986-11-17,FEMALE,MASS,Đồng Nai,EXPIRED,2022-07-06,DORMANT
1325,MSB00001325,Phạm Văn Trí,1972-06-28,MALE,AFFLUENT,TP. Hồ Chí Minh,VERIFIED,2015-05-10,DORMANT
1326,MSB00001326,Vũ Quang Sơn,1985-12-29,MALE,MASS,TP. Hồ Chí Minh,VERIFIED,2015-08-07,ACTIVE
1327,MSB00001327,Huỳnh Hải Lan,1998-09-05,FEMALE,MASS,TP. Hồ Chí Minh,VERIFIED,2019-09-09,ACTIVE
1328,MSB00001328,Phan Bá Khoa,1974-10-25,MALE,MASS_AFFLUENT,TP. Hồ Chí Minh,PENDING,2015-05-17,DORMANT
1329,MSB00001329,Đỗ Phương Anh,1996-06-18,FEMALE,MASS,Hải Phòng,VERIFIED,2025-12-27,ACTIVE
1330,MSB00001330,Bùi Mai Hằng,1990-09-01,FEMALE,MASS,Hà Nội,VERIFIED,2019-10-04,ACTIVE
1331,MSB00001331,Dương Thị Hà,1971-04-20,FEMALE,MASS,Đồng Nai,VERIFIED,2021-02-22,DORMANT
1332,MSB00001332,Lý Mai Trang,1993-03-07,FEMALE,SME_OWNER,Hà Nội,VERIFIED,2024-12-12,ACTIVE
1333,MSB00001333,Đặng Hữu Phúc,2003-05-14,MALE,MASS_AFFLUENT,TP. Hồ Chí Minh,VERIFIED,2019-11-16,ACTIVE
1334,MSB00001334,Đặng Văn Sơn,1987-12-16,MALE,MASS_AFFLUENT,Đà Nẵng,VERIFIED,2020-12-31,ACTIVE
1335,MSB00001335,Trần Hữu Dũng,1987-07-14,MALE,AFFLUENT,TP. Hồ Chí Minh,VERIFIED,2017-06-03,DORMANT
1336,MSB00001336,Phạm Văn Trí,1971-12-12,MALE,MASS,TP. Hồ Chí Minh,VERIFIED,2021-06-15,ACTIVE
1337,MSB00001337,Hồ Minh Long,1971-08-08,MALE,MASS,Đà Nẵng,VERIFIED,2021-04-27,DORMANT
1338,MSB00001338,Phạm Xuân Hoàng,2005-10-23,MALE,MASS,TP. Hồ Chí Minh,VERIFIED,2023-08-19,ACTIVE
1339,MSB00001339,Hồ Minh An,1969-05-01,MALE,MASS,TP. Hồ Chí Minh,VERIFIED,2020-10-25,ACTIVE
1340,MSB00001340,Bùi Minh Khoa,1969-02-19,MALE,AFFLUENT,Khánh Hòa,VERIFIED,2025-06-10,ACTIVE
1341,MSB00001341,Huỳnh Thị Vân,1998-06-05,FEMALE,MASS_AFFLUENT,Hà Nội,VERIFIED,2019-09-21,DORMANT
1342,MSB00001342,Lê Bá Trí,1990-07-19,MALE,SME_OWNER,Đà Nẵng,VERIFIED,2021-11-16,ACTIVE
1343,MSB00001343,Nguyễn Quang Bình,1968-08-19,MALE,PRIVATE,TP. Hồ Chí Minh,VERIFIED,2023-02-19,ACTIVE
1344,MSB00001344,Ngô Minh An,1977-09-04,MALE,MASS_AFFLUENT,Đồng Nai,VERIFIED,2021-12-27,ACTIVE
1345,MSB00001345,Hồ Hải Yến,1990-07-09,FEMALE,MASS,Hà Nội,VERIFIED,2015-12-04,ACTIVE
1346,MSB00001346,Vũ Xuân Tuấn,1968-08-07,MALE,MASS_AFFLUENT,Hà Nội,VERIFIED,2018-02-12,ACTIVE
1347,MSB00001347,Võ Ngọc Hoa,1975-02-22,FEMALE,MASS,TP. Hồ Chí Minh,VERIFIED,2016-05-20,ACTIVE
1348,MSB00001348,Đặng Thành An,1980-09-10,MALE,AFFLUENT,Hải Phòng,VERIFIED,2021-09-23,DORMANT
1349,MSB00001349,Phan Văn Nam,2006-07-28,MALE,AFFLUENT,Hà Nội,PENDING,2021-09-26,ACTIVE
1350,MSB00001350,Hồ Hải Dung,1974-05-26,FEMALE,PRIVATE,Bình Dương,VERIFIED,2026-03-05,ACTIVE
1351,MSB00001351,Đỗ Văn An,1998-02-06,MALE,AFFLUENT,TP. Hồ Chí Minh,VERIFIED,2018-05-15,DORMANT
1352,MSB00001352,Dương Văn Hùng,1961-03-01,MALE,SME_OWNER,Khánh Hòa,VERIFIED,2026-02-03,ACTIVE
1353,MSB00001353,Lê Quang Quân,1997-07-05,MALE,MASS_AFFLUENT,Khánh Hòa,VERIFIED,2014-12-26,ACTIVE
1354,MSB00001354,Ngô Xuân Vinh,2004-09-15,MALE,MASS,Bình Dương,VERIFIED,2018-04-23,ACTIVE
1355,MSB00001355,Vũ Văn Huy,1988-04-19,MALE,MASS,Cần Thơ,EXPIRED,2020-11-23,DORMANT
1356,MSB00001356,Võ Hữu Quân,1988-12-24,MALE,AFFLUENT,Đà Nẵng,VERIFIED,2018-08-15,ACTIVE
1357,MSB00001357,Phan Công Phúc,1989-03-13,MALE,MASS,Bình Dương,VERIFIED,2014-09-26,ACTIVE
1358,MSB00001358,Hồ Thùy Thảo,1960-01-27,FEMALE,SME_OWNER,Hà Nội,VERIFIED,2024-06-15,DORMANT
1359,MSB00001359,Nguyễn Hữu Việt,1992-10-01,MALE,MASS,Bình Dương,VERIFIED,2017-08-17,DORMANT
1360,MSB00001360,Lê Thành Vinh,1965-05-01,MALE,MASS,Đà Nẵng,VERIFIED,2016-03-22,ACTIVE
1361,MSB00001361,Phan Kim Thảo,1997-11-03,FEMALE,MASS,Bình Dương,VERIFIED,2019-06-27,DORMANT
1362,MSB00001362,Hồ Quang Cường,1976-05-13,MALE,AFFLUENT,TP. Hồ Chí Minh,VERIFIED,2018-08-07,ACTIVE
1363,MSB00001363,Đặng Thị Hằng,2000-05-04,FEMALE,MASS_AFFLUENT,Hải Phòng,VERIFIED,2020-06-04,ACTIVE
1364,MSB00001364,Đỗ Công Trí,1995-08-17,MALE,AFFLUENT,TP. Hồ Chí Minh,VERIFIED,2024-07-12,DORMANT
1365,MSB00001365,Lý Thị Vân,1999-04-24,FEMALE,PRIVATE,TP. Hồ Chí Minh,VERIFIED,2014-11-19,ACTIVE
1366,MSB00001366,Ngô Thị Lan,1990-01-25,FEMALE,MASS,TP. Hồ Chí Minh,VERIFIED,2022-12-21,ACTIVE
1367,MSB00001367,Lý Văn Bình,1984-01-07,MALE,MASS,Cần Thơ,VERIFIED,2021-10-30,ACTIVE
1368,MSB00001368,Võ Diệu Hoa,1964-03-24,FEMALE,AFFLUENT,Hà Nội,VERIFIED,2014-12-21,ACTIVE
1369,MSB00001369,Hồ Hải Dung,1969-04-19,FEMALE,MASS_AFFLUENT,Khánh Hòa,VERIFIED,2025-08-31,ACTIVE
1370,MSB00001370,Hoàng Phương My,1972-06-07,FEMALE,AFFLUENT,Bình Dương,VERIFIED,2021-07-28,ACTIVE
1371,MSB00001371,Phạm Hữu Sơn,1981-10-01,MALE,MASS_AFFLUENT,Đồng Nai,VERIFIED,2019-11-04,ACTIVE
1372,MSB00001372,Ngô Công Huy,1992-04-09,MALE,MASS,Khánh Hòa,VERIFIED,2023-07-26,ACTIVE
1373,MSB00001373,Bùi Công Việt,1992-05-08,MALE,MASS,TP. Hồ Chí Minh,VERIFIED,2018-07-06,DORMANT
1374,MSB00001374,Vũ Hải Thảo,1999-09-19,FEMALE,AFFLUENT,Đồng Nai,VERIFIED,2020-03-19,DORMANT
1375,MSB00001375,Hồ Hữu Bình,1973-01-07,MALE,MASS,TP. Hồ Chí Minh,VERIFIED,2023-04-09,DORMANT
1376,MSB00001376,Hồ Bá Sơn,1966-10-23,MALE,AFFLUENT,Hà Nội,VERIFIED,2023-12-06,ACTIVE
1377,MSB00001377,Phạm Mai My,1979-04-09,FEMALE,MASS,Hà Nội,PENDING,2022-12-25,ACTIVE
1378,MSB00001378,Hoàng Công Khoa,1978-03-23,MALE,PRIVATE,Hà Nội,VERIFIED,2017-02-03,ACTIVE
1379,MSB00001379,Hoàng Thu Oanh,1987-12-05,FEMALE,MASS,Hà Nội,VERIFIED,2020-04-01,ACTIVE
1380,MSB00001380,Nguyễn Công Dũng,1957-09-04,MALE,AFFLUENT,TP. Hồ Chí Minh,VERIFIED,2017-01-23,DORMANT
1381,MSB00001381,Bùi Diệu Uyên,1961-11-13,FEMALE,AFFLUENT,Quảng Ninh,VERIFIED,2017-12-12,DORMANT
1382,MSB00001382,Phạm Minh An,1986-03-12,MALE,MASS_AFFLUENT,TP. Hồ Chí Minh,VERIFIED,2016-12-26,ACTIVE
1383,MSB00001383,Phan Đức Quân,1969-01-21,MALE,MASS_AFFLUENT,Khánh Hòa,VERIFIED,2016-05-09,DORMANT
1384,MSB00001384,Phan Hải Nga,1989-04-22,FEMALE,AFFLUENT,Bình Dương,VERIFIED,2019-02-16,ACTIVE
1385,MSB00001385,Lý Văn Trí,2000-03-14,MALE,MASS,Đồng Nai,VERIFIED,2022-02-15,ACTIVE
1386,MSB00001386,Hồ Thành Hoàng,1992-04-08,MALE,MASS_AFFLUENT,Bình Dương,VERIFIED,2018-03-26,ACTIVE
1387,MSB00001387,Nguyễn Hữu An,1965-07-22,MALE,MASS,Quảng Ninh,VERIFIED,2015-04-24,DORMANT
1388,MSB00001388,Hồ Ngọc Lan,1981-10-12,FEMALE,MASS,Hà Nội,VERIFIED,2022-07-30,DORMANT
1389,MSB00001389,Đặng Công Tuấn,1963-07-10,MALE,SME_OWNER,TP. Hồ Chí Minh,VERIFIED,2020-08-21,ACTIVE
1390,MSB00001390,Dương Đức Huy,1990-05-22,MALE,AFFLUENT,TP. Hồ Chí Minh,VERIFIED,2016-01-28,ACTIVE
1391,MSB00001391,Võ Công Huy,1984-05-27,MALE,MASS,TP. Hồ Chí Minh,VERIFIED,2019-05-12,ACTIVE
1392,MSB00001392,Vũ Hữu Khoa,2003-06-08,MALE,MASS_AFFLUENT,TP. Hồ Chí Minh,VERIFIED,2024-08-23,ACTIVE
1393,MSB00001393,Ngô Kim Ngân,1967-02-28,FEMALE,AFFLUENT,TP. Hồ Chí Minh,VERIFIED,2022-03-28,ACTIVE
1394,MSB00001394,Bùi Hữu Bình,1990-09-12,MALE,AFFLUENT,Quảng Ninh,VERIFIED,2023-05-11,ACTIVE
1395,MSB00001395,Vũ Diệu Dung,2002-04-30,FEMALE,MASS_AFFLUENT,TP. Hồ Chí Minh,VERIFIED,2020-10-04,ACTIVE
1396,MSB00001396,Đỗ Diệu Chi,1995-12-03,FEMALE,MASS_AFFLUENT,Khánh Hòa,VERIFIED,2014-10-01,ACTIVE
1397,MSB00001397,Lê Mai Chi,1972-12-03,FEMALE,AFFLUENT,Hà Nội,VERIFIED,2016-07-15,ACTIVE
1398,MSB00001398,Đỗ Mai Hoa,1965-11-22,FEMALE,MASS,Hải Phòng,VERIFIED,2015-02-15,DORMANT
1399,MSB00001399,Hoàng Minh Quân,1959-01-13,MALE,MASS_AFFLUENT,TP. Hồ Chí Minh,VERIFIED,2017-09-05,DORMANT
1400,MSB00001400,Ngô Phương Thảo,1994-12-01,FEMALE,MASS,Nghệ An,VERIFIED,2020-05-28,DORMANT
1401,MSB00001401,Phạm Thu Hằng,1976-11-23,FEMALE,MASS_AFFLUENT,Hải Phòng,VERIFIED,2018-08-18,ACTIVE
1402,MSB00001402,Bùi Thị Vân,1983-12-22,FEMALE,AFFLUENT,Hà Nội,VERIFIED,2020-07-03,ACTIVE
1403,MSB00001403,Hồ Xuân Trí,1971-02-06,MALE,MASS,Khánh Hòa,VERIFIED,2025-11-06,ACTIVE
1404,MSB00001404,Trần Thành Quân,1973-07-25,MALE,AFFLUENT,TP. Hồ Chí Minh,VERIFIED,2024-12-18,DORMANT
1405,MSB00001405,Đỗ Mai Ngân,2003-02-24,FEMALE,MASS,Khánh Hòa,VERIFIED,2019-11-09,DORMANT
1406,MSB00001406,Nguyễn Bá Nam,1998-11-26,MALE,MASS_AFFLUENT,Hà Nội,VERIFIED,2018-08-19,ACTIVE
1407,MSB00001407,Vũ Phương Yến,1977-04-25,FEMALE,SME_OWNER,Hà Nội,VERIFIED,2023-05-15,DORMANT
1408,MSB00001408,Võ Hữu Vinh,1980-05-29,MALE,AFFLUENT,TP. Hồ Chí Minh,VERIFIED,2025-12-18,ACTIVE
1409,MSB00001409,Bùi Văn Quân,1962-01-23,MALE,MASS_AFFLUENT,Hải Phòng,VERIFIED,2025-07-06,DORMANT
1410,MSB00001410,Hồ Bá Khoa,1964-07-10,MALE,MASS,Bình Dương,VERIFIED,2022-08-29,ACTIVE
1411,MSB00001411,Võ Bá Sơn,2003-12-09,MALE,MASS,Hải Phòng,VERIFIED,2016-04-13,ACTIVE
1412,MSB00001412,Phan Hữu An,1976-09-03,MALE,AFFLUENT,Hà Nội,VERIFIED,2021-06-12,ACTIVE
1413,MSB00001413,Đỗ Diệu Ngân,1986-03-04,FEMALE,MASS,TP. Hồ Chí Minh,VERIFIED,2014-12-22,DORMANT
1414,MSB00001414,Hồ Hải Lan,1982-08-17,FEMALE,SME_OWNER,TP. Hồ Chí Minh,VERIFIED,2015-11-25,ACTIVE
1415,MSB00001415,Võ Thu Hằng,2003-05-21,FEMALE,PRIVATE,TP. Hồ Chí Minh,VERIFIED,2016-04-25,ACTIVE
1416,MSB00001416,Đặng Phương Thảo,1965-08-16,FEMALE,MASS,TP. Hồ Chí Minh,VERIFIED,2015-01-12,ACTIVE
1417,MSB00001417,Phạm Thu Dung,1998-03-13,FEMALE,MASS,TP. Hồ Chí Minh,EXPIRED,2023-07-03,ACTIVE
1418,MSB00001418,Lý Bá Khoa,1959-05-07,MALE,MASS,Đà Nẵng,VERIFIED,2014-12-19,ACTIVE
1419,MSB00001419,Lý Hải My,1959-11-19,FEMALE,PRIVATE,Hải Phòng,VERIFIED,2015-07-21,ACTIVE
1420,MSB00001420,Phan Phương Chi,1964-10-23,FEMALE,MASS_AFFLUENT,Hà Nội,VERIFIED,2017-01-03,DORMANT
1421,MSB00001421,Lê Diệu Hà,2001-03-22,FEMALE,MASS,Khánh Hòa,VERIFIED,2024-01-30,ACTIVE
1422,MSB00001422,Lê Bá Trí,1985-09-05,MALE,MASS_AFFLUENT,Bình Dương,VERIFIED,2022-12-11,ACTIVE
1423,MSB00001423,Ngô Thị Vân,2005-03-16,FEMALE,AFFLUENT,Bình Dương,VERIFIED,2018-09-20,ACTIVE
1424,MSB00001424,Hoàng Văn Huy,1976-07-15,MALE,AFFLUENT,Bình Dương,VERIFIED,2025-10-18,ACTIVE
1425,MSB00001425,Hoàng Quang Bình,1962-10-01,MALE,MASS_AFFLUENT,TP. Hồ Chí Minh,VERIFIED,2016-09-28,ACTIVE
1426,MSB00001426,Phạm Mai Ngân,1980-04-05,FEMALE,MASS_AFFLUENT,Nghệ An,VERIFIED,2021-05-12,ACTIVE
1427,MSB00001427,Lý Thùy Yến,2004-10-08,FEMALE,AFFLUENT,TP. Hồ Chí Minh,PENDING,2026-01-27,DORMANT
1428,MSB00001428,Ngô Xuân An,1990-12-03,MALE,AFFLUENT,TP. Hồ Chí Minh,VERIFIED,2022-11-10,ACTIVE
1429,MSB00001429,Trần Minh Cường,1997-09-19,MALE,MASS_AFFLUENT,Bình Dương,VERIFIED,2021-09-19,ACTIVE
1430,MSB00001430,Trần Mai Oanh,1985-01-04,FEMALE,MASS_AFFLUENT,Đồng Nai,VERIFIED,2018-09-07,ACTIVE
1431,MSB00001431,Ngô Xuân Cường,1988-01-24,MALE,MASS,TP. Hồ Chí Minh,VERIFIED,2019-04-21,DORMANT
1432,MSB00001432,Ngô Văn Long,1965-06-03,MALE,MASS,Đồng Nai,VERIFIED,2021-12-31,ACTIVE
1433,MSB00001433,Hoàng Thu Oanh,1995-05-19,FEMALE,AFFLUENT,Hải Phòng,PENDING,2019-02-07,ACTIVE
1434,MSB00001434,Trần Mai Vân,1991-04-30,FEMALE,SME_OWNER,TP. Hồ Chí Minh,VERIFIED,2015-12-09,ACTIVE
1435,MSB00001435,Bùi Văn Sơn,1995-05-07,MALE,MASS_AFFLUENT,Khánh Hòa,VERIFIED,2022-03-30,ACTIVE
1436,MSB00001436,Bùi Ngọc Lan,1962-01-23,FEMALE,MASS,TP. Hồ Chí Minh,VERIFIED,2021-12-18,ACTIVE
1437,MSB00001437,Vũ Xuân An,1991-10-15,MALE,MASS_AFFLUENT,Đồng Nai,VERIFIED,2025-02-21,DORMANT
1438,MSB00001438,Võ Đức Quân,1957-08-15,MALE,MASS,Bình Dương,VERIFIED,2021-12-01,ACTIVE
1439,MSB00001439,Nguyễn Diệu My,1973-01-14,FEMALE,PRIVATE,Hà Nội,VERIFIED,2023-01-06,ACTIVE
1440,MSB00001440,Lý Thùy Ngân,1990-11-25,FEMALE,MASS_AFFLUENT,Đồng Nai,PENDING,2017-06-22,ACTIVE
1441,MSB00001441,Bùi Bá An,1977-03-19,MALE,MASS,Hà Nội,VERIFIED,2025-01-03,ACTIVE
1442,MSB00001442,Bùi Hữu Nam,2000-05-19,MALE,MASS_AFFLUENT,Bình Dương,PENDING,2019-06-12,DORMANT
1443,MSB00001443,Nguyễn Văn Vinh,1961-03-23,MALE,SME_OWNER,Cần Thơ,VERIFIED,2017-04-27,ACTIVE
1444,MSB00001444,Đỗ Xuân Việt,1958-10-30,MALE,MASS_AFFLUENT,Cần Thơ,VERIFIED,2023-05-08,ACTIVE
1445,MSB00001445,Đặng Hữu Vinh,1991-09-29,MALE,MASS,Khánh Hòa,VERIFIED,2025-07-15,ACTIVE
1446,MSB00001446,Phạm Văn Vinh,1997-12-21,MALE,MASS,Đà Nẵng,VERIFIED,2018-06-08,ACTIVE
1447,MSB00001447,Đặng Thùy Nga,1985-03-03,FEMALE,MASS_AFFLUENT,TP. Hồ Chí Minh,VERIFIED,2019-06-19,ACTIVE
1448,MSB00001448,Đỗ Minh Việt,1968-01-05,MALE,MASS_AFFLUENT,Đà Nẵng,VERIFIED,2019-10-05,ACTIVE
1449,MSB00001449,Võ Ngọc Hằng,1974-12-24,FEMALE,MASS_AFFLUENT,Hải Phòng,VERIFIED,2016-01-25,ACTIVE
1450,MSB00001450,Hoàng Mai Lan,2004-11-20,FEMALE,MASS_AFFLUENT,TP. Hồ Chí Minh,VERIFIED,2025-02-10,ACTIVE
1451,MSB00001451,Đỗ Ngọc Nga,2006-07-06,FEMALE,MASS,TP. Hồ Chí Minh,VERIFIED,2024-01-08,DORMANT
1452,MSB00001452,Đặng Kim Trang,1995-08-01,FEMALE,MASS,TP. Hồ Chí Minh,VERIFIED,2020-11-16,ACTIVE
1453,MSB00001453,Dương Bá Huy,1969-04-23,MALE,MASS_AFFLUENT,Đồng Nai,VERIFIED,2019-10-09,DORMANT
1454,MSB00001454,Nguyễn Thành Vinh,1993-05-25,MALE,MASS,Hải Phòng,EXPIRED,2015-08-12,ACTIVE
1455,MSB00001455,Phan Thu Anh,1962-01-15,FEMALE,AFFLUENT,Đồng Nai,VERIFIED,2019-02-10,ACTIVE
1456,MSB00001456,Ngô Bá Bình,1992-02-19,MALE,PRIVATE,TP. Hồ Chí Minh,PENDING,2023-11-09,ACTIVE
1457,MSB00001457,Đặng Minh Dũng,1961-09-26,MALE,MASS,Nghệ An,PENDING,2016-05-23,ACTIVE
1458,MSB00001458,Võ Bá Khoa,1960-11-17,MALE,AFFLUENT,Bình Dương,VERIFIED,2021-06-28,DORMANT
1459,MSB00001459,Đỗ Diệu My,1970-07-05,FEMALE,MASS_AFFLUENT,TP. Hồ Chí Minh,VERIFIED,2016-03-14,ACTIVE
1460,MSB00001460,Trần Đức Cường,1997-10-22,MALE,AFFLUENT,TP. Hồ Chí Minh,VERIFIED,2023-02-09,ACTIVE
1461,MSB00001461,Huỳnh Quang Dũng,2002-11-20,MALE,MASS,Quảng Ninh,VERIFIED,2017-02-04,DORMANT
1462,MSB00001462,Võ Xuân Hùng,1998-04-10,MALE,AFFLUENT,Nghệ An,VERIFIED,2020-01-24,ACTIVE
1463,MSB00001463,Dương Thu Nhung,1975-08-07,FEMALE,MASS_AFFLUENT,TP. Hồ Chí Minh,VERIFIED,2019-11-05,ACTIVE
1464,MSB00001464,Lê Đức Đạt,1971-11-12,MALE,MASS_AFFLUENT,Bình Dương,VERIFIED,2014-12-15,ACTIVE
1465,MSB00001465,Đặng Phương Nga,1957-06-18,FEMALE,MASS,Khánh Hòa,VERIFIED,2024-07-12,ACTIVE
1466,MSB00001466,Phạm Diệu Linh,1959-06-09,FEMALE,AFFLUENT,TP. Hồ Chí Minh,VERIFIED,2022-09-18,DORMANT
1467,MSB00001467,Nguyễn Xuân An,1991-03-10,MALE,MASS_AFFLUENT,TP. Hồ Chí Minh,VERIFIED,2024-03-11,ACTIVE
1468,MSB00001468,Dương Đức Bình,1987-07-29,MALE,MASS_AFFLUENT,Cần Thơ,PENDING,2016-08-12,DORMANT
1469,MSB00001469,Phạm Phương Nga,1968-04-04,FEMALE,AFFLUENT,Hà Nội,VERIFIED,2016-05-28,ACTIVE
1470,MSB00001470,Lê Thu Hà,1968-05-29,FEMALE,SME_OWNER,Bình Dương,VERIFIED,2016-07-19,ACTIVE
1471,MSB00001471,Bùi Bá Hùng,1991-08-09,MALE,MASS,Hà Nội,VERIFIED,2023-07-20,ACTIVE
1472,MSB00001472,Dương Công Bình,2004-10-02,MALE,MASS_AFFLUENT,TP. Hồ Chí Minh,PENDING,2023-04-20,ACTIVE
1473,MSB00001473,Huỳnh Bá Hoàng,2002-05-24,MALE,MASS_AFFLUENT,TP. Hồ Chí Minh,VERIFIED,2021-08-20,ACTIVE
1474,MSB00001474,Đỗ Công Vinh,1965-02-10,MALE,MASS_AFFLUENT,Cần Thơ,VERIFIED,2017-04-25,DORMANT
1475,MSB00001475,Đỗ Bá Sơn,1988-11-02,MALE,MASS,Hà Nội,VERIFIED,2017-07-25,ACTIVE
1476,MSB00001476,Võ Xuân Trí,1970-03-05,MALE,MASS,TP. Hồ Chí Minh,VERIFIED,2014-10-20,ACTIVE
1477,MSB00001477,Võ Hữu Nam,1966-05-13,MALE,AFFLUENT,TP. Hồ Chí Minh,VERIFIED,2017-03-06,DORMANT
1478,MSB00001478,Võ Hải Hoa,1961-11-29,FEMALE,MASS,Hà Nội,VERIFIED,2015-03-14,ACTIVE
1479,MSB00001479,Nguyễn Mai Thảo,1981-12-18,FEMALE,MASS,Đồng Nai,VERIFIED,2023-03-22,ACTIVE
1480,MSB00001480,Trần Thu Linh,1975-08-25,FEMALE,MASS,Hà Nội,VERIFIED,2019-04-06,ACTIVE
1481,MSB00001481,Hồ Hải Lan,1996-11-02,FEMALE,AFFLUENT,Hà Nội,VERIFIED,2020-02-10,DORMANT
1482,MSB00001482,Hoàng Ngọc Hằng,1959-07-16,FEMALE,AFFLUENT,Hà Nội,VERIFIED,2024-07-22,DORMANT
1483,MSB00001483,Phan Đức Bình,1961-12-01,MALE,PRIVATE,TP. Hồ Chí Minh,EXPIRED,2015-04-13,ACTIVE
1484,MSB00001484,Đỗ Mai Hoa,1987-07-23,FEMALE,MASS_AFFLUENT,TP. Hồ Chí Minh,VERIFIED,2024-12-07,ACTIVE
1485,MSB00001485,Phan Công An,1988-08-04,MALE,SME_OWNER,Đà Nẵng,PENDING,2016-05-10,DORMANT
1486,MSB00001486,Võ Minh Huy,1970-07-14,MALE,MASS_AFFLUENT,Cần Thơ,VERIFIED,2023-03-20,ACTIVE
1487,MSB00001487,Huỳnh Mai Linh,1985-11-30,FEMALE,MASS,Hà Nội,VERIFIED,2023-09-29,DORMANT
1488,MSB00001488,Lê Ngọc Vân,1970-03-15,FEMALE,MASS_AFFLUENT,Hà Nội,VERIFIED,2019-04-25,ACTIVE
1489,MSB00001489,Hoàng Bá Tuấn,2002-01-20,MALE,MASS,TP. Hồ Chí Minh,VERIFIED,2020-11-15,ACTIVE
1490,MSB00001490,Đỗ Hải Nga,1993-05-17,FEMALE,SME_OWNER,Đồng Nai,PENDING,2021-10-27,ACTIVE
1491,MSB00001491,Đặng Văn Việt,1967-07-16,MALE,AFFLUENT,Hà Nội,VERIFIED,2015-10-17,ACTIVE
1492,MSB00001492,Đỗ Văn Quân,1959-11-15,MALE,MASS_AFFLUENT,Cần Thơ,VERIFIED,2018-03-05,ACTIVE
1493,MSB00001493,Võ Đức Bình,2004-10-28,MALE,MASS_AFFLUENT,Nghệ An,PENDING,2019-03-24,ACTIVE
1494,MSB00001494,Nguyễn Hữu Hùng,1967-10-26,MALE,MASS,Hà Nội,VERIFIED,2017-02-20,ACTIVE
1495,MSB00001495,Phạm Phương Linh,2003-08-05,FEMALE,MASS,TP. Hồ Chí Minh,VERIFIED,2016-12-16,ACTIVE
1496,MSB00001496,Trần Văn Tuấn,1962-09-25,MALE,MASS,Bình Dương,VERIFIED,2024-03-22,DORMANT
1497,MSB00001497,Dương Bá Vinh,1994-02-11,MALE,MASS,Khánh Hòa,VERIFIED,2021-03-06,ACTIVE
1498,MSB00001498,Huỳnh Hải Chi,1988-06-17,FEMALE,MASS_AFFLUENT,TP. Hồ Chí Minh,VERIFIED,2015-10-08,ACTIVE
1499,MSB00001499,Lê Thùy Hà,1971-06-17,FEMALE,MASS_AFFLUENT,Hải Phòng,VERIFIED,2016-10-29,DORMANT
1500,MSB00001500,Huỳnh Văn Hoàng,1964-02-26,MALE,MASS,Cần Thơ,VERIFIED,2025-08-14,DORMANT
1501,MSB00001501,Đỗ Quang Dũng,1986-01-19,MALE,AFFLUENT,TP. Hồ Chí Minh,VERIFIED,2023-06-15,ACTIVE
1502,MSB00001502,Ngô Văn Trí,1991-08-11,MALE,MASS,Hải Phòng,VERIFIED,2023-03-28,DORMANT
1503,MSB00001503,Đỗ Hữu Dũng,1958-02-27,MALE,AFFLUENT,Đà Nẵng,VERIFIED,2020-05-04,ACTIVE
1504,MSB00001504,Đỗ Mai My,1958-06-01,FEMALE,MASS,Khánh Hòa,VERIFIED,2016-10-27,ACTIVE
1505,MSB00001505,Nguyễn Kim My,1979-09-27,FEMALE,AFFLUENT,TP. Hồ Chí Minh,VERIFIED,2020-09-10,ACTIVE
1506,MSB00001506,Huỳnh Xuân Long,2005-01-15,MALE,MASS,TP. Hồ Chí Minh,VERIFIED,2024-03-08,ACTIVE
1507,MSB00001507,Phạm Thành Tuấn,1958-04-14,MALE,AFFLUENT,Hải Phòng,VERIFIED,2019-10-29,ACTIVE
1508,MSB00001508,Đặng Minh Khoa,1976-03-26,MALE,MASS_AFFLUENT,Hà Nội,VERIFIED,2023-10-05,ACTIVE
1509,MSB00001509,Hoàng Thùy Hà,1978-10-27,FEMALE,MASS_AFFLUENT,TP. Hồ Chí Minh,VERIFIED,2018-06-02,DORMANT
1510,MSB00001510,Đặng Công Vinh,2000-12-18,MALE,MASS,Hà Nội,VERIFIED,2014-12-12,ACTIVE
1511,MSB00001511,Hồ Quang Bình,1957-04-08,MALE,PRIVATE,Đà Nẵng,VERIFIED,2018-12-14,ACTIVE
1512,MSB00001512,Nguyễn Thu Hoa,1970-10-26,FEMALE,MASS,TP. Hồ Chí Minh,VERIFIED,2015-09-08,ACTIVE
1513,MSB00001513,Trần Mai Lan,1996-01-14,FEMALE,MASS,Bình Dương,VERIFIED,2019-12-23,ACTIVE
1514,MSB00001514,Đỗ Hữu An,1988-08-06,MALE,MASS_AFFLUENT,Bình Dương,VERIFIED,2016-11-05,ACTIVE
1515,MSB00001515,Lê Minh Phúc,1989-01-09,MALE,MASS,TP. Hồ Chí Minh,VERIFIED,2015-05-13,ACTIVE
1516,MSB00001516,Phan Xuân Tuấn,1962-09-20,MALE,MASS,Hải Phòng,VERIFIED,2024-04-19,ACTIVE
1517,MSB00001517,Đỗ Thùy My,1982-10-17,FEMALE,PRIVATE,TP. Hồ Chí Minh,VERIFIED,2018-07-25,ACTIVE
1518,MSB00001518,Đặng Quang Trí,1963-08-13,MALE,MASS_AFFLUENT,TP. Hồ Chí Minh,VERIFIED,2023-05-09,ACTIVE
1519,MSB00001519,Vũ Công Huy,1971-10-11,MALE,MASS,Hà Nội,VERIFIED,2025-05-04,ACTIVE
1520,MSB00001520,Huỳnh Phương Anh,1987-09-04,FEMALE,MASS,Hà Nội,VERIFIED,2023-08-02,ACTIVE
1521,MSB00001521,Lê Văn Nam,1986-06-29,MALE,SME_OWNER,Bình Dương,VERIFIED,2024-08-30,ACTIVE
1522,MSB00001522,Dương Văn Trí,1966-01-07,MALE,MASS,Quảng Ninh,VERIFIED,2024-02-14,ACTIVE
1523,MSB00001523,Ngô Thị Anh,1981-11-25,FEMALE,MASS,TP. Hồ Chí Minh,PENDING,2026-04-01,DORMANT
1524,MSB00001524,Dương Quang Dũng,1972-08-12,MALE,MASS,Hà Nội,VERIFIED,2015-01-03,ACTIVE
1525,MSB00001525,Lý Phương Nhung,1999-10-30,FEMALE,MASS,Hà Nội,VERIFIED,2021-03-11,ACTIVE
1526,MSB00001526,Bùi Thùy Lan,1985-04-06,FEMALE,SME_OWNER,Hà Nội,VERIFIED,2024-05-22,ACTIVE
1527,MSB00001527,Lê Minh Trí,1978-05-10,MALE,MASS_AFFLUENT,Đồng Nai,VERIFIED,2022-04-28,DORMANT
1528,MSB00001528,Bùi Hải Hà,1989-05-25,FEMALE,MASS,TP. Hồ Chí Minh,VERIFIED,2017-08-14,ACTIVE
1529,MSB00001529,Võ Diệu Chi,1964-02-25,FEMALE,MASS_AFFLUENT,Đồng Nai,VERIFIED,2018-12-15,DORMANT
1530,MSB00001530,Phạm Hải Anh,1995-11-10,FEMALE,MASS,TP. Hồ Chí Minh,PENDING,2025-09-24,DORMANT
1531,MSB00001531,Phạm Diệu Anh,1963-11-02,FEMALE,MASS,Đà Nẵng,VERIFIED,2024-08-08,ACTIVE
1532,MSB00001532,Phan Đức Nam,2003-06-07,MALE,MASS_AFFLUENT,Hải Phòng,VERIFIED,2019-12-26,ACTIVE
1533,MSB00001533,Hoàng Đức Vinh,1984-10-30,MALE,AFFLUENT,Hà Nội,VERIFIED,2015-01-06,ACTIVE
1534,MSB00001534,Nguyễn Thùy Hằng,1980-10-30,FEMALE,MASS,Hải Phòng,VERIFIED,2025-07-02,DORMANT
1535,MSB00001535,Ngô Công An,1994-08-05,MALE,AFFLUENT,Bình Dương,VERIFIED,2016-04-08,ACTIVE
1536,MSB00001536,Võ Quang Phúc,1979-05-06,MALE,MASS,Hà Nội,VERIFIED,2025-08-09,ACTIVE
1537,MSB00001537,Trần Bá Đạt,1961-08-22,MALE,MASS,Hà Nội,PENDING,2020-07-19,ACTIVE
1538,MSB00001538,Dương Xuân Khoa,1983-09-01,MALE,MASS,TP. Hồ Chí Minh,VERIFIED,2023-08-23,ACTIVE
1539,MSB00001539,Phan Diệu My,1980-03-08,FEMALE,MASS_AFFLUENT,Quảng Ninh,VERIFIED,2021-05-22,ACTIVE
1540,MSB00001540,Ngô Phương Yến,1959-05-22,FEMALE,AFFLUENT,Quảng Ninh,VERIFIED,2015-07-13,ACTIVE
1541,MSB00001541,Nguyễn Hải Uyên,1959-10-06,FEMALE,PRIVATE,Hà Nội,VERIFIED,2023-10-23,ACTIVE
1542,MSB00001542,Phạm Thành Dũng,2005-12-20,MALE,MASS,Bình Dương,VERIFIED,2018-11-16,ACTIVE
1543,MSB00001543,Dương Xuân An,1969-09-18,MALE,MASS,Bình Dương,VERIFIED,2022-06-10,ACTIVE
1544,MSB00001544,Võ Ngọc Yến,1963-11-09,FEMALE,MASS_AFFLUENT,Đồng Nai,PENDING,2018-09-24,DORMANT
1545,MSB00001545,Huỳnh Thành Cường,1958-09-14,MALE,MASS,Hà Nội,VERIFIED,2025-09-08,ACTIVE
1546,MSB00001546,Phạm Diệu Lan,1966-06-09,FEMALE,MASS,Quảng Ninh,VERIFIED,2022-11-08,ACTIVE
1547,MSB00001547,Hồ Diệu Thảo,2002-06-14,FEMALE,MASS,Bình Dương,VERIFIED,2015-02-27,ACTIVE
1548,MSB00001548,Nguyễn Đức Việt,1969-07-31,MALE,MASS,Đà Nẵng,VERIFIED,2017-11-20,ACTIVE
1549,MSB00001549,Dương Xuân Việt,1964-04-24,MALE,AFFLUENT,Hà Nội,VERIFIED,2015-05-27,DORMANT
1550,MSB00001550,Trần Hải Hằng,1980-02-08,FEMALE,MASS,TP. Hồ Chí Minh,VERIFIED,2018-05-18,DORMANT
1551,MSB00001551,Hồ Minh Dũng,2005-02-02,MALE,MASS_AFFLUENT,TP. Hồ Chí Minh,VERIFIED,2024-03-01,ACTIVE
1552,MSB00001552,Ngô Diệu Nga,1996-12-23,FEMALE,MASS_AFFLUENT,Đồng Nai,VERIFIED,2020-12-10,DORMANT
1553,MSB00001553,Ngô Thị Hằng,1992-12-03,FEMALE,SME_OWNER,Bình Dương,PENDING,2016-02-01,ACTIVE
1554,MSB00001554,Lê Đức Long,1962-11-03,MALE,MASS_AFFLUENT,Nghệ An,PENDING,2018-05-14,ACTIVE
1555,MSB00001555,Phan Thu Nga,2000-02-20,FEMALE,MASS,TP. Hồ Chí Minh,VERIFIED,2020-04-04,DORMANT
1556,MSB00001556,Phạm Công Đạt,1969-05-20,MALE,MASS,Khánh Hòa,VERIFIED,2016-03-19,ACTIVE
1557,MSB00001557,Võ Văn Khoa,1998-03-20,MALE,PRIVATE,Đồng Nai,VERIFIED,2025-01-01,ACTIVE
1558,MSB00001558,Ngô Thùy Yến,1964-10-13,FEMALE,MASS,Hà Nội,VERIFIED,2015-02-15,ACTIVE
1559,MSB00001559,Hoàng Phương My,2005-11-03,FEMALE,AFFLUENT,Hà Nội,VERIFIED,2024-11-09,DORMANT
1560,MSB00001560,Bùi Mai Dung,1994-09-28,FEMALE,MASS,Bình Dương,VERIFIED,2014-09-14,ACTIVE
1561,MSB00001561,Huỳnh Phương Hằng,2001-02-11,FEMALE,MASS_AFFLUENT,Hải Phòng,VERIFIED,2016-12-10,ACTIVE
1562,MSB00001562,Phan Mai Hằng,1978-11-17,FEMALE,MASS,Hà Nội,VERIFIED,2020-08-18,DORMANT
1563,MSB00001563,Phạm Quang Bình,1967-03-31,MALE,MASS,Bình Dương,VERIFIED,2020-10-08,ACTIVE
1564,MSB00001564,Nguyễn Bá Hùng,1986-08-25,MALE,SME_OWNER,TP. Hồ Chí Minh,VERIFIED,2025-12-11,ACTIVE
1565,MSB00001565,Trần Quang Phúc,1979-11-30,MALE,MASS,Đà Nẵng,VERIFIED,2022-08-19,ACTIVE
1566,MSB00001566,Vũ Công Cường,1975-07-28,MALE,MASS_AFFLUENT,Khánh Hòa,EXPIRED,2023-08-27,DORMANT
1567,MSB00001567,Ngô Văn Phúc,1984-01-09,MALE,PRIVATE,Hà Nội,VERIFIED,2018-01-31,ACTIVE
1568,MSB00001568,Hoàng Phương Nga,1968-08-28,FEMALE,PRIVATE,Hà Nội,VERIFIED,2024-01-12,ACTIVE
1569,MSB00001569,Phan Minh Hùng,1992-08-18,MALE,MASS_AFFLUENT,Hải Phòng,VERIFIED,2016-12-04,ACTIVE
1570,MSB00001570,Lê Diệu Nhung,1997-12-03,FEMALE,PRIVATE,Cần Thơ,PENDING,2022-10-27,DORMANT
1571,MSB00001571,Bùi Diệu Yến,1996-10-15,FEMALE,AFFLUENT,TP. Hồ Chí Minh,VERIFIED,2016-05-29,ACTIVE
1572,MSB00001572,Đặng Mai Nga,1998-01-11,FEMALE,MASS_AFFLUENT,TP. Hồ Chí Minh,VERIFIED,2022-02-14,ACTIVE
1573,MSB00001573,Phạm Quang Huy,2004-12-19,MALE,MASS_AFFLUENT,TP. Hồ Chí Minh,VERIFIED,2017-07-20,DORMANT
1574,MSB00001574,Dương Kim Thảo,2003-10-04,FEMALE,MASS_AFFLUENT,Bình Dương,VERIFIED,2018-07-12,ACTIVE
1575,MSB00001575,Phạm Thị Linh,2003-11-18,FEMALE,AFFLUENT,Hải Phòng,VERIFIED,2014-10-14,ACTIVE
1576,MSB00001576,Phạm Xuân Cường,1999-08-14,MALE,MASS_AFFLUENT,TP. Hồ Chí Minh,VERIFIED,2020-03-12,ACTIVE
1577,MSB00001577,Võ Thành Bình,1974-11-19,MALE,MASS,TP. Hồ Chí Minh,VERIFIED,2022-03-19,ACTIVE
1578,MSB00001578,Nguyễn Minh Huy,1993-11-24,MALE,AFFLUENT,TP. Hồ Chí Minh,VERIFIED,2018-10-01,ACTIVE
1579,MSB00001579,Nguyễn Thị Yến,1977-06-05,FEMALE,SME_OWNER,Hà Nội,PENDING,2025-12-24,ACTIVE
1580,MSB00001580,Đặng Hải Hằng,2003-01-02,FEMALE,SME_OWNER,Hà Nội,VERIFIED,2014-12-28,DORMANT
1581,MSB00001581,Hoàng Minh Dũng,1965-10-24,MALE,AFFLUENT,Bình Dương,VERIFIED,2018-06-02,ACTIVE
1582,MSB00001582,Vũ Diệu Trang,1988-10-22,FEMALE,AFFLUENT,Bình Dương,VERIFIED,2025-10-02,ACTIVE
1583,MSB00001583,Ngô Minh Hoàng,1983-10-15,MALE,AFFLUENT,TP. Hồ Chí Minh,VERIFIED,2024-04-25,ACTIVE
1584,MSB00001584,Phan Quang Vinh,1972-11-17,MALE,MASS,Đồng Nai,VERIFIED,2026-02-27,ACTIVE
1585,MSB00001585,Ngô Diệu Chi,1957-07-14,FEMALE,MASS_AFFLUENT,Đà Nẵng,VERIFIED,2018-07-19,ACTIVE
1586,MSB00001586,Hồ Hải Trang,1967-03-05,FEMALE,MASS,Cần Thơ,VERIFIED,2018-07-25,ACTIVE
1587,MSB00001587,Nguyễn Kim Thảo,1986-06-03,FEMALE,MASS_AFFLUENT,Đồng Nai,EXPIRED,2024-06-05,ACTIVE
1588,MSB00001588,Dương Đức Phúc,1989-08-02,MALE,SME_OWNER,TP. Hồ Chí Minh,VERIFIED,2019-12-15,ACTIVE
1589,MSB00001589,Ngô Xuân Khoa,1990-05-23,MALE,SME_OWNER,Hải Phòng,VERIFIED,2020-08-13,ACTIVE
1590,MSB00001590,Hồ Bá Cường,2001-09-30,MALE,MASS_AFFLUENT,TP. Hồ Chí Minh,VERIFIED,2020-09-11,ACTIVE
1591,MSB00001591,Nguyễn Văn Cường,1990-01-21,MALE,MASS,Khánh Hòa,VERIFIED,2019-02-13,ACTIVE
1592,MSB00001592,Đỗ Công Việt,1968-11-22,MALE,PRIVATE,TP. Hồ Chí Minh,VERIFIED,2016-05-16,DORMANT
1593,MSB00001593,Trần Phương Trang,1993-02-25,FEMALE,MASS,Đà Nẵng,VERIFIED,2015-08-30,ACTIVE
1594,MSB00001594,Lý Thu Nga,1987-04-20,FEMALE,MASS,Hà Nội,VERIFIED,2024-06-22,ACTIVE
1595,MSB00001595,Vũ Công Tuấn,2003-03-05,MALE,SME_OWNER,TP. Hồ Chí Minh,VERIFIED,2015-04-26,ACTIVE
1596,MSB00001596,Đặng Bá An,1993-09-02,MALE,MASS,TP. Hồ Chí Minh,VERIFIED,2019-08-21,ACTIVE
1597,MSB00001597,Phạm Quang Sơn,2003-05-16,MALE,MASS,Cần Thơ,VERIFIED,2024-03-19,DORMANT
1598,MSB00001598,Dương Thành An,1983-05-07,MALE,MASS,TP. Hồ Chí Minh,VERIFIED,2015-06-16,DORMANT
1599,MSB00001599,Vũ Mai Vân,1991-10-23,FEMALE,MASS,TP. Hồ Chí Minh,VERIFIED,2022-01-05,DORMANT
1600,MSB00001600,Hồ Minh Bình,1958-04-14,MALE,MASS,Hà Nội,PENDING,2021-02-15,ACTIVE
1601,MSB00001601,Phạm Mai Lan,1976-10-02,FEMALE,MASS,TP. Hồ Chí Minh,VERIFIED,2015-01-17,ACTIVE
1602,MSB00001602,Hồ Văn Phúc,1987-09-07,MALE,MASS,TP. Hồ Chí Minh,VERIFIED,2019-07-25,ACTIVE
1603,MSB00001603,Lý Đức An,1980-08-03,MALE,MASS,Đà Nẵng,VERIFIED,2024-08-28,ACTIVE
1604,MSB00001604,Hoàng Thị Nhung,1958-12-28,FEMALE,MASS,TP. Hồ Chí Minh,VERIFIED,2025-07-05,ACTIVE
1605,MSB00001605,Phạm Đức Sơn,1997-07-24,MALE,MASS_AFFLUENT,Quảng Ninh,VERIFIED,2016-10-03,DORMANT
1606,MSB00001606,Huỳnh Quang Huy,1993-10-11,MALE,MASS,Đà Nẵng,VERIFIED,2022-04-03,ACTIVE
1607,MSB00001607,Dương Hải Thảo,1979-07-17,FEMALE,PRIVATE,Hà Nội,VERIFIED,2025-03-01,ACTIVE
1608,MSB00001608,Đỗ Văn Trí,2000-10-07,MALE,MASS,Bình Dương,VERIFIED,2025-11-04,ACTIVE
1609,MSB00001609,Đặng Văn Tuấn,1980-11-20,MALE,MASS_AFFLUENT,Hà Nội,VERIFIED,2015-04-20,DORMANT
1610,MSB00001610,Phạm Minh Tuấn,1999-02-14,MALE,MASS_AFFLUENT,Bình Dương,VERIFIED,2019-08-26,DORMANT
1611,MSB00001611,Nguyễn Công An,1963-06-14,MALE,MASS_AFFLUENT,TP. Hồ Chí Minh,VERIFIED,2020-03-19,ACTIVE
1612,MSB00001612,Trần Thùy Uyên,1968-05-22,FEMALE,MASS,Hà Nội,VERIFIED,2019-06-10,ACTIVE
1613,MSB00001613,Phan Văn Vinh,2004-03-23,MALE,MASS_AFFLUENT,Quảng Ninh,VERIFIED,2021-06-11,ACTIVE
1614,MSB00001614,Võ Thùy Ngân,1979-10-23,FEMALE,MASS_AFFLUENT,TP. Hồ Chí Minh,VERIFIED,2015-03-28,ACTIVE
1615,MSB00001615,Phạm Phương Thảo,1995-10-05,FEMALE,SME_OWNER,Đồng Nai,VERIFIED,2019-04-22,ACTIVE
1616,MSB00001616,Huỳnh Thành An,1977-02-25,MALE,MASS,TP. Hồ Chí Minh,VERIFIED,2018-11-18,ACTIVE
1617,MSB00001617,Phan Xuân Bình,1979-06-05,MALE,AFFLUENT,TP. Hồ Chí Minh,VERIFIED,2015-11-27,ACTIVE
1618,MSB00001618,Dương Văn Phúc,1958-02-03,MALE,PRIVATE,TP. Hồ Chí Minh,VERIFIED,2026-04-17,ACTIVE
1619,MSB00001619,Lê Văn Long,1997-10-28,MALE,MASS,TP. Hồ Chí Minh,VERIFIED,2022-08-09,ACTIVE
1620,MSB00001620,Đặng Thành Khoa,1981-02-11,MALE,AFFLUENT,Bình Dương,VERIFIED,2016-08-10,ACTIVE
1621,MSB00001621,Vũ Thùy Trang,1957-10-06,FEMALE,SME_OWNER,Hà Nội,VERIFIED,2025-03-15,DORMANT
1622,MSB00001622,Lê Bá Dũng,2001-08-24,MALE,MASS,TP. Hồ Chí Minh,VERIFIED,2022-06-25,ACTIVE
1623,MSB00001623,Bùi Đức Trí,1994-02-25,MALE,MASS,TP. Hồ Chí Minh,VERIFIED,2024-06-02,DORMANT
1624,MSB00001624,Hoàng Diệu Vân,1971-08-12,FEMALE,AFFLUENT,Đà Nẵng,VERIFIED,2017-12-30,DORMANT
1625,MSB00001625,Vũ Kim Lan,2001-01-16,FEMALE,MASS_AFFLUENT,Hà Nội,VERIFIED,2016-06-26,DORMANT
1626,MSB00001626,Phan Minh Cường,1996-01-16,MALE,AFFLUENT,TP. Hồ Chí Minh,VERIFIED,2023-04-01,DORMANT
1627,MSB00001627,Huỳnh Bá Trí,1959-05-07,MALE,AFFLUENT,TP. Hồ Chí Minh,EXPIRED,2018-04-23,ACTIVE
1628,MSB00001628,Nguyễn Hải Hằng,1976-11-11,FEMALE,MASS_AFFLUENT,Cần Thơ,VERIFIED,2017-06-17,ACTIVE
1629,MSB00001629,Bùi Quang Đạt,2003-09-15,MALE,MASS,Nghệ An,VERIFIED,2015-10-07,DORMANT
1630,MSB00001630,Đỗ Mai Uyên,1964-03-14,FEMALE,AFFLUENT,TP. Hồ Chí Minh,VERIFIED,2015-07-05,ACTIVE
1631,MSB00001631,Bùi Ngọc Lan,1980-03-22,FEMALE,MASS_AFFLUENT,TP. Hồ Chí Minh,VERIFIED,2021-01-05,DORMANT
1632,MSB00001632,Huỳnh Công Khoa,1983-06-20,MALE,MASS,TP. Hồ Chí Minh,VERIFIED,2025-05-27,ACTIVE
1633,MSB00001633,Hoàng Quang Hùng,1957-08-17,MALE,AFFLUENT,Đà Nẵng,VERIFIED,2017-08-23,ACTIVE
1634,MSB00001634,Huỳnh Thành Khoa,1991-04-02,MALE,MASS,TP. Hồ Chí Minh,VERIFIED,2019-12-24,DORMANT
1635,MSB00001635,Trần Văn Vinh,1988-03-19,MALE,AFFLUENT,Hà Nội,VERIFIED,2020-12-20,ACTIVE
1636,MSB00001636,Lý Thành Bình,1977-11-20,MALE,MASS_AFFLUENT,Đà Nẵng,VERIFIED,2020-01-09,ACTIVE
1637,MSB00001637,Đặng Thu Hoa,1993-10-17,FEMALE,MASS_AFFLUENT,Hà Nội,VERIFIED,2018-10-25,ACTIVE
1638,MSB00001638,Dương Mai Trang,2000-07-19,FEMALE,AFFLUENT,Hà Nội,PENDING,2022-12-26,ACTIVE
1639,MSB00001639,Võ Phương Yến,2000-07-03,FEMALE,MASS_AFFLUENT,Đồng Nai,VERIFIED,2022-07-01,ACTIVE
1640,MSB00001640,Bùi Phương Chi,1991-02-05,FEMALE,MASS,Đồng Nai,VERIFIED,2022-05-05,DORMANT
1641,MSB00001641,Lý Mai Lan,2003-04-13,FEMALE,MASS,Đà Nẵng,VERIFIED,2020-07-29,ACTIVE
1642,MSB00001642,Hoàng Xuân Trí,1980-12-14,MALE,MASS_AFFLUENT,Hà Nội,VERIFIED,2018-06-10,DORMANT
1643,MSB00001643,Phan Đức Hoàng,1957-05-02,MALE,MASS,TP. Hồ Chí Minh,VERIFIED,2025-11-01,ACTIVE
1644,MSB00001644,Bùi Diệu Nga,1994-03-29,FEMALE,MASS,TP. Hồ Chí Minh,VERIFIED,2022-11-30,ACTIVE
1645,MSB00001645,Võ Thùy Ngân,2004-03-18,FEMALE,MASS_AFFLUENT,Cần Thơ,VERIFIED,2017-11-01,ACTIVE
1646,MSB00001646,Huỳnh Hữu Hoàng,2005-01-20,MALE,MASS,Bình Dương,VERIFIED,2025-12-20,ACTIVE
1647,MSB00001647,Huỳnh Thùy Thảo,1998-08-02,FEMALE,MASS,TP. Hồ Chí Minh,VERIFIED,2017-01-18,ACTIVE
1648,MSB00001648,Lý Minh Khoa,1976-10-09,MALE,MASS,TP. Hồ Chí Minh,VERIFIED,2017-05-10,ACTIVE
1649,MSB00001649,Lê Quang Sơn,1983-04-27,MALE,SME_OWNER,Hà Nội,VERIFIED,2022-08-09,DORMANT
1650,MSB00001650,Đặng Hải My,1986-06-11,FEMALE,MASS,Cần Thơ,VERIFIED,2019-01-13,ACTIVE
1651,MSB00001651,Bùi Quang Hoàng,1969-01-06,MALE,MASS_AFFLUENT,TP. Hồ Chí Minh,VERIFIED,2020-08-10,ACTIVE
1652,MSB00001652,Đỗ Thị Nhung,1987-07-10,FEMALE,SME_OWNER,Hải Phòng,VERIFIED,2023-05-29,ACTIVE
1653,MSB00001653,Lý Phương Nga,1976-01-25,FEMALE,MASS_AFFLUENT,Hải Phòng,VERIFIED,2024-08-01,ACTIVE
1654,MSB00001654,Đặng Phương Linh,1957-08-05,FEMALE,PRIVATE,Hà Nội,VERIFIED,2015-02-10,ACTIVE
1655,MSB00001655,Lý Văn Hoàng,1998-05-23,MALE,MASS_AFFLUENT,Đồng Nai,VERIFIED,2016-04-20,DORMANT
1656,MSB00001656,Lê Thùy Ngân,2000-12-05,FEMALE,MASS_AFFLUENT,Bình Dương,VERIFIED,2015-11-06,ACTIVE
1657,MSB00001657,Bùi Xuân Khoa,1996-04-14,MALE,MASS_AFFLUENT,Đà Nẵng,VERIFIED,2024-09-07,DORMANT
1658,MSB00001658,Nguyễn Thu Nga,1998-10-04,FEMALE,SME_OWNER,Hà Nội,VERIFIED,2015-01-29,ACTIVE
1659,MSB00001659,Huỳnh Đức Huy,1965-04-20,MALE,AFFLUENT,Hà Nội,VERIFIED,2019-01-10,ACTIVE
1660,MSB00001660,Võ Hải Trang,1962-12-20,FEMALE,AFFLUENT,Hà Nội,VERIFIED,2020-05-08,ACTIVE
1661,MSB00001661,Phan Hải Thảo,1979-08-18,FEMALE,MASS,TP. Hồ Chí Minh,VERIFIED,2022-05-04,ACTIVE
1662,MSB00001662,Đỗ Đức Hoàng,1999-09-06,MALE,PRIVATE,TP. Hồ Chí Minh,VERIFIED,2023-08-02,ACTIVE
1663,MSB00001663,Phạm Văn Nam,1964-01-16,MALE,MASS,Bình Dương,VERIFIED,2022-07-14,ACTIVE
1664,MSB00001664,Võ Minh Hùng,1960-12-12,MALE,SME_OWNER,TP. Hồ Chí Minh,VERIFIED,2024-04-19,ACTIVE
1665,MSB00001665,Hoàng Diệu Hoa,1986-05-01,FEMALE,MASS,TP. Hồ Chí Minh,VERIFIED,2017-02-10,ACTIVE
1666,MSB00001666,Hồ Thu Chi,1973-05-14,FEMALE,AFFLUENT,Khánh Hòa,VERIFIED,2015-04-07,DORMANT
1667,MSB00001667,Trần Thu Vân,1976-03-21,FEMALE,AFFLUENT,Đà Nẵng,VERIFIED,2015-01-18,ACTIVE
1668,MSB00001668,Vũ Hải Thảo,1980-05-26,FEMALE,MASS,TP. Hồ Chí Minh,VERIFIED,2015-12-09,ACTIVE
1669,MSB00001669,Nguyễn Văn Huy,1989-08-20,MALE,AFFLUENT,Quảng Ninh,VERIFIED,2024-10-13,ACTIVE
1670,MSB00001670,Đặng Phương Lan,1992-12-27,FEMALE,AFFLUENT,TP. Hồ Chí Minh,VERIFIED,2017-09-07,DORMANT
1671,MSB00001671,Ngô Quang Hùng,1992-12-09,MALE,MASS,Đà Nẵng,VERIFIED,2016-04-27,DORMANT
1672,MSB00001672,Bùi Thị Hằng,1988-12-24,FEMALE,MASS,TP. Hồ Chí Minh,VERIFIED,2020-05-16,ACTIVE
1673,MSB00001673,Phạm Bá Vinh,1969-02-06,MALE,MASS,Hải Phòng,VERIFIED,2019-10-26,DORMANT
1674,MSB00001674,Trần Diệu Uyên,1965-02-17,FEMALE,AFFLUENT,Bình Dương,VERIFIED,2021-11-04,DORMANT
1675,MSB00001675,Phan Hữu Nam,2000-09-02,MALE,MASS_AFFLUENT,Đà Nẵng,VERIFIED,2016-09-25,ACTIVE
1676,MSB00001676,Đặng Quang Long,2004-02-17,MALE,MASS,TP. Hồ Chí Minh,VERIFIED,2018-02-14,ACTIVE
1677,MSB00001677,Trần Quang Việt,1982-12-14,MALE,MASS,Nghệ An,VERIFIED,2018-12-28,ACTIVE
1678,MSB00001678,Hoàng Phương Ngân,1968-03-28,FEMALE,MASS,TP. Hồ Chí Minh,VERIFIED,2026-03-20,DORMANT
1679,MSB00001679,Võ Văn Khoa,1978-08-15,MALE,MASS,Bình Dương,VERIFIED,2015-02-15,DORMANT
1680,MSB00001680,Huỳnh Bá Hoàng,1965-04-22,MALE,MASS_AFFLUENT,Hà Nội,VERIFIED,2020-03-18,ACTIVE
1681,MSB00001681,Ngô Minh Khoa,1970-12-08,MALE,MASS_AFFLUENT,TP. Hồ Chí Minh,EXPIRED,2015-03-06,ACTIVE
1682,MSB00001682,Vũ Bá Tuấn,1971-01-09,MALE,PRIVATE,Khánh Hòa,VERIFIED,2018-05-30,ACTIVE
1683,MSB00001683,Đặng Ngọc Oanh,1979-12-18,FEMALE,MASS,Hải Phòng,VERIFIED,2020-04-02,DORMANT
1684,MSB00001684,Ngô Hải Linh,2003-11-29,FEMALE,SME_OWNER,Hà Nội,VERIFIED,2017-07-14,ACTIVE
1685,MSB00001685,Ngô Diệu Uyên,1998-06-09,FEMALE,AFFLUENT,Hải Phòng,VERIFIED,2023-06-14,ACTIVE
1686,MSB00001686,Dương Thu Linh,1968-11-04,FEMALE,MASS,Hà Nội,VERIFIED,2021-01-24,ACTIVE
1687,MSB00001687,Phạm Công Vinh,1990-12-11,MALE,SME_OWNER,TP. Hồ Chí Minh,EXPIRED,2026-01-12,ACTIVE
1688,MSB00001688,Bùi Văn Vinh,1970-05-07,MALE,PRIVATE,Hà Nội,VERIFIED,2017-08-20,ACTIVE
1689,MSB00001689,Phạm Thùy Nga,1990-02-25,FEMALE,MASS_AFFLUENT,TP. Hồ Chí Minh,VERIFIED,2022-07-19,ACTIVE
1690,MSB00001690,Phạm Diệu Dung,2005-10-18,FEMALE,AFFLUENT,Hà Nội,VERIFIED,2025-03-17,DORMANT
1691,MSB00001691,Lê Thành Khoa,1973-06-27,MALE,MASS_AFFLUENT,Đà Nẵng,VERIFIED,2017-01-14,ACTIVE
1692,MSB00001692,Đỗ Hải Hà,1962-05-09,FEMALE,MASS,Cần Thơ,PENDING,2023-08-10,ACTIVE
1693,MSB00001693,Đặng Minh Bình,1984-06-18,MALE,SME_OWNER,TP. Hồ Chí Minh,VERIFIED,2023-09-19,ACTIVE
1694,MSB00001694,Hồ Bá Trí,2000-05-08,MALE,MASS_AFFLUENT,Đà Nẵng,VERIFIED,2024-08-21,DORMANT
1695,MSB00001695,Trần Hữu Hoàng,1986-06-14,MALE,MASS,TP. Hồ Chí Minh,PENDING,2019-04-16,ACTIVE
1696,MSB00001696,Hoàng Phương Lan,1957-11-06,FEMALE,MASS,Quảng Ninh,VERIFIED,2022-05-13,ACTIVE
1697,MSB00001697,Phạm Phương Hà,1990-09-01,FEMALE,MASS,Bình Dương,VERIFIED,2019-09-03,ACTIVE
1698,MSB00001698,Lê Kim Hà,2002-09-09,FEMALE,MASS,Nghệ An,VERIFIED,2022-04-24,DORMANT
1699,MSB00001699,Phạm Mai Nga,1968-04-19,FEMALE,AFFLUENT,Bình Dương,VERIFIED,2017-07-17,DORMANT
1700,MSB00001700,Võ Thùy Dung,1994-09-22,FEMALE,MASS,Hải Phòng,VERIFIED,2021-12-19,ACTIVE
1701,MSB00001701,Phan Công Phúc,2005-07-29,MALE,MASS,Hà Nội,VERIFIED,2017-01-29,ACTIVE
1702,MSB00001702,Lê Diệu Lan,1972-07-18,FEMALE,MASS_AFFLUENT,Đồng Nai,VERIFIED,2020-11-22,ACTIVE
1703,MSB00001703,Ngô Công Phúc,1990-05-01,MALE,MASS,Bình Dương,VERIFIED,2026-02-25,ACTIVE
1704,MSB00001704,Trần Thành Bình,2000-05-14,MALE,MASS,TP. Hồ Chí Minh,VERIFIED,2021-03-28,ACTIVE
1705,MSB00001705,Đỗ Bá Long,2003-09-28,MALE,MASS_AFFLUENT,TP. Hồ Chí Minh,VERIFIED,2023-06-20,ACTIVE
1706,MSB00001706,Dương Thành An,1996-11-23,MALE,MASS_AFFLUENT,TP. Hồ Chí Minh,VERIFIED,2020-08-09,DORMANT
1707,MSB00001707,Phạm Phương Oanh,1998-11-27,FEMALE,AFFLUENT,TP. Hồ Chí Minh,VERIFIED,2024-11-14,ACTIVE
1708,MSB00001708,Trần Thành Hoàng,2005-11-06,MALE,AFFLUENT,Quảng Ninh,VERIFIED,2017-07-19,DORMANT
1709,MSB00001709,Trần Bá Quân,1987-12-07,MALE,MASS_AFFLUENT,Hà Nội,VERIFIED,2019-01-16,ACTIVE
1710,MSB00001710,Đặng Thị Nhung,1965-02-24,FEMALE,MASS,Hà Nội,VERIFIED,2024-09-02,DORMANT
1711,MSB00001711,Vũ Ngọc Uyên,1987-08-07,FEMALE,MASS,Hà Nội,VERIFIED,2014-12-01,ACTIVE
1712,MSB00001712,Phạm Văn Phúc,2005-08-22,MALE,MASS,Đà Nẵng,VERIFIED,2022-03-27,ACTIVE
1713,MSB00001713,Đỗ Hữu Trí,1961-09-05,MALE,MASS,Cần Thơ,VERIFIED,2023-11-17,ACTIVE
1714,MSB00001714,Bùi Xuân Phúc,1975-02-26,MALE,MASS_AFFLUENT,Đà Nẵng,VERIFIED,2026-04-29,ACTIVE
1715,MSB00001715,Trần Thùy Nga,1957-09-14,FEMALE,MASS_AFFLUENT,Hà Nội,VERIFIED,2023-06-14,ACTIVE
1716,MSB00001716,Đặng Hải Uyên,1977-08-16,FEMALE,AFFLUENT,Khánh Hòa,VERIFIED,2025-12-30,DORMANT
1717,MSB00001717,Hồ Quang An,1983-01-08,MALE,AFFLUENT,TP. Hồ Chí Minh,VERIFIED,2020-09-10,ACTIVE
1718,MSB00001718,Võ Mai Vân,1981-05-17,FEMALE,AFFLUENT,Hà Nội,VERIFIED,2019-04-03,ACTIVE
1719,MSB00001719,Ngô Thị Linh,2006-04-17,FEMALE,MASS_AFFLUENT,Hà Nội,VERIFIED,2022-01-04,ACTIVE
1720,MSB00001720,Đặng Thu Linh,1988-01-01,FEMALE,MASS,TP. Hồ Chí Minh,VERIFIED,2016-02-10,ACTIVE
1721,MSB00001721,Trần Hữu An,1984-02-29,MALE,AFFLUENT,Đà Nẵng,VERIFIED,2015-01-22,ACTIVE
1722,MSB00001722,Lý Mai Linh,1992-07-09,FEMALE,MASS,Đà Nẵng,VERIFIED,2022-10-04,ACTIVE
1723,MSB00001723,Nguyễn Ngọc Linh,1964-08-28,FEMALE,MASS,Hà Nội,PENDING,2018-11-21,DORMANT
1724,MSB00001724,Lê Quang Trí,1958-12-11,MALE,MASS,Đồng Nai,VERIFIED,2021-08-21,ACTIVE
1725,MSB00001725,Ngô Bá Hoàng,1983-04-19,MALE,MASS,TP. Hồ Chí Minh,VERIFIED,2023-02-18,ACTIVE
1726,MSB00001726,Trần Minh Sơn,1967-01-14,MALE,AFFLUENT,TP. Hồ Chí Minh,VERIFIED,2023-11-17,DORMANT
1727,MSB00001727,Trần Hữu Sơn,1995-07-04,MALE,MASS_AFFLUENT,Hải Phòng,VERIFIED,2020-03-30,ACTIVE
1728,MSB00001728,Đỗ Thùy My,1960-03-24,FEMALE,MASS,Đà Nẵng,VERIFIED,2024-08-29,ACTIVE
1729,MSB00001729,Trần Thị Ngân,1971-03-26,FEMALE,PRIVATE,Quảng Ninh,VERIFIED,2018-06-26,ACTIVE
1730,MSB00001730,Võ Thành Huy,1970-04-14,MALE,AFFLUENT,TP. Hồ Chí Minh,VERIFIED,2016-01-06,ACTIVE
1731,MSB00001731,Phạm Ngọc Vân,1977-03-04,FEMALE,AFFLUENT,Hà Nội,VERIFIED,2022-01-12,ACTIVE
1732,MSB00001732,Nguyễn Bá Trí,1964-09-28,MALE,PRIVATE,Quảng Ninh,PENDING,2019-08-27,ACTIVE
1733,MSB00001733,Trần Thùy Oanh,1980-08-25,FEMALE,AFFLUENT,TP. Hồ Chí Minh,VERIFIED,2014-12-10,ACTIVE
1734,MSB00001734,Vũ Xuân Quân,1958-02-07,MALE,MASS_AFFLUENT,Hải Phòng,VERIFIED,2018-02-08,DORMANT
1735,MSB00001735,Bùi Thu Hoa,1972-09-18,FEMALE,MASS,Hà Nội,VERIFIED,2021-08-13,DORMANT
1736,MSB00001736,Lê Thùy Dung,1983-10-08,FEMALE,AFFLUENT,TP. Hồ Chí Minh,VERIFIED,2016-01-16,ACTIVE
1737,MSB00001737,Dương Thị Nga,1995-10-05,FEMALE,MASS,Quảng Ninh,VERIFIED,2025-10-31,ACTIVE
1738,MSB00001738,Võ Thị Vân,1961-03-30,FEMALE,MASS_AFFLUENT,Nghệ An,VERIFIED,2019-06-19,ACTIVE
1739,MSB00001739,Võ Hữu Cường,2004-02-02,MALE,AFFLUENT,Quảng Ninh,PENDING,2023-05-20,ACTIVE
1740,MSB00001740,Đỗ Phương Linh,2004-01-23,FEMALE,MASS,Bình Dương,VERIFIED,2024-03-22,ACTIVE
1741,MSB00001741,Phan Thị Anh,2004-10-26,FEMALE,MASS_AFFLUENT,TP. Hồ Chí Minh,VERIFIED,2020-04-19,ACTIVE
1742,MSB00001742,Võ Công Hùng,2000-09-13,MALE,MASS,Đà Nẵng,EXPIRED,2018-01-03,ACTIVE
1743,MSB00001743,Phan Phương Hoa,1994-05-26,FEMALE,AFFLUENT,Hà Nội,VERIFIED,2017-09-19,ACTIVE
1744,MSB00001744,Huỳnh Đức Tuấn,1982-07-13,MALE,MASS,Bình Dương,VERIFIED,2017-08-09,DORMANT
1745,MSB00001745,Nguyễn Xuân Quân,1993-05-23,MALE,MASS,Cần Thơ,VERIFIED,2022-12-17,ACTIVE
1746,MSB00001746,Phạm Hải Yến,1984-05-24,FEMALE,MASS,Hải Phòng,VERIFIED,2021-07-01,ACTIVE
1747,MSB00001747,Nguyễn Hữu Cường,1984-05-10,MALE,MASS_AFFLUENT,TP. Hồ Chí Minh,VERIFIED,2025-01-02,ACTIVE
1748,MSB00001748,Trần Thành Dũng,1984-09-27,MALE,MASS_AFFLUENT,TP. Hồ Chí Minh,VERIFIED,2019-02-18,ACTIVE
1749,MSB00001749,Phan Bá Tuấn,2004-06-10,MALE,MASS_AFFLUENT,Bình Dương,VERIFIED,2016-12-13,ACTIVE
1750,MSB00001750,Bùi Thị Thảo,1980-03-26,FEMALE,AFFLUENT,Quảng Ninh,VERIFIED,2020-09-03,ACTIVE
1751,MSB00001751,Trần Hải Nhung,1992-04-19,FEMALE,MASS,TP. Hồ Chí Minh,PENDING,2022-09-05,ACTIVE
1752,MSB00001752,Phan Bá Huy,1980-05-20,MALE,MASS,Hà Nội,VERIFIED,2022-06-11,DORMANT
1753,MSB00001753,Trần Diệu Hằng,2003-06-18,FEMALE,AFFLUENT,Khánh Hòa,VERIFIED,2018-09-29,ACTIVE
1754,MSB00001754,Hồ Mai Ngân,1962-08-29,FEMALE,SME_OWNER,Hải Phòng,VERIFIED,2018-06-26,DORMANT
1755,MSB00001755,Ngô Mai Nga,1970-01-11,FEMALE,MASS_AFFLUENT,Hải Phòng,VERIFIED,2020-10-09,DORMANT
1756,MSB00001756,Lê Ngọc Yến,1989-07-21,FEMALE,MASS,Nghệ An,VERIFIED,2023-06-10,ACTIVE
1757,MSB00001757,Phạm Diệu Hà,1988-12-31,FEMALE,MASS_AFFLUENT,Hải Phòng,VERIFIED,2021-07-15,DORMANT
1758,MSB00001758,Bùi Quang Dũng,1991-01-17,MALE,PRIVATE,Đà Nẵng,VERIFIED,2022-07-04,ACTIVE
1759,MSB00001759,Vũ Hữu Long,1957-04-18,MALE,MASS,Cần Thơ,VERIFIED,2025-03-08,ACTIVE
1760,MSB00001760,Lý Thị Vân,1970-11-14,FEMALE,MASS,TP. Hồ Chí Minh,VERIFIED,2021-08-05,ACTIVE
1761,MSB00001761,Bùi Thành Khoa,1982-11-09,MALE,MASS_AFFLUENT,TP. Hồ Chí Minh,VERIFIED,2016-06-04,ACTIVE
1762,MSB00001762,Lý Đức Quân,1973-11-13,MALE,MASS_AFFLUENT,TP. Hồ Chí Minh,VERIFIED,2019-02-27,DORMANT
1763,MSB00001763,Nguyễn Bá Việt,2003-01-07,MALE,SME_OWNER,Cần Thơ,VERIFIED,2024-10-08,ACTIVE
1764,MSB00001764,Lê Quang Dũng,1965-03-19,MALE,PRIVATE,TP. Hồ Chí Minh,VERIFIED,2016-05-21,ACTIVE
1765,MSB00001765,Vũ Kim Yến,1977-06-13,FEMALE,AFFLUENT,Khánh Hòa,PENDING,2023-11-02,ACTIVE
1766,MSB00001766,Huỳnh Văn Nam,1991-08-12,MALE,PRIVATE,TP. Hồ Chí Minh,VERIFIED,2019-02-26,DORMANT
1767,MSB00001767,Dương Mai Chi,1971-09-27,FEMALE,AFFLUENT,Hải Phòng,VERIFIED,2019-09-15,DORMANT
1768,MSB00001768,Nguyễn Hải Oanh,2005-10-25,FEMALE,AFFLUENT,Hà Nội,VERIFIED,2017-11-09,ACTIVE
1769,MSB00001769,Võ Văn Khoa,1982-06-15,MALE,MASS_AFFLUENT,TP. Hồ Chí Minh,VERIFIED,2017-05-22,ACTIVE
1770,MSB00001770,Ngô Hữu Dũng,1958-11-09,MALE,MASS,TP. Hồ Chí Minh,VERIFIED,2022-11-30,ACTIVE
1771,MSB00001771,Vũ Thành Hoàng,1969-08-10,MALE,MASS,Cần Thơ,VERIFIED,2017-04-03,DORMANT
1772,MSB00001772,Đặng Minh Long,2004-06-02,MALE,MASS_AFFLUENT,Hà Nội,VERIFIED,2019-06-23,ACTIVE
1773,MSB00001773,Nguyễn Đức Dũng,1977-07-04,MALE,MASS_AFFLUENT,TP. Hồ Chí Minh,VERIFIED,2022-04-01,DORMANT
1774,MSB00001774,Nguyễn Hải Lan,1972-04-25,FEMALE,SME_OWNER,Đồng Nai,VERIFIED,2025-02-11,ACTIVE
1775,MSB00001775,Võ Hữu Sơn,1980-05-03,MALE,MASS_AFFLUENT,Hải Phòng,VERIFIED,2019-09-12,DORMANT
1776,MSB00001776,Lê Thành Vinh,1990-02-21,MALE,MASS,Bình Dương,VERIFIED,2020-12-03,ACTIVE
1777,MSB00001777,Hoàng Hữu Hoàng,1973-03-13,MALE,MASS,Bình Dương,VERIFIED,2020-11-02,DORMANT
1778,MSB00001778,Phạm Hữu Long,1985-07-17,MALE,AFFLUENT,Hải Phòng,VERIFIED,2018-04-13,ACTIVE
1779,MSB00001779,Lý Minh Hùng,1959-07-05,MALE,MASS_AFFLUENT,TP. Hồ Chí Minh,VERIFIED,2018-01-22,DORMANT
1780,MSB00001780,Võ Ngọc Nhung,1964-11-01,FEMALE,AFFLUENT,TP. Hồ Chí Minh,VERIFIED,2024-03-25,ACTIVE
1781,MSB00001781,Vũ Quang Nam,1961-02-08,MALE,MASS,Hà Nội,VERIFIED,2022-11-14,DORMANT
1782,MSB00001782,Vũ Kim Linh,1985-09-25,FEMALE,MASS,Hà Nội,VERIFIED,2015-10-22,DORMANT
1783,MSB00001783,Lý Thu Uyên,1973-07-11,FEMALE,MASS_AFFLUENT,Đà Nẵng,VERIFIED,2019-05-26,ACTIVE
1784,MSB00001784,Đỗ Kim Hoa,1999-05-08,FEMALE,MASS,Đồng Nai,VERIFIED,2021-06-17,ACTIVE
1785,MSB00001785,Vũ Mai Hà,1969-07-01,FEMALE,MASS_AFFLUENT,Đà Nẵng,VERIFIED,2014-12-25,ACTIVE
1786,MSB00001786,Đặng Thành Tuấn,1968-09-24,MALE,MASS_AFFLUENT,TP. Hồ Chí Minh,VERIFIED,2018-07-01,ACTIVE
1787,MSB00001787,Lê Kim Hà,1968-07-01,FEMALE,AFFLUENT,Bình Dương,VERIFIED,2016-06-01,DORMANT
1788,MSB00001788,Dương Công Nam,2004-11-08,MALE,MASS_AFFLUENT,TP. Hồ Chí Minh,VERIFIED,2020-11-05,DORMANT
1789,MSB00001789,Ngô Ngọc Hà,1984-06-18,FEMALE,AFFLUENT,TP. Hồ Chí Minh,VERIFIED,2024-06-02,ACTIVE
1790,MSB00001790,Dương Quang Sơn,1992-12-05,MALE,MASS_AFFLUENT,Hà Nội,VERIFIED,2017-10-14,ACTIVE
1791,MSB00001791,Trần Kim My,1961-03-14,FEMALE,MASS,Bình Dương,VERIFIED,2016-10-20,ACTIVE
1792,MSB00001792,Hoàng Phương Hằng,1979-09-09,FEMALE,MASS,Đà Nẵng,VERIFIED,2019-07-06,ACTIVE
1793,MSB00001793,Vũ Mai Trang,1976-08-02,FEMALE,MASS_AFFLUENT,Đà Nẵng,VERIFIED,2021-04-11,ACTIVE
1794,MSB00001794,Hoàng Hữu An,1985-05-01,MALE,MASS,Cần Thơ,VERIFIED,2024-11-23,ACTIVE
1795,MSB00001795,Huỳnh Thị Dung,2000-12-07,FEMALE,MASS_AFFLUENT,Đà Nẵng,VERIFIED,2023-06-18,ACTIVE
1796,MSB00001796,Lý Mai Ngân,1974-09-28,FEMALE,MASS_AFFLUENT,TP. Hồ Chí Minh,PENDING,2015-07-17,ACTIVE
1797,MSB00001797,Hồ Minh Sơn,1976-02-13,MALE,AFFLUENT,Đà Nẵng,VERIFIED,2024-05-12,ACTIVE
1798,MSB00001798,Dương Văn Long,1987-07-24,MALE,MASS,Hà Nội,VERIFIED,2018-08-18,DORMANT
1799,MSB00001799,Trần Bá Hoàng,1975-01-11,MALE,MASS_AFFLUENT,TP. Hồ Chí Minh,VERIFIED,2018-08-04,ACTIVE
1800,MSB00001800,Đỗ Quang Phúc,1987-03-07,MALE,MASS,TP. Hồ Chí Minh,VERIFIED,2020-10-26,ACTIVE
1801,MSB00001801,Nguyễn Hải Yến,1972-11-18,FEMALE,MASS,Hà Nội,VERIFIED,2014-09-13,DORMANT
1802,MSB00001802,Lý Công Dũng,1989-02-07,MALE,MASS_AFFLUENT,Bình Dương,VERIFIED,2018-06-08,ACTIVE
1803,MSB00001803,Bùi Thị Chi,1967-10-05,FEMALE,AFFLUENT,Hà Nội,VERIFIED,2015-01-19,ACTIVE
1804,MSB00001804,Ngô Diệu Linh,1962-07-14,FEMALE,MASS,TP. Hồ Chí Minh,VERIFIED,2023-04-14,ACTIVE
1805,MSB00001805,Võ Kim Dung,1982-01-12,FEMALE,AFFLUENT,TP. Hồ Chí Minh,VERIFIED,2017-09-08,DORMANT
1806,MSB00001806,Phạm Thu Vân,2005-12-01,FEMALE,MASS_AFFLUENT,Hải Phòng,VERIFIED,2017-05-11,ACTIVE
1807,MSB00001807,Vũ Hải Hà,1972-04-01,FEMALE,PRIVATE,Hà Nội,PENDING,2015-08-11,ACTIVE
1808,MSB00001808,Lý Bá Phúc,1960-03-07,MALE,MASS,Bình Dương,VERIFIED,2021-07-13,ACTIVE
1809,MSB00001809,Phạm Xuân Hoàng,1970-12-18,MALE,MASS_AFFLUENT,TP. Hồ Chí Minh,VERIFIED,2022-06-14,ACTIVE
1810,MSB00001810,Võ Thu Nhung,1989-03-14,FEMALE,PRIVATE,TP. Hồ Chí Minh,EXPIRED,2016-12-08,ACTIVE
1811,MSB00001811,Huỳnh Hải Uyên,1978-04-06,FEMALE,MASS,Hà Nội,VERIFIED,2017-12-10,DORMANT
1812,MSB00001812,Vũ Văn Sơn,1988-01-28,MALE,MASS_AFFLUENT,Khánh Hòa,VERIFIED,2023-02-17,DORMANT
1813,MSB00001813,Ngô Thu Thảo,1967-11-08,FEMALE,MASS,TP. Hồ Chí Minh,VERIFIED,2022-10-10,ACTIVE
1814,MSB00001814,Huỳnh Hải Oanh,1970-07-09,FEMALE,MASS,TP. Hồ Chí Minh,VERIFIED,2017-02-09,ACTIVE
1815,MSB00001815,Lê Văn Trí,1974-10-13,MALE,MASS_AFFLUENT,Hà Nội,VERIFIED,2019-09-07,ACTIVE
1816,MSB00001816,Đỗ Phương Hoa,1987-06-16,FEMALE,MASS,TP. Hồ Chí Minh,VERIFIED,2015-10-02,ACTIVE
1817,MSB00001817,Trần Thu Nga,1998-07-23,FEMALE,MASS_AFFLUENT,TP. Hồ Chí Minh,VERIFIED,2018-12-22,ACTIVE
1818,MSB00001818,Đỗ Đức Dũng,1976-06-23,MALE,MASS,Hà Nội,VERIFIED,2014-11-20,DORMANT
1819,MSB00001819,Phạm Xuân Tuấn,1990-07-31,MALE,MASS,Cần Thơ,VERIFIED,2022-07-05,ACTIVE
1820,MSB00001820,Lý Văn Phúc,1960-09-14,MALE,SME_OWNER,Đồng Nai,VERIFIED,2017-04-08,DORMANT
1821,MSB00001821,Vũ Ngọc Linh,2003-05-14,FEMALE,MASS_AFFLUENT,TP. Hồ Chí Minh,VERIFIED,2024-02-10,ACTIVE
1822,MSB00001822,Trần Văn Hoàng,1963-11-19,MALE,SME_OWNER,TP. Hồ Chí Minh,VERIFIED,2018-02-11,ACTIVE
1823,MSB00001823,Vũ Thùy Lan,1968-06-22,FEMALE,MASS_AFFLUENT,TP. Hồ Chí Minh,VERIFIED,2021-06-16,DORMANT
1824,MSB00001824,Dương Kim Thảo,1981-02-15,FEMALE,MASS,Khánh Hòa,VERIFIED,2020-04-06,ACTIVE
1825,MSB00001825,Lê Thùy Ngân,1957-03-25,FEMALE,MASS,Đà Nẵng,VERIFIED,2016-11-27,ACTIVE
1826,MSB00001826,Bùi Xuân Phúc,1970-12-31,MALE,PRIVATE,Hà Nội,VERIFIED,2025-02-03,ACTIVE
1827,MSB00001827,Phạm Minh Khoa,2003-09-02,MALE,MASS,Hải Phòng,VERIFIED,2023-09-20,ACTIVE
1828,MSB00001828,Lê Văn Vinh,1987-01-03,MALE,PRIVATE,TP. Hồ Chí Minh,VERIFIED,2019-10-19,ACTIVE
1829,MSB00001829,Bùi Hữu Sơn,1963-12-15,MALE,MASS_AFFLUENT,Hà Nội,PENDING,2021-06-30,ACTIVE
1830,MSB00001830,Dương Bá Phúc,1968-05-24,MALE,AFFLUENT,Nghệ An,VERIFIED,2019-10-04,ACTIVE
1831,MSB00001831,Nguyễn Quang Quân,1998-07-14,MALE,MASS_AFFLUENT,Hà Nội,VERIFIED,2021-04-21,ACTIVE
1832,MSB00001832,Dương Minh Vinh,1998-07-27,MALE,MASS_AFFLUENT,TP. Hồ Chí Minh,PENDING,2025-07-28,ACTIVE
1833,MSB00001833,Võ Kim Hoa,1960-05-10,FEMALE,MASS_AFFLUENT,Hải Phòng,VERIFIED,2015-05-28,ACTIVE
1834,MSB00001834,Phan Đức Phúc,2004-02-07,MALE,SME_OWNER,Đà Nẵng,VERIFIED,2018-04-09,ACTIVE
1835,MSB00001835,Lý Công Phúc,1959-08-06,MALE,MASS,Hà Nội,VERIFIED,2019-03-19,ACTIVE
1836,MSB00001836,Lý Thùy Hằng,1979-05-24,FEMALE,AFFLUENT,Đà Nẵng,VERIFIED,2024-08-03,ACTIVE
1837,MSB00001837,Vũ Ngọc Lan,1966-01-09,FEMALE,AFFLUENT,Cần Thơ,VERIFIED,2024-01-09,ACTIVE
1838,MSB00001838,Hồ Kim Lan,1995-10-14,FEMALE,AFFLUENT,Đồng Nai,VERIFIED,2019-05-15,ACTIVE
1839,MSB00001839,Vũ Mai Thảo,1988-08-31,FEMALE,SME_OWNER,Hà Nội,VERIFIED,2025-09-17,ACTIVE
1840,MSB00001840,Phạm Văn An,1970-06-02,MALE,AFFLUENT,Hà Nội,VERIFIED,2020-10-24,DORMANT
1841,MSB00001841,Vũ Phương Anh,1998-07-21,FEMALE,PRIVATE,Nghệ An,VERIFIED,2015-12-15,ACTIVE
1842,MSB00001842,Võ Ngọc Yến,2001-01-30,FEMALE,SME_OWNER,Hải Phòng,VERIFIED,2016-02-14,ACTIVE
1843,MSB00001843,Đặng Ngọc Ngân,1975-09-20,FEMALE,MASS_AFFLUENT,TP. Hồ Chí Minh,VERIFIED,2020-04-28,DORMANT
1844,MSB00001844,Lê Kim Hoa,2006-03-27,FEMALE,MASS,Cần Thơ,VERIFIED,2023-08-14,ACTIVE
1845,MSB00001845,Lê Công Tuấn,1959-10-02,MALE,MASS_AFFLUENT,Hà Nội,VERIFIED,2025-06-18,ACTIVE
1846,MSB00001846,Đặng Xuân Hùng,1972-11-29,MALE,MASS,Nghệ An,VERIFIED,2024-04-30,DORMANT
1847,MSB00001847,Đỗ Kim Vân,1970-10-04,FEMALE,MASS_AFFLUENT,Hải Phòng,VERIFIED,2023-01-20,DORMANT
1848,MSB00001848,Dương Thành Nam,1980-09-14,MALE,MASS,Đồng Nai,VERIFIED,2019-11-25,ACTIVE
1849,MSB00001849,Võ Quang Hoàng,1975-07-20,MALE,MASS_AFFLUENT,Đà Nẵng,VERIFIED,2017-11-11,DORMANT
1850,MSB00001850,Phạm Bá Hoàng,1959-03-31,MALE,AFFLUENT,Bình Dương,VERIFIED,2020-12-16,ACTIVE
1851,MSB00001851,Trần Đức Hùng,2006-08-09,MALE,SME_OWNER,TP. Hồ Chí Minh,VERIFIED,2016-09-07,ACTIVE
1852,MSB00001852,Đặng Hữu Khoa,1994-08-11,MALE,MASS,Hà Nội,VERIFIED,2024-06-11,ACTIVE
1853,MSB00001853,Phạm Văn Phúc,1972-03-07,MALE,AFFLUENT,TP. Hồ Chí Minh,VERIFIED,2021-05-22,ACTIVE
1854,MSB00001854,Huỳnh Kim Hà,1999-12-30,FEMALE,MASS,Đồng Nai,VERIFIED,2019-03-03,ACTIVE
1855,MSB00001855,Hoàng Xuân Hoàng,1993-10-08,MALE,MASS,Hải Phòng,VERIFIED,2025-09-12,ACTIVE
1856,MSB00001856,Hoàng Hữu Trí,2005-07-11,MALE,MASS,TP. Hồ Chí Minh,VERIFIED,2015-10-06,DORMANT
1857,MSB00001857,Bùi Minh Việt,2004-08-15,MALE,MASS,Hà Nội,VERIFIED,2014-09-20,DORMANT
1858,MSB00001858,Phạm Ngọc Linh,1984-07-20,FEMALE,MASS,Đà Nẵng,VERIFIED,2017-09-10,DORMANT
1859,MSB00001859,Đỗ Thùy My,1972-09-23,FEMALE,MASS,Đà Nẵng,VERIFIED,2018-02-16,ACTIVE
1860,MSB00001860,Ngô Thùy Dung,2000-12-29,FEMALE,MASS,TP. Hồ Chí Minh,PENDING,2023-11-19,ACTIVE
1861,MSB00001861,Ngô Mai Linh,1957-03-05,FEMALE,MASS,Cần Thơ,VERIFIED,2024-03-11,ACTIVE
1862,MSB00001862,Nguyễn Kim Hoa,1968-07-21,FEMALE,SME_OWNER,TP. Hồ Chí Minh,VERIFIED,2023-07-19,ACTIVE
1863,MSB00001863,Đặng Thùy Uyên,1973-04-14,FEMALE,MASS,TP. Hồ Chí Minh,VERIFIED,2024-10-01,ACTIVE
1864,MSB00001864,Bùi Phương Nga,2003-07-12,FEMALE,MASS,TP. Hồ Chí Minh,VERIFIED,2019-10-28,DORMANT
1865,MSB00001865,Phạm Xuân Hùng,1981-08-17,MALE,MASS_AFFLUENT,Hà Nội,VERIFIED,2015-03-01,ACTIVE
1866,MSB00001866,Huỳnh Diệu Anh,1960-03-20,FEMALE,MASS,TP. Hồ Chí Minh,VERIFIED,2018-06-04,ACTIVE
1867,MSB00001867,Lê Thành Long,1995-02-26,MALE,MASS_AFFLUENT,Bình Dương,VERIFIED,2016-01-18,DORMANT
1868,MSB00001868,Đặng Phương Uyên,1979-03-16,FEMALE,MASS,Hà Nội,VERIFIED,2014-11-28,ACTIVE
1869,MSB00001869,Đặng Công Quân,1977-10-13,MALE,MASS_AFFLUENT,TP. Hồ Chí Minh,VERIFIED,2018-08-09,ACTIVE
1870,MSB00001870,Đỗ Công Dũng,1971-09-29,MALE,MASS_AFFLUENT,TP. Hồ Chí Minh,VERIFIED,2025-02-07,DORMANT
1871,MSB00001871,Vũ Xuân Cường,1961-07-14,MALE,MASS_AFFLUENT,TP. Hồ Chí Minh,VERIFIED,2015-06-23,DORMANT
1872,MSB00001872,Lê Diệu Uyên,2000-05-19,FEMALE,AFFLUENT,Bình Dương,VERIFIED,2019-12-15,ACTIVE
1873,MSB00001873,Trần Thùy Oanh,2003-02-27,FEMALE,MASS,Bình Dương,VERIFIED,2019-12-11,ACTIVE
1874,MSB00001874,Hồ Thành Đạt,2002-04-03,MALE,MASS,Hải Phòng,VERIFIED,2014-10-23,ACTIVE
1875,MSB00001875,Võ Bá Sơn,1993-03-21,MALE,MASS,TP. Hồ Chí Minh,VERIFIED,2018-05-08,DORMANT
1876,MSB00001876,Vũ Quang Nam,1988-12-12,MALE,MASS_AFFLUENT,Hà Nội,VERIFIED,2025-01-12,DORMANT
1877,MSB00001877,Đặng Mai Thảo,1963-06-24,FEMALE,MASS,TP. Hồ Chí Minh,EXPIRED,2017-05-28,ACTIVE
1878,MSB00001878,Đặng Văn Tuấn,1979-10-31,MALE,MASS_AFFLUENT,Đà Nẵng,EXPIRED,2014-12-25,ACTIVE
1879,MSB00001879,Hoàng Đức Đạt,1969-05-23,MALE,MASS_AFFLUENT,Hà Nội,VERIFIED,2023-07-23,ACTIVE
1880,MSB00001880,Vũ Mai Lan,1978-04-22,FEMALE,MASS,Bình Dương,VERIFIED,2020-12-08,ACTIVE
1881,MSB00001881,Đặng Phương Yến,1959-06-09,FEMALE,MASS,Quảng Ninh,VERIFIED,2025-02-12,ACTIVE
1882,MSB00001882,Phạm Phương Linh,1990-01-09,FEMALE,MASS_AFFLUENT,Cần Thơ,VERIFIED,2017-12-16,ACTIVE
1883,MSB00001883,Vũ Mai Dung,1972-12-17,FEMALE,MASS_AFFLUENT,TP. Hồ Chí Minh,VERIFIED,2024-08-29,ACTIVE
1884,MSB00001884,Võ Ngọc Yến,1993-01-12,FEMALE,MASS_AFFLUENT,Bình Dương,VERIFIED,2021-05-14,ACTIVE
1885,MSB00001885,Phạm Đức Bình,1995-03-01,MALE,MASS,TP. Hồ Chí Minh,EXPIRED,2018-09-26,ACTIVE
1886,MSB00001886,Vũ Văn Quân,1957-05-09,MALE,MASS,Nghệ An,VERIFIED,2016-07-08,ACTIVE
1887,MSB00001887,Phạm Ngọc Ngân,2004-12-19,FEMALE,AFFLUENT,TP. Hồ Chí Minh,VERIFIED,2022-08-07,ACTIVE
1888,MSB00001888,Bùi Văn Cường,1993-07-15,MALE,MASS,Hải Phòng,VERIFIED,2015-09-24,ACTIVE
1889,MSB00001889,Huỳnh Kim Vân,1987-05-07,FEMALE,MASS_AFFLUENT,Hà Nội,VERIFIED,2026-01-16,ACTIVE
1890,MSB00001890,Lê Văn Tuấn,1999-12-22,MALE,AFFLUENT,Hải Phòng,PENDING,2024-05-20,ACTIVE
1891,MSB00001891,Lý Bá Sơn,1967-12-19,MALE,MASS_AFFLUENT,TP. Hồ Chí Minh,VERIFIED,2024-12-09,DORMANT
1892,MSB00001892,Nguyễn Quang Phúc,1989-05-22,MALE,MASS,Hà Nội,VERIFIED,2017-08-11,ACTIVE
1893,MSB00001893,Vũ Kim Ngân,1984-04-25,FEMALE,MASS,TP. Hồ Chí Minh,VERIFIED,2022-02-08,ACTIVE
1894,MSB00001894,Đỗ Thùy Chi,1991-05-04,FEMALE,AFFLUENT,Hà Nội,VERIFIED,2026-01-31,ACTIVE
1895,MSB00001895,Nguyễn Công Quân,1961-10-08,MALE,MASS_AFFLUENT,Hà Nội,VERIFIED,2017-02-18,DORMANT
1896,MSB00001896,Hồ Công Quân,1985-01-31,MALE,MASS,Đồng Nai,VERIFIED,2023-02-05,DORMANT
1897,MSB00001897,Lý Thành Việt,1967-07-16,MALE,AFFLUENT,Hà Nội,VERIFIED,2018-05-15,ACTIVE
1898,MSB00001898,Huỳnh Hữu Huy,1975-07-01,MALE,MASS,Đà Nẵng,VERIFIED,2019-11-20,ACTIVE
1899,MSB00001899,Võ Văn Phúc,1959-08-03,MALE,PRIVATE,Hà Nội,VERIFIED,2025-01-09,ACTIVE
1900,MSB00001900,Trần Diệu Nga,1976-05-31,FEMALE,MASS_AFFLUENT,Cần Thơ,VERIFIED,2019-04-17,DORMANT
1901,MSB00001901,Hồ Minh An,1957-06-07,MALE,MASS,Quảng Ninh,VERIFIED,2016-04-13,ACTIVE
1902,MSB00001902,Bùi Quang Hùng,1972-03-18,MALE,PRIVATE,TP. Hồ Chí Minh,VERIFIED,2022-01-24,ACTIVE
1903,MSB00001903,Đỗ Đức Việt,2003-11-29,MALE,MASS_AFFLUENT,Nghệ An,VERIFIED,2016-08-09,DORMANT
1904,MSB00001904,Đỗ Hữu Khoa,1998-10-12,MALE,MASS,Hải Phòng,VERIFIED,2023-03-04,ACTIVE
1905,MSB00001905,Lê Thành Hùng,1967-02-06,MALE,MASS_AFFLUENT,Đà Nẵng,VERIFIED,2023-01-10,ACTIVE
1906,MSB00001906,Bùi Ngọc Chi,2003-11-20,FEMALE,MASS,Hà Nội,VERIFIED,2024-04-28,ACTIVE
1907,MSB00001907,Dương Hải Hằng,1996-12-31,FEMALE,AFFLUENT,Nghệ An,VERIFIED,2023-11-10,DORMANT
1908,MSB00001908,Dương Hải Uyên,1967-05-05,FEMALE,MASS_AFFLUENT,Đồng Nai,PENDING,2023-07-13,DORMANT
1909,MSB00001909,Lê Văn Bình,1989-01-16,MALE,SME_OWNER,Hà Nội,VERIFIED,2018-10-01,DORMANT
1910,MSB00001910,Võ Mai Yến,1996-05-09,FEMALE,MASS,Hà Nội,VERIFIED,2024-10-22,ACTIVE
1911,MSB00001911,Lý Phương Nhung,1997-05-07,FEMALE,PRIVATE,TP. Hồ Chí Minh,VERIFIED,2019-12-23,DORMANT
1912,MSB00001912,Hoàng Thị Hà,1990-09-02,FEMALE,MASS_AFFLUENT,Hà Nội,VERIFIED,2023-04-13,ACTIVE
1913,MSB00001913,Nguyễn Hải Nga,1964-09-29,FEMALE,MASS_AFFLUENT,TP. Hồ Chí Minh,VERIFIED,2024-08-12,DORMANT
1914,MSB00001914,Hồ Hữu Huy,1984-01-02,MALE,AFFLUENT,Nghệ An,VERIFIED,2016-09-30,ACTIVE
1915,MSB00001915,Đỗ Diệu Nhung,1959-01-24,FEMALE,MASS_AFFLUENT,Đồng Nai,VERIFIED,2020-01-11,ACTIVE
1916,MSB00001916,Huỳnh Phương Ngân,1970-12-21,FEMALE,SME_OWNER,TP. Hồ Chí Minh,VERIFIED,2022-12-22,ACTIVE
1917,MSB00001917,Lê Thị Nhung,1992-11-26,FEMALE,MASS,TP. Hồ Chí Minh,VERIFIED,2018-11-17,DORMANT
1918,MSB00001918,Trần Thị Chi,1998-08-07,FEMALE,MASS_AFFLUENT,Đà Nẵng,PENDING,2015-09-28,ACTIVE
1919,MSB00001919,Đặng Diệu My,1959-04-20,FEMALE,MASS,Khánh Hòa,VERIFIED,2023-01-11,DORMANT
1920,MSB00001920,Lê Minh Phúc,1961-07-20,MALE,MASS_AFFLUENT,Bình Dương,VERIFIED,2023-06-20,ACTIVE
1921,MSB00001921,Đặng Ngọc Nga,2000-02-16,FEMALE,AFFLUENT,Đồng Nai,VERIFIED,2018-05-13,DORMANT
1922,MSB00001922,Huỳnh Diệu Nga,1990-05-12,FEMALE,MASS_AFFLUENT,Bình Dương,VERIFIED,2020-08-03,ACTIVE
1923,MSB00001923,Hoàng Thị Oanh,1969-04-29,FEMALE,MASS,TP. Hồ Chí Minh,PENDING,2018-06-21,ACTIVE
1924,MSB00001924,Phan Thu My,1956-10-24,FEMALE,AFFLUENT,Hà Nội,VERIFIED,2024-05-16,DORMANT
1925,MSB00001925,Vũ Bá Quân,1961-06-14,MALE,MASS,Bình Dương,VERIFIED,2015-06-12,ACTIVE
1926,MSB00001926,Đỗ Quang Đạt,1991-09-30,MALE,AFFLUENT,Hải Phòng,VERIFIED,2026-02-16,DORMANT
1927,MSB00001927,Nguyễn Công Việt,1962-03-27,MALE,MASS_AFFLUENT,Bình Dương,VERIFIED,2023-02-18,ACTIVE
1928,MSB00001928,Lê Ngọc Linh,1970-06-19,FEMALE,AFFLUENT,Cần Thơ,VERIFIED,2019-01-12,ACTIVE
1929,MSB00001929,Hồ Diệu Chi,1983-07-07,FEMALE,AFFLUENT,TP. Hồ Chí Minh,VERIFIED,2020-04-04,ACTIVE
1930,MSB00001930,Phạm Hải Hà,1987-12-11,FEMALE,MASS,TP. Hồ Chí Minh,EXPIRED,2022-05-22,ACTIVE
1931,MSB00001931,Vũ Diệu Thảo,1965-10-02,FEMALE,MASS,Đồng Nai,VERIFIED,2014-12-07,ACTIVE
1932,MSB00001932,Lý Thùy Dung,1964-10-12,FEMALE,AFFLUENT,TP. Hồ Chí Minh,VERIFIED,2022-04-20,ACTIVE
1933,MSB00001933,Lê Thành Dũng,1961-06-26,MALE,MASS_AFFLUENT,Hà Nội,VERIFIED,2018-05-31,ACTIVE
1934,MSB00001934,Phan Mai My,1982-10-12,FEMALE,MASS_AFFLUENT,Hải Phòng,VERIFIED,2021-07-27,ACTIVE
1935,MSB00001935,Lý Kim Lan,1993-06-06,FEMALE,MASS_AFFLUENT,TP. Hồ Chí Minh,VERIFIED,2021-03-10,DORMANT
1936,MSB00001936,Lý Kim Hà,1963-03-14,FEMALE,PRIVATE,Hải Phòng,VERIFIED,2017-04-03,DORMANT
1937,MSB00001937,Bùi Hải Vân,1991-08-26,FEMALE,SME_OWNER,Đà Nẵng,VERIFIED,2022-03-13,DORMANT
1938,MSB00001938,Nguyễn Thị Nhung,1969-05-25,FEMALE,MASS_AFFLUENT,Hải Phòng,VERIFIED,2021-08-31,ACTIVE
1939,MSB00001939,Đỗ Quang Long,1981-05-03,MALE,MASS,Quảng Ninh,PENDING,2017-03-17,DORMANT
1940,MSB00001940,Hồ Phương Yến,1976-09-12,FEMALE,AFFLUENT,TP. Hồ Chí Minh,VERIFIED,2025-04-26,ACTIVE
1941,MSB00001941,Huỳnh Hải Dung,1996-05-18,FEMALE,MASS_AFFLUENT,Quảng Ninh,VERIFIED,2021-04-14,ACTIVE
1942,MSB00001942,Đỗ Thành Hùng,1994-05-19,MALE,AFFLUENT,Bình Dương,VERIFIED,2023-01-28,ACTIVE
1943,MSB00001943,Nguyễn Xuân Bình,1974-05-20,MALE,AFFLUENT,Đồng Nai,VERIFIED,2020-09-13,DORMANT
1944,MSB00001944,Vũ Văn Nam,1994-05-27,MALE,MASS_AFFLUENT,Bình Dương,VERIFIED,2019-08-10,ACTIVE
1945,MSB00001945,Ngô Minh Hùng,1973-02-11,MALE,MASS,Hà Nội,VERIFIED,2021-04-28,ACTIVE
1946,MSB00001946,Phan Thị Ngân,1957-06-13,FEMALE,AFFLUENT,TP. Hồ Chí Minh,VERIFIED,2014-09-27,ACTIVE
1947,MSB00001947,Nguyễn Công Bình,2002-05-13,MALE,MASS_AFFLUENT,Hà Nội,VERIFIED,2015-09-06,DORMANT
1948,MSB00001948,Phạm Văn Huy,1960-02-15,MALE,AFFLUENT,Hải Phòng,VERIFIED,2024-08-28,ACTIVE
1949,MSB00001949,Hồ Diệu Oanh,1997-11-24,FEMALE,PRIVATE,Hà Nội,VERIFIED,2018-10-28,ACTIVE
1950,MSB00001950,Vũ Hữu Trí,2000-07-19,MALE,PRIVATE,Hà Nội,PENDING,2022-07-22,ACTIVE
1951,MSB00001951,Dương Ngọc Hằng,1965-04-22,FEMALE,MASS_AFFLUENT,Khánh Hòa,VERIFIED,2017-12-27,ACTIVE
1952,MSB00001952,Phan Công Huy,1996-02-01,MALE,MASS_AFFLUENT,Khánh Hòa,VERIFIED,2020-08-30,ACTIVE
1953,MSB00001953,Trần Quang Vinh,1973-09-27,MALE,MASS,Đà Nẵng,VERIFIED,2015-03-16,ACTIVE
1954,MSB00001954,Hồ Thùy Linh,2000-09-17,FEMALE,MASS_AFFLUENT,TP. Hồ Chí Minh,VERIFIED,2015-04-23,ACTIVE
1955,MSB00001955,Huỳnh Ngọc Chi,2001-10-13,FEMALE,AFFLUENT,Bình Dương,EXPIRED,2025-08-31,DORMANT
1956,MSB00001956,Trần Thị Thảo,1996-02-25,FEMALE,MASS_AFFLUENT,Nghệ An,VERIFIED,2025-01-23,ACTIVE
1957,MSB00001957,Phan Thu Uyên,1980-07-23,FEMALE,MASS,Hà Nội,VERIFIED,2026-01-22,DORMANT
1958,MSB00001958,Vũ Công Cường,1991-09-10,MALE,PRIVATE,Hà Nội,VERIFIED,2017-01-25,DORMANT
1959,MSB00001959,Phan Phương Nhung,1995-01-14,FEMALE,MASS,Khánh Hòa,VERIFIED,2023-08-30,ACTIVE
1960,MSB00001960,Phan Quang Vinh,1964-10-01,MALE,SME_OWNER,Hà Nội,VERIFIED,2017-11-23,DORMANT
1961,MSB00001961,Dương Minh Hùng,1997-09-25,MALE,MASS,Cần Thơ,EXPIRED,2022-06-14,DORMANT
1962,MSB00001962,Lê Hữu An,2001-11-11,MALE,MASS_AFFLUENT,Đà Nẵng,VERIFIED,2022-10-02,DORMANT
1963,MSB00001963,Võ Thùy Hằng,2001-03-27,FEMALE,MASS_AFFLUENT,TP. Hồ Chí Minh,VERIFIED,2019-04-13,ACTIVE
1964,MSB00001964,Đỗ Đức Hoàng,1962-01-18,MALE,MASS,Hà Nội,VERIFIED,2017-04-20,DORMANT
1965,MSB00001965,Lê Công An,1982-12-19,MALE,MASS,Cần Thơ,VERIFIED,2019-09-20,DORMANT
1966,MSB00001966,Võ Hữu Hùng,1957-10-10,MALE,PRIVATE,Đà Nẵng,VERIFIED,2019-08-16,ACTIVE
1967,MSB00001967,Đỗ Mai Nga,1966-06-06,FEMALE,MASS,Khánh Hòa,VERIFIED,2017-09-26,DORMANT
1968,MSB00001968,Lý Thành Vinh,1992-02-07,MALE,MASS,TP. Hồ Chí Minh,VERIFIED,2024-04-30,ACTIVE
1969,MSB00001969,Lý Văn Hùng,1967-01-23,MALE,MASS_AFFLUENT,Khánh Hòa,VERIFIED,2019-06-03,ACTIVE
1970,MSB00001970,Phan Quang Trí,1984-06-13,MALE,MASS_AFFLUENT,Hà Nội,VERIFIED,2022-12-29,ACTIVE
1971,MSB00001971,Trần Thu Hoa,1978-04-03,FEMALE,AFFLUENT,Hà Nội,VERIFIED,2024-07-09,DORMANT
1972,MSB00001972,Bùi Xuân Huy,1979-09-25,MALE,MASS,Nghệ An,VERIFIED,2022-07-01,ACTIVE
1973,MSB00001973,Đỗ Hải Linh,1969-08-22,FEMALE,MASS,Hà Nội,VERIFIED,2024-01-31,ACTIVE
1974,MSB00001974,Đặng Hữu Quân,1996-02-26,MALE,MASS,Hà Nội,VERIFIED,2022-07-23,ACTIVE
1975,MSB00001975,Hoàng Xuân Long,2004-01-18,MALE,MASS_AFFLUENT,Hà Nội,VERIFIED,2026-01-19,DORMANT
1976,MSB00001976,Phan Công Huy,1969-09-30,MALE,MASS,Hải Phòng,VERIFIED,2017-08-15,ACTIVE
1977,MSB00001977,Dương Công Trí,1959-05-17,MALE,AFFLUENT,Bình Dương,VERIFIED,2022-04-06,DORMANT
1978,MSB00001978,Hồ Bá Huy,1978-04-06,MALE,MASS,Khánh Hòa,EXPIRED,2018-08-17,DORMANT
1979,MSB00001979,Huỳnh Minh Khoa,2001-07-29,MALE,MASS_AFFLUENT,Hà Nội,VERIFIED,2017-08-02,DORMANT
1980,MSB00001980,Hoàng Kim Anh,2001-04-27,FEMALE,MASS_AFFLUENT,TP. Hồ Chí Minh,VERIFIED,2016-10-06,ACTIVE
1981,MSB00001981,Phạm Bá Cường,1978-08-29,MALE,SME_OWNER,TP. Hồ Chí Minh,VERIFIED,2025-06-02,ACTIVE
1982,MSB00001982,Đặng Thành Hùng,1961-11-21,MALE,MASS,Quảng Ninh,VERIFIED,2020-05-15,ACTIVE
1983,MSB00001983,Vũ Bá Đạt,1976-03-24,MALE,MASS,Đà Nẵng,VERIFIED,2021-06-19,ACTIVE
1984,MSB00001984,Dương Quang Đạt,1991-01-09,MALE,MASS_AFFLUENT,TP. Hồ Chí Minh,VERIFIED,2022-03-28,DORMANT
1985,MSB00001985,Phan Quang Việt,1974-09-10,MALE,MASS,TP. Hồ Chí Minh,VERIFIED,2016-12-01,DORMANT
1986,MSB00001986,Lý Công Đạt,1999-03-21,MALE,MASS_AFFLUENT,TP. Hồ Chí Minh,VERIFIED,2025-07-15,DORMANT
1987,MSB00001987,Võ Văn Tuấn,1983-05-13,MALE,MASS_AFFLUENT,Cần Thơ,VERIFIED,2022-09-16,ACTIVE
1988,MSB00001988,Lý Minh Quân,1956-10-11,MALE,MASS,Đà Nẵng,VERIFIED,2017-01-22,ACTIVE
1989,MSB00001989,Dương Diệu Linh,1974-10-22,FEMALE,MASS,Đà Nẵng,VERIFIED,2021-09-21,ACTIVE
1990,MSB00001990,Hồ Phương Nhung,2001-02-20,FEMALE,MASS,TP. Hồ Chí Minh,VERIFIED,2025-06-15,ACTIVE
1991,MSB00001991,Đỗ Thu Hoa,1996-08-23,FEMALE,AFFLUENT,Hà Nội,VERIFIED,2024-04-20,ACTIVE
1992,MSB00001992,Nguyễn Bá Hùng,2004-08-23,MALE,MASS,Hải Phòng,VERIFIED,2022-10-23,DORMANT
1993,MSB00001993,Bùi Hải Oanh,1986-07-16,FEMALE,MASS,Cần Thơ,VERIFIED,2023-06-08,ACTIVE
1994,MSB00001994,Ngô Bá An,1994-12-18,MALE,PRIVATE,Hà Nội,VERIFIED,2018-07-11,ACTIVE
1995,MSB00001995,Ngô Hữu Tuấn,1958-06-24,MALE,AFFLUENT,Hải Phòng,VERIFIED,2024-04-29,DORMANT
1996,MSB00001996,Bùi Thị Hoa,1991-08-05,FEMALE,MASS_AFFLUENT,Đồng Nai,VERIFIED,2017-05-31,ACTIVE
1997,MSB00001997,Dương Hữu Hùng,2004-12-22,MALE,MASS_AFFLUENT,Đà Nẵng,PENDING,2022-09-10,DORMANT
1998,MSB00001998,Trần Hữu Tuấn,1985-03-05,MALE,MASS_AFFLUENT,Hải Phòng,PENDING,2025-07-12,ACTIVE
1999,MSB00001999,Ngô Phương Hoa,1970-02-15,FEMALE,PRIVATE,Hải Phòng,VERIFIED,2026-03-12,DORMANT
2000,MSB00002000,Ngô Ngọc Hoa,1972-06-18,FEMALE,AFFLUENT,TP. Hồ Chí Minh,VERIFIED,2019-03-29,DORMANT
2001,MSB00002001,Võ Hữu Long,1958-06-10,MALE,AFFLUENT,Hà Nội,VERIFIED,2017-10-03,ACTIVE
2002,MSB00002002,Hồ Quang Trí,1988-05-31,MALE,MASS,TP. Hồ Chí Minh,VERIFIED,2024-09-22,ACTIVE
2003,MSB00002003,Hồ Công Vinh,1980-01-05,MALE,MASS_AFFLUENT,Hà Nội,VERIFIED,2022-09-21,DORMANT
2004,MSB00002004,Ngô Phương Trang,1978-09-05,FEMALE,MASS,Hải Phòng,PENDING,2017-06-30,ACTIVE
2005,MSB00002005,Võ Xuân Hùng,2004-09-27,MALE,MASS_AFFLUENT,Cần Thơ,VERIFIED,2016-03-16,ACTIVE
2006,MSB00002006,Phan Đức Bình,2006-07-17,MALE,MASS_AFFLUENT,Hà Nội,VERIFIED,2017-10-24,ACTIVE
2007,MSB00002007,Đặng Hữu Hùng,1966-12-23,MALE,AFFLUENT,Nghệ An,EXPIRED,2019-02-14,ACTIVE
2008,MSB00002008,Hồ Thu Vân,1986-11-25,FEMALE,MASS,Khánh Hòa,VERIFIED,2017-08-08,DORMANT
2009,MSB00002009,Nguyễn Kim Chi,1972-08-13,FEMALE,MASS,Hà Nội,VERIFIED,2022-11-11,ACTIVE
2010,MSB00002010,Nguyễn Bá Bình,1959-01-08,MALE,MASS,TP. Hồ Chí Minh,VERIFIED,2025-08-01,DORMANT
2011,MSB00002011,Dương Phương My,1994-03-18,FEMALE,AFFLUENT,Hà Nội,VERIFIED,2019-09-30,ACTIVE
2012,MSB00002012,Dương Công Nam,1968-06-17,MALE,SME_OWNER,Nghệ An,VERIFIED,2019-10-20,DORMANT
2013,MSB00002013,Phan Phương Vân,1995-11-13,FEMALE,AFFLUENT,Đà Nẵng,VERIFIED,2016-12-16,DORMANT
2014,MSB00002014,Võ Đức Huy,1968-09-20,MALE,AFFLUENT,Hải Phòng,VERIFIED,2023-07-08,DORMANT
2015,MSB00002015,Đặng Bá Nam,1999-01-22,MALE,MASS_AFFLUENT,Quảng Ninh,VERIFIED,2015-12-16,ACTIVE
2016,MSB00002016,Phạm Xuân Việt,1991-06-16,MALE,SME_OWNER,Hải Phòng,VERIFIED,2020-07-17,ACTIVE
2017,MSB00002017,Hoàng Mai Anh,1983-03-25,FEMALE,MASS,Đồng Nai,VERIFIED,2021-03-03,ACTIVE
2018,MSB00002018,Dương Phương Ngân,1982-02-20,FEMALE,AFFLUENT,TP. Hồ Chí Minh,VERIFIED,2014-10-15,ACTIVE
2019,MSB00002019,Nguyễn Thùy Oanh,2004-10-02,FEMALE,MASS,Hà Nội,PENDING,2019-12-27,DORMANT
2020,MSB00002020,Võ Hữu Tuấn,1963-11-13,MALE,AFFLUENT,TP. Hồ Chí Minh,EXPIRED,2025-04-09,DORMANT
2021,MSB00002021,Đỗ Đức Việt,2005-12-26,MALE,AFFLUENT,Đồng Nai,VERIFIED,2023-05-15,DORMANT
2022,MSB00002022,Lý Minh Hùng,1961-11-22,MALE,MASS_AFFLUENT,Hà Nội,VERIFIED,2019-05-26,DORMANT
2023,MSB00002023,Lý Xuân Phúc,1995-12-18,MALE,AFFLUENT,TP. Hồ Chí Minh,PENDING,2023-08-22,ACTIVE
2024,MSB00002024,Phan Bá An,1971-05-04,MALE,MASS,Bình Dương,VERIFIED,2024-05-27,DORMANT
2025,MSB00002025,Hoàng Kim Nhung,1971-07-11,FEMALE,MASS_AFFLUENT,Hà Nội,VERIFIED,2022-11-13,ACTIVE
2026,MSB00002026,Bùi Ngọc Vân,1983-10-26,FEMALE,AFFLUENT,Đà Nẵng,VERIFIED,2020-05-18,ACTIVE
2027,MSB00002027,Bùi Kim Yến,1980-02-07,FEMALE,MASS_AFFLUENT,Hà Nội,VERIFIED,2025-03-30,ACTIVE
2028,MSB00002028,Trần Thành Huy,2002-09-11,MALE,MASS_AFFLUENT,Hà Nội,VERIFIED,2020-04-01,ACTIVE
2029,MSB00002029,Bùi Quang Long,1960-12-22,MALE,MASS_AFFLUENT,TP. Hồ Chí Minh,VERIFIED,2017-11-05,ACTIVE
2030,MSB00002030,Hoàng Minh Huy,2001-03-07,MALE,PRIVATE,Bình Dương,VERIFIED,2021-01-02,ACTIVE
2031,MSB00002031,Vũ Hữu Phúc,1974-01-03,MALE,AFFLUENT,Hà Nội,VERIFIED,2018-03-26,ACTIVE
2032,MSB00002032,Trần Diệu Nga,2006-01-01,FEMALE,MASS,TP. Hồ Chí Minh,VERIFIED,2018-11-13,ACTIVE
2033,MSB00002033,Phạm Phương Nga,1968-09-03,FEMALE,MASS_AFFLUENT,Cần Thơ,VERIFIED,2020-07-15,ACTIVE
2034,MSB00002034,Võ Quang Huy,1989-04-16,MALE,MASS_AFFLUENT,TP. Hồ Chí Minh,VERIFIED,2014-12-18,ACTIVE
2035,MSB00002035,Ngô Đức Hùng,1982-04-11,MALE,AFFLUENT,TP. Hồ Chí Minh,VERIFIED,2019-03-12,ACTIVE
2036,MSB00002036,Lý Phương Anh,2005-04-20,FEMALE,MASS_AFFLUENT,TP. Hồ Chí Minh,VERIFIED,2016-12-07,ACTIVE
2037,MSB00002037,Võ Hữu An,1996-07-19,MALE,MASS,Khánh Hòa,VERIFIED,2018-11-07,DORMANT
2038,MSB00002038,Lê Thu Chi,1985-03-09,FEMALE,PRIVATE,Đồng Nai,VERIFIED,2015-02-23,DORMANT
2039,MSB00002039,Ngô Ngọc Nga,1971-03-19,FEMALE,PRIVATE,Hà Nội,VERIFIED,2021-04-19,ACTIVE
2040,MSB00002040,Ngô Mai Uyên,1977-06-17,FEMALE,SME_OWNER,Hải Phòng,VERIFIED,2024-02-12,ACTIVE
2041,MSB00002041,Phạm Thành Trí,1992-11-03,MALE,MASS_AFFLUENT,Đà Nẵng,VERIFIED,2024-03-17,ACTIVE
2042,MSB00002042,Nguyễn Mai Vân,1976-12-19,FEMALE,MASS,TP. Hồ Chí Minh,VERIFIED,2014-09-28,ACTIVE
2043,MSB00002043,Ngô Ngọc Hà,1995-06-01,FEMALE,MASS,TP. Hồ Chí Minh,VERIFIED,2017-01-05,ACTIVE
2044,MSB00002044,Đỗ Quang Vinh,1979-06-29,MALE,MASS,Đồng Nai,PENDING,2022-10-08,DORMANT
2045,MSB00002045,Hoàng Hữu Huy,1979-01-15,MALE,SME_OWNER,Bình Dương,VERIFIED,2021-02-08,DORMANT
2046,MSB00002046,Võ Mai Yến,1995-08-27,FEMALE,MASS_AFFLUENT,Đà Nẵng,VERIFIED,2025-12-05,ACTIVE
2047,MSB00002047,Vũ Thu Yến,1996-07-03,FEMALE,MASS_AFFLUENT,Hà Nội,VERIFIED,2015-03-19,DORMANT
2048,MSB00002048,Đỗ Quang Trí,1981-03-20,MALE,MASS,Đà Nẵng,VERIFIED,2021-03-28,ACTIVE
2049,MSB00002049,Phạm Ngọc Anh,1976-08-31,FEMALE,MASS_AFFLUENT,TP. Hồ Chí Minh,VERIFIED,2021-11-03,DORMANT
2050,MSB00002050,Phan Kim My,1958-07-31,FEMALE,MASS_AFFLUENT,TP. Hồ Chí Minh,VERIFIED,2023-06-16,DORMANT
2051,MSB00002051,Lê Bá Phúc,1982-02-16,MALE,SME_OWNER,Nghệ An,PENDING,2025-05-14,ACTIVE
2052,MSB00002052,Vũ Bá Phúc,1984-02-04,MALE,AFFLUENT,Quảng Ninh,VERIFIED,2017-06-09,DORMANT
2053,MSB00002053,Dương Đức Đạt,1983-05-29,MALE,MASS_AFFLUENT,Nghệ An,VERIFIED,2023-09-23,ACTIVE
2054,MSB00002054,Lý Thành Huy,1963-02-20,MALE,MASS,Cần Thơ,EXPIRED,2025-04-24,ACTIVE
2055,MSB00002055,Đỗ Phương Trang,1991-01-09,FEMALE,MASS_AFFLUENT,Đà Nẵng,VERIFIED,2014-11-30,ACTIVE
2056,MSB00002056,Lý Phương Oanh,1987-07-09,FEMALE,MASS,TP. Hồ Chí Minh,VERIFIED,2019-12-08,ACTIVE
2057,MSB00002057,Trần Xuân Vinh,1987-09-14,MALE,PRIVATE,Nghệ An,VERIFIED,2025-06-05,ACTIVE
2058,MSB00002058,Lê Thu Hằng,1975-05-31,FEMALE,MASS,TP. Hồ Chí Minh,VERIFIED,2022-12-14,ACTIVE
2059,MSB00002059,Huỳnh Bá Phúc,1972-04-15,MALE,PRIVATE,Hà Nội,VERIFIED,2019-11-14,DORMANT
2060,MSB00002060,Phan Bá Long,1982-08-19,MALE,AFFLUENT,Hà Nội,VERIFIED,2023-12-01,ACTIVE
2061,MSB00002061,Dương Thành Hùng,1993-01-23,MALE,MASS,Bình Dương,VERIFIED,2014-10-12,DORMANT
2062,MSB00002062,Bùi Kim Lan,1972-01-24,FEMALE,MASS,TP. Hồ Chí Minh,VERIFIED,2016-02-11,ACTIVE
2063,MSB00002063,Dương Ngọc Dung,1993-07-16,FEMALE,MASS,Bình Dương,VERIFIED,2015-12-30,ACTIVE
2064,MSB00002064,Phan Kim Dung,1962-05-13,FEMALE,AFFLUENT,Đà Nẵng,VERIFIED,2020-04-24,ACTIVE
2065,MSB00002065,Đỗ Đức Bình,1974-11-22,MALE,MASS_AFFLUENT,TP. Hồ Chí Minh,VERIFIED,2014-10-19,ACTIVE
2066,MSB00002066,Võ Hữu Hoàng,1983-12-11,MALE,AFFLUENT,Đồng Nai,VERIFIED,2022-07-13,ACTIVE
2067,MSB00002067,Trần Công An,1995-05-08,MALE,AFFLUENT,Đồng Nai,VERIFIED,2019-11-07,DORMANT
2068,MSB00002068,Phan Diệu Nhung,1969-01-10,FEMALE,SME_OWNER,Hà Nội,VERIFIED,2017-08-16,ACTIVE
2069,MSB00002069,Võ Hữu Khoa,1975-11-29,MALE,MASS,Hà Nội,VERIFIED,2020-06-07,ACTIVE
2070,MSB00002070,Phan Phương Hà,1962-04-13,FEMALE,AFFLUENT,Đà Nẵng,VERIFIED,2016-05-17,DORMANT
2071,MSB00002071,Lý Phương Hoa,1971-06-25,FEMALE,MASS_AFFLUENT,Hà Nội,VERIFIED,2025-02-11,ACTIVE
2072,MSB00002072,Trần Quang Phúc,1967-08-21,MALE,MASS_AFFLUENT,TP. Hồ Chí Minh,VERIFIED,2021-03-03,ACTIVE
2073,MSB00002073,Bùi Quang Tuấn,2001-09-13,MALE,MASS,Khánh Hòa,EXPIRED,2016-08-24,ACTIVE
2074,MSB00002074,Ngô Minh Vinh,2005-05-03,MALE,MASS_AFFLUENT,Hà Nội,VERIFIED,2024-03-15,ACTIVE
2075,MSB00002075,Huỳnh Diệu Linh,1973-11-06,FEMALE,AFFLUENT,TP. Hồ Chí Minh,VERIFIED,2021-11-01,DORMANT
2076,MSB00002076,Bùi Diệu Lan,2006-05-01,FEMALE,MASS_AFFLUENT,TP. Hồ Chí Minh,VERIFIED,2014-09-24,DORMANT
2077,MSB00002077,Trần Đức Hùng,1961-12-11,MALE,MASS,TP. Hồ Chí Minh,VERIFIED,2019-03-04,ACTIVE
2078,MSB00002078,Nguyễn Kim Hằng,1962-04-28,FEMALE,SME_OWNER,TP. Hồ Chí Minh,VERIFIED,2022-02-20,ACTIVE
2079,MSB00002079,Trần Hữu Hùng,1977-01-18,MALE,MASS,TP. Hồ Chí Minh,VERIFIED,2022-02-03,ACTIVE
2080,MSB00002080,Huỳnh Xuân Việt,1969-09-13,MALE,MASS_AFFLUENT,Bình Dương,VERIFIED,2023-12-06,DORMANT
2081,MSB00002081,Đỗ Hải Uyên,1984-11-25,FEMALE,MASS,Bình Dương,VERIFIED,2017-10-03,DORMANT
2082,MSB00002082,Huỳnh Thị Nga,1959-06-29,FEMALE,SME_OWNER,TP. Hồ Chí Minh,VERIFIED,2025-02-13,DORMANT
2083,MSB00002083,Nguyễn Hữu Vinh,2005-02-17,MALE,MASS_AFFLUENT,Đồng Nai,VERIFIED,2023-11-25,DORMANT
2084,MSB00002084,Võ Hải Nga,1992-05-21,FEMALE,MASS,Hà Nội,PENDING,2024-11-18,DORMANT
2085,MSB00002085,Võ Thu Hà,1972-06-08,FEMALE,MASS_AFFLUENT,TP. Hồ Chí Minh,VERIFIED,2017-07-14,ACTIVE
2086,MSB00002086,Hoàng Mai Thảo,1966-10-29,FEMALE,MASS_AFFLUENT,Bình Dương,VERIFIED,2015-04-30,DORMANT
2087,MSB00002087,Trần Kim My,1993-09-03,FEMALE,AFFLUENT,Đà Nẵng,VERIFIED,2025-04-23,ACTIVE
2088,MSB00002088,Võ Đức An,1965-09-24,MALE,MASS_AFFLUENT,Quảng Ninh,VERIFIED,2015-04-15,ACTIVE
2089,MSB00002089,Phạm Hữu An,1982-10-26,MALE,MASS,Đà Nẵng,VERIFIED,2015-08-22,ACTIVE
2090,MSB00002090,Huỳnh Hải Thảo,1964-03-10,FEMALE,MASS,Nghệ An,VERIFIED,2020-05-27,ACTIVE
2091,MSB00002091,Bùi Hữu Long,1993-02-16,MALE,AFFLUENT,Hà Nội,PENDING,2025-11-23,DORMANT
2092,MSB00002092,Hoàng Hữu Trí,1972-02-12,MALE,MASS_AFFLUENT,Hà Nội,VERIFIED,2018-04-03,ACTIVE
2093,MSB00002093,Bùi Minh Nam,1995-12-03,MALE,AFFLUENT,TP. Hồ Chí Minh,PENDING,2020-03-17,ACTIVE
2094,MSB00002094,Huỳnh Công Tuấn,2000-08-08,MALE,MASS_AFFLUENT,Đồng Nai,VERIFIED,2016-08-12,ACTIVE
2095,MSB00002095,Dương Minh Dũng,1970-10-31,MALE,MASS_AFFLUENT,Hà Nội,VERIFIED,2022-11-20,ACTIVE
2096,MSB00002096,Lý Đức Bình,1971-11-07,MALE,MASS_AFFLUENT,TP. Hồ Chí Minh,VERIFIED,2019-10-29,DORMANT
2097,MSB00002097,Võ Bá Hùng,1991-08-30,MALE,AFFLUENT,Quảng Ninh,VERIFIED,2015-12-04,ACTIVE
2098,MSB00002098,Hoàng Đức Hoàng,1976-01-23,MALE,MASS,Hải Phòng,VERIFIED,2018-07-19,ACTIVE
2099,MSB00002099,Lý Mai Hằng,1959-03-15,FEMALE,AFFLUENT,TP. Hồ Chí Minh,VERIFIED,2018-10-15,ACTIVE
2100,MSB00002100,Ngô Thu Vân,1990-03-06,FEMALE,MASS,Hà Nội,VERIFIED,2015-01-18,ACTIVE
2101,MSB00002101,Lý Thành Trí,1981-01-13,MALE,MASS,Cần Thơ,VERIFIED,2020-08-13,DORMANT
2102,MSB00002102,Lê Quang An,1996-05-09,MALE,AFFLUENT,Khánh Hòa,VERIFIED,2024-04-24,ACTIVE
2103,MSB00002103,Bùi Công Trí,1980-11-17,MALE,MASS_AFFLUENT,Cần Thơ,VERIFIED,2014-12-10,ACTIVE
2104,MSB00002104,Vũ Hải Hoa,1962-03-19,FEMALE,MASS,Hà Nội,VERIFIED,2024-09-15,ACTIVE
2105,MSB00002105,Trần Hải Hà,1975-05-18,FEMALE,MASS,TP. Hồ Chí Minh,VERIFIED,2019-11-25,ACTIVE
2106,MSB00002106,Đỗ Kim Thảo,1998-12-03,FEMALE,MASS,TP. Hồ Chí Minh,VERIFIED,2017-07-18,DORMANT
2107,MSB00002107,Huỳnh Ngọc Trang,1969-04-27,FEMALE,MASS_AFFLUENT,Khánh Hòa,VERIFIED,2017-02-23,ACTIVE
2108,MSB00002108,Hồ Hữu Vinh,1985-07-29,MALE,MASS_AFFLUENT,Bình Dương,VERIFIED,2018-02-14,ACTIVE
2109,MSB00002109,Vũ Xuân Tuấn,2006-02-18,MALE,MASS_AFFLUENT,Bình Dương,VERIFIED,2021-05-13,ACTIVE
2110,MSB00002110,Hồ Công Khoa,1975-02-25,MALE,MASS,TP. Hồ Chí Minh,VERIFIED,2024-02-27,DORMANT
2111,MSB00002111,Hồ Văn Sơn,1992-05-13,MALE,SME_OWNER,Hà Nội,VERIFIED,2025-11-18,ACTIVE
2112,MSB00002112,Lý Xuân Việt,1958-08-15,MALE,MASS_AFFLUENT,Cần Thơ,PENDING,2022-10-19,ACTIVE
2113,MSB00002113,Vũ Mai Anh,1957-03-07,FEMALE,MASS_AFFLUENT,Hải Phòng,VERIFIED,2014-12-28,ACTIVE
2114,MSB00002114,Hồ Hữu Vinh,1972-11-19,MALE,MASS_AFFLUENT,Hà Nội,VERIFIED,2018-05-02,DORMANT
2115,MSB00002115,Huỳnh Hải Ngân,1974-11-09,FEMALE,MASS_AFFLUENT,Cần Thơ,VERIFIED,2021-07-31,DORMANT
2116,MSB00002116,Dương Bá Huy,1991-06-12,MALE,PRIVATE,Hà Nội,VERIFIED,2020-07-24,DORMANT
2117,MSB00002117,Lê Công Nam,2003-03-24,MALE,MASS,Cần Thơ,VERIFIED,2022-06-06,ACTIVE
2118,MSB00002118,Nguyễn Thị Anh,2002-10-03,FEMALE,PRIVATE,Cần Thơ,PENDING,2015-11-27,ACTIVE
2119,MSB00002119,Hồ Minh Vinh,1983-04-25,MALE,AFFLUENT,Hà Nội,VERIFIED,2021-01-14,ACTIVE
2120,MSB00002120,Ngô Văn Đạt,1991-03-08,MALE,MASS_AFFLUENT,Bình Dương,VERIFIED,2016-07-24,ACTIVE
2121,MSB00002121,Phạm Công Trí,1957-12-22,MALE,MASS,TP. Hồ Chí Minh,VERIFIED,2025-09-24,ACTIVE
2122,MSB00002122,Hoàng Diệu Nga,1992-03-14,FEMALE,AFFLUENT,TP. Hồ Chí Minh,VERIFIED,2020-08-23,DORMANT
2123,MSB00002123,Nguyễn Bá An,1995-10-25,MALE,SME_OWNER,Nghệ An,VERIFIED,2019-04-18,ACTIVE
2124,MSB00002124,Bùi Kim Dung,1966-04-18,FEMALE,SME_OWNER,Khánh Hòa,EXPIRED,2018-07-20,DORMANT
2125,MSB00002125,Võ Ngọc Chi,1965-03-01,FEMALE,MASS_AFFLUENT,TP. Hồ Chí Minh,VERIFIED,2026-01-18,ACTIVE
2126,MSB00002126,Võ Thị Nga,1988-02-21,FEMALE,MASS,Hải Phòng,PENDING,2018-10-27,ACTIVE
2127,MSB00002127,Phạm Bá Trí,2001-11-29,MALE,MASS_AFFLUENT,TP. Hồ Chí Minh,VERIFIED,2016-07-15,ACTIVE
2128,MSB00002128,Dương Diệu Chi,2002-04-26,FEMALE,AFFLUENT,Bình Dương,VERIFIED,2025-04-02,ACTIVE
2129,MSB00002129,Võ Đức Bình,1980-05-19,MALE,MASS_AFFLUENT,TP. Hồ Chí Minh,VERIFIED,2022-06-20,ACTIVE
2130,MSB00002130,Phan Ngọc Hoa,1963-04-19,FEMALE,AFFLUENT,TP. Hồ Chí Minh,VERIFIED,2021-05-12,ACTIVE
2131,MSB00002131,Trần Công Cường,1987-06-05,MALE,MASS,Hà Nội,VERIFIED,2023-05-12,ACTIVE
2132,MSB00002132,Nguyễn Minh Bình,2006-06-17,MALE,MASS_AFFLUENT,Khánh Hòa,VERIFIED,2021-03-13,DORMANT
2133,MSB00002133,Lý Bá Huy,1987-11-02,MALE,MASS,Khánh Hòa,VERIFIED,2015-11-29,ACTIVE
2134,MSB00002134,Trần Kim Uyên,2006-04-23,FEMALE,MASS,TP. Hồ Chí Minh,VERIFIED,2015-11-11,ACTIVE
2135,MSB00002135,Đặng Thu Uyên,1985-05-21,FEMALE,MASS,Đà Nẵng,VERIFIED,2019-04-25,ACTIVE
2136,MSB00002136,Hoàng Xuân Bình,1982-11-05,MALE,MASS_AFFLUENT,TP. Hồ Chí Minh,VERIFIED,2016-01-01,ACTIVE
2137,MSB00002137,Đỗ Văn Huy,1969-11-13,MALE,MASS_AFFLUENT,Hà Nội,VERIFIED,2016-10-26,ACTIVE
2138,MSB00002138,Huỳnh Thị Vân,2003-05-31,FEMALE,MASS,Hà Nội,VERIFIED,2025-08-27,ACTIVE
2139,MSB00002139,Lý Diệu My,1982-05-08,FEMALE,AFFLUENT,Bình Dương,VERIFIED,2021-10-24,ACTIVE
2140,MSB00002140,Nguyễn Thu Anh,1997-11-01,FEMALE,MASS,TP. Hồ Chí Minh,VERIFIED,2016-06-20,ACTIVE
2141,MSB00002141,Nguyễn Hữu Sơn,1983-05-19,MALE,MASS,TP. Hồ Chí Minh,VERIFIED,2021-03-02,ACTIVE
2142,MSB00002142,Hồ Phương Hà,1956-10-17,FEMALE,AFFLUENT,Khánh Hòa,VERIFIED,2019-03-12,ACTIVE
2143,MSB00002143,Đặng Thu My,1969-01-14,FEMALE,AFFLUENT,Hà Nội,VERIFIED,2021-07-09,ACTIVE
2144,MSB00002144,Dương Hữu Đạt,1963-12-28,MALE,MASS,Đà Nẵng,VERIFIED,2026-02-19,ACTIVE
2145,MSB00002145,Hoàng Thành Hùng,2005-02-14,MALE,SME_OWNER,Nghệ An,VERIFIED,2019-09-27,ACTIVE
2146,MSB00002146,Lê Minh Long,1968-08-16,MALE,AFFLUENT,Bình Dương,VERIFIED,2021-11-16,DORMANT
2147,MSB00002147,Võ Đức Trí,1962-11-01,MALE,AFFLUENT,Hà Nội,VERIFIED,2017-04-19,ACTIVE
2148,MSB00002148,Bùi Mai Uyên,1973-02-04,FEMALE,AFFLUENT,Hà Nội,VERIFIED,2015-12-20,ACTIVE
2149,MSB00002149,Đỗ Hữu Sơn,1967-06-26,MALE,AFFLUENT,Bình Dương,VERIFIED,2025-02-08,ACTIVE
2150,MSB00002150,Dương Thị My,2003-10-28,FEMALE,PRIVATE,Hà Nội,VERIFIED,2022-02-23,DORMANT
2151,MSB00002151,Lê Bá Huy,1970-05-12,MALE,MASS,Đà Nẵng,VERIFIED,2021-09-30,ACTIVE
2152,MSB00002152,Nguyễn Mai Lan,1965-04-16,FEMALE,PRIVATE,Hà Nội,VERIFIED,2018-06-09,DORMANT
2153,MSB00002153,Lý Thị Hà,1995-01-07,FEMALE,SME_OWNER,Bình Dương,VERIFIED,2021-09-15,DORMANT
2154,MSB00002154,Đỗ Mai Chi,1983-05-17,FEMALE,MASS_AFFLUENT,TP. Hồ Chí Minh,VERIFIED,2019-09-24,ACTIVE
2155,MSB00002155,Lê Ngọc Anh,1985-08-25,FEMALE,AFFLUENT,TP. Hồ Chí Minh,VERIFIED,2015-09-25,DORMANT
2156,MSB00002156,Hồ Thành Vinh,2002-05-02,MALE,AFFLUENT,Bình Dương,VERIFIED,2019-06-13,ACTIVE
2157,MSB00002157,Vũ Phương Ngân,1999-12-22,FEMALE,MASS_AFFLUENT,Hà Nội,VERIFIED,2025-03-06,ACTIVE
2158,MSB00002158,Đỗ Kim Nhung,1991-03-27,FEMALE,SME_OWNER,Đà Nẵng,VERIFIED,2020-09-19,ACTIVE
2159,MSB00002159,Bùi Quang Đạt,2000-12-10,MALE,MASS_AFFLUENT,Nghệ An,EXPIRED,2015-12-27,DORMANT
2160,MSB00002160,Huỳnh Mai Anh,1981-08-02,FEMALE,AFFLUENT,Hải Phòng,VERIFIED,2020-09-13,ACTIVE
2161,MSB00002161,Vũ Công Đạt,2004-05-26,MALE,AFFLUENT,Hà Nội,VERIFIED,2014-11-11,ACTIVE
2162,MSB00002162,Nguyễn Thùy My,2006-06-02,FEMALE,MASS,Khánh Hòa,VERIFIED,2015-10-19,DORMANT
2163,MSB00002163,Ngô Minh Tuấn,1975-08-05,MALE,AFFLUENT,Hà Nội,VERIFIED,2023-04-01,ACTIVE
2164,MSB00002164,Lê Diệu Uyên,1994-01-03,FEMALE,AFFLUENT,TP. Hồ Chí Minh,VERIFIED,2021-07-02,ACTIVE
2165,MSB00002165,Nguyễn Thành Cường,1988-06-12,MALE,SME_OWNER,Hà Nội,VERIFIED,2024-03-02,ACTIVE
2166,MSB00002166,Võ Thành Huy,1990-03-08,MALE,MASS,Cần Thơ,VERIFIED,2024-02-04,ACTIVE
2167,MSB00002167,Trần Đức Việt,1982-09-01,MALE,AFFLUENT,TP. Hồ Chí Minh,VERIFIED,2022-01-14,ACTIVE
2168,MSB00002168,Hoàng Hải Hà,1983-05-30,FEMALE,MASS_AFFLUENT,TP. Hồ Chí Minh,VERIFIED,2021-06-06,DORMANT
2169,MSB00002169,Lê Minh Việt,2000-06-17,MALE,AFFLUENT,TP. Hồ Chí Minh,VERIFIED,2022-03-29,ACTIVE
2170,MSB00002170,Phạm Mai Vân,2005-09-22,FEMALE,MASS,TP. Hồ Chí Minh,VERIFIED,2017-10-11,DORMANT
2171,MSB00002171,Trần Đức Sơn,1984-04-19,MALE,AFFLUENT,Bình Dương,VERIFIED,2024-07-21,ACTIVE
2172,MSB00002172,Vũ Thu Nga,1978-05-12,FEMALE,MASS_AFFLUENT,TP. Hồ Chí Minh,VERIFIED,2020-10-13,ACTIVE
2173,MSB00002173,Lý Đức Dũng,1967-12-09,MALE,AFFLUENT,Đà Nẵng,VERIFIED,2015-12-18,DORMANT
2174,MSB00002174,Đỗ Phương Oanh,1997-07-11,FEMALE,MASS_AFFLUENT,Hà Nội,VERIFIED,2017-10-15,ACTIVE
2175,MSB00002175,Bùi Hải Trang,2002-04-11,FEMALE,MASS_AFFLUENT,Khánh Hòa,VERIFIED,2023-12-11,ACTIVE
2176,MSB00002176,Đặng Minh Phúc,1977-06-16,MALE,MASS,TP. Hồ Chí Minh,VERIFIED,2023-07-13,DORMANT
2177,MSB00002177,Hoàng Minh Sơn,1960-10-06,MALE,MASS_AFFLUENT,TP. Hồ Chí Minh,EXPIRED,2015-07-12,ACTIVE
2178,MSB00002178,Đỗ Hải Lan,1995-05-12,FEMALE,SME_OWNER,TP. Hồ Chí Minh,VERIFIED,2019-07-13,ACTIVE
2179,MSB00002179,Đỗ Công Long,2002-02-02,MALE,SME_OWNER,Nghệ An,VERIFIED,2016-01-25,ACTIVE
2180,MSB00002180,Lê Đức Việt,1986-02-18,MALE,MASS,Đà Nẵng,PENDING,2016-03-30,DORMANT
2181,MSB00002181,Phạm Văn Hùng,1978-03-01,MALE,MASS,Hà Nội,VERIFIED,2021-03-06,ACTIVE
2182,MSB00002182,Lý Thùy Dung,1975-08-04,FEMALE,MASS,Hà Nội,VERIFIED,2020-02-26,DORMANT
2183,MSB00002183,Phan Ngọc Yến,2001-05-24,FEMALE,MASS_AFFLUENT,TP. Hồ Chí Minh,VERIFIED,2022-01-11,DORMANT
2184,MSB00002184,Phạm Ngọc Hoa,1973-10-19,FEMALE,MASS,Hà Nội,VERIFIED,2018-11-25,ACTIVE
2185,MSB00002185,Phạm Thu Hằng,1989-02-08,FEMALE,MASS,Đà Nẵng,VERIFIED,2018-10-01,ACTIVE
2186,MSB00002186,Đỗ Bá Dũng,2004-10-11,MALE,MASS,TP. Hồ Chí Minh,PENDING,2018-05-30,ACTIVE
2187,MSB00002187,Vũ Đức Đạt,1960-02-05,MALE,MASS,TP. Hồ Chí Minh,VERIFIED,2016-04-14,ACTIVE
2188,MSB00002188,Trần Công Khoa,1980-05-03,MALE,MASS,Bình Dương,VERIFIED,2017-09-12,DORMANT
2189,MSB00002189,Huỳnh Xuân Quân,1991-04-24,MALE,MASS,TP. Hồ Chí Minh,VERIFIED,2025-02-20,ACTIVE
2190,MSB00002190,Phan Bá Vinh,1965-11-18,MALE,MASS_AFFLUENT,Hà Nội,VERIFIED,2022-03-29,ACTIVE
2191,MSB00002191,Lê Kim Linh,1967-06-03,FEMALE,PRIVATE,TP. Hồ Chí Minh,VERIFIED,2019-09-05,ACTIVE
2192,MSB00002192,Vũ Công Hoàng,1996-01-22,MALE,MASS,Đồng Nai,PENDING,2019-01-06,ACTIVE
2193,MSB00002193,Lý Văn Đạt,1957-09-20,MALE,MASS,Đồng Nai,VERIFIED,2016-03-30,ACTIVE
2194,MSB00002194,Ngô Công Phúc,1979-10-24,MALE,AFFLUENT,Cần Thơ,VERIFIED,2021-06-22,ACTIVE
2195,MSB00002195,Trần Công Hùng,1993-04-08,MALE,AFFLUENT,Đồng Nai,VERIFIED,2016-09-28,DORMANT
2196,MSB00002196,Dương Văn Long,1984-05-18,MALE,SME_OWNER,Hà Nội,VERIFIED,2021-10-07,ACTIVE
2197,MSB00002197,Vũ Xuân Hoàng,1997-01-13,MALE,AFFLUENT,Hà Nội,VERIFIED,2024-08-15,ACTIVE
2198,MSB00002198,Dương Đức Hùng,1964-01-18,MALE,PRIVATE,Hà Nội,VERIFIED,2020-10-13,ACTIVE
2199,MSB00002199,Đặng Ngọc Anh,1992-12-07,FEMALE,MASS_AFFLUENT,Hà Nội,VERIFIED,2024-08-02,ACTIVE
2200,MSB00002200,Hồ Thị Hà,1985-08-01,FEMALE,MASS_AFFLUENT,Bình Dương,VERIFIED,2021-07-27,ACTIVE
2201,MSB00002201,Lý Hải Nhung,2003-02-12,FEMALE,AFFLUENT,Hà Nội,VERIFIED,2023-07-02,ACTIVE
2202,MSB00002202,Lê Thu Hà,1959-08-25,FEMALE,MASS,TP. Hồ Chí Minh,VERIFIED,2026-01-09,ACTIVE
2203,MSB00002203,Bùi Kim Lan,1990-09-01,FEMALE,MASS,TP. Hồ Chí Minh,VERIFIED,2018-08-03,ACTIVE
2204,MSB00002204,Đỗ Mai Trang,1973-10-12,FEMALE,SME_OWNER,Bình Dương,VERIFIED,2017-09-03,ACTIVE
2205,MSB00002205,Trần Quang Dũng,1988-11-30,MALE,AFFLUENT,Bình Dương,VERIFIED,2024-10-15,ACTIVE
2206,MSB00002206,Hoàng Diệu Linh,1978-05-12,FEMALE,MASS,Bình Dương,VERIFIED,2019-07-06,ACTIVE
2207,MSB00002207,Hồ Đức Trí,1977-11-28,MALE,MASS,TP. Hồ Chí Minh,VERIFIED,2020-06-20,DORMANT
2208,MSB00002208,Hoàng Hữu Khoa,1992-03-18,MALE,MASS_AFFLUENT,Khánh Hòa,VERIFIED,2024-09-20,ACTIVE
2209,MSB00002209,Lê Quang Cường,1985-01-03,MALE,MASS,Đồng Nai,VERIFIED,2019-03-26,DORMANT
2210,MSB00002210,Phạm Thành An,1977-06-04,MALE,PRIVATE,Hải Phòng,VERIFIED,2023-04-12,DORMANT
2211,MSB00002211,Vũ Hải My,1996-03-07,FEMALE,MASS_AFFLUENT,Đà Nẵng,PENDING,2016-09-27,ACTIVE
2212,MSB00002212,Nguyễn Hữu Trí,1999-10-12,MALE,AFFLUENT,TP. Hồ Chí Minh,VERIFIED,2019-03-14,ACTIVE
2213,MSB00002213,Hồ Ngọc Vân,1998-06-19,FEMALE,MASS_AFFLUENT,Cần Thơ,VERIFIED,2025-01-09,ACTIVE
2214,MSB00002214,Nguyễn Thị Vân,1986-04-09,FEMALE,MASS_AFFLUENT,Khánh Hòa,VERIFIED,2020-04-14,DORMANT
2215,MSB00002215,Bùi Quang Long,1996-05-13,MALE,AFFLUENT,TP. Hồ Chí Minh,VERIFIED,2024-12-18,ACTIVE
2216,MSB00002216,Ngô Quang Nam,1992-06-23,MALE,AFFLUENT,TP. Hồ Chí Minh,VERIFIED,2017-11-21,ACTIVE
2217,MSB00002217,Phan Công Sơn,1972-04-05,MALE,PRIVATE,TP. Hồ Chí Minh,VERIFIED,2022-11-09,ACTIVE
2218,MSB00002218,Bùi Bá Nam,1973-01-18,MALE,AFFLUENT,Quảng Ninh,VERIFIED,2020-08-14,ACTIVE
2219,MSB00002219,Hoàng Phương Ngân,1959-08-09,FEMALE,MASS,Đà Nẵng,VERIFIED,2018-03-17,ACTIVE
2220,MSB00002220,Hoàng Thị Hoa,1968-06-14,FEMALE,MASS_AFFLUENT,Nghệ An,VERIFIED,2016-06-22,ACTIVE
2221,MSB00002221,Trần Thị Thảo,1984-11-02,FEMALE,MASS_AFFLUENT,Đà Nẵng,VERIFIED,2020-05-08,ACTIVE
2222,MSB00002222,Hồ Văn Long,1960-05-24,MALE,MASS_AFFLUENT,TP. Hồ Chí Minh,VERIFIED,2025-06-04,DORMANT
2223,MSB00002223,Hoàng Diệu Linh,1960-04-27,FEMALE,AFFLUENT,Đà Nẵng,VERIFIED,2023-04-23,ACTIVE
2224,MSB00002224,Hoàng Phương My,1994-12-26,FEMALE,MASS,Hà Nội,PENDING,2019-03-05,ACTIVE
2225,MSB00002225,Lê Đức Cường,1997-11-28,MALE,MASS_AFFLUENT,TP. Hồ Chí Minh,VERIFIED,2025-11-02,DORMANT
2226,MSB00002226,Đỗ Xuân Hoàng,1961-09-11,MALE,MASS,TP. Hồ Chí Minh,VERIFIED,2021-12-29,DORMANT
2227,MSB00002227,Phan Minh Bình,1962-07-01,MALE,MASS,Đà Nẵng,VERIFIED,2022-07-22,DORMANT
2228,MSB00002228,Huỳnh Văn Vinh,1963-11-26,MALE,AFFLUENT,TP. Hồ Chí Minh,VERIFIED,2022-09-30,ACTIVE
2229,MSB00002229,Dương Thùy Oanh,1982-12-07,FEMALE,AFFLUENT,TP. Hồ Chí Minh,VERIFIED,2015-03-15,ACTIVE
2230,MSB00002230,Đặng Ngọc Trang,1963-07-14,FEMALE,AFFLUENT,Đồng Nai,VERIFIED,2015-04-28,DORMANT
2231,MSB00002231,Bùi Đức Hoàng,1967-10-13,MALE,MASS_AFFLUENT,Hà Nội,VERIFIED,2015-11-11,ACTIVE
2232,MSB00002232,Bùi Thu Trang,1969-05-05,FEMALE,MASS,Khánh Hòa,VERIFIED,2016-04-02,ACTIVE
2233,MSB00002233,Bùi Hữu Cường,1976-03-26,MALE,AFFLUENT,TP. Hồ Chí Minh,VERIFIED,2015-11-27,DORMANT
2234,MSB00002234,Huỳnh Văn Nam,1992-11-10,MALE,MASS,Đà Nẵng,VERIFIED,2024-03-08,DORMANT
2235,MSB00002235,Vũ Hải Hà,1969-02-17,FEMALE,MASS_AFFLUENT,Hà Nội,VERIFIED,2021-09-26,ACTIVE
2236,MSB00002236,Đặng Phương My,1963-05-20,FEMALE,AFFLUENT,Hà Nội,VERIFIED,2025-08-28,ACTIVE
2237,MSB00002237,Dương Thu Linh,1962-05-02,FEMALE,AFFLUENT,Cần Thơ,VERIFIED,2017-01-10,ACTIVE
2238,MSB00002238,Nguyễn Công An,1976-11-30,MALE,AFFLUENT,Khánh Hòa,PENDING,2016-03-18,ACTIVE
2239,MSB00002239,Lý Thu Uyên,2005-06-22,FEMALE,AFFLUENT,TP. Hồ Chí Minh,VERIFIED,2025-12-27,ACTIVE
2240,MSB00002240,Trần Thu Dung,1969-03-08,FEMALE,AFFLUENT,Hà Nội,VERIFIED,2024-05-08,ACTIVE
2241,MSB00002241,Huỳnh Phương Linh,1993-11-28,FEMALE,MASS_AFFLUENT,Bình Dương,VERIFIED,2024-05-10,ACTIVE
2242,MSB00002242,Đặng Bá An,1995-10-10,MALE,AFFLUENT,Khánh Hòa,VERIFIED,2015-07-02,ACTIVE
2243,MSB00002243,Phan Quang Quân,2002-10-31,MALE,AFFLUENT,Hải Phòng,VERIFIED,2017-02-09,ACTIVE
2244,MSB00002244,Lê Thùy Lan,1999-04-19,FEMALE,SME_OWNER,Hà Nội,VERIFIED,2023-02-03,DORMANT
2245,MSB00002245,Bùi Diệu Lan,1982-06-16,FEMALE,AFFLUENT,TP. Hồ Chí Minh,VERIFIED,2025-10-17,DORMANT
2246,MSB00002246,Võ Thu Anh,1992-09-20,FEMALE,SME_OWNER,Khánh Hòa,PENDING,2021-07-11,ACTIVE
2247,MSB00002247,Phan Ngọc Dung,1987-01-22,FEMALE,SME_OWNER,Hà Nội,VERIFIED,2019-07-06,ACTIVE
2248,MSB00002248,Bùi Thu Hằng,1981-04-01,FEMALE,MASS,Hà Nội,VERIFIED,2025-10-20,ACTIVE
2249,MSB00002249,Phan Diệu Nhung,1979-10-03,FEMALE,AFFLUENT,Hải Phòng,VERIFIED,2020-11-09,ACTIVE
2250,MSB00002250,Phan Bá An,1985-12-05,MALE,AFFLUENT,Đà Nẵng,VERIFIED,2020-01-22,ACTIVE
2251,MSB00002251,Huỳnh Minh Phúc,1984-03-07,MALE,MASS_AFFLUENT,Hà Nội,VERIFIED,2014-11-19,DORMANT
2252,MSB00002252,Bùi Thành Phúc,1962-06-17,MALE,MASS_AFFLUENT,Đà Nẵng,VERIFIED,2024-02-15,ACTIVE
2253,MSB00002253,Dương Diệu My,1992-07-29,FEMALE,MASS,Khánh Hòa,VERIFIED,2024-03-09,ACTIVE
2254,MSB00002254,Dương Quang Cường,2006-02-15,MALE,MASS_AFFLUENT,Đồng Nai,VERIFIED,2021-04-19,ACTIVE
2255,MSB00002255,Trần Văn Dũng,1966-07-17,MALE,MASS_AFFLUENT,Hà Nội,VERIFIED,2022-08-07,ACTIVE
2256,MSB00002256,Hoàng Thị Ngân,2002-05-06,FEMALE,MASS,Đồng Nai,VERIFIED,2015-08-09,DORMANT
2257,MSB00002257,Phan Phương Nga,1967-12-23,FEMALE,MASS,Đà Nẵng,VERIFIED,2017-02-23,DORMANT
2258,MSB00002258,Hoàng Quang Trí,1990-08-23,MALE,SME_OWNER,TP. Hồ Chí Minh,VERIFIED,2023-05-20,ACTIVE
2259,MSB00002259,Huỳnh Đức Quân,1963-09-01,MALE,PRIVATE,Hà Nội,VERIFIED,2022-06-03,ACTIVE
2260,MSB00002260,Hồ Kim Uyên,1998-03-21,FEMALE,MASS_AFFLUENT,Quảng Ninh,VERIFIED,2018-12-03,ACTIVE
2261,MSB00002261,Trần Văn Nam,1997-10-14,MALE,AFFLUENT,Hà Nội,VERIFIED,2016-02-29,ACTIVE
2262,MSB00002262,Phạm Văn Dũng,1986-06-26,MALE,AFFLUENT,Hà Nội,VERIFIED,2023-12-21,ACTIVE
2263,MSB00002263,Hoàng Xuân Hoàng,1986-03-12,MALE,AFFLUENT,Hải Phòng,VERIFIED,2022-11-15,ACTIVE
2264,MSB00002264,Huỳnh Xuân Đạt,1970-09-13,MALE,AFFLUENT,Cần Thơ,VERIFIED,2019-03-20,ACTIVE
2265,MSB00002265,Hoàng Kim Yến,1974-01-09,FEMALE,MASS_AFFLUENT,TP. Hồ Chí Minh,VERIFIED,2016-04-19,DORMANT
2266,MSB00002266,Vũ Công Huy,1956-11-05,MALE,AFFLUENT,Cần Thơ,VERIFIED,2022-12-15,ACTIVE
2267,MSB00002267,Bùi Công Đạt,1972-12-20,MALE,MASS,Bình Dương,VERIFIED,2020-11-15,ACTIVE
2268,MSB00002268,Đỗ Công Nam,1995-12-02,MALE,MASS_AFFLUENT,Bình Dương,VERIFIED,2018-05-18,ACTIVE
2269,MSB00002269,Nguyễn Văn Trí,2002-04-17,MALE,AFFLUENT,Cần Thơ,VERIFIED,2021-05-14,DORMANT
2270,MSB00002270,Nguyễn Bá Dũng,1993-03-15,MALE,MASS,Hà Nội,VERIFIED,2017-05-04,ACTIVE
2271,MSB00002271,Võ Hải Thảo,1957-08-09,FEMALE,PRIVATE,Đồng Nai,PENDING,2020-04-26,ACTIVE
2272,MSB00002272,Huỳnh Xuân Phúc,1968-05-25,MALE,SME_OWNER,Đà Nẵng,VERIFIED,2016-01-21,ACTIVE
2273,MSB00002273,Ngô Văn Hùng,1969-08-04,MALE,MASS,TP. Hồ Chí Minh,VERIFIED,2019-03-30,ACTIVE
2274,MSB00002274,Đặng Thành Hoàng,1993-05-01,MALE,MASS,Hà Nội,PENDING,2015-08-12,ACTIVE
2275,MSB00002275,Huỳnh Phương Nhung,1982-12-07,FEMALE,AFFLUENT,Đà Nẵng,VERIFIED,2016-04-19,ACTIVE
2276,MSB00002276,Lý Hữu An,1971-06-15,MALE,PRIVATE,Hà Nội,VERIFIED,2023-07-07,DORMANT
2277,MSB00002277,Đặng Thị Hà,1959-03-07,FEMALE,MASS,Đà Nẵng,VERIFIED,2015-11-11,ACTIVE
2278,MSB00002278,Võ Thu Hằng,1977-02-07,FEMALE,MASS_AFFLUENT,Hà Nội,VERIFIED,2024-10-27,DORMANT
2279,MSB00002279,Huỳnh Hải Lan,2005-06-29,FEMALE,MASS_AFFLUENT,Hải Phòng,VERIFIED,2023-01-11,ACTIVE
2280,MSB00002280,Hồ Thùy Chi,1963-11-05,FEMALE,MASS_AFFLUENT,Hà Nội,VERIFIED,2025-10-05,ACTIVE
2281,MSB00002281,Lê Xuân Hùng,1959-11-20,MALE,AFFLUENT,Đà Nẵng,VERIFIED,2025-02-09,DORMANT
2282,MSB00002282,Nguyễn Thu Oanh,2005-06-20,FEMALE,MASS,Hải Phòng,VERIFIED,2017-12-04,ACTIVE
2283,MSB00002283,Huỳnh Ngọc Chi,1987-08-15,FEMALE,MASS_AFFLUENT,TP. Hồ Chí Minh,VERIFIED,2025-01-11,ACTIVE
2284,MSB00002284,Bùi Hữu Bình,1958-08-26,MALE,MASS,Khánh Hòa,VERIFIED,2024-02-23,ACTIVE
2285,MSB00002285,Đỗ Diệu Ngân,1959-05-14,FEMALE,SME_OWNER,TP. Hồ Chí Minh,VERIFIED,2021-07-25,ACTIVE
2286,MSB00002286,Dương Công Quân,1958-07-13,MALE,MASS_AFFLUENT,Cần Thơ,VERIFIED,2016-12-29,ACTIVE
2287,MSB00002287,Huỳnh Kim Yến,1958-08-21,FEMALE,AFFLUENT,TP. Hồ Chí Minh,VERIFIED,2016-11-13,ACTIVE
2288,MSB00002288,Bùi Thị Ngân,2005-03-12,FEMALE,MASS,Bình Dương,VERIFIED,2015-01-27,DORMANT
2289,MSB00002289,Phan Kim Ngân,1999-02-18,FEMALE,MASS_AFFLUENT,Đồng Nai,VERIFIED,2025-09-07,ACTIVE
2290,MSB00002290,Đặng Bá Đạt,1982-08-21,MALE,MASS,TP. Hồ Chí Minh,PENDING,2024-08-07,ACTIVE
2291,MSB00002291,Lý Phương Hoa,1976-01-22,FEMALE,MASS,Nghệ An,VERIFIED,2021-09-03,DORMANT
2292,MSB00002292,Phạm Mai Yến,1986-04-02,FEMALE,MASS,Hà Nội,VERIFIED,2023-01-09,DORMANT
2293,MSB00002293,Nguyễn Hữu Việt,1993-06-15,MALE,AFFLUENT,Đồng Nai,VERIFIED,2025-03-12,ACTIVE
2294,MSB00002294,Lê Thị Thảo,1994-07-18,FEMALE,MASS,TP. Hồ Chí Minh,VERIFIED,2020-03-19,DORMANT
2295,MSB00002295,Trần Thùy Thảo,1975-11-24,FEMALE,MASS_AFFLUENT,Hà Nội,VERIFIED,2020-11-09,ACTIVE
2296,MSB00002296,Trần Mai Ngân,1958-07-19,FEMALE,MASS_AFFLUENT,Đà Nẵng,VERIFIED,2021-04-21,ACTIVE
2297,MSB00002297,Võ Mai Anh,1965-06-15,FEMALE,MASS_AFFLUENT,Hà Nội,VERIFIED,2026-01-23,ACTIVE
2298,MSB00002298,Nguyễn Hữu Phúc,1997-12-10,MALE,AFFLUENT,Đồng Nai,VERIFIED,2021-05-11,ACTIVE
2299,MSB00002299,Lý Văn Nam,1999-01-11,MALE,MASS_AFFLUENT,Bình Dương,VERIFIED,2020-12-25,ACTIVE
2300,MSB00002300,Phan Hữu Long,1992-08-28,MALE,MASS_AFFLUENT,Hải Phòng,VERIFIED,2023-10-18,ACTIVE
2301,MSB00002301,Phạm Hữu Quân,1970-08-13,MALE,MASS_AFFLUENT,Hà Nội,VERIFIED,2017-01-20,ACTIVE
2302,MSB00002302,Dương Công Tuấn,2006-06-18,MALE,MASS_AFFLUENT,Nghệ An,VERIFIED,2015-12-15,ACTIVE
2303,MSB00002303,Bùi Mai Uyên,1970-12-30,FEMALE,PRIVATE,Đồng Nai,VERIFIED,2015-06-29,ACTIVE
2304,MSB00002304,Dương Bá Huy,1977-06-05,MALE,MASS_AFFLUENT,Cần Thơ,VERIFIED,2018-05-18,DORMANT
2305,MSB00002305,Lý Hải My,1974-04-10,FEMALE,AFFLUENT,TP. Hồ Chí Minh,VERIFIED,2018-06-11,DORMANT
2306,MSB00002306,Hoàng Quang Hoàng,1963-05-12,MALE,AFFLUENT,TP. Hồ Chí Minh,VERIFIED,2024-07-13,ACTIVE
2307,MSB00002307,Hồ Minh Bình,1976-11-05,MALE,MASS,TP. Hồ Chí Minh,VERIFIED,2021-09-24,ACTIVE
2308,MSB00002308,Hoàng Phương Lan,1974-11-15,FEMALE,AFFLUENT,Đồng Nai,VERIFIED,2026-04-11,DORMANT
2309,MSB00002309,Vũ Thu Chi,1981-11-06,FEMALE,MASS,TP. Hồ Chí Minh,VERIFIED,2019-10-21,DORMANT
2310,MSB00002310,Vũ Minh Hoàng,1974-02-24,MALE,MASS,Hà Nội,VERIFIED,2017-06-06,DORMANT
2311,MSB00002311,Trần Kim Vân,1987-03-03,FEMALE,MASS,Hà Nội,VERIFIED,2018-07-10,DORMANT
2312,MSB00002312,Hoàng Đức Bình,2003-02-01,MALE,AFFLUENT,TP. Hồ Chí Minh,VERIFIED,2026-02-21,ACTIVE
2313,MSB00002313,Đặng Bá Phúc,2005-08-03,MALE,MASS_AFFLUENT,Đà Nẵng,VERIFIED,2019-11-02,ACTIVE
2314,MSB00002314,Phan Thành Nam,1971-02-10,MALE,MASS_AFFLUENT,Bình Dương,VERIFIED,2016-01-22,DORMANT
2315,MSB00002315,Phan Hải Hoa,1975-05-20,FEMALE,MASS_AFFLUENT,Khánh Hòa,VERIFIED,2025-02-19,ACTIVE
2316,MSB00002316,Ngô Đức Quân,1985-09-19,MALE,MASS,Hà Nội,VERIFIED,2020-02-25,ACTIVE
2317,MSB00002317,Hoàng Phương Linh,1969-06-21,FEMALE,SME_OWNER,Hà Nội,VERIFIED,2023-05-29,ACTIVE
2318,MSB00002318,Phạm Hải Yến,1983-08-16,FEMALE,SME_OWNER,TP. Hồ Chí Minh,VERIFIED,2015-06-24,DORMANT
2319,MSB00002319,Nguyễn Quang Việt,1993-09-10,MALE,MASS_AFFLUENT,Bình Dương,EXPIRED,2019-11-27,ACTIVE
2320,MSB00002320,Đỗ Thùy Dung,1977-07-01,FEMALE,MASS,Khánh Hòa,VERIFIED,2017-04-28,ACTIVE
2321,MSB00002321,Võ Quang Khoa,1988-02-21,MALE,AFFLUENT,Hà Nội,VERIFIED,2020-03-17,ACTIVE
2322,MSB00002322,Huỳnh Minh Phúc,1958-04-10,MALE,AFFLUENT,TP. Hồ Chí Minh,VERIFIED,2015-11-24,ACTIVE
2323,MSB00002323,Vũ Thành Trí,1970-05-21,MALE,MASS_AFFLUENT,Khánh Hòa,VERIFIED,2022-12-22,ACTIVE
2324,MSB00002324,Hồ Văn Long,1969-03-02,MALE,MASS_AFFLUENT,Đà Nẵng,VERIFIED,2017-08-26,ACTIVE
2325,MSB00002325,Nguyễn Bá Tuấn,1971-12-04,MALE,MASS_AFFLUENT,TP. Hồ Chí Minh,VERIFIED,2021-04-27,DORMANT
2326,MSB00002326,Phạm Bá Sơn,1972-07-17,MALE,MASS,TP. Hồ Chí Minh,PENDING,2019-08-08,ACTIVE
2327,MSB00002327,Nguyễn Thùy Uyên,1967-12-30,FEMALE,SME_OWNER,Hà Nội,VERIFIED,2018-04-29,ACTIVE
2328,MSB00002328,Hoàng Minh Huy,1984-10-05,MALE,MASS,Hà Nội,VERIFIED,2024-04-22,ACTIVE
2329,MSB00002329,Hoàng Văn Bình,1965-05-14,MALE,MASS,Hải Phòng,VERIFIED,2016-03-15,DORMANT
2330,MSB00002330,Dương Phương Hoa,2004-12-23,FEMALE,MASS,Cần Thơ,VERIFIED,2017-11-03,ACTIVE
2331,MSB00002331,Trần Thành An,1972-09-26,MALE,MASS,TP. Hồ Chí Minh,VERIFIED,2021-07-21,ACTIVE
2332,MSB00002332,Trần Phương Nhung,1979-09-22,FEMALE,MASS,Đà Nẵng,VERIFIED,2019-06-02,ACTIVE
2333,MSB00002333,Đặng Diệu Hằng,2006-01-03,FEMALE,MASS,Hà Nội,VERIFIED,2018-08-03,DORMANT
2334,MSB00002334,Võ Đức Long,1972-09-18,MALE,PRIVATE,Hà Nội,VERIFIED,2021-01-09,DORMANT
2335,MSB00002335,Lê Bá Việt,2005-11-17,MALE,MASS_AFFLUENT,Hà Nội,VERIFIED,2018-12-02,ACTIVE
2336,MSB00002336,Đỗ Hữu Cường,1971-02-22,MALE,AFFLUENT,Hà Nội,VERIFIED,2019-10-24,DORMANT
2337,MSB00002337,Hồ Quang An,1980-07-13,MALE,MASS_AFFLUENT,Quảng Ninh,VERIFIED,2017-03-27,ACTIVE
2338,MSB00002338,Bùi Xuân Vinh,1975-10-21,MALE,AFFLUENT,Hà Nội,VERIFIED,2023-08-14,ACTIVE
2339,MSB00002339,Hoàng Thu Trang,1976-05-15,FEMALE,MASS,Hà Nội,VERIFIED,2026-04-12,DORMANT
2340,MSB00002340,Phan Hải Thảo,1990-12-03,FEMALE,MASS_AFFLUENT,Bình Dương,VERIFIED,2021-08-11,ACTIVE
2341,MSB00002341,Phan Quang Phúc,1975-01-05,MALE,MASS_AFFLUENT,TP. Hồ Chí Minh,VERIFIED,2016-09-16,ACTIVE
2342,MSB00002342,Võ Thị Thảo,1995-04-19,FEMALE,AFFLUENT,Hà Nội,VERIFIED,2024-11-16,ACTIVE
2343,MSB00002343,Võ Đức Sơn,1968-11-18,MALE,AFFLUENT,Hà Nội,VERIFIED,2016-04-13,ACTIVE
2344,MSB00002344,Phan Mai Trang,2001-12-31,FEMALE,MASS,Hà Nội,PENDING,2021-07-19,DORMANT
2345,MSB00002345,Phan Hải Anh,1998-11-29,FEMALE,MASS,Hà Nội,VERIFIED,2023-11-23,ACTIVE
2346,MSB00002346,Lý Minh Tuấn,1970-09-15,MALE,PRIVATE,Hải Phòng,VERIFIED,2020-11-17,DORMANT
2347,MSB00002347,Bùi Đức Việt,2004-05-19,MALE,MASS,TP. Hồ Chí Minh,VERIFIED,2016-11-10,DORMANT
2348,MSB00002348,Phan Thành Bình,1957-11-22,MALE,MASS_AFFLUENT,Hà Nội,VERIFIED,2016-04-27,DORMANT
2349,MSB00002349,Lê Diệu Trang,2005-08-13,FEMALE,AFFLUENT,Bình Dương,VERIFIED,2019-03-06,DORMANT
2350,MSB00002350,Lê Hữu Quân,1979-12-13,MALE,AFFLUENT,Hà Nội,VERIFIED,2020-03-06,DORMANT
2351,MSB00002351,Nguyễn Ngọc Hoa,1957-07-02,FEMALE,AFFLUENT,TP. Hồ Chí Minh,VERIFIED,2016-12-01,DORMANT
2352,MSB00002352,Lê Đức Khoa,1973-06-08,MALE,MASS,Hà Nội,VERIFIED,2015-09-23,ACTIVE
2353,MSB00002353,Trần Quang Hùng,1975-06-18,MALE,SME_OWNER,Hà Nội,PENDING,2017-01-18,ACTIVE
2354,MSB00002354,Nguyễn Thị Thảo,1971-10-29,FEMALE,MASS_AFFLUENT,Đà Nẵng,VERIFIED,2015-01-14,ACTIVE
2355,MSB00002355,Trần Xuân Cường,1971-04-14,MALE,AFFLUENT,Hà Nội,VERIFIED,2016-08-19,ACTIVE
2356,MSB00002356,Trần Minh Đạt,1998-04-07,MALE,MASS,Hà Nội,VERIFIED,2025-10-03,ACTIVE
2357,MSB00002357,Trần Thu Trang,1991-04-19,FEMALE,AFFLUENT,TP. Hồ Chí Minh,VERIFIED,2026-02-05,ACTIVE
2358,MSB00002358,Trần Hữu Khoa,1997-01-12,MALE,MASS,Đồng Nai,VERIFIED,2019-05-13,ACTIVE
2359,MSB00002359,Hồ Mai Oanh,1995-09-28,FEMALE,MASS,TP. Hồ Chí Minh,VERIFIED,2015-03-01,DORMANT
2360,MSB00002360,Bùi Thị Hằng,1995-12-24,FEMALE,MASS_AFFLUENT,Hà Nội,VERIFIED,2022-11-02,ACTIVE
2361,MSB00002361,Dương Thành Hùng,1975-07-23,MALE,MASS_AFFLUENT,TP. Hồ Chí Minh,EXPIRED,2015-01-21,ACTIVE
2362,MSB00002362,Đỗ Hải Trang,1960-02-21,FEMALE,PRIVATE,TP. Hồ Chí Minh,VERIFIED,2016-05-25,ACTIVE
2363,MSB00002363,Lý Minh Bình,1979-07-20,MALE,PRIVATE,TP. Hồ Chí Minh,VERIFIED,2024-09-07,DORMANT
2364,MSB00002364,Ngô Thị Nhung,2006-06-28,FEMALE,AFFLUENT,TP. Hồ Chí Minh,PENDING,2020-07-25,ACTIVE
2365,MSB00002365,Hồ Thùy Uyên,1972-06-17,FEMALE,MASS,TP. Hồ Chí Minh,VERIFIED,2023-09-30,DORMANT
2366,MSB00002366,Hồ Phương Hoa,1978-12-17,FEMALE,MASS,Nghệ An,VERIFIED,2025-06-01,ACTIVE
2367,MSB00002367,Phạm Hải Dung,1967-10-13,FEMALE,MASS,Bình Dương,VERIFIED,2018-04-08,ACTIVE
2368,MSB00002368,Bùi Hữu Long,1988-05-29,MALE,AFFLUENT,Hà Nội,VERIFIED,2023-10-27,ACTIVE
2369,MSB00002369,Võ Thùy Uyên,1984-09-18,FEMALE,MASS,Bình Dương,VERIFIED,2019-10-19,DORMANT
2370,MSB00002370,Đỗ Văn Đạt,1974-05-23,MALE,SME_OWNER,TP. Hồ Chí Minh,VERIFIED,2018-06-20,ACTIVE
2371,MSB00002371,Đỗ Mai Ngân,1971-05-08,FEMALE,MASS,Bình Dương,VERIFIED,2021-04-15,ACTIVE
2372,MSB00002372,Bùi Công Hùng,1995-07-13,MALE,MASS,Đà Nẵng,VERIFIED,2025-05-25,ACTIVE
2373,MSB00002373,Phạm Đức Khoa,1977-08-10,MALE,MASS_AFFLUENT,Hải Phòng,VERIFIED,2025-07-09,DORMANT
2374,MSB00002374,Hồ Minh Nam,1958-01-13,MALE,SME_OWNER,TP. Hồ Chí Minh,VERIFIED,2021-11-27,ACTIVE
2375,MSB00002375,Đỗ Thành Huy,2003-04-02,MALE,AFFLUENT,Cần Thơ,VERIFIED,2025-10-30,ACTIVE
2376,MSB00002376,Hoàng Đức An,1990-07-16,MALE,MASS,Đà Nẵng,VERIFIED,2016-02-28,ACTIVE
2377,MSB00002377,Lê Quang Hoàng,1980-02-03,MALE,MASS,Đà Nẵng,VERIFIED,2024-05-21,ACTIVE
2378,MSB00002378,Đặng Diệu Nhung,1960-04-23,FEMALE,SME_OWNER,Đà Nẵng,VERIFIED,2025-12-26,ACTIVE
2379,MSB00002379,Dương Thu Hoa,1958-04-06,FEMALE,AFFLUENT,Hà Nội,VERIFIED,2024-09-10,ACTIVE
2380,MSB00002380,Hồ Quang Phúc,1976-10-07,MALE,MASS,TP. Hồ Chí Minh,VERIFIED,2018-03-17,DORMANT
2381,MSB00002381,Lý Hải Hoa,1979-04-03,FEMALE,MASS,Hà Nội,VERIFIED,2019-06-18,ACTIVE
2382,MSB00002382,Đặng Công Nam,1986-03-15,MALE,MASS,Hà Nội,VERIFIED,2018-06-13,ACTIVE
2383,MSB00002383,Hồ Hải Anh,1983-12-21,FEMALE,SME_OWNER,TP. Hồ Chí Minh,VERIFIED,2022-04-13,ACTIVE
2384,MSB00002384,Đặng Quang Quân,1969-10-05,MALE,AFFLUENT,TP. Hồ Chí Minh,VERIFIED,2022-08-02,ACTIVE
2385,MSB00002385,Hoàng Phương Thảo,1978-12-02,FEMALE,AFFLUENT,Hà Nội,EXPIRED,2018-06-29,DORMANT
2386,MSB00002386,Trần Quang Huy,1979-03-02,MALE,AFFLUENT,Hà Nội,VERIFIED,2025-01-04,ACTIVE
2387,MSB00002387,Phan Công Hùng,1964-05-08,MALE,MASS_AFFLUENT,TP. Hồ Chí Minh,VERIFIED,2021-09-23,ACTIVE
2388,MSB00002388,Phạm Ngọc Trang,2000-06-23,FEMALE,AFFLUENT,Nghệ An,VERIFIED,2025-02-17,ACTIVE
2389,MSB00002389,Lê Thu Thảo,1959-07-14,FEMALE,MASS,TP. Hồ Chí Minh,VERIFIED,2021-05-19,DORMANT
2390,MSB00002390,Lý Thu Linh,1970-11-24,FEMALE,AFFLUENT,Bình Dương,VERIFIED,2015-01-09,DORMANT
2391,MSB00002391,Phan Đức Cường,1976-12-02,MALE,MASS,TP. Hồ Chí Minh,VERIFIED,2016-05-30,DORMANT
2392,MSB00002392,Nguyễn Quang An,1978-04-20,MALE,MASS,Hà Nội,VERIFIED,2018-06-07,ACTIVE
2393,MSB00002393,Đặng Thị Dung,1977-09-19,FEMALE,MASS_AFFLUENT,Hà Nội,VERIFIED,2018-08-29,ACTIVE
2394,MSB00002394,Nguyễn Công Khoa,1977-09-09,MALE,PRIVATE,TP. Hồ Chí Minh,VERIFIED,2021-12-10,ACTIVE
2395,MSB00002395,Huỳnh Đức Huy,1989-01-13,MALE,PRIVATE,Khánh Hòa,VERIFIED,2018-02-06,ACTIVE
2396,MSB00002396,Phan Bá Hùng,1970-05-24,MALE,PRIVATE,TP. Hồ Chí Minh,VERIFIED,2016-08-09,ACTIVE
2397,MSB00002397,Vũ Văn Hùng,1994-02-24,MALE,MASS,TP. Hồ Chí Minh,VERIFIED,2019-10-21,DORMANT
2398,MSB00002398,Trần Văn Dũng,1973-10-31,MALE,MASS,Hải Phòng,VERIFIED,2025-02-13,ACTIVE
2399,MSB00002399,Lê Đức Vinh,1980-02-24,MALE,MASS_AFFLUENT,Cần Thơ,VERIFIED,2018-03-25,ACTIVE
2400,MSB00002400,Lê Phương Lan,1988-02-29,FEMALE,AFFLUENT,Đà Nẵng,VERIFIED,2024-11-05,ACTIVE
2401,MSB00002401,Phan Diệu My,1966-02-14,FEMALE,MASS_AFFLUENT,TP. Hồ Chí Minh,VERIFIED,2022-07-20,ACTIVE
2402,MSB00002402,Hoàng Thu Hà,1990-10-25,FEMALE,MASS,Nghệ An,VERIFIED,2024-01-09,ACTIVE
2403,MSB00002403,Hồ Phương Hằng,1974-03-31,FEMALE,MASS,TP. Hồ Chí Minh,PENDING,2025-09-28,ACTIVE
2404,MSB00002404,Vũ Minh An,1994-06-22,MALE,MASS_AFFLUENT,TP. Hồ Chí Minh,VERIFIED,2017-06-03,ACTIVE
2405,MSB00002405,Dương Mai Nga,1996-02-22,FEMALE,MASS_AFFLUENT,Đồng Nai,VERIFIED,2018-10-20,ACTIVE
2406,MSB00002406,Đỗ Thị Thảo,1978-01-08,FEMALE,MASS,Khánh Hòa,PENDING,2021-07-23,DORMANT
2407,MSB00002407,Bùi Diệu Vân,1957-09-20,FEMALE,SME_OWNER,Nghệ An,VERIFIED,2021-11-16,ACTIVE
2408,MSB00002408,Đặng Đức Việt,1992-07-17,MALE,MASS_AFFLUENT,TP. Hồ Chí Minh,VERIFIED,2018-10-31,DORMANT
2409,MSB00002409,Võ Ngọc Oanh,2000-09-17,FEMALE,AFFLUENT,Đồng Nai,VERIFIED,2020-02-16,ACTIVE
2410,MSB00002410,Dương Thùy Nga,1999-11-07,FEMALE,MASS,Hà Nội,VERIFIED,2023-08-13,DORMANT
2411,MSB00002411,Hồ Thu Lan,1981-12-11,FEMALE,MASS_AFFLUENT,Đồng Nai,PENDING,2020-09-21,DORMANT
2412,MSB00002412,Nguyễn Thu Ngân,1967-06-03,FEMALE,AFFLUENT,Cần Thơ,VERIFIED,2017-04-05,ACTIVE
2413,MSB00002413,Lý Kim Hoa,1971-06-14,FEMALE,MASS_AFFLUENT,TP. Hồ Chí Minh,VERIFIED,2019-11-20,ACTIVE
2414,MSB00002414,Hồ Thùy Hà,1996-03-24,FEMALE,MASS_AFFLUENT,TP. Hồ Chí Minh,VERIFIED,2016-12-22,ACTIVE
2415,MSB00002415,Võ Mai Hà,1965-06-22,FEMALE,MASS_AFFLUENT,Cần Thơ,PENDING,2020-05-26,DORMANT
2416,MSB00002416,Nguyễn Hải Ngân,1997-12-31,FEMALE,MASS_AFFLUENT,TP. Hồ Chí Minh,VERIFIED,2021-07-04,ACTIVE
2417,MSB00002417,Bùi Ngọc Dung,1978-11-27,FEMALE,MASS,Quảng Ninh,VERIFIED,2017-09-01,DORMANT
2418,MSB00002418,Huỳnh Minh Nam,1964-03-06,MALE,PRIVATE,Đồng Nai,VERIFIED,2023-11-20,ACTIVE
2419,MSB00002419,Dương Thu Hoa,1965-12-18,FEMALE,AFFLUENT,Bình Dương,EXPIRED,2019-01-06,DORMANT
2420,MSB00002420,Lê Quang Hoàng,1970-11-17,MALE,MASS,TP. Hồ Chí Minh,PENDING,2018-12-23,ACTIVE
2421,MSB00002421,Dương Đức Nam,1989-09-28,MALE,AFFLUENT,Cần Thơ,VERIFIED,2023-02-05,ACTIVE
2422,MSB00002422,Đỗ Văn Việt,1967-12-20,MALE,MASS,Cần Thơ,VERIFIED,2023-05-04,ACTIVE
2423,MSB00002423,Lê Văn Cường,1987-06-04,MALE,MASS,TP. Hồ Chí Minh,VERIFIED,2025-05-08,ACTIVE
2424,MSB00002424,Dương Thành Hoàng,1989-07-11,MALE,AFFLUENT,Hà Nội,VERIFIED,2024-08-06,DORMANT
2425,MSB00002425,Đỗ Bá Phúc,1979-09-19,MALE,AFFLUENT,Cần Thơ,VERIFIED,2025-03-19,DORMANT
2426,MSB00002426,Hồ Văn Sơn,1975-11-19,MALE,MASS,TP. Hồ Chí Minh,VERIFIED,2019-02-22,ACTIVE
2427,MSB00002427,Hồ Diệu Lan,1995-10-22,FEMALE,MASS_AFFLUENT,Hà Nội,VERIFIED,2024-11-27,DORMANT
2428,MSB00002428,Lê Hải Chi,1960-03-26,FEMALE,MASS,Hà Nội,VERIFIED,2020-05-06,DORMANT
2429,MSB00002429,Hồ Hải Oanh,1963-07-02,FEMALE,MASS_AFFLUENT,TP. Hồ Chí Minh,VERIFIED,2025-01-10,DORMANT
2430,MSB00002430,Hoàng Hữu Sơn,1992-01-22,MALE,AFFLUENT,TP. Hồ Chí Minh,PENDING,2017-03-10,ACTIVE
2431,MSB00002431,Huỳnh Công Dũng,1994-01-06,MALE,AFFLUENT,Hà Nội,VERIFIED,2018-06-04,ACTIVE
2432,MSB00002432,Huỳnh Mai Yến,2003-06-10,FEMALE,MASS_AFFLUENT,Đà Nẵng,VERIFIED,2022-12-01,ACTIVE
2433,MSB00002433,Huỳnh Hữu An,1986-03-09,MALE,AFFLUENT,Đồng Nai,VERIFIED,2017-10-01,ACTIVE
2434,MSB00002434,Phạm Thị Oanh,1998-03-26,FEMALE,MASS_AFFLUENT,Đà Nẵng,VERIFIED,2023-09-13,ACTIVE
2435,MSB00002435,Bùi Mai Hoa,1960-05-25,FEMALE,MASS,TP. Hồ Chí Minh,VERIFIED,2018-12-01,ACTIVE
2436,MSB00002436,Ngô Hữu Hùng,1961-11-02,MALE,MASS,Hà Nội,VERIFIED,2018-11-09,ACTIVE
2437,MSB00002437,Dương Bá Sơn,1965-03-03,MALE,MASS,TP. Hồ Chí Minh,VERIFIED,2021-03-28,ACTIVE
2438,MSB00002438,Đặng Thành Hoàng,1991-09-24,MALE,MASS,Đà Nẵng,EXPIRED,2018-02-24,DORMANT
2439,MSB00002439,Phạm Thị Hà,1972-08-27,FEMALE,MASS_AFFLUENT,Đồng Nai,VERIFIED,2015-04-09,DORMANT
2440,MSB00002440,Huỳnh Đức Quân,1981-09-19,MALE,AFFLUENT,Đồng Nai,VERIFIED,2021-07-04,DORMANT
2441,MSB00002441,Lê Phương Oanh,1992-12-29,FEMALE,PRIVATE,TP. Hồ Chí Minh,PENDING,2023-01-08,ACTIVE
2442,MSB00002442,Trần Thu Nga,1979-12-16,FEMALE,SME_OWNER,Hà Nội,VERIFIED,2021-03-02,DORMANT
2443,MSB00002443,Trần Quang Vinh,1998-05-14,MALE,MASS_AFFLUENT,Hải Phòng,VERIFIED,2019-09-14,ACTIVE
2444,MSB00002444,Huỳnh Văn Quân,1958-07-30,MALE,MASS,Nghệ An,VERIFIED,2024-11-19,ACTIVE
2445,MSB00002445,Ngô Đức Đạt,1998-06-04,MALE,MASS,Nghệ An,VERIFIED,2015-02-17,ACTIVE
2446,MSB00002446,Ngô Đức Sơn,1991-03-20,MALE,MASS_AFFLUENT,Quảng Ninh,VERIFIED,2020-11-07,ACTIVE
2447,MSB00002447,Nguyễn Kim Vân,1995-04-27,FEMALE,PRIVATE,TP. Hồ Chí Minh,VERIFIED,2015-01-31,ACTIVE
2448,MSB00002448,Lý Thùy Nhung,1980-06-18,FEMALE,MASS_AFFLUENT,Bình Dương,VERIFIED,2015-02-11,DORMANT
2449,MSB00002449,Trần Thu Vân,1973-08-23,FEMALE,MASS_AFFLUENT,Hà Nội,VERIFIED,2025-08-01,ACTIVE
2450,MSB00002450,Bùi Công Trí,1958-12-17,MALE,MASS_AFFLUENT,Hà Nội,VERIFIED,2024-12-31,ACTIVE
2451,MSB00002451,Hồ Văn Bình,1986-12-28,MALE,MASS,Hải Phòng,VERIFIED,2024-03-17,ACTIVE
2452,MSB00002452,Bùi Mai Dung,1996-06-30,FEMALE,MASS,Hà Nội,VERIFIED,2019-09-14,ACTIVE
2453,MSB00002453,Võ Mai Vân,2004-11-15,FEMALE,MASS,TP. Hồ Chí Minh,VERIFIED,2022-03-15,ACTIVE
2454,MSB00002454,Bùi Diệu Yến,1976-09-05,FEMALE,MASS_AFFLUENT,Hà Nội,VERIFIED,2026-02-10,ACTIVE
2455,MSB00002455,Ngô Hải Thảo,1957-08-28,FEMALE,SME_OWNER,Hà Nội,VERIFIED,2019-09-30,ACTIVE
2456,MSB00002456,Nguyễn Thị Nga,2003-06-18,FEMALE,MASS_AFFLUENT,Hà Nội,VERIFIED,2022-07-13,ACTIVE
2457,MSB00002457,Bùi Xuân Việt,1957-03-25,MALE,AFFLUENT,Đà Nẵng,VERIFIED,2016-06-28,ACTIVE
2458,MSB00002458,Phạm Xuân Bình,1993-08-08,MALE,MASS_AFFLUENT,TP. Hồ Chí Minh,VERIFIED,2017-06-13,ACTIVE
2459,MSB00002459,Trần Hải Thảo,1961-08-23,FEMALE,MASS,Đà Nẵng,VERIFIED,2016-06-22,ACTIVE
2460,MSB00002460,Võ Hữu An,2002-10-25,MALE,MASS_AFFLUENT,Hải Phòng,VERIFIED,2019-09-17,ACTIVE
2461,MSB00002461,Lý Thu Nhung,1961-09-08,FEMALE,MASS_AFFLUENT,Hà Nội,VERIFIED,2018-03-18,ACTIVE
2462,MSB00002462,Huỳnh Hữu Việt,1990-06-15,MALE,MASS,Đồng Nai,VERIFIED,2025-05-19,ACTIVE
2463,MSB00002463,Đỗ Minh Quân,1993-03-11,MALE,AFFLUENT,Hà Nội,VERIFIED,2017-06-19,DORMANT
2464,MSB00002464,Vũ Quang Hoàng,1996-08-19,MALE,SME_OWNER,Đồng Nai,VERIFIED,2021-01-21,ACTIVE
2465,MSB00002465,Đỗ Thu Hằng,1999-11-04,FEMALE,SME_OWNER,Quảng Ninh,VERIFIED,2026-04-11,ACTIVE
2466,MSB00002466,Bùi Phương Lan,1967-02-09,FEMALE,MASS,Khánh Hòa,VERIFIED,2025-05-28,ACTIVE
2467,MSB00002467,Ngô Công Long,2003-05-14,MALE,MASS,Đà Nẵng,VERIFIED,2022-09-24,ACTIVE
2468,MSB00002468,Võ Hữu Việt,1982-09-09,MALE,MASS,Bình Dương,VERIFIED,2021-12-20,DORMANT
2469,MSB00002469,Dương Xuân Phúc,1959-07-10,MALE,AFFLUENT,Hà Nội,VERIFIED,2023-11-23,DORMANT
2470,MSB00002470,Hoàng Minh Bình,1986-05-22,MALE,AFFLUENT,Khánh Hòa,VERIFIED,2017-05-11,ACTIVE
2471,MSB00002471,Bùi Ngọc Dung,1964-11-28,FEMALE,MASS_AFFLUENT,Hà Nội,VERIFIED,2021-02-11,DORMANT
2472,MSB00002472,Võ Thành Hùng,1972-03-31,MALE,AFFLUENT,Đà Nẵng,VERIFIED,2023-04-25,DORMANT
2473,MSB00002473,Phan Xuân Việt,1966-12-16,MALE,MASS,TP. Hồ Chí Minh,PENDING,2018-06-20,ACTIVE
2474,MSB00002474,Hồ Minh Phúc,1959-06-03,MALE,MASS_AFFLUENT,Bình Dương,VERIFIED,2021-01-14,ACTIVE
2475,MSB00002475,Vũ Kim Dung,2001-12-30,FEMALE,MASS_AFFLUENT,Cần Thơ,VERIFIED,2017-03-30,ACTIVE
2476,MSB00002476,Nguyễn Mai Nga,1991-02-06,FEMALE,PRIVATE,TP. Hồ Chí Minh,VERIFIED,2020-06-28,ACTIVE
2477,MSB00002477,Võ Phương Linh,1990-08-10,FEMALE,MASS,Hà Nội,VERIFIED,2017-08-02,ACTIVE
2478,MSB00002478,Dương Kim Nga,2003-05-03,FEMALE,MASS,Bình Dương,VERIFIED,2016-05-17,ACTIVE
2479,MSB00002479,Võ Thùy Hà,2001-05-11,FEMALE,MASS_AFFLUENT,Quảng Ninh,VERIFIED,2025-05-27,ACTIVE
2480,MSB00002480,Lê Đức Cường,2001-01-24,MALE,SME_OWNER,Hà Nội,VERIFIED,2024-11-28,DORMANT
2481,MSB00002481,Phạm Diệu Lan,1959-03-22,FEMALE,MASS_AFFLUENT,Cần Thơ,VERIFIED,2017-10-21,ACTIVE
2482,MSB00002482,Hồ Ngọc Uyên,1964-03-06,FEMALE,SME_OWNER,TP. Hồ Chí Minh,VERIFIED,2019-11-28,ACTIVE
2483,MSB00002483,Hồ Bá Khoa,1977-06-27,MALE,PRIVATE,TP. Hồ Chí Minh,VERIFIED,2023-07-09,DORMANT
2484,MSB00002484,Trần Thu Oanh,1963-09-23,FEMALE,AFFLUENT,Hà Nội,VERIFIED,2025-12-19,ACTIVE
2485,MSB00002485,Bùi Hải Thảo,1988-11-27,FEMALE,MASS,Cần Thơ,VERIFIED,2015-03-08,ACTIVE
2486,MSB00002486,Phạm Ngọc My,1982-12-27,FEMALE,AFFLUENT,Hà Nội,VERIFIED,2025-03-28,DORMANT
2487,MSB00002487,Lê Quang An,1962-05-19,MALE,MASS,Đồng Nai,VERIFIED,2020-12-06,ACTIVE
2488,MSB00002488,Dương Văn Bình,1998-12-22,MALE,MASS,TP. Hồ Chí Minh,PENDING,2023-10-02,ACTIVE
2489,MSB00002489,Lê Diệu Vân,1999-06-04,FEMALE,AFFLUENT,Đà Nẵng,VERIFIED,2021-09-17,ACTIVE
2490,MSB00002490,Dương Bá Huy,1980-03-03,MALE,MASS,TP. Hồ Chí Minh,VERIFIED,2017-12-07,DORMANT
2491,MSB00002491,Vũ Văn Nam,1994-05-22,MALE,SME_OWNER,Hải Phòng,VERIFIED,2020-05-22,ACTIVE
2492,MSB00002492,Phạm Đức Việt,1973-05-09,MALE,MASS,Hà Nội,VERIFIED,2025-11-05,ACTIVE
2493,MSB00002493,Lê Đức Nam,1975-01-03,MALE,PRIVATE,TP. Hồ Chí Minh,VERIFIED,2025-04-23,ACTIVE
2494,MSB00002494,Nguyễn Hải Trang,1990-05-05,FEMALE,MASS,TP. Hồ Chí Minh,VERIFIED,2015-04-22,ACTIVE
2495,MSB00002495,Võ Thị Uyên,2000-12-04,FEMALE,PRIVATE,Đà Nẵng,VERIFIED,2023-05-22,ACTIVE
2496,MSB00002496,Vũ Thu Thảo,2002-02-25,FEMALE,AFFLUENT,Đà Nẵng,VERIFIED,2021-05-04,ACTIVE
2497,MSB00002497,Ngô Công Nam,1983-09-04,MALE,MASS,Hà Nội,VERIFIED,2017-03-02,ACTIVE
2498,MSB00002498,Dương Hữu Nam,1990-06-18,MALE,MASS_AFFLUENT,Hà Nội,VERIFIED,2016-07-18,DORMANT
2499,MSB00002499,Đặng Công Khoa,2004-09-17,MALE,MASS_AFFLUENT,Hà Nội,VERIFIED,2023-01-05,DORMANT
2500,MSB00002500,Trần Đức Long,1972-07-10,MALE,MASS,Hà Nội,VERIFIED,2023-09-27,DORMANT
2501,MSB00002501,Ngô Ngọc Dung,1959-02-09,FEMALE,PRIVATE,Hà Nội,VERIFIED,2021-03-23,DORMANT
2502,MSB00002502,Ngô Công Huy,1958-04-14,MALE,MASS_AFFLUENT,Hà Nội,PENDING,2022-05-21,ACTIVE
2503,MSB00002503,Trần Văn Huy,2000-11-26,MALE,MASS,TP. Hồ Chí Minh,VERIFIED,2018-02-24,ACTIVE
2504,MSB00002504,Trần Thị Nhung,1997-07-11,FEMALE,MASS,Hà Nội,VERIFIED,2017-11-05,DORMANT
2505,MSB00002505,Huỳnh Kim Linh,1985-05-27,FEMALE,MASS_AFFLUENT,TP. Hồ Chí Minh,VERIFIED,2023-04-17,ACTIVE
2506,MSB00002506,Hoàng Minh Hùng,1961-06-04,MALE,PRIVATE,Bình Dương,VERIFIED,2021-11-26,DORMANT
2507,MSB00002507,Phạm Thu Dung,1977-09-25,FEMALE,SME_OWNER,Bình Dương,EXPIRED,2017-10-21,ACTIVE
2508,MSB00002508,Võ Minh An,1984-02-14,MALE,AFFLUENT,Đà Nẵng,VERIFIED,2020-05-29,ACTIVE
2509,MSB00002509,Vũ Hải Anh,1960-06-29,FEMALE,MASS_AFFLUENT,Hà Nội,VERIFIED,2019-11-25,ACTIVE
2510,MSB00002510,Hoàng Diệu Linh,1972-11-12,FEMALE,MASS,TP. Hồ Chí Minh,VERIFIED,2016-11-20,ACTIVE
2511,MSB00002511,Nguyễn Minh Nam,1957-05-15,MALE,MASS_AFFLUENT,TP. Hồ Chí Minh,VERIFIED,2018-09-22,ACTIVE
2512,MSB00002512,Phạm Văn Đạt,1963-06-07,MALE,AFFLUENT,Đà Nẵng,EXPIRED,2018-09-25,ACTIVE
2513,MSB00002513,Ngô Thành An,1957-02-28,MALE,AFFLUENT,Khánh Hòa,VERIFIED,2020-09-16,ACTIVE
2514,MSB00002514,Ngô Kim My,1978-11-13,FEMALE,PRIVATE,Đà Nẵng,EXPIRED,2016-07-30,ACTIVE
2515,MSB00002515,Dương Công Hùng,1987-10-26,MALE,MASS_AFFLUENT,Nghệ An,VERIFIED,2026-01-22,ACTIVE
2516,MSB00002516,Phạm Diệu Nga,2003-08-23,FEMALE,MASS_AFFLUENT,Hà Nội,VERIFIED,2025-04-26,DORMANT
2517,MSB00002517,Đặng Quang Dũng,1969-10-04,MALE,SME_OWNER,TP. Hồ Chí Minh,PENDING,2018-06-09,ACTIVE
2518,MSB00002518,Phan Xuân Cường,1992-08-29,MALE,MASS_AFFLUENT,Hà Nội,PENDING,2019-03-27,DORMANT
2519,MSB00002519,Lý Đức Khoa,2006-05-02,MALE,MASS,Hà Nội,VERIFIED,2023-01-24,ACTIVE
2520,MSB00002520,Nguyễn Quang Khoa,1966-02-20,MALE,MASS,Hà Nội,PENDING,2019-04-25,ACTIVE
2521,MSB00002521,Vũ Quang Tuấn,1985-04-12,MALE,MASS,Khánh Hòa,VERIFIED,2025-01-28,ACTIVE
2522,MSB00002522,Lý Phương Hà,1979-03-08,FEMALE,MASS,TP. Hồ Chí Minh,VERIFIED,2019-03-31,ACTIVE
2523,MSB00002523,Đỗ Thị Vân,1967-01-02,FEMALE,AFFLUENT,Khánh Hòa,VERIFIED,2022-02-11,ACTIVE
2524,MSB00002524,Hoàng Thành Cường,1990-01-02,MALE,MASS,Đồng Nai,VERIFIED,2019-06-17,ACTIVE
2525,MSB00002525,Phan Hải Nhung,1966-03-07,FEMALE,MASS,Cần Thơ,VERIFIED,2022-05-08,ACTIVE
2526,MSB00002526,Nguyễn Văn Trí,1977-03-07,MALE,MASS,Khánh Hòa,VERIFIED,2017-11-19,ACTIVE
2527,MSB00002527,Võ Mai Chi,1978-03-02,FEMALE,AFFLUENT,TP. Hồ Chí Minh,VERIFIED,2025-01-09,ACTIVE
2528,MSB00002528,Vũ Quang Huy,1993-04-01,MALE,AFFLUENT,Đồng Nai,VERIFIED,2016-06-25,ACTIVE
2529,MSB00002529,Đỗ Phương Hoa,1967-07-15,FEMALE,MASS,Hải Phòng,VERIFIED,2020-07-22,DORMANT
2530,MSB00002530,Lý Đức Khoa,1994-04-14,MALE,MASS,Đà Nẵng,VERIFIED,2023-08-25,ACTIVE
2531,MSB00002531,Đỗ Xuân Đạt,1975-12-10,MALE,MASS,Đà Nẵng,VERIFIED,2015-02-08,ACTIVE
2532,MSB00002532,Lê Mai Lan,1964-09-05,FEMALE,MASS,Khánh Hòa,VERIFIED,2025-02-08,ACTIVE
2533,MSB00002533,Phạm Xuân Trí,2000-11-04,MALE,MASS,Khánh Hòa,VERIFIED,2020-01-24,ACTIVE
2534,MSB00002534,Huỳnh Văn Dũng,1985-10-17,MALE,AFFLUENT,Hà Nội,VERIFIED,2025-06-18,ACTIVE
2535,MSB00002535,Võ Văn Hùng,1972-11-15,MALE,MASS,Hà Nội,VERIFIED,2015-11-01,DORMANT
2536,MSB00002536,Lê Diệu Lan,1993-02-25,FEMALE,SME_OWNER,TP. Hồ Chí Minh,VERIFIED,2024-06-24,DORMANT
2537,MSB00002537,Phan Công An,2004-12-22,MALE,MASS_AFFLUENT,Bình Dương,VERIFIED,2023-05-23,ACTIVE
2538,MSB00002538,Võ Diệu Uyên,1985-10-26,FEMALE,MASS,Hà Nội,VERIFIED,2018-09-04,DORMANT
2539,MSB00002539,Hoàng Thị Trang,1982-06-07,FEMALE,AFFLUENT,Hải Phòng,VERIFIED,2016-01-03,ACTIVE
2540,MSB00002540,Ngô Diệu Ngân,1960-07-04,FEMALE,MASS,TP. Hồ Chí Minh,EXPIRED,2021-06-20,ACTIVE
2541,MSB00002541,Vũ Thành Việt,1966-05-22,MALE,SME_OWNER,Khánh Hòa,VERIFIED,2023-04-17,ACTIVE
2542,MSB00002542,Hồ Thu Yến,1997-02-15,FEMALE,MASS_AFFLUENT,Bình Dương,VERIFIED,2022-04-02,ACTIVE
2543,MSB00002543,Nguyễn Văn Tuấn,1992-11-14,MALE,AFFLUENT,TP. Hồ Chí Minh,VERIFIED,2015-08-17,ACTIVE
2544,MSB00002544,Đặng Kim Yến,1997-03-16,FEMALE,SME_OWNER,TP. Hồ Chí Minh,VERIFIED,2015-09-18,DORMANT
2545,MSB00002545,Ngô Thành Cường,1960-09-03,MALE,MASS_AFFLUENT,Bình Dương,VERIFIED,2024-11-24,ACTIVE
2546,MSB00002546,Trần Thùy Nhung,1989-05-01,FEMALE,MASS_AFFLUENT,TP. Hồ Chí Minh,VERIFIED,2015-10-30,ACTIVE
2547,MSB00002547,Đỗ Mai Chi,1962-03-12,FEMALE,MASS_AFFLUENT,Đà Nẵng,VERIFIED,2016-07-08,ACTIVE
2548,MSB00002548,Hoàng Công Tuấn,2002-09-27,MALE,MASS,Khánh Hòa,EXPIRED,2020-01-16,ACTIVE
2549,MSB00002549,Nguyễn Bá Bình,1979-06-27,MALE,MASS_AFFLUENT,Đà Nẵng,VERIFIED,2023-05-07,ACTIVE
2550,MSB00002550,Võ Xuân Dũng,2002-10-29,MALE,MASS,Khánh Hòa,PENDING,2020-12-23,ACTIVE
2551,MSB00002551,Bùi Kim Uyên,1979-07-04,FEMALE,PRIVATE,TP. Hồ Chí Minh,VERIFIED,2017-04-14,DORMANT
2552,MSB00002552,Đặng Bá Nam,2005-09-30,MALE,MASS_AFFLUENT,Đà Nẵng,VERIFIED,2023-03-04,DORMANT
2553,MSB00002553,Lê Hải Thảo,1999-05-03,FEMALE,MASS,Nghệ An,VERIFIED,2022-04-25,ACTIVE
2554,MSB00002554,Phan Bá Đạt,1999-01-09,MALE,MASS,Cần Thơ,VERIFIED,2020-12-17,ACTIVE
2555,MSB00002555,Bùi Mai Ngân,1970-12-12,FEMALE,MASS_AFFLUENT,Khánh Hòa,VERIFIED,2025-07-17,ACTIVE
2556,MSB00002556,Hồ Công Quân,1974-04-12,MALE,AFFLUENT,Bình Dương,VERIFIED,2021-07-14,ACTIVE
2557,MSB00002557,Trần Hữu Sơn,1979-02-09,MALE,AFFLUENT,Hà Nội,VERIFIED,2024-10-06,ACTIVE
2558,MSB00002558,Đỗ Văn Bình,1996-11-24,MALE,MASS,TP. Hồ Chí Minh,VERIFIED,2026-03-31,DORMANT
2559,MSB00002559,Nguyễn Kim Lan,1992-10-12,FEMALE,PRIVATE,Cần Thơ,VERIFIED,2021-10-23,ACTIVE
2560,MSB00002560,Nguyễn Bá Quân,1988-07-19,MALE,MASS_AFFLUENT,Đồng Nai,VERIFIED,2017-06-24,DORMANT
2561,MSB00002561,Nguyễn Thành Huy,1958-02-28,MALE,SME_OWNER,Bình Dương,VERIFIED,2014-11-12,ACTIVE
2562,MSB00002562,Phan Xuân Nam,1970-10-21,MALE,MASS,TP. Hồ Chí Minh,VERIFIED,2021-03-18,ACTIVE
2563,MSB00002563,Trần Thùy Chi,2005-02-06,FEMALE,MASS,Đà Nẵng,VERIFIED,2017-07-14,DORMANT
2564,MSB00002564,Hoàng Ngọc Linh,2005-08-17,FEMALE,MASS,Hải Phòng,VERIFIED,2023-09-23,ACTIVE
2565,MSB00002565,Vũ Bá An,1989-07-13,MALE,MASS,TP. Hồ Chí Minh,PENDING,2018-11-26,ACTIVE
2566,MSB00002566,Dương Đức Trí,1995-11-03,MALE,MASS,Đà Nẵng,VERIFIED,2018-07-22,DORMANT
2567,MSB00002567,Lê Văn Cường,1986-03-26,MALE,AFFLUENT,Quảng Ninh,VERIFIED,2022-06-14,ACTIVE
2568,MSB00002568,Hoàng Xuân Phúc,1956-12-14,MALE,PRIVATE,Đà Nẵng,VERIFIED,2021-02-07,ACTIVE
2569,MSB00002569,Lê Phương Nga,1996-10-06,FEMALE,AFFLUENT,Hà Nội,VERIFIED,2018-07-06,DORMANT
2570,MSB00002570,Đỗ Thành Hoàng,1977-07-26,MALE,SME_OWNER,TP. Hồ Chí Minh,VERIFIED,2022-09-01,DORMANT
2571,MSB00002571,Lê Kim Nhung,1982-03-14,FEMALE,PRIVATE,Hà Nội,VERIFIED,2019-04-15,DORMANT
2572,MSB00002572,Võ Diệu Thảo,1974-07-05,FEMALE,SME_OWNER,Hải Phòng,VERIFIED,2023-08-20,ACTIVE
2573,MSB00002573,Hồ Thu Nga,1978-10-25,FEMALE,MASS,Khánh Hòa,VERIFIED,2020-01-30,DORMANT
2574,MSB00002574,Hồ Đức Việt,1981-03-15,MALE,MASS,Hải Phòng,PENDING,2025-08-21,ACTIVE
2575,MSB00002575,Phạm Thùy Hằng,1992-10-12,FEMALE,MASS,Đồng Nai,VERIFIED,2021-02-13,ACTIVE
2576,MSB00002576,Dương Xuân Đạt,1958-05-10,MALE,SME_OWNER,Cần Thơ,VERIFIED,2020-06-17,ACTIVE
2577,MSB00002577,Hoàng Bá Dũng,1993-07-05,MALE,AFFLUENT,TP. Hồ Chí Minh,VERIFIED,2016-09-04,DORMANT
2578,MSB00002578,Lê Thu Dung,1998-10-16,FEMALE,MASS,TP. Hồ Chí Minh,VERIFIED,2021-12-12,DORMANT
2579,MSB00002579,Bùi Thành An,2002-01-16,MALE,AFFLUENT,TP. Hồ Chí Minh,VERIFIED,2026-04-03,ACTIVE
2580,MSB00002580,Trần Minh Cường,2003-06-19,MALE,MASS,TP. Hồ Chí Minh,VERIFIED,2025-11-09,ACTIVE
2581,MSB00002581,Ngô Công Nam,1988-12-17,MALE,AFFLUENT,Hà Nội,VERIFIED,2020-01-14,ACTIVE
2582,MSB00002582,Nguyễn Thành Việt,1966-03-28,MALE,AFFLUENT,Hải Phòng,VERIFIED,2016-11-07,ACTIVE
2583,MSB00002583,Hồ Kim Hằng,1999-08-11,FEMALE,AFFLUENT,Hà Nội,PENDING,2015-12-10,ACTIVE
2584,MSB00002584,Trần Thu Nga,2006-05-24,FEMALE,MASS_AFFLUENT,Hà Nội,VERIFIED,2016-11-24,ACTIVE
2585,MSB00002585,Trần Thị Hà,1979-11-28,FEMALE,PRIVATE,TP. Hồ Chí Minh,VERIFIED,2022-05-12,DORMANT
2586,MSB00002586,Trần Văn Phúc,1978-07-12,MALE,MASS_AFFLUENT,Quảng Ninh,VERIFIED,2020-08-11,ACTIVE
2587,MSB00002587,Đỗ Minh Bình,1978-04-26,MALE,MASS_AFFLUENT,TP. Hồ Chí Minh,VERIFIED,2015-12-20,ACTIVE
2588,MSB00002588,Huỳnh Văn Tuấn,2006-05-25,MALE,SME_OWNER,Bình Dương,VERIFIED,2016-07-17,ACTIVE
2589,MSB00002589,Phạm Công Huy,1995-12-04,MALE,AFFLUENT,TP. Hồ Chí Minh,VERIFIED,2021-01-12,DORMANT
2590,MSB00002590,Đặng Hải Lan,1988-10-18,FEMALE,MASS_AFFLUENT,Hà Nội,VERIFIED,2020-09-18,ACTIVE
2591,MSB00002591,Dương Hải Nga,1969-11-13,FEMALE,MASS,Hà Nội,VERIFIED,2025-07-08,ACTIVE
2592,MSB00002592,Đặng Phương Dung,1973-12-09,FEMALE,SME_OWNER,Hà Nội,VERIFIED,2024-05-10,ACTIVE
2593,MSB00002593,Hoàng Hải Linh,1966-07-26,FEMALE,MASS_AFFLUENT,TP. Hồ Chí Minh,VERIFIED,2020-02-26,DORMANT
2594,MSB00002594,Hồ Minh Bình,1978-09-29,MALE,MASS_AFFLUENT,TP. Hồ Chí Minh,VERIFIED,2020-04-16,DORMANT
2595,MSB00002595,Bùi Phương Lan,1986-06-29,FEMALE,MASS_AFFLUENT,Đà Nẵng,PENDING,2019-08-15,ACTIVE
2596,MSB00002596,Hồ Ngọc Dung,1979-04-03,FEMALE,PRIVATE,Hà Nội,VERIFIED,2022-09-06,DORMANT
2597,MSB00002597,Trần Diệu Lan,1986-10-30,FEMALE,AFFLUENT,TP. Hồ Chí Minh,VERIFIED,2023-09-06,DORMANT
2598,MSB00002598,Phan Đức Vinh,1999-06-02,MALE,AFFLUENT,Hà Nội,VERIFIED,2021-01-18,ACTIVE
2599,MSB00002599,Đặng Diệu Yến,1978-06-09,FEMALE,MASS,Đồng Nai,VERIFIED,2016-01-29,ACTIVE
2600,MSB00002600,Lý Đức Sơn,1992-08-18,MALE,MASS_AFFLUENT,TP. Hồ Chí Minh,PENDING,2015-01-02,ACTIVE
2601,MSB00002601,Huỳnh Hải Trang,1993-04-19,FEMALE,MASS,Đà Nẵng,VERIFIED,2025-09-18,ACTIVE
2602,MSB00002602,Hoàng Mai Hoa,1971-03-01,FEMALE,AFFLUENT,Cần Thơ,VERIFIED,2022-03-07,ACTIVE
2603,MSB00002603,Lý Mai Anh,2003-03-11,FEMALE,AFFLUENT,TP. Hồ Chí Minh,VERIFIED,2020-03-31,DORMANT
2604,MSB00002604,Phan Công Hoàng,2005-08-13,MALE,MASS,Hà Nội,VERIFIED,2023-10-23,DORMANT
2605,MSB00002605,Đỗ Văn Đạt,1989-06-14,MALE,MASS_AFFLUENT,Đà Nẵng,EXPIRED,2022-03-17,DORMANT
2606,MSB00002606,Phạm Ngọc Hà,1977-08-26,FEMALE,SME_OWNER,Khánh Hòa,VERIFIED,2024-10-29,ACTIVE
2607,MSB00002607,Lê Kim Chi,1965-06-06,FEMALE,AFFLUENT,Đồng Nai,VERIFIED,2020-11-30,ACTIVE
2608,MSB00002608,Trần Mai Lan,1981-01-19,FEMALE,MASS,TP. Hồ Chí Minh,PENDING,2016-01-07,DORMANT
2609,MSB00002609,Bùi Xuân An,1994-08-24,MALE,MASS,TP. Hồ Chí Minh,VERIFIED,2015-07-01,DORMANT
2610,MSB00002610,Hồ Thị Trang,1989-06-28,FEMALE,MASS,TP. Hồ Chí Minh,VERIFIED,2026-02-25,ACTIVE
2611,MSB00002611,Hoàng Thùy Hằng,1988-02-11,FEMALE,AFFLUENT,TP. Hồ Chí Minh,VERIFIED,2018-11-25,ACTIVE
2612,MSB00002612,Huỳnh Thành Việt,1990-02-04,MALE,AFFLUENT,Nghệ An,VERIFIED,2015-09-29,DORMANT
2613,MSB00002613,Đỗ Văn Trí,1972-10-04,MALE,MASS_AFFLUENT,Hà Nội,VERIFIED,2017-05-14,ACTIVE
2614,MSB00002614,Phan Thùy Yến,1967-01-31,FEMALE,MASS,Hà Nội,VERIFIED,2025-08-09,ACTIVE
2615,MSB00002615,Hồ Văn Nam,1970-09-25,MALE,MASS,Hà Nội,VERIFIED,2021-10-12,ACTIVE
2616,MSB00002616,Dương Hải Hà,1986-12-07,FEMALE,AFFLUENT,Đồng Nai,VERIFIED,2017-07-19,DORMANT
2617,MSB00002617,Đỗ Thùy Lan,1992-02-09,FEMALE,MASS,TP. Hồ Chí Minh,VERIFIED,2014-11-25,ACTIVE
2618,MSB00002618,Phạm Thành Huy,2003-04-11,MALE,MASS_AFFLUENT,Hà Nội,VERIFIED,2022-11-26,ACTIVE
2619,MSB00002619,Nguyễn Quang Hùng,1967-07-19,MALE,AFFLUENT,TP. Hồ Chí Minh,VERIFIED,2023-01-09,ACTIVE
2620,MSB00002620,Hồ Thùy Lan,1957-12-13,FEMALE,AFFLUENT,Hà Nội,VERIFIED,2023-05-31,DORMANT
2621,MSB00002621,Phạm Mai Chi,2003-09-20,FEMALE,MASS,Hà Nội,VERIFIED,2015-11-21,ACTIVE
2622,MSB00002622,Đặng Thùy Ngân,2000-04-16,FEMALE,AFFLUENT,Nghệ An,VERIFIED,2024-03-24,ACTIVE
2623,MSB00002623,Hồ Hải Anh,1996-04-20,FEMALE,MASS,Hải Phòng,VERIFIED,2022-01-21,DORMANT
2624,MSB00002624,Hồ Thu Oanh,1967-07-24,FEMALE,MASS,Hải Phòng,VERIFIED,2024-10-03,ACTIVE
2625,MSB00002625,Lý Thùy Lan,1996-01-22,FEMALE,MASS,TP. Hồ Chí Minh,PENDING,2015-05-14,DORMANT
2626,MSB00002626,Ngô Thùy Hằng,2006-05-06,FEMALE,MASS_AFFLUENT,TP. Hồ Chí Minh,VERIFIED,2025-07-21,ACTIVE
2627,MSB00002627,Võ Diệu Hoa,1990-08-24,FEMALE,SME_OWNER,Bình Dương,VERIFIED,2020-05-30,ACTIVE
2628,MSB00002628,Phan Bá Cường,1988-08-25,MALE,MASS,Hà Nội,VERIFIED,2024-07-08,ACTIVE
2629,MSB00002629,Huỳnh Đức Nam,1987-04-28,MALE,MASS,Hải Phòng,VERIFIED,2021-07-30,ACTIVE
2630,MSB00002630,Đặng Thùy Linh,1981-03-12,FEMALE,SME_OWNER,Đà Nẵng,VERIFIED,2019-06-19,DORMANT
2631,MSB00002631,Dương Bá Trí,1994-03-14,MALE,PRIVATE,TP. Hồ Chí Minh,VERIFIED,2018-03-07,ACTIVE
2632,MSB00002632,Bùi Phương Hà,2004-11-30,FEMALE,AFFLUENT,Hà Nội,VERIFIED,2019-09-07,DORMANT
2633,MSB00002633,Lê Kim Linh,2001-02-16,FEMALE,PRIVATE,Đồng Nai,VERIFIED,2021-05-05,ACTIVE
2634,MSB00002634,Hồ Văn Huy,1969-11-14,MALE,MASS_AFFLUENT,Khánh Hòa,VERIFIED,2023-01-18,ACTIVE
2635,MSB00002635,Lê Công Long,1974-05-11,MALE,MASS,Hà Nội,VERIFIED,2016-12-18,ACTIVE
2636,MSB00002636,Dương Hải Anh,1993-06-04,FEMALE,MASS_AFFLUENT,Hà Nội,VERIFIED,2018-05-25,ACTIVE
2637,MSB00002637,Ngô Thành Bình,1959-02-13,MALE,MASS_AFFLUENT,Hải Phòng,VERIFIED,2018-06-28,DORMANT
2638,MSB00002638,Hồ Thị Linh,1979-07-21,FEMALE,SME_OWNER,Bình Dương,VERIFIED,2017-05-08,DORMANT
2639,MSB00002639,Lê Thị Ngân,1966-11-22,FEMALE,MASS_AFFLUENT,TP. Hồ Chí Minh,VERIFIED,2023-10-04,ACTIVE
2640,MSB00002640,Bùi Minh Long,1967-06-22,MALE,MASS,Khánh Hòa,VERIFIED,2014-11-23,ACTIVE
2641,MSB00002641,Võ Thùy Anh,1990-09-28,FEMALE,MASS,Đồng Nai,VERIFIED,2015-08-09,ACTIVE
2642,MSB00002642,Lê Văn Vinh,1976-09-02,MALE,AFFLUENT,Hà Nội,VERIFIED,2021-03-13,ACTIVE
2643,MSB00002643,Đặng Hữu Sơn,1977-02-12,MALE,MASS,Hà Nội,VERIFIED,2023-12-13,ACTIVE
2644,MSB00002644,Vũ Hữu Trí,1984-05-06,MALE,AFFLUENT,Hà Nội,VERIFIED,2021-12-16,ACTIVE
2645,MSB00002645,Lý Thành Hoàng,1975-04-27,MALE,MASS_AFFLUENT,Đồng Nai,VERIFIED,2021-10-17,DORMANT
2646,MSB00002646,Võ Mai Nga,1990-03-24,FEMALE,MASS,Đà Nẵng,PENDING,2014-12-23,DORMANT
2647,MSB00002647,Lê Hữu Đạt,2002-03-06,MALE,MASS,Nghệ An,VERIFIED,2022-12-16,DORMANT
2648,MSB00002648,Vũ Thành Cường,2004-07-31,MALE,MASS,Cần Thơ,EXPIRED,2015-05-04,ACTIVE
2649,MSB00002649,Vũ Văn Dũng,1984-06-16,MALE,MASS,Cần Thơ,VERIFIED,2023-08-19,ACTIVE
2650,MSB00002650,Trần Hữu Sơn,1960-11-12,MALE,AFFLUENT,Hà Nội,VERIFIED,2015-07-08,ACTIVE
2651,MSB00002651,Nguyễn Hữu Việt,1996-08-08,MALE,AFFLUENT,Hà Nội,VERIFIED,2015-06-24,ACTIVE
2652,MSB00002652,Lê Phương Vân,1977-03-17,FEMALE,MASS_AFFLUENT,Khánh Hòa,VERIFIED,2019-03-24,ACTIVE
2653,MSB00002653,Hồ Hữu Cường,1997-10-12,MALE,MASS_AFFLUENT,TP. Hồ Chí Minh,VERIFIED,2025-01-26,ACTIVE
2654,MSB00002654,Đỗ Ngọc Linh,1975-07-28,FEMALE,MASS,Quảng Ninh,VERIFIED,2019-02-14,DORMANT
2655,MSB00002655,Vũ Quang Phúc,1996-09-24,MALE,MASS_AFFLUENT,TP. Hồ Chí Minh,VERIFIED,2015-09-12,ACTIVE
2656,MSB00002656,Nguyễn Văn An,1984-03-08,MALE,AFFLUENT,Đà Nẵng,VERIFIED,2015-07-03,ACTIVE
2657,MSB00002657,Hoàng Bá Trí,1966-03-26,MALE,AFFLUENT,Đà Nẵng,VERIFIED,2020-12-28,ACTIVE
2658,MSB00002658,Vũ Thị Chi,1987-12-11,FEMALE,AFFLUENT,Hà Nội,VERIFIED,2020-09-23,DORMANT
2659,MSB00002659,Ngô Ngọc Vân,1959-11-18,FEMALE,AFFLUENT,TP. Hồ Chí Minh,VERIFIED,2021-11-05,DORMANT
2660,MSB00002660,Võ Bá Cường,2004-03-08,MALE,MASS_AFFLUENT,Khánh Hòa,VERIFIED,2023-11-02,DORMANT
2661,MSB00002661,Ngô Kim Linh,2002-07-28,FEMALE,MASS,TP. Hồ Chí Minh,VERIFIED,2018-09-14,ACTIVE
2662,MSB00002662,Võ Đức Sơn,1997-09-08,MALE,MASS,TP. Hồ Chí Minh,VERIFIED,2014-11-01,DORMANT
2663,MSB00002663,Hồ Mai Thảo,1994-08-24,FEMALE,AFFLUENT,Hải Phòng,PENDING,2023-03-18,ACTIVE
2664,MSB00002664,Phan Hải Vân,1984-10-13,FEMALE,SME_OWNER,Bình Dương,VERIFIED,2016-07-03,ACTIVE
2665,MSB00002665,Nguyễn Minh Việt,1961-03-22,MALE,MASS,Bình Dương,PENDING,2025-03-17,ACTIVE
2666,MSB00002666,Vũ Văn Tuấn,1994-02-21,MALE,MASS_AFFLUENT,TP. Hồ Chí Minh,VERIFIED,2025-09-03,ACTIVE
2667,MSB00002667,Phan Quang An,1988-11-21,MALE,AFFLUENT,TP. Hồ Chí Minh,VERIFIED,2015-10-27,ACTIVE
2668,MSB00002668,Nguyễn Phương Thảo,2003-09-19,FEMALE,AFFLUENT,TP. Hồ Chí Minh,VERIFIED,2025-01-05,ACTIVE
2669,MSB00002669,Bùi Xuân Đạt,1971-07-05,MALE,MASS_AFFLUENT,Nghệ An,VERIFIED,2021-07-01,DORMANT
2670,MSB00002670,Hoàng Thị Ngân,1978-11-05,FEMALE,MASS_AFFLUENT,Khánh Hòa,VERIFIED,2016-01-15,DORMANT
2671,MSB00002671,Đặng Thành Quân,2003-12-30,MALE,SME_OWNER,Đà Nẵng,VERIFIED,2022-04-04,ACTIVE
2672,MSB00002672,Dương Mai Ngân,1983-04-16,FEMALE,MASS_AFFLUENT,TP. Hồ Chí Minh,VERIFIED,2022-10-25,ACTIVE
2673,MSB00002673,Võ Văn Hoàng,1996-03-25,MALE,MASS,Khánh Hòa,VERIFIED,2025-11-07,ACTIVE
2674,MSB00002674,Bùi Diệu Chi,1984-11-19,FEMALE,MASS,Hà Nội,VERIFIED,2018-03-16,ACTIVE
2675,MSB00002675,Lê Thành Phúc,1992-07-07,MALE,MASS_AFFLUENT,Hà Nội,VERIFIED,2022-08-05,ACTIVE
2676,MSB00002676,Đặng Công Tuấn,1967-02-25,MALE,MASS_AFFLUENT,TP. Hồ Chí Minh,VERIFIED,2024-12-14,ACTIVE
2677,MSB00002677,Bùi Hữu Vinh,2003-12-08,MALE,MASS,Hải Phòng,VERIFIED,2020-10-15,ACTIVE
2678,MSB00002678,Vũ Phương Nhung,1977-02-12,FEMALE,SME_OWNER,Hà Nội,VERIFIED,2024-05-03,ACTIVE
2679,MSB00002679,Đỗ Đức An,1967-03-18,MALE,AFFLUENT,TP. Hồ Chí Minh,VERIFIED,2016-06-05,ACTIVE
2680,MSB00002680,Lê Diệu Hằng,2006-02-18,FEMALE,MASS,Bình Dương,VERIFIED,2017-08-11,DORMANT
2681,MSB00002681,Phạm Mai Hằng,1961-02-22,FEMALE,SME_OWNER,Hải Phòng,VERIFIED,2014-11-25,ACTIVE
2682,MSB00002682,Vũ Công Tuấn,1967-11-08,MALE,MASS_AFFLUENT,Hà Nội,PENDING,2014-11-27,ACTIVE
2683,MSB00002683,Đặng Minh Quân,1992-11-01,MALE,MASS,Hà Nội,VERIFIED,2016-07-24,ACTIVE
2684,MSB00002684,Ngô Quang Quân,1981-09-26,MALE,PRIVATE,Cần Thơ,VERIFIED,2020-06-20,ACTIVE
2685,MSB00002685,Dương Văn Đạt,1972-08-01,MALE,MASS,Hà Nội,VERIFIED,2024-05-04,DORMANT
2686,MSB00002686,Phạm Đức An,1981-05-03,MALE,MASS_AFFLUENT,Hà Nội,VERIFIED,2025-10-29,DORMANT
2687,MSB00002687,Đặng Mai Lan,1968-10-11,FEMALE,MASS,Quảng Ninh,VERIFIED,2025-04-04,ACTIVE
2688,MSB00002688,Bùi Công Vinh,1962-01-05,MALE,MASS_AFFLUENT,Đà Nẵng,VERIFIED,2023-08-05,DORMANT
2689,MSB00002689,Lý Thành Long,1989-04-12,MALE,MASS,TP. Hồ Chí Minh,VERIFIED,2016-01-11,ACTIVE
2690,MSB00002690,Ngô Thị Thảo,2001-01-10,FEMALE,MASS,Đà Nẵng,VERIFIED,2023-11-05,DORMANT
2691,MSB00002691,Ngô Quang Tuấn,1985-03-11,MALE,MASS,Hải Phòng,VERIFIED,2025-03-30,DORMANT
2692,MSB00002692,Hoàng Ngọc Chi,1976-10-08,FEMALE,MASS_AFFLUENT,TP. Hồ Chí Minh,VERIFIED,2015-06-02,DORMANT
2693,MSB00002693,Huỳnh Phương Lan,1968-02-06,FEMALE,MASS,Hải Phòng,VERIFIED,2021-03-31,ACTIVE
2694,MSB00002694,Hồ Bá Sơn,1992-03-17,MALE,MASS,Hải Phòng,VERIFIED,2021-06-09,DORMANT
2695,MSB00002695,Huỳnh Đức Quân,1960-01-13,MALE,MASS,Hà Nội,VERIFIED,2022-10-23,ACTIVE
2696,MSB00002696,Đỗ Thùy My,2005-06-19,FEMALE,MASS_AFFLUENT,TP. Hồ Chí Minh,VERIFIED,2015-04-10,ACTIVE
2697,MSB00002697,Vũ Thu Hằng,1976-11-19,FEMALE,MASS,TP. Hồ Chí Minh,VERIFIED,2022-04-07,DORMANT
2698,MSB00002698,Ngô Ngọc Ngân,1985-06-14,FEMALE,MASS_AFFLUENT,Bình Dương,VERIFIED,2016-04-20,DORMANT
2699,MSB00002699,Nguyễn Thu Hằng,1972-08-19,FEMALE,MASS_AFFLUENT,Bình Dương,VERIFIED,2014-10-03,ACTIVE
2700,MSB00002700,Huỳnh Mai Ngân,1992-08-09,FEMALE,MASS_AFFLUENT,Bình Dương,VERIFIED,2021-01-25,ACTIVE
2701,MSB00002701,Dương Ngọc Trang,1960-08-03,FEMALE,MASS,TP. Hồ Chí Minh,VERIFIED,2018-02-26,ACTIVE
2702,MSB00002702,Lê Mai Ngân,2006-07-22,FEMALE,MASS_AFFLUENT,Đà Nẵng,VERIFIED,2026-01-14,ACTIVE
2703,MSB00002703,Nguyễn Hải My,1966-08-09,FEMALE,AFFLUENT,Hải Phòng,VERIFIED,2017-03-18,ACTIVE
2704,MSB00002704,Nguyễn Mai Nga,1982-05-10,FEMALE,MASS_AFFLUENT,TP. Hồ Chí Minh,VERIFIED,2014-12-24,ACTIVE
2705,MSB00002705,Đặng Quang Bình,1980-09-11,MALE,MASS,Quảng Ninh,VERIFIED,2024-01-19,DORMANT
2706,MSB00002706,Huỳnh Hải Lan,1991-07-22,FEMALE,MASS_AFFLUENT,TP. Hồ Chí Minh,VERIFIED,2026-03-18,ACTIVE
2707,MSB00002707,Dương Đức Phúc,1986-12-25,MALE,MASS,TP. Hồ Chí Minh,VERIFIED,2025-10-24,ACTIVE
2708,MSB00002708,Vũ Văn Hoàng,1984-10-14,MALE,MASS,Bình Dương,VERIFIED,2016-05-04,ACTIVE
2709,MSB00002709,Lê Minh Huy,1990-11-06,MALE,MASS,Cần Thơ,PENDING,2023-06-26,ACTIVE
2710,MSB00002710,Lý Đức Long,2006-04-17,MALE,MASS_AFFLUENT,TP. Hồ Chí Minh,VERIFIED,2021-07-04,ACTIVE
2711,MSB00002711,Đặng Hải Hằng,1986-08-08,FEMALE,MASS,TP. Hồ Chí Minh,VERIFIED,2022-05-29,ACTIVE
2712,MSB00002712,Võ Bá Vinh,1986-04-15,MALE,MASS_AFFLUENT,Hải Phòng,VERIFIED,2022-10-24,DORMANT
2713,MSB00002713,Ngô Mai Vân,1970-01-20,FEMALE,MASS,TP. Hồ Chí Minh,VERIFIED,2024-05-25,ACTIVE
2714,MSB00002714,Võ Xuân Phúc,1982-11-25,MALE,AFFLUENT,Đà Nẵng,VERIFIED,2021-07-25,ACTIVE
2715,MSB00002715,Đỗ Xuân An,1979-07-08,MALE,MASS,Bình Dương,VERIFIED,2015-07-19,ACTIVE
2716,MSB00002716,Dương Bá Trí,1983-05-11,MALE,MASS,Hà Nội,VERIFIED,2022-03-01,ACTIVE
2717,MSB00002717,Hồ Thùy Hoa,1985-01-20,FEMALE,MASS_AFFLUENT,Hải Phòng,PENDING,2016-12-23,ACTIVE
2718,MSB00002718,Nguyễn Phương Linh,1970-12-10,FEMALE,AFFLUENT,Hà Nội,VERIFIED,2018-04-16,DORMANT
2719,MSB00002719,Vũ Thành Hoàng,1973-05-06,MALE,PRIVATE,Cần Thơ,VERIFIED,2017-01-10,ACTIVE
2720,MSB00002720,Trần Xuân Long,1956-10-31,MALE,MASS,Hà Nội,PENDING,2019-08-25,ACTIVE
2721,MSB00002721,Hồ Quang Nam,1981-11-08,MALE,MASS,TP. Hồ Chí Minh,VERIFIED,2021-12-30,ACTIVE
2722,MSB00002722,Phạm Hữu Vinh,2005-04-18,MALE,PRIVATE,TP. Hồ Chí Minh,VERIFIED,2023-05-01,DORMANT
2723,MSB00002723,Huỳnh Đức An,1977-02-13,MALE,MASS_AFFLUENT,TP. Hồ Chí Minh,VERIFIED,2023-01-22,ACTIVE
2724,MSB00002724,Ngô Ngọc Lan,1987-03-07,FEMALE,MASS_AFFLUENT,Đà Nẵng,VERIFIED,2020-03-04,ACTIVE
2725,MSB00002725,Huỳnh Quang Phúc,2001-12-26,MALE,SME_OWNER,TP. Hồ Chí Minh,VERIFIED,2021-08-12,ACTIVE
2726,MSB00002726,Võ Đức Khoa,1964-05-02,MALE,MASS,TP. Hồ Chí Minh,VERIFIED,2021-08-08,ACTIVE
2727,MSB00002727,Ngô Ngọc Thảo,1975-04-30,FEMALE,MASS,Quảng Ninh,VERIFIED,2022-01-09,ACTIVE
2728,MSB00002728,Ngô Hải Nga,1975-03-27,FEMALE,AFFLUENT,Hà Nội,VERIFIED,2015-08-04,ACTIVE
2729,MSB00002729,Ngô Văn Phúc,1975-06-11,MALE,AFFLUENT,TP. Hồ Chí Minh,VERIFIED,2018-10-28,ACTIVE
2730,MSB00002730,Đỗ Thị Hà,1957-01-28,FEMALE,MASS,TP. Hồ Chí Minh,PENDING,2015-12-02,ACTIVE
2731,MSB00002731,Trần Kim Nga,1971-09-13,FEMALE,PRIVATE,Bình Dương,VERIFIED,2015-07-03,ACTIVE
2732,MSB00002732,Vũ Văn Phúc,1971-04-23,MALE,MASS,TP. Hồ Chí Minh,VERIFIED,2019-02-16,ACTIVE
2733,MSB00002733,Dương Văn Vinh,1968-10-17,MALE,MASS,TP. Hồ Chí Minh,VERIFIED,2025-04-04,ACTIVE
2734,MSB00002734,Hoàng Thị Anh,1970-03-11,FEMALE,MASS_AFFLUENT,Bình Dương,VERIFIED,2015-01-25,ACTIVE
2735,MSB00002735,Nguyễn Ngọc My,1971-06-29,FEMALE,SME_OWNER,TP. Hồ Chí Minh,VERIFIED,2020-09-30,ACTIVE
2736,MSB00002736,Đặng Thị Nhung,2003-02-28,FEMALE,MASS,Đồng Nai,VERIFIED,2021-12-13,ACTIVE
2737,MSB00002737,Đỗ Văn Việt,1986-02-26,MALE,MASS_AFFLUENT,Hà Nội,VERIFIED,2021-07-03,DORMANT
2738,MSB00002738,Trần Ngọc Nhung,1993-08-19,FEMALE,MASS,TP. Hồ Chí Minh,VERIFIED,2025-04-20,ACTIVE
2739,MSB00002739,Ngô Minh Nam,1962-03-06,MALE,MASS,Đà Nẵng,PENDING,2018-07-31,ACTIVE
2740,MSB00002740,Ngô Thùy Hà,1977-06-29,FEMALE,MASS,Hà Nội,VERIFIED,2025-10-09,ACTIVE
2741,MSB00002741,Vũ Thùy Anh,1980-11-11,FEMALE,PRIVATE,TP. Hồ Chí Minh,VERIFIED,2017-12-02,DORMANT
2742,MSB00002742,Huỳnh Hữu Tuấn,1980-02-12,MALE,MASS_AFFLUENT,Hà Nội,PENDING,2016-08-09,DORMANT
2743,MSB00002743,Võ Minh Phúc,1972-05-08,MALE,SME_OWNER,TP. Hồ Chí Minh,VERIFIED,2021-05-27,ACTIVE
2744,MSB00002744,Trần Ngọc Chi,1968-08-27,FEMALE,SME_OWNER,Khánh Hòa,PENDING,2021-11-08,ACTIVE
2745,MSB00002745,Huỳnh Hải Thảo,1996-02-01,FEMALE,AFFLUENT,Nghệ An,VERIFIED,2018-06-23,ACTIVE
2746,MSB00002746,Hoàng Đức Việt,1956-12-13,MALE,MASS_AFFLUENT,TP. Hồ Chí Minh,VERIFIED,2016-04-17,ACTIVE
2747,MSB00002747,Dương Thu Vân,1968-03-26,FEMALE,MASS_AFFLUENT,Hà Nội,VERIFIED,2025-03-18,DORMANT
2748,MSB00002748,Huỳnh Quang Dũng,1995-10-02,MALE,MASS_AFFLUENT,Khánh Hòa,VERIFIED,2020-12-22,ACTIVE
2749,MSB00002749,Hoàng Xuân Nam,1976-06-17,MALE,MASS,Đà Nẵng,VERIFIED,2022-07-24,ACTIVE
2750,MSB00002750,Nguyễn Thành Cường,1984-11-25,MALE,MASS_AFFLUENT,Đà Nẵng,VERIFIED,2026-03-13,DORMANT
2751,MSB00002751,Trần Mai Lan,1988-02-29,FEMALE,SME_OWNER,Bình Dương,VERIFIED,2026-03-24,DORMANT
2752,MSB00002752,Lê Xuân Khoa,1963-05-06,MALE,MASS,TP. Hồ Chí Minh,VERIFIED,2020-02-28,DORMANT
2753,MSB00002753,Bùi Thu Ngân,1992-05-14,FEMALE,SME_OWNER,TP. Hồ Chí Minh,VERIFIED,2017-06-02,DORMANT
2754,MSB00002754,Đỗ Thành Nam,1965-03-16,MALE,MASS_AFFLUENT,Đồng Nai,VERIFIED,2019-05-24,ACTIVE
2755,MSB00002755,Đặng Mai Vân,1975-07-30,FEMALE,MASS,TP. Hồ Chí Minh,VERIFIED,2023-06-05,DORMANT
2756,MSB00002756,Đỗ Ngọc Nga,1966-01-02,FEMALE,SME_OWNER,Cần Thơ,VERIFIED,2021-01-22,DORMANT
2757,MSB00002757,Lý Đức Việt,1969-03-31,MALE,MASS,Khánh Hòa,VERIFIED,2015-01-23,ACTIVE
2758,MSB00002758,Hồ Minh Đạt,1974-12-23,MALE,MASS,TP. Hồ Chí Minh,VERIFIED,2016-07-20,DORMANT
2759,MSB00002759,Phan Bá Tuấn,1997-02-20,MALE,MASS,Đồng Nai,VERIFIED,2024-12-05,DORMANT
2760,MSB00002760,Nguyễn Bá Việt,1956-09-05,MALE,MASS_AFFLUENT,TP. Hồ Chí Minh,VERIFIED,2018-10-25,ACTIVE
2761,MSB00002761,Phạm Hải Nga,1974-07-28,FEMALE,MASS,Khánh Hòa,VERIFIED,2019-01-15,DORMANT
2762,MSB00002762,Lý Thu Hằng,1989-03-01,FEMALE,SME_OWNER,TP. Hồ Chí Minh,VERIFIED,2022-01-27,ACTIVE
2763,MSB00002763,Nguyễn Bá Trí,1994-02-13,MALE,AFFLUENT,Hà Nội,VERIFIED,2022-01-28,ACTIVE
2764,MSB00002764,Đỗ Ngọc Vân,2001-05-28,FEMALE,MASS_AFFLUENT,Cần Thơ,VERIFIED,2017-12-10,DORMANT
2765,MSB00002765,Hoàng Thành Sơn,1990-12-26,MALE,PRIVATE,Khánh Hòa,VERIFIED,2015-06-04,ACTIVE
2766,MSB00002766,Ngô Xuân Long,2000-04-17,MALE,MASS,Bình Dương,VERIFIED,2022-08-07,ACTIVE
2767,MSB00002767,Trần Hữu Vinh,1961-11-22,MALE,AFFLUENT,Cần Thơ,VERIFIED,2015-07-07,ACTIVE
2768,MSB00002768,Huỳnh Hữu Hoàng,1984-09-25,MALE,MASS,Quảng Ninh,VERIFIED,2016-07-18,DORMANT
2769,MSB00002769,Bùi Thùy Oanh,1974-10-21,FEMALE,SME_OWNER,Đà Nẵng,PENDING,2025-09-17,ACTIVE
2770,MSB00002770,Bùi Xuân Trí,1966-01-09,MALE,MASS_AFFLUENT,Đồng Nai,VERIFIED,2023-01-22,DORMANT
2771,MSB00002771,Lý Diệu Uyên,1957-12-08,FEMALE,MASS,Hà Nội,VERIFIED,2021-03-08,ACTIVE
2772,MSB00002772,Bùi Minh Hoàng,1983-10-17,MALE,MASS,Hà Nội,VERIFIED,2018-07-21,DORMANT
2773,MSB00002773,Lý Thùy Dung,2003-09-05,FEMALE,MASS,TP. Hồ Chí Minh,VERIFIED,2023-09-07,ACTIVE
2774,MSB00002774,Vũ Đức Quân,1975-12-07,MALE,MASS_AFFLUENT,Nghệ An,VERIFIED,2021-06-26,ACTIVE
2775,MSB00002775,Hoàng Bá Huy,1958-09-29,MALE,MASS_AFFLUENT,Hà Nội,VERIFIED,2025-03-31,ACTIVE
2776,MSB00002776,Hoàng Thành Bình,1988-09-09,MALE,MASS_AFFLUENT,TP. Hồ Chí Minh,VERIFIED,2025-02-22,ACTIVE
2777,MSB00002777,Hồ Thành Việt,2001-06-24,MALE,MASS,Hà Nội,VERIFIED,2021-04-03,ACTIVE
2778,MSB00002778,Vũ Văn Đạt,1971-02-27,MALE,PRIVATE,Hà Nội,VERIFIED,2018-12-25,ACTIVE
2779,MSB00002779,Trần Minh Dũng,1975-04-20,MALE,MASS,Đà Nẵng,VERIFIED,2021-01-18,ACTIVE
2780,MSB00002780,Ngô Phương Nga,1998-09-16,FEMALE,PRIVATE,Hà Nội,PENDING,2021-11-10,DORMANT
2781,MSB00002781,Huỳnh Bá Dũng,2005-11-29,MALE,PRIVATE,Đồng Nai,VERIFIED,2020-07-08,DORMANT
2782,MSB00002782,Đỗ Diệu Hằng,1979-10-09,FEMALE,AFFLUENT,Đồng Nai,VERIFIED,2018-12-06,ACTIVE
2783,MSB00002783,Bùi Thu Yến,1999-04-23,FEMALE,MASS_AFFLUENT,Đà Nẵng,VERIFIED,2017-12-31,ACTIVE
2784,MSB00002784,Dương Đức Hùng,1996-10-24,MALE,MASS_AFFLUENT,TP. Hồ Chí Minh,VERIFIED,2020-01-12,ACTIVE
2785,MSB00002785,Trần Hải Yến,1991-07-30,FEMALE,MASS,Đồng Nai,VERIFIED,2025-04-03,ACTIVE
2786,MSB00002786,Lê Bá Vinh,1982-09-20,MALE,AFFLUENT,TP. Hồ Chí Minh,VERIFIED,2025-11-03,ACTIVE
2787,MSB00002787,Vũ Thu Nhung,1966-06-05,FEMALE,MASS_AFFLUENT,Hà Nội,VERIFIED,2022-04-29,DORMANT
2788,MSB00002788,Đặng Mai Ngân,1985-02-17,FEMALE,AFFLUENT,TP. Hồ Chí Minh,VERIFIED,2023-12-08,DORMANT
2789,MSB00002789,Nguyễn Thùy Lan,1964-12-09,FEMALE,MASS_AFFLUENT,TP. Hồ Chí Minh,VERIFIED,2020-01-25,ACTIVE
2790,MSB00002790,Vũ Công Đạt,1975-11-30,MALE,MASS_AFFLUENT,Đà Nẵng,VERIFIED,2018-02-27,ACTIVE
2791,MSB00002791,Hoàng Hải Lan,1987-06-12,FEMALE,AFFLUENT,TP. Hồ Chí Minh,VERIFIED,2023-05-22,ACTIVE
2792,MSB00002792,Lý Xuân Hoàng,1981-02-06,MALE,PRIVATE,Bình Dương,VERIFIED,2020-11-14,DORMANT
2793,MSB00002793,Hồ Quang Sơn,1999-02-16,MALE,MASS,Đà Nẵng,VERIFIED,2023-10-12,ACTIVE
2794,MSB00002794,Đặng Văn Huy,1957-11-17,MALE,MASS,TP. Hồ Chí Minh,VERIFIED,2020-11-19,ACTIVE
2795,MSB00002795,Lý Minh Đạt,1991-05-03,MALE,MASS_AFFLUENT,TP. Hồ Chí Minh,VERIFIED,2021-12-01,DORMANT
2796,MSB00002796,Phan Thùy Vân,1960-11-22,FEMALE,AFFLUENT,Cần Thơ,VERIFIED,2026-04-19,DORMANT
2797,MSB00002797,Võ Diệu Hà,1974-01-15,FEMALE,MASS,TP. Hồ Chí Minh,VERIFIED,2018-07-27,DORMANT
2798,MSB00002798,Vũ Thành Cường,1991-11-25,MALE,MASS,Hà Nội,VERIFIED,2022-10-18,ACTIVE
2799,MSB00002799,Lý Phương Hà,1981-10-12,FEMALE,MASS,Cần Thơ,VERIFIED,2017-08-09,ACTIVE
2800,MSB00002800,Đỗ Mai Lan,2000-03-24,FEMALE,MASS,TP. Hồ Chí Minh,VERIFIED,2018-07-09,ACTIVE
2801,MSB00002801,Đặng Hải Dung,1976-03-23,FEMALE,MASS,Hà Nội,VERIFIED,2024-01-19,ACTIVE
2802,MSB00002802,Võ Phương Hoa,2002-11-11,FEMALE,AFFLUENT,TP. Hồ Chí Minh,VERIFIED,2015-12-25,ACTIVE
2803,MSB00002803,Hoàng Quang Vinh,1974-11-16,MALE,AFFLUENT,Đà Nẵng,VERIFIED,2026-01-24,ACTIVE
2804,MSB00002804,Phan Hữu Hoàng,1996-10-12,MALE,MASS_AFFLUENT,Hà Nội,VERIFIED,2019-08-19,ACTIVE
2805,MSB00002805,Lê Thị Hoa,2000-02-09,FEMALE,AFFLUENT,Bình Dương,VERIFIED,2016-12-19,ACTIVE
2806,MSB00002806,Ngô Thành Khoa,1995-01-08,MALE,MASS_AFFLUENT,TP. Hồ Chí Minh,VERIFIED,2020-01-08,ACTIVE
2807,MSB00002807,Võ Diệu Oanh,2002-08-06,FEMALE,AFFLUENT,Hà Nội,PENDING,2019-10-28,ACTIVE
2808,MSB00002808,Hồ Thị Hằng,1962-03-15,FEMALE,MASS,Đồng Nai,VERIFIED,2020-11-03,DORMANT
2809,MSB00002809,Trần Diệu Lan,1960-05-30,FEMALE,SME_OWNER,Đà Nẵng,VERIFIED,2025-08-17,ACTIVE
2810,MSB00002810,Vũ Minh Quân,1959-10-21,MALE,MASS,Nghệ An,VERIFIED,2018-05-31,ACTIVE
2811,MSB00002811,Nguyễn Diệu Lan,1971-07-15,FEMALE,AFFLUENT,TP. Hồ Chí Minh,VERIFIED,2015-03-20,ACTIVE
2812,MSB00002812,Dương Hải Oanh,1994-11-17,FEMALE,MASS_AFFLUENT,TP. Hồ Chí Minh,VERIFIED,2017-01-06,ACTIVE
2813,MSB00002813,Đỗ Xuân Khoa,1968-10-26,MALE,MASS_AFFLUENT,Hải Phòng,VERIFIED,2025-08-22,ACTIVE
2814,MSB00002814,Huỳnh Thành Hùng,1969-03-09,MALE,AFFLUENT,Khánh Hòa,VERIFIED,2023-10-02,ACTIVE
2815,MSB00002815,Hồ Văn Huy,1994-12-28,MALE,PRIVATE,Bình Dương,VERIFIED,2016-08-12,ACTIVE
2816,MSB00002816,Huỳnh Văn Sơn,1965-01-28,MALE,MASS,Hải Phòng,VERIFIED,2017-12-31,ACTIVE
2817,MSB00002817,Hoàng Thu My,1956-12-19,FEMALE,MASS_AFFLUENT,Bình Dương,VERIFIED,2022-01-19,ACTIVE
2818,MSB00002818,Đặng Thùy Anh,1987-12-21,FEMALE,MASS_AFFLUENT,Hà Nội,VERIFIED,2023-06-26,ACTIVE
2819,MSB00002819,Vũ Công Sơn,1977-05-27,MALE,MASS,Cần Thơ,VERIFIED,2020-12-07,ACTIVE
2820,MSB00002820,Đỗ Phương Chi,1962-12-20,FEMALE,MASS_AFFLUENT,Đà Nẵng,VERIFIED,2025-12-15,ACTIVE
2821,MSB00002821,Lý Thành An,1992-10-02,MALE,MASS_AFFLUENT,TP. Hồ Chí Minh,VERIFIED,2025-04-13,ACTIVE
2822,MSB00002822,Hồ Bá Sơn,1957-05-06,MALE,MASS,Hà Nội,VERIFIED,2025-06-15,ACTIVE
2823,MSB00002823,Ngô Bá Trí,1991-05-09,MALE,AFFLUENT,TP. Hồ Chí Minh,VERIFIED,2016-09-14,ACTIVE
2824,MSB00002824,Lý Thùy Anh,1958-05-13,FEMALE,MASS,Hà Nội,VERIFIED,2025-10-13,ACTIVE
2825,MSB00002825,Bùi Hải Ngân,1994-09-30,FEMALE,SME_OWNER,TP. Hồ Chí Minh,VERIFIED,2019-11-18,DORMANT
2826,MSB00002826,Phạm Diệu Linh,1968-10-08,FEMALE,MASS,Hà Nội,VERIFIED,2023-01-22,DORMANT
2827,MSB00002827,Đỗ Phương Yến,1980-04-23,FEMALE,AFFLUENT,Hải Phòng,VERIFIED,2017-07-03,ACTIVE
2828,MSB00002828,Đỗ Quang Đạt,1987-09-20,MALE,MASS,TP. Hồ Chí Minh,VERIFIED,2024-11-04,DORMANT
2829,MSB00002829,Nguyễn Hải Ngân,1984-11-23,FEMALE,AFFLUENT,Hà Nội,VERIFIED,2015-09-17,ACTIVE
2830,MSB00002830,Hồ Đức Sơn,1995-04-04,MALE,MASS,Hải Phòng,VERIFIED,2025-05-02,DORMANT
2831,MSB00002831,Hoàng Hữu Sơn,1972-10-30,MALE,SME_OWNER,Hà Nội,VERIFIED,2016-06-14,ACTIVE
2832,MSB00002832,Nguyễn Văn Quân,1956-09-28,MALE,AFFLUENT,TP. Hồ Chí Minh,PENDING,2024-08-09,ACTIVE
2833,MSB00002833,Dương Thành An,1976-10-14,MALE,MASS,Khánh Hòa,VERIFIED,2025-12-24,ACTIVE
2834,MSB00002834,Trần Công Nam,1993-03-09,MALE,MASS_AFFLUENT,Bình Dương,VERIFIED,2025-11-18,ACTIVE
2835,MSB00002835,Nguyễn Đức Cường,1973-06-09,MALE,MASS_AFFLUENT,Đà Nẵng,VERIFIED,2017-03-21,ACTIVE
2836,MSB00002836,Đặng Quang Nam,1985-06-27,MALE,MASS,Đà Nẵng,PENDING,2022-04-27,DORMANT
2837,MSB00002837,Đặng Thùy Vân,1959-10-31,FEMALE,MASS,Hà Nội,VERIFIED,2021-06-19,ACTIVE
2838,MSB00002838,Nguyễn Minh Khoa,1992-12-03,MALE,MASS_AFFLUENT,TP. Hồ Chí Minh,VERIFIED,2016-09-23,ACTIVE
2839,MSB00002839,Vũ Minh Tuấn,1980-12-12,MALE,AFFLUENT,TP. Hồ Chí Minh,VERIFIED,2023-04-11,DORMANT
2840,MSB00002840,Dương Phương Hằng,1982-08-11,FEMALE,AFFLUENT,TP. Hồ Chí Minh,VERIFIED,2019-11-13,ACTIVE
2841,MSB00002841,Võ Kim Vân,1961-09-09,FEMALE,PRIVATE,Nghệ An,VERIFIED,2022-11-05,ACTIVE
2842,MSB00002842,Đặng Bá Tuấn,2001-07-17,MALE,MASS_AFFLUENT,Bình Dương,VERIFIED,2025-07-27,ACTIVE
2843,MSB00002843,Đặng Thu Hằng,1976-01-29,FEMALE,MASS_AFFLUENT,Đà Nẵng,VERIFIED,2014-09-27,DORMANT
2844,MSB00002844,Trần Minh Huy,1965-09-18,MALE,MASS_AFFLUENT,Hải Phòng,VERIFIED,2021-12-14,ACTIVE
2845,MSB00002845,Nguyễn Xuân Đạt,1988-05-31,MALE,MASS,Cần Thơ,VERIFIED,2016-06-11,DORMANT
2846,MSB00002846,Vũ Thu Ngân,1981-02-20,FEMALE,MASS,TP. Hồ Chí Minh,VERIFIED,2021-04-24,DORMANT
2847,MSB00002847,Ngô Văn Phúc,1991-10-26,MALE,MASS_AFFLUENT,Đồng Nai,VERIFIED,2016-03-18,ACTIVE
2848,MSB00002848,Nguyễn Phương Chi,1986-05-22,FEMALE,AFFLUENT,Đà Nẵng,VERIFIED,2024-04-25,ACTIVE
2849,MSB00002849,Huỳnh Thành Vinh,1959-07-22,MALE,MASS,Cần Thơ,VERIFIED,2020-01-11,ACTIVE
2850,MSB00002850,Phạm Kim Hà,1988-03-05,FEMALE,AFFLUENT,Hà Nội,VERIFIED,2021-12-22,DORMANT
2851,MSB00002851,Đặng Thị Uyên,1995-11-11,FEMALE,AFFLUENT,TP. Hồ Chí Minh,VERIFIED,2014-10-02,ACTIVE
2852,MSB00002852,Nguyễn Phương Linh,1978-01-28,FEMALE,MASS,TP. Hồ Chí Minh,VERIFIED,2022-05-26,ACTIVE
2853,MSB00002853,Phạm Minh Cường,1983-03-20,MALE,MASS_AFFLUENT,Hà Nội,VERIFIED,2017-04-30,ACTIVE
2854,MSB00002854,Đặng Quang Phúc,1968-01-07,MALE,AFFLUENT,Hải Phòng,VERIFIED,2020-07-26,DORMANT
2855,MSB00002855,Huỳnh Kim Thảo,2005-08-09,FEMALE,MASS,Khánh Hòa,VERIFIED,2021-08-26,DORMANT
2856,MSB00002856,Hồ Thị Hoa,1961-04-22,FEMALE,AFFLUENT,Cần Thơ,VERIFIED,2018-03-12,ACTIVE
2857,MSB00002857,Nguyễn Đức Hoàng,1970-10-12,MALE,MASS,Hà Nội,VERIFIED,2018-10-22,ACTIVE
2858,MSB00002858,Ngô Minh Việt,1964-04-08,MALE,MASS_AFFLUENT,Hà Nội,VERIFIED,2020-09-28,ACTIVE
2859,MSB00002859,Huỳnh Kim Uyên,1985-09-09,FEMALE,MASS_AFFLUENT,TP. Hồ Chí Minh,VERIFIED,2025-09-06,ACTIVE
2860,MSB00002860,Hoàng Thu Dung,1984-02-09,FEMALE,AFFLUENT,Hà Nội,PENDING,2025-06-18,ACTIVE
2861,MSB00002861,Phạm Thị Uyên,1989-09-21,FEMALE,AFFLUENT,Hà Nội,VERIFIED,2019-05-06,ACTIVE
2862,MSB00002862,Ngô Ngọc Ngân,1965-01-11,FEMALE,MASS,Hà Nội,VERIFIED,2025-09-06,ACTIVE
2863,MSB00002863,Phạm Văn Quân,2003-03-29,MALE,MASS_AFFLUENT,TP. Hồ Chí Minh,VERIFIED,2019-04-06,ACTIVE
2864,MSB00002864,Lê Bá Khoa,1979-09-26,MALE,AFFLUENT,Hà Nội,VERIFIED,2015-12-21,ACTIVE
2865,MSB00002865,Đỗ Thu Dung,1994-05-21,FEMALE,AFFLUENT,Hà Nội,VERIFIED,2017-02-13,ACTIVE
2866,MSB00002866,Võ Thùy Linh,1975-04-07,FEMALE,AFFLUENT,Đồng Nai,VERIFIED,2018-03-23,ACTIVE
2867,MSB00002867,Hoàng Bá Quân,1957-12-07,MALE,MASS_AFFLUENT,Quảng Ninh,VERIFIED,2023-02-19,ACTIVE
2868,MSB00002868,Đỗ Phương Yến,1972-10-12,FEMALE,MASS,Bình Dương,VERIFIED,2018-08-30,ACTIVE
2869,MSB00002869,Vũ Bá Huy,2004-06-18,MALE,MASS_AFFLUENT,Hà Nội,VERIFIED,2024-03-09,DORMANT
2870,MSB00002870,Dương Thành Trí,1986-08-31,MALE,PRIVATE,Hà Nội,VERIFIED,2015-09-04,ACTIVE
2871,MSB00002871,Đỗ Thu Dung,2005-03-23,FEMALE,MASS,Đà Nẵng,VERIFIED,2025-04-11,DORMANT
2872,MSB00002872,Phạm Quang Cường,1982-04-26,MALE,MASS_AFFLUENT,Bình Dương,VERIFIED,2020-01-05,DORMANT
2873,MSB00002873,Phạm Quang Khoa,1998-07-12,MALE,AFFLUENT,Hải Phòng,EXPIRED,2020-08-27,DORMANT
2874,MSB00002874,Bùi Diệu Chi,1972-08-18,FEMALE,MASS,Bình Dương,VERIFIED,2025-06-19,ACTIVE
2875,MSB00002875,Bùi Bá Cường,1980-02-06,MALE,PRIVATE,TP. Hồ Chí Minh,VERIFIED,2024-02-25,ACTIVE
2876,MSB00002876,Hồ Minh Tuấn,1991-01-20,MALE,MASS,Quảng Ninh,VERIFIED,2017-12-29,ACTIVE
2877,MSB00002877,Nguyễn Ngọc Lan,1964-07-24,FEMALE,MASS_AFFLUENT,Bình Dương,VERIFIED,2019-05-19,ACTIVE
2878,MSB00002878,Lê Thành Quân,1968-10-02,MALE,AFFLUENT,Hà Nội,VERIFIED,2024-06-07,ACTIVE
2879,MSB00002879,Dương Thùy Trang,1975-02-11,FEMALE,SME_OWNER,TP. Hồ Chí Minh,VERIFIED,2024-09-08,ACTIVE
2880,MSB00002880,Đặng Quang Khoa,1989-08-08,MALE,MASS_AFFLUENT,Đà Nẵng,VERIFIED,2018-07-23,DORMANT
2881,MSB00002881,Đỗ Đức Vinh,1992-10-24,MALE,MASS,Hà Nội,VERIFIED,2018-08-15,ACTIVE
2882,MSB00002882,Vũ Kim Ngân,1977-06-17,FEMALE,AFFLUENT,TP. Hồ Chí Minh,VERIFIED,2021-08-26,DORMANT
2883,MSB00002883,Trần Công Dũng,1966-12-26,MALE,MASS,Đà Nẵng,VERIFIED,2026-02-02,ACTIVE
2884,MSB00002884,Lý Ngọc Anh,1964-12-24,FEMALE,AFFLUENT,Đà Nẵng,VERIFIED,2025-12-30,ACTIVE
2885,MSB00002885,Nguyễn Diệu Dung,1967-11-06,FEMALE,MASS,Đồng Nai,VERIFIED,2024-07-26,ACTIVE
2886,MSB00002886,Nguyễn Thùy Hà,2004-11-05,FEMALE,MASS,TP. Hồ Chí Minh,VERIFIED,2025-09-05,ACTIVE
2887,MSB00002887,Trần Xuân Bình,1956-09-02,MALE,AFFLUENT,Khánh Hòa,VERIFIED,2019-11-01,ACTIVE
2888,MSB00002888,Đỗ Bá Tuấn,1994-07-27,MALE,MASS,TP. Hồ Chí Minh,VERIFIED,2021-09-30,ACTIVE
2889,MSB00002889,Lê Hải Hoa,2006-04-16,FEMALE,PRIVATE,Khánh Hòa,VERIFIED,2023-10-17,DORMANT
2890,MSB00002890,Phan Đức Hoàng,1978-04-17,MALE,PRIVATE,TP. Hồ Chí Minh,EXPIRED,2019-05-24,ACTIVE
2891,MSB00002891,Đặng Thùy Linh,1984-04-12,FEMALE,MASS_AFFLUENT,TP. Hồ Chí Minh,VERIFIED,2018-02-09,ACTIVE
2892,MSB00002892,Hồ Diệu Yến,2001-06-01,FEMALE,SME_OWNER,Khánh Hòa,PENDING,2024-05-01,ACTIVE
2893,MSB00002893,Lê Bá Sơn,1996-06-03,MALE,MASS,TP. Hồ Chí Minh,VERIFIED,2019-01-14,ACTIVE
2894,MSB00002894,Đỗ Công Tuấn,1995-09-10,MALE,MASS,Đồng Nai,VERIFIED,2025-01-30,ACTIVE
2895,MSB00002895,Hoàng Kim Hằng,1984-10-03,FEMALE,MASS,TP. Hồ Chí Minh,VERIFIED,2019-05-01,ACTIVE
2896,MSB00002896,Phan Ngọc Vân,1968-12-21,FEMALE,PRIVATE,TP. Hồ Chí Minh,VERIFIED,2021-12-09,ACTIVE
2897,MSB00002897,Bùi Quang Khoa,1972-02-07,MALE,MASS_AFFLUENT,Hải Phòng,VERIFIED,2025-01-17,ACTIVE
2898,MSB00002898,Phan Kim Uyên,2005-03-07,FEMALE,MASS,Hà Nội,VERIFIED,2016-12-12,ACTIVE
2899,MSB00002899,Lê Thị Nga,1997-12-22,FEMALE,SME_OWNER,Hải Phòng,VERIFIED,2024-03-12,ACTIVE
2900,MSB00002900,Ngô Thành Hoàng,1975-10-18,MALE,MASS_AFFLUENT,Hà Nội,VERIFIED,2017-03-08,ACTIVE
2901,MSB00002901,Phan Đức Tuấn,1966-03-25,MALE,MASS_AFFLUENT,Cần Thơ,VERIFIED,2022-01-24,ACTIVE
2902,MSB00002902,Nguyễn Diệu Oanh,2005-02-12,FEMALE,MASS_AFFLUENT,Đà Nẵng,VERIFIED,2018-05-07,ACTIVE
2903,MSB00002903,Võ Thùy Hằng,1989-09-29,FEMALE,SME_OWNER,Hà Nội,VERIFIED,2018-01-29,ACTIVE
2904,MSB00002904,Lý Thị Anh,2000-09-29,FEMALE,MASS_AFFLUENT,Hà Nội,VERIFIED,2021-05-13,ACTIVE
2905,MSB00002905,Huỳnh Đức Việt,1982-06-05,MALE,MASS,Đà Nẵng,VERIFIED,2018-07-20,ACTIVE
2906,MSB00002906,Nguyễn Mai Uyên,1987-06-02,FEMALE,MASS,Hà Nội,VERIFIED,2021-03-04,DORMANT
2907,MSB00002907,Phạm Phương Oanh,1998-06-14,FEMALE,MASS_AFFLUENT,Đà Nẵng,VERIFIED,2019-04-04,ACTIVE
2908,MSB00002908,Ngô Hải Thảo,1958-08-18,FEMALE,MASS_AFFLUENT,Quảng Ninh,VERIFIED,2023-09-10,DORMANT
2909,MSB00002909,Trần Quang Vinh,1967-12-18,MALE,MASS_AFFLUENT,Hà Nội,VERIFIED,2021-05-14,ACTIVE
2910,MSB00002910,Phạm Hữu Bình,1979-03-25,MALE,MASS,TP. Hồ Chí Minh,EXPIRED,2024-09-22,ACTIVE
2911,MSB00002911,Lý Bá Cường,1968-08-16,MALE,AFFLUENT,Khánh Hòa,VERIFIED,2021-06-24,DORMANT
2912,MSB00002912,Phạm Minh Huy,1991-06-15,MALE,MASS,Khánh Hòa,VERIFIED,2026-02-21,ACTIVE
2913,MSB00002913,Ngô Bá Hoàng,1960-02-15,MALE,MASS,Hà Nội,VERIFIED,2021-07-19,ACTIVE
2914,MSB00002914,Bùi Thu Ngân,1985-10-26,FEMALE,AFFLUENT,Bình Dương,EXPIRED,2016-04-17,DORMANT
2915,MSB00002915,Vũ Xuân Phúc,1986-12-30,MALE,MASS,Hà Nội,VERIFIED,2022-02-10,ACTIVE
2916,MSB00002916,Hồ Thùy Oanh,1978-02-14,FEMALE,SME_OWNER,Cần Thơ,VERIFIED,2020-07-16,DORMANT
2917,MSB00002917,Vũ Công Vinh,1978-06-20,MALE,SME_OWNER,TP. Hồ Chí Minh,VERIFIED,2016-05-04,ACTIVE
2918,MSB00002918,Vũ Thị Linh,1976-05-14,FEMALE,MASS,Hà Nội,VERIFIED,2026-04-17,ACTIVE
2919,MSB00002919,Lý Xuân Tuấn,1964-11-15,MALE,MASS_AFFLUENT,TP. Hồ Chí Minh,VERIFIED,2018-07-04,ACTIVE
2920,MSB00002920,Bùi Thu Uyên,1992-11-18,FEMALE,MASS,Hà Nội,VERIFIED,2020-02-26,ACTIVE
2921,MSB00002921,Đặng Thị Thảo,1970-10-16,FEMALE,MASS_AFFLUENT,TP. Hồ Chí Minh,VERIFIED,2022-04-29,ACTIVE
2922,MSB00002922,Ngô Thị Linh,1997-02-16,FEMALE,AFFLUENT,TP. Hồ Chí Minh,VERIFIED,2023-04-25,ACTIVE
2923,MSB00002923,Đỗ Thành Dũng,1994-05-20,MALE,SME_OWNER,Nghệ An,VERIFIED,2019-05-31,ACTIVE
2924,MSB00002924,Nguyễn Xuân Huy,1982-02-25,MALE,MASS,Đà Nẵng,VERIFIED,2021-05-05,ACTIVE
2925,MSB00002925,Đỗ Phương Oanh,1979-10-05,FEMALE,MASS_AFFLUENT,Hải Phòng,PENDING,2021-09-19,DORMANT
2926,MSB00002926,Vũ Thành Khoa,1974-06-23,MALE,MASS,Hà Nội,VERIFIED,2018-06-26,DORMANT
2927,MSB00002927,Trần Thu Hoa,1999-10-23,FEMALE,MASS,Quảng Ninh,VERIFIED,2021-09-01,ACTIVE
2928,MSB00002928,Hoàng Minh Cường,1965-08-29,MALE,MASS,TP. Hồ Chí Minh,VERIFIED,2016-11-18,ACTIVE
2929,MSB00002929,Phan Minh Dũng,1978-11-02,MALE,MASS_AFFLUENT,Hà Nội,VERIFIED,2023-01-02,DORMANT
2930,MSB00002930,Vũ Hải Linh,1976-12-30,FEMALE,MASS_AFFLUENT,Đà Nẵng,VERIFIED,2018-02-26,ACTIVE
2931,MSB00002931,Nguyễn Hải Ngân,1969-03-31,FEMALE,MASS,TP. Hồ Chí Minh,VERIFIED,2019-10-04,ACTIVE
2932,MSB00002932,Phan Thị Chi,1971-10-20,FEMALE,MASS_AFFLUENT,TP. Hồ Chí Minh,VERIFIED,2015-11-15,ACTIVE
2933,MSB00002933,Trần Bá Khoa,1985-06-30,MALE,MASS,TP. Hồ Chí Minh,VERIFIED,2021-08-28,ACTIVE
2934,MSB00002934,Phan Hải Nhung,1981-11-23,FEMALE,MASS,TP. Hồ Chí Minh,PENDING,2023-08-03,ACTIVE
2935,MSB00002935,Trần Diệu Hằng,1995-04-04,FEMALE,MASS_AFFLUENT,TP. Hồ Chí Minh,VERIFIED,2021-09-05,ACTIVE
2936,MSB00002936,Hồ Bá Quân,1978-02-25,MALE,MASS,Bình Dương,EXPIRED,2018-08-12,ACTIVE
2937,MSB00002937,Lê Minh Hùng,1996-03-11,MALE,MASS_AFFLUENT,Hà Nội,VERIFIED,2021-04-24,ACTIVE
2938,MSB00002938,Ngô Thành Hoàng,1975-08-25,MALE,AFFLUENT,Hà Nội,VERIFIED,2015-12-13,ACTIVE
2939,MSB00002939,Ngô Thùy Anh,1985-09-01,FEMALE,MASS,Hà Nội,VERIFIED,2024-07-04,DORMANT
2940,MSB00002940,Bùi Quang Đạt,1994-12-28,MALE,PRIVATE,TP. Hồ Chí Minh,VERIFIED,2022-09-23,ACTIVE
2941,MSB00002941,Bùi Mai Lan,1983-01-21,FEMALE,MASS,Hà Nội,PENDING,2014-11-10,ACTIVE
2942,MSB00002942,Trần Văn Nam,1960-07-22,MALE,MASS,Hà Nội,VERIFIED,2017-01-01,DORMANT
2943,MSB00002943,Nguyễn Kim Linh,1977-11-16,FEMALE,MASS_AFFLUENT,TP. Hồ Chí Minh,VERIFIED,2025-06-06,ACTIVE
2944,MSB00002944,Hoàng Phương Oanh,1988-09-11,FEMALE,MASS_AFFLUENT,Quảng Ninh,VERIFIED,2015-05-12,DORMANT
2945,MSB00002945,Nguyễn Minh Huy,1983-11-04,MALE,MASS_AFFLUENT,Hà Nội,VERIFIED,2021-05-11,ACTIVE
2946,MSB00002946,Hoàng Bá Long,1976-05-29,MALE,MASS_AFFLUENT,Hà Nội,VERIFIED,2018-10-26,ACTIVE
2947,MSB00002947,Hoàng Bá Long,1999-06-23,MALE,MASS,Đà Nẵng,PENDING,2026-02-17,ACTIVE
2948,MSB00002948,Ngô Quang Hoàng,1978-04-15,MALE,MASS,TP. Hồ Chí Minh,VERIFIED,2024-05-30,ACTIVE
2949,MSB00002949,Ngô Xuân Quân,2005-08-19,MALE,MASS,Hà Nội,VERIFIED,2018-03-07,DORMANT
2950,MSB00002950,Lý Thị My,1964-02-08,FEMALE,SME_OWNER,Đồng Nai,PENDING,2023-04-14,ACTIVE
2951,MSB00002951,Phan Văn Đạt,1976-03-13,MALE,MASS_AFFLUENT,Hải Phòng,VERIFIED,2024-12-14,ACTIVE
2952,MSB00002952,Hồ Thành Tuấn,2001-02-25,MALE,MASS_AFFLUENT,TP. Hồ Chí Minh,VERIFIED,2018-05-25,DORMANT
2953,MSB00002953,Đặng Công Việt,1982-09-01,MALE,SME_OWNER,Đà Nẵng,VERIFIED,2023-10-17,ACTIVE
2954,MSB00002954,Lý Thu Lan,1961-12-31,FEMALE,MASS,Bình Dương,VERIFIED,2016-03-23,ACTIVE
2955,MSB00002955,Trần Diệu Nga,1958-03-28,FEMALE,AFFLUENT,Hà Nội,VERIFIED,2024-03-29,ACTIVE
2956,MSB00002956,Đặng Đức An,1999-11-16,MALE,AFFLUENT,Khánh Hòa,VERIFIED,2026-01-18,ACTIVE
2957,MSB00002957,Hồ Bá Long,1993-04-15,MALE,MASS,Hà Nội,VERIFIED,2021-10-09,ACTIVE
2958,MSB00002958,Hồ Quang Tuấn,1998-11-25,MALE,AFFLUENT,TP. Hồ Chí Minh,VERIFIED,2022-07-09,ACTIVE
2959,MSB00002959,Lê Phương Dung,1987-09-22,FEMALE,MASS,TP. Hồ Chí Minh,VERIFIED,2018-11-17,ACTIVE
2960,MSB00002960,Phạm Ngọc Hà,1962-10-01,FEMALE,SME_OWNER,Hải Phòng,EXPIRED,2023-08-08,ACTIVE
2961,MSB00002961,Dương Văn Huy,1971-02-20,MALE,MASS,Bình Dương,VERIFIED,2014-11-20,DORMANT
2962,MSB00002962,Lê Mai Lan,1994-03-09,FEMALE,MASS,Đà Nẵng,VERIFIED,2021-05-28,ACTIVE
2963,MSB00002963,Dương Kim My,1990-04-04,FEMALE,PRIVATE,Hà Nội,VERIFIED,2018-01-21,ACTIVE
2964,MSB00002964,Lê Ngọc Ngân,1976-02-15,FEMALE,AFFLUENT,Bình Dương,VERIFIED,2017-05-13,ACTIVE
2965,MSB00002965,Lý Đức Bình,1976-09-20,MALE,MASS,Nghệ An,VERIFIED,2016-01-07,ACTIVE
2966,MSB00002966,Hoàng Thu Thảo,1982-10-13,FEMALE,AFFLUENT,Hà Nội,VERIFIED,2020-06-18,ACTIVE
2967,MSB00002967,Lê Diệu Dung,1985-01-18,FEMALE,AFFLUENT,TP. Hồ Chí Minh,VERIFIED,2023-09-04,ACTIVE
2968,MSB00002968,Hồ Công An,1960-05-16,MALE,SME_OWNER,TP. Hồ Chí Minh,VERIFIED,2020-04-13,DORMANT
2969,MSB00002969,Đặng Thành Đạt,1981-04-12,MALE,MASS,Cần Thơ,VERIFIED,2021-05-12,ACTIVE
2970,MSB00002970,Lê Quang Sơn,1967-05-31,MALE,MASS,Hà Nội,VERIFIED,2019-03-23,ACTIVE
2971,MSB00002971,Vũ Xuân Nam,1959-06-21,MALE,MASS_AFFLUENT,Hà Nội,VERIFIED,2023-07-28,DORMANT
2972,MSB00002972,Phan Minh Huy,1990-08-24,MALE,MASS,Đà Nẵng,VERIFIED,2020-04-24,ACTIVE
2973,MSB00002973,Ngô Hải Chi,1967-11-19,FEMALE,PRIVATE,Bình Dương,VERIFIED,2015-02-27,ACTIVE
2974,MSB00002974,Hoàng Thị Chi,1965-12-01,FEMALE,MASS,TP. Hồ Chí Minh,VERIFIED,2018-04-20,DORMANT
2975,MSB00002975,Ngô Bá Bình,1996-06-23,MALE,AFFLUENT,Đà Nẵng,VERIFIED,2015-02-28,ACTIVE
2976,MSB00002976,Vũ Đức Bình,1994-12-21,MALE,PRIVATE,Bình Dương,VERIFIED,2025-01-29,DORMANT
2977,MSB00002977,Phan Thị Trang,1998-06-28,FEMALE,MASS_AFFLUENT,Hà Nội,VERIFIED,2018-09-13,ACTIVE
2978,MSB00002978,Lý Công Hùng,1976-05-18,MALE,AFFLUENT,TP. Hồ Chí Minh,VERIFIED,2026-01-22,ACTIVE
2979,MSB00002979,Vũ Xuân Cường,1968-05-25,MALE,AFFLUENT,TP. Hồ Chí Minh,VERIFIED,2023-12-17,ACTIVE
2980,MSB00002980,Bùi Thị Hoa,1969-07-11,FEMALE,MASS,Cần Thơ,VERIFIED,2016-09-06,ACTIVE
2981,MSB00002981,Vũ Công Dũng,1986-12-05,MALE,MASS,Hải Phòng,VERIFIED,2025-02-23,DORMANT
2982,MSB00002982,Hồ Thành Nam,1971-08-13,MALE,SME_OWNER,Bình Dương,VERIFIED,2020-09-27,ACTIVE
2983,MSB00002983,Phan Thị Nhung,2005-04-02,FEMALE,MASS_AFFLUENT,Đà Nẵng,VERIFIED,2025-07-06,ACTIVE
2984,MSB00002984,Phạm Thu Vân,1974-03-02,FEMALE,SME_OWNER,Hà Nội,VERIFIED,2022-11-05,ACTIVE
2985,MSB00002985,Bùi Thành Hùng,1983-01-30,MALE,PRIVATE,TP. Hồ Chí Minh,VERIFIED,2024-11-19,ACTIVE
2986,MSB00002986,Võ Thị Hằng,1965-06-18,FEMALE,MASS,TP. Hồ Chí Minh,VERIFIED,2021-01-10,ACTIVE
2987,MSB00002987,Hồ Kim Nhung,1958-03-08,FEMALE,MASS_AFFLUENT,Hải Phòng,PENDING,2018-10-29,ACTIVE
2988,MSB00002988,Hồ Xuân Bình,1978-11-12,MALE,SME_OWNER,Nghệ An,VERIFIED,2018-09-29,ACTIVE
2989,MSB00002989,Đặng Diệu Hà,1975-04-14,FEMALE,MASS_AFFLUENT,TP. Hồ Chí Minh,VERIFIED,2015-06-14,ACTIVE
2990,MSB00002990,Ngô Quang Khoa,1959-09-16,MALE,PRIVATE,Hải Phòng,VERIFIED,2024-11-27,DORMANT
2991,MSB00002991,Hồ Bá Cường,1989-03-24,MALE,MASS_AFFLUENT,Hà Nội,VERIFIED,2021-08-28,DORMANT
2992,MSB00002992,Bùi Xuân Tuấn,1998-11-18,MALE,SME_OWNER,Đà Nẵng,VERIFIED,2020-03-21,ACTIVE
2993,MSB00002993,Võ Hữu Phúc,1981-07-17,MALE,MASS,Cần Thơ,VERIFIED,2025-04-27,ACTIVE
2994,MSB00002994,Dương Bá Phúc,1988-10-21,MALE,PRIVATE,Bình Dương,VERIFIED,2025-01-13,DORMANT
2995,MSB00002995,Hoàng Mai Thảo,1975-03-06,FEMALE,MASS,Quảng Ninh,VERIFIED,2022-09-16,ACTIVE
2996,MSB00002996,Hoàng Bá Khoa,1966-09-01,MALE,MASS,Quảng Ninh,VERIFIED,2016-04-20,ACTIVE
2997,MSB00002997,Ngô Diệu Nhung,1980-12-15,FEMALE,MASS,TP. Hồ Chí Minh,VERIFIED,2019-06-28,DORMANT
2998,MSB00002998,Vũ Đức Bình,1990-12-01,MALE,MASS,Đồng Nai,VERIFIED,2019-10-08,ACTIVE
2999,MSB00002999,Nguyễn Mai Nhung,1978-07-04,FEMALE,MASS,Cần Thơ,VERIFIED,2019-11-25,ACTIVE
3000,MSB00003000,Phạm Kim Vân,1984-02-02,FEMALE,MASS_AFFLUENT,TP. Hồ Chí Minh,EXPIRED,2016-11-13,ACTIVE
3001,MSB00003001,Bùi Xuân Cường,1996-12-01,MALE,MASS_AFFLUENT,Hà Nội,VERIFIED,2019-12-21,DORMANT
3002,MSB00003002,Trần Phương Ngân,1967-11-06,FEMALE,PRIVATE,Quảng Ninh,VERIFIED,2017-12-01,DORMANT
3003,MSB00003003,Đỗ Diệu Chi,1990-04-12,FEMALE,MASS,Nghệ An,VERIFIED,2022-09-19,DORMANT
3004,MSB00003004,Dương Văn Quân,1980-02-04,MALE,MASS,TP. Hồ Chí Minh,VERIFIED,2016-10-26,DORMANT
3005,MSB00003005,Ngô Thành Hùng,1961-06-25,MALE,PRIVATE,TP. Hồ Chí Minh,EXPIRED,2025-12-13,ACTIVE
3006,MSB00003006,Đặng Diệu Hà,1997-03-23,FEMALE,AFFLUENT,Hà Nội,VERIFIED,2022-05-04,ACTIVE
3007,MSB00003007,Dương Phương Chi,1985-03-07,FEMALE,MASS_AFFLUENT,Hà Nội,VERIFIED,2023-05-30,DORMANT
3008,MSB00003008,Huỳnh Bá Long,1998-08-16,MALE,MASS_AFFLUENT,Bình Dương,VERIFIED,2024-09-12,ACTIVE
3009,MSB00003009,Lý Ngọc Lan,1984-09-27,FEMALE,MASS_AFFLUENT,TP. Hồ Chí Minh,VERIFIED,2020-01-24,ACTIVE
3010,MSB00003010,Ngô Bá Hùng,1991-01-06,MALE,MASS,Đà Nẵng,VERIFIED,2015-12-05,DORMANT
3011,MSB00003011,Hồ Đức Huy,1961-06-22,MALE,SME_OWNER,TP. Hồ Chí Minh,VERIFIED,2024-06-07,ACTIVE
3012,MSB00003012,Nguyễn Phương Dung,1990-10-05,FEMALE,AFFLUENT,Đà Nẵng,VERIFIED,2016-01-04,ACTIVE
3013,MSB00003013,Bùi Diệu Oanh,1975-12-19,FEMALE,MASS_AFFLUENT,Cần Thơ,VERIFIED,2016-04-30,ACTIVE
3014,MSB00003014,Phan Bá Dũng,1999-12-18,MALE,MASS,Đồng Nai,VERIFIED,2016-01-10,ACTIVE
3015,MSB00003015,Võ Xuân Long,1983-09-22,MALE,MASS,TP. Hồ Chí Minh,VERIFIED,2026-04-03,ACTIVE
3016,MSB00003016,Nguyễn Công Phúc,1965-04-02,MALE,MASS,TP. Hồ Chí Minh,VERIFIED,2014-10-15,ACTIVE
3017,MSB00003017,Hồ Mai Lan,1973-04-20,FEMALE,AFFLUENT,Hà Nội,PENDING,2021-05-04,DORMANT
3018,MSB00003018,Hồ Hữu Dũng,1992-01-15,MALE,PRIVATE,Đồng Nai,VERIFIED,2019-05-17,ACTIVE
3019,MSB00003019,Đặng Thành Hoàng,1957-10-07,MALE,MASS_AFFLUENT,Đồng Nai,VERIFIED,2022-10-09,ACTIVE
3020,MSB00003020,Đặng Hữu Việt,1965-11-04,MALE,MASS_AFFLUENT,TP. Hồ Chí Minh,VERIFIED,2020-05-07,ACTIVE
3021,MSB00003021,Phan Thu Lan,1985-11-13,FEMALE,MASS_AFFLUENT,Hà Nội,VERIFIED,2019-11-29,ACTIVE
3022,MSB00003022,Hồ Hữu Sơn,1957-11-22,MALE,MASS,Hải Phòng,VERIFIED,2017-01-10,DORMANT
3023,MSB00003023,Trần Hải Dung,1997-08-15,FEMALE,SME_OWNER,Cần Thơ,VERIFIED,2022-05-06,DORMANT
3024,MSB00003024,Lý Bá Đạt,1990-03-01,MALE,MASS,Cần Thơ,VERIFIED,2025-01-15,DORMANT
3025,MSB00003025,Huỳnh Bá Cường,1960-04-20,MALE,MASS_AFFLUENT,Hà Nội,VERIFIED,2019-06-27,ACTIVE
3026,MSB00003026,Hoàng Hữu An,1958-04-17,MALE,MASS,Quảng Ninh,VERIFIED,2017-03-12,ACTIVE
3027,MSB00003027,Huỳnh Quang Đạt,1964-10-19,MALE,MASS,Đà Nẵng,VERIFIED,2026-02-22,ACTIVE
3028,MSB00003028,Nguyễn Công Việt,1997-04-05,MALE,AFFLUENT,Đà Nẵng,VERIFIED,2016-11-07,ACTIVE
3029,MSB00003029,Phạm Thành Sơn,1995-10-27,MALE,SME_OWNER,Hà Nội,PENDING,2016-12-14,ACTIVE
3030,MSB00003030,Đặng Hữu Dũng,1973-09-30,MALE,AFFLUENT,Hà Nội,EXPIRED,2019-08-06,ACTIVE
3031,MSB00003031,Dương Bá Phúc,2004-03-14,MALE,MASS_AFFLUENT,Hà Nội,VERIFIED,2015-04-08,ACTIVE
3032,MSB00003032,Đặng Minh Quân,1957-06-27,MALE,AFFLUENT,TP. Hồ Chí Minh,VERIFIED,2021-10-20,ACTIVE
3033,MSB00003033,Đỗ Quang Cường,1958-12-17,MALE,MASS_AFFLUENT,Nghệ An,VERIFIED,2024-10-08,ACTIVE
3034,MSB00003034,Trần Bá Vinh,1965-10-17,MALE,MASS,Cần Thơ,VERIFIED,2018-09-03,ACTIVE
3035,MSB00003035,Phạm Văn Dũng,1958-04-01,MALE,MASS,Quảng Ninh,VERIFIED,2019-03-19,DORMANT
3036,MSB00003036,Đặng Phương Hà,1995-06-18,FEMALE,AFFLUENT,Hải Phòng,VERIFIED,2015-08-28,DORMANT
3037,MSB00003037,Lê Thùy Linh,1962-02-18,FEMALE,MASS,Hà Nội,VERIFIED,2023-09-17,DORMANT
3038,MSB00003038,Phạm Kim Anh,1993-09-03,FEMALE,AFFLUENT,Hải Phòng,VERIFIED,2024-06-26,ACTIVE
3039,MSB00003039,Dương Xuân Long,2000-02-21,MALE,MASS,Hải Phòng,VERIFIED,2018-05-28,ACTIVE
3040,MSB00003040,Hồ Kim Anh,1993-03-17,FEMALE,AFFLUENT,Đồng Nai,VERIFIED,2022-09-12,ACTIVE
3041,MSB00003041,Hoàng Thị Oanh,1968-03-20,FEMALE,MASS_AFFLUENT,Đà Nẵng,VERIFIED,2024-03-03,ACTIVE
3042,MSB00003042,Hồ Quang An,1958-12-04,MALE,MASS,TP. Hồ Chí Minh,VERIFIED,2018-06-30,DORMANT
3043,MSB00003043,Phạm Minh Cường,1976-04-25,MALE,AFFLUENT,Cần Thơ,VERIFIED,2024-03-01,DORMANT
3044,MSB00003044,Trần Thu Ngân,1993-12-04,FEMALE,AFFLUENT,Cần Thơ,VERIFIED,2016-08-10,ACTIVE
3045,MSB00003045,Trần Diệu My,1975-09-02,FEMALE,AFFLUENT,TP. Hồ Chí Minh,VERIFIED,2022-09-12,ACTIVE
3046,MSB00003046,Lê Thị Thảo,1980-11-19,FEMALE,MASS,Hà Nội,VERIFIED,2018-09-21,DORMANT
3047,MSB00003047,Đặng Mai Trang,1980-09-23,FEMALE,AFFLUENT,TP. Hồ Chí Minh,VERIFIED,2019-08-05,DORMANT
3048,MSB00003048,Lý Diệu Trang,1988-11-12,FEMALE,AFFLUENT,Bình Dương,VERIFIED,2019-06-09,DORMANT
3049,MSB00003049,Ngô Mai Hằng,1999-10-25,FEMALE,MASS_AFFLUENT,TP. Hồ Chí Minh,VERIFIED,2022-10-12,DORMANT
3050,MSB00003050,Đặng Xuân Đạt,1988-08-13,MALE,MASS_AFFLUENT,Cần Thơ,VERIFIED,2025-04-29,ACTIVE
3051,MSB00003051,Trần Hữu Dũng,1962-04-21,MALE,MASS,TP. Hồ Chí Minh,VERIFIED,2018-11-13,DORMANT
3052,MSB00003052,Đỗ Ngọc Nhung,1986-05-20,FEMALE,PRIVATE,TP. Hồ Chí Minh,VERIFIED,2021-04-08,ACTIVE
3053,MSB00003053,Lê Văn Vinh,2004-10-16,MALE,AFFLUENT,TP. Hồ Chí Minh,VERIFIED,2014-12-07,DORMANT
3054,MSB00003054,Hoàng Văn Dũng,1989-06-05,MALE,AFFLUENT,Hà Nội,VERIFIED,2015-12-11,ACTIVE
3055,MSB00003055,Huỳnh Công Huy,1982-09-09,MALE,SME_OWNER,TP. Hồ Chí Minh,VERIFIED,2025-06-16,DORMANT
3056,MSB00003056,Phạm Quang Hùng,1976-12-16,MALE,MASS_AFFLUENT,Cần Thơ,VERIFIED,2022-02-09,ACTIVE
3057,MSB00003057,Vũ Đức Long,1974-07-13,MALE,MASS_AFFLUENT,TP. Hồ Chí Minh,PENDING,2021-06-24,DORMANT
3058,MSB00003058,Đặng Phương Dung,1984-12-21,FEMALE,MASS,TP. Hồ Chí Minh,VERIFIED,2021-11-18,DORMANT
3059,MSB00003059,Lê Đức Huy,1999-04-25,MALE,MASS_AFFLUENT,Hải Phòng,VERIFIED,2017-11-21,DORMANT
3060,MSB00003060,Huỳnh Phương My,1984-05-11,FEMALE,SME_OWNER,TP. Hồ Chí Minh,PENDING,2022-02-26,DORMANT
3061,MSB00003061,Huỳnh Văn Nam,2005-08-30,MALE,MASS_AFFLUENT,TP. Hồ Chí Minh,VERIFIED,2024-07-17,ACTIVE
3062,MSB00003062,Lý Diệu Hoa,1980-11-11,FEMALE,MASS_AFFLUENT,Bình Dương,VERIFIED,2022-02-04,ACTIVE
3063,MSB00003063,Võ Thu Yến,1983-11-23,FEMALE,MASS_AFFLUENT,TP. Hồ Chí Minh,VERIFIED,2017-02-23,ACTIVE
3064,MSB00003064,Võ Diệu Vân,1989-05-06,FEMALE,AFFLUENT,Đà Nẵng,VERIFIED,2021-08-09,ACTIVE
3065,MSB00003065,Huỳnh Minh Sơn,1972-12-29,MALE,MASS,Hà Nội,VERIFIED,2022-12-30,DORMANT
3066,MSB00003066,Phạm Bá Sơn,1969-04-24,MALE,MASS_AFFLUENT,TP. Hồ Chí Minh,VERIFIED,2017-04-22,ACTIVE
3067,MSB00003067,Phạm Kim Uyên,1993-01-19,FEMALE,MASS_AFFLUENT,Hà Nội,VERIFIED,2025-07-22,ACTIVE
3068,MSB00003068,Phan Hải Thảo,1981-04-04,FEMALE,MASS,Đồng Nai,VERIFIED,2021-01-07,ACTIVE
3069,MSB00003069,Huỳnh Xuân Nam,1981-01-17,MALE,MASS,Hà Nội,VERIFIED,2025-02-14,DORMANT
3070,MSB00003070,Võ Hải Chi,1980-11-29,FEMALE,MASS,Hải Phòng,VERIFIED,2019-03-31,DORMANT
3071,MSB00003071,Đỗ Phương Nhung,1986-05-04,FEMALE,AFFLUENT,Cần Thơ,VERIFIED,2015-10-31,ACTIVE
3072,MSB00003072,Lý Minh Huy,1996-08-23,MALE,MASS_AFFLUENT,TP. Hồ Chí Minh,VERIFIED,2021-03-02,ACTIVE
3073,MSB00003073,Đặng Thùy Nhung,1998-07-23,FEMALE,MASS,TP. Hồ Chí Minh,VERIFIED,2014-11-17,ACTIVE
3074,MSB00003074,Phạm Xuân Cường,2004-10-01,MALE,MASS,Hà Nội,EXPIRED,2016-02-19,ACTIVE
3075,MSB00003075,Vũ Bá An,2003-09-12,MALE,SME_OWNER,TP. Hồ Chí Minh,EXPIRED,2017-11-02,ACTIVE
3076,MSB00003076,Vũ Kim Lan,1965-12-18,FEMALE,MASS_AFFLUENT,Khánh Hòa,VERIFIED,2024-03-29,DORMANT
3077,MSB00003077,Bùi Đức Long,2003-07-20,MALE,MASS_AFFLUENT,Hà Nội,VERIFIED,2025-12-11,ACTIVE
3078,MSB00003078,Hoàng Phương Vân,1964-01-26,FEMALE,MASS,TP. Hồ Chí Minh,VERIFIED,2024-11-22,ACTIVE
3079,MSB00003079,Lê Ngọc Hằng,1962-03-23,FEMALE,SME_OWNER,TP. Hồ Chí Minh,VERIFIED,2022-04-07,ACTIVE
3080,MSB00003080,Phạm Diệu Oanh,1994-06-02,FEMALE,SME_OWNER,Hải Phòng,VERIFIED,2021-07-28,ACTIVE
3081,MSB00003081,Lý Quang Tuấn,1984-04-11,MALE,MASS,TP. Hồ Chí Minh,VERIFIED,2023-11-17,ACTIVE
3082,MSB00003082,Đỗ Quang Hoàng,1987-11-15,MALE,PRIVATE,TP. Hồ Chí Minh,VERIFIED,2014-12-18,ACTIVE
3083,MSB00003083,Huỳnh Văn Phúc,1986-08-30,MALE,MASS,Hà Nội,VERIFIED,2017-08-30,ACTIVE
3084,MSB00003084,Nguyễn Thị Anh,1988-10-13,FEMALE,MASS_AFFLUENT,Khánh Hòa,VERIFIED,2018-03-01,ACTIVE
3085,MSB00003085,Trần Thành Sơn,1989-06-14,MALE,MASS,TP. Hồ Chí Minh,VERIFIED,2018-09-25,ACTIVE
3086,MSB00003086,Dương Thu Hoa,1972-02-26,FEMALE,MASS,Hà Nội,VERIFIED,2019-02-20,ACTIVE
3087,MSB00003087,Vũ Bá Huy,1986-02-16,MALE,SME_OWNER,Cần Thơ,VERIFIED,2016-01-16,DORMANT
3088,MSB00003088,Đỗ Minh Trí,1997-05-13,MALE,MASS_AFFLUENT,Bình Dương,EXPIRED,2021-10-10,ACTIVE
3089,MSB00003089,Lê Kim Hằng,1988-03-22,FEMALE,MASS_AFFLUENT,TP. Hồ Chí Minh,PENDING,2024-09-08,ACTIVE
3090,MSB00003090,Lê Ngọc Trang,1958-04-11,FEMALE,MASS,Quảng Ninh,VERIFIED,2022-11-19,ACTIVE
3091,MSB00003091,Huỳnh Bá Sơn,1957-08-02,MALE,MASS,Hà Nội,VERIFIED,2023-08-29,ACTIVE
3092,MSB00003092,Đỗ Thu Vân,2003-03-30,FEMALE,MASS,Đồng Nai,VERIFIED,2015-03-03,ACTIVE
3093,MSB00003093,Phạm Công Hoàng,1978-04-17,MALE,MASS,Đồng Nai,VERIFIED,2019-09-18,ACTIVE
3094,MSB00003094,Đỗ Thu Hằng,1958-05-08,FEMALE,SME_OWNER,TP. Hồ Chí Minh,VERIFIED,2021-05-07,DORMANT
3095,MSB00003095,Phan Minh Bình,1997-01-15,MALE,MASS,Đà Nẵng,VERIFIED,2026-01-10,ACTIVE
3096,MSB00003096,Phạm Thùy Dung,2002-12-12,FEMALE,MASS_AFFLUENT,Hà Nội,VERIFIED,2018-01-12,ACTIVE
3097,MSB00003097,Huỳnh Văn Việt,1996-08-10,MALE,AFFLUENT,Hà Nội,VERIFIED,2018-10-14,ACTIVE
3098,MSB00003098,Bùi Hữu Đạt,1991-04-26,MALE,AFFLUENT,TP. Hồ Chí Minh,VERIFIED,2016-11-15,DORMANT
3099,MSB00003099,Đặng Thu Hà,1960-08-16,FEMALE,MASS,Khánh Hòa,VERIFIED,2024-10-18,ACTIVE
3100,MSB00003100,Phan Xuân An,1993-11-01,MALE,SME_OWNER,Hà Nội,VERIFIED,2018-08-28,ACTIVE
3101,MSB00003101,Nguyễn Công Huy,1989-09-23,MALE,MASS,TP. Hồ Chí Minh,VERIFIED,2022-02-08,ACTIVE
3102,MSB00003102,Hoàng Thành Sơn,1994-03-11,MALE,MASS,Hà Nội,VERIFIED,2023-08-13,ACTIVE
3103,MSB00003103,Phạm Xuân Cường,1986-09-18,MALE,AFFLUENT,TP. Hồ Chí Minh,VERIFIED,2023-09-18,ACTIVE
3104,MSB00003104,Võ Phương Oanh,1957-01-10,FEMALE,AFFLUENT,TP. Hồ Chí Minh,VERIFIED,2022-12-20,ACTIVE
3105,MSB00003105,Ngô Thành Tuấn,2001-10-14,MALE,MASS_AFFLUENT,Nghệ An,VERIFIED,2017-10-11,DORMANT
3106,MSB00003106,Lê Thu Lan,1983-09-16,FEMALE,MASS,Hà Nội,VERIFIED,2026-01-22,ACTIVE
3107,MSB00003107,Huỳnh Thùy Chi,1976-01-26,FEMALE,MASS_AFFLUENT,Hà Nội,VERIFIED,2015-04-12,DORMANT
3108,MSB00003108,Vũ Thành Đạt,2001-03-18,MALE,MASS_AFFLUENT,Hà Nội,VERIFIED,2015-01-08,ACTIVE
3109,MSB00003109,Lý Kim Yến,2003-12-01,FEMALE,MASS_AFFLUENT,TP. Hồ Chí Minh,VERIFIED,2015-01-14,ACTIVE
3110,MSB00003110,Vũ Minh Dũng,1957-06-26,MALE,MASS_AFFLUENT,TP. Hồ Chí Minh,VERIFIED,2016-08-04,ACTIVE
3111,MSB00003111,Bùi Đức Phúc,1993-05-11,MALE,MASS,Hà Nội,PENDING,2022-07-20,DORMANT
3112,MSB00003112,Dương Minh Khoa,1994-02-08,MALE,MASS,TP. Hồ Chí Minh,VERIFIED,2021-08-12,ACTIVE
3113,MSB00003113,Bùi Thành Sơn,1989-06-15,MALE,AFFLUENT,TP. Hồ Chí Minh,VERIFIED,2024-11-06,ACTIVE
3114,MSB00003114,Nguyễn Đức Cường,2003-02-28,MALE,MASS_AFFLUENT,Hà Nội,VERIFIED,2015-12-02,ACTIVE
3115,MSB00003115,Lý Đức Phúc,1998-10-20,MALE,MASS_AFFLUENT,Bình Dương,VERIFIED,2017-05-04,DORMANT
3116,MSB00003116,Dương Diệu Hà,2004-11-15,FEMALE,SME_OWNER,Bình Dương,VERIFIED,2024-07-14,ACTIVE
3117,MSB00003117,Ngô Hải Nhung,1979-10-07,FEMALE,MASS_AFFLUENT,TP. Hồ Chí Minh,VERIFIED,2014-10-11,ACTIVE
3118,MSB00003118,Lê Hải Nhung,1982-10-19,FEMALE,MASS,Đà Nẵng,VERIFIED,2025-11-01,ACTIVE
3119,MSB00003119,Vũ Phương Hà,1993-04-28,FEMALE,MASS,TP. Hồ Chí Minh,VERIFIED,2017-05-17,DORMANT
3120,MSB00003120,Đặng Thùy Hoa,1960-12-10,FEMALE,MASS_AFFLUENT,Hà Nội,VERIFIED,2024-09-30,ACTIVE
3121,MSB00003121,Vũ Hữu Huy,1991-04-15,MALE,MASS,Đà Nẵng,VERIFIED,2017-08-01,ACTIVE
3122,MSB00003122,Dương Kim Ngân,2005-09-07,FEMALE,AFFLUENT,Cần Thơ,VERIFIED,2016-01-09,DORMANT
3123,MSB00003123,Hoàng Hữu Trí,2002-06-24,MALE,AFFLUENT,TP. Hồ Chí Minh,VERIFIED,2015-03-30,ACTIVE
3124,MSB00003124,Phan Diệu Chi,1970-05-21,FEMALE,MASS_AFFLUENT,TP. Hồ Chí Minh,VERIFIED,2024-06-15,ACTIVE
3125,MSB00003125,Trần Kim Uyên,1979-09-19,FEMALE,SME_OWNER,TP. Hồ Chí Minh,VERIFIED,2024-05-29,ACTIVE
3126,MSB00003126,Phan Bá Cường,1993-06-01,MALE,MASS,TP. Hồ Chí Minh,VERIFIED,2025-07-13,ACTIVE
3127,MSB00003127,Ngô Ngọc Hoa,1994-01-13,FEMALE,MASS,TP. Hồ Chí Minh,EXPIRED,2016-09-26,DORMANT
3128,MSB00003128,Bùi Mai Yến,1996-05-13,FEMALE,PRIVATE,Cần Thơ,VERIFIED,2024-02-29,ACTIVE
3129,MSB00003129,Trần Hải Hoa,1985-05-16,FEMALE,MASS_AFFLUENT,Hà Nội,VERIFIED,2021-10-08,DORMANT
3130,MSB00003130,Võ Minh Vinh,1970-12-27,MALE,MASS,Hải Phòng,VERIFIED,2021-06-26,DORMANT
3131,MSB00003131,Phan Thu My,1974-11-11,FEMALE,AFFLUENT,Nghệ An,VERIFIED,2022-03-27,DORMANT
3132,MSB00003132,Bùi Mai Anh,1969-06-04,FEMALE,SME_OWNER,Hà Nội,VERIFIED,2020-07-15,ACTIVE
3133,MSB00003133,Đặng Văn Tuấn,2003-09-04,MALE,MASS_AFFLUENT,TP. Hồ Chí Minh,VERIFIED,2022-04-05,ACTIVE
3134,MSB00003134,Đặng Bá Dũng,1979-07-27,MALE,MASS_AFFLUENT,TP. Hồ Chí Minh,VERIFIED,2023-07-29,ACTIVE
3135,MSB00003135,Hồ Thành Tuấn,1968-07-22,MALE,MASS,Đà Nẵng,VERIFIED,2021-10-20,ACTIVE
3136,MSB00003136,Bùi Kim Chi,1995-09-06,FEMALE,MASS,Đồng Nai,VERIFIED,2016-12-05,DORMANT
3137,MSB00003137,Ngô Công Bình,1977-08-07,MALE,MASS_AFFLUENT,Đồng Nai,VERIFIED,2024-12-13,DORMANT
3138,MSB00003138,Đặng Xuân Việt,2006-05-05,MALE,AFFLUENT,TP. Hồ Chí Minh,VERIFIED,2015-02-18,ACTIVE
3139,MSB00003139,Phạm Bá Đạt,1961-07-14,MALE,AFFLUENT,Cần Thơ,VERIFIED,2021-07-18,ACTIVE
3140,MSB00003140,Huỳnh Kim Vân,1970-06-07,FEMALE,MASS_AFFLUENT,TP. Hồ Chí Minh,VERIFIED,2022-12-08,ACTIVE
3141,MSB00003141,Lê Ngọc My,1975-08-01,FEMALE,MASS,Bình Dương,VERIFIED,2021-02-19,ACTIVE
3142,MSB00003142,Nguyễn Hữu Sơn,1977-04-19,MALE,MASS,Đồng Nai,VERIFIED,2015-06-20,ACTIVE
3143,MSB00003143,Hoàng Đức Khoa,1973-05-12,MALE,MASS,Cần Thơ,VERIFIED,2016-11-21,ACTIVE
3144,MSB00003144,Trần Phương Hằng,1985-07-01,FEMALE,AFFLUENT,Hà Nội,VERIFIED,2016-10-14,ACTIVE
3145,MSB00003145,Bùi Bá Phúc,1957-12-08,MALE,MASS_AFFLUENT,TP. Hồ Chí Minh,VERIFIED,2023-10-04,DORMANT
3146,MSB00003146,Dương Hữu Trí,1996-08-14,MALE,MASS_AFFLUENT,Bình Dương,VERIFIED,2015-12-29,ACTIVE
3147,MSB00003147,Huỳnh Thu Thảo,1966-03-07,FEMALE,MASS,Hà Nội,VERIFIED,2018-02-02,ACTIVE
3148,MSB00003148,Vũ Thành Hoàng,1968-05-08,MALE,MASS,TP. Hồ Chí Minh,VERIFIED,2025-08-18,ACTIVE
3149,MSB00003149,Vũ Đức Phúc,1965-01-02,MALE,AFFLUENT,Đà Nẵng,VERIFIED,2021-05-06,DORMANT
3150,MSB00003150,Phan Công Hùng,2003-04-27,MALE,MASS,Bình Dương,VERIFIED,2016-08-06,ACTIVE
3151,MSB00003151,Dương Phương Uyên,1984-03-08,FEMALE,PRIVATE,Bình Dương,VERIFIED,2020-02-12,ACTIVE
3152,MSB00003152,Bùi Ngọc Hoa,1973-11-04,FEMALE,MASS_AFFLUENT,Hà Nội,VERIFIED,2019-06-29,ACTIVE
3153,MSB00003153,Lý Văn Khoa,1976-07-06,MALE,AFFLUENT,Hải Phòng,VERIFIED,2021-12-15,DORMANT
3154,MSB00003154,Đỗ Kim Nhung,1972-03-21,FEMALE,MASS_AFFLUENT,Bình Dương,VERIFIED,2025-11-18,ACTIVE
3155,MSB00003155,Nguyễn Thùy Ngân,1975-02-04,FEMALE,MASS_AFFLUENT,Hà Nội,VERIFIED,2015-12-31,ACTIVE
3156,MSB00003156,Huỳnh Kim Thảo,1994-12-03,FEMALE,MASS,TP. Hồ Chí Minh,VERIFIED,2017-07-15,ACTIVE
3157,MSB00003157,Bùi Quang Dũng,1965-02-13,MALE,MASS_AFFLUENT,Hải Phòng,VERIFIED,2023-02-27,ACTIVE
3158,MSB00003158,Đặng Xuân Tuấn,1981-12-02,MALE,AFFLUENT,TP. Hồ Chí Minh,VERIFIED,2023-07-05,DORMANT
3159,MSB00003159,Hồ Diệu Yến,1957-11-10,FEMALE,MASS,TP. Hồ Chí Minh,VERIFIED,2020-04-13,ACTIVE
3160,MSB00003160,Huỳnh Đức Khoa,1979-11-14,MALE,MASS_AFFLUENT,Hà Nội,VERIFIED,2017-01-11,ACTIVE
3161,MSB00003161,Hồ Công Hoàng,1980-01-16,MALE,MASS,Bình Dương,VERIFIED,2025-04-25,ACTIVE
3162,MSB00003162,Hồ Quang Cường,1976-09-26,MALE,MASS_AFFLUENT,Hà Nội,VERIFIED,2019-01-10,ACTIVE
3163,MSB00003163,Đỗ Thùy Nga,1963-08-20,FEMALE,MASS,TP. Hồ Chí Minh,VERIFIED,2016-06-12,ACTIVE
3164,MSB00003164,Phạm Văn Tuấn,1961-02-26,MALE,MASS,TP. Hồ Chí Minh,VERIFIED,2020-08-01,DORMANT
3165,MSB00003165,Vũ Quang Phúc,1976-11-08,MALE,MASS,Hà Nội,VERIFIED,2025-09-16,ACTIVE
3166,MSB00003166,Huỳnh Thị Hằng,1979-07-22,FEMALE,MASS_AFFLUENT,TP. Hồ Chí Minh,VERIFIED,2026-01-20,DORMANT
3167,MSB00003167,Dương Thành Phúc,2003-11-03,MALE,PRIVATE,Hà Nội,VERIFIED,2024-06-08,ACTIVE
3168,MSB00003168,Nguyễn Xuân Vinh,2003-08-14,MALE,SME_OWNER,Hà Nội,VERIFIED,2015-12-13,ACTIVE
3169,MSB00003169,Nguyễn Hữu Dũng,1969-11-13,MALE,AFFLUENT,TP. Hồ Chí Minh,VERIFIED,2020-12-26,ACTIVE
3170,MSB00003170,Dương Xuân Nam,1989-06-20,MALE,MASS,TP. Hồ Chí Minh,PENDING,2024-08-09,ACTIVE
3171,MSB00003171,Lê Phương Hằng,1984-12-27,FEMALE,SME_OWNER,TP. Hồ Chí Minh,VERIFIED,2015-10-10,ACTIVE
3172,MSB00003172,Trần Đức Hùng,1974-10-30,MALE,MASS_AFFLUENT,Hà Nội,VERIFIED,2016-08-25,DORMANT
3173,MSB00003173,Nguyễn Hải Lan,1994-11-04,FEMALE,MASS,TP. Hồ Chí Minh,VERIFIED,2024-08-11,ACTIVE
3174,MSB00003174,Võ Minh Vinh,1990-01-30,MALE,MASS_AFFLUENT,Hà Nội,VERIFIED,2018-04-20,DORMANT
3175,MSB00003175,Hồ Quang Đạt,2003-10-01,MALE,MASS,TP. Hồ Chí Minh,VERIFIED,2022-06-21,DORMANT
3176,MSB00003176,Đặng Văn Đạt,1968-07-07,MALE,MASS_AFFLUENT,Hà Nội,VERIFIED,2025-07-07,ACTIVE
3177,MSB00003177,Hồ Công Long,1981-06-02,MALE,MASS_AFFLUENT,Hà Nội,VERIFIED,2025-08-08,ACTIVE
3178,MSB00003178,Dương Công Long,1997-07-10,MALE,AFFLUENT,TP. Hồ Chí Minh,VERIFIED,2020-01-02,ACTIVE
3179,MSB00003179,Đỗ Đức Nam,1976-12-08,MALE,PRIVATE,Khánh Hòa,VERIFIED,2016-06-27,ACTIVE
3180,MSB00003180,Hồ Thu Anh,1998-10-07,FEMALE,MASS,Hà Nội,VERIFIED,2015-02-09,ACTIVE
3181,MSB00003181,Huỳnh Hữu Long,1966-09-23,MALE,MASS,Cần Thơ,VERIFIED,2018-02-05,ACTIVE
3182,MSB00003182,Trần Phương Nga,1995-02-20,FEMALE,MASS_AFFLUENT,Hà Nội,VERIFIED,2015-07-25,ACTIVE
3183,MSB00003183,Hoàng Quang Cường,1993-07-10,MALE,MASS_AFFLUENT,TP. Hồ Chí Minh,VERIFIED,2023-07-30,ACTIVE
3184,MSB00003184,Nguyễn Minh Cường,1963-06-27,MALE,MASS,TP. Hồ Chí Minh,VERIFIED,2024-08-14,ACTIVE
3185,MSB00003185,Ngô Thu Linh,1969-01-11,FEMALE,AFFLUENT,Hà Nội,VERIFIED,2025-01-13,ACTIVE
3186,MSB00003186,Hoàng Công Bình,1971-10-05,MALE,MASS_AFFLUENT,Hải Phòng,VERIFIED,2024-04-22,ACTIVE
3187,MSB00003187,Dương Hữu Nam,1975-09-02,MALE,MASS,Hà Nội,VERIFIED,2017-07-14,DORMANT
3188,MSB00003188,Ngô Công Việt,1979-12-08,MALE,MASS,Bình Dương,PENDING,2024-07-14,DORMANT
3189,MSB00003189,Trần Đức Vinh,1996-10-10,MALE,MASS_AFFLUENT,Đà Nẵng,VERIFIED,2021-04-13,ACTIVE
3190,MSB00003190,Hoàng Ngọc Chi,1991-03-07,FEMALE,SME_OWNER,Cần Thơ,VERIFIED,2017-07-04,ACTIVE
3191,MSB00003191,Võ Công Đạt,1958-06-17,MALE,MASS_AFFLUENT,Hà Nội,VERIFIED,2015-07-08,ACTIVE
3192,MSB00003192,Phan Mai Yến,1961-03-11,FEMALE,MASS_AFFLUENT,TP. Hồ Chí Minh,VERIFIED,2024-06-14,ACTIVE
3193,MSB00003193,Ngô Thành Sơn,1970-07-22,MALE,MASS,Hải Phòng,VERIFIED,2024-02-25,ACTIVE
3194,MSB00003194,Vũ Văn Cường,1961-12-25,MALE,AFFLUENT,TP. Hồ Chí Minh,VERIFIED,2025-07-28,ACTIVE
3195,MSB00003195,Phan Quang An,1966-04-29,MALE,AFFLUENT,Hải Phòng,EXPIRED,2025-01-06,DORMANT
3196,MSB00003196,Dương Xuân Bình,1987-04-27,MALE,AFFLUENT,TP. Hồ Chí Minh,VERIFIED,2021-10-10,ACTIVE
3197,MSB00003197,Trần Mai Hà,1971-08-27,FEMALE,MASS_AFFLUENT,Hải Phòng,VERIFIED,2022-08-29,ACTIVE
3198,MSB00003198,Lê Thùy Oanh,1968-08-28,FEMALE,AFFLUENT,Hải Phòng,VERIFIED,2015-01-19,DORMANT
3199,MSB00003199,Lê Hữu Nam,2000-03-25,MALE,MASS,TP. Hồ Chí Minh,VERIFIED,2021-02-22,ACTIVE
3200,MSB00003200,Đặng Xuân Hùng,1960-11-14,MALE,MASS,Đồng Nai,VERIFIED,2022-09-24,ACTIVE
3201,MSB00003201,Hoàng Kim Linh,1982-02-19,FEMALE,MASS,Cần Thơ,VERIFIED,2020-11-07,ACTIVE
3202,MSB00003202,Đặng Đức Tuấn,1991-01-07,MALE,SME_OWNER,Hà Nội,VERIFIED,2017-11-17,DORMANT
3203,MSB00003203,Dương Hải Trang,1983-03-11,FEMALE,MASS,Hà Nội,VERIFIED,2022-05-22,ACTIVE
3204,MSB00003204,Trần Xuân Việt,1989-12-20,MALE,MASS,Cần Thơ,VERIFIED,2024-08-24,DORMANT
3205,MSB00003205,Bùi Hữu Quân,1990-06-16,MALE,MASS,Hải Phòng,VERIFIED,2021-06-02,ACTIVE
3206,MSB00003206,Bùi Quang Cường,1978-08-30,MALE,MASS_AFFLUENT,Khánh Hòa,VERIFIED,2019-01-30,ACTIVE
3207,MSB00003207,Nguyễn Minh Việt,1957-03-24,MALE,AFFLUENT,Hải Phòng,VERIFIED,2022-08-21,DORMANT
3208,MSB00003208,Phan Hải Thảo,1986-08-24,FEMALE,AFFLUENT,Hà Nội,VERIFIED,2019-07-20,DORMANT
3209,MSB00003209,Dương Phương Trang,1995-09-15,FEMALE,PRIVATE,Hà Nội,EXPIRED,2022-07-17,ACTIVE
3210,MSB00003210,Trần Thị Oanh,1968-08-19,FEMALE,MASS_AFFLUENT,TP. Hồ Chí Minh,VERIFIED,2015-10-13,DORMANT
3211,MSB00003211,Hồ Thùy Ngân,1992-03-08,FEMALE,MASS_AFFLUENT,TP. Hồ Chí Minh,VERIFIED,2015-12-22,ACTIVE
3212,MSB00003212,Hoàng Văn Long,1979-11-15,MALE,AFFLUENT,Khánh Hòa,VERIFIED,2017-12-20,ACTIVE
3213,MSB00003213,Vũ Thành Đạt,1994-04-14,MALE,MASS_AFFLUENT,Hải Phòng,VERIFIED,2016-07-22,ACTIVE
3214,MSB00003214,Lý Văn Huy,1996-06-12,MALE,MASS_AFFLUENT,Khánh Hòa,VERIFIED,2024-12-01,ACTIVE
3215,MSB00003215,Võ Thùy Nhung,1994-06-01,FEMALE,MASS,Cần Thơ,VERIFIED,2018-09-16,ACTIVE
3216,MSB00003216,Nguyễn Minh Hoàng,1988-12-20,MALE,MASS,Hải Phòng,VERIFIED,2021-08-09,ACTIVE
3217,MSB00003217,Lý Thu Hà,1959-01-31,FEMALE,MASS,Đà Nẵng,VERIFIED,2017-04-05,DORMANT
3218,MSB00003218,Đặng Thùy Thảo,1973-02-25,FEMALE,PRIVATE,Đà Nẵng,VERIFIED,2026-04-27,ACTIVE
3219,MSB00003219,Huỳnh Thùy Hằng,1972-02-22,FEMALE,MASS,TP. Hồ Chí Minh,VERIFIED,2024-02-20,ACTIVE
3220,MSB00003220,Huỳnh Thành Đạt,2004-05-03,MALE,MASS,Bình Dương,VERIFIED,2023-07-08,DORMANT
3221,MSB00003221,Đỗ Phương Hằng,2005-09-20,FEMALE,MASS,Hà Nội,VERIFIED,2019-10-30,ACTIVE
3222,MSB00003222,Lý Diệu Nhung,1989-06-04,FEMALE,AFFLUENT,Khánh Hòa,PENDING,2014-12-31,ACTIVE
3223,MSB00003223,Hồ Thu My,1961-10-26,FEMALE,MASS,Đà Nẵng,VERIFIED,2015-11-15,ACTIVE
3224,MSB00003224,Hồ Công Vinh,2005-11-17,MALE,AFFLUENT,TP. Hồ Chí Minh,VERIFIED,2021-01-04,DORMANT
3225,MSB00003225,Ngô Diệu Hoa,1968-08-25,FEMALE,AFFLUENT,Hà Nội,VERIFIED,2026-04-25,ACTIVE
3226,MSB00003226,Vũ Công Quân,1965-06-26,MALE,MASS,TP. Hồ Chí Minh,VERIFIED,2016-03-17,ACTIVE
3227,MSB00003227,Đỗ Thu Hằng,1993-02-07,FEMALE,MASS_AFFLUENT,Đà Nẵng,PENDING,2019-08-26,ACTIVE
3228,MSB00003228,Hoàng Hải Thảo,2001-07-01,FEMALE,MASS,Hà Nội,VERIFIED,2026-01-18,ACTIVE
3229,MSB00003229,Trần Xuân An,1998-10-21,MALE,AFFLUENT,Hà Nội,VERIFIED,2018-10-20,ACTIVE
3230,MSB00003230,Võ Thùy Thảo,2003-03-20,FEMALE,MASS_AFFLUENT,TP. Hồ Chí Minh,VERIFIED,2016-01-23,ACTIVE
3231,MSB00003231,Hồ Công Việt,1963-10-27,MALE,MASS_AFFLUENT,TP. Hồ Chí Minh,VERIFIED,2016-03-03,ACTIVE
3232,MSB00003232,Ngô Thùy Nhung,1967-07-16,FEMALE,AFFLUENT,Nghệ An,PENDING,2015-12-15,DORMANT
3233,MSB00003233,Hoàng Hải Ngân,1973-08-19,FEMALE,SME_OWNER,Đà Nẵng,EXPIRED,2014-12-12,ACTIVE
3234,MSB00003234,Đỗ Phương Nhung,2002-01-05,FEMALE,PRIVATE,TP. Hồ Chí Minh,VERIFIED,2018-09-15,ACTIVE
3235,MSB00003235,Trần Mai Hà,1958-11-09,FEMALE,SME_OWNER,Quảng Ninh,VERIFIED,2019-03-09,ACTIVE
3236,MSB00003236,Phan Minh Đạt,1971-08-31,MALE,AFFLUENT,TP. Hồ Chí Minh,VERIFIED,2024-12-20,ACTIVE
3237,MSB00003237,Bùi Hữu Khoa,1964-11-13,MALE,SME_OWNER,Nghệ An,VERIFIED,2018-12-14,DORMANT
3238,MSB00003238,Phạm Phương Oanh,1987-11-29,FEMALE,MASS_AFFLUENT,Nghệ An,VERIFIED,2016-02-10,ACTIVE
3239,MSB00003239,Đỗ Thành Việt,1997-08-06,MALE,AFFLUENT,Hải Phòng,PENDING,2016-11-04,DORMANT
3240,MSB00003240,Dương Xuân Hùng,1965-01-19,MALE,MASS_AFFLUENT,TP. Hồ Chí Minh,VERIFIED,2015-10-31,ACTIVE
3241,MSB00003241,Hoàng Văn Hùng,2003-12-11,MALE,MASS,Bình Dương,VERIFIED,2024-05-05,ACTIVE
3242,MSB00003242,Võ Quang Đạt,1997-04-05,MALE,SME_OWNER,TP. Hồ Chí Minh,VERIFIED,2023-12-25,ACTIVE
3243,MSB00003243,Đặng Diệu Nga,1998-08-29,FEMALE,SME_OWNER,TP. Hồ Chí Minh,VERIFIED,2016-04-25,ACTIVE
3244,MSB00003244,Ngô Bá Phúc,2001-09-01,MALE,MASS,Hà Nội,VERIFIED,2015-05-12,DORMANT
3245,MSB00003245,Ngô Bá Khoa,1978-10-20,MALE,MASS_AFFLUENT,TP. Hồ Chí Minh,VERIFIED,2020-03-10,ACTIVE
3246,MSB00003246,Phạm Thùy Yến,1994-10-11,FEMALE,MASS,Hà Nội,VERIFIED,2016-01-19,ACTIVE
3247,MSB00003247,Vũ Phương Hằng,1958-02-01,FEMALE,MASS_AFFLUENT,Đồng Nai,VERIFIED,2018-05-16,ACTIVE
3248,MSB00003248,Phan Công Sơn,1959-11-02,MALE,MASS,Hà Nội,PENDING,2023-12-09,ACTIVE
3249,MSB00003249,Lê Mai Linh,1998-08-01,FEMALE,MASS,TP. Hồ Chí Minh,VERIFIED,2020-06-01,DORMANT
3250,MSB00003250,Phạm Văn Bình,1965-06-05,MALE,MASS,TP. Hồ Chí Minh,PENDING,2021-09-25,DORMANT
3251,MSB00003251,Hoàng Hải Vân,2004-12-28,FEMALE,MASS,TP. Hồ Chí Minh,VERIFIED,2017-02-10,ACTIVE
3252,MSB00003252,Lý Đức Tuấn,1992-07-13,MALE,MASS,Đồng Nai,VERIFIED,2022-05-26,ACTIVE
3253,MSB00003253,Hoàng Hữu Quân,1973-11-04,MALE,MASS_AFFLUENT,Bình Dương,VERIFIED,2024-04-12,ACTIVE
3254,MSB00003254,Bùi Thành Cường,1996-06-24,MALE,AFFLUENT,Hải Phòng,VERIFIED,2020-07-07,ACTIVE
3255,MSB00003255,Đỗ Thu Hoa,2003-04-23,FEMALE,PRIVATE,Hải Phòng,VERIFIED,2020-07-22,ACTIVE
3256,MSB00003256,Nguyễn Hữu Phúc,1999-05-26,MALE,MASS,Bình Dương,PENDING,2015-12-16,ACTIVE
3257,MSB00003257,Phạm Đức Quân,1974-02-11,MALE,PRIVATE,TP. Hồ Chí Minh,VERIFIED,2026-03-26,ACTIVE
3258,MSB00003258,Trần Mai Hoa,1995-07-30,FEMALE,MASS,TP. Hồ Chí Minh,VERIFIED,2016-02-17,ACTIVE
3259,MSB00003259,Hồ Quang Vinh,1993-11-04,MALE,AFFLUENT,TP. Hồ Chí Minh,VERIFIED,2023-11-12,ACTIVE
3260,MSB00003260,Hoàng Thùy Dung,1995-10-08,FEMALE,PRIVATE,Hà Nội,VERIFIED,2024-04-11,ACTIVE
3261,MSB00003261,Phạm Minh Tuấn,1961-11-28,MALE,AFFLUENT,Khánh Hòa,VERIFIED,2021-06-13,DORMANT
3262,MSB00003262,Hồ Xuân Hoàng,1962-06-21,MALE,MASS,Bình Dương,VERIFIED,2019-11-25,ACTIVE
3263,MSB00003263,Huỳnh Minh Trí,1966-05-13,MALE,MASS_AFFLUENT,TP. Hồ Chí Minh,VERIFIED,2015-06-26,ACTIVE
3264,MSB00003264,Đỗ Công Hoàng,2006-06-06,MALE,SME_OWNER,Hà Nội,VERIFIED,2020-02-06,ACTIVE
3265,MSB00003265,Lê Thành Trí,1994-01-20,MALE,AFFLUENT,Cần Thơ,VERIFIED,2024-08-18,ACTIVE
3266,MSB00003266,Võ Quang Bình,1961-10-07,MALE,SME_OWNER,Nghệ An,VERIFIED,2021-01-27,ACTIVE
3267,MSB00003267,Đặng Thu Thảo,1978-10-12,FEMALE,SME_OWNER,Khánh Hòa,VERIFIED,2015-08-04,ACTIVE
3268,MSB00003268,Huỳnh Đức Nam,2003-09-13,MALE,MASS,Cần Thơ,VERIFIED,2017-12-28,DORMANT
3269,MSB00003269,Đỗ Xuân Long,1993-12-19,MALE,AFFLUENT,Hải Phòng,VERIFIED,2023-10-15,ACTIVE
3270,MSB00003270,Phạm Hải Nga,1965-06-08,FEMALE,MASS,Hà Nội,VERIFIED,2018-10-17,DORMANT
3271,MSB00003271,Vũ Xuân Phúc,1963-04-05,MALE,MASS_AFFLUENT,Hà Nội,EXPIRED,2017-10-08,ACTIVE
3272,MSB00003272,Đặng Diệu Hà,1985-05-12,FEMALE,MASS,TP. Hồ Chí Minh,VERIFIED,2023-02-13,ACTIVE
3273,MSB00003273,Dương Diệu My,1999-08-05,FEMALE,AFFLUENT,Đà Nẵng,VERIFIED,2020-03-02,ACTIVE
3274,MSB00003274,Huỳnh Hữu An,2002-11-09,MALE,MASS_AFFLUENT,Khánh Hòa,VERIFIED,2022-04-07,ACTIVE
3275,MSB00003275,Lý Ngọc Oanh,1995-01-30,FEMALE,MASS,Đồng Nai,VERIFIED,2024-03-19,ACTIVE
3276,MSB00003276,Phạm Thu Uyên,1966-09-08,FEMALE,MASS,TP. Hồ Chí Minh,VERIFIED,2015-12-19,ACTIVE
3277,MSB00003277,Bùi Thùy Anh,1964-10-24,FEMALE,MASS,TP. Hồ Chí Minh,VERIFIED,2022-08-03,ACTIVE
3278,MSB00003278,Ngô Thị Anh,1994-01-02,FEMALE,AFFLUENT,TP. Hồ Chí Minh,PENDING,2022-07-12,DORMANT
3279,MSB00003279,Hoàng Xuân Tuấn,1958-08-12,MALE,MASS,TP. Hồ Chí Minh,VERIFIED,2025-02-21,ACTIVE
3280,MSB00003280,Nguyễn Diệu Yến,1963-03-20,FEMALE,AFFLUENT,Bình Dương,VERIFIED,2021-02-23,ACTIVE
3281,MSB00003281,Đỗ Văn An,1957-03-07,MALE,MASS,Bình Dương,VERIFIED,2018-10-26,ACTIVE
3282,MSB00003282,Ngô Bá Hoàng,1968-12-24,MALE,PRIVATE,Đồng Nai,VERIFIED,2014-12-24,DORMANT
3283,MSB00003283,Vũ Phương Hà,1978-02-02,FEMALE,MASS,TP. Hồ Chí Minh,VERIFIED,2017-04-12,ACTIVE
3284,MSB00003284,Nguyễn Hữu Tuấn,1956-11-16,MALE,PRIVATE,Hải Phòng,VERIFIED,2016-04-29,ACTIVE
3285,MSB00003285,Phan Phương Linh,1972-08-19,FEMALE,MASS,Nghệ An,VERIFIED,2014-10-24,ACTIVE
3286,MSB00003286,Võ Diệu Nhung,1965-07-17,FEMALE,MASS,Hải Phòng,VERIFIED,2018-03-05,DORMANT
3287,MSB00003287,Lý Diệu Nhung,1985-09-14,FEMALE,MASS,Hà Nội,VERIFIED,2016-04-30,DORMANT
3288,MSB00003288,Lý Thu Nga,1994-03-22,FEMALE,MASS,TP. Hồ Chí Minh,VERIFIED,2022-10-12,DORMANT
3289,MSB00003289,Trần Thị Dung,1977-10-31,FEMALE,AFFLUENT,Hà Nội,VERIFIED,2017-12-26,ACTIVE
3290,MSB00003290,Lê Ngọc Oanh,1985-10-19,FEMALE,MASS_AFFLUENT,Hà Nội,VERIFIED,2018-12-29,ACTIVE
3291,MSB00003291,Lý Diệu Hà,1989-07-14,FEMALE,AFFLUENT,TP. Hồ Chí Minh,VERIFIED,2021-01-22,ACTIVE
3292,MSB00003292,Phan Ngọc Chi,1971-12-14,FEMALE,AFFLUENT,Cần Thơ,VERIFIED,2018-11-02,DORMANT
3293,MSB00003293,Nguyễn Ngọc Vân,1976-06-25,FEMALE,MASS_AFFLUENT,Hà Nội,VERIFIED,2017-12-01,DORMANT
3294,MSB00003294,Phan Công Trí,1991-07-03,MALE,MASS,TP. Hồ Chí Minh,VERIFIED,2021-07-11,ACTIVE
3295,MSB00003295,Phan Thành Trí,1994-05-30,MALE,MASS_AFFLUENT,TP. Hồ Chí Minh,VERIFIED,2016-07-01,DORMANT
3296,MSB00003296,Trần Minh Long,1978-11-26,MALE,MASS,Đồng Nai,VERIFIED,2025-11-27,ACTIVE
3297,MSB00003297,Trần Văn Tuấn,1990-07-24,MALE,MASS_AFFLUENT,Hà Nội,VERIFIED,2022-07-19,ACTIVE
3298,MSB00003298,Bùi Quang Việt,1994-12-28,MALE,MASS,Hà Nội,VERIFIED,2022-01-19,ACTIVE
3299,MSB00003299,Đỗ Văn An,1995-04-11,MALE,MASS,Đà Nẵng,VERIFIED,2016-08-22,ACTIVE
3300,MSB00003300,Huỳnh Phương Yến,1973-05-23,FEMALE,AFFLUENT,TP. Hồ Chí Minh,VERIFIED,2020-05-26,ACTIVE
3301,MSB00003301,Lý Mai Hoa,1986-06-01,FEMALE,AFFLUENT,Hà Nội,PENDING,2015-06-12,ACTIVE
3302,MSB00003302,Đặng Thùy My,1989-04-24,FEMALE,MASS_AFFLUENT,Bình Dương,VERIFIED,2015-03-31,ACTIVE
3303,MSB00003303,Trần Diệu My,2001-04-22,FEMALE,MASS,TP. Hồ Chí Minh,VERIFIED,2020-12-23,ACTIVE
3304,MSB00003304,Đỗ Thị Thảo,2004-05-05,FEMALE,MASS_AFFLUENT,Đà Nẵng,EXPIRED,2017-11-03,ACTIVE
3305,MSB00003305,Võ Thị Lan,1972-02-20,FEMALE,MASS_AFFLUENT,Hải Phòng,VERIFIED,2023-06-16,DORMANT
3306,MSB00003306,Phạm Văn An,1957-08-30,MALE,AFFLUENT,Hà Nội,VERIFIED,2025-01-25,ACTIVE
3307,MSB00003307,Đỗ Mai Nhung,1990-03-16,FEMALE,PRIVATE,Hà Nội,VERIFIED,2020-08-06,ACTIVE
3308,MSB00003308,Đỗ Văn Dũng,1964-06-21,MALE,PRIVATE,TP. Hồ Chí Minh,VERIFIED,2022-10-23,DORMANT
3309,MSB00003309,Nguyễn Xuân Vinh,1976-01-17,MALE,MASS,Hà Nội,EXPIRED,2017-10-20,ACTIVE
3310,MSB00003310,Lý Xuân Hùng,1990-10-30,MALE,MASS_AFFLUENT,Hà Nội,EXPIRED,2020-03-29,ACTIVE
3311,MSB00003311,Võ Phương Trang,1978-01-21,FEMALE,PRIVATE,TP. Hồ Chí Minh,VERIFIED,2024-09-29,ACTIVE
3312,MSB00003312,Bùi Kim Anh,2000-02-16,FEMALE,MASS,TP. Hồ Chí Minh,VERIFIED,2021-01-24,ACTIVE
3313,MSB00003313,Lý Thành Đạt,1989-12-26,MALE,MASS,Đồng Nai,VERIFIED,2021-08-22,ACTIVE
3314,MSB00003314,Phạm Thị Yến,1969-10-10,FEMALE,MASS,Đà Nẵng,VERIFIED,2026-04-08,ACTIVE
3315,MSB00003315,Hồ Bá Nam,1964-07-31,MALE,MASS,Khánh Hòa,VERIFIED,2019-12-21,DORMANT
3316,MSB00003316,Dương Đức Vinh,1994-09-04,MALE,PRIVATE,TP. Hồ Chí Minh,VERIFIED,2015-06-03,ACTIVE
3317,MSB00003317,Vũ Hữu Việt,1960-10-05,MALE,AFFLUENT,TP. Hồ Chí Minh,EXPIRED,2015-11-14,ACTIVE
3318,MSB00003318,Huỳnh Hữu Việt,1975-09-12,MALE,MASS_AFFLUENT,TP. Hồ Chí Minh,VERIFIED,2015-10-13,ACTIVE
3319,MSB00003319,Hồ Thu Thảo,1995-02-28,FEMALE,AFFLUENT,Hà Nội,VERIFIED,2015-11-25,ACTIVE
3320,MSB00003320,Đỗ Văn Long,1967-10-21,MALE,MASS_AFFLUENT,Hà Nội,VERIFIED,2015-07-21,ACTIVE
3321,MSB00003321,Lý Hữu Trí,1962-07-29,MALE,AFFLUENT,Hà Nội,PENDING,2025-03-10,ACTIVE
3322,MSB00003322,Võ Thành Việt,1993-03-30,MALE,AFFLUENT,Hải Phòng,VERIFIED,2021-04-30,DORMANT
3323,MSB00003323,Võ Kim Ngân,2000-10-10,FEMALE,MASS,TP. Hồ Chí Minh,VERIFIED,2019-12-20,ACTIVE
3324,MSB00003324,Bùi Hải Linh,1992-05-20,FEMALE,SME_OWNER,Hà Nội,VERIFIED,2016-08-09,DORMANT
3325,MSB00003325,Phan Mai Trang,1968-11-22,FEMALE,PRIVATE,Cần Thơ,VERIFIED,2021-12-22,ACTIVE
3326,MSB00003326,Bùi Kim Ngân,2003-05-04,FEMALE,MASS,TP. Hồ Chí Minh,VERIFIED,2018-01-23,DORMANT
3327,MSB00003327,Đặng Ngọc Hà,1992-01-25,FEMALE,AFFLUENT,Đồng Nai,VERIFIED,2017-03-20,ACTIVE
3328,MSB00003328,Võ Công An,1991-01-02,MALE,MASS_AFFLUENT,Bình Dương,EXPIRED,2020-05-10,DORMANT
3329,MSB00003329,Lý Thành Cường,2005-10-11,MALE,AFFLUENT,TP. Hồ Chí Minh,VERIFIED,2023-07-07,ACTIVE
3330,MSB00003330,Phạm Quang Đạt,1977-04-25,MALE,MASS,Hà Nội,VERIFIED,2025-06-05,ACTIVE
3331,MSB00003331,Vũ Bá Cường,1965-11-13,MALE,MASS,Quảng Ninh,VERIFIED,2021-02-20,ACTIVE
3332,MSB00003332,Võ Bá Đạt,1999-03-23,MALE,MASS_AFFLUENT,Bình Dương,VERIFIED,2024-05-14,ACTIVE
3333,MSB00003333,Phạm Thành An,1962-04-06,MALE,AFFLUENT,Khánh Hòa,VERIFIED,2018-10-25,ACTIVE
3334,MSB00003334,Lê Xuân Vinh,1959-07-30,MALE,MASS_AFFLUENT,Hà Nội,VERIFIED,2023-07-20,ACTIVE
3335,MSB00003335,Phạm Xuân Trí,1963-08-01,MALE,MASS_AFFLUENT,Đà Nẵng,VERIFIED,2016-02-06,ACTIVE
3336,MSB00003336,Nguyễn Văn Hùng,1969-11-19,MALE,AFFLUENT,TP. Hồ Chí Minh,VERIFIED,2015-11-17,ACTIVE
3337,MSB00003337,Hồ Quang Quân,1984-07-20,MALE,AFFLUENT,TP. Hồ Chí Minh,PENDING,2016-07-28,ACTIVE
3338,MSB00003338,Phan Kim Nhung,1996-07-18,FEMALE,MASS,Hà Nội,PENDING,2018-07-26,ACTIVE
3339,MSB00003339,Trần Phương Hà,1961-06-21,FEMALE,MASS,Cần Thơ,VERIFIED,2024-12-23,ACTIVE
3340,MSB00003340,Hồ Hữu Bình,1980-04-26,MALE,AFFLUENT,TP. Hồ Chí Minh,EXPIRED,2014-11-11,ACTIVE
3341,MSB00003341,Phan Công Quân,1984-06-29,MALE,MASS_AFFLUENT,Bình Dương,VERIFIED,2025-07-23,ACTIVE
3342,MSB00003342,Ngô Thành Long,1987-01-25,MALE,MASS_AFFLUENT,Hà Nội,VERIFIED,2019-09-20,DORMANT
3343,MSB00003343,Đỗ Minh Hùng,1995-11-01,MALE,MASS_AFFLUENT,Quảng Ninh,VERIFIED,2016-12-11,DORMANT
3344,MSB00003344,Nguyễn Văn Hùng,1987-02-16,MALE,AFFLUENT,TP. Hồ Chí Minh,VERIFIED,2025-05-04,ACTIVE
3345,MSB00003345,Ngô Minh Phúc,1966-12-29,MALE,AFFLUENT,Nghệ An,VERIFIED,2020-07-13,DORMANT
3346,MSB00003346,Phan Thu Oanh,1978-10-07,FEMALE,MASS,Hải Phòng,VERIFIED,2020-10-02,ACTIVE
3347,MSB00003347,Nguyễn Phương Yến,1986-10-06,FEMALE,MASS_AFFLUENT,Hà Nội,VERIFIED,2024-01-11,DORMANT
3348,MSB00003348,Dương Ngọc Vân,2000-12-30,FEMALE,MASS,Bình Dương,VERIFIED,2025-01-08,ACTIVE
3349,MSB00003349,Phạm Thu Lan,1986-08-03,FEMALE,MASS,Đà Nẵng,VERIFIED,2015-09-18,ACTIVE
3350,MSB00003350,Nguyễn Thu Vân,1995-11-13,FEMALE,MASS_AFFLUENT,Hà Nội,VERIFIED,2015-10-25,ACTIVE
3351,MSB00003351,Hồ Thu Hoa,1986-11-25,FEMALE,MASS_AFFLUENT,Hà Nội,VERIFIED,2025-03-26,ACTIVE
3352,MSB00003352,Huỳnh Thùy Dung,1999-05-10,FEMALE,MASS_AFFLUENT,Nghệ An,VERIFIED,2023-01-29,DORMANT
3353,MSB00003353,Lý Hải Oanh,1959-06-30,FEMALE,MASS_AFFLUENT,Quảng Ninh,VERIFIED,2021-10-02,ACTIVE
3354,MSB00003354,Hoàng Mai Hà,1998-07-10,FEMALE,MASS_AFFLUENT,Đà Nẵng,VERIFIED,2024-01-10,ACTIVE
3355,MSB00003355,Lý Kim Hoa,2000-05-19,FEMALE,MASS_AFFLUENT,Hà Nội,VERIFIED,2025-07-20,DORMANT
3356,MSB00003356,Hồ Ngọc Hằng,1973-11-29,FEMALE,AFFLUENT,TP. Hồ Chí Minh,PENDING,2020-05-11,ACTIVE
3357,MSB00003357,Bùi Thành Sơn,1988-09-16,MALE,MASS_AFFLUENT,Hà Nội,EXPIRED,2021-03-03,ACTIVE
3358,MSB00003358,Vũ Đức Nam,1957-07-02,MALE,MASS,Đà Nẵng,PENDING,2016-11-29,ACTIVE
3359,MSB00003359,Ngô Công Trí,1986-03-29,MALE,AFFLUENT,TP. Hồ Chí Minh,VERIFIED,2022-11-13,ACTIVE
3360,MSB00003360,Lê Hữu Khoa,1973-10-27,MALE,MASS,TP. Hồ Chí Minh,VERIFIED,2020-05-16,DORMANT
3361,MSB00003361,Nguyễn Bá Long,1965-07-27,MALE,MASS_AFFLUENT,Bình Dương,VERIFIED,2022-08-31,ACTIVE
3362,MSB00003362,Trần Quang Trí,1956-09-17,MALE,MASS,Nghệ An,VERIFIED,2025-11-18,ACTIVE
3363,MSB00003363,Lý Văn Hoàng,1966-08-21,MALE,MASS_AFFLUENT,Hà Nội,VERIFIED,2017-11-03,ACTIVE
3364,MSB00003364,Huỳnh Mai Ngân,1978-05-16,FEMALE,MASS,TP. Hồ Chí Minh,VERIFIED,2017-08-30,DORMANT
3365,MSB00003365,Đỗ Bá Huy,1966-08-16,MALE,AFFLUENT,TP. Hồ Chí Minh,VERIFIED,2018-08-01,DORMANT
3366,MSB00003366,Lê Thành Cường,1991-11-24,MALE,MASS,TP. Hồ Chí Minh,VERIFIED,2025-12-05,DORMANT
3367,MSB00003367,Lý Quang Dũng,1963-03-26,MALE,MASS,TP. Hồ Chí Minh,VERIFIED,2018-03-15,ACTIVE
3368,MSB00003368,Hoàng Xuân Tuấn,1963-03-22,MALE,MASS_AFFLUENT,Hà Nội,PENDING,2019-04-12,DORMANT
3369,MSB00003369,Phạm Mai Oanh,1987-02-10,FEMALE,AFFLUENT,Hà Nội,VERIFIED,2021-03-08,ACTIVE
3370,MSB00003370,Trần Thu Vân,2003-05-11,FEMALE,MASS_AFFLUENT,Bình Dương,VERIFIED,2019-02-17,ACTIVE
3371,MSB00003371,Huỳnh Văn Sơn,1971-11-25,MALE,MASS,TP. Hồ Chí Minh,VERIFIED,2025-01-12,ACTIVE
3372,MSB00003372,Dương Quang Trí,2001-03-23,MALE,PRIVATE,Hải Phòng,VERIFIED,2023-11-23,ACTIVE
3373,MSB00003373,Trần Thành Tuấn,2005-11-10,MALE,MASS,Hà Nội,PENDING,2024-10-27,DORMANT
3374,MSB00003374,Lý Kim Uyên,1959-01-04,FEMALE,MASS,Hải Phòng,VERIFIED,2021-02-12,ACTIVE
3375,MSB00003375,Lê Thị Oanh,1977-12-24,FEMALE,MASS_AFFLUENT,Hải Phòng,VERIFIED,2015-11-20,ACTIVE
3376,MSB00003376,Nguyễn Mai Anh,1973-09-01,FEMALE,AFFLUENT,Bình Dương,VERIFIED,2026-04-03,ACTIVE
3377,MSB00003377,Đỗ Minh Tuấn,1962-02-24,MALE,PRIVATE,Hà Nội,VERIFIED,2021-02-14,DORMANT
3378,MSB00003378,Đặng Ngọc My,1960-05-10,FEMALE,AFFLUENT,Đà Nẵng,VERIFIED,2023-01-07,ACTIVE
3379,MSB00003379,Võ Hải Oanh,1958-12-06,FEMALE,MASS_AFFLUENT,Khánh Hòa,VERIFIED,2015-05-24,ACTIVE
3380,MSB00003380,Vũ Ngọc Anh,1999-12-14,FEMALE,MASS,Hà Nội,VERIFIED,2019-02-07,ACTIVE
3381,MSB00003381,Hồ Đức Nam,1990-03-04,MALE,MASS,Hà Nội,VERIFIED,2023-09-27,ACTIVE
3382,MSB00003382,Lý Bá Long,1968-04-27,MALE,MASS_AFFLUENT,TP. Hồ Chí Minh,VERIFIED,2023-01-05,DORMANT
3383,MSB00003383,Vũ Đức Tuấn,2004-09-22,MALE,MASS,Nghệ An,VERIFIED,2019-07-21,ACTIVE
3384,MSB00003384,Lê Xuân Trí,1995-05-29,MALE,MASS,Hà Nội,VERIFIED,2025-10-09,DORMANT
3385,MSB00003385,Hoàng Thu Nga,1981-07-30,FEMALE,MASS,Hà Nội,VERIFIED,2025-07-17,ACTIVE
3386,MSB00003386,Bùi Quang An,1989-01-09,MALE,MASS,Quảng Ninh,VERIFIED,2018-06-18,DORMANT
3387,MSB00003387,Đỗ Văn Long,1998-07-29,MALE,SME_OWNER,TP. Hồ Chí Minh,VERIFIED,2016-12-20,ACTIVE
3388,MSB00003388,Đỗ Mai Nhung,1961-11-23,FEMALE,MASS_AFFLUENT,Hà Nội,PENDING,2017-09-01,ACTIVE
3389,MSB00003389,Lê Thành An,1983-10-25,MALE,MASS_AFFLUENT,Đà Nẵng,VERIFIED,2024-04-28,DORMANT
3390,MSB00003390,Phạm Thùy Thảo,1985-12-09,FEMALE,MASS_AFFLUENT,Hà Nội,PENDING,2016-04-05,ACTIVE
3391,MSB00003391,Huỳnh Phương Uyên,1974-06-02,FEMALE,PRIVATE,TP. Hồ Chí Minh,VERIFIED,2023-09-15,ACTIVE
3392,MSB00003392,Lý Diệu Dung,1972-09-17,FEMALE,MASS,Hà Nội,VERIFIED,2016-02-12,DORMANT
3393,MSB00003393,Phan Ngọc Uyên,1982-07-26,FEMALE,MASS,Đà Nẵng,VERIFIED,2022-11-16,ACTIVE
3394,MSB00003394,Huỳnh Đức Vinh,1962-07-19,MALE,PRIVATE,Đà Nẵng,VERIFIED,2020-07-15,ACTIVE
3395,MSB00003395,Vũ Thành Long,1992-05-09,MALE,MASS,Hà Nội,VERIFIED,2015-03-01,ACTIVE
3396,MSB00003396,Vũ Thị Anh,1963-02-12,FEMALE,MASS_AFFLUENT,TP. Hồ Chí Minh,VERIFIED,2021-07-29,ACTIVE
3397,MSB00003397,Nguyễn Hữu Long,1962-12-12,MALE,PRIVATE,Nghệ An,VERIFIED,2018-07-16,ACTIVE
3398,MSB00003398,Nguyễn Hữu Đạt,2006-05-13,MALE,PRIVATE,TP. Hồ Chí Minh,VERIFIED,2019-06-30,DORMANT
3399,MSB00003399,Ngô Thu Thảo,1968-09-27,FEMALE,AFFLUENT,Nghệ An,VERIFIED,2025-06-15,ACTIVE
3400,MSB00003400,Trần Văn Long,1998-11-03,MALE,MASS_AFFLUENT,Nghệ An,VERIFIED,2017-01-30,ACTIVE
3401,MSB00003401,Hoàng Văn Đạt,1982-06-04,MALE,PRIVATE,TP. Hồ Chí Minh,VERIFIED,2022-02-23,ACTIVE
3402,MSB00003402,Lý Đức Khoa,1961-08-05,MALE,MASS,Đà Nẵng,VERIFIED,2020-10-13,ACTIVE
3403,MSB00003403,Đỗ Xuân Khoa,1996-12-14,MALE,MASS_AFFLUENT,Bình Dương,VERIFIED,2022-10-10,ACTIVE
3404,MSB00003404,Bùi Thị Ngân,1978-06-24,FEMALE,AFFLUENT,Hải Phòng,VERIFIED,2014-09-20,ACTIVE
3405,MSB00003405,Lý Minh Tuấn,1968-05-17,MALE,SME_OWNER,Bình Dương,VERIFIED,2019-11-27,ACTIVE
3406,MSB00003406,Bùi Quang Việt,1981-11-19,MALE,AFFLUENT,TP. Hồ Chí Minh,VERIFIED,2018-11-22,ACTIVE
3407,MSB00003407,Dương Văn Đạt,2003-06-20,MALE,MASS,Khánh Hòa,VERIFIED,2020-03-24,DORMANT
3408,MSB00003408,Dương Diệu Lan,2003-04-21,FEMALE,MASS_AFFLUENT,Hà Nội,VERIFIED,2022-09-25,ACTIVE
3409,MSB00003409,Đặng Công Đạt,1980-09-23,MALE,PRIVATE,Hải Phòng,VERIFIED,2019-06-28,ACTIVE
3410,MSB00003410,Phan Đức Việt,2004-12-22,MALE,PRIVATE,Đồng Nai,PENDING,2017-01-25,ACTIVE
3411,MSB00003411,Nguyễn Ngọc Hà,2006-01-13,FEMALE,MASS_AFFLUENT,TP. Hồ Chí Minh,VERIFIED,2025-03-21,ACTIVE
3412,MSB00003412,Huỳnh Minh Bình,1958-08-29,MALE,PRIVATE,Đà Nẵng,VERIFIED,2024-07-26,ACTIVE
3413,MSB00003413,Ngô Ngọc Lan,1979-11-20,FEMALE,MASS_AFFLUENT,Hải Phòng,VERIFIED,2024-05-28,ACTIVE
3414,MSB00003414,Lê Xuân Đạt,1983-03-14,MALE,AFFLUENT,Khánh Hòa,VERIFIED,2015-05-31,ACTIVE
3415,MSB00003415,Vũ Công Phúc,2000-12-28,MALE,MASS,TP. Hồ Chí Minh,PENDING,2019-08-08,ACTIVE
3416,MSB00003416,Lý Hữu Việt,1967-02-15,MALE,SME_OWNER,Đà Nẵng,VERIFIED,2022-05-11,ACTIVE
3417,MSB00003417,Dương Hải Vân,1981-04-17,FEMALE,SME_OWNER,Hà Nội,VERIFIED,2024-01-03,ACTIVE
3418,MSB00003418,Lý Văn Hùng,1994-09-07,MALE,PRIVATE,Hà Nội,VERIFIED,2018-05-03,DORMANT
3419,MSB00003419,Lê Quang Nam,1969-01-23,MALE,AFFLUENT,Hà Nội,VERIFIED,2020-03-16,ACTIVE
3420,MSB00003420,Nguyễn Phương Chi,1994-11-29,FEMALE,MASS,TP. Hồ Chí Minh,VERIFIED,2019-01-13,DORMANT
3421,MSB00003421,Phan Công Huy,1981-03-31,MALE,MASS,Đà Nẵng,VERIFIED,2017-12-25,ACTIVE
3422,MSB00003422,Bùi Phương Uyên,1978-06-17,FEMALE,MASS,Hà Nội,VERIFIED,2025-03-17,ACTIVE
3423,MSB00003423,Lê Thu Trang,1993-07-14,FEMALE,MASS_AFFLUENT,Hà Nội,VERIFIED,2018-05-27,DORMANT
3424,MSB00003424,Đỗ Thị Hằng,1962-11-08,FEMALE,MASS,TP. Hồ Chí Minh,PENDING,2017-11-28,ACTIVE
3425,MSB00003425,Phạm Văn Tuấn,1971-02-19,MALE,MASS,Đồng Nai,VERIFIED,2023-02-04,ACTIVE
3426,MSB00003426,Nguyễn Bá Sơn,1992-02-21,MALE,MASS_AFFLUENT,Hà Nội,VERIFIED,2022-09-09,DORMANT
3427,MSB00003427,Hồ Kim Thảo,1999-07-15,FEMALE,PRIVATE,TP. Hồ Chí Minh,VERIFIED,2019-06-03,ACTIVE
3428,MSB00003428,Hoàng Quang An,1989-11-13,MALE,MASS,Bình Dương,VERIFIED,2021-11-18,DORMANT
3429,MSB00003429,Ngô Quang Dũng,1983-05-24,MALE,SME_OWNER,Đồng Nai,VERIFIED,2015-06-21,DORMANT
3430,MSB00003430,Ngô Diệu Chi,1979-01-22,FEMALE,MASS_AFFLUENT,Hải Phòng,VERIFIED,2025-03-14,DORMANT
3431,MSB00003431,Ngô Hải Lan,1986-04-22,FEMALE,MASS,TP. Hồ Chí Minh,VERIFIED,2024-05-10,ACTIVE
3432,MSB00003432,Bùi Bá Phúc,2004-06-06,MALE,MASS,Hà Nội,VERIFIED,2016-11-17,ACTIVE
3433,MSB00003433,Bùi Văn Huy,1973-06-29,MALE,PRIVATE,Hà Nội,VERIFIED,2018-05-20,DORMANT
3434,MSB00003434,Dương Thùy My,1987-11-04,FEMALE,MASS_AFFLUENT,Bình Dương,VERIFIED,2016-04-17,DORMANT
3435,MSB00003435,Phạm Ngọc Hằng,1990-07-24,FEMALE,PRIVATE,TP. Hồ Chí Minh,VERIFIED,2026-01-18,ACTIVE
3436,MSB00003436,Ngô Thành Đạt,1979-08-28,MALE,AFFLUENT,TP. Hồ Chí Minh,VERIFIED,2024-10-05,ACTIVE
3437,MSB00003437,Hồ Thành Cường,1965-05-08,MALE,MASS_AFFLUENT,Hà Nội,PENDING,2016-07-26,ACTIVE
3438,MSB00003438,Ngô Bá Cường,2005-10-07,MALE,AFFLUENT,TP. Hồ Chí Minh,VERIFIED,2016-11-06,ACTIVE
3439,MSB00003439,Trần Thành Nam,1957-12-14,MALE,MASS_AFFLUENT,TP. Hồ Chí Minh,VERIFIED,2016-09-11,ACTIVE
3440,MSB00003440,Huỳnh Công Đạt,1974-11-03,MALE,MASS,TP. Hồ Chí Minh,PENDING,2015-11-08,ACTIVE
3441,MSB00003441,Huỳnh Ngọc Linh,1979-06-15,FEMALE,MASS_AFFLUENT,Hà Nội,VERIFIED,2023-08-21,ACTIVE
3442,MSB00003442,Nguyễn Văn Nam,2003-09-08,MALE,MASS,TP. Hồ Chí Minh,PENDING,2025-03-11,DORMANT
3443,MSB00003443,Nguyễn Thành Nam,1971-07-17,MALE,AFFLUENT,Hà Nội,VERIFIED,2022-11-14,ACTIVE
3444,MSB00003444,Võ Ngọc Trang,1971-08-16,FEMALE,MASS_AFFLUENT,TP. Hồ Chí Minh,VERIFIED,2014-09-10,DORMANT
3445,MSB00003445,Phan Văn Phúc,1978-03-06,MALE,PRIVATE,Hải Phòng,VERIFIED,2020-04-19,ACTIVE
3446,MSB00003446,Lê Quang Sơn,1966-03-21,MALE,MASS_AFFLUENT,Đà Nẵng,VERIFIED,2026-04-10,ACTIVE
3447,MSB00003447,Vũ Ngọc Ngân,1965-05-13,FEMALE,MASS,Hà Nội,VERIFIED,2017-08-27,DORMANT
3448,MSB00003448,Bùi Bá Trí,1965-06-27,MALE,MASS_AFFLUENT,Đà Nẵng,VERIFIED,2016-07-02,ACTIVE
3449,MSB00003449,Trần Phương Chi,1990-05-02,FEMALE,MASS_AFFLUENT,TP. Hồ Chí Minh,VERIFIED,2024-11-24,ACTIVE
3450,MSB00003450,Phan Thành Quân,1973-04-13,MALE,AFFLUENT,TP. Hồ Chí Minh,VERIFIED,2019-10-25,ACTIVE
3451,MSB00003451,Hồ Xuân Trí,2004-01-21,MALE,AFFLUENT,Hà Nội,VERIFIED,2017-08-21,ACTIVE
3452,MSB00003452,Bùi Hải Uyên,1978-04-18,FEMALE,MASS,Quảng Ninh,VERIFIED,2015-02-28,ACTIVE
3453,MSB00003453,Phạm Đức Long,1999-05-31,MALE,AFFLUENT,TP. Hồ Chí Minh,VERIFIED,2019-03-31,ACTIVE
3454,MSB00003454,Đỗ Ngọc Dung,1991-01-22,FEMALE,MASS_AFFLUENT,TP. Hồ Chí Minh,VERIFIED,2022-05-20,ACTIVE
3455,MSB00003455,Hồ Thành Sơn,1973-01-27,MALE,MASS,Hà Nội,VERIFIED,2015-09-17,ACTIVE
3456,MSB00003456,Dương Mai Yến,1985-03-21,FEMALE,MASS,Hải Phòng,VERIFIED,2022-02-12,ACTIVE
3457,MSB00003457,Hoàng Hữu Long,1963-07-19,MALE,SME_OWNER,TP. Hồ Chí Minh,VERIFIED,2018-12-10,DORMANT
3458,MSB00003458,Ngô Diệu Chi,2001-09-09,FEMALE,PRIVATE,Cần Thơ,VERIFIED,2016-07-10,ACTIVE
3459,MSB00003459,Ngô Kim Uyên,1958-02-19,FEMALE,PRIVATE,Hà Nội,VERIFIED,2020-02-21,ACTIVE
3460,MSB00003460,Bùi Văn Phúc,1971-05-19,MALE,MASS_AFFLUENT,TP. Hồ Chí Minh,PENDING,2018-01-14,ACTIVE
3461,MSB00003461,Trần Công Vinh,1984-12-06,MALE,MASS,Cần Thơ,VERIFIED,2016-07-05,DORMANT
3462,MSB00003462,Bùi Thành Tuấn,2005-03-28,MALE,MASS_AFFLUENT,TP. Hồ Chí Minh,VERIFIED,2019-04-28,DORMANT
3463,MSB00003463,Nguyễn Phương My,2004-06-29,FEMALE,PRIVATE,Hà Nội,VERIFIED,2021-06-05,ACTIVE
3464,MSB00003464,Võ Hữu Việt,1985-12-15,MALE,SME_OWNER,Bình Dương,VERIFIED,2018-10-23,DORMANT
3465,MSB00003465,Đặng Ngọc Chi,1978-07-25,FEMALE,MASS_AFFLUENT,Nghệ An,VERIFIED,2021-08-25,ACTIVE
3466,MSB00003466,Trần Công Quân,1981-05-19,MALE,MASS_AFFLUENT,TP. Hồ Chí Minh,VERIFIED,2018-05-13,ACTIVE
3467,MSB00003467,Lý Thành Phúc,1991-12-30,MALE,MASS,Đà Nẵng,VERIFIED,2025-05-18,ACTIVE
3468,MSB00003468,Hoàng Thùy Dung,1973-12-06,FEMALE,MASS_AFFLUENT,TP. Hồ Chí Minh,VERIFIED,2025-10-08,ACTIVE
3469,MSB00003469,Trần Xuân An,1975-09-01,MALE,AFFLUENT,Đà Nẵng,VERIFIED,2020-10-15,ACTIVE
3470,MSB00003470,Ngô Quang Tuấn,1988-12-12,MALE,MASS,Cần Thơ,VERIFIED,2024-12-14,ACTIVE
3471,MSB00003471,Lý Mai Dung,1990-06-04,FEMALE,MASS_AFFLUENT,Hải Phòng,VERIFIED,2017-10-21,ACTIVE
3472,MSB00003472,Lý Thùy Ngân,1983-12-12,FEMALE,MASS,TP. Hồ Chí Minh,VERIFIED,2024-03-18,ACTIVE
3473,MSB00003473,Bùi Đức Tuấn,1968-11-26,MALE,MASS,Hà Nội,VERIFIED,2020-07-02,ACTIVE
3474,MSB00003474,Bùi Xuân Huy,1976-12-24,MALE,MASS_AFFLUENT,Đà Nẵng,VERIFIED,2024-04-06,ACTIVE
3475,MSB00003475,Phan Thành Hoàng,1999-11-29,MALE,MASS,Hải Phòng,VERIFIED,2015-07-29,ACTIVE
3476,MSB00003476,Nguyễn Hải Yến,1959-11-03,FEMALE,MASS_AFFLUENT,Đà Nẵng,VERIFIED,2016-06-30,ACTIVE
3477,MSB00003477,Trần Thành Bình,1996-02-02,MALE,AFFLUENT,Hà Nội,VERIFIED,2026-04-23,ACTIVE
3478,MSB00003478,Phan Mai Thảo,1972-08-29,FEMALE,MASS,TP. Hồ Chí Minh,VERIFIED,2021-09-22,ACTIVE
3479,MSB00003479,Đỗ Hải Hằng,2006-01-04,FEMALE,MASS,Cần Thơ,VERIFIED,2015-05-04,DORMANT
3480,MSB00003480,Ngô Phương Yến,1994-08-07,FEMALE,AFFLUENT,Hà Nội,VERIFIED,2020-08-14,DORMANT
3481,MSB00003481,Đặng Văn Quân,1978-06-26,MALE,MASS_AFFLUENT,Đồng Nai,VERIFIED,2016-06-24,ACTIVE
3482,MSB00003482,Hồ Bá Long,1964-02-28,MALE,MASS,TP. Hồ Chí Minh,EXPIRED,2025-04-14,ACTIVE
3483,MSB00003483,Lê Bá Hoàng,1978-03-22,MALE,AFFLUENT,Bình Dương,VERIFIED,2021-04-27,ACTIVE
3484,MSB00003484,Dương Thành Hoàng,2003-11-05,MALE,MASS_AFFLUENT,TP. Hồ Chí Minh,PENDING,2016-03-04,ACTIVE
3485,MSB00003485,Phan Bá Phúc,1958-12-26,MALE,MASS_AFFLUENT,TP. Hồ Chí Minh,VERIFIED,2024-01-21,ACTIVE
3486,MSB00003486,Hồ Thùy Hoa,1993-08-27,FEMALE,MASS_AFFLUENT,Nghệ An,VERIFIED,2026-03-17,ACTIVE
3487,MSB00003487,Phạm Công Hoàng,1988-03-14,MALE,AFFLUENT,Đà Nẵng,VERIFIED,2017-10-05,ACTIVE
3488,MSB00003488,Trần Thành Hoàng,2001-02-10,MALE,MASS,Hà Nội,VERIFIED,2025-05-10,DORMANT
3489,MSB00003489,Bùi Phương Dung,1971-09-05,FEMALE,MASS_AFFLUENT,Nghệ An,VERIFIED,2022-10-26,DORMANT
3490,MSB00003490,Đặng Thu Hằng,1983-12-31,FEMALE,AFFLUENT,TP. Hồ Chí Minh,VERIFIED,2016-11-08,ACTIVE
3491,MSB00003491,Ngô Quang Trí,1996-06-23,MALE,MASS,Cần Thơ,VERIFIED,2015-12-04,ACTIVE
3492,MSB00003492,Vũ Ngọc Thảo,1975-06-20,FEMALE,MASS_AFFLUENT,Hà Nội,VERIFIED,2024-10-20,ACTIVE
3493,MSB00003493,Đặng Mai Anh,1997-05-04,FEMALE,MASS,Đồng Nai,VERIFIED,2020-07-13,ACTIVE
3494,MSB00003494,Võ Bá Hoàng,1980-04-03,MALE,PRIVATE,Nghệ An,VERIFIED,2017-01-27,ACTIVE
3495,MSB00003495,Đỗ Thùy Nga,1973-07-19,FEMALE,PRIVATE,TP. Hồ Chí Minh,VERIFIED,2021-10-05,ACTIVE
3496,MSB00003496,Trần Bá Tuấn,1965-11-12,MALE,MASS_AFFLUENT,Hà Nội,VERIFIED,2022-03-29,ACTIVE
3497,MSB00003497,Phạm Thành Việt,1972-08-03,MALE,MASS,Đà Nẵng,VERIFIED,2019-12-28,ACTIVE
3498,MSB00003498,Nguyễn Văn Dũng,1978-08-03,MALE,AFFLUENT,Hà Nội,VERIFIED,2017-04-10,DORMANT
3499,MSB00003499,Trần Minh Đạt,2005-07-12,MALE,AFFLUENT,TP. Hồ Chí Minh,VERIFIED,2025-11-09,DORMANT
3500,MSB00003500,Trần Phương Linh,1995-07-10,FEMALE,MASS,Đà Nẵng,VERIFIED,2025-09-27,ACTIVE
3501,MSB00003501,Ngô Kim Oanh,1978-02-03,FEMALE,MASS_AFFLUENT,Hà Nội,VERIFIED,2025-01-30,DORMANT
3502,MSB00003502,Dương Hữu Khoa,1979-11-03,MALE,AFFLUENT,Nghệ An,VERIFIED,2022-05-07,ACTIVE
3503,MSB00003503,Hoàng Thùy Nhung,1979-09-18,FEMALE,AFFLUENT,Hải Phòng,VERIFIED,2023-01-31,ACTIVE
3504,MSB00003504,Nguyễn Công Cường,1969-11-05,MALE,MASS,TP. Hồ Chí Minh,VERIFIED,2020-09-17,DORMANT
3505,MSB00003505,Đặng Thành Phúc,1960-12-20,MALE,MASS_AFFLUENT,TP. Hồ Chí Minh,VERIFIED,2022-10-26,DORMANT
3506,MSB00003506,Vũ Kim Hà,1981-01-24,FEMALE,MASS,Đồng Nai,VERIFIED,2019-01-11,DORMANT
3507,MSB00003507,Phan Xuân An,2000-05-07,MALE,MASS_AFFLUENT,TP. Hồ Chí Minh,VERIFIED,2022-07-29,ACTIVE
3508,MSB00003508,Hồ Thùy Dung,1984-03-29,FEMALE,MASS,Quảng Ninh,VERIFIED,2016-07-28,DORMANT
3509,MSB00003509,Hoàng Đức Khoa,1993-10-13,MALE,AFFLUENT,Hà Nội,VERIFIED,2022-09-18,ACTIVE
3510,MSB00003510,Ngô Diệu Oanh,1980-07-20,FEMALE,SME_OWNER,TP. Hồ Chí Minh,VERIFIED,2023-06-23,ACTIVE
3511,MSB00003511,Lê Xuân Đạt,1976-10-30,MALE,MASS,TP. Hồ Chí Minh,VERIFIED,2016-04-17,ACTIVE
3512,MSB00003512,Trần Công Vinh,1978-11-05,MALE,MASS,Hà Nội,VERIFIED,2018-08-23,ACTIVE
3513,MSB00003513,Trần Thị Ngân,1977-08-07,FEMALE,MASS_AFFLUENT,TP. Hồ Chí Minh,VERIFIED,2025-10-07,ACTIVE
3514,MSB00003514,Huỳnh Công Vinh,1991-06-01,MALE,SME_OWNER,TP. Hồ Chí Minh,VERIFIED,2024-07-22,DORMANT
3515,MSB00003515,Võ Thành Cường,1998-05-06,MALE,MASS,TP. Hồ Chí Minh,VERIFIED,2025-10-04,DORMANT
3516,MSB00003516,Nguyễn Thu Hà,1963-09-29,FEMALE,MASS,Hà Nội,VERIFIED,2017-01-19,DORMANT
3517,MSB00003517,Huỳnh Bá Cường,1986-03-20,MALE,SME_OWNER,TP. Hồ Chí Minh,VERIFIED,2019-01-03,ACTIVE
3518,MSB00003518,Lê Hữu Khoa,1995-11-18,MALE,MASS,Hà Nội,VERIFIED,2015-06-11,ACTIVE
3519,MSB00003519,Phạm Hữu Sơn,1957-01-20,MALE,MASS_AFFLUENT,Hà Nội,VERIFIED,2022-07-01,DORMANT
3520,MSB00003520,Trần Thùy Vân,2005-07-29,FEMALE,MASS,Hà Nội,VERIFIED,2025-10-10,DORMANT
3521,MSB00003521,Nguyễn Thị Chi,1988-12-27,FEMALE,MASS_AFFLUENT,Nghệ An,VERIFIED,2020-12-22,ACTIVE
3522,MSB00003522,Võ Hải Oanh,1969-01-08,FEMALE,MASS,Hà Nội,VERIFIED,2025-05-24,ACTIVE
3523,MSB00003523,Đỗ Thị Lan,1985-10-14,FEMALE,MASS_AFFLUENT,Hà Nội,VERIFIED,2024-08-22,ACTIVE
3524,MSB00003524,Bùi Thành Long,1963-09-26,MALE,MASS_AFFLUENT,Nghệ An,VERIFIED,2017-02-21,ACTIVE
3525,MSB00003525,Ngô Bá Vinh,1989-01-25,MALE,MASS,Cần Thơ,VERIFIED,2021-11-28,DORMANT
3526,MSB00003526,Hồ Xuân Hoàng,1973-10-11,MALE,MASS,TP. Hồ Chí Minh,VERIFIED,2016-01-23,DORMANT
3527,MSB00003527,Đặng Ngọc Lan,1985-07-08,FEMALE,MASS_AFFLUENT,Đồng Nai,VERIFIED,2020-05-02,ACTIVE
3528,MSB00003528,Ngô Đức Tuấn,1983-01-17,MALE,MASS_AFFLUENT,Đồng Nai,VERIFIED,2018-10-07,DORMANT
3529,MSB00003529,Võ Ngọc My,1982-01-29,FEMALE,AFFLUENT,Cần Thơ,PENDING,2016-08-06,DORMANT
3530,MSB00003530,Trần Hải Chi,1958-06-26,FEMALE,MASS,Đà Nẵng,VERIFIED,2020-12-12,ACTIVE
3531,MSB00003531,Trần Thu Nga,1969-02-12,FEMALE,PRIVATE,Đà Nẵng,VERIFIED,2022-08-06,ACTIVE
3532,MSB00003532,Hoàng Bá Huy,1987-12-23,MALE,AFFLUENT,Nghệ An,VERIFIED,2017-05-10,ACTIVE
3533,MSB00003533,Phan Xuân Bình,1986-03-29,MALE,MASS,TP. Hồ Chí Minh,VERIFIED,2016-08-21,ACTIVE
3534,MSB00003534,Lê Ngọc Yến,1985-12-27,FEMALE,SME_OWNER,Bình Dương,VERIFIED,2022-10-31,ACTIVE
3535,MSB00003535,Võ Hải Nhung,1969-11-29,FEMALE,MASS_AFFLUENT,Hà Nội,VERIFIED,2016-09-22,ACTIVE
3536,MSB00003536,Vũ Xuân Trí,1977-01-25,MALE,MASS,Hải Phòng,VERIFIED,2014-10-05,ACTIVE
3537,MSB00003537,Vũ Hải Nhung,1980-04-04,FEMALE,MASS,Quảng Ninh,VERIFIED,2024-01-25,ACTIVE
3538,MSB00003538,Đặng Thị Hà,1985-05-23,FEMALE,SME_OWNER,Hà Nội,VERIFIED,2016-06-08,ACTIVE
3539,MSB00003539,Lý Đức Tuấn,1986-12-30,MALE,MASS,TP. Hồ Chí Minh,PENDING,2025-04-24,ACTIVE
3540,MSB00003540,Dương Phương Hà,1978-10-04,FEMALE,MASS,Bình Dương,VERIFIED,2015-12-24,ACTIVE
3541,MSB00003541,Ngô Văn Vinh,1965-03-12,MALE,MASS,Cần Thơ,PENDING,2015-12-08,ACTIVE
3542,MSB00003542,Hoàng Phương My,1958-02-25,FEMALE,MASS,Cần Thơ,VERIFIED,2016-05-10,ACTIVE
3543,MSB00003543,Đặng Công Quân,2002-09-30,MALE,MASS,Quảng Ninh,VERIFIED,2022-04-05,ACTIVE
3544,MSB00003544,Dương Bá Nam,1995-05-12,MALE,SME_OWNER,Hà Nội,VERIFIED,2015-06-12,ACTIVE
3545,MSB00003545,Lý Xuân Tuấn,1971-11-07,MALE,MASS_AFFLUENT,Hải Phòng,VERIFIED,2019-11-13,ACTIVE
3546,MSB00003546,Đặng Thị Nga,1999-05-27,FEMALE,MASS_AFFLUENT,Hải Phòng,VERIFIED,2025-07-29,ACTIVE
3547,MSB00003547,Phạm Thùy Vân,1976-05-25,FEMALE,AFFLUENT,Hà Nội,VERIFIED,2016-06-02,ACTIVE
3548,MSB00003548,Hoàng Quang Đạt,1985-05-17,MALE,MASS_AFFLUENT,Hà Nội,VERIFIED,2015-09-24,ACTIVE
3549,MSB00003549,Đặng Bá Vinh,1997-08-08,MALE,PRIVATE,Hải Phòng,VERIFIED,2022-10-16,ACTIVE
3550,MSB00003550,Vũ Xuân Huy,1981-03-12,MALE,MASS_AFFLUENT,Hải Phòng,PENDING,2023-06-05,ACTIVE
3551,MSB00003551,Huỳnh Bá Dũng,1981-04-20,MALE,MASS_AFFLUENT,Đà Nẵng,VERIFIED,2019-09-09,ACTIVE
3552,MSB00003552,Trần Kim Ngân,1971-06-05,FEMALE,MASS_AFFLUENT,TP. Hồ Chí Minh,VERIFIED,2022-02-19,ACTIVE
3553,MSB00003553,Đặng Bá Nam,1964-11-24,MALE,AFFLUENT,Hải Phòng,VERIFIED,2018-11-15,ACTIVE
3554,MSB00003554,Hồ Diệu Chi,1959-02-21,FEMALE,AFFLUENT,TP. Hồ Chí Minh,VERIFIED,2022-01-02,ACTIVE
3555,MSB00003555,Vũ Thu Nhung,1985-06-17,FEMALE,MASS_AFFLUENT,Hà Nội,VERIFIED,2023-10-15,ACTIVE
3556,MSB00003556,Phan Đức Hùng,1972-06-18,MALE,MASS,Đà Nẵng,VERIFIED,2023-08-13,ACTIVE
3557,MSB00003557,Huỳnh Thị Chi,1966-11-06,FEMALE,MASS_AFFLUENT,Đà Nẵng,VERIFIED,2018-08-28,ACTIVE
3558,MSB00003558,Bùi Diệu Nga,1957-05-21,FEMALE,AFFLUENT,Bình Dương,VERIFIED,2021-03-19,ACTIVE
3559,MSB00003559,Dương Thùy Thảo,1974-04-05,FEMALE,MASS,TP. Hồ Chí Minh,VERIFIED,2026-02-23,DORMANT
3560,MSB00003560,Đặng Hải Chi,1994-07-15,FEMALE,PRIVATE,Bình Dương,VERIFIED,2020-06-06,DORMANT
3561,MSB00003561,Đặng Công Huy,1988-11-07,MALE,MASS,Khánh Hòa,VERIFIED,2017-02-19,ACTIVE
3562,MSB00003562,Hồ Bá Huy,1996-04-19,MALE,MASS,TP. Hồ Chí Minh,VERIFIED,2024-08-04,ACTIVE
3563,MSB00003563,Đỗ Thu Hoa,1996-12-13,FEMALE,PRIVATE,Đà Nẵng,VERIFIED,2023-06-24,ACTIVE
3564,MSB00003564,Ngô Quang Huy,1991-04-02,MALE,MASS,Khánh Hòa,VERIFIED,2022-02-18,ACTIVE
3565,MSB00003565,Hồ Phương Dung,1981-11-08,FEMALE,MASS,TP. Hồ Chí Minh,VERIFIED,2015-07-07,DORMANT
3566,MSB00003566,Lý Thu Hằng,1967-04-03,FEMALE,MASS,Cần Thơ,VERIFIED,2022-04-07,ACTIVE
3567,MSB00003567,Lê Văn Long,1991-10-06,MALE,PRIVATE,Đà Nẵng,VERIFIED,2016-07-22,ACTIVE
3568,MSB00003568,Ngô Bá Phúc,1996-12-06,MALE,MASS_AFFLUENT,TP. Hồ Chí Minh,VERIFIED,2018-06-16,ACTIVE
3569,MSB00003569,Huỳnh Công Huy,2000-03-05,MALE,MASS_AFFLUENT,Đồng Nai,VERIFIED,2014-10-03,DORMANT
3570,MSB00003570,Nguyễn Thị Chi,1997-03-04,FEMALE,MASS_AFFLUENT,Hà Nội,VERIFIED,2019-07-21,ACTIVE
3571,MSB00003571,Dương Văn Huy,1985-01-13,MALE,MASS_AFFLUENT,Hà Nội,VERIFIED,2022-08-18,DORMANT
3572,MSB00003572,Lê Minh Trí,1985-12-18,MALE,SME_OWNER,Hà Nội,VERIFIED,2017-12-22,DORMANT
3573,MSB00003573,Trần Thu Trang,1986-12-14,FEMALE,SME_OWNER,Đồng Nai,VERIFIED,2025-04-10,DORMANT
3574,MSB00003574,Ngô Diệu Anh,1991-08-16,FEMALE,MASS_AFFLUENT,TP. Hồ Chí Minh,VERIFIED,2017-03-08,ACTIVE
3575,MSB00003575,Hồ Thu Ngân,1984-05-23,FEMALE,MASS,Hải Phòng,VERIFIED,2023-08-07,ACTIVE
3576,MSB00003576,Dương Diệu Hà,1974-03-21,FEMALE,AFFLUENT,Hà Nội,EXPIRED,2018-07-19,ACTIVE
3577,MSB00003577,Vũ Đức Tuấn,2004-02-14,MALE,MASS,TP. Hồ Chí Minh,VERIFIED,2019-07-25,ACTIVE
3578,MSB00003578,Ngô Thu Dung,1962-07-26,FEMALE,MASS,TP. Hồ Chí Minh,VERIFIED,2023-07-07,DORMANT
3579,MSB00003579,Trần Thị Lan,1991-06-17,FEMALE,MASS_AFFLUENT,TP. Hồ Chí Minh,VERIFIED,2020-09-17,DORMANT
3580,MSB00003580,Lý Đức Nam,2000-03-12,MALE,AFFLUENT,TP. Hồ Chí Minh,VERIFIED,2020-06-20,DORMANT
3581,MSB00003581,Bùi Quang Hùng,1998-03-17,MALE,MASS_AFFLUENT,TP. Hồ Chí Minh,VERIFIED,2017-05-19,ACTIVE
3582,MSB00003582,Lê Hữu Dũng,1979-01-16,MALE,MASS,Hà Nội,VERIFIED,2020-11-19,DORMANT
3583,MSB00003583,Trần Kim Nhung,1980-08-02,FEMALE,AFFLUENT,TP. Hồ Chí Minh,VERIFIED,2025-08-25,DORMANT
3584,MSB00003584,Bùi Diệu Hoa,2001-11-10,FEMALE,MASS,Đà Nẵng,VERIFIED,2025-06-18,DORMANT
3585,MSB00003585,Bùi Mai Anh,1982-05-10,FEMALE,AFFLUENT,Hà Nội,VERIFIED,2018-07-29,DORMANT
3586,MSB00003586,Hồ Thị Nga,1995-02-09,FEMALE,MASS,TP. Hồ Chí Minh,VERIFIED,2015-11-23,ACTIVE
3587,MSB00003587,Ngô Minh Sơn,1960-09-16,MALE,MASS_AFFLUENT,TP. Hồ Chí Minh,VERIFIED,2021-04-02,ACTIVE
3588,MSB00003588,Đặng Phương Trang,1991-04-12,FEMALE,MASS,Khánh Hòa,VERIFIED,2025-04-05,ACTIVE
3589,MSB00003589,Ngô Thùy Linh,1957-05-05,FEMALE,MASS_AFFLUENT,Đà Nẵng,VERIFIED,2024-05-01,ACTIVE
3590,MSB00003590,Ngô Công Phúc,1978-05-23,MALE,MASS_AFFLUENT,Nghệ An,VERIFIED,2014-12-09,ACTIVE
3591,MSB00003591,Đỗ Xuân Hùng,1958-01-01,MALE,MASS_AFFLUENT,TP. Hồ Chí Minh,VERIFIED,2018-02-14,ACTIVE
3592,MSB00003592,Lý Hải Anh,1978-09-13,FEMALE,MASS_AFFLUENT,Bình Dương,VERIFIED,2025-12-15,ACTIVE
3593,MSB00003593,Ngô Ngọc Hoa,2000-02-05,FEMALE,PRIVATE,Hà Nội,VERIFIED,2023-04-20,ACTIVE
3594,MSB00003594,Võ Quang Quân,1974-06-16,MALE,AFFLUENT,Đà Nẵng,VERIFIED,2017-10-25,ACTIVE
3595,MSB00003595,Nguyễn Mai Lan,1982-09-17,FEMALE,AFFLUENT,TP. Hồ Chí Minh,VERIFIED,2018-12-17,ACTIVE
3596,MSB00003596,Lê Quang Tuấn,1966-08-12,MALE,AFFLUENT,Cần Thơ,VERIFIED,2022-12-21,DORMANT
3597,MSB00003597,Trần Xuân Sơn,1987-04-01,MALE,MASS_AFFLUENT,Đồng Nai,VERIFIED,2018-03-18,DORMANT
3598,MSB00003598,Lý Hải Anh,1997-07-13,FEMALE,MASS_AFFLUENT,Cần Thơ,VERIFIED,2015-10-10,DORMANT
3599,MSB00003599,Phạm Xuân Sơn,2001-08-15,MALE,MASS,Hà Nội,VERIFIED,2015-10-30,ACTIVE
3600,MSB00003600,Trần Thị Nga,1968-08-28,FEMALE,MASS_AFFLUENT,Đà Nẵng,VERIFIED,2016-09-18,ACTIVE
3601,MSB00003601,Đặng Thu Hà,1995-07-28,FEMALE,MASS_AFFLUENT,Cần Thơ,VERIFIED,2022-03-12,DORMANT
3602,MSB00003602,Đặng Công An,1972-10-01,MALE,AFFLUENT,Hà Nội,PENDING,2026-01-13,DORMANT
3603,MSB00003603,Nguyễn Đức Sơn,2000-02-11,MALE,MASS,Hà Nội,VERIFIED,2021-10-08,ACTIVE
3604,MSB00003604,Hoàng Văn Huy,2003-05-04,MALE,SME_OWNER,Hải Phòng,VERIFIED,2026-01-26,DORMANT
3605,MSB00003605,Đỗ Quang Hùng,1970-10-18,MALE,MASS_AFFLUENT,TP. Hồ Chí Minh,VERIFIED,2019-09-05,ACTIVE
3606,MSB00003606,Đỗ Diệu Oanh,1989-08-26,FEMALE,AFFLUENT,Hà Nội,VERIFIED,2019-04-17,ACTIVE
3607,MSB00003607,Hoàng Công Huy,1977-12-19,MALE,MASS,Đồng Nai,VERIFIED,2022-05-04,ACTIVE
3608,MSB00003608,Nguyễn Thùy Chi,2004-11-20,FEMALE,MASS_AFFLUENT,Nghệ An,VERIFIED,2024-07-31,ACTIVE
3609,MSB00003609,Bùi Minh Cường,1997-04-17,MALE,MASS,TP. Hồ Chí Minh,PENDING,2020-03-16,ACTIVE
3610,MSB00003610,Lý Minh Hùng,2002-05-10,MALE,MASS,Quảng Ninh,VERIFIED,2026-02-28,ACTIVE
3611,MSB00003611,Lý Hải Dung,1993-08-24,FEMALE,MASS,Đồng Nai,VERIFIED,2023-02-07,DORMANT
3612,MSB00003612,Ngô Văn Huy,1992-08-19,MALE,AFFLUENT,Đà Nẵng,VERIFIED,2015-01-15,ACTIVE
3613,MSB00003613,Phan Thu Anh,1988-08-11,FEMALE,MASS_AFFLUENT,Cần Thơ,VERIFIED,2015-08-31,DORMANT
3614,MSB00003614,Dương Phương Ngân,1994-03-14,FEMALE,MASS,Khánh Hòa,PENDING,2018-12-12,ACTIVE
3615,MSB00003615,Ngô Kim Hoa,1984-02-16,FEMALE,MASS,Cần Thơ,VERIFIED,2021-12-18,ACTIVE
3616,MSB00003616,Hồ Minh Hùng,1961-03-26,MALE,MASS_AFFLUENT,TP. Hồ Chí Minh,VERIFIED,2026-03-14,DORMANT
3617,MSB00003617,Ngô Bá Hùng,2001-12-14,MALE,AFFLUENT,Hà Nội,VERIFIED,2018-09-29,ACTIVE
3618,MSB00003618,Bùi Diệu Uyên,1962-04-17,FEMALE,MASS_AFFLUENT,TP. Hồ Chí Minh,VERIFIED,2020-08-09,ACTIVE
3619,MSB00003619,Phạm Bá Bình,1985-11-12,MALE,MASS_AFFLUENT,Hà Nội,VERIFIED,2018-01-02,ACTIVE
3620,MSB00003620,Đặng Kim Anh,1978-01-01,FEMALE,AFFLUENT,Hà Nội,VERIFIED,2024-06-27,ACTIVE
3621,MSB00003621,Đỗ Thu Vân,1972-09-19,FEMALE,SME_OWNER,TP. Hồ Chí Minh,VERIFIED,2016-08-22,ACTIVE
3622,MSB00003622,Dương Phương Nhung,1969-12-06,FEMALE,MASS_AFFLUENT,TP. Hồ Chí Minh,VERIFIED,2016-12-07,ACTIVE
3623,MSB00003623,Nguyễn Diệu Oanh,1959-07-13,FEMALE,MASS_AFFLUENT,Hà Nội,VERIFIED,2021-05-01,DORMANT
3624,MSB00003624,Phan Thị Nga,1957-02-04,FEMALE,MASS_AFFLUENT,Đồng Nai,VERIFIED,2025-12-28,ACTIVE
3625,MSB00003625,Dương Bá Bình,2001-12-31,MALE,MASS,Hà Nội,VERIFIED,2020-11-20,ACTIVE
3626,MSB00003626,Hồ Thị Lan,1986-08-22,FEMALE,MASS,Hải Phòng,VERIFIED,2021-12-31,DORMANT
3627,MSB00003627,Vũ Thị Dung,1980-08-11,FEMALE,MASS,Đà Nẵng,VERIFIED,2017-06-14,ACTIVE
3628,MSB00003628,Dương Quang Hoàng,1980-08-19,MALE,AFFLUENT,Quảng Ninh,VERIFIED,2023-07-20,ACTIVE
3629,MSB00003629,Đặng Kim Anh,1957-06-26,FEMALE,MASS,TP. Hồ Chí Minh,VERIFIED,2026-02-12,ACTIVE
3630,MSB00003630,Võ Thành Dũng,1973-10-10,MALE,SME_OWNER,Hà Nội,VERIFIED,2014-11-20,ACTIVE
3631,MSB00003631,Vũ Công Đạt,1986-06-01,MALE,PRIVATE,Đà Nẵng,VERIFIED,2023-07-07,ACTIVE
3632,MSB00003632,Lê Thị Hà,1960-06-20,FEMALE,MASS_AFFLUENT,Đà Nẵng,VERIFIED,2025-06-01,ACTIVE
3633,MSB00003633,Lê Mai Hằng,1970-03-18,FEMALE,MASS,Bình Dương,VERIFIED,2016-05-01,ACTIVE
3634,MSB00003634,Huỳnh Đức Hoàng,1967-04-05,MALE,AFFLUENT,Hà Nội,VERIFIED,2017-12-06,ACTIVE
3635,MSB00003635,Bùi Kim Uyên,1974-08-31,FEMALE,MASS,TP. Hồ Chí Minh,PENDING,2023-03-12,DORMANT
3636,MSB00003636,Trần Thành Long,2003-07-22,MALE,AFFLUENT,Hà Nội,VERIFIED,2020-10-01,ACTIVE
3637,MSB00003637,Phan Hữu Bình,1957-10-25,MALE,MASS,Cần Thơ,VERIFIED,2018-04-19,ACTIVE
3638,MSB00003638,Đỗ Bá Huy,1971-06-06,MALE,MASS,TP. Hồ Chí Minh,VERIFIED,2016-10-20,ACTIVE
3639,MSB00003639,Phạm Hải Dung,1999-05-07,FEMALE,MASS_AFFLUENT,Hà Nội,VERIFIED,2021-12-23,ACTIVE
3640,MSB00003640,Hồ Quang Đạt,1994-03-03,MALE,MASS,Đà Nẵng,VERIFIED,2023-10-30,ACTIVE
3641,MSB00003641,Trần Thành Phúc,1988-09-05,MALE,MASS,TP. Hồ Chí Minh,VERIFIED,2026-02-26,ACTIVE
3642,MSB00003642,Đặng Kim Oanh,1994-06-03,FEMALE,MASS_AFFLUENT,Hà Nội,VERIFIED,2016-05-08,ACTIVE
3643,MSB00003643,Đặng Công Nam,1975-04-25,MALE,MASS,Hà Nội,VERIFIED,2016-10-30,ACTIVE
3644,MSB00003644,Trần Thành Việt,1978-12-31,MALE,MASS,Đồng Nai,VERIFIED,2015-03-30,ACTIVE
3645,MSB00003645,Đặng Thành Hùng,1995-12-27,MALE,AFFLUENT,Đà Nẵng,VERIFIED,2017-08-10,DORMANT
3646,MSB00003646,Phạm Diệu Thảo,1972-04-15,FEMALE,MASS,TP. Hồ Chí Minh,VERIFIED,2023-11-04,DORMANT
3647,MSB00003647,Ngô Thị Nga,1992-07-11,FEMALE,AFFLUENT,TP. Hồ Chí Minh,VERIFIED,2023-07-11,ACTIVE
3648,MSB00003648,Đỗ Thị Thảo,1998-11-14,FEMALE,MASS_AFFLUENT,Quảng Ninh,VERIFIED,2023-06-30,DORMANT
3649,MSB00003649,Hồ Đức Quân,1958-10-04,MALE,MASS,Hà Nội,VERIFIED,2020-12-24,DORMANT
3650,MSB00003650,Dương Bá Hoàng,1991-01-21,MALE,MASS_AFFLUENT,Hà Nội,VERIFIED,2015-02-01,ACTIVE
3651,MSB00003651,Lý Hải Yến,1994-10-14,FEMALE,MASS,Đồng Nai,VERIFIED,2018-04-08,ACTIVE
3652,MSB00003652,Lý Văn Tuấn,1971-05-28,MALE,SME_OWNER,TP. Hồ Chí Minh,PENDING,2021-04-06,ACTIVE
3653,MSB00003653,Huỳnh Minh Dũng,1967-10-17,MALE,SME_OWNER,Quảng Ninh,VERIFIED,2017-09-22,ACTIVE
3654,MSB00003654,Bùi Bá Nam,1998-11-06,MALE,MASS,Hải Phòng,VERIFIED,2016-08-01,DORMANT
3655,MSB00003655,Đỗ Đức Vinh,2003-10-03,MALE,MASS_AFFLUENT,Cần Thơ,VERIFIED,2021-08-14,ACTIVE
3656,MSB00003656,Trần Bá Long,1963-09-22,MALE,AFFLUENT,Đà Nẵng,VERIFIED,2016-07-02,ACTIVE
3657,MSB00003657,Võ Mai Anh,1981-04-23,FEMALE,MASS,Hà Nội,VERIFIED,2026-02-10,DORMANT
3658,MSB00003658,Lý Quang Trí,1984-07-15,MALE,AFFLUENT,Khánh Hòa,VERIFIED,2022-09-13,ACTIVE
3659,MSB00003659,Võ Thùy Ngân,1984-11-27,FEMALE,MASS_AFFLUENT,TP. Hồ Chí Minh,VERIFIED,2024-05-06,DORMANT
3660,MSB00003660,Đặng Xuân Sơn,1976-12-26,MALE,AFFLUENT,Hà Nội,VERIFIED,2024-03-29,DORMANT
3661,MSB00003661,Phan Thùy Hoa,1973-01-03,FEMALE,MASS,Hà Nội,VERIFIED,2023-12-18,DORMANT
3662,MSB00003662,Đặng Ngọc Lan,2002-01-09,FEMALE,MASS,TP. Hồ Chí Minh,VERIFIED,2022-01-19,ACTIVE
3663,MSB00003663,Nguyễn Diệu Vân,1993-08-13,FEMALE,SME_OWNER,TP. Hồ Chí Minh,VERIFIED,2017-11-15,ACTIVE
3664,MSB00003664,Hoàng Hữu Đạt,1958-12-27,MALE,AFFLUENT,Hà Nội,VERIFIED,2019-06-04,ACTIVE
3665,MSB00003665,Ngô Diệu Nga,1998-03-04,FEMALE,MASS,TP. Hồ Chí Minh,VERIFIED,2021-03-07,ACTIVE
3666,MSB00003666,Đỗ Thành Dũng,1961-08-16,MALE,AFFLUENT,Đồng Nai,VERIFIED,2020-07-12,DORMANT
3667,MSB00003667,Võ Thu Trang,1985-10-19,FEMALE,MASS,Đà Nẵng,VERIFIED,2024-03-10,ACTIVE
3668,MSB00003668,Lý Thị Chi,1997-08-17,FEMALE,PRIVATE,TP. Hồ Chí Minh,VERIFIED,2017-09-25,DORMANT
3669,MSB00003669,Hoàng Thùy Anh,1977-06-03,FEMALE,AFFLUENT,Hà Nội,VERIFIED,2017-07-09,ACTIVE
3670,MSB00003670,Lý Phương Trang,1973-05-12,FEMALE,PRIVATE,Cần Thơ,VERIFIED,2019-12-05,ACTIVE
3671,MSB00003671,Đặng Hải Oanh,1988-11-15,FEMALE,MASS_AFFLUENT,Cần Thơ,VERIFIED,2016-10-30,DORMANT
3672,MSB00003672,Lê Thùy My,1967-07-30,FEMALE,MASS,Hà Nội,VERIFIED,2016-12-06,ACTIVE
3673,MSB00003673,Huỳnh Bá Khoa,2003-04-10,MALE,SME_OWNER,Quảng Ninh,VERIFIED,2016-12-11,ACTIVE
3674,MSB00003674,Huỳnh Minh Dũng,2000-04-16,MALE,MASS_AFFLUENT,TP. Hồ Chí Minh,PENDING,2025-02-11,ACTIVE
3675,MSB00003675,Ngô Thị Vân,1975-03-30,FEMALE,MASS,TP. Hồ Chí Minh,VERIFIED,2025-04-28,ACTIVE
3676,MSB00003676,Đặng Mai Hoa,1977-10-13,FEMALE,AFFLUENT,TP. Hồ Chí Minh,VERIFIED,2021-03-16,ACTIVE
3677,MSB00003677,Dương Bá Phúc,1972-05-01,MALE,AFFLUENT,Nghệ An,PENDING,2025-08-30,ACTIVE
3678,MSB00003678,Hoàng Hữu Cường,1964-04-20,MALE,MASS_AFFLUENT,Đồng Nai,VERIFIED,2026-02-20,ACTIVE
3679,MSB00003679,Đặng Diệu Ngân,1960-03-31,FEMALE,MASS_AFFLUENT,Hải Phòng,VERIFIED,2024-10-19,ACTIVE
3680,MSB00003680,Lý Thành Việt,1981-04-06,MALE,PRIVATE,TP. Hồ Chí Minh,VERIFIED,2024-12-01,DORMANT
3681,MSB00003681,Đỗ Xuân Đạt,1980-09-13,MALE,MASS,TP. Hồ Chí Minh,VERIFIED,2022-07-11,DORMANT
3682,MSB00003682,Lê Quang Phúc,1960-05-22,MALE,MASS_AFFLUENT,TP. Hồ Chí Minh,VERIFIED,2022-06-17,ACTIVE
3683,MSB00003683,Dương Hữu Hoàng,1958-07-17,MALE,AFFLUENT,TP. Hồ Chí Minh,VERIFIED,2016-10-07,ACTIVE
3684,MSB00003684,Vũ Diệu Uyên,2004-03-27,FEMALE,PRIVATE,Đồng Nai,VERIFIED,2015-10-24,DORMANT
3685,MSB00003685,Huỳnh Bá Dũng,1981-07-28,MALE,MASS,Hải Phòng,VERIFIED,2024-05-04,DORMANT
3686,MSB00003686,Nguyễn Minh Nam,1960-11-09,MALE,AFFLUENT,TP. Hồ Chí Minh,VERIFIED,2021-11-22,DORMANT
3687,MSB00003687,Lê Xuân An,2003-10-07,MALE,AFFLUENT,Quảng Ninh,VERIFIED,2020-05-25,DORMANT
3688,MSB00003688,Đặng Đức Khoa,1957-10-28,MALE,MASS,Hà Nội,VERIFIED,2023-02-20,ACTIVE
3689,MSB00003689,Phạm Công Việt,1968-11-07,MALE,MASS,Hà Nội,VERIFIED,2022-06-20,ACTIVE
3690,MSB00003690,Huỳnh Thành Phúc,1999-03-28,MALE,MASS,TP. Hồ Chí Minh,VERIFIED,2018-07-03,ACTIVE
3691,MSB00003691,Hồ Minh Long,1973-12-16,MALE,PRIVATE,Quảng Ninh,VERIFIED,2021-05-13,ACTIVE
3692,MSB00003692,Võ Hải My,1985-04-05,FEMALE,MASS,Hà Nội,VERIFIED,2018-02-14,ACTIVE
3693,MSB00003693,Dương Minh Khoa,1989-10-20,MALE,AFFLUENT,Hà Nội,VERIFIED,2025-06-15,DORMANT
3694,MSB00003694,Nguyễn Công An,1975-06-18,MALE,MASS,TP. Hồ Chí Minh,VERIFIED,2020-09-17,ACTIVE
3695,MSB00003695,Nguyễn Công Khoa,1970-07-07,MALE,MASS_AFFLUENT,Quảng Ninh,VERIFIED,2022-09-14,ACTIVE
3696,MSB00003696,Dương Thành Hoàng,1961-09-05,MALE,AFFLUENT,TP. Hồ Chí Minh,VERIFIED,2022-12-17,ACTIVE
3697,MSB00003697,Võ Văn Đạt,1986-04-18,MALE,MASS,Hải Phòng,VERIFIED,2020-11-11,DORMANT
3698,MSB00003698,Vũ Công Sơn,1999-05-07,MALE,AFFLUENT,Đồng Nai,VERIFIED,2022-10-22,DORMANT
3699,MSB00003699,Lê Minh Sơn,1962-12-28,MALE,AFFLUENT,Hải Phòng,VERIFIED,2017-06-26,ACTIVE
3700,MSB00003700,Đỗ Minh Trí,1990-04-24,MALE,MASS_AFFLUENT,Hà Nội,VERIFIED,2024-02-29,ACTIVE
3701,MSB00003701,Lý Thị Chi,1968-11-28,FEMALE,MASS,Hà Nội,VERIFIED,2015-11-29,DORMANT
3702,MSB00003702,Võ Bá Quân,1967-03-25,MALE,MASS_AFFLUENT,TP. Hồ Chí Minh,EXPIRED,2022-02-05,ACTIVE
3703,MSB00003703,Phạm Quang Huy,2003-11-15,MALE,MASS,Bình Dương,VERIFIED,2020-03-07,DORMANT
3704,MSB00003704,Lê Kim Nhung,1986-07-29,FEMALE,MASS,Bình Dương,VERIFIED,2024-05-13,ACTIVE
3705,MSB00003705,Phan Văn Việt,2001-12-05,MALE,AFFLUENT,Hà Nội,VERIFIED,2015-08-10,ACTIVE
3706,MSB00003706,Đỗ Phương Nhung,1976-04-30,FEMALE,MASS,TP. Hồ Chí Minh,VERIFIED,2018-10-30,ACTIVE
3707,MSB00003707,Bùi Đức An,1967-03-27,MALE,MASS_AFFLUENT,Hà Nội,VERIFIED,2017-05-07,ACTIVE
3708,MSB00003708,Lý Hữu Hoàng,1977-09-22,MALE,MASS,TP. Hồ Chí Minh,VERIFIED,2015-11-22,DORMANT
3709,MSB00003709,Võ Kim Anh,1990-03-04,FEMALE,MASS_AFFLUENT,TP. Hồ Chí Minh,VERIFIED,2014-09-18,DORMANT
3710,MSB00003710,Lý Minh Hoàng,1958-07-31,MALE,MASS,Quảng Ninh,VERIFIED,2023-05-12,ACTIVE
3711,MSB00003711,Hồ Hữu Trí,2002-03-13,MALE,AFFLUENT,TP. Hồ Chí Minh,VERIFIED,2022-06-28,ACTIVE
3712,MSB00003712,Đặng Thùy Ngân,1999-06-02,FEMALE,MASS,Hà Nội,VERIFIED,2023-07-03,DORMANT
3713,MSB00003713,Đặng Phương Hoa,1988-03-07,FEMALE,AFFLUENT,TP. Hồ Chí Minh,VERIFIED,2020-06-23,ACTIVE
3714,MSB00003714,Lý Đức Phúc,1959-06-10,MALE,MASS_AFFLUENT,Khánh Hòa,VERIFIED,2015-11-07,ACTIVE
3715,MSB00003715,Ngô Thị Linh,1962-01-05,FEMALE,MASS,TP. Hồ Chí Minh,VERIFIED,2017-09-19,DORMANT
3716,MSB00003716,Vũ Thành Hoàng,1978-06-03,MALE,MASS,Bình Dương,VERIFIED,2019-09-14,DORMANT
3717,MSB00003717,Hồ Ngọc My,1959-03-12,FEMALE,MASS,TP. Hồ Chí Minh,PENDING,2020-10-20,ACTIVE
3718,MSB00003718,Nguyễn Bá Khoa,1960-09-13,MALE,MASS,Đà Nẵng,VERIFIED,2017-10-25,ACTIVE
3719,MSB00003719,Vũ Hải Trang,1977-01-07,FEMALE,MASS_AFFLUENT,TP. Hồ Chí Minh,VERIFIED,2020-11-16,ACTIVE
3720,MSB00003720,Trần Thành Long,2000-12-12,MALE,MASS,Đồng Nai,VERIFIED,2015-12-16,DORMANT
3721,MSB00003721,Phan Thùy Oanh,1961-11-19,FEMALE,AFFLUENT,Đà Nẵng,VERIFIED,2019-10-21,ACTIVE
3722,MSB00003722,Vũ Văn Cường,1973-09-26,MALE,MASS_AFFLUENT,TP. Hồ Chí Minh,VERIFIED,2018-07-28,ACTIVE
3723,MSB00003723,Đỗ Thị Nga,1998-10-09,FEMALE,AFFLUENT,Bình Dương,PENDING,2018-05-27,ACTIVE
3724,MSB00003724,Đỗ Diệu Dung,1963-10-19,FEMALE,AFFLUENT,Hà Nội,VERIFIED,2017-09-01,ACTIVE
3725,MSB00003725,Hoàng Thùy Vân,1987-04-26,FEMALE,MASS_AFFLUENT,TP. Hồ Chí Minh,VERIFIED,2020-10-01,ACTIVE
3726,MSB00003726,Đặng Diệu Anh,1967-01-12,FEMALE,SME_OWNER,TP. Hồ Chí Minh,VERIFIED,2021-10-24,DORMANT
3727,MSB00003727,Đỗ Văn Bình,1992-11-02,MALE,SME_OWNER,Đà Nẵng,VERIFIED,2021-06-27,ACTIVE
3728,MSB00003728,Phan Ngọc Lan,2006-02-04,FEMALE,MASS,Bình Dương,VERIFIED,2015-05-21,ACTIVE
3729,MSB00003729,Trần Minh Long,1984-07-12,MALE,MASS,Đà Nẵng,VERIFIED,2025-01-17,DORMANT
3730,MSB00003730,Lý Mai Linh,1984-02-24,FEMALE,MASS,TP. Hồ Chí Minh,PENDING,2018-02-12,ACTIVE
3731,MSB00003731,Hồ Phương My,1963-06-11,FEMALE,MASS,Hà Nội,VERIFIED,2015-02-15,ACTIVE
3732,MSB00003732,Dương Quang Phúc,2000-12-19,MALE,MASS_AFFLUENT,Quảng Ninh,VERIFIED,2025-06-28,ACTIVE
3733,MSB00003733,Đặng Bá Vinh,1960-10-18,MALE,MASS,TP. Hồ Chí Minh,VERIFIED,2019-02-13,ACTIVE
3734,MSB00003734,Võ Thùy Nhung,1998-12-15,FEMALE,MASS_AFFLUENT,Hà Nội,VERIFIED,2019-05-21,ACTIVE
3735,MSB00003735,Phan Diệu Yến,1960-02-08,FEMALE,MASS_AFFLUENT,Bình Dương,VERIFIED,2022-06-05,ACTIVE
3736,MSB00003736,Nguyễn Diệu Yến,1971-01-22,FEMALE,MASS,Đồng Nai,VERIFIED,2025-03-22,ACTIVE
3737,MSB00003737,Dương Minh Hùng,1989-02-12,MALE,MASS_AFFLUENT,TP. Hồ Chí Minh,VERIFIED,2018-06-04,ACTIVE
3738,MSB00003738,Đặng Bá Phúc,1959-03-18,MALE,MASS,Đà Nẵng,VERIFIED,2020-03-27,ACTIVE
3739,MSB00003739,Lý Thu Vân,1989-06-06,FEMALE,AFFLUENT,Bình Dương,VERIFIED,2017-07-23,ACTIVE
3740,MSB00003740,Trần Mai Thảo,1974-12-25,FEMALE,AFFLUENT,Hà Nội,VERIFIED,2025-04-18,ACTIVE
3741,MSB00003741,Đỗ Phương Linh,2006-04-22,FEMALE,MASS,Quảng Ninh,VERIFIED,2015-06-05,DORMANT
3742,MSB00003742,Ngô Thùy Hoa,2001-07-01,FEMALE,MASS_AFFLUENT,TP. Hồ Chí Minh,VERIFIED,2019-01-04,ACTIVE
3743,MSB00003743,Lê Thu Nga,1988-11-08,FEMALE,MASS,TP. Hồ Chí Minh,VERIFIED,2021-03-01,ACTIVE
3744,MSB00003744,Huỳnh Ngọc Hằng,1994-02-07,FEMALE,AFFLUENT,Hà Nội,PENDING,2021-01-01,ACTIVE
3745,MSB00003745,Huỳnh Kim Hà,1995-02-20,FEMALE,PRIVATE,Hà Nội,VERIFIED,2015-03-23,DORMANT
3746,MSB00003746,Dương Diệu Vân,1988-02-20,FEMALE,MASS,Hà Nội,VERIFIED,2019-11-16,DORMANT
3747,MSB00003747,Nguyễn Kim Uyên,1976-07-30,FEMALE,MASS_AFFLUENT,TP. Hồ Chí Minh,PENDING,2019-07-24,ACTIVE
3748,MSB00003748,Huỳnh Đức Tuấn,2000-02-14,MALE,PRIVATE,Khánh Hòa,VERIFIED,2018-10-04,ACTIVE
3749,MSB00003749,Nguyễn Quang Phúc,1969-02-10,MALE,MASS_AFFLUENT,TP. Hồ Chí Minh,VERIFIED,2022-09-06,ACTIVE
3750,MSB00003750,Bùi Hải Nga,1964-02-23,FEMALE,MASS_AFFLUENT,TP. Hồ Chí Minh,VERIFIED,2023-05-29,ACTIVE
3751,MSB00003751,Đặng Thị Thảo,1965-08-25,FEMALE,PRIVATE,TP. Hồ Chí Minh,VERIFIED,2017-07-26,ACTIVE
3752,MSB00003752,Trần Diệu Thảo,1996-11-27,FEMALE,MASS,TP. Hồ Chí Minh,VERIFIED,2022-08-07,ACTIVE
3753,MSB00003753,Đỗ Hải Anh,1962-01-15,FEMALE,AFFLUENT,Đà Nẵng,VERIFIED,2025-12-05,DORMANT
3754,MSB00003754,Lý Minh Long,1999-11-25,MALE,MASS_AFFLUENT,TP. Hồ Chí Minh,PENDING,2020-09-14,DORMANT
3755,MSB00003755,Bùi Minh Long,2001-02-25,MALE,MASS,TP. Hồ Chí Minh,VERIFIED,2026-03-17,DORMANT
3756,MSB00003756,Huỳnh Thùy Yến,1970-04-29,FEMALE,MASS_AFFLUENT,Hải Phòng,VERIFIED,2019-09-21,DORMANT
3757,MSB00003757,Bùi Thu Trang,1967-10-28,FEMALE,MASS,TP. Hồ Chí Minh,VERIFIED,2018-10-24,ACTIVE
3758,MSB00003758,Đỗ Hữu Dũng,2000-04-21,MALE,MASS,Bình Dương,VERIFIED,2015-07-22,ACTIVE
3759,MSB00003759,Phạm Văn Hoàng,1986-03-15,MALE,MASS,Đà Nẵng,VERIFIED,2019-04-01,ACTIVE
3760,MSB00003760,Lê Bá Quân,1986-08-21,MALE,MASS,Hà Nội,PENDING,2022-03-22,ACTIVE
3761,MSB00003761,Trần Bá Dũng,1970-06-29,MALE,MASS_AFFLUENT,Hà Nội,VERIFIED,2018-11-01,DORMANT
3762,MSB00003762,Lý Văn Tuấn,1981-07-17,MALE,MASS_AFFLUENT,TP. Hồ Chí Minh,VERIFIED,2019-06-05,DORMANT
3763,MSB00003763,Huỳnh Minh Đạt,1976-03-26,MALE,AFFLUENT,Khánh Hòa,VERIFIED,2017-09-06,DORMANT
3764,MSB00003764,Hồ Đức Bình,2002-05-24,MALE,MASS_AFFLUENT,Bình Dương,VERIFIED,2015-07-26,ACTIVE
3765,MSB00003765,Hoàng Mai Nga,1958-04-28,FEMALE,AFFLUENT,Quảng Ninh,VERIFIED,2025-03-12,ACTIVE
3766,MSB00003766,Hồ Kim Nga,1978-11-22,FEMALE,MASS,Cần Thơ,VERIFIED,2017-12-15,ACTIVE
3767,MSB00003767,Trần Thị Oanh,1972-12-21,FEMALE,AFFLUENT,Khánh Hòa,VERIFIED,2016-12-09,ACTIVE
3768,MSB00003768,Phạm Công Long,1981-11-09,MALE,MASS,TP. Hồ Chí Minh,VERIFIED,2022-07-01,ACTIVE
3769,MSB00003769,Bùi Xuân Vinh,1993-11-03,MALE,MASS,Đà Nẵng,VERIFIED,2021-08-15,ACTIVE
3770,MSB00003770,Bùi Bá Quân,1973-05-29,MALE,MASS,TP. Hồ Chí Minh,VERIFIED,2021-06-28,ACTIVE
3771,MSB00003771,Lê Kim Thảo,1992-01-16,FEMALE,MASS,Đồng Nai,VERIFIED,2021-12-20,DORMANT
3772,MSB00003772,Hồ Công Khoa,1995-10-15,MALE,SME_OWNER,Quảng Ninh,EXPIRED,2016-01-29,DORMANT
3773,MSB00003773,Dương Thị Yến,1979-05-09,FEMALE,MASS_AFFLUENT,Cần Thơ,EXPIRED,2022-07-10,ACTIVE
3774,MSB00003774,Bùi Mai Hoa,1989-04-12,FEMALE,AFFLUENT,Bình Dương,VERIFIED,2021-03-22,ACTIVE
3775,MSB00003775,Bùi Thu Anh,1962-02-15,FEMALE,MASS_AFFLUENT,Đồng Nai,VERIFIED,2019-07-04,ACTIVE
3776,MSB00003776,Vũ Xuân Hùng,1973-11-09,MALE,MASS,Hà Nội,VERIFIED,2023-05-22,ACTIVE
3777,MSB00003777,Lê Xuân Huy,1988-07-05,MALE,MASS,TP. Hồ Chí Minh,VERIFIED,2018-03-09,ACTIVE
3778,MSB00003778,Ngô Diệu Thảo,2005-03-10,FEMALE,PRIVATE,Cần Thơ,VERIFIED,2020-03-23,ACTIVE
3779,MSB00003779,Dương Xuân Vinh,1989-05-31,MALE,AFFLUENT,Đà Nẵng,VERIFIED,2024-05-05,ACTIVE
3780,MSB00003780,Huỳnh Kim Lan,2000-12-10,FEMALE,MASS,Đà Nẵng,VERIFIED,2024-02-27,ACTIVE
3781,MSB00003781,Võ Thành Hùng,1996-05-31,MALE,PRIVATE,TP. Hồ Chí Minh,VERIFIED,2026-01-04,ACTIVE
3782,MSB00003782,Nguyễn Phương Thảo,1992-04-19,FEMALE,MASS,Hà Nội,VERIFIED,2019-07-16,ACTIVE
3783,MSB00003783,Ngô Thị Ngân,1974-04-23,FEMALE,SME_OWNER,Khánh Hòa,VERIFIED,2016-12-26,DORMANT
3784,MSB00003784,Võ Công Việt,2001-08-02,MALE,MASS,Cần Thơ,VERIFIED,2014-10-06,ACTIVE
3785,MSB00003785,Phan Diệu Yến,1997-12-27,FEMALE,AFFLUENT,Đà Nẵng,VERIFIED,2018-08-19,ACTIVE
3786,MSB00003786,Bùi Kim Ngân,2005-05-27,FEMALE,MASS,Hà Nội,VERIFIED,2015-01-08,ACTIVE
3787,MSB00003787,Dương Thu Vân,1961-03-01,FEMALE,MASS_AFFLUENT,Hà Nội,VERIFIED,2014-10-20,ACTIVE
3788,MSB00003788,Đặng Văn Vinh,1956-12-16,MALE,PRIVATE,TP. Hồ Chí Minh,VERIFIED,2019-03-03,ACTIVE
3789,MSB00003789,Phạm Minh Trí,1991-11-14,MALE,MASS_AFFLUENT,Hà Nội,VERIFIED,2021-12-14,DORMANT
3790,MSB00003790,Hồ Hải Chi,1983-09-27,FEMALE,MASS_AFFLUENT,Hà Nội,VERIFIED,2015-12-28,DORMANT
3791,MSB00003791,Ngô Công An,1991-07-13,MALE,SME_OWNER,Hà Nội,VERIFIED,2018-12-13,ACTIVE
3792,MSB00003792,Lý Thùy Hoa,1980-01-11,FEMALE,MASS,TP. Hồ Chí Minh,VERIFIED,2016-10-26,DORMANT
3793,MSB00003793,Lê Quang Đạt,1979-05-01,MALE,AFFLUENT,Hà Nội,EXPIRED,2023-09-08,ACTIVE
3794,MSB00003794,Võ Mai Yến,1993-11-20,FEMALE,MASS_AFFLUENT,Cần Thơ,VERIFIED,2015-03-29,ACTIVE
3795,MSB00003795,Ngô Hữu Dũng,1974-04-08,MALE,MASS_AFFLUENT,Đà Nẵng,VERIFIED,2021-04-27,DORMANT
3796,MSB00003796,Hoàng Phương Vân,2006-08-22,FEMALE,MASS,TP. Hồ Chí Minh,VERIFIED,2016-02-22,DORMANT
3797,MSB00003797,Huỳnh Quang Dũng,1973-10-19,MALE,MASS,Quảng Ninh,VERIFIED,2021-12-13,ACTIVE
3798,MSB00003798,Võ Bá Nam,1968-11-23,MALE,MASS_AFFLUENT,TP. Hồ Chí Minh,EXPIRED,2015-10-31,DORMANT
3799,MSB00003799,Lê Công Vinh,2004-04-29,MALE,MASS_AFFLUENT,Đồng Nai,VERIFIED,2018-06-24,ACTIVE
3800,MSB00003800,Dương Phương Oanh,1969-10-27,FEMALE,MASS,Hà Nội,VERIFIED,2023-08-26,ACTIVE
3801,MSB00003801,Phan Xuân Đạt,1970-03-31,MALE,AFFLUENT,TP. Hồ Chí Minh,VERIFIED,2024-08-05,DORMANT
3802,MSB00003802,Lý Mai Nga,1958-03-30,FEMALE,MASS,TP. Hồ Chí Minh,VERIFIED,2024-06-25,DORMANT
3803,MSB00003803,Lý Quang Sơn,1966-05-10,MALE,MASS_AFFLUENT,Quảng Ninh,VERIFIED,2021-12-16,ACTIVE
3804,MSB00003804,Bùi Thùy Vân,2005-02-28,FEMALE,MASS,Khánh Hòa,VERIFIED,2025-10-24,DORMANT
3805,MSB00003805,Huỳnh Phương Vân,2001-08-30,FEMALE,PRIVATE,TP. Hồ Chí Minh,VERIFIED,2019-12-06,ACTIVE
3806,MSB00003806,Trần Đức Huy,2000-08-08,MALE,MASS_AFFLUENT,Đồng Nai,VERIFIED,2018-08-21,ACTIVE
3807,MSB00003807,Huỳnh Quang Sơn,1977-01-23,MALE,MASS,Hà Nội,VERIFIED,2017-08-23,ACTIVE
3808,MSB00003808,Ngô Minh Nam,1971-06-26,MALE,AFFLUENT,Đà Nẵng,VERIFIED,2015-06-10,ACTIVE
3809,MSB00003809,Nguyễn Kim Ngân,1974-07-13,FEMALE,SME_OWNER,Hà Nội,VERIFIED,2016-12-28,DORMANT
3810,MSB00003810,Đỗ Mai Trang,1990-08-07,FEMALE,PRIVATE,Đà Nẵng,VERIFIED,2014-09-26,ACTIVE
3811,MSB00003811,Vũ Văn Hùng,1996-05-20,MALE,AFFLUENT,Hà Nội,VERIFIED,2019-04-15,ACTIVE
3812,MSB00003812,Phan Diệu Trang,2002-12-05,FEMALE,MASS_AFFLUENT,Đà Nẵng,VERIFIED,2016-05-21,ACTIVE
3813,MSB00003813,Dương Diệu Dung,1987-12-03,FEMALE,MASS_AFFLUENT,TP. Hồ Chí Minh,EXPIRED,2017-04-17,DORMANT
3814,MSB00003814,Nguyễn Phương Hằng,1990-11-10,FEMALE,MASS_AFFLUENT,Đà Nẵng,VERIFIED,2016-08-19,ACTIVE
3815,MSB00003815,Ngô Minh An,1991-07-06,MALE,MASS,Hà Nội,EXPIRED,2021-07-15,ACTIVE
3816,MSB00003816,Phạm Ngọc Anh,2002-07-19,FEMALE,MASS_AFFLUENT,TP. Hồ Chí Minh,VERIFIED,2020-04-10,ACTIVE
3817,MSB00003817,Huỳnh Minh Huy,1991-09-04,MALE,MASS,TP. Hồ Chí Minh,PENDING,2015-09-01,ACTIVE
3818,MSB00003818,Bùi Thị Linh,1964-09-25,FEMALE,MASS_AFFLUENT,Hà Nội,VERIFIED,2021-01-20,ACTIVE
3819,MSB00003819,Hồ Công Sơn,1993-12-15,MALE,MASS_AFFLUENT,TP. Hồ Chí Minh,VERIFIED,2019-04-04,ACTIVE
3820,MSB00003820,Lý Thùy My,1962-10-26,FEMALE,PRIVATE,Hà Nội,VERIFIED,2018-11-10,ACTIVE
3821,MSB00003821,Đặng Mai Vân,2001-11-07,FEMALE,MASS,TP. Hồ Chí Minh,VERIFIED,2024-03-03,DORMANT
3822,MSB00003822,Hoàng Kim Uyên,1975-01-30,FEMALE,MASS,TP. Hồ Chí Minh,VERIFIED,2026-01-23,ACTIVE
3823,MSB00003823,Ngô Bá Việt,2001-03-07,MALE,MASS_AFFLUENT,Đà Nẵng,VERIFIED,2018-03-21,ACTIVE
3824,MSB00003824,Hoàng Ngọc Nhung,1986-09-05,FEMALE,PRIVATE,TP. Hồ Chí Minh,VERIFIED,2017-01-23,ACTIVE
3825,MSB00003825,Hoàng Thành Quân,1958-12-25,MALE,AFFLUENT,Hà Nội,VERIFIED,2019-07-14,ACTIVE
3826,MSB00003826,Vũ Ngọc Trang,1967-10-10,FEMALE,PRIVATE,TP. Hồ Chí Minh,VERIFIED,2018-08-29,ACTIVE
3827,MSB00003827,Vũ Đức Long,1981-06-13,MALE,MASS_AFFLUENT,Đà Nẵng,VERIFIED,2025-07-19,DORMANT
3828,MSB00003828,Vũ Phương Thảo,1975-06-08,FEMALE,MASS,Bình Dương,VERIFIED,2024-05-05,DORMANT
3829,MSB00003829,Huỳnh Hữu Trí,1973-01-10,MALE,MASS,Hà Nội,VERIFIED,2017-09-21,ACTIVE
3830,MSB00003830,Lê Xuân Cường,1966-09-14,MALE,SME_OWNER,Hà Nội,VERIFIED,2018-11-29,DORMANT
3831,MSB00003831,Huỳnh Xuân Cường,1977-01-13,MALE,MASS,Bình Dương,PENDING,2024-01-08,ACTIVE
3832,MSB00003832,Lê Quang Dũng,1981-03-19,MALE,MASS_AFFLUENT,TP. Hồ Chí Minh,VERIFIED,2019-05-03,ACTIVE
3833,MSB00003833,Nguyễn Thành Trí,2003-08-19,MALE,MASS_AFFLUENT,TP. Hồ Chí Minh,VERIFIED,2025-12-01,DORMANT
3834,MSB00003834,Hồ Diệu Nga,1959-07-03,FEMALE,MASS_AFFLUENT,Hà Nội,VERIFIED,2017-02-19,DORMANT
3835,MSB00003835,Đặng Diệu Nga,1978-06-04,FEMALE,MASS,Quảng Ninh,VERIFIED,2026-01-05,DORMANT
3836,MSB00003836,Nguyễn Thu Nhung,1992-06-15,FEMALE,MASS_AFFLUENT,TP. Hồ Chí Minh,VERIFIED,2016-07-23,DORMANT
3837,MSB00003837,Ngô Phương Linh,1999-12-15,FEMALE,MASS_AFFLUENT,Hà Nội,VERIFIED,2023-09-19,ACTIVE
3838,MSB00003838,Huỳnh Thành Huy,1975-12-22,MALE,PRIVATE,TP. Hồ Chí Minh,VERIFIED,2023-05-16,DORMANT
3839,MSB00003839,Hoàng Minh Nam,1967-04-12,MALE,MASS,TP. Hồ Chí Minh,VERIFIED,2015-07-12,DORMANT
3840,MSB00003840,Phạm Công Bình,1965-09-01,MALE,MASS_AFFLUENT,Hà Nội,VERIFIED,2016-10-29,DORMANT
3841,MSB00003841,Võ Văn Phúc,1962-04-06,MALE,MASS,Quảng Ninh,EXPIRED,2022-05-27,DORMANT
3842,MSB00003842,Dương Thùy Hằng,1962-03-18,FEMALE,MASS,TP. Hồ Chí Minh,VERIFIED,2024-03-15,ACTIVE
3843,MSB00003843,Đỗ Diệu Thảo,1975-02-17,FEMALE,MASS,Hải Phòng,VERIFIED,2025-01-18,ACTIVE
3844,MSB00003844,Trần Thu Thảo,1959-01-31,FEMALE,MASS_AFFLUENT,Đồng Nai,VERIFIED,2021-09-23,ACTIVE
3845,MSB00003845,Võ Mai Anh,2003-06-20,FEMALE,AFFLUENT,Hà Nội,VERIFIED,2019-07-20,ACTIVE
3846,MSB00003846,Trần Hữu Bình,1987-05-11,MALE,MASS_AFFLUENT,Hà Nội,VERIFIED,2020-07-31,DORMANT
3847,MSB00003847,Dương Mai Linh,1981-12-19,FEMALE,MASS_AFFLUENT,TP. Hồ Chí Minh,VERIFIED,2015-11-14,DORMANT
3848,MSB00003848,Trần Văn Hùng,1971-10-24,MALE,MASS,Cần Thơ,VERIFIED,2016-12-08,ACTIVE
3849,MSB00003849,Đỗ Mai Nga,1992-03-26,FEMALE,MASS_AFFLUENT,TP. Hồ Chí Minh,VERIFIED,2023-04-17,ACTIVE
3850,MSB00003850,Dương Xuân Vinh,1992-07-16,MALE,SME_OWNER,TP. Hồ Chí Minh,VERIFIED,2015-10-26,ACTIVE
3851,MSB00003851,Trần Xuân Huy,1960-10-21,MALE,MASS_AFFLUENT,Hà Nội,EXPIRED,2020-12-09,ACTIVE
3852,MSB00003852,Võ Quang Hoàng,1974-01-27,MALE,MASS,Hà Nội,VERIFIED,2026-02-15,ACTIVE
3853,MSB00003853,Đặng Công Việt,1975-03-22,MALE,MASS_AFFLUENT,TP. Hồ Chí Minh,VERIFIED,2016-05-24,ACTIVE
3854,MSB00003854,Hồ Hữu Việt,1997-01-26,MALE,AFFLUENT,Hà Nội,VERIFIED,2017-09-23,ACTIVE
3855,MSB00003855,Lê Quang Bình,1980-10-31,MALE,MASS_AFFLUENT,Bình Dương,VERIFIED,2022-03-08,ACTIVE
3856,MSB00003856,Lý Hải My,1985-08-27,FEMALE,MASS,Nghệ An,VERIFIED,2016-02-03,ACTIVE
3857,MSB00003857,Võ Phương Dung,1975-04-19,FEMALE,PRIVATE,Khánh Hòa,VERIFIED,2015-10-06,ACTIVE
3858,MSB00003858,Võ Thành Hùng,1959-09-19,MALE,MASS,TP. Hồ Chí Minh,VERIFIED,2015-03-13,ACTIVE
3859,MSB00003859,Vũ Đức Cường,1993-05-10,MALE,MASS,TP. Hồ Chí Minh,VERIFIED,2015-09-07,DORMANT
3860,MSB00003860,Lý Phương Linh,1965-09-06,FEMALE,AFFLUENT,TP. Hồ Chí Minh,VERIFIED,2023-03-15,ACTIVE
3861,MSB00003861,Huỳnh Thành Bình,1975-05-18,MALE,MASS,Hà Nội,VERIFIED,2019-10-28,ACTIVE
3862,MSB00003862,Đặng Thu Yến,1982-03-10,FEMALE,AFFLUENT,Nghệ An,VERIFIED,2024-04-23,ACTIVE
3863,MSB00003863,Hồ Thành Cường,1959-08-03,MALE,AFFLUENT,Hải Phòng,VERIFIED,2018-05-17,DORMANT
3864,MSB00003864,Trần Minh Long,1998-12-07,MALE,AFFLUENT,TP. Hồ Chí Minh,EXPIRED,2020-07-04,ACTIVE
3865,MSB00003865,Đỗ Thành Nam,1973-06-01,MALE,MASS,Cần Thơ,VERIFIED,2016-01-27,DORMANT
3866,MSB00003866,Lê Đức Quân,1986-10-23,MALE,AFFLUENT,TP. Hồ Chí Minh,VERIFIED,2015-10-26,ACTIVE
3867,MSB00003867,Hoàng Thu Hằng,1972-07-11,FEMALE,MASS,Cần Thơ,VERIFIED,2022-08-14,ACTIVE
3868,MSB00003868,Trần Phương Thảo,2000-07-16,FEMALE,MASS,TP. Hồ Chí Minh,VERIFIED,2022-08-24,ACTIVE
3869,MSB00003869,Lý Xuân Tuấn,1970-03-09,MALE,MASS,Đồng Nai,VERIFIED,2025-12-14,ACTIVE
3870,MSB00003870,Đỗ Thị Hà,2003-07-29,FEMALE,MASS_AFFLUENT,Quảng Ninh,VERIFIED,2020-06-08,ACTIVE
3871,MSB00003871,Đỗ Xuân Huy,1989-04-29,MALE,AFFLUENT,TP. Hồ Chí Minh,VERIFIED,2021-11-03,DORMANT
3872,MSB00003872,Bùi Văn Trí,1960-12-19,MALE,SME_OWNER,Đà Nẵng,VERIFIED,2014-09-18,ACTIVE
3873,MSB00003873,Huỳnh Thị Trang,1975-02-25,FEMALE,AFFLUENT,Hà Nội,VERIFIED,2016-10-15,ACTIVE
3874,MSB00003874,Lê Thu Oanh,1982-02-04,FEMALE,PRIVATE,Bình Dương,VERIFIED,2021-01-03,ACTIVE
3875,MSB00003875,Lý Diệu Dung,1990-07-25,FEMALE,MASS,TP. Hồ Chí Minh,VERIFIED,2019-09-15,DORMANT
3876,MSB00003876,Lê Bá Khoa,2001-12-23,MALE,MASS_AFFLUENT,Quảng Ninh,VERIFIED,2018-12-31,ACTIVE
3877,MSB00003877,Trần Quang Tuấn,2001-07-25,MALE,MASS_AFFLUENT,Đồng Nai,VERIFIED,2015-10-18,ACTIVE
3878,MSB00003878,Lý Minh Hoàng,1971-02-01,MALE,MASS_AFFLUENT,TP. Hồ Chí Minh,VERIFIED,2014-09-18,ACTIVE
3879,MSB00003879,Võ Diệu My,1992-11-12,FEMALE,AFFLUENT,Hà Nội,VERIFIED,2021-06-13,ACTIVE
3880,MSB00003880,Bùi Xuân Đạt,2002-12-06,MALE,AFFLUENT,Đà Nẵng,VERIFIED,2022-01-16,ACTIVE
3881,MSB00003881,Phan Kim Ngân,1985-04-21,FEMALE,MASS_AFFLUENT,TP. Hồ Chí Minh,VERIFIED,2018-01-04,ACTIVE
3882,MSB00003882,Trần Đức Việt,1987-07-03,MALE,SME_OWNER,TP. Hồ Chí Minh,VERIFIED,2023-02-22,DORMANT
3883,MSB00003883,Trần Quang Phúc,1958-10-29,MALE,MASS_AFFLUENT,Đà Nẵng,VERIFIED,2024-09-08,DORMANT
3884,MSB00003884,Vũ Bá Hùng,1995-06-11,MALE,MASS,TP. Hồ Chí Minh,VERIFIED,2023-01-11,ACTIVE
3885,MSB00003885,Hồ Bá Trí,1993-02-28,MALE,MASS_AFFLUENT,TP. Hồ Chí Minh,VERIFIED,2022-08-21,ACTIVE
3886,MSB00003886,Ngô Kim Lan,1998-06-02,FEMALE,AFFLUENT,TP. Hồ Chí Minh,PENDING,2019-02-17,ACTIVE
3887,MSB00003887,Hồ Diệu Hoa,1997-08-17,FEMALE,MASS,Hà Nội,VERIFIED,2017-09-30,ACTIVE
3888,MSB00003888,Huỳnh Kim Chi,1980-03-28,FEMALE,MASS_AFFLUENT,Hà Nội,VERIFIED,2024-06-05,ACTIVE
3889,MSB00003889,Huỳnh Thùy Trang,1995-02-09,FEMALE,AFFLUENT,Cần Thơ,VERIFIED,2025-10-20,ACTIVE
3890,MSB00003890,Vũ Quang Bình,1970-11-24,MALE,MASS,TP. Hồ Chí Minh,VERIFIED,2024-05-29,ACTIVE
3891,MSB00003891,Đặng Hải Oanh,1965-12-06,FEMALE,MASS_AFFLUENT,TP. Hồ Chí Minh,VERIFIED,2015-09-12,ACTIVE
3892,MSB00003892,Hồ Thùy Nga,1981-10-28,FEMALE,MASS_AFFLUENT,Quảng Ninh,VERIFIED,2023-04-17,DORMANT
3893,MSB00003893,Vũ Diệu Oanh,1994-11-04,FEMALE,AFFLUENT,Khánh Hòa,VERIFIED,2020-03-01,ACTIVE
3894,MSB00003894,Lý Văn Phúc,1965-04-03,MALE,MASS,Hà Nội,PENDING,2020-01-07,ACTIVE
3895,MSB00003895,Đỗ Văn Tuấn,1958-04-25,MALE,MASS,Bình Dương,VERIFIED,2023-01-31,DORMANT
3896,MSB00003896,Phạm Thị Nhung,1961-01-20,FEMALE,MASS,TP. Hồ Chí Minh,VERIFIED,2016-06-24,DORMANT
3897,MSB00003897,Phan Công Khoa,1960-03-05,MALE,MASS_AFFLUENT,Cần Thơ,VERIFIED,2025-07-26,ACTIVE
3898,MSB00003898,Bùi Quang Việt,1966-05-12,MALE,MASS_AFFLUENT,Hà Nội,PENDING,2020-02-26,ACTIVE
3899,MSB00003899,Hồ Quang Bình,1970-08-16,MALE,AFFLUENT,Hà Nội,VERIFIED,2021-07-02,ACTIVE
3900,MSB00003900,Lê Diệu Hoa,1959-03-08,FEMALE,MASS,Khánh Hòa,PENDING,2017-03-13,DORMANT
3901,MSB00003901,Phan Công Trí,1990-03-09,MALE,MASS,Đà Nẵng,VERIFIED,2024-01-10,ACTIVE
3902,MSB00003902,Ngô Kim Oanh,1959-09-19,FEMALE,SME_OWNER,TP. Hồ Chí Minh,VERIFIED,2015-02-27,DORMANT
3903,MSB00003903,Võ Phương Thảo,2004-11-04,FEMALE,MASS_AFFLUENT,Đồng Nai,VERIFIED,2017-01-31,DORMANT
3904,MSB00003904,Bùi Hữu Quân,1965-05-21,MALE,MASS,TP. Hồ Chí Minh,VERIFIED,2017-09-11,ACTIVE
3905,MSB00003905,Ngô Văn Long,1990-07-18,MALE,MASS,Hà Nội,VERIFIED,2020-07-23,ACTIVE
3906,MSB00003906,Phạm Hải Dung,1991-11-14,FEMALE,MASS,TP. Hồ Chí Minh,VERIFIED,2018-10-30,DORMANT
3907,MSB00003907,Đặng Văn Huy,1973-03-03,MALE,MASS,Hải Phòng,VERIFIED,2023-11-27,ACTIVE
3908,MSB00003908,Huỳnh Công Hoàng,1998-08-12,MALE,AFFLUENT,Hải Phòng,VERIFIED,2026-03-26,ACTIVE
3909,MSB00003909,Phan Hữu Huy,1956-11-25,MALE,MASS,TP. Hồ Chí Minh,VERIFIED,2017-08-18,ACTIVE
3910,MSB00003910,Trần Minh Cường,1970-04-23,MALE,MASS,TP. Hồ Chí Minh,VERIFIED,2021-02-04,ACTIVE
3911,MSB00003911,Đỗ Thu Yến,2006-06-26,FEMALE,MASS,TP. Hồ Chí Minh,VERIFIED,2022-03-20,ACTIVE
3912,MSB00003912,Phạm Thành An,1963-12-31,MALE,MASS_AFFLUENT,TP. Hồ Chí Minh,VERIFIED,2023-03-15,ACTIVE
3913,MSB00003913,Trần Thu Vân,2000-11-14,FEMALE,MASS_AFFLUENT,Hà Nội,VERIFIED,2019-02-03,ACTIVE
3914,MSB00003914,Lý Quang Long,1964-11-17,MALE,MASS_AFFLUENT,Hà Nội,VERIFIED,2020-05-08,ACTIVE
3915,MSB00003915,Hoàng Thùy Lan,1966-05-19,FEMALE,MASS_AFFLUENT,Cần Thơ,VERIFIED,2018-06-15,DORMANT
3916,MSB00003916,Vũ Hải Hằng,1974-01-23,FEMALE,MASS,Bình Dương,VERIFIED,2015-03-27,ACTIVE
3917,MSB00003917,Nguyễn Quang Hùng,1976-03-10,MALE,MASS_AFFLUENT,TP. Hồ Chí Minh,VERIFIED,2016-07-31,ACTIVE
3918,MSB00003918,Phan Hải Yến,1964-10-14,FEMALE,MASS,TP. Hồ Chí Minh,VERIFIED,2022-08-03,ACTIVE
3919,MSB00003919,Võ Xuân Hùng,1964-06-19,MALE,AFFLUENT,Đà Nẵng,VERIFIED,2023-07-04,DORMANT
3920,MSB00003920,Đỗ Diệu Hà,1970-11-02,FEMALE,AFFLUENT,Hà Nội,VERIFIED,2024-06-14,ACTIVE
3921,MSB00003921,Đỗ Kim Vân,1998-04-23,FEMALE,MASS,Đà Nẵng,VERIFIED,2019-09-09,ACTIVE
3922,MSB00003922,Hoàng Xuân Hoàng,1973-01-14,MALE,AFFLUENT,TP. Hồ Chí Minh,VERIFIED,2016-09-10,ACTIVE
3923,MSB00003923,Đỗ Văn Bình,1996-02-26,MALE,MASS_AFFLUENT,TP. Hồ Chí Minh,VERIFIED,2023-05-17,ACTIVE
3924,MSB00003924,Bùi Kim Hoa,2004-04-22,FEMALE,MASS,Hà Nội,VERIFIED,2014-10-10,ACTIVE
3925,MSB00003925,Ngô Kim My,1999-06-05,FEMALE,MASS,Nghệ An,VERIFIED,2021-04-27,DORMANT
3926,MSB00003926,Huỳnh Xuân Long,1983-04-18,MALE,MASS_AFFLUENT,Hà Nội,VERIFIED,2017-03-24,ACTIVE
3927,MSB00003927,Hoàng Thành An,1958-01-18,MALE,AFFLUENT,Hà Nội,VERIFIED,2022-11-06,DORMANT
3928,MSB00003928,Đặng Quang Hùng,2005-01-15,MALE,SME_OWNER,TP. Hồ Chí Minh,VERIFIED,2024-09-17,DORMANT
3929,MSB00003929,Hồ Thị Thảo,2003-01-13,FEMALE,AFFLUENT,Bình Dương,VERIFIED,2020-05-06,DORMANT
3930,MSB00003930,Ngô Thùy My,2001-12-31,FEMALE,MASS,Bình Dương,VERIFIED,2019-11-27,ACTIVE
3931,MSB00003931,Phạm Phương Lan,1997-08-09,FEMALE,MASS_AFFLUENT,TP. Hồ Chí Minh,VERIFIED,2020-09-30,ACTIVE
3932,MSB00003932,Vũ Diệu Nhung,1979-04-06,FEMALE,MASS,Đà Nẵng,VERIFIED,2021-08-07,DORMANT
3933,MSB00003933,Ngô Phương My,1965-05-05,FEMALE,MASS,TP. Hồ Chí Minh,VERIFIED,2018-09-30,ACTIVE
3934,MSB00003934,Nguyễn Văn Quân,2004-04-04,MALE,MASS_AFFLUENT,Hà Nội,VERIFIED,2018-12-09,ACTIVE
3935,MSB00003935,Võ Kim Vân,1966-04-10,FEMALE,AFFLUENT,TP. Hồ Chí Minh,VERIFIED,2024-07-24,DORMANT
3936,MSB00003936,Trần Quang Vinh,1961-06-24,MALE,SME_OWNER,TP. Hồ Chí Minh,VERIFIED,2018-07-12,ACTIVE
3937,MSB00003937,Bùi Thu Linh,2002-09-10,FEMALE,MASS_AFFLUENT,Đà Nẵng,VERIFIED,2022-06-12,ACTIVE
3938,MSB00003938,Nguyễn Hữu Hoàng,1984-08-27,MALE,MASS,Hải Phòng,VERIFIED,2016-11-29,DORMANT
3939,MSB00003939,Đặng Mai Oanh,1966-01-22,FEMALE,MASS,Quảng Ninh,VERIFIED,2020-07-09,DORMANT
3940,MSB00003940,Phạm Mai Oanh,1972-03-12,FEMALE,MASS_AFFLUENT,TP. Hồ Chí Minh,EXPIRED,2023-07-12,ACTIVE
3941,MSB00003941,Phạm Thị Trang,1996-12-14,FEMALE,AFFLUENT,Hải Phòng,VERIFIED,2024-03-23,ACTIVE
3942,MSB00003942,Đỗ Văn Phúc,1998-10-29,MALE,MASS,Nghệ An,VERIFIED,2015-01-28,ACTIVE
3943,MSB00003943,Dương Mai Uyên,1984-01-04,FEMALE,MASS,TP. Hồ Chí Minh,VERIFIED,2017-12-11,ACTIVE
3944,MSB00003944,Phan Hữu Long,1963-11-22,MALE,AFFLUENT,TP. Hồ Chí Minh,VERIFIED,2023-10-28,ACTIVE
3945,MSB00003945,Bùi Bá Tuấn,1959-05-21,MALE,MASS_AFFLUENT,Cần Thơ,VERIFIED,2020-06-22,DORMANT
3946,MSB00003946,Nguyễn Phương Hà,1982-08-31,FEMALE,MASS_AFFLUENT,Đà Nẵng,EXPIRED,2024-11-17,DORMANT
3947,MSB00003947,Đặng Ngọc Nga,1980-07-27,FEMALE,MASS,Đồng Nai,VERIFIED,2016-08-06,DORMANT
3948,MSB00003948,Đặng Quang An,1978-12-27,MALE,PRIVATE,Đà Nẵng,VERIFIED,2016-08-29,ACTIVE
3949,MSB00003949,Lý Phương Nga,1982-07-05,FEMALE,MASS,Khánh Hòa,VERIFIED,2016-12-16,ACTIVE
3950,MSB00003950,Phan Văn Tuấn,1974-06-03,MALE,MASS,Hà Nội,VERIFIED,2020-12-03,ACTIVE
3951,MSB00003951,Huỳnh Diệu Nhung,1992-10-30,FEMALE,MASS_AFFLUENT,Bình Dương,VERIFIED,2024-05-23,DORMANT
3952,MSB00003952,Vũ Thị Nga,1979-12-24,FEMALE,MASS_AFFLUENT,Hà Nội,VERIFIED,2020-08-10,ACTIVE
3953,MSB00003953,Ngô Kim Nhung,1976-01-09,FEMALE,MASS,Hà Nội,PENDING,2020-05-16,ACTIVE
3954,MSB00003954,Trần Ngọc Uyên,1977-10-29,FEMALE,AFFLUENT,Hà Nội,VERIFIED,2022-08-11,ACTIVE
3955,MSB00003955,Phan Mai Linh,1958-05-18,FEMALE,AFFLUENT,Đà Nẵng,VERIFIED,2021-12-02,ACTIVE
3956,MSB00003956,Hồ Phương Thảo,1969-01-06,FEMALE,MASS,TP. Hồ Chí Minh,VERIFIED,2025-10-14,DORMANT
3957,MSB00003957,Võ Minh Long,1970-06-15,MALE,MASS_AFFLUENT,Hà Nội,VERIFIED,2020-03-22,ACTIVE
3958,MSB00003958,Bùi Xuân Dũng,1966-03-05,MALE,MASS_AFFLUENT,Đà Nẵng,PENDING,2024-01-26,ACTIVE
3959,MSB00003959,Dương Diệu Trang,1980-04-02,FEMALE,AFFLUENT,TP. Hồ Chí Minh,VERIFIED,2016-07-09,ACTIVE
3960,MSB00003960,Đặng Bá Hùng,1991-01-15,MALE,AFFLUENT,TP. Hồ Chí Minh,VERIFIED,2017-06-11,ACTIVE
3961,MSB00003961,Bùi Mai Uyên,1980-08-04,FEMALE,MASS_AFFLUENT,TP. Hồ Chí Minh,VERIFIED,2019-04-15,ACTIVE
3962,MSB00003962,Đặng Công Trí,1960-08-18,MALE,AFFLUENT,Đồng Nai,VERIFIED,2023-09-17,DORMANT
3963,MSB00003963,Bùi Hải Nhung,1963-08-17,FEMALE,MASS_AFFLUENT,Cần Thơ,VERIFIED,2018-07-15,ACTIVE
3964,MSB00003964,Dương Minh Quân,1989-05-23,MALE,MASS_AFFLUENT,TP. Hồ Chí Minh,VERIFIED,2014-10-01,DORMANT
3965,MSB00003965,Hồ Kim Hằng,1982-01-29,FEMALE,MASS_AFFLUENT,Bình Dương,VERIFIED,2018-12-21,ACTIVE
3966,MSB00003966,Hồ Ngọc Chi,1993-07-01,FEMALE,AFFLUENT,Đồng Nai,VERIFIED,2017-02-26,DORMANT
3967,MSB00003967,Huỳnh Văn Đạt,2005-08-31,MALE,MASS_AFFLUENT,TP. Hồ Chí Minh,VERIFIED,2015-10-29,ACTIVE
3968,MSB00003968,Lý Thu Yến,1991-03-31,FEMALE,MASS,Hà Nội,VERIFIED,2016-06-06,DORMANT
3969,MSB00003969,Đỗ Xuân Cường,2001-05-09,MALE,MASS,Hà Nội,VERIFIED,2024-06-08,ACTIVE
3970,MSB00003970,Nguyễn Diệu Hằng,1988-10-06,FEMALE,MASS_AFFLUENT,Hải Phòng,VERIFIED,2016-02-21,ACTIVE
3971,MSB00003971,Đặng Diệu Lan,2004-06-25,FEMALE,PRIVATE,Khánh Hòa,VERIFIED,2017-05-26,ACTIVE
3972,MSB00003972,Trần Bá Phúc,1991-06-21,MALE,MASS,Hà Nội,VERIFIED,2017-12-10,ACTIVE
3973,MSB00003973,Nguyễn Công Quân,1971-04-12,MALE,AFFLUENT,TP. Hồ Chí Minh,VERIFIED,2023-09-02,ACTIVE
3974,MSB00003974,Dương Đức Quân,1964-08-02,MALE,MASS,Hà Nội,VERIFIED,2020-11-21,ACTIVE
3975,MSB00003975,Lê Đức Hùng,1961-12-22,MALE,AFFLUENT,TP. Hồ Chí Minh,PENDING,2015-10-14,ACTIVE
3976,MSB00003976,Võ Phương Dung,1977-11-17,FEMALE,MASS,Đồng Nai,VERIFIED,2015-08-19,ACTIVE
3977,MSB00003977,Trần Thành Khoa,1979-04-21,MALE,AFFLUENT,Bình Dương,VERIFIED,2024-12-24,ACTIVE
3978,MSB00003978,Đặng Thị Ngân,1957-10-15,FEMALE,MASS_AFFLUENT,Quảng Ninh,VERIFIED,2021-05-08,DORMANT
3979,MSB00003979,Dương Ngọc Ngân,1979-08-26,FEMALE,AFFLUENT,TP. Hồ Chí Minh,VERIFIED,2019-04-05,ACTIVE
3980,MSB00003980,Hoàng Thu Chi,2002-02-15,FEMALE,MASS_AFFLUENT,Hải Phòng,VERIFIED,2025-03-17,ACTIVE
3981,MSB00003981,Vũ Diệu Dung,1959-12-05,FEMALE,PRIVATE,Đồng Nai,VERIFIED,2023-06-16,ACTIVE
3982,MSB00003982,Phan Bá Phúc,1976-04-12,MALE,AFFLUENT,Hải Phòng,VERIFIED,2019-05-16,ACTIVE
3983,MSB00003983,Hồ Ngọc Ngân,1972-09-16,FEMALE,MASS_AFFLUENT,Nghệ An,VERIFIED,2018-09-03,DORMANT
3984,MSB00003984,Lý Phương Uyên,2002-03-23,FEMALE,SME_OWNER,TP. Hồ Chí Minh,VERIFIED,2025-02-04,DORMANT
3985,MSB00003985,Đỗ Thị Dung,1982-09-27,FEMALE,AFFLUENT,Hà Nội,VERIFIED,2021-05-21,ACTIVE
3986,MSB00003986,Đặng Công Phúc,1983-12-31,MALE,PRIVATE,Hà Nội,VERIFIED,2018-09-07,ACTIVE
3987,MSB00003987,Vũ Bá Trí,1966-06-04,MALE,MASS,Đồng Nai,VERIFIED,2014-10-10,ACTIVE
3988,MSB00003988,Lý Thị Trang,1986-10-29,FEMALE,SME_OWNER,Hà Nội,VERIFIED,2014-09-10,ACTIVE
3989,MSB00003989,Đỗ Mai Linh,1989-08-16,FEMALE,MASS,Bình Dương,VERIFIED,2022-09-14,ACTIVE
3990,MSB00003990,Võ Minh Long,1972-06-19,MALE,MASS,TP. Hồ Chí Minh,VERIFIED,2018-06-14,DORMANT
3991,MSB00003991,Phạm Phương Anh,2005-11-16,FEMALE,PRIVATE,Hải Phòng,VERIFIED,2019-11-18,ACTIVE
3992,MSB00003992,Đỗ Bá Hùng,1968-10-02,MALE,MASS_AFFLUENT,Cần Thơ,VERIFIED,2023-11-15,ACTIVE
3993,MSB00003993,Phạm Kim Vân,2006-04-08,FEMALE,AFFLUENT,TP. Hồ Chí Minh,VERIFIED,2020-05-29,ACTIVE
3994,MSB00003994,Trần Công Dũng,1995-01-01,MALE,MASS_AFFLUENT,Hà Nội,VERIFIED,2024-09-19,ACTIVE
3995,MSB00003995,Ngô Bá Bình,1981-12-16,MALE,MASS,Đà Nẵng,VERIFIED,2024-12-03,DORMANT
3996,MSB00003996,Lê Hữu Hoàng,1996-12-01,MALE,MASS_AFFLUENT,Nghệ An,VERIFIED,2022-03-03,ACTIVE
3997,MSB00003997,Dương Công Cường,2004-10-01,MALE,MASS_AFFLUENT,Hà Nội,VERIFIED,2023-04-12,ACTIVE
3998,MSB00003998,Bùi Xuân Huy,1986-07-27,MALE,AFFLUENT,Hà Nội,PENDING,2024-08-17,ACTIVE
3999,MSB00003999,Vũ Bá Trí,1971-06-19,MALE,MASS,Đồng Nai,VERIFIED,2025-09-20,ACTIVE
4000,MSB00004000,Ngô Minh Hùng,1993-09-26,MALE,MASS_AFFLUENT,Hà Nội,VERIFIED,2019-09-07,ACTIVE
4001,MSB00004001,Huỳnh Ngọc Thảo,1993-02-10,FEMALE,AFFLUENT,Hà Nội,VERIFIED,2026-04-05,DORMANT
4002,MSB00004002,Đỗ Mai Trang,1973-02-16,FEMALE,MASS_AFFLUENT,Đồng Nai,VERIFIED,2017-03-12,ACTIVE
4003,MSB00004003,Vũ Mai Nhung,1959-04-03,FEMALE,MASS_AFFLUENT,Bình Dương,VERIFIED,2025-06-23,DORMANT
4004,MSB00004004,Đỗ Đức Hùng,1981-04-17,MALE,MASS,TP. Hồ Chí Minh,VERIFIED,2018-08-26,ACTIVE
4005,MSB00004005,Lê Đức Trí,1979-05-31,MALE,MASS,Nghệ An,VERIFIED,2024-08-05,ACTIVE
4006,MSB00004006,Lý Thùy Nga,1965-04-04,FEMALE,MASS_AFFLUENT,Cần Thơ,VERIFIED,2019-02-16,ACTIVE
4007,MSB00004007,Lý Hải Nhung,2003-08-02,FEMALE,MASS,Hà Nội,VERIFIED,2024-08-30,DORMANT
4008,MSB00004008,Đặng Thu Yến,1957-05-13,FEMALE,MASS_AFFLUENT,TP. Hồ Chí Minh,VERIFIED,2021-03-31,ACTIVE
4009,MSB00004009,Trần Mai Vân,1982-08-31,FEMALE,MASS_AFFLUENT,Đồng Nai,VERIFIED,2018-08-20,ACTIVE
4010,MSB00004010,Hoàng Kim Vân,1988-06-29,FEMALE,MASS,Hải Phòng,VERIFIED,2024-04-24,DORMANT
4011,MSB00004011,Vũ Thu Chi,1975-12-04,FEMALE,MASS,Đà Nẵng,VERIFIED,2024-10-11,ACTIVE
4012,MSB00004012,Vũ Đức Đạt,1961-08-15,MALE,MASS_AFFLUENT,TP. Hồ Chí Minh,VERIFIED,2018-11-21,ACTIVE
4013,MSB00004013,Ngô Thu Hà,1959-12-04,FEMALE,PRIVATE,TP. Hồ Chí Minh,VERIFIED,2018-11-07,ACTIVE
4014,MSB00004014,Hoàng Ngọc Oanh,1968-05-23,FEMALE,AFFLUENT,Đà Nẵng,VERIFIED,2021-06-08,ACTIVE
4015,MSB00004015,Lê Diệu Oanh,1981-12-14,FEMALE,SME_OWNER,Hà Nội,VERIFIED,2024-11-24,ACTIVE
4016,MSB00004016,Lê Đức Việt,1999-02-28,MALE,AFFLUENT,Bình Dương,VERIFIED,2022-10-06,ACTIVE
4017,MSB00004017,Võ Minh An,1996-11-17,MALE,MASS_AFFLUENT,Hà Nội,EXPIRED,2023-10-16,ACTIVE
4018,MSB00004018,Phan Quang Vinh,1964-12-27,MALE,MASS_AFFLUENT,Hà Nội,VERIFIED,2018-08-21,DORMANT
4019,MSB00004019,Vũ Minh Dũng,2000-02-06,MALE,PRIVATE,Hà Nội,VERIFIED,2022-10-27,ACTIVE
4020,MSB00004020,Hồ Hải Trang,1981-12-03,FEMALE,MASS_AFFLUENT,Bình Dương,VERIFIED,2021-11-29,DORMANT
4021,MSB00004021,Bùi Diệu Vân,1985-09-09,FEMALE,MASS,TP. Hồ Chí Minh,VERIFIED,2023-04-12,ACTIVE
4022,MSB00004022,Hồ Công Bình,1971-01-23,MALE,SME_OWNER,TP. Hồ Chí Minh,VERIFIED,2024-05-12,DORMANT
4023,MSB00004023,Nguyễn Mai Yến,1989-06-25,FEMALE,MASS,TP. Hồ Chí Minh,VERIFIED,2016-11-10,DORMANT
4024,MSB00004024,Bùi Thành Bình,1971-07-17,MALE,MASS_AFFLUENT,Đà Nẵng,VERIFIED,2020-09-08,ACTIVE
4025,MSB00004025,Đặng Phương Dung,1981-02-09,FEMALE,AFFLUENT,Đồng Nai,VERIFIED,2019-08-31,ACTIVE
4026,MSB00004026,Hồ Công Dũng,1962-03-23,MALE,MASS_AFFLUENT,TP. Hồ Chí Minh,VERIFIED,2022-12-15,DORMANT
4027,MSB00004027,Đỗ Ngọc Nga,1997-01-17,FEMALE,MASS_AFFLUENT,Hà Nội,VERIFIED,2025-04-22,DORMANT
4028,MSB00004028,Võ Phương Linh,1967-12-28,FEMALE,MASS_AFFLUENT,Đồng Nai,VERIFIED,2017-10-09,ACTIVE
4029,MSB00004029,Ngô Mai My,1970-06-20,FEMALE,MASS,TP. Hồ Chí Minh,PENDING,2017-11-26,DORMANT
4030,MSB00004030,Lê Thu Trang,1964-11-29,FEMALE,MASS,Đà Nẵng,VERIFIED,2025-10-11,ACTIVE
4031,MSB00004031,Hoàng Bá Tuấn,1981-08-31,MALE,MASS,Hà Nội,VERIFIED,2015-12-28,ACTIVE
4032,MSB00004032,Vũ Thùy Nga,1990-05-01,FEMALE,MASS,Đồng Nai,VERIFIED,2016-05-18,ACTIVE
4033,MSB00004033,Đỗ Hữu Hoàng,1980-09-23,MALE,MASS,Khánh Hòa,VERIFIED,2016-06-05,DORMANT
4034,MSB00004034,Phạm Công Quân,1957-09-23,MALE,PRIVATE,TP. Hồ Chí Minh,VERIFIED,2020-12-11,ACTIVE
4035,MSB00004035,Đỗ Thu Lan,1997-03-28,FEMALE,AFFLUENT,Hà Nội,VERIFIED,2018-03-27,DORMANT
4036,MSB00004036,Hồ Thu Nhung,1972-11-10,FEMALE,MASS_AFFLUENT,Hà Nội,PENDING,2026-02-21,DORMANT
4037,MSB00004037,Phan Thị Nga,1994-09-22,FEMALE,MASS,TP. Hồ Chí Minh,VERIFIED,2019-05-07,DORMANT
4038,MSB00004038,Huỳnh Đức Đạt,1967-10-22,MALE,MASS_AFFLUENT,TP. Hồ Chí Minh,VERIFIED,2024-10-08,ACTIVE
4039,MSB00004039,Hồ Thu Nga,1985-04-08,FEMALE,MASS_AFFLUENT,TP. Hồ Chí Minh,VERIFIED,2015-09-21,DORMANT
4040,MSB00004040,Đỗ Văn Bình,1963-12-28,MALE,MASS,Đà Nẵng,VERIFIED,2015-04-20,DORMANT
4041,MSB00004041,Võ Diệu Yến,1998-01-23,FEMALE,MASS_AFFLUENT,TP. Hồ Chí Minh,VERIFIED,2024-07-28,ACTIVE
4042,MSB00004042,Vũ Hải My,2000-03-29,FEMALE,MASS,Hà Nội,VERIFIED,2020-01-24,ACTIVE
4043,MSB00004043,Dương Phương Yến,1959-01-07,FEMALE,AFFLUENT,Quảng Ninh,VERIFIED,2019-06-03,ACTIVE
4044,MSB00004044,Huỳnh Diệu Trang,1989-09-21,FEMALE,MASS_AFFLUENT,TP. Hồ Chí Minh,VERIFIED,2017-05-12,ACTIVE
4045,MSB00004045,Hồ Thị Uyên,2002-08-18,FEMALE,MASS,Nghệ An,VERIFIED,2020-08-16,ACTIVE
4046,MSB00004046,Lê Xuân Dũng,1964-10-02,MALE,MASS,Đà Nẵng,VERIFIED,2016-01-12,ACTIVE
4047,MSB00004047,Ngô Phương Linh,1986-04-15,FEMALE,MASS,Hà Nội,VERIFIED,2022-04-19,ACTIVE
4048,MSB00004048,Dương Ngọc Chi,1959-10-30,FEMALE,MASS,Đà Nẵng,VERIFIED,2022-08-04,ACTIVE
4049,MSB00004049,Trần Bá Long,1985-07-19,MALE,MASS,Quảng Ninh,VERIFIED,2017-10-27,ACTIVE
4050,MSB00004050,Ngô Văn Bình,1968-10-06,MALE,MASS,Bình Dương,VERIFIED,2019-12-13,DORMANT
4051,MSB00004051,Lý Hữu Việt,1978-03-17,MALE,MASS,TP. Hồ Chí Minh,PENDING,2025-05-16,DORMANT
4052,MSB00004052,Huỳnh Kim Dung,1981-09-27,FEMALE,MASS,Hà Nội,VERIFIED,2018-09-28,ACTIVE
4053,MSB00004053,Hoàng Hải Nga,1982-03-24,FEMALE,SME_OWNER,TP. Hồ Chí Minh,VERIFIED,2023-01-25,ACTIVE
4054,MSB00004054,Võ Diệu Linh,1993-11-28,FEMALE,AFFLUENT,Hà Nội,VERIFIED,2016-07-05,ACTIVE
4055,MSB00004055,Hồ Thành Phúc,1970-01-22,MALE,AFFLUENT,TP. Hồ Chí Minh,VERIFIED,2016-07-27,ACTIVE
4056,MSB00004056,Hoàng Công Đạt,1980-06-15,MALE,SME_OWNER,Khánh Hòa,VERIFIED,2021-06-05,DORMANT
4057,MSB00004057,Hoàng Quang Cường,2006-05-28,MALE,MASS_AFFLUENT,Hải Phòng,VERIFIED,2016-05-17,ACTIVE
4058,MSB00004058,Huỳnh Xuân Quân,1987-02-13,MALE,SME_OWNER,Bình Dương,VERIFIED,2015-03-24,ACTIVE
4059,MSB00004059,Ngô Đức Vinh,1986-03-03,MALE,MASS_AFFLUENT,Đà Nẵng,VERIFIED,2017-10-26,ACTIVE
4060,MSB00004060,Lý Xuân Nam,1962-01-15,MALE,AFFLUENT,Hà Nội,VERIFIED,2019-03-31,ACTIVE
4061,MSB00004061,Bùi Xuân Hoàng,1984-11-06,MALE,PRIVATE,Hà Nội,PENDING,2015-06-12,ACTIVE
4062,MSB00004062,Lý Văn Quân,1977-11-18,MALE,AFFLUENT,Bình Dương,VERIFIED,2016-02-19,ACTIVE
4063,MSB00004063,Hồ Hải Dung,2002-08-06,FEMALE,MASS,TP. Hồ Chí Minh,PENDING,2020-10-01,ACTIVE
4064,MSB00004064,Đặng Hữu Bình,1987-03-01,MALE,AFFLUENT,TP. Hồ Chí Minh,VERIFIED,2025-05-09,ACTIVE
4065,MSB00004065,Trần Xuân Hùng,1992-07-04,MALE,AFFLUENT,Hà Nội,VERIFIED,2019-04-27,ACTIVE
4066,MSB00004066,Vũ Thu Yến,1982-02-21,FEMALE,MASS_AFFLUENT,TP. Hồ Chí Minh,VERIFIED,2020-12-03,DORMANT
4067,MSB00004067,Dương Phương Uyên,1962-02-13,FEMALE,MASS,Hà Nội,VERIFIED,2022-01-22,DORMANT
4068,MSB00004068,Trần Diệu Linh,1959-08-30,FEMALE,MASS,Hà Nội,VERIFIED,2024-03-27,DORMANT
4069,MSB00004069,Phan Thùy Vân,1992-04-08,FEMALE,MASS_AFFLUENT,Đồng Nai,VERIFIED,2017-12-20,DORMANT
4070,MSB00004070,Lê Mai Oanh,1976-03-15,FEMALE,MASS,Cần Thơ,VERIFIED,2015-09-10,DORMANT
4071,MSB00004071,Hồ Thị Trang,1959-02-23,FEMALE,MASS_AFFLUENT,Đồng Nai,VERIFIED,2019-05-11,ACTIVE
4072,MSB00004072,Lý Ngọc My,1995-07-12,FEMALE,MASS,Đồng Nai,VERIFIED,2023-08-02,ACTIVE
4073,MSB00004073,Trần Minh Việt,1985-08-06,MALE,AFFLUENT,Đà Nẵng,VERIFIED,2026-04-24,ACTIVE
4074,MSB00004074,Hoàng Hải Chi,1980-12-11,FEMALE,MASS_AFFLUENT,TP. Hồ Chí Minh,VERIFIED,2018-01-04,DORMANT
4075,MSB00004075,Bùi Quang Hùng,2006-05-10,MALE,PRIVATE,TP. Hồ Chí Minh,PENDING,2024-06-27,ACTIVE
4076,MSB00004076,Huỳnh Đức Tuấn,1983-04-18,MALE,MASS_AFFLUENT,Hà Nội,VERIFIED,2025-08-05,ACTIVE
4077,MSB00004077,Bùi Quang Dũng,1999-08-31,MALE,MASS_AFFLUENT,Bình Dương,VERIFIED,2024-01-10,ACTIVE
4078,MSB00004078,Phạm Bá Phúc,1991-05-30,MALE,MASS_AFFLUENT,Bình Dương,VERIFIED,2023-12-26,ACTIVE
4079,MSB00004079,Phan Đức Huy,2000-10-01,MALE,MASS,TP. Hồ Chí Minh,VERIFIED,2022-05-15,ACTIVE
4080,MSB00004080,Phạm Hải Trang,1970-01-10,FEMALE,MASS_AFFLUENT,TP. Hồ Chí Minh,VERIFIED,2022-08-06,DORMANT
4081,MSB00004081,Phạm Văn Hùng,1965-05-23,MALE,AFFLUENT,Hà Nội,VERIFIED,2024-01-09,ACTIVE
4082,MSB00004082,Hoàng Thành Quân,1992-09-13,MALE,MASS,Hà Nội,VERIFIED,2017-03-17,DORMANT
4083,MSB00004083,Phan Minh Trí,2004-01-13,MALE,MASS,TP. Hồ Chí Minh,VERIFIED,2016-09-09,ACTIVE
4084,MSB00004084,Lý Văn Đạt,1982-05-05,MALE,MASS,Khánh Hòa,VERIFIED,2023-05-26,ACTIVE
4085,MSB00004085,Huỳnh Hải Thảo,2001-03-16,FEMALE,MASS,Hà Nội,VERIFIED,2022-01-11,ACTIVE
4086,MSB00004086,Võ Quang Nam,1984-04-14,MALE,MASS,Nghệ An,VERIFIED,2016-10-19,DORMANT
4087,MSB00004087,Trần Văn Long,1978-10-24,MALE,MASS,TP. Hồ Chí Minh,VERIFIED,2015-03-19,ACTIVE
4088,MSB00004088,Ngô Công Nam,1983-03-12,MALE,AFFLUENT,TP. Hồ Chí Minh,PENDING,2017-02-16,DORMANT
4089,MSB00004089,Võ Đức Phúc,1980-08-14,MALE,PRIVATE,Hà Nội,VERIFIED,2019-11-16,ACTIVE
4090,MSB00004090,Đặng Bá Vinh,1977-12-19,MALE,MASS,Hà Nội,VERIFIED,2014-10-03,ACTIVE
4091,MSB00004091,Ngô Minh Việt,1997-11-24,MALE,PRIVATE,Đà Nẵng,VERIFIED,2017-11-05,ACTIVE
4092,MSB00004092,Lê Thùy Yến,1972-04-05,FEMALE,MASS_AFFLUENT,Đà Nẵng,VERIFIED,2018-06-06,ACTIVE
4093,MSB00004093,Đặng Thùy Linh,1972-09-25,FEMALE,MASS,TP. Hồ Chí Minh,VERIFIED,2025-12-24,ACTIVE
4094,MSB00004094,Lý Thị Linh,1999-03-26,FEMALE,MASS,TP. Hồ Chí Minh,VERIFIED,2018-11-22,DORMANT
4095,MSB00004095,Ngô Xuân Long,1985-05-23,MALE,MASS,Hà Nội,VERIFIED,2022-12-20,ACTIVE
4096,MSB00004096,Dương Thành Nam,1991-12-16,MALE,AFFLUENT,TP. Hồ Chí Minh,VERIFIED,2019-04-24,ACTIVE
4097,MSB00004097,Hồ Mai Hằng,1987-07-13,FEMALE,MASS_AFFLUENT,Cần Thơ,VERIFIED,2019-08-23,ACTIVE
4098,MSB00004098,Trần Bá Bình,1967-09-03,MALE,MASS,Đà Nẵng,PENDING,2025-01-18,ACTIVE
4099,MSB00004099,Hồ Ngọc Oanh,1976-12-21,FEMALE,MASS,Hà Nội,VERIFIED,2020-12-11,DORMANT
4100,MSB00004100,Đặng Thị Anh,1961-05-04,FEMALE,SME_OWNER,Bình Dương,VERIFIED,2020-05-04,ACTIVE
4101,MSB00004101,Bùi Minh An,1978-07-29,MALE,MASS,Hà Nội,VERIFIED,2025-10-09,ACTIVE
4102,MSB00004102,Lý Đức Đạt,2004-01-27,MALE,MASS,Bình Dương,VERIFIED,2016-05-24,DORMANT
4103,MSB00004103,Trần Thu Nga,1971-01-26,FEMALE,MASS_AFFLUENT,TP. Hồ Chí Minh,PENDING,2015-05-24,ACTIVE
4104,MSB00004104,Võ Phương Hà,2002-11-12,FEMALE,MASS_AFFLUENT,Cần Thơ,VERIFIED,2026-01-31,DORMANT
4105,MSB00004105,Hoàng Thu Linh,1989-05-16,FEMALE,AFFLUENT,Hà Nội,VERIFIED,2024-12-03,ACTIVE
4106,MSB00004106,Dương Minh Trí,1960-06-11,MALE,PRIVATE,Cần Thơ,VERIFIED,2024-11-06,ACTIVE
4107,MSB00004107,Hoàng Thu Chi,1957-03-30,FEMALE,MASS,Cần Thơ,VERIFIED,2021-03-07,ACTIVE
4108,MSB00004108,Phạm Đức Long,1998-11-03,MALE,MASS,Hà Nội,VERIFIED,2019-04-28,ACTIVE
4109,MSB00004109,Đỗ Minh Việt,1956-09-30,MALE,AFFLUENT,Hà Nội,VERIFIED,2023-07-06,ACTIVE
4110,MSB00004110,Trần Diệu Dung,1958-04-20,FEMALE,MASS,Cần Thơ,VERIFIED,2016-06-12,ACTIVE
4111,MSB00004111,Nguyễn Ngọc Nhung,1963-08-11,FEMALE,MASS,TP. Hồ Chí Minh,VERIFIED,2022-09-15,ACTIVE
4112,MSB00004112,Phạm Hữu Đạt,1965-07-18,MALE,MASS,Hải Phòng,VERIFIED,2022-09-28,ACTIVE
4113,MSB00004113,Ngô Thành Dũng,2003-02-11,MALE,MASS_AFFLUENT,Hà Nội,VERIFIED,2019-06-20,ACTIVE
4114,MSB00004114,Võ Thành Nam,2000-08-18,MALE,MASS_AFFLUENT,Hà Nội,VERIFIED,2016-02-29,ACTIVE
4115,MSB00004115,Lê Bá Huy,1975-12-07,MALE,MASS,Cần Thơ,PENDING,2023-06-04,ACTIVE
4116,MSB00004116,Lê Thành Đạt,2001-08-15,MALE,SME_OWNER,Hà Nội,VERIFIED,2022-05-23,ACTIVE
4117,MSB00004117,Võ Thị Oanh,1994-03-26,FEMALE,MASS,Hà Nội,VERIFIED,2022-05-17,ACTIVE
4118,MSB00004118,Dương Đức Cường,1957-11-09,MALE,MASS_AFFLUENT,Hà Nội,VERIFIED,2020-11-24,ACTIVE
4119,MSB00004119,Hoàng Mai Ngân,1961-03-10,FEMALE,AFFLUENT,Bình Dương,VERIFIED,2021-04-28,ACTIVE
4120,MSB00004120,Nguyễn Quang Hoàng,1993-12-24,MALE,PRIVATE,TP. Hồ Chí Minh,VERIFIED,2015-03-19,ACTIVE
4121,MSB00004121,Lê Quang Hùng,1980-04-28,MALE,MASS_AFFLUENT,TP. Hồ Chí Minh,VERIFIED,2024-08-13,ACTIVE
4122,MSB00004122,Nguyễn Công Vinh,1979-11-12,MALE,SME_OWNER,Đà Nẵng,VERIFIED,2021-06-16,ACTIVE
4123,MSB00004123,Bùi Văn Dũng,1993-03-25,MALE,PRIVATE,TP. Hồ Chí Minh,VERIFIED,2023-05-14,ACTIVE
4124,MSB00004124,Võ Thu Hoa,1994-11-27,FEMALE,MASS_AFFLUENT,Hà Nội,VERIFIED,2019-05-03,ACTIVE
4125,MSB00004125,Phan Hải Ngân,1984-09-14,FEMALE,PRIVATE,TP. Hồ Chí Minh,VERIFIED,2017-03-20,ACTIVE
4126,MSB00004126,Ngô Thị My,1976-04-10,FEMALE,SME_OWNER,Hà Nội,VERIFIED,2015-06-01,ACTIVE
4127,MSB00004127,Võ Thành Quân,1966-06-04,MALE,MASS,Khánh Hòa,VERIFIED,2021-03-22,ACTIVE
4128,MSB00004128,Dương Mai Oanh,1963-09-22,FEMALE,MASS_AFFLUENT,Cần Thơ,VERIFIED,2023-03-30,ACTIVE
4129,MSB00004129,Phan Thu Nga,2004-12-22,FEMALE,MASS,Bình Dương,VERIFIED,2015-02-01,DORMANT
4130,MSB00004130,Vũ Văn Hùng,1973-10-11,MALE,MASS_AFFLUENT,Bình Dương,VERIFIED,2025-04-03,ACTIVE
4131,MSB00004131,Ngô Kim Thảo,1976-04-11,FEMALE,MASS,Hà Nội,VERIFIED,2024-10-17,DORMANT
4132,MSB00004132,Phạm Diệu Uyên,2004-04-22,FEMALE,AFFLUENT,Cần Thơ,VERIFIED,2015-02-25,ACTIVE
4133,MSB00004133,Huỳnh Phương Thảo,1965-07-13,FEMALE,MASS_AFFLUENT,TP. Hồ Chí Minh,VERIFIED,2015-12-27,DORMANT
4134,MSB00004134,Bùi Diệu Chi,1976-11-18,FEMALE,MASS_AFFLUENT,Bình Dương,VERIFIED,2019-10-19,DORMANT
4135,MSB00004135,Lê Thị Hoa,1970-10-24,FEMALE,MASS,Nghệ An,VERIFIED,2022-06-30,ACTIVE
4136,MSB00004136,Hồ Xuân Quân,1972-11-01,MALE,PRIVATE,TP. Hồ Chí Minh,VERIFIED,2015-01-23,DORMANT
4137,MSB00004137,Phan Diệu Ngân,1990-05-13,FEMALE,MASS_AFFLUENT,Đà Nẵng,VERIFIED,2015-02-24,DORMANT
4138,MSB00004138,Võ Thị Hà,1996-03-02,FEMALE,MASS_AFFLUENT,TP. Hồ Chí Minh,VERIFIED,2016-03-20,ACTIVE
4139,MSB00004139,Đỗ Thành Phúc,1988-02-29,MALE,MASS,Đồng Nai,VERIFIED,2017-04-28,ACTIVE
4140,MSB00004140,Đỗ Hải Chi,1968-07-15,FEMALE,MASS,TP. Hồ Chí Minh,VERIFIED,2019-05-23,ACTIVE
4141,MSB00004141,Ngô Thành Dũng,1975-08-28,MALE,MASS_AFFLUENT,TP. Hồ Chí Minh,VERIFIED,2021-12-28,ACTIVE
4142,MSB00004142,Phạm Xuân Hùng,1975-04-29,MALE,SME_OWNER,Đồng Nai,VERIFIED,2020-10-30,ACTIVE
4143,MSB00004143,Nguyễn Thị Hằng,2000-02-23,FEMALE,AFFLUENT,Hà Nội,VERIFIED,2019-12-31,ACTIVE
4144,MSB00004144,Bùi Kim Trang,2005-09-01,FEMALE,AFFLUENT,TP. Hồ Chí Minh,VERIFIED,2020-09-22,ACTIVE
4145,MSB00004145,Phạm Thu Linh,1972-10-13,FEMALE,MASS,Đà Nẵng,VERIFIED,2016-04-12,DORMANT
4146,MSB00004146,Hồ Kim Trang,1958-12-10,FEMALE,MASS_AFFLUENT,Đà Nẵng,VERIFIED,2024-05-22,ACTIVE
4147,MSB00004147,Trần Công Nam,1988-09-10,MALE,AFFLUENT,Hà Nội,VERIFIED,2025-05-11,DORMANT
4148,MSB00004148,Trần Thu Hoa,1983-11-19,FEMALE,MASS,Hà Nội,VERIFIED,2021-01-13,ACTIVE
4149,MSB00004149,Vũ Thùy Hằng,1959-02-17,FEMALE,MASS_AFFLUENT,TP. Hồ Chí Minh,VERIFIED,2023-11-30,ACTIVE
4150,MSB00004150,Lý Thùy Uyên,1994-09-30,FEMALE,MASS_AFFLUENT,TP. Hồ Chí Minh,VERIFIED,2016-09-28,ACTIVE
4151,MSB00004151,Võ Văn Nam,1979-09-27,MALE,MASS,Nghệ An,VERIFIED,2016-06-06,DORMANT
4152,MSB00004152,Võ Đức Hùng,2002-06-14,MALE,MASS,Cần Thơ,VERIFIED,2014-10-17,ACTIVE
4153,MSB00004153,Đỗ Thị Yến,1993-05-16,FEMALE,AFFLUENT,Đà Nẵng,PENDING,2021-10-28,DORMANT
4154,MSB00004154,Huỳnh Công Cường,1987-09-09,MALE,SME_OWNER,Hà Nội,VERIFIED,2015-02-15,ACTIVE
4155,MSB00004155,Dương Đức Hoàng,1972-08-25,MALE,MASS_AFFLUENT,Khánh Hòa,PENDING,2025-02-22,DORMANT
4156,MSB00004156,Huỳnh Thị Linh,1991-02-20,FEMALE,MASS_AFFLUENT,Hà Nội,VERIFIED,2015-02-08,ACTIVE
4157,MSB00004157,Võ Kim Thảo,1983-04-11,FEMALE,MASS_AFFLUENT,Nghệ An,VERIFIED,2023-06-16,ACTIVE
4158,MSB00004158,Võ Mai Lan,1991-11-30,FEMALE,AFFLUENT,Nghệ An,VERIFIED,2026-02-08,ACTIVE
4159,MSB00004159,Lê Kim Ngân,1998-09-13,FEMALE,MASS_AFFLUENT,Quảng Ninh,VERIFIED,2016-09-12,ACTIVE
4160,MSB00004160,Phan Hải Thảo,1967-05-04,FEMALE,MASS,TP. Hồ Chí Minh,VERIFIED,2020-04-23,ACTIVE
4161,MSB00004161,Trần Văn Hùng,1973-06-08,MALE,MASS,Hà Nội,VERIFIED,2021-07-06,DORMANT
4162,MSB00004162,Đặng Thị Hà,1974-04-29,FEMALE,SME_OWNER,Đà Nẵng,VERIFIED,2023-12-29,ACTIVE
4163,MSB00004163,Phan Ngọc Vân,1976-12-09,FEMALE,MASS_AFFLUENT,TP. Hồ Chí Minh,VERIFIED,2021-06-24,ACTIVE
4164,MSB00004164,Võ Mai Trang,2000-04-18,FEMALE,AFFLUENT,TP. Hồ Chí Minh,VERIFIED,2019-02-24,DORMANT
4165,MSB00004165,Phan Xuân Đạt,1981-01-05,MALE,MASS_AFFLUENT,Đà Nẵng,EXPIRED,2024-08-25,ACTIVE
4166,MSB00004166,Vũ Bá Hùng,1971-04-23,MALE,MASS,Hải Phòng,VERIFIED,2015-04-18,ACTIVE
4167,MSB00004167,Phạm Mai Uyên,1981-11-30,FEMALE,PRIVATE,TP. Hồ Chí Minh,VERIFIED,2017-11-20,ACTIVE
4168,MSB00004168,Phạm Hải Nga,1970-08-05,FEMALE,MASS_AFFLUENT,TP. Hồ Chí Minh,VERIFIED,2016-02-07,DORMANT
4169,MSB00004169,Võ Mai Dung,1990-04-24,FEMALE,MASS,Đà Nẵng,VERIFIED,2025-10-22,ACTIVE
4170,MSB00004170,Phan Thu Ngân,1981-05-07,FEMALE,MASS_AFFLUENT,Hà Nội,VERIFIED,2016-03-21,ACTIVE
4171,MSB00004171,Lê Thùy Oanh,1987-01-22,FEMALE,MASS,Hải Phòng,VERIFIED,2016-03-24,ACTIVE
4172,MSB00004172,Nguyễn Công Trí,1957-01-03,MALE,MASS_AFFLUENT,Bình Dương,VERIFIED,2022-01-23,DORMANT
4173,MSB00004173,Lý Thùy Yến,1997-12-05,FEMALE,MASS,Đồng Nai,VERIFIED,2019-09-07,DORMANT
4174,MSB00004174,Huỳnh Thùy Nga,1991-10-03,FEMALE,MASS,Cần Thơ,VERIFIED,2020-06-25,ACTIVE
4175,MSB00004175,Vũ Công Nam,1971-11-11,MALE,SME_OWNER,TP. Hồ Chí Minh,VERIFIED,2016-09-09,ACTIVE
4176,MSB00004176,Trần Đức Dũng,2004-08-12,MALE,SME_OWNER,Đồng Nai,VERIFIED,2023-01-14,ACTIVE
4177,MSB00004177,Dương Kim Nga,1980-12-23,FEMALE,MASS_AFFLUENT,TP. Hồ Chí Minh,VERIFIED,2015-08-08,ACTIVE
4178,MSB00004178,Vũ Mai Uyên,2005-08-21,FEMALE,MASS_AFFLUENT,Bình Dương,VERIFIED,2019-11-13,ACTIVE
4179,MSB00004179,Đỗ Đức Khoa,1980-03-30,MALE,MASS_AFFLUENT,Hà Nội,PENDING,2026-04-29,DORMANT
4180,MSB00004180,Lý Xuân Khoa,1990-01-23,MALE,MASS,Hải Phòng,PENDING,2022-10-15,ACTIVE
4181,MSB00004181,Huỳnh Đức Hoàng,1997-05-03,MALE,MASS,Hà Nội,VERIFIED,2024-08-30,ACTIVE
4182,MSB00004182,Lý Mai Vân,1981-12-15,FEMALE,AFFLUENT,Hà Nội,VERIFIED,2016-11-22,ACTIVE
4183,MSB00004183,Huỳnh Thu Yến,1989-11-10,FEMALE,MASS,TP. Hồ Chí Minh,EXPIRED,2021-07-22,ACTIVE
4184,MSB00004184,Phan Hữu Đạt,2003-01-18,MALE,SME_OWNER,Hà Nội,VERIFIED,2020-11-28,ACTIVE
4185,MSB00004185,Vũ Thị Yến,1980-02-18,FEMALE,AFFLUENT,TP. Hồ Chí Minh,VERIFIED,2022-03-30,DORMANT
4186,MSB00004186,Hoàng Đức Quân,1977-09-06,MALE,SME_OWNER,Bình Dương,VERIFIED,2018-02-27,ACTIVE
4187,MSB00004187,Hoàng Bá Việt,1973-01-01,MALE,PRIVATE,Đà Nẵng,VERIFIED,2014-09-28,DORMANT
4188,MSB00004188,Đặng Hữu Phúc,1961-06-05,MALE,PRIVATE,Cần Thơ,VERIFIED,2016-02-24,DORMANT
4189,MSB00004189,Hoàng Diệu Uyên,1971-01-01,FEMALE,PRIVATE,Bình Dương,VERIFIED,2014-10-14,ACTIVE
4190,MSB00004190,Trần Kim Uyên,1967-03-06,FEMALE,MASS_AFFLUENT,TP. Hồ Chí Minh,VERIFIED,2022-10-31,ACTIVE
4191,MSB00004191,Võ Hữu Cường,1974-08-19,MALE,AFFLUENT,Quảng Ninh,VERIFIED,2018-07-30,ACTIVE
4192,MSB00004192,Đỗ Kim Nga,1972-09-27,FEMALE,MASS,Hà Nội,VERIFIED,2019-01-26,ACTIVE
4193,MSB00004193,Hoàng Thu Linh,1966-11-11,FEMALE,MASS_AFFLUENT,Hà Nội,VERIFIED,2022-10-19,DORMANT
4194,MSB00004194,Võ Kim Vân,1973-01-14,FEMALE,MASS,TP. Hồ Chí Minh,VERIFIED,2016-06-17,DORMANT
4195,MSB00004195,Phạm Kim Hằng,1980-12-25,FEMALE,MASS,Bình Dương,VERIFIED,2015-08-08,ACTIVE
4196,MSB00004196,Nguyễn Ngọc Chi,1970-01-29,FEMALE,MASS,Hà Nội,PENDING,2015-03-28,DORMANT
4197,MSB00004197,Huỳnh Quang Long,1958-04-24,MALE,PRIVATE,TP. Hồ Chí Minh,VERIFIED,2014-10-21,ACTIVE
4198,MSB00004198,Bùi Đức Nam,1981-09-21,MALE,MASS,Đà Nẵng,VERIFIED,2024-06-04,ACTIVE
4199,MSB00004199,Dương Thu Nga,1995-02-08,FEMALE,MASS,Bình Dương,VERIFIED,2024-08-10,ACTIVE
4200,MSB00004200,Đỗ Ngọc Hoa,1986-04-26,FEMALE,AFFLUENT,Đồng Nai,VERIFIED,2018-05-19,ACTIVE
4201,MSB00004201,Đỗ Thị Hằng,2005-12-21,FEMALE,MASS,Hà Nội,VERIFIED,2017-11-11,DORMANT
4202,MSB00004202,Phan Thùy Nga,1991-07-02,FEMALE,SME_OWNER,TP. Hồ Chí Minh,VERIFIED,2021-04-01,ACTIVE
4203,MSB00004203,Đặng Diệu Ngân,1962-05-03,FEMALE,AFFLUENT,Hải Phòng,VERIFIED,2024-06-03,ACTIVE
4204,MSB00004204,Đặng Hải Hà,2002-07-11,FEMALE,MASS,Đồng Nai,VERIFIED,2022-12-30,ACTIVE
4205,MSB00004205,Vũ Mai Hà,1962-07-27,FEMALE,MASS,Hà Nội,VERIFIED,2024-10-30,ACTIVE
4206,MSB00004206,Hoàng Hữu Trí,1977-11-01,MALE,MASS_AFFLUENT,Cần Thơ,VERIFIED,2024-06-27,ACTIVE
4207,MSB00004207,Huỳnh Thu Uyên,1991-03-22,FEMALE,MASS_AFFLUENT,Hà Nội,VERIFIED,2024-02-19,ACTIVE
4208,MSB00004208,Dương Thị Vân,1982-10-20,FEMALE,AFFLUENT,Hà Nội,VERIFIED,2019-07-02,ACTIVE
4209,MSB00004209,Đỗ Bá Bình,1963-01-08,MALE,MASS_AFFLUENT,TP. Hồ Chí Minh,VERIFIED,2020-05-04,ACTIVE
4210,MSB00004210,Nguyễn Công Đạt,2001-06-03,MALE,MASS_AFFLUENT,Bình Dương,VERIFIED,2022-06-06,ACTIVE
4211,MSB00004211,Vũ Hải Hằng,1978-06-11,FEMALE,AFFLUENT,Cần Thơ,VERIFIED,2019-12-30,DORMANT
4212,MSB00004212,Huỳnh Mai My,1993-03-14,FEMALE,MASS_AFFLUENT,TP. Hồ Chí Minh,VERIFIED,2018-07-15,DORMANT
4213,MSB00004213,Hồ Quang Dũng,1979-07-25,MALE,MASS_AFFLUENT,Cần Thơ,VERIFIED,2025-03-10,ACTIVE
4214,MSB00004214,Lý Xuân Hoàng,1967-01-27,MALE,AFFLUENT,TP. Hồ Chí Minh,VERIFIED,2023-01-18,ACTIVE
4215,MSB00004215,Vũ Công Khoa,1960-03-13,MALE,MASS,Hà Nội,VERIFIED,2023-12-25,ACTIVE
4216,MSB00004216,Bùi Đức Dũng,1994-07-08,MALE,MASS_AFFLUENT,Đồng Nai,VERIFIED,2026-04-27,DORMANT
4217,MSB00004217,Nguyễn Ngọc Uyên,1973-02-17,FEMALE,AFFLUENT,Hà Nội,VERIFIED,2024-12-21,ACTIVE
4218,MSB00004218,Hồ Mai Ngân,1984-10-22,FEMALE,MASS_AFFLUENT,Khánh Hòa,VERIFIED,2017-05-18,ACTIVE
4219,MSB00004219,Ngô Mai Uyên,1980-09-30,FEMALE,AFFLUENT,Bình Dương,PENDING,2016-02-11,ACTIVE
4220,MSB00004220,Võ Văn Long,1998-03-28,MALE,MASS,Cần Thơ,VERIFIED,2024-06-11,DORMANT
4221,MSB00004221,Ngô Thành An,1964-08-01,MALE,SME_OWNER,Đà Nẵng,EXPIRED,2017-05-18,ACTIVE
4222,MSB00004222,Trần Quang Trí,1997-10-16,MALE,AFFLUENT,Bình Dương,VERIFIED,2023-05-20,DORMANT
4223,MSB00004223,Đỗ Diệu Chi,2005-02-07,FEMALE,MASS_AFFLUENT,Hà Nội,VERIFIED,2024-09-10,ACTIVE
4224,MSB00004224,Dương Thùy Vân,1968-11-23,FEMALE,MASS_AFFLUENT,Đà Nẵng,VERIFIED,2023-08-01,ACTIVE
4225,MSB00004225,Lý Minh Quân,1986-08-11,MALE,MASS,TP. Hồ Chí Minh,PENDING,2015-08-09,ACTIVE
4226,MSB00004226,Vũ Kim Uyên,2003-05-13,FEMALE,AFFLUENT,Hải Phòng,VERIFIED,2022-05-03,ACTIVE
4227,MSB00004227,Hoàng Đức Trí,1972-05-15,MALE,SME_OWNER,Hải Phòng,VERIFIED,2017-09-08,ACTIVE
4228,MSB00004228,Ngô Minh Dũng,1991-12-10,MALE,MASS_AFFLUENT,Hà Nội,VERIFIED,2020-08-31,ACTIVE
4229,MSB00004229,Lý Mai Hoa,1957-12-22,FEMALE,AFFLUENT,Hà Nội,VERIFIED,2021-03-30,ACTIVE
4230,MSB00004230,Võ Công Đạt,1956-11-30,MALE,MASS,Đà Nẵng,VERIFIED,2016-11-06,ACTIVE
4231,MSB00004231,Bùi Kim Thảo,1979-04-06,FEMALE,MASS,Nghệ An,VERIFIED,2014-10-06,DORMANT
4232,MSB00004232,Đặng Minh Huy,1983-05-07,MALE,PRIVATE,Hải Phòng,VERIFIED,2018-09-29,ACTIVE
4233,MSB00004233,Vũ Ngọc Lan,1984-06-19,FEMALE,MASS,TP. Hồ Chí Minh,VERIFIED,2016-06-01,ACTIVE
4234,MSB00004234,Phạm Đức Bình,1976-05-27,MALE,SME_OWNER,Khánh Hòa,VERIFIED,2024-08-16,DORMANT
4235,MSB00004235,Đỗ Quang Huy,1961-06-29,MALE,AFFLUENT,Bình Dương,VERIFIED,2015-10-27,ACTIVE
4236,MSB00004236,Đặng Văn Tuấn,1973-10-31,MALE,MASS,Cần Thơ,VERIFIED,2024-03-08,DORMANT
4237,MSB00004237,Lê Thị Nhung,2001-12-23,FEMALE,MASS_AFFLUENT,TP. Hồ Chí Minh,VERIFIED,2024-02-08,ACTIVE
4238,MSB00004238,Nguyễn Ngọc Yến,1996-12-23,FEMALE,MASS_AFFLUENT,TP. Hồ Chí Minh,VERIFIED,2016-06-12,ACTIVE
4239,MSB00004239,Hoàng Hải Lan,1974-10-09,FEMALE,AFFLUENT,TP. Hồ Chí Minh,VERIFIED,2020-09-10,ACTIVE
4240,MSB00004240,Trần Hữu Bình,1987-12-02,MALE,AFFLUENT,Bình Dương,VERIFIED,2023-05-31,ACTIVE
4241,MSB00004241,Lê Hữu Đạt,1983-05-03,MALE,MASS,TP. Hồ Chí Minh,PENDING,2026-01-03,ACTIVE
4242,MSB00004242,Hồ Công Vinh,1986-05-05,MALE,MASS_AFFLUENT,Hải Phòng,VERIFIED,2023-10-11,ACTIVE
4243,MSB00004243,Phạm Phương Hà,1977-07-12,FEMALE,MASS,Đồng Nai,VERIFIED,2016-09-17,ACTIVE
4244,MSB00004244,Bùi Công Đạt,1994-12-08,MALE,MASS,Đà Nẵng,VERIFIED,2026-04-14,DORMANT
4245,MSB00004245,Ngô Công An,2002-10-13,MALE,MASS,Hà Nội,VERIFIED,2015-08-05,ACTIVE
4246,MSB00004246,Huỳnh Thu Linh,1994-12-11,FEMALE,MASS_AFFLUENT,Hà Nội,VERIFIED,2017-04-19,ACTIVE
4247,MSB00004247,Đặng Diệu Chi,1973-03-09,FEMALE,MASS_AFFLUENT,Hải Phòng,VERIFIED,2023-12-10,ACTIVE
4248,MSB00004248,Võ Hữu Quân,1976-04-28,MALE,AFFLUENT,Hà Nội,VERIFIED,2017-09-18,DORMANT
4249,MSB00004249,Bùi Bá Sơn,1966-03-21,MALE,MASS_AFFLUENT,Hà Nội,VERIFIED,2020-04-12,DORMANT
4250,MSB00004250,Lê Xuân Nam,2001-05-21,MALE,AFFLUENT,TP. Hồ Chí Minh,VERIFIED,2022-04-10,DORMANT
4251,MSB00004251,Vũ Phương Hằng,1999-06-29,FEMALE,MASS_AFFLUENT,Đà Nẵng,VERIFIED,2020-06-07,ACTIVE
4252,MSB00004252,Lý Văn Cường,2000-03-23,MALE,MASS,Đà Nẵng,VERIFIED,2026-03-29,ACTIVE
4253,MSB00004253,Lý Kim Yến,1978-06-02,FEMALE,MASS_AFFLUENT,Hà Nội,VERIFIED,2016-01-22,DORMANT
4254,MSB00004254,Dương Xuân Vinh,1977-12-01,MALE,AFFLUENT,Đà Nẵng,VERIFIED,2017-03-01,ACTIVE
4255,MSB00004255,Bùi Phương Oanh,1998-10-02,FEMALE,AFFLUENT,TP. Hồ Chí Minh,VERIFIED,2024-03-26,DORMANT
4256,MSB00004256,Hoàng Mai Hà,1984-06-18,FEMALE,AFFLUENT,TP. Hồ Chí Minh,VERIFIED,2025-03-02,ACTIVE
4257,MSB00004257,Vũ Công Vinh,2004-08-25,MALE,PRIVATE,Đồng Nai,VERIFIED,2021-05-22,ACTIVE
4258,MSB00004258,Hoàng Hữu Hoàng,1975-10-13,MALE,SME_OWNER,Hà Nội,VERIFIED,2020-12-15,ACTIVE
4259,MSB00004259,Vũ Thành Đạt,1978-05-12,MALE,MASS,TP. Hồ Chí Minh,VERIFIED,2017-04-26,ACTIVE
4260,MSB00004260,Ngô Ngọc Hà,2005-05-26,FEMALE,MASS,Hà Nội,VERIFIED,2016-07-11,ACTIVE
4261,MSB00004261,Lý Thu Trang,2001-10-19,FEMALE,SME_OWNER,Hà Nội,VERIFIED,2025-08-01,ACTIVE
4262,MSB00004262,Hồ Ngọc Dung,1970-10-26,FEMALE,MASS,Đà Nẵng,EXPIRED,2023-06-24,ACTIVE
4263,MSB00004263,Vũ Hữu Long,1962-01-28,MALE,MASS_AFFLUENT,Hải Phòng,VERIFIED,2019-06-28,ACTIVE
4264,MSB00004264,Phan Minh Dũng,1964-07-02,MALE,PRIVATE,Đà Nẵng,VERIFIED,2021-11-24,ACTIVE
4265,MSB00004265,Ngô Thị Thảo,1977-12-13,FEMALE,MASS,Khánh Hòa,VERIFIED,2014-10-09,ACTIVE
4266,MSB00004266,Huỳnh Kim Vân,1979-12-02,FEMALE,AFFLUENT,Bình Dương,VERIFIED,2018-08-14,DORMANT
4267,MSB00004267,Bùi Thị Ngân,1966-03-19,FEMALE,AFFLUENT,Hà Nội,VERIFIED,2022-07-25,ACTIVE
4268,MSB00004268,Đặng Diệu Ngân,1964-02-05,FEMALE,PRIVATE,Hải Phòng,VERIFIED,2018-06-23,ACTIVE
4269,MSB00004269,Lý Kim Hà,1961-02-13,FEMALE,SME_OWNER,Đà Nẵng,VERIFIED,2021-04-22,ACTIVE
4270,MSB00004270,Võ Diệu Anh,1986-12-30,FEMALE,AFFLUENT,Hải Phòng,PENDING,2020-12-05,ACTIVE
4271,MSB00004271,Phan Thị Vân,1983-02-21,FEMALE,MASS,TP. Hồ Chí Minh,VERIFIED,2017-12-28,ACTIVE
4272,MSB00004272,Võ Hải Thảo,2002-09-07,FEMALE,AFFLUENT,Nghệ An,VERIFIED,2021-04-08,ACTIVE
4273,MSB00004273,Ngô Ngọc Yến,1998-08-15,FEMALE,SME_OWNER,TP. Hồ Chí Minh,EXPIRED,2018-03-16,DORMANT
4274,MSB00004274,Vũ Diệu Thảo,1988-08-08,FEMALE,MASS_AFFLUENT,Bình Dương,VERIFIED,2021-06-07,ACTIVE
4275,MSB00004275,Phạm Bá Việt,1966-07-03,MALE,MASS_AFFLUENT,TP. Hồ Chí Minh,VERIFIED,2019-05-25,DORMANT
4276,MSB00004276,Hồ Thùy Nga,1984-07-04,FEMALE,AFFLUENT,Bình Dương,VERIFIED,2020-08-28,ACTIVE
4277,MSB00004277,Lê Diệu Vân,1977-02-26,FEMALE,MASS,TP. Hồ Chí Minh,VERIFIED,2019-08-20,ACTIVE
4278,MSB00004278,Đặng Hữu Tuấn,1963-07-31,MALE,MASS,Hà Nội,VERIFIED,2022-04-14,ACTIVE
4279,MSB00004279,Vũ Mai Chi,1983-06-20,FEMALE,MASS,TP. Hồ Chí Minh,VERIFIED,2024-12-04,ACTIVE
4280,MSB00004280,Phan Công Trí,1990-02-19,MALE,AFFLUENT,Đà Nẵng,VERIFIED,2023-05-03,ACTIVE
4281,MSB00004281,Hoàng Xuân Huy,1969-10-03,MALE,MASS_AFFLUENT,Hà Nội,PENDING,2022-03-04,DORMANT
4282,MSB00004282,Đặng Hữu Dũng,1990-11-08,MALE,MASS,Hải Phòng,VERIFIED,2022-08-22,DORMANT
4283,MSB00004283,Nguyễn Hải Trang,1987-06-10,FEMALE,MASS_AFFLUENT,Đồng Nai,VERIFIED,2021-05-30,ACTIVE
4284,MSB00004284,Huỳnh Hải Ngân,1962-08-07,FEMALE,AFFLUENT,Đồng Nai,VERIFIED,2020-10-02,ACTIVE
4285,MSB00004285,Ngô Thị Hà,1984-12-01,FEMALE,MASS_AFFLUENT,TP. Hồ Chí Minh,VERIFIED,2023-05-23,DORMANT
4286,MSB00004286,Hồ Công Trí,1993-11-16,MALE,MASS,TP. Hồ Chí Minh,PENDING,2021-11-14,ACTIVE
4287,MSB00004287,Dương Thị Linh,1964-09-22,FEMALE,PRIVATE,Đồng Nai,VERIFIED,2023-01-13,ACTIVE
4288,MSB00004288,Đỗ Hữu Đạt,1974-03-22,MALE,MASS_AFFLUENT,Quảng Ninh,VERIFIED,2019-07-01,DORMANT
4289,MSB00004289,Trần Văn Quân,1968-08-06,MALE,MASS,Hà Nội,VERIFIED,2020-10-09,ACTIVE
4290,MSB00004290,Phạm Quang Nam,1989-09-18,MALE,MASS,Hà Nội,VERIFIED,2018-12-19,ACTIVE
4291,MSB00004291,Hoàng Mai Dung,1967-05-16,FEMALE,AFFLUENT,Hà Nội,VERIFIED,2021-04-16,ACTIVE
4292,MSB00004292,Vũ Hữu Cường,1959-04-11,MALE,MASS_AFFLUENT,TP. Hồ Chí Minh,VERIFIED,2014-09-16,DORMANT
4293,MSB00004293,Phạm Thu Linh,1998-03-29,FEMALE,PRIVATE,Bình Dương,VERIFIED,2020-09-02,DORMANT
4294,MSB00004294,Vũ Thùy Anh,1996-09-02,FEMALE,MASS,Hà Nội,VERIFIED,2019-02-25,ACTIVE
4295,MSB00004295,Trần Quang Trí,1978-04-18,MALE,MASS,Hải Phòng,PENDING,2021-03-03,ACTIVE
4296,MSB00004296,Nguyễn Thị Uyên,1970-02-05,FEMALE,MASS_AFFLUENT,Hà Nội,VERIFIED,2017-10-04,DORMANT
4297,MSB00004297,Đỗ Thành Dũng,2006-02-24,MALE,MASS_AFFLUENT,Hà Nội,VERIFIED,2019-10-23,ACTIVE
4298,MSB00004298,Ngô Quang Cường,1978-09-01,MALE,SME_OWNER,Đà Nẵng,PENDING,2025-03-08,ACTIVE
4299,MSB00004299,Trần Quang Hoàng,1999-09-15,MALE,MASS_AFFLUENT,Đà Nẵng,VERIFIED,2017-10-26,DORMANT
4300,MSB00004300,Hồ Phương Nga,1958-01-09,FEMALE,MASS,TP. Hồ Chí Minh,VERIFIED,2017-06-16,DORMANT
4301,MSB00004301,Đỗ Thùy Lan,1970-07-20,FEMALE,AFFLUENT,TP. Hồ Chí Minh,VERIFIED,2021-08-19,DORMANT
4302,MSB00004302,Trần Mai Ngân,1957-04-23,FEMALE,MASS,TP. Hồ Chí Minh,EXPIRED,2020-05-23,ACTIVE
4303,MSB00004303,Hồ Kim Yến,1995-12-28,FEMALE,MASS,Khánh Hòa,EXPIRED,2026-03-14,ACTIVE
4304,MSB00004304,Dương Quang Đạt,1966-11-08,MALE,AFFLUENT,Đồng Nai,VERIFIED,2016-03-21,ACTIVE
4305,MSB00004305,Bùi Hải Hằng,1986-11-27,FEMALE,AFFLUENT,TP. Hồ Chí Minh,VERIFIED,2017-03-31,ACTIVE
4306,MSB00004306,Lý Hữu Việt,2001-03-03,MALE,AFFLUENT,Nghệ An,VERIFIED,2015-01-01,DORMANT
4307,MSB00004307,Đặng Văn Vinh,1981-12-26,MALE,AFFLUENT,Đà Nẵng,VERIFIED,2019-05-03,ACTIVE
4308,MSB00004308,Trần Kim Uyên,1983-05-08,FEMALE,MASS,Hà Nội,VERIFIED,2023-08-22,ACTIVE
4309,MSB00004309,Lê Công Quân,1981-01-07,MALE,MASS,TP. Hồ Chí Minh,VERIFIED,2022-12-11,ACTIVE
4310,MSB00004310,Dương Công Cường,1964-03-06,MALE,MASS_AFFLUENT,Đồng Nai,VERIFIED,2015-06-30,ACTIVE
4311,MSB00004311,Lê Hữu Đạt,1992-12-21,MALE,MASS,Hải Phòng,VERIFIED,2025-10-28,ACTIVE
4312,MSB00004312,Hồ Công Đạt,1974-10-14,MALE,MASS_AFFLUENT,Nghệ An,VERIFIED,2018-06-29,ACTIVE
4313,MSB00004313,Dương Mai Anh,1996-11-01,FEMALE,MASS,TP. Hồ Chí Minh,VERIFIED,2025-07-14,ACTIVE
4314,MSB00004314,Trần Thành Long,1962-12-04,MALE,MASS_AFFLUENT,Khánh Hòa,VERIFIED,2017-09-15,DORMANT
4315,MSB00004315,Lê Phương Lan,1983-11-21,FEMALE,AFFLUENT,Bình Dương,VERIFIED,2019-07-20,ACTIVE
4316,MSB00004316,Dương Quang Hùng,1967-06-26,MALE,SME_OWNER,Bình Dương,VERIFIED,2020-10-25,DORMANT
4317,MSB00004317,Dương Phương Hoa,1993-06-21,FEMALE,PRIVATE,Quảng Ninh,EXPIRED,2018-02-27,ACTIVE
4318,MSB00004318,Lê Kim Trang,1990-10-26,FEMALE,MASS,TP. Hồ Chí Minh,VERIFIED,2022-03-10,DORMANT
4319,MSB00004319,Ngô Thùy Linh,1957-02-11,FEMALE,AFFLUENT,Đà Nẵng,VERIFIED,2019-08-22,ACTIVE
4320,MSB00004320,Lý Phương Chi,1997-03-23,FEMALE,MASS_AFFLUENT,TP. Hồ Chí Minh,VERIFIED,2016-12-29,ACTIVE
4321,MSB00004321,Dương Hải My,1977-12-28,FEMALE,AFFLUENT,Đồng Nai,VERIFIED,2020-12-24,ACTIVE
4322,MSB00004322,Hồ Phương Hằng,1990-07-28,FEMALE,MASS,Đà Nẵng,VERIFIED,2026-01-26,DORMANT
4323,MSB00004323,Hồ Thu Hằng,1987-06-29,FEMALE,MASS,Hà Nội,VERIFIED,2014-09-25,ACTIVE
4324,MSB00004324,Đặng Văn Tuấn,1972-07-05,MALE,PRIVATE,TP. Hồ Chí Minh,VERIFIED,2020-01-09,DORMANT
4325,MSB00004325,Võ Thành Cường,1967-02-03,MALE,MASS,Hà Nội,VERIFIED,2021-04-25,ACTIVE
4326,MSB00004326,Đặng Ngọc Hà,1982-08-03,FEMALE,MASS_AFFLUENT,TP. Hồ Chí Minh,VERIFIED,2025-06-19,ACTIVE
4327,MSB00004327,Vũ Xuân Hoàng,1975-08-12,MALE,PRIVATE,Hà Nội,VERIFIED,2025-04-09,ACTIVE
4328,MSB00004328,Lê Bá Sơn,2003-12-25,MALE,MASS,Nghệ An,VERIFIED,2023-05-11,ACTIVE
4329,MSB00004329,Nguyễn Diệu Nga,1994-12-03,FEMALE,MASS,Đà Nẵng,VERIFIED,2015-07-23,ACTIVE
4330,MSB00004330,Dương Văn Dũng,1969-05-25,MALE,MASS_AFFLUENT,Quảng Ninh,VERIFIED,2017-11-13,ACTIVE
4331,MSB00004331,Dương Đức Quân,1972-12-18,MALE,PRIVATE,Hà Nội,PENDING,2021-07-04,DORMANT
4332,MSB00004332,Đặng Diệu Lan,2004-07-23,FEMALE,MASS,TP. Hồ Chí Minh,PENDING,2017-07-10,ACTIVE
4333,MSB00004333,Hồ Thành Việt,1962-03-31,MALE,AFFLUENT,Khánh Hòa,VERIFIED,2021-10-03,DORMANT
4334,MSB00004334,Võ Văn Hùng,1986-04-16,MALE,MASS_AFFLUENT,Hải Phòng,VERIFIED,2015-12-16,ACTIVE
4335,MSB00004335,Võ Công Dũng,1991-04-24,MALE,MASS_AFFLUENT,Hà Nội,VERIFIED,2022-07-06,ACTIVE
4336,MSB00004336,Đỗ Minh Hoàng,1982-10-16,MALE,MASS_AFFLUENT,Đồng Nai,VERIFIED,2017-12-25,ACTIVE
4337,MSB00004337,Võ Công Bình,1987-07-31,MALE,AFFLUENT,Hà Nội,PENDING,2021-03-27,ACTIVE
4338,MSB00004338,Trần Kim Lan,1981-01-10,FEMALE,PRIVATE,TP. Hồ Chí Minh,VERIFIED,2018-06-16,ACTIVE
4339,MSB00004339,Đỗ Quang Khoa,1998-05-20,MALE,MASS_AFFLUENT,Cần Thơ,VERIFIED,2024-02-25,ACTIVE
4340,MSB00004340,Hồ Quang Đạt,2000-03-03,MALE,MASS,Cần Thơ,VERIFIED,2015-04-21,ACTIVE
4341,MSB00004341,Lý Diệu Dung,1957-06-15,FEMALE,AFFLUENT,Hải Phòng,VERIFIED,2022-12-27,DORMANT
4342,MSB00004342,Võ Văn Đạt,1968-12-03,MALE,AFFLUENT,Hà Nội,VERIFIED,2020-01-22,ACTIVE
4343,MSB00004343,Đỗ Đức Sơn,1988-08-05,MALE,AFFLUENT,TP. Hồ Chí Minh,VERIFIED,2018-04-23,ACTIVE
4344,MSB00004344,Võ Minh Quân,1964-07-31,MALE,MASS,TP. Hồ Chí Minh,VERIFIED,2018-09-13,DORMANT
4345,MSB00004345,Lý Thành Nam,1967-04-30,MALE,MASS_AFFLUENT,TP. Hồ Chí Minh,VERIFIED,2019-11-10,ACTIVE
4346,MSB00004346,Hồ Hữu Khoa,1971-10-10,MALE,MASS_AFFLUENT,Hà Nội,VERIFIED,2016-03-15,ACTIVE
4347,MSB00004347,Trần Bá An,1970-08-19,MALE,MASS,Hải Phòng,VERIFIED,2015-01-07,DORMANT
4348,MSB00004348,Dương Mai Thảo,1959-06-25,FEMALE,AFFLUENT,Đồng Nai,VERIFIED,2017-06-02,ACTIVE
4349,MSB00004349,Hồ Kim Uyên,1965-03-01,FEMALE,MASS_AFFLUENT,Quảng Ninh,VERIFIED,2024-03-05,DORMANT
4350,MSB00004350,Lý Diệu Uyên,1994-08-20,FEMALE,MASS,Bình Dương,VERIFIED,2017-05-07,DORMANT
4351,MSB00004351,Hồ Quang Huy,1970-02-13,MALE,MASS_AFFLUENT,Hà Nội,VERIFIED,2020-06-15,DORMANT
4352,MSB00004352,Phan Kim Vân,1998-04-17,FEMALE,PRIVATE,TP. Hồ Chí Minh,VERIFIED,2020-01-25,ACTIVE
4353,MSB00004353,Hoàng Hải Chi,1981-01-04,FEMALE,MASS,Khánh Hòa,VERIFIED,2015-05-07,DORMANT
4354,MSB00004354,Đặng Văn Trí,2003-08-07,MALE,PRIVATE,Hà Nội,VERIFIED,2020-03-03,ACTIVE
4355,MSB00004355,Ngô Thu Dung,1998-06-24,FEMALE,MASS_AFFLUENT,Hà Nội,PENDING,2016-05-27,DORMANT
4356,MSB00004356,Bùi Diệu Hoa,1970-06-28,FEMALE,MASS,TP. Hồ Chí Minh,VERIFIED,2018-10-05,DORMANT
4357,MSB00004357,Lý Minh Nam,1987-12-02,MALE,SME_OWNER,Đà Nẵng,VERIFIED,2025-04-22,ACTIVE
4358,MSB00004358,Huỳnh Thu Lan,1997-12-01,FEMALE,AFFLUENT,Nghệ An,PENDING,2018-02-26,ACTIVE
4359,MSB00004359,Lê Công Khoa,1958-07-16,MALE,MASS_AFFLUENT,TP. Hồ Chí Minh,VERIFIED,2020-07-21,DORMANT
4360,MSB00004360,Nguyễn Công An,1960-04-02,MALE,MASS,Đà Nẵng,VERIFIED,2019-12-16,ACTIVE
4361,MSB00004361,Lê Thành An,1994-12-15,MALE,MASS,Hải Phòng,VERIFIED,2022-10-18,ACTIVE
4362,MSB00004362,Hoàng Thành An,1977-08-25,MALE,MASS,Đồng Nai,VERIFIED,2024-02-29,DORMANT
4363,MSB00004363,Đỗ Thị Anh,1992-07-22,FEMALE,MASS_AFFLUENT,TP. Hồ Chí Minh,VERIFIED,2017-08-25,ACTIVE
4364,MSB00004364,Phạm Mai Anh,1966-01-05,FEMALE,MASS_AFFLUENT,Đà Nẵng,VERIFIED,2023-06-06,ACTIVE
4365,MSB00004365,Trần Xuân Sơn,1972-02-03,MALE,MASS_AFFLUENT,Khánh Hòa,VERIFIED,2025-03-29,ACTIVE
4366,MSB00004366,Đặng Thị Linh,1984-12-12,FEMALE,AFFLUENT,Khánh Hòa,PENDING,2020-07-29,DORMANT
4367,MSB00004367,Đặng Kim Nga,1960-03-10,FEMALE,AFFLUENT,TP. Hồ Chí Minh,VERIFIED,2018-01-10,ACTIVE
4368,MSB00004368,Trần Diệu Oanh,1969-10-02,FEMALE,AFFLUENT,Hà Nội,VERIFIED,2023-12-12,ACTIVE
4369,MSB00004369,Phạm Diệu Hoa,1999-07-14,FEMALE,MASS_AFFLUENT,Khánh Hòa,VERIFIED,2022-02-08,ACTIVE
4370,MSB00004370,Lê Diệu Dung,1984-07-02,FEMALE,AFFLUENT,Khánh Hòa,VERIFIED,2021-05-21,DORMANT
4371,MSB00004371,Nguyễn Phương Hằng,1965-01-08,FEMALE,SME_OWNER,Hà Nội,VERIFIED,2015-07-22,ACTIVE
4372,MSB00004372,Lê Văn Cường,1979-10-20,MALE,AFFLUENT,Hà Nội,VERIFIED,2024-08-11,ACTIVE
4373,MSB00004373,Lý Hải Vân,2002-08-19,FEMALE,MASS_AFFLUENT,Hà Nội,VERIFIED,2015-08-14,ACTIVE
4374,MSB00004374,Đặng Minh Dũng,1967-12-13,MALE,SME_OWNER,Hải Phòng,EXPIRED,2024-08-15,DORMANT
4375,MSB00004375,Lý Bá Quân,1981-09-07,MALE,MASS_AFFLUENT,TP. Hồ Chí Minh,VERIFIED,2019-08-02,DORMANT
4376,MSB00004376,Trần Thành Khoa,1995-02-04,MALE,MASS,TP. Hồ Chí Minh,VERIFIED,2016-06-28,ACTIVE
4377,MSB00004377,Phạm Thành Đạt,1965-10-28,MALE,AFFLUENT,Bình Dương,VERIFIED,2015-10-12,ACTIVE
4378,MSB00004378,Đặng Thị Ngân,1962-05-24,FEMALE,MASS,TP. Hồ Chí Minh,VERIFIED,2020-01-02,ACTIVE
4379,MSB00004379,Dương Hải Hằng,1976-11-07,FEMALE,MASS,Nghệ An,VERIFIED,2020-07-29,ACTIVE
4380,MSB00004380,Bùi Đức Đạt,1971-03-14,MALE,AFFLUENT,TP. Hồ Chí Minh,VERIFIED,2017-03-23,DORMANT
4381,MSB00004381,Ngô Phương Dung,1994-05-11,FEMALE,MASS_AFFLUENT,TP. Hồ Chí Minh,VERIFIED,2015-09-20,ACTIVE
4382,MSB00004382,Phan Hữu Vinh,1969-06-16,MALE,MASS_AFFLUENT,Nghệ An,VERIFIED,2026-03-11,DORMANT
4383,MSB00004383,Bùi Thu Vân,1960-10-20,FEMALE,MASS,Hà Nội,VERIFIED,2023-04-09,ACTIVE
4384,MSB00004384,Hồ Xuân Khoa,1994-12-10,MALE,SME_OWNER,Hà Nội,VERIFIED,2022-12-30,ACTIVE
4385,MSB00004385,Lê Minh Hùng,1958-11-14,MALE,MASS_AFFLUENT,TP. Hồ Chí Minh,VERIFIED,2016-08-09,ACTIVE
4386,MSB00004386,Đỗ Ngọc Nhung,2001-12-14,FEMALE,MASS_AFFLUENT,Đà Nẵng,VERIFIED,2026-02-13,ACTIVE
4387,MSB00004387,Lê Thị Yến,1984-05-26,FEMALE,SME_OWNER,TP. Hồ Chí Minh,VERIFIED,2024-11-11,ACTIVE
4388,MSB00004388,Vũ Hữu Hoàng,2003-06-20,MALE,SME_OWNER,Nghệ An,VERIFIED,2026-04-15,DORMANT
4389,MSB00004389,Lê Xuân Long,1984-01-04,MALE,MASS,Quảng Ninh,VERIFIED,2015-03-19,ACTIVE
4390,MSB00004390,Vũ Đức Bình,1974-05-27,MALE,MASS,Hà Nội,VERIFIED,2025-12-14,ACTIVE
4391,MSB00004391,Phan Ngọc My,1963-01-04,FEMALE,MASS_AFFLUENT,Hà Nội,VERIFIED,2023-03-25,ACTIVE
4392,MSB00004392,Vũ Quang Bình,1998-10-04,MALE,AFFLUENT,Đà Nẵng,VERIFIED,2020-03-30,ACTIVE
4393,MSB00004393,Huỳnh Bá Trí,1961-11-27,MALE,MASS_AFFLUENT,Nghệ An,VERIFIED,2022-04-05,ACTIVE
4394,MSB00004394,Võ Ngọc Linh,1957-03-08,FEMALE,MASS,TP. Hồ Chí Minh,VERIFIED,2025-04-08,ACTIVE
4395,MSB00004395,Hồ Ngọc Thảo,2002-10-01,FEMALE,AFFLUENT,TP. Hồ Chí Minh,VERIFIED,2021-07-05,ACTIVE
4396,MSB00004396,Nguyễn Quang Quân,1958-02-07,MALE,AFFLUENT,Hà Nội,PENDING,2017-01-05,DORMANT
4397,MSB00004397,Vũ Kim Dung,1961-03-09,FEMALE,MASS_AFFLUENT,Nghệ An,VERIFIED,2022-12-16,ACTIVE
4398,MSB00004398,Huỳnh Công Tuấn,2004-09-12,MALE,AFFLUENT,Hà Nội,VERIFIED,2020-04-22,ACTIVE
4399,MSB00004399,Đặng Công Quân,2003-04-28,MALE,MASS_AFFLUENT,Đà Nẵng,VERIFIED,2020-11-06,ACTIVE
4400,MSB00004400,Đặng Thị Vân,1970-06-13,FEMALE,MASS_AFFLUENT,Hà Nội,VERIFIED,2023-06-19,ACTIVE
4401,MSB00004401,Dương Công Vinh,1986-07-08,MALE,MASS_AFFLUENT,Đà Nẵng,VERIFIED,2026-04-19,ACTIVE
4402,MSB00004402,Phan Văn Đạt,1993-01-11,MALE,MASS_AFFLUENT,TP. Hồ Chí Minh,VERIFIED,2016-07-18,ACTIVE
4403,MSB00004403,Hoàng Ngọc Ngân,1986-02-22,FEMALE,PRIVATE,Đà Nẵng,VERIFIED,2014-09-26,ACTIVE
4404,MSB00004404,Vũ Thu Uyên,1988-11-18,FEMALE,MASS,Hà Nội,PENDING,2020-05-19,ACTIVE
4405,MSB00004405,Huỳnh Phương Nhung,1958-07-05,FEMALE,AFFLUENT,Hà Nội,VERIFIED,2016-08-22,ACTIVE
4406,MSB00004406,Dương Kim My,1994-05-03,FEMALE,MASS_AFFLUENT,Hà Nội,VERIFIED,2022-03-27,ACTIVE
4407,MSB00004407,Dương Minh Khoa,2002-07-14,MALE,MASS_AFFLUENT,Bình Dương,VERIFIED,2015-04-30,ACTIVE
4408,MSB00004408,Nguyễn Thu Hà,1965-05-07,FEMALE,MASS_AFFLUENT,Cần Thơ,VERIFIED,2019-09-14,DORMANT
4409,MSB00004409,Hoàng Minh Quân,1964-09-11,MALE,AFFLUENT,Hà Nội,VERIFIED,2016-12-29,DORMANT
4410,MSB00004410,Lê Kim My,1961-10-04,FEMALE,MASS_AFFLUENT,TP. Hồ Chí Minh,VERIFIED,2018-06-25,ACTIVE
4411,MSB00004411,Nguyễn Đức Vinh,1958-02-27,MALE,MASS_AFFLUENT,TP. Hồ Chí Minh,VERIFIED,2015-07-22,DORMANT
4412,MSB00004412,Nguyễn Đức Phúc,2004-07-22,MALE,AFFLUENT,Hà Nội,VERIFIED,2019-10-23,ACTIVE
4413,MSB00004413,Lê Quang Việt,1967-08-30,MALE,MASS,Bình Dương,VERIFIED,2016-06-11,ACTIVE
4414,MSB00004414,Huỳnh Thu Trang,1993-07-01,FEMALE,SME_OWNER,TP. Hồ Chí Minh,VERIFIED,2015-06-13,ACTIVE
4415,MSB00004415,Phạm Hữu An,1985-07-22,MALE,SME_OWNER,Hải Phòng,EXPIRED,2017-06-18,DORMANT
4416,MSB00004416,Trần Mai Yến,1984-03-31,FEMALE,MASS_AFFLUENT,Hải Phòng,VERIFIED,2022-03-14,ACTIVE
4417,MSB00004417,Võ Diệu Oanh,1956-09-18,FEMALE,MASS,Khánh Hòa,VERIFIED,2025-04-07,ACTIVE
4418,MSB00004418,Phan Hải Linh,1979-11-10,FEMALE,PRIVATE,Cần Thơ,VERIFIED,2021-07-18,ACTIVE
4419,MSB00004419,Lý Bá Đạt,1995-04-19,MALE,PRIVATE,Hà Nội,VERIFIED,2018-04-01,ACTIVE
4420,MSB00004420,Võ Minh Cường,2002-03-14,MALE,SME_OWNER,Hà Nội,VERIFIED,2016-04-23,DORMANT
4421,MSB00004421,Bùi Thùy Nga,1977-08-05,FEMALE,MASS,TP. Hồ Chí Minh,VERIFIED,2017-05-11,ACTIVE
4422,MSB00004422,Lê Kim Uyên,1965-05-21,FEMALE,MASS,Hà Nội,VERIFIED,2018-11-22,ACTIVE
4423,MSB00004423,Hoàng Quang Hùng,1970-12-27,MALE,MASS_AFFLUENT,TP. Hồ Chí Minh,VERIFIED,2020-01-27,ACTIVE
4424,MSB00004424,Hoàng Thùy Dung,1960-03-27,FEMALE,MASS,Quảng Ninh,VERIFIED,2015-01-21,ACTIVE
4425,MSB00004425,Huỳnh Hữu Huy,2003-09-05,MALE,MASS_AFFLUENT,Hà Nội,VERIFIED,2023-06-26,ACTIVE
4426,MSB00004426,Đỗ Hữu Đạt,1986-03-18,MALE,AFFLUENT,Hải Phòng,VERIFIED,2017-02-01,ACTIVE
4427,MSB00004427,Huỳnh Minh Việt,1975-10-23,MALE,MASS,TP. Hồ Chí Minh,VERIFIED,2019-11-24,DORMANT
4428,MSB00004428,Hồ Văn Khoa,1963-12-06,MALE,AFFLUENT,Hà Nội,VERIFIED,2020-05-05,DORMANT
4429,MSB00004429,Huỳnh Quang Đạt,1991-02-24,MALE,MASS_AFFLUENT,Hà Nội,VERIFIED,2021-09-02,ACTIVE
4430,MSB00004430,Vũ Kim Chi,1972-10-14,FEMALE,MASS_AFFLUENT,Hà Nội,VERIFIED,2018-12-04,ACTIVE
4431,MSB00004431,Võ Minh Tuấn,1995-10-15,MALE,MASS,TP. Hồ Chí Minh,VERIFIED,2014-08-31,ACTIVE
4432,MSB00004432,Ngô Phương Anh,1977-05-02,FEMALE,MASS,Nghệ An,VERIFIED,2021-08-04,DORMANT
4433,MSB00004433,Ngô Kim My,1968-05-18,FEMALE,MASS_AFFLUENT,Đà Nẵng,VERIFIED,2025-01-03,ACTIVE
4434,MSB00004434,Ngô Phương Uyên,1965-12-12,FEMALE,AFFLUENT,Hà Nội,VERIFIED,2024-11-02,ACTIVE
4435,MSB00004435,Dương Minh Trí,1984-08-18,MALE,AFFLUENT,Hà Nội,VERIFIED,2024-04-06,ACTIVE
4436,MSB00004436,Lê Mai Vân,1982-12-15,FEMALE,MASS_AFFLUENT,Quảng Ninh,VERIFIED,2021-07-30,ACTIVE
4437,MSB00004437,Trần Hữu An,1962-03-22,MALE,MASS,Hà Nội,VERIFIED,2026-04-12,ACTIVE
4438,MSB00004438,Hoàng Diệu Dung,1978-11-22,FEMALE,MASS_AFFLUENT,TP. Hồ Chí Minh,VERIFIED,2023-01-16,ACTIVE
4439,MSB00004439,Nguyễn Minh Long,1989-07-11,MALE,MASS_AFFLUENT,Đồng Nai,VERIFIED,2018-03-21,ACTIVE
4440,MSB00004440,Bùi Phương Uyên,1993-01-30,FEMALE,MASS,Đà Nẵng,VERIFIED,2018-06-02,ACTIVE
4441,MSB00004441,Phan Minh An,1971-02-14,MALE,PRIVATE,Hà Nội,VERIFIED,2018-07-11,ACTIVE
4442,MSB00004442,Lý Thùy Ngân,1971-08-23,FEMALE,MASS,Hải Phòng,PENDING,2018-07-10,ACTIVE
4443,MSB00004443,Dương Quang Tuấn,1980-02-18,MALE,AFFLUENT,TP. Hồ Chí Minh,VERIFIED,2025-06-10,ACTIVE
4444,MSB00004444,Lê Thành Dũng,1999-01-01,MALE,MASS,Đà Nẵng,VERIFIED,2015-05-24,DORMANT
4445,MSB00004445,Đỗ Phương My,1998-04-02,FEMALE,PRIVATE,Hà Nội,VERIFIED,2022-11-08,ACTIVE
4446,MSB00004446,Đỗ Thành Dũng,1994-01-16,MALE,MASS_AFFLUENT,Đồng Nai,VERIFIED,2025-05-26,ACTIVE
4447,MSB00004447,Phan Kim Dung,2006-04-30,FEMALE,AFFLUENT,Đà Nẵng,VERIFIED,2016-11-10,DORMANT
4448,MSB00004448,Huỳnh Thị Linh,1983-01-17,FEMALE,MASS_AFFLUENT,Hà Nội,VERIFIED,2020-11-15,ACTIVE
4449,MSB00004449,Phạm Thùy Uyên,1986-05-31,FEMALE,MASS,Đà Nẵng,VERIFIED,2022-04-15,DORMANT
4450,MSB00004450,Lê Thùy Hoa,1987-05-18,FEMALE,AFFLUENT,TP. Hồ Chí Minh,VERIFIED,2021-09-04,ACTIVE
4451,MSB00004451,Nguyễn Mai Thảo,1960-08-02,FEMALE,SME_OWNER,Khánh Hòa,VERIFIED,2019-07-11,ACTIVE
4452,MSB00004452,Hồ Mai Chi,1995-07-24,FEMALE,MASS,Hà Nội,VERIFIED,2020-03-05,ACTIVE
4453,MSB00004453,Võ Văn Khoa,1966-07-09,MALE,MASS_AFFLUENT,TP. Hồ Chí Minh,VERIFIED,2026-03-02,ACTIVE
4454,MSB00004454,Vũ Hải Hằng,1997-06-19,FEMALE,MASS_AFFLUENT,Bình Dương,VERIFIED,2024-12-06,DORMANT
4455,MSB00004455,Hoàng Mai Hằng,1975-12-09,FEMALE,MASS_AFFLUENT,Hà Nội,VERIFIED,2015-04-12,DORMANT
4456,MSB00004456,Vũ Đức Đạt,1963-06-11,MALE,MASS_AFFLUENT,TP. Hồ Chí Minh,VERIFIED,2020-08-05,ACTIVE
4457,MSB00004457,Võ Văn Cường,1965-04-20,MALE,MASS,Bình Dương,VERIFIED,2014-10-19,DORMANT
4458,MSB00004458,Lý Xuân Vinh,1977-06-25,MALE,MASS,Cần Thơ,VERIFIED,2018-08-31,DORMANT
4459,MSB00004459,Trần Hải Nhung,1996-03-26,FEMALE,PRIVATE,TP. Hồ Chí Minh,VERIFIED,2017-09-22,ACTIVE
4460,MSB00004460,Lý Minh Phúc,1988-05-30,MALE,SME_OWNER,TP. Hồ Chí Minh,VERIFIED,2022-09-01,DORMANT
4461,MSB00004461,Bùi Thùy Trang,1985-04-29,FEMALE,MASS,Đà Nẵng,VERIFIED,2016-07-21,ACTIVE
4462,MSB00004462,Vũ Thùy Uyên,1964-08-02,FEMALE,MASS_AFFLUENT,Đồng Nai,PENDING,2018-09-28,DORMANT
4463,MSB00004463,Hoàng Mai Hằng,1988-02-25,FEMALE,MASS_AFFLUENT,Hải Phòng,PENDING,2017-07-23,DORMANT
4464,MSB00004464,Vũ Công Vinh,1965-05-21,MALE,MASS,Đà Nẵng,VERIFIED,2023-03-25,ACTIVE
4465,MSB00004465,Lê Thu Hà,1959-01-03,FEMALE,SME_OWNER,Bình Dương,VERIFIED,2019-06-26,DORMANT
4466,MSB00004466,Phạm Kim Ngân,2000-08-28,FEMALE,MASS,TP. Hồ Chí Minh,VERIFIED,2022-01-07,DORMANT
4467,MSB00004467,Ngô Công Nam,1960-03-03,MALE,MASS,TP. Hồ Chí Minh,VERIFIED,2015-09-23,ACTIVE
4468,MSB00004468,Lê Văn Vinh,1978-02-22,MALE,MASS_AFFLUENT,Hải Phòng,PENDING,2015-09-29,ACTIVE
4469,MSB00004469,Bùi Minh Nam,1975-10-29,MALE,MASS_AFFLUENT,TP. Hồ Chí Minh,PENDING,2022-03-18,ACTIVE
4470,MSB00004470,Võ Mai Hà,1991-04-25,FEMALE,MASS,TP. Hồ Chí Minh,VERIFIED,2026-01-13,ACTIVE
4471,MSB00004471,Vũ Đức Bình,1990-07-07,MALE,MASS_AFFLUENT,Hà Nội,VERIFIED,2023-06-02,ACTIVE
4472,MSB00004472,Đỗ Thành Đạt,1978-12-09,MALE,MASS,Đà Nẵng,VERIFIED,2023-02-22,ACTIVE
4473,MSB00004473,Nguyễn Hữu Sơn,1997-01-02,MALE,MASS,Hải Phòng,VERIFIED,2026-02-06,ACTIVE
4474,MSB00004474,Hồ Xuân Hoàng,1971-03-10,MALE,AFFLUENT,Đồng Nai,VERIFIED,2015-05-31,DORMANT
4475,MSB00004475,Dương Bá Khoa,1973-04-08,MALE,MASS,Hà Nội,VERIFIED,2020-11-21,ACTIVE
4476,MSB00004476,Đặng Phương Lan,2006-08-17,FEMALE,AFFLUENT,Đồng Nai,VERIFIED,2024-08-11,ACTIVE
4477,MSB00004477,Dương Thành Quân,1996-02-06,MALE,MASS_AFFLUENT,Hà Nội,VERIFIED,2019-03-21,ACTIVE
4478,MSB00004478,Vũ Mai Hà,1981-02-09,FEMALE,MASS_AFFLUENT,Cần Thơ,VERIFIED,2021-09-10,ACTIVE
4479,MSB00004479,Phạm Công Cường,1969-02-20,MALE,MASS,Đà Nẵng,VERIFIED,2024-04-15,ACTIVE
4480,MSB00004480,Vũ Công Quân,1992-05-09,MALE,AFFLUENT,TP. Hồ Chí Minh,VERIFIED,2021-01-11,ACTIVE
4481,MSB00004481,Vũ Diệu Hằng,1962-07-03,FEMALE,MASS,Khánh Hòa,VERIFIED,2019-05-06,ACTIVE
4482,MSB00004482,Phan Hải Hoa,1980-02-01,FEMALE,MASS,TP. Hồ Chí Minh,VERIFIED,2018-09-18,DORMANT
4483,MSB00004483,Bùi Diệu Lan,1980-01-14,FEMALE,SME_OWNER,Hà Nội,VERIFIED,2023-09-14,ACTIVE
4484,MSB00004484,Phạm Hữu An,2001-06-25,MALE,MASS_AFFLUENT,TP. Hồ Chí Minh,EXPIRED,2019-03-11,ACTIVE
4485,MSB00004485,Hoàng Bá Hùng,1975-07-16,MALE,AFFLUENT,TP. Hồ Chí Minh,VERIFIED,2017-01-30,DORMANT
4486,MSB00004486,Lý Diệu Oanh,1966-03-04,FEMALE,MASS,Cần Thơ,VERIFIED,2019-01-06,ACTIVE
4487,MSB00004487,Lý Công Trí,1996-08-10,MALE,MASS_AFFLUENT,TP. Hồ Chí Minh,VERIFIED,2015-03-25,ACTIVE
4488,MSB00004488,Võ Thị Uyên,1979-06-19,FEMALE,PRIVATE,Hà Nội,VERIFIED,2015-05-11,ACTIVE
4489,MSB00004489,Lý Bá Nam,2006-01-07,MALE,SME_OWNER,TP. Hồ Chí Minh,VERIFIED,2020-07-20,DORMANT
4490,MSB00004490,Trần Quang Đạt,1996-05-10,MALE,SME_OWNER,Đà Nẵng,VERIFIED,2021-09-29,ACTIVE
4491,MSB00004491,Ngô Phương Uyên,2003-03-13,FEMALE,MASS,Đà Nẵng,VERIFIED,2020-12-28,ACTIVE
4492,MSB00004492,Nguyễn Phương Chi,1967-12-21,FEMALE,SME_OWNER,Đồng Nai,VERIFIED,2020-08-12,ACTIVE
4493,MSB00004493,Đỗ Thị Ngân,1957-06-24,FEMALE,PRIVATE,TP. Hồ Chí Minh,VERIFIED,2024-04-21,ACTIVE
4494,MSB00004494,Lý Thùy Linh,2005-06-05,FEMALE,PRIVATE,Đà Nẵng,VERIFIED,2015-01-31,ACTIVE
4495,MSB00004495,Nguyễn Thành Huy,1971-05-12,MALE,MASS,Quảng Ninh,VERIFIED,2019-09-13,ACTIVE
4496,MSB00004496,Nguyễn Kim Uyên,1977-03-28,FEMALE,MASS_AFFLUENT,TP. Hồ Chí Minh,VERIFIED,2024-10-31,DORMANT
4497,MSB00004497,Nguyễn Kim Dung,1971-02-05,FEMALE,MASS,TP. Hồ Chí Minh,VERIFIED,2015-10-18,DORMANT
4498,MSB00004498,Dương Minh Quân,1981-08-01,MALE,MASS,Quảng Ninh,VERIFIED,2015-04-08,DORMANT
4499,MSB00004499,Lý Bá Khoa,1957-03-08,MALE,SME_OWNER,Hà Nội,VERIFIED,2019-10-13,DORMANT
4500,MSB00004500,Bùi Thu Nga,2004-12-20,FEMALE,MASS,Đà Nẵng,VERIFIED,2015-04-08,DORMANT
4501,MSB00004501,Hồ Xuân Trí,1998-10-22,MALE,PRIVATE,TP. Hồ Chí Minh,VERIFIED,2015-01-02,ACTIVE
4502,MSB00004502,Vũ Diệu Yến,1994-02-12,FEMALE,AFFLUENT,Hà Nội,PENDING,2015-03-17,DORMANT
4503,MSB00004503,Võ Văn Cường,1967-01-12,MALE,MASS_AFFLUENT,Bình Dương,VERIFIED,2015-01-31,ACTIVE
4504,MSB00004504,Bùi Mai Yến,2002-11-04,FEMALE,MASS,Hà Nội,VERIFIED,2025-07-18,ACTIVE
4505,MSB00004505,Phạm Diệu Uyên,1999-12-06,FEMALE,PRIVATE,Đồng Nai,VERIFIED,2025-12-19,ACTIVE
4506,MSB00004506,Vũ Ngọc My,1970-02-13,FEMALE,AFFLUENT,TP. Hồ Chí Minh,VERIFIED,2019-08-04,ACTIVE
4507,MSB00004507,Bùi Mai Hà,1986-02-02,FEMALE,AFFLUENT,Hà Nội,VERIFIED,2017-08-08,ACTIVE
4508,MSB00004508,Huỳnh Hữu Huy,1970-08-31,MALE,MASS,TP. Hồ Chí Minh,VERIFIED,2016-07-20,ACTIVE
4509,MSB00004509,Phan Thu Hà,1987-11-25,FEMALE,MASS_AFFLUENT,Bình Dương,VERIFIED,2018-11-04,ACTIVE
4510,MSB00004510,Trần Kim Trang,2002-05-31,FEMALE,MASS_AFFLUENT,TP. Hồ Chí Minh,VERIFIED,2022-09-01,ACTIVE
4511,MSB00004511,Huỳnh Ngọc Nhung,1977-03-15,FEMALE,MASS_AFFLUENT,TP. Hồ Chí Minh,PENDING,2015-06-12,ACTIVE
4512,MSB00004512,Huỳnh Hải Hoa,2000-11-30,FEMALE,MASS,TP. Hồ Chí Minh,VERIFIED,2019-06-10,DORMANT
4513,MSB00004513,Vũ Diệu Vân,1983-02-19,FEMALE,MASS,Đà Nẵng,VERIFIED,2018-05-18,ACTIVE
4514,MSB00004514,Đặng Ngọc Thảo,1962-03-23,FEMALE,MASS_AFFLUENT,TP. Hồ Chí Minh,PENDING,2023-05-03,ACTIVE
4515,MSB00004515,Vũ Ngọc Ngân,1997-01-17,FEMALE,AFFLUENT,Khánh Hòa,VERIFIED,2017-06-23,DORMANT
4516,MSB00004516,Phan Diệu Hà,1996-04-12,FEMALE,SME_OWNER,Hà Nội,VERIFIED,2024-10-24,ACTIVE
4517,MSB00004517,Nguyễn Ngọc Thảo,1958-12-24,FEMALE,MASS,Hà Nội,PENDING,2016-03-04,ACTIVE
4518,MSB00004518,Nguyễn Bá An,1990-12-04,MALE,MASS,TP. Hồ Chí Minh,VERIFIED,2016-05-21,ACTIVE
4519,MSB00004519,Võ Minh Cường,1987-10-05,MALE,MASS,Hà Nội,VERIFIED,2018-05-13,ACTIVE
4520,MSB00004520,Đỗ Thùy Linh,1971-09-14,FEMALE,MASS,Bình Dương,VERIFIED,2014-11-19,ACTIVE
4521,MSB00004521,Võ Minh An,1999-12-12,MALE,MASS_AFFLUENT,Khánh Hòa,VERIFIED,2015-09-17,ACTIVE
4522,MSB00004522,Vũ Quang Quân,2002-11-26,MALE,AFFLUENT,Đà Nẵng,PENDING,2025-07-06,DORMANT
4523,MSB00004523,Đỗ Thành Dũng,1963-11-20,MALE,MASS,Đồng Nai,VERIFIED,2023-10-02,ACTIVE
4524,MSB00004524,Hồ Diệu Vân,1959-04-30,FEMALE,MASS_AFFLUENT,Bình Dương,VERIFIED,2024-11-29,ACTIVE
4525,MSB00004525,Ngô Thùy Nhung,1956-09-27,FEMALE,MASS,Hà Nội,VERIFIED,2022-08-02,ACTIVE
4526,MSB00004526,Vũ Diệu Uyên,2005-02-22,FEMALE,MASS_AFFLUENT,Hà Nội,VERIFIED,2019-06-18,ACTIVE
4527,MSB00004527,Lê Diệu Oanh,1979-10-16,FEMALE,MASS,Đà Nẵng,VERIFIED,2024-08-25,DORMANT
4528,MSB00004528,Võ Kim My,1964-06-09,FEMALE,MASS,Quảng Ninh,PENDING,2025-04-27,ACTIVE
4529,MSB00004529,Hồ Thành Quân,1964-05-06,MALE,SME_OWNER,Bình Dương,VERIFIED,2018-10-24,ACTIVE
4530,MSB00004530,Lý Đức Nam,1988-01-14,MALE,MASS,Đà Nẵng,VERIFIED,2018-12-19,ACTIVE
4531,MSB00004531,Đặng Hữu Phúc,1982-01-28,MALE,MASS_AFFLUENT,Hà Nội,VERIFIED,2022-01-20,ACTIVE
4532,MSB00004532,Ngô Thành Việt,1999-04-04,MALE,AFFLUENT,Bình Dương,VERIFIED,2017-12-07,ACTIVE
4533,MSB00004533,Lê Thùy Linh,2000-06-08,FEMALE,AFFLUENT,Hải Phòng,VERIFIED,2019-06-04,ACTIVE
4534,MSB00004534,Huỳnh Văn Quân,1988-06-05,MALE,MASS_AFFLUENT,Khánh Hòa,PENDING,2021-06-28,DORMANT
4535,MSB00004535,Hồ Hải Chi,1994-12-06,FEMALE,SME_OWNER,Hải Phòng,EXPIRED,2025-07-13,ACTIVE
4536,MSB00004536,Hồ Ngọc Dung,1958-08-20,FEMALE,AFFLUENT,Hà Nội,VERIFIED,2017-07-04,ACTIVE
4537,MSB00004537,Vũ Hữu Việt,2002-07-15,MALE,AFFLUENT,Đà Nẵng,VERIFIED,2019-01-16,ACTIVE
4538,MSB00004538,Đỗ Hải Dung,1979-09-25,FEMALE,MASS,TP. Hồ Chí Minh,PENDING,2024-12-31,ACTIVE
4539,MSB00004539,Huỳnh Kim Thảo,1978-09-05,FEMALE,MASS_AFFLUENT,TP. Hồ Chí Minh,VERIFIED,2024-02-19,ACTIVE
4540,MSB00004540,Võ Phương Lan,2004-07-30,FEMALE,MASS_AFFLUENT,Hải Phòng,VERIFIED,2022-10-24,ACTIVE
4541,MSB00004541,Hoàng Mai Vân,1984-07-07,FEMALE,MASS_AFFLUENT,Đồng Nai,VERIFIED,2024-03-28,ACTIVE
4542,MSB00004542,Nguyễn Kim Trang,1959-04-30,FEMALE,MASS_AFFLUENT,Cần Thơ,VERIFIED,2016-11-27,ACTIVE
4543,MSB00004543,Lê Phương My,2001-01-26,FEMALE,MASS,Hà Nội,PENDING,2015-06-10,ACTIVE
4544,MSB00004544,Võ Phương Vân,1999-06-20,FEMALE,MASS_AFFLUENT,Hà Nội,VERIFIED,2025-04-18,ACTIVE
4545,MSB00004545,Trần Hữu Long,1997-09-03,MALE,AFFLUENT,TP. Hồ Chí Minh,VERIFIED,2023-07-15,ACTIVE
4546,MSB00004546,Hồ Phương Hà,2004-02-29,FEMALE,MASS,Hải Phòng,VERIFIED,2023-01-01,DORMANT
4547,MSB00004547,Nguyễn Xuân Cường,1962-02-12,MALE,MASS_AFFLUENT,Hải Phòng,VERIFIED,2014-10-05,DORMANT
4548,MSB00004548,Nguyễn Công Quân,2004-06-17,MALE,MASS_AFFLUENT,TP. Hồ Chí Minh,PENDING,2019-01-30,ACTIVE
4549,MSB00004549,Hoàng Hữu Bình,1992-05-07,MALE,MASS,TP. Hồ Chí Minh,VERIFIED,2015-03-14,ACTIVE
4550,MSB00004550,Phan Xuân Cường,1964-12-02,MALE,MASS,Bình Dương,VERIFIED,2023-06-11,DORMANT
4551,MSB00004551,Đặng Hữu Việt,1957-01-09,MALE,MASS_AFFLUENT,Hà Nội,PENDING,2025-07-15,ACTIVE
4552,MSB00004552,Nguyễn Hữu An,1999-06-07,MALE,MASS,Đà Nẵng,VERIFIED,2020-09-19,ACTIVE
4553,MSB00004553,Bùi Thành Dũng,1988-03-19,MALE,PRIVATE,Bình Dương,VERIFIED,2016-10-18,ACTIVE
4554,MSB00004554,Vũ Thu Anh,1998-06-21,FEMALE,MASS,TP. Hồ Chí Minh,VERIFIED,2016-07-24,ACTIVE
4555,MSB00004555,Nguyễn Diệu Nhung,1997-04-01,FEMALE,MASS,Hà Nội,VERIFIED,2020-10-25,ACTIVE
4556,MSB00004556,Bùi Thu Hằng,1959-06-10,FEMALE,MASS,Hải Phòng,VERIFIED,2023-03-08,ACTIVE
4557,MSB00004557,Hồ Công Bình,1989-09-04,MALE,MASS,Hà Nội,VERIFIED,2025-10-11,DORMANT
4558,MSB00004558,Vũ Kim Ngân,1976-05-11,FEMALE,MASS_AFFLUENT,TP. Hồ Chí Minh,VERIFIED,2021-03-30,ACTIVE
4559,MSB00004559,Võ Bá Hùng,1999-03-09,MALE,PRIVATE,Khánh Hòa,VERIFIED,2020-01-28,DORMANT
4560,MSB00004560,Đặng Bá Trí,1992-01-06,MALE,MASS_AFFLUENT,Hà Nội,EXPIRED,2026-02-11,ACTIVE
4561,MSB00004561,Lý Thành Bình,1988-08-13,MALE,MASS_AFFLUENT,Khánh Hòa,VERIFIED,2015-06-04,ACTIVE
4562,MSB00004562,Lý Thị Nga,1977-06-12,FEMALE,MASS,Hà Nội,VERIFIED,2018-01-24,DORMANT
4563,MSB00004563,Vũ Hải Uyên,1960-09-01,FEMALE,MASS,TP. Hồ Chí Minh,VERIFIED,2022-07-07,DORMANT
4564,MSB00004564,Đỗ Thu Trang,1993-12-16,FEMALE,MASS_AFFLUENT,Hà Nội,VERIFIED,2022-03-09,ACTIVE
4565,MSB00004565,Hồ Thị Nhung,1974-05-31,FEMALE,MASS_AFFLUENT,Hải Phòng,VERIFIED,2022-02-28,DORMANT
4566,MSB00004566,Lê Phương Hằng,1982-03-23,FEMALE,MASS,Quảng Ninh,VERIFIED,2016-04-18,DORMANT
4567,MSB00004567,Huỳnh Thu Vân,1966-10-20,FEMALE,MASS,TP. Hồ Chí Minh,VERIFIED,2017-11-19,ACTIVE
4568,MSB00004568,Dương Bá Vinh,1990-06-17,MALE,MASS_AFFLUENT,Khánh Hòa,VERIFIED,2025-04-17,ACTIVE
4569,MSB00004569,Huỳnh Hữu Sơn,1985-05-10,MALE,MASS,Cần Thơ,VERIFIED,2022-10-03,DORMANT
4570,MSB00004570,Phan Thu Hằng,1975-06-02,FEMALE,MASS_AFFLUENT,Nghệ An,VERIFIED,2017-03-15,DORMANT
4571,MSB00004571,Lê Mai Hoa,1983-12-29,FEMALE,MASS,Hải Phòng,VERIFIED,2022-03-03,ACTIVE
4572,MSB00004572,Dương Thành Cường,1969-02-16,MALE,MASS_AFFLUENT,Hải Phòng,VERIFIED,2016-11-01,ACTIVE
4573,MSB00004573,Trần Công Bình,2006-02-26,MALE,MASS,Nghệ An,VERIFIED,2020-05-29,ACTIVE
4574,MSB00004574,Lý Xuân Tuấn,1989-04-11,MALE,AFFLUENT,Cần Thơ,VERIFIED,2017-04-10,ACTIVE
4575,MSB00004575,Hoàng Bá Tuấn,1998-04-30,MALE,MASS,Đồng Nai,VERIFIED,2020-03-03,ACTIVE
4576,MSB00004576,Huỳnh Bá Dũng,1999-02-22,MALE,MASS_AFFLUENT,TP. Hồ Chí Minh,VERIFIED,2017-10-05,ACTIVE
4577,MSB00004577,Đặng Hải Yến,2003-11-10,FEMALE,MASS,Hà Nội,VERIFIED,2021-04-17,DORMANT
4578,MSB00004578,Lê Đức Đạt,1988-11-04,MALE,PRIVATE,Hải Phòng,VERIFIED,2023-07-22,ACTIVE
4579,MSB00004579,Vũ Thành Vinh,1995-11-15,MALE,MASS,TP. Hồ Chí Minh,VERIFIED,2016-01-15,ACTIVE
4580,MSB00004580,Hoàng Đức Phúc,1969-08-11,MALE,AFFLUENT,TP. Hồ Chí Minh,VERIFIED,2021-06-19,ACTIVE
4581,MSB00004581,Nguyễn Mai Dung,1981-03-02,FEMALE,MASS_AFFLUENT,Đồng Nai,VERIFIED,2026-03-21,ACTIVE
4582,MSB00004582,Dương Bá Long,1967-04-07,MALE,MASS,Hải Phòng,PENDING,2021-10-28,ACTIVE
4583,MSB00004583,Trần Bá Phúc,1961-09-20,MALE,MASS,Nghệ An,VERIFIED,2021-07-14,ACTIVE
4584,MSB00004584,Phạm Ngọc Yến,1967-03-30,FEMALE,AFFLUENT,TP. Hồ Chí Minh,VERIFIED,2023-07-08,DORMANT
4585,MSB00004585,Đỗ Hải Nga,1985-05-29,FEMALE,MASS_AFFLUENT,TP. Hồ Chí Minh,VERIFIED,2016-02-03,DORMANT
4586,MSB00004586,Lê Xuân Vinh,1958-05-28,MALE,PRIVATE,Hà Nội,VERIFIED,2020-08-04,ACTIVE
4587,MSB00004587,Võ Hải Lan,1987-06-18,FEMALE,MASS,Quảng Ninh,VERIFIED,2022-01-03,ACTIVE
4588,MSB00004588,Đỗ Xuân Long,1965-03-19,MALE,MASS_AFFLUENT,TP. Hồ Chí Minh,VERIFIED,2018-03-11,ACTIVE
4589,MSB00004589,Nguyễn Hải Vân,1998-05-23,FEMALE,MASS_AFFLUENT,Khánh Hòa,VERIFIED,2018-11-11,ACTIVE
4590,MSB00004590,Ngô Xuân Long,1958-02-02,MALE,MASS,TP. Hồ Chí Minh,VERIFIED,2020-09-28,DORMANT
4591,MSB00004591,Dương Thùy Ngân,1991-06-05,FEMALE,MASS_AFFLUENT,TP. Hồ Chí Minh,VERIFIED,2014-12-15,DORMANT
4592,MSB00004592,Dương Diệu Nhung,1975-01-27,FEMALE,MASS,Bình Dương,PENDING,2014-12-17,DORMANT
4593,MSB00004593,Võ Kim Vân,1989-01-15,FEMALE,AFFLUENT,Đà Nẵng,VERIFIED,2020-10-09,DORMANT
4594,MSB00004594,Dương Thu Dung,1994-12-27,FEMALE,MASS_AFFLUENT,TP. Hồ Chí Minh,VERIFIED,2018-01-22,DORMANT
4595,MSB00004595,Ngô Bá Bình,1989-10-09,MALE,MASS,TP. Hồ Chí Minh,VERIFIED,2025-09-20,ACTIVE
4596,MSB00004596,Vũ Kim Anh,1976-07-30,FEMALE,MASS_AFFLUENT,TP. Hồ Chí Minh,VERIFIED,2021-03-01,ACTIVE
4597,MSB00004597,Bùi Xuân Dũng,2001-08-08,MALE,MASS_AFFLUENT,Bình Dương,VERIFIED,2021-03-05,DORMANT
4598,MSB00004598,Hồ Văn Dũng,1997-03-13,MALE,MASS,Hà Nội,VERIFIED,2021-08-13,DORMANT
4599,MSB00004599,Đặng Diệu Vân,1961-02-20,FEMALE,AFFLUENT,Hà Nội,VERIFIED,2016-07-08,ACTIVE
4600,MSB00004600,Dương Diệu Uyên,2001-11-24,FEMALE,AFFLUENT,Hà Nội,VERIFIED,2019-07-09,ACTIVE
4601,MSB00004601,Huỳnh Thùy Uyên,1970-06-06,FEMALE,MASS_AFFLUENT,TP. Hồ Chí Minh,VERIFIED,2020-10-30,DORMANT
4602,MSB00004602,Lê Kim Trang,1991-03-15,FEMALE,MASS,Bình Dương,PENDING,2021-04-16,ACTIVE
4603,MSB00004603,Nguyễn Diệu Hoa,1991-01-17,FEMALE,MASS_AFFLUENT,Hải Phòng,VERIFIED,2019-02-10,DORMANT
4604,MSB00004604,Phạm Ngọc My,1988-01-01,FEMALE,MASS,Quảng Ninh,VERIFIED,2023-09-27,DORMANT
4605,MSB00004605,Vũ Thùy Hà,1987-02-11,FEMALE,MASS,Đà Nẵng,VERIFIED,2023-06-17,ACTIVE
4606,MSB00004606,Vũ Thu Nhung,1971-01-25,FEMALE,MASS,TP. Hồ Chí Minh,VERIFIED,2020-04-01,ACTIVE
4607,MSB00004607,Dương Văn An,1966-06-29,MALE,MASS_AFFLUENT,Đà Nẵng,VERIFIED,2022-08-09,ACTIVE
4608,MSB00004608,Bùi Thị Nhung,1988-03-11,FEMALE,MASS_AFFLUENT,Đồng Nai,VERIFIED,2018-06-25,ACTIVE
4609,MSB00004609,Vũ Kim Ngân,1998-02-11,FEMALE,MASS_AFFLUENT,Hà Nội,VERIFIED,2015-10-24,ACTIVE
4610,MSB00004610,Dương Thùy Dung,2006-07-30,FEMALE,MASS,TP. Hồ Chí Minh,VERIFIED,2022-02-23,ACTIVE
4611,MSB00004611,Đỗ Văn Nam,1969-09-08,MALE,SME_OWNER,TP. Hồ Chí Minh,VERIFIED,2019-08-04,ACTIVE
4612,MSB00004612,Vũ Công Quân,1961-01-08,MALE,MASS_AFFLUENT,Nghệ An,VERIFIED,2023-01-09,ACTIVE
4613,MSB00004613,Trần Đức An,2004-12-09,MALE,MASS_AFFLUENT,Hà Nội,VERIFIED,2017-01-27,ACTIVE
4614,MSB00004614,Lý Bá Hùng,1977-02-13,MALE,MASS,Hà Nội,VERIFIED,2023-10-16,ACTIVE
4615,MSB00004615,Nguyễn Thu Thảo,1995-09-23,FEMALE,MASS_AFFLUENT,Hải Phòng,VERIFIED,2020-03-27,DORMANT
4616,MSB00004616,Hồ Quang Huy,1996-08-25,MALE,MASS,Đà Nẵng,EXPIRED,2022-02-04,DORMANT
4617,MSB00004617,Lê Minh Hoàng,1964-09-12,MALE,AFFLUENT,TP. Hồ Chí Minh,VERIFIED,2017-05-28,DORMANT
4618,MSB00004618,Nguyễn Ngọc Lan,1994-06-13,FEMALE,MASS,TP. Hồ Chí Minh,VERIFIED,2023-06-23,DORMANT
4619,MSB00004619,Lê Đức Trí,1990-10-10,MALE,AFFLUENT,Đà Nẵng,VERIFIED,2023-12-25,ACTIVE
4620,MSB00004620,Võ Văn Việt,2000-08-05,MALE,AFFLUENT,TP. Hồ Chí Minh,VERIFIED,2017-06-05,DORMANT
4621,MSB00004621,Đặng Ngọc Linh,1961-05-05,FEMALE,MASS,TP. Hồ Chí Minh,VERIFIED,2019-10-31,ACTIVE
4622,MSB00004622,Võ Diệu Trang,1961-01-31,FEMALE,AFFLUENT,Hà Nội,VERIFIED,2018-11-17,ACTIVE
4623,MSB00004623,Phan Thu Chi,1960-12-30,FEMALE,SME_OWNER,Bình Dương,VERIFIED,2017-01-24,ACTIVE
4624,MSB00004624,Phạm Thùy Uyên,1995-08-23,FEMALE,AFFLUENT,TP. Hồ Chí Minh,VERIFIED,2022-12-24,ACTIVE
4625,MSB00004625,Đặng Thị Yến,1997-04-19,FEMALE,PRIVATE,Hải Phòng,VERIFIED,2023-07-07,ACTIVE
4626,MSB00004626,Lê Quang An,1958-10-25,MALE,AFFLUENT,TP. Hồ Chí Minh,VERIFIED,2014-10-04,DORMANT
4627,MSB00004627,Đặng Kim Yến,1976-06-22,FEMALE,MASS,Hà Nội,VERIFIED,2025-01-10,ACTIVE
4628,MSB00004628,Đặng Kim Nga,1992-09-16,FEMALE,MASS_AFFLUENT,Hải Phòng,VERIFIED,2018-10-18,ACTIVE
4629,MSB00004629,Bùi Ngọc Oanh,2003-12-12,FEMALE,SME_OWNER,TP. Hồ Chí Minh,VERIFIED,2021-10-16,DORMANT
4630,MSB00004630,Võ Xuân Dũng,1966-09-06,MALE,MASS_AFFLUENT,Hà Nội,VERIFIED,2024-08-31,ACTIVE
4631,MSB00004631,Đỗ Bá Việt,1965-10-02,MALE,MASS_AFFLUENT,Khánh Hòa,VERIFIED,2015-03-17,DORMANT
4632,MSB00004632,Lý Công Quân,2006-06-06,MALE,MASS,Đồng Nai,VERIFIED,2016-08-27,ACTIVE
4633,MSB00004633,Lê Ngọc Dung,1982-09-19,FEMALE,MASS_AFFLUENT,Cần Thơ,PENDING,2023-09-27,ACTIVE
4634,MSB00004634,Hồ Mai Hà,1982-02-28,FEMALE,MASS,Đà Nẵng,VERIFIED,2017-07-15,ACTIVE
4635,MSB00004635,Hồ Đức Vinh,1983-05-26,MALE,MASS_AFFLUENT,Đà Nẵng,VERIFIED,2017-05-16,ACTIVE
4636,MSB00004636,Lý Mai Hà,1987-10-07,FEMALE,AFFLUENT,TP. Hồ Chí Minh,VERIFIED,2020-06-29,ACTIVE
4637,MSB00004637,Lê Thùy Vân,1990-03-09,FEMALE,AFFLUENT,TP. Hồ Chí Minh,VERIFIED,2015-03-05,ACTIVE
4638,MSB00004638,Võ Thùy Ngân,1989-12-20,FEMALE,MASS_AFFLUENT,Đà Nẵng,VERIFIED,2023-08-09,DORMANT
4639,MSB00004639,Võ Quang Tuấn,1960-01-18,MALE,MASS_AFFLUENT,Cần Thơ,PENDING,2025-06-24,DORMANT
4640,MSB00004640,Lê Ngọc Oanh,1957-05-10,FEMALE,MASS,TP. Hồ Chí Minh,VERIFIED,2016-11-13,ACTIVE
4641,MSB00004641,Dương Thu Ngân,2000-09-03,FEMALE,MASS_AFFLUENT,Đồng Nai,VERIFIED,2022-02-27,ACTIVE
4642,MSB00004642,Lý Phương Hằng,1969-10-27,FEMALE,AFFLUENT,TP. Hồ Chí Minh,VERIFIED,2024-11-15,ACTIVE
4643,MSB00004643,Đặng Thị My,1978-02-15,FEMALE,PRIVATE,TP. Hồ Chí Minh,VERIFIED,2015-01-11,ACTIVE
4644,MSB00004644,Đặng Thị Hà,1994-01-30,FEMALE,AFFLUENT,TP. Hồ Chí Minh,VERIFIED,2021-06-14,ACTIVE
4645,MSB00004645,Lý Quang Phúc,1997-08-02,MALE,SME_OWNER,Hải Phòng,PENDING,2016-03-25,ACTIVE
4646,MSB00004646,Phạm Thùy Linh,1968-12-04,FEMALE,MASS_AFFLUENT,Hà Nội,VERIFIED,2016-10-17,ACTIVE
4647,MSB00004647,Võ Hữu Hoàng,1987-09-30,MALE,MASS,TP. Hồ Chí Minh,VERIFIED,2022-10-15,ACTIVE
4648,MSB00004648,Phan Thị Dung,1999-09-09,FEMALE,MASS_AFFLUENT,Cần Thơ,VERIFIED,2016-12-23,ACTIVE
4649,MSB00004649,Ngô Ngọc Lan,1958-02-04,FEMALE,MASS_AFFLUENT,Đà Nẵng,VERIFIED,2020-11-06,ACTIVE
4650,MSB00004650,Phạm Mai Uyên,1959-08-29,FEMALE,MASS_AFFLUENT,TP. Hồ Chí Minh,VERIFIED,2018-12-24,DORMANT
4651,MSB00004651,Phạm Hải My,1985-11-09,FEMALE,AFFLUENT,Hải Phòng,PENDING,2022-12-26,DORMANT
4652,MSB00004652,Lê Bá Bình,1985-02-24,MALE,AFFLUENT,Khánh Hòa,VERIFIED,2026-03-28,ACTIVE
4653,MSB00004653,Ngô Văn Khoa,1984-11-08,MALE,AFFLUENT,TP. Hồ Chí Minh,VERIFIED,2024-02-08,ACTIVE
4654,MSB00004654,Phạm Thu My,1997-07-01,FEMALE,PRIVATE,Cần Thơ,VERIFIED,2022-06-10,DORMANT
4655,MSB00004655,Hồ Công Quân,2000-12-24,MALE,MASS,Hà Nội,VERIFIED,2019-12-12,DORMANT
4656,MSB00004656,Lý Minh Hoàng,1993-01-13,MALE,AFFLUENT,TP. Hồ Chí Minh,VERIFIED,2016-05-17,ACTIVE
4657,MSB00004657,Phan Thị Hằng,1987-03-01,FEMALE,MASS,TP. Hồ Chí Minh,VERIFIED,2024-04-06,ACTIVE
4658,MSB00004658,Lê Xuân An,1999-01-05,MALE,AFFLUENT,Quảng Ninh,PENDING,2017-11-29,ACTIVE
4659,MSB00004659,Ngô Hữu Cường,2004-10-20,MALE,SME_OWNER,Hà Nội,VERIFIED,2017-08-02,ACTIVE
4660,MSB00004660,Võ Văn Bình,1960-02-01,MALE,MASS,Nghệ An,VERIFIED,2016-11-14,DORMANT
4661,MSB00004661,Hồ Thị Ngân,1963-04-12,FEMALE,MASS,TP. Hồ Chí Minh,VERIFIED,2016-10-28,ACTIVE
4662,MSB00004662,Trần Văn Việt,1991-03-27,MALE,AFFLUENT,TP. Hồ Chí Minh,VERIFIED,2025-08-04,ACTIVE
4663,MSB00004663,Phan Thị Oanh,1976-02-02,FEMALE,MASS_AFFLUENT,TP. Hồ Chí Minh,VERIFIED,2023-10-15,ACTIVE
4664,MSB00004664,Lý Quang Long,1999-01-28,MALE,MASS_AFFLUENT,TP. Hồ Chí Minh,VERIFIED,2015-05-10,ACTIVE
4665,MSB00004665,Ngô Công Tuấn,1960-05-05,MALE,MASS,Hà Nội,VERIFIED,2018-12-14,ACTIVE
4666,MSB00004666,Vũ Thành Quân,1966-02-14,MALE,AFFLUENT,TP. Hồ Chí Minh,VERIFIED,2023-08-28,ACTIVE
4667,MSB00004667,Vũ Công Khoa,1998-05-15,MALE,SME_OWNER,Cần Thơ,VERIFIED,2014-09-16,ACTIVE
4668,MSB00004668,Vũ Thị Lan,1995-09-18,FEMALE,MASS,Hải Phòng,VERIFIED,2022-06-14,ACTIVE
4669,MSB00004669,Trần Đức Long,1990-02-13,MALE,SME_OWNER,Quảng Ninh,VERIFIED,2022-12-17,DORMANT
4670,MSB00004670,Nguyễn Đức Việt,2001-10-26,MALE,SME_OWNER,Hà Nội,VERIFIED,2016-07-10,DORMANT
4671,MSB00004671,Lý Quang Việt,1989-04-11,MALE,MASS,Cần Thơ,VERIFIED,2015-02-14,ACTIVE
4672,MSB00004672,Bùi Xuân Huy,1973-04-06,MALE,SME_OWNER,Hà Nội,VERIFIED,2021-08-03,DORMANT
4673,MSB00004673,Trần Kim Yến,1970-05-14,FEMALE,MASS_AFFLUENT,TP. Hồ Chí Minh,VERIFIED,2018-10-19,ACTIVE
4674,MSB00004674,Dương Minh Nam,2006-01-31,MALE,MASS_AFFLUENT,Hà Nội,VERIFIED,2018-10-29,ACTIVE
4675,MSB00004675,Nguyễn Kim Nga,1989-01-15,FEMALE,MASS,Khánh Hòa,VERIFIED,2023-09-10,ACTIVE
4676,MSB00004676,Bùi Minh Dũng,1965-02-02,MALE,MASS,TP. Hồ Chí Minh,VERIFIED,2019-11-19,ACTIVE
4677,MSB00004677,Lý Thùy Lan,1962-10-27,FEMALE,PRIVATE,TP. Hồ Chí Minh,PENDING,2025-09-04,DORMANT
4678,MSB00004678,Võ Thu Chi,1978-02-22,FEMALE,PRIVATE,TP. Hồ Chí Minh,VERIFIED,2016-03-23,ACTIVE
4679,MSB00004679,Đặng Đức Đạt,1969-11-01,MALE,AFFLUENT,TP. Hồ Chí Minh,VERIFIED,2016-08-31,DORMANT
4680,MSB00004680,Hồ Ngọc My,1994-08-06,FEMALE,MASS,Hà Nội,VERIFIED,2024-07-03,ACTIVE
4681,MSB00004681,Lý Thị Lan,1963-04-19,FEMALE,MASS_AFFLUENT,Hải Phòng,VERIFIED,2019-03-25,ACTIVE
4682,MSB00004682,Nguyễn Thùy Yến,1982-12-11,FEMALE,AFFLUENT,Đà Nẵng,VERIFIED,2025-03-09,ACTIVE
4683,MSB00004683,Trần Diệu Uyên,1972-04-10,FEMALE,SME_OWNER,Hà Nội,VERIFIED,2025-04-21,ACTIVE
4684,MSB00004684,Bùi Hải Hà,1992-12-04,FEMALE,MASS,Hà Nội,VERIFIED,2018-12-14,ACTIVE
4685,MSB00004685,Trần Công Vinh,1998-01-23,MALE,MASS,TP. Hồ Chí Minh,VERIFIED,2017-01-11,ACTIVE
4686,MSB00004686,Hoàng Thùy Uyên,1980-03-04,FEMALE,MASS_AFFLUENT,TP. Hồ Chí Minh,VERIFIED,2016-06-22,DORMANT
4687,MSB00004687,Bùi Minh Nam,1980-02-06,MALE,SME_OWNER,Hà Nội,VERIFIED,2022-06-17,ACTIVE
4688,MSB00004688,Hồ Hải Lan,1977-10-02,FEMALE,MASS,Hà Nội,VERIFIED,2015-07-24,DORMANT
4689,MSB00004689,Lê Mai Dung,1965-12-23,FEMALE,MASS,Hà Nội,VERIFIED,2020-01-12,ACTIVE
4690,MSB00004690,Phan Diệu Linh,1967-09-03,FEMALE,MASS,TP. Hồ Chí Minh,VERIFIED,2021-08-30,DORMANT
4691,MSB00004691,Ngô Kim Trang,1991-07-25,FEMALE,MASS,Đà Nẵng,VERIFIED,2022-04-22,ACTIVE
4692,MSB00004692,Đặng Đức Huy,1982-11-05,MALE,MASS,Hải Phòng,VERIFIED,2017-10-03,ACTIVE
4693,MSB00004693,Vũ Kim Nhung,2001-10-06,FEMALE,MASS_AFFLUENT,TP. Hồ Chí Minh,VERIFIED,2022-01-02,DORMANT
4694,MSB00004694,Dương Bá Nam,1966-09-24,MALE,MASS,TP. Hồ Chí Minh,VERIFIED,2021-10-08,DORMANT
4695,MSB00004695,Phạm Thu Hằng,2000-02-13,FEMALE,AFFLUENT,Đà Nẵng,VERIFIED,2021-10-20,ACTIVE
4696,MSB00004696,Hoàng Ngọc Anh,2003-03-04,FEMALE,MASS,TP. Hồ Chí Minh,VERIFIED,2022-08-10,ACTIVE
4697,MSB00004697,Võ Bá Nam,1980-01-27,MALE,AFFLUENT,Quảng Ninh,VERIFIED,2021-09-09,ACTIVE
4698,MSB00004698,Trần Ngọc Lan,1959-09-29,FEMALE,MASS,Hải Phòng,VERIFIED,2026-01-16,ACTIVE
4699,MSB00004699,Đặng Đức Khoa,1987-10-16,MALE,MASS,Đà Nẵng,VERIFIED,2016-02-16,ACTIVE
4700,MSB00004700,Đỗ Thùy Yến,1996-09-20,FEMALE,MASS,TP. Hồ Chí Minh,VERIFIED,2023-05-30,ACTIVE
4701,MSB00004701,Hoàng Mai Chi,1996-09-08,FEMALE,MASS,TP. Hồ Chí Minh,EXPIRED,2021-02-09,ACTIVE
4702,MSB00004702,Huỳnh Ngọc My,1965-01-12,FEMALE,MASS_AFFLUENT,TP. Hồ Chí Minh,PENDING,2024-05-05,ACTIVE
4703,MSB00004703,Trần Thu Vân,1973-05-25,FEMALE,MASS,Hà Nội,VERIFIED,2020-01-26,ACTIVE
4704,MSB00004704,Dương Công Cường,1982-07-03,MALE,MASS_AFFLUENT,Bình Dương,VERIFIED,2023-03-12,ACTIVE
4705,MSB00004705,Hoàng Xuân Huy,1959-10-05,MALE,AFFLUENT,Khánh Hòa,VERIFIED,2024-05-06,ACTIVE
4706,MSB00004706,Ngô Bá Việt,2001-07-03,MALE,MASS,Quảng Ninh,VERIFIED,2022-12-17,ACTIVE
4707,MSB00004707,Đặng Thành Tuấn,1976-08-02,MALE,PRIVATE,TP. Hồ Chí Minh,VERIFIED,2015-10-10,ACTIVE
4708,MSB00004708,Huỳnh Quang Khoa,1989-03-08,MALE,MASS,Nghệ An,VERIFIED,2016-04-23,ACTIVE
4709,MSB00004709,Bùi Ngọc My,1994-11-30,FEMALE,MASS_AFFLUENT,Hải Phòng,VERIFIED,2017-02-10,ACTIVE
4710,MSB00004710,Lê Diệu Trang,1960-12-02,FEMALE,AFFLUENT,TP. Hồ Chí Minh,VERIFIED,2023-12-15,DORMANT
4711,MSB00004711,Trần Minh Phúc,1959-05-28,MALE,AFFLUENT,Khánh Hòa,VERIFIED,2018-09-30,ACTIVE
4712,MSB00004712,Dương Hải Vân,1965-02-25,FEMALE,MASS,Nghệ An,PENDING,2016-10-08,ACTIVE
4713,MSB00004713,Vũ Thùy Oanh,1998-10-06,FEMALE,PRIVATE,TP. Hồ Chí Minh,VERIFIED,2018-09-30,ACTIVE
4714,MSB00004714,Phạm Quang Nam,1969-11-09,MALE,AFFLUENT,Bình Dương,VERIFIED,2016-04-21,DORMANT
4715,MSB00004715,Huỳnh Thùy Uyên,1988-09-27,FEMALE,MASS,Bình Dương,VERIFIED,2023-12-25,ACTIVE
4716,MSB00004716,Đỗ Công Vinh,1987-11-21,MALE,MASS,Đà Nẵng,VERIFIED,2020-12-01,ACTIVE
4717,MSB00004717,Lý Hải Thảo,1997-07-25,FEMALE,MASS_AFFLUENT,TP. Hồ Chí Minh,PENDING,2022-06-22,DORMANT
4718,MSB00004718,Vũ Ngọc Vân,1977-06-14,FEMALE,MASS,Hà Nội,VERIFIED,2017-11-16,ACTIVE
4719,MSB00004719,Bùi Quang Tuấn,1964-06-27,MALE,AFFLUENT,Quảng Ninh,VERIFIED,2024-11-01,ACTIVE
4720,MSB00004720,Lý Thành Hoàng,1995-07-11,MALE,MASS,Hà Nội,VERIFIED,2022-08-11,DORMANT
4721,MSB00004721,Nguyễn Hải Hoa,1979-10-19,FEMALE,AFFLUENT,Hà Nội,VERIFIED,2018-02-18,ACTIVE
4722,MSB00004722,Trần Đức Hoàng,1973-12-13,MALE,SME_OWNER,TP. Hồ Chí Minh,VERIFIED,2026-02-13,ACTIVE
4723,MSB00004723,Ngô Thu Hà,1974-09-29,FEMALE,MASS,TP. Hồ Chí Minh,VERIFIED,2023-05-06,ACTIVE
4724,MSB00004724,Phan Thu My,1993-05-03,FEMALE,MASS,TP. Hồ Chí Minh,VERIFIED,2018-01-18,ACTIVE
4725,MSB00004725,Hồ Đức Dũng,2004-09-04,MALE,PRIVATE,Hà Nội,VERIFIED,2023-07-14,ACTIVE
4726,MSB00004726,Trần Hải Hà,1964-09-22,FEMALE,MASS,Đồng Nai,VERIFIED,2019-04-03,ACTIVE
4727,MSB00004727,Phạm Mai Chi,1977-07-20,FEMALE,MASS,TP. Hồ Chí Minh,VERIFIED,2021-08-28,ACTIVE
4728,MSB00004728,Bùi Văn Huy,1970-10-15,MALE,MASS,Nghệ An,VERIFIED,2020-12-11,ACTIVE
4729,MSB00004729,Đỗ Mai Nhung,1980-07-18,FEMALE,MASS_AFFLUENT,Đồng Nai,VERIFIED,2022-02-24,DORMANT
4730,MSB00004730,Phan Xuân Hoàng,1987-03-17,MALE,MASS,TP. Hồ Chí Minh,VERIFIED,2015-11-05,ACTIVE
4731,MSB00004731,Trần Phương Nga,1994-06-23,FEMALE,MASS_AFFLUENT,TP. Hồ Chí Minh,VERIFIED,2017-12-02,DORMANT
4732,MSB00004732,Hoàng Minh Trí,1974-01-28,MALE,MASS,TP. Hồ Chí Minh,VERIFIED,2017-11-04,DORMANT
4733,MSB00004733,Trần Xuân Việt,1965-08-21,MALE,MASS,Quảng Ninh,VERIFIED,2017-02-03,ACTIVE
4734,MSB00004734,Trần Thu Vân,1989-10-22,FEMALE,MASS,Đà Nẵng,VERIFIED,2021-05-13,DORMANT
4735,MSB00004735,Đỗ Thị Dung,2005-03-07,FEMALE,MASS,Đồng Nai,VERIFIED,2025-02-13,ACTIVE
4736,MSB00004736,Dương Hữu Tuấn,1998-10-14,MALE,MASS,Quảng Ninh,VERIFIED,2025-09-14,DORMANT
4737,MSB00004737,Lý Thùy Anh,1978-03-22,FEMALE,MASS,Hà Nội,VERIFIED,2020-09-14,ACTIVE
4738,MSB00004738,Ngô Xuân Quân,1995-02-06,MALE,AFFLUENT,Khánh Hòa,VERIFIED,2016-02-09,ACTIVE
4739,MSB00004739,Phạm Văn Huy,1965-12-01,MALE,PRIVATE,Bình Dương,VERIFIED,2020-09-10,ACTIVE
4740,MSB00004740,Hồ Diệu Uyên,1992-09-07,FEMALE,MASS_AFFLUENT,TP. Hồ Chí Minh,VERIFIED,2014-11-04,ACTIVE
4741,MSB00004741,Phan Kim Lan,1982-04-13,FEMALE,MASS_AFFLUENT,Nghệ An,PENDING,2020-03-22,ACTIVE
4742,MSB00004742,Đỗ Văn An,1995-02-19,MALE,MASS,Đà Nẵng,VERIFIED,2018-12-04,ACTIVE
4743,MSB00004743,Lý Thu Anh,1984-05-01,FEMALE,MASS_AFFLUENT,TP. Hồ Chí Minh,VERIFIED,2025-06-03,DORMANT
4744,MSB00004744,Bùi Ngọc Hằng,1973-08-12,FEMALE,MASS_AFFLUENT,Hà Nội,VERIFIED,2017-05-14,ACTIVE
4745,MSB00004745,Phan Kim Nhung,1966-10-14,FEMALE,MASS_AFFLUENT,Cần Thơ,VERIFIED,2015-12-16,ACTIVE
4746,MSB00004746,Dương Mai Uyên,1970-02-03,FEMALE,PRIVATE,Bình Dương,VERIFIED,2020-06-04,ACTIVE
4747,MSB00004747,Vũ Quang Cường,1981-04-14,MALE,AFFLUENT,Hà Nội,VERIFIED,2015-10-11,ACTIVE
4748,MSB00004748,Đặng Thành Đạt,1983-11-18,MALE,PRIVATE,TP. Hồ Chí Minh,VERIFIED,2023-07-26,ACTIVE
4749,MSB00004749,Nguyễn Mai Nga,1989-11-02,FEMALE,AFFLUENT,Hà Nội,VERIFIED,2020-08-14,ACTIVE
4750,MSB00004750,Trần Diệu My,1956-09-02,FEMALE,AFFLUENT,Đà Nẵng,VERIFIED,2015-09-09,ACTIVE
4751,MSB00004751,Phan Hữu Bình,1970-03-21,MALE,SME_OWNER,Đà Nẵng,PENDING,2019-04-15,DORMANT
4752,MSB00004752,Trần Đức Khoa,1962-07-20,MALE,PRIVATE,Đồng Nai,VERIFIED,2018-04-19,ACTIVE
4753,MSB00004753,Vũ Quang Trí,1970-03-03,MALE,MASS_AFFLUENT,Hà Nội,VERIFIED,2021-08-16,DORMANT
4754,MSB00004754,Hồ Kim Yến,2002-03-20,FEMALE,MASS,Hà Nội,VERIFIED,2019-12-06,ACTIVE
4755,MSB00004755,Võ Ngọc Hà,1993-06-13,FEMALE,MASS_AFFLUENT,Hà Nội,PENDING,2021-12-29,DORMANT
4756,MSB00004756,Phan Thị Dung,1983-01-26,FEMALE,MASS,Nghệ An,VERIFIED,2018-05-16,ACTIVE
4757,MSB00004757,Lý Hữu Sơn,1991-03-30,MALE,AFFLUENT,TP. Hồ Chí Minh,VERIFIED,2025-09-04,ACTIVE
4758,MSB00004758,Trần Phương Thảo,1960-10-10,FEMALE,MASS_AFFLUENT,TP. Hồ Chí Minh,VERIFIED,2020-05-10,DORMANT
4759,MSB00004759,Vũ Hữu An,1982-08-10,MALE,AFFLUENT,Hà Nội,VERIFIED,2015-06-25,DORMANT
4760,MSB00004760,Hồ Văn Khoa,1994-12-10,MALE,MASS,Hà Nội,VERIFIED,2025-08-24,DORMANT
4761,MSB00004761,Ngô Minh Đạt,1977-01-20,MALE,PRIVATE,Cần Thơ,VERIFIED,2021-01-24,ACTIVE
4762,MSB00004762,Ngô Phương Yến,1988-06-04,FEMALE,MASS,TP. Hồ Chí Minh,VERIFIED,2018-08-16,ACTIVE
4763,MSB00004763,Nguyễn Thu Hằng,2000-04-21,FEMALE,AFFLUENT,Cần Thơ,VERIFIED,2025-05-04,ACTIVE
4764,MSB00004764,Dương Quang Hùng,1958-10-19,MALE,MASS,TP. Hồ Chí Minh,VERIFIED,2026-04-07,ACTIVE
4765,MSB00004765,Phạm Bá Đạt,1959-04-18,MALE,AFFLUENT,TP. Hồ Chí Minh,VERIFIED,2024-05-26,ACTIVE
4766,MSB00004766,Nguyễn Ngọc Nga,1967-12-29,FEMALE,MASS_AFFLUENT,Đà Nẵng,VERIFIED,2023-10-04,ACTIVE
4767,MSB00004767,Phạm Thành Vinh,1991-02-22,MALE,MASS,Hà Nội,VERIFIED,2016-01-29,ACTIVE
4768,MSB00004768,Ngô Bá Đạt,1964-10-05,MALE,MASS_AFFLUENT,TP. Hồ Chí Minh,EXPIRED,2024-07-04,ACTIVE
4769,MSB00004769,Huỳnh Đức Khoa,1991-12-30,MALE,MASS_AFFLUENT,Hà Nội,VERIFIED,2018-11-09,ACTIVE
4770,MSB00004770,Ngô Quang Khoa,1962-10-28,MALE,MASS,Cần Thơ,VERIFIED,2022-05-12,DORMANT
4771,MSB00004771,Đỗ Đức Hùng,1961-10-02,MALE,MASS,Đà Nẵng,VERIFIED,2020-01-30,ACTIVE
4772,MSB00004772,Nguyễn Diệu Hằng,1998-07-11,FEMALE,AFFLUENT,TP. Hồ Chí Minh,VERIFIED,2015-09-25,ACTIVE
4773,MSB00004773,Hồ Hữu An,1990-10-28,MALE,PRIVATE,Đà Nẵng,VERIFIED,2016-04-25,ACTIVE
4774,MSB00004774,Bùi Văn Cường,1971-09-12,MALE,AFFLUENT,Hà Nội,VERIFIED,2025-05-25,ACTIVE
4775,MSB00004775,Huỳnh Phương Anh,1995-08-15,FEMALE,PRIVATE,Bình Dương,PENDING,2025-04-15,ACTIVE
4776,MSB00004776,Lê Công Việt,1966-03-15,MALE,AFFLUENT,Cần Thơ,EXPIRED,2022-02-27,ACTIVE
4777,MSB00004777,Trần Thu Hà,1973-05-26,FEMALE,MASS_AFFLUENT,Hà Nội,VERIFIED,2016-11-22,DORMANT
4778,MSB00004778,Hoàng Đức Tuấn,1994-09-04,MALE,PRIVATE,Đồng Nai,VERIFIED,2017-06-20,DORMANT
4779,MSB00004779,Trần Diệu Hằng,1968-04-21,FEMALE,MASS_AFFLUENT,TP. Hồ Chí Minh,VERIFIED,2019-02-11,ACTIVE
4780,MSB00004780,Lý Thành Long,2004-06-20,MALE,MASS_AFFLUENT,TP. Hồ Chí Minh,VERIFIED,2016-04-05,DORMANT
4781,MSB00004781,Hoàng Diệu Thảo,1987-07-25,FEMALE,MASS,TP. Hồ Chí Minh,VERIFIED,2024-03-14,ACTIVE
4782,MSB00004782,Đặng Thị Yến,1997-11-11,FEMALE,MASS_AFFLUENT,Bình Dương,PENDING,2017-09-28,ACTIVE
4783,MSB00004783,Vũ Thị Uyên,2006-08-06,FEMALE,MASS_AFFLUENT,Hà Nội,VERIFIED,2015-01-08,DORMANT
4784,MSB00004784,Nguyễn Ngọc Chi,1969-05-08,FEMALE,MASS,TP. Hồ Chí Minh,VERIFIED,2015-01-26,DORMANT
4785,MSB00004785,Phan Bá Cường,1999-02-07,MALE,MASS_AFFLUENT,Khánh Hòa,VERIFIED,2018-01-12,DORMANT
4786,MSB00004786,Lê Xuân Dũng,1972-08-11,MALE,MASS_AFFLUENT,Khánh Hòa,VERIFIED,2018-03-18,ACTIVE
4787,MSB00004787,Trần Phương Hằng,2003-06-26,FEMALE,MASS_AFFLUENT,Bình Dương,VERIFIED,2023-09-20,ACTIVE
4788,MSB00004788,Lý Thùy Ngân,1961-08-30,FEMALE,MASS,Hà Nội,VERIFIED,2017-08-22,ACTIVE
4789,MSB00004789,Dương Thành An,1958-03-13,MALE,AFFLUENT,Đà Nẵng,VERIFIED,2023-06-11,ACTIVE
4790,MSB00004790,Phạm Thùy Yến,1991-05-10,FEMALE,AFFLUENT,TP. Hồ Chí Minh,VERIFIED,2021-05-27,ACTIVE
4791,MSB00004791,Phạm Thị Lan,1981-10-14,FEMALE,MASS,Hà Nội,VERIFIED,2024-12-17,DORMANT
4792,MSB00004792,Hoàng Thùy My,1975-07-30,FEMALE,AFFLUENT,Hà Nội,VERIFIED,2022-10-21,ACTIVE
4793,MSB00004793,Dương Thu Thảo,1977-05-23,FEMALE,MASS,Đồng Nai,PENDING,2025-06-10,ACTIVE
4794,MSB00004794,Bùi Ngọc Oanh,2004-10-17,FEMALE,MASS,Hà Nội,VERIFIED,2020-12-09,ACTIVE
4795,MSB00004795,Huỳnh Hữu Hùng,1957-11-26,MALE,MASS_AFFLUENT,TP. Hồ Chí Minh,VERIFIED,2025-06-25,ACTIVE
4796,MSB00004796,Nguyễn Phương Chi,1960-03-23,FEMALE,MASS_AFFLUENT,Hà Nội,VERIFIED,2017-05-15,DORMANT
4797,MSB00004797,Phạm Văn Bình,1981-09-04,MALE,MASS,Đà Nẵng,VERIFIED,2018-09-05,DORMANT
4798,MSB00004798,Dương Văn Tuấn,1979-01-30,MALE,MASS,Bình Dương,VERIFIED,2018-09-28,ACTIVE
4799,MSB00004799,Huỳnh Thùy Hoa,1997-11-28,FEMALE,MASS,TP. Hồ Chí Minh,VERIFIED,2018-02-15,DORMANT
4800,MSB00004800,Trần Thu Uyên,1968-09-02,FEMALE,MASS,Bình Dương,VERIFIED,2017-04-28,ACTIVE
4801,MSB00004801,Đặng Bá Việt,1981-02-24,MALE,MASS_AFFLUENT,Hà Nội,VERIFIED,2018-06-12,ACTIVE
4802,MSB00004802,Dương Thị Dung,1992-03-05,FEMALE,MASS_AFFLUENT,TP. Hồ Chí Minh,VERIFIED,2019-01-03,ACTIVE
4803,MSB00004803,Phan Minh Hoàng,1990-12-29,MALE,PRIVATE,TP. Hồ Chí Minh,VERIFIED,2024-03-13,ACTIVE
4804,MSB00004804,Trần Văn Hoàng,2002-08-03,MALE,AFFLUENT,TP. Hồ Chí Minh,VERIFIED,2017-10-10,DORMANT
4805,MSB00004805,Võ Ngọc Hà,1967-03-25,FEMALE,MASS,Quảng Ninh,VERIFIED,2020-08-24,ACTIVE
4806,MSB00004806,Đỗ Mai Anh,2002-12-19,FEMALE,AFFLUENT,Cần Thơ,PENDING,2024-07-05,ACTIVE
4807,MSB00004807,Nguyễn Bá Đạt,1978-04-11,MALE,AFFLUENT,Hà Nội,VERIFIED,2020-09-20,DORMANT
4808,MSB00004808,Phạm Thành Đạt,1965-12-11,MALE,MASS,Nghệ An,VERIFIED,2022-07-21,DORMANT
4809,MSB00004809,Trần Thùy Dung,2004-04-02,FEMALE,MASS_AFFLUENT,Hải Phòng,VERIFIED,2024-01-03,ACTIVE
4810,MSB00004810,Hồ Thành Cường,1999-06-19,MALE,AFFLUENT,TP. Hồ Chí Minh,VERIFIED,2019-10-13,ACTIVE
4811,MSB00004811,Lê Phương Yến,1968-07-05,FEMALE,MASS,Khánh Hòa,VERIFIED,2015-11-22,ACTIVE
4812,MSB00004812,Hồ Hữu Long,1965-02-09,MALE,MASS,Bình Dương,VERIFIED,2026-02-18,DORMANT
4813,MSB00004813,Trần Thu Ngân,2002-06-18,FEMALE,MASS_AFFLUENT,Cần Thơ,VERIFIED,2024-10-02,DORMANT
4814,MSB00004814,Huỳnh Quang Khoa,1993-04-15,MALE,MASS,Hà Nội,VERIFIED,2015-09-08,DORMANT
4815,MSB00004815,Đặng Quang Dũng,1976-02-20,MALE,MASS,Hà Nội,VERIFIED,2018-04-08,DORMANT
4816,MSB00004816,Nguyễn Công An,1979-08-10,MALE,AFFLUENT,Đồng Nai,VERIFIED,2023-07-14,ACTIVE
4817,MSB00004817,Lê Thu Lan,1981-03-27,FEMALE,MASS,Hải Phòng,VERIFIED,2022-01-08,ACTIVE
4818,MSB00004818,Hoàng Thị Hà,1993-05-06,FEMALE,MASS,Bình Dương,VERIFIED,2025-04-17,ACTIVE
4819,MSB00004819,Dương Hải Linh,1980-05-05,FEMALE,MASS,Bình Dương,VERIFIED,2016-06-27,ACTIVE
4820,MSB00004820,Nguyễn Công Huy,2003-10-01,MALE,PRIVATE,Khánh Hòa,VERIFIED,2018-07-31,ACTIVE
4821,MSB00004821,Hồ Thành Hùng,1962-09-25,MALE,MASS_AFFLUENT,TP. Hồ Chí Minh,VERIFIED,2023-08-14,DORMANT
4822,MSB00004822,Phan Thị Vân,1979-05-11,FEMALE,SME_OWNER,TP. Hồ Chí Minh,VERIFIED,2024-01-25,ACTIVE
4823,MSB00004823,Trần Quang Khoa,1987-10-11,MALE,MASS,Hà Nội,VERIFIED,2018-04-07,ACTIVE
4824,MSB00004824,Đặng Mai Hoa,1988-06-07,FEMALE,MASS,Hà Nội,VERIFIED,2019-10-10,ACTIVE
4825,MSB00004825,Nguyễn Quang Quân,1988-04-23,MALE,MASS_AFFLUENT,TP. Hồ Chí Minh,VERIFIED,2017-08-04,DORMANT
4826,MSB00004826,Lê Thị Nga,1984-09-18,FEMALE,MASS_AFFLUENT,TP. Hồ Chí Minh,VERIFIED,2023-06-04,ACTIVE
4827,MSB00004827,Đặng Thùy Ngân,1997-07-21,FEMALE,SME_OWNER,Hà Nội,VERIFIED,2014-09-23,ACTIVE
4828,MSB00004828,Vũ Hữu Tuấn,1976-04-10,MALE,AFFLUENT,Đà Nẵng,VERIFIED,2024-05-23,DORMANT
4829,MSB00004829,Bùi Hữu Việt,1996-11-07,MALE,MASS_AFFLUENT,TP. Hồ Chí Minh,VERIFIED,2024-03-31,ACTIVE
4830,MSB00004830,Phạm Phương Uyên,1990-09-19,FEMALE,MASS_AFFLUENT,TP. Hồ Chí Minh,VERIFIED,2017-10-02,ACTIVE
4831,MSB00004831,Dương Đức Long,1962-09-16,MALE,AFFLUENT,TP. Hồ Chí Minh,VERIFIED,2019-09-27,DORMANT
4832,MSB00004832,Trần Diệu Hoa,1977-10-10,FEMALE,MASS,TP. Hồ Chí Minh,VERIFIED,2021-10-18,ACTIVE
4833,MSB00004833,Hồ Diệu My,1960-09-09,FEMALE,MASS_AFFLUENT,Hải Phòng,VERIFIED,2017-09-27,DORMANT
4834,MSB00004834,Đỗ Minh Sơn,1974-03-09,MALE,MASS_AFFLUENT,TP. Hồ Chí Minh,VERIFIED,2019-08-17,DORMANT
4835,MSB00004835,Phạm Mai Dung,1967-05-03,FEMALE,MASS,TP. Hồ Chí Minh,VERIFIED,2021-08-17,DORMANT
4836,MSB00004836,Bùi Xuân Hoàng,2002-04-09,MALE,MASS,TP. Hồ Chí Minh,VERIFIED,2023-10-22,DORMANT
4837,MSB00004837,Hồ Phương Thảo,1981-07-14,FEMALE,AFFLUENT,Hà Nội,VERIFIED,2017-12-17,ACTIVE
4838,MSB00004838,Ngô Đức Tuấn,1989-07-08,MALE,AFFLUENT,Bình Dương,VERIFIED,2019-11-19,ACTIVE
4839,MSB00004839,Phan Thu Uyên,2005-09-06,FEMALE,MASS_AFFLUENT,Nghệ An,VERIFIED,2015-11-24,ACTIVE
4840,MSB00004840,Nguyễn Hữu Bình,2002-06-19,MALE,SME_OWNER,Hà Nội,PENDING,2021-05-31,ACTIVE
4841,MSB00004841,Phạm Minh Huy,1997-01-15,MALE,MASS_AFFLUENT,TP. Hồ Chí Minh,VERIFIED,2023-03-26,ACTIVE
4842,MSB00004842,Lý Xuân Vinh,2006-06-04,MALE,MASS_AFFLUENT,Đồng Nai,VERIFIED,2025-09-23,DORMANT
4843,MSB00004843,Vũ Thành Hùng,1984-12-28,MALE,MASS,Hải Phòng,VERIFIED,2023-03-02,DORMANT
4844,MSB00004844,Bùi Thị Yến,2004-03-09,FEMALE,AFFLUENT,TP. Hồ Chí Minh,VERIFIED,2017-11-07,DORMANT
4845,MSB00004845,Lý Thành Dũng,1965-07-20,MALE,MASS_AFFLUENT,Hải Phòng,VERIFIED,2022-12-24,ACTIVE
4846,MSB00004846,Hoàng Thành Phúc,1977-04-14,MALE,MASS_AFFLUENT,Khánh Hòa,VERIFIED,2019-11-19,DORMANT
4847,MSB00004847,Võ Công Đạt,1957-12-04,MALE,MASS_AFFLUENT,Hà Nội,VERIFIED,2023-10-27,ACTIVE
4848,MSB00004848,Lê Công Hùng,2001-11-08,MALE,MASS,Hải Phòng,VERIFIED,2015-07-06,ACTIVE
4849,MSB00004849,Đỗ Đức Khoa,2003-05-15,MALE,AFFLUENT,Bình Dương,VERIFIED,2015-10-23,ACTIVE
4850,MSB00004850,Lê Bá Dũng,1963-05-12,MALE,MASS,Hà Nội,VERIFIED,2016-11-26,ACTIVE
4851,MSB00004851,Ngô Diệu Thảo,1986-12-05,FEMALE,MASS,Khánh Hòa,VERIFIED,2017-10-10,DORMANT
4852,MSB00004852,Huỳnh Phương Uyên,1969-03-26,FEMALE,MASS_AFFLUENT,Nghệ An,VERIFIED,2019-09-01,ACTIVE
4853,MSB00004853,Trần Thị Hà,1997-08-02,FEMALE,MASS,Cần Thơ,VERIFIED,2026-03-25,ACTIVE
4854,MSB00004854,Lý Văn Vinh,2006-07-14,MALE,AFFLUENT,TP. Hồ Chí Minh,VERIFIED,2025-10-28,DORMANT
4855,MSB00004855,Ngô Diệu Nga,1982-04-13,FEMALE,AFFLUENT,Đà Nẵng,VERIFIED,2021-02-25,ACTIVE
4856,MSB00004856,Võ Hải Nhung,1978-05-21,FEMALE,MASS,Hải Phòng,EXPIRED,2017-07-22,ACTIVE
4857,MSB00004857,Hồ Ngọc Yến,2001-07-15,FEMALE,MASS_AFFLUENT,Hà Nội,VERIFIED,2024-10-22,ACTIVE
4858,MSB00004858,Phan Đức Vinh,2005-11-15,MALE,MASS_AFFLUENT,TP. Hồ Chí Minh,VERIFIED,2019-12-04,ACTIVE
4859,MSB00004859,Đặng Văn Cường,1996-03-13,MALE,PRIVATE,Hà Nội,VERIFIED,2015-03-12,DORMANT
4860,MSB00004860,Nguyễn Quang Đạt,2000-12-12,MALE,MASS_AFFLUENT,TP. Hồ Chí Minh,VERIFIED,2016-08-02,DORMANT
4861,MSB00004861,Huỳnh Văn Đạt,1957-08-27,MALE,MASS,Cần Thơ,VERIFIED,2019-11-22,ACTIVE
4862,MSB00004862,Đỗ Kim Hà,1957-04-03,FEMALE,MASS_AFFLUENT,Đồng Nai,PENDING,2019-08-03,ACTIVE
4863,MSB00004863,Bùi Công Hùng,2006-03-06,MALE,MASS,TP. Hồ Chí Minh,VERIFIED,2025-08-06,ACTIVE
4864,MSB00004864,Hoàng Văn Phúc,1984-01-30,MALE,SME_OWNER,Đà Nẵng,VERIFIED,2026-04-21,ACTIVE
4865,MSB00004865,Hồ Bá Vinh,1986-09-09,MALE,MASS,Đà Nẵng,VERIFIED,2022-08-23,ACTIVE
4866,MSB00004866,Dương Xuân Dũng,2005-03-13,MALE,AFFLUENT,TP. Hồ Chí Minh,VERIFIED,2016-10-27,ACTIVE
4867,MSB00004867,Phan Công Việt,1973-03-02,MALE,MASS,Hải Phòng,VERIFIED,2026-04-04,ACTIVE
4868,MSB00004868,Ngô Xuân Bình,1963-10-06,MALE,MASS_AFFLUENT,Hà Nội,VERIFIED,2017-01-02,ACTIVE
4869,MSB00004869,Võ Thùy Hoa,1976-04-04,FEMALE,MASS_AFFLUENT,Hà Nội,VERIFIED,2023-04-29,ACTIVE
4870,MSB00004870,Vũ Quang Hoàng,1961-04-05,MALE,SME_OWNER,TP. Hồ Chí Minh,VERIFIED,2025-03-02,ACTIVE
4871,MSB00004871,Lý Ngọc Ngân,1975-07-01,FEMALE,MASS_AFFLUENT,Nghệ An,VERIFIED,2025-03-17,ACTIVE
4872,MSB00004872,Trần Thùy Thảo,1978-12-08,FEMALE,SME_OWNER,Nghệ An,VERIFIED,2018-05-08,ACTIVE
4873,MSB00004873,Lý Diệu Hằng,1959-08-21,FEMALE,MASS_AFFLUENT,Hải Phòng,VERIFIED,2025-10-21,ACTIVE
4874,MSB00004874,Bùi Thu Oanh,1971-06-10,FEMALE,MASS,Đà Nẵng,VERIFIED,2020-03-10,ACTIVE
4875,MSB00004875,Vũ Xuân Long,1968-03-28,MALE,MASS,Hải Phòng,VERIFIED,2015-06-04,DORMANT
4876,MSB00004876,Bùi Phương Uyên,1967-03-23,FEMALE,MASS,TP. Hồ Chí Minh,VERIFIED,2019-06-12,DORMANT
4877,MSB00004877,Nguyễn Kim My,2005-08-13,FEMALE,SME_OWNER,TP. Hồ Chí Minh,VERIFIED,2022-06-05,ACTIVE
4878,MSB00004878,Phạm Bá Hoàng,1970-02-15,MALE,AFFLUENT,Hà Nội,VERIFIED,2015-12-15,DORMANT
4879,MSB00004879,Trần Thành Đạt,1968-09-07,MALE,MASS_AFFLUENT,Hà Nội,VERIFIED,2025-06-23,DORMANT
4880,MSB00004880,Hoàng Phương Nhung,1982-07-20,FEMALE,MASS_AFFLUENT,Quảng Ninh,VERIFIED,2023-06-01,ACTIVE
4881,MSB00004881,Nguyễn Bá Vinh,1978-02-28,MALE,MASS,Cần Thơ,VERIFIED,2024-04-29,ACTIVE
4882,MSB00004882,Hoàng Thu Trang,1965-01-25,FEMALE,MASS,Hải Phòng,VERIFIED,2026-03-04,ACTIVE
4883,MSB00004883,Hồ Văn Long,1999-05-02,MALE,MASS_AFFLUENT,Đồng Nai,VERIFIED,2015-03-12,DORMANT
4884,MSB00004884,Đặng Hữu Trí,1980-01-31,MALE,MASS_AFFLUENT,Đà Nẵng,VERIFIED,2023-11-23,DORMANT
4885,MSB00004885,Phạm Mai Chi,1968-04-25,FEMALE,MASS,Hải Phòng,VERIFIED,2025-06-21,DORMANT
4886,MSB00004886,Dương Thị Oanh,1994-07-01,FEMALE,PRIVATE,Bình Dương,VERIFIED,2015-08-27,ACTIVE
4887,MSB00004887,Huỳnh Kim Chi,1992-10-25,FEMALE,PRIVATE,Hà Nội,VERIFIED,2015-02-08,ACTIVE
4888,MSB00004888,Bùi Phương Hoa,2005-08-28,FEMALE,MASS_AFFLUENT,Hà Nội,VERIFIED,2023-11-11,ACTIVE
4889,MSB00004889,Vũ Kim Oanh,1991-04-10,FEMALE,MASS_AFFLUENT,Đà Nẵng,PENDING,2021-08-22,DORMANT
4890,MSB00004890,Võ Văn Quân,1989-07-25,MALE,SME_OWNER,Hà Nội,VERIFIED,2018-06-17,ACTIVE
4891,MSB00004891,Huỳnh Ngọc Lan,1959-06-30,FEMALE,MASS_AFFLUENT,Hải Phòng,VERIFIED,2021-05-05,DORMANT
4892,MSB00004892,Huỳnh Đức Khoa,2001-10-05,MALE,MASS_AFFLUENT,Bình Dương,VERIFIED,2017-02-11,ACTIVE
4893,MSB00004893,Đỗ Đức Vinh,1973-10-10,MALE,MASS_AFFLUENT,Bình Dương,VERIFIED,2023-06-05,ACTIVE
4894,MSB00004894,Vũ Phương Dung,2003-03-02,FEMALE,SME_OWNER,TP. Hồ Chí Minh,VERIFIED,2016-11-03,ACTIVE
4895,MSB00004895,Phạm Xuân Hoàng,1966-10-14,MALE,MASS,Hà Nội,VERIFIED,2019-10-24,ACTIVE
4896,MSB00004896,Trần Diệu Vân,1983-06-08,FEMALE,AFFLUENT,Nghệ An,VERIFIED,2026-03-16,ACTIVE
4897,MSB00004897,Lê Đức Dũng,1985-04-03,MALE,MASS_AFFLUENT,Khánh Hòa,VERIFIED,2019-02-02,ACTIVE
4898,MSB00004898,Ngô Bá Việt,1959-07-18,MALE,AFFLUENT,TP. Hồ Chí Minh,VERIFIED,2026-03-20,ACTIVE
4899,MSB00004899,Hoàng Xuân Đạt,1969-02-10,MALE,MASS_AFFLUENT,Đồng Nai,VERIFIED,2016-06-16,ACTIVE
4900,MSB00004900,Ngô Ngọc Oanh,2000-12-15,FEMALE,SME_OWNER,Đồng Nai,VERIFIED,2014-10-16,ACTIVE
4901,MSB00004901,Bùi Thùy Ngân,1992-09-11,FEMALE,MASS,TP. Hồ Chí Minh,VERIFIED,2024-07-11,ACTIVE
4902,MSB00004902,Võ Quang Long,1992-11-25,MALE,MASS,TP. Hồ Chí Minh,VERIFIED,2020-03-05,ACTIVE
4903,MSB00004903,Bùi Bá Sơn,1975-12-29,MALE,MASS_AFFLUENT,Khánh Hòa,VERIFIED,2022-05-26,ACTIVE
4904,MSB00004904,Ngô Thành Khoa,1964-12-25,MALE,MASS_AFFLUENT,Cần Thơ,VERIFIED,2025-08-01,DORMANT
4905,MSB00004905,Đỗ Thành Huy,1975-01-11,MALE,MASS,Đà Nẵng,VERIFIED,2018-06-04,ACTIVE
4906,MSB00004906,Huỳnh Thùy Oanh,1986-03-27,FEMALE,AFFLUENT,Nghệ An,VERIFIED,2026-01-05,ACTIVE
4907,MSB00004907,Bùi Phương Trang,1969-02-26,FEMALE,MASS_AFFLUENT,Đồng Nai,VERIFIED,2026-01-17,DORMANT
4908,MSB00004908,Võ Văn Đạt,1969-06-26,MALE,PRIVATE,Hà Nội,VERIFIED,2016-11-14,DORMANT
4909,MSB00004909,Hoàng Đức Hoàng,2002-08-20,MALE,MASS,TP. Hồ Chí Minh,VERIFIED,2023-01-13,ACTIVE
4910,MSB00004910,Hồ Kim Oanh,1978-11-13,FEMALE,SME_OWNER,Đồng Nai,VERIFIED,2015-10-09,DORMANT
4911,MSB00004911,Trần Đức Hùng,1971-02-28,MALE,AFFLUENT,Hà Nội,VERIFIED,2019-05-25,ACTIVE
4912,MSB00004912,Phan Công Bình,1975-10-15,MALE,MASS_AFFLUENT,Hà Nội,VERIFIED,2020-03-17,ACTIVE
4913,MSB00004913,Đỗ Phương Lan,1994-07-14,FEMALE,MASS,Đồng Nai,VERIFIED,2021-07-21,DORMANT
4914,MSB00004914,Dương Công Cường,1998-04-06,MALE,MASS,Bình Dương,VERIFIED,2021-12-28,ACTIVE
4915,MSB00004915,Ngô Hữu Bình,1992-05-26,MALE,MASS_AFFLUENT,Hà Nội,VERIFIED,2023-09-14,DORMANT
4916,MSB00004916,Vũ Quang Khoa,1988-10-24,MALE,MASS,Hà Nội,VERIFIED,2018-02-18,ACTIVE
4917,MSB00004917,Ngô Thu Thảo,1960-04-12,FEMALE,MASS,Bình Dương,VERIFIED,2019-04-04,ACTIVE
4918,MSB00004918,Bùi Hữu Nam,1975-01-09,MALE,MASS,Hà Nội,VERIFIED,2026-01-24,DORMANT
4919,MSB00004919,Trần Mai Nhung,1965-07-28,FEMALE,MASS,Hà Nội,VERIFIED,2022-07-21,ACTIVE
4920,MSB00004920,Phan Thành Tuấn,2005-02-16,MALE,MASS,Khánh Hòa,VERIFIED,2015-11-04,ACTIVE
4921,MSB00004921,Đặng Công Long,1967-03-20,MALE,MASS_AFFLUENT,Bình Dương,VERIFIED,2020-07-31,ACTIVE
4922,MSB00004922,Hoàng Mai My,1997-01-17,FEMALE,MASS_AFFLUENT,TP. Hồ Chí Minh,VERIFIED,2023-05-05,ACTIVE
4923,MSB00004923,Vũ Thành Quân,1978-01-26,MALE,MASS_AFFLUENT,Đà Nẵng,VERIFIED,2023-08-26,DORMANT
4924,MSB00004924,Lý Đức An,1987-07-20,MALE,MASS,TP. Hồ Chí Minh,VERIFIED,2024-02-06,ACTIVE
4925,MSB00004925,Phan Minh Hoàng,1963-08-10,MALE,MASS,TP. Hồ Chí Minh,VERIFIED,2016-04-13,ACTIVE
4926,MSB00004926,Bùi Diệu Chi,1973-07-13,FEMALE,MASS,Quảng Ninh,VERIFIED,2022-09-14,ACTIVE
4927,MSB00004927,Võ Bá Quân,1983-06-10,MALE,MASS_AFFLUENT,Đà Nẵng,VERIFIED,2022-11-09,ACTIVE
4928,MSB00004928,Hoàng Hải Vân,1980-12-05,FEMALE,MASS,Hải Phòng,VERIFIED,2025-08-01,ACTIVE
4929,MSB00004929,Hoàng Minh Hoàng,1971-05-22,MALE,MASS_AFFLUENT,TP. Hồ Chí Minh,VERIFIED,2015-12-14,DORMANT
4930,MSB00004930,Lê Văn Vinh,1970-09-08,MALE,MASS_AFFLUENT,TP. Hồ Chí Minh,VERIFIED,2021-10-13,ACTIVE
4931,MSB00004931,Hồ Hữu Sơn,1978-07-27,MALE,MASS,TP. Hồ Chí Minh,VERIFIED,2018-02-08,DORMANT
4932,MSB00004932,Đỗ Xuân Hoàng,1970-02-23,MALE,MASS_AFFLUENT,TP. Hồ Chí Minh,VERIFIED,2017-12-28,ACTIVE
4933,MSB00004933,Phạm Phương Trang,1966-12-10,FEMALE,MASS_AFFLUENT,Đà Nẵng,VERIFIED,2022-03-30,DORMANT
4934,MSB00004934,Hoàng Hữu Nam,2005-08-08,MALE,MASS,Bình Dương,VERIFIED,2020-07-07,ACTIVE
4935,MSB00004935,Đỗ Kim Ngân,1988-02-22,FEMALE,PRIVATE,Bình Dương,VERIFIED,2025-02-22,DORMANT
4936,MSB00004936,Bùi Xuân Tuấn,1961-08-03,MALE,MASS,Hà Nội,VERIFIED,2018-07-15,ACTIVE
4937,MSB00004937,Lê Ngọc Hà,1989-11-12,FEMALE,MASS_AFFLUENT,TP. Hồ Chí Minh,EXPIRED,2018-06-20,ACTIVE
4938,MSB00004938,Hồ Xuân Vinh,1965-03-10,MALE,MASS,TP. Hồ Chí Minh,VERIFIED,2023-11-01,ACTIVE
4939,MSB00004939,Phạm Hải Anh,1978-10-17,FEMALE,AFFLUENT,Đà Nẵng,VERIFIED,2024-01-18,DORMANT
4940,MSB00004940,Hoàng Đức Phúc,1992-12-30,MALE,MASS_AFFLUENT,Đồng Nai,VERIFIED,2021-09-07,ACTIVE
4941,MSB00004941,Huỳnh Ngọc Anh,1989-05-04,FEMALE,SME_OWNER,Bình Dương,VERIFIED,2018-04-02,ACTIVE
4942,MSB00004942,Ngô Ngọc Uyên,1982-07-02,FEMALE,AFFLUENT,TP. Hồ Chí Minh,VERIFIED,2020-04-08,DORMANT
4943,MSB00004943,Nguyễn Mai Nhung,2000-07-01,FEMALE,AFFLUENT,Cần Thơ,VERIFIED,2025-08-10,ACTIVE
4944,MSB00004944,Phạm Thành Vinh,1991-08-16,MALE,MASS_AFFLUENT,Hà Nội,VERIFIED,2019-08-25,DORMANT
4945,MSB00004945,Đỗ Mai Thảo,1972-05-10,FEMALE,MASS,Hà Nội,PENDING,2018-01-30,ACTIVE
4946,MSB00004946,Lê Đức An,1960-12-04,MALE,MASS,Hà Nội,VERIFIED,2024-02-25,ACTIVE
4947,MSB00004947,Trần Văn Việt,1959-04-21,MALE,AFFLUENT,TP. Hồ Chí Minh,VERIFIED,2021-02-20,ACTIVE
4948,MSB00004948,Đặng Văn Nam,1987-07-06,MALE,MASS,TP. Hồ Chí Minh,VERIFIED,2016-11-27,ACTIVE
4949,MSB00004949,Trần Thùy Chi,1967-07-30,FEMALE,MASS_AFFLUENT,TP. Hồ Chí Minh,VERIFIED,2022-07-16,ACTIVE
4950,MSB00004950,Võ Văn Hoàng,1987-03-22,MALE,MASS,Đà Nẵng,VERIFIED,2025-04-10,DORMANT
4951,MSB00004951,Dương Mai Uyên,1966-06-12,FEMALE,MASS,Hà Nội,VERIFIED,2015-07-15,ACTIVE
4952,MSB00004952,Hồ Diệu Vân,1960-12-03,FEMALE,AFFLUENT,TP. Hồ Chí Minh,VERIFIED,2025-03-07,ACTIVE
4953,MSB00004953,Phạm Quang Khoa,1984-04-27,MALE,SME_OWNER,TP. Hồ Chí Minh,VERIFIED,2025-08-11,ACTIVE
4954,MSB00004954,Ngô Văn Nam,1976-07-13,MALE,MASS_AFFLUENT,TP. Hồ Chí Minh,VERIFIED,2023-06-01,ACTIVE
4955,MSB00004955,Phan Mai Hoa,1963-05-21,FEMALE,MASS_AFFLUENT,TP. Hồ Chí Minh,VERIFIED,2017-07-24,ACTIVE
4956,MSB00004956,Dương Minh Việt,2000-03-19,MALE,MASS,Hà Nội,VERIFIED,2018-09-11,ACTIVE
4957,MSB00004957,Võ Công Khoa,1994-08-14,MALE,AFFLUENT,TP. Hồ Chí Minh,VERIFIED,2023-08-01,ACTIVE
4958,MSB00004958,Hoàng Quang Khoa,1975-07-19,MALE,MASS,Bình Dương,VERIFIED,2025-06-05,DORMANT
4959,MSB00004959,Ngô Thùy Hà,1997-09-11,FEMALE,MASS_AFFLUENT,TP. Hồ Chí Minh,VERIFIED,2015-03-13,ACTIVE
4960,MSB00004960,Nguyễn Bá Nam,1967-04-24,MALE,MASS,Bình Dương,VERIFIED,2026-03-28,ACTIVE
4961,MSB00004961,Nguyễn Văn Huy,1992-11-27,MALE,MASS,Hà Nội,VERIFIED,2015-07-18,ACTIVE
4962,MSB00004962,Dương Đức Tuấn,1989-09-28,MALE,MASS,Cần Thơ,PENDING,2020-10-26,ACTIVE
4963,MSB00004963,Hoàng Bá Việt,1966-07-17,MALE,MASS,Hà Nội,VERIFIED,2024-01-23,ACTIVE
4964,MSB00004964,Vũ Diệu Hằng,1979-12-21,FEMALE,SME_OWNER,Nghệ An,VERIFIED,2022-04-14,ACTIVE
4965,MSB00004965,Lý Thu Vân,1966-10-28,FEMALE,MASS,Hà Nội,VERIFIED,2022-09-15,ACTIVE
4966,MSB00004966,Ngô Phương Dung,1975-08-20,FEMALE,AFFLUENT,Quảng Ninh,VERIFIED,2024-07-01,ACTIVE
4967,MSB00004967,Hồ Hải Vân,1981-05-06,FEMALE,MASS_AFFLUENT,Hà Nội,PENDING,2021-04-16,ACTIVE
4968,MSB00004968,Phạm Đức Long,1981-07-09,MALE,AFFLUENT,Cần Thơ,VERIFIED,2018-09-04,ACTIVE
4969,MSB00004969,Huỳnh Thị Dung,1966-08-16,FEMALE,AFFLUENT,TP. Hồ Chí Minh,VERIFIED,2020-10-24,DORMANT
4970,MSB00004970,Vũ Diệu Dung,1957-05-12,FEMALE,MASS_AFFLUENT,Hà Nội,VERIFIED,2018-11-05,ACTIVE
4971,MSB00004971,Phạm Mai Anh,2005-06-22,FEMALE,AFFLUENT,Hà Nội,PENDING,2015-01-04,ACTIVE
4972,MSB00004972,Trần Diệu Hằng,1980-10-05,FEMALE,AFFLUENT,Hà Nội,PENDING,2024-11-26,DORMANT
4973,MSB00004973,Hoàng Văn Nam,1967-06-03,MALE,MASS,TP. Hồ Chí Minh,VERIFIED,2017-09-16,ACTIVE
4974,MSB00004974,Lý Diệu Nhung,1973-11-28,FEMALE,MASS,Đà Nẵng,VERIFIED,2023-08-25,ACTIVE
4975,MSB00004975,Bùi Quang Việt,1982-08-09,MALE,MASS_AFFLUENT,TP. Hồ Chí Minh,VERIFIED,2026-02-07,ACTIVE
4976,MSB00004976,Võ Thùy Vân,1967-01-15,FEMALE,MASS_AFFLUENT,Hải Phòng,VERIFIED,2022-01-26,ACTIVE
4977,MSB00004977,Dương Hữu Bình,1982-12-18,MALE,AFFLUENT,Hà Nội,VERIFIED,2021-09-26,ACTIVE
4978,MSB00004978,Hồ Thị Uyên,2000-07-03,FEMALE,SME_OWNER,Hải Phòng,VERIFIED,2014-10-12,ACTIVE
4979,MSB00004979,Lý Thị Uyên,1993-03-23,FEMALE,MASS,Bình Dương,VERIFIED,2022-04-23,ACTIVE
4980,MSB00004980,Lê Thu Nga,2003-09-23,FEMALE,MASS,Hà Nội,VERIFIED,2017-05-12,ACTIVE
4981,MSB00004981,Bùi Văn Bình,1971-01-16,MALE,MASS,Bình Dương,VERIFIED,2015-06-03,ACTIVE
4982,MSB00004982,Hoàng Hải Linh,1957-11-06,FEMALE,MASS,TP. Hồ Chí Minh,VERIFIED,2022-05-24,DORMANT
4983,MSB00004983,Hoàng Thùy Thảo,1988-03-25,FEMALE,MASS,TP. Hồ Chí Minh,PENDING,2024-03-28,DORMANT
4984,MSB00004984,Đỗ Diệu My,1970-06-01,FEMALE,MASS_AFFLUENT,Bình Dương,VERIFIED,2015-01-25,ACTIVE
4985,MSB00004985,Ngô Phương Nga,1957-03-09,FEMALE,MASS_AFFLUENT,Hải Phòng,VERIFIED,2020-12-25,ACTIVE
4986,MSB00004986,Vũ Kim Linh,1987-04-03,FEMALE,MASS,TP. Hồ Chí Minh,VERIFIED,2021-01-07,ACTIVE
4987,MSB00004987,Bùi Kim Thảo,1961-09-03,FEMALE,AFFLUENT,TP. Hồ Chí Minh,VERIFIED,2017-10-29,DORMANT
4988,MSB00004988,Dương Minh Nam,2006-03-24,MALE,SME_OWNER,Đà Nẵng,VERIFIED,2021-11-21,DORMANT
4989,MSB00004989,Hồ Quang Hùng,1973-01-11,MALE,MASS,TP. Hồ Chí Minh,VERIFIED,2020-01-05,ACTIVE
4990,MSB00004990,Ngô Hải Nhung,1998-01-25,FEMALE,AFFLUENT,Quảng Ninh,EXPIRED,2015-04-25,ACTIVE
4991,MSB00004991,Hồ Thu Uyên,1967-04-15,FEMALE,AFFLUENT,Bình Dương,VERIFIED,2025-10-04,ACTIVE
4992,MSB00004992,Trần Bá Sơn,2006-04-13,MALE,MASS,Hà Nội,VERIFIED,2017-09-27,DORMANT
4993,MSB00004993,Đặng Thành Khoa,1964-10-23,MALE,MASS,TP. Hồ Chí Minh,VERIFIED,2021-09-12,ACTIVE
4994,MSB00004994,Hồ Văn Việt,1987-06-13,MALE,MASS_AFFLUENT,Đà Nẵng,VERIFIED,2019-12-09,DORMANT
4995,MSB00004995,Hồ Thị Oanh,1995-03-30,FEMALE,MASS,Hải Phòng,VERIFIED,2015-09-17,ACTIVE
4996,MSB00004996,Hồ Kim Ngân,1978-12-28,FEMALE,MASS,Hà Nội,VERIFIED,2019-04-28,DORMANT
4997,MSB00004997,Nguyễn Diệu Thảo,1957-08-07,FEMALE,MASS,Bình Dương,VERIFIED,2021-06-10,ACTIVE
4998,MSB00004998,Hồ Văn Nam,1997-12-23,MALE,MASS,Đà Nẵng,VERIFIED,2014-12-24,ACTIVE
4999,MSB00004999,Ngô Thành Huy,1990-10-29,MALE,MASS_AFFLUENT,Hà Nội,VERIFIED,2019-04-08,ACTIVE
5000,MSB00005000,Đặng Hải Lan,1975-03-20,FEMALE,MASS_AFFLUENT,Hà Nội,VERIFIED,2024-07-17,ACTIVE
