fact_loan_key,customer_key,loan_account_id,loan_type,disbursement_date,outstanding_principal,interest_rate,tenor_months,loan_status,delinquency_days
1,1,LOAN0000000001,PERSONAL,2022-01-06,3980435.66,9.32,48,ACTIVE,0
2,12,LOAN0000000002,AUTO,2023-09-16,38720951.41,8.3,180,ACTIVE,0
3,15,LOAN0000000003,PERSONAL,2021-03-29,49203254.83,9.37,24,ACTIVE,0
4,19,LOAN0000000004,PERSONAL,2025-04-24,260437910.24,7.11,240,ACTIVE,0
5,21,LOAN0000000005,HOME,2020-07-09,162119983.92,13.32,180,ACTIVE,0
6,24,LOAN0000000006,HOME,2025-10-23,201923993.49,13.96,60,ACTIVE,0
7,32,LOAN0000000007,PERSONAL,2020-12-29,1117843057.22,6.83,240,ACTIVE,0
8,33,LOAN0000000008,BUSINESS,2022-09-08,49993180.57,13.72,48,ACTIVE,0
9,41,LOAN0000000009,HOME,2024-03-05,260915584.53,12.86,240,ACTIVE,0
10,42,LOAN0000000010,PERSONAL,2026-03-03,107772366.98,13.6,180,ACTIVE,0
11,48,LOAN0000000011,AUTO,2024-02-28,96861261.85,7.18,240,ACTIVE,0
12,49,LOAN0000000012,PERSONAL,2021-12-07,5476857.21,6.94,48,DELINQUENT,90
13,50,LOAN0000000013,HOME,2024-06-22,153720296.22,8.87,240,ACTIVE,0
14,53,LOAN0000000014,AUTO,2024-12-30,104700939.79,8.01,60,ACTIVE,0
15,54,LOAN0000000015,HOME,2025-02-02,10735231.4,13.39,60,DELINQUENT,30
16,56,LOAN0000000016,HOME,2022-01-14,61688230.34,13.35,120,ACTIVE,0
17,59,LOAN0000000017,HOME,2020-04-14,469411067.36,10.89,120,ACTIVE,0
18,68,LOAN0000000018,CREDIT_LINE,2022-08-13,104755261.64,11.71,240,ACTIVE,0
19,72,LOAN0000000019,HOME,2020-06-28,264202294.17,9.26,180,ACTIVE,0
20,74,LOAN0000000020,AUTO,2025-10-07,132215039.81,11.71,24,ACTIVE,0
21,75,LOAN0000000021,CREDIT_LINE,2025-11-02,604987665.59,12.95,48,ACTIVE,0
22,78,LOAN0000000022,HOME,2021-12-05,41850332.98,8.81,120,DELINQUENT,15
23,79,LOAN0000000023,PERSONAL,2020-05-04,3693826.0,7.15,36,ACTIVE,0
24,84,LOAN0000000024,BUSINESS,2024-06-17,36204989.99,7.9,36,ACTIVE,0
25,86,LOAN0000000025,HOME,2020-06-13,21979987.8,11.24,24,ACTIVE,0
26,91,LOAN0000000026,BUSINESS,2020-06-19,227970.85,7.35,48,ACTIVE,0
27,93,LOAN0000000027,HOME,2024-12-19,133768745.63,6.86,48,ACTIVE,0
28,95,LOAN0000000028,PERSONAL,2026-05-16,332030997.37,13.22,120,ACTIVE,0
29,97,LOAN0000000029,PERSONAL,2024-01-01,695796841.68,12.66,120,ACTIVE,0
30,98,LOAN0000000030,CREDIT_LINE,2023-07-07,250269763.57,11.69,24,ACTIVE,0
31,100,LOAN0000000031,CREDIT_LINE,2022-04-22,287615750.0,7.56,60,ACTIVE,0
32,102,LOAN0000000032,AUTO,2025-12-02,28191004.54,8.54,120,ACTIVE,0
33,104,LOAN0000000033,HOME,2023-10-13,22569659.47,6.97,24,ACTIVE,0
34,105,LOAN0000000034,AUTO,2021-07-25,210156064.3,11.61,180,ACTIVE,0
35,108,LOAN0000000035,HOME,2024-12-16,52407329.87,13.77,180,ACTIVE,0
36,109,LOAN0000000036,PERSONAL,2022-01-07,3208043942.55,12.07,120,ACTIVE,0
37,110,LOAN0000000037,BUSINESS,2021-01-18,125331649.29,12.96,36,ACTIVE,0
38,111,LOAN0000000038,HOME,2025-04-13,39251961.78,10.12,12,ACTIVE,0
39,113,LOAN0000000039,AUTO,2025-07-03,63244784.66,7.47,240,ACTIVE,0
40,115,LOAN0000000040,HOME,2022-11-23,34865367.82,10.58,12,ACTIVE,0
41,122,LOAN0000000041,PERSONAL,2023-12-19,21746237.54,9.07,60,DELINQUENT,30
42,123,LOAN0000000042,HOME,2023-06-04,336735847.04,11.16,240,ACTIVE,0
43,125,LOAN0000000043,PERSONAL,2024-10-14,1284497215.96,10.45,48,ACTIVE,0
44,130,LOAN0000000044,BUSINESS,2021-11-22,87213099.99,7.13,24,ACTIVE,0
45,137,LOAN0000000045,HOME,2021-06-24,5525893.75,14.43,36,ACTIVE,0
46,140,LOAN0000000046,PERSONAL,2024-01-04,388429173.97,9.32,120,ACTIVE,0
47,146,LOAN0000000047,PERSONAL,2025-12-16,361573382.86,11.99,60,ACTIVE,0
48,148,LOAN0000000048,PERSONAL,2021-09-02,12824691.78,12.58,12,ACTIVE,0
49,152,LOAN0000000049,AUTO,2024-07-04,18907076.08,13.38,60,ACTIVE,0
50,167,LOAN0000000050,PERSONAL,2024-01-14,75629751.73,13.3,120,ACTIVE,0
51,168,LOAN0000000051,AUTO,2025-09-02,671035304.53,8.52,180,ACTIVE,0
52,172,LOAN0000000052,AUTO,2020-02-12,29842109.49,9.44,12,ACTIVE,0
53,175,LOAN0000000053,PERSONAL,2021-01-19,29290683.7,13.01,120,ACTIVE,0
54,176,LOAN0000000054,HOME,2023-04-21,231266405.39,8.93,48,ACTIVE,0
55,178,LOAN0000000055,CREDIT_LINE,2022-04-06,522424.47,9.41,48,ACTIVE,0
56,180,LOAN0000000056,HOME,2023-05-09,23200274.59,11.82,48,DELINQUENT,15
57,190,LOAN0000000057,AUTO,2020-11-29,44551170.59,9.69,36,ACTIVE,0
58,191,LOAN0000000058,HOME,2021-10-09,27688353.53,9.43,60,ACTIVE,0
59,193,LOAN0000000059,CREDIT_LINE,2022-03-17,233246864.34,7.08,36,ACTIVE,0
60,194,LOAN0000000060,HOME,2026-02-03,161884299.93,11.07,24,ACTIVE,0
61,197,LOAN0000000061,HOME,2026-03-26,52721011.8,12.33,24,ACTIVE,0
62,198,LOAN0000000062,AUTO,2020-10-19,346568.76,8.01,12,ACTIVE,0
63,201,LOAN0000000063,CREDIT_LINE,2025-10-09,27201311.48,9.62,24,ACTIVE,0
64,204,LOAN0000000064,PERSONAL,2022-10-08,7687875.79,11.71,24,ACTIVE,0
65,207,LOAN0000000065,PERSONAL,2021-01-21,119584418.78,6.96,48,ACTIVE,0
66,211,LOAN0000000066,PERSONAL,2024-03-13,35058282.78,12.86,120,DELINQUENT,30
67,212,LOAN0000000067,HOME,2024-12-03,39621141.32,12.34,180,ACTIVE,0
68,214,LOAN0000000068,AUTO,2025-04-22,194078528.49,10.89,48,ACTIVE,0
69,217,LOAN0000000069,HOME,2019-12-02,259675508.75,10.55,36,ACTIVE,0
70,218,LOAN0000000070,AUTO,2020-09-28,611393563.31,14.18,240,ACTIVE,0
71,228,LOAN0000000071,HOME,2026-02-13,53209131.58,11.03,36,ACTIVE,0
72,231,LOAN0000000072,HOME,2021-03-04,54694027.54,9.75,48,ACTIVE,0
73,243,LOAN0000000073,PERSONAL,2020-08-04,27920153.23,10.06,240,ACTIVE,0
74,246,LOAN0000000074,AUTO,2020-07-23,147523297.47,10.44,120,ACTIVE,0
75,253,LOAN0000000075,CREDIT_LINE,2022-05-11,224152542.47,14.42,120,ACTIVE,0
76,255,LOAN0000000076,PERSONAL,2023-07-02,23685244.11,7.65,36,ACTIVE,0
77,256,LOAN0000000077,HOME,2021-01-11,2704223.84,11.74,60,ACTIVE,0
78,259,LOAN0000000078,PERSONAL,2021-11-03,327644658.24,7.31,60,ACTIVE,0
79,260,LOAN0000000079,HOME,2021-06-13,12817303.11,11.04,12,ACTIVE,0
80,262,LOAN0000000080,PERSONAL,2020-09-12,88647540.75,8.16,60,ACTIVE,0
81,283,LOAN0000000081,AUTO,2023-11-27,279888885.18,12.43,120,ACTIVE,0
82,284,LOAN0000000082,HOME,2025-12-10,33488724.98,11.93,24,ACTIVE,0
83,285,LOAN0000000083,HOME,2023-12-17,950985.38,9.04,24,ACTIVE,0
84,289,LOAN0000000084,AUTO,2020-11-23,24273984.72,14.04,180,ACTIVE,0
85,296,LOAN0000000085,PERSONAL,2024-11-24,16846029.6,12.33,12,ACTIVE,0
86,297,LOAN0000000086,PERSONAL,2021-06-03,76330329.1,6.61,120,ACTIVE,0
87,298,LOAN0000000087,PERSONAL,2020-11-29,12208663.9,7.23,120,ACTIVE,0
88,300,LOAN0000000088,HOME,2022-08-02,66583731.6,13.04,240,ACTIVE,0
89,308,LOAN0000000089,PERSONAL,2022-12-03,15306965.5,13.3,60,ACTIVE,0
90,309,LOAN0000000090,HOME,2023-05-03,907953.24,8.7,24,ACTIVE,0
91,310,LOAN0000000091,AUTO,2023-10-28,68924234.83,7.9,24,ACTIVE,0
92,311,LOAN0000000092,HOME,2024-07-09,79139616.11,13.65,120,ACTIVE,0
93,320,LOAN0000000093,PERSONAL,2024-01-07,37722213.18,7.55,36,ACTIVE,0
94,321,LOAN0000000094,AUTO,2023-06-19,45676132.08,12.46,60,ACTIVE,0
95,323,LOAN0000000095,CREDIT_LINE,2025-11-01,26891997.39,10.87,12,ACTIVE,0
96,324,LOAN0000000096,BUSINESS,2021-01-04,96886134.93,8.53,180,ACTIVE,0
97,326,LOAN0000000097,HOME,2023-02-25,5510978.68,12.01,12,ACTIVE,0
98,328,LOAN0000000098,CREDIT_LINE,2024-03-14,110309412.57,11.53,36,ACTIVE,0
99,330,LOAN0000000099,CREDIT_LINE,2025-04-13,45440081.59,10.42,240,ACTIVE,0
100,331,LOAN0000000100,AUTO,2021-10-20,102741720.67,12.07,240,ACTIVE,0
101,332,LOAN0000000101,PERSONAL,2025-09-06,202327369.11,10.31,120,ACTIVE,0
102,334,LOAN0000000102,PERSONAL,2023-05-23,38787451.87,7.23,48,ACTIVE,0
103,335,LOAN0000000103,BUSINESS,2021-01-20,1170953172.6,9.23,240,ACTIVE,0
104,338,LOAN0000000104,AUTO,2022-10-07,55461416.41,10.91,180,DELINQUENT,15
105,339,LOAN0000000105,AUTO,2022-08-06,324538960.96,9.61,36,ACTIVE,0
106,342,LOAN0000000106,AUTO,2023-03-07,23535481.02,11.83,60,ACTIVE,0
107,349,LOAN0000000107,HOME,2020-04-04,29925928.98,11.12,12,ACTIVE,0
108,354,LOAN0000000108,HOME,2022-10-15,172759276.13,13.18,60,ACTIVE,0
109,358,LOAN0000000109,HOME,2022-03-02,7778225.45,9.77,60,ACTIVE,0
110,361,LOAN0000000110,AUTO,2020-01-24,243454859.66,11.72,240,ACTIVE,0
111,362,LOAN0000000111,AUTO,2023-08-05,510013961.2,10.64,120,ACTIVE,0
112,364,LOAN0000000112,PERSONAL,2020-05-01,88766257.33,13.67,36,ACTIVE,0
113,370,LOAN0000000113,CREDIT_LINE,2025-12-20,128954305.11,8.82,240,ACTIVE,0
114,381,LOAN0000000114,AUTO,2025-08-28,27451855.31,6.55,48,ACTIVE,0
115,390,LOAN0000000115,PERSONAL,2021-09-28,77376641.68,9.19,60,ACTIVE,0
116,393,LOAN0000000116,PERSONAL,2023-01-22,99716693.5,8.42,24,ACTIVE,0
117,394,LOAN0000000117,PERSONAL,2023-12-21,57084340.18,10.52,60,ACTIVE,0
118,404,LOAN0000000118,HOME,2023-03-24,289260876.04,6.87,36,ACTIVE,0
119,411,LOAN0000000119,HOME,2020-02-14,30888439.13,14.42,120,ACTIVE,0
120,431,LOAN0000000120,HOME,2026-04-15,27182964.01,13.24,12,ACTIVE,0
121,434,LOAN0000000121,HOME,2022-11-01,37785195.92,13.88,60,ACTIVE,0
122,437,LOAN0000000122,HOME,2020-08-26,45652521.35,10.9,60,ACTIVE,0
123,439,LOAN0000000123,PERSONAL,2021-12-03,16293352.74,6.5,36,ACTIVE,0
124,442,LOAN0000000124,BUSINESS,2024-12-28,83517843.38,6.73,12,ACTIVE,0
125,445,LOAN0000000125,HOME,2020-03-15,45474051.25,6.6,60,ACTIVE,0
126,446,LOAN0000000126,HOME,2023-01-08,10400304.65,12.19,48,DELINQUENT,60
127,447,LOAN0000000127,HOME,2024-06-13,819745938.59,11.66,180,ACTIVE,0
128,448,LOAN0000000128,HOME,2022-03-01,1793021.1,8.63,48,ACTIVE,0
129,449,LOAN0000000129,PERSONAL,2021-04-01,673691541.91,14.23,120,ACTIVE,0
130,451,LOAN0000000130,BUSINESS,2025-11-11,479354905.37,13.02,24,ACTIVE,0
131,453,LOAN0000000131,PERSONAL,2025-05-04,69970859.12,11.01,24,DELINQUENT,30
132,454,LOAN0000000132,PERSONAL,2022-06-15,9853383.75,8.47,24,ACTIVE,0
133,456,LOAN0000000133,HOME,2022-12-19,40819526.2,10.89,48,ACTIVE,0
134,459,LOAN0000000134,PERSONAL,2025-04-03,19180273.95,14.05,12,ACTIVE,0
135,461,LOAN0000000135,HOME,2025-02-06,14516209.65,9.33,12,ACTIVE,0
136,465,LOAN0000000136,AUTO,2026-04-26,43937000.21,7.5,240,ACTIVE,0
137,470,LOAN0000000137,HOME,2023-07-06,78746359.53,7.46,180,ACTIVE,0
138,474,LOAN0000000138,CREDIT_LINE,2022-03-18,81724430.75,7.68,36,ACTIVE,0
139,478,LOAN0000000139,HOME,2023-05-30,278672739.04,7.1,120,ACTIVE,0
140,481,LOAN0000000140,AUTO,2026-03-01,267014537.01,10.45,36,ACTIVE,0
141,482,LOAN0000000141,BUSINESS,2023-12-28,31669238.17,14.17,180,ACTIVE,0
142,485,LOAN0000000142,PERSONAL,2019-12-26,517945155.53,11.86,240,ACTIVE,0
143,487,LOAN0000000143,BUSINESS,2025-08-28,1096691557.36,9.32,180,ACTIVE,0
144,490,LOAN0000000144,PERSONAL,2024-12-23,47689255.7,9.31,12,ACTIVE,0
145,491,LOAN0000000145,HOME,2025-06-09,36094391.22,12.66,48,DELINQUENT,15
146,492,LOAN0000000146,PERSONAL,2023-09-24,86069464.23,7.37,180,ACTIVE,0
147,495,LOAN0000000147,AUTO,2024-01-12,2137432511.88,12.99,180,ACTIVE,0
148,501,LOAN0000000148,AUTO,2023-04-04,1015626.01,8.47,36,ACTIVE,0
149,505,LOAN0000000149,PERSONAL,2023-09-07,2902665035.39,8.14,60,ACTIVE,0
150,506,LOAN0000000150,AUTO,2025-08-25,59106776.42,9.93,60,ACTIVE,0
151,509,LOAN0000000151,AUTO,2025-11-27,244701577.77,12.89,240,ACTIVE,0
152,510,LOAN0000000152,PERSONAL,2025-03-12,1362198704.76,13.6,24,ACTIVE,0
153,512,LOAN0000000153,AUTO,2023-11-25,20019737.7,9.39,24,ACTIVE,0
154,513,LOAN0000000154,PERSONAL,2022-06-27,1598146599.02,7.39,120,ACTIVE,0
155,516,LOAN0000000155,AUTO,2022-03-25,53716375.43,8.6,60,ACTIVE,0
156,523,LOAN0000000156,HOME,2022-07-08,43006986.22,9.51,240,ACTIVE,0
157,524,LOAN0000000157,PERSONAL,2024-11-19,123097575.99,9.97,120,ACTIVE,0
158,525,LOAN0000000158,HOME,2024-11-16,657373158.91,8.15,48,ACTIVE,0
159,529,LOAN0000000159,PERSONAL,2026-03-19,156333264.82,10.17,180,ACTIVE,0
160,530,LOAN0000000160,PERSONAL,2024-10-25,4106721.08,10.81,12,ACTIVE,0
161,531,LOAN0000000161,HOME,2021-09-14,2869467.33,7.5,48,DELINQUENT,15
162,534,LOAN0000000162,AUTO,2022-04-27,5962950.02,8.41,36,ACTIVE,0
163,537,LOAN0000000163,HOME,2022-03-13,17504836.77,8.31,36,ACTIVE,0
164,541,LOAN0000000164,PERSONAL,2025-05-17,12803258.27,13.95,12,ACTIVE,0
165,542,LOAN0000000165,CREDIT_LINE,2024-06-08,11289258.84,12.7,12,ACTIVE,0
166,543,LOAN0000000166,HOME,2020-03-15,81580186.28,11.2,120,ACTIVE,0
167,546,LOAN0000000167,CREDIT_LINE,2025-06-03,412647331.91,11.37,48,ACTIVE,0
168,548,LOAN0000000168,PERSONAL,2023-11-22,184443529.91,11.09,24,ACTIVE,0
169,549,LOAN0000000169,PERSONAL,2020-03-22,9302339.39,10.37,24,ACTIVE,0
170,551,LOAN0000000170,AUTO,2026-04-14,208304557.65,7.88,36,ACTIVE,0
171,555,LOAN0000000171,BUSINESS,2025-10-16,2450188672.16,6.7,24,ACTIVE,0
172,557,LOAN0000000172,CREDIT_LINE,2023-03-31,15218483.17,11.38,48,ACTIVE,0
173,561,LOAN0000000173,AUTO,2020-02-13,115689839.1,13.73,180,ACTIVE,0
174,564,LOAN0000000174,PERSONAL,2021-10-21,7677718.05,11.5,48,ACTIVE,0
175,570,LOAN0000000175,HOME,2022-08-01,385387030.57,13.71,48,ACTIVE,0
176,574,LOAN0000000176,AUTO,2024-10-06,392828382.98,11.67,24,ACTIVE,0
177,575,LOAN0000000177,HOME,2024-11-11,11552566.87,12.24,240,ACTIVE,0
178,576,LOAN0000000178,PERSONAL,2022-10-20,9472422.32,8.12,36,ACTIVE,0
179,582,LOAN0000000179,HOME,2022-09-01,5538620.9,10.45,12,ACTIVE,0
180,583,LOAN0000000180,HOME,2021-03-17,1511576778.06,8.89,240,ACTIVE,0
181,585,LOAN0000000181,PERSONAL,2020-07-16,524948839.63,14.05,240,ACTIVE,0
182,589,LOAN0000000182,HOME,2022-02-02,50334599.36,10.51,120,ACTIVE,0
183,590,LOAN0000000183,AUTO,2021-03-12,2068971277.41,13.32,120,ACTIVE,0
184,597,LOAN0000000184,HOME,2024-02-25,176528236.03,8.99,60,DELINQUENT,30
185,602,LOAN0000000185,HOME,2020-04-20,11450842.01,8.98,48,ACTIVE,0
186,605,LOAN0000000186,PERSONAL,2025-02-21,134961275.7,10.78,240,ACTIVE,0
187,615,LOAN0000000187,CREDIT_LINE,2025-12-10,194387356.64,11.09,180,ACTIVE,0
188,617,LOAN0000000188,HOME,2020-07-05,3088849.32,13.94,12,DELINQUENT,15
189,620,LOAN0000000189,HOME,2021-06-07,995848310.54,10.43,240,ACTIVE,0
190,621,LOAN0000000190,PERSONAL,2022-02-03,28110595.91,7.9,48,ACTIVE,0
191,623,LOAN0000000191,BUSINESS,2021-04-19,45881119.21,11.06,180,ACTIVE,0
192,625,LOAN0000000192,HOME,2024-06-12,44244902.71,8.07,60,ACTIVE,0
193,627,LOAN0000000193,HOME,2021-06-12,105992188.45,11.54,12,ACTIVE,0
194,628,LOAN0000000194,HOME,2022-07-28,548188732.79,7.39,48,ACTIVE,0
195,630,LOAN0000000195,HOME,2022-10-12,66957296.49,13.68,120,ACTIVE,0
196,633,LOAN0000000196,AUTO,2024-04-01,1705362331.08,6.84,240,ACTIVE,0
197,637,LOAN0000000197,HOME,2023-07-09,4422428.69,10.91,36,ACTIVE,0
198,638,LOAN0000000198,PERSONAL,2022-02-10,29427342.13,7.07,60,ACTIVE,0
199,640,LOAN0000000199,CREDIT_LINE,2022-09-08,161172354.34,10.08,180,ACTIVE,0
200,641,LOAN0000000200,PERSONAL,2019-12-02,33957887.16,8.43,120,ACTIVE,0
201,643,LOAN0000000201,CREDIT_LINE,2021-02-25,431875552.03,13.54,12,ACTIVE,0
202,649,LOAN0000000202,HOME,2026-01-06,33978428.5,9.03,24,DELINQUENT,30
203,652,LOAN0000000203,PERSONAL,2020-06-13,9797380.86,10.65,180,ACTIVE,0
204,655,LOAN0000000204,AUTO,2021-12-05,9226865.52,11.86,24,ACTIVE,0
205,664,LOAN0000000205,AUTO,2023-06-19,343363295.41,10.8,60,ACTIVE,0
206,666,LOAN0000000206,HOME,2024-08-19,32185206.94,10.66,48,DELINQUENT,15
207,669,LOAN0000000207,BUSINESS,2025-06-19,187010200.62,13.99,180,ACTIVE,0
208,671,LOAN0000000208,AUTO,2021-07-31,2062380796.94,8.83,36,ACTIVE,0
209,675,LOAN0000000209,HOME,2025-07-03,8894861.24,13.67,12,ACTIVE,0
210,679,LOAN0000000210,CREDIT_LINE,2021-09-16,4045782218.88,13.13,240,ACTIVE,0
211,681,LOAN0000000211,AUTO,2023-08-28,958822935.39,8.3,240,ACTIVE,0
212,682,LOAN0000000212,PERSONAL,2023-01-20,999997.9,8.45,36,ACTIVE,0
213,688,LOAN0000000213,CREDIT_LINE,2026-01-11,17895800.81,10.94,48,ACTIVE,0
214,698,LOAN0000000214,PERSONAL,2022-06-19,46319963.7,9.62,240,ACTIVE,0
215,700,LOAN0000000215,HOME,2020-12-26,61421089.95,10.21,180,ACTIVE,0
216,710,LOAN0000000216,HOME,2023-05-13,17373563.8,7.02,36,ACTIVE,0
217,713,LOAN0000000217,BUSINESS,2025-08-21,101175373.68,10.87,24,ACTIVE,0
218,715,LOAN0000000218,PERSONAL,2020-08-12,25039703.76,9.6,180,ACTIVE,0
219,718,LOAN0000000219,HOME,2023-05-24,677169827.67,14.08,240,ACTIVE,0
220,719,LOAN0000000220,PERSONAL,2020-12-04,10643346.06,14.43,24,DELINQUENT,30
221,727,LOAN0000000221,HOME,2023-06-24,150749664.16,7.95,120,ACTIVE,0
222,728,LOAN0000000222,HOME,2023-02-24,153366916.66,6.57,24,ACTIVE,0
223,732,LOAN0000000223,AUTO,2022-10-03,305802878.09,13.27,60,ACTIVE,0
224,736,LOAN0000000224,AUTO,2025-01-04,135650564.41,12.41,120,DELINQUENT,15
225,737,LOAN0000000225,CREDIT_LINE,2023-12-19,8820148.47,11.45,24,ACTIVE,0
226,742,LOAN0000000226,PERSONAL,2023-12-23,1095757152.69,14.04,12,ACTIVE,0
227,743,LOAN0000000227,AUTO,2022-08-02,1738919.09,12.68,36,ACTIVE,0
228,749,LOAN0000000228,AUTO,2025-12-10,84312202.28,10.79,12,ACTIVE,0
229,750,LOAN0000000229,HOME,2024-03-07,53729548.45,14.01,180,ACTIVE,0
230,753,LOAN0000000230,CREDIT_LINE,2020-02-09,15355859.52,6.86,60,ACTIVE,0
231,754,LOAN0000000231,PERSONAL,2022-06-15,9824642.43,13.07,48,ACTIVE,0
232,758,LOAN0000000232,HOME,2023-05-20,168174832.79,14.36,60,ACTIVE,0
233,759,LOAN0000000233,HOME,2025-04-09,363908840.37,11.34,24,ACTIVE,0
234,763,LOAN0000000234,CREDIT_LINE,2022-04-23,1176624614.71,10.23,60,ACTIVE,0
235,769,LOAN0000000235,HOME,2020-02-09,1485182346.57,12.1,180,ACTIVE,0
236,772,LOAN0000000236,BUSINESS,2024-04-01,343425474.68,13.65,48,ACTIVE,0
237,775,LOAN0000000237,HOME,2023-10-28,1350912577.2,7.87,180,ACTIVE,0
238,780,LOAN0000000238,HOME,2021-03-01,43123774.98,12.87,120,ACTIVE,0
239,781,LOAN0000000239,HOME,2021-09-10,316153912.12,8.35,240,ACTIVE,0
240,787,LOAN0000000240,HOME,2026-04-05,3111595146.85,14.29,36,ACTIVE,0
241,789,LOAN0000000241,HOME,2021-12-13,414897596.92,12.09,180,ACTIVE,0
242,791,LOAN0000000242,BUSINESS,2024-05-17,116591485.66,7.47,48,ACTIVE,0
243,805,LOAN0000000243,AUTO,2026-03-12,4518974496.38,7.19,36,ACTIVE,0
244,806,LOAN0000000244,PERSONAL,2023-11-26,48762800.72,12.64,60,ACTIVE,0
245,807,LOAN0000000245,BUSINESS,2024-01-25,157251422.02,6.84,180,DELINQUENT,30
246,808,LOAN0000000246,AUTO,2021-02-07,158352820.3,11.89,120,ACTIVE,0
247,814,LOAN0000000247,PERSONAL,2022-07-03,438518645.17,11.94,180,ACTIVE,0
248,820,LOAN0000000248,BUSINESS,2024-06-16,20004417.09,10.24,12,ACTIVE,0
249,821,LOAN0000000249,HOME,2026-02-21,4205361193.35,13.15,12,ACTIVE,0
250,823,LOAN0000000250,HOME,2021-12-13,54089298.69,8.63,180,ACTIVE,0
251,829,LOAN0000000251,PERSONAL,2020-05-24,114610349.47,13.31,240,ACTIVE,0
252,837,LOAN0000000252,PERSONAL,2024-10-18,225082904.2,12.17,48,ACTIVE,0
253,839,LOAN0000000253,CREDIT_LINE,2021-11-21,1272693742.91,7.74,180,ACTIVE,0
254,840,LOAN0000000254,HOME,2025-05-17,54806528.45,14.17,120,ACTIVE,0
255,841,LOAN0000000255,BUSINESS,2025-09-15,708844791.09,7.54,48,ACTIVE,0
256,843,LOAN0000000256,AUTO,2020-03-08,32488540.58,13.19,120,ACTIVE,0
257,844,LOAN0000000257,PERSONAL,2022-12-15,2009022557.26,13.24,180,ACTIVE,0
258,848,LOAN0000000258,CREDIT_LINE,2022-10-19,27268445.01,9.3,120,ACTIVE,0
259,849,LOAN0000000259,PERSONAL,2021-07-14,9573558.12,13.73,60,ACTIVE,0
260,852,LOAN0000000260,AUTO,2025-02-22,106138900.55,11.4,36,ACTIVE,0
261,857,LOAN0000000261,AUTO,2025-03-28,30139033.41,9.75,36,ACTIVE,0
262,858,LOAN0000000262,BUSINESS,2023-02-20,5538919.07,11.67,12,ACTIVE,0
263,861,LOAN0000000263,AUTO,2021-12-11,27401636.45,14.15,24,ACTIVE,0
264,862,LOAN0000000264,AUTO,2024-06-03,11801448.05,8.41,36,DELINQUENT,30
265,867,LOAN0000000265,AUTO,2021-10-31,133762931.37,13.02,24,ACTIVE,0
266,883,LOAN0000000266,PERSONAL,2022-08-12,432950900.73,9.09,180,ACTIVE,0
267,886,LOAN0000000267,BUSINESS,2026-01-22,419109760.87,10.06,240,ACTIVE,0
268,891,LOAN0000000268,PERSONAL,2026-04-27,135047305.13,10.67,120,ACTIVE,0
269,894,LOAN0000000269,HOME,2024-06-11,1165209236.54,11.46,120,ACTIVE,0
270,895,LOAN0000000270,PERSONAL,2022-01-15,21217746.23,13.29,180,ACTIVE,0
271,898,LOAN0000000271,PERSONAL,2024-06-19,76833373.03,12.69,36,ACTIVE,0
272,901,LOAN0000000272,HOME,2024-12-20,228894664.05,13.25,48,ACTIVE,0
273,903,LOAN0000000273,BUSINESS,2021-09-12,434391250.64,7.39,12,ACTIVE,0
274,906,LOAN0000000274,PERSONAL,2024-01-06,133792494.56,6.69,48,ACTIVE,0
275,907,LOAN0000000275,HOME,2026-05-15,43445872.84,7.59,36,ACTIVE,0
276,909,LOAN0000000276,BUSINESS,2025-06-07,41036052.89,7.67,240,ACTIVE,0
277,912,LOAN0000000277,HOME,2022-04-22,3746043.67,7.25,36,ACTIVE,0
278,913,LOAN0000000278,AUTO,2020-01-22,107817155.07,10.6,240,ACTIVE,0
279,916,LOAN0000000279,PERSONAL,2023-08-12,49251857.39,12.13,60,ACTIVE,0
280,917,LOAN0000000280,PERSONAL,2021-07-18,116133769.36,11.3,60,ACTIVE,0
281,920,LOAN0000000281,BUSINESS,2025-02-26,8443654.74,10.89,12,ACTIVE,0
282,923,LOAN0000000282,HOME,2019-11-08,389046964.8,7.73,180,ACTIVE,0
283,925,LOAN0000000283,PERSONAL,2022-04-22,110863591.08,12.99,120,ACTIVE,0
284,927,LOAN0000000284,PERSONAL,2022-01-30,89857306.64,10.83,120,ACTIVE,0
285,928,LOAN0000000285,PERSONAL,2022-01-12,368614587.69,7.78,240,ACTIVE,0
286,930,LOAN0000000286,HOME,2020-10-08,42020858.86,11.87,180,ACTIVE,0
287,936,LOAN0000000287,HOME,2024-02-23,25104278.2,13.47,60,ACTIVE,0
288,938,LOAN0000000288,HOME,2022-07-09,317475409.85,6.92,36,ACTIVE,0
289,947,LOAN0000000289,CREDIT_LINE,2021-02-19,5372513.95,7.69,48,ACTIVE,0
290,951,LOAN0000000290,PERSONAL,2023-09-14,69382555.86,7.12,180,ACTIVE,0
291,958,LOAN0000000291,AUTO,2021-10-05,118123.32,9.36,36,ACTIVE,0
292,963,LOAN0000000292,AUTO,2025-11-14,470434745.03,11.36,24,ACTIVE,0
293,968,LOAN0000000293,HOME,2020-09-07,3940353.96,14.27,36,ACTIVE,0
294,976,LOAN0000000294,PERSONAL,2021-11-10,344602.64,10.56,36,ACTIVE,0
295,978,LOAN0000000295,HOME,2025-05-12,542213327.97,9.5,180,ACTIVE,0
296,980,LOAN0000000296,BUSINESS,2025-01-15,35265595.77,13.1,24,ACTIVE,0
297,984,LOAN0000000297,AUTO,2021-03-23,39746380.8,10.61,180,ACTIVE,0
298,987,LOAN0000000298,BUSINESS,2022-03-04,43876680.08,8.32,48,ACTIVE,0
299,990,LOAN0000000299,AUTO,2023-12-09,10502789.65,8.65,24,ACTIVE,0
300,1001,LOAN0000000300,HOME,2020-11-03,72235284.91,12.6,48,ACTIVE,0
301,1005,LOAN0000000301,PERSONAL,2024-10-26,39781237.22,12.11,60,ACTIVE,0
302,1007,LOAN0000000302,CREDIT_LINE,2023-09-13,64728093.46,9.13,48,ACTIVE,0
303,1009,LOAN0000000303,BUSINESS,2026-03-09,138320315.96,14.42,60,DELINQUENT,15
304,1010,LOAN0000000304,PERSONAL,2024-06-30,1616362990.09,12.28,120,ACTIVE,0
305,1011,LOAN0000000305,HOME,2020-08-19,49754052.7,9.09,180,DELINQUENT,90
306,1013,LOAN0000000306,PERSONAL,2021-12-24,1654415.79,12.38,24,ACTIVE,0
307,1014,LOAN0000000307,BUSINESS,2025-11-11,279257873.17,6.88,24,ACTIVE,0
308,1016,LOAN0000000308,CREDIT_LINE,2024-12-21,3121686.47,13.53,12,ACTIVE,0
309,1023,LOAN0000000309,PERSONAL,2020-07-28,11241095.68,11.54,24,ACTIVE,0
310,1025,LOAN0000000310,HOME,2020-06-17,28526356.74,8.75,48,DELINQUENT,30
311,1032,LOAN0000000311,HOME,2023-03-20,2836683.42,14.18,12,ACTIVE,0
312,1040,LOAN0000000312,HOME,2021-01-29,126217219.3,7.52,12,ACTIVE,0
313,1044,LOAN0000000313,HOME,2026-05-13,448152290.82,13.01,24,DELINQUENT,90
314,1045,LOAN0000000314,AUTO,2023-08-22,140290895.67,10.37,24,ACTIVE,0
315,1047,LOAN0000000315,BUSINESS,2020-04-14,15702558.48,14.42,12,ACTIVE,0
316,1048,LOAN0000000316,AUTO,2023-11-06,242741901.63,12.16,240,ACTIVE,0
317,1051,LOAN0000000317,PERSONAL,2025-05-15,8677148.26,10.23,12,DELINQUENT,15
318,1053,LOAN0000000318,HOME,2023-12-20,185464963.24,14.49,240,ACTIVE,0
319,1055,LOAN0000000319,PERSONAL,2023-04-07,16117129.02,12.81,48,ACTIVE,0
320,1056,LOAN0000000320,HOME,2022-03-20,24733662.68,8.47,120,ACTIVE,0
321,1068,LOAN0000000321,AUTO,2025-03-02,9768315.43,8.02,24,DELINQUENT,15
322,1069,LOAN0000000322,PERSONAL,2023-05-03,738086661.37,8.91,180,ACTIVE,0
323,1070,LOAN0000000323,AUTO,2021-03-05,363305205.48,14.14,180,ACTIVE,0
324,1071,LOAN0000000324,CREDIT_LINE,2023-11-06,48367053.17,12.34,36,ACTIVE,0
325,1073,LOAN0000000325,HOME,2025-12-30,247853611.93,12.3,24,ACTIVE,0
326,1074,LOAN0000000326,HOME,2025-03-12,50651443.08,8.47,120,ACTIVE,0
327,1078,LOAN0000000327,PERSONAL,2023-05-23,15757526.56,9.89,36,ACTIVE,0
328,1086,LOAN0000000328,CREDIT_LINE,2024-04-17,2304623.66,10.95,12,ACTIVE,0
329,1088,LOAN0000000329,AUTO,2022-04-20,1736827.32,13.63,24,ACTIVE,0
330,1091,LOAN0000000330,AUTO,2026-02-18,94319186.52,14.14,36,ACTIVE,0
331,1092,LOAN0000000331,PERSONAL,2022-01-15,28950662.67,8.04,240,ACTIVE,0
332,1094,LOAN0000000332,AUTO,2021-04-30,110952819.87,6.66,240,ACTIVE,0
333,1105,LOAN0000000333,CREDIT_LINE,2022-02-23,106174275.07,11.14,12,ACTIVE,0
334,1107,LOAN0000000334,PERSONAL,2023-09-28,91166991.71,13.97,24,ACTIVE,0
335,1113,LOAN0000000335,PERSONAL,2026-03-18,22433663.46,11.07,48,ACTIVE,0
336,1115,LOAN0000000336,HOME,2024-11-17,10636025.42,10.94,12,ACTIVE,0
337,1116,LOAN0000000337,HOME,2023-05-02,1587056400.74,11.61,60,ACTIVE,0
338,1117,LOAN0000000338,AUTO,2023-06-29,500440074.55,14.3,120,ACTIVE,0
339,1121,LOAN0000000339,HOME,2021-09-28,4376793.54,13.53,48,ACTIVE,0
340,1128,LOAN0000000340,CREDIT_LINE,2020-04-24,25502241.44,8.64,180,ACTIVE,0
341,1129,LOAN0000000341,AUTO,2023-03-28,5497954.56,9.84,60,ACTIVE,0
342,1131,LOAN0000000342,HOME,2020-06-05,7378998.79,7.0,60,ACTIVE,0
343,1140,LOAN0000000343,CREDIT_LINE,2022-04-26,5875600.55,11.92,48,DELINQUENT,15
344,1142,LOAN0000000344,AUTO,2025-01-13,45878780.76,9.62,120,ACTIVE,0
345,1143,LOAN0000000345,HOME,2026-03-25,16247953.45,7.77,24,ACTIVE,0
346,1147,LOAN0000000346,HOME,2022-08-08,32868599.16,7.24,180,DELINQUENT,15
347,1149,LOAN0000000347,PERSONAL,2019-12-02,38886745.98,12.51,60,ACTIVE,0
348,1156,LOAN0000000348,AUTO,2021-05-28,54310812.82,8.86,12,ACTIVE,0
349,1159,LOAN0000000349,PERSONAL,2022-11-01,645149333.22,6.75,180,ACTIVE,0
350,1163,LOAN0000000350,PERSONAL,2020-01-09,25832690.96,9.58,240,ACTIVE,0
351,1165,LOAN0000000351,PERSONAL,2020-10-08,63314957.04,12.12,48,ACTIVE,0
352,1172,LOAN0000000352,AUTO,2021-06-15,27731654.74,11.7,240,ACTIVE,0
353,1175,LOAN0000000353,PERSONAL,2024-08-06,88176655.73,11.98,60,ACTIVE,0
354,1179,LOAN0000000354,AUTO,2023-05-16,58084418.95,13.83,36,ACTIVE,0
355,1181,LOAN0000000355,HOME,2026-01-26,49700078.95,13.38,240,ACTIVE,0
356,1184,LOAN0000000356,AUTO,2025-01-21,165911920.33,7.02,120,ACTIVE,0
357,1187,LOAN0000000357,HOME,2021-08-04,112377656.92,11.14,24,ACTIVE,0
358,1188,LOAN0000000358,CREDIT_LINE,2025-09-13,68997626.49,12.38,60,ACTIVE,0
359,1190,LOAN0000000359,PERSONAL,2025-10-31,31039370.57,12.21,12,DELINQUENT,30
360,1194,LOAN0000000360,AUTO,2025-02-27,56184853.11,7.85,36,ACTIVE,0
361,1195,LOAN0000000361,BUSINESS,2024-09-11,37536603.09,9.36,48,ACTIVE,0
362,1196,LOAN0000000362,PERSONAL,2023-12-29,33237965.19,12.65,120,ACTIVE,0
363,1197,LOAN0000000363,HOME,2024-07-30,130232802.47,9.18,240,ACTIVE,0
364,1199,LOAN0000000364,BUSINESS,2020-12-23,5792967.55,7.99,12,ACTIVE,0
365,1204,LOAN0000000365,CREDIT_LINE,2021-04-23,42310336.84,10.61,180,ACTIVE,0
366,1205,LOAN0000000366,BUSINESS,2021-01-27,152046153.56,8.19,36,ACTIVE,0
367,1208,LOAN0000000367,HOME,2022-04-15,1932598.25,13.94,24,ACTIVE,0
368,1211,LOAN0000000368,HOME,2024-09-12,103704046.22,11.27,120,ACTIVE,0
369,1219,LOAN0000000369,HOME,2025-11-12,19636463.26,6.81,12,DELINQUENT,15
370,1223,LOAN0000000370,PERSONAL,2024-08-24,91591078.68,8.39,36,ACTIVE,0
371,1228,LOAN0000000371,CREDIT_LINE,2021-10-26,1003024.92,7.74,60,ACTIVE,0
372,1230,LOAN0000000372,HOME,2025-08-07,680262621.75,6.9,36,ACTIVE,0
373,1240,LOAN0000000373,HOME,2024-10-12,9758250635.88,13.2,180,ACTIVE,0
374,1241,LOAN0000000374,AUTO,2023-12-09,149954897.73,8.81,120,ACTIVE,0
375,1242,LOAN0000000375,AUTO,2023-01-25,239493111.55,12.46,180,ACTIVE,0
376,1243,LOAN0000000376,PERSONAL,2026-05-08,469260419.06,7.1,24,ACTIVE,0
377,1248,LOAN0000000377,PERSONAL,2021-04-13,104847494.67,12.23,240,ACTIVE,0
378,1249,LOAN0000000378,PERSONAL,2025-05-26,170642743.56,12.69,60,ACTIVE,0
379,1256,LOAN0000000379,BUSINESS,2023-09-04,128843848.55,13.35,60,ACTIVE,0
380,1259,LOAN0000000380,HOME,2023-09-27,6269953.33,14.44,24,ACTIVE,0
381,1260,LOAN0000000381,AUTO,2021-03-06,49835523.91,10.06,240,ACTIVE,0
382,1261,LOAN0000000382,BUSINESS,2023-03-12,344081932.27,7.11,60,ACTIVE,0
383,1266,LOAN0000000383,PERSONAL,2024-08-10,751136928.49,10.49,240,ACTIVE,0
384,1271,LOAN0000000384,BUSINESS,2024-12-07,15548766.88,13.27,12,ACTIVE,0
385,1277,LOAN0000000385,HOME,2022-01-10,4381667.73,6.68,24,ACTIVE,0
386,1279,LOAN0000000386,HOME,2025-05-09,1137152856.31,9.84,48,ACTIVE,0
387,1300,LOAN0000000387,HOME,2020-07-05,22415993.08,11.69,120,ACTIVE,0
388,1301,LOAN0000000388,PERSONAL,2022-05-15,8883584.91,13.62,48,ACTIVE,0
389,1302,LOAN0000000389,CREDIT_LINE,2024-11-10,141948963.73,13.55,60,ACTIVE,0
390,1304,LOAN0000000390,PERSONAL,2021-07-03,32519547.72,10.77,120,ACTIVE,0
391,1307,LOAN0000000391,AUTO,2022-11-03,112328894.81,8.52,180,ACTIVE,0
392,1309,LOAN0000000392,AUTO,2022-07-12,213574880.27,6.96,60,ACTIVE,0
393,1321,LOAN0000000393,PERSONAL,2020-10-16,33434788.01,14.38,180,ACTIVE,0
394,1330,LOAN0000000394,PERSONAL,2020-10-15,15395309.35,10.27,36,ACTIVE,0
395,1332,LOAN0000000395,PERSONAL,2021-01-12,68690658.21,10.62,240,ACTIVE,0
396,1335,LOAN0000000396,CREDIT_LINE,2024-08-26,144401840.35,8.22,12,ACTIVE,0
397,1340,LOAN0000000397,PERSONAL,2021-09-30,79308739.98,13.68,60,ACTIVE,0
398,1343,LOAN0000000398,HOME,2026-04-15,380959617.47,13.13,12,ACTIVE,0
399,1354,LOAN0000000399,HOME,2023-11-13,6693412.72,8.23,36,ACTIVE,0
400,1359,LOAN0000000400,PERSONAL,2025-01-29,33056140.61,7.36,240,ACTIVE,0
401,1361,LOAN0000000401,AUTO,2024-11-07,68441018.0,10.62,60,ACTIVE,0
402,1362,LOAN0000000402,CREDIT_LINE,2022-06-08,63869399.89,7.56,48,ACTIVE,0
403,1363,LOAN0000000403,CREDIT_LINE,2022-03-13,4284763.41,14.47,48,ACTIVE,0
404,1365,LOAN0000000404,PERSONAL,2020-01-23,119470865.61,10.87,36,ACTIVE,0
405,1369,LOAN0000000405,HOME,2021-11-07,2501495.13,11.36,48,ACTIVE,0
406,1372,LOAN0000000406,HOME,2024-05-03,21545836.26,10.75,180,ACTIVE,0
407,1376,LOAN0000000407,AUTO,2021-11-21,1018308759.82,8.54,240,ACTIVE,0
408,1379,LOAN0000000408,BUSINESS,2020-02-21,3649143.77,11.94,36,ACTIVE,0
409,1380,LOAN0000000409,AUTO,2021-11-28,565435542.4,14.45,120,ACTIVE,0
410,1383,LOAN0000000410,AUTO,2025-05-10,38746931.44,10.52,12,ACTIVE,0
411,1387,LOAN0000000411,HOME,2023-05-20,701526.27,14.16,36,ACTIVE,0
412,1388,LOAN0000000412,CREDIT_LINE,2020-08-21,15477652.29,12.14,240,ACTIVE,0
413,1390,LOAN0000000413,PERSONAL,2022-06-24,603750227.1,9.32,48,ACTIVE,0
414,1396,LOAN0000000414,HOME,2026-04-27,79459549.21,9.73,60,ACTIVE,0
415,1400,LOAN0000000415,PERSONAL,2021-01-18,30369445.34,11.02,24,ACTIVE,0
416,1403,LOAN0000000416,PERSONAL,2023-10-31,132745293.52,8.97,180,ACTIVE,0
417,1405,LOAN0000000417,BUSINESS,2025-01-29,32816696.4,9.32,120,ACTIVE,0
418,1406,LOAN0000000418,HOME,2025-11-12,57592837.52,8.63,24,ACTIVE,0
419,1408,LOAN0000000419,HOME,2025-02-10,332753368.95,9.59,36,ACTIVE,0
420,1411,LOAN0000000420,AUTO,2022-08-02,2012530.09,9.44,48,ACTIVE,0
421,1412,LOAN0000000421,PERSONAL,2021-11-11,299869568.4,13.3,120,ACTIVE,0
422,1413,LOAN0000000422,BUSINESS,2020-08-10,17985271.37,13.25,48,ACTIVE,0
423,1414,LOAN0000000423,HOME,2021-02-22,42154515.14,7.98,12,ACTIVE,0
424,1415,LOAN0000000424,PERSONAL,2023-02-26,197630109.76,9.0,12,ACTIVE,0
425,1421,LOAN0000000425,PERSONAL,2021-09-26,5923935.65,7.87,48,ACTIVE,0
426,1423,LOAN0000000426,HOME,2020-09-13,70759088.03,9.71,48,ACTIVE,0
427,1426,LOAN0000000427,AUTO,2020-06-16,121240946.59,8.0,180,ACTIVE,0
428,1429,LOAN0000000428,AUTO,2020-05-23,45144529.77,6.86,36,ACTIVE,0
429,1433,LOAN0000000429,HOME,2024-09-27,614847295.25,9.24,60,ACTIVE,0
430,1439,LOAN0000000430,AUTO,2026-01-22,2279823771.02,14.46,48,ACTIVE,0
431,1444,LOAN0000000431,PERSONAL,2020-01-08,356874461.66,11.49,240,ACTIVE,0
432,1445,LOAN0000000432,BUSINESS,2021-07-23,11954645.59,12.59,60,ACTIVE,0
433,1446,LOAN0000000433,AUTO,2023-08-08,2463607.5,9.06,24,ACTIVE,0
434,1448,LOAN0000000434,BUSINESS,2020-07-20,1968412.23,11.71,48,ACTIVE,0
435,1454,LOAN0000000435,AUTO,2022-02-12,37888083.69,12.87,120,ACTIVE,0
436,1465,LOAN0000000436,BUSINESS,2021-04-18,10978308.25,8.67,48,ACTIVE,0
437,1466,LOAN0000000437,HOME,2024-01-09,127849274.86,11.08,120,ACTIVE,0
438,1467,LOAN0000000438,PERSONAL,2023-02-22,69125024.6,9.63,120,ACTIVE,0
439,1469,LOAN0000000439,HOME,2024-08-03,149027498.58,10.09,240,DELINQUENT,15
440,1472,LOAN0000000440,CREDIT_LINE,2019-11-27,13615810.13,8.08,48,ACTIVE,0
441,1474,LOAN0000000441,PERSONAL,2021-07-24,55989975.93,13.87,12,ACTIVE,0
442,1482,LOAN0000000442,BUSINESS,2021-12-10,97615613.99,9.78,24,ACTIVE,0
443,1483,LOAN0000000443,PERSONAL,2024-03-20,263524529.79,12.4,12,ACTIVE,0
444,1485,LOAN0000000444,AUTO,2024-05-17,108350.97,8.76,24,ACTIVE,0
445,1486,LOAN0000000445,PERSONAL,2020-06-13,55118799.1,9.68,24,ACTIVE,0
446,1487,LOAN0000000446,CREDIT_LINE,2022-04-22,3875913.98,8.06,12,ACTIVE,0
447,1488,LOAN0000000447,PERSONAL,2024-01-02,159845554.99,10.26,60,ACTIVE,0
448,1492,LOAN0000000448,PERSONAL,2023-05-30,177543765.36,6.91,60,ACTIVE,0
449,1493,LOAN0000000449,HOME,2023-08-21,88824938.11,12.49,48,ACTIVE,0
450,1494,LOAN0000000450,PERSONAL,2020-04-01,38500522.34,9.51,240,ACTIVE,0
451,1495,LOAN0000000451,PERSONAL,2023-07-28,7662358.27,10.17,24,ACTIVE,0
452,1497,LOAN0000000452,AUTO,2024-07-07,11368043.63,10.29,24,ACTIVE,0
453,1500,LOAN0000000453,HOME,2020-07-06,23699333.3,10.65,240,ACTIVE,0
454,1503,LOAN0000000454,PERSONAL,2024-03-20,920907401.38,7.86,180,ACTIVE,0
455,1504,LOAN0000000455,HOME,2021-07-30,45194135.62,6.57,120,ACTIVE,0
456,1505,LOAN0000000456,AUTO,2025-08-28,141601010.25,12.21,36,ACTIVE,0
457,1512,LOAN0000000457,HOME,2022-02-14,112903.83,12.78,48,ACTIVE,0
458,1514,LOAN0000000458,PERSONAL,2021-11-23,174818515.2,9.4,240,DELINQUENT,90
459,1515,LOAN0000000459,HOME,2023-08-19,19745518.38,13.78,36,ACTIVE,0
460,1516,LOAN0000000460,HOME,2021-02-17,8471332.0,13.93,60,ACTIVE,0
461,1517,LOAN0000000461,HOME,2022-05-18,2283700974.1,12.35,240,ACTIVE,0
462,1518,LOAN0000000462,HOME,2022-08-29,18492733.69,10.66,12,ACTIVE,0
463,1520,LOAN0000000463,PERSONAL,2026-03-06,59210027.54,12.7,12,ACTIVE,0
464,1524,LOAN0000000464,CREDIT_LINE,2025-08-29,14462162.37,11.9,24,ACTIVE,0
465,1534,LOAN0000000465,AUTO,2022-05-17,55141908.45,7.57,24,ACTIVE,0
466,1535,LOAN0000000466,HOME,2022-11-04,1521705517.12,8.17,120,ACTIVE,0
467,1537,LOAN0000000467,CREDIT_LINE,2021-10-25,12524240.47,13.41,48,ACTIVE,0
468,1539,LOAN0000000468,HOME,2023-01-30,127709989.7,11.35,60,ACTIVE,0
469,1540,LOAN0000000469,PERSONAL,2022-07-08,37137313.97,8.98,24,ACTIVE,0
470,1544,LOAN0000000470,HOME,2021-11-29,80767790.34,6.83,180,ACTIVE,0
471,1550,LOAN0000000471,AUTO,2023-07-28,24368806.22,10.75,120,ACTIVE,0
472,1555,LOAN0000000472,PERSONAL,2023-06-25,3714105.78,12.04,36,ACTIVE,0
473,1556,LOAN0000000473,BUSINESS,2023-08-18,30076166.22,14.07,240,ACTIVE,0
474,1559,LOAN0000000474,CREDIT_LINE,2021-08-25,125706701.11,7.44,24,ACTIVE,0
475,1565,LOAN0000000475,HOME,2023-01-26,13194241.59,12.55,60,ACTIVE,0
476,1569,LOAN0000000476,PERSONAL,2025-03-06,9163468.53,12.3,12,ACTIVE,0
477,1570,LOAN0000000477,HOME,2026-02-16,2296159326.27,9.81,120,ACTIVE,0
478,1574,LOAN0000000478,HOME,2022-03-08,11677822.34,8.6,36,ACTIVE,0
479,1577,LOAN0000000479,PERSONAL,2026-02-11,55283850.76,7.97,60,ACTIVE,0
480,1580,LOAN0000000480,CREDIT_LINE,2023-04-07,255368177.67,7.4,120,ACTIVE,0
481,1582,LOAN0000000481,CREDIT_LINE,2026-04-08,644987651.04,12.36,12,ACTIVE,0
482,1583,LOAN0000000482,PERSONAL,2021-11-01,2456486.79,12.36,36,ACTIVE,0
483,1585,LOAN0000000483,AUTO,2020-07-28,4291728.64,10.0,36,ACTIVE,0
484,1587,LOAN0000000484,CREDIT_LINE,2023-07-19,237756663.56,8.02,60,ACTIVE,0
485,1596,LOAN0000000485,HOME,2021-04-10,1898387.92,14.09,36,ACTIVE,0
486,1602,LOAN0000000486,AUTO,2020-10-28,7897159.14,12.86,60,ACTIVE,0
487,1606,LOAN0000000487,AUTO,2021-12-17,7707644.09,12.38,36,ACTIVE,0
488,1615,LOAN0000000488,HOME,2024-03-04,243713063.48,11.48,60,ACTIVE,0
489,1617,LOAN0000000489,PERSONAL,2025-09-07,458957618.92,7.35,36,ACTIVE,0
490,1618,LOAN0000000490,HOME,2026-03-14,596062998.31,12.76,24,ACTIVE,0
491,1620,LOAN0000000491,HOME,2020-10-11,775230263.31,10.22,180,ACTIVE,0
492,1621,LOAN0000000492,AUTO,2023-03-23,5715784.9,9.82,36,ACTIVE,0
493,1622,LOAN0000000493,BUSINESS,2022-06-16,20862812.42,10.37,24,ACTIVE,0
494,1624,LOAN0000000494,HOME,2019-12-04,331959598.52,9.02,12,ACTIVE,0
495,1626,LOAN0000000495,PERSONAL,2024-02-26,373180999.42,9.87,240,ACTIVE,0
496,1628,LOAN0000000496,PERSONAL,2023-11-09,107643505.06,6.9,240,ACTIVE,0
497,1629,LOAN0000000497,BUSINESS,2025-09-02,96769696.13,10.68,120,ACTIVE,0
498,1632,LOAN0000000498,CREDIT_LINE,2025-02-09,32719563.04,6.83,180,ACTIVE,0
499,1633,LOAN0000000499,HOME,2026-05-07,520954761.22,10.25,180,DELINQUENT,15
500,1635,LOAN0000000500,PERSONAL,2022-10-12,130711147.34,12.33,36,ACTIVE,0
501,1637,LOAN0000000501,PERSONAL,2022-12-04,435214946.7,11.56,240,ACTIVE,0
502,1640,LOAN0000000502,HOME,2020-03-30,1052428.61,12.89,12,ACTIVE,0
503,1641,LOAN0000000503,BUSINESS,2022-04-27,3511831.83,13.87,36,ACTIVE,0
504,1642,LOAN0000000504,PERSONAL,2023-05-16,377540899.8,8.41,120,ACTIVE,0
505,1643,LOAN0000000505,PERSONAL,2022-05-24,4260602.58,7.39,36,ACTIVE,0
506,1647,LOAN0000000506,HOME,2025-05-04,14763735.55,7.69,180,ACTIVE,0
507,1651,LOAN0000000507,PERSONAL,2024-01-27,9668388.41,9.31,12,ACTIVE,0
508,1652,LOAN0000000508,HOME,2020-10-18,141829331.86,7.5,180,ACTIVE,0
509,1657,LOAN0000000509,PERSONAL,2023-12-25,26005474.32,6.58,36,ACTIVE,0
510,1658,LOAN0000000510,AUTO,2023-07-14,193032058.7,8.82,60,ACTIVE,0
511,1662,LOAN0000000511,PERSONAL,2025-02-13,704241843.13,11.45,24,ACTIVE,0
512,1669,LOAN0000000512,AUTO,2020-08-24,824617635.06,10.71,240,ACTIVE,0
513,1670,LOAN0000000513,PERSONAL,2023-09-03,27180832.33,13.55,48,ACTIVE,0
514,1675,LOAN0000000514,PERSONAL,2024-09-05,40060682.46,9.68,12,ACTIVE,0
515,1677,LOAN0000000515,HOME,2023-02-12,68513859.54,12.84,180,ACTIVE,0
516,1682,LOAN0000000516,HOME,2025-08-18,2148716875.83,10.83,36,ACTIVE,0
517,1683,LOAN0000000517,AUTO,2020-08-18,2981513.53,11.32,24,ACTIVE,0
518,1693,LOAN0000000518,HOME,2022-05-18,47549166.51,10.04,48,ACTIVE,0
519,1694,LOAN0000000519,BUSINESS,2021-01-08,65501196.22,9.84,180,ACTIVE,0
520,1695,LOAN0000000520,HOME,2026-02-26,66748330.01,8.82,36,DELINQUENT,15
521,1697,LOAN0000000521,BUSINESS,2023-06-13,5852508.63,14.44,24,ACTIVE,0
522,1699,LOAN0000000522,CREDIT_LINE,2024-07-18,196048555.07,14.19,36,ACTIVE,0
523,1702,LOAN0000000523,HOME,2020-04-08,49096665.3,13.41,180,ACTIVE,0
524,1703,LOAN0000000524,PERSONAL,2022-03-19,24873182.59,9.46,60,ACTIVE,0
525,1705,LOAN0000000525,PERSONAL,2020-09-11,25757372.82,10.72,36,ACTIVE,0
526,1706,LOAN0000000526,CREDIT_LINE,2023-12-21,2412224.53,10.79,12,ACTIVE,0
527,1707,LOAN0000000527,HOME,2023-02-05,228170028.0,10.62,36,ACTIVE,0
528,1708,LOAN0000000528,PERSONAL,2022-06-28,113911437.56,8.13,36,ACTIVE,0
529,1709,LOAN0000000529,CREDIT_LINE,2020-02-22,21673677.97,8.96,12,ACTIVE,0
530,1711,LOAN0000000530,HOME,2022-09-22,45588425.65,12.33,240,ACTIVE,0
531,1713,LOAN0000000531,PERSONAL,2020-04-25,4713565.99,7.24,12,ACTIVE,0
532,1715,LOAN0000000532,HOME,2019-11-12,3699121.59,10.36,12,ACTIVE,0
533,1719,LOAN0000000533,PERSONAL,2020-04-01,27334456.57,10.64,12,ACTIVE,0
534,1720,LOAN0000000534,PERSONAL,2021-12-16,532885.72,6.97,36,ACTIVE,0
535,1724,LOAN0000000535,PERSONAL,2020-01-26,26656359.09,6.92,60,ACTIVE,0
536,1727,LOAN0000000536,HOME,2023-02-28,177100358.64,9.85,240,ACTIVE,0
537,1728,LOAN0000000537,HOME,2020-10-17,19611202.21,9.41,60,ACTIVE,0
538,1729,LOAN0000000538,AUTO,2023-03-31,6630016092.87,12.6,60,ACTIVE,0
539,1737,LOAN0000000539,HOME,2020-05-04,529889.66,8.25,12,ACTIVE,0
540,1738,LOAN0000000540,HOME,2022-05-06,39591137.73,9.45,60,ACTIVE,0
541,1744,LOAN0000000541,PERSONAL,2024-07-22,19724067.69,7.03,36,ACTIVE,0
542,1750,LOAN0000000542,AUTO,2024-01-27,77639932.04,10.47,24,ACTIVE,0
543,1751,LOAN0000000543,HOME,2021-11-05,5275318.73,11.24,36,ACTIVE,0
544,1753,LOAN0000000544,HOME,2021-11-12,477415898.69,8.67,120,ACTIVE,0
545,1754,LOAN0000000545,AUTO,2020-11-30,49971141.74,14.3,36,ACTIVE,0
546,1755,LOAN0000000546,HOME,2020-11-06,33329015.12,13.25,36,ACTIVE,0
547,1758,LOAN0000000547,HOME,2023-09-17,558286126.75,7.9,48,ACTIVE,0
548,1759,LOAN0000000548,AUTO,2021-07-20,108984176.58,7.86,180,ACTIVE,0
549,1760,LOAN0000000549,HOME,2024-02-11,23237615.47,6.66,36,ACTIVE,0
550,1763,LOAN0000000550,PERSONAL,2022-12-16,857099931.68,12.02,240,ACTIVE,0
551,1764,LOAN0000000551,PERSONAL,2020-02-20,2932073960.06,12.33,120,ACTIVE,0
552,1766,LOAN0000000552,HOME,2020-03-26,353539612.62,7.32,24,ACTIVE,0
553,1770,LOAN0000000553,BUSINESS,2021-02-09,3761734.95,12.13,12,ACTIVE,0
554,1773,LOAN0000000554,AUTO,2021-04-05,21374185.36,6.78,24,ACTIVE,0
555,1781,LOAN0000000555,HOME,2021-09-25,105539160.48,12.63,120,ACTIVE,0
556,1784,LOAN0000000556,CREDIT_LINE,2025-09-27,10192397.02,14.0,12,ACTIVE,0
557,1790,LOAN0000000557,HOME,2023-09-03,61050550.77,10.89,24,ACTIVE,0
558,1796,LOAN0000000558,PERSONAL,2024-12-16,28276913.04,11.74,60,ACTIVE,0
559,1801,LOAN0000000559,PERSONAL,2025-03-03,18582397.59,8.1,24,ACTIVE,0
560,1807,LOAN0000000560,PERSONAL,2023-12-24,1965697476.94,9.78,60,ACTIVE,0
561,1808,LOAN0000000561,PERSONAL,2025-10-22,142131505.21,6.58,60,ACTIVE,0
562,1811,LOAN0000000562,AUTO,2023-10-20,39625178.35,13.37,240,ACTIVE,0
563,1813,LOAN0000000563,PERSONAL,2023-05-16,187783639.83,14.43,120,DELINQUENT,30
564,1817,LOAN0000000564,HOME,2021-07-27,29736527.72,8.67,36,ACTIVE,0
565,1821,LOAN0000000565,PERSONAL,2025-01-30,34389853.33,10.89,48,ACTIVE,0
566,1827,LOAN0000000566,PERSONAL,2024-04-07,16085606.51,7.09,120,ACTIVE,0
567,1828,LOAN0000000567,AUTO,2024-02-28,298600495.38,11.22,24,ACTIVE,0
568,1831,LOAN0000000568,BUSINESS,2026-01-23,151243625.67,12.69,60,ACTIVE,0
569,1836,LOAN0000000569,BUSINESS,2025-01-02,886048098.62,11.98,48,ACTIVE,0
570,1837,LOAN0000000570,CREDIT_LINE,2023-11-07,556974704.26,6.99,60,ACTIVE,0
571,1842,LOAN0000000571,AUTO,2024-07-01,152060792.11,7.77,180,ACTIVE,0
572,1844,LOAN0000000572,HOME,2020-11-20,88733928.13,10.93,36,ACTIVE,0
573,1846,LOAN0000000573,PERSONAL,2026-04-07,102761429.98,14.13,36,ACTIVE,0
574,1848,LOAN0000000574,AUTO,2026-02-05,35645841.46,7.56,180,ACTIVE,0
575,1850,LOAN0000000575,HOME,2022-12-03,44896527.38,12.3,60,DELINQUENT,15
576,1852,LOAN0000000576,PERSONAL,2023-07-07,25506608.27,7.49,48,ACTIVE,0
577,1854,LOAN0000000577,HOME,2023-11-26,5215680.16,10.37,12,ACTIVE,0
578,1855,LOAN0000000578,BUSINESS,2026-02-01,11486585.87,10.62,24,ACTIVE,0
579,1861,LOAN0000000579,CREDIT_LINE,2022-06-26,10541931.71,14.19,24,ACTIVE,0
580,1862,LOAN0000000580,PERSONAL,2026-05-17,295391942.71,9.16,120,ACTIVE,0
581,1863,LOAN0000000581,PERSONAL,2024-03-16,283293928.75,10.9,180,ACTIVE,0
582,1866,LOAN0000000582,PERSONAL,2021-02-08,5197928.83,7.07,36,ACTIVE,0
583,1869,LOAN0000000583,HOME,2025-11-20,54493887.23,12.27,12,ACTIVE,0
584,1879,LOAN0000000584,AUTO,2021-07-21,39117772.04,9.4,36,ACTIVE,0
585,1880,LOAN0000000585,AUTO,2020-07-07,38416079.69,14.23,120,ACTIVE,0
586,1890,LOAN0000000586,PERSONAL,2022-03-02,804539397.63,7.77,240,ACTIVE,0
587,1892,LOAN0000000587,PERSONAL,2023-06-24,19942524.56,11.89,180,ACTIVE,0
588,1894,LOAN0000000588,HOME,2024-09-08,2532319942.41,10.44,60,ACTIVE,0
589,1895,LOAN0000000589,CREDIT_LINE,2020-11-30,427998186.1,11.93,240,ACTIVE,0
590,1898,LOAN0000000590,PERSONAL,2023-06-14,21829512.57,8.65,48,ACTIVE,0
591,1901,LOAN0000000591,AUTO,2024-01-09,12126372.4,13.8,36,ACTIVE,0
592,1904,LOAN0000000592,HOME,2025-10-05,15854709.87,10.27,24,ACTIVE,0
593,1907,LOAN0000000593,CREDIT_LINE,2020-03-23,463756831.94,12.19,36,ACTIVE,0
594,1909,LOAN0000000594,HOME,2022-06-04,155113565.95,11.48,12,ACTIVE,0
595,1922,LOAN0000000595,HOME,2023-06-24,21225885.96,11.49,12,ACTIVE,0
596,1925,LOAN0000000596,BUSINESS,2021-10-16,19116004.98,7.25,36,ACTIVE,0
597,1926,LOAN0000000597,PERSONAL,2023-05-21,45764330.98,13.19,12,ACTIVE,0
598,1928,LOAN0000000598,AUTO,2023-10-18,20002755.14,8.17,36,DELINQUENT,60
599,1930,LOAN0000000599,HOME,2022-03-28,59616710.6,8.93,180,ACTIVE,0
600,1931,LOAN0000000600,BUSINESS,2023-03-22,8564548.64,13.06,24,ACTIVE,0
601,1940,LOAN0000000601,BUSINESS,2019-10-29,781428586.67,12.92,24,ACTIVE,0
602,1944,LOAN0000000602,HOME,2026-02-03,133367649.27,7.09,24,ACTIVE,0
603,1946,LOAN0000000603,HOME,2023-12-03,228468176.15,8.2,180,ACTIVE,0
604,1949,LOAN0000000604,HOME,2024-01-01,1826740907.03,10.84,12,ACTIVE,0
605,1951,LOAN0000000605,HOME,2020-11-27,19105780.74,9.38,60,ACTIVE,0
606,1952,LOAN0000000606,BUSINESS,2021-11-20,238399160.49,13.28,180,ACTIVE,0
607,1954,LOAN0000000607,PERSONAL,2023-09-26,8699256.89,7.19,12,ACTIVE,0
608,1957,LOAN0000000608,HOME,2023-12-25,101850985.64,11.81,240,ACTIVE,0
609,1963,LOAN0000000609,PERSONAL,2022-06-10,99755971.05,11.79,60,ACTIVE,0
610,1964,LOAN0000000610,HOME,2020-03-16,56365820.84,7.29,240,ACTIVE,0
611,1968,LOAN0000000611,PERSONAL,2019-11-21,9453897.99,11.93,48,ACTIVE,0
612,1974,LOAN0000000612,PERSONAL,2022-02-22,2058831.68,7.04,24,ACTIVE,0
613,1975,LOAN0000000613,AUTO,2023-04-06,70175231.45,9.46,60,ACTIVE,0
614,1976,LOAN0000000614,HOME,2024-08-19,41042486.22,11.1,240,ACTIVE,0
615,1977,LOAN0000000615,BUSINESS,2024-05-02,145900358.29,10.74,60,ACTIVE,0
616,1978,LOAN0000000616,PERSONAL,2022-10-26,68197512.81,9.89,120,ACTIVE,0
617,1988,LOAN0000000617,HOME,2020-07-05,11970797.16,8.96,36,ACTIVE,0
618,1989,LOAN0000000618,PERSONAL,2021-11-01,31018511.91,7.88,36,ACTIVE,0
619,1990,LOAN0000000619,AUTO,2024-11-03,82270333.13,9.17,120,ACTIVE,0
620,1992,LOAN0000000620,CREDIT_LINE,2022-03-27,15055391.48,8.62,60,DELINQUENT,15
621,1995,LOAN0000000621,PERSONAL,2024-07-05,139305387.02,13.87,60,ACTIVE,0
622,2004,LOAN0000000622,PERSONAL,2023-06-22,14561382.3,8.99,12,ACTIVE,0
623,2006,LOAN0000000623,HOME,2024-02-06,33839628.35,10.43,12,ACTIVE,0
624,2010,LOAN0000000624,HOME,2026-01-20,40311536.18,13.11,48,ACTIVE,0
625,2016,LOAN0000000625,PERSONAL,2020-08-12,31880464.81,13.76,48,ACTIVE,0
626,2019,LOAN0000000626,HOME,2021-08-25,49971740.31,9.58,180,ACTIVE,0
627,2024,LOAN0000000627,HOME,2022-03-27,94130376.29,10.54,180,ACTIVE,0
628,2027,LOAN0000000628,PERSONAL,2020-04-01,23122882.93,13.33,60,ACTIVE,0
629,2038,LOAN0000000629,BUSINESS,2023-05-28,1916305591.5,13.31,120,ACTIVE,0
630,2040,LOAN0000000630,HOME,2024-03-14,9373476.86,8.97,12,ACTIVE,0
631,2043,LOAN0000000631,PERSONAL,2021-12-18,226847.97,13.21,12,ACTIVE,0
632,2046,LOAN0000000632,PERSONAL,2025-12-02,220502776.08,7.53,180,ACTIVE,0
633,2057,LOAN0000000633,CREDIT_LINE,2022-07-30,987654759.59,12.38,240,ACTIVE,0
634,2058,LOAN0000000634,BUSINESS,2026-04-27,112173007.3,12.19,60,ACTIVE,0
635,2064,LOAN0000000635,HOME,2025-06-23,845717174.68,8.45,240,ACTIVE,0
636,2066,LOAN0000000636,HOME,2025-11-27,740902165.03,14.13,180,ACTIVE,0
637,2076,LOAN0000000637,CREDIT_LINE,2022-11-25,66879496.58,7.87,12,ACTIVE,0
638,2078,LOAN0000000638,AUTO,2020-10-15,108338557.53,13.41,240,ACTIVE,0
639,2080,LOAN0000000639,PERSONAL,2024-01-09,78556718.97,7.56,24,ACTIVE,0
640,2081,LOAN0000000640,AUTO,2025-06-09,249024208.55,8.65,180,ACTIVE,0
641,2085,LOAN0000000641,AUTO,2022-06-06,283259503.35,6.73,240,ACTIVE,0
642,2087,LOAN0000000642,BUSINESS,2025-12-01,601579626.34,10.28,36,ACTIVE,0
643,2088,LOAN0000000643,PERSONAL,2022-05-02,145255892.14,8.23,36,ACTIVE,0
644,2097,LOAN0000000644,BUSINESS,2026-04-14,1560332166.18,13.63,60,ACTIVE,0
645,2098,LOAN0000000645,PERSONAL,2025-04-06,23844718.67,11.9,180,ACTIVE,0
646,2100,LOAN0000000646,HOME,2021-10-24,12048877.62,12.46,180,ACTIVE,0
647,2101,LOAN0000000647,HOME,2025-11-17,43057604.73,13.81,240,ACTIVE,0
648,2102,LOAN0000000648,AUTO,2021-11-22,149807746.49,12.92,36,ACTIVE,0
649,2104,LOAN0000000649,AUTO,2025-08-15,29039610.4,13.4,120,ACTIVE,0
650,2118,LOAN0000000650,PERSONAL,2020-12-18,387554821.88,9.21,36,ACTIVE,0
651,2119,LOAN0000000651,CREDIT_LINE,2022-11-16,2293630682.45,10.3,120,ACTIVE,0
652,2130,LOAN0000000652,AUTO,2024-04-19,1273198906.09,7.46,120,ACTIVE,0
653,2132,LOAN0000000653,BUSINESS,2022-06-30,143262201.47,14.02,180,ACTIVE,0
654,2135,LOAN0000000654,BUSINESS,2021-06-24,9418892.68,10.8,24,ACTIVE,0
655,2139,LOAN0000000655,AUTO,2024-05-21,26580114.32,14.12,24,ACTIVE,0
656,2140,LOAN0000000656,PERSONAL,2025-10-15,41363151.03,6.78,24,ACTIVE,0
657,2141,LOAN0000000657,PERSONAL,2020-11-11,11947974.76,6.73,24,ACTIVE,0
658,2142,LOAN0000000658,HOME,2023-09-26,496108925.13,10.84,36,ACTIVE,0
659,2148,LOAN0000000659,PERSONAL,2021-05-29,25355043.52,7.95,36,ACTIVE,0
660,2151,LOAN0000000660,AUTO,2024-03-01,45162751.38,13.8,60,ACTIVE,0
661,2155,LOAN0000000661,CREDIT_LINE,2023-11-05,610849259.05,9.53,180,ACTIVE,0
662,2156,LOAN0000000662,CREDIT_LINE,2022-12-01,404873368.72,12.35,120,ACTIVE,0
663,2158,LOAN0000000663,HOME,2022-12-01,269095438.38,12.26,240,ACTIVE,0
664,2163,LOAN0000000664,PERSONAL,2025-05-14,493715662.17,14.13,240,ACTIVE,0
665,2165,LOAN0000000665,PERSONAL,2026-05-24,122908768.96,8.23,180,ACTIVE,0
666,2166,LOAN0000000666,PERSONAL,2021-05-08,2346676.54,11.2,48,ACTIVE,0
667,2172,LOAN0000000667,PERSONAL,2021-04-28,27207497.71,6.64,36,ACTIVE,0
668,2178,LOAN0000000668,PERSONAL,2022-01-09,60935456.61,8.9,48,ACTIVE,0
669,2181,LOAN0000000669,PERSONAL,2021-05-13,33782705.36,14.43,60,ACTIVE,0
670,2182,LOAN0000000670,PERSONAL,2023-04-10,13096722.62,12.36,180,ACTIVE,0
671,2184,LOAN0000000671,HOME,2021-01-26,19236562.86,12.53,24,ACTIVE,0
672,2185,LOAN0000000672,HOME,2021-10-12,22170359.0,7.37,60,ACTIVE,0
673,2198,LOAN0000000673,CREDIT_LINE,2020-04-03,739537649.9,13.32,60,ACTIVE,0
674,2202,LOAN0000000674,PERSONAL,2023-08-06,91183496.13,13.8,240,ACTIVE,0
675,2211,LOAN0000000675,AUTO,2022-06-24,28141837.79,10.88,60,ACTIVE,0
676,2216,LOAN0000000676,BUSINESS,2025-03-15,611746580.24,10.21,240,ACTIVE,0
677,2217,LOAN0000000677,AUTO,2021-09-10,455591468.3,9.62,60,ACTIVE,0
678,2219,LOAN0000000678,PERSONAL,2025-12-16,23593116.78,10.69,60,ACTIVE,0
679,2222,LOAN0000000679,AUTO,2023-03-12,71379360.08,6.97,48,ACTIVE,0
680,2235,LOAN0000000680,CREDIT_LINE,2024-08-26,145830288.02,9.52,180,DELINQUENT,30
681,2242,LOAN0000000681,HOME,2025-08-01,722601841.63,13.41,36,ACTIVE,0
682,2248,LOAN0000000682,PERSONAL,2021-10-14,6380506.02,6.8,12,ACTIVE,0
683,2253,LOAN0000000683,CREDIT_LINE,2023-06-27,72762849.67,12.97,240,ACTIVE,0
684,2255,LOAN0000000684,PERSONAL,2023-11-05,123373553.82,13.54,48,ACTIVE,0
685,2258,LOAN0000000685,PERSONAL,2025-03-08,71283545.45,14.03,48,ACTIVE,0
686,2259,LOAN0000000686,PERSONAL,2024-02-14,1214495740.55,13.48,240,ACTIVE,0
687,2264,LOAN0000000687,BUSINESS,2020-07-17,6394376.79,12.17,12,ACTIVE,0
688,2266,LOAN0000000688,PERSONAL,2023-08-11,260561822.36,11.65,48,ACTIVE,0
689,2269,LOAN0000000689,CREDIT_LINE,2020-06-15,15585561.57,8.77,48,ACTIVE,0
690,2272,LOAN0000000690,HOME,2020-02-07,142492876.08,6.79,180,ACTIVE,0
691,2275,LOAN0000000691,PERSONAL,2026-03-21,1071617791.22,10.12,240,ACTIVE,0
692,2278,LOAN0000000692,PERSONAL,2021-08-17,10629427.0,8.25,48,ACTIVE,0
693,2280,LOAN0000000693,PERSONAL,2022-08-06,839888.98,12.77,48,DELINQUENT,90
694,2282,LOAN0000000694,BUSINESS,2020-06-22,44549764.79,11.76,240,ACTIVE,0
695,2283,LOAN0000000695,HOME,2025-10-02,512290518.84,11.93,180,ACTIVE,0
696,2284,LOAN0000000696,CREDIT_LINE,2024-06-07,40774192.35,9.71,120,ACTIVE,0
697,2285,LOAN0000000697,BUSINESS,2024-08-10,262983277.25,14.0,180,ACTIVE,0
698,2288,LOAN0000000698,AUTO,2023-06-02,9953364.93,11.71,36,ACTIVE,0
699,2290,LOAN0000000699,AUTO,2022-03-09,7561951.78,8.39,24,ACTIVE,0
700,2291,LOAN0000000700,PERSONAL,2020-04-16,8524656.81,7.66,24,ACTIVE,0
701,2292,LOAN0000000701,CREDIT_LINE,2020-01-17,32493883.51,8.89,180,ACTIVE,0
702,2295,LOAN0000000702,HOME,2024-10-25,151500176.3,8.53,48,ACTIVE,0
703,2296,LOAN0000000703,AUTO,2021-09-06,305563093.0,8.85,240,ACTIVE,0
704,2300,LOAN0000000704,AUTO,2022-06-09,95635910.48,10.73,180,ACTIVE,0
705,2302,LOAN0000000705,HOME,2020-09-22,89274267.24,11.42,240,ACTIVE,0
706,2309,LOAN0000000706,CREDIT_LINE,2024-11-22,126048569.88,10.52,48,ACTIVE,0
707,2313,LOAN0000000707,HOME,2022-03-18,254031800.3,10.56,240,ACTIVE,0
708,2314,LOAN0000000708,BUSINESS,2019-12-25,16284707.27,12.91,60,ACTIVE,0
709,2315,LOAN0000000709,PERSONAL,2022-05-10,63060642.45,13.31,12,ACTIVE,0
710,2331,LOAN0000000710,BUSINESS,2024-11-28,36705787.97,10.55,240,ACTIVE,0
711,2333,LOAN0000000711,PERSONAL,2021-06-17,2707620.07,6.59,24,ACTIVE,0
712,2336,LOAN0000000712,HOME,2025-10-21,44591680.83,11.32,36,ACTIVE,0
713,2344,LOAN0000000713,PERSONAL,2024-03-05,26676237.54,7.82,240,ACTIVE,0
714,2346,LOAN0000000714,BUSINESS,2022-10-24,1114122107.81,7.46,48,ACTIVE,0
715,2349,LOAN0000000715,PERSONAL,2024-03-07,637501628.38,13.61,24,ACTIVE,0
716,2352,LOAN0000000716,PERSONAL,2021-07-19,50116796.81,7.79,120,ACTIVE,0
717,2353,LOAN0000000717,PERSONAL,2024-03-26,83951618.32,10.87,48,ACTIVE,0
718,2360,LOAN0000000718,PERSONAL,2022-02-13,16684112.1,10.05,36,ACTIVE,0
719,2363,LOAN0000000719,HOME,2020-11-12,361701617.99,11.82,12,ACTIVE,0
720,2365,LOAN0000000720,PERSONAL,2022-05-22,20602603.5,10.73,240,DELINQUENT,15
721,2370,LOAN0000000721,AUTO,2022-10-09,151559917.25,10.63,48,ACTIVE,0
722,2376,LOAN0000000722,PERSONAL,2026-01-21,68054745.6,14.21,180,ACTIVE,0
723,2378,LOAN0000000723,CREDIT_LINE,2022-05-23,266079532.53,7.11,60,ACTIVE,0
724,2381,LOAN0000000724,HOME,2021-02-27,35398540.83,9.68,180,ACTIVE,0
725,2384,LOAN0000000725,AUTO,2022-03-22,888734740.48,9.24,180,ACTIVE,0
726,2387,LOAN0000000726,PERSONAL,2024-11-10,104930837.82,13.77,36,ACTIVE,0
727,2392,LOAN0000000727,CREDIT_LINE,2021-08-25,40678373.47,11.25,120,ACTIVE,0
728,2398,LOAN0000000728,PERSONAL,2021-01-12,23424571.07,7.12,12,ACTIVE,0
729,2404,LOAN0000000729,BUSINESS,2023-02-16,15954823.18,13.38,48,ACTIVE,0
730,2405,LOAN0000000730,PERSONAL,2021-09-01,21730380.71,11.2,12,ACTIVE,0
731,2408,LOAN0000000731,HOME,2020-06-17,159918185.13,7.23,180,ACTIVE,0
732,2413,LOAN0000000732,HOME,2024-04-28,29024274.12,13.44,36,ACTIVE,0
733,2415,LOAN0000000733,AUTO,2021-08-20,32972926.29,8.96,60,ACTIVE,0
734,2416,LOAN0000000734,HOME,2026-04-19,804228179.35,8.31,240,ACTIVE,0
735,2421,LOAN0000000735,PERSONAL,2020-05-04,318931226.32,14.41,36,ACTIVE,0
736,2422,LOAN0000000736,AUTO,2021-03-26,10147156.08,7.09,36,ACTIVE,0
737,2431,LOAN0000000737,PERSONAL,2021-11-22,447220178.24,9.69,180,ACTIVE,0
738,2432,LOAN0000000738,AUTO,2025-11-11,79382592.09,13.07,180,ACTIVE,0
739,2435,LOAN0000000739,AUTO,2019-12-17,11027687.16,12.28,60,ACTIVE,0
740,2438,LOAN0000000740,BUSINESS,2023-04-16,11748741.76,14.03,36,DELINQUENT,15
741,2439,LOAN0000000741,CREDIT_LINE,2024-09-04,48079102.42,13.06,48,ACTIVE,0
742,2440,LOAN0000000742,PERSONAL,2024-07-19,482379249.85,7.56,36,DELINQUENT,15
743,2441,LOAN0000000743,BUSINESS,2024-07-01,261355290.26,13.17,48,ACTIVE,0
744,2442,LOAN0000000744,PERSONAL,2020-10-24,84967521.75,12.56,180,ACTIVE,0
745,2445,LOAN0000000745,PERSONAL,2021-06-18,18235838.81,8.81,36,ACTIVE,0
746,2451,LOAN0000000746,HOME,2023-02-18,68057752.76,10.98,180,ACTIVE,0
747,2452,LOAN0000000747,HOME,2020-11-22,4453041.96,11.34,48,DELINQUENT,30
748,2453,LOAN0000000748,HOME,2021-06-04,10424373.86,13.73,120,DELINQUENT,15
749,2457,LOAN0000000749,HOME,2021-08-12,1217611507.61,9.4,240,ACTIVE,0
750,2460,LOAN0000000750,PERSONAL,2021-10-18,40552654.46,14.06,240,ACTIVE,0
751,2461,LOAN0000000751,PERSONAL,2023-04-23,37535969.31,10.71,12,ACTIVE,0
752,2463,LOAN0000000752,HOME,2021-10-16,445900802.1,13.35,180,ACTIVE,0
753,2464,LOAN0000000753,BUSINESS,2024-10-07,117028573.89,7.79,240,ACTIVE,0
754,2468,LOAN0000000754,PERSONAL,2020-11-05,37479006.24,8.05,180,ACTIVE,0
755,2470,LOAN0000000755,HOME,2024-02-04,116431651.43,14.16,24,ACTIVE,0
756,2476,LOAN0000000756,AUTO,2023-08-26,673038501.54,10.68,60,ACTIVE,0
757,2479,LOAN0000000757,AUTO,2022-03-11,175064856.78,9.7,60,ACTIVE,0
758,2486,LOAN0000000758,PERSONAL,2024-02-10,264227211.2,12.26,180,ACTIVE,0
759,2487,LOAN0000000759,AUTO,2021-01-19,15786609.12,10.51,240,ACTIVE,0
760,2491,LOAN0000000760,PERSONAL,2023-12-02,34538064.38,9.82,36,ACTIVE,0
761,2495,LOAN0000000761,AUTO,2025-07-11,999159727.35,11.89,60,ACTIVE,0
762,2498,LOAN0000000762,HOME,2021-05-30,167066891.57,11.66,240,ACTIVE,0
763,2506,LOAN0000000763,AUTO,2023-03-14,870456494.74,11.2,12,ACTIVE,0
764,2508,LOAN0000000764,PERSONAL,2025-01-31,260885399.55,6.9,120,ACTIVE,0
765,2511,LOAN0000000765,AUTO,2023-02-27,39682508.14,14.41,48,ACTIVE,0
766,2513,LOAN0000000766,PERSONAL,2020-02-17,490762209.74,9.16,180,ACTIVE,0
767,2523,LOAN0000000767,HOME,2021-06-24,116319970.9,10.12,60,ACTIVE,0
768,2525,LOAN0000000768,AUTO,2024-09-01,13307224.32,13.54,36,ACTIVE,0
769,2526,LOAN0000000769,CREDIT_LINE,2023-02-03,24266124.84,12.47,180,ACTIVE,0
770,2532,LOAN0000000770,HOME,2025-05-19,12068179.61,13.12,60,ACTIVE,0
771,2533,LOAN0000000771,HOME,2022-06-26,6405372.94,12.65,36,DELINQUENT,15
772,2546,LOAN0000000772,PERSONAL,2020-07-10,50482879.69,6.5,24,ACTIVE,0
773,2551,LOAN0000000773,HOME,2023-09-04,497367812.48,6.93,240,ACTIVE,0
774,2554,LOAN0000000774,HOME,2022-10-21,10129257.44,13.73,24,ACTIVE,0
775,2556,LOAN0000000775,PERSONAL,2022-03-24,27286785.26,12.3,48,DELINQUENT,30
776,2558,LOAN0000000776,HOME,2025-03-18,43417098.24,8.14,36,ACTIVE,0
777,2560,LOAN0000000777,PERSONAL,2025-03-11,156573553.15,13.29,24,ACTIVE,0
778,2561,LOAN0000000778,BUSINESS,2022-06-28,178463017.52,8.3,12,ACTIVE,0
779,2563,LOAN0000000779,HOME,2021-09-01,24126333.39,9.66,240,ACTIVE,0
780,2566,LOAN0000000780,BUSINESS,2021-08-16,77212790.24,14.24,48,ACTIVE,0
781,2569,LOAN0000000781,HOME,2021-11-06,12406672.44,8.97,48,ACTIVE,0
782,2570,LOAN0000000782,AUTO,2024-07-21,28587189.96,13.47,24,ACTIVE,0
783,2573,LOAN0000000783,HOME,2025-03-28,10420957.7,12.13,12,ACTIVE,0
784,2578,LOAN0000000784,BUSINESS,2021-06-26,31266949.36,6.53,24,ACTIVE,0
785,2583,LOAN0000000785,HOME,2022-11-08,1314959033.51,6.51,120,ACTIVE,0
786,2588,LOAN0000000786,PERSONAL,2020-08-02,48444954.93,14.07,48,ACTIVE,0
787,2592,LOAN0000000787,PERSONAL,2021-09-09,18547187.64,11.04,48,ACTIVE,0
788,2594,LOAN0000000788,CREDIT_LINE,2022-01-28,29360899.07,14.34,12,ACTIVE,0
789,2595,LOAN0000000789,HOME,2026-04-01,138104509.17,6.56,240,ACTIVE,0
790,2596,LOAN0000000790,BUSINESS,2022-09-28,181809228.63,7.33,12,ACTIVE,0
791,2599,LOAN0000000791,HOME,2022-02-22,65015503.55,8.89,24,ACTIVE,0
792,2613,LOAN0000000792,AUTO,2024-03-13,53906689.64,6.66,240,ACTIVE,0
793,2620,LOAN0000000793,CREDIT_LINE,2022-02-16,4633668.47,8.06,12,ACTIVE,0
794,2625,LOAN0000000794,PERSONAL,2020-07-12,1660650.71,7.02,36,ACTIVE,0
795,2631,LOAN0000000795,BUSINESS,2021-08-04,796177180.49,13.6,24,ACTIVE,0
796,2632,LOAN0000000796,HOME,2020-09-22,39586154.93,9.98,60,ACTIVE,0
797,2633,LOAN0000000797,HOME,2024-03-20,1284581604.51,12.82,240,ACTIVE,0
798,2645,LOAN0000000798,HOME,2022-10-29,67270973.04,10.44,60,ACTIVE,0
799,2646,LOAN0000000799,HOME,2022-11-05,29121032.51,13.07,120,ACTIVE,0
800,2650,LOAN0000000800,PERSONAL,2021-07-09,262151121.69,10.99,240,ACTIVE,0
801,2653,LOAN0000000801,HOME,2020-01-21,33920794.47,9.98,180,ACTIVE,0
802,2654,LOAN0000000802,CREDIT_LINE,2021-08-02,50780.99,8.96,12,DELINQUENT,30
803,2661,LOAN0000000803,CREDIT_LINE,2024-12-24,56130618.44,11.64,120,ACTIVE,0
804,2664,LOAN0000000804,PERSONAL,2022-11-17,56682900.76,7.27,36,ACTIVE,0
805,2665,LOAN0000000805,HOME,2025-01-08,26341010.83,6.8,120,ACTIVE,0
806,2673,LOAN0000000806,AUTO,2025-05-20,185782136.99,9.68,36,ACTIVE,0
807,2674,LOAN0000000807,HOME,2020-09-15,81345432.47,7.49,240,ACTIVE,0
808,2675,LOAN0000000808,HOME,2026-05-19,306520200.06,12.42,180,ACTIVE,0
809,2679,LOAN0000000809,HOME,2023-08-22,24157996.57,14.1,36,ACTIVE,0
810,2680,LOAN0000000810,AUTO,2022-03-11,8413576.9,11.05,36,ACTIVE,0
811,2682,LOAN0000000811,CREDIT_LINE,2025-04-27,118407149.91,10.05,120,ACTIVE,0
812,2685,LOAN0000000812,HOME,2024-10-08,41284660.21,7.92,180,ACTIVE,0
813,2686,LOAN0000000813,PERSONAL,2020-09-05,101389088.99,13.23,240,ACTIVE,0
814,2688,LOAN0000000814,BUSINESS,2021-12-10,2252946.7,10.08,12,ACTIVE,0
815,2693,LOAN0000000815,BUSINESS,2022-10-31,2788640.8,6.81,48,ACTIVE,0
816,2695,LOAN0000000816,HOME,2026-02-22,53016402.55,11.58,180,ACTIVE,0
817,2701,LOAN0000000817,BUSINESS,2025-04-16,46851013.35,10.76,180,ACTIVE,0
818,2702,LOAN0000000818,HOME,2024-07-22,203439107.59,13.12,120,ACTIVE,0
819,2704,LOAN0000000819,BUSINESS,2024-12-01,244600558.48,9.47,60,ACTIVE,0
820,2709,LOAN0000000820,CREDIT_LINE,2024-07-07,21727193.3,14.01,24,ACTIVE,0
821,2711,LOAN0000000821,PERSONAL,2020-08-02,5266627.14,6.9,60,ACTIVE,0
822,2712,LOAN0000000822,BUSINESS,2022-10-29,165737857.75,11.26,180,ACTIVE,0
823,2713,LOAN0000000823,AUTO,2020-09-02,7309476.54,9.65,48,ACTIVE,0
824,2714,LOAN0000000824,HOME,2021-08-18,335590150.95,12.11,24,ACTIVE,0
825,2716,LOAN0000000825,CREDIT_LINE,2021-05-14,406809.38,8.49,60,ACTIVE,0
826,2724,LOAN0000000826,BUSINESS,2025-02-15,15017097.67,8.17,12,ACTIVE,0
827,2725,LOAN0000000827,BUSINESS,2024-09-06,157738547.63,9.29,240,ACTIVE,0
828,2726,LOAN0000000828,HOME,2025-01-17,30084262.62,10.12,60,DELINQUENT,30
829,2731,LOAN0000000829,AUTO,2019-11-17,4338612643.91,9.66,240,ACTIVE,0
830,2735,LOAN0000000830,PERSONAL,2025-12-20,225601145.09,10.82,48,ACTIVE,0
831,2736,LOAN0000000831,CREDIT_LINE,2025-06-29,14870750.92,13.81,24,ACTIVE,0
832,2738,LOAN0000000832,BUSINESS,2025-12-26,48831144.58,10.74,180,ACTIVE,0
833,2739,LOAN0000000833,CREDIT_LINE,2023-07-01,49037148.17,7.04,120,ACTIVE,0
834,2740,LOAN0000000834,PERSONAL,2024-04-29,3089423.41,11.2,12,ACTIVE,0
835,2741,LOAN0000000835,AUTO,2021-05-03,2063739830.92,9.85,12,ACTIVE,0
836,2746,LOAN0000000836,PERSONAL,2025-11-29,29968481.18,8.7,12,ACTIVE,0
837,2747,LOAN0000000837,HOME,2019-11-22,79444378.77,9.04,36,ACTIVE,0
838,2749,LOAN0000000838,AUTO,2023-07-19,43346159.82,11.37,180,ACTIVE,0
839,2751,LOAN0000000839,CREDIT_LINE,2025-04-23,41637460.19,7.88,240,ACTIVE,0
840,2752,LOAN0000000840,AUTO,2026-02-23,10455641.23,10.25,12,DELINQUENT,30
841,2754,LOAN0000000841,CREDIT_LINE,2021-06-02,36640248.83,14.18,36,ACTIVE,0
842,2755,LOAN0000000842,BUSINESS,2025-07-12,65179713.19,13.6,120,ACTIVE,0
843,2756,LOAN0000000843,HOME,2020-02-25,206878119.62,13.07,240,ACTIVE,0
844,2758,LOAN0000000844,CREDIT_LINE,2023-03-16,3439972.25,13.73,36,ACTIVE,0
845,2763,LOAN0000000845,HOME,2025-04-11,346974401.46,12.14,60,ACTIVE,0
846,2764,LOAN0000000846,HOME,2021-02-04,34401176.4,14.08,48,ACTIVE,0
847,2767,LOAN0000000847,HOME,2025-11-03,636231825.03,13.79,60,ACTIVE,0
848,2768,LOAN0000000848,PERSONAL,2024-05-24,195324.03,8.62,12,ACTIVE,0
849,2769,LOAN0000000849,CREDIT_LINE,2020-11-11,29011983.47,12.17,60,ACTIVE,0
850,2771,LOAN0000000850,PERSONAL,2025-06-30,50252405.17,10.61,240,ACTIVE,0
851,2775,LOAN0000000851,CREDIT_LINE,2021-01-17,73923251.74,11.19,120,ACTIVE,0
852,2777,LOAN0000000852,BUSINESS,2022-08-25,36531593.65,12.15,120,ACTIVE,0
853,2780,LOAN0000000853,AUTO,2022-10-08,411928543.57,14.36,12,ACTIVE,0
854,2781,LOAN0000000854,HOME,2024-07-29,440713321.82,13.89,24,ACTIVE,0
855,2782,LOAN0000000855,HOME,2024-08-05,42415409.2,7.42,12,ACTIVE,0
856,2783,LOAN0000000856,HOME,2023-05-29,106350038.84,13.77,180,ACTIVE,0
857,2786,LOAN0000000857,PERSONAL,2022-11-16,49330131.57,12.25,36,ACTIVE,0
858,2790,LOAN0000000858,AUTO,2022-01-07,143690522.01,7.36,240,ACTIVE,0
859,2793,LOAN0000000859,AUTO,2024-08-19,4188942.23,8.61,60,ACTIVE,0
860,2795,LOAN0000000860,HOME,2023-05-24,109118193.67,12.57,60,ACTIVE,0
861,2796,LOAN0000000861,HOME,2023-05-04,199120110.47,14.18,180,ACTIVE,0
862,2800,LOAN0000000862,PERSONAL,2020-12-13,79421387.81,8.82,240,ACTIVE,0
863,2803,LOAN0000000863,HOME,2025-10-18,1194691674.45,7.53,36,ACTIVE,0
864,2805,LOAN0000000864,PERSONAL,2023-02-03,401437976.37,7.82,48,ACTIVE,0
865,2806,LOAN0000000865,AUTO,2021-04-15,32123290.89,12.28,24,ACTIVE,0
866,2807,LOAN0000000866,PERSONAL,2025-08-28,858279090.9,10.67,24,ACTIVE,0
867,2811,LOAN0000000867,HOME,2020-12-10,26197767.0,10.09,24,ACTIVE,0
868,2814,LOAN0000000868,PERSONAL,2021-08-09,2071679747.69,10.48,120,ACTIVE,0
869,2818,LOAN0000000869,HOME,2023-03-08,37021203.11,13.6,120,ACTIVE,0
870,2826,LOAN0000000870,AUTO,2025-10-25,29118297.32,8.46,180,DELINQUENT,15
871,2828,LOAN0000000871,AUTO,2021-09-28,26079803.81,13.07,12,ACTIVE,0
872,2834,LOAN0000000872,PERSONAL,2023-06-10,37220243.43,10.88,36,ACTIVE,0
873,2835,LOAN0000000873,BUSINESS,2024-04-30,70487567.87,10.36,48,ACTIVE,0
874,2837,LOAN0000000874,HOME,2021-08-28,68457008.99,13.78,180,DELINQUENT,15
875,2844,LOAN0000000875,AUTO,2026-04-06,156073319.44,14.46,24,ACTIVE,0
876,2848,LOAN0000000876,PERSONAL,2023-04-30,168922070.23,11.74,60,ACTIVE,0
877,2851,LOAN0000000877,AUTO,2022-07-05,424139683.47,11.39,240,ACTIVE,0
878,2865,LOAN0000000878,HOME,2025-09-19,1214997083.47,11.37,180,ACTIVE,0
879,2866,LOAN0000000879,CREDIT_LINE,2021-08-25,36794280.84,8.57,48,ACTIVE,0
880,2868,LOAN0000000880,HOME,2021-09-29,19103525.55,6.96,120,ACTIVE,0
881,2870,LOAN0000000881,AUTO,2024-07-22,3403277797.94,6.55,60,ACTIVE,0
882,2873,LOAN0000000882,BUSINESS,2020-11-14,364760577.33,10.59,36,ACTIVE,0
883,2874,LOAN0000000883,PERSONAL,2021-12-19,149673017.3,12.84,180,ACTIVE,0
884,2877,LOAN0000000884,AUTO,2021-11-29,34332808.74,14.11,36,ACTIVE,0
885,2880,LOAN0000000885,BUSINESS,2022-02-07,257257553.13,10.11,48,ACTIVE,0
886,2885,LOAN0000000886,HOME,2024-04-05,69245284.99,11.77,240,ACTIVE,0
887,2887,LOAN0000000887,PERSONAL,2025-05-01,1102980651.62,14.11,240,ACTIVE,0
888,2891,LOAN0000000888,PERSONAL,2023-07-14,8576021.61,11.81,36,ACTIVE,0
889,2893,LOAN0000000889,HOME,2025-10-27,17330975.39,11.11,240,ACTIVE,0
890,2896,LOAN0000000890,HOME,2021-05-01,1639172022.56,8.54,120,ACTIVE,0
891,2899,LOAN0000000891,CREDIT_LINE,2021-09-16,38446044.53,7.64,48,ACTIVE,0
892,2900,LOAN0000000892,PERSONAL,2024-09-22,681520656.82,9.57,240,ACTIVE,0
893,2904,LOAN0000000893,AUTO,2026-04-16,108901077.58,7.78,48,ACTIVE,0
894,2905,LOAN0000000894,HOME,2025-06-18,115331157.1,14.42,180,ACTIVE,0
895,2909,LOAN0000000895,PERSONAL,2020-01-11,7057646.55,10.68,60,ACTIVE,0
896,2913,LOAN0000000896,PERSONAL,2020-09-03,678046.86,8.91,36,ACTIVE,0
897,2915,LOAN0000000897,HOME,2024-09-05,125673301.1,9.16,240,ACTIVE,0
898,2916,LOAN0000000898,AUTO,2023-06-13,411366790.0,11.57,120,ACTIVE,0
899,2920,LOAN0000000899,HOME,2023-01-30,82800909.13,9.34,60,ACTIVE,0
900,2923,LOAN0000000900,PERSONAL,2024-07-23,17037015.29,13.92,12,ACTIVE,0
901,2930,LOAN0000000901,HOME,2023-01-04,348897365.9,12.27,180,ACTIVE,0
902,2931,LOAN0000000902,CREDIT_LINE,2020-10-10,9834870.69,12.19,12,ACTIVE,0
903,2933,LOAN0000000903,AUTO,2022-11-11,22987280.79,8.92,120,ACTIVE,0
904,2934,LOAN0000000904,HOME,2023-01-22,2052087.11,11.85,36,ACTIVE,0
905,2942,LOAN0000000905,HOME,2026-04-15,52024376.08,12.77,180,ACTIVE,0
906,2944,LOAN0000000906,PERSONAL,2021-11-25,11718475.07,8.64,12,ACTIVE,0
907,2946,LOAN0000000907,AUTO,2020-09-20,102184627.72,12.97,12,ACTIVE,0
908,2947,LOAN0000000908,AUTO,2023-08-17,4499137.65,10.43,12,ACTIVE,0
909,2948,LOAN0000000909,PERSONAL,2020-07-27,78031350.43,9.4,240,ACTIVE,0
910,2951,LOAN0000000910,PERSONAL,2024-08-26,108295366.35,11.23,60,ACTIVE,0
911,2956,LOAN0000000911,PERSONAL,2021-11-30,3837459.01,11.94,48,ACTIVE,0
912,2959,LOAN0000000912,HOME,2026-01-12,67429478.16,13.55,24,ACTIVE,0
913,2962,LOAN0000000913,PERSONAL,2022-05-26,112399252.2,6.94,180,ACTIVE,0
914,2963,LOAN0000000914,PERSONAL,2021-11-28,1669564961.95,9.4,180,ACTIVE,0
915,2964,LOAN0000000915,HOME,2024-08-12,373359208.76,9.31,48,ACTIVE,0
916,2966,LOAN0000000916,PERSONAL,2026-04-15,361249367.24,6.9,60,ACTIVE,0
917,2969,LOAN0000000917,AUTO,2023-05-20,72382666.53,13.14,240,ACTIVE,0
918,2970,LOAN0000000918,PERSONAL,2020-11-06,80979508.14,11.36,240,ACTIVE,0
919,2972,LOAN0000000919,PERSONAL,2025-08-04,8108068.27,10.97,12,DELINQUENT,15
920,2973,LOAN0000000920,PERSONAL,2023-02-17,3681788823.07,7.81,180,ACTIVE,0
921,2976,LOAN0000000921,CREDIT_LINE,2023-05-25,1292727875.79,9.5,180,ACTIVE,0
922,2979,LOAN0000000922,HOME,2020-07-01,41802475.86,8.66,120,ACTIVE,0
923,2983,LOAN0000000923,CREDIT_LINE,2023-01-05,26968945.87,7.11,48,ACTIVE,0
924,2987,LOAN0000000924,AUTO,2024-06-21,276038766.03,13.11,180,ACTIVE,0
925,2989,LOAN0000000925,PERSONAL,2021-01-23,41515061.71,11.78,48,ACTIVE,0
926,2990,LOAN0000000926,BUSINESS,2021-12-26,1105780270.91,14.18,240,ACTIVE,0
927,2992,LOAN0000000927,PERSONAL,2024-07-25,244426141.18,7.23,180,ACTIVE,0
928,2996,LOAN0000000928,AUTO,2020-10-15,2968070.35,6.8,48,ACTIVE,0
929,2999,LOAN0000000929,BUSINESS,2026-01-27,150203235.96,13.26,120,ACTIVE,0
930,3005,LOAN0000000930,PERSONAL,2022-05-18,266708437.38,6.53,48,ACTIVE,0
931,3008,LOAN0000000931,PERSONAL,2023-08-07,147873391.89,8.74,48,ACTIVE,0
932,3010,LOAN0000000932,PERSONAL,2023-10-15,26746462.02,6.59,240,DELINQUENT,90
933,3011,LOAN0000000933,BUSINESS,2024-02-19,26532215.93,6.61,48,ACTIVE,0
934,3013,LOAN0000000934,PERSONAL,2020-01-15,224904115.45,7.11,180,ACTIVE,0
935,3014,LOAN0000000935,BUSINESS,2021-11-25,3327198.57,13.17,36,ACTIVE,0
936,3016,LOAN0000000936,HOME,2022-12-16,19758600.84,14.36,180,ACTIVE,0
937,3018,LOAN0000000937,PERSONAL,2020-08-08,218300210.24,11.98,48,ACTIVE,0
938,3025,LOAN0000000938,HOME,2025-01-15,95948393.75,9.49,180,ACTIVE,0
939,3029,LOAN0000000939,HOME,2021-04-04,20561924.1,7.83,12,ACTIVE,0
940,3030,LOAN0000000940,BUSINESS,2020-11-24,937433144.99,12.4,180,ACTIVE,0
941,3033,LOAN0000000941,HOME,2022-05-24,16225910.33,13.56,60,ACTIVE,0
942,3035,LOAN0000000942,AUTO,2021-08-27,11222342.37,8.92,120,ACTIVE,0
943,3036,LOAN0000000943,CREDIT_LINE,2023-06-05,229375105.76,11.52,240,DELINQUENT,30
944,3038,LOAN0000000944,AUTO,2019-10-24,47094610.77,12.6,36,ACTIVE,0
945,3041,LOAN0000000945,AUTO,2024-02-09,181913129.59,9.41,48,ACTIVE,0
946,3047,LOAN0000000946,PERSONAL,2019-12-06,126039936.87,14.24,36,ACTIVE,0
947,3048,LOAN0000000947,HOME,2021-03-23,179173088.93,7.4,120,ACTIVE,0
948,3052,LOAN0000000948,BUSINESS,2024-06-22,4560869653.7,9.59,120,ACTIVE,0
949,3055,LOAN0000000949,AUTO,2023-08-18,129775456.55,8.93,36,ACTIVE,0
950,3057,LOAN0000000950,BUSINESS,2024-08-04,49035960.81,13.22,12,ACTIVE,0
951,3061,LOAN0000000951,HOME,2025-09-23,313625255.3,13.43,180,ACTIVE,0
952,3064,LOAN0000000952,HOME,2022-03-21,154755441.54,11.05,60,ACTIVE,0
953,3068,LOAN0000000953,HOME,2026-02-12,28618755.51,13.56,36,ACTIVE,0
954,3069,LOAN0000000954,HOME,2026-04-20,68143177.34,7.76,12,ACTIVE,0
955,3070,LOAN0000000955,PERSONAL,2022-10-05,150720651.66,13.49,120,ACTIVE,0
956,3073,LOAN0000000956,HOME,2020-08-28,239934.15,11.05,60,ACTIVE,0
957,3074,LOAN0000000957,BUSINESS,2025-12-01,53725740.73,12.0,24,ACTIVE,0
958,3075,LOAN0000000958,BUSINESS,2020-07-11,65103958.66,11.85,48,ACTIVE,0
959,3076,LOAN0000000959,PERSONAL,2021-08-22,119071257.62,9.23,120,ACTIVE,0
960,3078,LOAN0000000960,PERSONAL,2021-07-02,29904301.85,12.64,180,ACTIVE,0
961,3081,LOAN0000000961,HOME,2026-05-15,47676840.64,11.39,60,ACTIVE,0
962,3082,LOAN0000000962,BUSINESS,2022-10-20,762594987.5,12.96,60,ACTIVE,0
963,3091,LOAN0000000963,AUTO,2022-09-25,11362697.08,13.25,36,ACTIVE,0
964,3093,LOAN0000000964,HOME,2019-12-03,13012652.9,10.72,12,ACTIVE,0
965,3096,LOAN0000000965,HOME,2025-03-15,428933319.05,9.6,180,ACTIVE,0
966,3098,LOAN0000000966,CREDIT_LINE,2021-10-10,68346893.93,7.03,36,ACTIVE,0
967,3102,LOAN0000000967,AUTO,2023-03-17,5596275.08,8.81,12,ACTIVE,0
968,3105,LOAN0000000968,HOME,2025-05-18,81934615.17,13.96,120,DELINQUENT,60
969,3108,LOAN0000000969,PERSONAL,2026-05-28,57187659.97,11.71,48,ACTIVE,0
970,3111,LOAN0000000970,PERSONAL,2023-10-07,8746175.82,6.89,36,ACTIVE,0
971,3113,LOAN0000000971,AUTO,2021-10-16,2826398.52,10.9,60,DELINQUENT,15
972,3122,LOAN0000000972,AUTO,2021-08-28,24962426.6,12.54,12,ACTIVE,0
973,3126,LOAN0000000973,HOME,2024-07-13,71956847.16,6.5,120,ACTIVE,0
974,3130,LOAN0000000974,AUTO,2025-11-10,44839771.97,13.42,120,ACTIVE,0
975,3132,LOAN0000000975,AUTO,2025-04-20,196905161.1,13.18,60,ACTIVE,0
976,3136,LOAN0000000976,AUTO,2022-07-31,8671941.0,8.23,36,ACTIVE,0
977,3139,LOAN0000000977,HOME,2024-12-03,78017455.13,12.4,36,ACTIVE,0
978,3141,LOAN0000000978,AUTO,2022-10-23,16319118.54,10.66,240,ACTIVE,0
979,3144,LOAN0000000979,PERSONAL,2021-05-22,114617531.87,8.5,36,ACTIVE,0
980,3148,LOAN0000000980,HOME,2023-01-25,1370398.69,8.21,24,ACTIVE,0
981,3149,LOAN0000000981,HOME,2020-10-07,119081305.52,10.16,12,ACTIVE,0
982,3151,LOAN0000000982,HOME,2023-07-07,1710431873.32,13.6,180,ACTIVE,0
983,3152,LOAN0000000983,HOME,2026-05-17,175930018.69,7.92,48,ACTIVE,0
984,3153,LOAN0000000984,HOME,2021-11-17,650314130.53,8.14,180,ACTIVE,0
985,3154,LOAN0000000985,HOME,2024-10-07,515215713.36,9.9,60,ACTIVE,0
986,3155,LOAN0000000986,HOME,2020-02-22,11355932.69,8.8,12,ACTIVE,0
987,3157,LOAN0000000987,HOME,2020-06-17,25952296.58,9.42,48,ACTIVE,0
988,3159,LOAN0000000988,HOME,2023-09-27,33240410.91,11.35,60,ACTIVE,0
989,3163,LOAN0000000989,BUSINESS,2020-01-22,39732541.07,9.01,180,ACTIVE,0
990,3165,LOAN0000000990,AUTO,2020-01-20,949557.0,13.98,60,ACTIVE,0
991,3166,LOAN0000000991,PERSONAL,2024-06-21,135876095.37,11.4,120,ACTIVE,0
992,3173,LOAN0000000992,AUTO,2020-02-12,1949000.2,14.05,48,ACTIVE,0
993,3176,LOAN0000000993,HOME,2025-08-06,620226510.79,8.09,240,ACTIVE,0
994,3180,LOAN0000000994,PERSONAL,2021-03-05,33222505.21,7.1,120,ACTIVE,0
995,3186,LOAN0000000995,HOME,2022-08-20,410817729.81,8.94,120,ACTIVE,0
996,3187,LOAN0000000996,PERSONAL,2025-03-09,26731494.11,10.05,60,DELINQUENT,30
997,3200,LOAN0000000997,PERSONAL,2024-01-28,21517714.68,11.32,48,ACTIVE,0
998,3202,LOAN0000000998,PERSONAL,2022-09-09,101071902.48,7.49,240,ACTIVE,0
999,3205,LOAN0000000999,HOME,2025-06-10,68836490.5,11.86,180,ACTIVE,0
1000,3207,LOAN0000001000,PERSONAL,2024-04-26,563153392.94,8.48,120,ACTIVE,0
1001,3208,LOAN0000001001,CREDIT_LINE,2023-02-01,130758542.76,8.02,48,ACTIVE,0
1002,3212,LOAN0000001002,HOME,2020-10-19,8989648.59,6.76,60,ACTIVE,0
1003,3222,LOAN0000001003,PERSONAL,2022-06-16,61628160.5,11.34,48,ACTIVE,0
1004,3223,LOAN0000001004,PERSONAL,2021-09-26,8372079.61,13.08,48,DELINQUENT,30
1005,3227,LOAN0000001005,BUSINESS,2023-02-27,134483133.69,9.94,180,DELINQUENT,90
1006,3228,LOAN0000001006,PERSONAL,2025-06-06,37121312.67,8.91,120,ACTIVE,0
1007,3230,LOAN0000001007,PERSONAL,2023-11-25,40567187.04,7.2,36,ACTIVE,0
1008,3231,LOAN0000001008,AUTO,2024-08-19,293336188.75,13.88,12,ACTIVE,0
1009,3232,LOAN0000001009,CREDIT_LINE,2024-09-22,1084064954.22,13.55,60,ACTIVE,0
1010,3238,LOAN0000001010,AUTO,2025-12-05,168869562.49,7.93,24,ACTIVE,0
1011,3251,LOAN0000001011,PERSONAL,2022-10-21,66673059.28,11.4,180,ACTIVE,0
1012,3252,LOAN0000001012,PERSONAL,2025-07-02,50463677.26,7.06,36,ACTIVE,0
1013,3254,LOAN0000001013,PERSONAL,2022-04-09,187862140.09,9.87,12,ACTIVE,0
1014,3255,LOAN0000001014,HOME,2022-12-19,790570368.95,13.41,36,ACTIVE,0
1015,3258,LOAN0000001015,PERSONAL,2023-11-13,15867765.99,8.08,12,ACTIVE,0
1016,3262,LOAN0000001016,PERSONAL,2024-04-23,34149610.01,14.03,240,DELINQUENT,15
1017,3263,LOAN0000001017,PERSONAL,2022-04-02,699067851.5,6.82,60,ACTIVE,0
1018,3270,LOAN0000001018,PERSONAL,2020-06-26,15219857.41,12.2,24,ACTIVE,0
1019,3278,LOAN0000001019,PERSONAL,2024-06-30,209800813.22,10.96,120,ACTIVE,0
1020,3280,LOAN0000001020,HOME,2022-10-22,29066472.49,13.02,36,ACTIVE,0
1021,3282,LOAN0000001021,AUTO,2022-08-03,291384170.26,13.33,24,ACTIVE,0
1022,3285,LOAN0000001022,PERSONAL,2025-05-28,25337138.32,10.27,60,ACTIVE,0
1023,3295,LOAN0000001023,CREDIT_LINE,2021-11-04,114547967.98,6.52,120,ACTIVE,0
1024,3297,LOAN0000001024,HOME,2022-03-09,28109757.65,10.43,24,ACTIVE,0
1025,3305,LOAN0000001025,HOME,2020-04-30,70375099.69,14.44,24,ACTIVE,0
1026,3308,LOAN0000001026,AUTO,2024-01-27,4416824548.24,11.59,120,ACTIVE,0
1027,3310,LOAN0000001027,AUTO,2024-03-01,448949103.04,6.84,36,ACTIVE,0
1028,3314,LOAN0000001028,HOME,2022-09-04,38696335.79,10.93,180,ACTIVE,0
1029,3316,LOAN0000001029,AUTO,2021-07-07,448943336.39,13.92,36,ACTIVE,0
1030,3325,LOAN0000001030,HOME,2022-08-17,237173050.03,13.46,36,ACTIVE,0
1031,3329,LOAN0000001031,PERSONAL,2025-10-12,445879543.64,8.49,48,ACTIVE,0
1032,3331,LOAN0000001032,BUSINESS,2026-04-13,65104593.61,10.84,36,ACTIVE,0
1033,3336,LOAN0000001033,PERSONAL,2024-09-08,91757192.48,9.94,36,ACTIVE,0
1034,3337,LOAN0000001034,BUSINESS,2022-01-05,883584135.93,12.6,180,ACTIVE,0
1035,3339,LOAN0000001035,HOME,2024-04-22,5309501.03,9.91,12,ACTIVE,0
1036,3344,LOAN0000001036,AUTO,2025-09-17,238944429.96,12.74,24,ACTIVE,0
1037,3351,LOAN0000001037,HOME,2022-10-24,30212683.65,14.27,12,ACTIVE,0
1038,3353,LOAN0000001038,HOME,2020-03-14,48281964.67,10.55,60,ACTIVE,0
1039,3354,LOAN0000001039,HOME,2025-11-06,163173222.66,7.66,36,ACTIVE,0
1040,3363,LOAN0000001040,AUTO,2026-05-04,109926271.98,12.13,120,ACTIVE,0
1041,3369,LOAN0000001041,PERSONAL,2022-06-29,345571072.99,9.28,12,ACTIVE,0
1042,3371,LOAN0000001042,AUTO,2022-01-29,26824793.66,7.78,240,ACTIVE,0
1043,3379,LOAN0000001043,HOME,2026-03-11,103798841.28,13.76,24,ACTIVE,0
1044,3380,LOAN0000001044,HOME,2025-05-12,69581339.5,9.65,240,ACTIVE,0
1045,3383,LOAN0000001045,HOME,2022-06-30,24939082.88,7.4,12,ACTIVE,0
1046,3384,LOAN0000001046,AUTO,2023-02-06,75297888.26,7.1,120,ACTIVE,0
1047,3389,LOAN0000001047,PERSONAL,2025-10-30,788258317.77,11.49,240,ACTIVE,0
1048,3390,LOAN0000001048,AUTO,2025-12-03,130192889.55,9.06,60,ACTIVE,0
1049,3392,LOAN0000001049,PERSONAL,2022-03-18,3167711.45,8.12,24,ACTIVE,0
1050,3400,LOAN0000001050,PERSONAL,2025-07-14,31322524.87,12.68,120,DELINQUENT,60
1051,3401,LOAN0000001051,HOME,2022-11-27,544687918.82,11.23,48,ACTIVE,0
1052,3405,LOAN0000001052,HOME,2021-02-05,313732209.93,13.84,180,ACTIVE,0
1053,3406,LOAN0000001053,AUTO,2021-07-04,76624920.06,8.41,12,ACTIVE,0
1054,3407,LOAN0000001054,PERSONAL,2025-04-05,51264235.83,9.97,120,ACTIVE,0
1055,3410,LOAN0000001055,AUTO,2021-11-19,1833624159.61,8.67,120,ACTIVE,0
1056,3411,LOAN0000001056,HOME,2024-08-11,32907302.33,14.06,240,ACTIVE,0
1057,3413,LOAN0000001057,BUSINESS,2025-06-04,91273723.11,11.68,24,ACTIVE,0
1058,3414,LOAN0000001058,BUSINESS,2023-04-18,372617416.62,11.67,12,ACTIVE,0
1059,3417,LOAN0000001059,AUTO,2023-03-08,290113973.74,13.96,60,ACTIVE,0
1060,3419,LOAN0000001060,CREDIT_LINE,2024-08-18,913358257.74,13.24,48,ACTIVE,0
1061,3422,LOAN0000001061,PERSONAL,2024-01-24,130435795.77,13.87,240,ACTIVE,0
1062,3423,LOAN0000001062,HOME,2023-06-04,310649471.5,13.99,120,ACTIVE,0
1063,3425,LOAN0000001063,PERSONAL,2022-10-27,12613213.48,10.35,36,ACTIVE,0
1064,3430,LOAN0000001064,HOME,2026-01-12,241424793.99,6.87,240,ACTIVE,0
1065,3431,LOAN0000001065,HOME,2024-09-28,50934142.24,8.02,120,ACTIVE,0
1066,3434,LOAN0000001066,PERSONAL,2024-02-07,13358935.5,13.63,36,ACTIVE,0
1067,3435,LOAN0000001067,AUTO,2021-02-02,27602383.41,7.44,60,ACTIVE,0
1068,3455,LOAN0000001068,BUSINESS,2025-01-21,18643372.24,13.66,120,ACTIVE,0
1069,3460,LOAN0000001069,PERSONAL,2020-08-26,22943983.62,13.91,48,ACTIVE,0
1070,3468,LOAN0000001070,HOME,2021-05-22,3606309.05,13.05,60,ACTIVE,0
1071,3475,LOAN0000001071,AUTO,2020-03-01,1522348.67,11.45,24,ACTIVE,0
1072,3478,LOAN0000001072,PERSONAL,2022-11-20,18868760.85,12.78,48,ACTIVE,0
1073,3482,LOAN0000001073,PERSONAL,2023-01-31,117293693.89,6.89,180,ACTIVE,0
1074,3483,LOAN0000001074,CREDIT_LINE,2022-09-17,58948305.02,12.93,12,ACTIVE,0
1075,3487,LOAN0000001075,BUSINESS,2023-12-30,28881294.93,13.49,12,ACTIVE,0
1076,3491,LOAN0000001076,HOME,2025-06-26,30781441.63,8.4,24,ACTIVE,0
1077,3496,LOAN0000001077,PERSONAL,2020-12-02,1901582.79,13.0,12,ACTIVE,0
1078,3498,LOAN0000001078,BUSINESS,2025-12-14,522349971.95,9.21,240,ACTIVE,0
1079,3500,LOAN0000001079,CREDIT_LINE,2024-11-28,7528785.6,7.41,24,ACTIVE,0
1080,3504,LOAN0000001080,AUTO,2021-08-29,7749246.56,12.16,120,ACTIVE,0
1081,3511,LOAN0000001081,PERSONAL,2023-06-17,10040165.79,8.26,36,ACTIVE,0
1082,3512,LOAN0000001082,HOME,2026-01-24,52421309.18,6.68,120,ACTIVE,0
1083,3514,LOAN0000001083,HOME,2021-11-03,7389474.18,6.78,12,ACTIVE,0
1084,3518,LOAN0000001084,AUTO,2021-07-02,30143427.68,7.44,120,ACTIVE,0
1085,3520,LOAN0000001085,HOME,2020-10-19,77269468.24,7.74,240,ACTIVE,0
1086,3524,LOAN0000001086,AUTO,2021-09-19,19946576.25,12.14,60,ACTIVE,0
1087,3531,LOAN0000001087,PERSONAL,2023-04-14,930822225.57,10.11,12,ACTIVE,0
1088,3533,LOAN0000001088,PERSONAL,2024-10-28,89042819.76,7.66,120,ACTIVE,0
1089,3534,LOAN0000001089,AUTO,2025-06-27,78787687.67,11.94,12,ACTIVE,0
1090,3543,LOAN0000001090,CREDIT_LINE,2020-08-22,46328383.28,9.07,36,ACTIVE,0
1091,3554,LOAN0000001091,HOME,2025-03-23,131593916.23,10.77,48,ACTIVE,0
1092,3558,LOAN0000001092,PERSONAL,2025-05-27,247260378.29,13.56,180,ACTIVE,0
1093,3559,LOAN0000001093,PERSONAL,2021-11-26,22025028.59,10.47,60,ACTIVE,0
1094,3560,LOAN0000001094,AUTO,2023-04-05,465622619.29,9.93,60,ACTIVE,0
1095,3564,LOAN0000001095,PERSONAL,2024-10-06,3915362.65,9.35,24,ACTIVE,0
1096,3566,LOAN0000001096,AUTO,2022-03-24,53452358.63,7.12,120,ACTIVE,0
1097,3573,LOAN0000001097,HOME,2023-10-28,122778322.66,6.96,60,ACTIVE,0
1098,3574,LOAN0000001098,BUSINESS,2024-11-03,133246747.52,13.11,36,ACTIVE,0
1099,3575,LOAN0000001099,BUSINESS,2023-04-27,27254538.26,12.49,36,ACTIVE,0
1100,3579,LOAN0000001100,BUSINESS,2019-12-25,24185657.38,14.28,12,ACTIVE,0
1101,3582,LOAN0000001101,PERSONAL,2024-12-18,19953020.08,14.22,180,ACTIVE,0
1102,3585,LOAN0000001102,PERSONAL,2025-10-17,216104651.69,8.78,180,ACTIVE,0
1103,3594,LOAN0000001103,PERSONAL,2021-02-21,181980695.57,12.95,36,ACTIVE,0
1104,3601,LOAN0000001104,CREDIT_LINE,2021-05-23,42348243.08,8.96,60,ACTIVE,0
1105,3602,LOAN0000001105,PERSONAL,2021-07-28,265137295.35,9.38,120,ACTIVE,0
1106,3603,LOAN0000001106,HOME,2023-12-31,53528484.59,9.97,60,ACTIVE,0
1107,3606,LOAN0000001107,AUTO,2025-12-31,2836896908.51,8.82,120,ACTIVE,0
1108,3609,LOAN0000001108,CREDIT_LINE,2025-07-31,31416158.82,10.54,240,ACTIVE,0
1109,3621,LOAN0000001109,PERSONAL,2021-01-21,50427265.18,9.09,36,ACTIVE,0
1110,3623,LOAN0000001110,PERSONAL,2020-08-13,52226416.36,7.85,12,ACTIVE,0
1111,3631,LOAN0000001111,HOME,2025-12-05,1161718766.06,10.41,12,ACTIVE,0
1112,3637,LOAN0000001112,HOME,2024-05-15,27430200.89,9.62,36,ACTIVE,0
1113,3642,LOAN0000001113,CREDIT_LINE,2024-05-10,258942971.9,14.3,36,ACTIVE,0
1114,3643,LOAN0000001114,PERSONAL,2020-01-09,8363656.81,7.62,12,ACTIVE,0
1115,3655,LOAN0000001115,AUTO,2021-03-08,4217175.77,10.01,24,ACTIVE,0
1116,3658,LOAN0000001116,PERSONAL,2026-05-17,479162411.08,6.62,180,ACTIVE,0
1117,3659,LOAN0000001117,HOME,2020-07-04,12467485.54,9.05,12,ACTIVE,0
1118,3662,LOAN0000001118,PERSONAL,2021-06-03,38879160.37,8.5,120,ACTIVE,0
1119,3669,LOAN0000001119,HOME,2019-11-13,42953927.37,14.13,48,ACTIVE,0
1120,3671,LOAN0000001120,CREDIT_LINE,2025-05-16,425281527.09,11.07,48,ACTIVE,0
1121,3673,LOAN0000001121,BUSINESS,2025-04-30,127329939.42,7.68,24,ACTIVE,0
1122,3680,LOAN0000001122,HOME,2025-09-09,3225296174.53,14.28,180,ACTIVE,0
1123,3686,LOAN0000001123,CREDIT_LINE,2020-08-26,18254730.79,7.53,60,ACTIVE,0
1124,3693,LOAN0000001124,AUTO,2023-08-29,407721024.11,11.0,240,ACTIVE,0
1125,3695,LOAN0000001125,HOME,2025-11-20,155238847.66,9.67,120,ACTIVE,0
1126,3697,LOAN0000001126,AUTO,2025-10-23,91433709.84,8.91,36,ACTIVE,0
1127,3700,LOAN0000001127,HOME,2024-04-02,371555561.13,7.78,240,ACTIVE,0
1128,3702,LOAN0000001128,PERSONAL,2023-07-30,86113821.25,14.25,180,ACTIVE,0
1129,3706,LOAN0000001129,PERSONAL,2025-08-31,38577376.13,8.41,180,ACTIVE,0
1130,3716,LOAN0000001130,PERSONAL,2024-09-22,39438688.5,11.3,120,ACTIVE,0
1131,3718,LOAN0000001131,AUTO,2024-10-19,62820133.68,8.4,180,ACTIVE,0
1132,3726,LOAN0000001132,PERSONAL,2024-06-08,176549764.92,12.24,120,ACTIVE,0
1133,3728,LOAN0000001133,AUTO,2021-05-23,44445169.99,10.87,180,ACTIVE,0
1134,3730,LOAN0000001134,BUSINESS,2025-12-07,68081412.23,8.02,240,ACTIVE,0
1135,3735,LOAN0000001135,PERSONAL,2025-11-04,50028239.48,14.07,12,ACTIVE,0
1136,3737,LOAN0000001136,HOME,2025-04-16,73573622.87,14.38,24,ACTIVE,0
1137,3744,LOAN0000001137,CREDIT_LINE,2025-10-20,1734664212.55,8.0,120,ACTIVE,0
1138,3745,LOAN0000001138,HOME,2021-11-10,825654573.26,11.1,36,ACTIVE,0
1139,3746,LOAN0000001139,AUTO,2024-07-28,41050862.56,13.71,180,DELINQUENT,30
1140,3750,LOAN0000001140,AUTO,2023-03-22,44007787.22,13.07,60,ACTIVE,0
1141,3752,LOAN0000001141,CREDIT_LINE,2022-10-17,43563214.93,11.66,180,ACTIVE,0
1142,3755,LOAN0000001142,HOME,2019-11-03,10047679.01,13.9,12,ACTIVE,0
1143,3758,LOAN0000001143,PERSONAL,2021-07-08,18506779.65,14.4,24,ACTIVE,0
1144,3761,LOAN0000001144,HOME,2021-07-21,112424280.22,8.58,180,ACTIVE,0
1145,3764,LOAN0000001145,AUTO,2021-11-11,15272102.58,9.05,24,ACTIVE,0
1146,3769,LOAN0000001146,CREDIT_LINE,2025-04-26,38523551.74,13.26,36,ACTIVE,0
1147,3773,LOAN0000001147,HOME,2024-04-02,39681773.43,12.13,240,ACTIVE,0
1148,3775,LOAN0000001148,CREDIT_LINE,2026-04-26,42290893.82,7.41,48,ACTIVE,0
1149,3776,LOAN0000001149,PERSONAL,2024-07-08,83662150.05,10.3,180,ACTIVE,0
1150,3777,LOAN0000001150,PERSONAL,2021-09-06,30348212.69,11.65,120,DELINQUENT,15
1151,3779,LOAN0000001151,AUTO,2023-03-16,81931174.53,6.94,36,DELINQUENT,15
1152,3780,LOAN0000001152,AUTO,2023-05-27,7021598.13,9.91,48,ACTIVE,0
1153,3781,LOAN0000001153,AUTO,2025-01-10,1958193393.88,10.28,12,ACTIVE,0
1154,3788,LOAN0000001154,AUTO,2021-06-20,3744780294.96,12.02,240,ACTIVE,0
1155,3792,LOAN0000001155,PERSONAL,2020-04-30,12394968.56,14.37,12,ACTIVE,0
1156,3796,LOAN0000001156,HOME,2023-10-24,3978369.11,13.76,12,DELINQUENT,60
1157,3797,LOAN0000001157,HOME,2022-05-22,18264554.2,11.1,24,ACTIVE,0
1158,3806,LOAN0000001158,PERSONAL,2019-12-17,31979311.95,14.09,60,ACTIVE,0
1159,3810,LOAN0000001159,AUTO,2020-02-02,70876191.1,8.21,36,ACTIVE,0
1160,3811,LOAN0000001160,PERSONAL,2022-07-13,189298980.56,9.28,240,ACTIVE,0
1161,3812,LOAN0000001161,AUTO,2023-05-14,152311083.65,13.73,12,ACTIVE,0
1162,3816,LOAN0000001162,HOME,2024-04-10,12082735.23,7.85,24,ACTIVE,0
1163,3817,LOAN0000001163,CREDIT_LINE,2024-05-09,49674345.64,14.35,48,ACTIVE,0
1164,3819,LOAN0000001164,HOME,2025-07-23,190500695.14,12.26,60,DELINQUENT,90
1165,3823,LOAN0000001165,PERSONAL,2024-09-06,285820678.18,7.4,120,ACTIVE,0
1166,3824,LOAN0000001166,AUTO,2023-12-25,644220084.71,13.87,12,ACTIVE,0
1167,3830,LOAN0000001167,HOME,2023-11-15,119117473.13,11.48,60,ACTIVE,0
1168,3831,LOAN0000001168,PERSONAL,2023-08-10,30550145.94,11.43,48,ACTIVE,0
1169,3832,LOAN0000001169,CREDIT_LINE,2025-02-03,90652511.16,14.31,240,ACTIVE,0
1170,3835,LOAN0000001170,AUTO,2026-03-16,37470431.43,11.46,48,ACTIVE,0
1171,3836,LOAN0000001171,BUSINESS,2023-04-01,22857484.63,9.49,24,ACTIVE,0
1172,3837,LOAN0000001172,PERSONAL,2024-12-24,157300008.37,8.0,48,ACTIVE,0
1173,3842,LOAN0000001173,HOME,2023-12-27,127895450.36,7.16,240,DELINQUENT,30
1174,3846,LOAN0000001174,BUSINESS,2023-11-05,18021453.43,7.82,36,ACTIVE,0
1175,3851,LOAN0000001175,HOME,2022-04-09,141918369.38,12.8,120,ACTIVE,0
1176,3852,LOAN0000001176,BUSINESS,2024-01-15,125074466.84,10.5,240,ACTIVE,0
1177,3856,LOAN0000001177,AUTO,2020-12-02,14607723.6,12.85,48,ACTIVE,0
1178,3857,LOAN0000001178,PERSONAL,2021-12-02,575087275.48,13.8,180,ACTIVE,0
1179,3859,LOAN0000001179,PERSONAL,2026-02-06,31696091.86,8.2,24,ACTIVE,0
1180,3860,LOAN0000001180,AUTO,2021-10-22,826964407.36,10.64,24,ACTIVE,0
1181,3861,LOAN0000001181,HOME,2025-02-02,60561691.0,9.79,48,ACTIVE,0
1182,3862,LOAN0000001182,HOME,2024-07-22,557135123.0,10.86,36,ACTIVE,0
1183,3864,LOAN0000001183,PERSONAL,2025-01-03,2624075429.08,7.12,48,ACTIVE,0
1184,3868,LOAN0000001184,HOME,2023-10-20,13315361.08,9.66,12,ACTIVE,0
1185,3869,LOAN0000001185,CREDIT_LINE,2023-02-21,14780264.12,14.33,12,ACTIVE,0
1186,3871,LOAN0000001186,PERSONAL,2022-10-06,182571313.54,13.16,60,ACTIVE,0
1187,3879,LOAN0000001187,CREDIT_LINE,2020-11-05,113918938.56,6.52,48,ACTIVE,0
1188,3882,LOAN0000001188,HOME,2020-10-12,172992323.53,9.85,180,ACTIVE,0
1189,3883,LOAN0000001189,PERSONAL,2025-06-21,321378023.99,11.15,240,ACTIVE,0
1190,3885,LOAN0000001190,HOME,2024-01-26,101522640.42,7.22,120,ACTIVE,0
1191,3892,LOAN0000001191,AUTO,2024-07-16,64313868.52,8.1,48,ACTIVE,0
1192,3896,LOAN0000001192,CREDIT_LINE,2025-07-25,5566206.55,12.74,12,ACTIVE,0
1193,3899,LOAN0000001193,HOME,2024-06-15,850022641.21,10.08,240,ACTIVE,0
1194,3908,LOAN0000001194,HOME,2023-04-25,162787815.96,12.75,120,ACTIVE,0
1195,3917,LOAN0000001195,BUSINESS,2020-12-23,20189183.38,10.45,48,ACTIVE,0
1196,3919,LOAN0000001196,CREDIT_LINE,2022-03-06,130395726.52,12.53,48,DELINQUENT,60
1197,3924,LOAN0000001197,PERSONAL,2026-02-21,117697387.88,14.45,48,ACTIVE,0
1198,3930,LOAN0000001198,BUSINESS,2025-04-11,14992814.54,9.89,12,ACTIVE,0
1199,3935,LOAN0000001199,PERSONAL,2020-01-05,100060556.2,12.72,120,ACTIVE,0
1200,3939,LOAN0000001200,HOME,2022-01-01,3802545.25,9.13,12,ACTIVE,0
1201,3947,LOAN0000001201,HOME,2025-08-24,4563476.03,9.71,12,ACTIVE,0
1202,3948,LOAN0000001202,PERSONAL,2023-07-28,3249336535.66,10.99,120,ACTIVE,0
1203,3952,LOAN0000001203,HOME,2024-10-28,59378083.29,9.44,36,ACTIVE,0
1204,3956,LOAN0000001204,HOME,2025-06-02,4198474.44,8.67,12,ACTIVE,0
1205,3959,LOAN0000001205,BUSINESS,2026-04-11,625306864.78,6.86,36,ACTIVE,0
1206,3965,LOAN0000001206,PERSONAL,2022-05-06,1556153.44,13.22,48,ACTIVE,0
1207,3967,LOAN0000001207,PERSONAL,2020-02-23,66532661.28,9.97,180,ACTIVE,0
1208,3970,LOAN0000001208,AUTO,2022-02-07,127917511.51,9.17,240,ACTIVE,0
1209,3976,LOAN0000001209,HOME,2025-01-13,23309953.46,12.67,60,ACTIVE,0
1210,3978,LOAN0000001210,AUTO,2023-01-17,317261785.1,12.17,120,ACTIVE,0
1211,3982,LOAN0000001211,HOME,2025-04-20,599740032.19,7.75,48,ACTIVE,0
1212,3985,LOAN0000001212,CREDIT_LINE,2021-01-17,451447117.78,7.77,240,ACTIVE,0
1213,3987,LOAN0000001213,PERSONAL,2019-12-20,47831405.51,9.92,180,ACTIVE,0
1214,3990,LOAN0000001214,AUTO,2024-10-31,35338924.57,8.84,120,ACTIVE,0
1215,4000,LOAN0000001215,CREDIT_LINE,2025-03-01,98099052.4,14.2,48,ACTIVE,0
1216,4002,LOAN0000001216,HOME,2025-04-05,77150721.16,9.94,60,ACTIVE,0
1217,4008,LOAN0000001217,HOME,2020-05-26,6128732.23,11.25,60,ACTIVE,0
1218,4010,LOAN0000001218,PERSONAL,2023-09-25,56926847.02,6.68,120,ACTIVE,0
1219,4012,LOAN0000001219,PERSONAL,2021-06-15,10768733.45,7.78,48,ACTIVE,0
1220,4014,LOAN0000001220,PERSONAL,2026-03-03,810448595.48,10.89,240,ACTIVE,0
1221,4019,LOAN0000001221,HOME,2020-11-27,161799916.62,10.58,24,ACTIVE,0
1222,4022,LOAN0000001222,HOME,2022-11-21,246429227.05,8.53,120,ACTIVE,0
1223,4027,LOAN0000001223,HOME,2022-08-16,71823888.6,13.49,36,ACTIVE,0
1224,4028,LOAN0000001224,AUTO,2023-12-21,29926569.36,6.6,36,DELINQUENT,60
1225,4030,LOAN0000001225,HOME,2021-12-06,21873569.77,13.89,36,ACTIVE,0
1226,4035,LOAN0000001226,AUTO,2021-09-12,166042494.18,10.42,48,ACTIVE,0
1227,4036,LOAN0000001227,CREDIT_LINE,2020-12-26,345609673.82,7.21,240,ACTIVE,0
1228,4039,LOAN0000001228,HOME,2020-06-14,40277090.3,7.69,12,ACTIVE,0
1229,4045,LOAN0000001229,PERSONAL,2025-10-04,67989373.82,12.35,180,ACTIVE,0
1230,4047,LOAN0000001230,PERSONAL,2019-12-04,21111571.84,6.72,120,ACTIVE,0
1231,4050,LOAN0000001231,PERSONAL,2024-03-24,14931426.2,7.0,24,ACTIVE,0
1232,4052,LOAN0000001232,HOME,2022-12-15,3754051.9,7.23,12,DELINQUENT,15
1233,4056,LOAN0000001233,CREDIT_LINE,2026-04-22,333190463.65,10.64,180,ACTIVE,0
1234,4059,LOAN0000001234,HOME,2023-11-22,121661868.88,6.76,36,ACTIVE,0
1235,4064,LOAN0000001235,AUTO,2022-02-21,58195776.52,12.97,60,ACTIVE,0
1236,4066,LOAN0000001236,AUTO,2019-12-05,89946805.08,6.99,36,ACTIVE,0
1237,4067,LOAN0000001237,CREDIT_LINE,2026-03-07,44358296.14,9.81,24,ACTIVE,0
1238,4072,LOAN0000001238,HOME,2024-03-24,60590703.78,10.49,180,ACTIVE,0
1239,4080,LOAN0000001239,HOME,2024-10-15,316196859.74,10.26,240,ACTIVE,0
1240,4084,LOAN0000001240,BUSINESS,2023-02-26,11440647.8,7.91,60,ACTIVE,0
1241,4086,LOAN0000001241,BUSINESS,2024-06-06,34667411.47,7.66,240,ACTIVE,0
1242,4089,LOAN0000001242,CREDIT_LINE,2020-03-13,1713923239.39,13.81,240,ACTIVE,0
1243,4090,LOAN0000001243,PERSONAL,2024-09-15,183800735.11,7.83,180,ACTIVE,0
1244,4093,LOAN0000001244,PERSONAL,2023-10-18,30302880.19,14.19,36,ACTIVE,0
1245,4095,LOAN0000001245,HOME,2026-03-10,73113847.91,12.95,60,ACTIVE,0
1246,4099,LOAN0000001246,AUTO,2022-12-08,155705391.16,7.99,60,ACTIVE,0
1247,4106,LOAN0000001247,PERSONAL,2023-09-23,345748231.4,8.84,12,ACTIVE,0
1248,4107,LOAN0000001248,PERSONAL,2026-01-22,40933376.31,13.02,120,ACTIVE,0
1249,4109,LOAN0000001249,HOME,2023-02-10,175073926.2,13.73,12,ACTIVE,0
1250,4118,LOAN0000001250,PERSONAL,2021-10-21,9747764.02,12.74,60,ACTIVE,0
1251,4124,LOAN0000001251,HOME,2023-10-23,22447458.06,14.4,12,ACTIVE,0
1252,4130,LOAN0000001252,HOME,2021-11-28,146018624.87,13.83,180,ACTIVE,0
1253,4135,LOAN0000001253,AUTO,2024-09-21,21165139.79,8.77,240,ACTIVE,0
1254,4142,LOAN0000001254,CREDIT_LINE,2026-03-02,311556941.1,10.36,48,ACTIVE,0
1255,4148,LOAN0000001255,HOME,2021-05-29,14303826.86,11.4,36,DELINQUENT,15
1256,4149,LOAN0000001256,HOME,2022-11-05,215291292.74,14.16,120,ACTIVE,0
1257,4151,LOAN0000001257,PERSONAL,2021-03-07,123441669.52,11.2,180,ACTIVE,0
1258,4160,LOAN0000001258,PERSONAL,2021-09-04,14086937.86,8.42,12,ACTIVE,0
1259,4163,LOAN0000001259,AUTO,2024-01-31,194390599.68,10.82,180,ACTIVE,0
1260,4165,LOAN0000001260,BUSINESS,2020-07-21,111583026.55,7.22,240,ACTIVE,0
1261,4167,LOAN0000001261,AUTO,2022-05-10,380293766.31,9.99,24,ACTIVE,0
1262,4169,LOAN0000001262,HOME,2023-11-21,4157127.6,11.51,36,ACTIVE,0
1263,4176,LOAN0000001263,HOME,2021-07-09,33198737.17,9.93,12,ACTIVE,0
1264,4179,LOAN0000001264,HOME,2026-01-22,50006238.36,11.24,180,ACTIVE,0
1265,4180,LOAN0000001265,BUSINESS,2024-05-05,26076549.15,11.31,36,ACTIVE,0
1266,4181,LOAN0000001266,PERSONAL,2020-05-22,16666583.47,10.61,120,DELINQUENT,15
1267,4185,LOAN0000001267,HOME,2021-12-04,565086310.38,12.03,240,ACTIVE,0
1268,4186,LOAN0000001268,AUTO,2023-04-08,87659759.57,11.26,24,ACTIVE,0
1269,4188,LOAN0000001269,HOME,2024-05-04,3386802757.27,7.41,12,ACTIVE,0
1270,4193,LOAN0000001270,PERSONAL,2021-02-10,116843381.32,12.31,12,ACTIVE,0
1271,4195,LOAN0000001271,AUTO,2020-01-13,7630588.95,7.95,180,ACTIVE,0
1272,4199,LOAN0000001272,AUTO,2025-02-11,11083189.66,11.69,12,ACTIVE,0
1273,4201,LOAN0000001273,PERSONAL,2023-01-12,14497126.33,7.75,12,ACTIVE,0
1274,4202,LOAN0000001274,PERSONAL,2024-08-13,118851986.3,13.02,60,ACTIVE,0
1275,4215,LOAN0000001275,HOME,2025-10-20,110748961.76,11.79,180,ACTIVE,0
1276,4216,LOAN0000001276,BUSINESS,2021-08-07,399148089.37,10.22,240,ACTIVE,0
1277,4222,LOAN0000001277,PERSONAL,2024-01-05,217219741.14,12.65,24,ACTIVE,0
1278,4223,LOAN0000001278,CREDIT_LINE,2020-06-26,29405670.38,10.91,48,ACTIVE,0
1279,4225,LOAN0000001279,CREDIT_LINE,2020-07-06,2005641.38,12.3,12,ACTIVE,0
1280,4231,LOAN0000001280,HOME,2020-06-13,6923770.92,10.29,36,ACTIVE,0
1281,4233,LOAN0000001281,HOME,2025-12-04,31254464.18,14.25,12,DELINQUENT,15
1282,4238,LOAN0000001282,BUSINESS,2021-05-06,9020280.31,14.33,48,ACTIVE,0
1283,4247,LOAN0000001283,BUSINESS,2021-10-21,24344084.4,7.4,60,ACTIVE,0
1284,4248,LOAN0000001284,PERSONAL,2025-05-30,391752959.57,10.03,180,ACTIVE,0
1285,4250,LOAN0000001285,HOME,2020-10-10,109414732.48,13.35,36,ACTIVE,0
1286,4256,LOAN0000001286,PERSONAL,2026-03-23,2341087643.61,8.79,240,ACTIVE,0
1287,4263,LOAN0000001287,HOME,2025-09-18,36156065.14,12.93,12,ACTIVE,0
1288,4264,LOAN0000001288,AUTO,2023-04-14,122396584.05,9.05,48,ACTIVE,0
1289,4265,LOAN0000001289,PERSONAL,2020-08-01,11714675.46,12.86,120,DELINQUENT,15
1290,4266,LOAN0000001290,PERSONAL,2022-08-04,401881558.35,7.4,120,ACTIVE,0
1291,4267,LOAN0000001291,HOME,2022-02-13,687144373.54,7.14,120,ACTIVE,0
1292,4270,LOAN0000001292,AUTO,2024-10-26,304797585.77,12.05,60,DELINQUENT,15
1293,4278,LOAN0000001293,PERSONAL,2020-09-12,20643611.05,7.26,12,ACTIVE,0
1294,4280,LOAN0000001294,HOME,2023-11-30,130776147.97,7.62,24,DELINQUENT,60
1295,4283,LOAN0000001295,HOME,2025-12-03,49243613.69,9.31,24,ACTIVE,0
1296,4285,LOAN0000001296,HOME,2021-09-04,88731588.33,12.04,120,ACTIVE,0
1297,4286,LOAN0000001297,AUTO,2025-02-19,5682090.74,14.13,240,ACTIVE,0
1298,4289,LOAN0000001298,HOME,2024-05-22,26538011.74,6.76,60,ACTIVE,0
1299,4290,LOAN0000001299,HOME,2024-01-26,7178586.87,9.88,24,ACTIVE,0
1300,4292,LOAN0000001300,PERSONAL,2024-08-28,132762256.57,14.01,36,ACTIVE,0
1301,4298,LOAN0000001301,HOME,2022-11-02,171221927.03,10.13,24,ACTIVE,0
1302,4299,LOAN0000001302,AUTO,2021-10-13,22160384.13,7.41,60,ACTIVE,0
1303,4304,LOAN0000001303,AUTO,2026-04-09,346844117.24,9.33,48,ACTIVE,0
1304,4307,LOAN0000001304,BUSINESS,2024-06-13,251064331.62,13.23,24,ACTIVE,0
1305,4311,LOAN0000001305,HOME,2022-11-27,87425535.77,12.82,240,ACTIVE,0
1306,4313,LOAN0000001306,PERSONAL,2020-04-06,311489033.18,12.09,240,ACTIVE,0
1307,4318,LOAN0000001307,HOME,2023-01-13,3841872.09,7.6,24,ACTIVE,0
1308,4320,LOAN0000001308,AUTO,2026-03-28,94669642.41,9.47,48,ACTIVE,0
1309,4324,LOAN0000001309,PERSONAL,2020-09-12,370329586.06,13.3,48,ACTIVE,0
1310,4326,LOAN0000001310,BUSINESS,2024-05-12,94417636.15,13.03,36,ACTIVE,0
1311,4328,LOAN0000001311,AUTO,2026-03-06,97573088.93,14.3,48,ACTIVE,0
1312,4335,LOAN0000001312,PERSONAL,2022-07-27,93744572.99,8.24,60,ACTIVE,0
1313,4339,LOAN0000001313,AUTO,2021-09-18,37269017.35,11.61,36,ACTIVE,0
1314,4340,LOAN0000001314,HOME,2024-01-14,25051795.5,6.72,48,ACTIVE,0
1315,4343,LOAN0000001315,AUTO,2022-05-02,89756041.79,12.58,60,ACTIVE,0
1316,4348,LOAN0000001316,HOME,2024-02-28,147196036.05,9.05,24,ACTIVE,0
1317,4359,LOAN0000001317,PERSONAL,2025-02-28,99080730.52,9.07,60,ACTIVE,0
1318,4365,LOAN0000001318,PERSONAL,2021-08-01,60574085.15,7.41,120,DELINQUENT,60
1319,4367,LOAN0000001319,HOME,2024-03-17,313289278.72,14.3,120,ACTIVE,0
1320,4371,LOAN0000001320,PERSONAL,2024-03-16,416590188.61,7.75,240,ACTIVE,0
1321,4372,LOAN0000001321,HOME,2025-02-05,1150346190.75,12.17,120,ACTIVE,0
1322,4376,LOAN0000001322,AUTO,2021-01-14,5553543.19,13.74,60,ACTIVE,0
1323,4377,LOAN0000001323,HOME,2022-01-11,374205887.61,6.57,240,ACTIVE,0
1324,4389,LOAN0000001324,PERSONAL,2021-04-27,18809958.68,9.49,240,ACTIVE,0
1325,4397,LOAN0000001325,HOME,2020-11-02,48176561.75,10.46,48,ACTIVE,0
1326,4402,LOAN0000001326,PERSONAL,2022-04-27,20330934.73,9.97,24,ACTIVE,0
1327,4412,LOAN0000001327,PERSONAL,2025-11-02,1000192942.83,8.69,24,ACTIVE,0
1328,4414,LOAN0000001328,HOME,2025-07-02,126381905.47,12.04,240,ACTIVE,0
1329,4418,LOAN0000001329,HOME,2025-12-22,1462079087.17,13.45,180,ACTIVE,0
1330,4420,LOAN0000001330,AUTO,2024-09-23,187684765.75,9.83,120,ACTIVE,0
1331,4422,LOAN0000001331,AUTO,2025-07-16,24552223.4,8.6,120,ACTIVE,0
1332,4423,LOAN0000001332,PERSONAL,2024-12-25,6838526.36,10.46,12,ACTIVE,0
1333,4425,LOAN0000001333,PERSONAL,2024-08-13,142197112.53,12.08,48,ACTIVE,0
1334,4430,LOAN0000001334,CREDIT_LINE,2022-12-24,198133524.96,13.73,48,ACTIVE,0
1335,4432,LOAN0000001335,PERSONAL,2025-12-13,28682760.4,10.59,48,ACTIVE,0
1336,4435,LOAN0000001336,PERSONAL,2025-01-07,180984109.28,6.76,60,ACTIVE,0
1337,4436,LOAN0000001337,CREDIT_LINE,2026-05-14,140148324.73,14.31,240,ACTIVE,0
1338,4437,LOAN0000001338,HOME,2021-07-20,4888148.31,6.91,60,ACTIVE,0
1339,4438,LOAN0000001339,PERSONAL,2023-08-30,49035772.95,12.15,180,ACTIVE,0
1340,4441,LOAN0000001340,HOME,2022-10-18,2193744229.13,8.16,240,ACTIVE,0
1341,4445,LOAN0000001341,BUSINESS,2020-03-05,1314715465.86,10.13,24,ACTIVE,0
1342,4447,LOAN0000001342,BUSINESS,2025-06-21,2066738868.74,8.57,120,ACTIVE,0
1343,4448,LOAN0000001343,PERSONAL,2022-07-15,153765123.7,7.41,120,ACTIVE,0
1344,4450,LOAN0000001344,CREDIT_LINE,2020-09-30,618876104.17,11.63,180,ACTIVE,0
1345,4451,LOAN0000001345,CREDIT_LINE,2021-05-09,327749345.93,9.01,180,ACTIVE,0
1346,4452,LOAN0000001346,BUSINESS,2020-09-07,1726184.33,14.41,48,ACTIVE,0
1347,4453,LOAN0000001347,HOME,2023-11-07,24685559.01,9.82,24,ACTIVE,0
1348,4455,LOAN0000001348,AUTO,2020-10-29,82026666.38,14.39,180,ACTIVE,0
1349,4464,LOAN0000001349,PERSONAL,2022-08-24,120944251.9,9.19,240,ACTIVE,0
1350,4473,LOAN0000001350,CREDIT_LINE,2021-05-25,54868039.19,11.38,240,DELINQUENT,15
1351,4476,LOAN0000001351,PERSONAL,2020-01-20,622255917.77,12.22,180,ACTIVE,0
1352,4480,LOAN0000001352,HOME,2020-03-04,9436548.7,9.55,24,ACTIVE,0
1353,4488,LOAN0000001353,AUTO,2022-05-28,964054835.09,14.24,12,ACTIVE,0
1354,4491,LOAN0000001354,AUTO,2020-04-14,10464752.87,13.84,36,ACTIVE,0
1355,4494,LOAN0000001355,HOME,2022-11-28,3844844677.33,8.48,120,ACTIVE,0
1356,4497,LOAN0000001356,HOME,2026-01-23,107340618.02,7.19,48,ACTIVE,0
1357,4512,LOAN0000001357,HOME,2024-07-25,88033302.41,7.61,60,ACTIVE,0
1358,4513,LOAN0000001358,HOME,2020-01-22,94360019.54,12.09,120,ACTIVE,0
1359,4515,LOAN0000001359,BUSINESS,2022-08-10,444011209.62,10.87,180,ACTIVE,0
1360,4523,LOAN0000001360,HOME,2025-06-08,45968629.43,9.21,120,ACTIVE,0
1361,4524,LOAN0000001361,PERSONAL,2020-12-29,66789037.81,11.07,240,ACTIVE,0
1362,4525,LOAN0000001362,BUSINESS,2021-03-31,13532780.46,13.07,36,ACTIVE,0
1363,4529,LOAN0000001363,PERSONAL,2022-04-13,18326605.45,9.79,12,ACTIVE,0
1364,4530,LOAN0000001364,HOME,2025-09-07,17110293.36,7.29,12,ACTIVE,0
1365,4532,LOAN0000001365,HOME,2025-06-19,297833210.76,6.83,240,ACTIVE,0
1366,4533,LOAN0000001366,BUSINESS,2025-03-22,199482134.12,6.55,48,DELINQUENT,60
1367,4535,LOAN0000001367,PERSONAL,2022-12-04,506263011.86,11.76,180,ACTIVE,0
1368,4539,LOAN0000001368,PERSONAL,2020-09-09,25659101.14,8.83,60,ACTIVE,0
1369,4540,LOAN0000001369,PERSONAL,2021-09-14,255980686.26,14.06,120,ACTIVE,0
1370,4541,LOAN0000001370,HOME,2025-08-26,223236793.87,9.27,48,ACTIVE,0
1371,4542,LOAN0000001371,BUSINESS,2025-09-02,136812738.91,11.08,12,ACTIVE,0
1372,4549,LOAN0000001372,AUTO,2025-10-09,80971770.41,10.59,240,ACTIVE,0
1373,4551,LOAN0000001373,PERSONAL,2022-03-16,12518369.17,11.71,36,ACTIVE,0
1374,4553,LOAN0000001374,AUTO,2025-09-06,7369183061.21,10.03,120,ACTIVE,0
1375,4556,LOAN0000001375,PERSONAL,2022-04-22,78610640.48,13.37,240,ACTIVE,0
1376,4558,LOAN0000001376,PERSONAL,2020-12-03,5121568.1,13.03,24,ACTIVE,0
1377,4559,LOAN0000001377,CREDIT_LINE,2020-04-01,602934648.69,9.75,12,ACTIVE,0
1378,4560,LOAN0000001378,BUSINESS,2026-05-28,54520246.59,11.17,120,DELINQUENT,30
1379,4561,LOAN0000001379,HOME,2025-07-29,127610775.24,11.33,120,ACTIVE,0
1380,4566,LOAN0000001380,PERSONAL,2025-08-22,33634744.65,13.4,48,ACTIVE,0
1381,4571,LOAN0000001381,AUTO,2021-12-20,11352129.25,10.95,48,ACTIVE,0
1382,4578,LOAN0000001382,PERSONAL,2025-07-26,1422466692.71,13.78,12,ACTIVE,0
1383,4582,LOAN0000001383,CREDIT_LINE,2026-04-09,39528425.83,11.73,36,ACTIVE,0
1384,4583,LOAN0000001384,HOME,2025-03-29,16483158.25,12.66,180,ACTIVE,0
1385,4588,LOAN0000001385,CREDIT_LINE,2022-07-24,103784548.61,8.38,12,ACTIVE,0
1386,4600,LOAN0000001386,CREDIT_LINE,2021-11-18,473648130.41,11.46,60,ACTIVE,0
1387,4602,LOAN0000001387,HOME,2020-04-13,7203862.39,10.76,12,ACTIVE,0
1388,4603,LOAN0000001388,HOME,2022-12-01,410058117.19,13.23,240,ACTIVE,0
1389,4604,LOAN0000001389,AUTO,2024-04-18,12881996.95,13.44,36,DELINQUENT,30
1390,4607,LOAN0000001390,HOME,2023-06-01,15198928.07,10.11,48,ACTIVE,0
1391,4609,LOAN0000001391,PERSONAL,2023-09-06,122711684.42,7.86,60,ACTIVE,0
1392,4612,LOAN0000001392,HOME,2026-02-21,227628705.73,11.58,180,ACTIVE,0
1393,4613,LOAN0000001393,HOME,2021-09-07,7616399.8,9.5,12,ACTIVE,0
1394,4614,LOAN0000001394,AUTO,2022-01-18,8179188.83,7.53,36,ACTIVE,0
1395,4618,LOAN0000001395,HOME,2024-05-28,47352378.79,12.03,60,ACTIVE,0
1396,4623,LOAN0000001396,HOME,2021-10-23,240745892.37,10.69,180,ACTIVE,0
1397,4634,LOAN0000001397,CREDIT_LINE,2020-09-04,53849202.87,11.07,240,ACTIVE,0
1398,4635,LOAN0000001398,PERSONAL,2024-06-20,112336461.25,11.63,240,DELINQUENT,15
1399,4637,LOAN0000001399,AUTO,2021-02-23,84779363.25,9.94,48,ACTIVE,0
1400,4641,LOAN0000001400,BUSINESS,2024-12-11,223601726.32,11.56,180,ACTIVE,0
1401,4644,LOAN0000001401,CREDIT_LINE,2025-08-09,1178351162.72,11.57,60,ACTIVE,0
1402,4649,LOAN0000001402,BUSINESS,2024-08-13,48930779.63,13.19,24,ACTIVE,0
1403,4657,LOAN0000001403,PERSONAL,2025-12-30,83692272.17,12.55,48,ACTIVE,0
1404,4661,LOAN0000001404,AUTO,2022-12-25,8839655.73,10.0,48,ACTIVE,0
1405,4662,LOAN0000001405,PERSONAL,2025-12-07,177933458.6,8.12,12,ACTIVE,0
1406,4663,LOAN0000001406,CREDIT_LINE,2023-04-30,73237785.28,8.82,24,ACTIVE,0
1407,4665,LOAN0000001407,PERSONAL,2026-05-01,103241529.48,9.57,240,ACTIVE,0
1408,4666,LOAN0000001408,HOME,2025-08-08,298203274.9,6.71,12,ACTIVE,0
1409,4669,LOAN0000001409,HOME,2023-12-30,100857279.04,13.99,48,ACTIVE,0
1410,4671,LOAN0000001410,CREDIT_LINE,2022-11-27,10567604.95,12.37,24,ACTIVE,0
1411,4672,LOAN0000001411,PERSONAL,2022-09-06,56668628.57,8.08,12,ACTIVE,0
1412,4677,LOAN0000001412,AUTO,2024-05-11,1687867965.19,6.54,60,ACTIVE,0
1413,4679,LOAN0000001413,PERSONAL,2024-01-22,708162587.29,10.4,36,ACTIVE,0
1414,4683,LOAN0000001414,CREDIT_LINE,2023-02-15,109243516.13,7.96,48,ACTIVE,0
1415,4684,LOAN0000001415,CREDIT_LINE,2024-10-21,6257076.27,11.74,24,DELINQUENT,30
1416,4688,LOAN0000001416,PERSONAL,2023-06-02,20186738.96,6.91,36,ACTIVE,0
1417,4689,LOAN0000001417,HOME,2024-01-25,8016313.22,8.37,24,ACTIVE,0
1418,4696,LOAN0000001418,AUTO,2020-12-23,68386998.37,7.65,240,ACTIVE,0
1419,4697,LOAN0000001419,AUTO,2022-12-17,667178357.33,12.41,120,ACTIVE,0
1420,4698,LOAN0000001420,HOME,2020-04-29,55447774.0,13.03,120,ACTIVE,0
1421,4704,LOAN0000001421,CREDIT_LINE,2024-06-15,339266800.74,7.25,240,ACTIVE,0
1422,4706,LOAN0000001422,HOME,2022-03-19,13233518.27,12.37,60,ACTIVE,0
1423,4711,LOAN0000001423,PERSONAL,2021-04-20,97199877.97,13.83,48,ACTIVE,0
1424,4714,LOAN0000001424,AUTO,2022-11-02,74617451.39,9.46,120,ACTIVE,0
1425,4716,LOAN0000001425,PERSONAL,2026-01-17,57831162.35,11.77,60,ACTIVE,0
1426,4721,LOAN0000001426,HOME,2020-11-08,108801193.04,14.02,36,ACTIVE,0
1427,4724,LOAN0000001427,PERSONAL,2020-11-19,71653342.0,8.44,240,ACTIVE,0
1428,4730,LOAN0000001428,HOME,2022-08-07,1399511.45,11.66,12,ACTIVE,0
1429,4733,LOAN0000001429,BUSINESS,2021-04-01,10902185.92,12.06,48,ACTIVE,0
1430,4736,LOAN0000001430,HOME,2026-05-10,48392881.98,13.23,24,ACTIVE,0
1431,4738,LOAN0000001431,BUSINESS,2024-10-27,1356223715.07,10.23,60,ACTIVE,0
1432,4739,LOAN0000001432,HOME,2021-07-27,104950633.07,11.97,48,ACTIVE,0
1433,4740,LOAN0000001433,HOME,2025-12-09,66378311.2,13.9,120,ACTIVE,0
1434,4742,LOAN0000001434,AUTO,2025-07-13,24956786.34,10.59,48,ACTIVE,0
1435,4751,LOAN0000001435,AUTO,2025-09-26,166372095.7,7.62,36,ACTIVE,0
1436,4753,LOAN0000001436,AUTO,2024-11-29,149090317.89,13.83,180,ACTIVE,0
1437,4756,LOAN0000001437,HOME,2025-11-05,44652226.79,11.26,120,ACTIVE,0
1438,4759,LOAN0000001438,CREDIT_LINE,2024-07-04,326799959.59,13.28,240,ACTIVE,0
1439,4762,LOAN0000001439,AUTO,2020-11-26,1639526.01,14.03,60,ACTIVE,0
1440,4763,LOAN0000001440,HOME,2025-11-09,365006217.12,14.46,24,ACTIVE,0
1441,4764,LOAN0000001441,CREDIT_LINE,2026-03-08,36818796.28,11.1,12,ACTIVE,0
1442,4765,LOAN0000001442,AUTO,2023-12-06,1785425796.18,9.39,48,ACTIVE,0
1443,4767,LOAN0000001443,AUTO,2021-01-31,24015867.12,7.12,24,ACTIVE,0
1444,4775,LOAN0000001444,PERSONAL,2024-02-29,3511016676.44,7.69,120,ACTIVE,0
1445,4776,LOAN0000001445,PERSONAL,2020-08-11,838486066.19,8.6,120,ACTIVE,0
1446,4786,LOAN0000001446,HOME,2021-04-24,324501928.6,14.5,240,ACTIVE,0
1447,4789,LOAN0000001447,AUTO,2026-03-25,774699169.8,13.36,12,ACTIVE,0
1448,4790,LOAN0000001448,CREDIT_LINE,2020-01-27,73969550.23,13.67,12,DELINQUENT,60
1449,4792,LOAN0000001449,HOME,2025-06-03,290926693.99,12.55,36,ACTIVE,0
1450,4793,LOAN0000001450,HOME,2019-12-16,34814768.03,14.36,36,ACTIVE,0
1451,4795,LOAN0000001451,HOME,2023-04-10,61580677.93,8.34,36,ACTIVE,0
1452,4797,LOAN0000001452,AUTO,2023-04-08,20145795.92,9.86,36,ACTIVE,0
1453,4798,LOAN0000001453,HOME,2024-02-16,90975851.08,9.34,60,ACTIVE,0
1454,4813,LOAN0000001454,CREDIT_LINE,2021-04-02,183634332.46,11.41,240,ACTIVE,0
1455,4817,LOAN0000001455,HOME,2025-05-09,5540847.9,12.97,12,ACTIVE,0
1456,4818,LOAN0000001456,BUSINESS,2020-05-06,3358016.75,12.19,12,ACTIVE,0
1457,4824,LOAN0000001457,CREDIT_LINE,2023-12-26,21210580.69,12.59,24,ACTIVE,0
1458,4827,LOAN0000001458,AUTO,2021-03-25,183673316.08,7.53,240,ACTIVE,0
1459,4833,LOAN0000001459,AUTO,2021-02-19,32237956.83,8.09,60,DELINQUENT,30
1460,4838,LOAN0000001460,PERSONAL,2024-03-25,505150401.24,7.53,48,ACTIVE,0
1461,4843,LOAN0000001461,HOME,2026-05-11,83750589.77,12.84,180,ACTIVE,0
1462,4846,LOAN0000001462,AUTO,2024-10-15,98647294.33,13.13,180,ACTIVE,0
1463,4849,LOAN0000001463,HOME,2021-11-19,35231245.16,8.52,24,ACTIVE,0
1464,4850,LOAN0000001464,PERSONAL,2025-03-26,5417495.06,13.52,12,ACTIVE,0
1465,4851,LOAN0000001465,HOME,2020-09-13,91252746.55,11.71,240,ACTIVE,0
1466,4854,LOAN0000001466,AUTO,2021-12-08,1417931662.13,11.35,180,ACTIVE,0
1467,4861,LOAN0000001467,AUTO,2021-12-25,34254368.39,14.49,36,ACTIVE,0
1468,4863,LOAN0000001468,HOME,2024-10-17,25302761.83,12.19,12,ACTIVE,0
1469,4865,LOAN0000001469,CREDIT_LINE,2021-12-25,10918111.16,11.87,120,DELINQUENT,15
1470,4875,LOAN0000001470,HOME,2024-05-03,69151002.76,7.82,240,ACTIVE,0
1471,4878,LOAN0000001471,BUSINESS,2024-12-19,389257502.01,13.16,120,DELINQUENT,15
1472,4879,LOAN0000001472,AUTO,2023-10-28,392632373.16,13.7,120,ACTIVE,0
1473,4884,LOAN0000001473,AUTO,2024-01-16,81343569.68,7.4,60,ACTIVE,0
1474,4885,LOAN0000001474,AUTO,2025-08-17,32946549.66,11.19,12,ACTIVE,0
1475,4886,LOAN0000001475,CREDIT_LINE,2025-01-21,212217821.26,8.98,12,ACTIVE,0
1476,4893,LOAN0000001476,HOME,2020-07-18,20826666.84,11.75,12,ACTIVE,0
1477,4899,LOAN0000001477,BUSINESS,2026-01-29,101680641.85,11.48,24,ACTIVE,0
1478,4901,LOAN0000001478,HOME,2023-04-07,139823586.26,8.43,120,ACTIVE,0
1479,4904,LOAN0000001479,PERSONAL,2022-02-09,301249650.99,9.21,240,ACTIVE,0
1480,4905,LOAN0000001480,BUSINESS,2025-09-07,36726754.94,10.22,48,DELINQUENT,15
1481,4908,LOAN0000001481,AUTO,2022-07-19,2509346243.73,7.43,36,ACTIVE,0
1482,4910,LOAN0000001482,PERSONAL,2025-10-12,103384996.11,13.54,240,ACTIVE,0
1483,4911,LOAN0000001483,HOME,2021-10-18,452708313.09,6.56,36,ACTIVE,0
1484,4913,LOAN0000001484,HOME,2020-12-25,124888823.74,13.12,120,ACTIVE,0
1485,4914,LOAN0000001485,BUSINESS,2025-04-17,27572489.23,8.0,180,ACTIVE,0
1486,4918,LOAN0000001486,BUSINESS,2022-12-17,2987297.26,13.44,12,DELINQUENT,15
1487,4920,LOAN0000001487,HOME,2021-08-18,244123373.93,9.36,120,ACTIVE,0
1488,4922,LOAN0000001488,AUTO,2023-03-22,110440946.28,8.93,120,ACTIVE,0
1489,4930,LOAN0000001489,PERSONAL,2022-04-08,49949.7,8.17,12,ACTIVE,0
1490,4939,LOAN0000001490,HOME,2020-09-29,918942256.99,7.71,180,ACTIVE,0
1491,4940,LOAN0000001491,BUSINESS,2022-10-26,6485458.32,13.16,36,ACTIVE,0
1492,4943,LOAN0000001492,HOME,2024-02-25,2525106722.6,8.09,180,ACTIVE,0
1493,4952,LOAN0000001493,HOME,2022-08-09,132694939.48,8.74,24,ACTIVE,0
1494,4957,LOAN0000001494,AUTO,2023-03-12,97963077.6,14.35,48,ACTIVE,0
1495,4958,LOAN0000001495,HOME,2024-12-05,10630862.37,9.39,180,ACTIVE,0
1496,4959,LOAN0000001496,PERSONAL,2021-09-06,4065385.22,11.56,60,ACTIVE,0
1497,4965,LOAN0000001497,PERSONAL,2024-09-29,75719650.86,8.79,60,ACTIVE,0
1498,4968,LOAN0000001498,HOME,2020-10-30,134712363.34,7.39,48,ACTIVE,0
1499,4975,LOAN0000001499,CREDIT_LINE,2021-06-28,153948848.24,11.4,120,ACTIVE,0
1500,4979,LOAN0000001500,HOME,2020-05-06,22412604.31,8.11,24,ACTIVE,0
1501,4985,LOAN0000001501,HOME,2026-04-17,105272164.09,14.4,48,ACTIVE,0
1502,4986,LOAN0000001502,CREDIT_LINE,2022-11-27,42317103.63,9.66,240,ACTIVE,0
1503,4990,LOAN0000001503,PERSONAL,2024-05-26,318653914.12,10.75,24,ACTIVE,0
1504,4991,LOAN0000001504,PERSONAL,2021-04-13,45440701.7,9.47,12,ACTIVE,0
1505,4992,LOAN0000001505,BUSINESS,2020-05-25,31648518.6,7.58,60,ACTIVE,0
1506,4994,LOAN0000001506,PERSONAL,2022-11-27,619993833.0,7.2,180,ACTIVE,0
1507,5000,LOAN0000001507,PERSONAL,2025-05-02,191403864.14,9.72,24,ACTIVE,0
