fact_crm_interaction_key,customer_key,interaction_id,interaction_date,contact_channel,case_type,case_status,priority_level,resolution_time_hours
1,2,CRM00000000001,2026-02-27 19:05:37,RM_VISIT,ADVISORY,RESOLVED,LOW,4.31
2,4,CRM00000000002,2025-12-30 08:33:20,RM_VISIT,PRODUCT_INQUIRY,IN_PROGRESS,LOW,
3,4,CRM00000000003,2026-02-05 17:11:45,CHAT,COMPLAINT,RESOLVED,LOW,10.7
4,5,CRM00000000004,2026-07-22 22:27:38,EMAIL,ADVISORY,RESOLVED,LOW,14.01
5,5,CRM00000000005,2026-05-30 01:39:41,PHONE,DISPUTE,RESOLVED,HIGH,13.83
6,5,CRM00000000006,2025-10-24 14:40:20,PHONE,PRODUCT_INQUIRY,OPEN,MEDIUM,
7,7,CRM00000000007,2026-06-11 01:12:19,PHONE,PRODUCT_INQUIRY,RESOLVED,HIGH,14.52
8,8,CRM00000000008,2025-10-28 11:46:41,BRANCH,RETENTION,RESOLVED,LOW,13.43
9,8,CRM00000000009,2026-04-03 20:45:05,RM_VISIT,RETENTION,RESOLVED,URGENT,18.44
10,9,CRM00000000010,2026-07-15 06:03:33,CHAT,ADVISORY,ESCALATED,LOW,
11,9,CRM00000000011,2025-10-28 11:10:37,BRANCH,DISPUTE,RESOLVED,LOW,4.45
12,9,CRM00000000012,2025-11-29 17:05:13,PHONE,COMPLAINT,IN_PROGRESS,HIGH,
13,9,CRM00000000013,2026-06-25 13:33:28,PHONE,PRODUCT_INQUIRY,RESOLVED,LOW,20.65
14,9,CRM00000000014,2025-09-15 00:07:43,PHONE,COMPLAINT,RESOLVED,LOW,15.04
15,9,CRM00000000015,2026-08-23 21:48:13,BRANCH,ADVISORY,RESOLVED,LOW,23.16
16,10,CRM00000000016,2025-11-16 05:13:06,CHAT,COMPLAINT,RESOLVED,LOW,8.24
17,10,CRM00000000017,2025-10-29 10:56:41,BRANCH,ONBOARDING,RESOLVED,LOW,2.07
18,10,CRM00000000018,2026-03-21 02:13:41,PHONE,ONBOARDING,RESOLVED,LOW,9.8
19,11,CRM00000000019,2025-12-12 08:52:21,EMAIL,ADVISORY,RESOLVED,MEDIUM,2.29
20,11,CRM00000000020,2026-06-04 17:56:13,CHAT,ADVISORY,RESOLVED,LOW,6.38
21,12,CRM00000000021,2026-08-21 22:09:05,EMAIL,DISPUTE,RESOLVED,MEDIUM,6.11
22,12,CRM00000000022,2026-03-20 23:35:20,EMAIL,RETENTION,RESOLVED,HIGH,16.18
23,13,CRM00000000023,2026-01-08 17:46:45,PHONE,RETENTION,RESOLVED,LOW,4.42
24,14,CRM00000000024,2026-03-25 18:51:14,PHONE,ADVISORY,RESOLVED,MEDIUM,22.86
25,15,CRM00000000025,2026-08-09 19:51:52,CHAT,ADVISORY,IN_PROGRESS,LOW,
26,15,CRM00000000026,2025-09-04 05:18:57,PHONE,PRODUCT_INQUIRY,IN_PROGRESS,URGENT,
27,16,CRM00000000027,2025-12-08 20:36:29,PHONE,PRODUCT_INQUIRY,RESOLVED,MEDIUM,10.2
28,16,CRM00000000028,2026-06-22 04:47:00,EMAIL,ADVISORY,RESOLVED,HIGH,6.49
29,18,CRM00000000029,2025-12-27 11:28:56,RM_VISIT,PRODUCT_INQUIRY,OPEN,MEDIUM,
30,19,CRM00000000030,2026-06-08 13:46:14,EMAIL,ADVISORY,OPEN,MEDIUM,
31,19,CRM00000000031,2026-02-23 16:35:34,BRANCH,PRODUCT_INQUIRY,RESOLVED,MEDIUM,11.87
32,20,CRM00000000032,2026-05-26 21:39:29,RM_VISIT,PRODUCT_INQUIRY,RESOLVED,LOW,11.49
33,22,CRM00000000033,2026-01-30 14:03:09,EMAIL,ADVISORY,RESOLVED,MEDIUM,5.82
34,22,CRM00000000034,2026-07-30 20:02:37,EMAIL,PRODUCT_INQUIRY,OPEN,URGENT,
35,22,CRM00000000035,2025-10-07 17:29:15,PHONE,COMPLAINT,RESOLVED,MEDIUM,1.92
36,25,CRM00000000036,2026-02-02 11:23:55,PHONE,ONBOARDING,IN_PROGRESS,HIGH,
37,26,CRM00000000037,2026-08-27 02:51:34,PHONE,PRODUCT_INQUIRY,RESOLVED,MEDIUM,10.36
38,28,CRM00000000038,2026-03-18 01:32:07,PHONE,ADVISORY,RESOLVED,LOW,16.04
39,28,CRM00000000039,2026-08-13 16:18:56,PHONE,PRODUCT_INQUIRY,RESOLVED,MEDIUM,2.45
40,28,CRM00000000040,2026-02-20 06:43:20,EMAIL,DISPUTE,RESOLVED,MEDIUM,4.65
41,28,CRM00000000041,2025-09-21 18:55:29,EMAIL,ADVISORY,IN_PROGRESS,LOW,
42,29,CRM00000000042,2026-01-23 12:19:18,CHAT,COMPLAINT,RESOLVED,LOW,6.78
43,30,CRM00000000043,2025-09-29 18:28:29,BRANCH,RETENTION,RESOLVED,LOW,18.94
44,30,CRM00000000044,2026-01-10 11:43:08,PHONE,RETENTION,RESOLVED,LOW,31.47
45,30,CRM00000000045,2026-05-30 21:19:36,EMAIL,ONBOARDING,RESOLVED,MEDIUM,13.02
46,30,CRM00000000046,2026-04-03 17:51:18,PHONE,COMPLAINT,IN_PROGRESS,MEDIUM,
47,31,CRM00000000047,2026-02-11 14:01:08,EMAIL,PRODUCT_INQUIRY,RESOLVED,MEDIUM,7.63
48,31,CRM00000000048,2025-11-09 13:44:52,PHONE,PRODUCT_INQUIRY,RESOLVED,URGENT,4.9
49,32,CRM00000000049,2025-10-21 06:22:40,EMAIL,PRODUCT_INQUIRY,RESOLVED,LOW,7.94
50,34,CRM00000000050,2025-11-24 21:25:53,PHONE,COMPLAINT,RESOLVED,HIGH,5.76
51,34,CRM00000000051,2026-08-16 12:48:26,EMAIL,RETENTION,RESOLVED,HIGH,13.09
52,34,CRM00000000052,2026-01-04 11:44:28,EMAIL,PRODUCT_INQUIRY,IN_PROGRESS,HIGH,
53,35,CRM00000000053,2025-11-15 13:17:10,BRANCH,COMPLAINT,RESOLVED,LOW,13.9
54,35,CRM00000000054,2026-06-26 05:38:22,BRANCH,COMPLAINT,RESOLVED,LOW,14.0
55,36,CRM00000000055,2026-06-17 02:25:16,EMAIL,DISPUTE,RESOLVED,MEDIUM,5.91
56,37,CRM00000000056,2025-10-31 18:36:59,PHONE,RETENTION,RESOLVED,MEDIUM,19.76
57,38,CRM00000000057,2026-03-08 21:42:12,PHONE,RETENTION,RESOLVED,LOW,8.8
58,38,CRM00000000058,2026-01-04 12:47:04,EMAIL,DISPUTE,RESOLVED,HIGH,8.44
59,38,CRM00000000059,2026-01-24 07:13:41,PHONE,RETENTION,RESOLVED,MEDIUM,11.83
60,39,CRM00000000060,2026-02-07 23:19:33,EMAIL,PRODUCT_INQUIRY,IN_PROGRESS,MEDIUM,
61,41,CRM00000000061,2026-01-22 15:22:05,EMAIL,ADVISORY,ESCALATED,LOW,
62,41,CRM00000000062,2025-09-24 01:04:50,PHONE,COMPLAINT,IN_PROGRESS,MEDIUM,
63,41,CRM00000000063,2025-10-30 15:43:26,BRANCH,ONBOARDING,RESOLVED,MEDIUM,4.51
64,41,CRM00000000064,2026-02-28 20:55:05,EMAIL,COMPLAINT,IN_PROGRESS,MEDIUM,
65,42,CRM00000000065,2025-09-08 15:36:47,BRANCH,PRODUCT_INQUIRY,RESOLVED,LOW,5.76
66,43,CRM00000000066,2025-10-15 19:09:24,PHONE,RETENTION,RESOLVED,MEDIUM,0.69
67,43,CRM00000000067,2025-09-12 22:04:27,PHONE,PRODUCT_INQUIRY,RESOLVED,LOW,6.79
68,43,CRM00000000068,2025-10-31 19:52:53,EMAIL,ADVISORY,RESOLVED,LOW,1.02
69,43,CRM00000000069,2026-03-05 19:31:02,CHAT,RETENTION,IN_PROGRESS,MEDIUM,
70,44,CRM00000000070,2026-04-25 05:29:18,PHONE,ADVISORY,IN_PROGRESS,HIGH,
71,45,CRM00000000071,2026-02-05 15:10:26,EMAIL,PRODUCT_INQUIRY,RESOLVED,MEDIUM,16.74
72,46,CRM00000000072,2025-12-25 18:59:38,BRANCH,PRODUCT_INQUIRY,RESOLVED,MEDIUM,34.06
73,46,CRM00000000073,2026-08-10 07:54:33,PHONE,ADVISORY,RESOLVED,MEDIUM,4.2
74,47,CRM00000000074,2025-11-17 13:09:40,BRANCH,COMPLAINT,RESOLVED,HIGH,8.86
75,48,CRM00000000075,2026-06-01 13:30:40,PHONE,COMPLAINT,OPEN,HIGH,
76,48,CRM00000000076,2026-07-13 10:04:53,BRANCH,COMPLAINT,RESOLVED,LOW,14.89
77,49,CRM00000000077,2025-10-06 09:48:12,EMAIL,PRODUCT_INQUIRY,RESOLVED,HIGH,31.01
78,49,CRM00000000078,2026-06-11 19:35:03,RM_VISIT,RETENTION,RESOLVED,LOW,20.61
79,50,CRM00000000079,2025-09-03 12:10:15,PHONE,COMPLAINT,RESOLVED,LOW,23.01
80,51,CRM00000000080,2025-11-04 23:51:49,CHAT,COMPLAINT,ESCALATED,URGENT,
81,52,CRM00000000081,2025-09-08 02:35:47,CHAT,PRODUCT_INQUIRY,IN_PROGRESS,MEDIUM,
82,52,CRM00000000082,2026-06-07 08:21:57,EMAIL,ONBOARDING,RESOLVED,URGENT,3.27
83,53,CRM00000000083,2026-02-27 10:22:27,CHAT,DISPUTE,RESOLVED,HIGH,29.9
84,53,CRM00000000084,2026-01-16 22:58:49,PHONE,COMPLAINT,RESOLVED,MEDIUM,13.24
85,54,CRM00000000085,2026-08-25 09:56:50,PHONE,ADVISORY,RESOLVED,URGENT,16.49
86,54,CRM00000000086,2025-12-17 00:39:12,PHONE,RETENTION,RESOLVED,LOW,1.49
87,54,CRM00000000087,2026-03-15 21:11:32,BRANCH,PRODUCT_INQUIRY,RESOLVED,MEDIUM,15.12
88,54,CRM00000000088,2025-12-24 18:13:32,BRANCH,RETENTION,RESOLVED,MEDIUM,5.46
89,55,CRM00000000089,2026-06-12 14:58:42,BRANCH,DISPUTE,RESOLVED,LOW,7.37
90,55,CRM00000000090,2025-09-05 14:35:20,PHONE,COMPLAINT,RESOLVED,MEDIUM,16.86
91,55,CRM00000000091,2025-11-19 20:56:49,PHONE,COMPLAINT,RESOLVED,MEDIUM,27.86
92,55,CRM00000000092,2026-07-11 18:35:51,PHONE,PRODUCT_INQUIRY,RESOLVED,MEDIUM,12.6
93,56,CRM00000000093,2025-12-17 10:10:39,PHONE,COMPLAINT,RESOLVED,URGENT,16.51
94,56,CRM00000000094,2025-10-26 00:22:09,EMAIL,ADVISORY,RESOLVED,HIGH,4.11
95,57,CRM00000000095,2026-05-24 21:44:44,BRANCH,ONBOARDING,OPEN,HIGH,
96,58,CRM00000000096,2026-03-18 16:06:01,BRANCH,PRODUCT_INQUIRY,RESOLVED,MEDIUM,17.64
97,58,CRM00000000097,2026-07-27 07:13:28,BRANCH,RETENTION,RESOLVED,MEDIUM,12.35
98,58,CRM00000000098,2025-09-26 10:18:01,BRANCH,COMPLAINT,IN_PROGRESS,MEDIUM,
99,59,CRM00000000099,2026-03-04 15:04:32,PHONE,PRODUCT_INQUIRY,OPEN,HIGH,
100,59,CRM00000000100,2026-06-01 13:21:37,PHONE,ONBOARDING,RESOLVED,MEDIUM,6.59
101,59,CRM00000000101,2026-06-14 07:34:06,EMAIL,RETENTION,RESOLVED,LOW,6.52
102,59,CRM00000000102,2026-07-10 02:33:03,EMAIL,PRODUCT_INQUIRY,IN_PROGRESS,LOW,
103,59,CRM00000000103,2026-02-11 19:31:14,PHONE,COMPLAINT,OPEN,LOW,
104,60,CRM00000000104,2025-10-23 10:10:37,CHAT,COMPLAINT,RESOLVED,MEDIUM,17.27
105,60,CRM00000000105,2026-07-15 05:03:50,BRANCH,RETENTION,RESOLVED,HIGH,6.52
106,61,CRM00000000106,2026-08-13 16:40:55,EMAIL,RETENTION,ESCALATED,HIGH,
107,61,CRM00000000107,2025-10-18 18:08:02,PHONE,PRODUCT_INQUIRY,RESOLVED,MEDIUM,7.35
108,61,CRM00000000108,2026-08-05 22:11:47,PHONE,RETENTION,IN_PROGRESS,HIGH,
109,63,CRM00000000109,2026-01-12 00:29:28,PHONE,ADVISORY,OPEN,MEDIUM,
110,64,CRM00000000110,2026-03-01 03:54:45,CHAT,ADVISORY,RESOLVED,MEDIUM,24.53
111,64,CRM00000000111,2026-05-22 06:14:57,PHONE,PRODUCT_INQUIRY,RESOLVED,HIGH,42.75
112,65,CRM00000000112,2025-11-26 22:11:15,BRANCH,ONBOARDING,IN_PROGRESS,HIGH,
113,66,CRM00000000113,2025-10-28 15:03:28,BRANCH,ADVISORY,ESCALATED,HIGH,
114,68,CRM00000000114,2026-01-30 03:32:55,PHONE,PRODUCT_INQUIRY,RESOLVED,MEDIUM,7.72
115,68,CRM00000000115,2025-10-24 03:54:17,BRANCH,ONBOARDING,RESOLVED,HIGH,25.14
116,69,CRM00000000116,2025-12-04 10:25:06,PHONE,COMPLAINT,RESOLVED,MEDIUM,3.99
117,69,CRM00000000117,2025-11-04 20:41:53,EMAIL,ADVISORY,RESOLVED,LOW,16.26
118,69,CRM00000000118,2025-12-05 19:00:18,BRANCH,PRODUCT_INQUIRY,RESOLVED,LOW,7.32
119,71,CRM00000000119,2025-12-28 18:15:39,EMAIL,ONBOARDING,RESOLVED,LOW,7.01
120,71,CRM00000000120,2025-11-22 02:15:13,EMAIL,RETENTION,RESOLVED,HIGH,32.7
121,72,CRM00000000121,2025-11-09 18:34:17,BRANCH,COMPLAINT,RESOLVED,URGENT,3.82
122,75,CRM00000000122,2025-11-14 06:47:46,PHONE,ADVISORY,RESOLVED,LOW,3.84
123,75,CRM00000000123,2026-05-05 21:35:46,EMAIL,ONBOARDING,RESOLVED,HIGH,4.42
124,75,CRM00000000124,2025-11-05 03:12:28,EMAIL,DISPUTE,RESOLVED,MEDIUM,8.01
125,75,CRM00000000125,2025-12-02 17:50:39,PHONE,DISPUTE,RESOLVED,LOW,14.64
126,75,CRM00000000126,2026-06-25 14:45:32,PHONE,PRODUCT_INQUIRY,IN_PROGRESS,HIGH,
127,76,CRM00000000127,2026-03-17 13:15:24,EMAIL,COMPLAINT,IN_PROGRESS,MEDIUM,
128,77,CRM00000000128,2026-07-17 02:57:54,PHONE,ADVISORY,IN_PROGRESS,LOW,
129,77,CRM00000000129,2026-01-18 17:23:18,BRANCH,ADVISORY,RESOLVED,HIGH,4.18
130,77,CRM00000000130,2026-06-08 03:41:48,PHONE,RETENTION,OPEN,MEDIUM,
131,78,CRM00000000131,2026-05-26 17:08:29,PHONE,ADVISORY,RESOLVED,HIGH,17.89
132,78,CRM00000000132,2026-03-13 15:50:36,PHONE,RETENTION,IN_PROGRESS,HIGH,
133,78,CRM00000000133,2025-11-05 17:12:52,EMAIL,RETENTION,RESOLVED,HIGH,5.65
134,78,CRM00000000134,2025-09-30 22:14:10,PHONE,RETENTION,ESCALATED,URGENT,
135,78,CRM00000000135,2025-12-20 06:48:09,PHONE,RETENTION,RESOLVED,LOW,12.18
136,79,CRM00000000136,2026-08-20 07:19:48,RM_VISIT,RETENTION,RESOLVED,MEDIUM,7.38
137,79,CRM00000000137,2026-08-06 07:39:25,BRANCH,RETENTION,RESOLVED,URGENT,6.28
138,80,CRM00000000138,2026-06-14 16:23:24,EMAIL,COMPLAINT,IN_PROGRESS,URGENT,
139,80,CRM00000000139,2026-08-13 17:34:25,BRANCH,PRODUCT_INQUIRY,RESOLVED,LOW,25.02
140,81,CRM00000000140,2025-11-27 16:38:05,PHONE,RETENTION,RESOLVED,LOW,0.73
141,81,CRM00000000141,2026-02-19 13:37:27,PHONE,RETENTION,OPEN,LOW,
142,81,CRM00000000142,2026-04-03 19:03:28,PHONE,RETENTION,ESCALATED,LOW,
143,81,CRM00000000143,2026-01-29 06:27:06,EMAIL,PRODUCT_INQUIRY,RESOLVED,HIGH,7.32
144,85,CRM00000000144,2025-10-31 21:34:11,EMAIL,ONBOARDING,RESOLVED,HIGH,11.69
145,85,CRM00000000145,2026-06-19 17:45:52,PHONE,RETENTION,RESOLVED,URGENT,25.27
146,85,CRM00000000146,2026-03-29 20:33:56,PHONE,ADVISORY,IN_PROGRESS,MEDIUM,
147,86,CRM00000000147,2025-11-17 22:33:50,BRANCH,PRODUCT_INQUIRY,RESOLVED,LOW,15.05
148,87,CRM00000000148,2025-10-16 15:49:09,PHONE,RETENTION,RESOLVED,URGENT,5.96
149,88,CRM00000000149,2026-07-28 02:47:11,EMAIL,PRODUCT_INQUIRY,RESOLVED,LOW,8.1
150,88,CRM00000000150,2026-01-09 09:51:32,PHONE,ADVISORY,IN_PROGRESS,HIGH,
151,88,CRM00000000151,2026-01-18 10:54:48,EMAIL,PRODUCT_INQUIRY,RESOLVED,MEDIUM,6.37
152,91,CRM00000000152,2026-06-01 13:33:17,EMAIL,ONBOARDING,RESOLVED,MEDIUM,6.0
153,91,CRM00000000153,2026-06-23 08:34:00,PHONE,ADVISORY,OPEN,LOW,
154,92,CRM00000000154,2025-12-20 22:03:26,PHONE,PRODUCT_INQUIRY,IN_PROGRESS,MEDIUM,
155,94,CRM00000000155,2025-10-31 09:12:54,BRANCH,ONBOARDING,IN_PROGRESS,MEDIUM,
156,94,CRM00000000156,2026-01-10 14:34:41,PHONE,DISPUTE,RESOLVED,MEDIUM,6.46
157,95,CRM00000000157,2026-06-18 13:25:42,PHONE,PRODUCT_INQUIRY,OPEN,MEDIUM,
158,95,CRM00000000158,2025-11-28 11:08:43,EMAIL,PRODUCT_INQUIRY,IN_PROGRESS,HIGH,
159,97,CRM00000000159,2026-04-02 02:09:06,EMAIL,COMPLAINT,IN_PROGRESS,LOW,
160,97,CRM00000000160,2026-02-12 01:48:58,PHONE,ADVISORY,RESOLVED,MEDIUM,16.97
161,98,CRM00000000161,2025-09-10 00:26:04,CHAT,ONBOARDING,IN_PROGRESS,HIGH,
162,98,CRM00000000162,2026-06-12 22:20:26,RM_VISIT,COMPLAINT,OPEN,MEDIUM,
163,98,CRM00000000163,2026-08-03 14:09:45,PHONE,RETENTION,RESOLVED,MEDIUM,14.91
164,98,CRM00000000164,2026-06-27 03:14:01,PHONE,PRODUCT_INQUIRY,RESOLVED,MEDIUM,10.12
165,98,CRM00000000165,2026-03-31 17:06:49,PHONE,COMPLAINT,RESOLVED,LOW,0.55
166,99,CRM00000000166,2026-07-31 18:01:37,CHAT,ONBOARDING,RESOLVED,MEDIUM,9.92
167,99,CRM00000000167,2026-08-02 08:38:06,PHONE,ONBOARDING,RESOLVED,HIGH,17.64
168,99,CRM00000000168,2026-05-31 00:21:10,CHAT,COMPLAINT,IN_PROGRESS,LOW,
169,100,CRM00000000169,2026-08-12 10:07:01,CHAT,RETENTION,RESOLVED,LOW,8.79
170,100,CRM00000000170,2026-08-26 13:52:37,EMAIL,DISPUTE,RESOLVED,LOW,10.86
171,102,CRM00000000171,2026-05-10 22:49:06,CHAT,COMPLAINT,RESOLVED,LOW,1.77
172,102,CRM00000000172,2025-12-10 07:14:34,BRANCH,ADVISORY,IN_PROGRESS,LOW,
173,102,CRM00000000173,2026-07-09 07:56:49,PHONE,PRODUCT_INQUIRY,RESOLVED,LOW,16.22
174,103,CRM00000000174,2026-01-03 06:09:06,RM_VISIT,PRODUCT_INQUIRY,RESOLVED,LOW,6.72
175,104,CRM00000000175,2026-03-09 15:44:46,PHONE,ADVISORY,RESOLVED,MEDIUM,12.9
176,104,CRM00000000176,2025-08-31 19:12:52,EMAIL,COMPLAINT,RESOLVED,MEDIUM,7.61
177,105,CRM00000000177,2026-04-20 05:04:07,PHONE,COMPLAINT,RESOLVED,URGENT,6.03
178,105,CRM00000000178,2026-03-20 05:01:37,PHONE,PRODUCT_INQUIRY,RESOLVED,MEDIUM,9.92
179,106,CRM00000000179,2026-05-26 02:53:58,PHONE,RETENTION,RESOLVED,MEDIUM,24.3
180,106,CRM00000000180,2026-07-16 12:36:39,PHONE,DISPUTE,OPEN,LOW,
181,106,CRM00000000181,2025-12-01 21:18:20,PHONE,RETENTION,RESOLVED,HIGH,4.33
182,106,CRM00000000182,2026-08-09 19:11:36,BRANCH,RETENTION,ESCALATED,LOW,
183,106,CRM00000000183,2026-04-02 08:42:34,PHONE,ADVISORY,IN_PROGRESS,HIGH,
184,106,CRM00000000184,2025-12-24 05:21:38,PHONE,RETENTION,RESOLVED,MEDIUM,4.05
185,106,CRM00000000185,2025-09-14 10:45:03,PHONE,DISPUTE,RESOLVED,HIGH,8.63
186,106,CRM00000000186,2025-12-24 02:09:58,PHONE,RETENTION,RESOLVED,MEDIUM,18.85
187,106,CRM00000000187,2026-05-02 09:18:23,CHAT,RETENTION,RESOLVED,LOW,8.4
188,106,CRM00000000188,2025-12-05 22:19:36,CHAT,COMPLAINT,RESOLVED,MEDIUM,14.49
189,107,CRM00000000189,2026-06-09 20:14:17,CHAT,ADVISORY,OPEN,LOW,
190,107,CRM00000000190,2026-04-13 10:33:37,RM_VISIT,PRODUCT_INQUIRY,IN_PROGRESS,HIGH,
191,108,CRM00000000191,2025-11-14 14:07:21,BRANCH,PRODUCT_INQUIRY,RESOLVED,LOW,4.27
192,108,CRM00000000192,2025-12-03 10:42:36,PHONE,ADVISORY,RESOLVED,MEDIUM,16.63
193,108,CRM00000000193,2025-10-10 21:29:16,PHONE,COMPLAINT,OPEN,LOW,
194,108,CRM00000000194,2025-11-14 19:11:44,PHONE,COMPLAINT,RESOLVED,LOW,11.26
195,111,CRM00000000195,2025-12-31 01:13:48,PHONE,ADVISORY,IN_PROGRESS,MEDIUM,
196,112,CRM00000000196,2026-01-22 06:29:46,CHAT,ONBOARDING,OPEN,MEDIUM,
197,112,CRM00000000197,2025-09-16 08:50:35,EMAIL,RETENTION,RESOLVED,HIGH,16.57
198,112,CRM00000000198,2026-06-24 20:58:02,PHONE,DISPUTE,RESOLVED,MEDIUM,8.69
199,113,CRM00000000199,2025-12-15 22:27:11,EMAIL,DISPUTE,RESOLVED,LOW,14.33
200,114,CRM00000000200,2025-11-06 16:28:36,EMAIL,COMPLAINT,RESOLVED,URGENT,19.18
201,114,CRM00000000201,2026-01-15 09:31:05,CHAT,COMPLAINT,IN_PROGRESS,LOW,
202,114,CRM00000000202,2026-06-30 10:45:02,PHONE,RETENTION,RESOLVED,LOW,2.19
203,115,CRM00000000203,2026-03-29 08:22:07,CHAT,ADVISORY,IN_PROGRESS,HIGH,
204,117,CRM00000000204,2026-08-06 13:53:19,CHAT,COMPLAINT,RESOLVED,MEDIUM,15.67
205,117,CRM00000000205,2025-11-06 00:27:41,PHONE,PRODUCT_INQUIRY,RESOLVED,MEDIUM,18.25
206,117,CRM00000000206,2025-11-04 00:13:14,CHAT,DISPUTE,RESOLVED,LOW,10.41
207,117,CRM00000000207,2026-05-30 08:56:06,PHONE,RETENTION,RESOLVED,MEDIUM,6.83
208,118,CRM00000000208,2026-08-02 06:04:23,PHONE,ONBOARDING,RESOLVED,LOW,56.05
209,118,CRM00000000209,2025-08-28 09:20:09,PHONE,ADVISORY,RESOLVED,MEDIUM,24.39
210,118,CRM00000000210,2026-05-21 00:10:00,PHONE,ADVISORY,RESOLVED,LOW,11.27
211,118,CRM00000000211,2026-01-04 16:33:40,PHONE,COMPLAINT,RESOLVED,MEDIUM,6.44
212,119,CRM00000000212,2025-10-07 08:14:39,PHONE,COMPLAINT,ESCALATED,HIGH,
213,119,CRM00000000213,2026-01-25 21:22:53,PHONE,DISPUTE,RESOLVED,URGENT,2.02
214,119,CRM00000000214,2026-01-24 01:43:01,PHONE,ADVISORY,RESOLVED,MEDIUM,5.11
215,120,CRM00000000215,2026-05-24 04:10:41,BRANCH,COMPLAINT,RESOLVED,LOW,9.22
216,120,CRM00000000216,2026-07-29 11:18:21,PHONE,COMPLAINT,ESCALATED,LOW,
217,120,CRM00000000217,2026-07-27 01:10:07,PHONE,RETENTION,ESCALATED,MEDIUM,
218,122,CRM00000000218,2025-12-09 15:24:16,PHONE,PRODUCT_INQUIRY,RESOLVED,MEDIUM,11.25
219,122,CRM00000000219,2026-01-01 06:32:40,PHONE,RETENTION,RESOLVED,MEDIUM,15.91
220,122,CRM00000000220,2026-01-11 21:36:40,PHONE,RETENTION,OPEN,MEDIUM,
221,122,CRM00000000221,2026-08-15 09:44:31,PHONE,RETENTION,RESOLVED,LOW,22.72
222,123,CRM00000000222,2025-10-21 09:52:47,PHONE,ADVISORY,ESCALATED,HIGH,
223,123,CRM00000000223,2026-01-26 11:47:56,CHAT,COMPLAINT,RESOLVED,MEDIUM,19.82
224,123,CRM00000000224,2026-04-28 13:45:45,CHAT,ADVISORY,RESOLVED,LOW,15.88
225,124,CRM00000000225,2025-09-10 23:27:11,EMAIL,DISPUTE,IN_PROGRESS,LOW,
226,125,CRM00000000226,2026-03-27 13:48:59,RM_VISIT,ADVISORY,RESOLVED,LOW,8.83
227,127,CRM00000000227,2026-01-31 16:55:48,PHONE,DISPUTE,RESOLVED,MEDIUM,4.73
228,127,CRM00000000228,2026-01-25 16:47:01,PHONE,ADVISORY,IN_PROGRESS,HIGH,
229,129,CRM00000000229,2025-08-29 00:58:05,PHONE,PRODUCT_INQUIRY,RESOLVED,LOW,4.86
230,129,CRM00000000230,2026-01-24 11:16:30,PHONE,RETENTION,RESOLVED,LOW,12.17
231,129,CRM00000000231,2026-04-21 18:26:44,BRANCH,COMPLAINT,ESCALATED,LOW,
232,130,CRM00000000232,2026-08-03 22:12:18,RM_VISIT,COMPLAINT,RESOLVED,HIGH,3.62
233,131,CRM00000000233,2025-12-24 01:00:18,PHONE,RETENTION,RESOLVED,HIGH,7.8
234,131,CRM00000000234,2026-03-12 21:25:37,PHONE,ONBOARDING,RESOLVED,MEDIUM,9.46
235,131,CRM00000000235,2026-06-24 07:56:20,EMAIL,ONBOARDING,RESOLVED,HIGH,19.76
236,131,CRM00000000236,2026-03-29 11:12:40,EMAIL,COMPLAINT,RESOLVED,LOW,2.05
237,131,CRM00000000237,2026-04-06 17:45:56,CHAT,RETENTION,IN_PROGRESS,LOW,
238,132,CRM00000000238,2025-09-04 03:59:47,BRANCH,PRODUCT_INQUIRY,RESOLVED,HIGH,25.25
239,132,CRM00000000239,2026-03-30 09:55:06,EMAIL,COMPLAINT,RESOLVED,HIGH,11.83
240,133,CRM00000000240,2026-05-24 20:05:30,EMAIL,DISPUTE,IN_PROGRESS,URGENT,
241,133,CRM00000000241,2025-09-09 11:26:04,PHONE,PRODUCT_INQUIRY,IN_PROGRESS,MEDIUM,
242,133,CRM00000000242,2026-02-22 23:38:10,PHONE,DISPUTE,RESOLVED,MEDIUM,3.97
243,134,CRM00000000243,2026-06-17 23:28:16,BRANCH,DISPUTE,RESOLVED,MEDIUM,4.39
244,134,CRM00000000244,2025-11-06 16:44:08,BRANCH,COMPLAINT,RESOLVED,MEDIUM,14.2
245,135,CRM00000000245,2026-01-03 01:21:56,PHONE,PRODUCT_INQUIRY,RESOLVED,LOW,11.9
246,135,CRM00000000246,2026-08-16 16:28:07,BRANCH,ADVISORY,RESOLVED,URGENT,12.21
247,136,CRM00000000247,2026-08-16 19:39:54,EMAIL,COMPLAINT,RESOLVED,MEDIUM,8.32
248,137,CRM00000000248,2025-12-24 21:50:10,PHONE,COMPLAINT,RESOLVED,LOW,3.03
249,138,CRM00000000249,2026-07-10 23:58:41,CHAT,ADVISORY,OPEN,HIGH,
250,139,CRM00000000250,2026-03-25 20:29:05,PHONE,ADVISORY,OPEN,MEDIUM,
251,140,CRM00000000251,2026-03-20 03:34:05,EMAIL,RETENTION,IN_PROGRESS,LOW,
252,140,CRM00000000252,2026-02-27 09:21:52,EMAIL,ADVISORY,RESOLVED,HIGH,2.92
253,140,CRM00000000253,2025-12-12 01:58:31,EMAIL,PRODUCT_INQUIRY,RESOLVED,MEDIUM,29.45
254,140,CRM00000000254,2026-02-17 12:52:19,EMAIL,PRODUCT_INQUIRY,RESOLVED,HIGH,7.43
255,141,CRM00000000255,2026-04-24 21:59:07,BRANCH,PRODUCT_INQUIRY,ESCALATED,MEDIUM,
256,141,CRM00000000256,2025-09-18 18:29:57,PHONE,COMPLAINT,RESOLVED,MEDIUM,5.28
257,143,CRM00000000257,2026-04-25 14:29:04,CHAT,ONBOARDING,RESOLVED,HIGH,4.03
258,145,CRM00000000258,2026-04-08 17:51:28,EMAIL,RETENTION,RESOLVED,LOW,4.97
259,145,CRM00000000259,2025-11-13 09:39:57,PHONE,COMPLAINT,RESOLVED,HIGH,7.15
260,147,CRM00000000260,2026-05-24 22:51:22,EMAIL,RETENTION,RESOLVED,LOW,3.48
261,148,CRM00000000261,2026-05-16 08:56:11,PHONE,ADVISORY,IN_PROGRESS,HIGH,
262,148,CRM00000000262,2025-12-06 20:38:10,BRANCH,ADVISORY,RESOLVED,LOW,24.67
263,148,CRM00000000263,2025-10-17 05:53:47,CHAT,PRODUCT_INQUIRY,OPEN,HIGH,
264,149,CRM00000000264,2026-01-30 09:26:23,EMAIL,COMPLAINT,RESOLVED,MEDIUM,13.96
265,149,CRM00000000265,2025-11-11 16:29:04,EMAIL,ONBOARDING,OPEN,LOW,
266,149,CRM00000000266,2025-09-22 06:23:30,PHONE,RETENTION,RESOLVED,MEDIUM,39.2
267,150,CRM00000000267,2025-11-13 05:14:54,BRANCH,PRODUCT_INQUIRY,RESOLVED,MEDIUM,4.47
268,151,CRM00000000268,2026-02-01 21:40:26,EMAIL,COMPLAINT,OPEN,MEDIUM,
269,152,CRM00000000269,2026-05-01 21:21:39,EMAIL,COMPLAINT,IN_PROGRESS,LOW,
270,153,CRM00000000270,2025-10-14 22:15:07,CHAT,DISPUTE,RESOLVED,MEDIUM,3.13
271,153,CRM00000000271,2025-11-04 21:06:55,CHAT,DISPUTE,RESOLVED,LOW,1.13
272,156,CRM00000000272,2026-01-19 19:50:06,BRANCH,RETENTION,RESOLVED,HIGH,10.39
273,156,CRM00000000273,2025-09-10 00:37:48,PHONE,RETENTION,RESOLVED,MEDIUM,17.5
274,157,CRM00000000274,2026-04-12 05:33:01,PHONE,ONBOARDING,RESOLVED,MEDIUM,8.37
275,158,CRM00000000275,2026-02-06 23:27:51,EMAIL,ADVISORY,RESOLVED,LOW,4.03
276,158,CRM00000000276,2025-10-20 16:39:36,PHONE,COMPLAINT,ESCALATED,LOW,
277,158,CRM00000000277,2026-02-13 23:37:52,PHONE,RETENTION,RESOLVED,LOW,8.51
278,158,CRM00000000278,2026-04-24 08:33:02,CHAT,RETENTION,RESOLVED,MEDIUM,11.19
279,158,CRM00000000279,2025-10-19 23:29:55,PHONE,COMPLAINT,IN_PROGRESS,HIGH,
280,158,CRM00000000280,2026-06-03 04:22:39,CHAT,PRODUCT_INQUIRY,OPEN,MEDIUM,
281,159,CRM00000000281,2025-10-31 15:30:36,CHAT,DISPUTE,RESOLVED,LOW,7.4
282,159,CRM00000000282,2025-09-22 17:09:56,BRANCH,ADVISORY,IN_PROGRESS,MEDIUM,
283,161,CRM00000000283,2026-02-11 11:57:59,PHONE,ADVISORY,RESOLVED,HIGH,9.85
284,161,CRM00000000284,2026-01-06 15:45:05,RM_VISIT,RETENTION,RESOLVED,LOW,2.53
285,161,CRM00000000285,2026-02-21 13:04:38,BRANCH,RETENTION,RESOLVED,LOW,11.77
286,161,CRM00000000286,2026-02-14 04:19:21,PHONE,PRODUCT_INQUIRY,ESCALATED,HIGH,
287,162,CRM00000000287,2026-01-23 23:11:20,PHONE,COMPLAINT,IN_PROGRESS,HIGH,
288,163,CRM00000000288,2025-11-10 12:27:04,EMAIL,DISPUTE,RESOLVED,MEDIUM,12.12
289,163,CRM00000000289,2026-04-30 04:09:21,EMAIL,PRODUCT_INQUIRY,RESOLVED,LOW,28.66
290,163,CRM00000000290,2025-10-02 16:18:11,RM_VISIT,PRODUCT_INQUIRY,RESOLVED,LOW,26.77
291,164,CRM00000000291,2026-07-27 23:17:28,PHONE,COMPLAINT,RESOLVED,LOW,7.5
292,165,CRM00000000292,2026-05-09 08:13:39,PHONE,ADVISORY,OPEN,MEDIUM,
293,165,CRM00000000293,2026-02-17 21:34:04,BRANCH,PRODUCT_INQUIRY,RESOLVED,HIGH,9.98
294,166,CRM00000000294,2026-08-16 20:32:55,PHONE,DISPUTE,ESCALATED,LOW,
295,167,CRM00000000295,2026-01-08 10:46:12,PHONE,DISPUTE,RESOLVED,LOW,16.85
296,168,CRM00000000296,2026-07-01 16:16:24,PHONE,DISPUTE,IN_PROGRESS,URGENT,
297,169,CRM00000000297,2026-08-01 16:28:02,PHONE,PRODUCT_INQUIRY,RESOLVED,HIGH,21.33
298,169,CRM00000000298,2025-11-16 15:22:05,PHONE,PRODUCT_INQUIRY,IN_PROGRESS,LOW,
299,169,CRM00000000299,2026-02-19 11:44:32,BRANCH,RETENTION,RESOLVED,LOW,14.24
300,170,CRM00000000300,2025-09-04 16:47:51,PHONE,COMPLAINT,ESCALATED,HIGH,
301,170,CRM00000000301,2026-03-10 09:25:00,CHAT,COMPLAINT,RESOLVED,LOW,12.48
302,171,CRM00000000302,2026-06-10 03:48:56,CHAT,PRODUCT_INQUIRY,RESOLVED,HIGH,9.9
303,172,CRM00000000303,2026-08-02 08:37:14,EMAIL,ADVISORY,RESOLVED,LOW,22.85
304,172,CRM00000000304,2025-12-24 15:27:44,PHONE,ADVISORY,IN_PROGRESS,LOW,
305,174,CRM00000000305,2026-02-05 13:46:00,PHONE,PRODUCT_INQUIRY,IN_PROGRESS,LOW,
306,176,CRM00000000306,2025-12-30 20:14:40,BRANCH,ONBOARDING,RESOLVED,URGENT,6.94
307,176,CRM00000000307,2026-08-22 01:23:01,PHONE,RETENTION,RESOLVED,HIGH,20.27
308,176,CRM00000000308,2026-06-28 02:49:10,BRANCH,ADVISORY,RESOLVED,HIGH,10.04
309,177,CRM00000000309,2026-01-30 17:32:38,CHAT,PRODUCT_INQUIRY,RESOLVED,LOW,7.47
310,178,CRM00000000310,2025-09-21 13:24:25,PHONE,COMPLAINT,IN_PROGRESS,LOW,
311,179,CRM00000000311,2026-03-08 19:07:04,PHONE,PRODUCT_INQUIRY,RESOLVED,HIGH,2.61
312,179,CRM00000000312,2026-01-17 15:07:33,EMAIL,COMPLAINT,RESOLVED,LOW,20.84
313,180,CRM00000000313,2026-03-02 09:55:32,CHAT,RETENTION,RESOLVED,MEDIUM,12.97
314,182,CRM00000000314,2026-05-03 12:29:45,CHAT,ONBOARDING,RESOLVED,LOW,7.81
315,183,CRM00000000315,2025-10-02 07:54:03,BRANCH,COMPLAINT,RESOLVED,MEDIUM,10.44
316,184,CRM00000000316,2026-07-20 10:07:48,CHAT,PRODUCT_INQUIRY,RESOLVED,LOW,14.33
317,184,CRM00000000317,2025-09-27 04:28:15,EMAIL,ONBOARDING,RESOLVED,HIGH,5.39
318,184,CRM00000000318,2025-12-09 10:54:16,EMAIL,RETENTION,RESOLVED,MEDIUM,8.14
319,186,CRM00000000319,2026-07-13 13:38:17,PHONE,PRODUCT_INQUIRY,IN_PROGRESS,HIGH,
320,188,CRM00000000320,2026-06-13 18:06:28,PHONE,RETENTION,RESOLVED,LOW,16.9
321,188,CRM00000000321,2025-09-26 05:32:08,BRANCH,COMPLAINT,ESCALATED,MEDIUM,
322,188,CRM00000000322,2026-04-10 05:13:17,BRANCH,PRODUCT_INQUIRY,IN_PROGRESS,LOW,
323,189,CRM00000000323,2025-10-12 10:07:57,EMAIL,RETENTION,RESOLVED,MEDIUM,6.59
324,189,CRM00000000324,2026-02-23 04:44:11,EMAIL,RETENTION,ESCALATED,MEDIUM,
325,190,CRM00000000325,2025-12-27 23:45:16,PHONE,ADVISORY,RESOLVED,LOW,5.22
326,190,CRM00000000326,2026-05-15 03:09:59,PHONE,ADVISORY,ESCALATED,URGENT,
327,190,CRM00000000327,2026-07-03 23:55:54,EMAIL,RETENTION,RESOLVED,LOW,10.54
328,193,CRM00000000328,2026-08-26 15:25:53,BRANCH,ADVISORY,ESCALATED,LOW,
329,193,CRM00000000329,2026-01-10 11:01:15,PHONE,PRODUCT_INQUIRY,RESOLVED,LOW,8.53
330,194,CRM00000000330,2025-10-13 13:03:44,PHONE,DISPUTE,OPEN,MEDIUM,
331,194,CRM00000000331,2026-08-21 08:43:35,EMAIL,PRODUCT_INQUIRY,RESOLVED,MEDIUM,9.41
332,196,CRM00000000332,2026-04-10 02:19:23,BRANCH,PRODUCT_INQUIRY,RESOLVED,HIGH,35.02
333,196,CRM00000000333,2026-07-18 04:07:52,PHONE,ADVISORY,OPEN,LOW,
334,196,CRM00000000334,2026-08-09 16:18:55,PHONE,ADVISORY,RESOLVED,MEDIUM,5.89
335,196,CRM00000000335,2026-04-19 16:17:07,PHONE,COMPLAINT,RESOLVED,URGENT,13.55
336,197,CRM00000000336,2026-03-19 20:55:16,PHONE,ADVISORY,RESOLVED,HIGH,2.49
337,197,CRM00000000337,2025-11-26 04:35:47,PHONE,COMPLAINT,RESOLVED,URGENT,5.45
338,199,CRM00000000338,2025-10-05 15:39:47,EMAIL,PRODUCT_INQUIRY,OPEN,HIGH,
339,199,CRM00000000339,2025-09-19 23:49:27,RM_VISIT,PRODUCT_INQUIRY,IN_PROGRESS,MEDIUM,
340,200,CRM00000000340,2026-01-07 13:42:02,BRANCH,DISPUTE,RESOLVED,MEDIUM,10.93
341,200,CRM00000000341,2026-08-14 20:37:58,PHONE,ADVISORY,RESOLVED,MEDIUM,9.57
342,200,CRM00000000342,2025-11-09 08:37:38,PHONE,PRODUCT_INQUIRY,RESOLVED,HIGH,10.39
343,201,CRM00000000343,2026-03-12 20:16:14,PHONE,RETENTION,RESOLVED,HIGH,12.77
344,201,CRM00000000344,2026-07-24 13:30:38,CHAT,COMPLAINT,ESCALATED,MEDIUM,
345,202,CRM00000000345,2025-09-10 06:51:59,PHONE,COMPLAINT,RESOLVED,MEDIUM,3.62
346,203,CRM00000000346,2026-06-18 02:12:16,BRANCH,ONBOARDING,OPEN,MEDIUM,
347,204,CRM00000000347,2025-10-28 17:50:46,PHONE,COMPLAINT,OPEN,MEDIUM,
348,205,CRM00000000348,2025-10-12 11:31:28,BRANCH,PRODUCT_INQUIRY,RESOLVED,MEDIUM,30.28
349,205,CRM00000000349,2025-09-28 05:52:26,PHONE,PRODUCT_INQUIRY,RESOLVED,MEDIUM,9.86
350,205,CRM00000000350,2026-02-23 03:33:59,EMAIL,COMPLAINT,RESOLVED,LOW,5.65
351,206,CRM00000000351,2026-02-14 23:08:38,EMAIL,PRODUCT_INQUIRY,ESCALATED,LOW,
352,207,CRM00000000352,2025-10-18 15:40:08,EMAIL,ADVISORY,RESOLVED,HIGH,24.79
353,207,CRM00000000353,2025-11-12 22:05:06,CHAT,PRODUCT_INQUIRY,ESCALATED,LOW,
354,207,CRM00000000354,2025-12-03 23:35:54,BRANCH,COMPLAINT,RESOLVED,MEDIUM,6.14
355,207,CRM00000000355,2026-02-06 06:01:30,BRANCH,COMPLAINT,IN_PROGRESS,MEDIUM,
356,208,CRM00000000356,2026-05-13 04:03:13,CHAT,PRODUCT_INQUIRY,RESOLVED,HIGH,3.79
357,208,CRM00000000357,2026-03-31 05:12:41,PHONE,RETENTION,IN_PROGRESS,HIGH,
358,209,CRM00000000358,2026-04-02 15:36:22,PHONE,ADVISORY,IN_PROGRESS,MEDIUM,
359,209,CRM00000000359,2026-07-23 16:16:30,PHONE,COMPLAINT,IN_PROGRESS,HIGH,
360,211,CRM00000000360,2025-09-12 18:30:46,PHONE,RETENTION,RESOLVED,MEDIUM,5.36
361,211,CRM00000000361,2025-10-23 09:58:19,RM_VISIT,RETENTION,OPEN,MEDIUM,
362,211,CRM00000000362,2026-05-10 10:42:46,PHONE,RETENTION,IN_PROGRESS,LOW,
363,212,CRM00000000363,2026-02-09 22:32:02,EMAIL,RETENTION,RESOLVED,LOW,7.77
364,213,CRM00000000364,2026-04-01 06:32:35,PHONE,ONBOARDING,RESOLVED,LOW,12.68
365,213,CRM00000000365,2026-08-08 21:16:17,EMAIL,DISPUTE,RESOLVED,LOW,3.95
366,215,CRM00000000366,2026-05-02 06:11:16,BRANCH,RETENTION,RESOLVED,MEDIUM,25.72
367,215,CRM00000000367,2026-03-21 10:44:45,CHAT,RETENTION,RESOLVED,LOW,10.84
368,215,CRM00000000368,2026-01-04 14:03:07,PHONE,RETENTION,RESOLVED,LOW,30.5
369,216,CRM00000000369,2025-10-02 09:03:33,PHONE,PRODUCT_INQUIRY,RESOLVED,LOW,12.0
370,216,CRM00000000370,2026-07-13 12:33:30,PHONE,PRODUCT_INQUIRY,RESOLVED,LOW,13.57
371,216,CRM00000000371,2026-03-01 00:56:08,EMAIL,COMPLAINT,OPEN,MEDIUM,
372,216,CRM00000000372,2026-01-22 11:02:12,PHONE,DISPUTE,RESOLVED,LOW,3.32
373,217,CRM00000000373,2026-06-06 16:47:23,BRANCH,DISPUTE,OPEN,URGENT,
374,217,CRM00000000374,2026-03-06 14:09:06,BRANCH,RETENTION,IN_PROGRESS,MEDIUM,
375,220,CRM00000000375,2025-10-26 06:06:04,RM_VISIT,PRODUCT_INQUIRY,RESOLVED,LOW,13.84
376,220,CRM00000000376,2025-12-04 02:50:09,BRANCH,PRODUCT_INQUIRY,OPEN,HIGH,
377,220,CRM00000000377,2026-08-25 16:57:44,BRANCH,PRODUCT_INQUIRY,IN_PROGRESS,MEDIUM,
378,220,CRM00000000378,2025-11-18 03:17:58,RM_VISIT,ADVISORY,RESOLVED,HIGH,6.91
379,220,CRM00000000379,2026-04-07 18:09:22,PHONE,ADVISORY,ESCALATED,LOW,
380,220,CRM00000000380,2026-03-31 11:38:04,PHONE,ADVISORY,RESOLVED,MEDIUM,13.61
381,222,CRM00000000381,2026-04-26 06:15:24,CHAT,PRODUCT_INQUIRY,RESOLVED,HIGH,3.64
382,222,CRM00000000382,2025-10-24 13:14:49,RM_VISIT,RETENTION,ESCALATED,LOW,
383,222,CRM00000000383,2025-10-21 22:09:54,CHAT,PRODUCT_INQUIRY,RESOLVED,MEDIUM,23.03
384,222,CRM00000000384,2025-12-22 04:00:07,PHONE,ONBOARDING,IN_PROGRESS,LOW,
385,223,CRM00000000385,2026-04-28 14:38:05,PHONE,PRODUCT_INQUIRY,RESOLVED,HIGH,22.35
386,224,CRM00000000386,2025-10-29 01:14:04,BRANCH,PRODUCT_INQUIRY,RESOLVED,HIGH,16.05
387,225,CRM00000000387,2026-04-25 04:25:05,BRANCH,RETENTION,RESOLVED,MEDIUM,8.43
388,227,CRM00000000388,2025-12-28 11:02:34,EMAIL,ADVISORY,RESOLVED,LOW,12.44
389,227,CRM00000000389,2025-11-08 08:19:41,BRANCH,ONBOARDING,IN_PROGRESS,LOW,
390,228,CRM00000000390,2025-12-12 00:16:19,CHAT,COMPLAINT,IN_PROGRESS,HIGH,
391,229,CRM00000000391,2026-06-08 12:39:10,PHONE,PRODUCT_INQUIRY,RESOLVED,LOW,4.37
392,229,CRM00000000392,2025-11-12 11:47:40,EMAIL,ADVISORY,RESOLVED,HIGH,7.15
393,230,CRM00000000393,2026-07-28 05:44:34,PHONE,COMPLAINT,RESOLVED,MEDIUM,5.67
394,230,CRM00000000394,2026-06-13 03:43:30,BRANCH,RETENTION,ESCALATED,LOW,
395,230,CRM00000000395,2025-09-21 18:35:27,PHONE,ADVISORY,RESOLVED,MEDIUM,15.16
396,230,CRM00000000396,2025-09-03 22:25:23,BRANCH,COMPLAINT,RESOLVED,MEDIUM,7.05
397,230,CRM00000000397,2026-01-03 23:13:03,RM_VISIT,ONBOARDING,OPEN,MEDIUM,
398,230,CRM00000000398,2025-12-10 07:37:02,PHONE,ADVISORY,RESOLVED,MEDIUM,3.71
399,230,CRM00000000399,2026-08-10 02:08:48,BRANCH,COMPLAINT,ESCALATED,LOW,
400,231,CRM00000000400,2025-12-01 21:32:31,RM_VISIT,DISPUTE,IN_PROGRESS,LOW,
401,231,CRM00000000401,2026-08-06 17:23:51,PHONE,COMPLAINT,RESOLVED,MEDIUM,23.39
402,231,CRM00000000402,2025-10-06 09:14:04,PHONE,PRODUCT_INQUIRY,RESOLVED,LOW,4.7
403,231,CRM00000000403,2025-09-24 20:28:48,EMAIL,PRODUCT_INQUIRY,RESOLVED,MEDIUM,21.16
404,231,CRM00000000404,2025-09-07 10:42:17,CHAT,ONBOARDING,RESOLVED,MEDIUM,21.93
405,231,CRM00000000405,2025-08-29 21:47:15,PHONE,COMPLAINT,RESOLVED,LOW,12.28
406,232,CRM00000000406,2026-06-18 21:35:36,EMAIL,PRODUCT_INQUIRY,OPEN,LOW,
407,232,CRM00000000407,2026-05-24 19:07:57,PHONE,COMPLAINT,IN_PROGRESS,MEDIUM,
408,232,CRM00000000408,2026-07-22 21:46:46,PHONE,ADVISORY,RESOLVED,LOW,5.94
409,234,CRM00000000409,2026-07-02 22:45:02,CHAT,PRODUCT_INQUIRY,RESOLVED,LOW,5.53
410,235,CRM00000000410,2026-02-12 05:47:02,BRANCH,ADVISORY,RESOLVED,LOW,3.62
411,236,CRM00000000411,2025-12-19 06:52:29,PHONE,RETENTION,RESOLVED,MEDIUM,7.65
412,238,CRM00000000412,2025-10-04 22:40:49,PHONE,ADVISORY,RESOLVED,HIGH,6.11
413,239,CRM00000000413,2026-02-12 17:55:10,PHONE,PRODUCT_INQUIRY,RESOLVED,MEDIUM,14.81
414,240,CRM00000000414,2025-12-20 05:37:02,CHAT,ONBOARDING,RESOLVED,MEDIUM,2.73
415,240,CRM00000000415,2026-05-30 03:28:07,RM_VISIT,COMPLAINT,OPEN,LOW,
416,240,CRM00000000416,2026-07-02 11:42:40,PHONE,COMPLAINT,ESCALATED,MEDIUM,
417,240,CRM00000000417,2025-11-28 06:01:46,PHONE,DISPUTE,OPEN,LOW,
418,241,CRM00000000418,2026-02-19 09:23:45,EMAIL,COMPLAINT,RESOLVED,MEDIUM,23.14
419,242,CRM00000000419,2025-12-09 00:21:20,EMAIL,PRODUCT_INQUIRY,IN_PROGRESS,MEDIUM,
420,243,CRM00000000420,2026-01-12 23:32:17,CHAT,PRODUCT_INQUIRY,OPEN,MEDIUM,
421,244,CRM00000000421,2026-05-10 12:07:46,CHAT,PRODUCT_INQUIRY,RESOLVED,HIGH,13.95
422,244,CRM00000000422,2025-09-15 15:53:49,RM_VISIT,ADVISORY,OPEN,MEDIUM,
423,245,CRM00000000423,2026-03-30 19:26:49,EMAIL,DISPUTE,RESOLVED,URGENT,16.1
424,245,CRM00000000424,2026-04-23 16:07:18,PHONE,PRODUCT_INQUIRY,RESOLVED,URGENT,30.19
425,246,CRM00000000425,2026-01-06 02:43:25,RM_VISIT,RETENTION,IN_PROGRESS,HIGH,
426,247,CRM00000000426,2026-06-01 19:38:20,PHONE,RETENTION,OPEN,LOW,
427,247,CRM00000000427,2026-01-18 21:41:57,EMAIL,ONBOARDING,RESOLVED,LOW,9.34
428,247,CRM00000000428,2025-09-07 11:59:13,PHONE,ONBOARDING,RESOLVED,MEDIUM,18.08
429,248,CRM00000000429,2026-03-21 17:20:17,CHAT,PRODUCT_INQUIRY,OPEN,MEDIUM,
430,248,CRM00000000430,2026-08-07 22:59:11,PHONE,COMPLAINT,OPEN,LOW,
431,249,CRM00000000431,2026-08-22 15:47:44,EMAIL,RETENTION,RESOLVED,URGENT,15.75
432,249,CRM00000000432,2026-01-23 12:43:33,PHONE,RETENTION,RESOLVED,MEDIUM,15.26
433,250,CRM00000000433,2026-06-29 02:23:14,PHONE,ADVISORY,OPEN,HIGH,
434,251,CRM00000000434,2026-05-02 14:01:50,PHONE,RETENTION,ESCALATED,LOW,
435,251,CRM00000000435,2026-01-28 21:26:35,PHONE,RETENTION,RESOLVED,MEDIUM,3.62
436,251,CRM00000000436,2026-01-13 15:24:47,EMAIL,RETENTION,OPEN,MEDIUM,
437,252,CRM00000000437,2025-12-12 17:53:39,PHONE,RETENTION,IN_PROGRESS,LOW,
438,256,CRM00000000438,2025-11-23 22:23:29,PHONE,RETENTION,IN_PROGRESS,MEDIUM,
439,256,CRM00000000439,2026-01-02 15:55:16,PHONE,RETENTION,RESOLVED,MEDIUM,18.92
440,256,CRM00000000440,2026-04-25 19:02:16,CHAT,RETENTION,RESOLVED,LOW,8.38
441,256,CRM00000000441,2026-07-26 16:07:59,PHONE,PRODUCT_INQUIRY,RESOLVED,MEDIUM,4.41
442,256,CRM00000000442,2026-01-31 14:08:55,PHONE,COMPLAINT,RESOLVED,MEDIUM,14.97
443,258,CRM00000000443,2026-02-26 06:54:54,CHAT,COMPLAINT,RESOLVED,HIGH,12.68
444,258,CRM00000000444,2026-02-11 13:20:03,PHONE,RETENTION,IN_PROGRESS,HIGH,
445,259,CRM00000000445,2025-09-24 10:08:48,EMAIL,PRODUCT_INQUIRY,RESOLVED,LOW,19.92
446,260,CRM00000000446,2025-09-22 20:12:49,BRANCH,RETENTION,ESCALATED,MEDIUM,
447,261,CRM00000000447,2025-12-28 17:37:40,EMAIL,RETENTION,RESOLVED,MEDIUM,6.46
448,261,CRM00000000448,2025-11-11 15:01:00,PHONE,PRODUCT_INQUIRY,RESOLVED,MEDIUM,3.9
449,261,CRM00000000449,2026-01-25 16:41:12,EMAIL,ONBOARDING,IN_PROGRESS,LOW,
450,261,CRM00000000450,2025-09-20 13:41:26,PHONE,COMPLAINT,RESOLVED,HIGH,11.28
451,263,CRM00000000451,2026-01-30 18:27:50,PHONE,ONBOARDING,RESOLVED,MEDIUM,6.17
452,264,CRM00000000452,2026-07-16 23:40:41,CHAT,ADVISORY,RESOLVED,LOW,9.75
453,267,CRM00000000453,2026-01-18 13:53:45,PHONE,RETENTION,RESOLVED,LOW,2.38
454,267,CRM00000000454,2026-05-12 22:44:29,EMAIL,PRODUCT_INQUIRY,OPEN,HIGH,
455,267,CRM00000000455,2026-08-04 23:22:27,RM_VISIT,ADVISORY,RESOLVED,MEDIUM,26.1
456,267,CRM00000000456,2025-12-22 17:59:31,CHAT,RETENTION,RESOLVED,LOW,14.13
457,268,CRM00000000457,2025-09-20 17:00:35,PHONE,ADVISORY,RESOLVED,MEDIUM,11.08
458,268,CRM00000000458,2026-05-03 15:30:45,EMAIL,ADVISORY,ESCALATED,MEDIUM,
459,269,CRM00000000459,2025-12-08 16:02:14,EMAIL,PRODUCT_INQUIRY,IN_PROGRESS,MEDIUM,
460,269,CRM00000000460,2026-08-21 04:19:50,BRANCH,ONBOARDING,RESOLVED,LOW,4.91
461,269,CRM00000000461,2026-08-08 01:03:24,CHAT,PRODUCT_INQUIRY,RESOLVED,URGENT,0.88
462,269,CRM00000000462,2026-07-06 10:19:40,BRANCH,ADVISORY,RESOLVED,LOW,7.89
463,269,CRM00000000463,2026-02-22 17:20:55,BRANCH,DISPUTE,OPEN,MEDIUM,
464,269,CRM00000000464,2026-06-05 20:13:00,BRANCH,ADVISORY,RESOLVED,HIGH,22.24
465,269,CRM00000000465,2026-03-07 06:48:44,CHAT,ADVISORY,IN_PROGRESS,MEDIUM,
466,270,CRM00000000466,2026-08-22 00:56:56,EMAIL,PRODUCT_INQUIRY,IN_PROGRESS,MEDIUM,
467,270,CRM00000000467,2025-10-31 03:19:32,PHONE,PRODUCT_INQUIRY,RESOLVED,MEDIUM,11.44
468,271,CRM00000000468,2026-06-14 13:25:11,BRANCH,DISPUTE,OPEN,MEDIUM,
469,271,CRM00000000469,2025-11-27 04:54:45,BRANCH,PRODUCT_INQUIRY,IN_PROGRESS,LOW,
470,271,CRM00000000470,2025-09-12 10:13:28,PHONE,ADVISORY,ESCALATED,LOW,
471,272,CRM00000000471,2026-05-22 01:27:39,EMAIL,PRODUCT_INQUIRY,RESOLVED,LOW,12.07
472,273,CRM00000000472,2025-09-04 05:58:23,PHONE,ADVISORY,RESOLVED,LOW,11.59
473,273,CRM00000000473,2026-01-17 16:35:31,PHONE,RETENTION,OPEN,MEDIUM,
474,273,CRM00000000474,2026-01-19 12:35:54,RM_VISIT,PRODUCT_INQUIRY,RESOLVED,LOW,9.5
475,275,CRM00000000475,2026-01-02 20:25:05,EMAIL,RETENTION,ESCALATED,MEDIUM,
476,275,CRM00000000476,2026-08-17 02:58:57,PHONE,COMPLAINT,RESOLVED,HIGH,1.57
477,275,CRM00000000477,2025-12-30 07:59:52,BRANCH,ONBOARDING,RESOLVED,LOW,17.76
478,277,CRM00000000478,2026-05-09 19:36:19,PHONE,PRODUCT_INQUIRY,RESOLVED,MEDIUM,4.46
479,278,CRM00000000479,2025-12-13 22:25:12,EMAIL,ADVISORY,RESOLVED,MEDIUM,14.34
480,280,CRM00000000480,2026-03-03 15:16:59,PHONE,COMPLAINT,OPEN,MEDIUM,
481,280,CRM00000000481,2025-11-26 22:20:22,EMAIL,ONBOARDING,RESOLVED,MEDIUM,13.31
482,281,CRM00000000482,2026-06-30 18:00:49,PHONE,RETENTION,RESOLVED,MEDIUM,14.25
483,281,CRM00000000483,2026-04-01 06:31:19,CHAT,COMPLAINT,ESCALATED,MEDIUM,
484,283,CRM00000000484,2025-10-29 18:34:13,PHONE,DISPUTE,RESOLVED,LOW,1.55
485,284,CRM00000000485,2025-10-30 22:28:51,BRANCH,PRODUCT_INQUIRY,RESOLVED,LOW,15.19
486,284,CRM00000000486,2026-03-17 09:56:47,EMAIL,COMPLAINT,IN_PROGRESS,LOW,
487,285,CRM00000000487,2026-02-12 15:45:40,BRANCH,PRODUCT_INQUIRY,RESOLVED,MEDIUM,6.28
488,286,CRM00000000488,2025-09-11 23:28:26,PHONE,COMPLAINT,RESOLVED,MEDIUM,7.59
489,287,CRM00000000489,2025-09-13 11:41:15,EMAIL,ADVISORY,RESOLVED,MEDIUM,6.89
490,289,CRM00000000490,2026-06-14 14:57:18,PHONE,ONBOARDING,RESOLVED,URGENT,11.76
491,289,CRM00000000491,2026-07-13 02:24:11,BRANCH,COMPLAINT,RESOLVED,LOW,8.96
492,290,CRM00000000492,2026-05-31 15:21:40,PHONE,PRODUCT_INQUIRY,RESOLVED,LOW,30.48
493,292,CRM00000000493,2026-03-20 10:39:05,PHONE,PRODUCT_INQUIRY,ESCALATED,LOW,
494,293,CRM00000000494,2026-06-26 04:51:20,PHONE,DISPUTE,IN_PROGRESS,MEDIUM,
495,294,CRM00000000495,2026-04-03 03:25:09,EMAIL,PRODUCT_INQUIRY,IN_PROGRESS,LOW,
496,294,CRM00000000496,2026-08-18 02:06:24,BRANCH,PRODUCT_INQUIRY,RESOLVED,MEDIUM,34.55
497,294,CRM00000000497,2026-03-11 03:57:28,BRANCH,RETENTION,RESOLVED,LOW,9.85
498,294,CRM00000000498,2026-01-25 06:37:12,CHAT,COMPLAINT,RESOLVED,MEDIUM,9.67
499,296,CRM00000000499,2026-08-17 12:14:05,EMAIL,DISPUTE,RESOLVED,MEDIUM,27.61
500,296,CRM00000000500,2026-08-11 02:10:13,EMAIL,ADVISORY,RESOLVED,LOW,11.23
501,297,CRM00000000501,2025-12-27 08:07:04,BRANCH,RETENTION,OPEN,LOW,
502,297,CRM00000000502,2025-11-28 01:09:27,EMAIL,COMPLAINT,RESOLVED,HIGH,24.84
503,299,CRM00000000503,2026-01-22 00:24:06,PHONE,ADVISORY,RESOLVED,HIGH,13.05
504,300,CRM00000000504,2026-01-26 22:00:00,PHONE,ADVISORY,RESOLVED,URGENT,14.37
505,302,CRM00000000505,2025-12-01 18:19:11,PHONE,ADVISORY,RESOLVED,LOW,5.03
506,302,CRM00000000506,2025-09-14 11:55:00,EMAIL,ADVISORY,IN_PROGRESS,HIGH,
507,302,CRM00000000507,2026-03-16 18:04:40,CHAT,ONBOARDING,RESOLVED,HIGH,1.21
508,306,CRM00000000508,2026-03-15 20:45:14,CHAT,PRODUCT_INQUIRY,RESOLVED,MEDIUM,15.76
509,306,CRM00000000509,2026-02-17 06:37:49,PHONE,RETENTION,RESOLVED,LOW,8.79
510,306,CRM00000000510,2026-01-18 09:22:39,EMAIL,PRODUCT_INQUIRY,RESOLVED,URGENT,9.2
511,307,CRM00000000511,2026-02-17 12:51:46,EMAIL,COMPLAINT,RESOLVED,LOW,6.79
512,307,CRM00000000512,2026-03-25 20:33:11,EMAIL,ADVISORY,OPEN,LOW,
513,307,CRM00000000513,2025-11-07 23:00:32,PHONE,ONBOARDING,RESOLVED,LOW,7.78
514,307,CRM00000000514,2026-08-23 17:50:21,PHONE,DISPUTE,RESOLVED,URGENT,6.03
515,308,CRM00000000515,2026-04-19 00:05:46,PHONE,COMPLAINT,ESCALATED,MEDIUM,
516,308,CRM00000000516,2026-07-31 13:49:46,PHONE,ADVISORY,RESOLVED,LOW,26.38
517,310,CRM00000000517,2026-05-03 11:27:02,CHAT,RETENTION,RESOLVED,MEDIUM,16.55
518,310,CRM00000000518,2026-06-22 14:04:28,BRANCH,COMPLAINT,IN_PROGRESS,LOW,
519,310,CRM00000000519,2026-05-01 21:39:14,PHONE,RETENTION,ESCALATED,MEDIUM,
520,311,CRM00000000520,2026-08-24 23:01:33,RM_VISIT,ADVISORY,RESOLVED,MEDIUM,11.66
521,311,CRM00000000521,2026-05-23 09:45:35,EMAIL,COMPLAINT,RESOLVED,MEDIUM,10.02
522,312,CRM00000000522,2025-11-08 20:58:05,EMAIL,ADVISORY,RESOLVED,HIGH,8.23
523,312,CRM00000000523,2025-10-11 03:48:36,PHONE,COMPLAINT,RESOLVED,MEDIUM,1.67
524,316,CRM00000000524,2026-02-15 06:44:31,EMAIL,PRODUCT_INQUIRY,RESOLVED,MEDIUM,7.93
525,317,CRM00000000525,2026-01-05 19:07:48,PHONE,DISPUTE,RESOLVED,MEDIUM,11.83
526,317,CRM00000000526,2026-01-24 06:22:02,PHONE,ADVISORY,RESOLVED,URGENT,5.66
527,317,CRM00000000527,2026-05-26 07:56:19,BRANCH,RETENTION,RESOLVED,LOW,5.51
528,318,CRM00000000528,2026-03-18 07:47:45,PHONE,PRODUCT_INQUIRY,RESOLVED,LOW,15.52
529,318,CRM00000000529,2026-01-01 15:16:46,PHONE,ADVISORY,RESOLVED,MEDIUM,7.12
530,318,CRM00000000530,2025-11-26 18:22:15,PHONE,RETENTION,RESOLVED,HIGH,9.24
531,318,CRM00000000531,2025-10-13 23:33:29,BRANCH,RETENTION,RESOLVED,MEDIUM,3.18
532,318,CRM00000000532,2025-10-20 08:14:33,PHONE,RETENTION,RESOLVED,URGENT,5.68
533,318,CRM00000000533,2026-03-12 09:04:01,CHAT,PRODUCT_INQUIRY,RESOLVED,HIGH,13.14
534,319,CRM00000000534,2025-12-21 21:04:41,EMAIL,COMPLAINT,ESCALATED,HIGH,
535,320,CRM00000000535,2026-08-03 08:24:44,PHONE,PRODUCT_INQUIRY,OPEN,HIGH,
536,322,CRM00000000536,2026-05-04 22:13:27,BRANCH,COMPLAINT,RESOLVED,LOW,16.17
537,322,CRM00000000537,2025-10-28 23:19:49,CHAT,PRODUCT_INQUIRY,ESCALATED,LOW,
538,323,CRM00000000538,2026-03-02 04:31:22,BRANCH,DISPUTE,RESOLVED,LOW,3.48
539,323,CRM00000000539,2025-08-30 17:25:16,BRANCH,ADVISORY,RESOLVED,MEDIUM,15.99
540,324,CRM00000000540,2026-08-25 04:38:32,PHONE,PRODUCT_INQUIRY,IN_PROGRESS,MEDIUM,
541,324,CRM00000000541,2025-10-30 09:41:38,PHONE,COMPLAINT,RESOLVED,HIGH,3.19
542,324,CRM00000000542,2025-08-29 15:47:44,PHONE,COMPLAINT,RESOLVED,LOW,5.61
543,325,CRM00000000543,2025-10-29 22:55:09,BRANCH,COMPLAINT,RESOLVED,LOW,13.85
544,326,CRM00000000544,2026-08-27 08:43:02,PHONE,DISPUTE,ESCALATED,MEDIUM,
545,326,CRM00000000545,2026-04-24 02:59:54,PHONE,DISPUTE,IN_PROGRESS,LOW,
546,326,CRM00000000546,2026-02-20 03:29:58,EMAIL,RETENTION,RESOLVED,MEDIUM,8.06
547,326,CRM00000000547,2026-02-25 18:42:40,PHONE,RETENTION,RESOLVED,HIGH,6.29
548,328,CRM00000000548,2026-07-23 15:21:22,PHONE,PRODUCT_INQUIRY,RESOLVED,HIGH,9.29
549,330,CRM00000000549,2025-09-08 21:48:56,PHONE,PRODUCT_INQUIRY,RESOLVED,LOW,18.42
550,331,CRM00000000550,2025-12-26 23:07:59,PHONE,RETENTION,RESOLVED,LOW,8.34
551,331,CRM00000000551,2026-04-28 17:56:07,PHONE,RETENTION,RESOLVED,MEDIUM,1.3
552,332,CRM00000000552,2026-03-08 09:32:53,PHONE,ONBOARDING,RESOLVED,HIGH,8.4
553,332,CRM00000000553,2026-07-28 06:21:39,EMAIL,PRODUCT_INQUIRY,RESOLVED,URGENT,5.2
554,333,CRM00000000554,2026-06-14 02:29:33,RM_VISIT,RETENTION,RESOLVED,MEDIUM,11.7
555,336,CRM00000000555,2026-05-19 10:36:11,PHONE,COMPLAINT,RESOLVED,LOW,8.14
556,338,CRM00000000556,2026-07-26 05:25:32,RM_VISIT,RETENTION,RESOLVED,MEDIUM,6.91
557,338,CRM00000000557,2026-01-31 17:39:00,RM_VISIT,RETENTION,RESOLVED,MEDIUM,16.88
558,338,CRM00000000558,2026-04-25 06:30:34,CHAT,RETENTION,IN_PROGRESS,MEDIUM,
559,338,CRM00000000559,2026-02-24 08:56:34,PHONE,RETENTION,RESOLVED,MEDIUM,13.47
560,339,CRM00000000560,2026-01-30 14:07:09,EMAIL,ONBOARDING,RESOLVED,LOW,9.07
561,339,CRM00000000561,2026-08-21 06:01:05,PHONE,RETENTION,ESCALATED,LOW,
562,339,CRM00000000562,2026-01-15 19:57:18,PHONE,RETENTION,RESOLVED,LOW,6.38
563,339,CRM00000000563,2026-04-28 19:30:58,BRANCH,COMPLAINT,IN_PROGRESS,LOW,
564,339,CRM00000000564,2026-04-12 09:06:13,EMAIL,PRODUCT_INQUIRY,RESOLVED,LOW,11.84
565,339,CRM00000000565,2026-05-07 22:05:34,EMAIL,PRODUCT_INQUIRY,RESOLVED,MEDIUM,4.22
566,341,CRM00000000566,2026-03-08 04:58:17,BRANCH,ADVISORY,IN_PROGRESS,MEDIUM,
567,341,CRM00000000567,2025-09-15 18:16:17,PHONE,COMPLAINT,RESOLVED,HIGH,6.19
568,341,CRM00000000568,2026-07-05 11:26:40,PHONE,DISPUTE,IN_PROGRESS,LOW,
569,341,CRM00000000569,2025-09-08 01:55:00,EMAIL,ADVISORY,RESOLVED,HIGH,5.53
570,343,CRM00000000570,2025-10-18 03:40:42,RM_VISIT,PRODUCT_INQUIRY,RESOLVED,MEDIUM,6.08
571,345,CRM00000000571,2025-10-29 19:17:53,CHAT,COMPLAINT,RESOLVED,HIGH,19.16
572,345,CRM00000000572,2026-06-29 04:59:55,PHONE,ADVISORY,RESOLVED,HIGH,11.91
573,346,CRM00000000573,2026-05-02 17:27:00,PHONE,ADVISORY,RESOLVED,LOW,12.97
574,348,CRM00000000574,2025-11-11 00:52:26,BRANCH,RETENTION,RESOLVED,URGENT,2.66
575,349,CRM00000000575,2026-06-24 23:33:46,PHONE,ONBOARDING,RESOLVED,MEDIUM,13.39
576,350,CRM00000000576,2026-08-12 02:33:31,BRANCH,PRODUCT_INQUIRY,RESOLVED,MEDIUM,12.87
577,350,CRM00000000577,2026-07-29 01:15:57,CHAT,RETENTION,ESCALATED,HIGH,
578,351,CRM00000000578,2026-06-26 18:35:43,EMAIL,RETENTION,RESOLVED,MEDIUM,2.18
579,351,CRM00000000579,2025-12-03 03:03:04,EMAIL,RETENTION,RESOLVED,LOW,9.36
580,352,CRM00000000580,2025-11-07 17:44:33,CHAT,ADVISORY,RESOLVED,HIGH,13.8
581,355,CRM00000000581,2026-03-08 12:00:28,CHAT,DISPUTE,OPEN,MEDIUM,
582,357,CRM00000000582,2025-10-25 00:27:37,EMAIL,COMPLAINT,IN_PROGRESS,MEDIUM,
583,358,CRM00000000583,2026-03-18 13:11:38,CHAT,ONBOARDING,RESOLVED,LOW,29.22
584,358,CRM00000000584,2026-01-17 19:42:11,CHAT,ADVISORY,RESOLVED,MEDIUM,6.65
585,358,CRM00000000585,2025-11-07 15:46:19,PHONE,RETENTION,RESOLVED,HIGH,30.72
586,359,CRM00000000586,2026-06-18 18:34:21,PHONE,COMPLAINT,OPEN,HIGH,
587,360,CRM00000000587,2026-02-10 12:38:32,BRANCH,COMPLAINT,IN_PROGRESS,LOW,
588,361,CRM00000000588,2026-05-25 07:03:31,BRANCH,DISPUTE,IN_PROGRESS,LOW,
589,362,CRM00000000589,2026-01-28 18:02:19,CHAT,DISPUTE,RESOLVED,MEDIUM,26.42
590,362,CRM00000000590,2026-06-04 15:11:44,CHAT,COMPLAINT,OPEN,MEDIUM,
591,363,CRM00000000591,2026-07-31 21:18:03,EMAIL,ADVISORY,ESCALATED,MEDIUM,
592,363,CRM00000000592,2026-07-15 07:25:05,EMAIL,ADVISORY,RESOLVED,HIGH,16.23
593,364,CRM00000000593,2026-04-12 15:29:29,PHONE,COMPLAINT,RESOLVED,LOW,24.03
594,364,CRM00000000594,2026-02-27 20:39:34,RM_VISIT,PRODUCT_INQUIRY,RESOLVED,MEDIUM,15.13
595,364,CRM00000000595,2026-08-22 21:28:31,BRANCH,COMPLAINT,RESOLVED,URGENT,5.35
596,365,CRM00000000596,2026-03-14 08:57:38,EMAIL,RETENTION,RESOLVED,MEDIUM,11.62
597,365,CRM00000000597,2025-11-29 11:38:20,PHONE,RETENTION,RESOLVED,LOW,21.56
598,365,CRM00000000598,2026-03-09 12:10:09,EMAIL,RETENTION,OPEN,LOW,
599,366,CRM00000000599,2026-05-04 07:42:24,RM_VISIT,ONBOARDING,RESOLVED,HIGH,10.55
600,367,CRM00000000600,2026-03-19 23:47:40,PHONE,PRODUCT_INQUIRY,IN_PROGRESS,LOW,
601,367,CRM00000000601,2026-07-25 16:44:42,EMAIL,PRODUCT_INQUIRY,OPEN,MEDIUM,
602,367,CRM00000000602,2026-05-16 19:52:30,BRANCH,COMPLAINT,RESOLVED,MEDIUM,20.4
603,368,CRM00000000603,2026-03-02 16:28:40,BRANCH,RETENTION,RESOLVED,HIGH,14.96
604,368,CRM00000000604,2025-10-14 21:16:13,PHONE,ONBOARDING,RESOLVED,URGENT,10.23
605,368,CRM00000000605,2026-06-04 13:23:21,EMAIL,RETENTION,OPEN,MEDIUM,
606,368,CRM00000000606,2026-03-23 22:43:09,CHAT,RETENTION,IN_PROGRESS,MEDIUM,
607,368,CRM00000000607,2025-12-28 10:28:33,PHONE,RETENTION,OPEN,MEDIUM,
608,368,CRM00000000608,2026-04-01 13:13:56,PHONE,RETENTION,ESCALATED,URGENT,
609,369,CRM00000000609,2026-07-05 09:06:09,EMAIL,COMPLAINT,IN_PROGRESS,LOW,
610,369,CRM00000000610,2025-12-07 08:51:56,PHONE,COMPLAINT,RESOLVED,HIGH,1.66
611,369,CRM00000000611,2025-12-21 04:25:25,EMAIL,ADVISORY,RESOLVED,LOW,1.97
612,370,CRM00000000612,2025-10-13 08:14:47,EMAIL,PRODUCT_INQUIRY,IN_PROGRESS,MEDIUM,
613,371,CRM00000000613,2025-08-30 03:08:25,CHAT,ADVISORY,RESOLVED,HIGH,6.26
614,371,CRM00000000614,2026-07-15 15:35:55,PHONE,PRODUCT_INQUIRY,RESOLVED,LOW,22.24
615,372,CRM00000000615,2026-02-19 19:10:26,PHONE,RETENTION,RESOLVED,MEDIUM,5.06
616,373,CRM00000000616,2025-12-03 04:20:48,EMAIL,DISPUTE,IN_PROGRESS,LOW,
617,374,CRM00000000617,2026-04-25 04:08:57,EMAIL,ADVISORY,RESOLVED,MEDIUM,12.26
618,375,CRM00000000618,2026-05-01 06:39:47,PHONE,PRODUCT_INQUIRY,ESCALATED,HIGH,
619,376,CRM00000000619,2026-07-24 06:03:07,BRANCH,COMPLAINT,RESOLVED,HIGH,3.9
620,376,CRM00000000620,2026-01-13 19:18:46,CHAT,COMPLAINT,OPEN,MEDIUM,
621,378,CRM00000000621,2025-08-28 17:04:26,EMAIL,ADVISORY,RESOLVED,MEDIUM,16.27
622,379,CRM00000000622,2025-11-26 03:13:41,EMAIL,DISPUTE,ESCALATED,MEDIUM,
623,379,CRM00000000623,2026-04-29 09:35:11,BRANCH,DISPUTE,RESOLVED,LOW,15.68
624,379,CRM00000000624,2026-01-28 11:03:47,PHONE,RETENTION,RESOLVED,MEDIUM,18.56
625,380,CRM00000000625,2025-11-23 20:10:26,BRANCH,RETENTION,RESOLVED,MEDIUM,5.33
626,380,CRM00000000626,2026-01-23 01:06:05,EMAIL,ADVISORY,RESOLVED,HIGH,7.91
627,380,CRM00000000627,2025-11-03 06:16:42,PHONE,COMPLAINT,RESOLVED,MEDIUM,4.35
628,382,CRM00000000628,2026-01-23 22:01:26,PHONE,RETENTION,RESOLVED,URGENT,3.43
629,385,CRM00000000629,2026-03-16 06:26:15,CHAT,RETENTION,RESOLVED,LOW,45.19
630,385,CRM00000000630,2026-05-21 04:30:15,BRANCH,ONBOARDING,RESOLVED,LOW,11.88
631,387,CRM00000000631,2025-11-13 11:38:37,PHONE,PRODUCT_INQUIRY,RESOLVED,MEDIUM,10.69
632,387,CRM00000000632,2026-02-22 09:02:19,PHONE,PRODUCT_INQUIRY,RESOLVED,LOW,8.7
633,388,CRM00000000633,2025-09-07 13:28:07,PHONE,DISPUTE,OPEN,HIGH,
634,389,CRM00000000634,2025-12-17 11:29:35,PHONE,ONBOARDING,RESOLVED,MEDIUM,10.78
635,390,CRM00000000635,2026-01-19 04:59:08,CHAT,PRODUCT_INQUIRY,RESOLVED,URGENT,6.2
636,392,CRM00000000636,2026-04-16 08:57:17,EMAIL,COMPLAINT,OPEN,HIGH,
637,392,CRM00000000637,2026-06-16 16:28:39,PHONE,COMPLAINT,RESOLVED,LOW,7.43
638,392,CRM00000000638,2026-02-19 13:12:58,PHONE,ADVISORY,ESCALATED,HIGH,
639,392,CRM00000000639,2025-09-28 21:42:50,EMAIL,PRODUCT_INQUIRY,RESOLVED,MEDIUM,10.44
640,393,CRM00000000640,2026-01-10 01:51:02,EMAIL,ONBOARDING,RESOLVED,HIGH,7.29
641,394,CRM00000000641,2026-05-15 10:18:10,BRANCH,DISPUTE,IN_PROGRESS,MEDIUM,
642,394,CRM00000000642,2025-12-11 17:56:19,PHONE,RETENTION,RESOLVED,LOW,5.58
643,395,CRM00000000643,2025-09-15 01:54:16,PHONE,COMPLAINT,ESCALATED,HIGH,
644,395,CRM00000000644,2025-09-28 23:55:21,PHONE,RETENTION,OPEN,URGENT,
645,395,CRM00000000645,2026-03-10 16:10:38,PHONE,ONBOARDING,RESOLVED,URGENT,27.27
646,395,CRM00000000646,2026-06-30 20:05:53,PHONE,PRODUCT_INQUIRY,RESOLVED,MEDIUM,7.92
647,395,CRM00000000647,2025-09-20 13:09:45,CHAT,RETENTION,RESOLVED,LOW,4.76
648,395,CRM00000000648,2026-04-25 12:15:30,CHAT,RETENTION,RESOLVED,URGENT,5.99
649,397,CRM00000000649,2026-06-30 18:18:00,PHONE,COMPLAINT,IN_PROGRESS,LOW,
650,398,CRM00000000650,2026-06-16 22:02:27,PHONE,ADVISORY,RESOLVED,LOW,4.68
651,398,CRM00000000651,2025-09-30 15:36:48,CHAT,RETENTION,RESOLVED,MEDIUM,10.12
652,399,CRM00000000652,2026-05-07 04:59:16,PHONE,PRODUCT_INQUIRY,RESOLVED,LOW,2.1
653,400,CRM00000000653,2026-01-02 12:30:33,PHONE,PRODUCT_INQUIRY,RESOLVED,HIGH,1.46
654,400,CRM00000000654,2026-02-08 00:17:14,PHONE,DISPUTE,RESOLVED,LOW,7.66
655,401,CRM00000000655,2026-07-20 16:19:22,RM_VISIT,ADVISORY,RESOLVED,MEDIUM,5.31
656,401,CRM00000000656,2026-08-06 09:21:10,PHONE,PRODUCT_INQUIRY,RESOLVED,LOW,6.49
657,401,CRM00000000657,2026-08-03 10:08:14,RM_VISIT,ONBOARDING,RESOLVED,MEDIUM,17.24
658,402,CRM00000000658,2025-11-21 11:31:39,RM_VISIT,COMPLAINT,RESOLVED,HIGH,12.56
659,403,CRM00000000659,2025-10-02 01:37:40,BRANCH,RETENTION,ESCALATED,LOW,
660,404,CRM00000000660,2026-08-17 19:31:03,PHONE,PRODUCT_INQUIRY,ESCALATED,HIGH,
661,404,CRM00000000661,2026-04-30 05:35:56,PHONE,PRODUCT_INQUIRY,RESOLVED,MEDIUM,8.9
662,404,CRM00000000662,2026-05-21 17:30:28,BRANCH,PRODUCT_INQUIRY,RESOLVED,MEDIUM,13.24
663,404,CRM00000000663,2026-02-15 08:40:00,BRANCH,ADVISORY,IN_PROGRESS,MEDIUM,
664,404,CRM00000000664,2026-01-22 15:01:25,PHONE,RETENTION,RESOLVED,LOW,19.77
665,404,CRM00000000665,2025-11-12 03:53:11,BRANCH,ADVISORY,IN_PROGRESS,MEDIUM,
666,405,CRM00000000666,2025-10-19 02:13:50,PHONE,COMPLAINT,IN_PROGRESS,MEDIUM,
667,406,CRM00000000667,2025-10-14 11:57:17,EMAIL,COMPLAINT,RESOLVED,MEDIUM,8.42
668,409,CRM00000000668,2026-02-16 20:58:26,EMAIL,PRODUCT_INQUIRY,RESOLVED,MEDIUM,14.21
669,409,CRM00000000669,2026-06-09 04:29:26,PHONE,DISPUTE,IN_PROGRESS,LOW,
670,409,CRM00000000670,2026-06-07 05:28:03,BRANCH,ONBOARDING,RESOLVED,MEDIUM,7.89
671,409,CRM00000000671,2025-11-21 16:27:27,BRANCH,ONBOARDING,RESOLVED,URGENT,8.07
672,409,CRM00000000672,2026-01-24 20:44:58,PHONE,DISPUTE,RESOLVED,HIGH,11.47
673,409,CRM00000000673,2025-12-09 00:01:42,EMAIL,ONBOARDING,RESOLVED,MEDIUM,6.28
674,409,CRM00000000674,2026-03-14 02:09:24,PHONE,COMPLAINT,OPEN,HIGH,
675,409,CRM00000000675,2025-11-06 07:58:12,BRANCH,COMPLAINT,RESOLVED,MEDIUM,19.14
676,409,CRM00000000676,2026-05-17 04:58:25,PHONE,DISPUTE,RESOLVED,MEDIUM,11.03
677,409,CRM00000000677,2026-01-30 23:08:36,RM_VISIT,COMPLAINT,RESOLVED,MEDIUM,7.74
678,410,CRM00000000678,2026-05-11 05:45:40,PHONE,ADVISORY,RESOLVED,MEDIUM,27.0
679,411,CRM00000000679,2026-02-06 13:37:35,PHONE,DISPUTE,RESOLVED,LOW,9.94
680,412,CRM00000000680,2025-12-01 03:45:07,PHONE,ADVISORY,ESCALATED,MEDIUM,
681,414,CRM00000000681,2026-01-18 10:54:42,EMAIL,RETENTION,RESOLVED,LOW,16.13
682,415,CRM00000000682,2026-08-25 12:46:24,CHAT,ONBOARDING,RESOLVED,LOW,19.66
683,418,CRM00000000683,2026-02-19 16:13:14,CHAT,DISPUTE,RESOLVED,HIGH,3.05
684,418,CRM00000000684,2025-11-21 16:10:27,PHONE,ADVISORY,RESOLVED,LOW,15.58
685,419,CRM00000000685,2026-02-24 01:20:11,EMAIL,COMPLAINT,RESOLVED,LOW,3.25
686,420,CRM00000000686,2026-06-29 15:16:47,PHONE,PRODUCT_INQUIRY,RESOLVED,MEDIUM,4.72
687,421,CRM00000000687,2025-11-15 20:03:08,BRANCH,RETENTION,RESOLVED,MEDIUM,7.14
688,421,CRM00000000688,2026-07-16 06:41:34,BRANCH,PRODUCT_INQUIRY,RESOLVED,LOW,4.02
689,422,CRM00000000689,2025-12-09 12:27:40,PHONE,ADVISORY,RESOLVED,MEDIUM,9.23
690,422,CRM00000000690,2026-02-09 06:04:35,BRANCH,ADVISORY,RESOLVED,HIGH,7.2
691,422,CRM00000000691,2025-11-18 12:13:16,EMAIL,PRODUCT_INQUIRY,RESOLVED,HIGH,9.59
692,423,CRM00000000692,2026-06-28 15:09:49,EMAIL,COMPLAINT,OPEN,MEDIUM,
693,423,CRM00000000693,2026-01-13 02:53:43,PHONE,PRODUCT_INQUIRY,RESOLVED,MEDIUM,16.76
694,424,CRM00000000694,2025-11-11 21:26:04,EMAIL,RETENTION,RESOLVED,HIGH,12.6
695,424,CRM00000000695,2026-01-16 20:02:22,CHAT,DISPUTE,RESOLVED,LOW,3.64
696,425,CRM00000000696,2026-05-20 13:40:45,BRANCH,PRODUCT_INQUIRY,IN_PROGRESS,MEDIUM,
697,427,CRM00000000697,2026-07-04 13:08:38,CHAT,PRODUCT_INQUIRY,ESCALATED,MEDIUM,
698,429,CRM00000000698,2026-08-21 21:34:34,CHAT,COMPLAINT,OPEN,MEDIUM,
699,429,CRM00000000699,2026-03-04 13:10:10,PHONE,PRODUCT_INQUIRY,RESOLVED,LOW,9.83
700,429,CRM00000000700,2026-04-27 08:50:03,BRANCH,PRODUCT_INQUIRY,RESOLVED,LOW,3.19
701,429,CRM00000000701,2025-10-09 00:43:19,EMAIL,DISPUTE,RESOLVED,HIGH,18.84
702,429,CRM00000000702,2026-07-12 17:25:20,CHAT,COMPLAINT,RESOLVED,LOW,3.56
703,429,CRM00000000703,2025-09-05 02:24:54,PHONE,ONBOARDING,RESOLVED,MEDIUM,8.45
704,430,CRM00000000704,2025-11-01 18:51:29,RM_VISIT,PRODUCT_INQUIRY,RESOLVED,URGENT,6.36
705,431,CRM00000000705,2026-02-23 11:20:18,BRANCH,DISPUTE,IN_PROGRESS,MEDIUM,
706,432,CRM00000000706,2025-10-17 08:51:46,PHONE,COMPLAINT,OPEN,HIGH,
707,432,CRM00000000707,2025-11-22 03:55:48,PHONE,DISPUTE,IN_PROGRESS,HIGH,
708,433,CRM00000000708,2026-01-18 19:44:58,EMAIL,RETENTION,RESOLVED,MEDIUM,5.2
709,433,CRM00000000709,2026-08-09 06:04:06,PHONE,RETENTION,IN_PROGRESS,MEDIUM,
710,433,CRM00000000710,2026-04-18 21:35:23,PHONE,RETENTION,IN_PROGRESS,HIGH,
711,433,CRM00000000711,2025-10-05 16:46:41,EMAIL,RETENTION,RESOLVED,HIGH,17.07
712,433,CRM00000000712,2025-12-22 23:08:22,PHONE,RETENTION,OPEN,URGENT,
713,434,CRM00000000713,2025-10-23 03:11:11,BRANCH,PRODUCT_INQUIRY,RESOLVED,LOW,15.01
714,435,CRM00000000714,2026-08-15 18:53:06,BRANCH,RETENTION,OPEN,HIGH,
715,435,CRM00000000715,2026-07-29 07:28:22,EMAIL,DISPUTE,RESOLVED,LOW,5.16
716,436,CRM00000000716,2026-04-25 09:59:51,CHAT,COMPLAINT,RESOLVED,MEDIUM,15.4
717,436,CRM00000000717,2026-08-25 01:45:19,BRANCH,DISPUTE,RESOLVED,MEDIUM,2.3
718,439,CRM00000000718,2025-09-10 16:20:37,BRANCH,PRODUCT_INQUIRY,OPEN,MEDIUM,
719,440,CRM00000000719,2026-07-13 13:53:28,PHONE,PRODUCT_INQUIRY,RESOLVED,LOW,10.55
720,441,CRM00000000720,2025-11-14 02:06:27,EMAIL,ADVISORY,RESOLVED,HIGH,12.35
721,441,CRM00000000721,2026-08-21 23:03:18,BRANCH,PRODUCT_INQUIRY,IN_PROGRESS,MEDIUM,
722,441,CRM00000000722,2026-04-08 23:36:49,EMAIL,PRODUCT_INQUIRY,RESOLVED,MEDIUM,1.53
723,441,CRM00000000723,2026-05-22 05:28:15,EMAIL,DISPUTE,RESOLVED,LOW,11.85
724,443,CRM00000000724,2026-05-08 06:06:29,PHONE,RETENTION,IN_PROGRESS,LOW,
725,443,CRM00000000725,2026-05-29 01:33:03,PHONE,COMPLAINT,IN_PROGRESS,MEDIUM,
726,444,CRM00000000726,2026-04-09 14:45:22,PHONE,PRODUCT_INQUIRY,RESOLVED,HIGH,13.03
727,446,CRM00000000727,2025-12-08 20:46:09,EMAIL,COMPLAINT,IN_PROGRESS,HIGH,
728,446,CRM00000000728,2025-12-19 18:07:48,BRANCH,ONBOARDING,RESOLVED,MEDIUM,2.69
729,446,CRM00000000729,2025-11-15 05:39:55,EMAIL,RETENTION,RESOLVED,MEDIUM,9.45
730,448,CRM00000000730,2026-01-30 14:22:13,RM_VISIT,ADVISORY,ESCALATED,URGENT,
731,449,CRM00000000731,2026-02-23 05:42:15,EMAIL,RETENTION,OPEN,LOW,
732,449,CRM00000000732,2025-08-30 10:19:31,PHONE,COMPLAINT,RESOLVED,MEDIUM,8.81
733,450,CRM00000000733,2026-03-06 08:36:58,EMAIL,DISPUTE,RESOLVED,HIGH,10.84
734,450,CRM00000000734,2025-11-07 02:43:15,EMAIL,ADVISORY,IN_PROGRESS,LOW,
735,451,CRM00000000735,2026-06-22 19:32:47,PHONE,PRODUCT_INQUIRY,RESOLVED,MEDIUM,5.91
736,451,CRM00000000736,2026-08-22 09:03:22,CHAT,ONBOARDING,RESOLVED,HIGH,2.79
737,451,CRM00000000737,2025-12-14 14:24:54,PHONE,COMPLAINT,ESCALATED,MEDIUM,
738,453,CRM00000000738,2026-02-28 01:05:44,EMAIL,RETENTION,RESOLVED,MEDIUM,29.85
739,455,CRM00000000739,2026-08-09 23:09:30,EMAIL,PRODUCT_INQUIRY,RESOLVED,HIGH,7.36
740,455,CRM00000000740,2026-03-23 21:56:40,EMAIL,DISPUTE,RESOLVED,URGENT,15.84
741,456,CRM00000000741,2026-07-01 07:58:25,BRANCH,PRODUCT_INQUIRY,RESOLVED,HIGH,3.11
742,456,CRM00000000742,2026-06-01 10:43:47,PHONE,DISPUTE,RESOLVED,HIGH,15.11
743,458,CRM00000000743,2026-05-31 14:13:10,EMAIL,PRODUCT_INQUIRY,RESOLVED,MEDIUM,8.06
744,458,CRM00000000744,2025-11-05 07:28:43,PHONE,ADVISORY,RESOLVED,HIGH,14.17
745,459,CRM00000000745,2025-12-12 11:26:15,BRANCH,ONBOARDING,RESOLVED,LOW,1.46
746,459,CRM00000000746,2026-01-31 05:37:28,PHONE,COMPLAINT,RESOLVED,HIGH,14.43
747,460,CRM00000000747,2026-05-12 14:51:00,PHONE,ADVISORY,IN_PROGRESS,HIGH,
748,462,CRM00000000748,2026-05-16 00:31:05,RM_VISIT,PRODUCT_INQUIRY,RESOLVED,MEDIUM,27.96
749,463,CRM00000000749,2025-09-09 16:48:57,PHONE,ADVISORY,RESOLVED,MEDIUM,20.6
750,463,CRM00000000750,2026-07-14 16:19:00,BRANCH,ADVISORY,RESOLVED,HIGH,22.07
751,463,CRM00000000751,2026-02-16 22:59:56,CHAT,PRODUCT_INQUIRY,RESOLVED,LOW,5.31
752,464,CRM00000000752,2025-10-31 02:01:13,BRANCH,ADVISORY,RESOLVED,MEDIUM,23.53
753,464,CRM00000000753,2026-01-22 20:52:57,CHAT,ADVISORY,RESOLVED,LOW,13.95
754,465,CRM00000000754,2025-12-14 13:27:30,EMAIL,COMPLAINT,RESOLVED,MEDIUM,5.63
755,465,CRM00000000755,2026-02-22 11:42:28,BRANCH,ADVISORY,ESCALATED,LOW,
756,467,CRM00000000756,2026-02-12 01:11:53,PHONE,RETENTION,IN_PROGRESS,LOW,
757,467,CRM00000000757,2025-10-18 09:27:47,PHONE,RETENTION,RESOLVED,LOW,4.53
758,467,CRM00000000758,2026-03-24 10:20:38,PHONE,RETENTION,RESOLVED,HIGH,6.43
759,467,CRM00000000759,2026-07-17 13:25:06,PHONE,PRODUCT_INQUIRY,IN_PROGRESS,HIGH,
760,467,CRM00000000760,2025-11-01 15:22:49,PHONE,RETENTION,IN_PROGRESS,MEDIUM,
761,468,CRM00000000761,2026-03-05 21:06:05,PHONE,ADVISORY,RESOLVED,MEDIUM,15.84
762,468,CRM00000000762,2026-07-02 22:28:11,PHONE,ADVISORY,RESOLVED,MEDIUM,15.69
763,469,CRM00000000763,2026-08-10 09:23:25,EMAIL,DISPUTE,IN_PROGRESS,HIGH,
764,472,CRM00000000764,2026-01-09 03:32:00,CHAT,RETENTION,RESOLVED,URGENT,14.09
765,473,CRM00000000765,2026-01-19 00:20:53,CHAT,RETENTION,RESOLVED,HIGH,6.16
766,473,CRM00000000766,2026-04-03 17:53:38,PHONE,PRODUCT_INQUIRY,IN_PROGRESS,HIGH,
767,474,CRM00000000767,2026-03-10 03:15:16,EMAIL,DISPUTE,RESOLVED,LOW,14.95
768,474,CRM00000000768,2026-05-31 08:55:32,EMAIL,PRODUCT_INQUIRY,RESOLVED,HIGH,19.01
769,476,CRM00000000769,2025-12-14 07:25:09,BRANCH,COMPLAINT,RESOLVED,LOW,7.15
770,477,CRM00000000770,2026-04-22 07:27:35,BRANCH,ADVISORY,RESOLVED,HIGH,20.3
771,478,CRM00000000771,2025-11-22 20:29:19,PHONE,DISPUTE,RESOLVED,HIGH,4.2
772,481,CRM00000000772,2026-01-08 03:40:17,PHONE,DISPUTE,IN_PROGRESS,MEDIUM,
773,481,CRM00000000773,2026-03-25 07:49:38,PHONE,DISPUTE,ESCALATED,HIGH,
774,482,CRM00000000774,2026-02-03 06:24:42,EMAIL,COMPLAINT,RESOLVED,LOW,3.64
775,483,CRM00000000775,2025-11-26 11:44:02,EMAIL,PRODUCT_INQUIRY,RESOLVED,MEDIUM,27.5
776,484,CRM00000000776,2025-12-25 17:07:50,EMAIL,ADVISORY,RESOLVED,MEDIUM,5.16
777,485,CRM00000000777,2026-08-14 16:13:18,PHONE,DISPUTE,OPEN,LOW,
778,485,CRM00000000778,2026-04-18 22:00:19,EMAIL,ADVISORY,RESOLVED,URGENT,3.18
779,485,CRM00000000779,2026-05-18 22:18:31,CHAT,DISPUTE,RESOLVED,MEDIUM,7.78
780,486,CRM00000000780,2026-07-02 18:00:52,EMAIL,PRODUCT_INQUIRY,RESOLVED,MEDIUM,12.53
781,486,CRM00000000781,2026-05-04 11:33:25,PHONE,ADVISORY,RESOLVED,HIGH,6.9
782,487,CRM00000000782,2026-06-02 19:11:16,PHONE,PRODUCT_INQUIRY,ESCALATED,MEDIUM,
783,487,CRM00000000783,2025-09-10 06:55:15,PHONE,PRODUCT_INQUIRY,RESOLVED,MEDIUM,6.4
784,488,CRM00000000784,2026-05-05 10:04:06,PHONE,RETENTION,RESOLVED,HIGH,13.05
785,490,CRM00000000785,2026-07-31 23:32:37,BRANCH,COMPLAINT,RESOLVED,HIGH,1.62
786,490,CRM00000000786,2025-12-08 06:49:47,PHONE,ONBOARDING,RESOLVED,LOW,16.63
787,490,CRM00000000787,2026-08-05 05:43:43,BRANCH,COMPLAINT,ESCALATED,MEDIUM,
788,491,CRM00000000788,2025-12-31 18:30:55,PHONE,RETENTION,RESOLVED,HIGH,8.94
789,492,CRM00000000789,2026-02-12 08:21:54,PHONE,RETENTION,RESOLVED,LOW,23.25
790,492,CRM00000000790,2026-05-17 02:41:31,PHONE,PRODUCT_INQUIRY,RESOLVED,MEDIUM,19.56
791,492,CRM00000000791,2026-07-24 14:17:31,BRANCH,RETENTION,IN_PROGRESS,HIGH,
792,492,CRM00000000792,2025-09-15 15:36:04,PHONE,PRODUCT_INQUIRY,RESOLVED,LOW,31.79
793,492,CRM00000000793,2026-07-08 22:18:08,PHONE,RETENTION,OPEN,LOW,
794,492,CRM00000000794,2025-11-05 05:04:38,PHONE,RETENTION,RESOLVED,MEDIUM,7.23
795,493,CRM00000000795,2026-01-10 01:25:05,PHONE,PRODUCT_INQUIRY,RESOLVED,LOW,10.85
796,493,CRM00000000796,2025-12-03 21:02:48,CHAT,RETENTION,RESOLVED,HIGH,14.48
797,493,CRM00000000797,2025-08-31 08:25:02,CHAT,ADVISORY,RESOLVED,URGENT,8.72
798,494,CRM00000000798,2025-09-04 00:59:44,PHONE,ADVISORY,RESOLVED,MEDIUM,18.04
799,494,CRM00000000799,2025-09-30 16:57:12,RM_VISIT,ADVISORY,RESOLVED,MEDIUM,11.78
800,495,CRM00000000800,2026-06-27 22:28:34,PHONE,COMPLAINT,RESOLVED,LOW,9.5
801,496,CRM00000000801,2025-08-28 01:43:24,PHONE,PRODUCT_INQUIRY,OPEN,MEDIUM,
802,497,CRM00000000802,2025-12-19 07:07:47,PHONE,DISPUTE,IN_PROGRESS,LOW,
803,497,CRM00000000803,2026-05-30 06:12:50,BRANCH,PRODUCT_INQUIRY,IN_PROGRESS,LOW,
804,497,CRM00000000804,2025-12-02 15:11:36,CHAT,PRODUCT_INQUIRY,IN_PROGRESS,HIGH,
805,499,CRM00000000805,2026-08-22 12:42:57,PHONE,RETENTION,RESOLVED,HIGH,13.09
806,499,CRM00000000806,2026-08-19 00:08:38,BRANCH,ONBOARDING,RESOLVED,LOW,1.33
807,499,CRM00000000807,2026-06-03 09:14:39,PHONE,DISPUTE,RESOLVED,MEDIUM,1.79
808,499,CRM00000000808,2025-12-11 13:11:23,PHONE,PRODUCT_INQUIRY,RESOLVED,MEDIUM,26.33
809,499,CRM00000000809,2026-05-14 06:51:38,EMAIL,COMPLAINT,OPEN,MEDIUM,
810,499,CRM00000000810,2026-04-02 04:00:28,EMAIL,DISPUTE,IN_PROGRESS,HIGH,
811,500,CRM00000000811,2026-07-09 15:04:25,EMAIL,ADVISORY,ESCALATED,LOW,
812,501,CRM00000000812,2026-08-11 14:17:04,PHONE,PRODUCT_INQUIRY,OPEN,MEDIUM,
813,504,CRM00000000813,2026-06-08 16:25:00,CHAT,ADVISORY,OPEN,HIGH,
814,504,CRM00000000814,2026-04-12 20:25:23,BRANCH,PRODUCT_INQUIRY,RESOLVED,LOW,11.4
815,505,CRM00000000815,2026-05-01 22:30:10,CHAT,PRODUCT_INQUIRY,RESOLVED,HIGH,23.71
816,505,CRM00000000816,2026-03-01 09:36:52,BRANCH,COMPLAINT,RESOLVED,HIGH,12.89
817,506,CRM00000000817,2026-06-17 08:45:50,PHONE,PRODUCT_INQUIRY,RESOLVED,MEDIUM,4.13
818,507,CRM00000000818,2026-04-19 01:11:07,PHONE,PRODUCT_INQUIRY,RESOLVED,MEDIUM,6.9
819,508,CRM00000000819,2026-04-27 05:28:22,EMAIL,COMPLAINT,ESCALATED,LOW,
820,508,CRM00000000820,2026-03-28 23:21:41,BRANCH,ADVISORY,RESOLVED,URGENT,10.48
821,510,CRM00000000821,2025-11-05 05:09:26,PHONE,PRODUCT_INQUIRY,RESOLVED,MEDIUM,5.7
822,510,CRM00000000822,2025-11-09 17:29:21,CHAT,PRODUCT_INQUIRY,RESOLVED,MEDIUM,33.38
823,510,CRM00000000823,2026-03-21 03:47:50,PHONE,DISPUTE,IN_PROGRESS,LOW,
824,510,CRM00000000824,2026-01-10 16:24:01,PHONE,COMPLAINT,RESOLVED,LOW,7.86
825,510,CRM00000000825,2026-06-21 01:21:49,EMAIL,COMPLAINT,IN_PROGRESS,LOW,
826,511,CRM00000000826,2025-12-07 04:32:59,EMAIL,COMPLAINT,IN_PROGRESS,LOW,
827,511,CRM00000000827,2026-04-11 08:18:31,PHONE,PRODUCT_INQUIRY,IN_PROGRESS,LOW,
828,511,CRM00000000828,2025-09-15 12:31:24,EMAIL,COMPLAINT,RESOLVED,LOW,11.06
829,513,CRM00000000829,2026-07-13 22:00:51,BRANCH,COMPLAINT,RESOLVED,HIGH,5.91
830,513,CRM00000000830,2025-09-20 10:40:33,PHONE,ADVISORY,RESOLVED,LOW,10.92
831,513,CRM00000000831,2025-11-19 22:28:44,EMAIL,ONBOARDING,RESOLVED,MEDIUM,9.83
832,513,CRM00000000832,2025-12-01 12:55:35,EMAIL,PRODUCT_INQUIRY,RESOLVED,HIGH,3.25
833,513,CRM00000000833,2025-12-02 15:03:32,EMAIL,COMPLAINT,RESOLVED,MEDIUM,15.42
834,513,CRM00000000834,2025-11-15 07:04:31,BRANCH,COMPLAINT,RESOLVED,HIGH,33.65
835,513,CRM00000000835,2025-08-29 05:03:26,BRANCH,COMPLAINT,RESOLVED,MEDIUM,2.23
836,513,CRM00000000836,2026-02-14 07:40:13,PHONE,COMPLAINT,OPEN,MEDIUM,
837,516,CRM00000000837,2026-04-10 09:02:47,EMAIL,COMPLAINT,RESOLVED,MEDIUM,12.01
838,518,CRM00000000838,2025-11-12 07:43:08,PHONE,RETENTION,RESOLVED,MEDIUM,4.43
839,518,CRM00000000839,2025-11-07 10:01:42,CHAT,RETENTION,RESOLVED,LOW,13.15
840,518,CRM00000000840,2025-11-02 22:28:21,EMAIL,ADVISORY,RESOLVED,LOW,8.32
841,519,CRM00000000841,2026-02-22 22:06:50,EMAIL,ADVISORY,RESOLVED,HIGH,6.16
842,519,CRM00000000842,2026-03-11 18:21:51,PHONE,ONBOARDING,RESOLVED,HIGH,29.49
843,519,CRM00000000843,2026-03-27 08:44:58,PHONE,ONBOARDING,RESOLVED,MEDIUM,4.86
844,519,CRM00000000844,2026-02-19 09:19:07,EMAIL,ONBOARDING,RESOLVED,MEDIUM,16.41
845,519,CRM00000000845,2025-12-18 04:58:30,RM_VISIT,RETENTION,RESOLVED,MEDIUM,6.73
846,521,CRM00000000846,2026-08-16 13:44:59,PHONE,PRODUCT_INQUIRY,ESCALATED,MEDIUM,
847,521,CRM00000000847,2026-05-19 06:34:57,PHONE,RETENTION,RESOLVED,MEDIUM,20.05
848,521,CRM00000000848,2026-01-19 09:42:53,CHAT,RETENTION,RESOLVED,MEDIUM,12.93
849,522,CRM00000000849,2026-07-11 18:19:43,RM_VISIT,ADVISORY,RESOLVED,HIGH,6.09
850,522,CRM00000000850,2025-09-29 17:44:38,PHONE,PRODUCT_INQUIRY,OPEN,MEDIUM,
851,523,CRM00000000851,2026-04-08 12:48:37,PHONE,PRODUCT_INQUIRY,RESOLVED,HIGH,5.56
852,525,CRM00000000852,2026-07-29 22:50:46,PHONE,ADVISORY,RESOLVED,LOW,13.21
853,527,CRM00000000853,2025-08-28 23:38:58,CHAT,ADVISORY,RESOLVED,LOW,1.62
854,527,CRM00000000854,2025-12-01 05:21:00,EMAIL,RETENTION,RESOLVED,MEDIUM,30.71
855,528,CRM00000000855,2026-07-07 16:06:01,EMAIL,RETENTION,RESOLVED,MEDIUM,10.89
856,528,CRM00000000856,2026-01-20 13:08:05,EMAIL,ONBOARDING,OPEN,LOW,
857,528,CRM00000000857,2025-11-12 14:04:23,BRANCH,PRODUCT_INQUIRY,RESOLVED,HIGH,28.89
858,528,CRM00000000858,2026-03-30 23:47:14,PHONE,PRODUCT_INQUIRY,RESOLVED,MEDIUM,6.83
859,529,CRM00000000859,2025-12-13 01:04:43,EMAIL,COMPLAINT,RESOLVED,HIGH,2.39
860,530,CRM00000000860,2025-08-29 06:07:29,CHAT,RETENTION,RESOLVED,LOW,46.0
861,530,CRM00000000861,2026-02-22 21:47:01,PHONE,PRODUCT_INQUIRY,ESCALATED,MEDIUM,
862,531,CRM00000000862,2026-02-06 14:35:44,EMAIL,RETENTION,RESOLVED,LOW,10.5
863,531,CRM00000000863,2025-12-19 18:21:03,PHONE,RETENTION,RESOLVED,MEDIUM,32.51
864,531,CRM00000000864,2025-12-02 02:48:59,CHAT,RETENTION,OPEN,LOW,
865,532,CRM00000000865,2026-06-10 07:31:26,RM_VISIT,RETENTION,RESOLVED,LOW,23.65
866,532,CRM00000000866,2025-10-23 19:16:20,PHONE,ADVISORY,RESOLVED,HIGH,5.06
867,533,CRM00000000867,2026-08-12 23:15:47,BRANCH,COMPLAINT,RESOLVED,MEDIUM,4.98
868,534,CRM00000000868,2025-11-26 20:38:23,PHONE,RETENTION,RESOLVED,URGENT,3.3
869,534,CRM00000000869,2026-03-26 00:38:13,BRANCH,PRODUCT_INQUIRY,RESOLVED,HIGH,5.65
870,534,CRM00000000870,2025-12-07 15:03:15,CHAT,ONBOARDING,RESOLVED,MEDIUM,17.81
871,536,CRM00000000871,2026-01-12 05:54:23,PHONE,ONBOARDING,IN_PROGRESS,LOW,
872,536,CRM00000000872,2025-11-12 01:31:23,PHONE,ADVISORY,RESOLVED,MEDIUM,4.32
873,536,CRM00000000873,2026-03-20 06:28:09,RM_VISIT,PRODUCT_INQUIRY,RESOLVED,MEDIUM,13.38
874,537,CRM00000000874,2025-09-01 10:48:03,BRANCH,RETENTION,RESOLVED,HIGH,11.72
875,538,CRM00000000875,2026-01-06 17:55:50,BRANCH,PRODUCT_INQUIRY,RESOLVED,HIGH,5.89
876,538,CRM00000000876,2026-04-25 13:16:45,RM_VISIT,COMPLAINT,RESOLVED,HIGH,10.15
877,540,CRM00000000877,2026-02-15 16:53:13,PHONE,PRODUCT_INQUIRY,RESOLVED,HIGH,7.4
878,542,CRM00000000878,2026-08-21 20:06:24,PHONE,RETENTION,RESOLVED,MEDIUM,1.52
879,543,CRM00000000879,2025-10-05 08:05:25,CHAT,COMPLAINT,RESOLVED,LOW,13.2
880,544,CRM00000000880,2025-12-27 08:39:43,PHONE,ADVISORY,RESOLVED,LOW,8.26
881,545,CRM00000000881,2026-04-13 13:03:16,EMAIL,ONBOARDING,ESCALATED,LOW,
882,545,CRM00000000882,2026-05-24 18:56:02,PHONE,ADVISORY,IN_PROGRESS,HIGH,
883,545,CRM00000000883,2026-03-01 18:30:01,PHONE,COMPLAINT,IN_PROGRESS,LOW,
884,546,CRM00000000884,2025-10-14 09:25:17,PHONE,RETENTION,ESCALATED,LOW,
885,546,CRM00000000885,2026-08-17 04:08:00,PHONE,ADVISORY,RESOLVED,LOW,9.55
886,546,CRM00000000886,2026-08-22 09:19:58,PHONE,PRODUCT_INQUIRY,RESOLVED,LOW,13.27
887,547,CRM00000000887,2025-11-15 14:48:00,RM_VISIT,DISPUTE,RESOLVED,MEDIUM,10.27
888,548,CRM00000000888,2025-12-04 13:33:44,PHONE,ADVISORY,RESOLVED,MEDIUM,28.18
889,548,CRM00000000889,2025-11-08 02:07:36,RM_VISIT,ADVISORY,RESOLVED,HIGH,1.73
890,548,CRM00000000890,2025-11-24 19:37:16,BRANCH,COMPLAINT,OPEN,LOW,
891,548,CRM00000000891,2026-04-21 11:08:30,RM_VISIT,RETENTION,RESOLVED,MEDIUM,11.11
892,549,CRM00000000892,2026-05-08 01:24:17,PHONE,RETENTION,RESOLVED,LOW,14.43
893,549,CRM00000000893,2026-02-01 12:12:07,EMAIL,PRODUCT_INQUIRY,IN_PROGRESS,HIGH,
894,550,CRM00000000894,2026-04-20 18:44:27,EMAIL,ONBOARDING,RESOLVED,MEDIUM,2.4
895,551,CRM00000000895,2025-08-27 16:01:49,EMAIL,PRODUCT_INQUIRY,RESOLVED,HIGH,33.11
896,551,CRM00000000896,2026-02-03 04:58:53,CHAT,DISPUTE,RESOLVED,LOW,10.06
897,552,CRM00000000897,2026-08-19 16:40:34,BRANCH,COMPLAINT,RESOLVED,URGENT,34.28
898,553,CRM00000000898,2026-04-01 21:33:51,CHAT,ADVISORY,RESOLVED,MEDIUM,5.63
899,553,CRM00000000899,2026-01-07 03:10:01,BRANCH,PRODUCT_INQUIRY,RESOLVED,HIGH,6.99
900,553,CRM00000000900,2026-05-29 20:32:20,EMAIL,PRODUCT_INQUIRY,RESOLVED,MEDIUM,31.87
901,554,CRM00000000901,2026-02-26 16:25:14,PHONE,PRODUCT_INQUIRY,RESOLVED,MEDIUM,1.55
902,554,CRM00000000902,2026-03-04 20:03:27,RM_VISIT,PRODUCT_INQUIRY,RESOLVED,MEDIUM,8.07
903,554,CRM00000000903,2025-09-17 11:07:46,BRANCH,ADVISORY,ESCALATED,URGENT,
904,555,CRM00000000904,2025-11-21 06:34:27,CHAT,COMPLAINT,OPEN,MEDIUM,
905,555,CRM00000000905,2025-09-25 00:28:39,PHONE,ONBOARDING,RESOLVED,URGENT,6.43
906,555,CRM00000000906,2025-09-18 21:18:40,EMAIL,RETENTION,ESCALATED,MEDIUM,
907,555,CRM00000000907,2026-02-24 04:46:26,PHONE,ADVISORY,IN_PROGRESS,MEDIUM,
908,556,CRM00000000908,2025-09-28 13:19:49,EMAIL,ONBOARDING,ESCALATED,HIGH,
909,556,CRM00000000909,2026-07-25 17:11:39,PHONE,DISPUTE,IN_PROGRESS,LOW,
910,557,CRM00000000910,2026-02-11 16:26:55,PHONE,COMPLAINT,RESOLVED,HIGH,4.67
911,557,CRM00000000911,2025-10-21 18:24:50,RM_VISIT,DISPUTE,IN_PROGRESS,MEDIUM,
912,557,CRM00000000912,2026-03-14 03:28:10,EMAIL,ADVISORY,RESOLVED,LOW,9.45
913,558,CRM00000000913,2026-07-21 00:17:34,PHONE,ADVISORY,RESOLVED,MEDIUM,20.41
914,559,CRM00000000914,2026-07-23 04:04:02,EMAIL,PRODUCT_INQUIRY,RESOLVED,LOW,19.15
915,561,CRM00000000915,2025-09-28 20:52:55,BRANCH,ONBOARDING,RESOLVED,HIGH,13.98
916,561,CRM00000000916,2026-08-17 01:42:11,PHONE,ADVISORY,RESOLVED,LOW,6.95
917,562,CRM00000000917,2026-03-06 12:03:48,CHAT,COMPLAINT,RESOLVED,MEDIUM,18.69
918,563,CRM00000000918,2026-05-28 20:34:06,CHAT,ONBOARDING,IN_PROGRESS,LOW,
919,564,CRM00000000919,2026-06-15 09:48:57,PHONE,DISPUTE,RESOLVED,LOW,6.39
920,565,CRM00000000920,2026-03-31 18:38:58,RM_VISIT,RETENTION,RESOLVED,LOW,9.29
921,565,CRM00000000921,2026-02-11 18:33:11,BRANCH,ADVISORY,RESOLVED,MEDIUM,4.93
922,565,CRM00000000922,2025-11-09 11:31:57,EMAIL,RETENTION,RESOLVED,MEDIUM,11.34
923,565,CRM00000000923,2025-09-28 12:12:16,PHONE,RETENTION,RESOLVED,MEDIUM,18.13
924,566,CRM00000000924,2026-02-08 11:50:16,PHONE,RETENTION,OPEN,LOW,
925,566,CRM00000000925,2026-04-14 13:00:03,BRANCH,PRODUCT_INQUIRY,RESOLVED,MEDIUM,2.2
926,566,CRM00000000926,2025-09-17 01:24:23,RM_VISIT,RETENTION,RESOLVED,HIGH,13.32
927,567,CRM00000000927,2026-02-26 16:52:15,PHONE,COMPLAINT,RESOLVED,HIGH,10.3
928,568,CRM00000000928,2025-12-29 10:32:46,BRANCH,RETENTION,RESOLVED,HIGH,3.27
929,568,CRM00000000929,2026-08-26 18:54:05,EMAIL,COMPLAINT,RESOLVED,LOW,9.74
930,570,CRM00000000930,2026-02-27 19:45:11,BRANCH,COMPLAINT,ESCALATED,MEDIUM,
931,570,CRM00000000931,2026-04-04 10:50:39,CHAT,COMPLAINT,RESOLVED,HIGH,16.11
932,571,CRM00000000932,2026-01-18 17:53:16,EMAIL,RETENTION,OPEN,MEDIUM,
933,571,CRM00000000933,2025-09-08 06:23:47,PHONE,ONBOARDING,RESOLVED,MEDIUM,4.83
934,572,CRM00000000934,2026-05-26 09:50:24,EMAIL,COMPLAINT,RESOLVED,MEDIUM,11.09
935,573,CRM00000000935,2026-07-30 20:59:21,PHONE,COMPLAINT,RESOLVED,MEDIUM,9.69
936,574,CRM00000000936,2026-06-19 18:30:09,PHONE,RETENTION,IN_PROGRESS,MEDIUM,
937,574,CRM00000000937,2026-08-24 21:13:21,BRANCH,ONBOARDING,RESOLVED,HIGH,12.13
938,575,CRM00000000938,2026-04-04 04:50:20,EMAIL,RETENTION,IN_PROGRESS,MEDIUM,
939,575,CRM00000000939,2025-11-26 21:20:56,PHONE,ONBOARDING,IN_PROGRESS,HIGH,
940,576,CRM00000000940,2026-05-03 16:15:47,PHONE,ADVISORY,RESOLVED,LOW,8.94
941,576,CRM00000000941,2026-06-05 13:41:03,CHAT,RETENTION,RESOLVED,LOW,24.57
942,576,CRM00000000942,2026-02-28 17:42:34,BRANCH,DISPUTE,RESOLVED,LOW,30.92
943,578,CRM00000000943,2025-10-16 05:59:04,PHONE,RETENTION,OPEN,LOW,
944,579,CRM00000000944,2026-06-27 16:50:09,PHONE,RETENTION,RESOLVED,MEDIUM,13.87
945,580,CRM00000000945,2026-07-16 07:42:19,EMAIL,ONBOARDING,RESOLVED,HIGH,17.42
946,582,CRM00000000946,2025-09-01 07:46:28,PHONE,ADVISORY,RESOLVED,MEDIUM,29.35
947,583,CRM00000000947,2026-02-12 16:03:35,PHONE,RETENTION,RESOLVED,HIGH,24.91
948,583,CRM00000000948,2026-03-09 15:57:23,PHONE,ONBOARDING,RESOLVED,HIGH,18.72
949,583,CRM00000000949,2026-08-22 07:44:14,PHONE,DISPUTE,RESOLVED,URGENT,6.46
950,584,CRM00000000950,2025-12-19 22:16:07,BRANCH,PRODUCT_INQUIRY,RESOLVED,URGENT,19.8
951,586,CRM00000000951,2025-12-15 01:17:38,CHAT,PRODUCT_INQUIRY,OPEN,MEDIUM,
952,587,CRM00000000952,2025-10-12 14:26:33,PHONE,ONBOARDING,IN_PROGRESS,LOW,
953,587,CRM00000000953,2026-03-19 00:23:49,PHONE,COMPLAINT,RESOLVED,MEDIUM,24.67
954,588,CRM00000000954,2026-08-23 17:25:19,PHONE,PRODUCT_INQUIRY,RESOLVED,MEDIUM,18.51
955,588,CRM00000000955,2026-02-10 22:34:47,PHONE,DISPUTE,ESCALATED,MEDIUM,
956,589,CRM00000000956,2026-04-26 02:07:10,EMAIL,DISPUTE,RESOLVED,LOW,5.03
957,590,CRM00000000957,2025-09-09 15:19:16,PHONE,PRODUCT_INQUIRY,RESOLVED,LOW,11.43
958,590,CRM00000000958,2026-07-13 06:45:12,RM_VISIT,PRODUCT_INQUIRY,RESOLVED,MEDIUM,4.64
959,590,CRM00000000959,2026-05-13 03:36:13,BRANCH,PRODUCT_INQUIRY,RESOLVED,MEDIUM,12.88
960,591,CRM00000000960,2026-06-07 05:08:07,BRANCH,PRODUCT_INQUIRY,RESOLVED,LOW,11.68
961,592,CRM00000000961,2025-11-10 13:00:38,CHAT,PRODUCT_INQUIRY,RESOLVED,LOW,5.15
962,593,CRM00000000962,2026-02-04 19:45:50,BRANCH,ADVISORY,RESOLVED,HIGH,25.89
963,593,CRM00000000963,2025-09-06 08:25:00,BRANCH,COMPLAINT,RESOLVED,LOW,9.04
964,594,CRM00000000964,2026-03-07 13:01:12,PHONE,ONBOARDING,OPEN,MEDIUM,
965,594,CRM00000000965,2025-09-05 23:45:59,EMAIL,ADVISORY,IN_PROGRESS,MEDIUM,
966,597,CRM00000000966,2026-03-02 07:09:22,EMAIL,RETENTION,IN_PROGRESS,LOW,
967,597,CRM00000000967,2026-07-09 08:32:22,RM_VISIT,RETENTION,IN_PROGRESS,LOW,
968,598,CRM00000000968,2026-04-10 17:25:59,PHONE,PRODUCT_INQUIRY,RESOLVED,MEDIUM,0.84
969,599,CRM00000000969,2026-01-09 20:44:21,BRANCH,PRODUCT_INQUIRY,RESOLVED,MEDIUM,4.41
970,600,CRM00000000970,2026-04-13 06:45:24,PHONE,DISPUTE,RESOLVED,HIGH,4.46
971,601,CRM00000000971,2026-05-26 15:32:45,PHONE,COMPLAINT,RESOLVED,MEDIUM,17.57
972,601,CRM00000000972,2026-07-08 18:35:44,EMAIL,PRODUCT_INQUIRY,RESOLVED,MEDIUM,6.48
973,602,CRM00000000973,2026-05-20 15:32:31,PHONE,RETENTION,RESOLVED,MEDIUM,15.81
974,602,CRM00000000974,2025-11-26 01:57:02,PHONE,ADVISORY,RESOLVED,HIGH,20.77
975,603,CRM00000000975,2026-01-31 16:46:01,PHONE,ONBOARDING,OPEN,HIGH,
976,604,CRM00000000976,2025-09-25 06:34:49,EMAIL,RETENTION,IN_PROGRESS,LOW,
977,604,CRM00000000977,2025-12-14 04:28:29,EMAIL,RETENTION,RESOLVED,HIGH,10.9
978,604,CRM00000000978,2025-12-03 21:59:15,EMAIL,RETENTION,RESOLVED,MEDIUM,18.88
979,605,CRM00000000979,2026-08-02 01:00:32,PHONE,COMPLAINT,RESOLVED,HIGH,1.25
980,606,CRM00000000980,2026-01-29 03:48:46,BRANCH,RETENTION,IN_PROGRESS,LOW,
981,608,CRM00000000981,2025-11-26 14:37:31,RM_VISIT,ADVISORY,RESOLVED,HIGH,10.56
982,608,CRM00000000982,2025-12-26 02:57:50,PHONE,PRODUCT_INQUIRY,RESOLVED,MEDIUM,1.77
983,608,CRM00000000983,2025-10-17 18:31:18,BRANCH,ONBOARDING,RESOLVED,HIGH,8.55
984,608,CRM00000000984,2025-11-29 05:16:38,BRANCH,ONBOARDING,IN_PROGRESS,LOW,
985,608,CRM00000000985,2026-03-05 00:01:12,CHAT,DISPUTE,RESOLVED,HIGH,20.94
986,609,CRM00000000986,2026-02-19 03:31:59,PHONE,RETENTION,RESOLVED,MEDIUM,10.74
987,609,CRM00000000987,2026-01-24 18:50:18,RM_VISIT,RETENTION,RESOLVED,MEDIUM,15.46
988,609,CRM00000000988,2026-02-25 13:14:09,BRANCH,RETENTION,IN_PROGRESS,MEDIUM,
989,609,CRM00000000989,2025-11-22 03:20:53,BRANCH,DISPUTE,IN_PROGRESS,MEDIUM,
990,610,CRM00000000990,2026-02-21 00:14:00,PHONE,ADVISORY,RESOLVED,LOW,12.02
991,610,CRM00000000991,2026-07-13 08:35:03,EMAIL,PRODUCT_INQUIRY,RESOLVED,HIGH,17.63
992,611,CRM00000000992,2026-02-24 07:28:33,EMAIL,ADVISORY,RESOLVED,LOW,5.9
993,612,CRM00000000993,2026-05-16 00:18:02,PHONE,ONBOARDING,RESOLVED,URGENT,7.58
994,613,CRM00000000994,2026-04-14 15:44:27,PHONE,ADVISORY,RESOLVED,MEDIUM,4.24
995,614,CRM00000000995,2026-05-29 17:18:55,CHAT,ADVISORY,OPEN,HIGH,
996,615,CRM00000000996,2025-10-08 18:24:43,RM_VISIT,PRODUCT_INQUIRY,RESOLVED,MEDIUM,3.73
997,615,CRM00000000997,2026-06-26 02:32:35,EMAIL,ADVISORY,ESCALATED,LOW,
998,615,CRM00000000998,2026-02-02 16:04:55,PHONE,DISPUTE,RESOLVED,HIGH,6.29
999,615,CRM00000000999,2026-04-14 02:13:04,EMAIL,ONBOARDING,ESCALATED,HIGH,
1000,615,CRM00000001000,2025-10-15 03:21:01,EMAIL,ADVISORY,RESOLVED,MEDIUM,7.97
1001,615,CRM00000001001,2026-05-31 17:52:20,PHONE,PRODUCT_INQUIRY,RESOLVED,MEDIUM,28.92
1002,616,CRM00000001002,2026-05-09 20:35:12,PHONE,COMPLAINT,IN_PROGRESS,LOW,
1003,616,CRM00000001003,2026-08-16 11:41:56,PHONE,RETENTION,RESOLVED,HIGH,5.16
1004,616,CRM00000001004,2025-09-27 01:16:12,EMAIL,RETENTION,RESOLVED,MEDIUM,3.91
1005,616,CRM00000001005,2026-01-25 14:20:54,PHONE,RETENTION,RESOLVED,HIGH,36.9
1006,616,CRM00000001006,2026-02-01 08:19:31,CHAT,RETENTION,RESOLVED,LOW,16.26
1007,616,CRM00000001007,2026-08-10 11:21:00,EMAIL,DISPUTE,RESOLVED,MEDIUM,13.91
1008,616,CRM00000001008,2026-06-02 22:29:01,PHONE,RETENTION,RESOLVED,LOW,6.92
1009,617,CRM00000001009,2026-01-24 20:14:30,PHONE,PRODUCT_INQUIRY,IN_PROGRESS,MEDIUM,
1010,617,CRM00000001010,2025-09-03 00:43:17,PHONE,RETENTION,IN_PROGRESS,HIGH,
1011,617,CRM00000001011,2025-11-12 02:56:00,EMAIL,ONBOARDING,RESOLVED,HIGH,19.89
1012,617,CRM00000001012,2025-10-12 14:00:00,PHONE,RETENTION,ESCALATED,URGENT,
1013,617,CRM00000001013,2026-05-25 04:17:13,EMAIL,RETENTION,RESOLVED,MEDIUM,11.28
1014,618,CRM00000001014,2026-02-13 09:29:31,RM_VISIT,ADVISORY,RESOLVED,LOW,6.08
1015,618,CRM00000001015,2026-07-23 00:47:30,CHAT,ONBOARDING,IN_PROGRESS,MEDIUM,
1016,620,CRM00000001016,2025-10-14 15:33:11,PHONE,RETENTION,RESOLVED,HIGH,10.63
1017,621,CRM00000001017,2026-03-09 10:30:17,PHONE,ADVISORY,RESOLVED,LOW,14.29
1018,621,CRM00000001018,2026-04-28 12:11:52,PHONE,DISPUTE,OPEN,MEDIUM,
1019,622,CRM00000001019,2026-02-12 13:27:10,CHAT,ONBOARDING,RESOLVED,MEDIUM,8.24
1020,624,CRM00000001020,2026-07-24 13:28:28,EMAIL,DISPUTE,RESOLVED,MEDIUM,3.01
1021,626,CRM00000001021,2025-12-19 05:08:33,PHONE,COMPLAINT,IN_PROGRESS,HIGH,
1022,626,CRM00000001022,2026-07-19 20:02:31,PHONE,PRODUCT_INQUIRY,ESCALATED,MEDIUM,
1023,626,CRM00000001023,2026-07-21 03:56:45,BRANCH,ADVISORY,OPEN,HIGH,
1024,628,CRM00000001024,2025-12-30 10:22:28,BRANCH,RETENTION,RESOLVED,MEDIUM,17.82
1025,628,CRM00000001025,2026-07-31 14:51:27,EMAIL,PRODUCT_INQUIRY,RESOLVED,MEDIUM,9.16
1026,630,CRM00000001026,2026-02-03 14:12:42,PHONE,ADVISORY,RESOLVED,LOW,16.07
1027,631,CRM00000001027,2026-03-28 06:08:38,BRANCH,DISPUTE,IN_PROGRESS,MEDIUM,
1028,631,CRM00000001028,2026-03-28 06:42:28,EMAIL,ONBOARDING,RESOLVED,MEDIUM,12.17
1029,632,CRM00000001029,2026-08-07 03:10:48,EMAIL,ADVISORY,RESOLVED,HIGH,2.62
1030,632,CRM00000001030,2025-10-01 17:01:12,EMAIL,COMPLAINT,IN_PROGRESS,MEDIUM,
1031,633,CRM00000001031,2026-07-29 08:07:54,EMAIL,ADVISORY,RESOLVED,LOW,5.01
1032,633,CRM00000001032,2026-06-01 08:34:45,EMAIL,PRODUCT_INQUIRY,RESOLVED,MEDIUM,15.85
1033,634,CRM00000001033,2026-03-05 12:03:12,CHAT,PRODUCT_INQUIRY,RESOLVED,MEDIUM,13.16
1034,634,CRM00000001034,2026-06-24 08:12:08,PHONE,ONBOARDING,RESOLVED,LOW,3.11
1035,634,CRM00000001035,2026-04-14 08:38:15,PHONE,PRODUCT_INQUIRY,RESOLVED,HIGH,1.44
1036,635,CRM00000001036,2026-06-20 23:44:08,PHONE,DISPUTE,RESOLVED,MEDIUM,1.57
1037,635,CRM00000001037,2025-10-26 17:16:27,PHONE,COMPLAINT,RESOLVED,MEDIUM,5.25
1038,635,CRM00000001038,2025-08-31 06:51:03,CHAT,RETENTION,RESOLVED,HIGH,31.06
1039,635,CRM00000001039,2026-08-22 15:58:48,PHONE,ADVISORY,IN_PROGRESS,LOW,
1040,636,CRM00000001040,2026-05-27 13:31:25,EMAIL,COMPLAINT,RESOLVED,HIGH,10.08
1041,636,CRM00000001041,2026-08-09 17:38:28,PHONE,PRODUCT_INQUIRY,RESOLVED,MEDIUM,9.44
1042,637,CRM00000001042,2026-04-21 06:58:25,EMAIL,ADVISORY,RESOLVED,HIGH,19.7
1043,637,CRM00000001043,2026-02-21 17:44:16,EMAIL,ONBOARDING,IN_PROGRESS,URGENT,
1044,637,CRM00000001044,2026-08-23 05:33:45,PHONE,PRODUCT_INQUIRY,IN_PROGRESS,MEDIUM,
1045,637,CRM00000001045,2026-01-01 17:01:30,RM_VISIT,COMPLAINT,RESOLVED,MEDIUM,3.43
1046,637,CRM00000001046,2026-02-17 22:55:40,CHAT,RETENTION,IN_PROGRESS,LOW,
1047,637,CRM00000001047,2026-04-07 00:32:19,BRANCH,PRODUCT_INQUIRY,RESOLVED,MEDIUM,22.38
1048,638,CRM00000001048,2026-07-16 08:38:29,PHONE,RETENTION,OPEN,LOW,
1049,638,CRM00000001049,2025-10-06 10:53:58,CHAT,RETENTION,RESOLVED,LOW,14.24
1050,638,CRM00000001050,2026-02-10 05:19:17,PHONE,PRODUCT_INQUIRY,OPEN,LOW,
1051,638,CRM00000001051,2025-11-22 12:30:20,EMAIL,ADVISORY,RESOLVED,LOW,1.86
1052,640,CRM00000001052,2026-04-23 00:50:30,EMAIL,PRODUCT_INQUIRY,IN_PROGRESS,LOW,
1053,640,CRM00000001053,2025-10-07 04:58:28,PHONE,PRODUCT_INQUIRY,IN_PROGRESS,MEDIUM,
1054,640,CRM00000001054,2026-07-31 21:51:31,PHONE,PRODUCT_INQUIRY,RESOLVED,LOW,6.55
1055,640,CRM00000001055,2025-11-27 08:52:30,EMAIL,PRODUCT_INQUIRY,RESOLVED,MEDIUM,6.94
1056,640,CRM00000001056,2026-02-22 11:43:02,PHONE,DISPUTE,RESOLVED,MEDIUM,0.88
1057,641,CRM00000001057,2025-10-26 20:43:17,BRANCH,ADVISORY,RESOLVED,HIGH,1.51
1058,641,CRM00000001058,2026-02-01 14:15:50,PHONE,PRODUCT_INQUIRY,RESOLVED,HIGH,11.59
1059,641,CRM00000001059,2026-04-29 17:48:56,EMAIL,RETENTION,OPEN,MEDIUM,
1060,642,CRM00000001060,2026-05-23 15:38:57,PHONE,DISPUTE,RESOLVED,HIGH,17.84
1061,643,CRM00000001061,2025-09-12 01:27:32,EMAIL,ADVISORY,ESCALATED,MEDIUM,
1062,643,CRM00000001062,2026-04-15 02:00:55,PHONE,ADVISORY,IN_PROGRESS,LOW,
1063,643,CRM00000001063,2025-12-04 21:53:10,EMAIL,DISPUTE,RESOLVED,HIGH,11.27
1064,644,CRM00000001064,2026-04-19 00:15:08,CHAT,PRODUCT_INQUIRY,RESOLVED,MEDIUM,9.15
1065,645,CRM00000001065,2025-08-28 13:42:23,CHAT,COMPLAINT,RESOLVED,LOW,9.85
1066,646,CRM00000001066,2025-12-31 18:20:12,EMAIL,COMPLAINT,RESOLVED,HIGH,22.03
1067,646,CRM00000001067,2026-01-12 04:42:41,EMAIL,PRODUCT_INQUIRY,RESOLVED,HIGH,3.07
1068,647,CRM00000001068,2026-05-12 08:04:31,EMAIL,PRODUCT_INQUIRY,RESOLVED,MEDIUM,12.76
1069,647,CRM00000001069,2026-08-23 17:10:55,EMAIL,PRODUCT_INQUIRY,RESOLVED,LOW,17.69
1070,647,CRM00000001070,2025-12-07 10:35:14,PHONE,ONBOARDING,IN_PROGRESS,LOW,
1071,648,CRM00000001071,2026-05-01 00:18:22,PHONE,ADVISORY,IN_PROGRESS,MEDIUM,
1072,649,CRM00000001072,2026-07-15 11:42:21,PHONE,DISPUTE,RESOLVED,MEDIUM,14.97
1073,650,CRM00000001073,2026-01-28 06:10:18,PHONE,COMPLAINT,OPEN,MEDIUM,
1074,652,CRM00000001074,2025-12-23 16:43:20,BRANCH,RETENTION,IN_PROGRESS,HIGH,
1075,652,CRM00000001075,2026-01-28 14:35:43,CHAT,PRODUCT_INQUIRY,RESOLVED,MEDIUM,7.35
1076,653,CRM00000001076,2026-08-22 10:35:43,EMAIL,DISPUTE,RESOLVED,MEDIUM,10.78
1077,653,CRM00000001077,2025-10-28 07:18:34,PHONE,RETENTION,RESOLVED,HIGH,6.21
1078,653,CRM00000001078,2026-04-12 16:23:27,PHONE,RETENTION,RESOLVED,LOW,13.8
1079,653,CRM00000001079,2026-02-21 00:07:30,CHAT,RETENTION,RESOLVED,HIGH,4.5
1080,653,CRM00000001080,2025-10-06 23:01:18,EMAIL,PRODUCT_INQUIRY,OPEN,HIGH,
1081,654,CRM00000001081,2025-11-03 10:57:35,EMAIL,ADVISORY,RESOLVED,HIGH,9.6
1082,654,CRM00000001082,2025-11-26 16:33:58,PHONE,ADVISORY,RESOLVED,HIGH,10.96
1083,655,CRM00000001083,2026-02-06 16:23:23,PHONE,COMPLAINT,IN_PROGRESS,LOW,
1084,656,CRM00000001084,2026-06-16 17:21:13,RM_VISIT,PRODUCT_INQUIRY,OPEN,MEDIUM,
1085,656,CRM00000001085,2026-03-12 01:26:22,EMAIL,PRODUCT_INQUIRY,RESOLVED,MEDIUM,3.47
1086,656,CRM00000001086,2026-07-21 01:52:51,PHONE,COMPLAINT,RESOLVED,LOW,12.69
1087,656,CRM00000001087,2026-03-25 08:07:03,RM_VISIT,PRODUCT_INQUIRY,RESOLVED,HIGH,14.92
1088,656,CRM00000001088,2026-06-26 04:02:35,PHONE,ONBOARDING,RESOLVED,MEDIUM,18.82
1089,656,CRM00000001089,2026-03-20 04:46:51,EMAIL,PRODUCT_INQUIRY,RESOLVED,LOW,4.78
1090,660,CRM00000001090,2026-01-20 17:46:24,CHAT,PRODUCT_INQUIRY,RESOLVED,LOW,11.65
1091,661,CRM00000001091,2025-12-17 02:47:19,PHONE,PRODUCT_INQUIRY,RESOLVED,MEDIUM,0.52
1092,661,CRM00000001092,2025-09-01 04:54:07,PHONE,COMPLAINT,RESOLVED,MEDIUM,10.21
1093,661,CRM00000001093,2025-11-10 16:58:29,PHONE,RETENTION,RESOLVED,MEDIUM,19.93
1094,662,CRM00000001094,2026-01-25 01:56:04,BRANCH,ONBOARDING,RESOLVED,MEDIUM,24.62
1095,663,CRM00000001095,2025-11-14 23:42:58,EMAIL,COMPLAINT,RESOLVED,MEDIUM,1.9
1096,664,CRM00000001096,2025-09-24 10:50:19,PHONE,PRODUCT_INQUIRY,RESOLVED,LOW,6.41
1097,665,CRM00000001097,2026-04-23 19:48:42,RM_VISIT,DISPUTE,OPEN,MEDIUM,
1098,665,CRM00000001098,2026-03-04 08:23:01,CHAT,PRODUCT_INQUIRY,RESOLVED,LOW,3.38
1099,665,CRM00000001099,2026-02-23 18:28:13,EMAIL,PRODUCT_INQUIRY,RESOLVED,MEDIUM,1.83
1100,665,CRM00000001100,2026-03-18 09:39:41,EMAIL,ADVISORY,RESOLVED,URGENT,7.62
1101,666,CRM00000001101,2025-11-22 14:26:59,EMAIL,RETENTION,OPEN,MEDIUM,
1102,666,CRM00000001102,2025-12-27 03:05:19,EMAIL,RETENTION,RESOLVED,MEDIUM,14.02
1103,670,CRM00000001103,2026-04-05 21:42:03,EMAIL,COMPLAINT,RESOLVED,HIGH,31.67
1104,670,CRM00000001104,2026-08-04 22:54:15,PHONE,DISPUTE,IN_PROGRESS,LOW,
1105,671,CRM00000001105,2025-10-04 06:31:04,PHONE,DISPUTE,OPEN,MEDIUM,
1106,671,CRM00000001106,2025-11-23 06:07:44,PHONE,ADVISORY,OPEN,LOW,
1107,671,CRM00000001107,2026-05-26 10:57:57,CHAT,PRODUCT_INQUIRY,ESCALATED,LOW,
1108,671,CRM00000001108,2025-11-07 07:52:15,PHONE,ADVISORY,OPEN,HIGH,
1109,672,CRM00000001109,2025-12-06 06:55:00,CHAT,ONBOARDING,RESOLVED,LOW,15.46
1110,673,CRM00000001110,2026-01-10 11:02:16,EMAIL,ADVISORY,OPEN,HIGH,
1111,674,CRM00000001111,2025-10-14 04:14:12,EMAIL,RETENTION,RESOLVED,HIGH,10.72
1112,674,CRM00000001112,2026-01-15 23:42:00,BRANCH,RETENTION,OPEN,HIGH,
1113,674,CRM00000001113,2026-01-31 20:13:59,PHONE,COMPLAINT,OPEN,LOW,
1114,674,CRM00000001114,2026-02-22 03:42:59,RM_VISIT,PRODUCT_INQUIRY,RESOLVED,MEDIUM,22.38
1115,674,CRM00000001115,2026-05-11 01:09:45,EMAIL,RETENTION,RESOLVED,LOW,27.56
1116,676,CRM00000001116,2026-08-03 12:32:59,RM_VISIT,ADVISORY,IN_PROGRESS,MEDIUM,
1117,677,CRM00000001117,2025-10-25 18:27:43,PHONE,COMPLAINT,RESOLVED,LOW,1.43
1118,679,CRM00000001118,2026-08-05 05:06:45,BRANCH,PRODUCT_INQUIRY,RESOLVED,MEDIUM,35.46
1119,679,CRM00000001119,2026-06-13 18:32:39,BRANCH,COMPLAINT,ESCALATED,LOW,
1120,679,CRM00000001120,2026-06-23 18:33:36,CHAT,RETENTION,RESOLVED,HIGH,0.94
1121,679,CRM00000001121,2025-10-05 05:53:59,CHAT,DISPUTE,RESOLVED,HIGH,14.3
1122,680,CRM00000001122,2026-05-22 09:47:28,PHONE,PRODUCT_INQUIRY,RESOLVED,HIGH,9.11
1123,681,CRM00000001123,2026-07-21 04:54:02,BRANCH,ADVISORY,RESOLVED,HIGH,22.08
1124,681,CRM00000001124,2025-12-02 13:36:03,BRANCH,RETENTION,OPEN,LOW,
1125,682,CRM00000001125,2025-11-22 13:50:31,PHONE,PRODUCT_INQUIRY,IN_PROGRESS,MEDIUM,
1126,683,CRM00000001126,2026-05-02 13:28:01,EMAIL,RETENTION,RESOLVED,LOW,8.12
1127,683,CRM00000001127,2026-03-29 02:03:02,CHAT,COMPLAINT,RESOLVED,MEDIUM,4.38
1128,684,CRM00000001128,2025-09-21 03:26:16,PHONE,COMPLAINT,RESOLVED,LOW,5.22
1129,685,CRM00000001129,2026-03-09 15:28:23,PHONE,PRODUCT_INQUIRY,OPEN,MEDIUM,
1130,686,CRM00000001130,2026-02-18 23:06:14,EMAIL,COMPLAINT,IN_PROGRESS,MEDIUM,
1131,686,CRM00000001131,2026-02-18 00:34:34,BRANCH,COMPLAINT,RESOLVED,LOW,4.36
1132,687,CRM00000001132,2026-04-26 12:37:40,PHONE,COMPLAINT,OPEN,LOW,
1133,688,CRM00000001133,2026-07-13 11:24:49,EMAIL,PRODUCT_INQUIRY,IN_PROGRESS,MEDIUM,
1134,688,CRM00000001134,2025-12-08 15:24:41,BRANCH,RETENTION,RESOLVED,MEDIUM,2.9
1135,689,CRM00000001135,2025-09-09 09:29:51,RM_VISIT,RETENTION,RESOLVED,MEDIUM,30.05
1136,689,CRM00000001136,2025-10-10 14:36:38,PHONE,RETENTION,RESOLVED,LOW,0.61
1137,689,CRM00000001137,2026-03-21 16:21:00,EMAIL,RETENTION,ESCALATED,MEDIUM,
1138,689,CRM00000001138,2026-01-29 10:39:35,PHONE,ADVISORY,RESOLVED,MEDIUM,11.11
1139,689,CRM00000001139,2025-10-29 18:22:25,PHONE,ONBOARDING,RESOLVED,MEDIUM,47.32
1140,691,CRM00000001140,2026-07-08 17:18:04,PHONE,ADVISORY,RESOLVED,LOW,8.27
1141,693,CRM00000001141,2026-06-27 14:49:17,PHONE,RETENTION,RESOLVED,MEDIUM,13.62
1142,693,CRM00000001142,2025-08-31 20:18:51,CHAT,DISPUTE,IN_PROGRESS,LOW,
1143,693,CRM00000001143,2025-11-04 13:39:20,PHONE,PRODUCT_INQUIRY,IN_PROGRESS,HIGH,
1144,694,CRM00000001144,2026-05-16 18:26:32,CHAT,COMPLAINT,RESOLVED,MEDIUM,4.48
1145,695,CRM00000001145,2026-02-28 19:47:27,PHONE,ONBOARDING,RESOLVED,LOW,4.86
1146,695,CRM00000001146,2026-06-11 15:48:37,BRANCH,ADVISORY,RESOLVED,HIGH,3.92
1147,696,CRM00000001147,2025-12-26 14:32:36,EMAIL,RETENTION,IN_PROGRESS,MEDIUM,
1148,696,CRM00000001148,2026-02-23 14:54:19,EMAIL,PRODUCT_INQUIRY,OPEN,LOW,
1149,696,CRM00000001149,2025-12-11 21:20:41,EMAIL,ADVISORY,IN_PROGRESS,HIGH,
1150,697,CRM00000001150,2025-10-21 01:10:56,RM_VISIT,RETENTION,RESOLVED,MEDIUM,7.87
1151,697,CRM00000001151,2025-09-15 17:30:59,EMAIL,RETENTION,RESOLVED,LOW,11.41
1152,697,CRM00000001152,2025-11-08 02:14:34,PHONE,RETENTION,RESOLVED,URGENT,2.66
1153,699,CRM00000001153,2026-04-27 15:01:53,PHONE,RETENTION,RESOLVED,LOW,31.28
1154,699,CRM00000001154,2026-03-19 23:49:04,EMAIL,PRODUCT_INQUIRY,RESOLVED,LOW,7.27
1155,699,CRM00000001155,2026-04-12 04:24:45,EMAIL,ADVISORY,RESOLVED,MEDIUM,18.61
1156,700,CRM00000001156,2025-10-04 07:53:43,EMAIL,DISPUTE,IN_PROGRESS,MEDIUM,
1157,700,CRM00000001157,2026-04-04 03:08:58,EMAIL,ONBOARDING,RESOLVED,LOW,17.71
1158,701,CRM00000001158,2025-11-18 20:35:25,PHONE,COMPLAINT,IN_PROGRESS,HIGH,
1159,702,CRM00000001159,2025-10-25 02:41:54,PHONE,RETENTION,RESOLVED,LOW,8.54
1160,702,CRM00000001160,2025-12-29 07:33:55,EMAIL,ONBOARDING,IN_PROGRESS,MEDIUM,
1161,703,CRM00000001161,2026-06-30 23:21:58,RM_VISIT,PRODUCT_INQUIRY,RESOLVED,LOW,7.88
1162,703,CRM00000001162,2026-03-15 05:48:04,PHONE,ONBOARDING,RESOLVED,MEDIUM,6.24
1163,703,CRM00000001163,2026-01-16 16:39:35,PHONE,ADVISORY,RESOLVED,MEDIUM,7.89
1164,703,CRM00000001164,2026-02-26 09:00:30,PHONE,COMPLAINT,RESOLVED,MEDIUM,5.64
1165,704,CRM00000001165,2026-07-04 00:27:53,PHONE,PRODUCT_INQUIRY,RESOLVED,MEDIUM,6.95
1166,704,CRM00000001166,2025-11-25 15:58:06,PHONE,ADVISORY,RESOLVED,HIGH,7.04
1167,704,CRM00000001167,2025-11-14 08:13:16,BRANCH,ONBOARDING,IN_PROGRESS,MEDIUM,
1168,706,CRM00000001168,2026-01-20 12:58:43,BRANCH,DISPUTE,RESOLVED,LOW,51.31
1169,706,CRM00000001169,2026-05-19 08:01:22,PHONE,PRODUCT_INQUIRY,RESOLVED,URGENT,5.5
1170,706,CRM00000001170,2025-10-09 00:58:54,CHAT,ONBOARDING,IN_PROGRESS,MEDIUM,
1171,708,CRM00000001171,2026-02-26 16:09:09,CHAT,PRODUCT_INQUIRY,RESOLVED,URGENT,4.65
1172,708,CRM00000001172,2026-02-05 19:47:25,CHAT,PRODUCT_INQUIRY,RESOLVED,LOW,16.97
1173,709,CRM00000001173,2025-12-06 11:15:17,RM_VISIT,COMPLAINT,RESOLVED,MEDIUM,6.89
1174,709,CRM00000001174,2026-03-16 01:54:16,EMAIL,COMPLAINT,RESOLVED,MEDIUM,16.8
1175,709,CRM00000001175,2026-02-27 11:36:10,BRANCH,ADVISORY,IN_PROGRESS,MEDIUM,
1176,710,CRM00000001176,2026-06-05 09:42:55,PHONE,DISPUTE,RESOLVED,HIGH,10.74
1177,710,CRM00000001177,2026-02-12 07:55:36,EMAIL,RETENTION,IN_PROGRESS,HIGH,
1178,711,CRM00000001178,2025-09-08 04:51:03,CHAT,RETENTION,OPEN,MEDIUM,
1179,712,CRM00000001179,2026-01-25 00:19:02,EMAIL,ONBOARDING,RESOLVED,LOW,26.2
1180,712,CRM00000001180,2025-12-13 20:46:48,BRANCH,ONBOARDING,RESOLVED,MEDIUM,4.58
1181,712,CRM00000001181,2025-09-04 16:57:55,PHONE,PRODUCT_INQUIRY,RESOLVED,LOW,15.71
1182,712,CRM00000001182,2025-09-24 21:57:35,PHONE,DISPUTE,RESOLVED,URGENT,15.92
1183,713,CRM00000001183,2026-04-24 20:24:42,CHAT,ADVISORY,RESOLVED,LOW,10.33
1184,713,CRM00000001184,2026-07-08 19:01:42,BRANCH,COMPLAINT,ESCALATED,MEDIUM,
1185,713,CRM00000001185,2026-02-08 19:04:47,PHONE,PRODUCT_INQUIRY,IN_PROGRESS,HIGH,
1186,713,CRM00000001186,2026-04-01 04:54:03,CHAT,COMPLAINT,RESOLVED,LOW,5.68
1187,714,CRM00000001187,2025-10-30 08:50:13,PHONE,COMPLAINT,OPEN,LOW,
1188,715,CRM00000001188,2026-08-24 19:55:06,EMAIL,ADVISORY,IN_PROGRESS,LOW,
1189,715,CRM00000001189,2026-01-16 09:13:27,EMAIL,DISPUTE,RESOLVED,MEDIUM,11.92
1190,716,CRM00000001190,2025-10-10 10:07:32,EMAIL,RETENTION,OPEN,LOW,
1191,717,CRM00000001191,2026-05-19 05:15:45,BRANCH,DISPUTE,OPEN,MEDIUM,
1192,718,CRM00000001192,2025-09-19 11:35:42,EMAIL,PRODUCT_INQUIRY,RESOLVED,MEDIUM,11.29
1193,718,CRM00000001193,2025-12-02 11:24:18,BRANCH,ONBOARDING,RESOLVED,LOW,12.98
1194,718,CRM00000001194,2025-10-30 17:45:08,BRANCH,ADVISORY,RESOLVED,LOW,7.9
1195,719,CRM00000001195,2026-06-15 11:22:02,PHONE,RETENTION,RESOLVED,LOW,6.45
1196,719,CRM00000001196,2026-06-08 16:22:57,EMAIL,RETENTION,ESCALATED,MEDIUM,
1197,719,CRM00000001197,2025-09-30 22:35:29,CHAT,RETENTION,OPEN,HIGH,
1198,719,CRM00000001198,2025-12-30 12:06:56,EMAIL,RETENTION,RESOLVED,MEDIUM,9.08
1199,720,CRM00000001199,2026-02-02 22:29:03,EMAIL,ONBOARDING,RESOLVED,MEDIUM,19.79
1200,720,CRM00000001200,2026-06-29 01:05:39,CHAT,PRODUCT_INQUIRY,RESOLVED,MEDIUM,0.68
1201,722,CRM00000001201,2026-07-10 12:21:11,PHONE,ONBOARDING,RESOLVED,MEDIUM,19.53
1202,723,CRM00000001202,2026-04-22 17:36:14,PHONE,COMPLAINT,RESOLVED,MEDIUM,31.4
1203,723,CRM00000001203,2026-05-13 18:40:55,PHONE,ADVISORY,RESOLVED,LOW,8.37
1204,724,CRM00000001204,2025-12-21 11:48:10,RM_VISIT,COMPLAINT,RESOLVED,HIGH,3.76
1205,725,CRM00000001205,2026-06-22 02:50:38,EMAIL,COMPLAINT,OPEN,LOW,
1206,725,CRM00000001206,2026-04-27 16:02:19,PHONE,ADVISORY,RESOLVED,MEDIUM,10.15
1207,725,CRM00000001207,2026-04-09 09:04:24,EMAIL,RETENTION,RESOLVED,HIGH,5.5
1208,725,CRM00000001208,2026-02-27 05:06:01,EMAIL,PRODUCT_INQUIRY,RESOLVED,MEDIUM,16.44
1209,726,CRM00000001209,2026-03-26 05:08:41,BRANCH,ADVISORY,RESOLVED,LOW,11.59
1210,727,CRM00000001210,2026-01-12 01:54:10,BRANCH,RETENTION,RESOLVED,MEDIUM,10.82
1211,728,CRM00000001211,2026-01-06 21:53:14,CHAT,ONBOARDING,RESOLVED,LOW,6.49
1212,728,CRM00000001212,2026-04-29 05:17:38,PHONE,DISPUTE,RESOLVED,MEDIUM,6.18
1213,728,CRM00000001213,2025-11-02 18:17:20,PHONE,PRODUCT_INQUIRY,RESOLVED,LOW,27.16
1214,728,CRM00000001214,2026-08-25 12:50:54,PHONE,ADVISORY,OPEN,MEDIUM,
1215,729,CRM00000001215,2026-06-17 09:33:37,EMAIL,PRODUCT_INQUIRY,OPEN,MEDIUM,
1216,729,CRM00000001216,2026-05-19 05:56:07,RM_VISIT,ONBOARDING,RESOLVED,MEDIUM,7.56
1217,731,CRM00000001217,2026-03-13 14:51:28,CHAT,PRODUCT_INQUIRY,IN_PROGRESS,MEDIUM,
1218,732,CRM00000001218,2026-01-26 08:30:23,EMAIL,PRODUCT_INQUIRY,ESCALATED,MEDIUM,
1219,733,CRM00000001219,2026-04-19 23:20:31,PHONE,ADVISORY,RESOLVED,LOW,6.33
1220,733,CRM00000001220,2026-07-16 06:52:27,PHONE,ADVISORY,RESOLVED,URGENT,4.33
1221,734,CRM00000001221,2026-04-11 19:44:59,PHONE,PRODUCT_INQUIRY,RESOLVED,MEDIUM,7.79
1222,734,CRM00000001222,2025-11-29 20:57:03,CHAT,RETENTION,RESOLVED,HIGH,7.04
1223,734,CRM00000001223,2025-11-16 19:46:53,CHAT,ONBOARDING,RESOLVED,LOW,10.95
1224,735,CRM00000001224,2025-12-07 17:23:47,CHAT,COMPLAINT,IN_PROGRESS,MEDIUM,
1225,735,CRM00000001225,2026-01-01 02:36:31,BRANCH,COMPLAINT,RESOLVED,LOW,18.69
1226,735,CRM00000001226,2026-07-24 09:56:34,EMAIL,ADVISORY,IN_PROGRESS,MEDIUM,
1227,735,CRM00000001227,2026-07-27 18:04:36,CHAT,RETENTION,IN_PROGRESS,LOW,
1228,736,CRM00000001228,2025-12-20 02:06:36,PHONE,COMPLAINT,RESOLVED,LOW,25.6
1229,736,CRM00000001229,2026-02-13 14:04:08,CHAT,PRODUCT_INQUIRY,IN_PROGRESS,MEDIUM,
1230,737,CRM00000001230,2026-03-23 09:43:40,EMAIL,RETENTION,RESOLVED,MEDIUM,11.01
1231,737,CRM00000001231,2026-07-13 00:47:01,EMAIL,PRODUCT_INQUIRY,RESOLVED,LOW,17.49
1232,738,CRM00000001232,2026-03-14 15:53:25,EMAIL,PRODUCT_INQUIRY,RESOLVED,MEDIUM,6.35
1233,738,CRM00000001233,2025-11-14 19:12:46,BRANCH,COMPLAINT,RESOLVED,HIGH,2.75
1234,739,CRM00000001234,2026-03-28 08:43:58,EMAIL,PRODUCT_INQUIRY,IN_PROGRESS,URGENT,
1235,740,CRM00000001235,2026-07-05 06:59:50,CHAT,PRODUCT_INQUIRY,IN_PROGRESS,MEDIUM,
1236,740,CRM00000001236,2026-08-17 02:38:23,PHONE,PRODUCT_INQUIRY,RESOLVED,LOW,11.73
1237,740,CRM00000001237,2025-09-29 16:43:59,CHAT,ONBOARDING,RESOLVED,MEDIUM,19.25
1238,740,CRM00000001238,2025-08-31 20:58:23,BRANCH,PRODUCT_INQUIRY,ESCALATED,LOW,
1239,741,CRM00000001239,2026-05-11 13:45:28,PHONE,COMPLAINT,OPEN,MEDIUM,
1240,741,CRM00000001240,2026-08-13 07:23:13,CHAT,ONBOARDING,RESOLVED,HIGH,13.32
1241,744,CRM00000001241,2025-11-03 11:25:30,PHONE,ONBOARDING,RESOLVED,LOW,6.45
1242,744,CRM00000001242,2026-04-15 00:39:35,CHAT,RETENTION,RESOLVED,LOW,8.49
1243,744,CRM00000001243,2025-10-28 20:50:50,PHONE,ADVISORY,RESOLVED,LOW,20.86
1244,744,CRM00000001244,2026-03-27 08:00:17,EMAIL,ADVISORY,ESCALATED,MEDIUM,
1245,745,CRM00000001245,2025-09-13 17:20:18,EMAIL,RETENTION,RESOLVED,HIGH,12.83
1246,747,CRM00000001246,2026-07-09 09:56:31,PHONE,COMPLAINT,RESOLVED,MEDIUM,10.06
1247,748,CRM00000001247,2025-12-15 09:56:13,EMAIL,RETENTION,RESOLVED,LOW,11.7
1248,748,CRM00000001248,2026-03-20 04:22:38,PHONE,ADVISORY,RESOLVED,LOW,21.67
1249,748,CRM00000001249,2025-10-11 05:21:57,PHONE,ADVISORY,RESOLVED,HIGH,20.56
1250,748,CRM00000001250,2025-09-17 06:58:53,CHAT,PRODUCT_INQUIRY,OPEN,MEDIUM,
1251,749,CRM00000001251,2026-06-29 10:42:36,EMAIL,ONBOARDING,RESOLVED,HIGH,21.55
1252,750,CRM00000001252,2026-03-31 17:46:18,EMAIL,PRODUCT_INQUIRY,OPEN,URGENT,
1253,750,CRM00000001253,2026-02-11 16:48:54,PHONE,ONBOARDING,RESOLVED,LOW,33.15
1254,751,CRM00000001254,2026-05-14 16:35:09,BRANCH,ADVISORY,RESOLVED,MEDIUM,8.11
1255,751,CRM00000001255,2026-05-24 15:27:14,BRANCH,PRODUCT_INQUIRY,RESOLVED,LOW,13.97
1256,752,CRM00000001256,2025-11-21 15:00:48,PHONE,DISPUTE,RESOLVED,MEDIUM,10.11
1257,753,CRM00000001257,2025-09-08 15:07:40,PHONE,PRODUCT_INQUIRY,ESCALATED,MEDIUM,
1258,754,CRM00000001258,2026-03-07 12:49:37,PHONE,RETENTION,RESOLVED,HIGH,22.9
1259,754,CRM00000001259,2026-06-26 04:19:00,EMAIL,PRODUCT_INQUIRY,RESOLVED,MEDIUM,12.01
1260,754,CRM00000001260,2026-08-25 05:27:35,BRANCH,DISPUTE,RESOLVED,MEDIUM,0.53
1261,754,CRM00000001261,2025-11-18 04:40:08,PHONE,RETENTION,ESCALATED,LOW,
1262,755,CRM00000001262,2025-10-24 17:23:02,PHONE,ADVISORY,RESOLVED,HIGH,9.23
1263,755,CRM00000001263,2026-01-29 11:16:52,PHONE,RETENTION,RESOLVED,LOW,19.61
1264,755,CRM00000001264,2025-11-13 22:39:07,EMAIL,PRODUCT_INQUIRY,RESOLVED,LOW,25.44
1265,756,CRM00000001265,2026-02-17 12:04:25,CHAT,COMPLAINT,OPEN,LOW,
1266,758,CRM00000001266,2026-05-27 16:58:07,EMAIL,PRODUCT_INQUIRY,IN_PROGRESS,MEDIUM,
1267,758,CRM00000001267,2026-05-03 14:03:53,BRANCH,RETENTION,IN_PROGRESS,LOW,
1268,759,CRM00000001268,2026-07-12 01:26:10,RM_VISIT,COMPLAINT,RESOLVED,MEDIUM,22.98
1269,759,CRM00000001269,2026-03-29 12:20:12,PHONE,PRODUCT_INQUIRY,RESOLVED,MEDIUM,5.46
1270,759,CRM00000001270,2026-07-22 19:49:52,PHONE,COMPLAINT,RESOLVED,URGENT,9.86
1271,760,CRM00000001271,2026-03-09 22:36:27,EMAIL,ONBOARDING,ESCALATED,URGENT,
1272,761,CRM00000001272,2026-08-08 04:01:00,PHONE,RETENTION,RESOLVED,HIGH,10.07
1273,761,CRM00000001273,2026-08-22 06:17:25,CHAT,RETENTION,RESOLVED,MEDIUM,12.88
1274,761,CRM00000001274,2025-09-17 09:31:41,PHONE,ONBOARDING,OPEN,MEDIUM,
1275,761,CRM00000001275,2025-11-19 17:51:02,BRANCH,ADVISORY,RESOLVED,MEDIUM,13.27
1276,761,CRM00000001276,2025-09-28 02:14:44,EMAIL,ADVISORY,RESOLVED,LOW,27.97
1277,761,CRM00000001277,2025-11-26 14:38:09,BRANCH,DISPUTE,RESOLVED,MEDIUM,23.78
1278,763,CRM00000001278,2025-10-18 15:55:34,PHONE,RETENTION,RESOLVED,LOW,19.76
1279,763,CRM00000001279,2026-07-20 18:29:00,BRANCH,ADVISORY,RESOLVED,LOW,11.83
1280,763,CRM00000001280,2025-10-04 19:54:11,PHONE,COMPLAINT,RESOLVED,LOW,14.04
1281,764,CRM00000001281,2026-06-21 08:57:26,PHONE,PRODUCT_INQUIRY,RESOLVED,LOW,3.86
1282,764,CRM00000001282,2026-02-04 05:24:09,EMAIL,ADVISORY,RESOLVED,MEDIUM,16.68
1283,764,CRM00000001283,2025-12-11 00:47:13,BRANCH,PRODUCT_INQUIRY,RESOLVED,LOW,3.36
1284,764,CRM00000001284,2026-04-03 16:16:53,BRANCH,PRODUCT_INQUIRY,RESOLVED,MEDIUM,20.17
1285,766,CRM00000001285,2026-01-23 05:44:41,PHONE,ADVISORY,IN_PROGRESS,HIGH,
1286,766,CRM00000001286,2026-04-02 03:49:16,EMAIL,ADVISORY,RESOLVED,LOW,24.98
1287,766,CRM00000001287,2025-12-04 00:42:06,PHONE,COMPLAINT,IN_PROGRESS,MEDIUM,
1288,767,CRM00000001288,2025-11-07 12:37:28,CHAT,ADVISORY,RESOLVED,URGENT,9.59
1289,767,CRM00000001289,2026-08-16 12:18:58,BRANCH,COMPLAINT,RESOLVED,HIGH,11.5
1290,768,CRM00000001290,2026-03-17 02:13:37,PHONE,PRODUCT_INQUIRY,RESOLVED,LOW,13.01
1291,768,CRM00000001291,2026-03-13 02:35:56,CHAT,RETENTION,OPEN,MEDIUM,
1292,768,CRM00000001292,2026-04-26 18:00:20,CHAT,ADVISORY,RESOLVED,MEDIUM,9.93
1293,769,CRM00000001293,2025-12-23 08:23:06,PHONE,DISPUTE,RESOLVED,HIGH,22.82
1294,769,CRM00000001294,2026-01-17 04:26:57,EMAIL,RETENTION,RESOLVED,LOW,17.63
1295,769,CRM00000001295,2026-05-15 22:55:22,PHONE,PRODUCT_INQUIRY,RESOLVED,MEDIUM,14.0
1296,775,CRM00000001296,2026-07-08 14:08:25,PHONE,ADVISORY,RESOLVED,MEDIUM,11.98
1297,777,CRM00000001297,2026-02-08 18:49:09,BRANCH,ADVISORY,RESOLVED,HIGH,31.1
1298,778,CRM00000001298,2026-02-21 15:13:37,EMAIL,COMPLAINT,RESOLVED,LOW,1.26
1299,778,CRM00000001299,2025-11-07 02:50:42,EMAIL,PRODUCT_INQUIRY,IN_PROGRESS,MEDIUM,
1300,778,CRM00000001300,2026-07-12 02:15:48,EMAIL,DISPUTE,IN_PROGRESS,MEDIUM,
1301,778,CRM00000001301,2025-11-10 10:43:03,PHONE,COMPLAINT,RESOLVED,HIGH,8.79
1302,780,CRM00000001302,2026-02-25 01:22:12,PHONE,PRODUCT_INQUIRY,RESOLVED,LOW,5.32
1303,781,CRM00000001303,2025-11-27 05:47:14,PHONE,ONBOARDING,IN_PROGRESS,HIGH,
1304,781,CRM00000001304,2026-05-31 11:31:16,CHAT,PRODUCT_INQUIRY,RESOLVED,MEDIUM,0.39
1305,781,CRM00000001305,2026-07-02 14:15:44,PHONE,COMPLAINT,RESOLVED,URGENT,15.46
1306,782,CRM00000001306,2026-04-03 03:03:00,PHONE,COMPLAINT,IN_PROGRESS,HIGH,
1307,783,CRM00000001307,2025-09-24 07:22:23,BRANCH,ADVISORY,RESOLVED,LOW,1.59
1308,783,CRM00000001308,2025-09-04 20:01:45,PHONE,PRODUCT_INQUIRY,RESOLVED,LOW,8.41
1309,786,CRM00000001309,2026-05-24 00:13:06,PHONE,DISPUTE,RESOLVED,HIGH,16.24
1310,786,CRM00000001310,2025-10-18 09:26:32,EMAIL,COMPLAINT,RESOLVED,MEDIUM,12.4
1311,787,CRM00000001311,2026-01-17 15:14:13,PHONE,PRODUCT_INQUIRY,RESOLVED,LOW,10.15
1312,787,CRM00000001312,2025-11-06 11:39:00,EMAIL,ADVISORY,ESCALATED,MEDIUM,
1313,787,CRM00000001313,2025-10-02 11:50:47,PHONE,RETENTION,IN_PROGRESS,LOW,
1314,787,CRM00000001314,2025-09-30 08:25:43,PHONE,PRODUCT_INQUIRY,RESOLVED,MEDIUM,26.6
1315,788,CRM00000001315,2026-03-08 14:44:05,EMAIL,DISPUTE,IN_PROGRESS,MEDIUM,
1316,788,CRM00000001316,2025-08-30 08:01:39,PHONE,PRODUCT_INQUIRY,ESCALATED,HIGH,
1317,788,CRM00000001317,2025-11-07 02:51:26,PHONE,PRODUCT_INQUIRY,ESCALATED,MEDIUM,
1318,789,CRM00000001318,2026-03-14 09:13:09,PHONE,COMPLAINT,RESOLVED,MEDIUM,13.03
1319,790,CRM00000001319,2025-09-02 08:27:35,PHONE,RETENTION,IN_PROGRESS,MEDIUM,
1320,791,CRM00000001320,2026-03-03 19:10:53,PHONE,COMPLAINT,RESOLVED,MEDIUM,8.29
1321,791,CRM00000001321,2025-12-05 18:15:18,PHONE,COMPLAINT,RESOLVED,MEDIUM,6.35
1322,791,CRM00000001322,2025-11-12 13:01:51,EMAIL,ADVISORY,IN_PROGRESS,MEDIUM,
1323,792,CRM00000001323,2025-11-14 10:56:26,PHONE,COMPLAINT,RESOLVED,HIGH,10.63
1324,792,CRM00000001324,2025-12-28 13:12:49,EMAIL,PRODUCT_INQUIRY,RESOLVED,MEDIUM,1.66
1325,793,CRM00000001325,2025-12-15 04:51:47,EMAIL,PRODUCT_INQUIRY,IN_PROGRESS,LOW,
1326,793,CRM00000001326,2025-11-30 23:20:17,BRANCH,COMPLAINT,RESOLVED,MEDIUM,14.74
1327,794,CRM00000001327,2026-02-21 22:42:00,PHONE,RETENTION,RESOLVED,LOW,11.61
1328,795,CRM00000001328,2026-01-18 03:03:51,EMAIL,PRODUCT_INQUIRY,RESOLVED,LOW,3.65
1329,795,CRM00000001329,2026-07-25 15:44:49,BRANCH,PRODUCT_INQUIRY,OPEN,MEDIUM,
1330,795,CRM00000001330,2026-07-17 08:33:58,BRANCH,ADVISORY,RESOLVED,MEDIUM,6.0
1331,795,CRM00000001331,2025-09-17 22:35:16,CHAT,PRODUCT_INQUIRY,RESOLVED,MEDIUM,32.72
1332,797,CRM00000001332,2026-04-11 16:09:09,CHAT,COMPLAINT,RESOLVED,LOW,3.44
1333,797,CRM00000001333,2025-10-31 17:31:39,PHONE,ADVISORY,RESOLVED,LOW,4.72
1334,797,CRM00000001334,2026-07-12 07:09:05,CHAT,ADVISORY,ESCALATED,LOW,
1335,797,CRM00000001335,2025-12-31 18:09:50,PHONE,COMPLAINT,OPEN,HIGH,
1336,797,CRM00000001336,2026-02-03 08:41:25,BRANCH,PRODUCT_INQUIRY,RESOLVED,HIGH,7.69
1337,798,CRM00000001337,2026-08-18 12:28:15,EMAIL,PRODUCT_INQUIRY,RESOLVED,HIGH,24.01
1338,798,CRM00000001338,2026-03-10 08:06:13,BRANCH,PRODUCT_INQUIRY,RESOLVED,URGENT,21.67
1339,800,CRM00000001339,2025-11-02 01:47:27,PHONE,ONBOARDING,RESOLVED,MEDIUM,12.1
1340,800,CRM00000001340,2026-03-19 13:43:26,BRANCH,RETENTION,RESOLVED,MEDIUM,21.68
1341,800,CRM00000001341,2025-12-08 11:10:31,CHAT,DISPUTE,RESOLVED,MEDIUM,19.04
1342,801,CRM00000001342,2026-07-10 19:49:06,PHONE,RETENTION,RESOLVED,LOW,6.27
1343,801,CRM00000001343,2026-06-16 16:32:42,BRANCH,DISPUTE,IN_PROGRESS,MEDIUM,
1344,801,CRM00000001344,2025-09-30 01:51:56,EMAIL,RETENTION,RESOLVED,LOW,4.41
1345,801,CRM00000001345,2025-11-30 12:12:41,PHONE,COMPLAINT,RESOLVED,LOW,18.1
1346,802,CRM00000001346,2025-10-30 14:36:24,PHONE,DISPUTE,ESCALATED,HIGH,
1347,802,CRM00000001347,2026-05-01 19:25:42,PHONE,ONBOARDING,RESOLVED,HIGH,7.64
1348,802,CRM00000001348,2026-08-08 15:03:52,EMAIL,PRODUCT_INQUIRY,OPEN,MEDIUM,
1349,803,CRM00000001349,2025-09-04 07:27:48,PHONE,PRODUCT_INQUIRY,ESCALATED,HIGH,
1350,803,CRM00000001350,2025-09-05 07:48:40,EMAIL,DISPUTE,RESOLVED,LOW,17.99
1351,804,CRM00000001351,2026-07-29 11:17:56,CHAT,RETENTION,RESOLVED,LOW,1.89
1352,806,CRM00000001352,2025-09-30 18:51:48,PHONE,ADVISORY,OPEN,MEDIUM,
1353,806,CRM00000001353,2025-12-05 11:04:18,CHAT,COMPLAINT,RESOLVED,MEDIUM,22.02
1354,807,CRM00000001354,2026-02-18 12:10:23,PHONE,ADVISORY,RESOLVED,HIGH,9.01
1355,808,CRM00000001355,2025-12-06 12:20:21,PHONE,ONBOARDING,RESOLVED,LOW,11.0
1356,809,CRM00000001356,2025-09-25 04:04:40,CHAT,COMPLAINT,RESOLVED,MEDIUM,9.1
1357,810,CRM00000001357,2026-01-01 09:21:12,EMAIL,PRODUCT_INQUIRY,RESOLVED,LOW,11.4
1358,811,CRM00000001358,2026-04-05 00:49:04,CHAT,ADVISORY,RESOLVED,LOW,10.74
1359,812,CRM00000001359,2026-03-24 02:09:50,PHONE,RETENTION,RESOLVED,MEDIUM,14.26
1360,812,CRM00000001360,2026-02-01 22:49:22,PHONE,PRODUCT_INQUIRY,IN_PROGRESS,LOW,
1361,813,CRM00000001361,2026-06-29 08:53:13,PHONE,PRODUCT_INQUIRY,RESOLVED,HIGH,10.41
1362,814,CRM00000001362,2026-01-27 08:16:43,PHONE,ONBOARDING,ESCALATED,MEDIUM,
1363,814,CRM00000001363,2026-06-09 12:13:39,PHONE,ONBOARDING,ESCALATED,MEDIUM,
1364,816,CRM00000001364,2026-06-06 15:51:50,PHONE,ONBOARDING,RESOLVED,HIGH,3.6
1365,818,CRM00000001365,2026-03-01 15:12:45,BRANCH,PRODUCT_INQUIRY,RESOLVED,MEDIUM,20.86
1366,818,CRM00000001366,2026-05-19 18:18:22,CHAT,COMPLAINT,RESOLVED,LOW,8.09
1367,819,CRM00000001367,2026-02-11 10:45:29,PHONE,COMPLAINT,RESOLVED,URGENT,14.13
1368,821,CRM00000001368,2026-06-25 15:26:52,EMAIL,ONBOARDING,RESOLVED,LOW,8.53
1369,821,CRM00000001369,2025-11-18 03:19:10,EMAIL,RETENTION,OPEN,LOW,
1370,821,CRM00000001370,2026-06-20 11:46:13,PHONE,PRODUCT_INQUIRY,RESOLVED,HIGH,4.75
1371,822,CRM00000001371,2025-10-06 06:12:57,PHONE,PRODUCT_INQUIRY,OPEN,MEDIUM,
1372,822,CRM00000001372,2026-03-21 16:51:48,BRANCH,RETENTION,RESOLVED,HIGH,10.27
1373,823,CRM00000001373,2025-12-08 03:36:07,PHONE,ADVISORY,RESOLVED,MEDIUM,11.57
1374,823,CRM00000001374,2026-02-27 05:45:55,PHONE,ADVISORY,ESCALATED,MEDIUM,
1375,824,CRM00000001375,2026-07-29 07:32:09,EMAIL,ADVISORY,RESOLVED,LOW,6.53
1376,824,CRM00000001376,2026-07-03 02:39:18,EMAIL,RETENTION,ESCALATED,MEDIUM,
1377,824,CRM00000001377,2025-10-02 20:34:57,EMAIL,RETENTION,IN_PROGRESS,HIGH,
1378,824,CRM00000001378,2025-09-27 11:21:23,CHAT,RETENTION,RESOLVED,URGENT,4.06
1379,824,CRM00000001379,2026-02-03 14:47:59,BRANCH,RETENTION,RESOLVED,URGENT,35.62
1380,824,CRM00000001380,2026-01-12 16:38:48,EMAIL,ADVISORY,IN_PROGRESS,LOW,
1381,824,CRM00000001381,2026-04-18 06:25:40,BRANCH,RETENTION,RESOLVED,LOW,6.03
1382,825,CRM00000001382,2026-08-21 23:56:40,PHONE,RETENTION,RESOLVED,HIGH,3.19
1383,826,CRM00000001383,2026-02-19 04:13:14,EMAIL,RETENTION,OPEN,HIGH,
1384,826,CRM00000001384,2026-06-04 07:53:21,CHAT,PRODUCT_INQUIRY,RESOLVED,URGENT,7.29
1385,828,CRM00000001385,2026-06-11 22:21:48,PHONE,ADVISORY,OPEN,MEDIUM,
1386,828,CRM00000001386,2026-08-06 12:43:50,BRANCH,ADVISORY,ESCALATED,MEDIUM,
1387,829,CRM00000001387,2025-09-15 15:21:06,EMAIL,ADVISORY,RESOLVED,MEDIUM,11.36
1388,832,CRM00000001388,2026-05-01 23:07:24,PHONE,ONBOARDING,RESOLVED,MEDIUM,8.66
1389,832,CRM00000001389,2026-05-06 10:35:01,RM_VISIT,PRODUCT_INQUIRY,IN_PROGRESS,MEDIUM,
1390,833,CRM00000001390,2026-07-10 12:16:24,PHONE,COMPLAINT,RESOLVED,MEDIUM,9.32
1391,833,CRM00000001391,2026-04-01 23:21:01,EMAIL,ADVISORY,RESOLVED,HIGH,15.54
1392,834,CRM00000001392,2026-04-05 04:18:34,BRANCH,RETENTION,RESOLVED,MEDIUM,5.54
1393,834,CRM00000001393,2026-07-15 13:07:06,EMAIL,PRODUCT_INQUIRY,OPEN,MEDIUM,
1394,835,CRM00000001394,2025-12-02 18:01:27,EMAIL,RETENTION,IN_PROGRESS,LOW,
1395,835,CRM00000001395,2025-11-28 03:24:16,PHONE,ONBOARDING,OPEN,MEDIUM,
1396,835,CRM00000001396,2025-11-05 10:45:40,CHAT,RETENTION,RESOLVED,LOW,24.33
1397,837,CRM00000001397,2026-04-30 12:23:58,PHONE,RETENTION,OPEN,LOW,
1398,837,CRM00000001398,2025-12-05 19:12:02,PHONE,DISPUTE,RESOLVED,MEDIUM,5.63
1399,841,CRM00000001399,2025-09-26 11:18:06,PHONE,RETENTION,ESCALATED,URGENT,
1400,841,CRM00000001400,2026-05-15 13:56:10,EMAIL,ONBOARDING,RESOLVED,HIGH,12.86
1401,841,CRM00000001401,2026-04-01 12:17:00,PHONE,PRODUCT_INQUIRY,RESOLVED,HIGH,32.21
1402,841,CRM00000001402,2025-12-26 00:06:26,EMAIL,PRODUCT_INQUIRY,RESOLVED,HIGH,7.57
1403,842,CRM00000001403,2026-05-22 17:50:01,BRANCH,PRODUCT_INQUIRY,RESOLVED,MEDIUM,5.21
1404,843,CRM00000001404,2026-07-11 05:04:51,CHAT,DISPUTE,OPEN,LOW,
1405,845,CRM00000001405,2026-04-14 20:39:18,EMAIL,DISPUTE,IN_PROGRESS,MEDIUM,
1406,846,CRM00000001406,2026-07-19 22:45:12,CHAT,COMPLAINT,RESOLVED,HIGH,7.17
1407,846,CRM00000001407,2026-06-04 07:19:38,PHONE,PRODUCT_INQUIRY,RESOLVED,MEDIUM,9.0
1408,846,CRM00000001408,2026-07-06 14:24:36,CHAT,ONBOARDING,RESOLVED,MEDIUM,11.06
1409,846,CRM00000001409,2026-01-08 02:44:20,PHONE,PRODUCT_INQUIRY,RESOLVED,MEDIUM,27.33
1410,846,CRM00000001410,2026-07-25 00:27:27,BRANCH,COMPLAINT,RESOLVED,HIGH,26.18
1411,847,CRM00000001411,2026-05-11 13:47:58,EMAIL,RETENTION,RESOLVED,LOW,8.33
1412,847,CRM00000001412,2025-10-19 14:30:04,PHONE,DISPUTE,RESOLVED,MEDIUM,14.58
1413,848,CRM00000001413,2026-05-10 12:01:09,CHAT,COMPLAINT,RESOLVED,URGENT,27.92
1414,849,CRM00000001414,2026-08-24 23:05:18,PHONE,ADVISORY,RESOLVED,HIGH,15.06
1415,853,CRM00000001415,2026-08-03 18:31:04,PHONE,COMPLAINT,IN_PROGRESS,HIGH,
1416,853,CRM00000001416,2026-01-07 14:52:20,BRANCH,ONBOARDING,ESCALATED,MEDIUM,
1417,853,CRM00000001417,2025-11-05 06:13:30,PHONE,PRODUCT_INQUIRY,RESOLVED,MEDIUM,18.04
1418,853,CRM00000001418,2026-02-01 22:39:34,EMAIL,ADVISORY,RESOLVED,LOW,2.65
1419,854,CRM00000001419,2026-08-26 03:02:42,PHONE,PRODUCT_INQUIRY,RESOLVED,HIGH,9.32
1420,855,CRM00000001420,2025-10-03 08:48:46,CHAT,RETENTION,RESOLVED,MEDIUM,10.06
1421,856,CRM00000001421,2026-07-09 10:09:34,PHONE,COMPLAINT,IN_PROGRESS,LOW,
1422,859,CRM00000001422,2026-04-10 22:27:21,CHAT,RETENTION,IN_PROGRESS,HIGH,
1423,859,CRM00000001423,2026-08-25 16:42:34,PHONE,ADVISORY,RESOLVED,HIGH,19.88
1424,860,CRM00000001424,2026-01-03 16:46:01,EMAIL,PRODUCT_INQUIRY,RESOLVED,URGENT,26.08
1425,861,CRM00000001425,2025-12-30 10:53:19,RM_VISIT,RETENTION,RESOLVED,HIGH,1.91
1426,861,CRM00000001426,2025-09-12 11:38:01,PHONE,RETENTION,RESOLVED,LOW,10.52
1427,861,CRM00000001427,2025-09-05 08:59:40,PHONE,RETENTION,OPEN,HIGH,
1428,861,CRM00000001428,2025-09-28 09:54:07,PHONE,RETENTION,RESOLVED,HIGH,9.2
1429,861,CRM00000001429,2026-02-19 23:25:17,CHAT,ADVISORY,RESOLVED,HIGH,1.86
1430,862,CRM00000001430,2026-05-09 22:31:57,BRANCH,RETENTION,RESOLVED,URGENT,2.44
1431,862,CRM00000001431,2026-08-19 16:15:03,EMAIL,COMPLAINT,RESOLVED,MEDIUM,7.97
1432,863,CRM00000001432,2025-09-02 21:39:14,RM_VISIT,DISPUTE,OPEN,LOW,
1433,864,CRM00000001433,2026-04-28 12:51:50,BRANCH,RETENTION,RESOLVED,HIGH,10.2
1434,864,CRM00000001434,2026-02-06 10:21:43,RM_VISIT,ADVISORY,RESOLVED,MEDIUM,23.99
1435,864,CRM00000001435,2026-04-28 14:09:32,CHAT,PRODUCT_INQUIRY,IN_PROGRESS,LOW,
1436,864,CRM00000001436,2026-03-01 09:33:17,BRANCH,PRODUCT_INQUIRY,RESOLVED,MEDIUM,12.07
1437,866,CRM00000001437,2026-05-11 09:58:42,PHONE,ADVISORY,ESCALATED,MEDIUM,
1438,866,CRM00000001438,2026-04-24 16:33:08,BRANCH,COMPLAINT,RESOLVED,LOW,8.87
1439,867,CRM00000001439,2026-01-19 16:06:17,PHONE,PRODUCT_INQUIRY,RESOLVED,LOW,2.84
1440,869,CRM00000001440,2025-10-30 14:14:10,EMAIL,ONBOARDING,RESOLVED,LOW,4.14
1441,870,CRM00000001441,2026-08-25 23:47:52,CHAT,DISPUTE,RESOLVED,HIGH,11.16
1442,871,CRM00000001442,2026-02-28 00:38:17,PHONE,RETENTION,RESOLVED,HIGH,24.72
1443,871,CRM00000001443,2026-03-19 23:53:19,PHONE,ADVISORY,ESCALATED,MEDIUM,
1444,871,CRM00000001444,2026-05-23 02:02:04,PHONE,RETENTION,RESOLVED,HIGH,4.07
1445,871,CRM00000001445,2026-07-31 01:38:25,CHAT,RETENTION,RESOLVED,LOW,21.14
1446,872,CRM00000001446,2025-09-19 12:06:03,PHONE,COMPLAINT,RESOLVED,MEDIUM,11.05
1447,872,CRM00000001447,2025-09-03 16:47:46,PHONE,DISPUTE,RESOLVED,MEDIUM,15.09
1448,872,CRM00000001448,2026-02-05 11:56:27,EMAIL,PRODUCT_INQUIRY,RESOLVED,HIGH,13.11
1449,872,CRM00000001449,2026-05-31 12:16:07,EMAIL,RETENTION,RESOLVED,MEDIUM,20.2
1450,874,CRM00000001450,2026-01-06 03:35:58,RM_VISIT,COMPLAINT,RESOLVED,MEDIUM,32.02
1451,874,CRM00000001451,2026-03-26 07:38:07,PHONE,ADVISORY,RESOLVED,HIGH,2.66
1452,875,CRM00000001452,2026-04-06 22:42:35,BRANCH,COMPLAINT,RESOLVED,HIGH,16.46
1453,875,CRM00000001453,2026-08-08 16:44:10,EMAIL,PRODUCT_INQUIRY,RESOLVED,URGENT,14.47
1454,875,CRM00000001454,2025-09-24 01:47:32,PHONE,RETENTION,RESOLVED,MEDIUM,14.09
1455,877,CRM00000001455,2026-04-28 15:25:12,PHONE,COMPLAINT,RESOLVED,MEDIUM,8.99
1456,878,CRM00000001456,2025-12-17 13:27:48,EMAIL,DISPUTE,IN_PROGRESS,LOW,
1457,878,CRM00000001457,2026-04-15 16:55:38,RM_VISIT,ADVISORY,RESOLVED,HIGH,9.6
1458,879,CRM00000001458,2026-07-21 09:46:04,BRANCH,PRODUCT_INQUIRY,RESOLVED,HIGH,13.64
1459,883,CRM00000001459,2026-03-01 06:15:14,EMAIL,PRODUCT_INQUIRY,RESOLVED,MEDIUM,6.96
1460,884,CRM00000001460,2026-04-15 16:42:59,EMAIL,ADVISORY,ESCALATED,HIGH,
1461,885,CRM00000001461,2026-04-13 11:15:12,EMAIL,PRODUCT_INQUIRY,RESOLVED,URGENT,10.65
1462,886,CRM00000001462,2026-04-03 14:32:42,CHAT,COMPLAINT,OPEN,HIGH,
1463,886,CRM00000001463,2025-12-03 21:10:22,CHAT,RETENTION,RESOLVED,LOW,6.68
1464,887,CRM00000001464,2026-04-22 09:14:28,PHONE,COMPLAINT,RESOLVED,MEDIUM,4.4
1465,887,CRM00000001465,2025-08-28 05:37:13,CHAT,COMPLAINT,IN_PROGRESS,MEDIUM,
1466,888,CRM00000001466,2026-08-01 18:03:38,EMAIL,RETENTION,RESOLVED,MEDIUM,12.13
1467,888,CRM00000001467,2025-11-07 18:35:22,PHONE,ADVISORY,RESOLVED,MEDIUM,5.58
1468,888,CRM00000001468,2026-03-19 02:36:07,PHONE,COMPLAINT,RESOLVED,HIGH,21.47
1469,888,CRM00000001469,2026-07-03 09:41:26,PHONE,ADVISORY,ESCALATED,MEDIUM,
1470,889,CRM00000001470,2026-03-25 16:19:59,CHAT,COMPLAINT,RESOLVED,LOW,13.38
1471,889,CRM00000001471,2026-07-29 15:16:55,BRANCH,ADVISORY,RESOLVED,HIGH,13.18
1472,889,CRM00000001472,2026-06-21 18:37:04,BRANCH,PRODUCT_INQUIRY,IN_PROGRESS,LOW,
1473,890,CRM00000001473,2026-04-02 17:58:39,BRANCH,RETENTION,RESOLVED,MEDIUM,6.68
1474,891,CRM00000001474,2026-01-25 01:37:18,EMAIL,ONBOARDING,RESOLVED,URGENT,6.14
1475,892,CRM00000001475,2026-04-11 16:54:35,PHONE,ADVISORY,OPEN,URGENT,
1476,893,CRM00000001476,2026-05-02 22:45:37,BRANCH,DISPUTE,OPEN,MEDIUM,
1477,893,CRM00000001477,2025-10-31 22:55:27,PHONE,PRODUCT_INQUIRY,OPEN,HIGH,
1478,894,CRM00000001478,2025-10-14 23:29:36,PHONE,PRODUCT_INQUIRY,OPEN,MEDIUM,
1479,895,CRM00000001479,2025-09-04 01:33:40,PHONE,RETENTION,RESOLVED,HIGH,14.19
1480,895,CRM00000001480,2026-07-31 09:59:51,PHONE,RETENTION,RESOLVED,MEDIUM,9.93
1481,895,CRM00000001481,2026-05-22 15:28:14,PHONE,PRODUCT_INQUIRY,IN_PROGRESS,LOW,
1482,895,CRM00000001482,2026-02-13 09:17:40,EMAIL,ADVISORY,OPEN,LOW,
1483,897,CRM00000001483,2026-01-18 16:19:15,PHONE,RETENTION,RESOLVED,LOW,6.52
1484,899,CRM00000001484,2026-05-20 20:10:44,CHAT,ONBOARDING,RESOLVED,HIGH,20.61
1485,900,CRM00000001485,2025-10-22 16:48:59,BRANCH,PRODUCT_INQUIRY,RESOLVED,MEDIUM,10.32
1486,900,CRM00000001486,2025-09-18 21:17:13,RM_VISIT,DISPUTE,RESOLVED,MEDIUM,15.12
1487,900,CRM00000001487,2025-10-22 16:02:41,PHONE,RETENTION,RESOLVED,LOW,5.86
1488,900,CRM00000001488,2026-04-27 20:47:22,EMAIL,RETENTION,RESOLVED,LOW,7.98
1489,901,CRM00000001489,2026-03-25 05:04:09,PHONE,DISPUTE,ESCALATED,HIGH,
1490,901,CRM00000001490,2025-10-22 22:35:10,PHONE,ADVISORY,RESOLVED,MEDIUM,17.99
1491,901,CRM00000001491,2026-04-25 14:19:27,EMAIL,ADVISORY,RESOLVED,LOW,13.0
1492,902,CRM00000001492,2026-02-06 09:33:50,BRANCH,DISPUTE,RESOLVED,LOW,7.63
1493,902,CRM00000001493,2026-07-04 15:27:58,PHONE,ADVISORY,RESOLVED,MEDIUM,2.93
1494,903,CRM00000001494,2026-03-01 16:09:28,PHONE,COMPLAINT,RESOLVED,LOW,8.2
1495,903,CRM00000001495,2025-12-16 14:06:08,PHONE,ADVISORY,RESOLVED,LOW,18.3
1496,903,CRM00000001496,2026-02-18 23:05:12,RM_VISIT,PRODUCT_INQUIRY,OPEN,MEDIUM,
1497,904,CRM00000001497,2026-01-08 02:42:12,PHONE,PRODUCT_INQUIRY,ESCALATED,HIGH,
1498,905,CRM00000001498,2025-09-11 14:14:59,PHONE,ADVISORY,RESOLVED,HIGH,22.79
1499,906,CRM00000001499,2026-04-04 12:20:40,RM_VISIT,RETENTION,RESOLVED,MEDIUM,13.53
1500,906,CRM00000001500,2025-10-29 22:38:50,BRANCH,RETENTION,RESOLVED,HIGH,4.14
1501,906,CRM00000001501,2026-05-16 19:06:12,EMAIL,PRODUCT_INQUIRY,RESOLVED,LOW,3.02
1502,906,CRM00000001502,2025-10-16 20:31:17,PHONE,RETENTION,RESOLVED,LOW,16.32
1503,906,CRM00000001503,2025-11-23 21:33:38,BRANCH,COMPLAINT,OPEN,LOW,
1504,908,CRM00000001504,2026-08-05 06:08:27,PHONE,RETENTION,RESOLVED,HIGH,8.08
1505,908,CRM00000001505,2026-03-29 07:10:29,PHONE,ADVISORY,RESOLVED,HIGH,14.3
1506,908,CRM00000001506,2026-06-17 03:34:40,PHONE,DISPUTE,RESOLVED,MEDIUM,12.5
1507,909,CRM00000001507,2026-08-27 03:03:57,CHAT,DISPUTE,RESOLVED,MEDIUM,5.22
1508,909,CRM00000001508,2026-08-02 06:13:07,PHONE,PRODUCT_INQUIRY,IN_PROGRESS,HIGH,
1509,909,CRM00000001509,2025-12-04 12:25:01,PHONE,RETENTION,IN_PROGRESS,LOW,
1510,909,CRM00000001510,2026-08-13 00:35:51,PHONE,PRODUCT_INQUIRY,RESOLVED,HIGH,7.81
1511,910,CRM00000001511,2026-03-10 02:48:53,PHONE,PRODUCT_INQUIRY,RESOLVED,MEDIUM,8.02
1512,910,CRM00000001512,2026-07-23 02:27:18,BRANCH,PRODUCT_INQUIRY,RESOLVED,HIGH,2.8
1513,910,CRM00000001513,2026-02-14 21:02:40,CHAT,COMPLAINT,RESOLVED,MEDIUM,17.28
1514,910,CRM00000001514,2026-04-24 21:46:45,BRANCH,PRODUCT_INQUIRY,RESOLVED,HIGH,10.81
1515,910,CRM00000001515,2026-06-02 15:43:27,RM_VISIT,RETENTION,RESOLVED,HIGH,6.71
1516,911,CRM00000001516,2025-11-09 13:41:12,PHONE,PRODUCT_INQUIRY,OPEN,LOW,
1517,912,CRM00000001517,2026-06-16 22:49:39,PHONE,ADVISORY,ESCALATED,LOW,
1518,913,CRM00000001518,2025-11-03 17:30:28,EMAIL,COMPLAINT,IN_PROGRESS,MEDIUM,
1519,913,CRM00000001519,2026-06-04 01:45:37,EMAIL,ADVISORY,OPEN,MEDIUM,
1520,913,CRM00000001520,2026-05-29 20:24:22,PHONE,ADVISORY,OPEN,HIGH,
1521,913,CRM00000001521,2026-08-19 02:05:23,BRANCH,ADVISORY,RESOLVED,HIGH,8.6
1522,913,CRM00000001522,2025-09-01 17:08:47,EMAIL,DISPUTE,RESOLVED,HIGH,26.34
1523,916,CRM00000001523,2026-06-01 15:51:04,PHONE,COMPLAINT,RESOLVED,MEDIUM,9.12
1524,917,CRM00000001524,2026-06-19 12:46:59,PHONE,PRODUCT_INQUIRY,RESOLVED,LOW,11.38
1525,918,CRM00000001525,2026-06-08 20:36:01,PHONE,ADVISORY,RESOLVED,MEDIUM,3.88
1526,918,CRM00000001526,2025-09-18 20:26:28,PHONE,PRODUCT_INQUIRY,RESOLVED,MEDIUM,1.87
1527,918,CRM00000001527,2025-12-04 09:58:19,PHONE,COMPLAINT,RESOLVED,MEDIUM,6.61
1528,918,CRM00000001528,2026-04-18 09:55:22,CHAT,PRODUCT_INQUIRY,RESOLVED,LOW,21.31
1529,918,CRM00000001529,2026-07-30 04:04:59,PHONE,DISPUTE,IN_PROGRESS,HIGH,
1530,919,CRM00000001530,2026-01-31 16:33:28,PHONE,RETENTION,RESOLVED,LOW,15.24
1531,921,CRM00000001531,2025-11-12 22:36:36,CHAT,ADVISORY,IN_PROGRESS,MEDIUM,
1532,921,CRM00000001532,2026-01-28 16:03:02,PHONE,PRODUCT_INQUIRY,RESOLVED,LOW,17.5
1533,921,CRM00000001533,2026-08-04 00:15:31,EMAIL,ADVISORY,RESOLVED,MEDIUM,4.59
1534,922,CRM00000001534,2025-12-15 22:18:40,CHAT,COMPLAINT,RESOLVED,MEDIUM,8.95
1535,923,CRM00000001535,2026-06-25 06:38:54,PHONE,ADVISORY,RESOLVED,URGENT,10.26
1536,923,CRM00000001536,2025-08-27 09:09:03,EMAIL,DISPUTE,RESOLVED,MEDIUM,12.87
1537,925,CRM00000001537,2026-07-22 00:55:40,PHONE,PRODUCT_INQUIRY,RESOLVED,HIGH,14.85
1538,925,CRM00000001538,2026-06-15 12:44:19,CHAT,PRODUCT_INQUIRY,ESCALATED,MEDIUM,
1539,926,CRM00000001539,2025-10-21 06:03:46,PHONE,PRODUCT_INQUIRY,RESOLVED,LOW,24.27
1540,926,CRM00000001540,2026-05-25 23:13:19,PHONE,ONBOARDING,RESOLVED,LOW,1.35
1541,926,CRM00000001541,2026-04-10 08:18:24,RM_VISIT,DISPUTE,IN_PROGRESS,LOW,
1542,928,CRM00000001542,2026-06-12 22:55:13,EMAIL,PRODUCT_INQUIRY,RESOLVED,MEDIUM,16.18
1543,928,CRM00000001543,2026-02-26 00:23:02,EMAIL,PRODUCT_INQUIRY,RESOLVED,MEDIUM,1.56
1544,930,CRM00000001544,2026-05-23 03:48:47,EMAIL,RETENTION,RESOLVED,LOW,11.95
1545,930,CRM00000001545,2026-04-22 03:37:24,PHONE,PRODUCT_INQUIRY,RESOLVED,MEDIUM,13.0
1546,930,CRM00000001546,2026-07-27 01:14:50,BRANCH,COMPLAINT,RESOLVED,MEDIUM,17.87
1547,931,CRM00000001547,2026-04-12 00:47:42,PHONE,COMPLAINT,RESOLVED,LOW,20.6
1548,931,CRM00000001548,2026-05-23 21:34:31,RM_VISIT,PRODUCT_INQUIRY,RESOLVED,MEDIUM,26.77
1549,932,CRM00000001549,2026-07-08 14:28:46,PHONE,COMPLAINT,RESOLVED,MEDIUM,32.5
1550,932,CRM00000001550,2025-12-09 02:01:21,PHONE,ONBOARDING,IN_PROGRESS,LOW,
1551,933,CRM00000001551,2026-08-15 05:22:28,BRANCH,ADVISORY,IN_PROGRESS,HIGH,
1552,934,CRM00000001552,2025-09-11 03:22:01,PHONE,COMPLAINT,RESOLVED,LOW,7.47
1553,934,CRM00000001553,2025-09-06 01:03:19,PHONE,PRODUCT_INQUIRY,RESOLVED,MEDIUM,4.05
1554,934,CRM00000001554,2026-05-28 13:54:24,EMAIL,PRODUCT_INQUIRY,ESCALATED,MEDIUM,
1555,935,CRM00000001555,2025-11-19 16:14:32,BRANCH,ADVISORY,RESOLVED,LOW,9.54
1556,935,CRM00000001556,2025-09-24 18:37:24,EMAIL,PRODUCT_INQUIRY,ESCALATED,HIGH,
1557,936,CRM00000001557,2026-01-05 18:56:11,BRANCH,RETENTION,ESCALATED,LOW,
1558,936,CRM00000001558,2026-05-06 05:47:45,PHONE,ONBOARDING,OPEN,LOW,
1559,937,CRM00000001559,2025-09-04 06:19:51,CHAT,PRODUCT_INQUIRY,RESOLVED,MEDIUM,12.12
1560,938,CRM00000001560,2026-07-17 18:08:24,EMAIL,ADVISORY,RESOLVED,LOW,14.73
1561,938,CRM00000001561,2026-03-26 19:34:42,CHAT,ADVISORY,OPEN,MEDIUM,
1562,938,CRM00000001562,2026-01-21 02:06:29,EMAIL,ONBOARDING,RESOLVED,MEDIUM,10.38
1563,940,CRM00000001563,2026-06-16 15:30:18,PHONE,PRODUCT_INQUIRY,RESOLVED,MEDIUM,2.32
1564,940,CRM00000001564,2025-11-08 02:46:15,EMAIL,ADVISORY,RESOLVED,HIGH,15.34
1565,940,CRM00000001565,2026-04-07 08:42:01,RM_VISIT,ADVISORY,RESOLVED,MEDIUM,11.5
1566,941,CRM00000001566,2026-07-03 20:30:59,PHONE,RETENTION,RESOLVED,LOW,5.93
1567,941,CRM00000001567,2025-11-28 01:50:51,EMAIL,ADVISORY,RESOLVED,HIGH,7.59
1568,941,CRM00000001568,2026-06-27 18:21:40,BRANCH,PRODUCT_INQUIRY,RESOLVED,LOW,21.7
1569,942,CRM00000001569,2025-09-23 11:01:15,PHONE,PRODUCT_INQUIRY,IN_PROGRESS,MEDIUM,
1570,943,CRM00000001570,2025-12-19 06:39:14,EMAIL,DISPUTE,RESOLVED,LOW,21.21
1571,944,CRM00000001571,2025-09-10 22:53:52,BRANCH,PRODUCT_INQUIRY,OPEN,LOW,
1572,944,CRM00000001572,2026-06-22 02:53:17,PHONE,ADVISORY,RESOLVED,MEDIUM,7.89
1573,944,CRM00000001573,2026-03-11 16:38:30,BRANCH,RETENTION,IN_PROGRESS,MEDIUM,
1574,944,CRM00000001574,2026-02-14 09:43:17,EMAIL,DISPUTE,ESCALATED,MEDIUM,
1575,945,CRM00000001575,2026-04-30 22:14:00,PHONE,DISPUTE,IN_PROGRESS,MEDIUM,
1576,946,CRM00000001576,2026-01-01 20:34:47,BRANCH,ADVISORY,RESOLVED,MEDIUM,2.71
1577,946,CRM00000001577,2026-03-31 02:44:27,BRANCH,COMPLAINT,RESOLVED,LOW,17.38
1578,946,CRM00000001578,2025-12-04 09:11:31,PHONE,PRODUCT_INQUIRY,RESOLVED,MEDIUM,34.13
1579,946,CRM00000001579,2026-08-16 03:19:56,CHAT,PRODUCT_INQUIRY,RESOLVED,LOW,20.86
1580,947,CRM00000001580,2025-11-22 00:10:36,EMAIL,RETENTION,ESCALATED,MEDIUM,
1581,947,CRM00000001581,2025-11-12 21:44:02,PHONE,RETENTION,RESOLVED,HIGH,1.84
1582,947,CRM00000001582,2025-12-20 13:13:03,PHONE,RETENTION,ESCALATED,MEDIUM,
1583,947,CRM00000001583,2026-05-06 10:33:40,PHONE,RETENTION,RESOLVED,MEDIUM,13.47
1584,949,CRM00000001584,2026-05-09 15:57:57,BRANCH,ONBOARDING,RESOLVED,MEDIUM,7.33
1585,949,CRM00000001585,2026-06-17 16:44:48,EMAIL,ADVISORY,RESOLVED,LOW,21.43
1586,950,CRM00000001586,2025-10-02 12:41:01,EMAIL,RETENTION,RESOLVED,MEDIUM,10.42
1587,950,CRM00000001587,2025-11-30 17:46:43,PHONE,COMPLAINT,RESOLVED,HIGH,11.96
1588,953,CRM00000001588,2025-12-21 04:25:19,BRANCH,COMPLAINT,RESOLVED,HIGH,30.41
1589,954,CRM00000001589,2026-05-09 12:07:05,PHONE,PRODUCT_INQUIRY,IN_PROGRESS,LOW,
1590,954,CRM00000001590,2025-11-21 01:17:12,BRANCH,DISPUTE,RESOLVED,MEDIUM,17.72
1591,955,CRM00000001591,2026-02-23 10:03:21,CHAT,COMPLAINT,RESOLVED,MEDIUM,8.05
1592,955,CRM00000001592,2026-08-24 08:42:41,CHAT,RETENTION,IN_PROGRESS,MEDIUM,
1593,956,CRM00000001593,2026-02-17 04:20:10,BRANCH,PRODUCT_INQUIRY,IN_PROGRESS,MEDIUM,
1594,957,CRM00000001594,2026-08-26 16:17:36,EMAIL,COMPLAINT,RESOLVED,LOW,30.74
1595,957,CRM00000001595,2026-02-08 20:26:20,PHONE,PRODUCT_INQUIRY,RESOLVED,MEDIUM,26.52
1596,961,CRM00000001596,2025-12-21 10:04:30,PHONE,PRODUCT_INQUIRY,RESOLVED,MEDIUM,5.28
1597,963,CRM00000001597,2026-04-29 23:18:07,PHONE,ONBOARDING,RESOLVED,MEDIUM,9.23
1598,963,CRM00000001598,2025-10-05 05:46:41,PHONE,PRODUCT_INQUIRY,RESOLVED,MEDIUM,1.51
1599,963,CRM00000001599,2026-07-31 18:53:50,BRANCH,COMPLAINT,RESOLVED,HIGH,13.53
1600,964,CRM00000001600,2026-06-15 19:48:23,EMAIL,ADVISORY,OPEN,MEDIUM,
1601,965,CRM00000001601,2025-12-03 18:28:47,PHONE,PRODUCT_INQUIRY,RESOLVED,MEDIUM,10.71
1602,969,CRM00000001602,2026-05-20 11:40:56,PHONE,COMPLAINT,IN_PROGRESS,MEDIUM,
1603,969,CRM00000001603,2026-07-05 03:17:13,BRANCH,PRODUCT_INQUIRY,RESOLVED,MEDIUM,25.86
1604,970,CRM00000001604,2026-03-31 15:04:38,CHAT,COMPLAINT,ESCALATED,MEDIUM,
1605,971,CRM00000001605,2026-04-11 09:42:18,PHONE,DISPUTE,RESOLVED,MEDIUM,4.5
1606,971,CRM00000001606,2026-01-29 23:39:26,CHAT,ADVISORY,ESCALATED,MEDIUM,
1607,971,CRM00000001607,2025-11-30 22:56:13,EMAIL,PRODUCT_INQUIRY,OPEN,MEDIUM,
1608,973,CRM00000001608,2025-09-07 11:03:55,PHONE,ADVISORY,RESOLVED,MEDIUM,5.04
1609,973,CRM00000001609,2026-06-16 11:04:07,PHONE,ADVISORY,IN_PROGRESS,MEDIUM,
1610,973,CRM00000001610,2026-04-25 20:35:21,BRANCH,PRODUCT_INQUIRY,RESOLVED,HIGH,9.19
1611,973,CRM00000001611,2026-02-17 08:55:35,PHONE,ONBOARDING,RESOLVED,LOW,3.02
1612,974,CRM00000001612,2026-04-30 16:01:36,PHONE,ONBOARDING,RESOLVED,MEDIUM,8.84
1613,975,CRM00000001613,2025-12-06 12:38:22,PHONE,ONBOARDING,RESOLVED,HIGH,15.86
1614,976,CRM00000001614,2026-01-03 19:21:09,BRANCH,PRODUCT_INQUIRY,RESOLVED,MEDIUM,7.69
1615,978,CRM00000001615,2025-11-26 15:19:25,PHONE,PRODUCT_INQUIRY,ESCALATED,MEDIUM,
1616,978,CRM00000001616,2025-12-25 04:59:59,EMAIL,COMPLAINT,IN_PROGRESS,LOW,
1617,978,CRM00000001617,2025-11-17 10:36:10,BRANCH,PRODUCT_INQUIRY,IN_PROGRESS,MEDIUM,
1618,979,CRM00000001618,2025-10-04 05:39:46,PHONE,ADVISORY,IN_PROGRESS,MEDIUM,
1619,981,CRM00000001619,2025-11-13 01:27:23,CHAT,PRODUCT_INQUIRY,RESOLVED,LOW,10.24
1620,981,CRM00000001620,2026-02-19 03:26:15,PHONE,ADVISORY,IN_PROGRESS,HIGH,
1621,982,CRM00000001621,2026-08-19 16:27:10,BRANCH,PRODUCT_INQUIRY,RESOLVED,MEDIUM,13.91
1622,982,CRM00000001622,2026-03-31 14:23:30,EMAIL,DISPUTE,IN_PROGRESS,LOW,
1623,982,CRM00000001623,2026-07-07 06:55:12,EMAIL,ADVISORY,RESOLVED,HIGH,21.95
1624,983,CRM00000001624,2025-12-16 18:00:00,BRANCH,RETENTION,RESOLVED,LOW,7.56
1625,983,CRM00000001625,2026-05-20 20:23:47,BRANCH,RETENTION,RESOLVED,HIGH,24.74
1626,984,CRM00000001626,2026-07-01 15:30:26,RM_VISIT,PRODUCT_INQUIRY,RESOLVED,LOW,21.39
1627,984,CRM00000001627,2026-04-24 22:58:56,BRANCH,ONBOARDING,RESOLVED,LOW,19.8
1628,985,CRM00000001628,2026-03-09 10:43:15,PHONE,COMPLAINT,IN_PROGRESS,MEDIUM,
1629,987,CRM00000001629,2026-04-12 03:25:01,EMAIL,PRODUCT_INQUIRY,RESOLVED,MEDIUM,5.79
1630,988,CRM00000001630,2026-02-12 14:45:48,PHONE,PRODUCT_INQUIRY,RESOLVED,MEDIUM,34.71
1631,988,CRM00000001631,2026-04-01 14:51:51,PHONE,COMPLAINT,OPEN,URGENT,
1632,988,CRM00000001632,2025-12-14 12:47:13,PHONE,ADVISORY,RESOLVED,LOW,14.99
1633,988,CRM00000001633,2026-08-16 23:58:42,PHONE,ADVISORY,RESOLVED,HIGH,11.29
1634,988,CRM00000001634,2026-02-24 11:52:03,RM_VISIT,COMPLAINT,RESOLVED,LOW,2.34
1635,989,CRM00000001635,2025-11-28 17:37:28,CHAT,ADVISORY,RESOLVED,LOW,0.93
1636,989,CRM00000001636,2026-04-20 10:43:01,CHAT,PRODUCT_INQUIRY,OPEN,MEDIUM,
1637,989,CRM00000001637,2025-12-26 14:40:42,EMAIL,DISPUTE,IN_PROGRESS,LOW,
1638,989,CRM00000001638,2026-02-16 10:29:05,PHONE,PRODUCT_INQUIRY,RESOLVED,LOW,5.48
1639,989,CRM00000001639,2025-09-23 16:59:28,PHONE,PRODUCT_INQUIRY,RESOLVED,LOW,9.5
1640,989,CRM00000001640,2026-01-06 15:27:01,RM_VISIT,ADVISORY,RESOLVED,LOW,12.25
1641,989,CRM00000001641,2026-04-11 03:07:19,PHONE,RETENTION,RESOLVED,URGENT,21.0
1642,991,CRM00000001642,2026-08-04 15:52:55,BRANCH,RETENTION,RESOLVED,HIGH,0.98
1643,992,CRM00000001643,2025-11-05 05:30:20,EMAIL,DISPUTE,RESOLVED,MEDIUM,23.72
1644,992,CRM00000001644,2025-11-03 00:13:23,BRANCH,RETENTION,RESOLVED,LOW,3.64
1645,993,CRM00000001645,2025-11-21 14:30:08,PHONE,ADVISORY,RESOLVED,MEDIUM,5.22
1646,993,CRM00000001646,2025-09-13 04:45:28,EMAIL,ONBOARDING,RESOLVED,HIGH,11.05
1647,994,CRM00000001647,2025-08-30 03:04:30,EMAIL,ONBOARDING,OPEN,MEDIUM,
1648,995,CRM00000001648,2026-07-13 17:48:23,EMAIL,ONBOARDING,RESOLVED,URGENT,20.76
1649,995,CRM00000001649,2026-03-13 10:48:01,PHONE,DISPUTE,OPEN,HIGH,
1650,995,CRM00000001650,2025-09-05 14:13:52,PHONE,PRODUCT_INQUIRY,RESOLVED,MEDIUM,9.33
1651,996,CRM00000001651,2025-12-06 10:27:16,PHONE,COMPLAINT,OPEN,HIGH,
1652,996,CRM00000001652,2026-02-08 22:59:38,BRANCH,PRODUCT_INQUIRY,RESOLVED,MEDIUM,17.72
1653,996,CRM00000001653,2026-08-09 00:53:14,PHONE,DISPUTE,IN_PROGRESS,MEDIUM,
1654,997,CRM00000001654,2026-05-18 07:28:12,PHONE,PRODUCT_INQUIRY,RESOLVED,MEDIUM,5.69
1655,998,CRM00000001655,2026-02-16 14:33:19,BRANCH,PRODUCT_INQUIRY,RESOLVED,LOW,7.23
1656,998,CRM00000001656,2026-05-18 07:26:23,PHONE,ADVISORY,ESCALATED,LOW,
1657,999,CRM00000001657,2025-09-06 23:12:06,BRANCH,RETENTION,RESOLVED,LOW,2.77
1658,999,CRM00000001658,2025-10-29 02:22:21,BRANCH,ONBOARDING,IN_PROGRESS,MEDIUM,
1659,1000,CRM00000001659,2026-07-14 06:18:48,EMAIL,COMPLAINT,RESOLVED,MEDIUM,9.69
1660,1000,CRM00000001660,2026-04-10 14:56:19,BRANCH,PRODUCT_INQUIRY,IN_PROGRESS,HIGH,
1661,1001,CRM00000001661,2025-11-18 22:40:37,CHAT,PRODUCT_INQUIRY,RESOLVED,HIGH,5.74
1662,1001,CRM00000001662,2026-04-23 02:30:03,EMAIL,ADVISORY,RESOLVED,MEDIUM,22.77
1663,1001,CRM00000001663,2025-09-03 13:14:46,EMAIL,COMPLAINT,RESOLVED,MEDIUM,26.11
1664,1002,CRM00000001664,2026-07-21 14:31:18,PHONE,RETENTION,RESOLVED,LOW,9.77
1665,1002,CRM00000001665,2026-05-31 13:20:08,PHONE,PRODUCT_INQUIRY,OPEN,MEDIUM,
1666,1003,CRM00000001666,2026-06-08 19:44:02,PHONE,PRODUCT_INQUIRY,RESOLVED,LOW,7.33
1667,1003,CRM00000001667,2026-02-23 18:35:32,CHAT,DISPUTE,OPEN,LOW,
1668,1003,CRM00000001668,2026-07-09 23:16:15,PHONE,COMPLAINT,RESOLVED,MEDIUM,37.58
1669,1004,CRM00000001669,2026-05-22 04:43:56,EMAIL,RETENTION,RESOLVED,LOW,6.39
1670,1004,CRM00000001670,2026-03-05 03:52:11,PHONE,ADVISORY,RESOLVED,LOW,13.4
1671,1005,CRM00000001671,2026-07-09 01:35:28,CHAT,RETENTION,RESOLVED,MEDIUM,0.44
1672,1006,CRM00000001672,2025-11-13 05:30:12,BRANCH,ONBOARDING,IN_PROGRESS,LOW,
1673,1006,CRM00000001673,2025-11-25 12:18:48,PHONE,ADVISORY,RESOLVED,MEDIUM,17.58
1674,1006,CRM00000001674,2026-06-11 08:52:55,CHAT,ONBOARDING,RESOLVED,HIGH,18.08
1675,1007,CRM00000001675,2026-06-09 05:05:46,BRANCH,COMPLAINT,IN_PROGRESS,MEDIUM,
1676,1007,CRM00000001676,2026-05-20 16:37:25,EMAIL,PRODUCT_INQUIRY,ESCALATED,URGENT,
1677,1008,CRM00000001677,2026-07-18 12:50:20,RM_VISIT,PRODUCT_INQUIRY,IN_PROGRESS,MEDIUM,
1678,1008,CRM00000001678,2025-11-26 17:44:08,CHAT,ONBOARDING,IN_PROGRESS,HIGH,
1679,1009,CRM00000001679,2026-03-04 01:23:48,PHONE,RETENTION,RESOLVED,LOW,28.32
1680,1009,CRM00000001680,2026-06-26 09:45:38,PHONE,RETENTION,RESOLVED,LOW,25.41
1681,1011,CRM00000001681,2025-12-27 14:38:19,RM_VISIT,RETENTION,IN_PROGRESS,URGENT,
1682,1011,CRM00000001682,2025-12-21 10:23:42,PHONE,RETENTION,RESOLVED,LOW,18.97
1683,1013,CRM00000001683,2026-04-22 00:54:17,PHONE,PRODUCT_INQUIRY,RESOLVED,HIGH,12.74
1684,1013,CRM00000001684,2026-02-04 06:36:28,PHONE,RETENTION,IN_PROGRESS,LOW,
1685,1015,CRM00000001685,2025-12-07 08:22:57,EMAIL,PRODUCT_INQUIRY,RESOLVED,MEDIUM,12.93
1686,1015,CRM00000001686,2025-09-10 21:05:56,EMAIL,DISPUTE,RESOLVED,HIGH,5.85
1687,1016,CRM00000001687,2026-07-02 10:33:41,EMAIL,ONBOARDING,RESOLVED,MEDIUM,3.54
1688,1016,CRM00000001688,2026-08-12 00:12:28,EMAIL,ONBOARDING,OPEN,MEDIUM,
1689,1016,CRM00000001689,2026-05-29 08:34:53,CHAT,ONBOARDING,RESOLVED,LOW,8.26
1690,1017,CRM00000001690,2026-05-26 15:21:34,PHONE,PRODUCT_INQUIRY,RESOLVED,HIGH,9.39
1691,1018,CRM00000001691,2025-12-20 20:04:21,EMAIL,ADVISORY,RESOLVED,MEDIUM,6.38
1692,1018,CRM00000001692,2026-04-09 16:54:59,PHONE,PRODUCT_INQUIRY,OPEN,HIGH,
1693,1019,CRM00000001693,2025-10-23 02:33:46,BRANCH,RETENTION,RESOLVED,MEDIUM,11.43
1694,1019,CRM00000001694,2026-01-08 08:19:40,PHONE,PRODUCT_INQUIRY,IN_PROGRESS,HIGH,
1695,1022,CRM00000001695,2026-06-18 22:34:33,EMAIL,RETENTION,ESCALATED,LOW,
1696,1022,CRM00000001696,2025-12-12 04:37:24,PHONE,PRODUCT_INQUIRY,RESOLVED,LOW,1.36
1697,1023,CRM00000001697,2026-02-03 18:21:38,PHONE,PRODUCT_INQUIRY,RESOLVED,MEDIUM,10.5
1698,1025,CRM00000001698,2025-09-19 12:08:05,EMAIL,RETENTION,RESOLVED,LOW,2.47
1699,1025,CRM00000001699,2025-11-14 04:37:50,CHAT,COMPLAINT,RESOLVED,HIGH,6.59
1700,1025,CRM00000001700,2026-06-19 20:50:36,PHONE,PRODUCT_INQUIRY,RESOLVED,MEDIUM,7.3
1701,1026,CRM00000001701,2026-08-12 10:41:32,BRANCH,ADVISORY,ESCALATED,HIGH,
1702,1026,CRM00000001702,2026-01-17 08:40:24,PHONE,COMPLAINT,RESOLVED,MEDIUM,21.42
1703,1026,CRM00000001703,2026-06-07 20:23:14,EMAIL,PRODUCT_INQUIRY,RESOLVED,MEDIUM,6.38
1704,1028,CRM00000001704,2026-07-29 06:47:37,CHAT,PRODUCT_INQUIRY,ESCALATED,HIGH,
1705,1029,CRM00000001705,2026-02-07 13:42:23,CHAT,RETENTION,IN_PROGRESS,MEDIUM,
1706,1029,CRM00000001706,2025-09-13 16:20:21,RM_VISIT,COMPLAINT,RESOLVED,LOW,30.05
1707,1029,CRM00000001707,2026-07-06 13:44:39,EMAIL,COMPLAINT,RESOLVED,LOW,25.02
1708,1030,CRM00000001708,2026-06-06 06:17:47,CHAT,COMPLAINT,RESOLVED,HIGH,22.63
1709,1030,CRM00000001709,2025-09-06 21:41:34,EMAIL,PRODUCT_INQUIRY,RESOLVED,MEDIUM,18.74
1710,1032,CRM00000001710,2026-05-23 01:52:56,EMAIL,DISPUTE,RESOLVED,URGENT,13.82
1711,1032,CRM00000001711,2025-12-27 12:57:43,PHONE,ONBOARDING,IN_PROGRESS,URGENT,
1712,1033,CRM00000001712,2026-08-08 19:07:36,EMAIL,DISPUTE,RESOLVED,LOW,4.49
1713,1033,CRM00000001713,2025-10-18 19:11:30,PHONE,DISPUTE,RESOLVED,MEDIUM,3.81
1714,1033,CRM00000001714,2025-11-09 03:24:16,EMAIL,RETENTION,RESOLVED,MEDIUM,7.58
1715,1035,CRM00000001715,2025-09-09 00:15:55,EMAIL,PRODUCT_INQUIRY,RESOLVED,MEDIUM,8.48
1716,1036,CRM00000001716,2025-12-14 23:37:02,EMAIL,RETENTION,RESOLVED,MEDIUM,2.03
1717,1036,CRM00000001717,2026-08-20 00:49:30,PHONE,COMPLAINT,OPEN,LOW,
1718,1036,CRM00000001718,2026-05-16 15:50:50,BRANCH,DISPUTE,RESOLVED,LOW,3.53
1719,1036,CRM00000001719,2026-07-09 03:09:36,CHAT,RETENTION,RESOLVED,MEDIUM,11.78
1720,1037,CRM00000001720,2026-07-03 17:07:56,PHONE,PRODUCT_INQUIRY,RESOLVED,HIGH,5.71
1721,1038,CRM00000001721,2026-01-03 12:22:30,PHONE,PRODUCT_INQUIRY,RESOLVED,HIGH,6.61
1722,1038,CRM00000001722,2025-09-15 05:41:38,BRANCH,RETENTION,ESCALATED,MEDIUM,
1723,1038,CRM00000001723,2026-06-09 00:49:50,PHONE,DISPUTE,IN_PROGRESS,MEDIUM,
1724,1040,CRM00000001724,2026-01-18 11:37:10,PHONE,PRODUCT_INQUIRY,RESOLVED,MEDIUM,26.17
1725,1040,CRM00000001725,2025-12-01 19:24:22,CHAT,PRODUCT_INQUIRY,RESOLVED,MEDIUM,5.93
1726,1040,CRM00000001726,2025-10-23 14:27:37,CHAT,PRODUCT_INQUIRY,RESOLVED,LOW,8.61
1727,1040,CRM00000001727,2026-02-02 19:10:12,BRANCH,RETENTION,RESOLVED,URGENT,17.95
1728,1041,CRM00000001728,2026-06-09 16:42:57,EMAIL,COMPLAINT,RESOLVED,LOW,15.77
1729,1041,CRM00000001729,2026-04-25 02:13:33,BRANCH,ONBOARDING,RESOLVED,HIGH,1.95
1730,1041,CRM00000001730,2026-05-26 08:53:57,PHONE,COMPLAINT,RESOLVED,MEDIUM,14.29
1731,1042,CRM00000001731,2025-11-13 11:34:37,EMAIL,PRODUCT_INQUIRY,IN_PROGRESS,HIGH,
1732,1043,CRM00000001732,2026-07-08 07:54:58,PHONE,DISPUTE,RESOLVED,MEDIUM,6.19
1733,1043,CRM00000001733,2026-04-10 04:38:17,PHONE,COMPLAINT,IN_PROGRESS,HIGH,
1734,1043,CRM00000001734,2026-05-30 11:51:19,CHAT,COMPLAINT,RESOLVED,LOW,12.2
1735,1043,CRM00000001735,2026-05-30 01:42:18,PHONE,RETENTION,RESOLVED,HIGH,4.66
1736,1044,CRM00000001736,2026-02-02 23:24:56,EMAIL,PRODUCT_INQUIRY,RESOLVED,HIGH,11.42
1737,1044,CRM00000001737,2026-05-26 20:51:55,RM_VISIT,ADVISORY,IN_PROGRESS,LOW,
1738,1044,CRM00000001738,2025-12-25 23:53:18,PHONE,COMPLAINT,IN_PROGRESS,MEDIUM,
1739,1044,CRM00000001739,2026-03-29 15:29:03,BRANCH,RETENTION,RESOLVED,URGENT,3.36
1740,1044,CRM00000001740,2025-11-13 22:13:02,PHONE,RETENTION,OPEN,MEDIUM,
1741,1045,CRM00000001741,2026-08-02 05:52:54,PHONE,ADVISORY,RESOLVED,MEDIUM,12.52
1742,1045,CRM00000001742,2026-07-06 16:28:01,BRANCH,ADVISORY,RESOLVED,MEDIUM,10.73
1743,1046,CRM00000001743,2026-04-07 13:49:55,CHAT,PRODUCT_INQUIRY,RESOLVED,LOW,4.21
1744,1047,CRM00000001744,2025-09-20 02:07:31,RM_VISIT,COMPLAINT,ESCALATED,LOW,
1745,1047,CRM00000001745,2026-05-08 12:12:15,PHONE,DISPUTE,ESCALATED,HIGH,
1746,1049,CRM00000001746,2025-11-28 14:18:56,CHAT,DISPUTE,RESOLVED,HIGH,13.37
1747,1050,CRM00000001747,2026-01-22 21:25:58,BRANCH,PRODUCT_INQUIRY,RESOLVED,URGENT,7.4
1748,1050,CRM00000001748,2026-08-03 09:37:44,BRANCH,COMPLAINT,IN_PROGRESS,MEDIUM,
1749,1050,CRM00000001749,2026-02-24 16:09:08,PHONE,DISPUTE,RESOLVED,LOW,7.2
1750,1051,CRM00000001750,2025-12-13 06:31:51,PHONE,ADVISORY,RESOLVED,MEDIUM,16.2
1751,1051,CRM00000001751,2026-05-08 14:23:15,CHAT,RETENTION,RESOLVED,URGENT,5.58
1752,1051,CRM00000001752,2026-02-26 21:21:35,BRANCH,RETENTION,OPEN,MEDIUM,
1753,1052,CRM00000001753,2026-05-08 00:24:59,PHONE,ADVISORY,OPEN,HIGH,
1754,1052,CRM00000001754,2026-07-21 05:56:21,CHAT,RETENTION,RESOLVED,LOW,13.46
1755,1052,CRM00000001755,2026-07-22 11:23:00,EMAIL,ONBOARDING,ESCALATED,MEDIUM,
1756,1052,CRM00000001756,2026-03-06 17:39:19,CHAT,ADVISORY,RESOLVED,MEDIUM,28.08
1757,1053,CRM00000001757,2025-09-03 23:16:21,CHAT,ADVISORY,OPEN,LOW,
1758,1053,CRM00000001758,2026-08-27 07:16:01,BRANCH,COMPLAINT,RESOLVED,MEDIUM,7.24
1759,1053,CRM00000001759,2026-08-26 00:49:39,PHONE,PRODUCT_INQUIRY,ESCALATED,MEDIUM,
1760,1053,CRM00000001760,2025-09-16 14:16:08,PHONE,DISPUTE,RESOLVED,LOW,5.04
1761,1053,CRM00000001761,2025-09-06 13:15:18,EMAIL,DISPUTE,RESOLVED,MEDIUM,16.61
1762,1054,CRM00000001762,2026-08-06 19:19:13,BRANCH,DISPUTE,RESOLVED,MEDIUM,3.38
1763,1054,CRM00000001763,2026-01-31 17:07:24,CHAT,RETENTION,OPEN,URGENT,
1764,1054,CRM00000001764,2026-07-24 23:54:26,PHONE,ADVISORY,RESOLVED,LOW,5.64
1765,1054,CRM00000001765,2026-02-12 21:24:37,CHAT,ADVISORY,RESOLVED,HIGH,23.46
1766,1054,CRM00000001766,2026-08-05 20:04:42,PHONE,PRODUCT_INQUIRY,RESOLVED,URGENT,3.65
1767,1054,CRM00000001767,2025-12-30 18:39:57,PHONE,ONBOARDING,RESOLVED,LOW,16.74
1768,1055,CRM00000001768,2026-04-17 11:54:45,BRANCH,PRODUCT_INQUIRY,RESOLVED,MEDIUM,18.02
1769,1056,CRM00000001769,2026-01-03 17:45:02,PHONE,PRODUCT_INQUIRY,RESOLVED,MEDIUM,38.91
1770,1056,CRM00000001770,2026-06-29 10:12:31,EMAIL,ADVISORY,RESOLVED,LOW,12.17
1771,1056,CRM00000001771,2026-03-15 21:19:05,PHONE,PRODUCT_INQUIRY,IN_PROGRESS,LOW,
1772,1057,CRM00000001772,2026-06-02 08:49:41,PHONE,COMPLAINT,RESOLVED,MEDIUM,4.52
1773,1057,CRM00000001773,2026-01-12 06:15:41,EMAIL,ADVISORY,RESOLVED,LOW,1.51
1774,1058,CRM00000001774,2025-10-30 22:02:07,BRANCH,PRODUCT_INQUIRY,RESOLVED,HIGH,16.04
1775,1058,CRM00000001775,2026-04-30 00:43:37,PHONE,ONBOARDING,RESOLVED,LOW,4.03
1776,1059,CRM00000001776,2026-07-26 23:59:24,PHONE,COMPLAINT,RESOLVED,MEDIUM,7.71
1777,1060,CRM00000001777,2026-08-21 01:56:40,RM_VISIT,ADVISORY,IN_PROGRESS,HIGH,
1778,1060,CRM00000001778,2026-04-05 02:32:14,RM_VISIT,RETENTION,ESCALATED,LOW,
1779,1060,CRM00000001779,2026-06-16 13:08:42,PHONE,RETENTION,IN_PROGRESS,HIGH,
1780,1061,CRM00000001780,2025-09-30 05:54:26,PHONE,ONBOARDING,RESOLVED,HIGH,28.5
1781,1061,CRM00000001781,2025-11-15 19:19:55,RM_VISIT,PRODUCT_INQUIRY,ESCALATED,LOW,
1782,1063,CRM00000001782,2026-04-27 21:42:27,EMAIL,COMPLAINT,RESOLVED,HIGH,15.52
1783,1064,CRM00000001783,2026-07-25 21:01:39,EMAIL,PRODUCT_INQUIRY,RESOLVED,LOW,19.97
1784,1064,CRM00000001784,2026-06-05 09:00:06,BRANCH,COMPLAINT,RESOLVED,LOW,36.5
1785,1064,CRM00000001785,2026-04-29 06:27:38,PHONE,ONBOARDING,RESOLVED,LOW,5.36
1786,1065,CRM00000001786,2025-12-14 03:59:16,RM_VISIT,RETENTION,RESOLVED,LOW,12.69
1787,1066,CRM00000001787,2026-02-21 09:11:36,EMAIL,COMPLAINT,RESOLVED,MEDIUM,2.11
1788,1066,CRM00000001788,2026-05-26 16:58:25,PHONE,COMPLAINT,RESOLVED,LOW,25.2
1789,1067,CRM00000001789,2026-01-16 11:54:18,PHONE,RETENTION,RESOLVED,MEDIUM,5.12
1790,1067,CRM00000001790,2025-11-27 03:45:37,CHAT,PRODUCT_INQUIRY,IN_PROGRESS,MEDIUM,
1791,1068,CRM00000001791,2025-09-26 03:04:10,CHAT,COMPLAINT,IN_PROGRESS,LOW,
1792,1068,CRM00000001792,2026-05-06 01:11:01,EMAIL,RETENTION,ESCALATED,MEDIUM,
1793,1068,CRM00000001793,2026-01-01 19:32:05,BRANCH,COMPLAINT,RESOLVED,MEDIUM,11.9
1794,1068,CRM00000001794,2025-11-14 00:22:55,PHONE,PRODUCT_INQUIRY,RESOLVED,MEDIUM,37.23
1795,1068,CRM00000001795,2026-06-14 14:15:14,CHAT,RETENTION,IN_PROGRESS,MEDIUM,
1796,1068,CRM00000001796,2026-01-29 08:10:26,EMAIL,ADVISORY,OPEN,URGENT,
1797,1068,CRM00000001797,2025-09-18 11:16:22,CHAT,RETENTION,RESOLVED,MEDIUM,6.94
1798,1068,CRM00000001798,2026-05-12 11:01:02,PHONE,RETENTION,IN_PROGRESS,LOW,
1799,1071,CRM00000001799,2026-08-02 21:55:05,PHONE,RETENTION,RESOLVED,HIGH,6.82
1800,1072,CRM00000001800,2025-10-04 16:53:08,PHONE,RETENTION,RESOLVED,HIGH,13.55
1801,1072,CRM00000001801,2026-04-20 19:00:31,EMAIL,ADVISORY,RESOLVED,LOW,1.48
1802,1072,CRM00000001802,2025-11-08 21:10:30,PHONE,PRODUCT_INQUIRY,RESOLVED,HIGH,12.57
1803,1072,CRM00000001803,2026-05-26 19:00:32,BRANCH,PRODUCT_INQUIRY,IN_PROGRESS,MEDIUM,
1804,1073,CRM00000001804,2025-09-02 17:01:58,BRANCH,ADVISORY,RESOLVED,MEDIUM,5.84
1805,1073,CRM00000001805,2026-01-15 05:50:37,EMAIL,ONBOARDING,RESOLVED,MEDIUM,16.12
1806,1073,CRM00000001806,2026-04-22 16:50:00,EMAIL,PRODUCT_INQUIRY,OPEN,MEDIUM,
1807,1074,CRM00000001807,2026-05-12 17:04:19,EMAIL,PRODUCT_INQUIRY,RESOLVED,LOW,4.48
1808,1074,CRM00000001808,2026-04-21 21:55:25,CHAT,ONBOARDING,RESOLVED,HIGH,30.25
1809,1075,CRM00000001809,2026-06-02 05:53:30,BRANCH,ADVISORY,IN_PROGRESS,HIGH,
1810,1075,CRM00000001810,2025-10-22 00:24:14,CHAT,ADVISORY,RESOLVED,HIGH,4.83
1811,1076,CRM00000001811,2026-05-28 15:33:36,PHONE,COMPLAINT,RESOLVED,LOW,4.56
1812,1078,CRM00000001812,2025-10-17 18:35:49,PHONE,PRODUCT_INQUIRY,RESOLVED,MEDIUM,43.94
1813,1079,CRM00000001813,2025-10-09 08:44:23,EMAIL,COMPLAINT,RESOLVED,MEDIUM,10.33
1814,1079,CRM00000001814,2025-11-06 17:41:23,CHAT,PRODUCT_INQUIRY,RESOLVED,MEDIUM,11.16
1815,1080,CRM00000001815,2025-11-11 14:43:15,PHONE,PRODUCT_INQUIRY,RESOLVED,HIGH,0.5
1816,1080,CRM00000001816,2025-12-08 15:29:51,CHAT,ADVISORY,IN_PROGRESS,URGENT,
1817,1080,CRM00000001817,2025-10-17 07:57:43,EMAIL,COMPLAINT,RESOLVED,LOW,10.17
1818,1080,CRM00000001818,2026-05-19 21:33:57,PHONE,RETENTION,IN_PROGRESS,HIGH,
1819,1080,CRM00000001819,2025-11-08 17:43:06,CHAT,ADVISORY,IN_PROGRESS,MEDIUM,
1820,1081,CRM00000001820,2025-10-19 11:12:02,EMAIL,PRODUCT_INQUIRY,IN_PROGRESS,MEDIUM,
1821,1084,CRM00000001821,2026-05-07 10:43:36,PHONE,PRODUCT_INQUIRY,RESOLVED,MEDIUM,4.31
1822,1085,CRM00000001822,2025-08-30 15:47:25,EMAIL,COMPLAINT,RESOLVED,HIGH,8.94
1823,1085,CRM00000001823,2026-02-17 22:23:34,EMAIL,ADVISORY,RESOLVED,MEDIUM,16.35
1824,1085,CRM00000001824,2025-12-09 08:48:20,PHONE,COMPLAINT,RESOLVED,MEDIUM,26.8
1825,1089,CRM00000001825,2025-12-18 14:27:39,BRANCH,ADVISORY,RESOLVED,LOW,6.0
1826,1091,CRM00000001826,2026-04-04 03:13:52,RM_VISIT,RETENTION,RESOLVED,LOW,17.06
1827,1092,CRM00000001827,2025-09-14 18:40:55,BRANCH,COMPLAINT,IN_PROGRESS,LOW,
1828,1092,CRM00000001828,2026-07-06 18:32:13,PHONE,RETENTION,RESOLVED,MEDIUM,6.54
1829,1092,CRM00000001829,2026-06-09 22:57:22,PHONE,ADVISORY,RESOLVED,HIGH,14.53
1830,1092,CRM00000001830,2026-03-31 04:47:16,PHONE,ADVISORY,RESOLVED,LOW,8.25
1831,1095,CRM00000001831,2026-05-10 22:00:13,BRANCH,COMPLAINT,RESOLVED,MEDIUM,12.92
1832,1097,CRM00000001832,2025-09-05 19:48:40,PHONE,RETENTION,IN_PROGRESS,MEDIUM,
1833,1098,CRM00000001833,2026-07-25 16:25:34,CHAT,PRODUCT_INQUIRY,RESOLVED,MEDIUM,15.49
1834,1099,CRM00000001834,2026-05-22 06:09:33,BRANCH,RETENTION,RESOLVED,MEDIUM,13.87
1835,1100,CRM00000001835,2026-08-11 05:25:04,CHAT,DISPUTE,RESOLVED,LOW,7.83
1836,1100,CRM00000001836,2025-09-06 00:38:01,PHONE,ONBOARDING,OPEN,MEDIUM,
1837,1101,CRM00000001837,2026-05-26 16:19:38,CHAT,ADVISORY,IN_PROGRESS,MEDIUM,
1838,1101,CRM00000001838,2025-11-22 19:53:19,PHONE,ADVISORY,RESOLVED,MEDIUM,4.91
1839,1101,CRM00000001839,2025-11-14 05:30:12,CHAT,ADVISORY,RESOLVED,LOW,12.28
1840,1101,CRM00000001840,2026-06-26 10:08:03,PHONE,PRODUCT_INQUIRY,RESOLVED,LOW,6.91
1841,1102,CRM00000001841,2026-01-08 18:29:04,EMAIL,COMPLAINT,RESOLVED,HIGH,21.93
1842,1102,CRM00000001842,2026-04-06 05:30:52,EMAIL,ADVISORY,RESOLVED,MEDIUM,21.31
1843,1103,CRM00000001843,2026-07-05 03:28:42,CHAT,PRODUCT_INQUIRY,RESOLVED,MEDIUM,11.82
1844,1104,CRM00000001844,2026-01-01 02:09:40,CHAT,ONBOARDING,RESOLVED,HIGH,7.87
1845,1105,CRM00000001845,2026-08-05 03:32:29,CHAT,COMPLAINT,RESOLVED,HIGH,9.07
1846,1105,CRM00000001846,2025-11-16 21:03:04,EMAIL,DISPUTE,RESOLVED,URGENT,3.34
1847,1106,CRM00000001847,2026-03-15 13:57:48,PHONE,ADVISORY,RESOLVED,HIGH,2.68
1848,1106,CRM00000001848,2026-02-01 06:24:10,PHONE,RETENTION,RESOLVED,MEDIUM,1.87
1849,1108,CRM00000001849,2026-07-02 01:52:43,EMAIL,PRODUCT_INQUIRY,RESOLVED,HIGH,21.76
1850,1108,CRM00000001850,2026-06-06 11:45:21,EMAIL,RETENTION,RESOLVED,MEDIUM,5.7
1851,1110,CRM00000001851,2026-02-14 01:16:30,CHAT,DISPUTE,IN_PROGRESS,LOW,
1852,1111,CRM00000001852,2026-08-19 04:41:25,PHONE,ADVISORY,IN_PROGRESS,HIGH,
1853,1111,CRM00000001853,2026-02-18 11:53:46,EMAIL,ADVISORY,IN_PROGRESS,HIGH,
1854,1112,CRM00000001854,2026-06-05 01:53:54,PHONE,ADVISORY,RESOLVED,MEDIUM,24.91
1855,1112,CRM00000001855,2025-12-02 13:16:07,CHAT,PRODUCT_INQUIRY,RESOLVED,MEDIUM,6.48
1856,1112,CRM00000001856,2026-01-07 07:40:04,BRANCH,DISPUTE,RESOLVED,LOW,8.45
1857,1113,CRM00000001857,2026-02-21 21:28:24,PHONE,RETENTION,RESOLVED,HIGH,11.55
1858,1115,CRM00000001858,2025-12-21 22:57:42,PHONE,COMPLAINT,RESOLVED,HIGH,10.83
1859,1116,CRM00000001859,2026-01-07 20:59:41,EMAIL,PRODUCT_INQUIRY,RESOLVED,MEDIUM,18.9
1860,1116,CRM00000001860,2026-08-01 18:32:09,EMAIL,DISPUTE,RESOLVED,LOW,4.65
1861,1116,CRM00000001861,2026-04-25 08:37:22,CHAT,COMPLAINT,RESOLVED,MEDIUM,13.21
1862,1116,CRM00000001862,2026-05-24 14:17:20,PHONE,PRODUCT_INQUIRY,RESOLVED,MEDIUM,12.28
1863,1117,CRM00000001863,2026-05-07 06:53:33,PHONE,COMPLAINT,OPEN,HIGH,
1864,1117,CRM00000001864,2026-02-21 03:39:31,EMAIL,ONBOARDING,RESOLVED,HIGH,27.76
1865,1119,CRM00000001865,2026-06-28 14:22:22,EMAIL,COMPLAINT,RESOLVED,LOW,6.76
1866,1120,CRM00000001866,2026-02-17 18:39:05,EMAIL,RETENTION,RESOLVED,MEDIUM,0.86
1867,1121,CRM00000001867,2026-07-27 22:59:43,BRANCH,RETENTION,RESOLVED,MEDIUM,31.82
1868,1121,CRM00000001868,2026-05-14 17:16:36,CHAT,RETENTION,OPEN,LOW,
1869,1124,CRM00000001869,2026-04-02 19:50:51,PHONE,RETENTION,OPEN,HIGH,
1870,1124,CRM00000001870,2025-10-21 19:31:02,EMAIL,PRODUCT_INQUIRY,RESOLVED,LOW,2.74
1871,1124,CRM00000001871,2026-01-22 14:38:19,CHAT,RETENTION,RESOLVED,LOW,7.14
1872,1125,CRM00000001872,2026-02-03 15:40:29,BRANCH,RETENTION,RESOLVED,LOW,7.32
1873,1125,CRM00000001873,2026-03-04 21:22:42,EMAIL,PRODUCT_INQUIRY,RESOLVED,MEDIUM,12.86
1874,1125,CRM00000001874,2026-03-05 18:04:45,EMAIL,COMPLAINT,RESOLVED,MEDIUM,11.93
1875,1126,CRM00000001875,2026-01-31 09:09:40,BRANCH,RETENTION,RESOLVED,URGENT,0.61
1876,1127,CRM00000001876,2026-07-04 17:45:01,CHAT,ADVISORY,RESOLVED,LOW,10.39
1877,1128,CRM00000001877,2025-11-25 13:42:54,BRANCH,RETENTION,IN_PROGRESS,LOW,
1878,1129,CRM00000001878,2026-01-30 20:31:13,EMAIL,RETENTION,RESOLVED,LOW,1.43
1879,1130,CRM00000001879,2026-07-24 09:50:19,EMAIL,COMPLAINT,OPEN,LOW,
1880,1130,CRM00000001880,2026-07-12 19:01:17,EMAIL,ONBOARDING,RESOLVED,HIGH,11.05
1881,1131,CRM00000001881,2026-07-28 19:55:00,PHONE,ONBOARDING,RESOLVED,HIGH,10.09
1882,1131,CRM00000001882,2025-10-30 16:00:50,EMAIL,ADVISORY,IN_PROGRESS,MEDIUM,
1883,1132,CRM00000001883,2026-08-04 04:56:59,CHAT,DISPUTE,RESOLVED,LOW,13.06
1884,1133,CRM00000001884,2025-11-25 13:45:40,CHAT,RETENTION,RESOLVED,LOW,9.61
1885,1133,CRM00000001885,2026-08-08 14:19:10,PHONE,DISPUTE,IN_PROGRESS,LOW,
1886,1133,CRM00000001886,2026-06-17 03:26:32,EMAIL,RETENTION,IN_PROGRESS,MEDIUM,
1887,1133,CRM00000001887,2026-04-23 09:29:41,BRANCH,PRODUCT_INQUIRY,RESOLVED,HIGH,13.37
1888,1134,CRM00000001888,2025-09-27 21:54:49,EMAIL,RETENTION,RESOLVED,MEDIUM,12.26
1889,1134,CRM00000001889,2025-08-28 05:43:31,PHONE,RETENTION,RESOLVED,HIGH,7.71
1890,1135,CRM00000001890,2026-06-02 09:33:44,PHONE,ONBOARDING,IN_PROGRESS,MEDIUM,
1891,1136,CRM00000001891,2026-06-19 21:51:12,EMAIL,PRODUCT_INQUIRY,RESOLVED,MEDIUM,15.98
1892,1139,CRM00000001892,2025-10-13 15:33:24,CHAT,COMPLAINT,RESOLVED,MEDIUM,10.63
1893,1139,CRM00000001893,2026-01-10 23:40:54,CHAT,PRODUCT_INQUIRY,RESOLVED,MEDIUM,7.5
1894,1139,CRM00000001894,2026-06-11 05:52:04,CHAT,DISPUTE,RESOLVED,LOW,13.23
1895,1139,CRM00000001895,2026-08-20 19:33:49,EMAIL,PRODUCT_INQUIRY,RESOLVED,MEDIUM,3.1
1896,1139,CRM00000001896,2026-08-23 00:03:44,EMAIL,RETENTION,RESOLVED,LOW,2.38
1897,1140,CRM00000001897,2026-08-18 18:20:13,PHONE,PRODUCT_INQUIRY,RESOLVED,LOW,13.77
1898,1140,CRM00000001898,2025-10-29 12:55:50,PHONE,RETENTION,RESOLVED,HIGH,10.31
1899,1143,CRM00000001899,2025-10-18 16:18:30,CHAT,PRODUCT_INQUIRY,RESOLVED,MEDIUM,17.89
1900,1145,CRM00000001900,2026-08-17 22:49:39,PHONE,ADVISORY,IN_PROGRESS,HIGH,
1901,1145,CRM00000001901,2025-10-28 12:10:02,PHONE,PRODUCT_INQUIRY,RESOLVED,MEDIUM,20.03
1902,1145,CRM00000001902,2026-07-09 14:26:24,PHONE,ADVISORY,IN_PROGRESS,LOW,
1903,1146,CRM00000001903,2026-02-14 19:04:17,CHAT,ONBOARDING,IN_PROGRESS,LOW,
1904,1146,CRM00000001904,2025-10-16 03:24:24,EMAIL,ADVISORY,ESCALATED,MEDIUM,
1905,1146,CRM00000001905,2025-11-07 22:34:18,PHONE,DISPUTE,IN_PROGRESS,LOW,
1906,1147,CRM00000001906,2026-07-24 07:41:10,PHONE,ONBOARDING,RESOLVED,MEDIUM,10.88
1907,1147,CRM00000001907,2025-10-28 11:50:06,PHONE,PRODUCT_INQUIRY,RESOLVED,MEDIUM,3.87
1908,1147,CRM00000001908,2026-01-22 20:18:39,CHAT,PRODUCT_INQUIRY,RESOLVED,MEDIUM,7.18
1909,1148,CRM00000001909,2026-08-12 06:58:06,BRANCH,COMPLAINT,RESOLVED,MEDIUM,12.91
1910,1148,CRM00000001910,2026-06-16 04:48:00,CHAT,RETENTION,RESOLVED,MEDIUM,3.92
1911,1149,CRM00000001911,2026-03-15 15:37:20,PHONE,PRODUCT_INQUIRY,IN_PROGRESS,MEDIUM,
1912,1150,CRM00000001912,2026-03-21 22:22:15,CHAT,ONBOARDING,IN_PROGRESS,LOW,
1913,1150,CRM00000001913,2026-08-20 05:03:23,EMAIL,COMPLAINT,IN_PROGRESS,LOW,
1914,1150,CRM00000001914,2025-10-22 03:07:40,PHONE,RETENTION,RESOLVED,HIGH,5.56
1915,1151,CRM00000001915,2026-04-26 10:57:17,PHONE,PRODUCT_INQUIRY,RESOLVED,LOW,12.72
1916,1151,CRM00000001916,2026-06-25 08:25:33,PHONE,PRODUCT_INQUIRY,RESOLVED,URGENT,12.03
1917,1152,CRM00000001917,2026-05-10 14:13:12,CHAT,RETENTION,RESOLVED,LOW,5.37
1918,1152,CRM00000001918,2025-11-15 17:10:59,PHONE,PRODUCT_INQUIRY,RESOLVED,MEDIUM,8.5
1919,1152,CRM00000001919,2025-12-23 20:37:58,PHONE,COMPLAINT,RESOLVED,HIGH,13.47
1920,1152,CRM00000001920,2025-09-09 16:17:12,PHONE,PRODUCT_INQUIRY,RESOLVED,URGENT,15.8
1921,1153,CRM00000001921,2026-01-28 10:57:45,RM_VISIT,COMPLAINT,OPEN,LOW,
1922,1153,CRM00000001922,2025-11-21 18:47:50,BRANCH,RETENTION,IN_PROGRESS,LOW,
1923,1153,CRM00000001923,2025-12-01 03:45:40,BRANCH,ONBOARDING,RESOLVED,LOW,12.08
1924,1153,CRM00000001924,2026-06-23 01:21:19,PHONE,PRODUCT_INQUIRY,RESOLVED,HIGH,3.03
1925,1153,CRM00000001925,2025-10-19 01:12:55,EMAIL,ONBOARDING,OPEN,MEDIUM,
1926,1154,CRM00000001926,2026-01-31 08:20:56,PHONE,COMPLAINT,IN_PROGRESS,MEDIUM,
1927,1155,CRM00000001927,2026-08-20 00:24:22,CHAT,DISPUTE,RESOLVED,HIGH,24.71
1928,1156,CRM00000001928,2026-08-20 10:01:42,EMAIL,COMPLAINT,RESOLVED,MEDIUM,9.62
1929,1156,CRM00000001929,2026-07-12 12:30:12,PHONE,ADVISORY,RESOLVED,URGENT,4.98
1930,1157,CRM00000001930,2025-12-18 11:41:07,PHONE,PRODUCT_INQUIRY,RESOLVED,MEDIUM,5.22
1931,1157,CRM00000001931,2026-03-10 03:12:26,PHONE,DISPUTE,RESOLVED,URGENT,20.77
1932,1158,CRM00000001932,2026-04-07 01:45:45,PHONE,PRODUCT_INQUIRY,RESOLVED,HIGH,5.6
1933,1158,CRM00000001933,2026-03-09 12:30:28,PHONE,COMPLAINT,IN_PROGRESS,MEDIUM,
1934,1158,CRM00000001934,2026-06-05 23:24:18,PHONE,ADVISORY,ESCALATED,LOW,
1935,1158,CRM00000001935,2025-12-08 18:40:29,PHONE,ONBOARDING,RESOLVED,LOW,15.55
1936,1158,CRM00000001936,2025-09-26 13:23:52,EMAIL,PRODUCT_INQUIRY,RESOLVED,URGENT,14.84
1937,1159,CRM00000001937,2026-03-10 23:46:32,PHONE,ADVISORY,RESOLVED,HIGH,2.98
1938,1159,CRM00000001938,2026-01-31 02:19:03,EMAIL,PRODUCT_INQUIRY,RESOLVED,LOW,14.8
1939,1161,CRM00000001939,2026-08-19 00:45:39,EMAIL,COMPLAINT,IN_PROGRESS,MEDIUM,
1940,1161,CRM00000001940,2025-11-25 05:18:15,PHONE,RETENTION,RESOLVED,LOW,4.22
1941,1161,CRM00000001941,2026-06-21 21:27:28,PHONE,ONBOARDING,RESOLVED,LOW,3.49
1942,1161,CRM00000001942,2025-09-20 14:16:42,PHONE,PRODUCT_INQUIRY,RESOLVED,MEDIUM,12.46
1943,1162,CRM00000001943,2025-11-23 06:50:09,BRANCH,COMPLAINT,RESOLVED,MEDIUM,11.0
1944,1162,CRM00000001944,2026-04-13 11:54:44,BRANCH,RETENTION,IN_PROGRESS,LOW,
1945,1162,CRM00000001945,2025-12-06 07:30:22,EMAIL,RETENTION,IN_PROGRESS,HIGH,
1946,1164,CRM00000001946,2026-07-01 17:26:40,BRANCH,DISPUTE,ESCALATED,LOW,
1947,1164,CRM00000001947,2026-06-13 01:25:17,PHONE,COMPLAINT,IN_PROGRESS,LOW,
1948,1165,CRM00000001948,2026-02-17 03:59:21,CHAT,COMPLAINT,IN_PROGRESS,MEDIUM,
1949,1167,CRM00000001949,2025-12-04 00:08:33,EMAIL,RETENTION,RESOLVED,HIGH,9.87
1950,1168,CRM00000001950,2025-10-16 06:04:36,RM_VISIT,ONBOARDING,RESOLVED,MEDIUM,20.5
1951,1170,CRM00000001951,2025-11-12 10:39:13,PHONE,COMPLAINT,RESOLVED,MEDIUM,3.14
1952,1170,CRM00000001952,2026-07-14 07:05:25,EMAIL,ADVISORY,IN_PROGRESS,MEDIUM,
1953,1170,CRM00000001953,2026-01-12 18:08:07,EMAIL,ONBOARDING,OPEN,URGENT,
1954,1171,CRM00000001954,2026-05-13 08:04:49,RM_VISIT,DISPUTE,RESOLVED,LOW,6.21
1955,1171,CRM00000001955,2026-06-01 22:45:41,PHONE,DISPUTE,RESOLVED,MEDIUM,5.96
1956,1172,CRM00000001956,2025-10-12 07:06:31,PHONE,RETENTION,RESOLVED,URGENT,19.45
1957,1172,CRM00000001957,2026-02-03 13:52:19,PHONE,RETENTION,RESOLVED,MEDIUM,12.96
1958,1174,CRM00000001958,2026-02-03 11:19:27,EMAIL,RETENTION,OPEN,MEDIUM,
1959,1174,CRM00000001959,2025-12-27 20:46:55,EMAIL,RETENTION,RESOLVED,MEDIUM,2.77
1960,1175,CRM00000001960,2026-04-05 05:24:07,RM_VISIT,COMPLAINT,RESOLVED,MEDIUM,2.52
1961,1175,CRM00000001961,2025-09-11 13:15:28,EMAIL,PRODUCT_INQUIRY,RESOLVED,MEDIUM,9.98
1962,1175,CRM00000001962,2026-07-02 17:42:15,PHONE,ADVISORY,ESCALATED,HIGH,
1963,1176,CRM00000001963,2026-07-10 13:10:21,PHONE,RETENTION,RESOLVED,HIGH,5.19
1964,1176,CRM00000001964,2025-10-14 04:36:24,PHONE,DISPUTE,RESOLVED,MEDIUM,19.93
1965,1176,CRM00000001965,2026-06-02 23:06:52,BRANCH,ONBOARDING,RESOLVED,LOW,3.9
1966,1178,CRM00000001966,2026-08-09 15:30:06,CHAT,ADVISORY,RESOLVED,HIGH,4.66
1967,1178,CRM00000001967,2025-09-30 04:45:11,EMAIL,PRODUCT_INQUIRY,ESCALATED,MEDIUM,
1968,1178,CRM00000001968,2026-07-13 06:38:47,PHONE,ADVISORY,RESOLVED,LOW,4.16
1969,1178,CRM00000001969,2026-07-17 06:58:31,EMAIL,PRODUCT_INQUIRY,RESOLVED,MEDIUM,5.35
1970,1179,CRM00000001970,2026-08-16 17:33:43,PHONE,COMPLAINT,RESOLVED,MEDIUM,5.13
1971,1180,CRM00000001971,2026-04-27 00:23:49,CHAT,ADVISORY,IN_PROGRESS,LOW,
1972,1180,CRM00000001972,2026-04-28 03:57:46,PHONE,ADVISORY,ESCALATED,LOW,
1973,1180,CRM00000001973,2025-12-08 22:56:41,EMAIL,PRODUCT_INQUIRY,RESOLVED,MEDIUM,8.54
1974,1181,CRM00000001974,2026-06-18 02:50:06,BRANCH,RETENTION,RESOLVED,LOW,11.92
1975,1181,CRM00000001975,2026-07-17 23:52:17,BRANCH,RETENTION,RESOLVED,LOW,9.47
1976,1182,CRM00000001976,2026-03-22 11:11:13,RM_VISIT,PRODUCT_INQUIRY,RESOLVED,LOW,0.92
1977,1183,CRM00000001977,2026-01-29 02:03:22,CHAT,ADVISORY,IN_PROGRESS,LOW,
1978,1183,CRM00000001978,2025-09-10 22:18:40,BRANCH,DISPUTE,IN_PROGRESS,MEDIUM,
1979,1183,CRM00000001979,2026-06-22 12:44:51,PHONE,ADVISORY,RESOLVED,MEDIUM,10.47
1980,1185,CRM00000001980,2025-11-02 01:00:38,PHONE,ONBOARDING,RESOLVED,HIGH,14.82
1981,1185,CRM00000001981,2026-01-13 17:25:12,PHONE,ADVISORY,OPEN,URGENT,
1982,1185,CRM00000001982,2026-04-29 19:34:39,CHAT,COMPLAINT,RESOLVED,HIGH,12.68
1983,1186,CRM00000001983,2026-03-24 11:25:35,CHAT,ADVISORY,ESCALATED,LOW,
1984,1187,CRM00000001984,2026-03-22 15:11:30,EMAIL,ONBOARDING,RESOLVED,MEDIUM,13.69
1985,1187,CRM00000001985,2026-06-24 23:05:58,EMAIL,RETENTION,RESOLVED,LOW,18.73
1986,1187,CRM00000001986,2025-12-22 06:14:57,PHONE,DISPUTE,RESOLVED,HIGH,13.03
1987,1187,CRM00000001987,2026-05-02 08:33:14,PHONE,PRODUCT_INQUIRY,RESOLVED,MEDIUM,23.69
1988,1187,CRM00000001988,2026-01-24 09:46:23,EMAIL,RETENTION,ESCALATED,MEDIUM,
1989,1189,CRM00000001989,2025-10-09 23:04:48,EMAIL,PRODUCT_INQUIRY,RESOLVED,LOW,12.9
1990,1189,CRM00000001990,2026-05-19 16:32:58,CHAT,DISPUTE,RESOLVED,MEDIUM,12.17
1991,1189,CRM00000001991,2026-07-20 05:11:35,EMAIL,PRODUCT_INQUIRY,RESOLVED,LOW,7.11
1992,1189,CRM00000001992,2025-09-07 01:58:41,EMAIL,COMPLAINT,RESOLVED,HIGH,0.8
1993,1189,CRM00000001993,2026-05-19 08:01:40,CHAT,ONBOARDING,RESOLVED,MEDIUM,19.97
1994,1190,CRM00000001994,2025-11-23 08:51:40,EMAIL,RETENTION,RESOLVED,LOW,6.61
1995,1190,CRM00000001995,2025-11-16 18:26:00,BRANCH,RETENTION,RESOLVED,LOW,9.3
1996,1190,CRM00000001996,2025-10-30 00:55:29,BRANCH,ADVISORY,IN_PROGRESS,MEDIUM,
1997,1192,CRM00000001997,2026-03-14 02:44:25,PHONE,COMPLAINT,RESOLVED,MEDIUM,4.76
1998,1192,CRM00000001998,2026-03-25 04:28:38,BRANCH,PRODUCT_INQUIRY,RESOLVED,HIGH,16.82
1999,1193,CRM00000001999,2026-08-10 12:02:21,BRANCH,ADVISORY,IN_PROGRESS,LOW,
2000,1196,CRM00000002000,2026-06-07 22:38:57,PHONE,ADVISORY,RESOLVED,MEDIUM,10.75
2001,1196,CRM00000002001,2026-06-16 00:27:31,CHAT,ADVISORY,OPEN,LOW,
2002,1198,CRM00000002002,2026-01-11 00:01:58,BRANCH,RETENTION,ESCALATED,MEDIUM,
2003,1198,CRM00000002003,2025-09-27 11:26:57,EMAIL,PRODUCT_INQUIRY,RESOLVED,URGENT,7.84
2004,1198,CRM00000002004,2026-05-28 22:25:57,PHONE,RETENTION,RESOLVED,LOW,12.2
2005,1198,CRM00000002005,2026-04-16 13:47:15,CHAT,PRODUCT_INQUIRY,RESOLVED,LOW,1.27
2006,1199,CRM00000002006,2025-12-28 18:56:06,CHAT,COMPLAINT,RESOLVED,URGENT,10.65
2007,1200,CRM00000002007,2026-06-09 09:52:14,BRANCH,COMPLAINT,RESOLVED,MEDIUM,19.28
2008,1200,CRM00000002008,2026-04-26 10:20:25,PHONE,PRODUCT_INQUIRY,OPEN,LOW,
2009,1201,CRM00000002009,2026-07-03 11:45:59,BRANCH,DISPUTE,RESOLVED,MEDIUM,5.28
2010,1202,CRM00000002010,2026-02-25 01:27:52,PHONE,ONBOARDING,RESOLVED,MEDIUM,20.19
2011,1204,CRM00000002011,2025-11-22 22:41:55,PHONE,RETENTION,RESOLVED,LOW,21.85
2012,1206,CRM00000002012,2025-12-08 09:06:14,BRANCH,PRODUCT_INQUIRY,RESOLVED,LOW,4.48
2013,1206,CRM00000002013,2026-03-21 04:54:50,PHONE,DISPUTE,RESOLVED,HIGH,17.19
2014,1208,CRM00000002014,2026-06-02 19:14:13,PHONE,ADVISORY,RESOLVED,MEDIUM,19.06
2015,1208,CRM00000002015,2026-07-04 12:32:15,PHONE,ADVISORY,RESOLVED,MEDIUM,15.55
2016,1210,CRM00000002016,2025-11-20 21:18:58,PHONE,PRODUCT_INQUIRY,IN_PROGRESS,LOW,
2017,1210,CRM00000002017,2025-09-14 06:38:02,EMAIL,RETENTION,RESOLVED,HIGH,0.47
2018,1211,CRM00000002018,2026-02-23 19:11:34,RM_VISIT,RETENTION,RESOLVED,MEDIUM,14.45
2019,1212,CRM00000002019,2026-04-09 15:43:47,EMAIL,ADVISORY,IN_PROGRESS,MEDIUM,
2020,1212,CRM00000002020,2026-05-20 19:43:58,CHAT,PRODUCT_INQUIRY,RESOLVED,MEDIUM,16.84
2021,1213,CRM00000002021,2026-07-17 03:16:02,EMAIL,PRODUCT_INQUIRY,IN_PROGRESS,LOW,
2022,1214,CRM00000002022,2026-07-30 09:07:23,PHONE,ADVISORY,RESOLVED,LOW,34.14
2023,1214,CRM00000002023,2026-01-10 11:48:55,PHONE,RETENTION,IN_PROGRESS,HIGH,
2024,1215,CRM00000002024,2026-05-02 09:19:25,PHONE,ADVISORY,IN_PROGRESS,LOW,
2025,1217,CRM00000002025,2026-02-03 22:44:24,PHONE,PRODUCT_INQUIRY,RESOLVED,LOW,3.66
2026,1218,CRM00000002026,2026-07-23 08:45:16,EMAIL,ADVISORY,RESOLVED,MEDIUM,19.65
2027,1218,CRM00000002027,2026-06-10 01:17:56,CHAT,PRODUCT_INQUIRY,RESOLVED,MEDIUM,20.87
2028,1218,CRM00000002028,2026-06-15 17:39:48,RM_VISIT,DISPUTE,IN_PROGRESS,LOW,
2029,1219,CRM00000002029,2026-01-11 10:11:24,BRANCH,DISPUTE,ESCALATED,LOW,
2030,1219,CRM00000002030,2026-04-28 19:16:39,BRANCH,PRODUCT_INQUIRY,RESOLVED,LOW,10.27
2031,1220,CRM00000002031,2026-07-16 18:31:08,PHONE,COMPLAINT,IN_PROGRESS,MEDIUM,
2032,1220,CRM00000002032,2025-08-31 02:40:05,CHAT,DISPUTE,RESOLVED,HIGH,22.21
2033,1221,CRM00000002033,2025-12-14 22:11:43,PHONE,ADVISORY,ESCALATED,MEDIUM,
2034,1221,CRM00000002034,2025-10-06 09:44:15,PHONE,PRODUCT_INQUIRY,IN_PROGRESS,MEDIUM,
2035,1221,CRM00000002035,2026-01-18 03:47:51,PHONE,RETENTION,RESOLVED,MEDIUM,8.14
2036,1222,CRM00000002036,2026-01-02 09:47:01,CHAT,ONBOARDING,RESOLVED,LOW,13.72
2037,1222,CRM00000002037,2026-03-09 15:16:23,EMAIL,COMPLAINT,RESOLVED,MEDIUM,12.04
2038,1224,CRM00000002038,2026-04-18 02:11:14,CHAT,RETENTION,RESOLVED,MEDIUM,25.94
2039,1224,CRM00000002039,2026-07-11 23:58:38,PHONE,RETENTION,RESOLVED,LOW,21.33
2040,1225,CRM00000002040,2026-02-21 19:47:14,PHONE,ADVISORY,OPEN,MEDIUM,
2041,1225,CRM00000002041,2026-04-23 14:47:48,CHAT,COMPLAINT,RESOLVED,MEDIUM,2.47
2042,1225,CRM00000002042,2025-11-24 23:32:04,CHAT,RETENTION,RESOLVED,HIGH,11.06
2043,1229,CRM00000002043,2026-06-28 01:46:53,PHONE,DISPUTE,RESOLVED,LOW,16.23
2044,1230,CRM00000002044,2026-06-09 11:50:15,PHONE,ONBOARDING,ESCALATED,LOW,
2045,1233,CRM00000002045,2026-05-04 08:17:31,EMAIL,PRODUCT_INQUIRY,RESOLVED,MEDIUM,33.25
2046,1233,CRM00000002046,2026-02-10 13:56:27,PHONE,PRODUCT_INQUIRY,RESOLVED,MEDIUM,19.01
2047,1234,CRM00000002047,2026-04-02 07:27:49,PHONE,ONBOARDING,RESOLVED,HIGH,19.09
2048,1234,CRM00000002048,2026-01-19 03:21:54,EMAIL,RETENTION,IN_PROGRESS,LOW,
2049,1234,CRM00000002049,2026-05-29 05:21:37,PHONE,PRODUCT_INQUIRY,RESOLVED,MEDIUM,19.12
2050,1234,CRM00000002050,2026-02-10 00:25:23,PHONE,PRODUCT_INQUIRY,IN_PROGRESS,LOW,
2051,1236,CRM00000002051,2026-06-18 20:25:20,PHONE,DISPUTE,RESOLVED,MEDIUM,19.64
2052,1236,CRM00000002052,2026-08-15 05:22:59,PHONE,COMPLAINT,OPEN,MEDIUM,
2053,1237,CRM00000002053,2026-04-21 13:46:17,BRANCH,COMPLAINT,RESOLVED,HIGH,12.22
2054,1238,CRM00000002054,2026-03-28 13:52:53,EMAIL,PRODUCT_INQUIRY,OPEN,LOW,
2055,1239,CRM00000002055,2026-08-12 19:54:33,PHONE,ONBOARDING,RESOLVED,MEDIUM,4.08
2056,1239,CRM00000002056,2025-11-08 08:13:15,PHONE,PRODUCT_INQUIRY,RESOLVED,URGENT,5.99
2057,1239,CRM00000002057,2026-01-19 09:48:45,PHONE,PRODUCT_INQUIRY,RESOLVED,HIGH,9.1
2058,1242,CRM00000002058,2026-05-28 15:37:07,PHONE,ADVISORY,RESOLVED,LOW,10.54
2059,1243,CRM00000002059,2026-06-26 09:03:06,BRANCH,COMPLAINT,RESOLVED,LOW,22.12
2060,1243,CRM00000002060,2026-04-13 15:48:17,PHONE,RETENTION,RESOLVED,LOW,22.61
2061,1244,CRM00000002061,2025-11-21 01:44:28,RM_VISIT,ONBOARDING,RESOLVED,LOW,7.4
2062,1244,CRM00000002062,2026-07-09 03:36:50,EMAIL,ONBOARDING,OPEN,MEDIUM,
2063,1244,CRM00000002063,2025-09-24 18:00:53,BRANCH,ADVISORY,RESOLVED,HIGH,2.55
2064,1244,CRM00000002064,2026-06-14 08:47:18,BRANCH,ADVISORY,RESOLVED,HIGH,3.45
2065,1244,CRM00000002065,2025-12-16 08:01:16,PHONE,DISPUTE,RESOLVED,MEDIUM,10.89
2066,1244,CRM00000002066,2025-12-30 10:17:49,EMAIL,RETENTION,RESOLVED,MEDIUM,9.39
2067,1245,CRM00000002067,2025-10-04 03:49:54,PHONE,ADVISORY,RESOLVED,MEDIUM,12.89
2068,1245,CRM00000002068,2025-10-09 21:11:46,PHONE,ADVISORY,RESOLVED,HIGH,10.44
2069,1246,CRM00000002069,2025-11-21 08:04:07,PHONE,ONBOARDING,RESOLVED,HIGH,14.28
2070,1247,CRM00000002070,2026-05-29 05:09:57,PHONE,ADVISORY,RESOLVED,MEDIUM,12.24
2071,1247,CRM00000002071,2026-08-06 00:58:35,PHONE,DISPUTE,RESOLVED,MEDIUM,54.87
2072,1248,CRM00000002072,2025-11-02 06:28:00,PHONE,COMPLAINT,RESOLVED,LOW,31.72
2073,1249,CRM00000002073,2026-08-16 02:14:22,EMAIL,PRODUCT_INQUIRY,RESOLVED,MEDIUM,11.07
2074,1249,CRM00000002074,2026-07-10 00:17:36,PHONE,RETENTION,RESOLVED,MEDIUM,4.31
2075,1251,CRM00000002075,2025-09-02 01:26:53,PHONE,ADVISORY,RESOLVED,MEDIUM,18.06
2076,1251,CRM00000002076,2026-06-26 17:46:04,BRANCH,PRODUCT_INQUIRY,RESOLVED,HIGH,2.26
2077,1251,CRM00000002077,2025-11-23 17:55:35,EMAIL,ADVISORY,RESOLVED,MEDIUM,19.72
2078,1252,CRM00000002078,2026-06-13 20:04:40,PHONE,DISPUTE,RESOLVED,MEDIUM,7.27
2079,1252,CRM00000002079,2026-03-01 17:20:09,EMAIL,COMPLAINT,IN_PROGRESS,URGENT,
2080,1252,CRM00000002080,2026-05-27 00:12:33,EMAIL,ADVISORY,OPEN,URGENT,
2081,1253,CRM00000002081,2025-12-10 08:21:57,CHAT,PRODUCT_INQUIRY,OPEN,MEDIUM,
2082,1253,CRM00000002082,2026-04-25 13:01:55,PHONE,PRODUCT_INQUIRY,RESOLVED,MEDIUM,10.15
2083,1254,CRM00000002083,2026-02-27 19:21:54,CHAT,PRODUCT_INQUIRY,ESCALATED,LOW,
2084,1254,CRM00000002084,2025-10-19 11:00:21,PHONE,ONBOARDING,OPEN,LOW,
2085,1254,CRM00000002085,2025-09-11 01:12:57,PHONE,RETENTION,RESOLVED,HIGH,3.32
2086,1255,CRM00000002086,2026-04-26 05:41:29,PHONE,COMPLAINT,RESOLVED,LOW,11.89
2087,1255,CRM00000002087,2026-03-16 11:26:48,PHONE,COMPLAINT,RESOLVED,HIGH,1.63
2088,1257,CRM00000002088,2026-03-03 10:43:20,PHONE,RETENTION,RESOLVED,MEDIUM,8.25
2089,1257,CRM00000002089,2025-09-29 11:08:58,CHAT,ADVISORY,RESOLVED,MEDIUM,4.69
2090,1258,CRM00000002090,2025-12-15 08:20:38,RM_VISIT,COMPLAINT,ESCALATED,LOW,
2091,1258,CRM00000002091,2026-04-29 09:40:42,CHAT,RETENTION,IN_PROGRESS,MEDIUM,
2092,1259,CRM00000002092,2026-05-21 05:35:13,EMAIL,DISPUTE,RESOLVED,LOW,38.03
2093,1259,CRM00000002093,2025-12-12 07:36:50,CHAT,PRODUCT_INQUIRY,RESOLVED,MEDIUM,16.38
2094,1260,CRM00000002094,2026-07-07 09:37:30,EMAIL,COMPLAINT,RESOLVED,HIGH,12.59
2095,1260,CRM00000002095,2026-05-07 11:55:18,PHONE,ADVISORY,RESOLVED,MEDIUM,8.17
2096,1261,CRM00000002096,2025-10-25 02:26:50,PHONE,RETENTION,IN_PROGRESS,MEDIUM,
2097,1261,CRM00000002097,2026-04-07 15:42:50,CHAT,ADVISORY,RESOLVED,MEDIUM,10.41
2098,1261,CRM00000002098,2025-12-21 02:37:30,CHAT,ADVISORY,RESOLVED,HIGH,9.77
2099,1261,CRM00000002099,2026-01-12 10:44:46,PHONE,PRODUCT_INQUIRY,IN_PROGRESS,URGENT,
2100,1261,CRM00000002100,2026-02-07 01:55:48,BRANCH,COMPLAINT,IN_PROGRESS,LOW,
2101,1262,CRM00000002101,2026-05-17 02:21:02,PHONE,PRODUCT_INQUIRY,RESOLVED,LOW,10.06
2102,1263,CRM00000002102,2026-05-04 23:11:54,EMAIL,ADVISORY,IN_PROGRESS,MEDIUM,
2103,1263,CRM00000002103,2026-04-23 12:27:51,PHONE,PRODUCT_INQUIRY,RESOLVED,MEDIUM,3.49
2104,1263,CRM00000002104,2025-12-24 11:55:49,PHONE,PRODUCT_INQUIRY,RESOLVED,MEDIUM,7.39
2105,1267,CRM00000002105,2026-04-29 02:43:06,PHONE,ADVISORY,RESOLVED,MEDIUM,5.06
2106,1268,CRM00000002106,2025-09-25 19:00:50,CHAT,ADVISORY,OPEN,HIGH,
2107,1269,CRM00000002107,2025-10-17 11:45:26,PHONE,ADVISORY,ESCALATED,LOW,
2108,1269,CRM00000002108,2026-04-06 21:01:35,PHONE,DISPUTE,RESOLVED,MEDIUM,2.67
2109,1269,CRM00000002109,2026-05-09 17:16:37,CHAT,PRODUCT_INQUIRY,RESOLVED,MEDIUM,9.72
2110,1271,CRM00000002110,2025-11-27 07:06:07,PHONE,DISPUTE,IN_PROGRESS,MEDIUM,
2111,1274,CRM00000002111,2025-12-14 03:40:37,EMAIL,DISPUTE,RESOLVED,LOW,15.29
2112,1275,CRM00000002112,2025-10-10 05:57:09,CHAT,COMPLAINT,RESOLVED,URGENT,14.91
2113,1275,CRM00000002113,2025-09-06 04:41:35,RM_VISIT,ADVISORY,IN_PROGRESS,MEDIUM,
2114,1275,CRM00000002114,2026-05-18 08:04:34,PHONE,ONBOARDING,RESOLVED,MEDIUM,21.77
2115,1275,CRM00000002115,2025-09-18 21:59:38,BRANCH,ONBOARDING,RESOLVED,LOW,14.28
2116,1275,CRM00000002116,2025-09-06 18:28:44,BRANCH,RETENTION,RESOLVED,HIGH,7.24
2117,1275,CRM00000002117,2026-01-30 21:46:16,BRANCH,RETENTION,RESOLVED,LOW,7.67
2118,1276,CRM00000002118,2025-10-08 07:58:35,EMAIL,COMPLAINT,RESOLVED,MEDIUM,9.02
2119,1277,CRM00000002119,2025-10-25 19:08:54,EMAIL,ONBOARDING,ESCALATED,MEDIUM,
2120,1277,CRM00000002120,2025-12-16 23:28:31,EMAIL,COMPLAINT,RESOLVED,MEDIUM,19.33
2121,1277,CRM00000002121,2026-07-21 11:35:17,BRANCH,ADVISORY,OPEN,MEDIUM,
2122,1278,CRM00000002122,2026-08-26 18:25:35,PHONE,RETENTION,ESCALATED,HIGH,
2123,1278,CRM00000002123,2026-03-20 02:16:40,RM_VISIT,ONBOARDING,RESOLVED,MEDIUM,6.27
2124,1278,CRM00000002124,2026-07-14 20:39:33,CHAT,COMPLAINT,RESOLVED,HIGH,8.53
2125,1279,CRM00000002125,2026-06-20 03:00:41,EMAIL,PRODUCT_INQUIRY,ESCALATED,HIGH,
2126,1279,CRM00000002126,2026-04-12 16:07:14,EMAIL,PRODUCT_INQUIRY,RESOLVED,HIGH,4.26
2127,1282,CRM00000002127,2025-12-19 22:57:48,CHAT,PRODUCT_INQUIRY,IN_PROGRESS,HIGH,
2128,1282,CRM00000002128,2026-05-15 21:40:16,EMAIL,PRODUCT_INQUIRY,RESOLVED,HIGH,21.14
2129,1284,CRM00000002129,2026-02-19 15:47:48,PHONE,ADVISORY,ESCALATED,MEDIUM,
2130,1284,CRM00000002130,2026-02-03 17:15:17,PHONE,DISPUTE,RESOLVED,MEDIUM,13.21
2131,1285,CRM00000002131,2025-12-06 11:10:21,PHONE,PRODUCT_INQUIRY,RESOLVED,LOW,17.62
2132,1286,CRM00000002132,2026-01-18 11:55:34,BRANCH,PRODUCT_INQUIRY,IN_PROGRESS,MEDIUM,
2133,1286,CRM00000002133,2026-02-17 00:27:47,EMAIL,DISPUTE,RESOLVED,URGENT,2.68
2134,1286,CRM00000002134,2025-10-09 18:46:45,PHONE,DISPUTE,RESOLVED,MEDIUM,9.51
2135,1286,CRM00000002135,2025-09-28 05:54:36,BRANCH,PRODUCT_INQUIRY,RESOLVED,MEDIUM,11.18
2136,1286,CRM00000002136,2026-02-27 15:09:40,PHONE,DISPUTE,RESOLVED,MEDIUM,4.68
2137,1287,CRM00000002137,2026-08-05 17:50:21,PHONE,RETENTION,RESOLVED,MEDIUM,13.27
2138,1289,CRM00000002138,2026-02-13 15:39:49,EMAIL,ADVISORY,OPEN,HIGH,
2139,1289,CRM00000002139,2026-04-15 13:08:58,PHONE,ADVISORY,RESOLVED,MEDIUM,2.28
2140,1290,CRM00000002140,2026-08-17 16:46:31,CHAT,PRODUCT_INQUIRY,RESOLVED,HIGH,2.97
2141,1291,CRM00000002141,2025-09-18 11:10:27,PHONE,PRODUCT_INQUIRY,RESOLVED,LOW,3.71
2142,1292,CRM00000002142,2026-05-24 00:49:19,BRANCH,RETENTION,RESOLVED,LOW,9.89
2143,1292,CRM00000002143,2026-08-23 17:45:21,PHONE,PRODUCT_INQUIRY,RESOLVED,URGENT,11.51
2144,1292,CRM00000002144,2025-10-01 06:31:33,PHONE,RETENTION,RESOLVED,MEDIUM,8.65
2145,1293,CRM00000002145,2025-10-30 21:54:23,EMAIL,RETENTION,RESOLVED,MEDIUM,29.9
2146,1294,CRM00000002146,2026-02-26 06:03:00,EMAIL,RETENTION,ESCALATED,MEDIUM,
2147,1296,CRM00000002147,2026-02-19 15:40:26,PHONE,COMPLAINT,RESOLVED,HIGH,3.67
2148,1297,CRM00000002148,2026-04-02 06:27:38,PHONE,RETENTION,RESOLVED,HIGH,7.86
2149,1297,CRM00000002149,2026-06-23 15:09:18,PHONE,PRODUCT_INQUIRY,RESOLVED,LOW,2.94
2150,1297,CRM00000002150,2025-09-13 05:07:55,PHONE,PRODUCT_INQUIRY,ESCALATED,HIGH,
2151,1300,CRM00000002151,2026-02-06 17:14:50,PHONE,COMPLAINT,RESOLVED,HIGH,7.37
2152,1300,CRM00000002152,2026-05-04 10:02:48,BRANCH,COMPLAINT,RESOLVED,MEDIUM,4.76
2153,1301,CRM00000002153,2026-05-03 22:44:03,RM_VISIT,ADVISORY,RESOLVED,LOW,21.22
2154,1301,CRM00000002154,2025-11-20 02:35:57,BRANCH,COMPLAINT,ESCALATED,URGENT,
2155,1301,CRM00000002155,2026-02-18 00:46:17,EMAIL,PRODUCT_INQUIRY,RESOLVED,HIGH,8.03
2156,1302,CRM00000002156,2026-07-20 05:08:51,PHONE,ADVISORY,RESOLVED,HIGH,14.07
2157,1303,CRM00000002157,2025-12-06 18:52:20,PHONE,ONBOARDING,RESOLVED,HIGH,8.94
2158,1303,CRM00000002158,2025-10-13 03:38:59,CHAT,ONBOARDING,RESOLVED,LOW,22.43
2159,1303,CRM00000002159,2025-10-10 01:45:28,PHONE,RETENTION,RESOLVED,LOW,15.02
2160,1304,CRM00000002160,2025-12-05 09:48:53,BRANCH,ADVISORY,RESOLVED,MEDIUM,9.79
2161,1304,CRM00000002161,2025-12-03 07:54:50,PHONE,RETENTION,RESOLVED,LOW,1.72
2162,1305,CRM00000002162,2026-07-15 12:42:12,PHONE,DISPUTE,IN_PROGRESS,MEDIUM,
2163,1306,CRM00000002163,2026-05-15 00:34:44,PHONE,RETENTION,RESOLVED,MEDIUM,17.53
2164,1307,CRM00000002164,2025-09-05 20:48:08,BRANCH,COMPLAINT,RESOLVED,URGENT,10.19
2165,1307,CRM00000002165,2026-01-06 20:43:18,BRANCH,PRODUCT_INQUIRY,IN_PROGRESS,MEDIUM,
2166,1307,CRM00000002166,2026-03-15 12:18:50,PHONE,DISPUTE,RESOLVED,LOW,9.1
2167,1308,CRM00000002167,2025-09-25 16:26:11,PHONE,RETENTION,RESOLVED,MEDIUM,4.1
2168,1308,CRM00000002168,2025-11-05 20:13:18,PHONE,RETENTION,RESOLVED,MEDIUM,2.6
2169,1308,CRM00000002169,2026-07-21 10:58:00,EMAIL,COMPLAINT,RESOLVED,HIGH,6.24
2170,1309,CRM00000002170,2026-01-12 22:58:18,EMAIL,PRODUCT_INQUIRY,RESOLVED,LOW,6.74
2171,1309,CRM00000002171,2026-04-07 03:22:22,EMAIL,ONBOARDING,ESCALATED,LOW,
2172,1310,CRM00000002172,2026-06-24 18:12:37,BRANCH,RETENTION,ESCALATED,HIGH,
2173,1313,CRM00000002173,2026-07-28 22:25:36,EMAIL,ONBOARDING,ESCALATED,URGENT,
2174,1313,CRM00000002174,2026-03-05 22:52:05,PHONE,PRODUCT_INQUIRY,RESOLVED,LOW,6.0
2175,1313,CRM00000002175,2026-02-03 20:36:38,EMAIL,RETENTION,RESOLVED,MEDIUM,3.42
2176,1315,CRM00000002176,2026-06-15 21:03:56,EMAIL,ONBOARDING,RESOLVED,MEDIUM,1.68
2177,1315,CRM00000002177,2026-02-04 13:41:18,EMAIL,RETENTION,RESOLVED,MEDIUM,6.15
2178,1316,CRM00000002178,2026-05-13 09:45:47,PHONE,RETENTION,IN_PROGRESS,LOW,
2179,1317,CRM00000002179,2025-09-28 21:31:41,BRANCH,ADVISORY,RESOLVED,MEDIUM,6.05
2180,1318,CRM00000002180,2026-01-11 00:22:48,BRANCH,COMPLAINT,RESOLVED,MEDIUM,22.22
2181,1318,CRM00000002181,2026-01-16 01:19:51,BRANCH,PRODUCT_INQUIRY,RESOLVED,MEDIUM,2.55
2182,1318,CRM00000002182,2025-09-03 20:04:18,BRANCH,DISPUTE,RESOLVED,MEDIUM,6.26
2183,1318,CRM00000002183,2026-01-29 21:10:44,RM_VISIT,RETENTION,RESOLVED,MEDIUM,19.64
2184,1318,CRM00000002184,2026-06-26 13:52:36,CHAT,DISPUTE,RESOLVED,LOW,5.68
2185,1318,CRM00000002185,2025-09-23 22:40:04,PHONE,PRODUCT_INQUIRY,ESCALATED,LOW,
2186,1318,CRM00000002186,2025-10-12 09:04:38,PHONE,COMPLAINT,IN_PROGRESS,HIGH,
2187,1318,CRM00000002187,2026-06-07 03:44:50,EMAIL,PRODUCT_INQUIRY,OPEN,MEDIUM,
2188,1319,CRM00000002188,2025-09-27 02:54:32,EMAIL,RETENTION,RESOLVED,LOW,9.37
2189,1319,CRM00000002189,2025-09-07 06:24:18,PHONE,RETENTION,RESOLVED,MEDIUM,25.85
2190,1320,CRM00000002190,2025-10-06 01:17:11,EMAIL,PRODUCT_INQUIRY,RESOLVED,LOW,8.41
2191,1321,CRM00000002191,2026-07-31 20:25:13,PHONE,PRODUCT_INQUIRY,RESOLVED,HIGH,15.08
2192,1321,CRM00000002192,2026-07-19 11:50:19,PHONE,PRODUCT_INQUIRY,RESOLVED,MEDIUM,20.97
2193,1322,CRM00000002193,2026-06-18 23:53:29,PHONE,ADVISORY,RESOLVED,HIGH,6.25
2194,1323,CRM00000002194,2026-03-31 14:44:19,PHONE,COMPLAINT,OPEN,MEDIUM,
2195,1323,CRM00000002195,2026-02-15 13:52:47,PHONE,PRODUCT_INQUIRY,ESCALATED,MEDIUM,
2196,1323,CRM00000002196,2026-05-22 23:52:36,PHONE,COMPLAINT,ESCALATED,HIGH,
2197,1323,CRM00000002197,2026-08-26 10:07:17,RM_VISIT,PRODUCT_INQUIRY,RESOLVED,MEDIUM,36.93
2198,1323,CRM00000002198,2026-05-18 15:37:25,PHONE,ONBOARDING,RESOLVED,LOW,2.26
2199,1325,CRM00000002199,2026-08-26 21:03:46,CHAT,RETENTION,RESOLVED,LOW,15.63
2200,1328,CRM00000002200,2026-05-18 17:21:14,PHONE,ONBOARDING,RESOLVED,URGENT,12.36
2201,1329,CRM00000002201,2026-01-28 08:13:10,PHONE,PRODUCT_INQUIRY,IN_PROGRESS,MEDIUM,
2202,1330,CRM00000002202,2025-12-09 04:23:11,BRANCH,PRODUCT_INQUIRY,ESCALATED,HIGH,
2203,1331,CRM00000002203,2026-07-14 23:48:31,BRANCH,PRODUCT_INQUIRY,IN_PROGRESS,MEDIUM,
2204,1331,CRM00000002204,2025-09-17 10:00:46,EMAIL,PRODUCT_INQUIRY,RESOLVED,LOW,20.93
2205,1332,CRM00000002205,2026-05-28 20:05:28,PHONE,PRODUCT_INQUIRY,RESOLVED,URGENT,10.39
2206,1333,CRM00000002206,2026-03-12 00:57:04,CHAT,PRODUCT_INQUIRY,RESOLVED,MEDIUM,14.22
2207,1335,CRM00000002207,2026-04-12 04:57:53,PHONE,RETENTION,RESOLVED,MEDIUM,7.15
2208,1336,CRM00000002208,2025-10-30 11:08:16,EMAIL,COMPLAINT,IN_PROGRESS,URGENT,
2209,1336,CRM00000002209,2025-11-27 10:08:07,CHAT,ADVISORY,RESOLVED,HIGH,11.83
2210,1338,CRM00000002210,2025-09-24 11:16:16,EMAIL,COMPLAINT,OPEN,HIGH,
2211,1339,CRM00000002211,2025-09-22 23:01:07,EMAIL,DISPUTE,RESOLVED,HIGH,0.68
2212,1340,CRM00000002212,2026-04-12 01:37:10,PHONE,PRODUCT_INQUIRY,RESOLVED,LOW,7.75
2213,1341,CRM00000002213,2026-08-06 03:36:54,EMAIL,COMPLAINT,RESOLVED,MEDIUM,6.51
2214,1341,CRM00000002214,2025-11-09 06:32:59,CHAT,ONBOARDING,IN_PROGRESS,URGENT,
2215,1342,CRM00000002215,2026-06-05 04:08:53,PHONE,ONBOARDING,ESCALATED,URGENT,
2216,1343,CRM00000002216,2025-09-12 06:39:18,BRANCH,DISPUTE,IN_PROGRESS,MEDIUM,
2217,1344,CRM00000002217,2025-11-11 22:40:32,CHAT,RETENTION,RESOLVED,MEDIUM,8.34
2218,1345,CRM00000002218,2026-06-04 01:53:21,CHAT,PRODUCT_INQUIRY,IN_PROGRESS,LOW,
2219,1346,CRM00000002219,2025-09-04 19:32:05,PHONE,DISPUTE,ESCALATED,MEDIUM,
2220,1347,CRM00000002220,2026-08-18 09:32:35,PHONE,ONBOARDING,RESOLVED,MEDIUM,2.45
2221,1348,CRM00000002221,2025-08-30 22:11:23,PHONE,PRODUCT_INQUIRY,ESCALATED,LOW,
2222,1350,CRM00000002222,2025-11-23 15:15:48,BRANCH,COMPLAINT,RESOLVED,MEDIUM,10.7
2223,1350,CRM00000002223,2026-02-11 03:29:58,PHONE,ADVISORY,RESOLVED,HIGH,13.44
2224,1350,CRM00000002224,2025-12-09 08:03:24,EMAIL,ADVISORY,IN_PROGRESS,LOW,
2225,1350,CRM00000002225,2026-03-13 00:30:04,RM_VISIT,DISPUTE,ESCALATED,HIGH,
2226,1352,CRM00000002226,2026-04-03 23:56:23,PHONE,ADVISORY,RESOLVED,HIGH,12.81
2227,1352,CRM00000002227,2026-01-25 10:54:33,EMAIL,ONBOARDING,ESCALATED,MEDIUM,
2228,1352,CRM00000002228,2025-12-10 09:51:15,PHONE,ADVISORY,IN_PROGRESS,MEDIUM,
2229,1354,CRM00000002229,2026-05-15 06:33:54,CHAT,ADVISORY,ESCALATED,MEDIUM,
2230,1356,CRM00000002230,2026-01-18 13:30:10,PHONE,COMPLAINT,IN_PROGRESS,LOW,
2231,1356,CRM00000002231,2025-09-16 11:47:18,EMAIL,ONBOARDING,RESOLVED,LOW,15.47
2232,1357,CRM00000002232,2025-11-08 16:37:48,PHONE,PRODUCT_INQUIRY,RESOLVED,LOW,2.49
2233,1358,CRM00000002233,2025-12-22 08:53:26,BRANCH,COMPLAINT,RESOLVED,LOW,19.96
2234,1358,CRM00000002234,2026-03-25 15:45:10,PHONE,COMPLAINT,IN_PROGRESS,HIGH,
2235,1359,CRM00000002235,2025-09-18 22:51:40,BRANCH,RETENTION,RESOLVED,MEDIUM,4.98
2236,1359,CRM00000002236,2025-10-14 23:02:19,PHONE,ADVISORY,RESOLVED,MEDIUM,7.63
2237,1359,CRM00000002237,2025-11-01 15:20:58,PHONE,RETENTION,OPEN,LOW,
2238,1361,CRM00000002238,2025-11-03 23:29:30,RM_VISIT,RETENTION,IN_PROGRESS,LOW,
2239,1361,CRM00000002239,2025-11-15 06:41:12,PHONE,RETENTION,RESOLVED,MEDIUM,17.91
2240,1362,CRM00000002240,2026-07-05 13:37:49,PHONE,DISPUTE,OPEN,HIGH,
2241,1363,CRM00000002241,2026-07-29 22:38:09,EMAIL,COMPLAINT,RESOLVED,LOW,7.78
2242,1364,CRM00000002242,2026-01-28 06:40:59,BRANCH,RETENTION,RESOLVED,HIGH,13.32
2243,1364,CRM00000002243,2026-02-10 10:19:42,EMAIL,RETENTION,IN_PROGRESS,MEDIUM,
2244,1364,CRM00000002244,2025-08-28 16:00:40,PHONE,COMPLAINT,RESOLVED,HIGH,4.33
2245,1364,CRM00000002245,2026-06-17 20:14:38,PHONE,PRODUCT_INQUIRY,IN_PROGRESS,LOW,
2246,1365,CRM00000002246,2025-09-05 05:09:12,PHONE,ADVISORY,OPEN,MEDIUM,
2247,1366,CRM00000002247,2025-12-22 10:47:09,PHONE,ADVISORY,RESOLVED,MEDIUM,17.27
2248,1367,CRM00000002248,2025-09-07 11:45:12,PHONE,PRODUCT_INQUIRY,RESOLVED,MEDIUM,6.46
2249,1368,CRM00000002249,2026-01-15 18:20:42,BRANCH,DISPUTE,RESOLVED,MEDIUM,18.13
2250,1368,CRM00000002250,2026-07-06 05:51:49,CHAT,ADVISORY,RESOLVED,HIGH,16.81
2251,1368,CRM00000002251,2026-02-19 08:06:10,EMAIL,DISPUTE,RESOLVED,HIGH,5.89
2252,1369,CRM00000002252,2025-10-05 01:39:28,EMAIL,RETENTION,RESOLVED,LOW,6.57
2253,1369,CRM00000002253,2025-12-22 00:59:59,BRANCH,COMPLAINT,RESOLVED,MEDIUM,18.96
2254,1370,CRM00000002254,2026-03-18 09:54:14,BRANCH,PRODUCT_INQUIRY,RESOLVED,MEDIUM,11.68
2255,1370,CRM00000002255,2025-10-19 06:57:22,EMAIL,PRODUCT_INQUIRY,RESOLVED,MEDIUM,5.39
2256,1371,CRM00000002256,2025-12-09 17:20:04,CHAT,PRODUCT_INQUIRY,ESCALATED,HIGH,
2257,1371,CRM00000002257,2025-09-28 21:44:14,EMAIL,ADVISORY,IN_PROGRESS,MEDIUM,
2258,1371,CRM00000002258,2026-07-29 03:32:54,BRANCH,DISPUTE,OPEN,MEDIUM,
2259,1371,CRM00000002259,2025-11-13 07:36:35,RM_VISIT,ADVISORY,RESOLVED,HIGH,10.82
2260,1371,CRM00000002260,2025-12-05 16:03:59,EMAIL,ONBOARDING,RESOLVED,LOW,15.74
2261,1372,CRM00000002261,2026-04-02 00:55:45,PHONE,DISPUTE,ESCALATED,MEDIUM,
2262,1372,CRM00000002262,2025-10-18 21:03:33,EMAIL,PRODUCT_INQUIRY,ESCALATED,MEDIUM,
2263,1373,CRM00000002263,2025-09-16 13:34:31,CHAT,COMPLAINT,RESOLVED,LOW,11.32
2264,1373,CRM00000002264,2026-04-19 03:02:41,EMAIL,PRODUCT_INQUIRY,RESOLVED,MEDIUM,9.51
2265,1373,CRM00000002265,2026-07-25 14:00:53,PHONE,ONBOARDING,RESOLVED,LOW,32.71
2266,1373,CRM00000002266,2026-06-19 07:20:50,PHONE,ADVISORY,IN_PROGRESS,LOW,
2267,1373,CRM00000002267,2026-05-28 15:17:55,PHONE,RETENTION,RESOLVED,LOW,14.23
2268,1373,CRM00000002268,2026-04-08 18:59:09,RM_VISIT,ADVISORY,OPEN,URGENT,
2269,1376,CRM00000002269,2026-03-27 00:39:52,BRANCH,ONBOARDING,RESOLVED,MEDIUM,10.86
2270,1376,CRM00000002270,2025-10-26 19:01:07,EMAIL,ONBOARDING,OPEN,LOW,
2271,1376,CRM00000002271,2025-10-11 01:31:13,EMAIL,RETENTION,RESOLVED,MEDIUM,14.48
2272,1376,CRM00000002272,2026-04-16 02:47:22,PHONE,COMPLAINT,RESOLVED,LOW,8.95
2273,1376,CRM00000002273,2026-02-19 15:27:14,EMAIL,DISPUTE,RESOLVED,HIGH,7.43
2274,1377,CRM00000002274,2026-07-01 13:24:23,PHONE,PRODUCT_INQUIRY,RESOLVED,HIGH,3.2
2275,1378,CRM00000002275,2026-07-25 10:03:54,PHONE,PRODUCT_INQUIRY,IN_PROGRESS,MEDIUM,
2276,1379,CRM00000002276,2025-12-08 08:02:32,PHONE,PRODUCT_INQUIRY,RESOLVED,LOW,18.78
2277,1379,CRM00000002277,2025-09-23 14:47:51,EMAIL,ONBOARDING,RESOLVED,MEDIUM,10.85
2278,1380,CRM00000002278,2025-10-29 11:05:24,PHONE,ADVISORY,IN_PROGRESS,MEDIUM,
2279,1380,CRM00000002279,2026-02-10 19:41:53,CHAT,COMPLAINT,OPEN,HIGH,
2280,1382,CRM00000002280,2026-05-16 00:23:52,BRANCH,COMPLAINT,RESOLVED,MEDIUM,17.05
2281,1382,CRM00000002281,2025-09-16 14:21:21,PHONE,ADVISORY,RESOLVED,LOW,27.9
2282,1382,CRM00000002282,2025-10-26 13:45:21,RM_VISIT,DISPUTE,OPEN,LOW,
2283,1383,CRM00000002283,2026-05-13 11:25:24,EMAIL,PRODUCT_INQUIRY,RESOLVED,MEDIUM,11.62
2284,1383,CRM00000002284,2026-06-09 11:04:22,PHONE,COMPLAINT,OPEN,LOW,
2285,1383,CRM00000002285,2026-06-16 03:38:42,EMAIL,COMPLAINT,RESOLVED,MEDIUM,20.61
2286,1384,CRM00000002286,2026-08-17 11:18:09,EMAIL,ADVISORY,RESOLVED,URGENT,13.17
2287,1384,CRM00000002287,2026-05-05 17:50:56,EMAIL,ADVISORY,RESOLVED,MEDIUM,16.48
2288,1386,CRM00000002288,2026-01-18 06:58:16,RM_VISIT,DISPUTE,RESOLVED,LOW,15.6
2289,1386,CRM00000002289,2026-03-06 19:21:14,PHONE,COMPLAINT,ESCALATED,MEDIUM,
2290,1386,CRM00000002290,2026-05-04 04:02:07,BRANCH,RETENTION,RESOLVED,URGENT,44.54
2291,1386,CRM00000002291,2025-11-16 04:42:57,EMAIL,PRODUCT_INQUIRY,IN_PROGRESS,HIGH,
2292,1387,CRM00000002292,2026-02-05 00:45:51,EMAIL,RETENTION,OPEN,MEDIUM,
2293,1387,CRM00000002293,2025-11-30 03:52:35,EMAIL,DISPUTE,RESOLVED,HIGH,26.07
2294,1387,CRM00000002294,2026-03-01 20:58:47,BRANCH,PRODUCT_INQUIRY,IN_PROGRESS,MEDIUM,
2295,1387,CRM00000002295,2026-07-19 02:55:04,PHONE,RETENTION,RESOLVED,MEDIUM,4.56
2296,1387,CRM00000002296,2026-04-27 20:05:56,PHONE,DISPUTE,RESOLVED,MEDIUM,12.6
2297,1387,CRM00000002297,2026-03-05 15:06:12,CHAT,PRODUCT_INQUIRY,RESOLVED,MEDIUM,19.82
2298,1389,CRM00000002298,2026-07-02 14:42:13,CHAT,COMPLAINT,RESOLVED,MEDIUM,3.03
2299,1390,CRM00000002299,2026-07-24 16:10:02,CHAT,ADVISORY,RESOLVED,URGENT,5.83
2300,1390,CRM00000002300,2025-12-23 02:55:54,PHONE,ONBOARDING,ESCALATED,LOW,
2301,1390,CRM00000002301,2025-08-29 03:22:25,EMAIL,ADVISORY,IN_PROGRESS,LOW,
2302,1393,CRM00000002302,2026-02-23 09:07:18,BRANCH,PRODUCT_INQUIRY,RESOLVED,MEDIUM,6.9
2303,1393,CRM00000002303,2025-11-12 01:21:12,EMAIL,ADVISORY,ESCALATED,LOW,
2304,1394,CRM00000002304,2026-06-21 04:48:35,PHONE,ADVISORY,OPEN,LOW,
2305,1394,CRM00000002305,2026-05-08 05:04:20,PHONE,ONBOARDING,RESOLVED,MEDIUM,14.07
2306,1394,CRM00000002306,2025-10-10 20:48:22,BRANCH,COMPLAINT,RESOLVED,MEDIUM,3.28
2307,1394,CRM00000002307,2026-04-11 06:40:33,EMAIL,COMPLAINT,RESOLVED,MEDIUM,15.14
2308,1394,CRM00000002308,2026-02-23 04:17:48,PHONE,ONBOARDING,RESOLVED,MEDIUM,6.77
2309,1396,CRM00000002309,2025-10-02 06:10:20,PHONE,DISPUTE,IN_PROGRESS,HIGH,
2310,1396,CRM00000002310,2026-03-18 02:14:38,EMAIL,ADVISORY,RESOLVED,MEDIUM,2.38
2311,1396,CRM00000002311,2025-12-01 21:58:30,CHAT,COMPLAINT,RESOLVED,MEDIUM,9.2
2312,1396,CRM00000002312,2026-04-10 03:10:01,BRANCH,PRODUCT_INQUIRY,RESOLVED,MEDIUM,6.64
2313,1396,CRM00000002313,2026-06-09 12:18:05,PHONE,COMPLAINT,IN_PROGRESS,MEDIUM,
2314,1398,CRM00000002314,2025-12-17 04:56:34,EMAIL,COMPLAINT,RESOLVED,MEDIUM,10.38
2315,1398,CRM00000002315,2026-01-30 02:11:33,PHONE,COMPLAINT,RESOLVED,MEDIUM,3.97
2316,1398,CRM00000002316,2025-11-06 01:59:17,PHONE,ADVISORY,RESOLVED,HIGH,3.89
2317,1399,CRM00000002317,2026-05-06 18:34:30,BRANCH,COMPLAINT,RESOLVED,MEDIUM,5.75
2318,1400,CRM00000002318,2025-09-16 01:08:24,EMAIL,RETENTION,OPEN,MEDIUM,
2319,1402,CRM00000002319,2026-03-28 12:12:51,PHONE,PRODUCT_INQUIRY,RESOLVED,LOW,2.54
2320,1402,CRM00000002320,2025-11-21 18:55:07,BRANCH,COMPLAINT,RESOLVED,MEDIUM,5.04
2321,1402,CRM00000002321,2025-12-31 22:02:38,BRANCH,PRODUCT_INQUIRY,RESOLVED,HIGH,33.38
2322,1405,CRM00000002322,2026-03-26 16:56:19,PHONE,COMPLAINT,RESOLVED,MEDIUM,8.61
2323,1405,CRM00000002323,2025-10-16 16:03:13,EMAIL,COMPLAINT,RESOLVED,LOW,7.3
2324,1405,CRM00000002324,2026-03-14 20:22:05,BRANCH,DISPUTE,RESOLVED,LOW,11.08
2325,1406,CRM00000002325,2026-05-27 10:19:39,EMAIL,DISPUTE,RESOLVED,LOW,6.9
2326,1407,CRM00000002326,2025-09-20 17:11:42,PHONE,ADVISORY,IN_PROGRESS,MEDIUM,
2327,1408,CRM00000002327,2025-12-25 16:18:16,EMAIL,ADVISORY,ESCALATED,LOW,
2328,1408,CRM00000002328,2025-08-29 22:50:19,PHONE,PRODUCT_INQUIRY,RESOLVED,MEDIUM,10.77
2329,1410,CRM00000002329,2026-05-31 04:42:49,CHAT,RETENTION,RESOLVED,MEDIUM,10.89
2330,1410,CRM00000002330,2025-10-10 06:34:15,EMAIL,RETENTION,OPEN,HIGH,
2331,1410,CRM00000002331,2026-05-08 20:00:43,EMAIL,RETENTION,RESOLVED,HIGH,12.68
2332,1411,CRM00000002332,2025-12-15 18:16:08,PHONE,PRODUCT_INQUIRY,RESOLVED,MEDIUM,3.28
2333,1412,CRM00000002333,2025-09-19 09:07:04,PHONE,DISPUTE,RESOLVED,URGENT,8.63
2334,1412,CRM00000002334,2025-12-19 05:07:42,CHAT,PRODUCT_INQUIRY,IN_PROGRESS,MEDIUM,
2335,1413,CRM00000002335,2026-03-28 01:08:51,PHONE,COMPLAINT,IN_PROGRESS,MEDIUM,
2336,1414,CRM00000002336,2026-06-26 09:30:51,EMAIL,ADVISORY,OPEN,MEDIUM,
2337,1415,CRM00000002337,2025-12-19 15:22:00,PHONE,PRODUCT_INQUIRY,ESCALATED,MEDIUM,
2338,1415,CRM00000002338,2026-03-27 19:07:44,EMAIL,COMPLAINT,ESCALATED,LOW,
2339,1415,CRM00000002339,2026-06-23 15:24:46,CHAT,PRODUCT_INQUIRY,RESOLVED,MEDIUM,2.59
2340,1415,CRM00000002340,2026-08-02 09:18:19,EMAIL,COMPLAINT,RESOLVED,MEDIUM,29.32
2341,1415,CRM00000002341,2026-06-28 04:05:37,EMAIL,DISPUTE,RESOLVED,MEDIUM,5.68
2342,1417,CRM00000002342,2026-01-12 05:26:34,CHAT,PRODUCT_INQUIRY,RESOLVED,MEDIUM,4.0
2343,1417,CRM00000002343,2025-12-21 04:31:18,PHONE,RETENTION,ESCALATED,HIGH,
2344,1417,CRM00000002344,2026-08-03 16:36:08,EMAIL,DISPUTE,RESOLVED,HIGH,19.63
2345,1417,CRM00000002345,2025-12-12 03:05:15,PHONE,COMPLAINT,RESOLVED,URGENT,2.75
2346,1419,CRM00000002346,2025-09-05 05:46:24,BRANCH,DISPUTE,RESOLVED,MEDIUM,13.27
2347,1421,CRM00000002347,2025-09-26 20:06:04,PHONE,PRODUCT_INQUIRY,RESOLVED,MEDIUM,19.27
2348,1421,CRM00000002348,2026-05-10 00:21:49,PHONE,RETENTION,RESOLVED,MEDIUM,7.23
2349,1422,CRM00000002349,2026-01-19 20:06:01,PHONE,PRODUCT_INQUIRY,RESOLVED,LOW,14.64
2350,1423,CRM00000002350,2025-11-01 19:08:07,PHONE,PRODUCT_INQUIRY,IN_PROGRESS,HIGH,
2351,1423,CRM00000002351,2025-12-05 21:26:46,CHAT,ADVISORY,RESOLVED,MEDIUM,3.44
2352,1423,CRM00000002352,2026-05-23 15:45:35,PHONE,PRODUCT_INQUIRY,OPEN,HIGH,
2353,1424,CRM00000002353,2026-04-17 09:25:12,PHONE,COMPLAINT,RESOLVED,HIGH,20.47
2354,1424,CRM00000002354,2025-09-27 14:35:49,PHONE,PRODUCT_INQUIRY,RESOLVED,LOW,24.99
2355,1425,CRM00000002355,2026-01-04 02:22:23,PHONE,PRODUCT_INQUIRY,RESOLVED,MEDIUM,29.17
2356,1426,CRM00000002356,2026-01-01 05:15:46,RM_VISIT,RETENTION,RESOLVED,HIGH,10.47
2357,1426,CRM00000002357,2025-12-21 00:06:58,BRANCH,COMPLAINT,RESOLVED,HIGH,49.17
2358,1427,CRM00000002358,2025-09-27 01:28:36,EMAIL,ONBOARDING,RESOLVED,HIGH,28.63
2359,1427,CRM00000002359,2025-09-08 00:07:18,PHONE,PRODUCT_INQUIRY,RESOLVED,HIGH,8.31
2360,1427,CRM00000002360,2026-04-11 00:16:27,PHONE,DISPUTE,IN_PROGRESS,HIGH,
2361,1428,CRM00000002361,2026-06-29 16:54:01,EMAIL,PRODUCT_INQUIRY,IN_PROGRESS,HIGH,
2362,1428,CRM00000002362,2026-01-25 19:36:50,PHONE,ADVISORY,RESOLVED,URGENT,22.88
2363,1429,CRM00000002363,2026-08-14 04:05:41,PHONE,PRODUCT_INQUIRY,RESOLVED,MEDIUM,16.1
2364,1430,CRM00000002364,2026-06-03 04:41:32,CHAT,COMPLAINT,OPEN,LOW,
2365,1430,CRM00000002365,2026-03-01 01:03:29,PHONE,COMPLAINT,RESOLVED,MEDIUM,5.89
2366,1431,CRM00000002366,2025-12-16 20:45:32,BRANCH,RETENTION,RESOLVED,MEDIUM,8.78
2367,1432,CRM00000002367,2025-09-13 02:47:27,CHAT,COMPLAINT,RESOLVED,HIGH,7.2
2368,1433,CRM00000002368,2025-11-22 09:39:19,PHONE,ONBOARDING,RESOLVED,LOW,7.35
2369,1433,CRM00000002369,2025-11-21 10:57:25,PHONE,PRODUCT_INQUIRY,RESOLVED,MEDIUM,16.38
2370,1433,CRM00000002370,2026-03-07 23:45:10,PHONE,ADVISORY,RESOLVED,MEDIUM,16.94
2371,1435,CRM00000002371,2026-08-08 20:50:18,CHAT,ADVISORY,RESOLVED,HIGH,10.1
2372,1437,CRM00000002372,2026-05-22 20:19:26,PHONE,DISPUTE,IN_PROGRESS,LOW,
2373,1439,CRM00000002373,2026-05-08 23:45:03,PHONE,PRODUCT_INQUIRY,RESOLVED,MEDIUM,6.93
2374,1440,CRM00000002374,2025-11-24 16:34:12,BRANCH,PRODUCT_INQUIRY,RESOLVED,HIGH,30.99
2375,1442,CRM00000002375,2026-08-27 04:36:55,EMAIL,ADVISORY,RESOLVED,HIGH,20.42
2376,1443,CRM00000002376,2026-02-22 15:08:27,EMAIL,COMPLAINT,RESOLVED,HIGH,18.36
2377,1444,CRM00000002377,2026-06-20 18:21:07,CHAT,PRODUCT_INQUIRY,RESOLVED,HIGH,31.84
2378,1445,CRM00000002378,2025-12-30 22:32:34,EMAIL,ONBOARDING,RESOLVED,MEDIUM,7.48
2379,1447,CRM00000002379,2026-05-27 01:51:21,EMAIL,RETENTION,OPEN,HIGH,
2380,1447,CRM00000002380,2025-12-25 18:16:18,BRANCH,RETENTION,ESCALATED,LOW,
2381,1447,CRM00000002381,2025-10-29 13:03:46,PHONE,PRODUCT_INQUIRY,OPEN,URGENT,
2382,1448,CRM00000002382,2026-06-17 17:45:12,EMAIL,ADVISORY,RESOLVED,MEDIUM,23.59
2383,1449,CRM00000002383,2026-02-18 15:09:29,PHONE,COMPLAINT,RESOLVED,LOW,7.91
2384,1449,CRM00000002384,2026-06-22 09:00:18,EMAIL,DISPUTE,IN_PROGRESS,MEDIUM,
2385,1449,CRM00000002385,2026-04-08 05:27:15,PHONE,COMPLAINT,RESOLVED,LOW,3.28
2386,1449,CRM00000002386,2026-06-16 15:46:13,PHONE,RETENTION,RESOLVED,HIGH,3.78
2387,1452,CRM00000002387,2026-01-25 20:51:23,EMAIL,RETENTION,RESOLVED,LOW,26.95
2388,1452,CRM00000002388,2026-06-19 07:50:27,EMAIL,PRODUCT_INQUIRY,ESCALATED,MEDIUM,
2389,1454,CRM00000002389,2026-05-05 04:18:45,EMAIL,COMPLAINT,RESOLVED,HIGH,16.19
2390,1455,CRM00000002390,2026-03-03 06:00:56,EMAIL,ADVISORY,RESOLVED,MEDIUM,7.12
2391,1455,CRM00000002391,2025-09-11 21:55:50,EMAIL,ONBOARDING,RESOLVED,LOW,2.2
2392,1456,CRM00000002392,2026-04-03 09:22:39,PHONE,PRODUCT_INQUIRY,RESOLVED,LOW,10.4
2393,1456,CRM00000002393,2026-03-15 10:28:07,PHONE,ADVISORY,RESOLVED,HIGH,9.53
2394,1457,CRM00000002394,2026-02-22 10:43:29,PHONE,PRODUCT_INQUIRY,RESOLVED,LOW,2.24
2395,1457,CRM00000002395,2026-06-20 01:37:12,CHAT,COMPLAINT,OPEN,URGENT,
2396,1458,CRM00000002396,2026-08-18 18:06:16,EMAIL,DISPUTE,RESOLVED,HIGH,20.11
2397,1458,CRM00000002397,2025-12-04 21:43:56,PHONE,ONBOARDING,RESOLVED,HIGH,8.43
2398,1458,CRM00000002398,2026-06-09 18:16:24,EMAIL,COMPLAINT,IN_PROGRESS,HIGH,
2399,1459,CRM00000002399,2025-10-23 23:35:32,PHONE,COMPLAINT,ESCALATED,HIGH,
2400,1460,CRM00000002400,2026-08-07 01:04:11,PHONE,ADVISORY,RESOLVED,MEDIUM,16.04
2401,1462,CRM00000002401,2026-02-14 03:41:56,EMAIL,RETENTION,RESOLVED,LOW,4.49
2402,1462,CRM00000002402,2026-04-27 21:15:03,EMAIL,RETENTION,OPEN,LOW,
2403,1463,CRM00000002403,2026-03-25 16:34:14,BRANCH,PRODUCT_INQUIRY,ESCALATED,URGENT,
2404,1464,CRM00000002404,2026-04-14 05:17:23,RM_VISIT,COMPLAINT,RESOLVED,URGENT,17.91
2405,1464,CRM00000002405,2026-06-02 02:39:08,CHAT,COMPLAINT,RESOLVED,MEDIUM,23.5
2406,1465,CRM00000002406,2025-09-06 13:21:12,BRANCH,RETENTION,IN_PROGRESS,MEDIUM,
2407,1465,CRM00000002407,2026-07-21 02:58:38,EMAIL,RETENTION,RESOLVED,LOW,5.08
2408,1466,CRM00000002408,2026-02-04 17:14:23,EMAIL,RETENTION,RESOLVED,MEDIUM,15.43
2409,1467,CRM00000002409,2026-04-09 14:52:31,BRANCH,ONBOARDING,RESOLVED,MEDIUM,26.51
2410,1468,CRM00000002410,2025-10-21 12:06:50,PHONE,DISPUTE,RESOLVED,LOW,14.56
2411,1469,CRM00000002411,2025-10-11 08:43:39,EMAIL,RETENTION,RESOLVED,MEDIUM,7.05
2412,1470,CRM00000002412,2025-09-15 16:11:31,BRANCH,ONBOARDING,RESOLVED,HIGH,6.31
2413,1470,CRM00000002413,2026-06-13 17:08:49,EMAIL,COMPLAINT,ESCALATED,URGENT,
2414,1471,CRM00000002414,2026-04-25 05:56:25,EMAIL,RETENTION,ESCALATED,MEDIUM,
2415,1472,CRM00000002415,2026-04-26 20:55:39,PHONE,RETENTION,RESOLVED,MEDIUM,19.68
2416,1472,CRM00000002416,2025-12-07 17:45:10,PHONE,PRODUCT_INQUIRY,RESOLVED,MEDIUM,19.59
2417,1472,CRM00000002417,2026-02-16 10:26:46,RM_VISIT,COMPLAINT,RESOLVED,MEDIUM,3.63
2418,1473,CRM00000002418,2026-05-28 17:37:51,CHAT,PRODUCT_INQUIRY,IN_PROGRESS,HIGH,
2419,1473,CRM00000002419,2025-10-08 07:21:39,PHONE,ADVISORY,RESOLVED,URGENT,10.98
2420,1473,CRM00000002420,2026-06-05 01:12:12,EMAIL,DISPUTE,RESOLVED,HIGH,6.4
2421,1474,CRM00000002421,2025-11-06 03:48:50,EMAIL,PRODUCT_INQUIRY,RESOLVED,URGENT,4.66
2422,1475,CRM00000002422,2025-09-20 10:51:55,PHONE,COMPLAINT,RESOLVED,LOW,15.84
2423,1476,CRM00000002423,2025-09-17 10:08:54,CHAT,PRODUCT_INQUIRY,RESOLVED,HIGH,1.07
2424,1477,CRM00000002424,2026-07-04 09:46:15,PHONE,ADVISORY,RESOLVED,URGENT,7.01
2425,1477,CRM00000002425,2026-07-27 18:44:35,EMAIL,PRODUCT_INQUIRY,RESOLVED,LOW,12.52
2426,1479,CRM00000002426,2026-02-23 07:42:21,PHONE,DISPUTE,IN_PROGRESS,MEDIUM,
2427,1479,CRM00000002427,2025-10-18 22:53:09,CHAT,ADVISORY,ESCALATED,HIGH,
2428,1479,CRM00000002428,2026-07-15 18:25:01,PHONE,PRODUCT_INQUIRY,IN_PROGRESS,MEDIUM,
2429,1480,CRM00000002429,2025-09-02 12:26:40,CHAT,DISPUTE,RESOLVED,MEDIUM,15.95
2430,1481,CRM00000002430,2026-05-31 12:06:58,EMAIL,ADVISORY,RESOLVED,HIGH,22.72
2431,1481,CRM00000002431,2025-12-21 07:47:28,PHONE,ONBOARDING,RESOLVED,MEDIUM,13.5
2432,1482,CRM00000002432,2026-08-13 18:03:55,PHONE,ONBOARDING,RESOLVED,MEDIUM,11.38
2433,1482,CRM00000002433,2026-02-05 01:40:54,BRANCH,COMPLAINT,RESOLVED,MEDIUM,3.52
2434,1483,CRM00000002434,2025-12-04 10:19:04,CHAT,PRODUCT_INQUIRY,RESOLVED,HIGH,21.85
2435,1484,CRM00000002435,2026-07-08 06:50:52,EMAIL,PRODUCT_INQUIRY,RESOLVED,MEDIUM,3.13
2436,1484,CRM00000002436,2026-08-24 23:29:03,PHONE,PRODUCT_INQUIRY,ESCALATED,MEDIUM,
2437,1485,CRM00000002437,2026-07-31 17:25:58,EMAIL,COMPLAINT,RESOLVED,MEDIUM,16.6
2438,1485,CRM00000002438,2026-03-29 22:36:56,EMAIL,ONBOARDING,OPEN,HIGH,
2439,1486,CRM00000002439,2025-11-03 21:32:29,PHONE,ONBOARDING,RESOLVED,URGENT,20.12
2440,1488,CRM00000002440,2025-11-05 01:50:43,EMAIL,ADVISORY,RESOLVED,HIGH,12.21
2441,1488,CRM00000002441,2025-11-03 11:48:45,BRANCH,ONBOARDING,IN_PROGRESS,MEDIUM,
2442,1490,CRM00000002442,2025-12-18 13:09:22,RM_VISIT,ONBOARDING,RESOLVED,MEDIUM,1.45
2443,1491,CRM00000002443,2025-09-17 04:07:51,BRANCH,COMPLAINT,RESOLVED,MEDIUM,21.06
2444,1491,CRM00000002444,2026-05-16 13:07:41,EMAIL,COMPLAINT,RESOLVED,MEDIUM,19.92
2445,1493,CRM00000002445,2026-08-03 18:56:14,BRANCH,ADVISORY,IN_PROGRESS,LOW,
2446,1493,CRM00000002446,2025-10-05 06:40:33,PHONE,RETENTION,ESCALATED,LOW,
2447,1494,CRM00000002447,2025-12-15 13:31:19,CHAT,ADVISORY,RESOLVED,MEDIUM,2.22
2448,1494,CRM00000002448,2026-08-17 10:20:08,PHONE,PRODUCT_INQUIRY,ESCALATED,MEDIUM,
2449,1496,CRM00000002449,2025-12-04 17:42:57,EMAIL,PRODUCT_INQUIRY,RESOLVED,HIGH,4.88
2450,1496,CRM00000002450,2025-12-05 03:26:29,PHONE,PRODUCT_INQUIRY,RESOLVED,MEDIUM,17.66
2451,1497,CRM00000002451,2025-09-12 17:46:25,PHONE,ADVISORY,OPEN,HIGH,
2452,1497,CRM00000002452,2025-12-10 12:00:53,BRANCH,ADVISORY,RESOLVED,LOW,7.45
2453,1498,CRM00000002453,2025-12-14 14:35:34,BRANCH,RETENTION,RESOLVED,MEDIUM,13.72
2454,1498,CRM00000002454,2026-04-22 08:05:34,CHAT,COMPLAINT,OPEN,MEDIUM,
2455,1499,CRM00000002455,2026-08-21 09:43:13,EMAIL,PRODUCT_INQUIRY,OPEN,LOW,
2456,1499,CRM00000002456,2025-12-10 11:41:29,PHONE,DISPUTE,OPEN,MEDIUM,
2457,1500,CRM00000002457,2026-03-30 02:55:26,BRANCH,RETENTION,RESOLVED,URGENT,19.0
2458,1500,CRM00000002458,2025-08-27 16:11:25,PHONE,DISPUTE,RESOLVED,MEDIUM,5.13
2459,1500,CRM00000002459,2026-02-19 02:30:08,EMAIL,PRODUCT_INQUIRY,RESOLVED,MEDIUM,14.16
2460,1500,CRM00000002460,2026-03-27 07:54:30,CHAT,RETENTION,RESOLVED,URGENT,4.59
2461,1502,CRM00000002461,2025-09-03 09:07:27,PHONE,COMPLAINT,RESOLVED,LOW,15.2
2462,1502,CRM00000002462,2026-07-27 00:05:47,PHONE,RETENTION,IN_PROGRESS,URGENT,
2463,1503,CRM00000002463,2026-08-06 17:00:03,BRANCH,COMPLAINT,RESOLVED,MEDIUM,24.52
2464,1503,CRM00000002464,2026-07-25 08:26:25,BRANCH,ADVISORY,RESOLVED,HIGH,1.51
2465,1504,CRM00000002465,2025-12-15 10:48:09,BRANCH,ONBOARDING,RESOLVED,LOW,10.6
2466,1504,CRM00000002466,2026-04-19 05:39:26,PHONE,PRODUCT_INQUIRY,OPEN,MEDIUM,
2467,1505,CRM00000002467,2026-04-17 14:59:07,BRANCH,PRODUCT_INQUIRY,RESOLVED,MEDIUM,10.84
2468,1505,CRM00000002468,2026-07-23 14:09:47,RM_VISIT,ONBOARDING,RESOLVED,MEDIUM,9.27
2469,1505,CRM00000002469,2026-06-10 14:04:14,PHONE,ADVISORY,IN_PROGRESS,MEDIUM,
2470,1505,CRM00000002470,2026-08-23 21:54:49,EMAIL,RETENTION,RESOLVED,LOW,5.88
2471,1506,CRM00000002471,2026-03-12 14:51:14,PHONE,PRODUCT_INQUIRY,RESOLVED,HIGH,2.35
2472,1507,CRM00000002472,2025-11-18 11:48:49,CHAT,RETENTION,RESOLVED,MEDIUM,1.2
2473,1507,CRM00000002473,2025-10-27 23:24:41,PHONE,PRODUCT_INQUIRY,RESOLVED,MEDIUM,3.24
2474,1508,CRM00000002474,2026-06-14 16:55:26,PHONE,COMPLAINT,OPEN,LOW,
2475,1510,CRM00000002475,2025-12-16 01:26:39,PHONE,RETENTION,RESOLVED,MEDIUM,15.11
2476,1510,CRM00000002476,2026-01-30 02:51:18,CHAT,ONBOARDING,IN_PROGRESS,LOW,
2477,1511,CRM00000002477,2026-04-08 03:32:33,EMAIL,PRODUCT_INQUIRY,RESOLVED,MEDIUM,22.33
2478,1511,CRM00000002478,2026-08-15 07:26:43,CHAT,COMPLAINT,RESOLVED,MEDIUM,3.65
2479,1511,CRM00000002479,2026-03-26 16:20:40,EMAIL,PRODUCT_INQUIRY,RESOLVED,LOW,7.64
2480,1512,CRM00000002480,2026-05-23 03:22:19,RM_VISIT,DISPUTE,RESOLVED,HIGH,0.21
2481,1512,CRM00000002481,2026-02-23 11:01:48,EMAIL,RETENTION,RESOLVED,MEDIUM,24.49
2482,1514,CRM00000002482,2026-03-29 17:28:34,EMAIL,RETENTION,RESOLVED,LOW,14.93
2483,1514,CRM00000002483,2026-05-17 19:59:09,EMAIL,ADVISORY,RESOLVED,MEDIUM,11.26
2484,1515,CRM00000002484,2026-08-24 18:22:15,PHONE,DISPUTE,RESOLVED,MEDIUM,1.15
2485,1515,CRM00000002485,2026-05-17 04:40:22,PHONE,COMPLAINT,RESOLVED,HIGH,10.26
2486,1515,CRM00000002486,2026-05-30 03:16:10,EMAIL,PRODUCT_INQUIRY,RESOLVED,HIGH,13.54
2487,1516,CRM00000002487,2026-08-16 10:23:09,PHONE,PRODUCT_INQUIRY,IN_PROGRESS,URGENT,
2488,1516,CRM00000002488,2025-12-06 08:00:57,PHONE,COMPLAINT,RESOLVED,MEDIUM,3.04
2489,1517,CRM00000002489,2026-07-27 11:18:18,PHONE,DISPUTE,RESOLVED,MEDIUM,26.33
2490,1517,CRM00000002490,2025-11-11 14:45:28,EMAIL,PRODUCT_INQUIRY,RESOLVED,LOW,6.19
2491,1517,CRM00000002491,2025-11-03 21:34:25,PHONE,PRODUCT_INQUIRY,IN_PROGRESS,HIGH,
2492,1517,CRM00000002492,2026-04-21 23:39:47,PHONE,ONBOARDING,RESOLVED,URGENT,4.59
2493,1517,CRM00000002493,2025-09-04 01:48:37,PHONE,PRODUCT_INQUIRY,IN_PROGRESS,HIGH,
2494,1518,CRM00000002494,2026-08-01 16:01:19,CHAT,DISPUTE,OPEN,LOW,
2495,1518,CRM00000002495,2025-12-01 20:49:35,EMAIL,COMPLAINT,RESOLVED,MEDIUM,14.19
2496,1518,CRM00000002496,2026-08-21 22:51:27,PHONE,ONBOARDING,RESOLVED,MEDIUM,4.95
2497,1519,CRM00000002497,2026-02-14 15:48:41,EMAIL,RETENTION,RESOLVED,MEDIUM,11.09
2498,1520,CRM00000002498,2026-07-22 12:28:32,PHONE,PRODUCT_INQUIRY,IN_PROGRESS,MEDIUM,
2499,1521,CRM00000002499,2026-06-05 19:57:53,BRANCH,RETENTION,RESOLVED,LOW,14.38
2500,1521,CRM00000002500,2026-02-25 16:24:09,PHONE,PRODUCT_INQUIRY,RESOLVED,MEDIUM,12.94
2501,1521,CRM00000002501,2026-06-20 09:11:48,PHONE,ADVISORY,RESOLVED,LOW,0.97
2502,1521,CRM00000002502,2026-05-08 10:51:46,EMAIL,ADVISORY,IN_PROGRESS,HIGH,
2503,1522,CRM00000002503,2026-04-07 10:16:54,EMAIL,RETENTION,OPEN,HIGH,
2504,1523,CRM00000002504,2026-07-24 16:09:35,EMAIL,COMPLAINT,RESOLVED,HIGH,3.89
2505,1524,CRM00000002505,2026-03-28 02:08:16,PHONE,PRODUCT_INQUIRY,IN_PROGRESS,MEDIUM,
2506,1524,CRM00000002506,2025-12-15 14:02:28,PHONE,COMPLAINT,OPEN,MEDIUM,
2507,1525,CRM00000002507,2026-06-03 21:28:55,BRANCH,RETENTION,IN_PROGRESS,MEDIUM,
2508,1525,CRM00000002508,2025-11-03 11:53:29,EMAIL,RETENTION,RESOLVED,HIGH,8.49
2509,1525,CRM00000002509,2025-12-26 12:28:04,BRANCH,RETENTION,RESOLVED,LOW,8.46
2510,1525,CRM00000002510,2025-10-22 09:16:47,PHONE,ADVISORY,RESOLVED,HIGH,4.33
2511,1525,CRM00000002511,2026-07-15 12:38:06,RM_VISIT,DISPUTE,RESOLVED,LOW,12.17
2512,1526,CRM00000002512,2025-12-09 12:18:41,PHONE,PRODUCT_INQUIRY,RESOLVED,HIGH,8.57
2513,1526,CRM00000002513,2025-11-04 18:27:55,EMAIL,ADVISORY,RESOLVED,MEDIUM,4.68
2514,1526,CRM00000002514,2025-12-29 02:16:52,EMAIL,COMPLAINT,RESOLVED,HIGH,3.08
2515,1527,CRM00000002515,2026-07-23 12:10:29,EMAIL,PRODUCT_INQUIRY,RESOLVED,MEDIUM,11.6
2516,1528,CRM00000002516,2025-12-17 16:20:51,RM_VISIT,COMPLAINT,RESOLVED,LOW,5.51
2517,1528,CRM00000002517,2025-12-04 02:29:56,PHONE,PRODUCT_INQUIRY,RESOLVED,HIGH,12.5
2518,1528,CRM00000002518,2026-05-21 22:50:31,EMAIL,ADVISORY,RESOLVED,MEDIUM,22.79
2519,1528,CRM00000002519,2025-12-08 02:53:52,PHONE,ONBOARDING,RESOLVED,MEDIUM,44.15
2520,1528,CRM00000002520,2026-02-26 19:34:28,PHONE,ADVISORY,IN_PROGRESS,MEDIUM,
2521,1529,CRM00000002521,2026-02-24 07:22:02,PHONE,ADVISORY,RESOLVED,LOW,6.43
2522,1529,CRM00000002522,2026-01-26 14:30:33,CHAT,ADVISORY,OPEN,MEDIUM,
2523,1530,CRM00000002523,2026-08-20 15:20:17,RM_VISIT,PRODUCT_INQUIRY,IN_PROGRESS,HIGH,
2524,1531,CRM00000002524,2026-03-16 13:28:18,PHONE,COMPLAINT,RESOLVED,MEDIUM,3.65
2525,1531,CRM00000002525,2025-11-27 09:49:30,EMAIL,PRODUCT_INQUIRY,IN_PROGRESS,HIGH,
2526,1532,CRM00000002526,2026-01-18 21:33:03,PHONE,DISPUTE,RESOLVED,URGENT,2.37
2527,1532,CRM00000002527,2026-01-25 00:44:34,CHAT,ADVISORY,RESOLVED,MEDIUM,17.02
2528,1532,CRM00000002528,2026-03-04 15:12:02,EMAIL,PRODUCT_INQUIRY,IN_PROGRESS,MEDIUM,
2529,1532,CRM00000002529,2026-06-10 05:14:57,CHAT,COMPLAINT,RESOLVED,HIGH,11.1
2530,1534,CRM00000002530,2026-06-12 22:51:20,BRANCH,PRODUCT_INQUIRY,RESOLVED,HIGH,14.12
2531,1534,CRM00000002531,2025-09-05 23:50:48,PHONE,ADVISORY,OPEN,MEDIUM,
2532,1534,CRM00000002532,2026-03-08 19:13:11,PHONE,RETENTION,RESOLVED,MEDIUM,7.41
2533,1534,CRM00000002533,2026-01-14 14:11:39,CHAT,COMPLAINT,RESOLVED,LOW,19.79
2534,1535,CRM00000002534,2025-12-09 02:41:43,PHONE,ONBOARDING,RESOLVED,MEDIUM,6.27
2535,1535,CRM00000002535,2026-05-14 14:03:17,BRANCH,ADVISORY,OPEN,MEDIUM,
2536,1536,CRM00000002536,2026-07-19 22:06:17,PHONE,ADVISORY,IN_PROGRESS,MEDIUM,
2537,1537,CRM00000002537,2025-11-23 23:38:05,CHAT,PRODUCT_INQUIRY,RESOLVED,HIGH,8.88
2538,1537,CRM00000002538,2025-09-21 18:25:34,BRANCH,COMPLAINT,RESOLVED,MEDIUM,0.75
2539,1537,CRM00000002539,2026-06-28 09:20:21,CHAT,PRODUCT_INQUIRY,RESOLVED,MEDIUM,12.26
2540,1537,CRM00000002540,2026-04-08 14:19:00,PHONE,DISPUTE,RESOLVED,LOW,4.62
2541,1540,CRM00000002541,2026-04-25 04:05:49,EMAIL,COMPLAINT,RESOLVED,MEDIUM,5.25
2542,1540,CRM00000002542,2026-01-05 12:55:12,CHAT,ADVISORY,IN_PROGRESS,LOW,
2543,1542,CRM00000002543,2025-12-27 20:24:06,PHONE,PRODUCT_INQUIRY,RESOLVED,HIGH,6.32
2544,1543,CRM00000002544,2026-08-14 15:44:02,CHAT,PRODUCT_INQUIRY,RESOLVED,URGENT,2.52
2545,1543,CRM00000002545,2026-03-11 15:34:45,EMAIL,COMPLAINT,RESOLVED,MEDIUM,5.26
2546,1544,CRM00000002546,2026-02-09 15:21:54,CHAT,ADVISORY,RESOLVED,MEDIUM,31.05
2547,1545,CRM00000002547,2026-04-22 20:19:50,BRANCH,ONBOARDING,RESOLVED,MEDIUM,3.06
2548,1546,CRM00000002548,2026-03-13 19:10:04,CHAT,PRODUCT_INQUIRY,RESOLVED,MEDIUM,2.63
2549,1546,CRM00000002549,2025-09-09 02:30:36,BRANCH,DISPUTE,RESOLVED,HIGH,4.96
2550,1547,CRM00000002550,2026-04-27 14:36:06,PHONE,COMPLAINT,RESOLVED,MEDIUM,12.41
2551,1547,CRM00000002551,2026-02-12 02:32:38,BRANCH,COMPLAINT,RESOLVED,MEDIUM,8.66
2552,1548,CRM00000002552,2026-03-29 14:58:34,CHAT,RETENTION,RESOLVED,MEDIUM,4.97
2553,1548,CRM00000002553,2025-12-06 00:21:27,BRANCH,ONBOARDING,RESOLVED,MEDIUM,12.68
2554,1548,CRM00000002554,2025-12-22 11:27:03,PHONE,RETENTION,IN_PROGRESS,MEDIUM,
2555,1548,CRM00000002555,2026-01-24 22:02:08,EMAIL,ADVISORY,RESOLVED,HIGH,6.55
2556,1549,CRM00000002556,2025-12-03 09:49:17,EMAIL,ADVISORY,RESOLVED,MEDIUM,25.73
2557,1549,CRM00000002557,2026-04-07 18:13:16,RM_VISIT,ADVISORY,RESOLVED,MEDIUM,10.06
2558,1550,CRM00000002558,2026-05-15 22:01:41,EMAIL,RETENTION,OPEN,LOW,
2559,1550,CRM00000002559,2026-06-16 05:47:57,PHONE,PRODUCT_INQUIRY,ESCALATED,HIGH,
2560,1550,CRM00000002560,2025-10-07 07:30:00,RM_VISIT,COMPLAINT,RESOLVED,MEDIUM,12.26
2561,1550,CRM00000002561,2026-03-29 01:23:11,CHAT,RETENTION,RESOLVED,LOW,15.96
2562,1552,CRM00000002562,2025-11-20 23:05:40,PHONE,COMPLAINT,RESOLVED,LOW,15.89
2563,1553,CRM00000002563,2026-08-10 03:28:43,PHONE,ONBOARDING,ESCALATED,LOW,
2564,1554,CRM00000002564,2025-11-29 22:16:17,PHONE,PRODUCT_INQUIRY,RESOLVED,HIGH,11.89
2565,1556,CRM00000002565,2026-03-08 09:56:33,PHONE,COMPLAINT,OPEN,URGENT,
2566,1558,CRM00000002566,2026-05-27 21:29:11,BRANCH,ADVISORY,IN_PROGRESS,URGENT,
2567,1559,CRM00000002567,2026-06-28 22:59:52,BRANCH,COMPLAINT,RESOLVED,LOW,9.64
2568,1559,CRM00000002568,2026-08-12 17:41:21,BRANCH,ADVISORY,OPEN,MEDIUM,
2569,1561,CRM00000002569,2025-11-30 10:52:55,CHAT,DISPUTE,RESOLVED,LOW,11.55
2570,1561,CRM00000002570,2025-12-13 00:21:50,BRANCH,RETENTION,RESOLVED,MEDIUM,15.32
2571,1562,CRM00000002571,2026-08-17 22:36:37,PHONE,PRODUCT_INQUIRY,RESOLVED,MEDIUM,3.41
2572,1563,CRM00000002572,2025-12-13 06:46:04,EMAIL,PRODUCT_INQUIRY,RESOLVED,MEDIUM,6.94
2573,1564,CRM00000002573,2026-04-26 00:35:41,EMAIL,RETENTION,RESOLVED,LOW,2.85
2574,1566,CRM00000002574,2026-06-19 10:11:53,PHONE,PRODUCT_INQUIRY,OPEN,LOW,
2575,1567,CRM00000002575,2026-01-06 07:31:44,EMAIL,ONBOARDING,RESOLVED,LOW,15.12
2576,1567,CRM00000002576,2026-07-27 02:47:13,EMAIL,COMPLAINT,RESOLVED,MEDIUM,29.07
2577,1567,CRM00000002577,2026-05-28 09:54:02,CHAT,PRODUCT_INQUIRY,IN_PROGRESS,LOW,
2578,1567,CRM00000002578,2026-02-10 18:46:59,EMAIL,ONBOARDING,IN_PROGRESS,LOW,
2579,1567,CRM00000002579,2025-10-31 06:14:57,EMAIL,ONBOARDING,RESOLVED,MEDIUM,16.24
2580,1568,CRM00000002580,2025-09-21 01:17:47,PHONE,PRODUCT_INQUIRY,RESOLVED,HIGH,23.47
2581,1570,CRM00000002581,2025-11-16 22:03:41,EMAIL,PRODUCT_INQUIRY,RESOLVED,MEDIUM,7.48
2582,1570,CRM00000002582,2025-10-18 03:33:04,EMAIL,RETENTION,RESOLVED,MEDIUM,10.01
2583,1570,CRM00000002583,2026-06-30 04:29:06,BRANCH,RETENTION,RESOLVED,LOW,10.35
2584,1571,CRM00000002584,2026-05-26 20:10:37,EMAIL,PRODUCT_INQUIRY,OPEN,MEDIUM,
2585,1571,CRM00000002585,2026-04-04 16:06:27,EMAIL,PRODUCT_INQUIRY,RESOLVED,LOW,0.81
2586,1571,CRM00000002586,2025-09-18 00:18:20,PHONE,PRODUCT_INQUIRY,RESOLVED,HIGH,7.07
2587,1572,CRM00000002587,2026-01-04 23:48:58,PHONE,ADVISORY,RESOLVED,LOW,9.3
2588,1572,CRM00000002588,2026-03-10 10:29:48,EMAIL,PRODUCT_INQUIRY,RESOLVED,LOW,9.91
2589,1573,CRM00000002589,2026-07-20 14:20:17,CHAT,PRODUCT_INQUIRY,RESOLVED,MEDIUM,3.24
2590,1574,CRM00000002590,2025-10-04 23:19:32,PHONE,ADVISORY,RESOLVED,MEDIUM,4.93
2591,1575,CRM00000002591,2025-09-19 16:41:51,PHONE,DISPUTE,RESOLVED,URGENT,4.38
2592,1575,CRM00000002592,2026-04-04 03:51:53,PHONE,PRODUCT_INQUIRY,IN_PROGRESS,MEDIUM,
2593,1575,CRM00000002593,2026-08-12 11:31:02,EMAIL,RETENTION,RESOLVED,LOW,2.88
2594,1576,CRM00000002594,2026-02-25 23:12:08,CHAT,COMPLAINT,RESOLVED,HIGH,15.25
2595,1576,CRM00000002595,2026-08-15 22:50:14,PHONE,RETENTION,RESOLVED,HIGH,9.08
2596,1577,CRM00000002596,2026-08-24 20:43:23,PHONE,DISPUTE,IN_PROGRESS,MEDIUM,
2597,1577,CRM00000002597,2026-03-24 09:43:18,PHONE,PRODUCT_INQUIRY,RESOLVED,MEDIUM,20.62
2598,1578,CRM00000002598,2026-06-03 11:31:48,EMAIL,RETENTION,IN_PROGRESS,MEDIUM,
2599,1580,CRM00000002599,2026-08-19 10:59:20,PHONE,ADVISORY,IN_PROGRESS,URGENT,
2600,1582,CRM00000002600,2026-07-14 09:22:40,BRANCH,DISPUTE,ESCALATED,HIGH,
2601,1583,CRM00000002601,2026-08-09 19:14:48,EMAIL,PRODUCT_INQUIRY,RESOLVED,LOW,6.61
2602,1583,CRM00000002602,2025-09-02 22:51:25,EMAIL,PRODUCT_INQUIRY,RESOLVED,LOW,5.9
2603,1584,CRM00000002603,2026-08-18 17:52:42,PHONE,COMPLAINT,RESOLVED,MEDIUM,9.25
2604,1587,CRM00000002604,2026-07-04 04:53:54,BRANCH,DISPUTE,RESOLVED,LOW,19.6
2605,1587,CRM00000002605,2025-10-30 22:36:00,PHONE,RETENTION,RESOLVED,HIGH,27.73
2606,1588,CRM00000002606,2026-07-27 03:25:42,PHONE,ADVISORY,RESOLVED,MEDIUM,5.52
2607,1590,CRM00000002607,2026-01-18 03:41:46,BRANCH,PRODUCT_INQUIRY,RESOLVED,LOW,7.66
2608,1590,CRM00000002608,2025-09-02 09:19:19,CHAT,ADVISORY,RESOLVED,LOW,7.43
2609,1591,CRM00000002609,2025-10-29 12:55:18,PHONE,COMPLAINT,RESOLVED,LOW,7.03
2610,1591,CRM00000002610,2025-12-19 18:44:10,EMAIL,RETENTION,ESCALATED,HIGH,
2611,1592,CRM00000002611,2025-10-18 08:48:08,PHONE,PRODUCT_INQUIRY,RESOLVED,HIGH,10.33
2612,1592,CRM00000002612,2026-04-15 00:13:10,EMAIL,COMPLAINT,RESOLVED,LOW,14.22
2613,1592,CRM00000002613,2026-05-31 18:39:58,PHONE,DISPUTE,RESOLVED,LOW,26.01
2614,1593,CRM00000002614,2026-02-23 14:34:18,EMAIL,PRODUCT_INQUIRY,RESOLVED,MEDIUM,22.33
2615,1593,CRM00000002615,2025-12-19 10:45:33,EMAIL,ONBOARDING,RESOLVED,HIGH,1.75
2616,1593,CRM00000002616,2026-06-20 04:19:07,PHONE,ADVISORY,RESOLVED,MEDIUM,16.79
2617,1594,CRM00000002617,2026-02-22 06:16:39,EMAIL,COMPLAINT,IN_PROGRESS,LOW,
2618,1595,CRM00000002618,2026-07-06 20:10:17,EMAIL,COMPLAINT,OPEN,LOW,
2619,1597,CRM00000002619,2025-11-19 20:54:07,BRANCH,COMPLAINT,RESOLVED,LOW,11.91
2620,1598,CRM00000002620,2026-05-12 15:12:36,BRANCH,PRODUCT_INQUIRY,RESOLVED,MEDIUM,6.74
2621,1598,CRM00000002621,2026-07-21 13:24:02,CHAT,RETENTION,ESCALATED,LOW,
2622,1599,CRM00000002622,2025-09-29 02:50:12,PHONE,COMPLAINT,RESOLVED,LOW,4.78
2623,1600,CRM00000002623,2026-07-03 21:12:10,PHONE,DISPUTE,RESOLVED,HIGH,4.51
2624,1600,CRM00000002624,2025-10-29 17:19:38,CHAT,PRODUCT_INQUIRY,RESOLVED,LOW,6.59
2625,1601,CRM00000002625,2025-09-02 12:22:43,PHONE,COMPLAINT,RESOLVED,URGENT,5.03
2626,1602,CRM00000002626,2026-08-19 23:23:41,PHONE,COMPLAINT,RESOLVED,HIGH,24.3
2627,1603,CRM00000002627,2026-05-26 19:32:50,PHONE,ONBOARDING,RESOLVED,LOW,16.3
2628,1603,CRM00000002628,2025-10-07 00:21:10,PHONE,RETENTION,RESOLVED,HIGH,23.31
2629,1604,CRM00000002629,2025-09-13 02:54:15,BRANCH,DISPUTE,RESOLVED,MEDIUM,5.07
2630,1604,CRM00000002630,2026-07-24 04:33:49,CHAT,PRODUCT_INQUIRY,RESOLVED,MEDIUM,6.93
2631,1605,CRM00000002631,2026-03-15 05:10:01,BRANCH,DISPUTE,RESOLVED,MEDIUM,11.28
2632,1606,CRM00000002632,2026-02-20 18:56:05,EMAIL,DISPUTE,OPEN,MEDIUM,
2633,1606,CRM00000002633,2026-04-06 08:30:58,PHONE,DISPUTE,IN_PROGRESS,URGENT,
2634,1607,CRM00000002634,2025-10-13 00:16:56,BRANCH,PRODUCT_INQUIRY,OPEN,MEDIUM,
2635,1608,CRM00000002635,2026-01-03 03:12:29,PHONE,RETENTION,IN_PROGRESS,HIGH,
2636,1609,CRM00000002636,2025-09-02 13:33:27,PHONE,COMPLAINT,IN_PROGRESS,MEDIUM,
2637,1609,CRM00000002637,2026-02-13 21:50:34,PHONE,COMPLAINT,IN_PROGRESS,MEDIUM,
2638,1611,CRM00000002638,2026-06-08 15:14:22,CHAT,ADVISORY,OPEN,MEDIUM,
2639,1612,CRM00000002639,2026-07-06 20:10:42,PHONE,PRODUCT_INQUIRY,RESOLVED,HIGH,18.92
2640,1613,CRM00000002640,2026-07-07 05:34:52,PHONE,PRODUCT_INQUIRY,RESOLVED,MEDIUM,6.73
2641,1613,CRM00000002641,2026-01-03 09:20:40,EMAIL,ADVISORY,RESOLVED,LOW,11.84
2642,1613,CRM00000002642,2025-09-05 19:56:56,PHONE,COMPLAINT,IN_PROGRESS,MEDIUM,
2643,1614,CRM00000002643,2026-06-18 00:02:20,EMAIL,ONBOARDING,RESOLVED,LOW,2.8
2644,1615,CRM00000002644,2026-05-15 12:32:36,EMAIL,PRODUCT_INQUIRY,RESOLVED,MEDIUM,4.55
2645,1616,CRM00000002645,2026-04-29 02:44:50,RM_VISIT,RETENTION,RESOLVED,MEDIUM,9.46
2646,1618,CRM00000002646,2025-08-28 02:42:13,CHAT,ADVISORY,ESCALATED,HIGH,
2647,1620,CRM00000002647,2025-12-22 21:10:46,CHAT,COMPLAINT,RESOLVED,MEDIUM,15.97
2648,1621,CRM00000002648,2026-07-31 16:44:07,PHONE,ONBOARDING,RESOLVED,MEDIUM,10.37
2649,1621,CRM00000002649,2026-02-25 05:59:14,EMAIL,RETENTION,RESOLVED,MEDIUM,4.33
2650,1622,CRM00000002650,2026-01-15 07:39:28,PHONE,DISPUTE,RESOLVED,MEDIUM,14.0
2651,1624,CRM00000002651,2025-12-12 00:17:57,PHONE,ADVISORY,RESOLVED,MEDIUM,9.45
2652,1624,CRM00000002652,2026-06-12 07:47:02,BRANCH,COMPLAINT,OPEN,LOW,
2653,1624,CRM00000002653,2026-03-01 17:18:09,PHONE,DISPUTE,IN_PROGRESS,HIGH,
2654,1624,CRM00000002654,2026-06-10 05:03:50,PHONE,ADVISORY,RESOLVED,MEDIUM,4.88
2655,1624,CRM00000002655,2026-01-17 04:20:14,EMAIL,PRODUCT_INQUIRY,RESOLVED,HIGH,10.36
2656,1625,CRM00000002656,2026-02-09 12:26:21,RM_VISIT,PRODUCT_INQUIRY,IN_PROGRESS,LOW,
2657,1625,CRM00000002657,2026-05-17 11:59:08,RM_VISIT,PRODUCT_INQUIRY,RESOLVED,MEDIUM,5.52
2658,1626,CRM00000002658,2026-08-04 07:02:40,EMAIL,DISPUTE,IN_PROGRESS,HIGH,
2659,1627,CRM00000002659,2026-04-07 02:49:56,PHONE,COMPLAINT,RESOLVED,HIGH,23.82
2660,1627,CRM00000002660,2025-10-03 00:33:26,EMAIL,PRODUCT_INQUIRY,IN_PROGRESS,HIGH,
2661,1628,CRM00000002661,2026-06-01 08:28:42,EMAIL,ADVISORY,RESOLVED,HIGH,5.46
2662,1628,CRM00000002662,2025-10-01 21:08:15,CHAT,COMPLAINT,RESOLVED,MEDIUM,15.2
2663,1629,CRM00000002663,2025-11-22 17:25:51,BRANCH,PRODUCT_INQUIRY,IN_PROGRESS,HIGH,
2664,1629,CRM00000002664,2026-01-19 19:53:56,BRANCH,DISPUTE,OPEN,LOW,
2665,1630,CRM00000002665,2025-10-15 01:03:36,CHAT,DISPUTE,RESOLVED,MEDIUM,22.83
2666,1631,CRM00000002666,2026-05-03 01:51:55,EMAIL,RETENTION,RESOLVED,MEDIUM,14.28
2667,1631,CRM00000002667,2026-02-19 12:55:35,BRANCH,COMPLAINT,RESOLVED,LOW,18.31
2668,1631,CRM00000002668,2026-05-25 23:55:28,PHONE,PRODUCT_INQUIRY,IN_PROGRESS,MEDIUM,
2669,1631,CRM00000002669,2026-06-16 06:58:38,PHONE,PRODUCT_INQUIRY,RESOLVED,HIGH,18.25
2670,1632,CRM00000002670,2026-08-21 09:09:59,CHAT,RETENTION,OPEN,LOW,
2671,1632,CRM00000002671,2026-03-23 22:03:38,PHONE,RETENTION,RESOLVED,MEDIUM,7.03
2672,1632,CRM00000002672,2026-05-29 10:23:33,EMAIL,RETENTION,RESOLVED,MEDIUM,13.62
2673,1633,CRM00000002673,2026-04-24 21:15:13,RM_VISIT,RETENTION,ESCALATED,LOW,
2674,1633,CRM00000002674,2025-10-26 10:55:50,BRANCH,ADVISORY,RESOLVED,MEDIUM,7.18
2675,1633,CRM00000002675,2026-03-08 21:00:51,PHONE,ONBOARDING,RESOLVED,HIGH,9.07
2676,1634,CRM00000002676,2025-12-09 15:31:12,PHONE,COMPLAINT,RESOLVED,MEDIUM,4.71
2677,1634,CRM00000002677,2025-09-17 10:28:41,CHAT,RETENTION,IN_PROGRESS,MEDIUM,
2678,1636,CRM00000002678,2026-04-23 19:46:12,EMAIL,PRODUCT_INQUIRY,RESOLVED,LOW,7.15
2679,1636,CRM00000002679,2026-07-09 19:26:05,EMAIL,COMPLAINT,RESOLVED,MEDIUM,6.82
2680,1637,CRM00000002680,2026-03-08 22:27:05,CHAT,PRODUCT_INQUIRY,RESOLVED,LOW,9.12
2681,1637,CRM00000002681,2026-01-30 15:34:50,PHONE,PRODUCT_INQUIRY,RESOLVED,HIGH,5.66
2682,1637,CRM00000002682,2025-12-22 21:27:23,PHONE,PRODUCT_INQUIRY,RESOLVED,LOW,6.51
2683,1637,CRM00000002683,2025-09-14 13:01:02,PHONE,COMPLAINT,RESOLVED,MEDIUM,4.21
2684,1638,CRM00000002684,2025-09-03 21:31:39,PHONE,ONBOARDING,IN_PROGRESS,LOW,
2685,1639,CRM00000002685,2026-02-07 12:30:33,EMAIL,COMPLAINT,RESOLVED,HIGH,15.31
2686,1639,CRM00000002686,2026-01-25 20:26:25,PHONE,DISPUTE,RESOLVED,MEDIUM,24.09
2687,1639,CRM00000002687,2026-06-06 05:08:33,CHAT,PRODUCT_INQUIRY,RESOLVED,LOW,8.18
2688,1640,CRM00000002688,2025-10-29 22:37:08,PHONE,COMPLAINT,RESOLVED,MEDIUM,7.99
2689,1640,CRM00000002689,2026-07-05 06:57:41,EMAIL,RETENTION,RESOLVED,LOW,15.52
2690,1640,CRM00000002690,2026-06-17 13:40:28,RM_VISIT,PRODUCT_INQUIRY,RESOLVED,HIGH,12.82
2691,1640,CRM00000002691,2026-01-09 03:54:51,PHONE,PRODUCT_INQUIRY,OPEN,MEDIUM,
2692,1640,CRM00000002692,2026-05-13 16:59:59,PHONE,RETENTION,RESOLVED,LOW,11.65
2693,1640,CRM00000002693,2026-01-28 00:23:38,BRANCH,COMPLAINT,RESOLVED,URGENT,4.34
2694,1640,CRM00000002694,2025-11-26 06:02:38,PHONE,ADVISORY,IN_PROGRESS,MEDIUM,
2695,1641,CRM00000002695,2026-03-05 10:56:19,BRANCH,RETENTION,RESOLVED,MEDIUM,14.68
2696,1641,CRM00000002696,2025-12-21 22:24:28,CHAT,RETENTION,RESOLVED,LOW,11.81
2697,1642,CRM00000002697,2026-06-06 19:27:16,EMAIL,COMPLAINT,ESCALATED,LOW,
2698,1642,CRM00000002698,2026-07-15 09:23:28,PHONE,DISPUTE,RESOLVED,HIGH,13.44
2699,1644,CRM00000002699,2025-11-27 08:59:57,EMAIL,COMPLAINT,RESOLVED,MEDIUM,6.84
2700,1644,CRM00000002700,2026-04-10 20:23:12,EMAIL,PRODUCT_INQUIRY,RESOLVED,HIGH,8.94
2701,1645,CRM00000002701,2026-03-22 14:10:03,EMAIL,ADVISORY,IN_PROGRESS,MEDIUM,
2702,1645,CRM00000002702,2026-03-31 01:14:20,CHAT,PRODUCT_INQUIRY,RESOLVED,URGENT,11.02
2703,1645,CRM00000002703,2026-04-14 09:02:54,PHONE,RETENTION,RESOLVED,MEDIUM,5.34
2704,1646,CRM00000002704,2025-09-27 17:20:53,EMAIL,RETENTION,IN_PROGRESS,LOW,
2705,1647,CRM00000002705,2026-01-14 17:14:10,EMAIL,ONBOARDING,RESOLVED,LOW,8.05
2706,1648,CRM00000002706,2025-12-29 09:52:47,EMAIL,RETENTION,IN_PROGRESS,MEDIUM,
2707,1649,CRM00000002707,2026-05-25 11:59:35,CHAT,ADVISORY,ESCALATED,MEDIUM,
2708,1650,CRM00000002708,2026-08-09 09:29:34,EMAIL,COMPLAINT,RESOLVED,MEDIUM,14.59
2709,1650,CRM00000002709,2025-11-01 07:23:53,EMAIL,PRODUCT_INQUIRY,OPEN,LOW,
2710,1651,CRM00000002710,2026-04-30 10:31:11,RM_VISIT,DISPUTE,RESOLVED,MEDIUM,23.44
2711,1651,CRM00000002711,2026-01-14 23:41:13,RM_VISIT,ONBOARDING,RESOLVED,HIGH,6.34
2712,1651,CRM00000002712,2025-09-19 00:12:09,PHONE,COMPLAINT,RESOLVED,MEDIUM,10.53
2713,1651,CRM00000002713,2026-01-05 14:07:39,PHONE,COMPLAINT,RESOLVED,HIGH,5.9
2714,1651,CRM00000002714,2026-03-31 18:42:39,RM_VISIT,PRODUCT_INQUIRY,OPEN,LOW,
2715,1653,CRM00000002715,2025-12-16 07:15:30,EMAIL,ADVISORY,ESCALATED,HIGH,
2716,1654,CRM00000002716,2025-10-12 05:24:57,EMAIL,PRODUCT_INQUIRY,IN_PROGRESS,HIGH,
2717,1654,CRM00000002717,2026-06-20 15:29:18,PHONE,ADVISORY,RESOLVED,LOW,4.1
2718,1654,CRM00000002718,2026-04-16 18:51:35,BRANCH,ONBOARDING,RESOLVED,HIGH,41.06
2719,1655,CRM00000002719,2025-11-05 13:36:46,RM_VISIT,PRODUCT_INQUIRY,ESCALATED,HIGH,
2720,1655,CRM00000002720,2026-02-25 14:41:09,PHONE,PRODUCT_INQUIRY,IN_PROGRESS,LOW,
2721,1656,CRM00000002721,2026-03-21 04:07:41,CHAT,RETENTION,RESOLVED,MEDIUM,1.16
2722,1656,CRM00000002722,2026-01-17 13:34:55,BRANCH,DISPUTE,RESOLVED,MEDIUM,33.24
2723,1657,CRM00000002723,2026-08-25 06:08:58,EMAIL,RETENTION,RESOLVED,MEDIUM,33.79
2724,1658,CRM00000002724,2025-11-01 21:01:58,CHAT,COMPLAINT,RESOLVED,LOW,6.63
2725,1658,CRM00000002725,2026-03-11 06:37:15,PHONE,ONBOARDING,IN_PROGRESS,LOW,
2726,1659,CRM00000002726,2026-07-17 01:56:08,PHONE,ADVISORY,RESOLVED,LOW,18.31
2727,1660,CRM00000002727,2025-11-24 19:51:31,BRANCH,ADVISORY,RESOLVED,MEDIUM,5.95
2728,1660,CRM00000002728,2026-08-25 10:07:09,EMAIL,ADVISORY,IN_PROGRESS,MEDIUM,
2729,1662,CRM00000002729,2026-03-12 08:15:08,EMAIL,COMPLAINT,IN_PROGRESS,HIGH,
2730,1663,CRM00000002730,2025-12-18 09:47:18,CHAT,ONBOARDING,IN_PROGRESS,MEDIUM,
2731,1663,CRM00000002731,2026-03-16 18:31:55,BRANCH,COMPLAINT,RESOLVED,HIGH,11.75
2732,1663,CRM00000002732,2025-11-02 07:16:41,PHONE,ADVISORY,RESOLVED,HIGH,11.84
2733,1664,CRM00000002733,2026-04-25 20:06:09,PHONE,COMPLAINT,RESOLVED,LOW,3.11
2734,1664,CRM00000002734,2025-12-31 08:27:10,EMAIL,PRODUCT_INQUIRY,RESOLVED,URGENT,5.33
2735,1665,CRM00000002735,2026-08-17 12:13:52,RM_VISIT,PRODUCT_INQUIRY,RESOLVED,LOW,0.81
2736,1665,CRM00000002736,2025-10-08 03:07:00,PHONE,COMPLAINT,RESOLVED,MEDIUM,7.41
2737,1665,CRM00000002737,2026-08-21 06:35:04,PHONE,DISPUTE,OPEN,HIGH,
2738,1666,CRM00000002738,2026-08-11 23:35:34,BRANCH,RETENTION,RESOLVED,MEDIUM,7.62
2739,1667,CRM00000002739,2026-04-08 12:23:51,BRANCH,DISPUTE,RESOLVED,LOW,44.13
2740,1668,CRM00000002740,2026-02-24 01:17:31,BRANCH,COMPLAINT,IN_PROGRESS,MEDIUM,
2741,1668,CRM00000002741,2025-11-11 10:14:33,EMAIL,COMPLAINT,RESOLVED,MEDIUM,5.06
2742,1669,CRM00000002742,2026-05-12 17:54:13,BRANCH,COMPLAINT,RESOLVED,HIGH,6.8
2743,1669,CRM00000002743,2025-09-08 15:01:21,EMAIL,PRODUCT_INQUIRY,RESOLVED,HIGH,8.23
2744,1669,CRM00000002744,2025-12-04 17:38:15,BRANCH,RETENTION,RESOLVED,MEDIUM,14.38
2745,1669,CRM00000002745,2026-08-13 00:03:24,PHONE,RETENTION,IN_PROGRESS,MEDIUM,
2746,1669,CRM00000002746,2026-03-18 22:29:40,PHONE,PRODUCT_INQUIRY,RESOLVED,MEDIUM,3.04
2747,1669,CRM00000002747,2026-01-07 03:32:42,PHONE,PRODUCT_INQUIRY,RESOLVED,MEDIUM,19.57
2748,1671,CRM00000002748,2025-09-17 19:03:02,PHONE,ADVISORY,RESOLVED,URGENT,9.55
2749,1672,CRM00000002749,2026-02-08 19:45:52,RM_VISIT,COMPLAINT,RESOLVED,HIGH,13.71
2750,1672,CRM00000002750,2025-10-05 08:35:42,EMAIL,DISPUTE,RESOLVED,MEDIUM,20.15
2751,1673,CRM00000002751,2025-10-17 10:19:53,CHAT,COMPLAINT,ESCALATED,LOW,
2752,1673,CRM00000002752,2026-01-03 20:38:35,PHONE,RETENTION,RESOLVED,HIGH,8.84
2753,1673,CRM00000002753,2025-12-03 16:17:06,PHONE,COMPLAINT,RESOLVED,LOW,5.02
2754,1674,CRM00000002754,2025-10-06 18:57:35,RM_VISIT,COMPLAINT,RESOLVED,HIGH,6.71
2755,1674,CRM00000002755,2025-10-29 03:14:21,PHONE,COMPLAINT,RESOLVED,MEDIUM,7.6
2756,1676,CRM00000002756,2025-10-26 03:44:45,EMAIL,DISPUTE,RESOLVED,MEDIUM,4.67
2757,1677,CRM00000002757,2025-12-23 04:59:46,PHONE,RETENTION,RESOLVED,LOW,6.29
2758,1677,CRM00000002758,2025-09-09 04:55:23,BRANCH,ADVISORY,IN_PROGRESS,LOW,
2759,1677,CRM00000002759,2026-06-14 11:48:30,CHAT,RETENTION,RESOLVED,HIGH,28.19
2760,1678,CRM00000002760,2026-03-31 22:52:26,BRANCH,ADVISORY,RESOLVED,MEDIUM,2.42
2761,1678,CRM00000002761,2026-08-13 16:12:15,EMAIL,RETENTION,RESOLVED,LOW,37.69
2762,1679,CRM00000002762,2025-10-27 03:25:11,PHONE,ONBOARDING,OPEN,HIGH,
2763,1681,CRM00000002763,2025-11-24 07:11:55,PHONE,COMPLAINT,RESOLVED,LOW,6.34
2764,1681,CRM00000002764,2026-04-15 02:12:48,EMAIL,RETENTION,RESOLVED,URGENT,1.17
2765,1681,CRM00000002765,2026-03-07 06:35:17,BRANCH,ONBOARDING,RESOLVED,LOW,18.91
2766,1681,CRM00000002766,2026-01-07 04:21:44,PHONE,RETENTION,RESOLVED,HIGH,2.21
2767,1681,CRM00000002767,2025-09-16 22:13:08,PHONE,RETENTION,RESOLVED,MEDIUM,20.46
2768,1681,CRM00000002768,2026-01-26 23:36:51,PHONE,DISPUTE,OPEN,MEDIUM,
2769,1683,CRM00000002769,2026-05-31 20:45:51,BRANCH,ADVISORY,RESOLVED,MEDIUM,15.27
2770,1683,CRM00000002770,2025-12-05 12:31:54,RM_VISIT,RETENTION,IN_PROGRESS,MEDIUM,
2771,1683,CRM00000002771,2026-07-28 17:44:00,PHONE,RETENTION,IN_PROGRESS,MEDIUM,
2772,1684,CRM00000002772,2026-02-14 05:11:06,PHONE,ONBOARDING,RESOLVED,URGENT,3.44
2773,1684,CRM00000002773,2026-02-16 00:15:48,CHAT,DISPUTE,RESOLVED,MEDIUM,4.46
2774,1684,CRM00000002774,2025-12-05 18:46:21,PHONE,ADVISORY,ESCALATED,HIGH,
2775,1685,CRM00000002775,2025-10-07 02:42:32,PHONE,ADVISORY,IN_PROGRESS,HIGH,
2776,1685,CRM00000002776,2026-06-16 14:07:32,PHONE,RETENTION,IN_PROGRESS,LOW,
2777,1685,CRM00000002777,2026-05-18 14:44:36,CHAT,DISPUTE,IN_PROGRESS,MEDIUM,
2778,1685,CRM00000002778,2026-02-21 11:30:00,EMAIL,PRODUCT_INQUIRY,RESOLVED,MEDIUM,22.06
2779,1686,CRM00000002779,2026-08-06 01:11:32,PHONE,PRODUCT_INQUIRY,RESOLVED,MEDIUM,11.82
2780,1686,CRM00000002780,2025-11-08 02:48:50,EMAIL,COMPLAINT,ESCALATED,HIGH,
2781,1687,CRM00000002781,2026-08-12 05:08:38,PHONE,DISPUTE,IN_PROGRESS,URGENT,
2782,1688,CRM00000002782,2025-11-29 15:05:27,CHAT,PRODUCT_INQUIRY,RESOLVED,MEDIUM,4.58
2783,1690,CRM00000002783,2026-06-05 23:39:23,EMAIL,ADVISORY,RESOLVED,LOW,5.72
2784,1691,CRM00000002784,2026-01-27 07:58:58,PHONE,PRODUCT_INQUIRY,RESOLVED,LOW,0.52
2785,1692,CRM00000002785,2025-10-26 07:25:29,BRANCH,ONBOARDING,RESOLVED,MEDIUM,7.51
2786,1693,CRM00000002786,2026-02-04 10:01:36,BRANCH,ADVISORY,IN_PROGRESS,MEDIUM,
2787,1694,CRM00000002787,2026-06-05 17:01:08,PHONE,PRODUCT_INQUIRY,RESOLVED,LOW,20.3
2788,1695,CRM00000002788,2025-11-29 16:37:02,PHONE,DISPUTE,RESOLVED,MEDIUM,5.52
2789,1695,CRM00000002789,2026-08-22 21:05:44,PHONE,RETENTION,IN_PROGRESS,MEDIUM,
2790,1696,CRM00000002790,2026-01-27 10:06:09,PHONE,PRODUCT_INQUIRY,RESOLVED,LOW,8.75
2791,1696,CRM00000002791,2026-06-27 07:44:58,PHONE,PRODUCT_INQUIRY,RESOLVED,MEDIUM,10.55
2792,1697,CRM00000002792,2025-12-18 18:34:37,CHAT,PRODUCT_INQUIRY,RESOLVED,MEDIUM,8.88
2793,1697,CRM00000002793,2026-07-07 05:39:35,EMAIL,COMPLAINT,IN_PROGRESS,HIGH,
2794,1698,CRM00000002794,2025-10-07 06:03:39,PHONE,ONBOARDING,RESOLVED,MEDIUM,0.78
2795,1700,CRM00000002795,2026-06-26 12:36:35,PHONE,RETENTION,IN_PROGRESS,MEDIUM,
2796,1700,CRM00000002796,2025-10-15 14:00:14,PHONE,RETENTION,IN_PROGRESS,LOW,
2797,1700,CRM00000002797,2026-06-24 18:31:05,PHONE,PRODUCT_INQUIRY,IN_PROGRESS,HIGH,
2798,1700,CRM00000002798,2025-10-20 14:29:27,EMAIL,DISPUTE,RESOLVED,HIGH,11.86
2799,1700,CRM00000002799,2025-10-03 04:06:56,CHAT,ONBOARDING,RESOLVED,LOW,25.67
2800,1702,CRM00000002800,2026-02-17 23:36:02,RM_VISIT,DISPUTE,RESOLVED,HIGH,10.19
2801,1703,CRM00000002801,2026-08-12 04:08:09,CHAT,COMPLAINT,RESOLVED,LOW,9.83
2802,1704,CRM00000002802,2026-03-26 11:35:07,BRANCH,COMPLAINT,RESOLVED,MEDIUM,2.96
2803,1705,CRM00000002803,2026-07-24 08:43:08,PHONE,ADVISORY,RESOLVED,HIGH,2.56
2804,1706,CRM00000002804,2026-05-07 22:47:45,EMAIL,RETENTION,RESOLVED,URGENT,5.23
2805,1706,CRM00000002805,2026-03-25 12:01:47,EMAIL,COMPLAINT,RESOLVED,HIGH,4.92
2806,1707,CRM00000002806,2025-12-10 03:51:08,BRANCH,PRODUCT_INQUIRY,RESOLVED,LOW,6.24
2807,1707,CRM00000002807,2025-11-21 18:39:56,PHONE,ONBOARDING,RESOLVED,MEDIUM,18.4
2808,1707,CRM00000002808,2025-09-12 22:58:06,EMAIL,PRODUCT_INQUIRY,RESOLVED,HIGH,3.59
2809,1707,CRM00000002809,2026-04-15 12:21:48,EMAIL,COMPLAINT,IN_PROGRESS,MEDIUM,
2810,1708,CRM00000002810,2026-05-27 19:37:32,CHAT,ADVISORY,RESOLVED,LOW,0.26
2811,1708,CRM00000002811,2025-10-25 05:15:54,PHONE,ADVISORY,IN_PROGRESS,MEDIUM,
2812,1710,CRM00000002812,2026-04-01 09:18:36,BRANCH,ONBOARDING,RESOLVED,LOW,3.95
2813,1710,CRM00000002813,2025-10-30 10:37:10,PHONE,ONBOARDING,RESOLVED,MEDIUM,33.53
2814,1712,CRM00000002814,2026-06-20 20:39:21,EMAIL,COMPLAINT,RESOLVED,LOW,15.01
2815,1712,CRM00000002815,2025-12-26 01:23:04,PHONE,COMPLAINT,RESOLVED,LOW,11.71
2816,1714,CRM00000002816,2025-09-06 04:57:22,EMAIL,DISPUTE,RESOLVED,MEDIUM,7.9
2817,1714,CRM00000002817,2026-04-04 03:40:41,EMAIL,ADVISORY,ESCALATED,MEDIUM,
2818,1715,CRM00000002818,2026-06-15 13:18:08,PHONE,COMPLAINT,ESCALATED,HIGH,
2819,1715,CRM00000002819,2026-03-19 17:21:24,PHONE,ADVISORY,RESOLVED,HIGH,13.19
2820,1716,CRM00000002820,2025-10-10 08:50:06,PHONE,COMPLAINT,RESOLVED,HIGH,3.56
2821,1717,CRM00000002821,2025-10-08 15:58:41,EMAIL,PRODUCT_INQUIRY,RESOLVED,HIGH,18.39
2822,1718,CRM00000002822,2026-07-11 15:19:57,PHONE,PRODUCT_INQUIRY,RESOLVED,MEDIUM,14.0
2823,1718,CRM00000002823,2025-12-04 09:37:02,CHAT,ONBOARDING,RESOLVED,MEDIUM,11.28
2824,1718,CRM00000002824,2026-08-04 17:34:12,RM_VISIT,DISPUTE,RESOLVED,HIGH,15.96
2825,1718,CRM00000002825,2026-04-28 09:09:34,PHONE,COMPLAINT,RESOLVED,MEDIUM,6.95
2826,1719,CRM00000002826,2026-05-01 18:38:31,EMAIL,COMPLAINT,RESOLVED,MEDIUM,6.4
2827,1719,CRM00000002827,2025-09-13 11:43:16,CHAT,ADVISORY,RESOLVED,URGENT,8.66
2828,1721,CRM00000002828,2025-10-17 11:59:45,PHONE,RETENTION,RESOLVED,HIGH,5.1
2829,1721,CRM00000002829,2026-04-09 03:26:19,PHONE,DISPUTE,RESOLVED,MEDIUM,14.64
2830,1722,CRM00000002830,2025-12-08 12:57:00,CHAT,ADVISORY,RESOLVED,MEDIUM,1.12
2831,1722,CRM00000002831,2026-02-01 15:59:34,PHONE,PRODUCT_INQUIRY,RESOLVED,MEDIUM,13.63
2832,1723,CRM00000002832,2025-10-12 21:07:06,PHONE,RETENTION,ESCALATED,HIGH,
2833,1723,CRM00000002833,2025-09-28 10:07:36,PHONE,ONBOARDING,RESOLVED,MEDIUM,26.96
2834,1723,CRM00000002834,2026-07-15 05:56:01,PHONE,ADVISORY,RESOLVED,MEDIUM,4.0
2835,1723,CRM00000002835,2026-05-06 13:13:52,CHAT,RETENTION,RESOLVED,LOW,12.35
2836,1723,CRM00000002836,2025-09-22 20:40:56,BRANCH,PRODUCT_INQUIRY,RESOLVED,MEDIUM,36.17
2837,1724,CRM00000002837,2025-11-03 00:19:42,CHAT,DISPUTE,RESOLVED,MEDIUM,25.51
2838,1726,CRM00000002838,2025-08-31 18:30:24,EMAIL,COMPLAINT,RESOLVED,LOW,24.61
2839,1726,CRM00000002839,2026-03-02 17:33:12,EMAIL,RETENTION,RESOLVED,LOW,11.99
2840,1726,CRM00000002840,2025-10-07 18:46:11,PHONE,PRODUCT_INQUIRY,RESOLVED,MEDIUM,3.01
2841,1727,CRM00000002841,2026-03-16 14:10:59,PHONE,RETENTION,RESOLVED,MEDIUM,8.83
2842,1729,CRM00000002842,2026-07-29 15:10:01,EMAIL,RETENTION,OPEN,LOW,
2843,1729,CRM00000002843,2025-11-27 14:23:45,CHAT,ADVISORY,RESOLVED,LOW,17.18
2844,1730,CRM00000002844,2026-01-10 18:08:15,EMAIL,ONBOARDING,RESOLVED,MEDIUM,15.41
2845,1730,CRM00000002845,2026-04-14 05:41:55,CHAT,DISPUTE,RESOLVED,URGENT,9.33
2846,1730,CRM00000002846,2026-07-28 00:41:41,CHAT,ONBOARDING,IN_PROGRESS,MEDIUM,
2847,1730,CRM00000002847,2026-03-12 19:01:58,BRANCH,ONBOARDING,RESOLVED,HIGH,2.85
2848,1732,CRM00000002848,2026-02-23 15:23:09,CHAT,RETENTION,RESOLVED,LOW,23.24
2849,1732,CRM00000002849,2025-11-29 11:51:26,RM_VISIT,COMPLAINT,RESOLVED,LOW,11.08
2850,1732,CRM00000002850,2026-04-07 13:12:28,BRANCH,PRODUCT_INQUIRY,RESOLVED,LOW,19.54
2851,1732,CRM00000002851,2026-04-28 10:52:52,EMAIL,PRODUCT_INQUIRY,RESOLVED,HIGH,2.75
2852,1732,CRM00000002852,2025-10-11 06:58:12,PHONE,PRODUCT_INQUIRY,ESCALATED,MEDIUM,
2853,1732,CRM00000002853,2026-07-02 04:58:27,EMAIL,DISPUTE,RESOLVED,MEDIUM,14.56
2854,1733,CRM00000002854,2025-11-19 01:42:25,PHONE,RETENTION,RESOLVED,HIGH,5.34
2855,1734,CRM00000002855,2026-01-21 15:28:00,BRANCH,PRODUCT_INQUIRY,IN_PROGRESS,HIGH,
2856,1735,CRM00000002856,2025-12-08 21:32:31,RM_VISIT,ADVISORY,RESOLVED,MEDIUM,5.65
2857,1735,CRM00000002857,2026-04-01 14:48:51,CHAT,PRODUCT_INQUIRY,RESOLVED,LOW,11.9
2858,1736,CRM00000002858,2026-04-27 14:53:23,PHONE,RETENTION,RESOLVED,URGENT,7.49
2859,1736,CRM00000002859,2026-04-09 17:48:01,RM_VISIT,ADVISORY,RESOLVED,MEDIUM,13.54
2860,1736,CRM00000002860,2025-12-27 23:32:03,CHAT,ADVISORY,RESOLVED,HIGH,0.41
2861,1736,CRM00000002861,2026-04-12 01:37:57,RM_VISIT,COMPLAINT,RESOLVED,MEDIUM,3.02
2862,1736,CRM00000002862,2026-02-04 08:16:06,CHAT,RETENTION,RESOLVED,MEDIUM,0.61
2863,1736,CRM00000002863,2026-08-23 18:51:26,PHONE,PRODUCT_INQUIRY,RESOLVED,LOW,10.73
2864,1737,CRM00000002864,2026-06-21 01:13:00,PHONE,ADVISORY,RESOLVED,HIGH,21.05
2865,1739,CRM00000002865,2025-12-23 14:25:54,PHONE,PRODUCT_INQUIRY,RESOLVED,HIGH,7.38
2866,1739,CRM00000002866,2025-12-07 08:18:11,PHONE,ADVISORY,IN_PROGRESS,HIGH,
2867,1741,CRM00000002867,2026-03-08 08:21:46,PHONE,COMPLAINT,IN_PROGRESS,MEDIUM,
2868,1741,CRM00000002868,2026-01-09 08:39:12,EMAIL,RETENTION,IN_PROGRESS,MEDIUM,
2869,1743,CRM00000002869,2026-02-24 08:38:39,PHONE,RETENTION,RESOLVED,HIGH,4.31
2870,1745,CRM00000002870,2026-03-18 03:23:19,PHONE,RETENTION,OPEN,HIGH,
2871,1745,CRM00000002871,2026-04-30 15:22:20,PHONE,PRODUCT_INQUIRY,RESOLVED,MEDIUM,16.03
2872,1745,CRM00000002872,2026-03-24 20:02:31,RM_VISIT,RETENTION,OPEN,LOW,
2873,1745,CRM00000002873,2025-11-05 15:31:53,PHONE,PRODUCT_INQUIRY,OPEN,HIGH,
2874,1746,CRM00000002874,2026-03-04 15:51:36,CHAT,ADVISORY,IN_PROGRESS,LOW,
2875,1746,CRM00000002875,2025-12-23 07:34:14,PHONE,COMPLAINT,RESOLVED,HIGH,19.31
2876,1746,CRM00000002876,2026-06-28 05:17:17,CHAT,ADVISORY,RESOLVED,LOW,5.79
2877,1747,CRM00000002877,2025-10-11 03:38:29,PHONE,PRODUCT_INQUIRY,RESOLVED,LOW,2.01
2878,1747,CRM00000002878,2026-02-05 19:17:57,PHONE,ONBOARDING,RESOLVED,MEDIUM,1.97
2879,1747,CRM00000002879,2026-06-04 21:04:15,BRANCH,RETENTION,RESOLVED,MEDIUM,6.5
2880,1748,CRM00000002880,2025-11-03 12:25:31,EMAIL,COMPLAINT,RESOLVED,LOW,7.83
2881,1748,CRM00000002881,2025-10-27 08:02:19,PHONE,ADVISORY,IN_PROGRESS,URGENT,
2882,1748,CRM00000002882,2025-09-08 10:52:32,EMAIL,COMPLAINT,RESOLVED,MEDIUM,3.68
2883,1748,CRM00000002883,2026-02-05 19:25:22,CHAT,PRODUCT_INQUIRY,RESOLVED,MEDIUM,19.24
2884,1750,CRM00000002884,2026-07-29 09:56:53,PHONE,ONBOARDING,RESOLVED,LOW,10.21
2885,1751,CRM00000002885,2025-11-04 21:32:29,PHONE,COMPLAINT,RESOLVED,MEDIUM,2.78
2886,1751,CRM00000002886,2026-04-27 08:19:43,PHONE,PRODUCT_INQUIRY,ESCALATED,LOW,
2887,1751,CRM00000002887,2026-02-02 23:41:26,PHONE,RETENTION,RESOLVED,URGENT,3.62
2888,1752,CRM00000002888,2026-06-07 17:46:24,CHAT,RETENTION,OPEN,LOW,
2889,1753,CRM00000002889,2026-04-05 19:53:45,EMAIL,RETENTION,RESOLVED,HIGH,12.16
2890,1753,CRM00000002890,2026-04-22 23:23:43,PHONE,ADVISORY,ESCALATED,HIGH,
2891,1755,CRM00000002891,2026-04-03 20:29:20,PHONE,COMPLAINT,RESOLVED,MEDIUM,11.49
2892,1755,CRM00000002892,2026-08-15 11:16:43,CHAT,ADVISORY,RESOLVED,URGENT,21.88
2893,1757,CRM00000002893,2026-02-21 05:19:48,EMAIL,PRODUCT_INQUIRY,RESOLVED,LOW,5.07
2894,1757,CRM00000002894,2026-02-01 18:35:41,EMAIL,COMPLAINT,RESOLVED,LOW,10.14
2895,1757,CRM00000002895,2026-06-06 13:52:35,EMAIL,PRODUCT_INQUIRY,ESCALATED,LOW,
2896,1758,CRM00000002896,2026-07-08 19:44:02,EMAIL,PRODUCT_INQUIRY,OPEN,LOW,
2897,1758,CRM00000002897,2026-06-21 16:56:20,CHAT,ADVISORY,RESOLVED,LOW,6.47
2898,1758,CRM00000002898,2026-08-03 15:09:02,PHONE,ONBOARDING,RESOLVED,LOW,15.02
2899,1758,CRM00000002899,2025-10-30 02:16:34,PHONE,PRODUCT_INQUIRY,RESOLVED,MEDIUM,7.26
2900,1761,CRM00000002900,2025-12-09 18:18:03,BRANCH,RETENTION,RESOLVED,MEDIUM,19.42
2901,1762,CRM00000002901,2025-10-09 02:13:51,PHONE,ADVISORY,RESOLVED,LOW,16.97
2902,1763,CRM00000002902,2026-08-01 18:53:02,PHONE,DISPUTE,RESOLVED,LOW,32.63
2903,1763,CRM00000002903,2026-06-03 09:29:22,EMAIL,DISPUTE,RESOLVED,LOW,4.45
2904,1763,CRM00000002904,2026-07-06 06:23:00,BRANCH,PRODUCT_INQUIRY,OPEN,MEDIUM,
2905,1764,CRM00000002905,2026-02-23 08:22:20,BRANCH,ONBOARDING,ESCALATED,MEDIUM,
2906,1764,CRM00000002906,2026-06-23 08:16:47,BRANCH,PRODUCT_INQUIRY,ESCALATED,LOW,
2907,1764,CRM00000002907,2026-08-08 17:32:41,EMAIL,PRODUCT_INQUIRY,RESOLVED,MEDIUM,7.95
2908,1764,CRM00000002908,2026-07-20 14:45:47,CHAT,RETENTION,RESOLVED,LOW,22.22
2909,1765,CRM00000002909,2026-01-06 15:19:37,RM_VISIT,RETENTION,RESOLVED,MEDIUM,10.48
2910,1765,CRM00000002910,2026-07-20 19:13:15,EMAIL,ADVISORY,OPEN,MEDIUM,
2911,1765,CRM00000002911,2025-12-23 19:01:24,PHONE,PRODUCT_INQUIRY,ESCALATED,MEDIUM,
2912,1766,CRM00000002912,2026-02-22 13:04:11,EMAIL,ADVISORY,IN_PROGRESS,HIGH,
2913,1766,CRM00000002913,2026-03-17 13:07:44,PHONE,ADVISORY,RESOLVED,LOW,8.4
2914,1766,CRM00000002914,2026-08-05 10:57:18,CHAT,ONBOARDING,RESOLVED,MEDIUM,14.03
2915,1766,CRM00000002915,2025-09-25 10:19:42,PHONE,ONBOARDING,RESOLVED,HIGH,7.8
2916,1767,CRM00000002916,2026-08-25 00:36:41,PHONE,RETENTION,ESCALATED,MEDIUM,
2917,1768,CRM00000002917,2026-04-10 23:13:00,EMAIL,RETENTION,IN_PROGRESS,MEDIUM,
2918,1769,CRM00000002918,2026-07-26 09:15:32,RM_VISIT,ADVISORY,RESOLVED,HIGH,30.04
2919,1769,CRM00000002919,2026-04-03 17:27:33,EMAIL,ONBOARDING,RESOLVED,LOW,35.25
2920,1771,CRM00000002920,2026-01-10 17:05:28,BRANCH,ADVISORY,IN_PROGRESS,LOW,
2921,1771,CRM00000002921,2026-01-19 07:04:49,BRANCH,ONBOARDING,RESOLVED,LOW,7.99
2922,1772,CRM00000002922,2025-11-16 20:25:17,RM_VISIT,ADVISORY,RESOLVED,HIGH,6.85
2923,1772,CRM00000002923,2026-08-18 01:17:05,BRANCH,ADVISORY,OPEN,HIGH,
2924,1772,CRM00000002924,2026-07-04 23:33:01,PHONE,PRODUCT_INQUIRY,IN_PROGRESS,HIGH,
2925,1776,CRM00000002925,2025-10-01 01:04:02,EMAIL,RETENTION,RESOLVED,MEDIUM,17.56
2926,1776,CRM00000002926,2025-11-19 02:57:57,EMAIL,COMPLAINT,OPEN,HIGH,
2927,1777,CRM00000002927,2025-12-26 10:33:52,CHAT,DISPUTE,RESOLVED,MEDIUM,24.32
2928,1777,CRM00000002928,2026-05-30 06:42:10,EMAIL,PRODUCT_INQUIRY,RESOLVED,MEDIUM,1.32
2929,1777,CRM00000002929,2026-06-04 16:33:04,PHONE,ADVISORY,OPEN,MEDIUM,
2930,1778,CRM00000002930,2025-12-12 15:16:56,RM_VISIT,PRODUCT_INQUIRY,RESOLVED,HIGH,13.11
2931,1778,CRM00000002931,2025-10-23 00:58:32,EMAIL,ONBOARDING,RESOLVED,LOW,11.77
2932,1779,CRM00000002932,2026-04-01 14:06:09,PHONE,DISPUTE,IN_PROGRESS,HIGH,
2933,1779,CRM00000002933,2026-05-02 13:30:17,PHONE,COMPLAINT,OPEN,LOW,
2934,1780,CRM00000002934,2025-10-28 22:32:03,PHONE,COMPLAINT,RESOLVED,LOW,6.21
2935,1780,CRM00000002935,2025-10-11 14:40:17,PHONE,DISPUTE,RESOLVED,MEDIUM,8.19
2936,1780,CRM00000002936,2026-08-22 14:30:18,PHONE,ADVISORY,OPEN,HIGH,
2937,1783,CRM00000002937,2026-01-27 01:26:29,PHONE,DISPUTE,RESOLVED,MEDIUM,3.34
2938,1783,CRM00000002938,2025-12-24 01:06:43,PHONE,COMPLAINT,RESOLVED,URGENT,11.18
2939,1784,CRM00000002939,2026-02-25 15:51:04,EMAIL,PRODUCT_INQUIRY,IN_PROGRESS,LOW,
2940,1784,CRM00000002940,2026-04-01 09:31:49,BRANCH,PRODUCT_INQUIRY,RESOLVED,MEDIUM,26.85
2941,1786,CRM00000002941,2026-05-25 21:30:04,PHONE,ONBOARDING,ESCALATED,LOW,
2942,1787,CRM00000002942,2026-01-08 09:36:05,EMAIL,ONBOARDING,RESOLVED,LOW,26.13
2943,1787,CRM00000002943,2026-06-11 20:46:20,EMAIL,ADVISORY,RESOLVED,HIGH,3.34
2944,1788,CRM00000002944,2025-09-23 20:29:15,PHONE,RETENTION,RESOLVED,HIGH,8.18
2945,1788,CRM00000002945,2026-06-23 23:41:42,EMAIL,RETENTION,RESOLVED,LOW,4.75
2946,1788,CRM00000002946,2026-01-12 21:46:44,EMAIL,RETENTION,RESOLVED,HIGH,21.77
2947,1789,CRM00000002947,2026-06-23 02:53:58,EMAIL,ADVISORY,RESOLVED,URGENT,10.2
2948,1792,CRM00000002948,2026-01-21 22:40:30,EMAIL,ONBOARDING,RESOLVED,MEDIUM,16.22
2949,1794,CRM00000002949,2026-07-07 02:17:00,PHONE,COMPLAINT,RESOLVED,LOW,8.77
2950,1794,CRM00000002950,2025-12-19 20:14:56,EMAIL,DISPUTE,RESOLVED,LOW,13.27
2951,1794,CRM00000002951,2026-04-05 09:27:25,PHONE,ONBOARDING,IN_PROGRESS,MEDIUM,
2952,1794,CRM00000002952,2026-01-21 01:57:43,EMAIL,ADVISORY,RESOLVED,LOW,9.89
2953,1794,CRM00000002953,2026-06-01 06:35:11,CHAT,COMPLAINT,RESOLVED,LOW,15.59
2954,1794,CRM00000002954,2026-04-15 22:27:17,CHAT,ADVISORY,RESOLVED,LOW,19.88
2955,1796,CRM00000002955,2026-07-04 00:38:12,EMAIL,RETENTION,RESOLVED,HIGH,14.3
2956,1798,CRM00000002956,2026-04-17 23:15:22,CHAT,DISPUTE,RESOLVED,MEDIUM,7.43
2957,1798,CRM00000002957,2026-05-04 04:18:18,PHONE,PRODUCT_INQUIRY,ESCALATED,MEDIUM,
2958,1799,CRM00000002958,2026-04-03 20:18:17,EMAIL,ADVISORY,RESOLVED,MEDIUM,13.64
2959,1799,CRM00000002959,2026-01-23 08:14:44,EMAIL,PRODUCT_INQUIRY,RESOLVED,MEDIUM,8.24
2960,1799,CRM00000002960,2026-03-07 17:59:03,PHONE,ADVISORY,IN_PROGRESS,HIGH,
2961,1800,CRM00000002961,2026-05-18 03:58:24,CHAT,ONBOARDING,RESOLVED,LOW,1.01
2962,1800,CRM00000002962,2025-12-01 13:36:11,CHAT,ADVISORY,RESOLVED,HIGH,6.16
2963,1802,CRM00000002963,2026-01-03 08:23:38,EMAIL,PRODUCT_INQUIRY,IN_PROGRESS,MEDIUM,
2964,1803,CRM00000002964,2025-09-05 22:36:31,EMAIL,COMPLAINT,IN_PROGRESS,HIGH,
2965,1803,CRM00000002965,2026-01-13 14:36:47,PHONE,RETENTION,RESOLVED,URGENT,12.4
2966,1804,CRM00000002966,2025-11-25 23:49:12,PHONE,PRODUCT_INQUIRY,RESOLVED,MEDIUM,4.34
2967,1804,CRM00000002967,2026-04-23 09:56:49,PHONE,RETENTION,RESOLVED,URGENT,10.02
2968,1804,CRM00000002968,2026-04-30 00:42:02,CHAT,RETENTION,RESOLVED,MEDIUM,16.9
2969,1804,CRM00000002969,2026-06-05 22:28:47,BRANCH,COMPLAINT,RESOLVED,HIGH,11.5
2970,1804,CRM00000002970,2026-06-11 05:01:06,EMAIL,RETENTION,RESOLVED,HIGH,10.69
2971,1805,CRM00000002971,2025-09-03 08:23:29,EMAIL,COMPLAINT,RESOLVED,LOW,12.14
2972,1805,CRM00000002972,2026-03-09 02:14:50,EMAIL,RETENTION,RESOLVED,HIGH,9.02
2973,1805,CRM00000002973,2026-06-09 05:46:09,BRANCH,RETENTION,RESOLVED,LOW,10.15
2974,1806,CRM00000002974,2026-04-14 03:14:52,PHONE,COMPLAINT,RESOLVED,URGENT,12.82
2975,1807,CRM00000002975,2026-01-18 07:21:07,CHAT,RETENTION,IN_PROGRESS,MEDIUM,
2976,1807,CRM00000002976,2026-07-18 02:00:13,CHAT,ONBOARDING,OPEN,HIGH,
2977,1807,CRM00000002977,2025-11-21 12:40:08,PHONE,RETENTION,RESOLVED,HIGH,8.38
2978,1807,CRM00000002978,2026-08-04 11:46:04,PHONE,COMPLAINT,RESOLVED,LOW,7.2
2979,1808,CRM00000002979,2026-03-21 10:24:10,BRANCH,DISPUTE,OPEN,HIGH,
2980,1808,CRM00000002980,2025-10-21 22:23:56,PHONE,ADVISORY,RESOLVED,URGENT,12.06
2981,1808,CRM00000002981,2026-05-06 20:16:52,BRANCH,COMPLAINT,RESOLVED,HIGH,12.91
2982,1808,CRM00000002982,2026-05-05 18:52:00,EMAIL,ONBOARDING,RESOLVED,MEDIUM,11.17
2983,1809,CRM00000002983,2026-06-07 01:38:59,BRANCH,PRODUCT_INQUIRY,IN_PROGRESS,MEDIUM,
2984,1810,CRM00000002984,2026-02-26 02:21:22,PHONE,RETENTION,IN_PROGRESS,HIGH,
2985,1810,CRM00000002985,2026-01-05 08:11:17,PHONE,COMPLAINT,RESOLVED,HIGH,2.51
2986,1810,CRM00000002986,2025-10-19 06:32:45,EMAIL,ONBOARDING,RESOLVED,MEDIUM,5.71
2987,1810,CRM00000002987,2026-06-27 10:17:33,PHONE,PRODUCT_INQUIRY,RESOLVED,URGENT,19.84
2988,1810,CRM00000002988,2026-02-06 16:43:52,CHAT,RETENTION,RESOLVED,LOW,5.11
2989,1811,CRM00000002989,2025-11-20 10:46:04,EMAIL,ADVISORY,RESOLVED,HIGH,1.19
2990,1811,CRM00000002990,2026-07-15 15:44:02,PHONE,ADVISORY,ESCALATED,LOW,
2991,1813,CRM00000002991,2026-07-26 15:54:14,EMAIL,RETENTION,RESOLVED,MEDIUM,33.25
2992,1813,CRM00000002992,2025-11-16 05:00:27,PHONE,RETENTION,IN_PROGRESS,MEDIUM,
2993,1813,CRM00000002993,2026-02-27 05:25:02,CHAT,PRODUCT_INQUIRY,RESOLVED,MEDIUM,21.91
2994,1813,CRM00000002994,2026-01-02 19:58:58,PHONE,RETENTION,ESCALATED,MEDIUM,
2995,1813,CRM00000002995,2026-04-08 17:13:08,PHONE,RETENTION,IN_PROGRESS,URGENT,
2996,1813,CRM00000002996,2026-06-24 00:02:42,EMAIL,RETENTION,RESOLVED,HIGH,10.89
2997,1815,CRM00000002997,2026-02-16 07:44:25,EMAIL,ADVISORY,RESOLVED,MEDIUM,11.11
2998,1815,CRM00000002998,2025-11-24 15:31:25,BRANCH,ADVISORY,RESOLVED,HIGH,19.27
2999,1815,CRM00000002999,2026-05-16 17:46:14,PHONE,ADVISORY,RESOLVED,HIGH,3.65
3000,1816,CRM00000003000,2025-10-10 05:20:53,RM_VISIT,ONBOARDING,IN_PROGRESS,URGENT,
3001,1818,CRM00000003001,2026-01-03 16:08:20,PHONE,PRODUCT_INQUIRY,IN_PROGRESS,MEDIUM,
3002,1819,CRM00000003002,2026-06-08 21:51:13,PHONE,ADVISORY,OPEN,LOW,
3003,1819,CRM00000003003,2026-02-07 08:43:46,EMAIL,RETENTION,RESOLVED,MEDIUM,10.51
3004,1820,CRM00000003004,2026-01-07 20:38:09,PHONE,ADVISORY,RESOLVED,HIGH,2.43
3005,1821,CRM00000003005,2026-04-08 02:40:23,RM_VISIT,ONBOARDING,RESOLVED,MEDIUM,5.63
3006,1822,CRM00000003006,2026-03-28 02:02:38,EMAIL,PRODUCT_INQUIRY,IN_PROGRESS,MEDIUM,
3007,1822,CRM00000003007,2026-05-30 07:08:38,CHAT,COMPLAINT,IN_PROGRESS,MEDIUM,
3008,1824,CRM00000003008,2026-02-20 04:55:53,PHONE,RETENTION,RESOLVED,MEDIUM,16.4
3009,1824,CRM00000003009,2026-04-12 12:09:24,EMAIL,ADVISORY,RESOLVED,URGENT,8.59
3010,1825,CRM00000003010,2026-03-29 01:31:42,CHAT,RETENTION,RESOLVED,URGENT,6.43
3011,1825,CRM00000003011,2026-04-18 22:16:03,RM_VISIT,PRODUCT_INQUIRY,IN_PROGRESS,MEDIUM,
3012,1825,CRM00000003012,2026-08-03 14:11:42,PHONE,RETENTION,RESOLVED,HIGH,2.72
3013,1825,CRM00000003013,2026-07-29 11:25:38,EMAIL,PRODUCT_INQUIRY,RESOLVED,LOW,24.19
3014,1825,CRM00000003014,2026-05-11 06:50:07,PHONE,RETENTION,RESOLVED,MEDIUM,6.89
3015,1826,CRM00000003015,2026-05-13 05:48:41,CHAT,RETENTION,RESOLVED,MEDIUM,7.89
3016,1826,CRM00000003016,2025-09-30 03:07:07,EMAIL,ADVISORY,RESOLVED,HIGH,0.13
3017,1826,CRM00000003017,2025-11-20 19:59:38,CHAT,PRODUCT_INQUIRY,RESOLVED,LOW,2.67
3018,1827,CRM00000003018,2025-12-21 20:51:14,BRANCH,PRODUCT_INQUIRY,RESOLVED,HIGH,3.56
3019,1827,CRM00000003019,2026-07-11 17:50:15,PHONE,PRODUCT_INQUIRY,RESOLVED,MEDIUM,9.38
3020,1827,CRM00000003020,2026-07-28 03:56:12,RM_VISIT,PRODUCT_INQUIRY,RESOLVED,MEDIUM,15.05
3021,1833,CRM00000003021,2026-01-02 23:47:41,PHONE,PRODUCT_INQUIRY,OPEN,MEDIUM,
3022,1833,CRM00000003022,2025-12-07 06:54:26,PHONE,PRODUCT_INQUIRY,RESOLVED,HIGH,4.24
3023,1833,CRM00000003023,2025-12-11 08:01:12,BRANCH,RETENTION,RESOLVED,LOW,12.06
3024,1834,CRM00000003024,2026-05-28 21:47:10,PHONE,ONBOARDING,RESOLVED,LOW,14.62
3025,1834,CRM00000003025,2026-08-02 06:52:14,PHONE,ADVISORY,RESOLVED,LOW,4.77
3026,1835,CRM00000003026,2025-12-04 03:50:15,PHONE,COMPLAINT,RESOLVED,MEDIUM,8.4
3027,1835,CRM00000003027,2026-03-08 02:22:30,PHONE,ADVISORY,IN_PROGRESS,HIGH,
3028,1835,CRM00000003028,2026-05-06 12:04:24,PHONE,PRODUCT_INQUIRY,RESOLVED,MEDIUM,22.1
3029,1835,CRM00000003029,2025-12-03 18:33:04,PHONE,RETENTION,ESCALATED,HIGH,
3030,1835,CRM00000003030,2025-12-20 06:59:41,CHAT,ADVISORY,IN_PROGRESS,LOW,
3031,1836,CRM00000003031,2025-10-02 16:09:11,BRANCH,ONBOARDING,RESOLVED,MEDIUM,25.55
3032,1836,CRM00000003032,2026-08-20 13:42:22,CHAT,PRODUCT_INQUIRY,RESOLVED,MEDIUM,16.59
3033,1836,CRM00000003033,2026-05-18 02:30:02,EMAIL,ADVISORY,IN_PROGRESS,HIGH,
3034,1836,CRM00000003034,2026-01-26 07:33:07,PHONE,COMPLAINT,IN_PROGRESS,MEDIUM,
3035,1836,CRM00000003035,2026-03-10 16:43:41,PHONE,RETENTION,RESOLVED,HIGH,13.08
3036,1836,CRM00000003036,2026-07-09 20:28:22,PHONE,DISPUTE,RESOLVED,LOW,7.24
3037,1837,CRM00000003037,2025-11-16 17:16:11,EMAIL,COMPLAINT,IN_PROGRESS,LOW,
3038,1837,CRM00000003038,2025-11-11 12:48:58,CHAT,ONBOARDING,RESOLVED,MEDIUM,1.84
3039,1837,CRM00000003039,2025-12-04 20:12:59,EMAIL,PRODUCT_INQUIRY,RESOLVED,MEDIUM,26.47
3040,1840,CRM00000003040,2025-11-23 22:28:36,CHAT,ONBOARDING,RESOLVED,LOW,7.13
3041,1841,CRM00000003041,2025-11-30 01:53:53,CHAT,ADVISORY,RESOLVED,MEDIUM,9.06
3042,1841,CRM00000003042,2025-12-04 15:46:04,PHONE,RETENTION,RESOLVED,LOW,23.77
3043,1841,CRM00000003043,2026-06-27 02:14:53,CHAT,ADVISORY,RESOLVED,HIGH,10.64
3044,1843,CRM00000003044,2026-05-25 12:50:58,PHONE,PRODUCT_INQUIRY,RESOLVED,MEDIUM,18.98
3045,1844,CRM00000003045,2026-01-21 15:35:50,PHONE,PRODUCT_INQUIRY,OPEN,MEDIUM,
3046,1844,CRM00000003046,2026-04-29 10:08:32,BRANCH,COMPLAINT,IN_PROGRESS,HIGH,
3047,1844,CRM00000003047,2025-11-02 08:19:22,PHONE,ADVISORY,RESOLVED,LOW,15.39
3048,1844,CRM00000003048,2026-06-05 22:50:27,PHONE,ADVISORY,OPEN,MEDIUM,
3049,1844,CRM00000003049,2025-10-26 16:02:21,BRANCH,ONBOARDING,IN_PROGRESS,MEDIUM,
3050,1844,CRM00000003050,2026-07-21 06:55:10,BRANCH,PRODUCT_INQUIRY,RESOLVED,MEDIUM,21.6
3051,1844,CRM00000003051,2026-05-13 21:38:37,PHONE,ADVISORY,OPEN,MEDIUM,
3052,1845,CRM00000003052,2026-03-02 12:13:30,EMAIL,ONBOARDING,IN_PROGRESS,HIGH,
3053,1846,CRM00000003053,2026-01-07 15:09:03,BRANCH,ADVISORY,RESOLVED,HIGH,21.81
3054,1848,CRM00000003054,2026-07-16 15:50:22,PHONE,RETENTION,OPEN,MEDIUM,
3055,1848,CRM00000003055,2025-12-07 01:25:19,PHONE,DISPUTE,RESOLVED,MEDIUM,23.22
3056,1848,CRM00000003056,2026-02-07 05:36:22,CHAT,PRODUCT_INQUIRY,ESCALATED,HIGH,
3057,1848,CRM00000003057,2025-12-24 20:39:19,EMAIL,RETENTION,RESOLVED,MEDIUM,6.64
3058,1850,CRM00000003058,2026-08-19 07:40:28,RM_VISIT,COMPLAINT,RESOLVED,HIGH,1.32
3059,1850,CRM00000003059,2026-04-06 12:29:03,BRANCH,RETENTION,RESOLVED,MEDIUM,10.93
3060,1850,CRM00000003060,2026-07-30 18:53:24,EMAIL,ONBOARDING,RESOLVED,HIGH,6.1
3061,1851,CRM00000003061,2025-09-01 21:39:18,PHONE,PRODUCT_INQUIRY,RESOLVED,LOW,2.45
3062,1851,CRM00000003062,2026-07-13 05:44:41,RM_VISIT,COMPLAINT,RESOLVED,MEDIUM,3.06
3063,1852,CRM00000003063,2026-06-11 16:28:21,PHONE,ONBOARDING,RESOLVED,LOW,20.24
3064,1852,CRM00000003064,2025-09-19 04:42:03,PHONE,RETENTION,OPEN,MEDIUM,
3065,1854,CRM00000003065,2025-09-29 11:13:02,EMAIL,RETENTION,RESOLVED,LOW,13.4
3066,1857,CRM00000003066,2026-03-02 09:26:41,PHONE,COMPLAINT,RESOLVED,MEDIUM,10.94
3067,1858,CRM00000003067,2026-07-23 09:40:44,CHAT,PRODUCT_INQUIRY,OPEN,LOW,
3068,1858,CRM00000003068,2025-11-02 03:23:22,CHAT,DISPUTE,RESOLVED,MEDIUM,38.99
3069,1859,CRM00000003069,2026-07-19 20:36:31,PHONE,COMPLAINT,RESOLVED,LOW,24.13
3070,1862,CRM00000003070,2026-03-01 06:12:11,PHONE,COMPLAINT,RESOLVED,LOW,2.74
3071,1862,CRM00000003071,2026-05-16 23:16:37,EMAIL,ADVISORY,RESOLVED,URGENT,15.7
3072,1863,CRM00000003072,2026-02-16 17:40:47,PHONE,COMPLAINT,IN_PROGRESS,MEDIUM,
3073,1864,CRM00000003073,2025-12-03 09:03:21,PHONE,PRODUCT_INQUIRY,RESOLVED,LOW,8.82
3074,1865,CRM00000003074,2025-12-24 06:15:05,PHONE,ONBOARDING,RESOLVED,MEDIUM,12.15
3075,1865,CRM00000003075,2026-02-11 06:51:26,CHAT,ADVISORY,RESOLVED,LOW,25.76
3076,1865,CRM00000003076,2025-10-27 12:09:38,PHONE,ONBOARDING,RESOLVED,MEDIUM,23.58
3077,1866,CRM00000003077,2026-02-27 15:18:38,PHONE,PRODUCT_INQUIRY,RESOLVED,MEDIUM,9.49
3078,1868,CRM00000003078,2026-04-19 08:48:39,EMAIL,COMPLAINT,RESOLVED,LOW,20.85
3079,1870,CRM00000003079,2026-04-30 03:43:47,PHONE,ONBOARDING,RESOLVED,LOW,8.18
3080,1870,CRM00000003080,2026-03-01 21:13:57,PHONE,ADVISORY,RESOLVED,URGENT,12.73
3081,1870,CRM00000003081,2026-07-02 01:49:19,PHONE,ONBOARDING,RESOLVED,HIGH,12.62
3082,1871,CRM00000003082,2026-02-08 21:55:48,EMAIL,PRODUCT_INQUIRY,RESOLVED,LOW,5.98
3083,1872,CRM00000003083,2026-01-20 07:58:24,PHONE,ADVISORY,RESOLVED,MEDIUM,21.01
3084,1872,CRM00000003084,2025-10-28 07:10:12,RM_VISIT,DISPUTE,RESOLVED,HIGH,6.91
3085,1873,CRM00000003085,2026-04-25 12:38:30,CHAT,COMPLAINT,RESOLVED,LOW,18.82
3086,1873,CRM00000003086,2026-08-19 12:34:19,PHONE,PRODUCT_INQUIRY,RESOLVED,LOW,21.96
3087,1875,CRM00000003087,2026-03-04 23:21:21,EMAIL,RETENTION,RESOLVED,LOW,12.25
3088,1877,CRM00000003088,2025-12-11 16:18:13,RM_VISIT,RETENTION,RESOLVED,LOW,9.48
3089,1877,CRM00000003089,2026-02-02 14:43:27,PHONE,ADVISORY,RESOLVED,LOW,3.33
3090,1878,CRM00000003090,2025-10-13 20:05:21,EMAIL,COMPLAINT,RESOLVED,HIGH,6.75
3091,1878,CRM00000003091,2026-05-19 07:37:37,PHONE,PRODUCT_INQUIRY,RESOLVED,MEDIUM,6.41
3092,1878,CRM00000003092,2026-03-06 13:09:05,CHAT,DISPUTE,RESOLVED,URGENT,14.65
3093,1878,CRM00000003093,2026-05-01 10:22:30,EMAIL,PRODUCT_INQUIRY,RESOLVED,MEDIUM,7.87
3094,1879,CRM00000003094,2025-10-14 20:45:34,BRANCH,ADVISORY,RESOLVED,MEDIUM,22.31
3095,1880,CRM00000003095,2026-07-05 05:24:40,PHONE,PRODUCT_INQUIRY,RESOLVED,MEDIUM,6.51
3096,1880,CRM00000003096,2026-07-21 20:59:12,BRANCH,ONBOARDING,RESOLVED,MEDIUM,12.82
3097,1880,CRM00000003097,2025-11-27 13:36:19,CHAT,PRODUCT_INQUIRY,RESOLVED,HIGH,12.01
3098,1880,CRM00000003098,2025-11-01 00:50:46,CHAT,PRODUCT_INQUIRY,RESOLVED,LOW,1.07
3099,1880,CRM00000003099,2026-08-03 13:44:23,EMAIL,COMPLAINT,RESOLVED,MEDIUM,5.31
3100,1880,CRM00000003100,2026-02-02 13:39:43,EMAIL,RETENTION,RESOLVED,LOW,30.52
3101,1880,CRM00000003101,2025-10-02 03:58:21,PHONE,DISPUTE,RESOLVED,HIGH,11.54
3102,1881,CRM00000003102,2026-03-02 23:47:06,PHONE,PRODUCT_INQUIRY,OPEN,URGENT,
3103,1882,CRM00000003103,2025-09-10 06:53:22,BRANCH,ADVISORY,RESOLVED,MEDIUM,8.53
3104,1883,CRM00000003104,2025-10-18 07:51:33,PHONE,ADVISORY,RESOLVED,HIGH,1.87
3105,1883,CRM00000003105,2026-07-31 19:52:46,BRANCH,COMPLAINT,RESOLVED,HIGH,3.24
3106,1883,CRM00000003106,2026-03-15 08:16:55,CHAT,ONBOARDING,IN_PROGRESS,MEDIUM,
3107,1884,CRM00000003107,2026-04-14 19:40:13,CHAT,RETENTION,RESOLVED,MEDIUM,9.54
3108,1884,CRM00000003108,2026-02-25 00:01:54,CHAT,RETENTION,RESOLVED,LOW,12.4
3109,1886,CRM00000003109,2026-02-02 08:52:22,PHONE,RETENTION,IN_PROGRESS,MEDIUM,
3110,1886,CRM00000003110,2026-04-27 03:32:33,PHONE,PRODUCT_INQUIRY,RESOLVED,MEDIUM,16.68
3111,1890,CRM00000003111,2025-10-25 11:03:33,PHONE,RETENTION,RESOLVED,HIGH,39.5
3112,1890,CRM00000003112,2025-10-14 12:48:09,PHONE,RETENTION,RESOLVED,LOW,4.56
3113,1891,CRM00000003113,2025-12-21 09:13:44,CHAT,PRODUCT_INQUIRY,RESOLVED,MEDIUM,8.52
3114,1892,CRM00000003114,2025-10-30 00:48:34,PHONE,ADVISORY,RESOLVED,LOW,8.8
3115,1893,CRM00000003115,2026-04-27 15:11:59,EMAIL,PRODUCT_INQUIRY,RESOLVED,HIGH,14.4
3116,1894,CRM00000003116,2025-09-02 18:35:07,PHONE,COMPLAINT,RESOLVED,MEDIUM,8.36
3117,1894,CRM00000003117,2025-12-17 06:08:14,PHONE,COMPLAINT,OPEN,LOW,
3118,1894,CRM00000003118,2025-12-07 14:12:44,PHONE,ONBOARDING,RESOLVED,MEDIUM,7.29
3119,1895,CRM00000003119,2026-06-28 01:59:30,PHONE,PRODUCT_INQUIRY,RESOLVED,HIGH,11.31
3120,1896,CRM00000003120,2026-06-19 15:52:23,EMAIL,PRODUCT_INQUIRY,IN_PROGRESS,MEDIUM,
3121,1897,CRM00000003121,2025-10-05 01:08:08,PHONE,ADVISORY,RESOLVED,MEDIUM,9.93
3122,1897,CRM00000003122,2025-11-23 05:46:01,PHONE,DISPUTE,RESOLVED,LOW,31.7
3123,1897,CRM00000003123,2025-09-01 18:49:41,CHAT,RETENTION,RESOLVED,MEDIUM,6.83
3124,1897,CRM00000003124,2026-03-08 06:10:18,CHAT,PRODUCT_INQUIRY,RESOLVED,URGENT,9.52
3125,1897,CRM00000003125,2025-12-24 04:50:49,PHONE,COMPLAINT,IN_PROGRESS,LOW,
3126,1899,CRM00000003126,2026-04-20 21:53:11,EMAIL,DISPUTE,RESOLVED,LOW,9.86
3127,1899,CRM00000003127,2025-10-22 16:14:13,PHONE,DISPUTE,RESOLVED,LOW,19.43
3128,1900,CRM00000003128,2025-11-03 23:16:51,EMAIL,ADVISORY,RESOLVED,LOW,3.47
3129,1900,CRM00000003129,2026-07-31 18:58:15,PHONE,COMPLAINT,IN_PROGRESS,MEDIUM,
3130,1900,CRM00000003130,2025-12-20 02:07:41,CHAT,COMPLAINT,RESOLVED,LOW,13.35
3131,1900,CRM00000003131,2026-02-08 17:09:04,BRANCH,COMPLAINT,IN_PROGRESS,LOW,
3132,1901,CRM00000003132,2025-12-27 20:13:50,PHONE,RETENTION,RESOLVED,LOW,9.83
3133,1901,CRM00000003133,2026-07-12 00:39:00,RM_VISIT,COMPLAINT,OPEN,HIGH,
3134,1903,CRM00000003134,2026-02-20 02:59:25,PHONE,PRODUCT_INQUIRY,RESOLVED,MEDIUM,29.35
3135,1903,CRM00000003135,2025-10-30 14:52:16,CHAT,RETENTION,RESOLVED,HIGH,8.75
3136,1905,CRM00000003136,2026-07-24 18:56:36,PHONE,ADVISORY,IN_PROGRESS,MEDIUM,
3137,1905,CRM00000003137,2026-01-01 22:20:46,PHONE,PRODUCT_INQUIRY,ESCALATED,MEDIUM,
3138,1906,CRM00000003138,2025-12-20 05:12:38,PHONE,COMPLAINT,RESOLVED,HIGH,3.15
3139,1907,CRM00000003139,2026-07-02 07:06:33,PHONE,ADVISORY,RESOLVED,MEDIUM,15.29
3140,1907,CRM00000003140,2026-06-20 22:53:00,CHAT,PRODUCT_INQUIRY,RESOLVED,MEDIUM,1.8
3141,1908,CRM00000003141,2026-07-31 07:03:08,EMAIL,PRODUCT_INQUIRY,RESOLVED,URGENT,8.8
3142,1908,CRM00000003142,2026-03-15 06:07:37,PHONE,DISPUTE,RESOLVED,HIGH,3.25
3143,1908,CRM00000003143,2026-06-07 02:00:41,PHONE,PRODUCT_INQUIRY,ESCALATED,LOW,
3144,1908,CRM00000003144,2026-08-20 13:00:42,EMAIL,RETENTION,OPEN,MEDIUM,
3145,1910,CRM00000003145,2025-12-31 21:47:59,BRANCH,ADVISORY,IN_PROGRESS,MEDIUM,
3146,1911,CRM00000003146,2026-02-24 07:29:01,PHONE,ONBOARDING,RESOLVED,HIGH,15.54
3147,1911,CRM00000003147,2026-07-09 03:23:45,BRANCH,DISPUTE,RESOLVED,LOW,4.32
3148,1911,CRM00000003148,2026-07-20 10:44:51,CHAT,ADVISORY,RESOLVED,MEDIUM,16.55
3149,1911,CRM00000003149,2026-02-18 14:28:59,CHAT,DISPUTE,OPEN,MEDIUM,
3150,1912,CRM00000003150,2026-04-30 10:54:46,EMAIL,ADVISORY,RESOLVED,LOW,9.15
3151,1913,CRM00000003151,2026-02-10 18:14:06,PHONE,PRODUCT_INQUIRY,RESOLVED,MEDIUM,9.28
3152,1913,CRM00000003152,2025-09-18 11:53:25,CHAT,COMPLAINT,RESOLVED,HIGH,4.46
3153,1913,CRM00000003153,2026-01-29 21:34:45,EMAIL,PRODUCT_INQUIRY,RESOLVED,HIGH,6.26
3154,1914,CRM00000003154,2026-06-02 13:09:37,EMAIL,COMPLAINT,OPEN,LOW,
3155,1915,CRM00000003155,2026-02-02 05:11:21,EMAIL,COMPLAINT,ESCALATED,LOW,
3156,1915,CRM00000003156,2025-10-05 17:00:07,EMAIL,ONBOARDING,RESOLVED,MEDIUM,28.57
3157,1916,CRM00000003157,2025-10-24 15:12:34,BRANCH,PRODUCT_INQUIRY,RESOLVED,URGENT,31.65
3158,1917,CRM00000003158,2026-07-07 17:00:08,EMAIL,RETENTION,IN_PROGRESS,URGENT,
3159,1919,CRM00000003159,2026-07-14 02:14:21,PHONE,COMPLAINT,ESCALATED,MEDIUM,
3160,1920,CRM00000003160,2025-11-25 10:58:41,BRANCH,COMPLAINT,ESCALATED,MEDIUM,
3161,1920,CRM00000003161,2026-06-15 11:22:09,EMAIL,PRODUCT_INQUIRY,RESOLVED,LOW,15.8
3162,1920,CRM00000003162,2026-06-30 03:39:46,EMAIL,DISPUTE,ESCALATED,MEDIUM,
3163,1921,CRM00000003163,2026-05-05 04:57:12,PHONE,RETENTION,RESOLVED,HIGH,8.23
3164,1921,CRM00000003164,2025-10-26 10:29:05,EMAIL,PRODUCT_INQUIRY,RESOLVED,MEDIUM,13.92
3165,1921,CRM00000003165,2026-03-06 21:44:33,CHAT,RETENTION,RESOLVED,MEDIUM,9.37
3166,1922,CRM00000003166,2026-04-25 12:21:36,PHONE,RETENTION,IN_PROGRESS,LOW,
3167,1923,CRM00000003167,2026-04-03 06:22:44,CHAT,ONBOARDING,RESOLVED,MEDIUM,12.25
3168,1926,CRM00000003168,2026-05-17 19:05:17,PHONE,DISPUTE,RESOLVED,HIGH,4.83
3169,1926,CRM00000003169,2026-04-23 03:36:23,PHONE,COMPLAINT,RESOLVED,MEDIUM,7.07
3170,1927,CRM00000003170,2026-05-28 11:22:34,BRANCH,PRODUCT_INQUIRY,RESOLVED,MEDIUM,9.96
3171,1928,CRM00000003171,2025-09-29 08:39:33,EMAIL,RETENTION,OPEN,LOW,
3172,1928,CRM00000003172,2025-08-29 13:25:15,CHAT,PRODUCT_INQUIRY,OPEN,HIGH,
3173,1928,CRM00000003173,2026-01-12 02:43:53,PHONE,COMPLAINT,RESOLVED,MEDIUM,9.54
3174,1928,CRM00000003174,2025-11-13 22:49:14,PHONE,DISPUTE,RESOLVED,LOW,11.84
3175,1928,CRM00000003175,2025-09-04 06:08:08,CHAT,RETENTION,RESOLVED,HIGH,3.02
3176,1928,CRM00000003176,2025-09-20 08:49:08,EMAIL,ONBOARDING,IN_PROGRESS,MEDIUM,
3177,1929,CRM00000003177,2026-01-19 04:20:44,PHONE,RETENTION,IN_PROGRESS,LOW,
3178,1929,CRM00000003178,2026-07-28 12:51:01,CHAT,PRODUCT_INQUIRY,OPEN,MEDIUM,
3179,1930,CRM00000003179,2026-01-27 12:17:26,PHONE,ONBOARDING,OPEN,MEDIUM,
3180,1930,CRM00000003180,2026-01-26 04:14:34,PHONE,ONBOARDING,RESOLVED,MEDIUM,17.29
3181,1930,CRM00000003181,2026-03-16 15:16:14,CHAT,PRODUCT_INQUIRY,RESOLVED,MEDIUM,7.84
3182,1931,CRM00000003182,2026-05-04 07:39:46,PHONE,PRODUCT_INQUIRY,RESOLVED,MEDIUM,12.15
3183,1933,CRM00000003183,2025-11-26 10:25:20,PHONE,PRODUCT_INQUIRY,ESCALATED,HIGH,
3184,1934,CRM00000003184,2026-06-22 14:55:54,BRANCH,ADVISORY,IN_PROGRESS,HIGH,
3185,1935,CRM00000003185,2026-07-04 12:15:42,EMAIL,RETENTION,ESCALATED,LOW,
3186,1935,CRM00000003186,2025-09-24 22:33:43,EMAIL,DISPUTE,RESOLVED,LOW,8.49
3187,1935,CRM00000003187,2026-08-02 04:10:40,CHAT,RETENTION,RESOLVED,LOW,16.11
3188,1935,CRM00000003188,2026-05-30 13:05:49,BRANCH,ADVISORY,OPEN,HIGH,
3189,1935,CRM00000003189,2025-11-16 05:54:23,EMAIL,RETENTION,IN_PROGRESS,LOW,
3190,1936,CRM00000003190,2026-05-29 11:18:02,CHAT,COMPLAINT,RESOLVED,URGENT,10.4
3191,1936,CRM00000003191,2026-04-23 16:02:00,BRANCH,RETENTION,IN_PROGRESS,LOW,
3192,1936,CRM00000003192,2026-03-11 12:24:53,EMAIL,PRODUCT_INQUIRY,RESOLVED,LOW,11.97
3193,1936,CRM00000003193,2025-08-28 21:33:48,BRANCH,ADVISORY,RESOLVED,MEDIUM,20.51
3194,1939,CRM00000003194,2025-10-22 18:40:57,PHONE,ADVISORY,RESOLVED,HIGH,7.35
3195,1940,CRM00000003195,2025-10-30 18:55:25,BRANCH,COMPLAINT,RESOLVED,HIGH,10.4
3196,1941,CRM00000003196,2026-07-25 05:07:24,EMAIL,ADVISORY,RESOLVED,LOW,11.83
3197,1942,CRM00000003197,2025-10-30 08:10:23,PHONE,COMPLAINT,RESOLVED,HIGH,9.0
3198,1943,CRM00000003198,2026-06-17 13:00:32,RM_VISIT,COMPLAINT,RESOLVED,URGENT,11.44
3199,1943,CRM00000003199,2026-01-30 09:31:02,PHONE,ADVISORY,IN_PROGRESS,URGENT,
3200,1944,CRM00000003200,2026-05-06 22:07:41,PHONE,DISPUTE,RESOLVED,LOW,11.87
3201,1944,CRM00000003201,2026-07-08 15:08:27,EMAIL,RETENTION,RESOLVED,MEDIUM,1.56
3202,1947,CRM00000003202,2025-12-22 05:26:03,CHAT,DISPUTE,RESOLVED,MEDIUM,2.41
3203,1947,CRM00000003203,2026-08-20 22:16:55,PHONE,PRODUCT_INQUIRY,RESOLVED,URGENT,6.15
3204,1947,CRM00000003204,2026-01-13 04:39:53,CHAT,COMPLAINT,RESOLVED,HIGH,6.44
3205,1949,CRM00000003205,2026-02-05 19:09:55,PHONE,ONBOARDING,RESOLVED,LOW,8.65
3206,1951,CRM00000003206,2026-03-13 05:42:45,BRANCH,COMPLAINT,RESOLVED,URGENT,1.54
3207,1955,CRM00000003207,2025-12-21 20:13:14,EMAIL,ADVISORY,ESCALATED,LOW,
3208,1958,CRM00000003208,2026-03-03 01:42:37,BRANCH,DISPUTE,ESCALATED,LOW,
3209,1958,CRM00000003209,2025-12-13 16:23:18,PHONE,PRODUCT_INQUIRY,IN_PROGRESS,MEDIUM,
3210,1959,CRM00000003210,2026-07-16 09:36:03,BRANCH,PRODUCT_INQUIRY,RESOLVED,HIGH,4.35
3211,1960,CRM00000003211,2026-04-15 15:34:08,PHONE,PRODUCT_INQUIRY,RESOLVED,MEDIUM,14.27
3212,1960,CRM00000003212,2026-02-14 15:19:12,EMAIL,PRODUCT_INQUIRY,RESOLVED,MEDIUM,18.29
3213,1960,CRM00000003213,2026-06-01 04:18:08,EMAIL,PRODUCT_INQUIRY,RESOLVED,LOW,6.34
3214,1961,CRM00000003214,2026-06-30 21:27:38,PHONE,COMPLAINT,RESOLVED,HIGH,5.28
3215,1962,CRM00000003215,2026-05-23 14:48:53,CHAT,RETENTION,RESOLVED,LOW,15.49
3216,1964,CRM00000003216,2025-12-07 02:22:00,EMAIL,COMPLAINT,ESCALATED,HIGH,
3217,1964,CRM00000003217,2026-07-09 04:33:59,CHAT,ADVISORY,RESOLVED,LOW,19.37
3218,1965,CRM00000003218,2026-01-01 18:44:54,CHAT,RETENTION,RESOLVED,HIGH,11.68
3219,1965,CRM00000003219,2025-11-27 01:35:48,CHAT,RETENTION,OPEN,LOW,
3220,1966,CRM00000003220,2025-10-11 15:27:26,PHONE,PRODUCT_INQUIRY,RESOLVED,HIGH,10.79
3221,1966,CRM00000003221,2025-10-03 01:33:59,PHONE,ADVISORY,RESOLVED,URGENT,5.94
3222,1967,CRM00000003222,2026-06-14 17:34:15,EMAIL,PRODUCT_INQUIRY,RESOLVED,HIGH,1.07
3223,1967,CRM00000003223,2026-05-07 00:34:23,EMAIL,RETENTION,OPEN,MEDIUM,
3224,1968,CRM00000003224,2026-05-28 02:32:23,EMAIL,DISPUTE,RESOLVED,LOW,7.61
3225,1969,CRM00000003225,2026-07-21 09:23:07,PHONE,PRODUCT_INQUIRY,RESOLVED,MEDIUM,3.04
3226,1970,CRM00000003226,2026-04-13 01:20:44,RM_VISIT,PRODUCT_INQUIRY,RESOLVED,MEDIUM,2.37
3227,1970,CRM00000003227,2025-10-17 15:18:23,CHAT,PRODUCT_INQUIRY,RESOLVED,MEDIUM,7.76
3228,1972,CRM00000003228,2026-08-03 18:58:25,CHAT,COMPLAINT,RESOLVED,LOW,2.99
3229,1973,CRM00000003229,2026-02-02 16:17:17,PHONE,DISPUTE,OPEN,MEDIUM,
3230,1974,CRM00000003230,2025-10-29 08:55:13,CHAT,PRODUCT_INQUIRY,ESCALATED,LOW,
3231,1975,CRM00000003231,2025-09-10 09:47:29,EMAIL,COMPLAINT,RESOLVED,HIGH,9.34
3232,1975,CRM00000003232,2026-02-09 12:14:50,PHONE,PRODUCT_INQUIRY,RESOLVED,MEDIUM,6.69
3233,1975,CRM00000003233,2026-05-07 15:06:29,PHONE,RETENTION,RESOLVED,MEDIUM,17.0
3234,1976,CRM00000003234,2026-01-29 01:30:52,PHONE,ADVISORY,RESOLVED,MEDIUM,3.54
3235,1976,CRM00000003235,2026-02-23 20:10:03,CHAT,PRODUCT_INQUIRY,RESOLVED,LOW,25.44
3236,1976,CRM00000003236,2025-12-15 02:01:14,PHONE,RETENTION,IN_PROGRESS,MEDIUM,
3237,1977,CRM00000003237,2025-11-10 23:40:58,EMAIL,PRODUCT_INQUIRY,OPEN,MEDIUM,
3238,1978,CRM00000003238,2025-10-18 16:53:56,RM_VISIT,PRODUCT_INQUIRY,RESOLVED,MEDIUM,13.54
3239,1979,CRM00000003239,2026-04-23 16:06:15,PHONE,RETENTION,RESOLVED,MEDIUM,7.27
3240,1980,CRM00000003240,2026-07-31 07:57:59,CHAT,PRODUCT_INQUIRY,RESOLVED,HIGH,35.02
3241,1981,CRM00000003241,2026-05-24 06:11:20,PHONE,RETENTION,OPEN,MEDIUM,
3242,1982,CRM00000003242,2026-05-21 16:24:19,CHAT,COMPLAINT,RESOLVED,LOW,4.98
3243,1982,CRM00000003243,2026-05-05 12:41:20,CHAT,ADVISORY,RESOLVED,HIGH,2.94
3244,1984,CRM00000003244,2026-05-10 02:55:37,EMAIL,DISPUTE,RESOLVED,HIGH,18.95
3245,1985,CRM00000003245,2026-05-26 07:37:45,CHAT,COMPLAINT,RESOLVED,LOW,9.03
3246,1987,CRM00000003246,2026-04-18 21:03:21,CHAT,COMPLAINT,RESOLVED,LOW,6.04
3247,1987,CRM00000003247,2026-06-04 01:24:16,BRANCH,RETENTION,IN_PROGRESS,LOW,
3248,1987,CRM00000003248,2026-06-23 09:38:31,EMAIL,PRODUCT_INQUIRY,RESOLVED,MEDIUM,21.26
3249,1987,CRM00000003249,2026-02-01 03:28:17,CHAT,RETENTION,ESCALATED,MEDIUM,
3250,1987,CRM00000003250,2025-09-17 04:04:10,PHONE,DISPUTE,RESOLVED,HIGH,9.45
3251,1988,CRM00000003251,2025-09-24 07:40:03,PHONE,DISPUTE,RESOLVED,LOW,12.36
3252,1990,CRM00000003252,2026-06-15 20:10:17,CHAT,PRODUCT_INQUIRY,RESOLVED,MEDIUM,4.55
3253,1991,CRM00000003253,2026-03-08 04:45:25,PHONE,COMPLAINT,RESOLVED,LOW,15.83
3254,1992,CRM00000003254,2026-06-21 17:40:38,BRANCH,RETENTION,IN_PROGRESS,LOW,
3255,1992,CRM00000003255,2026-03-13 03:43:49,EMAIL,RETENTION,OPEN,MEDIUM,
3256,1992,CRM00000003256,2026-05-24 21:02:51,EMAIL,PRODUCT_INQUIRY,RESOLVED,MEDIUM,13.05
3257,1992,CRM00000003257,2025-11-01 08:44:27,EMAIL,RETENTION,IN_PROGRESS,URGENT,
3258,1992,CRM00000003258,2026-07-03 07:43:59,PHONE,ADVISORY,RESOLVED,MEDIUM,18.7
3259,1993,CRM00000003259,2026-08-27 05:22:12,CHAT,COMPLAINT,OPEN,URGENT,
3260,1994,CRM00000003260,2025-11-05 04:42:26,BRANCH,PRODUCT_INQUIRY,RESOLVED,URGENT,11.0
3261,1994,CRM00000003261,2025-12-13 03:05:48,RM_VISIT,PRODUCT_INQUIRY,RESOLVED,MEDIUM,13.06
3262,1995,CRM00000003262,2025-12-20 21:38:37,CHAT,COMPLAINT,IN_PROGRESS,LOW,
3263,1995,CRM00000003263,2025-10-08 05:49:18,PHONE,ADVISORY,OPEN,LOW,
3264,1995,CRM00000003264,2026-03-24 22:20:10,EMAIL,PRODUCT_INQUIRY,RESOLVED,HIGH,3.77
3265,1996,CRM00000003265,2026-07-31 15:08:53,BRANCH,PRODUCT_INQUIRY,RESOLVED,LOW,9.37
3266,1996,CRM00000003266,2026-01-02 13:17:32,EMAIL,COMPLAINT,RESOLVED,HIGH,19.22
3267,1997,CRM00000003267,2026-08-17 22:18:21,CHAT,COMPLAINT,RESOLVED,LOW,4.48
3268,1998,CRM00000003268,2026-05-27 19:41:35,EMAIL,PRODUCT_INQUIRY,RESOLVED,HIGH,16.58
3269,2000,CRM00000003269,2026-03-12 05:58:02,PHONE,DISPUTE,RESOLVED,MEDIUM,5.47
3270,2000,CRM00000003270,2026-08-07 08:01:05,EMAIL,ONBOARDING,RESOLVED,MEDIUM,3.29
3271,2000,CRM00000003271,2025-10-02 06:52:50,PHONE,RETENTION,RESOLVED,HIGH,2.92
3272,2000,CRM00000003272,2026-08-24 16:05:31,PHONE,PRODUCT_INQUIRY,RESOLVED,MEDIUM,5.98
3273,2002,CRM00000003273,2025-11-21 03:00:00,PHONE,COMPLAINT,IN_PROGRESS,LOW,
3274,2002,CRM00000003274,2026-06-04 20:07:51,EMAIL,ONBOARDING,RESOLVED,MEDIUM,5.74
3275,2003,CRM00000003275,2026-03-14 02:11:50,EMAIL,ONBOARDING,IN_PROGRESS,HIGH,
3276,2003,CRM00000003276,2025-11-22 01:53:26,PHONE,ONBOARDING,RESOLVED,MEDIUM,13.87
3277,2004,CRM00000003277,2025-10-01 11:41:07,PHONE,RETENTION,RESOLVED,MEDIUM,5.36
3278,2004,CRM00000003278,2026-06-08 02:43:23,EMAIL,RETENTION,RESOLVED,HIGH,14.13
3279,2005,CRM00000003279,2026-02-15 05:33:01,EMAIL,PRODUCT_INQUIRY,RESOLVED,MEDIUM,31.26
3280,2005,CRM00000003280,2025-09-05 12:23:58,EMAIL,ONBOARDING,RESOLVED,HIGH,5.84
3281,2007,CRM00000003281,2025-11-22 20:16:19,PHONE,ONBOARDING,RESOLVED,MEDIUM,23.03
3282,2009,CRM00000003282,2026-08-23 10:59:46,BRANCH,ADVISORY,IN_PROGRESS,LOW,
3283,2010,CRM00000003283,2026-03-09 03:47:50,PHONE,RETENTION,RESOLVED,MEDIUM,15.85
3284,2010,CRM00000003284,2026-05-10 22:42:19,EMAIL,ONBOARDING,RESOLVED,LOW,0.12
3285,2011,CRM00000003285,2026-02-03 02:34:01,RM_VISIT,ADVISORY,RESOLVED,LOW,8.51
3286,2011,CRM00000003286,2026-08-16 11:06:39,CHAT,COMPLAINT,ESCALATED,URGENT,
3287,2011,CRM00000003287,2026-02-14 17:23:01,PHONE,PRODUCT_INQUIRY,RESOLVED,MEDIUM,13.67
3288,2012,CRM00000003288,2026-08-03 17:41:20,PHONE,COMPLAINT,OPEN,HIGH,
3289,2012,CRM00000003289,2025-08-29 20:07:28,PHONE,COMPLAINT,RESOLVED,MEDIUM,15.1
3290,2012,CRM00000003290,2025-11-22 14:12:56,BRANCH,DISPUTE,RESOLVED,LOW,5.79
3291,2013,CRM00000003291,2025-11-13 15:05:57,BRANCH,ONBOARDING,RESOLVED,MEDIUM,6.76
3292,2013,CRM00000003292,2026-08-05 07:13:12,CHAT,COMPLAINT,RESOLVED,LOW,19.09
3293,2013,CRM00000003293,2026-07-27 10:55:52,PHONE,ONBOARDING,RESOLVED,MEDIUM,13.85
3294,2014,CRM00000003294,2025-11-12 06:58:55,EMAIL,COMPLAINT,ESCALATED,HIGH,
3295,2015,CRM00000003295,2026-04-20 00:45:44,EMAIL,DISPUTE,IN_PROGRESS,LOW,
3296,2017,CRM00000003296,2026-03-31 22:24:44,PHONE,PRODUCT_INQUIRY,OPEN,HIGH,
3297,2017,CRM00000003297,2026-06-13 01:57:43,BRANCH,ADVISORY,RESOLVED,URGENT,5.12
3298,2018,CRM00000003298,2025-09-22 02:03:31,BRANCH,ONBOARDING,OPEN,MEDIUM,
3299,2020,CRM00000003299,2025-11-05 17:57:44,EMAIL,RETENTION,IN_PROGRESS,HIGH,
3300,2021,CRM00000003300,2026-07-08 06:32:28,BRANCH,COMPLAINT,IN_PROGRESS,LOW,
3301,2021,CRM00000003301,2026-04-01 06:35:16,PHONE,PRODUCT_INQUIRY,RESOLVED,URGENT,13.1
3302,2021,CRM00000003302,2026-04-17 19:23:48,EMAIL,RETENTION,RESOLVED,MEDIUM,6.18
3303,2022,CRM00000003303,2026-07-13 08:47:36,RM_VISIT,ONBOARDING,ESCALATED,HIGH,
3304,2022,CRM00000003304,2026-01-09 18:37:43,PHONE,COMPLAINT,RESOLVED,HIGH,3.26
3305,2022,CRM00000003305,2026-06-16 11:54:43,EMAIL,ADVISORY,RESOLVED,MEDIUM,2.05
3306,2023,CRM00000003306,2026-02-08 04:53:36,CHAT,RETENTION,RESOLVED,MEDIUM,5.21
3307,2024,CRM00000003307,2026-02-12 14:06:00,CHAT,COMPLAINT,RESOLVED,MEDIUM,7.61
3308,2024,CRM00000003308,2025-12-06 08:12:21,BRANCH,DISPUTE,RESOLVED,MEDIUM,29.9
3309,2026,CRM00000003309,2026-07-12 00:14:16,CHAT,DISPUTE,RESOLVED,MEDIUM,23.19
3310,2026,CRM00000003310,2026-06-28 01:32:01,EMAIL,COMPLAINT,RESOLVED,LOW,4.39
3311,2027,CRM00000003311,2025-10-07 01:04:48,PHONE,PRODUCT_INQUIRY,OPEN,URGENT,
3312,2027,CRM00000003312,2026-04-09 00:39:48,EMAIL,COMPLAINT,RESOLVED,HIGH,9.97
3313,2028,CRM00000003313,2025-09-02 08:30:32,PHONE,RETENTION,RESOLVED,MEDIUM,4.22
3314,2029,CRM00000003314,2026-02-28 23:26:19,BRANCH,PRODUCT_INQUIRY,OPEN,MEDIUM,
3315,2029,CRM00000003315,2026-07-22 03:08:14,EMAIL,COMPLAINT,RESOLVED,MEDIUM,6.14
3316,2029,CRM00000003316,2026-05-22 22:03:30,EMAIL,DISPUTE,RESOLVED,HIGH,20.71
3317,2030,CRM00000003317,2025-12-08 09:47:41,RM_VISIT,COMPLAINT,RESOLVED,MEDIUM,15.29
3318,2031,CRM00000003318,2025-11-17 03:31:21,EMAIL,ONBOARDING,RESOLVED,MEDIUM,5.45
3319,2031,CRM00000003319,2026-08-10 10:39:40,PHONE,PRODUCT_INQUIRY,RESOLVED,LOW,1.85
3320,2031,CRM00000003320,2026-05-02 02:27:34,PHONE,RETENTION,RESOLVED,LOW,15.32
3321,2031,CRM00000003321,2026-01-30 03:32:20,CHAT,ADVISORY,RESOLVED,LOW,34.97
3322,2031,CRM00000003322,2025-09-22 20:30:09,BRANCH,COMPLAINT,RESOLVED,MEDIUM,5.86
3323,2032,CRM00000003323,2025-09-15 07:09:21,EMAIL,RETENTION,RESOLVED,LOW,16.5
3324,2034,CRM00000003324,2026-01-06 07:29:50,EMAIL,COMPLAINT,RESOLVED,MEDIUM,11.16
3325,2034,CRM00000003325,2026-06-04 20:21:19,PHONE,PRODUCT_INQUIRY,RESOLVED,MEDIUM,3.89
3326,2035,CRM00000003326,2025-09-20 09:51:05,RM_VISIT,PRODUCT_INQUIRY,RESOLVED,MEDIUM,8.47
3327,2035,CRM00000003327,2026-07-17 05:21:04,EMAIL,ADVISORY,RESOLVED,MEDIUM,5.57
3328,2036,CRM00000003328,2025-09-02 00:38:08,BRANCH,PRODUCT_INQUIRY,ESCALATED,MEDIUM,
3329,2038,CRM00000003329,2026-04-22 22:41:24,EMAIL,DISPUTE,RESOLVED,HIGH,10.27
3330,2038,CRM00000003330,2026-08-03 14:36:37,PHONE,ADVISORY,RESOLVED,HIGH,23.76
3331,2042,CRM00000003331,2025-12-26 00:08:10,PHONE,ADVISORY,RESOLVED,HIGH,16.41
3332,2043,CRM00000003332,2026-01-07 14:27:16,BRANCH,DISPUTE,RESOLVED,MEDIUM,17.1
3333,2044,CRM00000003333,2026-03-11 06:12:37,PHONE,COMPLAINT,RESOLVED,LOW,21.67
3334,2046,CRM00000003334,2026-07-05 19:11:38,PHONE,PRODUCT_INQUIRY,RESOLVED,LOW,4.66
3335,2046,CRM00000003335,2025-09-09 08:18:48,PHONE,RETENTION,RESOLVED,LOW,6.89
3336,2046,CRM00000003336,2026-04-19 15:07:59,EMAIL,RETENTION,RESOLVED,HIGH,13.8
3337,2047,CRM00000003337,2025-09-14 02:40:13,CHAT,PRODUCT_INQUIRY,ESCALATED,LOW,
3338,2047,CRM00000003338,2026-06-03 00:55:53,EMAIL,COMPLAINT,RESOLVED,MEDIUM,19.72
3339,2048,CRM00000003339,2026-04-14 23:16:33,EMAIL,PRODUCT_INQUIRY,RESOLVED,HIGH,27.51
3340,2048,CRM00000003340,2026-08-18 15:59:22,CHAT,PRODUCT_INQUIRY,RESOLVED,HIGH,13.71
3341,2050,CRM00000003341,2026-08-08 09:52:25,PHONE,RETENTION,RESOLVED,LOW,26.23
3342,2050,CRM00000003342,2026-04-04 00:00:00,PHONE,ONBOARDING,RESOLVED,MEDIUM,8.8
3343,2050,CRM00000003343,2026-04-27 05:25:44,PHONE,ONBOARDING,IN_PROGRESS,HIGH,
3344,2050,CRM00000003344,2025-11-13 11:09:02,EMAIL,COMPLAINT,RESOLVED,LOW,20.8
3345,2051,CRM00000003345,2026-05-21 02:41:12,EMAIL,RETENTION,RESOLVED,HIGH,20.08
3346,2051,CRM00000003346,2025-09-13 18:34:50,PHONE,PRODUCT_INQUIRY,OPEN,LOW,
3347,2052,CRM00000003347,2026-08-22 06:32:09,PHONE,COMPLAINT,RESOLVED,HIGH,22.39
3348,2052,CRM00000003348,2025-09-26 04:26:27,BRANCH,COMPLAINT,RESOLVED,LOW,15.37
3349,2053,CRM00000003349,2025-10-25 07:42:21,PHONE,COMPLAINT,RESOLVED,LOW,7.24
3350,2053,CRM00000003350,2025-10-26 23:09:05,PHONE,COMPLAINT,RESOLVED,URGENT,13.03
3351,2053,CRM00000003351,2025-10-30 02:31:37,PHONE,COMPLAINT,ESCALATED,HIGH,
3352,2053,CRM00000003352,2025-11-30 20:12:57,PHONE,PRODUCT_INQUIRY,RESOLVED,MEDIUM,6.42
3353,2053,CRM00000003353,2026-06-21 07:33:21,CHAT,ADVISORY,RESOLVED,HIGH,20.85
3354,2055,CRM00000003354,2026-05-07 22:57:05,CHAT,RETENTION,RESOLVED,MEDIUM,5.37
3355,2057,CRM00000003355,2025-11-16 04:55:20,BRANCH,PRODUCT_INQUIRY,RESOLVED,MEDIUM,16.34
3356,2058,CRM00000003356,2026-02-25 14:34:16,PHONE,COMPLAINT,OPEN,LOW,
3357,2059,CRM00000003357,2026-05-13 20:03:32,PHONE,COMPLAINT,RESOLVED,LOW,9.46
3358,2059,CRM00000003358,2025-10-27 22:37:32,RM_VISIT,RETENTION,IN_PROGRESS,MEDIUM,
3359,2060,CRM00000003359,2025-09-29 18:12:13,RM_VISIT,COMPLAINT,RESOLVED,MEDIUM,21.4
3360,2064,CRM00000003360,2025-10-17 20:22:47,EMAIL,ADVISORY,RESOLVED,MEDIUM,5.31
3361,2064,CRM00000003361,2026-03-13 08:52:08,EMAIL,DISPUTE,RESOLVED,MEDIUM,12.13
3362,2065,CRM00000003362,2026-06-08 15:44:51,BRANCH,ONBOARDING,RESOLVED,MEDIUM,12.28
3363,2065,CRM00000003363,2025-10-27 08:25:20,BRANCH,COMPLAINT,RESOLVED,LOW,7.61
3364,2066,CRM00000003364,2026-04-05 04:52:47,RM_VISIT,COMPLAINT,IN_PROGRESS,URGENT,
3365,2066,CRM00000003365,2026-05-24 16:07:14,BRANCH,RETENTION,IN_PROGRESS,HIGH,
3366,2067,CRM00000003366,2026-06-03 04:50:00,BRANCH,COMPLAINT,RESOLVED,LOW,4.21
3367,2067,CRM00000003367,2025-11-26 06:05:19,PHONE,RETENTION,RESOLVED,LOW,13.27
3368,2068,CRM00000003368,2025-11-30 09:27:32,PHONE,ONBOARDING,RESOLVED,LOW,8.64
3369,2069,CRM00000003369,2025-09-01 13:35:20,PHONE,PRODUCT_INQUIRY,RESOLVED,MEDIUM,6.13
3370,2069,CRM00000003370,2025-12-16 11:01:32,PHONE,COMPLAINT,RESOLVED,MEDIUM,14.58
3371,2069,CRM00000003371,2025-10-20 19:01:21,EMAIL,PRODUCT_INQUIRY,RESOLVED,LOW,5.06
3372,2069,CRM00000003372,2026-03-03 17:27:30,BRANCH,PRODUCT_INQUIRY,RESOLVED,MEDIUM,20.65
3373,2071,CRM00000003373,2026-02-23 15:40:11,RM_VISIT,ONBOARDING,RESOLVED,HIGH,1.73
3374,2071,CRM00000003374,2025-12-27 02:43:30,BRANCH,DISPUTE,OPEN,LOW,
3375,2071,CRM00000003375,2026-06-08 02:09:53,PHONE,COMPLAINT,IN_PROGRESS,HIGH,
3376,2072,CRM00000003376,2026-05-20 07:21:36,PHONE,COMPLAINT,RESOLVED,HIGH,10.6
3377,2072,CRM00000003377,2025-12-28 12:04:25,PHONE,PRODUCT_INQUIRY,RESOLVED,MEDIUM,6.2
3378,2072,CRM00000003378,2026-03-20 15:23:49,EMAIL,PRODUCT_INQUIRY,RESOLVED,MEDIUM,4.71
3379,2072,CRM00000003379,2026-01-23 15:24:56,CHAT,ONBOARDING,RESOLVED,MEDIUM,8.93
3380,2073,CRM00000003380,2026-07-06 10:27:25,RM_VISIT,PRODUCT_INQUIRY,OPEN,MEDIUM,
3381,2073,CRM00000003381,2026-07-24 13:30:43,PHONE,COMPLAINT,RESOLVED,LOW,14.8
3382,2073,CRM00000003382,2026-07-14 08:14:24,CHAT,DISPUTE,OPEN,MEDIUM,
3383,2073,CRM00000003383,2026-06-11 16:58:52,PHONE,DISPUTE,RESOLVED,LOW,25.71
3384,2074,CRM00000003384,2025-09-03 17:39:32,PHONE,ADVISORY,OPEN,LOW,
3385,2074,CRM00000003385,2026-04-29 00:35:55,PHONE,PRODUCT_INQUIRY,RESOLVED,MEDIUM,11.45
3386,2074,CRM00000003386,2025-11-21 12:52:43,CHAT,PRODUCT_INQUIRY,RESOLVED,HIGH,1.26
3387,2074,CRM00000003387,2026-04-20 08:27:17,PHONE,COMPLAINT,RESOLVED,HIGH,17.39
3388,2074,CRM00000003388,2026-04-18 10:13:32,CHAT,COMPLAINT,RESOLVED,HIGH,22.12
3389,2075,CRM00000003389,2026-08-18 02:05:10,EMAIL,PRODUCT_INQUIRY,RESOLVED,HIGH,6.05
3390,2076,CRM00000003390,2026-07-31 00:54:23,BRANCH,RETENTION,ESCALATED,MEDIUM,
3391,2076,CRM00000003391,2025-11-25 17:44:25,PHONE,RETENTION,RESOLVED,HIGH,8.05
3392,2076,CRM00000003392,2025-10-03 14:03:19,EMAIL,COMPLAINT,RESOLVED,LOW,7.28
3393,2077,CRM00000003393,2025-10-11 06:27:25,PHONE,ADVISORY,RESOLVED,MEDIUM,6.41
3394,2078,CRM00000003394,2026-05-21 12:13:26,EMAIL,PRODUCT_INQUIRY,RESOLVED,MEDIUM,11.11
3395,2078,CRM00000003395,2025-12-12 11:30:46,CHAT,COMPLAINT,RESOLVED,LOW,2.87
3396,2078,CRM00000003396,2026-01-09 00:59:00,EMAIL,PRODUCT_INQUIRY,RESOLVED,LOW,7.9
3397,2079,CRM00000003397,2025-09-10 07:43:23,CHAT,ONBOARDING,RESOLVED,MEDIUM,4.07
3398,2080,CRM00000003398,2025-12-30 22:29:30,BRANCH,ADVISORY,RESOLVED,MEDIUM,5.03
3399,2080,CRM00000003399,2026-07-16 16:39:56,EMAIL,RETENTION,RESOLVED,LOW,7.77
3400,2080,CRM00000003400,2026-07-05 20:28:54,BRANCH,ONBOARDING,OPEN,LOW,
3401,2081,CRM00000003401,2026-07-01 20:36:19,PHONE,ADVISORY,RESOLVED,LOW,10.98
3402,2081,CRM00000003402,2026-02-14 05:11:51,EMAIL,RETENTION,RESOLVED,LOW,6.32
3403,2083,CRM00000003403,2025-09-08 05:10:25,PHONE,RETENTION,RESOLVED,HIGH,29.26
3404,2084,CRM00000003404,2025-08-30 14:01:15,BRANCH,PRODUCT_INQUIRY,RESOLVED,URGENT,8.9
3405,2085,CRM00000003405,2026-02-25 01:26:51,BRANCH,COMPLAINT,IN_PROGRESS,MEDIUM,
3406,2085,CRM00000003406,2025-10-26 17:50:00,EMAIL,PRODUCT_INQUIRY,RESOLVED,LOW,27.32
3407,2085,CRM00000003407,2025-10-10 02:23:46,PHONE,RETENTION,RESOLVED,URGENT,3.77
3408,2085,CRM00000003408,2025-11-14 15:24:31,CHAT,RETENTION,OPEN,URGENT,
3409,2086,CRM00000003409,2025-09-09 04:34:59,PHONE,ONBOARDING,RESOLVED,LOW,8.36
3410,2086,CRM00000003410,2026-08-23 14:35:09,CHAT,DISPUTE,RESOLVED,MEDIUM,2.53
3411,2087,CRM00000003411,2026-04-06 03:49:00,CHAT,COMPLAINT,RESOLVED,MEDIUM,17.48
3412,2088,CRM00000003412,2025-12-24 22:11:10,PHONE,PRODUCT_INQUIRY,RESOLVED,MEDIUM,9.03
3413,2088,CRM00000003413,2026-04-21 00:48:50,EMAIL,ADVISORY,RESOLVED,MEDIUM,12.31
3414,2089,CRM00000003414,2025-10-27 11:05:16,PHONE,ADVISORY,RESOLVED,URGENT,2.28
3415,2089,CRM00000003415,2026-01-25 00:48:58,CHAT,RETENTION,IN_PROGRESS,HIGH,
3416,2091,CRM00000003416,2026-06-03 16:21:29,BRANCH,ADVISORY,RESOLVED,HIGH,21.96
3417,2091,CRM00000003417,2025-10-17 14:58:06,PHONE,ONBOARDING,IN_PROGRESS,URGENT,
3418,2091,CRM00000003418,2026-05-15 08:40:05,CHAT,ADVISORY,RESOLVED,LOW,14.67
3419,2092,CRM00000003419,2026-01-08 18:38:25,CHAT,PRODUCT_INQUIRY,IN_PROGRESS,HIGH,
3420,2093,CRM00000003420,2025-10-02 00:20:16,EMAIL,RETENTION,RESOLVED,LOW,16.1
3421,2093,CRM00000003421,2026-03-12 23:35:36,BRANCH,PRODUCT_INQUIRY,RESOLVED,MEDIUM,3.09
3422,2095,CRM00000003422,2026-03-13 21:40:58,EMAIL,RETENTION,RESOLVED,URGENT,2.55
3423,2096,CRM00000003423,2026-04-13 14:17:50,BRANCH,RETENTION,OPEN,MEDIUM,
3424,2097,CRM00000003424,2026-01-29 12:54:13,PHONE,COMPLAINT,RESOLVED,HIGH,32.06
3425,2098,CRM00000003425,2025-11-08 13:58:21,PHONE,PRODUCT_INQUIRY,RESOLVED,HIGH,7.54
3426,2098,CRM00000003426,2025-12-07 06:31:04,PHONE,PRODUCT_INQUIRY,RESOLVED,MEDIUM,4.13
3427,2099,CRM00000003427,2026-03-25 00:05:34,EMAIL,ONBOARDING,OPEN,MEDIUM,
3428,2099,CRM00000003428,2026-04-24 22:39:14,EMAIL,ONBOARDING,RESOLVED,MEDIUM,8.14
3429,2099,CRM00000003429,2026-06-28 16:33:46,RM_VISIT,ADVISORY,RESOLVED,URGENT,7.13
3430,2100,CRM00000003430,2026-05-19 09:54:25,PHONE,PRODUCT_INQUIRY,ESCALATED,LOW,
3431,2100,CRM00000003431,2026-07-10 04:52:23,PHONE,COMPLAINT,RESOLVED,LOW,30.86
3432,2100,CRM00000003432,2026-04-08 11:58:36,EMAIL,DISPUTE,RESOLVED,MEDIUM,17.84
3433,2101,CRM00000003433,2025-12-11 11:32:12,PHONE,COMPLAINT,RESOLVED,LOW,18.12
3434,2101,CRM00000003434,2025-12-06 03:18:06,PHONE,PRODUCT_INQUIRY,RESOLVED,LOW,12.23
3435,2103,CRM00000003435,2026-04-13 03:50:36,RM_VISIT,ONBOARDING,RESOLVED,MEDIUM,6.56
3436,2103,CRM00000003436,2026-08-21 15:38:45,PHONE,PRODUCT_INQUIRY,RESOLVED,MEDIUM,3.19
3437,2103,CRM00000003437,2026-05-16 11:02:27,PHONE,DISPUTE,IN_PROGRESS,URGENT,
3438,2106,CRM00000003438,2025-08-29 13:34:52,PHONE,COMPLAINT,RESOLVED,HIGH,3.22
3439,2107,CRM00000003439,2026-08-05 17:47:11,EMAIL,RETENTION,RESOLVED,HIGH,11.07
3440,2109,CRM00000003440,2026-07-29 04:16:14,EMAIL,COMPLAINT,RESOLVED,LOW,10.58
3441,2109,CRM00000003441,2026-03-06 00:57:34,PHONE,RETENTION,RESOLVED,MEDIUM,3.99
3442,2109,CRM00000003442,2026-02-01 04:32:44,BRANCH,COMPLAINT,RESOLVED,LOW,13.69
3443,2109,CRM00000003443,2026-07-19 02:34:34,CHAT,PRODUCT_INQUIRY,RESOLVED,MEDIUM,21.86
3444,2109,CRM00000003444,2025-10-21 21:42:23,EMAIL,PRODUCT_INQUIRY,RESOLVED,MEDIUM,4.49
3445,2110,CRM00000003445,2026-03-30 01:16:04,PHONE,ADVISORY,RESOLVED,LOW,0.51
3446,2113,CRM00000003446,2025-09-25 02:42:35,BRANCH,RETENTION,RESOLVED,LOW,9.98
3447,2115,CRM00000003447,2026-01-22 22:52:34,CHAT,RETENTION,OPEN,LOW,
3448,2115,CRM00000003448,2025-08-30 14:17:43,EMAIL,RETENTION,RESOLVED,HIGH,20.17
3449,2115,CRM00000003449,2026-04-19 18:36:56,PHONE,PRODUCT_INQUIRY,IN_PROGRESS,MEDIUM,
3450,2115,CRM00000003450,2026-04-24 02:59:04,BRANCH,ONBOARDING,RESOLVED,MEDIUM,31.44
3451,2116,CRM00000003451,2026-05-11 07:01:54,BRANCH,ADVISORY,RESOLVED,LOW,5.64
3452,2117,CRM00000003452,2025-11-08 21:06:30,PHONE,PRODUCT_INQUIRY,RESOLVED,MEDIUM,3.04
3453,2117,CRM00000003453,2025-12-18 05:28:10,PHONE,ADVISORY,RESOLVED,MEDIUM,18.4
3454,2117,CRM00000003454,2026-06-26 05:08:43,BRANCH,ONBOARDING,OPEN,LOW,
3455,2118,CRM00000003455,2026-06-14 12:09:01,CHAT,PRODUCT_INQUIRY,RESOLVED,MEDIUM,17.4
3456,2118,CRM00000003456,2026-05-06 06:48:33,PHONE,COMPLAINT,RESOLVED,MEDIUM,17.94
3457,2118,CRM00000003457,2025-12-24 01:22:00,PHONE,COMPLAINT,RESOLVED,MEDIUM,6.58
3458,2118,CRM00000003458,2026-02-13 20:26:07,RM_VISIT,PRODUCT_INQUIRY,RESOLVED,URGENT,7.78
3459,2119,CRM00000003459,2026-05-26 01:00:30,CHAT,COMPLAINT,RESOLVED,URGENT,21.14
3460,2119,CRM00000003460,2025-12-20 22:33:57,EMAIL,COMPLAINT,RESOLVED,MEDIUM,8.85
3461,2120,CRM00000003461,2026-04-04 18:54:27,EMAIL,COMPLAINT,IN_PROGRESS,MEDIUM,
3462,2120,CRM00000003462,2026-06-24 10:49:32,PHONE,COMPLAINT,IN_PROGRESS,MEDIUM,
3463,2120,CRM00000003463,2025-10-06 15:19:43,EMAIL,PRODUCT_INQUIRY,IN_PROGRESS,HIGH,
3464,2120,CRM00000003464,2026-08-02 13:57:55,PHONE,ADVISORY,RESOLVED,MEDIUM,17.37
3465,2122,CRM00000003465,2026-01-01 22:02:36,RM_VISIT,RETENTION,RESOLVED,HIGH,2.98
3466,2122,CRM00000003466,2025-09-03 15:49:07,CHAT,ADVISORY,RESOLVED,HIGH,3.58
3467,2122,CRM00000003467,2026-02-03 18:34:45,EMAIL,COMPLAINT,RESOLVED,LOW,12.54
3468,2125,CRM00000003468,2026-05-28 07:52:01,EMAIL,COMPLAINT,OPEN,URGENT,
3469,2125,CRM00000003469,2026-01-31 04:15:18,RM_VISIT,PRODUCT_INQUIRY,OPEN,MEDIUM,
3470,2125,CRM00000003470,2026-01-22 18:27:56,PHONE,DISPUTE,RESOLVED,HIGH,19.39
3471,2125,CRM00000003471,2026-01-02 13:19:03,PHONE,PRODUCT_INQUIRY,RESOLVED,MEDIUM,6.88
3472,2125,CRM00000003472,2025-09-15 18:52:39,RM_VISIT,ADVISORY,RESOLVED,MEDIUM,5.68
3473,2126,CRM00000003473,2026-08-01 21:07:53,EMAIL,PRODUCT_INQUIRY,RESOLVED,MEDIUM,10.32
3474,2127,CRM00000003474,2026-04-10 15:48:11,CHAT,ONBOARDING,RESOLVED,LOW,11.7
3475,2127,CRM00000003475,2025-09-12 19:48:47,BRANCH,COMPLAINT,ESCALATED,MEDIUM,
3476,2127,CRM00000003476,2026-07-18 13:11:00,PHONE,PRODUCT_INQUIRY,IN_PROGRESS,HIGH,
3477,2127,CRM00000003477,2026-01-26 16:30:55,EMAIL,RETENTION,RESOLVED,MEDIUM,22.44
3478,2128,CRM00000003478,2025-12-15 21:55:45,PHONE,COMPLAINT,RESOLVED,MEDIUM,13.39
3479,2129,CRM00000003479,2025-10-15 13:37:17,PHONE,COMPLAINT,RESOLVED,HIGH,8.67
3480,2130,CRM00000003480,2026-05-30 21:41:48,BRANCH,PRODUCT_INQUIRY,RESOLVED,URGENT,7.97
3481,2130,CRM00000003481,2025-09-15 09:32:54,PHONE,ONBOARDING,RESOLVED,MEDIUM,19.07
3482,2130,CRM00000003482,2025-12-16 10:30:02,EMAIL,DISPUTE,RESOLVED,MEDIUM,7.14
3483,2130,CRM00000003483,2026-06-12 11:11:43,PHONE,ONBOARDING,RESOLVED,HIGH,4.82
3484,2130,CRM00000003484,2026-05-14 07:10:36,EMAIL,RETENTION,RESOLVED,LOW,13.89
3485,2130,CRM00000003485,2025-10-13 01:51:28,CHAT,ONBOARDING,IN_PROGRESS,HIGH,
3486,2130,CRM00000003486,2025-09-28 14:36:34,PHONE,RETENTION,RESOLVED,LOW,17.38
3487,2130,CRM00000003487,2026-02-01 15:26:00,EMAIL,ADVISORY,OPEN,MEDIUM,
3488,2131,CRM00000003488,2025-10-19 04:50:27,PHONE,DISPUTE,OPEN,LOW,
3489,2131,CRM00000003489,2025-10-27 05:41:45,EMAIL,PRODUCT_INQUIRY,OPEN,LOW,
3490,2131,CRM00000003490,2026-07-31 01:06:45,EMAIL,RETENTION,RESOLVED,MEDIUM,5.47
3491,2132,CRM00000003491,2026-04-20 22:32:46,EMAIL,PRODUCT_INQUIRY,RESOLVED,HIGH,8.27
3492,2132,CRM00000003492,2025-10-24 14:07:20,PHONE,PRODUCT_INQUIRY,IN_PROGRESS,MEDIUM,
3493,2133,CRM00000003493,2026-03-23 10:52:53,BRANCH,ADVISORY,RESOLVED,MEDIUM,7.92
3494,2135,CRM00000003494,2025-08-31 19:59:23,PHONE,COMPLAINT,IN_PROGRESS,HIGH,
3495,2135,CRM00000003495,2026-02-22 08:59:56,PHONE,COMPLAINT,RESOLVED,MEDIUM,4.2
3496,2136,CRM00000003496,2026-02-01 00:03:23,EMAIL,RETENTION,RESOLVED,LOW,1.49
3497,2136,CRM00000003497,2026-07-03 14:02:59,PHONE,PRODUCT_INQUIRY,RESOLVED,MEDIUM,8.01
3498,2136,CRM00000003498,2026-03-18 16:57:40,RM_VISIT,RETENTION,OPEN,MEDIUM,
3499,2138,CRM00000003499,2026-04-18 17:36:52,RM_VISIT,COMPLAINT,OPEN,MEDIUM,
3500,2139,CRM00000003500,2026-05-28 11:06:09,CHAT,PRODUCT_INQUIRY,RESOLVED,MEDIUM,14.91
3501,2142,CRM00000003501,2026-06-16 09:40:56,PHONE,ADVISORY,RESOLVED,MEDIUM,9.94
3502,2143,CRM00000003502,2026-07-12 16:10:23,CHAT,DISPUTE,IN_PROGRESS,LOW,
3503,2144,CRM00000003503,2026-05-12 17:40:00,CHAT,ADVISORY,RESOLVED,MEDIUM,4.07
3504,2145,CRM00000003504,2026-01-28 00:05:41,CHAT,PRODUCT_INQUIRY,RESOLVED,HIGH,8.02
3505,2147,CRM00000003505,2026-05-11 13:26:49,CHAT,DISPUTE,IN_PROGRESS,URGENT,
3506,2147,CRM00000003506,2026-05-29 08:04:42,CHAT,COMPLAINT,RESOLVED,LOW,9.0
3507,2148,CRM00000003507,2025-08-31 02:49:33,PHONE,RETENTION,RESOLVED,HIGH,9.52
3508,2149,CRM00000003508,2025-10-10 19:35:41,PHONE,PRODUCT_INQUIRY,IN_PROGRESS,MEDIUM,
3509,2150,CRM00000003509,2025-12-23 19:26:51,BRANCH,ADVISORY,RESOLVED,LOW,2.18
3510,2151,CRM00000003510,2026-04-10 09:32:52,PHONE,ADVISORY,RESOLVED,MEDIUM,7.01
3511,2151,CRM00000003511,2025-12-21 12:50:26,PHONE,RETENTION,RESOLVED,HIGH,14.74
3512,2152,CRM00000003512,2026-01-21 00:47:57,PHONE,ONBOARDING,RESOLVED,MEDIUM,13.43
3513,2152,CRM00000003513,2025-09-13 01:12:21,EMAIL,ADVISORY,IN_PROGRESS,LOW,
3514,2152,CRM00000003514,2026-08-13 20:17:09,PHONE,PRODUCT_INQUIRY,IN_PROGRESS,LOW,
3515,2152,CRM00000003515,2025-09-27 07:55:03,PHONE,ADVISORY,OPEN,HIGH,
3516,2153,CRM00000003516,2026-02-20 04:49:37,EMAIL,RETENTION,RESOLVED,HIGH,12.73
3517,2155,CRM00000003517,2025-09-09 08:57:32,PHONE,PRODUCT_INQUIRY,OPEN,MEDIUM,
3518,2157,CRM00000003518,2025-08-27 22:42:59,CHAT,PRODUCT_INQUIRY,IN_PROGRESS,LOW,
3519,2157,CRM00000003519,2026-01-04 15:49:14,CHAT,ADVISORY,ESCALATED,LOW,
3520,2157,CRM00000003520,2026-05-18 16:07:22,BRANCH,ADVISORY,RESOLVED,LOW,7.07
3521,2157,CRM00000003521,2026-03-26 11:18:26,RM_VISIT,RETENTION,RESOLVED,HIGH,3.58
3522,2158,CRM00000003522,2026-03-03 02:40:49,CHAT,RETENTION,IN_PROGRESS,MEDIUM,
3523,2160,CRM00000003523,2026-08-12 12:26:15,RM_VISIT,ADVISORY,RESOLVED,MEDIUM,24.96
3524,2160,CRM00000003524,2025-08-28 10:25:33,EMAIL,ADVISORY,RESOLVED,MEDIUM,2.28
3525,2160,CRM00000003525,2026-02-26 05:59:25,CHAT,ONBOARDING,IN_PROGRESS,MEDIUM,
3526,2161,CRM00000003526,2025-09-07 01:34:42,EMAIL,ADVISORY,RESOLVED,MEDIUM,27.3
3527,2162,CRM00000003527,2026-07-19 19:33:07,EMAIL,PRODUCT_INQUIRY,OPEN,LOW,
3528,2162,CRM00000003528,2026-02-06 02:38:04,EMAIL,ONBOARDING,OPEN,HIGH,
3529,2163,CRM00000003529,2025-10-25 03:48:12,PHONE,COMPLAINT,IN_PROGRESS,MEDIUM,
3530,2163,CRM00000003530,2026-05-05 05:58:14,EMAIL,PRODUCT_INQUIRY,RESOLVED,MEDIUM,9.48
3531,2163,CRM00000003531,2026-08-10 05:22:43,PHONE,PRODUCT_INQUIRY,RESOLVED,HIGH,33.37
3532,2163,CRM00000003532,2025-12-17 07:04:58,PHONE,DISPUTE,RESOLVED,HIGH,3.22
3533,2164,CRM00000003533,2026-04-17 18:08:53,BRANCH,COMPLAINT,OPEN,MEDIUM,
3534,2165,CRM00000003534,2025-10-29 16:12:50,PHONE,PRODUCT_INQUIRY,IN_PROGRESS,HIGH,
3535,2166,CRM00000003535,2026-04-23 18:53:50,PHONE,DISPUTE,OPEN,MEDIUM,
3536,2166,CRM00000003536,2026-03-12 02:37:11,BRANCH,RETENTION,ESCALATED,MEDIUM,
3537,2168,CRM00000003537,2026-07-05 21:55:07,CHAT,RETENTION,RESOLVED,LOW,17.75
3538,2168,CRM00000003538,2026-02-03 21:26:07,PHONE,COMPLAINT,ESCALATED,MEDIUM,
3539,2169,CRM00000003539,2026-08-12 13:12:22,BRANCH,DISPUTE,RESOLVED,LOW,17.19
3540,2169,CRM00000003540,2026-08-12 01:35:23,PHONE,PRODUCT_INQUIRY,RESOLVED,URGENT,12.95
3541,2171,CRM00000003541,2026-03-14 15:31:09,CHAT,DISPUTE,RESOLVED,MEDIUM,7.43
3542,2171,CRM00000003542,2026-08-05 04:24:17,EMAIL,COMPLAINT,ESCALATED,LOW,
3543,2172,CRM00000003543,2026-06-23 20:53:50,PHONE,COMPLAINT,RESOLVED,HIGH,16.34
3544,2173,CRM00000003544,2025-10-16 06:41:59,EMAIL,PRODUCT_INQUIRY,RESOLVED,HIGH,13.17
3545,2174,CRM00000003545,2026-08-03 22:34:13,EMAIL,PRODUCT_INQUIRY,IN_PROGRESS,MEDIUM,
3546,2174,CRM00000003546,2026-03-12 14:13:19,CHAT,PRODUCT_INQUIRY,IN_PROGRESS,MEDIUM,
3547,2174,CRM00000003547,2026-02-03 07:21:43,CHAT,PRODUCT_INQUIRY,IN_PROGRESS,LOW,
3548,2174,CRM00000003548,2025-10-23 08:45:01,PHONE,PRODUCT_INQUIRY,IN_PROGRESS,HIGH,
3549,2176,CRM00000003549,2025-08-30 23:39:35,CHAT,COMPLAINT,RESOLVED,HIGH,18.88
3550,2176,CRM00000003550,2025-10-18 21:49:52,EMAIL,PRODUCT_INQUIRY,OPEN,LOW,
3551,2179,CRM00000003551,2026-04-22 12:30:37,PHONE,ADVISORY,RESOLVED,LOW,5.1
3552,2181,CRM00000003552,2025-10-08 19:36:39,EMAIL,ONBOARDING,RESOLVED,HIGH,13.78
3553,2181,CRM00000003553,2026-06-08 01:10:19,EMAIL,PRODUCT_INQUIRY,OPEN,HIGH,
3554,2181,CRM00000003554,2026-02-23 19:16:44,PHONE,DISPUTE,IN_PROGRESS,MEDIUM,
3555,2181,CRM00000003555,2025-10-09 17:31:34,EMAIL,ONBOARDING,RESOLVED,LOW,12.85
3556,2182,CRM00000003556,2026-06-17 13:24:36,CHAT,PRODUCT_INQUIRY,RESOLVED,MEDIUM,3.81
3557,2183,CRM00000003557,2026-08-08 03:24:08,PHONE,ONBOARDING,RESOLVED,MEDIUM,14.27
3558,2183,CRM00000003558,2026-01-15 14:58:20,PHONE,DISPUTE,RESOLVED,MEDIUM,7.92
3559,2183,CRM00000003559,2025-11-03 07:01:18,RM_VISIT,ADVISORY,RESOLVED,MEDIUM,5.57
3560,2184,CRM00000003560,2025-11-08 04:41:45,CHAT,DISPUTE,RESOLVED,HIGH,3.45
3561,2184,CRM00000003561,2026-02-04 06:55:11,PHONE,DISPUTE,RESOLVED,MEDIUM,11.9
3562,2184,CRM00000003562,2026-01-15 20:04:03,BRANCH,RETENTION,RESOLVED,HIGH,3.2
3563,2184,CRM00000003563,2026-07-04 00:59:10,RM_VISIT,PRODUCT_INQUIRY,RESOLVED,MEDIUM,5.98
3564,2186,CRM00000003564,2025-12-14 02:17:33,EMAIL,RETENTION,RESOLVED,URGENT,16.23
3565,2187,CRM00000003565,2026-06-27 17:35:21,CHAT,PRODUCT_INQUIRY,RESOLVED,MEDIUM,17.8
3566,2188,CRM00000003566,2026-06-18 14:53:41,PHONE,ADVISORY,RESOLVED,HIGH,10.91
3567,2190,CRM00000003567,2026-07-02 05:07:40,PHONE,ADVISORY,IN_PROGRESS,HIGH,
3568,2191,CRM00000003568,2026-02-21 14:17:16,RM_VISIT,COMPLAINT,RESOLVED,LOW,4.62
3569,2191,CRM00000003569,2025-11-07 17:07:30,PHONE,ADVISORY,RESOLVED,LOW,13.74
3570,2191,CRM00000003570,2026-02-22 12:48:42,BRANCH,COMPLAINT,RESOLVED,MEDIUM,7.29
3571,2191,CRM00000003571,2026-04-22 00:00:45,PHONE,ONBOARDING,RESOLVED,MEDIUM,23.46
3572,2192,CRM00000003572,2025-08-30 01:07:34,RM_VISIT,PRODUCT_INQUIRY,ESCALATED,LOW,
3573,2192,CRM00000003573,2025-09-01 17:47:15,BRANCH,COMPLAINT,ESCALATED,URGENT,
3574,2192,CRM00000003574,2026-06-12 09:59:28,CHAT,PRODUCT_INQUIRY,RESOLVED,MEDIUM,29.5
3575,2193,CRM00000003575,2026-08-21 00:43:28,BRANCH,ONBOARDING,RESOLVED,MEDIUM,7.8
3576,2194,CRM00000003576,2025-11-02 21:31:33,CHAT,ADVISORY,RESOLVED,LOW,10.38
3577,2194,CRM00000003577,2026-02-17 18:43:00,EMAIL,ADVISORY,RESOLVED,HIGH,3.53
3578,2194,CRM00000003578,2026-01-19 17:10:54,PHONE,ADVISORY,RESOLVED,HIGH,13.09
3579,2195,CRM00000003579,2026-07-04 06:14:42,CHAT,COMPLAINT,RESOLVED,HIGH,25.74
3580,2195,CRM00000003580,2026-08-10 11:21:59,PHONE,COMPLAINT,RESOLVED,LOW,2.7
3581,2196,CRM00000003581,2025-09-08 01:32:03,PHONE,ADVISORY,RESOLVED,HIGH,7.45
3582,2196,CRM00000003582,2026-02-10 18:40:40,BRANCH,ONBOARDING,RESOLVED,MEDIUM,53.16
3583,2196,CRM00000003583,2025-12-05 13:20:08,PHONE,PRODUCT_INQUIRY,RESOLVED,LOW,47.07
3584,2197,CRM00000003584,2026-05-10 11:06:09,EMAIL,PRODUCT_INQUIRY,RESOLVED,MEDIUM,3.45
3585,2198,CRM00000003585,2026-03-01 02:40:09,PHONE,RETENTION,OPEN,MEDIUM,
3586,2199,CRM00000003586,2026-06-30 00:27:59,PHONE,ONBOARDING,RESOLVED,HIGH,16.48
3587,2199,CRM00000003587,2026-04-15 00:19:52,CHAT,COMPLAINT,ESCALATED,HIGH,
3588,2199,CRM00000003588,2026-04-30 09:58:44,BRANCH,PRODUCT_INQUIRY,ESCALATED,MEDIUM,
3589,2200,CRM00000003589,2025-12-03 03:26:28,EMAIL,ADVISORY,IN_PROGRESS,HIGH,
3590,2201,CRM00000003590,2025-10-03 08:11:12,EMAIL,RETENTION,RESOLVED,HIGH,8.43
3591,2203,CRM00000003591,2025-10-24 20:11:06,PHONE,ADVISORY,RESOLVED,MEDIUM,4.25
3592,2205,CRM00000003592,2026-05-10 21:17:52,PHONE,PRODUCT_INQUIRY,RESOLVED,MEDIUM,17.55
3593,2207,CRM00000003593,2026-01-27 11:18:17,PHONE,RETENTION,RESOLVED,HIGH,13.03
3594,2208,CRM00000003594,2026-01-12 21:56:02,BRANCH,PRODUCT_INQUIRY,RESOLVED,MEDIUM,7.78
3595,2209,CRM00000003595,2026-02-26 19:39:53,PHONE,PRODUCT_INQUIRY,RESOLVED,MEDIUM,9.9
3596,2210,CRM00000003596,2026-08-27 06:38:50,PHONE,COMPLAINT,RESOLVED,MEDIUM,39.89
3597,2210,CRM00000003597,2026-07-10 23:33:11,EMAIL,ADVISORY,RESOLVED,LOW,9.73
3598,2210,CRM00000003598,2026-07-30 16:05:19,PHONE,DISPUTE,RESOLVED,LOW,13.79
3599,2210,CRM00000003599,2025-09-18 15:33:24,EMAIL,ADVISORY,RESOLVED,HIGH,15.37
3600,2211,CRM00000003600,2025-12-31 15:03:59,PHONE,PRODUCT_INQUIRY,RESOLVED,MEDIUM,28.45
3601,2211,CRM00000003601,2025-12-19 02:56:33,CHAT,COMPLAINT,RESOLVED,LOW,31.05
3602,2211,CRM00000003602,2026-02-18 05:34:46,BRANCH,DISPUTE,IN_PROGRESS,MEDIUM,
3603,2215,CRM00000003603,2026-02-22 01:23:10,CHAT,RETENTION,RESOLVED,LOW,4.84
3604,2216,CRM00000003604,2026-06-11 21:03:49,RM_VISIT,PRODUCT_INQUIRY,IN_PROGRESS,MEDIUM,
3605,2216,CRM00000003605,2025-12-21 03:50:40,PHONE,RETENTION,RESOLVED,LOW,15.85
3606,2216,CRM00000003606,2025-11-10 01:13:55,BRANCH,DISPUTE,RESOLVED,MEDIUM,9.9
3607,2217,CRM00000003607,2026-02-07 13:38:35,PHONE,ONBOARDING,RESOLVED,MEDIUM,3.04
3608,2217,CRM00000003608,2025-09-08 07:19:41,CHAT,RETENTION,RESOLVED,URGENT,6.15
3609,2219,CRM00000003609,2026-07-31 13:17:13,EMAIL,COMPLAINT,IN_PROGRESS,HIGH,
3610,2219,CRM00000003610,2026-01-03 02:45:44,PHONE,ADVISORY,RESOLVED,HIGH,4.99
3611,2220,CRM00000003611,2026-07-10 23:41:18,PHONE,PRODUCT_INQUIRY,OPEN,MEDIUM,
3612,2220,CRM00000003612,2026-02-18 02:44:29,PHONE,PRODUCT_INQUIRY,ESCALATED,MEDIUM,
3613,2220,CRM00000003613,2026-08-20 06:51:40,CHAT,DISPUTE,IN_PROGRESS,MEDIUM,
3614,2221,CRM00000003614,2026-03-23 04:30:41,EMAIL,COMPLAINT,IN_PROGRESS,HIGH,
3615,2221,CRM00000003615,2026-02-12 06:59:45,EMAIL,PRODUCT_INQUIRY,RESOLVED,HIGH,4.63
3616,2222,CRM00000003616,2025-11-14 02:25:37,BRANCH,PRODUCT_INQUIRY,RESOLVED,HIGH,11.28
3617,2222,CRM00000003617,2026-05-31 12:22:12,CHAT,RETENTION,RESOLVED,LOW,15.78
3618,2223,CRM00000003618,2026-05-09 20:58:49,RM_VISIT,ADVISORY,RESOLVED,MEDIUM,11.05
3619,2223,CRM00000003619,2026-07-19 11:22:59,PHONE,ADVISORY,RESOLVED,MEDIUM,7.02
3620,2223,CRM00000003620,2025-11-07 20:33:16,EMAIL,RETENTION,RESOLVED,LOW,5.54
3621,2223,CRM00000003621,2026-03-09 10:41:01,EMAIL,ADVISORY,IN_PROGRESS,MEDIUM,
3622,2224,CRM00000003622,2026-02-07 05:16:24,EMAIL,DISPUTE,IN_PROGRESS,LOW,
3623,2227,CRM00000003623,2026-08-12 04:13:23,RM_VISIT,RETENTION,RESOLVED,LOW,9.11
3624,2227,CRM00000003624,2026-06-05 19:40:16,EMAIL,RETENTION,IN_PROGRESS,HIGH,
3625,2227,CRM00000003625,2026-06-12 15:06:13,PHONE,ONBOARDING,RESOLVED,MEDIUM,15.49
3626,2228,CRM00000003626,2025-09-02 17:54:54,EMAIL,RETENTION,ESCALATED,LOW,
3627,2229,CRM00000003627,2026-05-17 18:40:44,CHAT,ADVISORY,RESOLVED,MEDIUM,22.27
3628,2229,CRM00000003628,2025-09-29 23:31:33,BRANCH,PRODUCT_INQUIRY,RESOLVED,HIGH,3.8
3629,2230,CRM00000003629,2026-05-19 00:15:05,CHAT,RETENTION,OPEN,MEDIUM,
3630,2230,CRM00000003630,2026-05-05 05:25:53,PHONE,COMPLAINT,IN_PROGRESS,MEDIUM,
3631,2230,CRM00000003631,2026-03-02 21:07:15,PHONE,DISPUTE,RESOLVED,MEDIUM,12.14
3632,2230,CRM00000003632,2026-06-19 15:57:29,CHAT,PRODUCT_INQUIRY,RESOLVED,MEDIUM,17.03
3633,2230,CRM00000003633,2025-11-21 19:24:03,CHAT,RETENTION,RESOLVED,MEDIUM,29.38
3634,2231,CRM00000003634,2026-01-17 23:27:06,PHONE,ADVISORY,RESOLVED,MEDIUM,8.56
3635,2231,CRM00000003635,2025-10-26 17:07:08,RM_VISIT,RETENTION,IN_PROGRESS,HIGH,
3636,2231,CRM00000003636,2026-04-29 01:26:58,EMAIL,ADVISORY,RESOLVED,LOW,17.32
3637,2232,CRM00000003637,2026-07-10 19:22:59,PHONE,PRODUCT_INQUIRY,RESOLVED,MEDIUM,4.84
3638,2233,CRM00000003638,2026-03-06 16:58:41,BRANCH,ONBOARDING,OPEN,LOW,
3639,2233,CRM00000003639,2026-01-22 12:03:17,PHONE,ADVISORY,RESOLVED,MEDIUM,5.14
3640,2233,CRM00000003640,2025-12-24 22:16:07,PHONE,PRODUCT_INQUIRY,OPEN,MEDIUM,
3641,2235,CRM00000003641,2025-12-30 09:06:58,BRANCH,PRODUCT_INQUIRY,RESOLVED,MEDIUM,7.46
3642,2235,CRM00000003642,2026-07-01 09:41:32,PHONE,RETENTION,RESOLVED,LOW,27.42
3643,2235,CRM00000003643,2026-01-28 09:48:44,EMAIL,RETENTION,RESOLVED,LOW,19.74
3644,2236,CRM00000003644,2025-10-18 14:09:07,PHONE,ADVISORY,RESOLVED,MEDIUM,11.31
3645,2237,CRM00000003645,2026-04-29 10:29:53,EMAIL,ADVISORY,IN_PROGRESS,LOW,
3646,2237,CRM00000003646,2026-07-04 08:57:34,CHAT,COMPLAINT,RESOLVED,HIGH,13.08
3647,2237,CRM00000003647,2025-09-18 23:46:07,CHAT,PRODUCT_INQUIRY,RESOLVED,LOW,28.27
3648,2238,CRM00000003648,2025-11-18 06:45:41,PHONE,PRODUCT_INQUIRY,RESOLVED,MEDIUM,10.13
3649,2238,CRM00000003649,2026-02-05 06:47:23,BRANCH,DISPUTE,RESOLVED,URGENT,13.88
3650,2238,CRM00000003650,2025-12-29 02:08:54,EMAIL,ONBOARDING,OPEN,MEDIUM,
3651,2239,CRM00000003651,2026-02-26 00:34:20,PHONE,COMPLAINT,RESOLVED,MEDIUM,12.06
3652,2240,CRM00000003652,2026-04-20 11:33:43,EMAIL,PRODUCT_INQUIRY,RESOLVED,LOW,1.73
3653,2242,CRM00000003653,2026-08-09 01:27:21,EMAIL,ONBOARDING,RESOLVED,HIGH,10.12
3654,2243,CRM00000003654,2026-04-25 17:13:02,PHONE,RETENTION,RESOLVED,MEDIUM,23.7
3655,2243,CRM00000003655,2026-02-18 09:58:20,RM_VISIT,ONBOARDING,ESCALATED,LOW,
3656,2244,CRM00000003656,2026-08-03 08:27:04,CHAT,ONBOARDING,RESOLVED,MEDIUM,10.81
3657,2245,CRM00000003657,2026-07-24 14:40:18,BRANCH,ADVISORY,OPEN,MEDIUM,
3658,2246,CRM00000003658,2025-09-17 06:44:27,BRANCH,RETENTION,ESCALATED,MEDIUM,
3659,2247,CRM00000003659,2026-01-12 18:53:23,RM_VISIT,PRODUCT_INQUIRY,RESOLVED,HIGH,7.58
3660,2249,CRM00000003660,2025-12-24 10:56:51,PHONE,COMPLAINT,IN_PROGRESS,MEDIUM,
3661,2250,CRM00000003661,2026-02-14 21:59:47,EMAIL,COMPLAINT,ESCALATED,MEDIUM,
3662,2250,CRM00000003662,2025-12-28 20:47:54,PHONE,ONBOARDING,RESOLVED,LOW,2.87
3663,2251,CRM00000003663,2026-02-12 02:56:11,PHONE,DISPUTE,IN_PROGRESS,MEDIUM,
3664,2251,CRM00000003664,2026-04-26 07:16:01,PHONE,PRODUCT_INQUIRY,RESOLVED,URGENT,5.25
3665,2253,CRM00000003665,2026-06-18 04:32:02,CHAT,COMPLAINT,RESOLVED,HIGH,1.71
3666,2255,CRM00000003666,2025-11-02 05:34:15,BRANCH,PRODUCT_INQUIRY,RESOLVED,MEDIUM,23.77
3667,2256,CRM00000003667,2025-10-09 06:07:03,PHONE,PRODUCT_INQUIRY,RESOLVED,MEDIUM,2.78
3668,2256,CRM00000003668,2026-01-24 11:55:36,CHAT,ADVISORY,OPEN,HIGH,
3669,2257,CRM00000003669,2025-09-01 22:20:31,BRANCH,PRODUCT_INQUIRY,RESOLVED,MEDIUM,19.47
3670,2258,CRM00000003670,2025-10-16 18:41:51,EMAIL,COMPLAINT,RESOLVED,MEDIUM,19.05
3671,2259,CRM00000003671,2026-08-22 04:21:26,BRANCH,ADVISORY,RESOLVED,MEDIUM,10.16
3672,2259,CRM00000003672,2026-04-08 04:02:47,PHONE,PRODUCT_INQUIRY,IN_PROGRESS,MEDIUM,
3673,2260,CRM00000003673,2025-10-18 00:33:17,EMAIL,PRODUCT_INQUIRY,OPEN,MEDIUM,
3674,2261,CRM00000003674,2026-08-08 06:01:46,PHONE,PRODUCT_INQUIRY,IN_PROGRESS,LOW,
3675,2261,CRM00000003675,2026-02-20 01:33:55,BRANCH,ADVISORY,ESCALATED,LOW,
3676,2263,CRM00000003676,2026-04-19 18:35:36,CHAT,COMPLAINT,IN_PROGRESS,HIGH,
3677,2264,CRM00000003677,2025-10-13 23:52:52,PHONE,COMPLAINT,RESOLVED,LOW,3.48
3678,2265,CRM00000003678,2026-04-26 14:10:04,PHONE,COMPLAINT,RESOLVED,MEDIUM,28.35
3679,2266,CRM00000003679,2025-10-20 03:17:35,EMAIL,ADVISORY,IN_PROGRESS,MEDIUM,
3680,2266,CRM00000003680,2026-03-08 08:15:40,PHONE,PRODUCT_INQUIRY,RESOLVED,LOW,22.5
3681,2266,CRM00000003681,2025-11-17 04:58:36,PHONE,PRODUCT_INQUIRY,RESOLVED,HIGH,33.01
3682,2266,CRM00000003682,2026-03-14 18:15:41,PHONE,RETENTION,RESOLVED,MEDIUM,10.6
3683,2266,CRM00000003683,2026-02-03 10:30:47,BRANCH,PRODUCT_INQUIRY,RESOLVED,MEDIUM,53.96
3684,2266,CRM00000003684,2025-09-18 00:57:06,PHONE,PRODUCT_INQUIRY,RESOLVED,URGENT,33.53
3685,2267,CRM00000003685,2026-03-26 12:35:47,BRANCH,PRODUCT_INQUIRY,RESOLVED,LOW,20.48
3686,2268,CRM00000003686,2025-12-25 09:00:52,PHONE,COMPLAINT,RESOLVED,LOW,11.72
3687,2269,CRM00000003687,2026-01-11 11:13:39,EMAIL,RETENTION,RESOLVED,HIGH,14.65
3688,2269,CRM00000003688,2026-07-05 23:27:48,PHONE,PRODUCT_INQUIRY,RESOLVED,MEDIUM,8.9
3689,2269,CRM00000003689,2026-01-01 16:39:15,CHAT,RETENTION,RESOLVED,LOW,10.74
3690,2269,CRM00000003690,2026-06-25 12:49:31,CHAT,RETENTION,RESOLVED,URGENT,1.98
3691,2270,CRM00000003691,2025-10-08 10:08:00,BRANCH,RETENTION,OPEN,MEDIUM,
3692,2272,CRM00000003692,2025-11-01 01:12:37,PHONE,ONBOARDING,OPEN,HIGH,
3693,2272,CRM00000003693,2025-10-09 10:52:37,EMAIL,ONBOARDING,RESOLVED,MEDIUM,10.43
3694,2273,CRM00000003694,2026-06-03 17:43:56,EMAIL,RETENTION,RESOLVED,MEDIUM,17.59
3695,2273,CRM00000003695,2026-01-20 09:52:22,BRANCH,RETENTION,RESOLVED,LOW,4.12
3696,2273,CRM00000003696,2026-05-16 08:09:37,PHONE,RETENTION,RESOLVED,LOW,6.47
3697,2276,CRM00000003697,2025-11-23 23:35:35,PHONE,ADVISORY,RESOLVED,MEDIUM,23.0
3698,2276,CRM00000003698,2026-03-12 09:58:49,BRANCH,ADVISORY,IN_PROGRESS,LOW,
3699,2276,CRM00000003699,2025-12-11 11:04:35,PHONE,PRODUCT_INQUIRY,RESOLVED,LOW,12.94
3700,2277,CRM00000003700,2026-02-19 11:11:01,PHONE,COMPLAINT,IN_PROGRESS,HIGH,
3701,2277,CRM00000003701,2025-11-22 12:57:38,CHAT,COMPLAINT,RESOLVED,HIGH,15.57
3702,2278,CRM00000003702,2026-05-22 02:46:08,EMAIL,COMPLAINT,RESOLVED,MEDIUM,19.81
3703,2279,CRM00000003703,2026-02-19 21:14:23,BRANCH,COMPLAINT,RESOLVED,LOW,25.15
3704,2280,CRM00000003704,2025-12-20 12:49:21,EMAIL,RETENTION,RESOLVED,MEDIUM,9.34
3705,2281,CRM00000003705,2025-11-10 03:57:02,CHAT,COMPLAINT,RESOLVED,LOW,26.64
3706,2282,CRM00000003706,2026-02-28 09:24:14,PHONE,COMPLAINT,ESCALATED,URGENT,
3707,2282,CRM00000003707,2026-05-17 05:55:24,EMAIL,PRODUCT_INQUIRY,ESCALATED,HIGH,
3708,2283,CRM00000003708,2026-06-24 18:59:59,BRANCH,ADVISORY,RESOLVED,MEDIUM,2.66
3709,2283,CRM00000003709,2025-10-13 00:59:20,EMAIL,PRODUCT_INQUIRY,RESOLVED,MEDIUM,8.27
3710,2283,CRM00000003710,2026-05-09 01:28:11,PHONE,DISPUTE,RESOLVED,HIGH,5.34
3711,2283,CRM00000003711,2025-11-13 19:46:39,CHAT,ADVISORY,IN_PROGRESS,MEDIUM,
3712,2284,CRM00000003712,2026-05-28 12:50:50,PHONE,RETENTION,ESCALATED,LOW,
3713,2285,CRM00000003713,2025-10-05 19:29:38,PHONE,COMPLAINT,RESOLVED,URGENT,9.08
3714,2285,CRM00000003714,2026-02-02 07:55:23,PHONE,PRODUCT_INQUIRY,IN_PROGRESS,MEDIUM,
3715,2286,CRM00000003715,2025-12-01 18:07:10,EMAIL,ADVISORY,RESOLVED,LOW,5.3
3716,2286,CRM00000003716,2026-06-24 23:31:22,PHONE,ADVISORY,RESOLVED,HIGH,9.04
3717,2286,CRM00000003717,2025-11-05 20:10:45,PHONE,PRODUCT_INQUIRY,RESOLVED,LOW,5.93
3718,2287,CRM00000003718,2026-07-31 09:22:07,CHAT,ADVISORY,OPEN,LOW,
3719,2288,CRM00000003719,2026-05-10 23:42:55,PHONE,ONBOARDING,RESOLVED,MEDIUM,7.26
3720,2289,CRM00000003720,2025-08-29 10:10:48,CHAT,PRODUCT_INQUIRY,RESOLVED,MEDIUM,9.76
3721,2289,CRM00000003721,2026-01-28 08:14:49,PHONE,ONBOARDING,RESOLVED,HIGH,9.32
3722,2290,CRM00000003722,2025-12-10 16:11:06,PHONE,PRODUCT_INQUIRY,RESOLVED,HIGH,4.17
3723,2290,CRM00000003723,2026-02-04 05:12:12,PHONE,COMPLAINT,RESOLVED,URGENT,16.4
3724,2291,CRM00000003724,2025-12-11 05:24:55,BRANCH,RETENTION,RESOLVED,LOW,13.07
3725,2292,CRM00000003725,2025-09-05 18:39:32,BRANCH,ONBOARDING,RESOLVED,HIGH,7.14
3726,2292,CRM00000003726,2026-07-26 13:46:39,CHAT,DISPUTE,RESOLVED,MEDIUM,8.93
3727,2292,CRM00000003727,2026-06-08 02:07:44,PHONE,RETENTION,RESOLVED,LOW,3.69
3728,2292,CRM00000003728,2026-04-20 15:07:29,EMAIL,RETENTION,IN_PROGRESS,MEDIUM,
3729,2294,CRM00000003729,2025-10-26 20:10:09,PHONE,PRODUCT_INQUIRY,RESOLVED,LOW,17.12
3730,2295,CRM00000003730,2025-11-18 16:36:11,PHONE,RETENTION,RESOLVED,LOW,15.33
3731,2296,CRM00000003731,2026-02-11 13:31:08,BRANCH,RETENTION,OPEN,MEDIUM,
3732,2296,CRM00000003732,2026-08-15 05:35:55,RM_VISIT,COMPLAINT,RESOLVED,MEDIUM,13.96
3733,2297,CRM00000003733,2026-01-20 20:13:41,EMAIL,RETENTION,RESOLVED,LOW,7.04
3734,2298,CRM00000003734,2025-09-17 08:26:04,RM_VISIT,PRODUCT_INQUIRY,RESOLVED,MEDIUM,11.72
3735,2298,CRM00000003735,2025-10-03 10:30:18,CHAT,RETENTION,IN_PROGRESS,MEDIUM,
3736,2299,CRM00000003736,2026-03-13 14:37:41,CHAT,PRODUCT_INQUIRY,RESOLVED,MEDIUM,10.27
3737,2300,CRM00000003737,2026-04-16 21:21:27,PHONE,RETENTION,RESOLVED,URGENT,6.67
3738,2300,CRM00000003738,2025-11-12 23:00:17,RM_VISIT,PRODUCT_INQUIRY,IN_PROGRESS,URGENT,
3739,2300,CRM00000003739,2026-06-24 23:09:26,PHONE,RETENTION,RESOLVED,HIGH,11.58
3740,2302,CRM00000003740,2025-11-07 03:18:26,PHONE,RETENTION,IN_PROGRESS,LOW,
3741,2302,CRM00000003741,2026-02-25 07:55:18,CHAT,RETENTION,RESOLVED,HIGH,1.79
3742,2302,CRM00000003742,2026-02-27 02:31:55,BRANCH,RETENTION,IN_PROGRESS,MEDIUM,
3743,2303,CRM00000003743,2025-09-23 10:23:02,CHAT,RETENTION,RESOLVED,LOW,13.4
3744,2303,CRM00000003744,2025-12-27 07:46:21,PHONE,COMPLAINT,RESOLVED,LOW,16.93
3745,2303,CRM00000003745,2025-11-18 22:11:34,PHONE,RETENTION,RESOLVED,HIGH,5.04
3746,2305,CRM00000003746,2026-01-05 06:29:00,PHONE,COMPLAINT,RESOLVED,MEDIUM,33.56
3747,2305,CRM00000003747,2026-07-01 00:08:50,EMAIL,RETENTION,RESOLVED,MEDIUM,2.17
3748,2305,CRM00000003748,2026-06-21 09:35:01,PHONE,COMPLAINT,RESOLVED,LOW,14.79
3749,2307,CRM00000003749,2026-05-27 23:57:56,PHONE,PRODUCT_INQUIRY,RESOLVED,LOW,14.75
3750,2307,CRM00000003750,2025-10-21 22:52:29,EMAIL,RETENTION,RESOLVED,HIGH,37.15
3751,2307,CRM00000003751,2025-10-29 16:29:05,PHONE,PRODUCT_INQUIRY,RESOLVED,MEDIUM,4.14
3752,2308,CRM00000003752,2026-06-01 01:24:15,CHAT,PRODUCT_INQUIRY,RESOLVED,MEDIUM,7.61
3753,2308,CRM00000003753,2025-10-17 01:51:59,PHONE,ADVISORY,OPEN,MEDIUM,
3754,2310,CRM00000003754,2025-09-16 19:07:49,PHONE,ADVISORY,ESCALATED,HIGH,
3755,2312,CRM00000003755,2025-10-20 21:55:40,PHONE,PRODUCT_INQUIRY,RESOLVED,MEDIUM,8.19
3756,2312,CRM00000003756,2025-10-15 12:31:28,PHONE,PRODUCT_INQUIRY,OPEN,LOW,
3757,2314,CRM00000003757,2025-10-24 09:47:48,CHAT,ONBOARDING,RESOLVED,LOW,3.56
3758,2314,CRM00000003758,2026-03-24 05:08:26,PHONE,DISPUTE,OPEN,HIGH,
3759,2315,CRM00000003759,2025-08-30 07:08:15,RM_VISIT,ADVISORY,RESOLVED,LOW,29.78
3760,2316,CRM00000003760,2025-11-17 21:42:03,PHONE,ADVISORY,OPEN,HIGH,
3761,2319,CRM00000003761,2026-05-19 14:07:52,PHONE,ADVISORY,RESOLVED,LOW,13.56
3762,2320,CRM00000003762,2026-08-24 02:38:01,EMAIL,DISPUTE,RESOLVED,HIGH,3.26
3763,2320,CRM00000003763,2025-09-10 09:30:35,CHAT,PRODUCT_INQUIRY,RESOLVED,MEDIUM,2.48
3764,2321,CRM00000003764,2026-07-01 11:44:25,CHAT,ONBOARDING,RESOLVED,HIGH,2.63
3765,2321,CRM00000003765,2026-01-16 17:09:15,CHAT,PRODUCT_INQUIRY,RESOLVED,MEDIUM,16.49
3766,2321,CRM00000003766,2025-10-21 18:10:10,EMAIL,PRODUCT_INQUIRY,RESOLVED,MEDIUM,4.77
3767,2322,CRM00000003767,2025-11-10 21:24:41,PHONE,COMPLAINT,OPEN,MEDIUM,
3768,2322,CRM00000003768,2026-04-25 16:34:27,PHONE,COMPLAINT,OPEN,MEDIUM,
3769,2322,CRM00000003769,2026-08-26 09:34:14,PHONE,PRODUCT_INQUIRY,RESOLVED,MEDIUM,8.74
3770,2323,CRM00000003770,2026-07-25 19:26:03,PHONE,COMPLAINT,RESOLVED,HIGH,19.33
3771,2323,CRM00000003771,2025-10-24 07:55:03,BRANCH,PRODUCT_INQUIRY,IN_PROGRESS,HIGH,
3772,2324,CRM00000003772,2026-03-12 03:52:30,BRANCH,PRODUCT_INQUIRY,RESOLVED,MEDIUM,10.47
3773,2324,CRM00000003773,2026-02-18 12:28:41,RM_VISIT,RETENTION,RESOLVED,MEDIUM,19.08
3774,2324,CRM00000003774,2026-01-14 20:56:56,PHONE,COMPLAINT,RESOLVED,LOW,9.6
3775,2326,CRM00000003775,2025-12-01 09:33:54,BRANCH,RETENTION,RESOLVED,MEDIUM,11.68
3776,2326,CRM00000003776,2025-09-15 18:24:06,PHONE,PRODUCT_INQUIRY,RESOLVED,LOW,13.19
3777,2327,CRM00000003777,2026-03-21 05:38:28,CHAT,RETENTION,OPEN,LOW,
3778,2329,CRM00000003778,2026-07-01 07:13:03,CHAT,RETENTION,RESOLVED,LOW,3.52
3779,2330,CRM00000003779,2025-12-05 02:34:00,PHONE,PRODUCT_INQUIRY,OPEN,LOW,
3780,2332,CRM00000003780,2026-07-03 13:45:16,EMAIL,ADVISORY,RESOLVED,HIGH,34.22
3781,2332,CRM00000003781,2026-01-03 11:55:22,PHONE,PRODUCT_INQUIRY,RESOLVED,LOW,35.54
3782,2334,CRM00000003782,2025-12-11 15:32:15,PHONE,RETENTION,RESOLVED,URGENT,1.51
3783,2334,CRM00000003783,2026-02-22 14:19:31,PHONE,ADVISORY,ESCALATED,LOW,
3784,2335,CRM00000003784,2026-06-29 20:14:50,BRANCH,PRODUCT_INQUIRY,RESOLVED,HIGH,13.35
3785,2336,CRM00000003785,2026-04-22 08:56:11,EMAIL,RETENTION,ESCALATED,MEDIUM,
3786,2339,CRM00000003786,2025-12-12 12:30:58,RM_VISIT,ONBOARDING,RESOLVED,LOW,8.42
3787,2339,CRM00000003787,2025-09-17 16:25:42,PHONE,COMPLAINT,RESOLVED,HIGH,18.45
3788,2340,CRM00000003788,2026-08-02 12:55:53,EMAIL,ONBOARDING,RESOLVED,MEDIUM,14.78
3789,2340,CRM00000003789,2025-10-03 18:02:51,CHAT,COMPLAINT,RESOLVED,LOW,2.52
3790,2341,CRM00000003790,2025-08-28 23:57:43,EMAIL,RETENTION,RESOLVED,MEDIUM,2.0
3791,2341,CRM00000003791,2026-07-02 04:59:03,EMAIL,DISPUTE,RESOLVED,LOW,9.04
3792,2342,CRM00000003792,2026-01-09 00:45:30,PHONE,RETENTION,OPEN,MEDIUM,
3793,2343,CRM00000003793,2026-01-08 13:27:01,RM_VISIT,RETENTION,RESOLVED,URGENT,7.66
3794,2343,CRM00000003794,2026-06-15 03:17:20,PHONE,RETENTION,IN_PROGRESS,MEDIUM,
3795,2344,CRM00000003795,2025-11-11 16:42:48,PHONE,DISPUTE,RESOLVED,MEDIUM,10.89
3796,2344,CRM00000003796,2026-05-15 06:51:41,EMAIL,COMPLAINT,RESOLVED,MEDIUM,16.39
3797,2344,CRM00000003797,2025-10-18 04:41:21,PHONE,PRODUCT_INQUIRY,RESOLVED,HIGH,7.45
3798,2345,CRM00000003798,2026-05-12 09:44:36,EMAIL,COMPLAINT,RESOLVED,MEDIUM,20.33
3799,2345,CRM00000003799,2026-06-08 03:33:45,BRANCH,ADVISORY,RESOLVED,MEDIUM,4.92
3800,2345,CRM00000003800,2026-02-07 01:59:21,PHONE,RETENTION,RESOLVED,MEDIUM,3.06
3801,2346,CRM00000003801,2026-08-01 13:26:23,EMAIL,RETENTION,RESOLVED,MEDIUM,6.94
3802,2347,CRM00000003802,2026-03-29 00:25:55,CHAT,PRODUCT_INQUIRY,IN_PROGRESS,MEDIUM,
3803,2347,CRM00000003803,2025-12-18 08:41:27,PHONE,DISPUTE,RESOLVED,LOW,2.4
3804,2348,CRM00000003804,2026-04-24 00:01:59,PHONE,ADVISORY,RESOLVED,LOW,8.32
3805,2349,CRM00000003805,2026-04-10 13:10:23,EMAIL,RETENTION,RESOLVED,URGENT,1.38
3806,2349,CRM00000003806,2026-07-15 03:57:49,CHAT,PRODUCT_INQUIRY,RESOLVED,HIGH,9.25
3807,2349,CRM00000003807,2026-05-21 05:06:56,BRANCH,RETENTION,RESOLVED,MEDIUM,20.66
3808,2350,CRM00000003808,2025-12-08 21:41:07,EMAIL,COMPLAINT,IN_PROGRESS,MEDIUM,
3809,2351,CRM00000003809,2026-04-03 20:23:06,PHONE,COMPLAINT,IN_PROGRESS,LOW,
3810,2352,CRM00000003810,2026-08-03 23:06:28,PHONE,ONBOARDING,IN_PROGRESS,HIGH,
3811,2353,CRM00000003811,2026-07-14 14:49:51,BRANCH,COMPLAINT,RESOLVED,URGENT,7.71
3812,2355,CRM00000003812,2025-10-19 18:45:53,BRANCH,RETENTION,RESOLVED,MEDIUM,10.38
3813,2355,CRM00000003813,2026-07-10 09:47:29,EMAIL,ADVISORY,IN_PROGRESS,LOW,
3814,2355,CRM00000003814,2026-05-11 16:39:27,EMAIL,ADVISORY,RESOLVED,MEDIUM,7.92
3815,2357,CRM00000003815,2025-09-27 04:41:01,PHONE,PRODUCT_INQUIRY,RESOLVED,HIGH,22.28
3816,2357,CRM00000003816,2025-11-26 02:08:55,BRANCH,PRODUCT_INQUIRY,IN_PROGRESS,MEDIUM,
3817,2359,CRM00000003817,2026-04-02 05:01:54,PHONE,ADVISORY,RESOLVED,LOW,6.57
3818,2359,CRM00000003818,2025-10-29 08:26:48,EMAIL,COMPLAINT,IN_PROGRESS,URGENT,
3819,2362,CRM00000003819,2025-09-17 15:09:07,PHONE,RETENTION,RESOLVED,HIGH,5.12
3820,2362,CRM00000003820,2026-07-23 22:40:24,PHONE,PRODUCT_INQUIRY,RESOLVED,MEDIUM,19.71
3821,2363,CRM00000003821,2025-09-04 04:02:48,BRANCH,COMPLAINT,IN_PROGRESS,MEDIUM,
3822,2363,CRM00000003822,2026-03-22 16:47:00,PHONE,RETENTION,RESOLVED,HIGH,19.72
3823,2364,CRM00000003823,2025-11-04 06:30:34,EMAIL,ADVISORY,RESOLVED,MEDIUM,7.6
3824,2364,CRM00000003824,2025-12-16 00:42:21,EMAIL,ADVISORY,RESOLVED,MEDIUM,16.25
3825,2365,CRM00000003825,2026-04-07 18:22:00,EMAIL,RETENTION,RESOLVED,MEDIUM,6.67
3826,2365,CRM00000003826,2026-05-17 10:52:57,PHONE,RETENTION,RESOLVED,URGENT,0.28
3827,2365,CRM00000003827,2025-09-26 09:41:38,EMAIL,RETENTION,RESOLVED,LOW,22.48
3828,2365,CRM00000003828,2026-06-09 00:09:01,PHONE,RETENTION,RESOLVED,HIGH,7.47
3829,2365,CRM00000003829,2026-05-08 05:39:30,BRANCH,RETENTION,IN_PROGRESS,MEDIUM,
3830,2366,CRM00000003830,2025-12-01 11:43:35,PHONE,COMPLAINT,OPEN,MEDIUM,
3831,2366,CRM00000003831,2026-08-13 12:20:02,PHONE,RETENTION,RESOLVED,LOW,8.0
3832,2366,CRM00000003832,2025-11-20 12:22:28,EMAIL,ADVISORY,RESOLVED,MEDIUM,2.24
3833,2366,CRM00000003833,2026-02-09 21:59:10,BRANCH,RETENTION,RESOLVED,LOW,4.33
3834,2366,CRM00000003834,2026-04-21 15:25:09,PHONE,RETENTION,OPEN,URGENT,
3835,2367,CRM00000003835,2025-12-07 16:23:04,PHONE,ONBOARDING,OPEN,MEDIUM,
3836,2367,CRM00000003836,2026-08-18 15:26:41,CHAT,COMPLAINT,RESOLVED,MEDIUM,4.87
3837,2367,CRM00000003837,2025-10-12 08:31:57,EMAIL,COMPLAINT,RESOLVED,MEDIUM,12.56
3838,2368,CRM00000003838,2026-04-05 02:30:26,EMAIL,PRODUCT_INQUIRY,RESOLVED,MEDIUM,11.89
3839,2368,CRM00000003839,2026-07-12 08:05:58,PHONE,ADVISORY,OPEN,MEDIUM,
3840,2368,CRM00000003840,2026-04-11 08:42:40,EMAIL,DISPUTE,RESOLVED,MEDIUM,18.87
3841,2368,CRM00000003841,2025-11-10 21:47:36,PHONE,COMPLAINT,IN_PROGRESS,HIGH,
3842,2369,CRM00000003842,2026-05-16 23:06:51,CHAT,RETENTION,RESOLVED,MEDIUM,5.77
3843,2370,CRM00000003843,2026-08-10 19:14:26,PHONE,COMPLAINT,ESCALATED,LOW,
3844,2371,CRM00000003844,2025-10-29 21:10:27,BRANCH,RETENTION,RESOLVED,MEDIUM,16.95
3845,2371,CRM00000003845,2026-03-16 02:45:43,CHAT,ADVISORY,RESOLVED,MEDIUM,20.66
3846,2372,CRM00000003846,2026-06-18 06:18:46,PHONE,ADVISORY,RESOLVED,MEDIUM,9.68
3847,2372,CRM00000003847,2026-05-19 05:53:46,EMAIL,ADVISORY,ESCALATED,LOW,
3848,2373,CRM00000003848,2025-10-14 03:35:33,PHONE,PRODUCT_INQUIRY,RESOLVED,URGENT,22.58
3849,2375,CRM00000003849,2026-08-11 23:39:42,CHAT,DISPUTE,RESOLVED,MEDIUM,6.81
3850,2375,CRM00000003850,2025-09-02 13:42:08,PHONE,COMPLAINT,RESOLVED,HIGH,25.62
3851,2376,CRM00000003851,2025-11-03 09:15:52,EMAIL,COMPLAINT,IN_PROGRESS,HIGH,
3852,2376,CRM00000003852,2026-05-16 18:13:12,CHAT,ONBOARDING,IN_PROGRESS,URGENT,
3853,2376,CRM00000003853,2026-01-20 16:10:50,BRANCH,PRODUCT_INQUIRY,IN_PROGRESS,MEDIUM,
3854,2377,CRM00000003854,2026-07-09 13:23:19,PHONE,RETENTION,RESOLVED,MEDIUM,14.17
3855,2378,CRM00000003855,2025-08-28 09:31:03,PHONE,COMPLAINT,RESOLVED,LOW,5.6
3856,2379,CRM00000003856,2025-09-07 00:34:29,PHONE,PRODUCT_INQUIRY,RESOLVED,MEDIUM,20.81
3857,2379,CRM00000003857,2025-12-13 10:00:43,PHONE,ONBOARDING,RESOLVED,LOW,12.84
3858,2379,CRM00000003858,2026-01-05 13:18:00,PHONE,PRODUCT_INQUIRY,RESOLVED,MEDIUM,2.94
3859,2380,CRM00000003859,2026-04-17 14:35:47,PHONE,ONBOARDING,IN_PROGRESS,MEDIUM,
3860,2380,CRM00000003860,2026-02-12 17:43:27,EMAIL,RETENTION,OPEN,URGENT,
3861,2380,CRM00000003861,2026-05-02 09:40:39,RM_VISIT,RETENTION,RESOLVED,URGENT,5.91
3862,2380,CRM00000003862,2025-10-28 14:24:11,PHONE,RETENTION,RESOLVED,LOW,7.75
3863,2380,CRM00000003863,2025-10-05 10:49:23,PHONE,ADVISORY,RESOLVED,MEDIUM,27.2
3864,2381,CRM00000003864,2025-09-27 20:55:59,PHONE,PRODUCT_INQUIRY,RESOLVED,MEDIUM,10.51
3865,2381,CRM00000003865,2026-02-06 15:03:54,BRANCH,PRODUCT_INQUIRY,OPEN,LOW,
3866,2383,CRM00000003866,2026-07-23 02:18:48,EMAIL,ADVISORY,IN_PROGRESS,MEDIUM,
3867,2383,CRM00000003867,2026-08-16 00:14:01,CHAT,ADVISORY,RESOLVED,LOW,24.66
3868,2384,CRM00000003868,2026-01-24 17:34:20,EMAIL,DISPUTE,RESOLVED,HIGH,8.51
3869,2384,CRM00000003869,2025-12-02 06:46:52,BRANCH,ADVISORY,ESCALATED,MEDIUM,
3870,2386,CRM00000003870,2026-03-12 07:26:49,CHAT,ADVISORY,IN_PROGRESS,LOW,
3871,2386,CRM00000003871,2026-01-19 11:11:07,EMAIL,PRODUCT_INQUIRY,RESOLVED,LOW,7.5
3872,2387,CRM00000003872,2025-09-07 21:42:02,EMAIL,ADVISORY,RESOLVED,MEDIUM,15.78
3873,2388,CRM00000003873,2026-03-11 18:38:20,PHONE,PRODUCT_INQUIRY,ESCALATED,LOW,
3874,2389,CRM00000003874,2026-06-29 19:49:27,EMAIL,RETENTION,RESOLVED,HIGH,21.88
3875,2389,CRM00000003875,2026-05-19 13:55:12,PHONE,RETENTION,OPEN,LOW,
3876,2389,CRM00000003876,2025-09-09 07:24:50,EMAIL,RETENTION,RESOLVED,MEDIUM,10.85
3877,2390,CRM00000003877,2025-12-08 20:29:02,PHONE,ADVISORY,ESCALATED,HIGH,
3878,2390,CRM00000003878,2026-01-20 23:12:07,BRANCH,COMPLAINT,RESOLVED,MEDIUM,10.84
3879,2391,CRM00000003879,2026-04-25 23:31:50,CHAT,ONBOARDING,RESOLVED,HIGH,14.52
3880,2391,CRM00000003880,2026-01-11 19:50:54,PHONE,ONBOARDING,RESOLVED,LOW,6.71
3881,2392,CRM00000003881,2026-06-09 03:06:53,RM_VISIT,RETENTION,RESOLVED,MEDIUM,14.04
3882,2392,CRM00000003882,2025-11-06 04:36:11,BRANCH,RETENTION,RESOLVED,HIGH,4.35
3883,2392,CRM00000003883,2026-04-27 17:00:36,EMAIL,RETENTION,RESOLVED,MEDIUM,21.99
3884,2392,CRM00000003884,2025-08-31 23:34:37,CHAT,RETENTION,RESOLVED,MEDIUM,6.8
3885,2392,CRM00000003885,2026-08-13 00:52:30,BRANCH,RETENTION,RESOLVED,LOW,11.45
3886,2393,CRM00000003886,2026-07-18 14:25:07,PHONE,RETENTION,RESOLVED,MEDIUM,11.21
3887,2393,CRM00000003887,2026-01-26 22:38:16,PHONE,ADVISORY,RESOLVED,LOW,11.26
3888,2394,CRM00000003888,2025-08-29 02:53:20,PHONE,COMPLAINT,OPEN,HIGH,
3889,2394,CRM00000003889,2025-11-22 00:58:29,EMAIL,COMPLAINT,RESOLVED,MEDIUM,7.75
3890,2394,CRM00000003890,2026-03-03 08:01:06,CHAT,RETENTION,RESOLVED,LOW,1.75
3891,2394,CRM00000003891,2025-12-05 09:58:00,PHONE,ADVISORY,RESOLVED,MEDIUM,17.51
3892,2394,CRM00000003892,2025-09-27 15:12:11,PHONE,DISPUTE,RESOLVED,LOW,20.12
3893,2394,CRM00000003893,2026-07-04 07:34:01,BRANCH,PRODUCT_INQUIRY,RESOLVED,MEDIUM,5.22
3894,2395,CRM00000003894,2026-08-11 17:26:22,RM_VISIT,PRODUCT_INQUIRY,OPEN,HIGH,
3895,2397,CRM00000003895,2026-04-01 20:19:28,PHONE,RETENTION,RESOLVED,LOW,2.48
3896,2397,CRM00000003896,2025-12-19 13:12:39,CHAT,ONBOARDING,RESOLVED,LOW,22.35
3897,2397,CRM00000003897,2026-05-22 14:23:39,EMAIL,PRODUCT_INQUIRY,IN_PROGRESS,MEDIUM,
3898,2397,CRM00000003898,2025-12-13 16:09:33,PHONE,COMPLAINT,RESOLVED,MEDIUM,2.35
3899,2398,CRM00000003899,2026-04-05 23:50:51,PHONE,ADVISORY,RESOLVED,MEDIUM,6.55
3900,2398,CRM00000003900,2025-10-23 00:53:27,PHONE,ADVISORY,RESOLVED,URGENT,34.29
3901,2398,CRM00000003901,2025-12-04 16:53:17,CHAT,RETENTION,RESOLVED,LOW,7.99
3902,2398,CRM00000003902,2026-08-25 03:19:14,EMAIL,COMPLAINT,RESOLVED,MEDIUM,17.35
3903,2398,CRM00000003903,2025-11-10 11:45:56,PHONE,DISPUTE,RESOLVED,MEDIUM,2.33
3904,2399,CRM00000003904,2026-01-26 11:45:28,BRANCH,COMPLAINT,RESOLVED,HIGH,23.85
3905,2399,CRM00000003905,2026-08-25 09:00:41,EMAIL,DISPUTE,IN_PROGRESS,MEDIUM,
3906,2400,CRM00000003906,2025-10-10 05:19:15,PHONE,DISPUTE,IN_PROGRESS,MEDIUM,
3907,2401,CRM00000003907,2026-01-29 18:52:05,RM_VISIT,PRODUCT_INQUIRY,RESOLVED,LOW,20.53
3908,2401,CRM00000003908,2025-12-12 20:52:53,PHONE,ONBOARDING,ESCALATED,MEDIUM,
3909,2401,CRM00000003909,2026-08-25 02:44:06,EMAIL,COMPLAINT,OPEN,LOW,
3910,2402,CRM00000003910,2026-06-08 22:19:05,RM_VISIT,RETENTION,RESOLVED,LOW,10.5
3911,2403,CRM00000003911,2026-02-20 00:15:28,PHONE,ONBOARDING,RESOLVED,MEDIUM,6.49
3912,2403,CRM00000003912,2026-07-31 14:19:51,EMAIL,COMPLAINT,RESOLVED,HIGH,8.61
3913,2403,CRM00000003913,2025-10-12 17:26:15,PHONE,PRODUCT_INQUIRY,IN_PROGRESS,MEDIUM,
3914,2404,CRM00000003914,2025-11-04 17:41:30,PHONE,ADVISORY,ESCALATED,URGENT,
3915,2407,CRM00000003915,2026-06-08 16:56:27,CHAT,PRODUCT_INQUIRY,RESOLVED,MEDIUM,10.42
3916,2408,CRM00000003916,2026-08-22 18:23:46,PHONE,PRODUCT_INQUIRY,RESOLVED,LOW,1.94
3917,2409,CRM00000003917,2025-11-26 02:18:41,EMAIL,PRODUCT_INQUIRY,RESOLVED,MEDIUM,11.47
3918,2409,CRM00000003918,2026-04-20 18:25:04,PHONE,ADVISORY,IN_PROGRESS,LOW,
3919,2410,CRM00000003919,2026-07-16 06:32:09,RM_VISIT,PRODUCT_INQUIRY,RESOLVED,HIGH,9.46
3920,2410,CRM00000003920,2026-07-25 16:36:27,PHONE,RETENTION,RESOLVED,LOW,9.59
3921,2411,CRM00000003921,2026-04-28 11:42:37,PHONE,RETENTION,RESOLVED,HIGH,6.65
3922,2411,CRM00000003922,2026-01-06 02:48:11,EMAIL,RETENTION,RESOLVED,LOW,6.21
3923,2411,CRM00000003923,2026-02-17 11:43:25,EMAIL,RETENTION,RESOLVED,LOW,5.05
3924,2411,CRM00000003924,2026-01-25 23:23:58,RM_VISIT,RETENTION,RESOLVED,MEDIUM,16.59
3925,2411,CRM00000003925,2026-05-21 13:27:11,BRANCH,PRODUCT_INQUIRY,RESOLVED,MEDIUM,13.82
3926,2413,CRM00000003926,2026-06-26 13:26:19,PHONE,PRODUCT_INQUIRY,RESOLVED,MEDIUM,2.27
3927,2413,CRM00000003927,2026-03-10 08:20:09,PHONE,ADVISORY,RESOLVED,LOW,15.12
3928,2414,CRM00000003928,2025-08-31 02:41:46,BRANCH,RETENTION,RESOLVED,HIGH,9.4
3929,2415,CRM00000003929,2026-03-28 08:14:54,CHAT,PRODUCT_INQUIRY,RESOLVED,LOW,11.18
3930,2416,CRM00000003930,2026-04-17 13:49:10,BRANCH,RETENTION,RESOLVED,LOW,6.69
3931,2416,CRM00000003931,2026-05-26 18:07:03,BRANCH,DISPUTE,RESOLVED,MEDIUM,0.11
3932,2416,CRM00000003932,2025-12-12 14:51:00,EMAIL,ADVISORY,RESOLVED,MEDIUM,2.0
3933,2416,CRM00000003933,2026-01-10 06:19:31,CHAT,ONBOARDING,OPEN,LOW,
3934,2416,CRM00000003934,2026-03-05 03:59:18,RM_VISIT,PRODUCT_INQUIRY,IN_PROGRESS,LOW,
3935,2417,CRM00000003935,2025-10-23 19:21:54,PHONE,PRODUCT_INQUIRY,RESOLVED,MEDIUM,7.75
3936,2419,CRM00000003936,2025-12-19 19:05:12,EMAIL,ADVISORY,RESOLVED,LOW,13.19
3937,2419,CRM00000003937,2025-09-26 23:37:34,PHONE,PRODUCT_INQUIRY,RESOLVED,LOW,12.44
3938,2420,CRM00000003938,2026-02-02 13:20:05,CHAT,DISPUTE,RESOLVED,HIGH,2.37
3939,2420,CRM00000003939,2025-12-05 11:33:09,EMAIL,RETENTION,RESOLVED,LOW,11.46
3940,2421,CRM00000003940,2026-06-27 17:18:01,PHONE,PRODUCT_INQUIRY,RESOLVED,LOW,4.64
3941,2421,CRM00000003941,2025-12-15 22:33:41,EMAIL,ADVISORY,RESOLVED,URGENT,20.21
3942,2424,CRM00000003942,2026-02-15 09:21:37,PHONE,COMPLAINT,RESOLVED,HIGH,18.08
3943,2424,CRM00000003943,2026-02-16 09:01:54,BRANCH,PRODUCT_INQUIRY,RESOLVED,HIGH,10.0
3944,2424,CRM00000003944,2026-07-13 23:05:27,BRANCH,PRODUCT_INQUIRY,IN_PROGRESS,HIGH,
3945,2426,CRM00000003945,2026-01-01 20:40:32,CHAT,DISPUTE,RESOLVED,URGENT,6.73
3946,2426,CRM00000003946,2025-09-07 13:42:10,PHONE,COMPLAINT,RESOLVED,HIGH,8.32
3947,2426,CRM00000003947,2025-12-24 23:57:57,BRANCH,DISPUTE,IN_PROGRESS,HIGH,
3948,2426,CRM00000003948,2025-09-09 00:55:05,PHONE,COMPLAINT,RESOLVED,LOW,13.8
3949,2427,CRM00000003949,2025-09-25 05:53:39,PHONE,DISPUTE,RESOLVED,HIGH,10.46
3950,2427,CRM00000003950,2026-03-05 07:53:13,BRANCH,RETENTION,RESOLVED,MEDIUM,7.18
3951,2427,CRM00000003951,2025-11-07 06:45:28,EMAIL,PRODUCT_INQUIRY,RESOLVED,LOW,7.95
3952,2428,CRM00000003952,2026-07-10 06:27:18,BRANCH,ONBOARDING,RESOLVED,URGENT,13.05
3953,2428,CRM00000003953,2026-06-28 16:44:48,PHONE,ADVISORY,OPEN,MEDIUM,
3954,2429,CRM00000003954,2025-12-29 05:59:46,PHONE,COMPLAINT,IN_PROGRESS,MEDIUM,
3955,2430,CRM00000003955,2025-11-14 03:27:22,PHONE,RETENTION,ESCALATED,HIGH,
3956,2431,CRM00000003956,2026-05-12 19:51:05,PHONE,ONBOARDING,RESOLVED,MEDIUM,13.88
3957,2432,CRM00000003957,2025-09-07 20:48:13,EMAIL,RETENTION,RESOLVED,HIGH,12.11
3958,2432,CRM00000003958,2025-12-17 00:45:19,PHONE,RETENTION,RESOLVED,LOW,19.92
3959,2433,CRM00000003959,2026-07-30 09:14:15,CHAT,ADVISORY,RESOLVED,MEDIUM,6.28
3960,2433,CRM00000003960,2026-05-19 00:28:18,PHONE,PRODUCT_INQUIRY,RESOLVED,MEDIUM,21.59
3961,2434,CRM00000003961,2026-08-14 06:40:27,PHONE,COMPLAINT,RESOLVED,LOW,13.56
3962,2434,CRM00000003962,2026-03-23 02:59:08,PHONE,PRODUCT_INQUIRY,IN_PROGRESS,HIGH,
3963,2435,CRM00000003963,2026-07-04 00:31:42,PHONE,RETENTION,RESOLVED,MEDIUM,6.64
3964,2436,CRM00000003964,2026-07-24 13:38:06,PHONE,PRODUCT_INQUIRY,RESOLVED,MEDIUM,13.57
3965,2437,CRM00000003965,2025-11-09 11:09:26,EMAIL,DISPUTE,IN_PROGRESS,MEDIUM,
3966,2437,CRM00000003966,2026-04-04 18:45:52,BRANCH,RETENTION,RESOLVED,HIGH,16.91
3967,2438,CRM00000003967,2025-11-24 15:59:22,BRANCH,PRODUCT_INQUIRY,RESOLVED,LOW,11.39
3968,2438,CRM00000003968,2026-08-08 02:48:58,PHONE,ONBOARDING,RESOLVED,LOW,9.68
3969,2438,CRM00000003969,2025-11-10 14:25:13,CHAT,RETENTION,RESOLVED,LOW,11.43
3970,2438,CRM00000003970,2026-03-10 14:23:08,BRANCH,RETENTION,IN_PROGRESS,MEDIUM,
3971,2438,CRM00000003971,2025-10-01 17:03:31,PHONE,RETENTION,RESOLVED,HIGH,11.36
3972,2439,CRM00000003972,2026-01-24 07:07:49,PHONE,COMPLAINT,IN_PROGRESS,MEDIUM,
3973,2439,CRM00000003973,2025-11-22 06:04:54,EMAIL,PRODUCT_INQUIRY,RESOLVED,LOW,13.7
3974,2440,CRM00000003974,2025-12-04 07:23:26,EMAIL,RETENTION,OPEN,MEDIUM,
3975,2441,CRM00000003975,2026-04-13 00:29:40,EMAIL,COMPLAINT,IN_PROGRESS,LOW,
3976,2441,CRM00000003976,2026-01-18 17:26:11,PHONE,ONBOARDING,OPEN,HIGH,
3977,2441,CRM00000003977,2026-04-14 05:09:12,BRANCH,DISPUTE,ESCALATED,HIGH,
3978,2442,CRM00000003978,2026-02-21 19:48:40,EMAIL,COMPLAINT,RESOLVED,LOW,13.96
3979,2442,CRM00000003979,2026-03-10 22:52:29,EMAIL,PRODUCT_INQUIRY,ESCALATED,LOW,
3980,2443,CRM00000003980,2026-05-07 20:32:53,PHONE,COMPLAINT,RESOLVED,HIGH,21.11
3981,2444,CRM00000003981,2025-11-02 18:13:06,PHONE,PRODUCT_INQUIRY,RESOLVED,LOW,21.61
3982,2445,CRM00000003982,2026-08-23 00:13:01,PHONE,DISPUTE,RESOLVED,HIGH,9.24
3983,2445,CRM00000003983,2026-01-04 14:12:27,CHAT,ONBOARDING,IN_PROGRESS,MEDIUM,
3984,2445,CRM00000003984,2026-08-10 15:50:39,RM_VISIT,PRODUCT_INQUIRY,RESOLVED,MEDIUM,8.27
3985,2446,CRM00000003985,2026-07-18 03:16:13,PHONE,ADVISORY,RESOLVED,MEDIUM,29.82
3986,2446,CRM00000003986,2025-09-24 01:24:36,BRANCH,ONBOARDING,IN_PROGRESS,URGENT,
3987,2446,CRM00000003987,2026-08-20 01:08:09,PHONE,RETENTION,OPEN,MEDIUM,
3988,2447,CRM00000003988,2026-05-01 03:06:46,PHONE,ONBOARDING,ESCALATED,MEDIUM,
3989,2447,CRM00000003989,2026-02-17 22:47:32,EMAIL,RETENTION,RESOLVED,MEDIUM,23.75
3990,2448,CRM00000003990,2026-05-17 07:11:01,PHONE,PRODUCT_INQUIRY,RESOLVED,MEDIUM,3.04
3991,2448,CRM00000003991,2026-07-15 15:18:37,BRANCH,COMPLAINT,RESOLVED,MEDIUM,7.32
3992,2448,CRM00000003992,2025-10-25 18:11:15,PHONE,ADVISORY,RESOLVED,LOW,1.42
3993,2449,CRM00000003993,2026-07-28 14:14:42,PHONE,COMPLAINT,RESOLVED,LOW,11.5
3994,2449,CRM00000003994,2026-05-25 17:54:55,EMAIL,DISPUTE,OPEN,MEDIUM,
3995,2449,CRM00000003995,2025-10-22 09:14:28,RM_VISIT,ADVISORY,ESCALATED,LOW,
3996,2449,CRM00000003996,2026-01-18 02:51:49,PHONE,PRODUCT_INQUIRY,OPEN,MEDIUM,
3997,2451,CRM00000003997,2025-10-30 18:32:07,BRANCH,DISPUTE,RESOLVED,HIGH,23.27
3998,2451,CRM00000003998,2025-11-19 10:59:53,BRANCH,PRODUCT_INQUIRY,RESOLVED,LOW,28.88
3999,2451,CRM00000003999,2026-07-01 22:07:13,CHAT,RETENTION,RESOLVED,LOW,1.46
4000,2451,CRM00000004000,2025-11-06 16:23:13,PHONE,RETENTION,RESOLVED,URGENT,1.14
4001,2452,CRM00000004001,2026-01-14 01:24:21,PHONE,PRODUCT_INQUIRY,IN_PROGRESS,MEDIUM,
4002,2452,CRM00000004002,2025-11-18 23:30:10,CHAT,RETENTION,RESOLVED,MEDIUM,2.53
4003,2452,CRM00000004003,2025-12-15 06:45:41,EMAIL,RETENTION,ESCALATED,MEDIUM,
4004,2453,CRM00000004004,2026-06-10 15:57:15,EMAIL,ADVISORY,RESOLVED,MEDIUM,23.14
4005,2453,CRM00000004005,2026-08-03 15:01:36,EMAIL,RETENTION,RESOLVED,MEDIUM,5.95
4006,2453,CRM00000004006,2026-02-09 03:55:06,PHONE,RETENTION,RESOLVED,MEDIUM,1.24
4007,2454,CRM00000004007,2026-05-27 21:15:24,EMAIL,COMPLAINT,RESOLVED,MEDIUM,19.85
4008,2455,CRM00000004008,2025-11-16 11:52:07,EMAIL,ONBOARDING,IN_PROGRESS,MEDIUM,
4009,2455,CRM00000004009,2026-04-17 13:18:50,EMAIL,ADVISORY,RESOLVED,MEDIUM,32.7
4010,2456,CRM00000004010,2026-03-06 21:29:44,PHONE,DISPUTE,RESOLVED,MEDIUM,25.45
4011,2456,CRM00000004011,2026-03-18 10:47:29,RM_VISIT,PRODUCT_INQUIRY,IN_PROGRESS,HIGH,
4012,2458,CRM00000004012,2026-01-08 16:23:17,PHONE,COMPLAINT,RESOLVED,LOW,18.95
4013,2458,CRM00000004013,2026-02-05 23:24:00,PHONE,PRODUCT_INQUIRY,RESOLVED,MEDIUM,18.41
4014,2459,CRM00000004014,2026-06-16 04:32:04,EMAIL,PRODUCT_INQUIRY,RESOLVED,MEDIUM,9.1
4015,2460,CRM00000004015,2025-08-28 06:14:53,EMAIL,PRODUCT_INQUIRY,RESOLVED,LOW,4.17
4016,2461,CRM00000004016,2026-08-21 23:55:13,EMAIL,ADVISORY,RESOLVED,LOW,13.89
4017,2462,CRM00000004017,2026-08-09 03:42:50,CHAT,RETENTION,IN_PROGRESS,MEDIUM,
4018,2463,CRM00000004018,2026-06-13 19:03:27,BRANCH,DISPUTE,RESOLVED,LOW,13.06
4019,2463,CRM00000004019,2026-01-07 01:59:55,EMAIL,ADVISORY,OPEN,HIGH,
4020,2463,CRM00000004020,2025-10-15 02:40:19,CHAT,ADVISORY,RESOLVED,MEDIUM,15.92
4021,2463,CRM00000004021,2025-11-14 08:50:56,CHAT,COMPLAINT,OPEN,MEDIUM,
4022,2463,CRM00000004022,2026-04-16 23:46:50,PHONE,DISPUTE,RESOLVED,LOW,4.72
4023,2465,CRM00000004023,2026-07-18 22:00:45,RM_VISIT,ONBOARDING,RESOLVED,LOW,7.58
4024,2465,CRM00000004024,2026-02-28 15:25:49,CHAT,COMPLAINT,OPEN,LOW,
4025,2465,CRM00000004025,2026-05-11 03:17:25,PHONE,ADVISORY,RESOLVED,HIGH,2.49
4026,2466,CRM00000004026,2026-08-24 17:06:53,BRANCH,RETENTION,RESOLVED,URGENT,2.92
4027,2466,CRM00000004027,2025-11-11 22:24:19,CHAT,PRODUCT_INQUIRY,RESOLVED,HIGH,3.81
4028,2466,CRM00000004028,2026-07-07 19:46:36,PHONE,PRODUCT_INQUIRY,RESOLVED,MEDIUM,3.5
4029,2467,CRM00000004029,2026-05-15 17:16:07,PHONE,PRODUCT_INQUIRY,RESOLVED,MEDIUM,12.4
4030,2468,CRM00000004030,2026-04-15 00:37:07,BRANCH,PRODUCT_INQUIRY,ESCALATED,URGENT,
4031,2470,CRM00000004031,2026-02-25 02:37:25,EMAIL,COMPLAINT,RESOLVED,MEDIUM,2.52
4032,2470,CRM00000004032,2026-01-16 09:37:17,PHONE,COMPLAINT,OPEN,HIGH,
4033,2472,CRM00000004033,2026-03-18 19:05:35,PHONE,PRODUCT_INQUIRY,RESOLVED,MEDIUM,15.55
4034,2473,CRM00000004034,2025-11-16 16:35:58,PHONE,ADVISORY,RESOLVED,LOW,8.18
4035,2474,CRM00000004035,2026-07-17 11:33:40,EMAIL,COMPLAINT,RESOLVED,LOW,6.68
4036,2474,CRM00000004036,2026-07-13 00:10:20,EMAIL,DISPUTE,RESOLVED,MEDIUM,6.15
4037,2475,CRM00000004037,2026-06-06 12:41:00,PHONE,DISPUTE,RESOLVED,MEDIUM,10.29
4038,2476,CRM00000004038,2026-08-02 22:37:31,EMAIL,ADVISORY,ESCALATED,HIGH,
4039,2476,CRM00000004039,2025-12-18 18:56:09,PHONE,COMPLAINT,OPEN,LOW,
4040,2477,CRM00000004040,2026-07-08 17:51:59,PHONE,COMPLAINT,RESOLVED,LOW,6.58
4041,2479,CRM00000004041,2025-09-05 12:17:36,RM_VISIT,PRODUCT_INQUIRY,IN_PROGRESS,LOW,
4042,2481,CRM00000004042,2025-09-30 02:39:01,EMAIL,ONBOARDING,RESOLVED,URGENT,18.16
4043,2481,CRM00000004043,2025-09-28 08:32:03,EMAIL,PRODUCT_INQUIRY,IN_PROGRESS,LOW,
4044,2482,CRM00000004044,2025-11-14 15:50:26,EMAIL,PRODUCT_INQUIRY,IN_PROGRESS,LOW,
4045,2482,CRM00000004045,2026-05-17 07:34:57,EMAIL,ONBOARDING,RESOLVED,URGENT,11.89
4046,2483,CRM00000004046,2026-06-02 11:52:52,EMAIL,PRODUCT_INQUIRY,RESOLVED,MEDIUM,1.55
4047,2483,CRM00000004047,2025-10-31 00:57:31,RM_VISIT,PRODUCT_INQUIRY,RESOLVED,HIGH,19.82
4048,2483,CRM00000004048,2025-09-26 08:13:57,EMAIL,PRODUCT_INQUIRY,RESOLVED,LOW,19.87
4049,2484,CRM00000004049,2026-03-23 13:49:42,PHONE,ADVISORY,RESOLVED,MEDIUM,10.49
4050,2485,CRM00000004050,2026-05-10 06:32:53,BRANCH,COMPLAINT,RESOLVED,MEDIUM,25.31
4051,2486,CRM00000004051,2026-07-04 07:19:06,EMAIL,COMPLAINT,RESOLVED,MEDIUM,6.1
4052,2487,CRM00000004052,2025-09-08 03:19:34,CHAT,DISPUTE,ESCALATED,LOW,
4053,2488,CRM00000004053,2025-09-19 20:50:39,PHONE,PRODUCT_INQUIRY,RESOLVED,LOW,7.13
4054,2489,CRM00000004054,2026-07-10 05:25:34,PHONE,PRODUCT_INQUIRY,RESOLVED,MEDIUM,12.18
4055,2489,CRM00000004055,2026-03-23 00:27:23,EMAIL,ADVISORY,RESOLVED,HIGH,1.86
4056,2489,CRM00000004056,2025-09-21 15:29:33,EMAIL,COMPLAINT,RESOLVED,MEDIUM,9.14
4057,2489,CRM00000004057,2026-08-24 05:18:25,EMAIL,ADVISORY,RESOLVED,URGENT,0.89
4058,2490,CRM00000004058,2026-06-16 23:35:26,PHONE,DISPUTE,RESOLVED,HIGH,11.44
4059,2490,CRM00000004059,2026-01-24 20:54:52,BRANCH,DISPUTE,IN_PROGRESS,MEDIUM,
4060,2492,CRM00000004060,2026-05-02 02:00:34,PHONE,RETENTION,RESOLVED,MEDIUM,13.05
4061,2492,CRM00000004061,2025-12-25 13:02:22,BRANCH,PRODUCT_INQUIRY,IN_PROGRESS,URGENT,
4062,2492,CRM00000004062,2026-08-14 22:34:04,RM_VISIT,ONBOARDING,RESOLVED,LOW,25.29
4063,2493,CRM00000004063,2025-11-06 15:03:52,PHONE,COMPLAINT,OPEN,LOW,
4064,2493,CRM00000004064,2026-04-17 12:27:40,PHONE,DISPUTE,RESOLVED,MEDIUM,13.29
4065,2494,CRM00000004065,2026-04-05 04:17:02,PHONE,ADVISORY,RESOLVED,LOW,26.85
4066,2494,CRM00000004066,2026-05-09 13:41:52,PHONE,ONBOARDING,RESOLVED,MEDIUM,28.84
4067,2496,CRM00000004067,2026-04-11 13:54:59,PHONE,ADVISORY,RESOLVED,MEDIUM,7.29
4068,2497,CRM00000004068,2026-06-01 10:42:09,BRANCH,PRODUCT_INQUIRY,RESOLVED,LOW,25.7
4069,2497,CRM00000004069,2025-09-11 02:07:47,EMAIL,COMPLAINT,RESOLVED,HIGH,7.32
4070,2497,CRM00000004070,2026-08-23 11:24:51,PHONE,PRODUCT_INQUIRY,IN_PROGRESS,HIGH,
4071,2498,CRM00000004071,2026-04-30 05:47:10,CHAT,ADVISORY,RESOLVED,HIGH,37.43
4072,2498,CRM00000004072,2026-01-22 11:41:55,CHAT,PRODUCT_INQUIRY,RESOLVED,MEDIUM,7.98
4073,2500,CRM00000004073,2026-04-03 23:52:25,PHONE,ADVISORY,OPEN,LOW,
4074,2501,CRM00000004074,2026-07-22 13:07:14,PHONE,DISPUTE,RESOLVED,HIGH,3.72
4075,2502,CRM00000004075,2025-11-17 08:33:41,EMAIL,RETENTION,ESCALATED,MEDIUM,
4076,2502,CRM00000004076,2025-12-28 23:58:25,EMAIL,ONBOARDING,RESOLVED,HIGH,8.31
4077,2504,CRM00000004077,2025-09-26 08:33:47,EMAIL,COMPLAINT,IN_PROGRESS,LOW,
4078,2504,CRM00000004078,2025-09-20 17:42:16,PHONE,PRODUCT_INQUIRY,RESOLVED,MEDIUM,42.52
4079,2505,CRM00000004079,2026-03-13 11:21:34,RM_VISIT,COMPLAINT,IN_PROGRESS,LOW,
4080,2505,CRM00000004080,2026-05-30 15:33:31,CHAT,PRODUCT_INQUIRY,RESOLVED,LOW,7.7
4081,2505,CRM00000004081,2025-08-31 12:36:52,CHAT,PRODUCT_INQUIRY,RESOLVED,MEDIUM,13.46
4082,2505,CRM00000004082,2026-06-11 14:13:16,PHONE,PRODUCT_INQUIRY,OPEN,HIGH,
4083,2505,CRM00000004083,2025-11-04 14:25:53,PHONE,RETENTION,RESOLVED,LOW,7.61
4084,2506,CRM00000004084,2025-12-08 16:33:24,PHONE,RETENTION,RESOLVED,MEDIUM,17.16
4085,2506,CRM00000004085,2026-02-21 07:24:56,PHONE,COMPLAINT,RESOLVED,HIGH,6.92
4086,2507,CRM00000004086,2025-11-07 16:41:08,EMAIL,DISPUTE,RESOLVED,MEDIUM,5.75
4087,2509,CRM00000004087,2026-05-22 14:42:06,CHAT,COMPLAINT,RESOLVED,MEDIUM,17.52
4088,2509,CRM00000004088,2026-07-24 06:24:02,PHONE,ADVISORY,OPEN,LOW,
4089,2509,CRM00000004089,2026-02-13 15:30:26,PHONE,ADVISORY,IN_PROGRESS,LOW,
4090,2510,CRM00000004090,2025-09-05 04:03:35,CHAT,ADVISORY,RESOLVED,URGENT,16.8
4091,2510,CRM00000004091,2026-01-24 14:55:45,EMAIL,RETENTION,RESOLVED,LOW,11.65
4092,2512,CRM00000004092,2025-12-26 00:51:10,PHONE,DISPUTE,ESCALATED,HIGH,
4093,2513,CRM00000004093,2026-01-05 05:08:05,PHONE,PRODUCT_INQUIRY,RESOLVED,HIGH,18.37
4094,2513,CRM00000004094,2026-07-18 11:17:29,EMAIL,ADVISORY,RESOLVED,MEDIUM,12.83
4095,2513,CRM00000004095,2026-05-30 04:47:49,PHONE,PRODUCT_INQUIRY,RESOLVED,LOW,7.53
4096,2513,CRM00000004096,2026-06-25 03:39:05,CHAT,COMPLAINT,OPEN,MEDIUM,
4097,2514,CRM00000004097,2026-02-11 02:36:09,EMAIL,DISPUTE,RESOLVED,MEDIUM,23.15
4098,2514,CRM00000004098,2026-04-07 07:13:39,EMAIL,ADVISORY,RESOLVED,MEDIUM,20.65
4099,2514,CRM00000004099,2025-09-28 20:08:45,PHONE,COMPLAINT,RESOLVED,MEDIUM,1.59
4100,2514,CRM00000004100,2026-03-01 11:57:44,PHONE,ADVISORY,RESOLVED,MEDIUM,2.5
4101,2514,CRM00000004101,2025-08-27 18:10:36,CHAT,ADVISORY,RESOLVED,MEDIUM,20.47
4102,2515,CRM00000004102,2025-09-10 07:20:30,EMAIL,ADVISORY,RESOLVED,LOW,13.09
4103,2515,CRM00000004103,2025-09-04 17:07:57,PHONE,COMPLAINT,IN_PROGRESS,HIGH,
4104,2515,CRM00000004104,2026-02-08 20:59:55,EMAIL,PRODUCT_INQUIRY,RESOLVED,MEDIUM,10.2
4105,2517,CRM00000004105,2026-02-01 07:44:32,PHONE,COMPLAINT,RESOLVED,MEDIUM,6.13
4106,2517,CRM00000004106,2025-10-18 17:25:13,PHONE,PRODUCT_INQUIRY,IN_PROGRESS,MEDIUM,
4107,2517,CRM00000004107,2026-07-28 12:50:19,PHONE,PRODUCT_INQUIRY,RESOLVED,LOW,15.12
4108,2518,CRM00000004108,2025-09-05 03:18:09,EMAIL,ADVISORY,RESOLVED,MEDIUM,1.74
4109,2519,CRM00000004109,2025-09-24 17:37:38,CHAT,DISPUTE,IN_PROGRESS,MEDIUM,
4110,2519,CRM00000004110,2026-06-18 22:07:30,PHONE,ONBOARDING,RESOLVED,MEDIUM,4.05
4111,2519,CRM00000004111,2025-10-20 05:09:29,RM_VISIT,COMPLAINT,RESOLVED,LOW,14.42
4112,2520,CRM00000004112,2026-05-11 10:05:30,EMAIL,RETENTION,RESOLVED,MEDIUM,7.75
4113,2520,CRM00000004113,2026-03-31 06:26:44,PHONE,ADVISORY,IN_PROGRESS,LOW,
4114,2521,CRM00000004114,2026-07-07 02:11:48,PHONE,PRODUCT_INQUIRY,RESOLVED,URGENT,6.64
4115,2522,CRM00000004115,2026-01-25 12:22:15,PHONE,COMPLAINT,ESCALATED,MEDIUM,
4116,2522,CRM00000004116,2026-04-01 19:45:48,CHAT,PRODUCT_INQUIRY,RESOLVED,MEDIUM,13.87
4117,2523,CRM00000004117,2026-04-27 13:58:33,EMAIL,ADVISORY,RESOLVED,LOW,16.1
4118,2523,CRM00000004118,2026-01-04 11:10:54,CHAT,PRODUCT_INQUIRY,RESOLVED,LOW,11.66
4119,2524,CRM00000004119,2026-06-09 18:54:56,PHONE,PRODUCT_INQUIRY,ESCALATED,MEDIUM,
4120,2528,CRM00000004120,2025-12-25 15:09:09,PHONE,COMPLAINT,RESOLVED,LOW,7.19
4121,2529,CRM00000004121,2026-08-12 16:14:04,EMAIL,ADVISORY,RESOLVED,URGENT,8.2
4122,2529,CRM00000004122,2025-10-07 21:58:16,EMAIL,PRODUCT_INQUIRY,IN_PROGRESS,HIGH,
4123,2529,CRM00000004123,2026-08-23 12:25:26,BRANCH,ADVISORY,OPEN,LOW,
4124,2531,CRM00000004124,2026-04-28 11:18:45,CHAT,COMPLAINT,IN_PROGRESS,URGENT,
4125,2533,CRM00000004125,2026-01-10 15:51:53,EMAIL,RETENTION,RESOLVED,MEDIUM,7.88
4126,2533,CRM00000004126,2026-02-05 12:17:17,RM_VISIT,RETENTION,RESOLVED,MEDIUM,12.44
4127,2534,CRM00000004127,2026-07-04 10:38:08,CHAT,PRODUCT_INQUIRY,RESOLVED,LOW,6.39
4128,2534,CRM00000004128,2025-12-05 11:41:45,PHONE,COMPLAINT,RESOLVED,LOW,3.39
4129,2534,CRM00000004129,2025-11-11 06:09:52,BRANCH,PRODUCT_INQUIRY,RESOLVED,LOW,20.04
4130,2534,CRM00000004130,2026-02-25 03:40:03,PHONE,COMPLAINT,OPEN,MEDIUM,
4131,2536,CRM00000004131,2026-01-20 00:40:19,PHONE,RETENTION,RESOLVED,MEDIUM,9.61
4132,2536,CRM00000004132,2026-02-01 08:58:00,CHAT,COMPLAINT,ESCALATED,MEDIUM,
4133,2536,CRM00000004133,2026-05-17 05:05:27,PHONE,COMPLAINT,RESOLVED,HIGH,16.1
4134,2536,CRM00000004134,2025-11-07 00:42:13,PHONE,COMPLAINT,RESOLVED,MEDIUM,11.93
4135,2537,CRM00000004135,2025-12-18 09:22:24,PHONE,COMPLAINT,ESCALATED,HIGH,
4136,2537,CRM00000004136,2025-12-08 00:22:11,PHONE,PRODUCT_INQUIRY,ESCALATED,MEDIUM,
4137,2538,CRM00000004137,2026-02-08 19:53:48,PHONE,DISPUTE,RESOLVED,MEDIUM,3.12
4138,2538,CRM00000004138,2026-05-03 01:36:30,PHONE,ONBOARDING,RESOLVED,LOW,9.53
4139,2539,CRM00000004139,2026-07-21 08:41:29,EMAIL,COMPLAINT,RESOLVED,LOW,22.78
4140,2539,CRM00000004140,2026-02-15 16:44:26,PHONE,ADVISORY,IN_PROGRESS,HIGH,
4141,2539,CRM00000004141,2026-08-12 16:50:44,EMAIL,RETENTION,RESOLVED,MEDIUM,12.25
4142,2540,CRM00000004142,2026-07-27 20:38:52,CHAT,ONBOARDING,RESOLVED,MEDIUM,24.56
4143,2542,CRM00000004143,2026-01-02 19:56:46,EMAIL,PRODUCT_INQUIRY,IN_PROGRESS,LOW,
4144,2542,CRM00000004144,2026-01-11 17:07:08,CHAT,PRODUCT_INQUIRY,RESOLVED,LOW,1.41
4145,2542,CRM00000004145,2026-06-01 14:05:14,EMAIL,RETENTION,RESOLVED,LOW,3.98
4146,2542,CRM00000004146,2026-03-10 14:46:30,EMAIL,PRODUCT_INQUIRY,RESOLVED,URGENT,5.95
4147,2543,CRM00000004147,2026-07-13 05:32:28,PHONE,ONBOARDING,RESOLVED,LOW,1.2
4148,2544,CRM00000004148,2025-10-07 09:39:34,BRANCH,ADVISORY,RESOLVED,LOW,3.26
4149,2545,CRM00000004149,2025-12-29 20:43:31,PHONE,PRODUCT_INQUIRY,RESOLVED,MEDIUM,6.06
4150,2546,CRM00000004150,2026-01-05 13:40:10,BRANCH,PRODUCT_INQUIRY,RESOLVED,HIGH,14.48
4151,2546,CRM00000004151,2026-01-12 02:21:21,EMAIL,ONBOARDING,RESOLVED,MEDIUM,7.41
4152,2546,CRM00000004152,2026-02-10 10:31:03,EMAIL,PRODUCT_INQUIRY,RESOLVED,MEDIUM,0.35
4153,2546,CRM00000004153,2026-04-15 06:35:49,PHONE,DISPUTE,RESOLVED,LOW,11.12
4154,2547,CRM00000004154,2026-01-18 20:26:39,PHONE,ADVISORY,RESOLVED,HIGH,16.15
4155,2547,CRM00000004155,2026-04-02 01:08:41,BRANCH,RETENTION,RESOLVED,MEDIUM,14.09
4156,2548,CRM00000004156,2026-07-20 10:18:17,CHAT,ADVISORY,IN_PROGRESS,HIGH,
4157,2550,CRM00000004157,2025-10-10 07:04:45,CHAT,RETENTION,RESOLVED,MEDIUM,4.44
4158,2550,CRM00000004158,2025-12-18 15:14:27,BRANCH,COMPLAINT,RESOLVED,LOW,16.04
4159,2551,CRM00000004159,2025-12-28 12:37:57,PHONE,COMPLAINT,RESOLVED,MEDIUM,5.35
4160,2551,CRM00000004160,2026-02-03 17:46:59,BRANCH,ADVISORY,OPEN,LOW,
4161,2552,CRM00000004161,2025-10-08 20:12:08,PHONE,ADVISORY,RESOLVED,URGENT,10.86
4162,2553,CRM00000004162,2025-11-13 23:52:00,BRANCH,PRODUCT_INQUIRY,RESOLVED,LOW,12.97
4163,2554,CRM00000004163,2026-04-04 20:26:35,RM_VISIT,ONBOARDING,OPEN,MEDIUM,
4164,2554,CRM00000004164,2026-07-05 12:29:18,CHAT,ONBOARDING,RESOLVED,MEDIUM,1.6
4165,2554,CRM00000004165,2026-04-09 07:52:57,PHONE,DISPUTE,RESOLVED,HIGH,21.72
4166,2556,CRM00000004166,2025-09-27 09:13:41,PHONE,RETENTION,RESOLVED,HIGH,18.95
4167,2556,CRM00000004167,2025-11-07 13:09:41,CHAT,RETENTION,RESOLVED,HIGH,42.49
4168,2557,CRM00000004168,2025-12-04 07:20:54,EMAIL,PRODUCT_INQUIRY,RESOLVED,HIGH,9.46
4169,2557,CRM00000004169,2025-09-18 09:40:43,PHONE,ADVISORY,RESOLVED,MEDIUM,15.59
4170,2557,CRM00000004170,2025-08-27 21:22:33,EMAIL,RETENTION,RESOLVED,HIGH,20.63
4171,2558,CRM00000004171,2025-09-06 10:24:54,EMAIL,DISPUTE,RESOLVED,HIGH,7.29
4172,2558,CRM00000004172,2025-10-16 09:36:38,EMAIL,PRODUCT_INQUIRY,RESOLVED,MEDIUM,1.69
4173,2559,CRM00000004173,2026-03-16 08:51:12,PHONE,RETENTION,RESOLVED,MEDIUM,1.71
4174,2560,CRM00000004174,2026-03-28 17:30:19,CHAT,PRODUCT_INQUIRY,RESOLVED,HIGH,6.03
4175,2560,CRM00000004175,2025-11-15 16:51:41,CHAT,PRODUCT_INQUIRY,RESOLVED,URGENT,4.52
4176,2560,CRM00000004176,2026-05-27 11:22:11,PHONE,COMPLAINT,RESOLVED,MEDIUM,5.75
4177,2561,CRM00000004177,2026-02-06 01:41:05,PHONE,RETENTION,IN_PROGRESS,LOW,
4178,2561,CRM00000004178,2025-12-18 01:24:18,CHAT,PRODUCT_INQUIRY,IN_PROGRESS,MEDIUM,
4179,2562,CRM00000004179,2026-08-01 03:29:54,EMAIL,PRODUCT_INQUIRY,RESOLVED,HIGH,3.6
4180,2562,CRM00000004180,2025-11-15 14:50:03,EMAIL,RETENTION,RESOLVED,URGENT,15.32
4181,2562,CRM00000004181,2025-09-27 21:17:06,PHONE,ADVISORY,RESOLVED,LOW,12.89
4182,2562,CRM00000004182,2026-06-21 20:09:32,PHONE,RETENTION,RESOLVED,MEDIUM,7.28
4183,2563,CRM00000004183,2026-04-01 09:21:04,BRANCH,RETENTION,RESOLVED,HIGH,10.13
4184,2563,CRM00000004184,2025-11-24 20:37:25,BRANCH,PRODUCT_INQUIRY,RESOLVED,LOW,0.23
4185,2565,CRM00000004185,2025-10-23 22:19:03,EMAIL,ADVISORY,IN_PROGRESS,MEDIUM,
4186,2565,CRM00000004186,2025-11-27 19:31:07,PHONE,DISPUTE,IN_PROGRESS,HIGH,
4187,2565,CRM00000004187,2025-10-11 05:20:18,PHONE,RETENTION,RESOLVED,MEDIUM,18.55
4188,2566,CRM00000004188,2026-03-04 14:31:31,PHONE,RETENTION,OPEN,MEDIUM,
4189,2566,CRM00000004189,2025-11-14 10:20:51,PHONE,COMPLAINT,RESOLVED,MEDIUM,18.1
4190,2567,CRM00000004190,2026-05-20 17:54:49,EMAIL,ADVISORY,RESOLVED,MEDIUM,4.31
4191,2567,CRM00000004191,2026-02-08 04:50:17,PHONE,DISPUTE,IN_PROGRESS,LOW,
4192,2567,CRM00000004192,2025-11-11 08:08:11,CHAT,PRODUCT_INQUIRY,ESCALATED,URGENT,
4193,2568,CRM00000004193,2026-07-02 12:45:17,BRANCH,COMPLAINT,RESOLVED,URGENT,18.71
4194,2568,CRM00000004194,2025-09-14 21:50:13,PHONE,ONBOARDING,RESOLVED,HIGH,2.5
4195,2568,CRM00000004195,2025-09-05 23:27:14,EMAIL,RETENTION,RESOLVED,MEDIUM,2.44
4196,2569,CRM00000004196,2025-09-06 01:56:08,BRANCH,RETENTION,RESOLVED,MEDIUM,5.34
4197,2569,CRM00000004197,2026-06-14 02:08:19,EMAIL,RETENTION,RESOLVED,MEDIUM,15.19
4198,2569,CRM00000004198,2026-04-04 03:50:42,PHONE,ADVISORY,IN_PROGRESS,MEDIUM,
4199,2569,CRM00000004199,2026-05-31 17:29:33,BRANCH,RETENTION,RESOLVED,MEDIUM,19.41
4200,2569,CRM00000004200,2026-06-01 07:50:03,PHONE,RETENTION,RESOLVED,LOW,10.87
4201,2570,CRM00000004201,2026-03-07 02:20:10,PHONE,ADVISORY,RESOLVED,HIGH,8.3
4202,2571,CRM00000004202,2025-12-05 16:37:13,RM_VISIT,COMPLAINT,RESOLVED,MEDIUM,10.1
4203,2571,CRM00000004203,2026-01-28 08:27:46,BRANCH,PRODUCT_INQUIRY,RESOLVED,LOW,16.68
4204,2571,CRM00000004204,2025-09-17 04:16:12,PHONE,ADVISORY,IN_PROGRESS,LOW,
4205,2572,CRM00000004205,2025-12-12 08:05:04,CHAT,ONBOARDING,RESOLVED,LOW,12.93
4206,2573,CRM00000004206,2026-05-09 03:35:15,EMAIL,DISPUTE,OPEN,HIGH,
4207,2573,CRM00000004207,2026-03-20 19:22:44,PHONE,RETENTION,ESCALATED,URGENT,
4208,2573,CRM00000004208,2025-09-01 21:02:07,RM_VISIT,PRODUCT_INQUIRY,RESOLVED,LOW,11.22
4209,2575,CRM00000004209,2025-12-03 10:52:24,EMAIL,ONBOARDING,RESOLVED,HIGH,28.51
4210,2575,CRM00000004210,2025-09-01 19:08:25,PHONE,ONBOARDING,IN_PROGRESS,HIGH,
4211,2577,CRM00000004211,2026-03-05 04:57:40,CHAT,PRODUCT_INQUIRY,RESOLVED,LOW,7.84
4212,2577,CRM00000004212,2026-05-06 21:31:54,PHONE,RETENTION,OPEN,LOW,
4213,2577,CRM00000004213,2026-02-12 16:13:54,RM_VISIT,RETENTION,OPEN,LOW,
4214,2577,CRM00000004214,2025-10-21 09:45:39,EMAIL,ONBOARDING,RESOLVED,HIGH,1.81
4215,2579,CRM00000004215,2026-02-19 07:45:51,BRANCH,PRODUCT_INQUIRY,RESOLVED,LOW,17.02
4216,2580,CRM00000004216,2026-01-11 03:03:03,EMAIL,PRODUCT_INQUIRY,RESOLVED,MEDIUM,25.93
4217,2581,CRM00000004217,2025-12-17 12:15:28,PHONE,ADVISORY,RESOLVED,LOW,1.12
4218,2582,CRM00000004218,2026-08-25 23:42:16,PHONE,PRODUCT_INQUIRY,OPEN,MEDIUM,
4219,2583,CRM00000004219,2025-11-28 01:37:11,CHAT,PRODUCT_INQUIRY,RESOLVED,HIGH,2.65
4220,2584,CRM00000004220,2026-08-03 11:37:26,PHONE,COMPLAINT,RESOLVED,LOW,9.35
4221,2584,CRM00000004221,2026-04-23 21:10:29,PHONE,ADVISORY,RESOLVED,HIGH,19.66
4222,2585,CRM00000004222,2026-02-01 07:17:35,PHONE,DISPUTE,RESOLVED,MEDIUM,6.2
4223,2586,CRM00000004223,2026-01-03 14:18:36,CHAT,ADVISORY,RESOLVED,LOW,7.38
4224,2586,CRM00000004224,2026-02-01 02:04:23,RM_VISIT,PRODUCT_INQUIRY,RESOLVED,MEDIUM,16.35
4225,2586,CRM00000004225,2025-11-03 18:25:21,PHONE,PRODUCT_INQUIRY,RESOLVED,URGENT,5.0
4226,2586,CRM00000004226,2026-04-08 03:54:12,EMAIL,PRODUCT_INQUIRY,OPEN,MEDIUM,
4227,2586,CRM00000004227,2026-01-26 04:27:13,EMAIL,COMPLAINT,RESOLVED,MEDIUM,8.63
4228,2588,CRM00000004228,2026-07-19 06:22:07,RM_VISIT,ADVISORY,RESOLVED,LOW,11.37
4229,2588,CRM00000004229,2025-11-19 15:13:55,BRANCH,ADVISORY,RESOLVED,MEDIUM,13.77
4230,2590,CRM00000004230,2025-08-27 17:10:54,PHONE,ADVISORY,RESOLVED,LOW,11.78
4231,2590,CRM00000004231,2025-12-10 08:55:48,BRANCH,COMPLAINT,RESOLVED,MEDIUM,15.47
4232,2590,CRM00000004232,2025-09-07 21:08:12,BRANCH,COMPLAINT,RESOLVED,MEDIUM,11.35
4233,2591,CRM00000004233,2026-03-07 23:26:36,BRANCH,COMPLAINT,RESOLVED,LOW,25.43
4234,2592,CRM00000004234,2025-12-22 11:21:28,EMAIL,ADVISORY,OPEN,LOW,
4235,2593,CRM00000004235,2025-08-31 09:06:43,PHONE,RETENTION,OPEN,LOW,
4236,2593,CRM00000004236,2026-04-17 02:04:57,EMAIL,ONBOARDING,RESOLVED,MEDIUM,13.17
4237,2594,CRM00000004237,2026-01-17 11:16:45,EMAIL,DISPUTE,ESCALATED,MEDIUM,
4238,2594,CRM00000004238,2026-08-02 05:36:17,EMAIL,PRODUCT_INQUIRY,RESOLVED,HIGH,11.88
4239,2594,CRM00000004239,2026-08-24 00:59:08,PHONE,PRODUCT_INQUIRY,RESOLVED,LOW,13.14
4240,2595,CRM00000004240,2026-06-30 10:44:50,PHONE,RETENTION,RESOLVED,MEDIUM,13.38
4241,2595,CRM00000004241,2026-06-29 00:55:24,PHONE,PRODUCT_INQUIRY,IN_PROGRESS,LOW,
4242,2595,CRM00000004242,2026-02-05 08:58:25,EMAIL,ADVISORY,RESOLVED,MEDIUM,25.86
4243,2596,CRM00000004243,2026-04-10 18:13:10,PHONE,DISPUTE,RESOLVED,MEDIUM,9.32
4244,2597,CRM00000004244,2026-07-30 19:21:51,EMAIL,RETENTION,RESOLVED,LOW,10.75
4245,2597,CRM00000004245,2026-08-27 03:01:31,PHONE,PRODUCT_INQUIRY,RESOLVED,HIGH,7.62
4246,2597,CRM00000004246,2026-04-04 01:23:14,EMAIL,PRODUCT_INQUIRY,RESOLVED,HIGH,5.6
4247,2598,CRM00000004247,2026-04-10 14:37:20,EMAIL,ONBOARDING,RESOLVED,HIGH,37.71
4248,2598,CRM00000004248,2025-12-05 00:31:14,PHONE,COMPLAINT,IN_PROGRESS,LOW,
4249,2599,CRM00000004249,2025-09-19 22:10:58,BRANCH,ADVISORY,RESOLVED,LOW,9.94
4250,2600,CRM00000004250,2025-10-07 15:58:33,BRANCH,RETENTION,RESOLVED,HIGH,15.25
4251,2600,CRM00000004251,2026-05-25 17:09:57,RM_VISIT,PRODUCT_INQUIRY,RESOLVED,MEDIUM,14.62
4252,2601,CRM00000004252,2026-03-13 14:19:54,PHONE,ADVISORY,RESOLVED,LOW,20.4
4253,2602,CRM00000004253,2026-03-22 07:00:20,PHONE,RETENTION,ESCALATED,MEDIUM,
4254,2602,CRM00000004254,2026-06-02 10:47:42,PHONE,ADVISORY,RESOLVED,MEDIUM,5.59
4255,2603,CRM00000004255,2025-11-26 15:37:08,PHONE,COMPLAINT,RESOLVED,MEDIUM,11.55
4256,2603,CRM00000004256,2026-05-27 03:07:38,PHONE,COMPLAINT,RESOLVED,MEDIUM,8.3
4257,2603,CRM00000004257,2026-01-07 18:42:29,BRANCH,PRODUCT_INQUIRY,RESOLVED,HIGH,10.34
4258,2604,CRM00000004258,2025-10-21 09:00:53,CHAT,PRODUCT_INQUIRY,RESOLVED,MEDIUM,11.48
4259,2604,CRM00000004259,2026-07-28 08:06:06,PHONE,PRODUCT_INQUIRY,RESOLVED,HIGH,20.1
4260,2605,CRM00000004260,2025-10-22 15:39:25,EMAIL,RETENTION,RESOLVED,LOW,4.88
4261,2605,CRM00000004261,2026-04-13 00:24:18,CHAT,COMPLAINT,RESOLVED,LOW,11.08
4262,2606,CRM00000004262,2025-11-08 07:26:45,CHAT,COMPLAINT,RESOLVED,MEDIUM,20.68
4263,2607,CRM00000004263,2026-02-18 02:43:39,EMAIL,RETENTION,RESOLVED,MEDIUM,4.68
4264,2607,CRM00000004264,2026-07-19 15:44:51,CHAT,ONBOARDING,RESOLVED,HIGH,12.53
4265,2607,CRM00000004265,2026-08-19 02:48:31,PHONE,ONBOARDING,RESOLVED,MEDIUM,2.24
4266,2608,CRM00000004266,2026-05-24 09:50:55,PHONE,COMPLAINT,RESOLVED,LOW,22.76
4267,2609,CRM00000004267,2026-07-21 09:15:05,PHONE,PRODUCT_INQUIRY,ESCALATED,HIGH,
4268,2609,CRM00000004268,2026-02-27 05:59:12,EMAIL,ONBOARDING,RESOLVED,MEDIUM,5.54
4269,2609,CRM00000004269,2026-04-30 22:24:45,EMAIL,RETENTION,RESOLVED,URGENT,24.33
4270,2610,CRM00000004270,2025-08-29 14:51:57,PHONE,COMPLAINT,RESOLVED,LOW,9.12
4271,2611,CRM00000004271,2026-07-02 06:20:13,BRANCH,COMPLAINT,RESOLVED,LOW,11.03
4272,2611,CRM00000004272,2025-11-01 00:17:18,EMAIL,PRODUCT_INQUIRY,IN_PROGRESS,LOW,
4273,2612,CRM00000004273,2026-07-23 17:54:21,PHONE,COMPLAINT,RESOLVED,HIGH,13.34
4274,2612,CRM00000004274,2025-10-07 13:17:02,EMAIL,PRODUCT_INQUIRY,RESOLVED,LOW,5.42
4275,2613,CRM00000004275,2026-03-31 08:34:48,BRANCH,PRODUCT_INQUIRY,IN_PROGRESS,MEDIUM,
4276,2613,CRM00000004276,2026-02-26 02:54:26,RM_VISIT,COMPLAINT,RESOLVED,HIGH,8.12
4277,2613,CRM00000004277,2026-07-07 15:20:27,CHAT,ADVISORY,RESOLVED,MEDIUM,8.81
4278,2616,CRM00000004278,2026-03-17 09:52:13,RM_VISIT,RETENTION,RESOLVED,URGENT,12.51
4279,2617,CRM00000004279,2025-12-16 15:57:35,RM_VISIT,ADVISORY,RESOLVED,URGENT,10.73
4280,2620,CRM00000004280,2026-05-04 00:32:11,EMAIL,RETENTION,RESOLVED,LOW,7.18
4281,2620,CRM00000004281,2026-04-03 00:51:51,CHAT,ADVISORY,IN_PROGRESS,MEDIUM,
4282,2621,CRM00000004282,2026-08-16 01:26:26,PHONE,COMPLAINT,RESOLVED,LOW,0.44
4283,2621,CRM00000004283,2025-10-25 18:49:12,BRANCH,ADVISORY,RESOLVED,MEDIUM,13.69
4284,2621,CRM00000004284,2026-04-20 05:01:43,EMAIL,COMPLAINT,RESOLVED,LOW,19.14
4285,2622,CRM00000004285,2026-05-21 05:26:39,PHONE,ONBOARDING,RESOLVED,MEDIUM,15.76
4286,2622,CRM00000004286,2025-10-14 04:52:40,CHAT,PRODUCT_INQUIRY,RESOLVED,HIGH,37.12
4287,2623,CRM00000004287,2025-09-30 04:34:20,BRANCH,ADVISORY,RESOLVED,HIGH,1.89
4288,2623,CRM00000004288,2026-07-12 14:26:02,CHAT,DISPUTE,OPEN,HIGH,
4289,2624,CRM00000004289,2026-01-22 19:14:16,PHONE,RETENTION,RESOLVED,MEDIUM,8.08
4290,2624,CRM00000004290,2025-12-22 22:20:25,PHONE,ADVISORY,RESOLVED,LOW,2.86
4291,2625,CRM00000004291,2026-04-30 17:10:56,EMAIL,ADVISORY,IN_PROGRESS,MEDIUM,
4292,2625,CRM00000004292,2025-12-31 23:00:06,PHONE,ONBOARDING,RESOLVED,LOW,9.28
4293,2625,CRM00000004293,2026-05-18 10:40:29,EMAIL,PRODUCT_INQUIRY,IN_PROGRESS,HIGH,
4294,2627,CRM00000004294,2026-03-08 00:21:00,BRANCH,RETENTION,RESOLVED,HIGH,8.55
4295,2627,CRM00000004295,2026-01-08 13:30:24,BRANCH,DISPUTE,ESCALATED,MEDIUM,
4296,2627,CRM00000004296,2026-07-17 10:54:05,PHONE,RETENTION,RESOLVED,URGENT,2.47
4297,2628,CRM00000004297,2026-01-21 19:32:19,EMAIL,COMPLAINT,RESOLVED,LOW,17.96
4298,2628,CRM00000004298,2026-02-28 23:02:07,EMAIL,COMPLAINT,RESOLVED,MEDIUM,12.56
4299,2629,CRM00000004299,2026-08-14 12:20:28,PHONE,RETENTION,RESOLVED,MEDIUM,5.64
4300,2630,CRM00000004300,2026-06-28 05:57:16,PHONE,ADVISORY,RESOLVED,LOW,9.23
4301,2630,CRM00000004301,2026-02-19 15:10:43,PHONE,PRODUCT_INQUIRY,RESOLVED,MEDIUM,6.15
4302,2630,CRM00000004302,2026-05-27 21:16:05,BRANCH,COMPLAINT,RESOLVED,URGENT,11.31
4303,2631,CRM00000004303,2026-07-01 20:27:56,PHONE,DISPUTE,RESOLVED,LOW,8.05
4304,2631,CRM00000004304,2025-10-10 21:04:02,PHONE,ADVISORY,IN_PROGRESS,MEDIUM,
4305,2631,CRM00000004305,2026-07-21 08:24:37,BRANCH,ONBOARDING,OPEN,URGENT,
4306,2631,CRM00000004306,2026-03-20 07:21:38,CHAT,DISPUTE,RESOLVED,HIGH,3.08
4307,2631,CRM00000004307,2026-04-24 21:34:14,BRANCH,PRODUCT_INQUIRY,IN_PROGRESS,LOW,
4308,2631,CRM00000004308,2026-05-08 03:19:31,BRANCH,ONBOARDING,RESOLVED,LOW,7.67
4309,2632,CRM00000004309,2026-04-15 04:18:26,PHONE,DISPUTE,ESCALATED,MEDIUM,
4310,2632,CRM00000004310,2026-06-22 05:41:50,PHONE,ADVISORY,ESCALATED,URGENT,
4311,2632,CRM00000004311,2026-08-21 14:41:30,PHONE,RETENTION,ESCALATED,MEDIUM,
4312,2632,CRM00000004312,2025-10-27 12:57:03,EMAIL,COMPLAINT,RESOLVED,HIGH,5.0
4313,2634,CRM00000004313,2025-12-20 09:30:38,EMAIL,RETENTION,OPEN,HIGH,
4314,2634,CRM00000004314,2025-11-15 12:40:56,PHONE,ONBOARDING,RESOLVED,HIGH,2.47
4315,2636,CRM00000004315,2026-04-04 04:59:28,RM_VISIT,COMPLAINT,RESOLVED,MEDIUM,26.72
4316,2636,CRM00000004316,2025-12-16 06:18:35,EMAIL,ADVISORY,RESOLVED,MEDIUM,5.8
4317,2637,CRM00000004317,2026-05-14 04:27:15,PHONE,RETENTION,RESOLVED,MEDIUM,13.9
4318,2638,CRM00000004318,2026-02-21 21:40:57,PHONE,COMPLAINT,RESOLVED,LOW,5.54
4319,2641,CRM00000004319,2025-12-23 18:12:52,CHAT,COMPLAINT,ESCALATED,HIGH,
4320,2641,CRM00000004320,2026-04-03 11:37:59,PHONE,RETENTION,RESOLVED,MEDIUM,25.11
4321,2641,CRM00000004321,2026-07-22 17:56:49,EMAIL,COMPLAINT,ESCALATED,HIGH,
4322,2641,CRM00000004322,2025-10-26 00:52:12,EMAIL,RETENTION,IN_PROGRESS,MEDIUM,
4323,2641,CRM00000004323,2026-07-23 08:42:59,EMAIL,COMPLAINT,RESOLVED,HIGH,18.05
4324,2642,CRM00000004324,2026-06-25 13:50:03,EMAIL,PRODUCT_INQUIRY,RESOLVED,HIGH,14.5
4325,2642,CRM00000004325,2025-10-13 09:00:38,PHONE,RETENTION,RESOLVED,URGENT,3.5
4326,2642,CRM00000004326,2026-01-12 13:37:18,EMAIL,ADVISORY,RESOLVED,MEDIUM,11.46
4327,2643,CRM00000004327,2026-07-20 07:42:32,BRANCH,COMPLAINT,IN_PROGRESS,MEDIUM,
4328,2643,CRM00000004328,2025-10-31 23:31:30,EMAIL,PRODUCT_INQUIRY,RESOLVED,HIGH,12.3
4329,2644,CRM00000004329,2026-04-28 03:39:49,RM_VISIT,PRODUCT_INQUIRY,RESOLVED,MEDIUM,14.75
4330,2644,CRM00000004330,2025-11-25 14:42:24,CHAT,DISPUTE,RESOLVED,LOW,14.15
4331,2645,CRM00000004331,2025-10-22 14:24:11,EMAIL,PRODUCT_INQUIRY,RESOLVED,LOW,9.94
4332,2646,CRM00000004332,2026-06-01 06:09:24,PHONE,PRODUCT_INQUIRY,RESOLVED,HIGH,23.98
4333,2646,CRM00000004333,2026-04-02 10:39:51,CHAT,PRODUCT_INQUIRY,OPEN,LOW,
4334,2647,CRM00000004334,2025-10-24 12:52:10,EMAIL,COMPLAINT,IN_PROGRESS,LOW,
4335,2647,CRM00000004335,2026-07-07 16:50:10,RM_VISIT,PRODUCT_INQUIRY,RESOLVED,HIGH,24.56
4336,2647,CRM00000004336,2025-12-21 14:06:55,RM_VISIT,PRODUCT_INQUIRY,OPEN,MEDIUM,
4337,2648,CRM00000004337,2025-12-22 00:04:09,RM_VISIT,PRODUCT_INQUIRY,RESOLVED,HIGH,21.04
4338,2649,CRM00000004338,2026-05-29 17:34:53,PHONE,ADVISORY,RESOLVED,MEDIUM,15.0
4339,2649,CRM00000004339,2025-11-26 00:27:06,PHONE,RETENTION,RESOLVED,LOW,24.99
4340,2651,CRM00000004340,2026-05-08 12:32:53,PHONE,COMPLAINT,RESOLVED,HIGH,12.45
4341,2653,CRM00000004341,2026-05-31 09:08:26,PHONE,COMPLAINT,RESOLVED,MEDIUM,24.53
4342,2654,CRM00000004342,2025-09-10 13:43:09,EMAIL,ADVISORY,RESOLVED,HIGH,20.98
4343,2654,CRM00000004343,2026-02-12 08:55:10,CHAT,RETENTION,RESOLVED,MEDIUM,9.08
4344,2654,CRM00000004344,2025-11-07 07:50:37,CHAT,ADVISORY,RESOLVED,LOW,15.17
4345,2656,CRM00000004345,2026-06-16 10:24:38,EMAIL,ADVISORY,ESCALATED,MEDIUM,
4346,2658,CRM00000004346,2026-08-07 16:03:22,PHONE,ADVISORY,RESOLVED,LOW,6.75
4347,2658,CRM00000004347,2025-09-12 18:22:33,EMAIL,ADVISORY,IN_PROGRESS,MEDIUM,
4348,2659,CRM00000004348,2026-03-01 01:13:47,PHONE,COMPLAINT,RESOLVED,LOW,6.28
4349,2660,CRM00000004349,2026-04-10 11:14:06,CHAT,COMPLAINT,RESOLVED,URGENT,47.67
4350,2661,CRM00000004350,2026-06-18 06:59:26,BRANCH,RETENTION,RESOLVED,MEDIUM,8.06
4351,2661,CRM00000004351,2026-01-08 01:36:10,PHONE,ONBOARDING,RESOLVED,MEDIUM,8.87
4352,2661,CRM00000004352,2025-10-20 06:42:28,CHAT,COMPLAINT,IN_PROGRESS,MEDIUM,
4353,2661,CRM00000004353,2026-06-02 15:32:12,PHONE,ADVISORY,RESOLVED,MEDIUM,8.37
4354,2662,CRM00000004354,2025-10-10 21:09:43,CHAT,DISPUTE,RESOLVED,MEDIUM,5.99
4355,2663,CRM00000004355,2026-05-02 14:16:13,CHAT,DISPUTE,RESOLVED,HIGH,58.45
4356,2663,CRM00000004356,2026-07-08 13:00:28,PHONE,PRODUCT_INQUIRY,RESOLVED,URGENT,2.96
4357,2664,CRM00000004357,2026-03-30 12:37:46,PHONE,ADVISORY,IN_PROGRESS,HIGH,
4358,2665,CRM00000004358,2026-07-22 23:09:52,EMAIL,ONBOARDING,RESOLVED,LOW,22.39
4359,2666,CRM00000004359,2026-01-23 15:29:23,PHONE,COMPLAINT,ESCALATED,MEDIUM,
4360,2668,CRM00000004360,2025-10-31 15:46:36,PHONE,COMPLAINT,RESOLVED,LOW,24.37
4361,2668,CRM00000004361,2026-07-20 02:41:36,PHONE,COMPLAINT,IN_PROGRESS,LOW,
4362,2668,CRM00000004362,2026-08-13 07:10:13,PHONE,COMPLAINT,RESOLVED,MEDIUM,6.97
4363,2668,CRM00000004363,2026-04-30 15:44:43,PHONE,ADVISORY,RESOLVED,URGENT,9.14
4364,2668,CRM00000004364,2025-10-22 18:08:40,CHAT,RETENTION,ESCALATED,URGENT,
4365,2668,CRM00000004365,2026-08-15 12:11:49,BRANCH,DISPUTE,OPEN,MEDIUM,
4366,2669,CRM00000004366,2026-01-20 17:29:07,EMAIL,COMPLAINT,RESOLVED,LOW,24.47
4367,2669,CRM00000004367,2025-10-10 13:33:56,PHONE,PRODUCT_INQUIRY,RESOLVED,LOW,10.2
4368,2671,CRM00000004368,2025-09-03 13:51:14,PHONE,COMPLAINT,RESOLVED,MEDIUM,4.66
4369,2671,CRM00000004369,2026-01-11 02:53:53,BRANCH,COMPLAINT,RESOLVED,LOW,21.97
4370,2672,CRM00000004370,2026-04-28 07:55:31,PHONE,RETENTION,RESOLVED,MEDIUM,14.55
4371,2673,CRM00000004371,2026-04-02 14:38:54,CHAT,ADVISORY,RESOLVED,MEDIUM,6.21
4372,2673,CRM00000004372,2026-02-16 00:33:35,PHONE,DISPUTE,RESOLVED,LOW,1.67
4373,2674,CRM00000004373,2026-06-29 14:12:17,PHONE,ADVISORY,IN_PROGRESS,MEDIUM,
4374,2675,CRM00000004374,2026-03-18 01:45:17,CHAT,ADVISORY,OPEN,HIGH,
4375,2675,CRM00000004375,2026-06-15 10:33:02,CHAT,RETENTION,RESOLVED,HIGH,11.98
4376,2676,CRM00000004376,2026-03-30 14:01:41,PHONE,DISPUTE,ESCALATED,MEDIUM,
4377,2676,CRM00000004377,2026-05-15 16:54:01,PHONE,ONBOARDING,RESOLVED,MEDIUM,9.75
4378,2676,CRM00000004378,2025-09-16 13:42:37,PHONE,ONBOARDING,IN_PROGRESS,MEDIUM,
4379,2676,CRM00000004379,2026-08-19 22:31:43,EMAIL,ADVISORY,RESOLVED,LOW,7.05
4380,2677,CRM00000004380,2025-09-30 18:55:34,PHONE,RETENTION,OPEN,MEDIUM,
4381,2678,CRM00000004381,2026-08-05 16:51:04,PHONE,RETENTION,RESOLVED,MEDIUM,26.37
4382,2679,CRM00000004382,2026-01-24 15:37:29,PHONE,PRODUCT_INQUIRY,RESOLVED,LOW,5.44
4383,2679,CRM00000004383,2025-11-09 16:43:11,BRANCH,RETENTION,RESOLVED,LOW,25.96
4384,2679,CRM00000004384,2026-02-24 17:28:55,EMAIL,RETENTION,RESOLVED,MEDIUM,11.51
4385,2679,CRM00000004385,2025-12-04 02:47:08,PHONE,RETENTION,ESCALATED,HIGH,
4386,2683,CRM00000004386,2026-03-01 11:22:20,PHONE,ADVISORY,RESOLVED,MEDIUM,13.97
4387,2683,CRM00000004387,2025-11-23 17:26:14,BRANCH,ADVISORY,RESOLVED,URGENT,3.37
4388,2684,CRM00000004388,2025-12-11 12:19:22,PHONE,COMPLAINT,IN_PROGRESS,MEDIUM,
4389,2685,CRM00000004389,2026-04-30 10:13:32,PHONE,DISPUTE,RESOLVED,URGENT,1.83
4390,2686,CRM00000004390,2026-01-07 11:15:15,PHONE,ADVISORY,RESOLVED,HIGH,4.47
4391,2686,CRM00000004391,2025-12-31 19:34:50,PHONE,RETENTION,IN_PROGRESS,LOW,
4392,2686,CRM00000004392,2026-05-14 06:40:55,EMAIL,COMPLAINT,RESOLVED,MEDIUM,22.84
4393,2686,CRM00000004393,2025-10-01 07:40:47,PHONE,RETENTION,RESOLVED,MEDIUM,6.59
4394,2686,CRM00000004394,2026-06-15 18:55:02,PHONE,ONBOARDING,RESOLVED,HIGH,11.98
4395,2686,CRM00000004395,2026-03-01 00:33:00,BRANCH,PRODUCT_INQUIRY,RESOLVED,MEDIUM,22.91
4396,2687,CRM00000004396,2026-07-29 22:24:01,BRANCH,PRODUCT_INQUIRY,RESOLVED,MEDIUM,14.48
4397,2688,CRM00000004397,2026-05-08 15:36:14,BRANCH,RETENTION,OPEN,LOW,
4398,2688,CRM00000004398,2026-02-17 03:17:43,BRANCH,RETENTION,OPEN,MEDIUM,
4399,2689,CRM00000004399,2026-01-04 09:03:17,EMAIL,COMPLAINT,RESOLVED,URGENT,11.35
4400,2689,CRM00000004400,2025-09-12 15:49:01,BRANCH,PRODUCT_INQUIRY,ESCALATED,HIGH,
4401,2689,CRM00000004401,2026-07-25 06:46:44,PHONE,ONBOARDING,IN_PROGRESS,MEDIUM,
4402,2691,CRM00000004402,2026-06-22 06:53:31,CHAT,PRODUCT_INQUIRY,RESOLVED,HIGH,9.95
4403,2692,CRM00000004403,2025-09-09 17:26:41,CHAT,RETENTION,IN_PROGRESS,MEDIUM,
4404,2692,CRM00000004404,2026-01-29 00:22:53,EMAIL,ONBOARDING,RESOLVED,MEDIUM,7.79
4405,2692,CRM00000004405,2025-10-11 12:24:47,CHAT,COMPLAINT,RESOLVED,MEDIUM,15.91
4406,2694,CRM00000004406,2026-03-24 21:47:13,EMAIL,PRODUCT_INQUIRY,ESCALATED,LOW,
4407,2695,CRM00000004407,2026-01-30 19:59:20,CHAT,PRODUCT_INQUIRY,RESOLVED,LOW,12.5
4408,2695,CRM00000004408,2025-10-27 00:23:00,EMAIL,ADVISORY,RESOLVED,MEDIUM,13.03
4409,2696,CRM00000004409,2025-09-30 14:46:01,EMAIL,COMPLAINT,RESOLVED,HIGH,3.31
4410,2696,CRM00000004410,2026-08-07 11:13:00,PHONE,ONBOARDING,OPEN,LOW,
4411,2697,CRM00000004411,2026-08-04 22:51:44,BRANCH,RETENTION,IN_PROGRESS,HIGH,
4412,2698,CRM00000004412,2026-02-27 19:55:43,PHONE,COMPLAINT,IN_PROGRESS,HIGH,
4413,2698,CRM00000004413,2026-06-30 17:46:45,PHONE,DISPUTE,RESOLVED,MEDIUM,17.4
4414,2698,CRM00000004414,2026-06-30 10:55:17,PHONE,PRODUCT_INQUIRY,RESOLVED,HIGH,6.43
4415,2700,CRM00000004415,2026-07-27 03:40:32,PHONE,PRODUCT_INQUIRY,RESOLVED,LOW,1.3
4416,2701,CRM00000004416,2025-10-04 15:08:04,EMAIL,DISPUTE,RESOLVED,LOW,19.11
4417,2701,CRM00000004417,2026-02-17 08:37:59,CHAT,COMPLAINT,IN_PROGRESS,URGENT,
4418,2702,CRM00000004418,2026-07-06 20:00:58,BRANCH,PRODUCT_INQUIRY,RESOLVED,MEDIUM,8.48
4419,2702,CRM00000004419,2026-07-15 22:42:55,BRANCH,RETENTION,RESOLVED,LOW,4.68
4420,2703,CRM00000004420,2025-11-14 04:04:58,PHONE,PRODUCT_INQUIRY,IN_PROGRESS,LOW,
4421,2705,CRM00000004421,2026-07-20 02:12:35,BRANCH,RETENTION,RESOLVED,URGENT,4.69
4422,2705,CRM00000004422,2026-07-17 02:44:55,BRANCH,RETENTION,RESOLVED,HIGH,8.09
4423,2705,CRM00000004423,2026-07-31 00:06:31,EMAIL,ONBOARDING,RESOLVED,HIGH,6.31
4424,2706,CRM00000004424,2026-01-14 21:53:17,PHONE,COMPLAINT,IN_PROGRESS,HIGH,
4425,2706,CRM00000004425,2026-05-02 20:08:57,BRANCH,COMPLAINT,RESOLVED,LOW,32.95
4426,2706,CRM00000004426,2026-02-17 07:22:30,PHONE,PRODUCT_INQUIRY,RESOLVED,LOW,19.29
4427,2707,CRM00000004427,2026-03-12 07:23:07,EMAIL,ADVISORY,RESOLVED,MEDIUM,9.65
4428,2708,CRM00000004428,2026-07-25 14:55:29,BRANCH,ONBOARDING,RESOLVED,MEDIUM,24.74
4429,2709,CRM00000004429,2026-05-23 11:51:37,EMAIL,ADVISORY,OPEN,HIGH,
4430,2710,CRM00000004430,2026-04-05 17:49:49,EMAIL,PRODUCT_INQUIRY,RESOLVED,MEDIUM,69.5
4431,2710,CRM00000004431,2026-07-08 14:57:19,PHONE,ADVISORY,RESOLVED,MEDIUM,19.29
4432,2712,CRM00000004432,2026-04-25 08:00:56,PHONE,PRODUCT_INQUIRY,RESOLVED,MEDIUM,19.87
4433,2714,CRM00000004433,2026-07-19 11:07:14,EMAIL,COMPLAINT,RESOLVED,MEDIUM,26.6
4434,2714,CRM00000004434,2025-09-20 20:16:32,EMAIL,DISPUTE,RESOLVED,MEDIUM,11.97
4435,2715,CRM00000004435,2026-06-09 18:53:10,PHONE,RETENTION,RESOLVED,LOW,4.29
4436,2716,CRM00000004436,2026-02-25 00:09:52,PHONE,COMPLAINT,ESCALATED,HIGH,
4437,2716,CRM00000004437,2026-02-18 20:01:10,PHONE,ADVISORY,RESOLVED,MEDIUM,11.47
4438,2717,CRM00000004438,2025-12-22 02:24:54,CHAT,PRODUCT_INQUIRY,OPEN,MEDIUM,
4439,2719,CRM00000004439,2025-11-24 15:25:32,BRANCH,PRODUCT_INQUIRY,RESOLVED,MEDIUM,11.15
4440,2719,CRM00000004440,2026-05-25 16:45:56,PHONE,PRODUCT_INQUIRY,RESOLVED,HIGH,12.66
4441,2719,CRM00000004441,2026-07-15 11:27:10,PHONE,ADVISORY,IN_PROGRESS,MEDIUM,
4442,2720,CRM00000004442,2026-05-20 21:12:42,RM_VISIT,ONBOARDING,ESCALATED,MEDIUM,
4443,2721,CRM00000004443,2026-01-13 08:00:18,PHONE,ADVISORY,RESOLVED,MEDIUM,15.88
4444,2721,CRM00000004444,2026-08-22 10:01:13,PHONE,COMPLAINT,RESOLVED,MEDIUM,8.39
4445,2722,CRM00000004445,2026-05-08 22:37:34,BRANCH,COMPLAINT,IN_PROGRESS,MEDIUM,
4446,2722,CRM00000004446,2025-10-22 07:54:20,PHONE,PRODUCT_INQUIRY,RESOLVED,MEDIUM,9.29
4447,2723,CRM00000004447,2026-03-11 02:43:36,BRANCH,RETENTION,RESOLVED,MEDIUM,7.91
4448,2723,CRM00000004448,2025-11-07 23:19:01,EMAIL,PRODUCT_INQUIRY,RESOLVED,LOW,3.89
4449,2723,CRM00000004449,2026-04-06 00:39:21,BRANCH,DISPUTE,RESOLVED,HIGH,20.82
4450,2724,CRM00000004450,2026-07-29 00:52:58,PHONE,PRODUCT_INQUIRY,RESOLVED,HIGH,11.6
4451,2724,CRM00000004451,2026-07-31 07:45:54,PHONE,DISPUTE,IN_PROGRESS,MEDIUM,
4452,2726,CRM00000004452,2025-10-25 04:35:48,CHAT,COMPLAINT,IN_PROGRESS,HIGH,
4453,2726,CRM00000004453,2026-02-04 15:48:49,PHONE,RETENTION,IN_PROGRESS,MEDIUM,
4454,2726,CRM00000004454,2026-08-05 13:02:19,CHAT,RETENTION,IN_PROGRESS,HIGH,
4455,2727,CRM00000004455,2026-05-27 23:29:04,EMAIL,RETENTION,OPEN,LOW,
4456,2728,CRM00000004456,2026-02-12 14:16:53,EMAIL,DISPUTE,RESOLVED,LOW,6.25
4457,2728,CRM00000004457,2026-03-21 22:48:43,BRANCH,COMPLAINT,OPEN,LOW,
4458,2728,CRM00000004458,2026-08-23 18:45:33,EMAIL,COMPLAINT,RESOLVED,HIGH,26.37
4459,2728,CRM00000004459,2026-07-24 10:21:33,BRANCH,PRODUCT_INQUIRY,RESOLVED,HIGH,18.73
4460,2728,CRM00000004460,2026-07-25 22:46:04,BRANCH,ADVISORY,RESOLVED,MEDIUM,5.0
4461,2729,CRM00000004461,2026-05-16 08:21:21,PHONE,ONBOARDING,IN_PROGRESS,LOW,
4462,2730,CRM00000004462,2025-11-16 12:37:59,PHONE,RETENTION,IN_PROGRESS,MEDIUM,
4463,2731,CRM00000004463,2026-01-13 05:45:42,EMAIL,ONBOARDING,RESOLVED,HIGH,4.34
4464,2731,CRM00000004464,2025-10-30 18:52:38,BRANCH,COMPLAINT,RESOLVED,MEDIUM,25.06
4465,2731,CRM00000004465,2025-11-10 13:47:34,PHONE,PRODUCT_INQUIRY,RESOLVED,HIGH,10.85
4466,2732,CRM00000004466,2026-04-25 04:53:02,CHAT,DISPUTE,ESCALATED,MEDIUM,
4467,2733,CRM00000004467,2026-01-14 14:42:50,CHAT,PRODUCT_INQUIRY,OPEN,MEDIUM,
4468,2734,CRM00000004468,2026-04-26 14:41:11,EMAIL,ADVISORY,RESOLVED,MEDIUM,16.3
4469,2734,CRM00000004469,2025-09-09 21:33:33,CHAT,COMPLAINT,RESOLVED,MEDIUM,6.72
4470,2734,CRM00000004470,2026-01-08 11:11:26,BRANCH,COMPLAINT,RESOLVED,HIGH,4.92
4471,2734,CRM00000004471,2026-01-05 23:30:01,PHONE,ONBOARDING,RESOLVED,LOW,25.14
4472,2734,CRM00000004472,2026-03-10 03:56:02,PHONE,COMPLAINT,OPEN,MEDIUM,
4473,2735,CRM00000004473,2025-10-30 06:41:56,CHAT,ADVISORY,RESOLVED,HIGH,3.89
4474,2735,CRM00000004474,2025-12-10 03:14:18,EMAIL,PRODUCT_INQUIRY,RESOLVED,HIGH,13.84
4475,2735,CRM00000004475,2025-12-16 10:47:31,RM_VISIT,ADVISORY,RESOLVED,HIGH,5.8
4476,2737,CRM00000004476,2026-01-31 09:25:09,BRANCH,PRODUCT_INQUIRY,RESOLVED,MEDIUM,23.15
4477,2737,CRM00000004477,2026-04-07 16:45:08,EMAIL,RETENTION,RESOLVED,HIGH,17.45
4478,2737,CRM00000004478,2026-07-14 07:07:01,CHAT,RETENTION,OPEN,LOW,
4479,2737,CRM00000004479,2025-09-06 07:33:40,CHAT,ONBOARDING,OPEN,URGENT,
4480,2737,CRM00000004480,2026-05-22 03:16:06,PHONE,PRODUCT_INQUIRY,IN_PROGRESS,MEDIUM,
4481,2739,CRM00000004481,2025-12-05 01:25:03,CHAT,COMPLAINT,RESOLVED,LOW,0.78
4482,2739,CRM00000004482,2026-01-02 21:50:16,RM_VISIT,RETENTION,RESOLVED,MEDIUM,37.25
4483,2739,CRM00000004483,2026-02-16 01:31:33,EMAIL,COMPLAINT,RESOLVED,MEDIUM,8.6
4484,2739,CRM00000004484,2026-05-05 19:11:42,CHAT,ADVISORY,OPEN,LOW,
4485,2739,CRM00000004485,2025-10-26 15:16:21,CHAT,PRODUCT_INQUIRY,OPEN,LOW,
4486,2740,CRM00000004486,2026-02-07 10:20:46,EMAIL,PRODUCT_INQUIRY,RESOLVED,HIGH,4.22
4487,2741,CRM00000004487,2025-09-07 10:26:36,RM_VISIT,PRODUCT_INQUIRY,RESOLVED,MEDIUM,30.26
4488,2741,CRM00000004488,2026-01-05 12:31:40,BRANCH,ADVISORY,RESOLVED,MEDIUM,26.73
4489,2742,CRM00000004489,2026-03-01 09:14:46,BRANCH,DISPUTE,RESOLVED,MEDIUM,3.09
4490,2743,CRM00000004490,2026-01-25 18:56:18,PHONE,PRODUCT_INQUIRY,RESOLVED,LOW,19.31
4491,2743,CRM00000004491,2026-05-19 17:51:44,PHONE,ADVISORY,RESOLVED,LOW,17.14
4492,2743,CRM00000004492,2026-03-27 12:56:06,EMAIL,RETENTION,IN_PROGRESS,LOW,
4493,2743,CRM00000004493,2025-11-12 21:36:17,BRANCH,COMPLAINT,RESOLVED,MEDIUM,23.73
4494,2744,CRM00000004494,2026-02-16 16:16:46,PHONE,COMPLAINT,RESOLVED,MEDIUM,11.5
4495,2745,CRM00000004495,2026-06-18 02:21:04,EMAIL,PRODUCT_INQUIRY,RESOLVED,LOW,14.89
4496,2745,CRM00000004496,2026-07-26 05:29:01,CHAT,PRODUCT_INQUIRY,RESOLVED,MEDIUM,11.33
4497,2746,CRM00000004497,2026-05-18 23:50:40,EMAIL,ONBOARDING,IN_PROGRESS,HIGH,
4498,2747,CRM00000004498,2026-03-28 01:06:47,BRANCH,ADVISORY,RESOLVED,LOW,2.33
4499,2747,CRM00000004499,2025-12-16 20:11:04,EMAIL,PRODUCT_INQUIRY,RESOLVED,HIGH,14.85
4500,2747,CRM00000004500,2025-12-13 12:01:50,CHAT,COMPLAINT,RESOLVED,LOW,18.94
4501,2749,CRM00000004501,2026-05-06 04:01:58,PHONE,ADVISORY,RESOLVED,MEDIUM,11.93
4502,2749,CRM00000004502,2025-11-01 14:53:09,PHONE,ONBOARDING,RESOLVED,MEDIUM,3.76
4503,2749,CRM00000004503,2026-03-14 04:02:17,RM_VISIT,ADVISORY,IN_PROGRESS,HIGH,
4504,2749,CRM00000004504,2026-07-22 09:34:49,PHONE,PRODUCT_INQUIRY,RESOLVED,MEDIUM,5.1
4505,2750,CRM00000004505,2026-05-20 19:10:33,EMAIL,ADVISORY,RESOLVED,LOW,21.41
4506,2750,CRM00000004506,2025-12-14 00:08:40,PHONE,COMPLAINT,ESCALATED,LOW,
4507,2750,CRM00000004507,2026-04-10 17:39:27,PHONE,ONBOARDING,RESOLVED,MEDIUM,27.36
4508,2751,CRM00000004508,2026-06-06 14:15:43,PHONE,COMPLAINT,IN_PROGRESS,MEDIUM,
4509,2752,CRM00000004509,2026-01-13 13:56:16,PHONE,RETENTION,RESOLVED,HIGH,15.73
4510,2752,CRM00000004510,2026-04-27 14:18:37,EMAIL,RETENTION,RESOLVED,MEDIUM,3.73
4511,2752,CRM00000004511,2026-01-30 11:03:44,EMAIL,RETENTION,ESCALATED,LOW,
4512,2752,CRM00000004512,2026-03-02 22:20:38,PHONE,PRODUCT_INQUIRY,IN_PROGRESS,MEDIUM,
4513,2752,CRM00000004513,2025-11-06 21:02:14,BRANCH,PRODUCT_INQUIRY,RESOLVED,LOW,27.24
4514,2753,CRM00000004514,2025-12-22 01:45:47,BRANCH,ADVISORY,IN_PROGRESS,HIGH,
4515,2754,CRM00000004515,2026-02-26 12:51:35,PHONE,COMPLAINT,OPEN,MEDIUM,
4516,2754,CRM00000004516,2026-02-05 03:52:19,BRANCH,PRODUCT_INQUIRY,RESOLVED,MEDIUM,1.23
4517,2754,CRM00000004517,2025-12-10 15:46:48,BRANCH,COMPLAINT,RESOLVED,LOW,8.12
4518,2754,CRM00000004518,2026-06-21 12:57:11,PHONE,DISPUTE,RESOLVED,LOW,26.01
4519,2754,CRM00000004519,2025-11-15 17:48:46,CHAT,ONBOARDING,RESOLVED,URGENT,11.97
4520,2754,CRM00000004520,2026-06-04 08:17:28,BRANCH,PRODUCT_INQUIRY,OPEN,HIGH,
4521,2755,CRM00000004521,2025-10-15 16:45:32,RM_VISIT,ADVISORY,OPEN,MEDIUM,
4522,2755,CRM00000004522,2025-11-06 13:29:40,EMAIL,DISPUTE,RESOLVED,LOW,5.93
4523,2756,CRM00000004523,2025-10-24 02:46:15,PHONE,RETENTION,OPEN,LOW,
4524,2757,CRM00000004524,2026-01-06 12:25:04,BRANCH,DISPUTE,RESOLVED,MEDIUM,14.53
4525,2758,CRM00000004525,2026-01-10 23:19:44,CHAT,RETENTION,RESOLVED,MEDIUM,11.17
4526,2758,CRM00000004526,2025-12-08 06:20:37,PHONE,RETENTION,RESOLVED,LOW,30.58
4527,2758,CRM00000004527,2026-01-22 17:00:31,RM_VISIT,RETENTION,OPEN,MEDIUM,
4528,2759,CRM00000004528,2025-10-31 19:12:40,PHONE,ONBOARDING,RESOLVED,LOW,4.98
4529,2759,CRM00000004529,2026-01-21 06:47:16,PHONE,RETENTION,IN_PROGRESS,MEDIUM,
4530,2759,CRM00000004530,2025-08-30 13:54:12,EMAIL,PRODUCT_INQUIRY,RESOLVED,MEDIUM,33.81
4531,2759,CRM00000004531,2026-08-26 18:11:24,PHONE,RETENTION,ESCALATED,LOW,
4532,2760,CRM00000004532,2025-11-06 12:39:54,EMAIL,ONBOARDING,RESOLVED,MEDIUM,10.56
4533,2761,CRM00000004533,2026-06-09 14:20:23,BRANCH,RETENTION,RESOLVED,MEDIUM,8.57
4534,2762,CRM00000004534,2026-02-25 21:18:01,CHAT,COMPLAINT,OPEN,HIGH,
4535,2762,CRM00000004535,2026-05-06 03:24:55,BRANCH,PRODUCT_INQUIRY,RESOLVED,MEDIUM,2.05
4536,2763,CRM00000004536,2026-01-20 17:33:12,CHAT,ADVISORY,OPEN,HIGH,
4537,2763,CRM00000004537,2026-05-30 03:46:56,EMAIL,ADVISORY,IN_PROGRESS,MEDIUM,
4538,2764,CRM00000004538,2026-08-15 12:11:13,BRANCH,COMPLAINT,OPEN,MEDIUM,
4539,2765,CRM00000004539,2025-09-05 15:30:40,CHAT,COMPLAINT,RESOLVED,LOW,8.73
4540,2765,CRM00000004540,2026-07-06 05:53:48,EMAIL,ADVISORY,RESOLVED,LOW,10.08
4541,2766,CRM00000004541,2026-01-03 02:46:01,PHONE,ADVISORY,IN_PROGRESS,LOW,
4542,2766,CRM00000004542,2026-04-19 17:13:34,CHAT,DISPUTE,RESOLVED,HIGH,4.85
4543,2766,CRM00000004543,2025-09-06 20:33:19,PHONE,COMPLAINT,OPEN,HIGH,
4544,2766,CRM00000004544,2026-07-27 06:45:28,PHONE,COMPLAINT,RESOLVED,MEDIUM,17.47
4545,2767,CRM00000004545,2026-01-15 17:20:40,EMAIL,ADVISORY,RESOLVED,LOW,1.41
4546,2768,CRM00000004546,2025-10-20 15:07:50,PHONE,RETENTION,RESOLVED,MEDIUM,12.36
4547,2769,CRM00000004547,2026-07-27 18:54:34,PHONE,COMPLAINT,RESOLVED,MEDIUM,22.26
4548,2769,CRM00000004548,2026-07-07 07:11:05,BRANCH,ADVISORY,RESOLVED,LOW,20.85
4549,2771,CRM00000004549,2026-05-16 10:46:50,CHAT,ONBOARDING,RESOLVED,LOW,1.57
4550,2771,CRM00000004550,2026-02-26 16:58:39,BRANCH,RETENTION,RESOLVED,MEDIUM,4.3
4551,2771,CRM00000004551,2025-09-30 12:37:53,EMAIL,COMPLAINT,ESCALATED,LOW,
4552,2772,CRM00000004552,2026-06-09 20:26:37,PHONE,ONBOARDING,RESOLVED,LOW,8.64
4553,2773,CRM00000004553,2026-04-21 12:46:05,BRANCH,RETENTION,IN_PROGRESS,URGENT,
4554,2773,CRM00000004554,2026-07-15 02:35:40,PHONE,ONBOARDING,RESOLVED,URGENT,10.28
4555,2773,CRM00000004555,2025-11-17 22:06:44,PHONE,PRODUCT_INQUIRY,RESOLVED,HIGH,10.76
4556,2774,CRM00000004556,2025-11-18 02:12:47,PHONE,DISPUTE,RESOLVED,MEDIUM,10.95
4557,2774,CRM00000004557,2025-10-04 03:42:25,PHONE,ONBOARDING,RESOLVED,HIGH,3.55
4558,2774,CRM00000004558,2025-12-01 01:31:58,EMAIL,ADVISORY,RESOLVED,HIGH,26.93
4559,2775,CRM00000004559,2026-03-07 19:43:34,PHONE,PRODUCT_INQUIRY,ESCALATED,HIGH,
4560,2775,CRM00000004560,2025-09-16 05:51:10,EMAIL,RETENTION,RESOLVED,MEDIUM,18.66
4561,2775,CRM00000004561,2026-01-18 21:27:58,PHONE,RETENTION,RESOLVED,MEDIUM,13.38
4562,2776,CRM00000004562,2026-05-03 16:28:50,BRANCH,DISPUTE,IN_PROGRESS,MEDIUM,
4563,2777,CRM00000004563,2026-03-31 13:54:55,PHONE,RETENTION,RESOLVED,URGENT,19.08
4564,2777,CRM00000004564,2025-10-26 01:46:20,PHONE,DISPUTE,RESOLVED,MEDIUM,10.42
4565,2777,CRM00000004565,2026-02-23 00:55:17,PHONE,PRODUCT_INQUIRY,RESOLVED,LOW,6.87
4566,2778,CRM00000004566,2025-10-01 02:26:20,PHONE,RETENTION,OPEN,LOW,
4567,2778,CRM00000004567,2026-05-03 16:55:34,RM_VISIT,COMPLAINT,RESOLVED,MEDIUM,20.39
4568,2778,CRM00000004568,2026-04-22 15:49:37,PHONE,ONBOARDING,RESOLVED,HIGH,8.14
4569,2779,CRM00000004569,2025-09-12 05:31:11,CHAT,ADVISORY,RESOLVED,LOW,32.24
4570,2779,CRM00000004570,2026-04-22 16:25:32,BRANCH,RETENTION,RESOLVED,HIGH,18.49
4571,2779,CRM00000004571,2026-04-23 06:13:25,PHONE,ADVISORY,RESOLVED,LOW,23.34
4572,2780,CRM00000004572,2026-06-06 07:09:49,PHONE,PRODUCT_INQUIRY,RESOLVED,LOW,12.96
4573,2780,CRM00000004573,2026-03-22 14:18:04,PHONE,PRODUCT_INQUIRY,RESOLVED,HIGH,10.25
4574,2781,CRM00000004574,2026-07-03 14:23:19,EMAIL,RETENTION,OPEN,MEDIUM,
4575,2781,CRM00000004575,2025-11-08 22:35:49,CHAT,PRODUCT_INQUIRY,IN_PROGRESS,HIGH,
4576,2781,CRM00000004576,2026-07-15 09:15:05,PHONE,COMPLAINT,RESOLVED,HIGH,8.95
4577,2781,CRM00000004577,2025-09-10 08:53:29,PHONE,PRODUCT_INQUIRY,RESOLVED,HIGH,7.77
4578,2781,CRM00000004578,2025-10-09 20:02:29,EMAIL,COMPLAINT,RESOLVED,HIGH,22.77
4579,2781,CRM00000004579,2026-01-20 00:03:23,CHAT,COMPLAINT,RESOLVED,LOW,1.08
4580,2781,CRM00000004580,2025-12-09 03:05:15,RM_VISIT,COMPLAINT,RESOLVED,URGENT,23.26
4581,2782,CRM00000004581,2026-02-24 23:55:24,EMAIL,RETENTION,RESOLVED,MEDIUM,6.88
4582,2782,CRM00000004582,2025-10-30 17:08:26,RM_VISIT,PRODUCT_INQUIRY,RESOLVED,HIGH,4.89
4583,2782,CRM00000004583,2026-03-10 21:01:15,EMAIL,ONBOARDING,IN_PROGRESS,MEDIUM,
4584,2783,CRM00000004584,2026-02-25 14:20:17,EMAIL,PRODUCT_INQUIRY,RESOLVED,LOW,20.8
4585,2783,CRM00000004585,2026-01-29 14:01:02,CHAT,PRODUCT_INQUIRY,IN_PROGRESS,MEDIUM,
4586,2784,CRM00000004586,2025-08-31 07:55:40,PHONE,ONBOARDING,RESOLVED,MEDIUM,2.03
4587,2785,CRM00000004587,2025-12-14 15:42:31,EMAIL,COMPLAINT,RESOLVED,HIGH,7.84
4588,2787,CRM00000004588,2026-05-08 13:17:29,CHAT,RETENTION,OPEN,MEDIUM,
4589,2787,CRM00000004589,2026-07-03 14:44:15,RM_VISIT,ADVISORY,RESOLVED,LOW,17.99
4590,2787,CRM00000004590,2025-09-06 04:29:13,EMAIL,ONBOARDING,RESOLVED,HIGH,10.67
4591,2787,CRM00000004591,2025-12-08 11:06:05,BRANCH,ADVISORY,ESCALATED,HIGH,
4592,2787,CRM00000004592,2026-01-14 06:43:07,BRANCH,RETENTION,ESCALATED,URGENT,
4593,2788,CRM00000004593,2025-08-28 10:59:34,EMAIL,DISPUTE,RESOLVED,LOW,5.95
4594,2789,CRM00000004594,2025-11-03 13:24:30,BRANCH,PRODUCT_INQUIRY,RESOLVED,MEDIUM,5.63
4595,2789,CRM00000004595,2026-02-28 12:17:28,EMAIL,PRODUCT_INQUIRY,RESOLVED,URGENT,2.12
4596,2789,CRM00000004596,2026-05-27 09:58:29,BRANCH,ADVISORY,OPEN,MEDIUM,
4597,2792,CRM00000004597,2026-06-20 19:03:18,CHAT,PRODUCT_INQUIRY,RESOLVED,MEDIUM,2.42
4598,2792,CRM00000004598,2026-03-14 06:59:28,BRANCH,DISPUTE,RESOLVED,MEDIUM,4.68
4599,2793,CRM00000004599,2025-11-12 08:36:08,PHONE,COMPLAINT,RESOLVED,MEDIUM,19.67
4600,2793,CRM00000004600,2025-10-02 11:20:34,EMAIL,RETENTION,RESOLVED,HIGH,3.69
4601,2793,CRM00000004601,2026-03-11 07:31:21,PHONE,RETENTION,RESOLVED,MEDIUM,5.06
4602,2794,CRM00000004602,2025-08-30 10:46:17,BRANCH,PRODUCT_INQUIRY,IN_PROGRESS,HIGH,
4603,2795,CRM00000004603,2025-09-27 04:11:02,EMAIL,PRODUCT_INQUIRY,RESOLVED,MEDIUM,11.53
4604,2799,CRM00000004604,2026-03-22 02:04:26,EMAIL,RETENTION,IN_PROGRESS,MEDIUM,
4605,2799,CRM00000004605,2025-09-12 07:25:57,PHONE,PRODUCT_INQUIRY,RESOLVED,MEDIUM,5.63
4606,2799,CRM00000004606,2026-08-16 04:13:28,EMAIL,DISPUTE,RESOLVED,MEDIUM,8.84
4607,2799,CRM00000004607,2026-03-02 09:19:10,PHONE,RETENTION,RESOLVED,MEDIUM,12.21
4608,2799,CRM00000004608,2026-04-12 15:01:55,EMAIL,PRODUCT_INQUIRY,RESOLVED,HIGH,41.34
4609,2800,CRM00000004609,2026-05-21 16:14:42,PHONE,ADVISORY,RESOLVED,MEDIUM,20.14
4610,2800,CRM00000004610,2025-09-26 03:21:49,CHAT,ONBOARDING,RESOLVED,URGENT,3.19
4611,2801,CRM00000004611,2025-12-28 16:53:43,CHAT,COMPLAINT,RESOLVED,MEDIUM,6.14
4612,2801,CRM00000004612,2025-10-14 11:49:06,EMAIL,PRODUCT_INQUIRY,RESOLVED,LOW,10.7
4613,2803,CRM00000004613,2025-10-28 02:36:40,CHAT,PRODUCT_INQUIRY,RESOLVED,MEDIUM,2.95
4614,2803,CRM00000004614,2026-07-07 09:03:37,PHONE,ADVISORY,IN_PROGRESS,HIGH,
4615,2803,CRM00000004615,2026-07-21 06:31:30,EMAIL,ONBOARDING,RESOLVED,HIGH,12.91
4616,2803,CRM00000004616,2026-03-28 04:34:16,PHONE,COMPLAINT,IN_PROGRESS,LOW,
4617,2805,CRM00000004617,2026-08-23 20:25:41,CHAT,ONBOARDING,RESOLVED,MEDIUM,15.12
4618,2806,CRM00000004618,2026-08-02 15:13:20,EMAIL,COMPLAINT,RESOLVED,LOW,10.96
4619,2807,CRM00000004619,2025-10-14 10:11:35,CHAT,DISPUTE,IN_PROGRESS,LOW,
4620,2807,CRM00000004620,2025-12-05 01:47:04,EMAIL,RETENTION,RESOLVED,MEDIUM,4.06
4621,2807,CRM00000004621,2026-03-20 16:40:13,PHONE,ADVISORY,RESOLVED,LOW,6.21
4622,2808,CRM00000004622,2026-08-26 20:17:26,CHAT,DISPUTE,RESOLVED,HIGH,12.52
4623,2808,CRM00000004623,2025-08-27 17:38:45,EMAIL,RETENTION,RESOLVED,MEDIUM,14.22
4624,2808,CRM00000004624,2025-11-01 20:45:32,BRANCH,RETENTION,RESOLVED,MEDIUM,21.8
4625,2809,CRM00000004625,2025-12-30 14:10:59,CHAT,PRODUCT_INQUIRY,RESOLVED,MEDIUM,17.05
4626,2809,CRM00000004626,2025-11-16 10:27:00,EMAIL,ADVISORY,IN_PROGRESS,MEDIUM,
4627,2810,CRM00000004627,2026-07-20 21:58:17,RM_VISIT,RETENTION,RESOLVED,MEDIUM,11.28
4628,2810,CRM00000004628,2026-04-24 08:43:17,RM_VISIT,ONBOARDING,RESOLVED,LOW,15.72
4629,2811,CRM00000004629,2026-08-19 20:48:29,CHAT,DISPUTE,RESOLVED,LOW,10.29
4630,2813,CRM00000004630,2025-11-15 21:29:54,BRANCH,ONBOARDING,RESOLVED,LOW,8.33
4631,2814,CRM00000004631,2026-06-22 02:55:08,EMAIL,PRODUCT_INQUIRY,RESOLVED,HIGH,6.91
4632,2814,CRM00000004632,2025-11-11 17:32:03,PHONE,PRODUCT_INQUIRY,IN_PROGRESS,HIGH,
4633,2815,CRM00000004633,2025-11-19 07:35:05,EMAIL,ADVISORY,RESOLVED,LOW,14.43
4634,2815,CRM00000004634,2026-07-02 20:00:05,RM_VISIT,ONBOARDING,IN_PROGRESS,LOW,
4635,2817,CRM00000004635,2025-12-04 22:38:46,BRANCH,PRODUCT_INQUIRY,RESOLVED,MEDIUM,8.86
4636,2818,CRM00000004636,2026-07-22 13:35:31,PHONE,DISPUTE,IN_PROGRESS,MEDIUM,
4637,2819,CRM00000004637,2026-01-09 09:17:12,PHONE,ADVISORY,RESOLVED,MEDIUM,13.55
4638,2821,CRM00000004638,2026-01-15 22:21:53,PHONE,COMPLAINT,RESOLVED,MEDIUM,2.31
4639,2821,CRM00000004639,2026-07-12 12:11:23,CHAT,ADVISORY,RESOLVED,LOW,13.89
4640,2821,CRM00000004640,2026-06-02 09:08:24,BRANCH,ADVISORY,RESOLVED,HIGH,8.7
4641,2821,CRM00000004641,2026-08-25 11:17:28,EMAIL,ADVISORY,IN_PROGRESS,LOW,
4642,2822,CRM00000004642,2026-01-13 05:27:54,PHONE,RETENTION,ESCALATED,LOW,
4643,2823,CRM00000004643,2026-01-29 16:47:52,PHONE,COMPLAINT,RESOLVED,LOW,19.52
4644,2823,CRM00000004644,2026-04-02 06:20:47,BRANCH,RETENTION,ESCALATED,LOW,
4645,2826,CRM00000004645,2026-06-20 00:50:57,PHONE,RETENTION,RESOLVED,MEDIUM,12.71
4646,2826,CRM00000004646,2026-05-20 14:52:35,RM_VISIT,RETENTION,RESOLVED,URGENT,12.03
4647,2826,CRM00000004647,2026-05-12 10:06:45,EMAIL,RETENTION,RESOLVED,HIGH,4.66
4648,2826,CRM00000004648,2026-06-29 20:05:21,PHONE,RETENTION,IN_PROGRESS,LOW,
4649,2827,CRM00000004649,2025-11-22 02:29:20,EMAIL,ONBOARDING,IN_PROGRESS,LOW,
4650,2828,CRM00000004650,2026-06-19 17:49:04,BRANCH,PRODUCT_INQUIRY,OPEN,HIGH,
4651,2830,CRM00000004651,2026-06-13 21:57:21,PHONE,PRODUCT_INQUIRY,IN_PROGRESS,LOW,
4652,2830,CRM00000004652,2026-01-06 15:18:54,BRANCH,RETENTION,IN_PROGRESS,HIGH,
4653,2831,CRM00000004653,2026-08-03 18:32:02,PHONE,DISPUTE,RESOLVED,HIGH,5.31
4654,2831,CRM00000004654,2026-08-10 10:41:19,PHONE,PRODUCT_INQUIRY,ESCALATED,MEDIUM,
4655,2831,CRM00000004655,2026-02-22 19:09:39,PHONE,COMPLAINT,RESOLVED,LOW,15.89
4656,2832,CRM00000004656,2026-07-03 22:39:14,PHONE,PRODUCT_INQUIRY,OPEN,HIGH,
4657,2832,CRM00000004657,2026-01-14 09:51:17,PHONE,ONBOARDING,IN_PROGRESS,HIGH,
4658,2834,CRM00000004658,2025-12-11 06:53:07,CHAT,COMPLAINT,RESOLVED,MEDIUM,31.92
4659,2835,CRM00000004659,2026-03-14 21:32:01,PHONE,PRODUCT_INQUIRY,RESOLVED,MEDIUM,23.96
4660,2835,CRM00000004660,2026-05-03 07:03:34,BRANCH,RETENTION,ESCALATED,HIGH,
4661,2836,CRM00000004661,2025-10-30 05:55:26,EMAIL,RETENTION,RESOLVED,LOW,9.29
4662,2836,CRM00000004662,2025-11-20 22:10:43,PHONE,RETENTION,OPEN,MEDIUM,
4663,2836,CRM00000004663,2026-05-19 08:42:14,PHONE,PRODUCT_INQUIRY,IN_PROGRESS,MEDIUM,
4664,2837,CRM00000004664,2026-02-08 18:24:49,RM_VISIT,RETENTION,RESOLVED,LOW,8.17
4665,2837,CRM00000004665,2026-03-29 22:12:23,PHONE,ADVISORY,IN_PROGRESS,HIGH,
4666,2837,CRM00000004666,2025-12-27 17:21:56,PHONE,RETENTION,RESOLVED,MEDIUM,10.21
4667,2837,CRM00000004667,2026-06-28 13:40:06,EMAIL,RETENTION,RESOLVED,MEDIUM,5.26
4668,2837,CRM00000004668,2026-08-08 14:18:33,BRANCH,ADVISORY,RESOLVED,MEDIUM,18.98
4669,2838,CRM00000004669,2026-05-21 13:48:56,BRANCH,PRODUCT_INQUIRY,OPEN,HIGH,
4670,2839,CRM00000004670,2026-07-10 14:13:37,EMAIL,RETENTION,IN_PROGRESS,LOW,
4671,2839,CRM00000004671,2026-03-10 01:38:33,BRANCH,ADVISORY,RESOLVED,MEDIUM,7.4
4672,2840,CRM00000004672,2026-06-25 09:31:15,CHAT,COMPLAINT,RESOLVED,HIGH,30.21
4673,2840,CRM00000004673,2026-03-25 05:28:45,CHAT,PRODUCT_INQUIRY,RESOLVED,MEDIUM,20.3
4674,2840,CRM00000004674,2025-12-20 23:21:43,BRANCH,ADVISORY,RESOLVED,MEDIUM,18.69
4675,2840,CRM00000004675,2026-07-04 22:22:43,BRANCH,PRODUCT_INQUIRY,RESOLVED,LOW,12.79
4676,2842,CRM00000004676,2026-02-11 19:14:34,BRANCH,ADVISORY,OPEN,HIGH,
4677,2842,CRM00000004677,2025-09-08 23:41:46,PHONE,PRODUCT_INQUIRY,RESOLVED,MEDIUM,16.71
4678,2845,CRM00000004678,2026-07-19 21:48:33,EMAIL,PRODUCT_INQUIRY,ESCALATED,HIGH,
4679,2845,CRM00000004679,2026-03-24 08:47:09,PHONE,PRODUCT_INQUIRY,ESCALATED,URGENT,
4680,2845,CRM00000004680,2026-06-07 16:14:53,RM_VISIT,COMPLAINT,RESOLVED,HIGH,16.35
4681,2845,CRM00000004681,2025-12-18 20:55:29,PHONE,ADVISORY,RESOLVED,LOW,47.79
4682,2846,CRM00000004682,2026-02-27 21:02:01,EMAIL,PRODUCT_INQUIRY,OPEN,LOW,
4683,2847,CRM00000004683,2026-06-09 22:40:03,CHAT,PRODUCT_INQUIRY,OPEN,LOW,
4684,2847,CRM00000004684,2026-04-17 01:34:09,BRANCH,PRODUCT_INQUIRY,RESOLVED,MEDIUM,13.46
4685,2849,CRM00000004685,2025-12-31 10:50:26,PHONE,PRODUCT_INQUIRY,RESOLVED,HIGH,12.91
4686,2849,CRM00000004686,2026-05-23 14:36:05,RM_VISIT,ADVISORY,IN_PROGRESS,MEDIUM,
4687,2850,CRM00000004687,2025-09-15 00:27:02,PHONE,ADVISORY,RESOLVED,LOW,18.38
4688,2852,CRM00000004688,2026-01-29 11:39:35,CHAT,PRODUCT_INQUIRY,OPEN,MEDIUM,
4689,2852,CRM00000004689,2026-05-31 16:24:40,PHONE,RETENTION,IN_PROGRESS,MEDIUM,
4690,2853,CRM00000004690,2026-04-03 07:02:11,CHAT,COMPLAINT,RESOLVED,LOW,4.75
4691,2855,CRM00000004691,2026-05-12 15:20:51,PHONE,RETENTION,RESOLVED,LOW,11.0
4692,2855,CRM00000004692,2026-07-20 10:34:31,PHONE,RETENTION,RESOLVED,MEDIUM,5.16
4693,2855,CRM00000004693,2026-04-05 12:43:30,PHONE,DISPUTE,RESOLVED,MEDIUM,8.97
4694,2856,CRM00000004694,2025-10-15 19:35:48,EMAIL,ADVISORY,IN_PROGRESS,HIGH,
4695,2856,CRM00000004695,2026-01-20 15:10:28,BRANCH,ONBOARDING,OPEN,MEDIUM,
4696,2857,CRM00000004696,2026-05-01 14:10:45,EMAIL,RETENTION,OPEN,MEDIUM,
4697,2857,CRM00000004697,2026-04-04 20:13:08,PHONE,RETENTION,RESOLVED,HIGH,4.76
4698,2858,CRM00000004698,2026-05-19 07:15:21,CHAT,COMPLAINT,RESOLVED,HIGH,15.11
4699,2858,CRM00000004699,2026-01-05 00:17:42,PHONE,PRODUCT_INQUIRY,RESOLVED,URGENT,10.92
4700,2859,CRM00000004700,2026-01-09 07:33:41,EMAIL,ADVISORY,RESOLVED,HIGH,10.21
4701,2859,CRM00000004701,2026-07-17 05:33:37,PHONE,RETENTION,RESOLVED,LOW,12.4
4702,2859,CRM00000004702,2026-05-07 16:16:26,RM_VISIT,RETENTION,RESOLVED,LOW,7.51
4703,2859,CRM00000004703,2025-11-08 05:13:40,PHONE,RETENTION,RESOLVED,MEDIUM,15.51
4704,2859,CRM00000004704,2026-01-01 22:01:37,CHAT,COMPLAINT,RESOLVED,LOW,18.77
4705,2860,CRM00000004705,2026-07-05 08:55:13,BRANCH,ONBOARDING,RESOLVED,MEDIUM,17.92
4706,2860,CRM00000004706,2026-07-01 11:20:30,CHAT,RETENTION,RESOLVED,LOW,15.41
4707,2860,CRM00000004707,2025-12-10 03:26:18,CHAT,ADVISORY,IN_PROGRESS,MEDIUM,
4708,2860,CRM00000004708,2025-10-20 10:54:47,PHONE,COMPLAINT,RESOLVED,HIGH,7.95
4709,2861,CRM00000004709,2026-01-12 07:49:52,PHONE,RETENTION,RESOLVED,LOW,2.74
4710,2861,CRM00000004710,2026-04-09 11:39:23,CHAT,DISPUTE,RESOLVED,LOW,15.71
4711,2861,CRM00000004711,2026-07-14 19:16:58,PHONE,PRODUCT_INQUIRY,RESOLVED,MEDIUM,5.58
4712,2866,CRM00000004712,2025-11-24 16:50:21,PHONE,RETENTION,RESOLVED,MEDIUM,20.72
4713,2866,CRM00000004713,2026-04-28 14:47:08,PHONE,RETENTION,IN_PROGRESS,MEDIUM,
4714,2866,CRM00000004714,2025-12-13 23:23:36,EMAIL,ADVISORY,RESOLVED,HIGH,6.74
4715,2866,CRM00000004715,2026-03-04 09:08:29,PHONE,COMPLAINT,ESCALATED,MEDIUM,
4716,2867,CRM00000004716,2026-04-03 23:06:53,BRANCH,COMPLAINT,OPEN,HIGH,
4717,2867,CRM00000004717,2025-11-23 20:55:54,BRANCH,PRODUCT_INQUIRY,RESOLVED,MEDIUM,9.59
4718,2867,CRM00000004718,2026-04-29 13:19:22,PHONE,ONBOARDING,RESOLVED,LOW,6.7
4719,2867,CRM00000004719,2026-03-11 08:53:32,PHONE,PRODUCT_INQUIRY,RESOLVED,LOW,7.86
4720,2868,CRM00000004720,2026-05-16 14:43:51,EMAIL,RETENTION,RESOLVED,LOW,22.16
4721,2868,CRM00000004721,2026-05-20 17:20:22,CHAT,ADVISORY,RESOLVED,HIGH,26.04
4722,2868,CRM00000004722,2026-04-23 09:27:48,EMAIL,PRODUCT_INQUIRY,OPEN,LOW,
4723,2869,CRM00000004723,2026-08-12 03:32:39,CHAT,COMPLAINT,RESOLVED,LOW,20.83
4724,2869,CRM00000004724,2026-06-23 21:08:38,CHAT,PRODUCT_INQUIRY,IN_PROGRESS,URGENT,
4725,2869,CRM00000004725,2026-02-20 09:22:57,EMAIL,ADVISORY,RESOLVED,MEDIUM,8.88
4726,2870,CRM00000004726,2026-02-11 11:03:58,CHAT,COMPLAINT,RESOLVED,HIGH,8.6
4727,2871,CRM00000004727,2026-08-11 15:19:55,CHAT,RETENTION,IN_PROGRESS,MEDIUM,
4728,2871,CRM00000004728,2026-06-13 04:54:08,CHAT,ADVISORY,RESOLVED,MEDIUM,31.79
4729,2871,CRM00000004729,2025-12-11 08:14:11,EMAIL,DISPUTE,RESOLVED,MEDIUM,11.05
4730,2871,CRM00000004730,2026-05-21 02:05:31,CHAT,PRODUCT_INQUIRY,RESOLVED,HIGH,8.88
4731,2871,CRM00000004731,2026-01-18 23:10:51,PHONE,COMPLAINT,RESOLVED,LOW,13.97
4732,2872,CRM00000004732,2025-11-07 23:54:19,BRANCH,ADVISORY,RESOLVED,MEDIUM,8.08
4733,2873,CRM00000004733,2026-05-26 19:54:17,PHONE,ADVISORY,RESOLVED,LOW,20.2
4734,2873,CRM00000004734,2025-12-29 22:03:37,CHAT,RETENTION,RESOLVED,LOW,27.16
4735,2875,CRM00000004735,2026-03-02 00:26:57,PHONE,PRODUCT_INQUIRY,RESOLVED,LOW,5.35
4736,2875,CRM00000004736,2025-10-13 15:05:43,PHONE,ONBOARDING,RESOLVED,HIGH,9.24
4737,2875,CRM00000004737,2026-02-16 14:32:29,PHONE,PRODUCT_INQUIRY,RESOLVED,URGENT,13.91
4738,2875,CRM00000004738,2026-08-03 18:00:31,CHAT,DISPUTE,ESCALATED,MEDIUM,
4739,2876,CRM00000004739,2026-03-06 12:07:59,CHAT,ADVISORY,OPEN,HIGH,
4740,2876,CRM00000004740,2026-08-12 16:44:20,EMAIL,PRODUCT_INQUIRY,IN_PROGRESS,URGENT,
4741,2877,CRM00000004741,2025-11-13 23:20:26,BRANCH,ONBOARDING,ESCALATED,MEDIUM,
4742,2878,CRM00000004742,2025-09-30 16:57:29,EMAIL,COMPLAINT,RESOLVED,LOW,16.6
4743,2879,CRM00000004743,2026-06-15 08:36:40,BRANCH,PRODUCT_INQUIRY,RESOLVED,HIGH,1.98
4744,2880,CRM00000004744,2026-07-14 10:57:13,EMAIL,COMPLAINT,RESOLVED,HIGH,14.68
4745,2880,CRM00000004745,2026-07-09 01:33:44,EMAIL,COMPLAINT,RESOLVED,HIGH,4.38
4746,2880,CRM00000004746,2026-04-26 20:19:30,CHAT,ONBOARDING,RESOLVED,LOW,11.57
4747,2880,CRM00000004747,2025-09-07 06:38:57,CHAT,ADVISORY,ESCALATED,URGENT,
4748,2881,CRM00000004748,2026-03-20 08:28:20,EMAIL,ONBOARDING,RESOLVED,MEDIUM,1.55
4749,2882,CRM00000004749,2026-04-15 20:16:33,PHONE,COMPLAINT,OPEN,LOW,
4750,2882,CRM00000004750,2025-09-23 05:34:27,PHONE,COMPLAINT,RESOLVED,MEDIUM,22.6
4751,2883,CRM00000004751,2025-09-22 16:18:22,RM_VISIT,PRODUCT_INQUIRY,IN_PROGRESS,LOW,
4752,2884,CRM00000004752,2025-12-25 18:54:26,PHONE,PRODUCT_INQUIRY,ESCALATED,MEDIUM,
4753,2884,CRM00000004753,2025-12-20 13:23:29,PHONE,COMPLAINT,RESOLVED,LOW,5.53
4754,2885,CRM00000004754,2025-11-05 06:09:54,EMAIL,DISPUTE,RESOLVED,MEDIUM,33.02
4755,2886,CRM00000004755,2026-07-06 16:45:06,PHONE,PRODUCT_INQUIRY,RESOLVED,MEDIUM,18.27
4756,2886,CRM00000004756,2026-03-23 12:27:29,PHONE,ADVISORY,RESOLVED,LOW,12.03
4757,2887,CRM00000004757,2025-09-14 03:37:22,PHONE,PRODUCT_INQUIRY,OPEN,LOW,
4758,2887,CRM00000004758,2026-05-11 11:28:21,PHONE,PRODUCT_INQUIRY,RESOLVED,HIGH,11.43
4759,2889,CRM00000004759,2026-01-25 00:25:18,EMAIL,ADVISORY,RESOLVED,URGENT,4.23
4760,2889,CRM00000004760,2025-12-08 08:31:25,CHAT,RETENTION,OPEN,MEDIUM,
4761,2890,CRM00000004761,2026-06-25 03:22:07,CHAT,ONBOARDING,RESOLVED,MEDIUM,3.96
4762,2890,CRM00000004762,2026-07-12 22:20:19,CHAT,PRODUCT_INQUIRY,RESOLVED,MEDIUM,19.06
4763,2890,CRM00000004763,2026-03-29 06:51:40,EMAIL,RETENTION,RESOLVED,MEDIUM,22.1
4764,2891,CRM00000004764,2026-01-25 17:13:47,PHONE,PRODUCT_INQUIRY,RESOLVED,MEDIUM,9.73
4765,2891,CRM00000004765,2026-07-27 07:06:00,CHAT,RETENTION,ESCALATED,HIGH,
4766,2892,CRM00000004766,2025-11-11 19:20:10,PHONE,PRODUCT_INQUIRY,RESOLVED,LOW,14.92
4767,2892,CRM00000004767,2025-12-21 16:28:58,PHONE,ONBOARDING,RESOLVED,MEDIUM,3.78
4768,2893,CRM00000004768,2026-08-21 19:11:18,EMAIL,ADVISORY,RESOLVED,MEDIUM,8.91
4769,2893,CRM00000004769,2026-03-13 00:38:05,EMAIL,COMPLAINT,OPEN,MEDIUM,
4770,2894,CRM00000004770,2026-04-07 07:52:52,BRANCH,PRODUCT_INQUIRY,RESOLVED,MEDIUM,3.09
4771,2894,CRM00000004771,2025-11-12 18:21:45,CHAT,ONBOARDING,OPEN,MEDIUM,
4772,2896,CRM00000004772,2026-06-07 14:43:39,EMAIL,ADVISORY,RESOLVED,MEDIUM,13.59
4773,2896,CRM00000004773,2026-03-23 21:08:28,PHONE,DISPUTE,RESOLVED,URGENT,12.15
4774,2896,CRM00000004774,2026-04-01 14:08:03,PHONE,COMPLAINT,RESOLVED,MEDIUM,4.11
4775,2897,CRM00000004775,2025-10-19 11:00:13,CHAT,PRODUCT_INQUIRY,RESOLVED,LOW,3.94
4776,2898,CRM00000004776,2026-06-26 07:10:02,EMAIL,COMPLAINT,RESOLVED,MEDIUM,13.5
4777,2898,CRM00000004777,2025-10-25 02:24:22,PHONE,ONBOARDING,OPEN,LOW,
4778,2900,CRM00000004778,2025-10-05 22:17:22,EMAIL,PRODUCT_INQUIRY,RESOLVED,MEDIUM,5.87
4779,2901,CRM00000004779,2025-12-21 02:26:54,PHONE,COMPLAINT,IN_PROGRESS,LOW,
4780,2901,CRM00000004780,2026-06-24 20:46:16,PHONE,PRODUCT_INQUIRY,RESOLVED,LOW,18.96
4781,2901,CRM00000004781,2026-05-14 03:30:08,EMAIL,ONBOARDING,RESOLVED,LOW,17.52
4782,2902,CRM00000004782,2025-12-25 16:42:46,EMAIL,RETENTION,RESOLVED,HIGH,6.36
4783,2903,CRM00000004783,2026-01-27 15:59:33,BRANCH,ONBOARDING,IN_PROGRESS,MEDIUM,
4784,2903,CRM00000004784,2025-11-25 11:26:58,EMAIL,PRODUCT_INQUIRY,RESOLVED,MEDIUM,16.31
4785,2904,CRM00000004785,2025-10-09 22:13:30,EMAIL,COMPLAINT,RESOLVED,MEDIUM,3.23
4786,2905,CRM00000004786,2025-09-08 00:32:30,EMAIL,RETENTION,RESOLVED,MEDIUM,14.63
4787,2906,CRM00000004787,2025-09-07 03:14:20,PHONE,COMPLAINT,RESOLVED,MEDIUM,6.12
4788,2906,CRM00000004788,2025-10-10 22:08:34,RM_VISIT,RETENTION,OPEN,MEDIUM,
4789,2907,CRM00000004789,2026-08-01 11:46:47,CHAT,RETENTION,RESOLVED,LOW,20.07
4790,2908,CRM00000004790,2026-05-14 12:21:29,PHONE,PRODUCT_INQUIRY,RESOLVED,HIGH,3.72
4791,2908,CRM00000004791,2025-12-16 06:34:21,EMAIL,COMPLAINT,RESOLVED,LOW,17.48
4792,2909,CRM00000004792,2026-05-07 11:25:10,PHONE,RETENTION,OPEN,LOW,
4793,2909,CRM00000004793,2025-10-04 07:44:21,EMAIL,PRODUCT_INQUIRY,IN_PROGRESS,MEDIUM,
4794,2910,CRM00000004794,2025-12-22 12:23:04,PHONE,DISPUTE,RESOLVED,MEDIUM,25.04
4795,2910,CRM00000004795,2026-08-15 02:36:13,PHONE,ONBOARDING,RESOLVED,LOW,9.45
4796,2910,CRM00000004796,2026-03-25 00:12:49,PHONE,PRODUCT_INQUIRY,RESOLVED,HIGH,5.94
4797,2911,CRM00000004797,2025-11-12 02:28:39,PHONE,RETENTION,RESOLVED,MEDIUM,15.93
4798,2911,CRM00000004798,2026-04-28 08:18:58,CHAT,ADVISORY,IN_PROGRESS,HIGH,
4799,2911,CRM00000004799,2026-07-30 23:40:33,EMAIL,DISPUTE,IN_PROGRESS,LOW,
4800,2911,CRM00000004800,2026-06-10 07:56:58,BRANCH,RETENTION,RESOLVED,MEDIUM,1.87
4801,2913,CRM00000004801,2026-01-27 03:06:45,PHONE,RETENTION,RESOLVED,HIGH,12.44
4802,2914,CRM00000004802,2025-12-02 20:34:38,RM_VISIT,RETENTION,RESOLVED,LOW,1.09
4803,2914,CRM00000004803,2026-06-13 17:11:48,RM_VISIT,RETENTION,RESOLVED,MEDIUM,15.06
4804,2915,CRM00000004804,2026-06-14 14:19:42,CHAT,PRODUCT_INQUIRY,RESOLVED,HIGH,16.34
4805,2916,CRM00000004805,2026-05-15 15:23:08,EMAIL,DISPUTE,RESOLVED,MEDIUM,3.02
4806,2920,CRM00000004806,2026-03-07 10:11:34,CHAT,RETENTION,RESOLVED,MEDIUM,21.56
4807,2920,CRM00000004807,2025-11-25 22:12:26,PHONE,ADVISORY,RESOLVED,MEDIUM,2.08
4808,2922,CRM00000004808,2026-08-05 16:05:45,EMAIL,RETENTION,RESOLVED,MEDIUM,2.61
4809,2922,CRM00000004809,2026-05-21 22:20:57,PHONE,PRODUCT_INQUIRY,OPEN,URGENT,
4810,2922,CRM00000004810,2026-07-03 02:31:05,PHONE,PRODUCT_INQUIRY,RESOLVED,MEDIUM,15.3
4811,2924,CRM00000004811,2025-12-11 08:56:26,PHONE,RETENTION,IN_PROGRESS,LOW,
4812,2924,CRM00000004812,2026-06-17 14:59:48,CHAT,ADVISORY,RESOLVED,HIGH,17.08
4813,2925,CRM00000004813,2026-01-27 18:29:15,EMAIL,COMPLAINT,RESOLVED,HIGH,3.15
4814,2927,CRM00000004814,2026-06-01 21:08:50,PHONE,PRODUCT_INQUIRY,RESOLVED,LOW,12.58
4815,2928,CRM00000004815,2025-12-26 05:01:24,PHONE,ONBOARDING,RESOLVED,HIGH,30.86
4816,2928,CRM00000004816,2026-05-19 13:49:21,BRANCH,PRODUCT_INQUIRY,RESOLVED,LOW,16.41
4817,2929,CRM00000004817,2025-12-26 18:25:53,BRANCH,RETENTION,RESOLVED,HIGH,19.11
4818,2929,CRM00000004818,2026-05-17 20:17:17,BRANCH,ONBOARDING,IN_PROGRESS,MEDIUM,
4819,2930,CRM00000004819,2026-04-11 03:10:45,PHONE,RETENTION,RESOLVED,MEDIUM,6.27
4820,2930,CRM00000004820,2025-09-23 11:36:55,EMAIL,RETENTION,IN_PROGRESS,HIGH,
4821,2930,CRM00000004821,2026-04-25 18:26:33,PHONE,COMPLAINT,RESOLVED,LOW,0.88
4822,2930,CRM00000004822,2025-09-24 06:48:10,EMAIL,PRODUCT_INQUIRY,RESOLVED,MEDIUM,18.91
4823,2930,CRM00000004823,2026-06-16 09:04:33,PHONE,RETENTION,IN_PROGRESS,MEDIUM,
4824,2930,CRM00000004824,2025-11-18 09:58:59,CHAT,RETENTION,RESOLVED,HIGH,6.33
4825,2930,CRM00000004825,2026-07-31 09:21:15,PHONE,RETENTION,IN_PROGRESS,URGENT,
4826,2931,CRM00000004826,2026-04-13 03:49:58,PHONE,PRODUCT_INQUIRY,IN_PROGRESS,MEDIUM,
4827,2931,CRM00000004827,2026-02-23 07:03:09,BRANCH,ADVISORY,RESOLVED,HIGH,6.39
4828,2932,CRM00000004828,2026-03-10 13:07:23,BRANCH,PRODUCT_INQUIRY,RESOLVED,LOW,18.2
4829,2932,CRM00000004829,2026-04-13 15:48:50,PHONE,ONBOARDING,RESOLVED,MEDIUM,5.83
4830,2935,CRM00000004830,2026-05-30 14:32:53,PHONE,RETENTION,OPEN,MEDIUM,
4831,2935,CRM00000004831,2026-08-20 19:42:08,PHONE,RETENTION,RESOLVED,MEDIUM,5.6
4832,2936,CRM00000004832,2026-04-27 15:21:41,CHAT,PRODUCT_INQUIRY,RESOLVED,LOW,26.18
4833,2936,CRM00000004833,2026-06-01 07:22:35,PHONE,ADVISORY,RESOLVED,URGENT,11.15
4834,2937,CRM00000004834,2025-12-08 17:34:36,EMAIL,RETENTION,RESOLVED,MEDIUM,2.69
4835,2938,CRM00000004835,2025-11-26 22:57:13,PHONE,RETENTION,RESOLVED,MEDIUM,2.2
4836,2938,CRM00000004836,2026-03-29 17:51:10,PHONE,DISPUTE,ESCALATED,MEDIUM,
4837,2938,CRM00000004837,2025-12-25 03:54:35,BRANCH,DISPUTE,ESCALATED,HIGH,
4838,2938,CRM00000004838,2025-12-24 11:55:08,PHONE,RETENTION,RESOLVED,URGENT,20.44
4839,2938,CRM00000004839,2025-09-01 17:46:36,CHAT,ONBOARDING,RESOLVED,HIGH,5.76
4840,2939,CRM00000004840,2026-03-09 23:19:59,BRANCH,PRODUCT_INQUIRY,RESOLVED,URGENT,16.1
4841,2940,CRM00000004841,2026-07-20 23:44:24,EMAIL,PRODUCT_INQUIRY,RESOLVED,HIGH,9.38
4842,2941,CRM00000004842,2026-05-23 16:43:47,BRANCH,DISPUTE,RESOLVED,MEDIUM,18.38
4843,2942,CRM00000004843,2025-12-01 11:11:58,BRANCH,PRODUCT_INQUIRY,RESOLVED,MEDIUM,14.51
4844,2944,CRM00000004844,2025-09-19 15:54:17,PHONE,RETENTION,OPEN,LOW,
4845,2945,CRM00000004845,2025-12-29 04:40:34,PHONE,ONBOARDING,RESOLVED,HIGH,4.44
4846,2945,CRM00000004846,2026-07-12 15:10:49,PHONE,PRODUCT_INQUIRY,RESOLVED,LOW,23.65
4847,2946,CRM00000004847,2025-09-19 12:29:57,BRANCH,COMPLAINT,IN_PROGRESS,MEDIUM,
4848,2947,CRM00000004848,2026-01-10 17:04:06,BRANCH,RETENTION,ESCALATED,LOW,
4849,2947,CRM00000004849,2025-10-20 02:04:01,BRANCH,PRODUCT_INQUIRY,RESOLVED,LOW,10.32
4850,2948,CRM00000004850,2025-10-09 00:21:50,EMAIL,COMPLAINT,IN_PROGRESS,LOW,
4851,2948,CRM00000004851,2026-02-02 08:25:43,EMAIL,ADVISORY,RESOLVED,LOW,7.96
4852,2950,CRM00000004852,2026-06-05 12:06:12,PHONE,ADVISORY,OPEN,MEDIUM,
4853,2950,CRM00000004853,2026-04-24 22:18:33,PHONE,DISPUTE,RESOLVED,MEDIUM,16.77
4854,2950,CRM00000004854,2026-07-19 01:45:25,EMAIL,PRODUCT_INQUIRY,RESOLVED,HIGH,4.2
4855,2951,CRM00000004855,2026-07-09 21:43:24,EMAIL,ONBOARDING,RESOLVED,MEDIUM,2.94
4856,2951,CRM00000004856,2025-10-04 08:52:19,CHAT,ADVISORY,ESCALATED,MEDIUM,
4857,2952,CRM00000004857,2025-11-11 10:40:46,CHAT,ADVISORY,OPEN,MEDIUM,
4858,2953,CRM00000004858,2026-05-06 00:20:54,RM_VISIT,COMPLAINT,IN_PROGRESS,HIGH,
4859,2954,CRM00000004859,2025-11-30 17:52:31,RM_VISIT,COMPLAINT,RESOLVED,LOW,12.02
4860,2954,CRM00000004860,2026-03-14 19:13:27,PHONE,PRODUCT_INQUIRY,OPEN,HIGH,
4861,2955,CRM00000004861,2026-06-20 01:43:00,PHONE,ADVISORY,ESCALATED,MEDIUM,
4862,2956,CRM00000004862,2025-12-09 13:59:35,EMAIL,PRODUCT_INQUIRY,RESOLVED,LOW,29.13
4863,2958,CRM00000004863,2026-01-10 06:00:20,PHONE,RETENTION,RESOLVED,HIGH,4.3
4864,2958,CRM00000004864,2026-06-23 05:33:05,PHONE,RETENTION,ESCALATED,MEDIUM,
4865,2958,CRM00000004865,2025-10-04 21:14:11,PHONE,PRODUCT_INQUIRY,RESOLVED,LOW,9.87
4866,2959,CRM00000004866,2026-07-04 11:22:15,RM_VISIT,DISPUTE,IN_PROGRESS,MEDIUM,
4867,2961,CRM00000004867,2026-08-04 18:22:46,EMAIL,ONBOARDING,RESOLVED,LOW,24.58
4868,2961,CRM00000004868,2026-05-19 04:56:21,CHAT,COMPLAINT,RESOLVED,MEDIUM,11.02
4869,2961,CRM00000004869,2025-12-27 19:13:02,BRANCH,COMPLAINT,RESOLVED,MEDIUM,15.46
4870,2962,CRM00000004870,2026-01-22 21:13:46,PHONE,ONBOARDING,RESOLVED,LOW,16.38
4871,2962,CRM00000004871,2025-10-17 16:31:28,EMAIL,RETENTION,RESOLVED,MEDIUM,7.49
4872,2963,CRM00000004872,2026-02-07 18:20:58,BRANCH,COMPLAINT,RESOLVED,MEDIUM,14.95
4873,2964,CRM00000004873,2025-12-07 13:46:27,RM_VISIT,RETENTION,RESOLVED,HIGH,10.67
4874,2964,CRM00000004874,2026-05-02 19:51:52,PHONE,RETENTION,RESOLVED,MEDIUM,3.49
4875,2964,CRM00000004875,2025-12-21 18:28:38,BRANCH,COMPLAINT,RESOLVED,MEDIUM,13.61
4876,2965,CRM00000004876,2025-10-20 01:36:41,EMAIL,ADVISORY,RESOLVED,HIGH,15.36
4877,2965,CRM00000004877,2025-12-21 13:09:49,PHONE,COMPLAINT,IN_PROGRESS,HIGH,
4878,2966,CRM00000004878,2025-09-15 14:10:40,EMAIL,ONBOARDING,RESOLVED,LOW,14.05
4879,2967,CRM00000004879,2026-04-09 23:24:58,PHONE,RETENTION,OPEN,HIGH,
4880,2967,CRM00000004880,2025-09-19 17:39:12,RM_VISIT,ONBOARDING,RESOLVED,HIGH,5.41
4881,2967,CRM00000004881,2025-11-15 09:26:28,BRANCH,DISPUTE,RESOLVED,MEDIUM,6.97
4882,2967,CRM00000004882,2026-07-10 16:52:38,EMAIL,PRODUCT_INQUIRY,IN_PROGRESS,MEDIUM,
4883,2970,CRM00000004883,2026-06-28 04:02:53,PHONE,PRODUCT_INQUIRY,RESOLVED,HIGH,27.35
4884,2971,CRM00000004884,2025-09-21 20:56:04,EMAIL,PRODUCT_INQUIRY,RESOLVED,MEDIUM,25.07
4885,2971,CRM00000004885,2025-10-22 05:48:49,PHONE,ONBOARDING,RESOLVED,HIGH,13.74
4886,2971,CRM00000004886,2026-06-13 05:50:19,CHAT,PRODUCT_INQUIRY,RESOLVED,HIGH,8.41
4887,2972,CRM00000004887,2026-08-19 05:04:35,RM_VISIT,COMPLAINT,RESOLVED,MEDIUM,16.12
4888,2972,CRM00000004888,2025-10-01 23:58:13,BRANCH,RETENTION,IN_PROGRESS,MEDIUM,
4889,2972,CRM00000004889,2025-11-29 14:06:49,EMAIL,ONBOARDING,RESOLVED,LOW,12.08
4890,2972,CRM00000004890,2025-10-23 17:52:05,PHONE,RETENTION,RESOLVED,LOW,10.06
4891,2973,CRM00000004891,2026-04-24 02:15:11,PHONE,PRODUCT_INQUIRY,ESCALATED,HIGH,
4892,2973,CRM00000004892,2025-11-19 17:59:59,PHONE,DISPUTE,IN_PROGRESS,LOW,
4893,2973,CRM00000004893,2025-09-27 13:53:01,EMAIL,PRODUCT_INQUIRY,RESOLVED,MEDIUM,1.98
4894,2973,CRM00000004894,2025-12-06 16:52:41,PHONE,PRODUCT_INQUIRY,RESOLVED,LOW,4.58
4895,2973,CRM00000004895,2025-11-20 03:21:48,CHAT,COMPLAINT,OPEN,LOW,
4896,2976,CRM00000004896,2026-06-16 21:49:32,PHONE,PRODUCT_INQUIRY,ESCALATED,LOW,
4897,2977,CRM00000004897,2025-12-21 05:29:50,BRANCH,RETENTION,RESOLVED,URGENT,3.01
4898,2977,CRM00000004898,2026-08-22 13:04:33,EMAIL,RETENTION,RESOLVED,HIGH,5.74
4899,2978,CRM00000004899,2025-10-30 04:26:14,CHAT,PRODUCT_INQUIRY,RESOLVED,HIGH,4.28
4900,2978,CRM00000004900,2026-07-04 05:35:22,PHONE,RETENTION,RESOLVED,LOW,5.72
4901,2978,CRM00000004901,2026-05-31 07:53:39,RM_VISIT,PRODUCT_INQUIRY,RESOLVED,LOW,10.84
4902,2979,CRM00000004902,2026-06-27 09:04:14,CHAT,RETENTION,RESOLVED,LOW,12.01
4903,2979,CRM00000004903,2026-06-19 05:22:23,PHONE,RETENTION,IN_PROGRESS,LOW,
4904,2981,CRM00000004904,2025-12-15 01:00:56,EMAIL,ADVISORY,RESOLVED,LOW,16.8
4905,2982,CRM00000004905,2026-08-05 13:07:35,EMAIL,ADVISORY,RESOLVED,MEDIUM,5.51
4906,2982,CRM00000004906,2026-06-30 22:43:30,EMAIL,COMPLAINT,RESOLVED,URGENT,9.44
4907,2982,CRM00000004907,2025-12-20 01:26:56,EMAIL,COMPLAINT,ESCALATED,LOW,
4908,2983,CRM00000004908,2025-09-15 15:19:28,EMAIL,PRODUCT_INQUIRY,RESOLVED,URGENT,5.97
4909,2983,CRM00000004909,2026-08-21 06:00:08,EMAIL,PRODUCT_INQUIRY,RESOLVED,MEDIUM,25.69
4910,2983,CRM00000004910,2026-06-20 10:02:22,RM_VISIT,ADVISORY,OPEN,HIGH,
4911,2983,CRM00000004911,2025-12-24 16:38:10,CHAT,PRODUCT_INQUIRY,IN_PROGRESS,MEDIUM,
4912,2983,CRM00000004912,2025-12-03 01:53:40,PHONE,ADVISORY,ESCALATED,HIGH,
4913,2984,CRM00000004913,2025-09-07 07:10:29,CHAT,PRODUCT_INQUIRY,RESOLVED,LOW,7.0
4914,2984,CRM00000004914,2026-04-24 11:55:30,PHONE,PRODUCT_INQUIRY,RESOLVED,URGENT,11.02
4915,2985,CRM00000004915,2026-02-05 15:14:43,PHONE,PRODUCT_INQUIRY,RESOLVED,MEDIUM,7.01
4916,2985,CRM00000004916,2026-04-22 07:11:47,EMAIL,COMPLAINT,RESOLVED,MEDIUM,10.1
4917,2985,CRM00000004917,2025-09-11 19:07:43,CHAT,ONBOARDING,OPEN,MEDIUM,
4918,2986,CRM00000004918,2026-02-01 08:15:54,PHONE,RETENTION,ESCALATED,MEDIUM,
4919,2986,CRM00000004919,2025-12-21 23:11:49,CHAT,DISPUTE,RESOLVED,LOW,8.31
4920,2986,CRM00000004920,2026-01-20 09:32:58,BRANCH,RETENTION,OPEN,URGENT,
4921,2987,CRM00000004921,2025-09-07 07:28:02,CHAT,ADVISORY,RESOLVED,MEDIUM,15.58
4922,2987,CRM00000004922,2026-02-05 18:57:10,EMAIL,PRODUCT_INQUIRY,RESOLVED,HIGH,3.8
4923,2988,CRM00000004923,2025-11-04 01:56:44,CHAT,PRODUCT_INQUIRY,IN_PROGRESS,MEDIUM,
4924,2988,CRM00000004924,2026-02-13 18:07:29,PHONE,DISPUTE,RESOLVED,LOW,6.87
4925,2989,CRM00000004925,2026-01-14 17:38:58,PHONE,PRODUCT_INQUIRY,RESOLVED,MEDIUM,28.53
4926,2990,CRM00000004926,2026-08-16 13:25:05,BRANCH,ADVISORY,IN_PROGRESS,MEDIUM,
4927,2991,CRM00000004927,2025-09-26 22:49:08,EMAIL,COMPLAINT,RESOLVED,HIGH,7.29
4928,2992,CRM00000004928,2026-05-09 11:59:29,EMAIL,ONBOARDING,IN_PROGRESS,MEDIUM,
4929,2993,CRM00000004929,2026-02-05 13:33:34,EMAIL,DISPUTE,RESOLVED,LOW,6.35
4930,2993,CRM00000004930,2026-01-03 09:31:46,PHONE,ADVISORY,RESOLVED,LOW,13.96
4931,2995,CRM00000004931,2026-05-25 21:54:52,BRANCH,PRODUCT_INQUIRY,RESOLVED,LOW,7.28
4932,2996,CRM00000004932,2026-08-26 15:28:15,EMAIL,COMPLAINT,RESOLVED,LOW,10.44
4933,2996,CRM00000004933,2025-10-09 07:27:02,CHAT,DISPUTE,RESOLVED,MEDIUM,7.09
4934,2997,CRM00000004934,2026-06-23 19:25:13,EMAIL,PRODUCT_INQUIRY,RESOLVED,LOW,4.28
4935,2997,CRM00000004935,2026-03-17 01:58:49,BRANCH,RETENTION,ESCALATED,HIGH,
4936,2997,CRM00000004936,2026-02-27 02:59:26,EMAIL,RETENTION,RESOLVED,LOW,5.7
4937,2997,CRM00000004937,2026-03-09 08:27:15,EMAIL,RETENTION,RESOLVED,MEDIUM,10.12
4938,2998,CRM00000004938,2026-06-10 16:05:41,BRANCH,COMPLAINT,IN_PROGRESS,HIGH,
4939,2999,CRM00000004939,2025-09-21 13:26:49,EMAIL,RETENTION,RESOLVED,LOW,1.7
4940,2999,CRM00000004940,2025-12-07 21:26:03,PHONE,DISPUTE,IN_PROGRESS,LOW,
4941,3000,CRM00000004941,2026-08-19 13:15:57,EMAIL,PRODUCT_INQUIRY,RESOLVED,LOW,8.48
4942,3000,CRM00000004942,2026-07-26 05:19:23,PHONE,ADVISORY,RESOLVED,MEDIUM,3.26
4943,3000,CRM00000004943,2025-10-01 16:11:35,EMAIL,PRODUCT_INQUIRY,OPEN,MEDIUM,
4944,3000,CRM00000004944,2025-09-22 17:33:45,BRANCH,COMPLAINT,RESOLVED,LOW,2.78
4945,3000,CRM00000004945,2026-06-11 00:00:38,EMAIL,ADVISORY,RESOLVED,HIGH,13.77
4946,3003,CRM00000004946,2026-03-30 00:30:34,CHAT,DISPUTE,ESCALATED,URGENT,
4947,3004,CRM00000004947,2026-03-19 14:50:50,PHONE,RETENTION,RESOLVED,HIGH,25.28
4948,3004,CRM00000004948,2026-06-12 15:24:11,PHONE,RETENTION,RESOLVED,HIGH,22.0
4949,3004,CRM00000004949,2025-10-08 05:04:57,CHAT,ONBOARDING,RESOLVED,LOW,9.97
4950,3004,CRM00000004950,2026-03-29 15:35:33,RM_VISIT,RETENTION,RESOLVED,HIGH,21.37
4951,3007,CRM00000004951,2026-01-26 07:20:16,CHAT,PRODUCT_INQUIRY,RESOLVED,MEDIUM,14.57
4952,3007,CRM00000004952,2026-03-28 02:01:24,CHAT,ADVISORY,IN_PROGRESS,MEDIUM,
4953,3007,CRM00000004953,2026-01-25 01:27:36,EMAIL,COMPLAINT,RESOLVED,MEDIUM,8.02
4954,3008,CRM00000004954,2026-08-20 18:30:18,CHAT,ADVISORY,RESOLVED,MEDIUM,10.14
4955,3008,CRM00000004955,2026-08-05 13:53:10,EMAIL,COMPLAINT,RESOLVED,LOW,40.07
4956,3009,CRM00000004956,2025-11-02 07:13:25,CHAT,RETENTION,RESOLVED,HIGH,13.07
4957,3009,CRM00000004957,2026-08-13 08:15:52,PHONE,RETENTION,RESOLVED,LOW,24.5
4958,3010,CRM00000004958,2025-10-26 15:21:35,CHAT,RETENTION,RESOLVED,MEDIUM,21.96
4959,3010,CRM00000004959,2025-12-13 07:49:25,BRANCH,RETENTION,RESOLVED,MEDIUM,9.97
4960,3010,CRM00000004960,2026-03-06 00:35:06,PHONE,RETENTION,RESOLVED,LOW,25.62
4961,3010,CRM00000004961,2026-04-25 14:41:39,PHONE,PRODUCT_INQUIRY,RESOLVED,HIGH,13.26
4962,3012,CRM00000004962,2025-10-24 15:45:40,PHONE,ONBOARDING,RESOLVED,HIGH,19.67
4963,3012,CRM00000004963,2026-06-30 09:19:04,PHONE,DISPUTE,RESOLVED,MEDIUM,1.78
4964,3012,CRM00000004964,2025-11-29 08:19:00,PHONE,COMPLAINT,IN_PROGRESS,HIGH,
4965,3014,CRM00000004965,2025-10-13 12:04:03,EMAIL,RETENTION,RESOLVED,LOW,23.26
4966,3014,CRM00000004966,2026-05-14 14:46:53,EMAIL,DISPUTE,RESOLVED,MEDIUM,26.61
4967,3016,CRM00000004967,2026-05-05 09:54:30,BRANCH,DISPUTE,RESOLVED,HIGH,15.16
4968,3016,CRM00000004968,2025-09-30 23:11:12,PHONE,RETENTION,RESOLVED,LOW,25.37
4969,3017,CRM00000004969,2025-08-28 19:32:26,PHONE,PRODUCT_INQUIRY,RESOLVED,MEDIUM,13.6
4970,3018,CRM00000004970,2026-04-09 09:19:11,PHONE,ADVISORY,RESOLVED,LOW,39.79
4971,3018,CRM00000004971,2025-11-17 05:57:56,EMAIL,PRODUCT_INQUIRY,IN_PROGRESS,MEDIUM,
4972,3019,CRM00000004972,2026-02-16 21:51:20,CHAT,PRODUCT_INQUIRY,RESOLVED,LOW,18.51
4973,3019,CRM00000004973,2026-04-17 13:52:16,CHAT,PRODUCT_INQUIRY,ESCALATED,LOW,
4974,3019,CRM00000004974,2026-03-04 03:05:15,PHONE,COMPLAINT,IN_PROGRESS,MEDIUM,
4975,3019,CRM00000004975,2026-07-23 03:25:32,EMAIL,ADVISORY,RESOLVED,MEDIUM,3.94
4976,3021,CRM00000004976,2025-12-25 04:36:53,PHONE,DISPUTE,RESOLVED,HIGH,25.67
4977,3021,CRM00000004977,2025-09-28 11:28:55,CHAT,ONBOARDING,IN_PROGRESS,LOW,
4978,3021,CRM00000004978,2026-04-18 04:11:12,PHONE,ADVISORY,RESOLVED,LOW,6.51
4979,3021,CRM00000004979,2026-08-01 11:00:14,EMAIL,PRODUCT_INQUIRY,RESOLVED,LOW,11.04
4980,3021,CRM00000004980,2026-06-28 08:11:44,BRANCH,ONBOARDING,RESOLVED,URGENT,21.44
4981,3021,CRM00000004981,2026-06-02 20:19:42,PHONE,ONBOARDING,RESOLVED,LOW,1.91
4982,3022,CRM00000004982,2026-07-31 14:20:46,PHONE,RETENTION,RESOLVED,LOW,4.3
4983,3023,CRM00000004983,2026-05-25 06:38:04,BRANCH,ONBOARDING,RESOLVED,HIGH,2.88
4984,3024,CRM00000004984,2026-05-27 09:26:52,CHAT,DISPUTE,IN_PROGRESS,HIGH,
4985,3025,CRM00000004985,2025-12-18 03:34:13,PHONE,PRODUCT_INQUIRY,OPEN,MEDIUM,
4986,3026,CRM00000004986,2026-06-04 03:11:29,CHAT,DISPUTE,IN_PROGRESS,HIGH,
4987,3026,CRM00000004987,2026-07-04 17:56:25,PHONE,COMPLAINT,RESOLVED,MEDIUM,28.31
4988,3027,CRM00000004988,2026-06-10 20:32:59,EMAIL,ADVISORY,RESOLVED,MEDIUM,18.41
4989,3029,CRM00000004989,2026-01-27 23:34:22,EMAIL,ADVISORY,RESOLVED,MEDIUM,5.15
4990,3029,CRM00000004990,2026-04-29 17:28:48,PHONE,ADVISORY,RESOLVED,HIGH,9.64
4991,3029,CRM00000004991,2026-07-27 22:56:17,PHONE,RETENTION,RESOLVED,MEDIUM,4.22
4992,3029,CRM00000004992,2026-01-13 01:12:40,PHONE,DISPUTE,OPEN,MEDIUM,
4993,3030,CRM00000004993,2025-09-13 07:50:40,PHONE,PRODUCT_INQUIRY,ESCALATED,LOW,
4994,3030,CRM00000004994,2026-08-13 10:30:30,PHONE,PRODUCT_INQUIRY,RESOLVED,LOW,24.31
4995,3030,CRM00000004995,2026-04-12 16:13:23,CHAT,PRODUCT_INQUIRY,IN_PROGRESS,MEDIUM,
4996,3031,CRM00000004996,2026-01-24 20:44:02,EMAIL,ONBOARDING,RESOLVED,MEDIUM,7.21
4997,3031,CRM00000004997,2026-01-16 01:29:48,EMAIL,COMPLAINT,RESOLVED,HIGH,17.96
4998,3031,CRM00000004998,2026-07-25 11:58:47,PHONE,ADVISORY,RESOLVED,MEDIUM,18.13
4999,3031,CRM00000004999,2026-07-30 00:26:47,BRANCH,ADVISORY,RESOLVED,MEDIUM,12.0
5000,3032,CRM00000005000,2026-02-06 09:21:23,PHONE,PRODUCT_INQUIRY,RESOLVED,MEDIUM,10.07
5001,3032,CRM00000005001,2026-05-24 10:46:34,EMAIL,ADVISORY,OPEN,LOW,
5002,3033,CRM00000005002,2026-02-07 15:57:25,BRANCH,ADVISORY,RESOLVED,LOW,9.1
5003,3033,CRM00000005003,2026-04-04 18:06:10,RM_VISIT,PRODUCT_INQUIRY,RESOLVED,MEDIUM,6.88
5004,3034,CRM00000005004,2025-10-14 21:26:17,PHONE,COMPLAINT,RESOLVED,LOW,4.87
5005,3034,CRM00000005005,2025-09-20 15:08:19,BRANCH,ADVISORY,IN_PROGRESS,URGENT,
5006,3035,CRM00000005006,2026-06-01 07:38:45,PHONE,PRODUCT_INQUIRY,RESOLVED,HIGH,14.94
5007,3035,CRM00000005007,2026-05-05 15:44:15,PHONE,COMPLAINT,RESOLVED,HIGH,2.38
5008,3036,CRM00000005008,2026-02-09 07:00:51,EMAIL,COMPLAINT,OPEN,MEDIUM,
5009,3036,CRM00000005009,2026-07-30 14:40:33,RM_VISIT,ONBOARDING,IN_PROGRESS,MEDIUM,
5010,3036,CRM00000005010,2025-11-27 15:07:52,PHONE,RETENTION,RESOLVED,LOW,11.93
5011,3036,CRM00000005011,2026-06-23 17:54:13,PHONE,PRODUCT_INQUIRY,ESCALATED,LOW,
5012,3036,CRM00000005012,2026-02-23 04:30:42,CHAT,PRODUCT_INQUIRY,RESOLVED,URGENT,1.87
5013,3037,CRM00000005013,2026-05-14 08:40:38,EMAIL,ADVISORY,IN_PROGRESS,HIGH,
5014,3038,CRM00000005014,2026-04-21 15:25:45,PHONE,PRODUCT_INQUIRY,IN_PROGRESS,LOW,
5015,3038,CRM00000005015,2026-02-11 23:04:50,EMAIL,RETENTION,RESOLVED,HIGH,18.74
5016,3039,CRM00000005016,2025-11-25 11:46:30,CHAT,RETENTION,RESOLVED,MEDIUM,15.14
5017,3039,CRM00000005017,2026-05-09 04:56:00,RM_VISIT,COMPLAINT,RESOLVED,LOW,6.63
5018,3039,CRM00000005018,2026-08-18 13:08:33,PHONE,ADVISORY,RESOLVED,MEDIUM,16.84
5019,3041,CRM00000005019,2025-12-31 00:45:32,EMAIL,COMPLAINT,RESOLVED,LOW,8.1
5020,3041,CRM00000005020,2025-11-12 18:04:43,PHONE,PRODUCT_INQUIRY,RESOLVED,LOW,11.33
5021,3044,CRM00000005021,2026-06-30 09:37:54,PHONE,PRODUCT_INQUIRY,OPEN,MEDIUM,
5022,3044,CRM00000005022,2026-08-25 19:28:49,RM_VISIT,PRODUCT_INQUIRY,IN_PROGRESS,MEDIUM,
5023,3044,CRM00000005023,2026-01-15 09:03:05,EMAIL,PRODUCT_INQUIRY,RESOLVED,LOW,23.37
5024,3045,CRM00000005024,2025-11-09 23:38:37,EMAIL,RETENTION,RESOLVED,MEDIUM,2.14
5025,3045,CRM00000005025,2026-05-15 03:47:18,EMAIL,RETENTION,ESCALATED,HIGH,
5026,3046,CRM00000005026,2025-10-18 01:50:50,PHONE,PRODUCT_INQUIRY,IN_PROGRESS,MEDIUM,
5027,3047,CRM00000005027,2025-11-17 21:12:02,CHAT,RETENTION,RESOLVED,URGENT,45.98
5028,3047,CRM00000005028,2026-04-13 02:44:15,PHONE,ADVISORY,OPEN,MEDIUM,
5029,3048,CRM00000005029,2025-10-22 06:03:25,CHAT,RETENTION,RESOLVED,HIGH,12.41
5030,3048,CRM00000005030,2026-07-05 03:11:22,PHONE,RETENTION,RESOLVED,MEDIUM,8.93
5031,3049,CRM00000005031,2026-04-18 23:39:33,PHONE,COMPLAINT,OPEN,HIGH,
5032,3050,CRM00000005032,2025-12-03 17:37:15,CHAT,ADVISORY,RESOLVED,LOW,13.22
5033,3050,CRM00000005033,2025-11-15 06:49:33,PHONE,ADVISORY,RESOLVED,LOW,18.29
5034,3052,CRM00000005034,2026-05-25 06:14:51,EMAIL,ADVISORY,IN_PROGRESS,LOW,
5035,3052,CRM00000005035,2026-04-06 08:45:07,BRANCH,PRODUCT_INQUIRY,RESOLVED,MEDIUM,17.95
5036,3053,CRM00000005036,2025-09-30 10:32:31,EMAIL,RETENTION,RESOLVED,HIGH,6.91
5037,3053,CRM00000005037,2026-01-04 07:46:45,CHAT,RETENTION,IN_PROGRESS,MEDIUM,
5038,3054,CRM00000005038,2026-02-11 09:33:20,PHONE,RETENTION,IN_PROGRESS,MEDIUM,
5039,3054,CRM00000005039,2025-12-09 04:57:11,EMAIL,ADVISORY,RESOLVED,HIGH,24.39
5040,3055,CRM00000005040,2026-04-08 03:19:04,CHAT,ADVISORY,RESOLVED,HIGH,6.32
5041,3057,CRM00000005041,2026-01-07 20:32:13,EMAIL,RETENTION,RESOLVED,LOW,17.69
5042,3057,CRM00000005042,2026-03-19 10:53:25,PHONE,ONBOARDING,RESOLVED,MEDIUM,3.49
5043,3058,CRM00000005043,2025-10-02 21:23:29,BRANCH,COMPLAINT,RESOLVED,MEDIUM,27.95
5044,3058,CRM00000005044,2026-04-13 09:03:46,RM_VISIT,COMPLAINT,RESOLVED,MEDIUM,14.77
5045,3059,CRM00000005045,2026-01-29 04:11:48,PHONE,RETENTION,RESOLVED,HIGH,27.65
5046,3059,CRM00000005046,2025-11-18 09:17:51,PHONE,PRODUCT_INQUIRY,RESOLVED,LOW,7.04
5047,3059,CRM00000005047,2025-08-31 16:47:38,PHONE,PRODUCT_INQUIRY,RESOLVED,MEDIUM,9.39
5048,3060,CRM00000005048,2026-03-25 10:29:59,PHONE,COMPLAINT,RESOLVED,MEDIUM,14.12
5049,3060,CRM00000005049,2026-07-05 03:39:05,CHAT,DISPUTE,OPEN,MEDIUM,
5050,3061,CRM00000005050,2026-01-09 22:03:14,EMAIL,ONBOARDING,RESOLVED,LOW,6.28
5051,3062,CRM00000005051,2026-06-23 20:57:17,PHONE,ADVISORY,IN_PROGRESS,LOW,
5052,3062,CRM00000005052,2026-02-11 18:11:28,PHONE,ADVISORY,RESOLVED,HIGH,0.8
5053,3067,CRM00000005053,2025-10-13 11:01:42,RM_VISIT,RETENTION,OPEN,LOW,
5054,3067,CRM00000005054,2026-01-24 04:53:19,PHONE,ADVISORY,RESOLVED,MEDIUM,16.92
5055,3067,CRM00000005055,2026-05-06 23:21:11,EMAIL,ADVISORY,RESOLVED,HIGH,11.11
5056,3068,CRM00000005056,2025-11-18 11:58:48,EMAIL,RETENTION,RESOLVED,MEDIUM,2.33
5057,3068,CRM00000005057,2026-04-09 11:44:43,EMAIL,ADVISORY,RESOLVED,MEDIUM,8.6
5058,3068,CRM00000005058,2026-01-19 18:43:16,PHONE,ONBOARDING,ESCALATED,HIGH,
5059,3070,CRM00000005059,2026-01-18 05:21:16,EMAIL,COMPLAINT,RESOLVED,HIGH,9.5
5060,3071,CRM00000005060,2026-01-15 06:00:41,PHONE,RETENTION,RESOLVED,HIGH,8.47
5061,3071,CRM00000005061,2025-12-13 19:42:51,EMAIL,PRODUCT_INQUIRY,IN_PROGRESS,HIGH,
5062,3071,CRM00000005062,2026-07-17 15:36:19,PHONE,ADVISORY,RESOLVED,MEDIUM,7.47
5063,3071,CRM00000005063,2026-01-29 23:55:02,EMAIL,RETENTION,RESOLVED,LOW,15.03
5064,3072,CRM00000005064,2025-09-22 19:23:16,PHONE,PRODUCT_INQUIRY,RESOLVED,URGENT,0.35
5065,3074,CRM00000005065,2026-03-19 00:48:43,BRANCH,RETENTION,RESOLVED,HIGH,13.81
5066,3074,CRM00000005066,2026-06-26 06:12:59,CHAT,COMPLAINT,RESOLVED,MEDIUM,9.61
5067,3074,CRM00000005067,2025-10-18 20:53:35,EMAIL,ADVISORY,IN_PROGRESS,MEDIUM,
5068,3076,CRM00000005068,2026-04-11 09:56:07,CHAT,PRODUCT_INQUIRY,RESOLVED,LOW,14.46
5069,3076,CRM00000005069,2026-06-10 22:55:40,PHONE,PRODUCT_INQUIRY,RESOLVED,URGENT,8.78
5070,3077,CRM00000005070,2025-11-06 15:04:18,BRANCH,ADVISORY,RESOLVED,LOW,7.02
5071,3077,CRM00000005071,2026-02-01 19:51:50,EMAIL,ONBOARDING,RESOLVED,LOW,8.24
5072,3078,CRM00000005072,2026-08-23 18:10:02,PHONE,RETENTION,RESOLVED,MEDIUM,14.39
5073,3078,CRM00000005073,2025-10-16 09:54:49,EMAIL,RETENTION,RESOLVED,MEDIUM,17.04
5074,3078,CRM00000005074,2026-01-20 10:40:20,EMAIL,PRODUCT_INQUIRY,RESOLVED,LOW,19.33
5075,3080,CRM00000005075,2026-07-15 20:04:22,CHAT,PRODUCT_INQUIRY,IN_PROGRESS,MEDIUM,
5076,3080,CRM00000005076,2026-06-15 22:42:05,CHAT,ADVISORY,IN_PROGRESS,MEDIUM,
5077,3082,CRM00000005077,2025-10-15 09:44:10,BRANCH,PRODUCT_INQUIRY,RESOLVED,LOW,20.53
5078,3083,CRM00000005078,2026-08-15 02:50:39,CHAT,RETENTION,OPEN,MEDIUM,
5079,3083,CRM00000005079,2026-08-14 14:56:16,PHONE,COMPLAINT,IN_PROGRESS,HIGH,
5080,3084,CRM00000005080,2026-05-29 00:01:35,PHONE,PRODUCT_INQUIRY,RESOLVED,LOW,7.28
5081,3085,CRM00000005081,2025-09-30 17:05:35,EMAIL,PRODUCT_INQUIRY,OPEN,HIGH,
5082,3085,CRM00000005082,2026-05-06 07:42:58,BRANCH,PRODUCT_INQUIRY,RESOLVED,URGENT,23.03
5083,3086,CRM00000005083,2026-06-27 22:17:43,CHAT,PRODUCT_INQUIRY,RESOLVED,MEDIUM,11.15
5084,3086,CRM00000005084,2026-01-15 05:54:18,EMAIL,PRODUCT_INQUIRY,IN_PROGRESS,MEDIUM,
5085,3086,CRM00000005085,2026-07-01 15:02:16,PHONE,ONBOARDING,ESCALATED,MEDIUM,
5086,3086,CRM00000005086,2026-02-03 18:55:40,PHONE,RETENTION,IN_PROGRESS,HIGH,
5087,3087,CRM00000005087,2026-03-15 21:20:11,BRANCH,PRODUCT_INQUIRY,RESOLVED,LOW,5.1
5088,3087,CRM00000005088,2026-08-11 19:05:31,PHONE,DISPUTE,ESCALATED,HIGH,
5089,3087,CRM00000005089,2025-11-21 15:04:42,CHAT,PRODUCT_INQUIRY,RESOLVED,LOW,7.24
5090,3089,CRM00000005090,2026-03-17 12:06:01,PHONE,PRODUCT_INQUIRY,RESOLVED,MEDIUM,6.62
5091,3089,CRM00000005091,2025-08-30 18:04:59,PHONE,ONBOARDING,OPEN,URGENT,
5092,3091,CRM00000005092,2026-05-01 20:22:08,EMAIL,DISPUTE,RESOLVED,MEDIUM,25.17
5093,3092,CRM00000005093,2026-06-04 05:46:10,RM_VISIT,PRODUCT_INQUIRY,RESOLVED,LOW,16.97
5094,3092,CRM00000005094,2025-10-07 23:38:26,EMAIL,PRODUCT_INQUIRY,RESOLVED,LOW,12.37
5095,3094,CRM00000005095,2025-12-05 02:58:13,CHAT,COMPLAINT,RESOLVED,MEDIUM,20.9
5096,3095,CRM00000005096,2026-06-15 14:06:39,EMAIL,ONBOARDING,RESOLVED,MEDIUM,2.58
5097,3095,CRM00000005097,2025-10-04 22:27:35,RM_VISIT,ONBOARDING,ESCALATED,MEDIUM,
5098,3095,CRM00000005098,2025-11-02 17:21:15,PHONE,DISPUTE,RESOLVED,URGENT,1.34
5099,3096,CRM00000005099,2026-08-04 08:30:55,PHONE,PRODUCT_INQUIRY,RESOLVED,HIGH,16.75
5100,3096,CRM00000005100,2025-11-05 05:59:51,PHONE,ADVISORY,RESOLVED,MEDIUM,12.92
5101,3097,CRM00000005101,2025-11-02 11:21:00,PHONE,PRODUCT_INQUIRY,RESOLVED,HIGH,18.83
5102,3097,CRM00000005102,2026-07-15 09:11:31,PHONE,ADVISORY,OPEN,LOW,
5103,3098,CRM00000005103,2025-11-24 17:07:36,BRANCH,ONBOARDING,RESOLVED,MEDIUM,12.38
5104,3098,CRM00000005104,2026-03-18 10:42:24,EMAIL,RETENTION,IN_PROGRESS,MEDIUM,
5105,3098,CRM00000005105,2026-08-17 02:16:23,BRANCH,ONBOARDING,OPEN,MEDIUM,
5106,3098,CRM00000005106,2026-02-18 08:43:48,CHAT,PRODUCT_INQUIRY,RESOLVED,LOW,5.0
5107,3099,CRM00000005107,2026-06-29 18:21:49,PHONE,PRODUCT_INQUIRY,RESOLVED,MEDIUM,4.77
5108,3101,CRM00000005108,2026-05-16 08:29:35,CHAT,ADVISORY,RESOLVED,MEDIUM,11.86
5109,3101,CRM00000005109,2026-02-14 16:24:09,PHONE,ADVISORY,RESOLVED,MEDIUM,11.38
5110,3101,CRM00000005110,2026-07-24 15:02:25,PHONE,PRODUCT_INQUIRY,OPEN,MEDIUM,
5111,3102,CRM00000005111,2025-10-14 12:47:41,PHONE,ADVISORY,RESOLVED,LOW,9.02
5112,3102,CRM00000005112,2026-02-22 14:12:01,PHONE,PRODUCT_INQUIRY,RESOLVED,MEDIUM,15.86
5113,3102,CRM00000005113,2026-07-22 14:29:49,PHONE,ONBOARDING,IN_PROGRESS,URGENT,
5114,3102,CRM00000005114,2025-09-01 10:42:45,PHONE,RETENTION,RESOLVED,HIGH,7.01
5115,3103,CRM00000005115,2026-01-11 11:44:52,BRANCH,PRODUCT_INQUIRY,ESCALATED,HIGH,
5116,3103,CRM00000005116,2026-01-14 01:56:34,EMAIL,ADVISORY,RESOLVED,HIGH,3.63
5117,3104,CRM00000005117,2026-05-09 08:39:40,EMAIL,PRODUCT_INQUIRY,RESOLVED,HIGH,15.15
5118,3104,CRM00000005118,2026-04-08 01:01:24,EMAIL,DISPUTE,OPEN,LOW,
5119,3104,CRM00000005119,2026-07-03 06:12:52,PHONE,PRODUCT_INQUIRY,RESOLVED,LOW,8.19
5120,3105,CRM00000005120,2025-09-17 17:35:08,CHAT,RETENTION,RESOLVED,HIGH,5.59
5121,3105,CRM00000005121,2025-08-28 08:01:35,PHONE,RETENTION,RESOLVED,URGENT,12.54
5122,3106,CRM00000005122,2025-10-02 16:00:09,BRANCH,RETENTION,RESOLVED,MEDIUM,3.17
5123,3106,CRM00000005123,2025-11-24 12:39:04,PHONE,DISPUTE,ESCALATED,MEDIUM,
5124,3107,CRM00000005124,2026-02-05 12:05:03,EMAIL,ONBOARDING,RESOLVED,LOW,7.0
5125,3107,CRM00000005125,2026-08-09 19:08:09,EMAIL,RETENTION,RESOLVED,LOW,18.59
5126,3107,CRM00000005126,2025-11-02 23:49:35,EMAIL,PRODUCT_INQUIRY,RESOLVED,HIGH,27.38
5127,3107,CRM00000005127,2026-01-12 02:23:39,EMAIL,RETENTION,ESCALATED,MEDIUM,
5128,3108,CRM00000005128,2026-07-23 21:34:47,BRANCH,RETENTION,IN_PROGRESS,HIGH,
5129,3108,CRM00000005129,2026-08-08 01:29:44,BRANCH,DISPUTE,RESOLVED,LOW,22.7
5130,3108,CRM00000005130,2026-07-22 01:09:14,CHAT,RETENTION,RESOLVED,HIGH,18.53
5131,3109,CRM00000005131,2026-04-06 04:10:16,PHONE,ONBOARDING,RESOLVED,HIGH,7.46
5132,3110,CRM00000005132,2026-04-22 08:22:28,PHONE,ONBOARDING,RESOLVED,MEDIUM,11.83
5133,3113,CRM00000005133,2025-12-16 05:43:42,RM_VISIT,DISPUTE,RESOLVED,LOW,14.14
5134,3114,CRM00000005134,2026-08-22 05:13:26,PHONE,DISPUTE,IN_PROGRESS,MEDIUM,
5135,3114,CRM00000005135,2026-07-20 02:16:37,EMAIL,RETENTION,RESOLVED,MEDIUM,12.68
5136,3115,CRM00000005136,2026-02-25 15:16:17,EMAIL,COMPLAINT,RESOLVED,MEDIUM,27.3
5137,3116,CRM00000005137,2026-08-20 17:42:55,EMAIL,COMPLAINT,IN_PROGRESS,HIGH,
5138,3116,CRM00000005138,2025-12-29 16:52:47,PHONE,PRODUCT_INQUIRY,RESOLVED,MEDIUM,14.05
5139,3117,CRM00000005139,2026-06-29 00:13:03,PHONE,COMPLAINT,RESOLVED,MEDIUM,45.37
5140,3118,CRM00000005140,2026-04-07 14:42:51,EMAIL,ADVISORY,IN_PROGRESS,MEDIUM,
5141,3118,CRM00000005141,2026-01-18 16:14:43,EMAIL,COMPLAINT,RESOLVED,LOW,8.91
5142,3118,CRM00000005142,2025-10-21 04:03:31,BRANCH,PRODUCT_INQUIRY,IN_PROGRESS,MEDIUM,
5143,3118,CRM00000005143,2026-06-29 13:35:04,EMAIL,ADVISORY,RESOLVED,MEDIUM,4.28
5144,3118,CRM00000005144,2025-11-07 19:28:08,PHONE,RETENTION,RESOLVED,LOW,16.36
5145,3118,CRM00000005145,2025-09-26 01:43:04,PHONE,RETENTION,RESOLVED,HIGH,5.43
5146,3119,CRM00000005146,2025-09-29 02:43:10,PHONE,PRODUCT_INQUIRY,RESOLVED,MEDIUM,8.03
5147,3119,CRM00000005147,2026-08-08 12:00:33,CHAT,PRODUCT_INQUIRY,RESOLVED,HIGH,16.96
5148,3119,CRM00000005148,2025-09-21 15:39:28,EMAIL,PRODUCT_INQUIRY,RESOLVED,LOW,3.66
5149,3119,CRM00000005149,2026-04-27 05:40:25,EMAIL,DISPUTE,OPEN,MEDIUM,
5150,3119,CRM00000005150,2025-10-03 10:22:21,PHONE,RETENTION,ESCALATED,MEDIUM,
5151,3120,CRM00000005151,2025-11-09 10:05:29,EMAIL,COMPLAINT,RESOLVED,MEDIUM,16.51
5152,3120,CRM00000005152,2026-05-29 16:23:09,BRANCH,COMPLAINT,RESOLVED,MEDIUM,5.45
5153,3120,CRM00000005153,2026-04-28 19:39:18,CHAT,PRODUCT_INQUIRY,OPEN,HIGH,
5154,3120,CRM00000005154,2026-06-01 02:32:55,PHONE,ADVISORY,RESOLVED,LOW,11.28
5155,3121,CRM00000005155,2025-11-23 16:06:38,PHONE,RETENTION,IN_PROGRESS,MEDIUM,
5156,3121,CRM00000005156,2026-05-06 18:25:27,EMAIL,ONBOARDING,RESOLVED,LOW,11.14
5157,3123,CRM00000005157,2025-10-23 15:35:55,EMAIL,RETENTION,OPEN,LOW,
5158,3124,CRM00000005158,2026-05-24 12:50:48,EMAIL,RETENTION,IN_PROGRESS,MEDIUM,
5159,3124,CRM00000005159,2025-09-20 10:52:05,EMAIL,RETENTION,RESOLVED,LOW,13.17
5160,3125,CRM00000005160,2025-11-15 18:40:11,EMAIL,PRODUCT_INQUIRY,RESOLVED,HIGH,8.83
5161,3125,CRM00000005161,2025-11-11 12:24:40,PHONE,PRODUCT_INQUIRY,ESCALATED,MEDIUM,
5162,3126,CRM00000005162,2026-08-06 15:03:20,PHONE,RETENTION,RESOLVED,LOW,21.01
5163,3126,CRM00000005163,2026-02-18 19:47:47,RM_VISIT,COMPLAINT,ESCALATED,LOW,
5164,3128,CRM00000005164,2026-01-22 08:13:04,PHONE,DISPUTE,IN_PROGRESS,MEDIUM,
5165,3130,CRM00000005165,2026-05-24 05:46:23,EMAIL,DISPUTE,RESOLVED,MEDIUM,3.48
5166,3131,CRM00000005166,2026-08-10 02:35:22,PHONE,COMPLAINT,IN_PROGRESS,LOW,
5167,3133,CRM00000005167,2025-09-20 14:58:05,EMAIL,RETENTION,RESOLVED,URGENT,7.67
5168,3133,CRM00000005168,2026-05-05 06:23:32,PHONE,PRODUCT_INQUIRY,OPEN,LOW,
5169,3133,CRM00000005169,2026-05-26 16:00:48,EMAIL,COMPLAINT,RESOLVED,MEDIUM,12.42
5170,3134,CRM00000005170,2025-11-18 12:49:57,CHAT,ONBOARDING,RESOLVED,LOW,13.22
5171,3134,CRM00000005171,2025-10-30 12:25:53,EMAIL,PRODUCT_INQUIRY,RESOLVED,MEDIUM,11.15
5172,3134,CRM00000005172,2026-06-11 12:14:12,PHONE,PRODUCT_INQUIRY,RESOLVED,HIGH,14.59
5173,3134,CRM00000005173,2026-05-06 04:33:27,RM_VISIT,ADVISORY,IN_PROGRESS,HIGH,
5174,3134,CRM00000005174,2026-07-30 20:33:33,BRANCH,ONBOARDING,RESOLVED,HIGH,13.67
5175,3135,CRM00000005175,2026-04-05 09:28:09,PHONE,DISPUTE,RESOLVED,HIGH,4.33
5176,3135,CRM00000005176,2026-05-25 00:25:09,EMAIL,RETENTION,RESOLVED,MEDIUM,25.24
5177,3135,CRM00000005177,2026-08-08 13:01:48,EMAIL,COMPLAINT,OPEN,MEDIUM,
5178,3135,CRM00000005178,2025-09-29 12:45:09,BRANCH,RETENTION,RESOLVED,LOW,41.9
5179,3135,CRM00000005179,2025-12-04 07:16:31,PHONE,DISPUTE,IN_PROGRESS,HIGH,
5180,3135,CRM00000005180,2026-08-02 07:14:21,PHONE,ONBOARDING,OPEN,HIGH,
5181,3135,CRM00000005181,2025-09-01 22:53:58,EMAIL,RETENTION,RESOLVED,HIGH,11.91
5182,3135,CRM00000005182,2026-01-05 23:57:00,CHAT,COMPLAINT,OPEN,LOW,
5183,3136,CRM00000005183,2026-02-19 17:45:17,BRANCH,COMPLAINT,RESOLVED,HIGH,12.1
5184,3136,CRM00000005184,2025-12-11 11:28:10,EMAIL,DISPUTE,RESOLVED,LOW,12.47
5185,3136,CRM00000005185,2025-12-06 00:50:58,BRANCH,PRODUCT_INQUIRY,RESOLVED,HIGH,3.26
5186,3138,CRM00000005186,2025-09-07 02:09:15,BRANCH,PRODUCT_INQUIRY,ESCALATED,MEDIUM,
5187,3139,CRM00000005187,2026-04-17 04:08:36,PHONE,PRODUCT_INQUIRY,OPEN,MEDIUM,
5188,3140,CRM00000005188,2026-03-18 01:05:03,BRANCH,DISPUTE,RESOLVED,LOW,18.68
5189,3142,CRM00000005189,2026-05-16 10:07:07,PHONE,COMPLAINT,IN_PROGRESS,LOW,
5190,3142,CRM00000005190,2025-10-10 20:52:50,PHONE,ADVISORY,RESOLVED,MEDIUM,21.06
5191,3142,CRM00000005191,2025-09-02 11:56:25,EMAIL,COMPLAINT,RESOLVED,MEDIUM,7.53
5192,3143,CRM00000005192,2026-03-28 04:32:33,EMAIL,DISPUTE,RESOLVED,MEDIUM,12.28
5193,3144,CRM00000005193,2026-03-30 23:19:26,BRANCH,ADVISORY,RESOLVED,HIGH,17.17
5194,3144,CRM00000005194,2026-03-09 12:29:15,CHAT,PRODUCT_INQUIRY,RESOLVED,HIGH,27.9
5195,3144,CRM00000005195,2026-05-19 19:10:21,CHAT,PRODUCT_INQUIRY,RESOLVED,HIGH,3.07
5196,3146,CRM00000005196,2025-11-08 12:41:34,PHONE,RETENTION,IN_PROGRESS,HIGH,
5197,3147,CRM00000005197,2025-11-29 23:00:07,PHONE,RETENTION,IN_PROGRESS,HIGH,
5198,3147,CRM00000005198,2026-01-28 16:14:11,PHONE,RETENTION,RESOLVED,LOW,28.91
5199,3147,CRM00000005199,2026-05-26 09:48:23,CHAT,RETENTION,IN_PROGRESS,MEDIUM,
5200,3147,CRM00000005200,2025-10-16 16:16:41,CHAT,RETENTION,RESOLVED,HIGH,3.44
5201,3147,CRM00000005201,2026-07-07 17:06:24,BRANCH,RETENTION,RESOLVED,LOW,25.06
5202,3148,CRM00000005202,2026-06-22 12:57:33,PHONE,RETENTION,IN_PROGRESS,HIGH,
5203,3148,CRM00000005203,2025-10-17 20:31:21,EMAIL,RETENTION,RESOLVED,MEDIUM,8.34
5204,3148,CRM00000005204,2025-11-25 08:08:42,PHONE,COMPLAINT,RESOLVED,LOW,3.47
5205,3148,CRM00000005205,2025-11-03 05:14:42,PHONE,COMPLAINT,RESOLVED,LOW,22.0
5206,3149,CRM00000005206,2026-08-20 18:46:39,PHONE,PRODUCT_INQUIRY,RESOLVED,MEDIUM,2.18
5207,3150,CRM00000005207,2025-09-23 09:55:59,EMAIL,COMPLAINT,RESOLVED,HIGH,13.68
5208,3151,CRM00000005208,2026-05-05 21:49:09,PHONE,RETENTION,RESOLVED,HIGH,20.7
5209,3151,CRM00000005209,2026-01-28 17:12:25,CHAT,COMPLAINT,RESOLVED,MEDIUM,27.39
5210,3153,CRM00000005210,2026-08-13 17:51:57,BRANCH,COMPLAINT,OPEN,URGENT,
5211,3154,CRM00000005211,2026-06-07 07:23:57,EMAIL,ADVISORY,RESOLVED,LOW,16.66
5212,3155,CRM00000005212,2026-01-29 05:51:31,PHONE,PRODUCT_INQUIRY,RESOLVED,HIGH,19.79
5213,3155,CRM00000005213,2025-10-01 14:07:06,PHONE,DISPUTE,RESOLVED,LOW,1.92
5214,3156,CRM00000005214,2025-09-15 06:19:54,EMAIL,COMPLAINT,RESOLVED,MEDIUM,10.34
5215,3156,CRM00000005215,2026-06-27 21:09:25,PHONE,ADVISORY,RESOLVED,MEDIUM,7.51
5216,3157,CRM00000005216,2026-03-19 12:52:53,BRANCH,PRODUCT_INQUIRY,RESOLVED,MEDIUM,3.03
5217,3158,CRM00000005217,2026-03-14 15:34:10,RM_VISIT,PRODUCT_INQUIRY,RESOLVED,LOW,21.35
5218,3159,CRM00000005218,2026-05-04 16:42:43,EMAIL,ADVISORY,RESOLVED,MEDIUM,4.77
5219,3159,CRM00000005219,2026-08-13 03:54:24,CHAT,RETENTION,RESOLVED,HIGH,12.87
5220,3160,CRM00000005220,2026-03-09 20:16:44,PHONE,PRODUCT_INQUIRY,ESCALATED,MEDIUM,
5221,3160,CRM00000005221,2025-09-26 10:49:31,CHAT,PRODUCT_INQUIRY,RESOLVED,LOW,3.76
5222,3161,CRM00000005222,2026-03-16 01:33:27,PHONE,ONBOARDING,RESOLVED,MEDIUM,14.4
5223,3161,CRM00000005223,2025-11-13 17:52:02,EMAIL,DISPUTE,RESOLVED,LOW,11.0
5224,3162,CRM00000005224,2026-05-21 03:00:40,EMAIL,ADVISORY,ESCALATED,MEDIUM,
5225,3163,CRM00000005225,2026-06-06 18:24:39,PHONE,PRODUCT_INQUIRY,RESOLVED,LOW,6.39
5226,3164,CRM00000005226,2026-06-05 18:29:53,EMAIL,RETENTION,RESOLVED,URGENT,3.53
5227,3164,CRM00000005227,2025-12-07 21:13:15,BRANCH,COMPLAINT,IN_PROGRESS,MEDIUM,
5228,3164,CRM00000005228,2026-08-02 22:59:02,PHONE,RETENTION,RESOLVED,HIGH,16.52
5229,3164,CRM00000005229,2026-04-10 21:48:03,CHAT,ONBOARDING,IN_PROGRESS,HIGH,
5230,3164,CRM00000005230,2026-05-16 08:20:45,PHONE,PRODUCT_INQUIRY,RESOLVED,MEDIUM,6.46
5231,3164,CRM00000005231,2026-05-12 06:38:12,RM_VISIT,RETENTION,RESOLVED,HIGH,7.63
5232,3166,CRM00000005232,2026-04-22 07:48:59,BRANCH,PRODUCT_INQUIRY,IN_PROGRESS,MEDIUM,
5233,3166,CRM00000005233,2026-04-17 16:41:29,PHONE,RETENTION,RESOLVED,MEDIUM,9.7
5234,3166,CRM00000005234,2026-08-03 18:38:27,EMAIL,PRODUCT_INQUIRY,IN_PROGRESS,HIGH,
5235,3166,CRM00000005235,2025-09-04 11:45:21,PHONE,RETENTION,RESOLVED,HIGH,6.61
5236,3166,CRM00000005236,2026-04-12 02:45:17,PHONE,PRODUCT_INQUIRY,RESOLVED,LOW,23.74
5237,3166,CRM00000005237,2026-03-20 19:38:24,PHONE,RETENTION,IN_PROGRESS,LOW,
5238,3167,CRM00000005238,2026-03-28 19:52:10,EMAIL,RETENTION,RESOLVED,MEDIUM,0.67
5239,3168,CRM00000005239,2026-03-10 14:28:31,PHONE,ADVISORY,RESOLVED,MEDIUM,19.54
5240,3169,CRM00000005240,2026-05-30 04:20:03,PHONE,ADVISORY,OPEN,HIGH,
5241,3169,CRM00000005241,2025-10-27 09:25:22,BRANCH,PRODUCT_INQUIRY,OPEN,HIGH,
5242,3169,CRM00000005242,2026-02-05 15:22:24,EMAIL,COMPLAINT,RESOLVED,HIGH,35.72
5243,3171,CRM00000005243,2026-02-09 06:10:29,EMAIL,ADVISORY,RESOLVED,HIGH,12.86
5244,3172,CRM00000005244,2026-02-26 05:10:03,PHONE,RETENTION,RESOLVED,HIGH,2.24
5245,3172,CRM00000005245,2025-12-21 16:54:43,RM_VISIT,DISPUTE,OPEN,HIGH,
5246,3172,CRM00000005246,2026-01-10 16:37:31,EMAIL,RETENTION,RESOLVED,MEDIUM,7.0
5247,3172,CRM00000005247,2025-12-11 20:13:11,EMAIL,RETENTION,RESOLVED,HIGH,11.34
5248,3172,CRM00000005248,2025-11-03 17:23:41,PHONE,RETENTION,RESOLVED,LOW,13.2
5249,3173,CRM00000005249,2026-05-10 15:32:04,RM_VISIT,RETENTION,OPEN,URGENT,
5250,3173,CRM00000005250,2026-01-24 12:55:37,CHAT,RETENTION,RESOLVED,LOW,2.68
5251,3174,CRM00000005251,2025-08-31 06:15:00,BRANCH,ADVISORY,IN_PROGRESS,LOW,
5252,3175,CRM00000005252,2025-09-25 10:45:45,PHONE,COMPLAINT,IN_PROGRESS,LOW,
5253,3175,CRM00000005253,2026-06-09 18:00:59,CHAT,ADVISORY,OPEN,LOW,
5254,3175,CRM00000005254,2025-09-20 01:32:21,PHONE,RETENTION,RESOLVED,MEDIUM,4.46
5255,3176,CRM00000005255,2025-12-10 05:09:00,CHAT,ADVISORY,RESOLVED,MEDIUM,10.18
5256,3177,CRM00000005256,2026-01-24 19:09:15,CHAT,COMPLAINT,OPEN,MEDIUM,
5257,3178,CRM00000005257,2025-09-08 06:53:38,PHONE,COMPLAINT,RESOLVED,MEDIUM,12.15
5258,3178,CRM00000005258,2026-07-17 07:24:17,PHONE,DISPUTE,RESOLVED,MEDIUM,9.3
5259,3179,CRM00000005259,2026-03-13 13:56:45,PHONE,COMPLAINT,RESOLVED,HIGH,20.38
5260,3179,CRM00000005260,2026-02-27 02:14:39,PHONE,ADVISORY,RESOLVED,HIGH,6.24
5261,3180,CRM00000005261,2026-08-23 16:25:13,EMAIL,ONBOARDING,RESOLVED,MEDIUM,4.33
5262,3182,CRM00000005262,2026-05-07 09:26:37,BRANCH,ONBOARDING,IN_PROGRESS,MEDIUM,
5263,3182,CRM00000005263,2025-10-31 03:36:20,PHONE,COMPLAINT,IN_PROGRESS,LOW,
5264,3184,CRM00000005264,2025-10-26 20:45:41,BRANCH,ONBOARDING,IN_PROGRESS,URGENT,
5265,3184,CRM00000005265,2025-08-29 04:47:28,PHONE,RETENTION,IN_PROGRESS,MEDIUM,
5266,3184,CRM00000005266,2026-07-01 23:22:16,CHAT,PRODUCT_INQUIRY,RESOLVED,MEDIUM,11.12
5267,3185,CRM00000005267,2026-05-03 10:16:33,PHONE,ONBOARDING,IN_PROGRESS,LOW,
5268,3185,CRM00000005268,2026-04-20 06:53:04,RM_VISIT,DISPUTE,RESOLVED,MEDIUM,9.47
5269,3185,CRM00000005269,2025-12-17 04:02:32,BRANCH,ADVISORY,RESOLVED,MEDIUM,12.65
5270,3186,CRM00000005270,2025-10-06 20:18:18,PHONE,ADVISORY,RESOLVED,MEDIUM,5.0
5271,3187,CRM00000005271,2025-10-19 23:27:16,EMAIL,RETENTION,RESOLVED,MEDIUM,24.58
5272,3188,CRM00000005272,2026-06-15 20:10:49,EMAIL,COMPLAINT,RESOLVED,MEDIUM,13.96
5273,3191,CRM00000005273,2026-02-02 08:56:19,CHAT,RETENTION,RESOLVED,MEDIUM,15.25
5274,3191,CRM00000005274,2025-12-01 19:05:29,PHONE,ONBOARDING,RESOLVED,URGENT,21.74
5275,3192,CRM00000005275,2026-02-07 01:40:28,PHONE,PRODUCT_INQUIRY,ESCALATED,HIGH,
5276,3192,CRM00000005276,2026-03-27 04:34:47,EMAIL,ONBOARDING,IN_PROGRESS,MEDIUM,
5277,3193,CRM00000005277,2025-11-30 21:40:33,CHAT,PRODUCT_INQUIRY,RESOLVED,LOW,12.72
5278,3194,CRM00000005278,2025-12-30 01:47:46,EMAIL,COMPLAINT,RESOLVED,HIGH,6.19
5279,3194,CRM00000005279,2025-10-02 21:32:57,CHAT,RETENTION,OPEN,LOW,
5280,3194,CRM00000005280,2026-02-20 02:40:25,PHONE,RETENTION,IN_PROGRESS,MEDIUM,
5281,3194,CRM00000005281,2026-02-22 13:09:33,EMAIL,RETENTION,ESCALATED,HIGH,
5282,3195,CRM00000005282,2026-05-17 02:58:55,EMAIL,ONBOARDING,ESCALATED,HIGH,
5283,3195,CRM00000005283,2025-10-09 17:07:33,BRANCH,RETENTION,OPEN,LOW,
5284,3196,CRM00000005284,2026-06-20 16:47:58,PHONE,ADVISORY,RESOLVED,MEDIUM,6.81
5285,3196,CRM00000005285,2026-07-06 07:07:13,BRANCH,PRODUCT_INQUIRY,RESOLVED,MEDIUM,14.03
5286,3196,CRM00000005286,2026-05-01 19:25:22,CHAT,RETENTION,OPEN,LOW,
5287,3196,CRM00000005287,2025-11-15 02:27:03,CHAT,PRODUCT_INQUIRY,RESOLVED,LOW,10.52
5288,3197,CRM00000005288,2025-12-19 06:58:08,PHONE,PRODUCT_INQUIRY,RESOLVED,MEDIUM,23.48
5289,3199,CRM00000005289,2025-10-02 17:23:37,EMAIL,PRODUCT_INQUIRY,OPEN,MEDIUM,
5290,3199,CRM00000005290,2025-12-27 05:23:11,EMAIL,COMPLAINT,RESOLVED,MEDIUM,5.11
5291,3199,CRM00000005291,2025-12-05 23:08:10,CHAT,COMPLAINT,RESOLVED,HIGH,11.34
5292,3199,CRM00000005292,2025-09-02 23:06:01,RM_VISIT,PRODUCT_INQUIRY,RESOLVED,HIGH,6.52
5293,3200,CRM00000005293,2026-08-08 08:24:09,RM_VISIT,PRODUCT_INQUIRY,RESOLVED,MEDIUM,3.49
5294,3202,CRM00000005294,2026-08-04 10:17:35,EMAIL,COMPLAINT,RESOLVED,HIGH,2.28
5295,3203,CRM00000005295,2026-07-05 14:54:41,BRANCH,PRODUCT_INQUIRY,RESOLVED,MEDIUM,7.11
5296,3203,CRM00000005296,2026-03-22 09:37:29,PHONE,ADVISORY,OPEN,LOW,
5297,3204,CRM00000005297,2026-04-17 10:27:48,EMAIL,RETENTION,RESOLVED,LOW,2.86
5298,3204,CRM00000005298,2025-11-12 21:43:40,PHONE,RETENTION,RESOLVED,MEDIUM,22.13
5299,3204,CRM00000005299,2025-08-31 07:18:37,PHONE,RETENTION,RESOLVED,LOW,3.0
5300,3204,CRM00000005300,2026-01-23 12:34:43,RM_VISIT,RETENTION,RESOLVED,LOW,21.42
5301,3204,CRM00000005301,2026-01-25 15:06:51,EMAIL,RETENTION,RESOLVED,MEDIUM,12.46
5302,3205,CRM00000005302,2026-05-06 18:33:18,CHAT,PRODUCT_INQUIRY,RESOLVED,LOW,14.15
5303,3206,CRM00000005303,2026-07-23 12:28:02,EMAIL,COMPLAINT,RESOLVED,LOW,2.96
5304,3206,CRM00000005304,2026-07-31 21:28:45,BRANCH,ONBOARDING,RESOLVED,MEDIUM,52.58
5305,3207,CRM00000005305,2026-07-22 06:26:12,RM_VISIT,PRODUCT_INQUIRY,RESOLVED,LOW,14.54
5306,3207,CRM00000005306,2026-03-06 00:18:19,EMAIL,ADVISORY,RESOLVED,MEDIUM,7.59
5307,3207,CRM00000005307,2026-08-24 15:08:22,EMAIL,ADVISORY,RESOLVED,URGENT,15.41
5308,3208,CRM00000005308,2026-03-13 00:19:58,EMAIL,DISPUTE,RESOLVED,MEDIUM,2.61
5309,3208,CRM00000005309,2025-10-26 17:35:07,PHONE,PRODUCT_INQUIRY,RESOLVED,HIGH,3.73
5310,3208,CRM00000005310,2026-07-29 12:50:21,BRANCH,PRODUCT_INQUIRY,RESOLVED,MEDIUM,10.56
5311,3209,CRM00000005311,2025-11-14 20:03:45,EMAIL,PRODUCT_INQUIRY,RESOLVED,LOW,33.7
5312,3209,CRM00000005312,2025-11-18 07:45:00,CHAT,PRODUCT_INQUIRY,OPEN,MEDIUM,
5313,3209,CRM00000005313,2025-12-08 11:12:21,PHONE,COMPLAINT,RESOLVED,MEDIUM,19.96
5314,3210,CRM00000005314,2026-08-18 02:58:47,PHONE,PRODUCT_INQUIRY,IN_PROGRESS,MEDIUM,
5315,3210,CRM00000005315,2026-02-20 19:07:28,CHAT,PRODUCT_INQUIRY,RESOLVED,MEDIUM,10.8
5316,3210,CRM00000005316,2025-10-05 08:08:02,RM_VISIT,RETENTION,RESOLVED,HIGH,1.54
5317,3212,CRM00000005317,2026-03-11 02:07:55,PHONE,PRODUCT_INQUIRY,ESCALATED,LOW,
5318,3214,CRM00000005318,2026-07-26 22:48:07,PHONE,PRODUCT_INQUIRY,OPEN,LOW,
5319,3216,CRM00000005319,2026-05-22 12:21:23,EMAIL,RETENTION,OPEN,HIGH,
5320,3216,CRM00000005320,2025-11-27 08:45:14,PHONE,RETENTION,RESOLVED,LOW,17.29
5321,3216,CRM00000005321,2026-07-12 04:01:30,PHONE,RETENTION,RESOLVED,MEDIUM,4.83
5322,3218,CRM00000005322,2026-02-13 03:53:41,EMAIL,COMPLAINT,RESOLVED,HIGH,9.87
5323,3218,CRM00000005323,2026-01-20 14:07:56,BRANCH,DISPUTE,OPEN,MEDIUM,
5324,3218,CRM00000005324,2025-10-19 11:39:18,CHAT,COMPLAINT,RESOLVED,HIGH,14.18
5325,3219,CRM00000005325,2026-02-06 05:27:06,PHONE,RETENTION,RESOLVED,MEDIUM,11.97
5326,3221,CRM00000005326,2026-02-03 11:44:46,CHAT,DISPUTE,IN_PROGRESS,LOW,
5327,3221,CRM00000005327,2026-05-07 06:25:47,PHONE,ADVISORY,RESOLVED,MEDIUM,15.72
5328,3221,CRM00000005328,2025-10-08 00:33:10,EMAIL,DISPUTE,RESOLVED,MEDIUM,8.39
5329,3222,CRM00000005329,2026-08-11 19:07:10,PHONE,PRODUCT_INQUIRY,ESCALATED,LOW,
5330,3222,CRM00000005330,2025-11-24 23:57:33,EMAIL,RETENTION,RESOLVED,MEDIUM,8.34
5331,3224,CRM00000005331,2025-10-29 12:32:15,PHONE,RETENTION,RESOLVED,MEDIUM,11.21
5332,3224,CRM00000005332,2025-10-03 12:17:34,PHONE,RETENTION,RESOLVED,MEDIUM,42.34
5333,3224,CRM00000005333,2026-05-31 06:08:04,EMAIL,RETENTION,ESCALATED,LOW,
5334,3224,CRM00000005334,2026-06-03 14:08:36,PHONE,DISPUTE,ESCALATED,MEDIUM,
5335,3225,CRM00000005335,2026-04-15 03:19:17,BRANCH,ADVISORY,RESOLVED,LOW,4.5
5336,3225,CRM00000005336,2025-12-31 22:57:51,EMAIL,DISPUTE,RESOLVED,MEDIUM,23.42
5337,3226,CRM00000005337,2026-05-08 14:43:26,PHONE,ADVISORY,IN_PROGRESS,MEDIUM,
5338,3227,CRM00000005338,2026-04-28 10:08:48,EMAIL,COMPLAINT,RESOLVED,LOW,4.14
5339,3227,CRM00000005339,2026-04-23 02:08:13,PHONE,RETENTION,OPEN,MEDIUM,
5340,3228,CRM00000005340,2025-11-27 16:39:55,BRANCH,DISPUTE,RESOLVED,MEDIUM,7.21
5341,3228,CRM00000005341,2026-03-31 07:41:07,PHONE,ADVISORY,OPEN,LOW,
5342,3229,CRM00000005342,2026-03-11 07:33:14,BRANCH,ADVISORY,RESOLVED,MEDIUM,19.09
5343,3229,CRM00000005343,2025-10-03 15:00:50,CHAT,RETENTION,OPEN,LOW,
5344,3229,CRM00000005344,2025-09-25 21:39:31,RM_VISIT,COMPLAINT,IN_PROGRESS,MEDIUM,
5345,3231,CRM00000005345,2025-12-06 16:32:53,EMAIL,ONBOARDING,IN_PROGRESS,HIGH,
5346,3231,CRM00000005346,2026-06-14 06:05:08,BRANCH,RETENTION,RESOLVED,MEDIUM,48.09
5347,3231,CRM00000005347,2026-06-12 08:55:59,EMAIL,PRODUCT_INQUIRY,RESOLVED,HIGH,34.32
5348,3232,CRM00000005348,2026-01-23 15:38:34,EMAIL,PRODUCT_INQUIRY,RESOLVED,HIGH,8.33
5349,3232,CRM00000005349,2026-04-12 04:05:25,EMAIL,RETENTION,RESOLVED,LOW,2.1
5350,3232,CRM00000005350,2026-07-08 15:26:04,EMAIL,ADVISORY,RESOLVED,MEDIUM,15.73
5351,3232,CRM00000005351,2026-02-17 04:28:22,EMAIL,COMPLAINT,RESOLVED,MEDIUM,13.19
5352,3233,CRM00000005352,2025-11-05 02:13:30,EMAIL,ONBOARDING,OPEN,URGENT,
5353,3233,CRM00000005353,2026-03-06 19:13:10,EMAIL,COMPLAINT,ESCALATED,MEDIUM,
5354,3234,CRM00000005354,2025-10-01 15:56:17,BRANCH,ADVISORY,IN_PROGRESS,LOW,
5355,3234,CRM00000005355,2025-09-16 23:57:26,EMAIL,DISPUTE,RESOLVED,HIGH,26.26
5356,3235,CRM00000005356,2026-06-09 08:01:35,PHONE,ADVISORY,RESOLVED,HIGH,21.56
5357,3236,CRM00000005357,2026-04-23 10:10:37,PHONE,DISPUTE,IN_PROGRESS,URGENT,
5358,3236,CRM00000005358,2025-09-07 15:36:54,CHAT,PRODUCT_INQUIRY,IN_PROGRESS,MEDIUM,
5359,3237,CRM00000005359,2026-03-02 20:03:08,BRANCH,PRODUCT_INQUIRY,ESCALATED,MEDIUM,
5360,3237,CRM00000005360,2026-02-07 16:34:35,PHONE,ONBOARDING,RESOLVED,MEDIUM,13.98
5361,3238,CRM00000005361,2025-10-06 07:59:21,RM_VISIT,PRODUCT_INQUIRY,RESOLVED,LOW,9.36
5362,3239,CRM00000005362,2026-08-11 14:04:09,EMAIL,PRODUCT_INQUIRY,RESOLVED,MEDIUM,30.59
5363,3241,CRM00000005363,2026-05-09 10:42:10,PHONE,COMPLAINT,RESOLVED,MEDIUM,9.31
5364,3242,CRM00000005364,2026-03-04 21:29:03,CHAT,DISPUTE,IN_PROGRESS,LOW,
5365,3242,CRM00000005365,2026-05-14 05:28:16,PHONE,ADVISORY,RESOLVED,HIGH,8.19
5366,3243,CRM00000005366,2026-03-25 06:51:21,PHONE,ADVISORY,RESOLVED,LOW,15.49
5367,3245,CRM00000005367,2026-03-05 23:56:01,BRANCH,COMPLAINT,RESOLVED,MEDIUM,0.88
5368,3245,CRM00000005368,2026-07-25 08:19:53,BRANCH,ADVISORY,IN_PROGRESS,LOW,
5369,3246,CRM00000005369,2025-09-20 17:49:26,EMAIL,COMPLAINT,ESCALATED,MEDIUM,
5370,3247,CRM00000005370,2026-07-31 19:39:24,CHAT,ONBOARDING,RESOLVED,MEDIUM,12.18
5371,3248,CRM00000005371,2026-03-25 21:56:24,PHONE,RETENTION,RESOLVED,MEDIUM,7.14
5372,3252,CRM00000005372,2025-12-03 06:39:06,EMAIL,ADVISORY,RESOLVED,MEDIUM,14.97
5373,3252,CRM00000005373,2026-06-12 07:52:28,RM_VISIT,ADVISORY,OPEN,MEDIUM,
5374,3252,CRM00000005374,2025-10-03 20:12:49,BRANCH,RETENTION,RESOLVED,HIGH,10.92
5375,3253,CRM00000005375,2026-04-24 06:08:08,CHAT,PRODUCT_INQUIRY,RESOLVED,LOW,24.22
5376,3253,CRM00000005376,2026-04-10 16:40:50,PHONE,ONBOARDING,RESOLVED,HIGH,5.66
5377,3254,CRM00000005377,2025-11-14 07:48:35,EMAIL,PRODUCT_INQUIRY,RESOLVED,MEDIUM,9.0
5378,3256,CRM00000005378,2026-03-13 21:57:19,PHONE,COMPLAINT,RESOLVED,MEDIUM,12.73
5379,3258,CRM00000005379,2026-08-05 16:39:55,RM_VISIT,PRODUCT_INQUIRY,RESOLVED,HIGH,16.26
5380,3259,CRM00000005380,2025-09-28 10:03:42,PHONE,RETENTION,IN_PROGRESS,MEDIUM,
5381,3260,CRM00000005381,2026-04-28 18:01:20,PHONE,COMPLAINT,ESCALATED,LOW,
5382,3260,CRM00000005382,2025-12-20 20:01:47,CHAT,DISPUTE,ESCALATED,LOW,
5383,3261,CRM00000005383,2025-12-31 05:51:39,EMAIL,RETENTION,RESOLVED,LOW,17.24
5384,3261,CRM00000005384,2026-01-24 09:39:28,BRANCH,ONBOARDING,RESOLVED,HIGH,13.66
5385,3262,CRM00000005385,2025-09-11 05:56:24,EMAIL,RETENTION,RESOLVED,LOW,7.13
5386,3262,CRM00000005386,2025-10-28 02:08:03,CHAT,ADVISORY,RESOLVED,MEDIUM,4.49
5387,3262,CRM00000005387,2025-11-22 22:57:59,PHONE,RETENTION,RESOLVED,LOW,5.03
5388,3262,CRM00000005388,2026-02-20 13:43:38,PHONE,COMPLAINT,IN_PROGRESS,HIGH,
5389,3262,CRM00000005389,2026-06-24 15:37:53,CHAT,RETENTION,RESOLVED,LOW,9.8
5390,3263,CRM00000005390,2026-07-29 07:00:55,PHONE,PRODUCT_INQUIRY,ESCALATED,MEDIUM,
5391,3263,CRM00000005391,2026-08-05 00:23:30,PHONE,PRODUCT_INQUIRY,IN_PROGRESS,HIGH,
5392,3263,CRM00000005392,2026-03-04 18:19:30,PHONE,DISPUTE,RESOLVED,HIGH,8.63
5393,3264,CRM00000005393,2026-05-08 05:29:02,EMAIL,ADVISORY,RESOLVED,MEDIUM,11.55
5394,3264,CRM00000005394,2026-08-18 08:39:41,PHONE,RETENTION,RESOLVED,MEDIUM,5.88
5395,3264,CRM00000005395,2026-05-08 11:51:33,CHAT,COMPLAINT,OPEN,MEDIUM,
5396,3264,CRM00000005396,2026-07-31 10:48:10,CHAT,ADVISORY,RESOLVED,HIGH,13.83
5397,3265,CRM00000005397,2026-01-03 14:20:05,BRANCH,PRODUCT_INQUIRY,OPEN,MEDIUM,
5398,3265,CRM00000005398,2025-12-02 02:28:57,BRANCH,DISPUTE,RESOLVED,HIGH,2.18
5399,3265,CRM00000005399,2026-05-12 04:53:55,BRANCH,PRODUCT_INQUIRY,RESOLVED,LOW,7.71
5400,3267,CRM00000005400,2026-07-31 18:46:26,PHONE,COMPLAINT,RESOLVED,HIGH,27.11
5401,3270,CRM00000005401,2025-09-03 07:08:19,PHONE,ONBOARDING,ESCALATED,LOW,
5402,3270,CRM00000005402,2026-08-10 18:58:22,EMAIL,DISPUTE,IN_PROGRESS,MEDIUM,
5403,3272,CRM00000005403,2026-04-10 08:05:27,PHONE,ADVISORY,RESOLVED,MEDIUM,8.68
5404,3273,CRM00000005404,2025-10-12 10:08:09,PHONE,ONBOARDING,RESOLVED,LOW,8.73
5405,3273,CRM00000005405,2026-06-17 16:41:59,PHONE,PRODUCT_INQUIRY,RESOLVED,MEDIUM,5.38
5406,3274,CRM00000005406,2026-06-17 02:05:17,CHAT,PRODUCT_INQUIRY,RESOLVED,LOW,21.09
5407,3274,CRM00000005407,2025-09-25 07:53:17,BRANCH,RETENTION,OPEN,MEDIUM,
5408,3274,CRM00000005408,2025-09-10 01:41:30,CHAT,RETENTION,RESOLVED,LOW,1.54
5409,3276,CRM00000005409,2025-12-05 19:12:25,PHONE,PRODUCT_INQUIRY,RESOLVED,LOW,5.42
5410,3277,CRM00000005410,2026-02-20 23:38:55,EMAIL,PRODUCT_INQUIRY,RESOLVED,LOW,6.03
5411,3278,CRM00000005411,2026-02-01 20:02:03,BRANCH,PRODUCT_INQUIRY,RESOLVED,HIGH,6.56
5412,3278,CRM00000005412,2026-02-17 16:10:28,EMAIL,PRODUCT_INQUIRY,RESOLVED,MEDIUM,13.95
5413,3278,CRM00000005413,2025-11-01 23:25:17,BRANCH,COMPLAINT,RESOLVED,MEDIUM,2.97
5414,3280,CRM00000005414,2026-02-21 21:34:44,PHONE,ADVISORY,RESOLVED,LOW,9.5
5415,3281,CRM00000005415,2025-09-02 11:29:46,CHAT,RETENTION,RESOLVED,MEDIUM,19.98
5416,3281,CRM00000005416,2026-05-24 20:47:22,PHONE,RETENTION,RESOLVED,MEDIUM,2.96
5417,3282,CRM00000005417,2026-03-10 08:35:17,BRANCH,RETENTION,RESOLVED,LOW,1.67
5418,3282,CRM00000005418,2025-12-13 08:43:28,EMAIL,ONBOARDING,RESOLVED,MEDIUM,9.77
5419,3282,CRM00000005419,2025-09-12 03:14:23,EMAIL,PRODUCT_INQUIRY,RESOLVED,LOW,10.92
5420,3282,CRM00000005420,2026-08-19 09:50:32,EMAIL,PRODUCT_INQUIRY,RESOLVED,MEDIUM,38.46
5421,3282,CRM00000005421,2025-10-03 21:54:42,RM_VISIT,ONBOARDING,OPEN,MEDIUM,
5422,3283,CRM00000005422,2026-03-25 05:17:24,BRANCH,ONBOARDING,IN_PROGRESS,MEDIUM,
5423,3283,CRM00000005423,2025-12-17 22:46:20,EMAIL,RETENTION,RESOLVED,HIGH,8.13
5424,3284,CRM00000005424,2026-04-07 14:04:54,PHONE,PRODUCT_INQUIRY,RESOLVED,HIGH,22.17
5425,3284,CRM00000005425,2025-12-02 16:13:25,PHONE,PRODUCT_INQUIRY,RESOLVED,MEDIUM,13.21
5426,3284,CRM00000005426,2025-09-04 07:05:15,PHONE,ADVISORY,OPEN,LOW,
5427,3285,CRM00000005427,2026-05-17 17:36:56,PHONE,PRODUCT_INQUIRY,OPEN,MEDIUM,
5428,3285,CRM00000005428,2026-07-02 22:21:04,BRANCH,COMPLAINT,RESOLVED,MEDIUM,9.8
5429,3286,CRM00000005429,2026-05-17 17:30:07,BRANCH,COMPLAINT,RESOLVED,LOW,7.2
5430,3287,CRM00000005430,2026-03-11 18:30:34,BRANCH,PRODUCT_INQUIRY,RESOLVED,LOW,8.67
5431,3288,CRM00000005431,2026-01-08 01:18:41,PHONE,PRODUCT_INQUIRY,RESOLVED,LOW,13.52
5432,3288,CRM00000005432,2026-05-26 03:00:13,PHONE,ADVISORY,RESOLVED,MEDIUM,9.96
5433,3288,CRM00000005433,2026-04-29 16:13:47,EMAIL,RETENTION,RESOLVED,LOW,17.86
5434,3288,CRM00000005434,2026-01-12 09:05:48,PHONE,PRODUCT_INQUIRY,RESOLVED,URGENT,9.89
5435,3288,CRM00000005435,2026-05-07 22:23:56,EMAIL,ONBOARDING,RESOLVED,LOW,10.28
5436,3288,CRM00000005436,2026-03-13 12:36:45,CHAT,DISPUTE,IN_PROGRESS,MEDIUM,
5437,3289,CRM00000005437,2026-02-05 17:29:55,CHAT,PRODUCT_INQUIRY,OPEN,MEDIUM,
5438,3289,CRM00000005438,2025-12-19 05:12:08,EMAIL,RETENTION,RESOLVED,MEDIUM,14.05
5439,3289,CRM00000005439,2026-01-21 08:12:56,PHONE,ADVISORY,IN_PROGRESS,LOW,
5440,3289,CRM00000005440,2026-02-24 12:33:02,BRANCH,PRODUCT_INQUIRY,RESOLVED,MEDIUM,18.26
5441,3291,CRM00000005441,2026-04-10 03:16:14,PHONE,ADVISORY,OPEN,URGENT,
5442,3291,CRM00000005442,2026-01-22 20:12:33,EMAIL,ADVISORY,IN_PROGRESS,LOW,
5443,3291,CRM00000005443,2025-09-04 20:33:15,EMAIL,PRODUCT_INQUIRY,OPEN,HIGH,
5444,3293,CRM00000005444,2026-08-25 02:41:55,EMAIL,PRODUCT_INQUIRY,IN_PROGRESS,LOW,
5445,3294,CRM00000005445,2025-09-13 17:04:25,BRANCH,ONBOARDING,OPEN,LOW,
5446,3295,CRM00000005446,2025-09-16 06:14:54,PHONE,RETENTION,RESOLVED,MEDIUM,29.05
5447,3295,CRM00000005447,2026-04-17 08:29:21,BRANCH,PRODUCT_INQUIRY,OPEN,LOW,
5448,3296,CRM00000005448,2026-01-03 17:37:08,PHONE,RETENTION,RESOLVED,LOW,17.49
5449,3297,CRM00000005449,2026-04-11 21:17:26,CHAT,PRODUCT_INQUIRY,IN_PROGRESS,MEDIUM,
5450,3297,CRM00000005450,2025-12-02 04:30:23,EMAIL,RETENTION,IN_PROGRESS,MEDIUM,
5451,3297,CRM00000005451,2026-02-18 07:39:18,CHAT,RETENTION,RESOLVED,MEDIUM,18.28
5452,3297,CRM00000005452,2025-10-17 04:03:48,EMAIL,RETENTION,OPEN,MEDIUM,
5453,3298,CRM00000005453,2026-02-23 19:16:40,PHONE,COMPLAINT,RESOLVED,MEDIUM,9.19
5454,3299,CRM00000005454,2026-02-27 05:03:31,EMAIL,ONBOARDING,ESCALATED,MEDIUM,
5455,3300,CRM00000005455,2025-11-21 10:17:32,EMAIL,COMPLAINT,OPEN,URGENT,
5456,3300,CRM00000005456,2026-07-16 21:35:03,BRANCH,PRODUCT_INQUIRY,RESOLVED,LOW,25.25
5457,3300,CRM00000005457,2025-10-23 00:18:18,EMAIL,ADVISORY,OPEN,MEDIUM,
5458,3301,CRM00000005458,2025-12-29 02:11:26,PHONE,COMPLAINT,RESOLVED,MEDIUM,14.74
5459,3301,CRM00000005459,2026-02-12 12:00:55,BRANCH,COMPLAINT,RESOLVED,HIGH,10.82
5460,3305,CRM00000005460,2025-11-08 20:39:33,EMAIL,PRODUCT_INQUIRY,RESOLVED,MEDIUM,29.62
5461,3306,CRM00000005461,2026-03-25 18:56:30,PHONE,COMPLAINT,RESOLVED,LOW,16.33
5462,3306,CRM00000005462,2026-02-04 09:23:40,CHAT,ADVISORY,RESOLVED,LOW,36.5
5463,3307,CRM00000005463,2025-09-15 14:04:20,BRANCH,RETENTION,RESOLVED,MEDIUM,8.02
5464,3307,CRM00000005464,2026-01-02 01:36:54,EMAIL,PRODUCT_INQUIRY,RESOLVED,HIGH,7.6
5465,3307,CRM00000005465,2025-10-31 12:56:05,PHONE,ONBOARDING,RESOLVED,MEDIUM,15.5
5466,3307,CRM00000005466,2026-03-22 05:40:46,EMAIL,ONBOARDING,RESOLVED,MEDIUM,19.32
5467,3307,CRM00000005467,2025-12-22 21:47:18,PHONE,ADVISORY,OPEN,MEDIUM,
5468,3308,CRM00000005468,2025-11-18 11:41:26,CHAT,DISPUTE,IN_PROGRESS,MEDIUM,
5469,3308,CRM00000005469,2026-01-28 21:28:54,RM_VISIT,ADVISORY,IN_PROGRESS,LOW,
5470,3308,CRM00000005470,2026-08-26 05:24:01,PHONE,RETENTION,RESOLVED,MEDIUM,8.23
5471,3309,CRM00000005471,2026-08-22 16:08:18,CHAT,COMPLAINT,RESOLVED,URGENT,5.89
5472,3309,CRM00000005472,2026-05-08 22:57:06,CHAT,PRODUCT_INQUIRY,RESOLVED,MEDIUM,16.26
5473,3309,CRM00000005473,2026-08-06 23:52:43,PHONE,COMPLAINT,RESOLVED,MEDIUM,5.8
5474,3310,CRM00000005474,2025-10-20 15:18:23,CHAT,PRODUCT_INQUIRY,IN_PROGRESS,HIGH,
5475,3310,CRM00000005475,2025-12-30 13:11:28,PHONE,RETENTION,RESOLVED,LOW,8.66
5476,3312,CRM00000005476,2025-11-22 00:38:06,EMAIL,PRODUCT_INQUIRY,RESOLVED,HIGH,10.05
5477,3313,CRM00000005477,2025-11-26 01:52:51,EMAIL,PRODUCT_INQUIRY,RESOLVED,MEDIUM,19.83
5478,3313,CRM00000005478,2026-05-12 19:50:06,BRANCH,RETENTION,RESOLVED,HIGH,3.48
5479,3315,CRM00000005479,2026-05-15 10:35:59,EMAIL,DISPUTE,RESOLVED,MEDIUM,8.59
5480,3316,CRM00000005480,2025-09-05 07:43:52,PHONE,ADVISORY,RESOLVED,MEDIUM,2.45
5481,3316,CRM00000005481,2026-08-06 10:51:55,RM_VISIT,COMPLAINT,OPEN,HIGH,
5482,3316,CRM00000005482,2026-02-26 18:24:43,RM_VISIT,RETENTION,RESOLVED,LOW,4.34
5483,3317,CRM00000005483,2026-02-15 04:07:31,EMAIL,PRODUCT_INQUIRY,RESOLVED,HIGH,8.63
5484,3317,CRM00000005484,2026-07-11 23:48:51,PHONE,PRODUCT_INQUIRY,ESCALATED,MEDIUM,
5485,3317,CRM00000005485,2025-12-19 23:38:32,BRANCH,RETENTION,ESCALATED,HIGH,
5486,3318,CRM00000005486,2026-02-19 20:23:04,CHAT,ADVISORY,RESOLVED,LOW,6.1
5487,3318,CRM00000005487,2026-06-25 05:18:22,PHONE,PRODUCT_INQUIRY,ESCALATED,LOW,
5488,3319,CRM00000005488,2026-07-30 21:07:18,CHAT,PRODUCT_INQUIRY,IN_PROGRESS,MEDIUM,
5489,3319,CRM00000005489,2026-01-26 03:18:32,PHONE,COMPLAINT,RESOLVED,HIGH,4.67
5490,3319,CRM00000005490,2026-03-18 16:30:15,CHAT,COMPLAINT,OPEN,HIGH,
5491,3320,CRM00000005491,2026-08-15 14:24:15,PHONE,PRODUCT_INQUIRY,OPEN,MEDIUM,
5492,3320,CRM00000005492,2026-04-17 23:04:33,PHONE,COMPLAINT,RESOLVED,LOW,4.23
5493,3320,CRM00000005493,2026-07-20 18:07:41,RM_VISIT,RETENTION,ESCALATED,LOW,
5494,3320,CRM00000005494,2025-09-08 14:29:21,PHONE,DISPUTE,RESOLVED,LOW,8.58
5495,3321,CRM00000005495,2025-09-17 22:30:11,PHONE,COMPLAINT,ESCALATED,URGENT,
5496,3321,CRM00000005496,2026-03-15 19:10:09,CHAT,ADVISORY,IN_PROGRESS,MEDIUM,
5497,3321,CRM00000005497,2026-06-10 08:50:34,EMAIL,COMPLAINT,RESOLVED,LOW,9.21
5498,3321,CRM00000005498,2025-08-28 07:43:58,PHONE,COMPLAINT,RESOLVED,MEDIUM,2.88
5499,3322,CRM00000005499,2026-03-30 09:20:54,PHONE,ADVISORY,IN_PROGRESS,LOW,
5500,3322,CRM00000005500,2026-08-21 15:05:59,EMAIL,PRODUCT_INQUIRY,RESOLVED,URGENT,2.63
5501,3324,CRM00000005501,2026-06-25 04:22:56,PHONE,PRODUCT_INQUIRY,IN_PROGRESS,MEDIUM,
5502,3324,CRM00000005502,2026-04-11 11:13:56,PHONE,ADVISORY,RESOLVED,MEDIUM,3.17
5503,3328,CRM00000005503,2025-12-31 07:37:06,PHONE,PRODUCT_INQUIRY,RESOLVED,MEDIUM,20.14
5504,3328,CRM00000005504,2026-06-22 20:13:46,EMAIL,PRODUCT_INQUIRY,OPEN,LOW,
5505,3329,CRM00000005505,2026-02-07 06:30:52,EMAIL,PRODUCT_INQUIRY,RESOLVED,LOW,11.25
5506,3329,CRM00000005506,2025-09-27 22:08:27,BRANCH,PRODUCT_INQUIRY,RESOLVED,MEDIUM,1.15
5507,3330,CRM00000005507,2025-09-21 03:35:29,EMAIL,COMPLAINT,RESOLVED,LOW,10.0
5508,3330,CRM00000005508,2025-09-18 02:13:10,EMAIL,ONBOARDING,RESOLVED,URGENT,14.74
5509,3330,CRM00000005509,2026-03-03 12:17:11,CHAT,COMPLAINT,RESOLVED,MEDIUM,8.88
5510,3332,CRM00000005510,2026-02-24 08:56:02,PHONE,ADVISORY,ESCALATED,MEDIUM,
5511,3332,CRM00000005511,2025-11-30 22:55:59,PHONE,ADVISORY,RESOLVED,LOW,4.59
5512,3332,CRM00000005512,2025-12-04 19:32:18,CHAT,ADVISORY,RESOLVED,MEDIUM,31.01
5513,3333,CRM00000005513,2025-11-27 14:01:25,BRANCH,ADVISORY,ESCALATED,MEDIUM,
5514,3333,CRM00000005514,2026-07-16 22:57:26,EMAIL,ONBOARDING,RESOLVED,HIGH,29.62
5515,3335,CRM00000005515,2025-10-01 17:57:14,PHONE,ADVISORY,ESCALATED,MEDIUM,
5516,3336,CRM00000005516,2025-10-20 20:24:13,CHAT,ONBOARDING,RESOLVED,HIGH,5.56
5517,3336,CRM00000005517,2025-12-01 18:22:40,PHONE,RETENTION,RESOLVED,MEDIUM,7.86
5518,3337,CRM00000005518,2026-01-31 20:35:49,BRANCH,ADVISORY,RESOLVED,HIGH,9.72
5519,3337,CRM00000005519,2026-01-30 11:28:00,PHONE,ADVISORY,RESOLVED,MEDIUM,4.15
5520,3339,CRM00000005520,2026-07-25 20:23:18,BRANCH,PRODUCT_INQUIRY,RESOLVED,MEDIUM,17.91
5521,3339,CRM00000005521,2025-11-25 11:10:49,PHONE,RETENTION,IN_PROGRESS,HIGH,
5522,3342,CRM00000005522,2026-05-09 01:28:10,BRANCH,ONBOARDING,IN_PROGRESS,HIGH,
5523,3342,CRM00000005523,2025-10-03 02:12:13,EMAIL,COMPLAINT,RESOLVED,HIGH,17.24
5524,3343,CRM00000005524,2025-11-03 21:05:04,PHONE,ONBOARDING,RESOLVED,LOW,24.57
5525,3344,CRM00000005525,2026-08-03 12:07:07,CHAT,RETENTION,IN_PROGRESS,MEDIUM,
5526,3344,CRM00000005526,2026-08-16 17:58:39,PHONE,ONBOARDING,RESOLVED,HIGH,18.2
5527,3345,CRM00000005527,2026-06-15 15:27:23,PHONE,ADVISORY,RESOLVED,LOW,2.7
5528,3345,CRM00000005528,2026-07-08 23:10:04,PHONE,ADVISORY,RESOLVED,HIGH,8.61
5529,3345,CRM00000005529,2026-03-05 13:15:29,PHONE,COMPLAINT,RESOLVED,HIGH,27.04
5530,3347,CRM00000005530,2026-06-28 22:23:09,PHONE,COMPLAINT,OPEN,LOW,
5531,3348,CRM00000005531,2026-07-25 04:41:21,PHONE,ADVISORY,RESOLVED,URGENT,6.65
5532,3348,CRM00000005532,2026-01-13 04:16:56,CHAT,PRODUCT_INQUIRY,RESOLVED,MEDIUM,12.03
5533,3348,CRM00000005533,2025-09-28 18:10:36,BRANCH,ADVISORY,IN_PROGRESS,LOW,
5534,3349,CRM00000005534,2026-03-08 04:35:26,EMAIL,ONBOARDING,RESOLVED,MEDIUM,5.73
5535,3350,CRM00000005535,2026-01-07 19:52:39,CHAT,ADVISORY,RESOLVED,MEDIUM,14.56
5536,3350,CRM00000005536,2026-01-20 13:50:50,BRANCH,ADVISORY,RESOLVED,MEDIUM,19.67
5537,3350,CRM00000005537,2025-12-16 11:16:10,EMAIL,COMPLAINT,RESOLVED,MEDIUM,17.02
5538,3350,CRM00000005538,2025-09-15 06:24:43,PHONE,ADVISORY,RESOLVED,MEDIUM,2.38
5539,3350,CRM00000005539,2026-05-23 05:24:01,CHAT,DISPUTE,RESOLVED,LOW,14.17
5540,3352,CRM00000005540,2026-08-25 02:05:36,EMAIL,ADVISORY,OPEN,LOW,
5541,3352,CRM00000005541,2026-03-04 08:58:34,PHONE,COMPLAINT,RESOLVED,URGENT,20.74
5542,3352,CRM00000005542,2026-08-04 23:28:18,PHONE,DISPUTE,RESOLVED,MEDIUM,2.35
5543,3353,CRM00000005543,2026-03-30 19:06:19,RM_VISIT,RETENTION,IN_PROGRESS,HIGH,
5544,3353,CRM00000005544,2026-04-02 22:17:19,RM_VISIT,PRODUCT_INQUIRY,RESOLVED,URGENT,11.43
5545,3353,CRM00000005545,2026-01-26 08:54:17,PHONE,PRODUCT_INQUIRY,IN_PROGRESS,LOW,
5546,3354,CRM00000005546,2025-10-31 12:35:02,PHONE,ONBOARDING,RESOLVED,MEDIUM,11.77
5547,3354,CRM00000005547,2026-06-09 13:33:07,CHAT,COMPLAINT,ESCALATED,MEDIUM,
5548,3357,CRM00000005548,2026-04-10 22:56:11,CHAT,PRODUCT_INQUIRY,RESOLVED,MEDIUM,11.2
5549,3357,CRM00000005549,2026-02-15 04:36:25,EMAIL,RETENTION,OPEN,LOW,
5550,3357,CRM00000005550,2026-03-21 07:08:32,BRANCH,RETENTION,RESOLVED,HIGH,17.23
5551,3358,CRM00000005551,2026-04-06 06:57:40,PHONE,ONBOARDING,RESOLVED,HIGH,4.36
5552,3358,CRM00000005552,2025-10-04 17:32:39,EMAIL,PRODUCT_INQUIRY,RESOLVED,HIGH,30.2
5553,3359,CRM00000005553,2025-11-01 18:03:43,BRANCH,COMPLAINT,RESOLVED,MEDIUM,2.19
5554,3360,CRM00000005554,2026-04-23 08:33:38,CHAT,PRODUCT_INQUIRY,OPEN,HIGH,
5555,3360,CRM00000005555,2026-02-25 19:13:11,BRANCH,COMPLAINT,RESOLVED,HIGH,19.17
5556,3360,CRM00000005556,2025-10-01 04:30:34,CHAT,ADVISORY,RESOLVED,MEDIUM,2.48
5557,3360,CRM00000005557,2026-03-13 22:28:23,BRANCH,COMPLAINT,RESOLVED,MEDIUM,11.56
5558,3361,CRM00000005558,2026-02-24 03:39:20,PHONE,ADVISORY,RESOLVED,MEDIUM,21.65
5559,3361,CRM00000005559,2025-10-29 14:21:48,RM_VISIT,PRODUCT_INQUIRY,RESOLVED,MEDIUM,8.96
5560,3361,CRM00000005560,2026-07-22 22:44:18,BRANCH,ONBOARDING,IN_PROGRESS,MEDIUM,
5561,3362,CRM00000005561,2026-08-12 14:39:59,PHONE,RETENTION,RESOLVED,MEDIUM,14.29
5562,3362,CRM00000005562,2025-09-30 21:33:12,PHONE,COMPLAINT,RESOLVED,MEDIUM,31.63
5563,3363,CRM00000005563,2026-06-06 11:15:54,PHONE,PRODUCT_INQUIRY,RESOLVED,MEDIUM,23.71
5564,3364,CRM00000005564,2025-12-06 03:03:36,PHONE,PRODUCT_INQUIRY,RESOLVED,MEDIUM,32.32
5565,3365,CRM00000005565,2026-08-03 13:57:45,EMAIL,COMPLAINT,RESOLVED,MEDIUM,11.01
5566,3365,CRM00000005566,2026-01-16 15:37:19,PHONE,PRODUCT_INQUIRY,RESOLVED,HIGH,10.23
5567,3365,CRM00000005567,2026-04-06 07:20:20,PHONE,ADVISORY,RESOLVED,MEDIUM,11.74
5568,3366,CRM00000005568,2026-06-07 10:42:55,CHAT,PRODUCT_INQUIRY,RESOLVED,LOW,1.68
5569,3366,CRM00000005569,2026-02-06 13:22:10,PHONE,RETENTION,RESOLVED,MEDIUM,18.65
5570,3367,CRM00000005570,2026-06-18 13:33:09,PHONE,RETENTION,RESOLVED,MEDIUM,7.94
5571,3367,CRM00000005571,2026-06-21 01:14:33,PHONE,RETENTION,ESCALATED,HIGH,
5572,3368,CRM00000005572,2025-11-01 05:53:35,PHONE,RETENTION,IN_PROGRESS,URGENT,
5573,3368,CRM00000005573,2026-08-18 15:19:40,PHONE,ADVISORY,ESCALATED,MEDIUM,
5574,3369,CRM00000005574,2026-06-23 01:51:40,BRANCH,COMPLAINT,OPEN,MEDIUM,
5575,3371,CRM00000005575,2026-06-02 03:38:52,CHAT,ADVISORY,RESOLVED,LOW,10.38
5576,3376,CRM00000005576,2026-06-25 12:39:17,BRANCH,RETENTION,RESOLVED,HIGH,15.08
5577,3376,CRM00000005577,2025-12-04 11:34:49,PHONE,RETENTION,OPEN,MEDIUM,
5578,3377,CRM00000005578,2026-08-09 22:26:39,RM_VISIT,DISPUTE,IN_PROGRESS,MEDIUM,
5579,3377,CRM00000005579,2026-07-03 16:04:01,PHONE,PRODUCT_INQUIRY,RESOLVED,MEDIUM,8.4
5580,3377,CRM00000005580,2025-09-11 15:58:34,PHONE,DISPUTE,OPEN,HIGH,
5581,3378,CRM00000005581,2026-03-17 10:16:35,EMAIL,PRODUCT_INQUIRY,IN_PROGRESS,URGENT,
5582,3379,CRM00000005582,2025-08-30 06:24:37,CHAT,ADVISORY,RESOLVED,MEDIUM,30.88
5583,3379,CRM00000005583,2026-07-07 16:54:01,EMAIL,PRODUCT_INQUIRY,OPEN,MEDIUM,
5584,3380,CRM00000005584,2025-10-15 18:15:37,EMAIL,PRODUCT_INQUIRY,RESOLVED,HIGH,7.39
5585,3380,CRM00000005585,2025-12-06 20:34:55,EMAIL,PRODUCT_INQUIRY,ESCALATED,LOW,
5586,3381,CRM00000005586,2026-03-13 20:56:32,PHONE,DISPUTE,RESOLVED,LOW,2.48
5587,3382,CRM00000005587,2026-05-13 16:57:02,PHONE,ONBOARDING,RESOLVED,HIGH,1.67
5588,3382,CRM00000005588,2026-01-22 21:34:27,CHAT,PRODUCT_INQUIRY,RESOLVED,HIGH,8.07
5589,3383,CRM00000005589,2026-08-25 10:33:34,CHAT,COMPLAINT,RESOLVED,MEDIUM,1.36
5590,3383,CRM00000005590,2026-05-24 06:41:31,PHONE,ONBOARDING,RESOLVED,MEDIUM,12.31
5591,3383,CRM00000005591,2026-08-17 14:39:19,CHAT,RETENTION,IN_PROGRESS,HIGH,
5592,3384,CRM00000005592,2026-01-17 03:56:56,BRANCH,RETENTION,RESOLVED,URGENT,12.41
5593,3384,CRM00000005593,2026-03-14 04:58:21,BRANCH,ADVISORY,OPEN,LOW,
5594,3384,CRM00000005594,2026-06-04 16:46:05,CHAT,COMPLAINT,RESOLVED,MEDIUM,27.38
5595,3384,CRM00000005595,2026-06-25 16:31:56,EMAIL,ONBOARDING,IN_PROGRESS,MEDIUM,
5596,3385,CRM00000005596,2025-09-19 23:03:04,PHONE,ADVISORY,ESCALATED,LOW,
5597,3385,CRM00000005597,2026-06-19 08:32:11,BRANCH,ADVISORY,RESOLVED,LOW,4.31
5598,3385,CRM00000005598,2026-08-04 19:59:04,RM_VISIT,ONBOARDING,RESOLVED,HIGH,35.23
5599,3386,CRM00000005599,2026-01-13 14:47:11,BRANCH,RETENTION,RESOLVED,URGENT,11.46
5600,3386,CRM00000005600,2026-03-14 18:13:25,PHONE,ONBOARDING,OPEN,LOW,
5601,3387,CRM00000005601,2025-10-16 17:25:25,PHONE,ADVISORY,RESOLVED,HIGH,3.2
5602,3389,CRM00000005602,2025-09-05 16:38:06,PHONE,RETENTION,RESOLVED,MEDIUM,3.93
5603,3389,CRM00000005603,2025-12-19 06:10:30,PHONE,ONBOARDING,OPEN,MEDIUM,
5604,3390,CRM00000005604,2026-07-24 00:24:22,EMAIL,ADVISORY,RESOLVED,HIGH,13.66
5605,3390,CRM00000005605,2026-08-14 17:42:06,EMAIL,PRODUCT_INQUIRY,OPEN,MEDIUM,
5606,3394,CRM00000005606,2026-01-13 09:52:09,RM_VISIT,RETENTION,RESOLVED,MEDIUM,6.02
5607,3394,CRM00000005607,2025-08-31 10:36:57,RM_VISIT,DISPUTE,RESOLVED,MEDIUM,13.19
5608,3395,CRM00000005608,2025-10-09 00:20:39,EMAIL,RETENTION,RESOLVED,LOW,8.12
5609,3395,CRM00000005609,2026-01-21 13:54:12,CHAT,RETENTION,RESOLVED,MEDIUM,9.44
5610,3397,CRM00000005610,2026-07-23 13:40:25,EMAIL,PRODUCT_INQUIRY,ESCALATED,LOW,
5611,3397,CRM00000005611,2026-03-04 16:45:54,PHONE,ADVISORY,RESOLVED,HIGH,19.19
5612,3398,CRM00000005612,2026-03-24 19:22:40,CHAT,DISPUTE,RESOLVED,MEDIUM,18.66
5613,3398,CRM00000005613,2026-07-10 20:41:38,BRANCH,COMPLAINT,IN_PROGRESS,HIGH,
5614,3398,CRM00000005614,2025-10-16 04:58:20,PHONE,COMPLAINT,RESOLVED,HIGH,13.34
5615,3399,CRM00000005615,2026-03-13 15:59:33,PHONE,RETENTION,RESOLVED,LOW,4.88
5616,3399,CRM00000005616,2026-08-21 14:24:10,CHAT,RETENTION,RESOLVED,LOW,5.3
5617,3400,CRM00000005617,2026-01-19 12:48:14,BRANCH,RETENTION,RESOLVED,HIGH,10.94
5618,3400,CRM00000005618,2025-10-09 09:25:16,EMAIL,RETENTION,RESOLVED,HIGH,0.62
5619,3403,CRM00000005619,2026-05-11 16:48:33,EMAIL,PRODUCT_INQUIRY,RESOLVED,HIGH,6.57
5620,3404,CRM00000005620,2026-04-04 11:24:00,PHONE,DISPUTE,IN_PROGRESS,LOW,
5621,3405,CRM00000005621,2025-08-29 01:36:27,PHONE,RETENTION,OPEN,HIGH,
5622,3406,CRM00000005622,2025-11-10 11:54:28,CHAT,RETENTION,IN_PROGRESS,HIGH,
5623,3406,CRM00000005623,2026-02-28 12:35:31,CHAT,ADVISORY,IN_PROGRESS,MEDIUM,
5624,3406,CRM00000005624,2026-07-22 22:42:36,EMAIL,DISPUTE,RESOLVED,MEDIUM,16.43
5625,3407,CRM00000005625,2026-07-31 15:01:48,BRANCH,PRODUCT_INQUIRY,RESOLVED,HIGH,23.98
5626,3408,CRM00000005626,2026-02-27 05:57:33,BRANCH,RETENTION,RESOLVED,LOW,16.84
5627,3408,CRM00000005627,2026-01-15 08:23:46,BRANCH,PRODUCT_INQUIRY,RESOLVED,MEDIUM,4.83
5628,3408,CRM00000005628,2026-04-26 03:02:41,CHAT,PRODUCT_INQUIRY,RESOLVED,LOW,6.27
5629,3410,CRM00000005629,2026-01-13 21:38:13,BRANCH,PRODUCT_INQUIRY,RESOLVED,HIGH,1.39
5630,3412,CRM00000005630,2025-10-16 12:54:30,BRANCH,ADVISORY,RESOLVED,HIGH,2.27
5631,3414,CRM00000005631,2026-01-22 05:21:48,CHAT,PRODUCT_INQUIRY,RESOLVED,MEDIUM,4.71
5632,3414,CRM00000005632,2025-11-23 10:39:42,PHONE,COMPLAINT,IN_PROGRESS,MEDIUM,
5633,3414,CRM00000005633,2026-07-30 08:45:15,PHONE,ADVISORY,RESOLVED,LOW,13.96
5634,3415,CRM00000005634,2025-11-13 16:48:23,BRANCH,ADVISORY,RESOLVED,HIGH,16.56
5635,3415,CRM00000005635,2026-04-18 20:43:56,PHONE,COMPLAINT,RESOLVED,LOW,7.8
5636,3417,CRM00000005636,2026-06-13 20:07:38,CHAT,DISPUTE,RESOLVED,LOW,8.06
5637,3417,CRM00000005637,2026-07-29 23:21:05,CHAT,PRODUCT_INQUIRY,RESOLVED,HIGH,5.01
5638,3419,CRM00000005638,2026-06-09 04:38:38,CHAT,PRODUCT_INQUIRY,RESOLVED,MEDIUM,19.22
5639,3419,CRM00000005639,2026-05-02 06:48:12,PHONE,RETENTION,RESOLVED,HIGH,10.99
5640,3419,CRM00000005640,2026-03-20 09:06:42,EMAIL,ADVISORY,RESOLVED,HIGH,8.51
5641,3420,CRM00000005641,2026-06-15 04:36:25,EMAIL,PRODUCT_INQUIRY,RESOLVED,MEDIUM,10.14
5642,3420,CRM00000005642,2025-10-25 06:15:33,PHONE,PRODUCT_INQUIRY,IN_PROGRESS,MEDIUM,
5643,3422,CRM00000005643,2026-07-10 05:53:15,PHONE,RETENTION,RESOLVED,MEDIUM,1.07
5644,3422,CRM00000005644,2026-06-14 15:22:20,EMAIL,PRODUCT_INQUIRY,RESOLVED,URGENT,17.83
5645,3422,CRM00000005645,2026-04-24 18:00:12,PHONE,RETENTION,RESOLVED,LOW,9.37
5646,3423,CRM00000005646,2026-03-17 09:45:13,PHONE,PRODUCT_INQUIRY,IN_PROGRESS,MEDIUM,
5647,3423,CRM00000005647,2026-01-26 19:22:06,PHONE,RETENTION,OPEN,HIGH,
5648,3424,CRM00000005648,2026-08-14 02:30:37,CHAT,COMPLAINT,RESOLVED,HIGH,13.76
5649,3425,CRM00000005649,2026-01-08 23:45:07,PHONE,DISPUTE,RESOLVED,MEDIUM,11.51
5650,3425,CRM00000005650,2026-01-27 19:14:35,RM_VISIT,DISPUTE,OPEN,MEDIUM,
5651,3425,CRM00000005651,2025-12-20 04:34:11,PHONE,COMPLAINT,RESOLVED,LOW,3.92
5652,3427,CRM00000005652,2025-12-11 19:15:46,CHAT,COMPLAINT,RESOLVED,MEDIUM,7.05
5653,3428,CRM00000005653,2025-11-04 20:51:50,PHONE,DISPUTE,OPEN,MEDIUM,
5654,3428,CRM00000005654,2026-06-10 11:49:17,CHAT,PRODUCT_INQUIRY,RESOLVED,HIGH,4.95
5655,3428,CRM00000005655,2026-02-15 17:13:36,PHONE,PRODUCT_INQUIRY,IN_PROGRESS,MEDIUM,
5656,3429,CRM00000005656,2026-06-28 06:30:26,EMAIL,ADVISORY,ESCALATED,LOW,
5657,3429,CRM00000005657,2026-02-24 09:10:35,PHONE,ADVISORY,OPEN,HIGH,
5658,3431,CRM00000005658,2025-12-17 10:59:26,EMAIL,ADVISORY,RESOLVED,HIGH,13.65
5659,3432,CRM00000005659,2026-08-16 06:24:46,BRANCH,ADVISORY,RESOLVED,MEDIUM,41.05
5660,3432,CRM00000005660,2026-07-18 14:25:12,PHONE,RETENTION,IN_PROGRESS,MEDIUM,
5661,3432,CRM00000005661,2025-11-18 17:10:37,BRANCH,RETENTION,OPEN,MEDIUM,
5662,3432,CRM00000005662,2026-03-19 15:58:00,PHONE,ADVISORY,ESCALATED,HIGH,
5663,3432,CRM00000005663,2025-12-28 17:37:42,RM_VISIT,COMPLAINT,RESOLVED,MEDIUM,2.36
5664,3433,CRM00000005664,2026-07-28 10:42:04,PHONE,ADVISORY,IN_PROGRESS,MEDIUM,
5665,3434,CRM00000005665,2026-02-19 21:45:59,PHONE,ADVISORY,RESOLVED,MEDIUM,11.79
5666,3435,CRM00000005666,2026-04-06 05:30:04,CHAT,RETENTION,RESOLVED,HIGH,16.8
5667,3435,CRM00000005667,2025-10-10 19:30:34,EMAIL,COMPLAINT,RESOLVED,HIGH,10.46
5668,3435,CRM00000005668,2026-08-04 09:41:23,PHONE,ADVISORY,IN_PROGRESS,HIGH,
5669,3436,CRM00000005669,2026-02-20 03:29:08,BRANCH,DISPUTE,RESOLVED,MEDIUM,15.0
5670,3436,CRM00000005670,2026-07-08 12:19:17,PHONE,PRODUCT_INQUIRY,RESOLVED,HIGH,11.64
5671,3437,CRM00000005671,2025-08-27 17:23:19,PHONE,PRODUCT_INQUIRY,ESCALATED,HIGH,
5672,3437,CRM00000005672,2025-09-11 11:40:19,PHONE,ADVISORY,RESOLVED,LOW,15.21
5673,3437,CRM00000005673,2026-03-10 16:26:48,EMAIL,ADVISORY,RESOLVED,LOW,25.64
5674,3438,CRM00000005674,2025-12-06 05:40:34,EMAIL,COMPLAINT,IN_PROGRESS,HIGH,
5675,3438,CRM00000005675,2025-12-17 03:00:34,PHONE,DISPUTE,RESOLVED,HIGH,10.5
5676,3438,CRM00000005676,2026-01-30 05:56:04,BRANCH,COMPLAINT,RESOLVED,MEDIUM,26.33
5677,3439,CRM00000005677,2025-10-16 22:22:07,PHONE,ADVISORY,IN_PROGRESS,MEDIUM,
5678,3439,CRM00000005678,2026-08-13 22:15:33,BRANCH,PRODUCT_INQUIRY,IN_PROGRESS,LOW,
5679,3440,CRM00000005679,2025-11-11 00:35:34,PHONE,DISPUTE,ESCALATED,MEDIUM,
5680,3441,CRM00000005680,2026-08-06 05:58:39,PHONE,ADVISORY,ESCALATED,LOW,
5681,3444,CRM00000005681,2026-05-08 01:31:11,CHAT,ADVISORY,ESCALATED,LOW,
5682,3448,CRM00000005682,2026-04-12 05:26:08,PHONE,ADVISORY,RESOLVED,MEDIUM,25.86
5683,3448,CRM00000005683,2025-10-17 14:17:18,PHONE,ONBOARDING,IN_PROGRESS,MEDIUM,
5684,3449,CRM00000005684,2025-09-01 20:04:10,EMAIL,COMPLAINT,RESOLVED,LOW,26.34
5685,3449,CRM00000005685,2026-03-16 15:14:30,EMAIL,COMPLAINT,IN_PROGRESS,LOW,
5686,3450,CRM00000005686,2026-01-29 16:29:48,BRANCH,COMPLAINT,RESOLVED,HIGH,16.02
5687,3451,CRM00000005687,2026-05-01 06:20:41,BRANCH,PRODUCT_INQUIRY,IN_PROGRESS,LOW,
5688,3451,CRM00000005688,2025-09-16 02:45:12,PHONE,DISPUTE,ESCALATED,HIGH,
5689,3451,CRM00000005689,2025-11-27 22:29:05,EMAIL,RETENTION,IN_PROGRESS,HIGH,
5690,3451,CRM00000005690,2026-04-08 01:20:08,PHONE,COMPLAINT,OPEN,MEDIUM,
5691,3451,CRM00000005691,2026-06-04 06:10:17,EMAIL,RETENTION,RESOLVED,MEDIUM,13.73
5692,3451,CRM00000005692,2025-09-04 23:36:47,PHONE,ADVISORY,IN_PROGRESS,HIGH,
5693,3452,CRM00000005693,2025-09-24 18:56:12,CHAT,COMPLAINT,RESOLVED,HIGH,30.34
5694,3452,CRM00000005694,2025-10-27 23:04:42,PHONE,PRODUCT_INQUIRY,RESOLVED,LOW,18.65
5695,3452,CRM00000005695,2026-05-26 13:09:41,CHAT,PRODUCT_INQUIRY,IN_PROGRESS,MEDIUM,
5696,3454,CRM00000005696,2025-09-27 16:26:46,EMAIL,PRODUCT_INQUIRY,RESOLVED,URGENT,4.53
5697,3454,CRM00000005697,2026-01-12 12:56:39,BRANCH,DISPUTE,RESOLVED,MEDIUM,4.54
5698,3458,CRM00000005698,2025-12-11 06:41:22,RM_VISIT,DISPUTE,IN_PROGRESS,HIGH,
5699,3459,CRM00000005699,2025-10-12 18:22:29,PHONE,DISPUTE,RESOLVED,MEDIUM,1.07
5700,3459,CRM00000005700,2026-01-05 06:13:29,PHONE,DISPUTE,RESOLVED,MEDIUM,23.41
5701,3462,CRM00000005701,2026-03-16 06:11:39,EMAIL,PRODUCT_INQUIRY,RESOLVED,MEDIUM,5.07
5702,3463,CRM00000005702,2026-03-13 21:21:41,RM_VISIT,RETENTION,IN_PROGRESS,MEDIUM,
5703,3463,CRM00000005703,2026-01-19 19:35:30,CHAT,PRODUCT_INQUIRY,ESCALATED,MEDIUM,
5704,3464,CRM00000005704,2026-08-13 22:40:47,EMAIL,PRODUCT_INQUIRY,RESOLVED,MEDIUM,8.42
5705,3465,CRM00000005705,2026-06-07 08:24:39,EMAIL,ADVISORY,RESOLVED,MEDIUM,25.43
5706,3465,CRM00000005706,2026-01-07 10:43:25,PHONE,RETENTION,RESOLVED,MEDIUM,8.39
5707,3465,CRM00000005707,2026-06-11 07:18:20,RM_VISIT,RETENTION,RESOLVED,MEDIUM,10.6
5708,3466,CRM00000005708,2026-02-17 19:24:49,EMAIL,PRODUCT_INQUIRY,RESOLVED,HIGH,5.15
5709,3467,CRM00000005709,2026-07-07 15:44:26,PHONE,PRODUCT_INQUIRY,IN_PROGRESS,MEDIUM,
5710,3468,CRM00000005710,2026-03-30 01:51:52,EMAIL,ADVISORY,RESOLVED,HIGH,16.84
5711,3468,CRM00000005711,2026-05-14 14:00:40,EMAIL,ONBOARDING,RESOLVED,MEDIUM,18.44
5712,3469,CRM00000005712,2026-01-06 11:40:16,BRANCH,DISPUTE,RESOLVED,LOW,12.79
5713,3469,CRM00000005713,2026-03-18 02:35:08,PHONE,RETENTION,OPEN,MEDIUM,
5714,3470,CRM00000005714,2026-01-09 19:43:54,BRANCH,COMPLAINT,ESCALATED,HIGH,
5715,3470,CRM00000005715,2026-04-11 15:03:09,PHONE,COMPLAINT,RESOLVED,MEDIUM,2.86
5716,3471,CRM00000005716,2025-10-15 12:42:24,PHONE,ADVISORY,RESOLVED,LOW,3.63
5717,3471,CRM00000005717,2026-04-09 10:46:07,BRANCH,RETENTION,OPEN,MEDIUM,
5718,3472,CRM00000005718,2025-09-27 21:06:30,EMAIL,PRODUCT_INQUIRY,RESOLVED,LOW,7.28
5719,3472,CRM00000005719,2025-08-27 21:31:39,EMAIL,PRODUCT_INQUIRY,RESOLVED,MEDIUM,9.15
5720,3474,CRM00000005720,2025-10-03 15:38:17,BRANCH,PRODUCT_INQUIRY,RESOLVED,MEDIUM,10.48
5721,3475,CRM00000005721,2026-03-31 14:18:32,EMAIL,COMPLAINT,ESCALATED,LOW,
5722,3476,CRM00000005722,2025-09-06 13:25:25,PHONE,ADVISORY,RESOLVED,HIGH,18.81
5723,3477,CRM00000005723,2026-08-02 10:34:15,EMAIL,ADVISORY,OPEN,LOW,
5724,3477,CRM00000005724,2025-11-01 08:37:06,PHONE,DISPUTE,RESOLVED,MEDIUM,6.67
5725,3478,CRM00000005725,2026-06-19 14:19:04,PHONE,ADVISORY,IN_PROGRESS,URGENT,
5726,3478,CRM00000005726,2026-02-20 17:51:24,BRANCH,RETENTION,OPEN,MEDIUM,
5727,3479,CRM00000005727,2026-03-05 20:56:20,PHONE,ADVISORY,RESOLVED,LOW,26.29
5728,3479,CRM00000005728,2026-06-26 03:08:05,EMAIL,RETENTION,IN_PROGRESS,LOW,
5729,3481,CRM00000005729,2025-10-13 08:37:47,PHONE,PRODUCT_INQUIRY,ESCALATED,HIGH,
5730,3482,CRM00000005730,2026-01-31 10:26:18,EMAIL,ADVISORY,OPEN,MEDIUM,
5731,3482,CRM00000005731,2026-07-18 12:21:27,BRANCH,RETENTION,RESOLVED,MEDIUM,21.87
5732,3485,CRM00000005732,2025-12-27 07:22:44,EMAIL,PRODUCT_INQUIRY,OPEN,LOW,
5733,3486,CRM00000005733,2026-07-10 16:11:43,EMAIL,ADVISORY,RESOLVED,MEDIUM,14.11
5734,3486,CRM00000005734,2026-05-29 14:51:06,PHONE,RETENTION,IN_PROGRESS,HIGH,
5735,3487,CRM00000005735,2026-06-29 16:37:15,EMAIL,COMPLAINT,RESOLVED,LOW,4.21
5736,3488,CRM00000005736,2026-07-13 03:12:45,PHONE,RETENTION,RESOLVED,MEDIUM,8.3
5737,3488,CRM00000005737,2026-07-07 19:15:55,EMAIL,RETENTION,RESOLVED,LOW,6.38
5738,3488,CRM00000005738,2025-12-29 01:41:01,PHONE,COMPLAINT,RESOLVED,LOW,13.18
5739,3490,CRM00000005739,2026-05-29 16:00:23,PHONE,DISPUTE,RESOLVED,LOW,11.13
5740,3492,CRM00000005740,2026-03-02 14:27:40,PHONE,RETENTION,ESCALATED,LOW,
5741,3492,CRM00000005741,2026-02-07 05:51:47,PHONE,PRODUCT_INQUIRY,RESOLVED,LOW,46.35
5742,3495,CRM00000005742,2026-01-09 16:41:15,RM_VISIT,COMPLAINT,RESOLVED,LOW,24.39
5743,3495,CRM00000005743,2025-11-21 07:06:20,PHONE,COMPLAINT,OPEN,MEDIUM,
5744,3495,CRM00000005744,2026-04-02 20:18:00,BRANCH,PRODUCT_INQUIRY,IN_PROGRESS,HIGH,
5745,3495,CRM00000005745,2026-03-21 19:51:57,RM_VISIT,PRODUCT_INQUIRY,RESOLVED,MEDIUM,21.51
5746,3496,CRM00000005746,2025-09-09 13:40:46,CHAT,COMPLAINT,RESOLVED,MEDIUM,19.75
5747,3496,CRM00000005747,2026-07-02 12:22:53,EMAIL,COMPLAINT,RESOLVED,HIGH,26.33
5748,3496,CRM00000005748,2026-06-05 20:07:31,PHONE,COMPLAINT,IN_PROGRESS,MEDIUM,
5749,3497,CRM00000005749,2026-04-30 15:08:16,PHONE,DISPUTE,RESOLVED,MEDIUM,3.18
5750,3497,CRM00000005750,2026-04-27 10:55:52,PHONE,PRODUCT_INQUIRY,RESOLVED,MEDIUM,15.31
5751,3498,CRM00000005751,2025-10-03 03:51:12,BRANCH,RETENTION,RESOLVED,MEDIUM,10.36
5752,3498,CRM00000005752,2026-08-08 21:29:50,PHONE,ADVISORY,IN_PROGRESS,HIGH,
5753,3498,CRM00000005753,2025-12-24 22:45:10,PHONE,RETENTION,ESCALATED,MEDIUM,
5754,3498,CRM00000005754,2025-10-01 00:23:09,PHONE,ADVISORY,RESOLVED,MEDIUM,23.67
5755,3498,CRM00000005755,2025-11-30 14:36:33,PHONE,ONBOARDING,IN_PROGRESS,URGENT,
5756,3499,CRM00000005756,2026-05-04 02:17:25,PHONE,DISPUTE,RESOLVED,HIGH,4.28
5757,3500,CRM00000005757,2026-02-07 04:13:20,PHONE,PRODUCT_INQUIRY,RESOLVED,MEDIUM,1.74
5758,3501,CRM00000005758,2025-12-05 06:10:29,PHONE,ADVISORY,RESOLVED,MEDIUM,11.47
5759,3501,CRM00000005759,2025-09-12 04:08:12,BRANCH,ADVISORY,RESOLVED,HIGH,20.44
5760,3503,CRM00000005760,2025-08-28 01:21:20,PHONE,COMPLAINT,RESOLVED,LOW,0.92
5761,3503,CRM00000005761,2026-03-15 06:42:50,EMAIL,ADVISORY,RESOLVED,MEDIUM,8.41
5762,3503,CRM00000005762,2026-04-09 16:15:08,RM_VISIT,ONBOARDING,IN_PROGRESS,URGENT,
5763,3504,CRM00000005763,2026-03-21 13:50:04,PHONE,RETENTION,RESOLVED,MEDIUM,27.87
5764,3504,CRM00000005764,2026-06-13 17:22:58,PHONE,RETENTION,IN_PROGRESS,URGENT,
5765,3505,CRM00000005765,2026-07-05 01:06:08,CHAT,RETENTION,RESOLVED,HIGH,17.02
5766,3505,CRM00000005766,2025-09-17 10:22:47,PHONE,RETENTION,RESOLVED,LOW,6.33
5767,3507,CRM00000005767,2026-03-09 12:27:36,PHONE,ADVISORY,RESOLVED,HIGH,7.9
5768,3507,CRM00000005768,2026-05-01 15:18:42,CHAT,COMPLAINT,RESOLVED,MEDIUM,20.5
5769,3509,CRM00000005769,2026-07-08 01:59:54,BRANCH,RETENTION,RESOLVED,MEDIUM,22.42
5770,3509,CRM00000005770,2026-05-02 02:48:30,PHONE,RETENTION,OPEN,HIGH,
5771,3509,CRM00000005771,2026-06-30 14:24:15,CHAT,RETENTION,RESOLVED,MEDIUM,0.27
5772,3510,CRM00000005772,2025-12-12 20:33:54,PHONE,DISPUTE,RESOLVED,HIGH,3.51
5773,3510,CRM00000005773,2026-01-01 20:10:02,PHONE,ONBOARDING,RESOLVED,HIGH,7.7
5774,3510,CRM00000005774,2026-06-10 01:25:37,CHAT,DISPUTE,RESOLVED,LOW,8.4
5775,3511,CRM00000005775,2025-12-26 12:06:27,EMAIL,ONBOARDING,RESOLVED,MEDIUM,15.95
5776,3512,CRM00000005776,2026-02-04 00:50:35,EMAIL,RETENTION,IN_PROGRESS,HIGH,
5777,3512,CRM00000005777,2025-10-30 12:04:58,PHONE,ADVISORY,IN_PROGRESS,MEDIUM,
5778,3512,CRM00000005778,2025-10-14 12:34:31,RM_VISIT,COMPLAINT,RESOLVED,MEDIUM,4.43
5779,3513,CRM00000005779,2025-11-10 10:46:39,PHONE,RETENTION,RESOLVED,MEDIUM,1.11
5780,3513,CRM00000005780,2026-06-22 22:39:25,CHAT,COMPLAINT,RESOLVED,MEDIUM,5.1
5781,3513,CRM00000005781,2026-03-18 07:46:11,BRANCH,RETENTION,RESOLVED,LOW,6.1
5782,3514,CRM00000005782,2026-01-03 00:39:48,PHONE,PRODUCT_INQUIRY,IN_PROGRESS,MEDIUM,
5783,3514,CRM00000005783,2026-01-23 10:56:16,EMAIL,COMPLAINT,ESCALATED,MEDIUM,
5784,3514,CRM00000005784,2026-06-03 02:06:20,PHONE,ADVISORY,IN_PROGRESS,MEDIUM,
5785,3515,CRM00000005785,2025-12-31 12:00:33,BRANCH,PRODUCT_INQUIRY,IN_PROGRESS,MEDIUM,
5786,3515,CRM00000005786,2026-07-02 20:21:43,PHONE,PRODUCT_INQUIRY,IN_PROGRESS,MEDIUM,
5787,3515,CRM00000005787,2026-08-04 03:19:01,PHONE,RETENTION,IN_PROGRESS,LOW,
5788,3516,CRM00000005788,2026-06-20 09:49:20,PHONE,RETENTION,OPEN,MEDIUM,
5789,3516,CRM00000005789,2025-08-30 16:04:26,EMAIL,COMPLAINT,RESOLVED,HIGH,8.22
5790,3516,CRM00000005790,2026-08-02 07:26:54,EMAIL,PRODUCT_INQUIRY,RESOLVED,LOW,7.84
5791,3516,CRM00000005791,2026-06-17 22:33:03,BRANCH,PRODUCT_INQUIRY,RESOLVED,LOW,23.31
5792,3516,CRM00000005792,2026-03-27 15:32:26,CHAT,RETENTION,IN_PROGRESS,MEDIUM,
5793,3517,CRM00000005793,2026-05-31 08:21:42,BRANCH,PRODUCT_INQUIRY,OPEN,MEDIUM,
5794,3518,CRM00000005794,2026-01-11 14:14:49,EMAIL,COMPLAINT,IN_PROGRESS,HIGH,
5795,3519,CRM00000005795,2025-12-22 05:42:31,PHONE,PRODUCT_INQUIRY,RESOLVED,LOW,3.51
5796,3519,CRM00000005796,2025-09-23 19:04:08,PHONE,PRODUCT_INQUIRY,OPEN,MEDIUM,
5797,3522,CRM00000005797,2025-09-17 15:11:41,BRANCH,PRODUCT_INQUIRY,IN_PROGRESS,LOW,
5798,3523,CRM00000005798,2026-01-10 07:02:01,CHAT,COMPLAINT,RESOLVED,HIGH,11.77
5799,3524,CRM00000005799,2025-09-04 19:15:00,BRANCH,COMPLAINT,RESOLVED,MEDIUM,1.4
5800,3524,CRM00000005800,2026-05-31 05:23:39,PHONE,ONBOARDING,IN_PROGRESS,HIGH,
5801,3525,CRM00000005801,2026-06-09 10:06:56,CHAT,RETENTION,RESOLVED,LOW,20.94
5802,3525,CRM00000005802,2025-11-17 08:55:19,EMAIL,COMPLAINT,RESOLVED,MEDIUM,20.98
5803,3525,CRM00000005803,2025-12-16 16:10:45,PHONE,ADVISORY,RESOLVED,LOW,2.9
5804,3525,CRM00000005804,2025-11-21 22:08:25,PHONE,ONBOARDING,RESOLVED,URGENT,7.91
5805,3526,CRM00000005805,2026-07-20 23:08:48,EMAIL,PRODUCT_INQUIRY,RESOLVED,HIGH,13.15
5806,3526,CRM00000005806,2025-10-08 07:15:22,CHAT,ONBOARDING,RESOLVED,MEDIUM,3.7
5807,3527,CRM00000005807,2026-06-09 20:31:58,PHONE,COMPLAINT,RESOLVED,MEDIUM,11.43
5808,3528,CRM00000005808,2026-01-08 09:53:54,CHAT,DISPUTE,IN_PROGRESS,MEDIUM,
5809,3529,CRM00000005809,2025-12-30 00:54:45,PHONE,PRODUCT_INQUIRY,RESOLVED,HIGH,21.98
5810,3531,CRM00000005810,2026-03-26 02:45:35,CHAT,COMPLAINT,RESOLVED,MEDIUM,3.33
5811,3531,CRM00000005811,2025-08-29 06:52:24,PHONE,DISPUTE,ESCALATED,HIGH,
5812,3532,CRM00000005812,2026-05-23 05:55:56,BRANCH,PRODUCT_INQUIRY,OPEN,MEDIUM,
5813,3532,CRM00000005813,2026-03-10 22:17:03,CHAT,COMPLAINT,IN_PROGRESS,MEDIUM,
5814,3533,CRM00000005814,2026-01-05 07:44:06,CHAT,ADVISORY,RESOLVED,LOW,4.28
5815,3534,CRM00000005815,2025-12-10 21:16:57,EMAIL,DISPUTE,RESOLVED,LOW,3.35
5816,3536,CRM00000005816,2026-05-15 23:30:42,PHONE,DISPUTE,RESOLVED,MEDIUM,10.49
5817,3537,CRM00000005817,2025-12-21 22:18:21,BRANCH,RETENTION,ESCALATED,URGENT,
5818,3537,CRM00000005818,2026-06-26 07:44:14,BRANCH,ADVISORY,OPEN,MEDIUM,
5819,3537,CRM00000005819,2026-05-16 06:01:59,PHONE,ADVISORY,RESOLVED,LOW,6.41
5820,3539,CRM00000005820,2026-08-19 18:16:12,PHONE,PRODUCT_INQUIRY,OPEN,MEDIUM,
5821,3539,CRM00000005821,2026-08-21 03:14:15,BRANCH,PRODUCT_INQUIRY,IN_PROGRESS,LOW,
5822,3540,CRM00000005822,2025-11-25 15:16:32,BRANCH,PRODUCT_INQUIRY,RESOLVED,MEDIUM,3.88
5823,3540,CRM00000005823,2025-12-19 14:25:54,EMAIL,COMPLAINT,RESOLVED,LOW,6.2
5824,3540,CRM00000005824,2026-01-16 04:03:14,EMAIL,PRODUCT_INQUIRY,RESOLVED,MEDIUM,12.27
5825,3542,CRM00000005825,2026-05-17 05:29:53,EMAIL,COMPLAINT,RESOLVED,MEDIUM,7.41
5826,3543,CRM00000005826,2025-12-01 10:38:21,CHAT,PRODUCT_INQUIRY,RESOLVED,LOW,4.32
5827,3543,CRM00000005827,2026-03-20 14:18:40,PHONE,ADVISORY,OPEN,MEDIUM,
5828,3544,CRM00000005828,2026-08-19 14:44:02,CHAT,PRODUCT_INQUIRY,ESCALATED,MEDIUM,
5829,3545,CRM00000005829,2026-08-21 04:34:30,EMAIL,ADVISORY,RESOLVED,MEDIUM,32.95
5830,3545,CRM00000005830,2026-04-17 22:25:33,EMAIL,COMPLAINT,RESOLVED,HIGH,5.06
5831,3546,CRM00000005831,2025-10-29 05:19:15,EMAIL,ONBOARDING,RESOLVED,MEDIUM,16.64
5832,3547,CRM00000005832,2026-06-06 13:07:16,BRANCH,COMPLAINT,RESOLVED,MEDIUM,20.32
5833,3547,CRM00000005833,2026-07-20 22:56:26,PHONE,ADVISORY,RESOLVED,LOW,14.43
5834,3547,CRM00000005834,2025-10-25 03:12:13,EMAIL,ADVISORY,RESOLVED,LOW,12.47
5835,3547,CRM00000005835,2026-02-21 21:59:34,CHAT,ADVISORY,RESOLVED,MEDIUM,22.19
5836,3548,CRM00000005836,2026-01-08 03:58:03,BRANCH,PRODUCT_INQUIRY,IN_PROGRESS,MEDIUM,
5837,3550,CRM00000005837,2025-12-22 15:02:05,BRANCH,COMPLAINT,RESOLVED,LOW,43.44
5838,3551,CRM00000005838,2026-06-14 10:03:36,EMAIL,COMPLAINT,RESOLVED,LOW,4.0
5839,3551,CRM00000005839,2026-05-11 04:30:13,BRANCH,DISPUTE,OPEN,LOW,
5840,3552,CRM00000005840,2025-12-06 09:26:16,PHONE,COMPLAINT,ESCALATED,MEDIUM,
5841,3553,CRM00000005841,2026-03-07 03:24:14,EMAIL,PRODUCT_INQUIRY,RESOLVED,HIGH,5.84
5842,3553,CRM00000005842,2025-10-02 05:15:53,EMAIL,ADVISORY,RESOLVED,MEDIUM,5.85
5843,3554,CRM00000005843,2025-09-21 09:46:25,EMAIL,COMPLAINT,RESOLVED,MEDIUM,6.52
5844,3555,CRM00000005844,2026-05-30 21:25:20,RM_VISIT,ADVISORY,RESOLVED,LOW,7.46
5845,3555,CRM00000005845,2025-09-19 17:10:05,EMAIL,ADVISORY,RESOLVED,HIGH,2.43
5846,3557,CRM00000005846,2025-09-12 19:04:03,EMAIL,PRODUCT_INQUIRY,RESOLVED,HIGH,6.13
5847,3560,CRM00000005847,2025-12-24 15:13:45,PHONE,DISPUTE,RESOLVED,HIGH,17.45
5848,3560,CRM00000005848,2026-02-22 21:05:28,BRANCH,ADVISORY,RESOLVED,MEDIUM,4.46
5849,3561,CRM00000005849,2026-08-11 19:58:09,PHONE,ADVISORY,OPEN,MEDIUM,
5850,3561,CRM00000005850,2026-05-04 23:08:26,EMAIL,RETENTION,RESOLVED,MEDIUM,4.48
5851,3564,CRM00000005851,2025-10-29 14:34:38,BRANCH,PRODUCT_INQUIRY,RESOLVED,MEDIUM,12.22
5852,3564,CRM00000005852,2025-12-11 11:00:07,BRANCH,COMPLAINT,RESOLVED,MEDIUM,27.21
5853,3564,CRM00000005853,2025-10-04 05:07:42,PHONE,ADVISORY,RESOLVED,LOW,1.07
5854,3566,CRM00000005854,2026-01-26 17:25:10,CHAT,DISPUTE,IN_PROGRESS,LOW,
5855,3566,CRM00000005855,2026-02-15 04:08:52,PHONE,RETENTION,RESOLVED,HIGH,18.99
5856,3566,CRM00000005856,2026-06-25 02:03:40,PHONE,COMPLAINT,RESOLVED,LOW,2.76
5857,3568,CRM00000005857,2026-05-26 12:21:38,PHONE,ONBOARDING,RESOLVED,HIGH,17.57
5858,3568,CRM00000005858,2026-07-13 14:54:31,EMAIL,COMPLAINT,IN_PROGRESS,HIGH,
5859,3568,CRM00000005859,2026-05-24 14:58:18,PHONE,COMPLAINT,IN_PROGRESS,MEDIUM,
5860,3570,CRM00000005860,2026-01-27 22:12:57,BRANCH,ONBOARDING,RESOLVED,LOW,7.17
5861,3572,CRM00000005861,2026-05-18 09:49:32,CHAT,ONBOARDING,IN_PROGRESS,MEDIUM,
5862,3572,CRM00000005862,2025-09-18 04:29:57,EMAIL,PRODUCT_INQUIRY,ESCALATED,URGENT,
5863,3572,CRM00000005863,2025-11-04 22:56:24,EMAIL,ADVISORY,RESOLVED,LOW,9.61
5864,3573,CRM00000005864,2026-05-30 10:39:18,PHONE,COMPLAINT,RESOLVED,LOW,9.5
5865,3573,CRM00000005865,2025-09-16 10:57:03,CHAT,COMPLAINT,RESOLVED,HIGH,8.02
5866,3574,CRM00000005866,2026-04-14 01:20:02,PHONE,RETENTION,RESOLVED,HIGH,9.91
5867,3574,CRM00000005867,2025-09-20 16:13:09,CHAT,PRODUCT_INQUIRY,IN_PROGRESS,MEDIUM,
5868,3575,CRM00000005868,2025-10-17 05:34:49,CHAT,DISPUTE,ESCALATED,HIGH,
5869,3576,CRM00000005869,2026-06-24 11:57:16,PHONE,PRODUCT_INQUIRY,ESCALATED,MEDIUM,
5870,3577,CRM00000005870,2026-01-19 18:35:41,PHONE,ONBOARDING,OPEN,MEDIUM,
5871,3577,CRM00000005871,2025-09-10 06:13:39,BRANCH,ONBOARDING,OPEN,MEDIUM,
5872,3579,CRM00000005872,2026-06-13 02:53:43,EMAIL,COMPLAINT,RESOLVED,MEDIUM,18.05
5873,3580,CRM00000005873,2026-03-26 11:56:22,PHONE,ADVISORY,RESOLVED,MEDIUM,2.97
5874,3580,CRM00000005874,2025-11-09 04:42:40,CHAT,PRODUCT_INQUIRY,RESOLVED,LOW,9.17
5875,3580,CRM00000005875,2025-09-12 21:09:47,EMAIL,PRODUCT_INQUIRY,OPEN,LOW,
5876,3581,CRM00000005876,2026-06-02 21:26:09,EMAIL,COMPLAINT,RESOLVED,HIGH,2.69
5877,3581,CRM00000005877,2026-05-10 10:13:32,PHONE,ONBOARDING,RESOLVED,MEDIUM,12.3
5878,3583,CRM00000005878,2026-06-07 12:25:05,EMAIL,PRODUCT_INQUIRY,RESOLVED,MEDIUM,2.89
5879,3583,CRM00000005879,2026-04-15 23:40:30,EMAIL,ADVISORY,RESOLVED,MEDIUM,4.79
5880,3583,CRM00000005880,2025-10-02 10:05:42,CHAT,DISPUTE,RESOLVED,LOW,10.93
5881,3583,CRM00000005881,2026-06-15 03:06:17,BRANCH,PRODUCT_INQUIRY,RESOLVED,HIGH,9.82
5882,3584,CRM00000005882,2026-05-09 04:04:18,EMAIL,RETENTION,IN_PROGRESS,LOW,
5883,3585,CRM00000005883,2026-03-09 12:22:31,PHONE,ADVISORY,ESCALATED,HIGH,
5884,3585,CRM00000005884,2025-11-12 12:57:08,PHONE,ADVISORY,RESOLVED,HIGH,12.26
5885,3587,CRM00000005885,2025-12-08 10:02:51,EMAIL,RETENTION,RESOLVED,LOW,17.16
5886,3587,CRM00000005886,2025-10-02 21:55:03,EMAIL,ONBOARDING,RESOLVED,MEDIUM,15.92
5887,3587,CRM00000005887,2025-11-11 02:47:27,PHONE,COMPLAINT,RESOLVED,LOW,15.48
5888,3587,CRM00000005888,2026-08-15 21:46:05,CHAT,PRODUCT_INQUIRY,RESOLVED,LOW,0.56
5889,3588,CRM00000005889,2026-03-31 16:48:33,PHONE,COMPLAINT,RESOLVED,LOW,12.62
5890,3589,CRM00000005890,2026-05-23 03:40:21,EMAIL,RETENTION,RESOLVED,MEDIUM,8.65
5891,3590,CRM00000005891,2026-03-18 19:22:31,PHONE,ADVISORY,RESOLVED,MEDIUM,6.71
5892,3590,CRM00000005892,2025-09-16 18:22:16,PHONE,RETENTION,RESOLVED,MEDIUM,3.34
5893,3591,CRM00000005893,2026-05-26 07:34:32,BRANCH,ADVISORY,OPEN,MEDIUM,
5894,3592,CRM00000005894,2026-05-04 16:41:02,PHONE,ADVISORY,RESOLVED,MEDIUM,25.3
5895,3593,CRM00000005895,2025-12-26 03:15:43,EMAIL,PRODUCT_INQUIRY,RESOLVED,MEDIUM,12.36
5896,3593,CRM00000005896,2025-12-04 04:09:32,BRANCH,COMPLAINT,RESOLVED,MEDIUM,8.28
5897,3593,CRM00000005897,2026-01-06 17:45:33,PHONE,RETENTION,IN_PROGRESS,LOW,
5898,3593,CRM00000005898,2026-01-30 04:24:35,PHONE,ADVISORY,RESOLVED,LOW,6.19
5899,3594,CRM00000005899,2026-05-27 06:32:34,CHAT,ONBOARDING,RESOLVED,HIGH,2.33
5900,3595,CRM00000005900,2026-06-12 02:46:57,BRANCH,DISPUTE,RESOLVED,URGENT,5.1
5901,3595,CRM00000005901,2026-05-28 05:22:33,PHONE,DISPUTE,RESOLVED,LOW,3.27
5902,3600,CRM00000005902,2026-01-21 17:11:58,RM_VISIT,ADVISORY,ESCALATED,HIGH,
5903,3602,CRM00000005903,2025-12-28 11:42:30,PHONE,PRODUCT_INQUIRY,RESOLVED,HIGH,30.36
5904,3602,CRM00000005904,2026-04-11 12:31:06,PHONE,RETENTION,RESOLVED,HIGH,13.67
5905,3605,CRM00000005905,2025-11-03 02:02:19,RM_VISIT,ADVISORY,RESOLVED,LOW,7.97
5906,3607,CRM00000005906,2026-04-17 15:21:34,PHONE,DISPUTE,RESOLVED,LOW,3.52
5907,3607,CRM00000005907,2026-06-12 22:55:26,RM_VISIT,ADVISORY,RESOLVED,HIGH,9.82
5908,3608,CRM00000005908,2026-08-03 06:28:42,PHONE,ADVISORY,RESOLVED,MEDIUM,20.93
5909,3609,CRM00000005909,2026-08-07 17:09:39,BRANCH,RETENTION,IN_PROGRESS,HIGH,
5910,3610,CRM00000005910,2026-06-29 11:28:19,PHONE,DISPUTE,RESOLVED,LOW,16.53
5911,3610,CRM00000005911,2026-06-23 14:36:03,BRANCH,ONBOARDING,IN_PROGRESS,HIGH,
5912,3611,CRM00000005912,2026-05-10 04:44:46,EMAIL,DISPUTE,RESOLVED,HIGH,11.25
5913,3612,CRM00000005913,2026-08-20 12:08:35,EMAIL,ADVISORY,RESOLVED,MEDIUM,12.66
5914,3612,CRM00000005914,2026-08-09 15:26:59,EMAIL,PRODUCT_INQUIRY,RESOLVED,LOW,4.4
5915,3612,CRM00000005915,2026-01-12 09:47:41,PHONE,COMPLAINT,OPEN,URGENT,
5916,3612,CRM00000005916,2025-11-03 18:59:22,CHAT,PRODUCT_INQUIRY,RESOLVED,HIGH,22.42
5917,3613,CRM00000005917,2025-10-07 13:08:11,BRANCH,DISPUTE,RESOLVED,MEDIUM,7.07
5918,3613,CRM00000005918,2025-12-30 21:42:18,PHONE,COMPLAINT,RESOLVED,LOW,18.29
5919,3614,CRM00000005919,2025-11-15 03:38:27,PHONE,RETENTION,RESOLVED,MEDIUM,1.32
5920,3614,CRM00000005920,2026-08-23 05:08:02,PHONE,COMPLAINT,RESOLVED,LOW,6.06
5921,3614,CRM00000005921,2026-02-10 21:45:40,PHONE,ONBOARDING,ESCALATED,HIGH,
5922,3615,CRM00000005922,2026-06-20 21:55:53,PHONE,COMPLAINT,RESOLVED,MEDIUM,21.53
5923,3615,CRM00000005923,2025-11-07 11:22:56,PHONE,PRODUCT_INQUIRY,RESOLVED,MEDIUM,23.81
5924,3615,CRM00000005924,2025-10-02 05:56:54,PHONE,ADVISORY,OPEN,MEDIUM,
5925,3616,CRM00000005925,2026-08-10 23:23:45,PHONE,COMPLAINT,ESCALATED,LOW,
5926,3616,CRM00000005926,2026-06-29 20:58:04,EMAIL,COMPLAINT,RESOLVED,LOW,30.35
5927,3617,CRM00000005927,2025-12-22 21:42:31,EMAIL,PRODUCT_INQUIRY,RESOLVED,MEDIUM,17.04
5928,3617,CRM00000005928,2026-05-14 23:42:17,CHAT,COMPLAINT,OPEN,HIGH,
5929,3618,CRM00000005929,2026-02-12 15:55:43,PHONE,PRODUCT_INQUIRY,RESOLVED,MEDIUM,23.81
5930,3619,CRM00000005930,2026-03-17 17:30:16,CHAT,COMPLAINT,RESOLVED,LOW,6.36
5931,3619,CRM00000005931,2026-03-22 22:32:01,EMAIL,DISPUTE,RESOLVED,HIGH,19.48
5932,3619,CRM00000005932,2025-09-20 07:59:56,EMAIL,COMPLAINT,RESOLVED,HIGH,18.79
5933,3619,CRM00000005933,2025-09-06 12:54:48,PHONE,PRODUCT_INQUIRY,RESOLVED,MEDIUM,23.0
5934,3621,CRM00000005934,2025-09-27 16:05:53,EMAIL,ADVISORY,RESOLVED,HIGH,6.26
5935,3623,CRM00000005935,2026-04-04 16:18:55,EMAIL,PRODUCT_INQUIRY,RESOLVED,LOW,14.11
5936,3623,CRM00000005936,2026-08-16 17:32:51,EMAIL,ADVISORY,RESOLVED,LOW,14.57
5937,3624,CRM00000005937,2026-01-14 20:27:52,BRANCH,ADVISORY,RESOLVED,LOW,8.23
5938,3625,CRM00000005938,2026-02-08 12:07:14,CHAT,ONBOARDING,RESOLVED,MEDIUM,28.9
5939,3627,CRM00000005939,2025-12-12 16:48:31,CHAT,RETENTION,RESOLVED,HIGH,4.55
5940,3628,CRM00000005940,2025-09-15 00:16:27,RM_VISIT,ADVISORY,RESOLVED,LOW,7.57
5941,3628,CRM00000005941,2025-08-30 12:36:39,PHONE,RETENTION,RESOLVED,MEDIUM,0.27
5942,3629,CRM00000005942,2025-12-12 12:19:41,BRANCH,COMPLAINT,IN_PROGRESS,LOW,
5943,3629,CRM00000005943,2026-01-15 14:24:23,BRANCH,RETENTION,RESOLVED,LOW,4.97
5944,3630,CRM00000005944,2026-06-11 18:11:48,PHONE,ONBOARDING,RESOLVED,MEDIUM,3.0
5945,3631,CRM00000005945,2026-01-02 07:10:43,PHONE,COMPLAINT,RESOLVED,LOW,4.05
5946,3633,CRM00000005946,2026-04-09 16:54:58,EMAIL,RETENTION,OPEN,LOW,
5947,3633,CRM00000005947,2026-06-04 06:45:53,CHAT,PRODUCT_INQUIRY,RESOLVED,HIGH,1.64
5948,3634,CRM00000005948,2026-03-30 19:10:18,EMAIL,PRODUCT_INQUIRY,RESOLVED,HIGH,8.47
5949,3634,CRM00000005949,2025-11-03 01:28:18,PHONE,PRODUCT_INQUIRY,RESOLVED,HIGH,3.91
5950,3635,CRM00000005950,2026-05-19 12:05:05,EMAIL,PRODUCT_INQUIRY,RESOLVED,LOW,13.21
5951,3636,CRM00000005951,2026-04-04 09:24:00,PHONE,ADVISORY,RESOLVED,MEDIUM,4.98
5952,3636,CRM00000005952,2026-01-16 14:05:57,PHONE,PRODUCT_INQUIRY,IN_PROGRESS,URGENT,
5953,3637,CRM00000005953,2025-09-16 06:11:10,EMAIL,COMPLAINT,ESCALATED,URGENT,
5954,3638,CRM00000005954,2025-12-05 11:06:49,BRANCH,COMPLAINT,RESOLVED,LOW,5.92
5955,3638,CRM00000005955,2026-03-29 10:46:20,EMAIL,PRODUCT_INQUIRY,RESOLVED,MEDIUM,14.45
5956,3639,CRM00000005956,2026-02-19 13:30:29,EMAIL,ONBOARDING,RESOLVED,MEDIUM,8.32
5957,3640,CRM00000005957,2026-03-04 17:52:02,PHONE,ONBOARDING,RESOLVED,URGENT,8.36
5958,3642,CRM00000005958,2025-10-09 04:28:28,CHAT,PRODUCT_INQUIRY,RESOLVED,URGENT,15.79
5959,3642,CRM00000005959,2026-06-29 14:11:52,PHONE,DISPUTE,ESCALATED,HIGH,
5960,3643,CRM00000005960,2026-05-07 15:16:59,CHAT,PRODUCT_INQUIRY,IN_PROGRESS,LOW,
5961,3643,CRM00000005961,2026-04-30 19:33:21,CHAT,PRODUCT_INQUIRY,RESOLVED,LOW,5.74
5962,3644,CRM00000005962,2026-04-02 03:34:09,PHONE,ONBOARDING,RESOLVED,LOW,5.34
5963,3644,CRM00000005963,2026-03-14 06:23:21,PHONE,RETENTION,RESOLVED,MEDIUM,3.0
5964,3644,CRM00000005964,2025-11-27 03:42:44,PHONE,COMPLAINT,IN_PROGRESS,HIGH,
5965,3645,CRM00000005965,2026-07-21 16:53:29,CHAT,PRODUCT_INQUIRY,RESOLVED,MEDIUM,9.83
5966,3646,CRM00000005966,2025-11-04 22:19:30,CHAT,RETENTION,RESOLVED,MEDIUM,2.91
5967,3648,CRM00000005967,2026-08-05 16:02:32,PHONE,PRODUCT_INQUIRY,RESOLVED,LOW,20.54
5968,3648,CRM00000005968,2026-01-05 06:55:19,CHAT,ONBOARDING,IN_PROGRESS,MEDIUM,
5969,3648,CRM00000005969,2026-06-25 14:53:50,CHAT,ADVISORY,ESCALATED,LOW,
5970,3649,CRM00000005970,2026-06-12 22:01:09,CHAT,PRODUCT_INQUIRY,RESOLVED,LOW,12.5
5971,3650,CRM00000005971,2026-05-08 15:45:40,BRANCH,DISPUTE,RESOLVED,LOW,5.97
5972,3651,CRM00000005972,2025-11-28 19:55:49,PHONE,ADVISORY,RESOLVED,URGENT,22.2
5973,3651,CRM00000005973,2026-06-22 23:06:35,BRANCH,PRODUCT_INQUIRY,RESOLVED,MEDIUM,4.49
5974,3652,CRM00000005974,2026-03-02 10:39:37,PHONE,ADVISORY,RESOLVED,LOW,8.07
5975,3652,CRM00000005975,2025-10-17 03:58:42,BRANCH,PRODUCT_INQUIRY,RESOLVED,MEDIUM,11.7
5976,3654,CRM00000005976,2025-09-04 01:21:16,CHAT,COMPLAINT,RESOLVED,LOW,8.43
5977,3654,CRM00000005977,2025-12-01 05:05:55,CHAT,PRODUCT_INQUIRY,OPEN,LOW,
5978,3656,CRM00000005978,2025-11-04 11:02:26,RM_VISIT,COMPLAINT,RESOLVED,LOW,4.86
5979,3657,CRM00000005979,2025-12-29 11:04:40,BRANCH,PRODUCT_INQUIRY,RESOLVED,LOW,5.04
5980,3657,CRM00000005980,2026-01-23 04:49:04,PHONE,COMPLAINT,RESOLVED,MEDIUM,6.5
5981,3657,CRM00000005981,2025-09-26 01:47:45,EMAIL,PRODUCT_INQUIRY,IN_PROGRESS,HIGH,
5982,3659,CRM00000005982,2025-10-06 16:48:59,EMAIL,ADVISORY,RESOLVED,MEDIUM,2.52
5983,3660,CRM00000005983,2025-09-26 13:15:14,PHONE,COMPLAINT,ESCALATED,MEDIUM,
5984,3660,CRM00000005984,2026-05-20 04:54:21,PHONE,PRODUCT_INQUIRY,RESOLVED,HIGH,7.38
5985,3660,CRM00000005985,2026-02-14 15:40:48,PHONE,DISPUTE,RESOLVED,MEDIUM,0.46
5986,3660,CRM00000005986,2026-05-14 08:58:18,EMAIL,COMPLAINT,IN_PROGRESS,HIGH,
5987,3661,CRM00000005987,2026-03-24 09:36:25,PHONE,RETENTION,RESOLVED,MEDIUM,1.46
5988,3661,CRM00000005988,2026-07-14 06:39:18,EMAIL,COMPLAINT,IN_PROGRESS,MEDIUM,
5989,3661,CRM00000005989,2025-11-26 01:15:12,EMAIL,PRODUCT_INQUIRY,RESOLVED,MEDIUM,8.7
5990,3663,CRM00000005990,2026-07-02 17:43:42,PHONE,PRODUCT_INQUIRY,OPEN,MEDIUM,
5991,3664,CRM00000005991,2025-09-21 14:45:12,CHAT,COMPLAINT,RESOLVED,MEDIUM,18.31
5992,3664,CRM00000005992,2025-09-23 03:20:29,PHONE,RETENTION,IN_PROGRESS,HIGH,
5993,3665,CRM00000005993,2025-09-15 20:12:21,EMAIL,PRODUCT_INQUIRY,OPEN,MEDIUM,
5994,3665,CRM00000005994,2026-02-22 06:43:43,PHONE,COMPLAINT,RESOLVED,MEDIUM,18.92
5995,3666,CRM00000005995,2026-02-26 18:38:51,EMAIL,COMPLAINT,IN_PROGRESS,LOW,
5996,3666,CRM00000005996,2026-07-29 06:45:31,PHONE,PRODUCT_INQUIRY,RESOLVED,MEDIUM,12.42
5997,3666,CRM00000005997,2026-07-25 08:32:03,CHAT,COMPLAINT,RESOLVED,HIGH,16.04
5998,3666,CRM00000005998,2025-09-02 19:25:19,EMAIL,PRODUCT_INQUIRY,IN_PROGRESS,MEDIUM,
5999,3667,CRM00000005999,2025-12-05 13:41:08,PHONE,COMPLAINT,ESCALATED,HIGH,
6000,3668,CRM00000006000,2025-08-27 12:49:13,BRANCH,COMPLAINT,OPEN,MEDIUM,
6001,3668,CRM00000006001,2025-10-30 22:55:24,PHONE,ADVISORY,RESOLVED,LOW,5.42
6002,3668,CRM00000006002,2026-06-24 14:55:26,PHONE,PRODUCT_INQUIRY,RESOLVED,HIGH,3.05
6003,3668,CRM00000006003,2025-11-24 18:06:33,EMAIL,ADVISORY,RESOLVED,LOW,15.66
6004,3668,CRM00000006004,2026-04-24 14:55:28,RM_VISIT,COMPLAINT,RESOLVED,URGENT,6.24
6005,3668,CRM00000006005,2026-08-23 00:22:38,CHAT,ONBOARDING,IN_PROGRESS,MEDIUM,
6006,3669,CRM00000006006,2026-05-28 20:54:37,BRANCH,PRODUCT_INQUIRY,ESCALATED,HIGH,
6007,3669,CRM00000006007,2026-04-18 20:56:23,CHAT,PRODUCT_INQUIRY,RESOLVED,LOW,7.18
6008,3669,CRM00000006008,2026-02-25 22:47:44,CHAT,COMPLAINT,RESOLVED,MEDIUM,1.77
6009,3670,CRM00000006009,2025-12-25 17:15:11,PHONE,ONBOARDING,RESOLVED,LOW,15.11
6010,3672,CRM00000006010,2025-09-08 20:59:53,EMAIL,ONBOARDING,RESOLVED,MEDIUM,15.88
6011,3672,CRM00000006011,2025-12-11 02:06:50,CHAT,PRODUCT_INQUIRY,IN_PROGRESS,MEDIUM,
6012,3673,CRM00000006012,2026-03-01 20:57:59,PHONE,DISPUTE,RESOLVED,HIGH,4.88
6013,3676,CRM00000006013,2025-12-24 22:32:45,EMAIL,PRODUCT_INQUIRY,RESOLVED,LOW,4.95
6014,3677,CRM00000006014,2025-10-22 19:48:39,PHONE,COMPLAINT,RESOLVED,MEDIUM,2.09
6015,3678,CRM00000006015,2025-11-01 11:58:53,EMAIL,PRODUCT_INQUIRY,RESOLVED,LOW,13.71
6016,3678,CRM00000006016,2026-02-11 18:33:34,PHONE,COMPLAINT,RESOLVED,HIGH,15.01
6017,3679,CRM00000006017,2026-06-03 10:31:25,PHONE,PRODUCT_INQUIRY,RESOLVED,URGENT,4.54
6018,3679,CRM00000006018,2026-02-26 08:47:05,PHONE,ADVISORY,RESOLVED,LOW,8.23
6019,3680,CRM00000006019,2026-06-02 16:51:19,CHAT,ADVISORY,RESOLVED,MEDIUM,23.86
6020,3680,CRM00000006020,2026-07-05 01:50:11,PHONE,PRODUCT_INQUIRY,IN_PROGRESS,LOW,
6021,3681,CRM00000006021,2025-11-04 09:56:21,BRANCH,RETENTION,RESOLVED,LOW,0.14
6022,3682,CRM00000006022,2025-12-09 00:23:51,EMAIL,PRODUCT_INQUIRY,RESOLVED,MEDIUM,8.69
6023,3683,CRM00000006023,2026-04-21 12:09:52,BRANCH,COMPLAINT,IN_PROGRESS,MEDIUM,
6024,3684,CRM00000006024,2025-11-08 14:44:01,PHONE,COMPLAINT,RESOLVED,HIGH,15.04
6025,3684,CRM00000006025,2025-08-28 09:24:41,PHONE,PRODUCT_INQUIRY,RESOLVED,LOW,20.44
6026,3685,CRM00000006026,2026-03-20 20:05:21,EMAIL,COMPLAINT,ESCALATED,LOW,
6027,3685,CRM00000006027,2025-10-11 08:44:43,CHAT,RETENTION,RESOLVED,LOW,20.12
6028,3686,CRM00000006028,2025-10-10 21:19:30,EMAIL,RETENTION,RESOLVED,LOW,14.53
6029,3686,CRM00000006029,2026-06-06 11:15:47,EMAIL,COMPLAINT,RESOLVED,LOW,27.04
6030,3687,CRM00000006030,2025-11-13 20:10:14,EMAIL,COMPLAINT,IN_PROGRESS,HIGH,
6031,3687,CRM00000006031,2025-09-02 14:27:31,RM_VISIT,ONBOARDING,RESOLVED,MEDIUM,8.73
6032,3688,CRM00000006032,2026-06-12 20:30:21,CHAT,COMPLAINT,RESOLVED,MEDIUM,22.96
6033,3688,CRM00000006033,2025-09-28 05:50:31,BRANCH,ADVISORY,IN_PROGRESS,LOW,
6034,3688,CRM00000006034,2026-07-12 17:09:53,CHAT,DISPUTE,RESOLVED,MEDIUM,8.95
6035,3689,CRM00000006035,2026-06-15 05:20:54,EMAIL,DISPUTE,ESCALATED,HIGH,
6036,3690,CRM00000006036,2026-02-02 07:33:45,BRANCH,ADVISORY,RESOLVED,LOW,6.65
6037,3692,CRM00000006037,2026-04-08 16:39:45,EMAIL,ADVISORY,OPEN,LOW,
6038,3693,CRM00000006038,2026-02-24 00:35:33,PHONE,PRODUCT_INQUIRY,RESOLVED,LOW,4.4
6039,3695,CRM00000006039,2025-12-13 13:09:54,BRANCH,RETENTION,RESOLVED,MEDIUM,0.43
6040,3695,CRM00000006040,2025-10-27 20:35:24,PHONE,RETENTION,IN_PROGRESS,HIGH,
6041,3695,CRM00000006041,2025-12-19 16:00:47,PHONE,RETENTION,OPEN,HIGH,
6042,3695,CRM00000006042,2026-02-05 07:19:38,CHAT,ADVISORY,RESOLVED,HIGH,18.95
6043,3696,CRM00000006043,2026-06-09 10:51:24,EMAIL,PRODUCT_INQUIRY,RESOLVED,URGENT,15.51
6044,3698,CRM00000006044,2026-05-28 04:16:13,EMAIL,COMPLAINT,RESOLVED,MEDIUM,6.94
6045,3698,CRM00000006045,2026-03-03 19:38:41,CHAT,PRODUCT_INQUIRY,ESCALATED,LOW,
6046,3699,CRM00000006046,2026-01-08 16:31:22,BRANCH,DISPUTE,RESOLVED,HIGH,13.93
6047,3699,CRM00000006047,2026-05-24 14:59:19,PHONE,COMPLAINT,RESOLVED,HIGH,54.54
6048,3700,CRM00000006048,2026-05-16 15:41:00,BRANCH,ADVISORY,RESOLVED,URGENT,2.75
6049,3700,CRM00000006049,2026-01-25 17:59:28,EMAIL,RETENTION,OPEN,LOW,
6050,3701,CRM00000006050,2026-05-29 09:19:50,EMAIL,DISPUTE,RESOLVED,LOW,22.58
6051,3702,CRM00000006051,2026-02-05 14:02:45,PHONE,ONBOARDING,RESOLVED,LOW,11.86
6052,3704,CRM00000006052,2025-12-06 13:01:19,RM_VISIT,RETENTION,IN_PROGRESS,LOW,
6053,3704,CRM00000006053,2026-04-14 00:36:38,RM_VISIT,PRODUCT_INQUIRY,RESOLVED,MEDIUM,8.48
6054,3704,CRM00000006054,2026-06-15 08:31:05,PHONE,PRODUCT_INQUIRY,RESOLVED,LOW,10.01
6055,3705,CRM00000006055,2025-11-11 16:59:04,CHAT,ADVISORY,RESOLVED,LOW,17.32
6056,3705,CRM00000006056,2026-06-26 21:49:44,PHONE,PRODUCT_INQUIRY,RESOLVED,URGENT,5.5
6057,3705,CRM00000006057,2025-11-09 21:21:04,CHAT,COMPLAINT,RESOLVED,MEDIUM,4.09
6058,3707,CRM00000006058,2025-09-28 08:20:07,PHONE,DISPUTE,RESOLVED,LOW,6.21
6059,3707,CRM00000006059,2026-07-10 11:09:42,BRANCH,ONBOARDING,IN_PROGRESS,LOW,
6060,3708,CRM00000006060,2026-01-24 00:54:41,PHONE,RETENTION,RESOLVED,LOW,14.82
6061,3708,CRM00000006061,2026-01-19 16:29:53,PHONE,RETENTION,RESOLVED,HIGH,25.18
6062,3708,CRM00000006062,2025-11-04 20:55:22,PHONE,DISPUTE,RESOLVED,MEDIUM,12.11
6063,3709,CRM00000006063,2026-06-22 21:58:21,PHONE,DISPUTE,IN_PROGRESS,MEDIUM,
6064,3709,CRM00000006064,2026-03-28 17:02:23,PHONE,PRODUCT_INQUIRY,OPEN,LOW,
6065,3710,CRM00000006065,2026-04-03 13:04:52,PHONE,RETENTION,RESOLVED,HIGH,2.05
6066,3710,CRM00000006066,2026-01-19 16:58:47,EMAIL,DISPUTE,RESOLVED,MEDIUM,18.28
6067,3710,CRM00000006067,2026-08-11 23:02:33,PHONE,RETENTION,RESOLVED,MEDIUM,4.42
6068,3710,CRM00000006068,2026-03-24 18:13:46,CHAT,RETENTION,OPEN,HIGH,
6069,3710,CRM00000006069,2026-05-28 11:59:01,PHONE,RETENTION,RESOLVED,MEDIUM,0.58
6070,3711,CRM00000006070,2025-10-23 20:35:38,BRANCH,PRODUCT_INQUIRY,ESCALATED,MEDIUM,
6071,3712,CRM00000006071,2026-04-11 22:40:07,PHONE,RETENTION,RESOLVED,MEDIUM,10.09
6072,3712,CRM00000006072,2026-01-03 21:42:45,PHONE,RETENTION,RESOLVED,HIGH,4.62
6073,3712,CRM00000006073,2026-06-25 23:23:41,PHONE,RETENTION,RESOLVED,LOW,0.8
6074,3713,CRM00000006074,2025-11-15 13:18:38,BRANCH,PRODUCT_INQUIRY,ESCALATED,LOW,
6075,3714,CRM00000006075,2025-12-10 12:46:51,RM_VISIT,ADVISORY,IN_PROGRESS,MEDIUM,
6076,3714,CRM00000006076,2026-06-05 09:13:51,BRANCH,DISPUTE,RESOLVED,LOW,8.0
6077,3714,CRM00000006077,2026-04-12 01:08:01,EMAIL,RETENTION,RESOLVED,MEDIUM,7.2
6078,3714,CRM00000006078,2026-03-01 12:17:19,PHONE,RETENTION,IN_PROGRESS,MEDIUM,
6079,3715,CRM00000006079,2026-05-31 08:00:03,BRANCH,COMPLAINT,OPEN,HIGH,
6080,3716,CRM00000006080,2025-09-30 01:14:59,CHAT,ONBOARDING,RESOLVED,HIGH,23.3
6081,3717,CRM00000006081,2026-01-10 20:23:33,BRANCH,RETENTION,RESOLVED,URGENT,8.93
6082,3719,CRM00000006082,2026-05-02 14:07:51,EMAIL,COMPLAINT,OPEN,HIGH,
6083,3721,CRM00000006083,2025-11-13 13:23:34,EMAIL,ONBOARDING,RESOLVED,LOW,5.36
6084,3724,CRM00000006084,2025-09-12 14:37:19,PHONE,ADVISORY,RESOLVED,MEDIUM,17.55
6085,3725,CRM00000006085,2026-06-26 05:41:54,EMAIL,PRODUCT_INQUIRY,RESOLVED,URGENT,13.94
6086,3725,CRM00000006086,2025-12-06 00:20:03,EMAIL,COMPLAINT,RESOLVED,MEDIUM,14.19
6087,3725,CRM00000006087,2026-03-07 01:54:07,PHONE,PRODUCT_INQUIRY,OPEN,URGENT,
6088,3726,CRM00000006088,2026-05-03 06:17:06,PHONE,PRODUCT_INQUIRY,RESOLVED,LOW,15.9
6089,3726,CRM00000006089,2026-03-12 23:58:13,PHONE,COMPLAINT,IN_PROGRESS,HIGH,
6090,3726,CRM00000006090,2026-02-12 02:01:51,EMAIL,ADVISORY,RESOLVED,HIGH,8.54
6091,3728,CRM00000006091,2025-11-23 06:53:48,PHONE,RETENTION,IN_PROGRESS,LOW,
6092,3728,CRM00000006092,2026-08-21 14:01:04,PHONE,COMPLAINT,OPEN,LOW,
6093,3728,CRM00000006093,2026-02-21 22:56:32,PHONE,PRODUCT_INQUIRY,RESOLVED,HIGH,10.38
6094,3728,CRM00000006094,2025-10-18 12:54:07,BRANCH,DISPUTE,RESOLVED,MEDIUM,3.7
6095,3728,CRM00000006095,2026-04-12 11:07:32,PHONE,ONBOARDING,IN_PROGRESS,LOW,
6096,3729,CRM00000006096,2026-05-31 17:28:53,PHONE,ADVISORY,IN_PROGRESS,MEDIUM,
6097,3729,CRM00000006097,2026-01-11 17:05:46,BRANCH,RETENTION,RESOLVED,MEDIUM,19.74
6098,3730,CRM00000006098,2026-06-14 04:55:07,EMAIL,RETENTION,RESOLVED,HIGH,15.99
6099,3730,CRM00000006099,2025-11-28 18:30:24,EMAIL,RETENTION,RESOLVED,HIGH,15.43
6100,3730,CRM00000006100,2026-02-23 11:05:01,CHAT,RETENTION,RESOLVED,MEDIUM,4.51
6101,3730,CRM00000006101,2026-04-27 00:31:30,PHONE,ONBOARDING,RESOLVED,LOW,10.57
6102,3730,CRM00000006102,2025-11-12 12:33:31,PHONE,RETENTION,RESOLVED,URGENT,12.64
6103,3734,CRM00000006103,2026-07-15 02:10:51,PHONE,ONBOARDING,RESOLVED,HIGH,4.19
6104,3734,CRM00000006104,2025-11-06 06:27:28,EMAIL,ONBOARDING,RESOLVED,MEDIUM,5.12
6105,3735,CRM00000006105,2025-11-29 17:39:21,PHONE,RETENTION,RESOLVED,LOW,6.97
6106,3738,CRM00000006106,2026-03-17 01:26:07,PHONE,RETENTION,RESOLVED,LOW,12.68
6107,3738,CRM00000006107,2026-02-09 19:03:20,RM_VISIT,RETENTION,RESOLVED,MEDIUM,30.3
6108,3738,CRM00000006108,2025-09-08 18:15:40,PHONE,ONBOARDING,ESCALATED,HIGH,
6109,3738,CRM00000006109,2026-04-08 13:12:32,CHAT,RETENTION,RESOLVED,MEDIUM,21.57
6110,3738,CRM00000006110,2026-07-04 13:33:21,PHONE,RETENTION,RESOLVED,LOW,18.38
6111,3738,CRM00000006111,2026-07-26 11:25:28,EMAIL,RETENTION,IN_PROGRESS,HIGH,
6112,3739,CRM00000006112,2025-08-28 06:20:35,PHONE,PRODUCT_INQUIRY,RESOLVED,HIGH,10.59
6113,3740,CRM00000006113,2026-04-10 16:58:52,PHONE,ADVISORY,RESOLVED,LOW,7.52
6114,3741,CRM00000006114,2026-02-04 22:57:00,PHONE,ADVISORY,ESCALATED,MEDIUM,
6115,3741,CRM00000006115,2026-07-27 21:42:27,CHAT,PRODUCT_INQUIRY,RESOLVED,LOW,3.03
6116,3742,CRM00000006116,2026-03-16 11:19:24,CHAT,ADVISORY,RESOLVED,LOW,8.57
6117,3745,CRM00000006117,2025-12-30 10:57:41,BRANCH,DISPUTE,RESOLVED,HIGH,1.97
6118,3745,CRM00000006118,2025-09-09 06:52:37,PHONE,COMPLAINT,RESOLVED,HIGH,31.72
6119,3746,CRM00000006119,2025-12-15 00:55:24,PHONE,COMPLAINT,IN_PROGRESS,MEDIUM,
6120,3746,CRM00000006120,2026-04-15 15:34:22,PHONE,RETENTION,RESOLVED,MEDIUM,21.67
6121,3746,CRM00000006121,2026-01-06 15:31:50,PHONE,COMPLAINT,RESOLVED,LOW,0.66
6122,3747,CRM00000006122,2026-01-05 20:23:30,PHONE,DISPUTE,OPEN,HIGH,
6123,3749,CRM00000006123,2025-09-10 00:19:47,PHONE,DISPUTE,RESOLVED,HIGH,3.24
6124,3750,CRM00000006124,2026-03-24 20:19:47,EMAIL,PRODUCT_INQUIRY,RESOLVED,MEDIUM,32.28
6125,3750,CRM00000006125,2026-01-19 23:29:34,BRANCH,ADVISORY,RESOLVED,MEDIUM,14.63
6126,3751,CRM00000006126,2025-10-30 23:12:27,PHONE,COMPLAINT,RESOLVED,LOW,8.15
6127,3752,CRM00000006127,2026-06-19 14:26:08,BRANCH,RETENTION,RESOLVED,MEDIUM,10.9
6128,3753,CRM00000006128,2025-11-11 15:06:20,EMAIL,ONBOARDING,RESOLVED,MEDIUM,4.4
6129,3753,CRM00000006129,2026-05-04 22:50:09,PHONE,ONBOARDING,IN_PROGRESS,URGENT,
6130,3753,CRM00000006130,2026-03-31 16:25:02,PHONE,ONBOARDING,RESOLVED,MEDIUM,15.05
6131,3753,CRM00000006131,2026-06-11 16:44:03,EMAIL,PRODUCT_INQUIRY,RESOLVED,HIGH,1.64
6132,3753,CRM00000006132,2025-11-09 22:28:23,BRANCH,ONBOARDING,ESCALATED,LOW,
6133,3753,CRM00000006133,2026-04-02 21:59:20,EMAIL,ADVISORY,OPEN,LOW,
6134,3753,CRM00000006134,2025-08-30 14:04:57,PHONE,PRODUCT_INQUIRY,RESOLVED,MEDIUM,5.53
6135,3754,CRM00000006135,2026-03-13 23:55:27,PHONE,ONBOARDING,RESOLVED,HIGH,2.42
6136,3754,CRM00000006136,2025-10-28 01:28:00,RM_VISIT,RETENTION,RESOLVED,LOW,4.46
6137,3754,CRM00000006137,2026-02-13 12:01:32,RM_VISIT,ONBOARDING,IN_PROGRESS,URGENT,
6138,3755,CRM00000006138,2025-12-24 02:55:01,PHONE,ONBOARDING,RESOLVED,LOW,14.75
6139,3755,CRM00000006139,2026-01-10 12:36:56,EMAIL,RETENTION,IN_PROGRESS,LOW,
6140,3755,CRM00000006140,2026-06-08 00:43:08,PHONE,PRODUCT_INQUIRY,RESOLVED,LOW,10.62
6141,3755,CRM00000006141,2025-10-28 22:59:27,PHONE,DISPUTE,RESOLVED,HIGH,16.48
6142,3756,CRM00000006142,2025-12-25 04:53:43,EMAIL,ONBOARDING,RESOLVED,MEDIUM,2.13
6143,3757,CRM00000006143,2025-12-20 18:04:30,CHAT,DISPUTE,RESOLVED,MEDIUM,13.98
6144,3757,CRM00000006144,2025-10-14 21:50:17,EMAIL,ADVISORY,IN_PROGRESS,MEDIUM,
6145,3758,CRM00000006145,2025-10-24 06:24:38,EMAIL,COMPLAINT,RESOLVED,LOW,18.46
6146,3759,CRM00000006146,2026-05-03 19:38:02,EMAIL,ADVISORY,RESOLVED,MEDIUM,15.94
6147,3759,CRM00000006147,2025-10-05 09:05:00,BRANCH,PRODUCT_INQUIRY,RESOLVED,LOW,10.45
6148,3759,CRM00000006148,2026-03-11 17:57:59,CHAT,PRODUCT_INQUIRY,RESOLVED,LOW,3.41
6149,3760,CRM00000006149,2026-07-19 00:37:58,EMAIL,ADVISORY,RESOLVED,HIGH,14.49
6150,3761,CRM00000006150,2026-01-31 21:44:18,PHONE,COMPLAINT,RESOLVED,MEDIUM,4.37
6151,3762,CRM00000006151,2025-09-05 07:09:44,PHONE,DISPUTE,RESOLVED,MEDIUM,6.05
6152,3763,CRM00000006152,2026-06-25 12:40:48,PHONE,PRODUCT_INQUIRY,OPEN,LOW,
6153,3764,CRM00000006153,2025-11-11 17:20:44,PHONE,RETENTION,RESOLVED,LOW,5.89
6154,3764,CRM00000006154,2026-01-20 18:31:12,RM_VISIT,COMPLAINT,RESOLVED,URGENT,20.31
6155,3764,CRM00000006155,2025-08-28 05:35:30,EMAIL,PRODUCT_INQUIRY,ESCALATED,HIGH,
6156,3765,CRM00000006156,2025-10-01 00:59:15,BRANCH,PRODUCT_INQUIRY,RESOLVED,MEDIUM,7.78
6157,3765,CRM00000006157,2025-12-03 14:20:07,BRANCH,ONBOARDING,ESCALATED,MEDIUM,
6158,3766,CRM00000006158,2026-05-02 06:22:07,EMAIL,ADVISORY,RESOLVED,MEDIUM,12.44
6159,3766,CRM00000006159,2026-07-04 00:35:14,BRANCH,COMPLAINT,IN_PROGRESS,HIGH,
6160,3766,CRM00000006160,2026-08-15 12:31:24,CHAT,ADVISORY,RESOLVED,HIGH,2.35
6161,3768,CRM00000006161,2026-03-17 04:01:34,BRANCH,COMPLAINT,RESOLVED,HIGH,15.86
6162,3768,CRM00000006162,2026-07-05 16:40:12,PHONE,PRODUCT_INQUIRY,RESOLVED,LOW,3.74
6163,3769,CRM00000006163,2025-12-02 03:39:27,PHONE,RETENTION,IN_PROGRESS,MEDIUM,
6164,3769,CRM00000006164,2026-03-05 18:38:14,EMAIL,PRODUCT_INQUIRY,RESOLVED,URGENT,5.87
6165,3769,CRM00000006165,2026-02-10 13:19:17,BRANCH,RETENTION,RESOLVED,HIGH,4.68
6166,3769,CRM00000006166,2026-06-08 18:30:44,PHONE,PRODUCT_INQUIRY,RESOLVED,LOW,12.88
6167,3770,CRM00000006167,2026-04-28 04:37:35,PHONE,RETENTION,OPEN,MEDIUM,
6168,3770,CRM00000006168,2025-09-12 09:53:37,RM_VISIT,PRODUCT_INQUIRY,RESOLVED,LOW,4.33
6169,3770,CRM00000006169,2026-02-11 17:28:13,PHONE,PRODUCT_INQUIRY,RESOLVED,MEDIUM,8.79
6170,3771,CRM00000006170,2026-04-14 18:10:46,PHONE,ONBOARDING,OPEN,LOW,
6171,3772,CRM00000006171,2025-09-13 21:34:29,PHONE,PRODUCT_INQUIRY,RESOLVED,URGENT,6.32
6172,3772,CRM00000006172,2026-01-23 20:05:28,EMAIL,COMPLAINT,RESOLVED,HIGH,15.08
6173,3773,CRM00000006173,2025-11-11 15:14:30,RM_VISIT,RETENTION,RESOLVED,MEDIUM,8.76
6174,3773,CRM00000006174,2026-02-28 08:49:05,EMAIL,PRODUCT_INQUIRY,RESOLVED,MEDIUM,10.85
6175,3774,CRM00000006175,2026-02-25 16:16:01,CHAT,PRODUCT_INQUIRY,OPEN,MEDIUM,
6176,3774,CRM00000006176,2025-12-23 23:41:53,BRANCH,RETENTION,OPEN,MEDIUM,
6177,3775,CRM00000006177,2026-02-10 11:46:07,PHONE,ONBOARDING,RESOLVED,MEDIUM,14.59
6178,3776,CRM00000006178,2026-06-21 21:39:45,EMAIL,ADVISORY,RESOLVED,MEDIUM,8.64
6179,3777,CRM00000006179,2025-10-26 13:03:06,RM_VISIT,DISPUTE,RESOLVED,LOW,19.59
6180,3777,CRM00000006180,2026-08-16 12:42:01,EMAIL,PRODUCT_INQUIRY,RESOLVED,LOW,9.82
6181,3778,CRM00000006181,2026-03-11 22:39:59,PHONE,ADVISORY,ESCALATED,LOW,
6182,3778,CRM00000006182,2026-05-30 21:34:39,PHONE,DISPUTE,OPEN,HIGH,
6183,3778,CRM00000006183,2025-10-25 20:42:12,BRANCH,ADVISORY,RESOLVED,HIGH,12.52
6184,3779,CRM00000006184,2025-10-23 07:40:24,PHONE,COMPLAINT,RESOLVED,HIGH,40.14
6185,3779,CRM00000006185,2025-10-10 14:19:57,EMAIL,RETENTION,RESOLVED,URGENT,11.3
6186,3779,CRM00000006186,2025-10-20 15:06:23,PHONE,PRODUCT_INQUIRY,RESOLVED,MEDIUM,20.77
6187,3779,CRM00000006187,2026-03-02 18:41:47,BRANCH,DISPUTE,IN_PROGRESS,HIGH,
6188,3780,CRM00000006188,2026-02-10 06:44:51,EMAIL,COMPLAINT,RESOLVED,MEDIUM,11.65
6189,3781,CRM00000006189,2026-04-02 10:42:19,CHAT,PRODUCT_INQUIRY,RESOLVED,LOW,16.37
6190,3782,CRM00000006190,2025-10-30 02:56:47,BRANCH,RETENTION,OPEN,MEDIUM,
6191,3782,CRM00000006191,2026-05-31 01:08:57,BRANCH,PRODUCT_INQUIRY,RESOLVED,MEDIUM,26.32
6192,3785,CRM00000006192,2026-05-15 05:13:41,PHONE,COMPLAINT,RESOLVED,LOW,2.59
6193,3788,CRM00000006193,2026-06-21 03:08:59,PHONE,RETENTION,RESOLVED,MEDIUM,24.51
6194,3789,CRM00000006194,2025-11-25 20:17:09,EMAIL,COMPLAINT,RESOLVED,HIGH,6.09
6195,3790,CRM00000006195,2026-05-25 13:12:03,PHONE,RETENTION,RESOLVED,HIGH,14.04
6196,3790,CRM00000006196,2026-07-29 00:17:13,CHAT,PRODUCT_INQUIRY,RESOLVED,MEDIUM,3.49
6197,3791,CRM00000006197,2025-12-25 00:03:54,EMAIL,ADVISORY,RESOLVED,MEDIUM,39.95
6198,3791,CRM00000006198,2025-10-05 08:54:58,PHONE,PRODUCT_INQUIRY,RESOLVED,MEDIUM,1.32
6199,3791,CRM00000006199,2025-12-17 22:22:20,EMAIL,PRODUCT_INQUIRY,RESOLVED,LOW,15.04
6200,3792,CRM00000006200,2026-02-16 20:59:27,PHONE,ONBOARDING,RESOLVED,LOW,5.9
6201,3792,CRM00000006201,2026-07-23 15:53:33,RM_VISIT,RETENTION,ESCALATED,HIGH,
6202,3792,CRM00000006202,2025-10-24 16:26:40,CHAT,PRODUCT_INQUIRY,RESOLVED,MEDIUM,24.97
6203,3793,CRM00000006203,2025-10-16 00:28:01,PHONE,COMPLAINT,IN_PROGRESS,MEDIUM,
6204,3795,CRM00000006204,2026-03-24 07:18:34,BRANCH,ADVISORY,RESOLVED,HIGH,25.76
6205,3795,CRM00000006205,2026-07-03 16:44:06,EMAIL,RETENTION,RESOLVED,HIGH,11.51
6206,3796,CRM00000006206,2025-12-28 05:17:16,EMAIL,COMPLAINT,RESOLVED,MEDIUM,15.72
6207,3796,CRM00000006207,2026-03-24 15:42:24,PHONE,PRODUCT_INQUIRY,RESOLVED,URGENT,2.62
6208,3796,CRM00000006208,2026-03-04 10:24:07,PHONE,RETENTION,RESOLVED,LOW,13.71
6209,3796,CRM00000006209,2026-03-19 12:37:44,CHAT,RETENTION,RESOLVED,MEDIUM,4.27
6210,3796,CRM00000006210,2026-06-08 15:02:57,EMAIL,RETENTION,RESOLVED,URGENT,34.17
6211,3797,CRM00000006211,2026-04-05 14:57:59,BRANCH,RETENTION,RESOLVED,MEDIUM,23.03
6212,3797,CRM00000006212,2025-10-24 12:32:10,PHONE,RETENTION,RESOLVED,LOW,5.06
6213,3798,CRM00000006213,2025-08-27 17:58:14,PHONE,PRODUCT_INQUIRY,IN_PROGRESS,LOW,
6214,3798,CRM00000006214,2026-05-09 14:33:23,EMAIL,PRODUCT_INQUIRY,OPEN,LOW,
6215,3799,CRM00000006215,2026-07-22 12:45:08,PHONE,RETENTION,RESOLVED,HIGH,2.45
6216,3799,CRM00000006216,2026-07-18 00:50:50,PHONE,RETENTION,RESOLVED,LOW,6.14
6217,3799,CRM00000006217,2025-09-17 01:00:37,BRANCH,COMPLAINT,RESOLVED,LOW,20.42
6218,3800,CRM00000006218,2026-07-19 14:08:30,CHAT,DISPUTE,RESOLVED,LOW,2.61
6219,3800,CRM00000006219,2026-04-20 12:26:58,PHONE,PRODUCT_INQUIRY,ESCALATED,LOW,
6220,3801,CRM00000006220,2025-11-05 20:38:34,RM_VISIT,PRODUCT_INQUIRY,OPEN,HIGH,
6221,3801,CRM00000006221,2026-01-29 06:07:54,RM_VISIT,ONBOARDING,IN_PROGRESS,HIGH,
6222,3801,CRM00000006222,2026-01-02 00:46:49,CHAT,ADVISORY,RESOLVED,MEDIUM,9.35
6223,3801,CRM00000006223,2026-06-28 00:11:07,PHONE,COMPLAINT,RESOLVED,MEDIUM,14.09
6224,3802,CRM00000006224,2026-04-07 17:21:34,PHONE,PRODUCT_INQUIRY,RESOLVED,LOW,8.99
6225,3803,CRM00000006225,2026-04-23 02:58:21,EMAIL,PRODUCT_INQUIRY,RESOLVED,MEDIUM,1.76
6226,3803,CRM00000006226,2025-12-05 08:25:37,CHAT,PRODUCT_INQUIRY,RESOLVED,LOW,3.96
6227,3803,CRM00000006227,2026-05-03 11:56:47,BRANCH,ADVISORY,OPEN,HIGH,
6228,3804,CRM00000006228,2026-06-14 08:10:29,EMAIL,ADVISORY,RESOLVED,LOW,14.15
6229,3805,CRM00000006229,2025-09-08 00:01:38,PHONE,PRODUCT_INQUIRY,RESOLVED,HIGH,8.61
6230,3806,CRM00000006230,2026-04-01 11:39:25,RM_VISIT,PRODUCT_INQUIRY,RESOLVED,LOW,1.23
6231,3806,CRM00000006231,2026-07-11 15:16:31,BRANCH,PRODUCT_INQUIRY,OPEN,MEDIUM,
6232,3806,CRM00000006232,2025-12-21 20:14:35,CHAT,COMPLAINT,RESOLVED,LOW,8.92
6233,3807,CRM00000006233,2025-10-09 11:26:40,EMAIL,PRODUCT_INQUIRY,IN_PROGRESS,MEDIUM,
6234,3808,CRM00000006234,2025-10-04 15:24:24,EMAIL,COMPLAINT,IN_PROGRESS,URGENT,
6235,3811,CRM00000006235,2026-07-27 18:14:06,EMAIL,ONBOARDING,RESOLVED,MEDIUM,6.08
6236,3812,CRM00000006236,2025-11-20 14:45:50,PHONE,PRODUCT_INQUIRY,ESCALATED,MEDIUM,
6237,3812,CRM00000006237,2025-11-28 00:03:56,RM_VISIT,PRODUCT_INQUIRY,RESOLVED,HIGH,8.21
6238,3812,CRM00000006238,2025-12-20 03:30:49,EMAIL,ADVISORY,RESOLVED,MEDIUM,7.83
6239,3812,CRM00000006239,2025-12-02 03:23:26,CHAT,PRODUCT_INQUIRY,RESOLVED,HIGH,9.46
6240,3812,CRM00000006240,2026-04-20 01:06:34,PHONE,DISPUTE,IN_PROGRESS,HIGH,
6241,3815,CRM00000006241,2026-01-25 00:02:10,PHONE,ADVISORY,IN_PROGRESS,MEDIUM,
6242,3815,CRM00000006242,2025-10-18 03:21:53,CHAT,PRODUCT_INQUIRY,RESOLVED,MEDIUM,34.82
6243,3818,CRM00000006243,2025-09-08 10:39:12,EMAIL,ADVISORY,IN_PROGRESS,LOW,
6244,3818,CRM00000006244,2025-12-05 07:29:38,CHAT,PRODUCT_INQUIRY,RESOLVED,HIGH,15.88
6245,3819,CRM00000006245,2025-10-07 01:00:41,EMAIL,RETENTION,RESOLVED,HIGH,6.17
6246,3819,CRM00000006246,2026-04-08 04:44:59,CHAT,COMPLAINT,RESOLVED,URGENT,21.18
6247,3820,CRM00000006247,2025-12-01 19:46:09,PHONE,COMPLAINT,ESCALATED,LOW,
6248,3821,CRM00000006248,2025-09-29 14:40:43,PHONE,PRODUCT_INQUIRY,RESOLVED,MEDIUM,24.53
6249,3821,CRM00000006249,2026-07-26 06:39:22,BRANCH,DISPUTE,RESOLVED,LOW,8.43
6250,3821,CRM00000006250,2025-10-05 00:04:16,PHONE,ADVISORY,RESOLVED,MEDIUM,12.46
6251,3822,CRM00000006251,2026-06-16 12:33:05,EMAIL,PRODUCT_INQUIRY,OPEN,MEDIUM,
6252,3822,CRM00000006252,2026-06-26 06:45:02,EMAIL,ONBOARDING,RESOLVED,HIGH,5.03
6253,3823,CRM00000006253,2026-08-25 21:49:10,PHONE,RETENTION,OPEN,MEDIUM,
6254,3823,CRM00000006254,2026-08-15 20:03:15,EMAIL,COMPLAINT,RESOLVED,HIGH,15.53
6255,3824,CRM00000006255,2026-01-20 07:43:19,BRANCH,PRODUCT_INQUIRY,RESOLVED,LOW,7.6
6256,3824,CRM00000006256,2026-05-09 07:38:55,BRANCH,COMPLAINT,RESOLVED,LOW,1.05
6257,3824,CRM00000006257,2025-09-08 11:32:14,EMAIL,PRODUCT_INQUIRY,IN_PROGRESS,MEDIUM,
6258,3825,CRM00000006258,2026-08-11 04:38:47,CHAT,ADVISORY,RESOLVED,MEDIUM,6.19
6259,3826,CRM00000006259,2025-10-17 16:28:56,PHONE,ONBOARDING,OPEN,HIGH,
6260,3826,CRM00000006260,2026-03-22 05:02:35,EMAIL,ADVISORY,OPEN,MEDIUM,
6261,3827,CRM00000006261,2025-09-22 06:47:07,PHONE,COMPLAINT,RESOLVED,MEDIUM,1.61
6262,3827,CRM00000006262,2025-09-11 18:45:31,BRANCH,ADVISORY,ESCALATED,MEDIUM,
6263,3829,CRM00000006263,2025-09-28 10:42:24,EMAIL,ADVISORY,ESCALATED,HIGH,
6264,3830,CRM00000006264,2026-08-14 07:41:48,BRANCH,COMPLAINT,RESOLVED,MEDIUM,18.44
6265,3830,CRM00000006265,2025-11-16 16:00:42,PHONE,ONBOARDING,IN_PROGRESS,LOW,
6266,3831,CRM00000006266,2026-04-07 19:41:09,PHONE,RETENTION,RESOLVED,MEDIUM,2.65
6267,3831,CRM00000006267,2026-01-03 06:37:36,PHONE,RETENTION,IN_PROGRESS,MEDIUM,
6268,3831,CRM00000006268,2026-04-26 12:35:03,BRANCH,COMPLAINT,OPEN,MEDIUM,
6269,3833,CRM00000006269,2026-07-28 18:31:55,CHAT,ADVISORY,RESOLVED,MEDIUM,32.32
6270,3833,CRM00000006270,2025-10-07 07:23:49,CHAT,COMPLAINT,RESOLVED,MEDIUM,15.51
6271,3834,CRM00000006271,2026-02-02 00:33:13,PHONE,PRODUCT_INQUIRY,RESOLVED,LOW,1.92
6272,3834,CRM00000006272,2026-05-12 16:19:10,PHONE,DISPUTE,ESCALATED,MEDIUM,
6273,3834,CRM00000006273,2025-08-29 07:28:12,PHONE,ONBOARDING,RESOLVED,LOW,3.34
6274,3834,CRM00000006274,2026-07-03 06:16:15,EMAIL,ADVISORY,RESOLVED,HIGH,8.12
6275,3835,CRM00000006275,2026-08-05 14:25:00,PHONE,PRODUCT_INQUIRY,RESOLVED,HIGH,3.18
6276,3835,CRM00000006276,2025-10-22 17:26:58,BRANCH,PRODUCT_INQUIRY,RESOLVED,LOW,3.22
6277,3836,CRM00000006277,2025-12-16 02:19:34,PHONE,COMPLAINT,OPEN,LOW,
6278,3838,CRM00000006278,2026-05-16 12:50:47,CHAT,COMPLAINT,RESOLVED,LOW,3.57
6279,3839,CRM00000006279,2026-08-20 11:14:38,EMAIL,PRODUCT_INQUIRY,RESOLVED,HIGH,10.34
6280,3841,CRM00000006280,2026-08-17 22:22:50,PHONE,RETENTION,RESOLVED,URGENT,18.1
6281,3841,CRM00000006281,2026-04-02 12:20:33,BRANCH,DISPUTE,RESOLVED,LOW,8.28
6282,3842,CRM00000006282,2026-07-13 13:54:00,PHONE,COMPLAINT,RESOLVED,MEDIUM,7.8
6283,3842,CRM00000006283,2025-10-02 08:32:39,EMAIL,RETENTION,OPEN,LOW,
6284,3843,CRM00000006284,2026-07-29 02:55:40,PHONE,ADVISORY,RESOLVED,HIGH,16.85
6285,3843,CRM00000006285,2026-07-02 23:30:46,EMAIL,RETENTION,OPEN,LOW,
6286,3843,CRM00000006286,2026-03-16 01:31:17,BRANCH,RETENTION,RESOLVED,MEDIUM,1.39
6287,3843,CRM00000006287,2026-06-16 01:16:06,CHAT,PRODUCT_INQUIRY,RESOLVED,MEDIUM,7.4
6288,3844,CRM00000006288,2025-09-23 11:54:05,EMAIL,COMPLAINT,RESOLVED,LOW,24.21
6289,3844,CRM00000006289,2025-11-06 04:57:21,PHONE,COMPLAINT,ESCALATED,HIGH,
6290,3845,CRM00000006290,2026-04-04 14:03:31,EMAIL,PRODUCT_INQUIRY,OPEN,HIGH,
6291,3846,CRM00000006291,2025-09-09 04:44:00,PHONE,ADVISORY,RESOLVED,HIGH,6.93
6292,3846,CRM00000006292,2025-11-09 05:25:51,BRANCH,PRODUCT_INQUIRY,IN_PROGRESS,MEDIUM,
6293,3848,CRM00000006293,2026-08-04 17:33:28,CHAT,RETENTION,RESOLVED,URGENT,4.06
6294,3850,CRM00000006294,2026-01-08 01:39:25,CHAT,ONBOARDING,RESOLVED,MEDIUM,11.44
6295,3851,CRM00000006295,2025-10-28 22:41:45,PHONE,DISPUTE,RESOLVED,MEDIUM,32.02
6296,3855,CRM00000006296,2026-05-23 04:26:28,RM_VISIT,DISPUTE,OPEN,LOW,
6297,3858,CRM00000006297,2025-12-28 08:08:19,EMAIL,COMPLAINT,RESOLVED,MEDIUM,24.57
6298,3858,CRM00000006298,2025-09-20 03:11:41,PHONE,RETENTION,OPEN,HIGH,
6299,3859,CRM00000006299,2025-11-27 08:50:29,PHONE,RETENTION,IN_PROGRESS,MEDIUM,
6300,3859,CRM00000006300,2026-04-08 08:03:45,EMAIL,RETENTION,IN_PROGRESS,MEDIUM,
6301,3860,CRM00000006301,2026-03-18 16:30:36,RM_VISIT,ONBOARDING,OPEN,MEDIUM,
6302,3860,CRM00000006302,2026-02-11 06:53:59,EMAIL,PRODUCT_INQUIRY,RESOLVED,LOW,9.65
6303,3860,CRM00000006303,2026-03-17 05:23:10,CHAT,ONBOARDING,OPEN,MEDIUM,
6304,3860,CRM00000006304,2026-06-18 22:26:16,PHONE,COMPLAINT,ESCALATED,MEDIUM,
6305,3860,CRM00000006305,2026-01-22 14:56:49,BRANCH,ADVISORY,IN_PROGRESS,MEDIUM,
6306,3860,CRM00000006306,2025-12-12 10:52:02,PHONE,COMPLAINT,RESOLVED,MEDIUM,7.08
6307,3860,CRM00000006307,2025-12-30 23:40:00,BRANCH,DISPUTE,IN_PROGRESS,LOW,
6308,3861,CRM00000006308,2025-11-15 13:16:41,EMAIL,RETENTION,OPEN,MEDIUM,
6309,3862,CRM00000006309,2025-10-19 19:45:51,PHONE,PRODUCT_INQUIRY,OPEN,LOW,
6310,3863,CRM00000006310,2026-07-05 20:56:33,EMAIL,RETENTION,RESOLVED,HIGH,27.31
6311,3863,CRM00000006311,2025-09-20 11:22:52,PHONE,RETENTION,RESOLVED,MEDIUM,6.44
6312,3863,CRM00000006312,2025-11-15 13:29:32,EMAIL,RETENTION,ESCALATED,HIGH,
6313,3863,CRM00000006313,2025-10-11 20:49:32,EMAIL,ADVISORY,RESOLVED,MEDIUM,16.13
6314,3864,CRM00000006314,2026-03-29 07:53:02,CHAT,ONBOARDING,RESOLVED,URGENT,18.46
6315,3865,CRM00000006315,2025-11-19 20:18:34,BRANCH,PRODUCT_INQUIRY,OPEN,HIGH,
6316,3865,CRM00000006316,2025-11-22 21:25:26,BRANCH,COMPLAINT,IN_PROGRESS,MEDIUM,
6317,3867,CRM00000006317,2025-12-25 19:37:02,PHONE,ADVISORY,OPEN,MEDIUM,
6318,3867,CRM00000006318,2026-01-09 01:16:12,BRANCH,ONBOARDING,OPEN,HIGH,
6319,3868,CRM00000006319,2026-05-19 11:41:00,EMAIL,PRODUCT_INQUIRY,IN_PROGRESS,LOW,
6320,3868,CRM00000006320,2026-08-15 14:42:15,PHONE,DISPUTE,IN_PROGRESS,HIGH,
6321,3871,CRM00000006321,2026-04-09 08:55:42,PHONE,PRODUCT_INQUIRY,OPEN,LOW,
6322,3871,CRM00000006322,2025-10-24 04:13:17,CHAT,ADVISORY,OPEN,HIGH,
6323,3872,CRM00000006323,2026-07-11 08:33:23,EMAIL,PRODUCT_INQUIRY,OPEN,MEDIUM,
6324,3872,CRM00000006324,2025-11-15 07:45:16,EMAIL,DISPUTE,RESOLVED,MEDIUM,2.28
6325,3872,CRM00000006325,2026-08-16 22:45:56,PHONE,RETENTION,RESOLVED,HIGH,15.32
6326,3872,CRM00000006326,2025-11-03 16:49:59,EMAIL,COMPLAINT,RESOLVED,MEDIUM,8.38
6327,3873,CRM00000006327,2025-09-25 12:25:41,PHONE,PRODUCT_INQUIRY,RESOLVED,MEDIUM,10.89
6328,3873,CRM00000006328,2025-12-19 15:36:06,BRANCH,PRODUCT_INQUIRY,RESOLVED,MEDIUM,3.34
6329,3874,CRM00000006329,2026-01-26 01:53:29,PHONE,COMPLAINT,RESOLVED,MEDIUM,23.35
6330,3874,CRM00000006330,2026-06-18 07:56:52,CHAT,COMPLAINT,RESOLVED,LOW,16.88
6331,3874,CRM00000006331,2025-09-29 15:13:01,PHONE,RETENTION,ESCALATED,MEDIUM,
6332,3875,CRM00000006332,2026-07-12 04:05:58,CHAT,ADVISORY,RESOLVED,HIGH,35.04
6333,3875,CRM00000006333,2026-05-22 00:39:27,PHONE,RETENTION,ESCALATED,MEDIUM,
6334,3877,CRM00000006334,2026-01-12 03:13:58,CHAT,PRODUCT_INQUIRY,RESOLVED,MEDIUM,7.36
6335,3877,CRM00000006335,2026-08-26 08:33:52,BRANCH,PRODUCT_INQUIRY,RESOLVED,MEDIUM,10.33
6336,3877,CRM00000006336,2026-01-27 14:38:15,RM_VISIT,PRODUCT_INQUIRY,RESOLVED,MEDIUM,2.65
6337,3877,CRM00000006337,2025-09-26 18:45:06,RM_VISIT,ADVISORY,OPEN,LOW,
6338,3877,CRM00000006338,2025-11-06 14:44:19,PHONE,COMPLAINT,RESOLVED,LOW,8.48
6339,3877,CRM00000006339,2025-09-26 21:41:56,CHAT,ADVISORY,RESOLVED,MEDIUM,12.97
6340,3878,CRM00000006340,2026-03-14 12:56:13,BRANCH,COMPLAINT,OPEN,HIGH,
6341,3879,CRM00000006341,2025-12-11 03:21:47,PHONE,COMPLAINT,RESOLVED,MEDIUM,2.96
6342,3880,CRM00000006342,2026-03-07 19:06:48,EMAIL,DISPUTE,RESOLVED,LOW,0.89
6343,3880,CRM00000006343,2026-02-05 07:05:49,EMAIL,PRODUCT_INQUIRY,RESOLVED,MEDIUM,13.24
6344,3880,CRM00000006344,2026-04-10 22:39:35,PHONE,ADVISORY,RESOLVED,HIGH,27.63
6345,3880,CRM00000006345,2025-09-26 03:52:16,EMAIL,PRODUCT_INQUIRY,OPEN,HIGH,
6346,3881,CRM00000006346,2025-08-30 13:45:01,PHONE,RETENTION,IN_PROGRESS,LOW,
6347,3881,CRM00000006347,2025-10-14 05:06:43,EMAIL,RETENTION,OPEN,MEDIUM,
6348,3881,CRM00000006348,2025-12-15 19:55:47,EMAIL,RETENTION,IN_PROGRESS,LOW,
6349,3881,CRM00000006349,2026-05-18 22:53:41,CHAT,RETENTION,RESOLVED,HIGH,8.01
6350,3882,CRM00000006350,2025-09-22 21:07:05,BRANCH,ADVISORY,RESOLVED,MEDIUM,5.65
6351,3883,CRM00000006351,2026-04-04 14:04:13,CHAT,RETENTION,RESOLVED,LOW,10.65
6352,3883,CRM00000006352,2026-06-03 18:39:35,EMAIL,RETENTION,IN_PROGRESS,HIGH,
6353,3883,CRM00000006353,2026-05-27 16:43:39,EMAIL,RETENTION,RESOLVED,MEDIUM,27.77
6354,3883,CRM00000006354,2025-12-27 05:19:09,EMAIL,RETENTION,RESOLVED,MEDIUM,6.47
6355,3883,CRM00000006355,2026-01-13 14:12:15,PHONE,PRODUCT_INQUIRY,IN_PROGRESS,LOW,
6356,3884,CRM00000006356,2026-04-01 06:52:16,CHAT,RETENTION,OPEN,HIGH,
6357,3884,CRM00000006357,2025-09-13 03:59:29,EMAIL,RETENTION,IN_PROGRESS,MEDIUM,
6358,3884,CRM00000006358,2026-08-11 19:39:15,CHAT,ONBOARDING,RESOLVED,MEDIUM,3.22
6359,3886,CRM00000006359,2025-09-01 07:22:58,BRANCH,RETENTION,OPEN,MEDIUM,
6360,3887,CRM00000006360,2026-06-23 05:34:04,EMAIL,RETENTION,OPEN,HIGH,
6361,3889,CRM00000006361,2026-01-18 01:33:27,BRANCH,PRODUCT_INQUIRY,ESCALATED,LOW,
6362,3890,CRM00000006362,2026-03-13 21:40:42,EMAIL,ONBOARDING,RESOLVED,HIGH,14.56
6363,3890,CRM00000006363,2026-01-30 09:14:00,PHONE,COMPLAINT,RESOLVED,LOW,9.7
6364,3891,CRM00000006364,2026-08-19 23:46:13,CHAT,COMPLAINT,RESOLVED,HIGH,16.07
6365,3892,CRM00000006365,2026-01-23 19:42:19,EMAIL,RETENTION,IN_PROGRESS,HIGH,
6366,3892,CRM00000006366,2025-12-23 02:20:22,PHONE,ADVISORY,RESOLVED,LOW,17.43
6367,3892,CRM00000006367,2025-10-02 14:58:35,PHONE,RETENTION,RESOLVED,LOW,29.83
6368,3892,CRM00000006368,2026-08-17 14:42:17,PHONE,RETENTION,RESOLVED,LOW,2.64
6369,3893,CRM00000006369,2026-01-20 11:31:25,PHONE,COMPLAINT,RESOLVED,LOW,4.65
6370,3893,CRM00000006370,2026-07-12 08:22:11,PHONE,COMPLAINT,RESOLVED,LOW,23.16
6371,3893,CRM00000006371,2025-09-24 00:20:00,BRANCH,COMPLAINT,OPEN,LOW,
6372,3894,CRM00000006372,2026-06-12 21:23:17,PHONE,ADVISORY,RESOLVED,HIGH,26.66
6373,3895,CRM00000006373,2025-11-29 03:11:22,PHONE,DISPUTE,RESOLVED,LOW,4.39
6374,3896,CRM00000006374,2026-07-15 02:32:25,BRANCH,COMPLAINT,RESOLVED,MEDIUM,6.49
6375,3896,CRM00000006375,2026-08-11 21:19:50,BRANCH,PRODUCT_INQUIRY,OPEN,MEDIUM,
6376,3898,CRM00000006376,2026-04-11 10:14:47,PHONE,COMPLAINT,RESOLVED,MEDIUM,10.62
6377,3899,CRM00000006377,2025-10-19 20:39:10,PHONE,RETENTION,RESOLVED,HIGH,18.58
6378,3899,CRM00000006378,2026-07-14 19:43:45,CHAT,RETENTION,OPEN,MEDIUM,
6379,3899,CRM00000006379,2025-11-23 15:47:55,EMAIL,ADVISORY,RESOLVED,URGENT,2.46
6380,3900,CRM00000006380,2025-10-04 02:48:53,EMAIL,RETENTION,RESOLVED,LOW,9.75
6381,3900,CRM00000006381,2026-06-15 07:28:53,BRANCH,PRODUCT_INQUIRY,OPEN,MEDIUM,
6382,3900,CRM00000006382,2026-01-10 09:52:30,PHONE,RETENTION,ESCALATED,LOW,
6383,3901,CRM00000006383,2025-10-25 20:41:44,CHAT,PRODUCT_INQUIRY,RESOLVED,LOW,7.26
6384,3902,CRM00000006384,2026-06-29 06:56:32,EMAIL,DISPUTE,RESOLVED,MEDIUM,9.73
6385,3902,CRM00000006385,2025-12-28 16:10:01,PHONE,PRODUCT_INQUIRY,IN_PROGRESS,LOW,
6386,3902,CRM00000006386,2026-06-28 18:52:24,EMAIL,DISPUTE,RESOLVED,MEDIUM,18.97
6387,3903,CRM00000006387,2026-04-16 04:12:12,EMAIL,RETENTION,OPEN,LOW,
6388,3903,CRM00000006388,2025-10-29 21:05:52,PHONE,RETENTION,RESOLVED,LOW,9.76
6389,3903,CRM00000006389,2026-06-07 15:35:58,CHAT,RETENTION,ESCALATED,HIGH,
6390,3903,CRM00000006390,2026-01-14 23:42:40,PHONE,RETENTION,IN_PROGRESS,LOW,
6391,3903,CRM00000006391,2026-07-15 18:36:51,PHONE,RETENTION,RESOLVED,MEDIUM,7.35
6392,3903,CRM00000006392,2026-08-13 23:38:39,PHONE,PRODUCT_INQUIRY,IN_PROGRESS,LOW,
6393,3904,CRM00000006393,2025-11-06 22:25:13,EMAIL,PRODUCT_INQUIRY,RESOLVED,LOW,3.22
6394,3905,CRM00000006394,2026-08-21 08:27:43,PHONE,COMPLAINT,RESOLVED,HIGH,5.53
6395,3905,CRM00000006395,2026-05-25 05:50:33,PHONE,ADVISORY,RESOLVED,HIGH,10.87
6396,3906,CRM00000006396,2025-12-14 21:20:58,BRANCH,RETENTION,RESOLVED,HIGH,18.93
6397,3906,CRM00000006397,2026-05-29 06:18:09,PHONE,ADVISORY,RESOLVED,HIGH,2.05
6398,3906,CRM00000006398,2026-05-24 05:35:44,CHAT,RETENTION,RESOLVED,URGENT,34.07
6399,3907,CRM00000006399,2026-05-02 20:31:38,EMAIL,DISPUTE,RESOLVED,MEDIUM,19.34
6400,3907,CRM00000006400,2026-06-30 15:32:32,PHONE,ADVISORY,RESOLVED,MEDIUM,2.18
6401,3908,CRM00000006401,2025-10-25 23:52:05,EMAIL,ADVISORY,IN_PROGRESS,MEDIUM,
6402,3909,CRM00000006402,2026-04-30 07:38:02,PHONE,RETENTION,RESOLVED,MEDIUM,43.19
6403,3909,CRM00000006403,2025-11-24 06:16:58,PHONE,RETENTION,OPEN,LOW,
6404,3909,CRM00000006404,2025-10-04 13:52:16,BRANCH,DISPUTE,RESOLVED,LOW,7.5
6405,3912,CRM00000006405,2026-08-25 22:22:38,PHONE,COMPLAINT,IN_PROGRESS,HIGH,
6406,3913,CRM00000006406,2026-08-02 04:40:49,PHONE,COMPLAINT,ESCALATED,MEDIUM,
6407,3916,CRM00000006407,2025-10-20 14:05:22,EMAIL,COMPLAINT,RESOLVED,MEDIUM,15.77
6408,3917,CRM00000006408,2026-06-17 09:15:23,PHONE,ONBOARDING,RESOLVED,URGENT,7.36
6409,3917,CRM00000006409,2026-06-11 03:41:00,PHONE,DISPUTE,RESOLVED,LOW,22.85
6410,3918,CRM00000006410,2026-08-21 05:26:55,CHAT,DISPUTE,RESOLVED,HIGH,15.6
6411,3919,CRM00000006411,2026-03-09 20:10:20,CHAT,RETENTION,RESOLVED,HIGH,14.65
6412,3919,CRM00000006412,2025-10-29 16:45:02,PHONE,RETENTION,IN_PROGRESS,MEDIUM,
6413,3920,CRM00000006413,2026-02-24 15:47:36,PHONE,DISPUTE,IN_PROGRESS,MEDIUM,
6414,3920,CRM00000006414,2026-05-02 18:07:29,PHONE,ADVISORY,RESOLVED,HIGH,3.49
6415,3920,CRM00000006415,2025-09-15 16:54:33,BRANCH,ONBOARDING,RESOLVED,MEDIUM,7.41
6416,3920,CRM00000006416,2025-12-18 08:33:02,CHAT,PRODUCT_INQUIRY,OPEN,LOW,
6417,3922,CRM00000006417,2026-05-17 04:17:18,PHONE,PRODUCT_INQUIRY,RESOLVED,MEDIUM,2.73
6418,3923,CRM00000006418,2026-01-23 10:56:43,EMAIL,ADVISORY,RESOLVED,HIGH,19.86
6419,3925,CRM00000006419,2026-08-05 05:52:38,PHONE,ONBOARDING,IN_PROGRESS,MEDIUM,
6420,3926,CRM00000006420,2025-09-22 00:15:12,CHAT,COMPLAINT,RESOLVED,LOW,11.2
6421,3926,CRM00000006421,2025-11-04 01:45:42,EMAIL,PRODUCT_INQUIRY,OPEN,MEDIUM,
6422,3928,CRM00000006422,2025-11-15 02:28:57,CHAT,PRODUCT_INQUIRY,OPEN,LOW,
6423,3928,CRM00000006423,2026-03-19 05:55:37,BRANCH,COMPLAINT,RESOLVED,MEDIUM,16.11
6424,3928,CRM00000006424,2026-08-20 10:50:03,PHONE,PRODUCT_INQUIRY,RESOLVED,MEDIUM,6.09
6425,3929,CRM00000006425,2026-08-16 13:58:38,EMAIL,DISPUTE,IN_PROGRESS,MEDIUM,
6426,3929,CRM00000006426,2026-05-15 20:27:02,PHONE,COMPLAINT,RESOLVED,HIGH,5.68
6427,3931,CRM00000006427,2026-06-21 18:20:13,BRANCH,COMPLAINT,RESOLVED,MEDIUM,5.66
6428,3931,CRM00000006428,2025-09-28 09:46:20,EMAIL,DISPUTE,RESOLVED,LOW,28.25
6429,3932,CRM00000006429,2025-11-26 05:26:00,PHONE,ADVISORY,IN_PROGRESS,MEDIUM,
6430,3933,CRM00000006430,2026-05-22 08:41:53,PHONE,ONBOARDING,RESOLVED,MEDIUM,17.97
6431,3933,CRM00000006431,2026-01-16 21:57:21,PHONE,DISPUTE,RESOLVED,URGENT,23.82
6432,3933,CRM00000006432,2025-09-25 05:31:02,BRANCH,ADVISORY,OPEN,LOW,
6433,3934,CRM00000006433,2026-01-04 12:09:54,PHONE,PRODUCT_INQUIRY,RESOLVED,LOW,4.0
6434,3935,CRM00000006434,2025-11-18 15:31:29,CHAT,ADVISORY,RESOLVED,LOW,20.81
6435,3935,CRM00000006435,2025-10-16 14:54:02,PHONE,ONBOARDING,OPEN,LOW,
6436,3936,CRM00000006436,2026-08-21 08:54:15,PHONE,PRODUCT_INQUIRY,RESOLVED,HIGH,11.22
6437,3936,CRM00000006437,2026-08-23 11:51:48,PHONE,RETENTION,OPEN,HIGH,
6438,3937,CRM00000006438,2025-12-25 02:18:24,EMAIL,PRODUCT_INQUIRY,RESOLVED,LOW,6.69
6439,3937,CRM00000006439,2025-11-05 02:50:01,BRANCH,PRODUCT_INQUIRY,RESOLVED,MEDIUM,7.46
6440,3938,CRM00000006440,2026-03-20 11:47:35,EMAIL,RETENTION,IN_PROGRESS,HIGH,
6441,3938,CRM00000006441,2025-12-03 22:11:09,EMAIL,RETENTION,RESOLVED,LOW,5.64
6442,3938,CRM00000006442,2025-09-19 15:11:06,PHONE,ONBOARDING,RESOLVED,MEDIUM,4.66
6443,3940,CRM00000006443,2025-12-04 09:29:38,PHONE,PRODUCT_INQUIRY,RESOLVED,MEDIUM,7.6
6444,3940,CRM00000006444,2026-08-15 10:02:51,CHAT,DISPUTE,RESOLVED,MEDIUM,11.84
6445,3941,CRM00000006445,2026-01-03 18:33:41,BRANCH,PRODUCT_INQUIRY,RESOLVED,MEDIUM,38.68
6446,3943,CRM00000006446,2026-04-17 19:40:16,PHONE,DISPUTE,RESOLVED,HIGH,16.48
6447,3944,CRM00000006447,2025-10-08 18:20:50,BRANCH,RETENTION,RESOLVED,MEDIUM,9.19
6448,3946,CRM00000006448,2026-02-09 23:46:40,PHONE,PRODUCT_INQUIRY,ESCALATED,MEDIUM,
6449,3946,CRM00000006449,2026-04-06 02:09:24,PHONE,ONBOARDING,RESOLVED,HIGH,4.64
6450,3946,CRM00000006450,2026-06-13 18:14:15,PHONE,PRODUCT_INQUIRY,RESOLVED,MEDIUM,3.94
6451,3947,CRM00000006451,2026-04-10 07:59:02,EMAIL,ONBOARDING,ESCALATED,MEDIUM,
6452,3948,CRM00000006452,2026-01-18 01:57:46,PHONE,COMPLAINT,IN_PROGRESS,LOW,
6453,3948,CRM00000006453,2025-09-21 23:19:12,PHONE,ADVISORY,RESOLVED,MEDIUM,21.05
6454,3948,CRM00000006454,2026-03-02 05:13:21,PHONE,PRODUCT_INQUIRY,RESOLVED,MEDIUM,4.43
6455,3952,CRM00000006455,2025-11-20 14:08:11,EMAIL,PRODUCT_INQUIRY,ESCALATED,LOW,
6456,3952,CRM00000006456,2026-02-16 12:16:06,EMAIL,ONBOARDING,RESOLVED,HIGH,6.0
6457,3953,CRM00000006457,2026-08-21 16:24:24,CHAT,COMPLAINT,RESOLVED,LOW,7.12
6458,3953,CRM00000006458,2026-03-09 16:56:04,CHAT,RETENTION,RESOLVED,MEDIUM,5.35
6459,3954,CRM00000006459,2026-07-17 05:04:58,EMAIL,RETENTION,IN_PROGRESS,MEDIUM,
6460,3954,CRM00000006460,2025-12-30 13:48:04,PHONE,RETENTION,OPEN,LOW,
6461,3954,CRM00000006461,2026-07-16 03:14:09,PHONE,RETENTION,OPEN,MEDIUM,
6462,3954,CRM00000006462,2026-04-23 07:43:36,EMAIL,RETENTION,IN_PROGRESS,MEDIUM,
6463,3954,CRM00000006463,2025-10-15 02:40:31,BRANCH,RETENTION,RESOLVED,LOW,11.49
6464,3955,CRM00000006464,2026-08-11 16:36:14,PHONE,DISPUTE,OPEN,LOW,
6465,3955,CRM00000006465,2026-03-26 05:19:45,BRANCH,RETENTION,IN_PROGRESS,URGENT,
6466,3955,CRM00000006466,2025-08-28 10:24:30,BRANCH,ADVISORY,RESOLVED,HIGH,12.88
6467,3955,CRM00000006467,2026-08-16 14:53:19,PHONE,PRODUCT_INQUIRY,RESOLVED,MEDIUM,10.69
6468,3956,CRM00000006468,2026-05-02 11:56:24,PHONE,COMPLAINT,RESOLVED,LOW,10.81
6469,3956,CRM00000006469,2026-05-17 00:16:59,EMAIL,PRODUCT_INQUIRY,RESOLVED,MEDIUM,10.35
6470,3959,CRM00000006470,2026-04-04 01:17:57,PHONE,PRODUCT_INQUIRY,IN_PROGRESS,MEDIUM,
6471,3959,CRM00000006471,2026-02-18 03:05:14,PHONE,ADVISORY,RESOLVED,MEDIUM,0.68
6472,3959,CRM00000006472,2026-01-08 04:11:38,CHAT,COMPLAINT,OPEN,MEDIUM,
6473,3960,CRM00000006473,2026-03-06 23:18:03,EMAIL,COMPLAINT,IN_PROGRESS,MEDIUM,
6474,3960,CRM00000006474,2025-10-08 09:31:58,EMAIL,RETENTION,RESOLVED,MEDIUM,19.2
6475,3961,CRM00000006475,2025-11-22 15:09:42,BRANCH,COMPLAINT,RESOLVED,HIGH,4.25
6476,3961,CRM00000006476,2025-11-02 12:29:04,BRANCH,PRODUCT_INQUIRY,RESOLVED,LOW,17.34
6477,3961,CRM00000006477,2026-04-24 13:29:21,EMAIL,RETENTION,OPEN,LOW,
6478,3961,CRM00000006478,2026-06-24 08:01:15,EMAIL,ADVISORY,RESOLVED,MEDIUM,10.31
6479,3962,CRM00000006479,2026-08-18 13:14:42,EMAIL,ONBOARDING,RESOLVED,MEDIUM,4.13
6480,3962,CRM00000006480,2026-04-04 03:01:31,RM_VISIT,ONBOARDING,RESOLVED,URGENT,18.4
6481,3962,CRM00000006481,2026-01-03 14:14:13,CHAT,PRODUCT_INQUIRY,IN_PROGRESS,HIGH,
6482,3962,CRM00000006482,2026-02-01 17:28:48,RM_VISIT,ADVISORY,RESOLVED,LOW,2.19
6483,3962,CRM00000006483,2025-09-17 18:47:38,EMAIL,RETENTION,IN_PROGRESS,HIGH,
6484,3962,CRM00000006484,2026-03-09 14:53:51,PHONE,RETENTION,OPEN,MEDIUM,
6485,3963,CRM00000006485,2025-10-15 00:30:01,BRANCH,RETENTION,RESOLVED,URGENT,5.72
6486,3964,CRM00000006486,2025-09-01 23:18:44,PHONE,RETENTION,RESOLVED,LOW,5.73
6487,3965,CRM00000006487,2026-02-13 01:06:40,PHONE,ONBOARDING,RESOLVED,HIGH,7.51
6488,3965,CRM00000006488,2026-06-03 03:40:38,PHONE,COMPLAINT,RESOLVED,URGENT,10.84
6489,3966,CRM00000006489,2025-10-12 04:51:43,EMAIL,PRODUCT_INQUIRY,OPEN,MEDIUM,
6490,3966,CRM00000006490,2025-12-13 19:16:02,PHONE,PRODUCT_INQUIRY,RESOLVED,HIGH,1.22
6491,3966,CRM00000006491,2025-09-25 17:53:06,BRANCH,PRODUCT_INQUIRY,RESOLVED,MEDIUM,14.1
6492,3966,CRM00000006492,2025-11-24 17:23:40,CHAT,COMPLAINT,RESOLVED,HIGH,15.26
6493,3966,CRM00000006493,2025-09-09 05:22:48,EMAIL,ADVISORY,RESOLVED,HIGH,2.86
6494,3966,CRM00000006494,2025-11-25 23:04:59,PHONE,PRODUCT_INQUIRY,RESOLVED,LOW,21.75
6495,3966,CRM00000006495,2025-12-13 04:52:51,EMAIL,PRODUCT_INQUIRY,RESOLVED,MEDIUM,5.35
6496,3967,CRM00000006496,2025-10-15 11:31:21,BRANCH,PRODUCT_INQUIRY,RESOLVED,HIGH,18.47
6497,3968,CRM00000006497,2026-07-23 09:58:51,CHAT,COMPLAINT,RESOLVED,MEDIUM,9.58
6498,3969,CRM00000006498,2026-06-29 16:16:20,PHONE,RETENTION,RESOLVED,MEDIUM,32.92
6499,3970,CRM00000006499,2026-06-23 11:59:50,PHONE,ADVISORY,RESOLVED,HIGH,11.37
6500,3970,CRM00000006500,2026-08-07 06:51:21,CHAT,DISPUTE,RESOLVED,LOW,0.45
6501,3974,CRM00000006501,2025-12-30 20:27:37,CHAT,DISPUTE,RESOLVED,MEDIUM,9.45
6502,3974,CRM00000006502,2026-07-27 20:14:34,BRANCH,ADVISORY,IN_PROGRESS,MEDIUM,
6503,3975,CRM00000006503,2026-07-01 20:19:07,PHONE,COMPLAINT,RESOLVED,MEDIUM,8.01
6504,3975,CRM00000006504,2026-03-12 15:10:41,BRANCH,ONBOARDING,RESOLVED,LOW,8.13
6505,3975,CRM00000006505,2026-02-01 19:02:28,BRANCH,COMPLAINT,RESOLVED,LOW,12.11
6506,3975,CRM00000006506,2025-10-11 00:18:11,PHONE,ADVISORY,RESOLVED,LOW,8.37
6507,3976,CRM00000006507,2026-05-12 17:44:36,PHONE,DISPUTE,RESOLVED,HIGH,16.1
6508,3976,CRM00000006508,2025-12-23 20:23:43,PHONE,ONBOARDING,RESOLVED,HIGH,17.4
6509,3976,CRM00000006509,2025-11-08 13:08:37,PHONE,RETENTION,ESCALATED,HIGH,
6510,3977,CRM00000006510,2026-06-22 12:55:25,EMAIL,DISPUTE,RESOLVED,HIGH,15.65
6511,3977,CRM00000006511,2025-12-02 02:18:41,RM_VISIT,ONBOARDING,IN_PROGRESS,LOW,
6512,3978,CRM00000006512,2025-11-10 22:12:35,BRANCH,PRODUCT_INQUIRY,RESOLVED,MEDIUM,20.71
6513,3978,CRM00000006513,2026-03-30 18:14:50,PHONE,COMPLAINT,RESOLVED,MEDIUM,18.44
6514,3980,CRM00000006514,2026-07-01 17:40:31,BRANCH,RETENTION,IN_PROGRESS,MEDIUM,
6515,3980,CRM00000006515,2025-10-22 23:27:37,BRANCH,COMPLAINT,RESOLVED,LOW,3.96
6516,3980,CRM00000006516,2026-05-19 02:59:06,PHONE,RETENTION,RESOLVED,HIGH,6.3
6517,3980,CRM00000006517,2025-11-10 05:06:15,PHONE,COMPLAINT,RESOLVED,URGENT,15.19
6518,3980,CRM00000006518,2026-07-31 09:19:24,PHONE,RETENTION,RESOLVED,LOW,31.55
6519,3983,CRM00000006519,2026-02-05 15:34:48,EMAIL,ADVISORY,IN_PROGRESS,MEDIUM,
6520,3984,CRM00000006520,2026-05-01 11:26:03,PHONE,RETENTION,RESOLVED,MEDIUM,6.32
6521,3984,CRM00000006521,2026-05-31 04:26:01,CHAT,COMPLAINT,RESOLVED,LOW,4.73
6522,3985,CRM00000006522,2025-08-28 15:21:46,CHAT,RETENTION,RESOLVED,HIGH,32.11
6523,3985,CRM00000006523,2026-08-19 22:55:05,PHONE,PRODUCT_INQUIRY,RESOLVED,HIGH,14.37
6524,3985,CRM00000006524,2026-04-02 08:24:46,BRANCH,ADVISORY,ESCALATED,MEDIUM,
6525,3987,CRM00000006525,2026-03-08 02:27:02,CHAT,PRODUCT_INQUIRY,IN_PROGRESS,MEDIUM,
6526,3988,CRM00000006526,2026-06-17 17:57:13,PHONE,PRODUCT_INQUIRY,IN_PROGRESS,HIGH,
6527,3990,CRM00000006527,2025-12-29 18:08:58,PHONE,PRODUCT_INQUIRY,RESOLVED,LOW,32.43
6528,3990,CRM00000006528,2025-09-11 23:19:43,BRANCH,COMPLAINT,RESOLVED,HIGH,5.3
6529,3991,CRM00000006529,2026-08-12 03:27:21,RM_VISIT,ADVISORY,RESOLVED,LOW,8.28
6530,3992,CRM00000006530,2026-05-22 02:23:42,PHONE,ADVISORY,RESOLVED,HIGH,15.27
6531,3992,CRM00000006531,2025-10-25 04:24:19,EMAIL,PRODUCT_INQUIRY,OPEN,MEDIUM,
6532,3992,CRM00000006532,2025-09-19 20:32:59,PHONE,RETENTION,RESOLVED,LOW,13.44
6533,3993,CRM00000006533,2025-11-21 06:00:36,PHONE,ONBOARDING,OPEN,MEDIUM,
6534,3993,CRM00000006534,2026-02-13 03:09:11,RM_VISIT,ONBOARDING,IN_PROGRESS,HIGH,
6535,3993,CRM00000006535,2026-04-09 02:37:45,EMAIL,ONBOARDING,RESOLVED,LOW,14.31
6536,3993,CRM00000006536,2025-09-08 03:11:29,PHONE,PRODUCT_INQUIRY,RESOLVED,LOW,42.31
6537,3994,CRM00000006537,2026-08-14 15:58:49,EMAIL,DISPUTE,RESOLVED,HIGH,30.87
6538,3996,CRM00000006538,2026-05-11 10:40:44,PHONE,PRODUCT_INQUIRY,RESOLVED,MEDIUM,21.77
6539,3996,CRM00000006539,2026-07-22 12:02:54,EMAIL,DISPUTE,RESOLVED,LOW,5.25
6540,3996,CRM00000006540,2025-11-23 11:51:31,BRANCH,PRODUCT_INQUIRY,RESOLVED,MEDIUM,7.7
6541,3997,CRM00000006541,2026-02-13 13:54:57,PHONE,COMPLAINT,RESOLVED,MEDIUM,0.34
6542,3997,CRM00000006542,2026-04-06 03:37:32,EMAIL,PRODUCT_INQUIRY,ESCALATED,HIGH,
6543,3997,CRM00000006543,2025-10-07 03:39:39,EMAIL,RETENTION,RESOLVED,MEDIUM,5.32
6544,3997,CRM00000006544,2026-01-17 22:13:02,BRANCH,PRODUCT_INQUIRY,OPEN,LOW,
6545,3998,CRM00000006545,2026-05-03 01:25:09,CHAT,PRODUCT_INQUIRY,IN_PROGRESS,MEDIUM,
6546,4000,CRM00000006546,2026-02-10 06:21:21,EMAIL,ADVISORY,RESOLVED,MEDIUM,9.16
6547,4000,CRM00000006547,2026-05-16 00:10:07,PHONE,COMPLAINT,RESOLVED,HIGH,12.29
6548,4000,CRM00000006548,2026-08-06 08:33:21,PHONE,COMPLAINT,RESOLVED,LOW,7.22
6549,4001,CRM00000006549,2026-08-03 07:52:44,BRANCH,RETENTION,ESCALATED,LOW,
6550,4002,CRM00000006550,2026-01-14 11:28:35,BRANCH,PRODUCT_INQUIRY,RESOLVED,LOW,9.79
6551,4002,CRM00000006551,2026-01-05 15:04:03,CHAT,ADVISORY,RESOLVED,MEDIUM,5.7
6552,4004,CRM00000006552,2026-01-01 22:19:13,EMAIL,ONBOARDING,RESOLVED,LOW,20.48
6553,4005,CRM00000006553,2026-05-17 20:07:53,PHONE,PRODUCT_INQUIRY,RESOLVED,MEDIUM,5.41
6554,4005,CRM00000006554,2026-07-16 09:24:03,PHONE,PRODUCT_INQUIRY,RESOLVED,MEDIUM,10.58
6555,4006,CRM00000006555,2026-03-31 03:17:45,BRANCH,COMPLAINT,IN_PROGRESS,MEDIUM,
6556,4007,CRM00000006556,2026-03-10 03:44:10,PHONE,PRODUCT_INQUIRY,RESOLVED,MEDIUM,13.91
6557,4007,CRM00000006557,2026-02-02 15:23:47,CHAT,RETENTION,IN_PROGRESS,LOW,
6558,4007,CRM00000006558,2026-04-05 20:57:43,EMAIL,PRODUCT_INQUIRY,OPEN,HIGH,
6559,4007,CRM00000006559,2026-05-30 17:36:23,EMAIL,PRODUCT_INQUIRY,IN_PROGRESS,MEDIUM,
6560,4008,CRM00000006560,2026-05-06 21:01:42,PHONE,COMPLAINT,RESOLVED,MEDIUM,14.91
6561,4008,CRM00000006561,2026-03-29 07:14:54,PHONE,RETENTION,RESOLVED,MEDIUM,21.38
6562,4008,CRM00000006562,2026-05-29 13:02:43,PHONE,ONBOARDING,ESCALATED,MEDIUM,
6563,4010,CRM00000006563,2026-05-01 01:46:33,CHAT,PRODUCT_INQUIRY,RESOLVED,MEDIUM,18.55
6564,4011,CRM00000006564,2025-11-20 00:45:56,PHONE,ADVISORY,RESOLVED,LOW,3.14
6565,4011,CRM00000006565,2026-07-08 15:21:53,CHAT,COMPLAINT,OPEN,MEDIUM,
6566,4014,CRM00000006566,2025-12-08 19:08:54,PHONE,COMPLAINT,RESOLVED,MEDIUM,15.54
6567,4014,CRM00000006567,2026-04-03 07:14:30,PHONE,DISPUTE,OPEN,LOW,
6568,4014,CRM00000006568,2026-05-23 03:00:13,CHAT,RETENTION,RESOLVED,LOW,7.09
6569,4014,CRM00000006569,2025-11-14 19:49:06,BRANCH,COMPLAINT,RESOLVED,MEDIUM,5.93
6570,4014,CRM00000006570,2026-03-03 20:59:50,EMAIL,RETENTION,OPEN,LOW,
6571,4014,CRM00000006571,2025-10-03 00:02:19,RM_VISIT,COMPLAINT,IN_PROGRESS,MEDIUM,
6572,4015,CRM00000006572,2026-05-20 21:40:23,EMAIL,PRODUCT_INQUIRY,RESOLVED,LOW,14.57
6573,4015,CRM00000006573,2026-08-13 20:43:43,RM_VISIT,COMPLAINT,OPEN,LOW,
6574,4016,CRM00000006574,2025-09-11 06:49:11,EMAIL,PRODUCT_INQUIRY,RESOLVED,HIGH,45.05
6575,4018,CRM00000006575,2025-09-03 22:34:56,PHONE,RETENTION,IN_PROGRESS,HIGH,
6576,4019,CRM00000006576,2026-04-12 20:49:12,BRANCH,PRODUCT_INQUIRY,RESOLVED,MEDIUM,26.34
6577,4019,CRM00000006577,2026-01-29 09:22:53,CHAT,PRODUCT_INQUIRY,RESOLVED,HIGH,54.4
6578,4019,CRM00000006578,2026-01-08 10:01:44,PHONE,PRODUCT_INQUIRY,IN_PROGRESS,MEDIUM,
6579,4019,CRM00000006579,2025-09-21 20:16:47,EMAIL,DISPUTE,RESOLVED,LOW,6.04
6580,4019,CRM00000006580,2026-03-07 17:13:09,PHONE,ADVISORY,RESOLVED,MEDIUM,3.59
6581,4020,CRM00000006581,2026-08-07 16:43:22,EMAIL,ADVISORY,RESOLVED,LOW,4.73
6582,4020,CRM00000006582,2026-05-10 13:24:33,CHAT,RETENTION,RESOLVED,LOW,21.34
6583,4020,CRM00000006583,2025-10-11 10:39:37,BRANCH,PRODUCT_INQUIRY,RESOLVED,MEDIUM,15.78
6584,4021,CRM00000006584,2025-09-28 14:40:03,BRANCH,DISPUTE,RESOLVED,LOW,5.91
6585,4021,CRM00000006585,2025-09-06 02:38:13,BRANCH,RETENTION,RESOLVED,HIGH,4.52
6586,4021,CRM00000006586,2026-01-13 17:08:25,RM_VISIT,PRODUCT_INQUIRY,IN_PROGRESS,MEDIUM,
6587,4022,CRM00000006587,2026-05-29 09:27:35,EMAIL,ADVISORY,RESOLVED,LOW,14.15
6588,4022,CRM00000006588,2026-05-13 00:16:02,PHONE,ADVISORY,ESCALATED,URGENT,
6589,4024,CRM00000006589,2026-05-02 11:12:37,PHONE,COMPLAINT,RESOLVED,LOW,11.12
6590,4026,CRM00000006590,2026-02-03 07:17:58,PHONE,COMPLAINT,RESOLVED,HIGH,1.96
6591,4026,CRM00000006591,2026-03-17 23:06:51,PHONE,ADVISORY,IN_PROGRESS,URGENT,
6592,4026,CRM00000006592,2025-11-07 22:04:12,EMAIL,PRODUCT_INQUIRY,IN_PROGRESS,MEDIUM,
6593,4027,CRM00000006593,2026-08-25 07:47:28,EMAIL,ONBOARDING,RESOLVED,HIGH,21.54
6594,4027,CRM00000006594,2026-06-18 05:48:32,EMAIL,RETENTION,RESOLVED,HIGH,9.66
6595,4028,CRM00000006595,2026-07-14 21:29:25,BRANCH,ONBOARDING,IN_PROGRESS,LOW,
6596,4028,CRM00000006596,2025-11-06 12:19:03,PHONE,PRODUCT_INQUIRY,RESOLVED,MEDIUM,1.79
6597,4029,CRM00000006597,2025-11-28 09:57:00,PHONE,PRODUCT_INQUIRY,OPEN,LOW,
6598,4029,CRM00000006598,2026-01-12 23:19:18,PHONE,COMPLAINT,RESOLVED,LOW,3.25
6599,4030,CRM00000006599,2026-01-28 03:38:50,EMAIL,ADVISORY,RESOLVED,MEDIUM,5.48
6600,4031,CRM00000006600,2026-07-09 07:44:13,PHONE,PRODUCT_INQUIRY,RESOLVED,MEDIUM,4.67
6601,4031,CRM00000006601,2026-03-26 20:48:45,PHONE,PRODUCT_INQUIRY,RESOLVED,LOW,11.1
6602,4032,CRM00000006602,2025-11-17 10:07:03,PHONE,COMPLAINT,RESOLVED,MEDIUM,15.13
6603,4033,CRM00000006603,2026-04-11 06:04:20,PHONE,RETENTION,RESOLVED,MEDIUM,18.27
6604,4033,CRM00000006604,2025-12-28 14:28:22,CHAT,RETENTION,RESOLVED,HIGH,24.26
6605,4033,CRM00000006605,2026-02-04 23:57:40,PHONE,RETENTION,RESOLVED,MEDIUM,3.43
6606,4034,CRM00000006606,2025-11-04 13:39:50,BRANCH,PRODUCT_INQUIRY,IN_PROGRESS,HIGH,
6607,4036,CRM00000006607,2026-04-19 09:19:22,PHONE,ADVISORY,RESOLVED,URGENT,9.53
6608,4037,CRM00000006608,2026-05-27 01:35:51,EMAIL,RETENTION,RESOLVED,MEDIUM,10.73
6609,4037,CRM00000006609,2026-02-18 09:22:34,PHONE,ADVISORY,RESOLVED,URGENT,3.01
6610,4038,CRM00000006610,2026-06-19 21:06:29,PHONE,ADVISORY,IN_PROGRESS,LOW,
6611,4039,CRM00000006611,2025-12-10 04:28:04,RM_VISIT,ADVISORY,RESOLVED,MEDIUM,20.94
6612,4040,CRM00000006612,2026-04-11 15:50:08,PHONE,PRODUCT_INQUIRY,RESOLVED,LOW,6.17
6613,4040,CRM00000006613,2026-01-01 20:32:42,BRANCH,ADVISORY,RESOLVED,LOW,4.14
6614,4041,CRM00000006614,2025-09-30 13:27:01,CHAT,COMPLAINT,OPEN,LOW,
6615,4042,CRM00000006615,2025-10-08 13:27:36,BRANCH,RETENTION,ESCALATED,LOW,
6616,4043,CRM00000006616,2026-08-04 18:46:05,EMAIL,PRODUCT_INQUIRY,RESOLVED,MEDIUM,16.38
6617,4044,CRM00000006617,2026-05-06 02:33:00,BRANCH,ONBOARDING,RESOLVED,LOW,2.68
6618,4045,CRM00000006618,2026-02-13 14:39:43,CHAT,DISPUTE,RESOLVED,LOW,6.47
6619,4046,CRM00000006619,2026-03-19 20:53:16,RM_VISIT,COMPLAINT,OPEN,HIGH,
6620,4046,CRM00000006620,2026-05-03 22:57:51,PHONE,ADVISORY,RESOLVED,URGENT,26.51
6621,4047,CRM00000006621,2025-11-25 01:10:47,CHAT,PRODUCT_INQUIRY,RESOLVED,LOW,12.01
6622,4048,CRM00000006622,2025-09-25 11:18:38,PHONE,RETENTION,RESOLVED,MEDIUM,10.38
6623,4049,CRM00000006623,2025-09-17 01:15:41,PHONE,DISPUTE,RESOLVED,LOW,8.43
6624,4051,CRM00000006624,2026-07-28 14:42:27,BRANCH,COMPLAINT,IN_PROGRESS,MEDIUM,
6625,4052,CRM00000006625,2025-11-23 21:24:53,PHONE,RETENTION,OPEN,HIGH,
6626,4052,CRM00000006626,2025-08-30 14:00:03,PHONE,PRODUCT_INQUIRY,RESOLVED,HIGH,17.36
6627,4052,CRM00000006627,2026-06-07 15:44:35,CHAT,RETENTION,RESOLVED,HIGH,3.0
6628,4052,CRM00000006628,2026-02-23 11:25:50,PHONE,RETENTION,IN_PROGRESS,HIGH,
6629,4053,CRM00000006629,2026-07-26 12:42:38,PHONE,DISPUTE,RESOLVED,URGENT,8.45
6630,4055,CRM00000006630,2026-08-07 08:31:07,BRANCH,PRODUCT_INQUIRY,RESOLVED,MEDIUM,16.45
6631,4056,CRM00000006631,2025-12-10 19:40:01,PHONE,ONBOARDING,RESOLVED,MEDIUM,9.74
6632,4057,CRM00000006632,2026-02-12 21:46:53,BRANCH,ADVISORY,RESOLVED,MEDIUM,10.44
6633,4057,CRM00000006633,2025-12-30 20:01:27,BRANCH,PRODUCT_INQUIRY,IN_PROGRESS,LOW,
6634,4057,CRM00000006634,2025-12-29 09:11:28,BRANCH,COMPLAINT,RESOLVED,MEDIUM,6.38
6635,4059,CRM00000006635,2026-04-09 16:31:12,PHONE,PRODUCT_INQUIRY,RESOLVED,LOW,11.94
6636,4061,CRM00000006636,2025-11-17 07:23:24,PHONE,ONBOARDING,RESOLVED,HIGH,21.0
6637,4061,CRM00000006637,2026-06-19 16:17:23,BRANCH,COMPLAINT,RESOLVED,MEDIUM,13.85
6638,4062,CRM00000006638,2026-04-05 05:22:16,PHONE,ONBOARDING,RESOLVED,HIGH,7.36
6639,4063,CRM00000006639,2025-11-22 05:03:45,PHONE,ONBOARDING,IN_PROGRESS,MEDIUM,
6640,4065,CRM00000006640,2025-10-26 06:31:38,PHONE,COMPLAINT,RESOLVED,MEDIUM,8.16
6641,4066,CRM00000006641,2026-01-17 19:15:09,EMAIL,ADVISORY,RESOLVED,LOW,5.61
6642,4067,CRM00000006642,2026-02-17 10:17:26,BRANCH,ADVISORY,OPEN,LOW,
6643,4068,CRM00000006643,2025-10-11 06:03:56,BRANCH,RETENTION,IN_PROGRESS,MEDIUM,
6644,4068,CRM00000006644,2026-02-20 00:57:01,PHONE,ADVISORY,RESOLVED,URGENT,7.89
6645,4069,CRM00000006645,2026-08-13 20:58:57,CHAT,COMPLAINT,IN_PROGRESS,HIGH,
6646,4069,CRM00000006646,2026-05-11 01:12:42,BRANCH,PRODUCT_INQUIRY,RESOLVED,MEDIUM,3.4
6647,4070,CRM00000006647,2026-04-07 22:13:49,CHAT,PRODUCT_INQUIRY,OPEN,MEDIUM,
6648,4071,CRM00000006648,2025-12-17 15:27:11,PHONE,PRODUCT_INQUIRY,RESOLVED,MEDIUM,3.94
6649,4072,CRM00000006649,2025-11-07 21:41:06,PHONE,COMPLAINT,RESOLVED,LOW,11.81
6650,4072,CRM00000006650,2025-09-08 12:17:39,BRANCH,PRODUCT_INQUIRY,OPEN,HIGH,
6651,4073,CRM00000006651,2026-04-17 06:20:23,CHAT,ADVISORY,OPEN,URGENT,
6652,4073,CRM00000006652,2026-04-05 01:35:49,BRANCH,ADVISORY,ESCALATED,HIGH,
6653,4074,CRM00000006653,2025-12-12 14:37:46,EMAIL,ADVISORY,RESOLVED,LOW,6.82
6654,4074,CRM00000006654,2026-02-20 18:27:16,PHONE,COMPLAINT,RESOLVED,MEDIUM,26.2
6655,4075,CRM00000006655,2025-12-06 13:55:58,PHONE,RETENTION,RESOLVED,MEDIUM,11.31
6656,4075,CRM00000006656,2026-02-19 01:47:47,CHAT,RETENTION,RESOLVED,URGENT,11.1
6657,4076,CRM00000006657,2026-06-20 05:16:15,CHAT,COMPLAINT,RESOLVED,LOW,10.42
6658,4076,CRM00000006658,2025-12-25 17:22:27,EMAIL,ONBOARDING,RESOLVED,MEDIUM,22.55
6659,4077,CRM00000006659,2025-11-22 08:13:39,CHAT,RETENTION,RESOLVED,MEDIUM,15.42
6660,4077,CRM00000006660,2026-02-22 10:20:33,PHONE,RETENTION,RESOLVED,LOW,11.97
6661,4077,CRM00000006661,2026-04-17 10:49:04,PHONE,RETENTION,OPEN,LOW,
6662,4077,CRM00000006662,2025-11-05 21:19:16,PHONE,RETENTION,RESOLVED,LOW,12.11
6663,4077,CRM00000006663,2026-08-07 16:24:05,PHONE,RETENTION,IN_PROGRESS,LOW,
6664,4078,CRM00000006664,2025-12-06 22:44:28,PHONE,COMPLAINT,IN_PROGRESS,MEDIUM,
6665,4079,CRM00000006665,2026-04-02 19:19:01,BRANCH,RETENTION,RESOLVED,MEDIUM,22.77
6666,4079,CRM00000006666,2025-09-04 14:30:02,PHONE,COMPLAINT,RESOLVED,URGENT,28.39
6667,4080,CRM00000006667,2026-04-23 10:07:10,CHAT,ONBOARDING,RESOLVED,MEDIUM,29.97
6668,4082,CRM00000006668,2025-10-11 03:46:50,BRANCH,ADVISORY,RESOLVED,HIGH,4.73
6669,4082,CRM00000006669,2026-02-04 12:02:30,EMAIL,ADVISORY,OPEN,URGENT,
6670,4082,CRM00000006670,2026-07-07 01:10:19,CHAT,ONBOARDING,RESOLVED,LOW,12.9
6671,4083,CRM00000006671,2025-11-26 21:58:43,PHONE,RETENTION,ESCALATED,URGENT,
6672,4083,CRM00000006672,2026-04-07 17:59:07,BRANCH,RETENTION,RESOLVED,MEDIUM,3.09
6673,4084,CRM00000006673,2026-04-30 11:16:41,BRANCH,PRODUCT_INQUIRY,RESOLVED,MEDIUM,7.65
6674,4085,CRM00000006674,2025-10-08 21:57:33,EMAIL,COMPLAINT,IN_PROGRESS,LOW,
6675,4085,CRM00000006675,2026-04-14 15:31:22,EMAIL,RETENTION,RESOLVED,HIGH,6.32
6676,4086,CRM00000006676,2025-11-07 13:53:23,RM_VISIT,COMPLAINT,IN_PROGRESS,LOW,
6677,4087,CRM00000006677,2026-01-05 13:40:10,BRANCH,PRODUCT_INQUIRY,RESOLVED,MEDIUM,12.61
6678,4087,CRM00000006678,2025-09-28 05:38:00,PHONE,PRODUCT_INQUIRY,ESCALATED,LOW,
6679,4089,CRM00000006679,2026-01-24 08:28:51,PHONE,COMPLAINT,RESOLVED,MEDIUM,19.79
6680,4090,CRM00000006680,2026-08-14 08:01:59,PHONE,ADVISORY,RESOLVED,MEDIUM,18.79
6681,4090,CRM00000006681,2026-01-10 07:51:35,PHONE,PRODUCT_INQUIRY,RESOLVED,URGENT,14.74
6682,4094,CRM00000006682,2026-08-24 19:40:47,RM_VISIT,COMPLAINT,RESOLVED,LOW,3.73
6683,4096,CRM00000006683,2025-12-21 01:34:42,RM_VISIT,ONBOARDING,OPEN,HIGH,
6684,4096,CRM00000006684,2026-06-08 01:50:32,BRANCH,DISPUTE,OPEN,LOW,
6685,4097,CRM00000006685,2026-04-03 21:45:15,PHONE,ADVISORY,RESOLVED,MEDIUM,3.72
6686,4097,CRM00000006686,2026-05-29 21:26:00,BRANCH,COMPLAINT,OPEN,MEDIUM,
6687,4097,CRM00000006687,2025-11-23 18:45:38,PHONE,ONBOARDING,RESOLVED,MEDIUM,17.48
6688,4098,CRM00000006688,2026-02-19 17:49:56,PHONE,PRODUCT_INQUIRY,RESOLVED,MEDIUM,5.01
6689,4098,CRM00000006689,2025-09-19 18:04:46,EMAIL,COMPLAINT,IN_PROGRESS,MEDIUM,
6690,4098,CRM00000006690,2026-03-19 20:11:25,CHAT,PRODUCT_INQUIRY,RESOLVED,HIGH,2.3
6691,4099,CRM00000006691,2025-11-22 12:41:10,EMAIL,PRODUCT_INQUIRY,IN_PROGRESS,MEDIUM,
6692,4099,CRM00000006692,2026-05-23 23:01:08,EMAIL,RETENTION,ESCALATED,HIGH,
6693,4099,CRM00000006693,2026-07-29 20:00:25,PHONE,ADVISORY,RESOLVED,LOW,1.96
6694,4100,CRM00000006694,2025-10-06 08:28:34,CHAT,DISPUTE,RESOLVED,HIGH,23.43
6695,4101,CRM00000006695,2026-08-24 12:47:09,PHONE,RETENTION,IN_PROGRESS,MEDIUM,
6696,4102,CRM00000006696,2026-05-29 15:25:27,EMAIL,RETENTION,OPEN,LOW,
6697,4104,CRM00000006697,2026-03-06 19:01:53,PHONE,ONBOARDING,RESOLVED,URGENT,10.59
6698,4106,CRM00000006698,2026-03-05 01:09:08,PHONE,ADVISORY,RESOLVED,LOW,17.97
6699,4106,CRM00000006699,2026-02-22 03:26:39,CHAT,RETENTION,OPEN,URGENT,
6700,4107,CRM00000006700,2026-03-22 10:26:23,CHAT,ADVISORY,RESOLVED,MEDIUM,15.19
6701,4107,CRM00000006701,2026-05-26 01:42:03,BRANCH,RETENTION,ESCALATED,MEDIUM,
6702,4107,CRM00000006702,2026-05-04 15:12:07,PHONE,RETENTION,IN_PROGRESS,HIGH,
6703,4108,CRM00000006703,2025-11-05 03:22:02,CHAT,RETENTION,RESOLVED,URGENT,2.37
6704,4108,CRM00000006704,2025-10-29 17:58:11,PHONE,ADVISORY,ESCALATED,MEDIUM,
6705,4108,CRM00000006705,2026-04-02 08:06:29,EMAIL,COMPLAINT,RESOLVED,HIGH,3.24
6706,4109,CRM00000006706,2026-08-15 09:41:25,PHONE,RETENTION,RESOLVED,HIGH,13.69
6707,4111,CRM00000006707,2026-01-04 16:23:41,PHONE,ONBOARDING,RESOLVED,LOW,18.04
6708,4111,CRM00000006708,2026-01-17 09:57:26,EMAIL,ONBOARDING,RESOLVED,MEDIUM,7.73
6709,4113,CRM00000006709,2025-10-12 07:10:27,PHONE,ADVISORY,IN_PROGRESS,HIGH,
6710,4113,CRM00000006710,2025-12-02 10:05:18,PHONE,DISPUTE,RESOLVED,LOW,2.28
6711,4114,CRM00000006711,2025-10-12 22:37:34,PHONE,PRODUCT_INQUIRY,RESOLVED,MEDIUM,25.67
6712,4114,CRM00000006712,2025-10-15 00:37:16,PHONE,COMPLAINT,RESOLVED,MEDIUM,1.82
6713,4115,CRM00000006713,2026-05-15 20:28:30,BRANCH,ADVISORY,RESOLVED,URGENT,16.42
6714,4117,CRM00000006714,2026-07-11 21:24:54,EMAIL,RETENTION,RESOLVED,MEDIUM,3.87
6715,4117,CRM00000006715,2026-03-06 07:32:39,EMAIL,PRODUCT_INQUIRY,RESOLVED,MEDIUM,15.26
6716,4118,CRM00000006716,2026-07-17 14:28:16,EMAIL,PRODUCT_INQUIRY,RESOLVED,LOW,23.7
6717,4119,CRM00000006717,2026-02-07 13:44:32,PHONE,COMPLAINT,IN_PROGRESS,HIGH,
6718,4119,CRM00000006718,2025-12-17 10:16:12,EMAIL,DISPUTE,OPEN,MEDIUM,
6719,4122,CRM00000006719,2026-04-24 23:34:56,RM_VISIT,COMPLAINT,RESOLVED,MEDIUM,12.9
6720,4124,CRM00000006720,2026-02-21 12:31:18,PHONE,COMPLAINT,IN_PROGRESS,LOW,
6721,4124,CRM00000006721,2025-11-28 14:42:23,PHONE,RETENTION,RESOLVED,LOW,8.02
6722,4125,CRM00000006722,2026-08-03 06:26:22,PHONE,RETENTION,ESCALATED,LOW,
6723,4126,CRM00000006723,2026-01-05 02:00:24,PHONE,COMPLAINT,RESOLVED,LOW,10.5
6724,4126,CRM00000006724,2025-12-06 02:34:36,BRANCH,ADVISORY,ESCALATED,HIGH,
6725,4127,CRM00000006725,2025-09-09 08:18:51,EMAIL,ADVISORY,IN_PROGRESS,URGENT,
6726,4127,CRM00000006726,2026-05-29 23:37:43,CHAT,PRODUCT_INQUIRY,RESOLVED,LOW,7.83
6727,4129,CRM00000006727,2026-05-05 04:58:15,BRANCH,COMPLAINT,IN_PROGRESS,URGENT,
6728,4130,CRM00000006728,2025-12-10 05:59:49,EMAIL,PRODUCT_INQUIRY,RESOLVED,LOW,4.07
6729,4130,CRM00000006729,2026-05-28 03:52:55,EMAIL,ONBOARDING,OPEN,LOW,
6730,4131,CRM00000006730,2026-07-15 20:53:34,BRANCH,COMPLAINT,RESOLVED,HIGH,13.22
6731,4131,CRM00000006731,2025-10-23 07:47:33,CHAT,RETENTION,RESOLVED,HIGH,10.82
6732,4131,CRM00000006732,2026-04-10 05:47:02,EMAIL,ADVISORY,RESOLVED,HIGH,16.83
6733,4132,CRM00000006733,2025-09-03 22:22:31,PHONE,PRODUCT_INQUIRY,RESOLVED,LOW,12.42
6734,4133,CRM00000006734,2026-01-15 13:47:41,PHONE,ADVISORY,RESOLVED,LOW,11.98
6735,4133,CRM00000006735,2026-04-30 02:23:57,EMAIL,COMPLAINT,ESCALATED,LOW,
6736,4134,CRM00000006736,2026-07-12 22:10:37,PHONE,ADVISORY,OPEN,MEDIUM,
6737,4135,CRM00000006737,2026-01-01 08:57:47,PHONE,DISPUTE,IN_PROGRESS,LOW,
6738,4136,CRM00000006738,2025-09-20 23:48:37,EMAIL,ADVISORY,IN_PROGRESS,HIGH,
6739,4136,CRM00000006739,2026-01-24 15:51:40,EMAIL,COMPLAINT,IN_PROGRESS,URGENT,
6740,4136,CRM00000006740,2025-12-30 04:08:04,RM_VISIT,DISPUTE,RESOLVED,LOW,38.93
6741,4136,CRM00000006741,2026-03-12 11:29:48,CHAT,RETENTION,RESOLVED,MEDIUM,18.36
6742,4137,CRM00000006742,2026-01-14 01:41:05,PHONE,PRODUCT_INQUIRY,RESOLVED,LOW,4.96
6743,4137,CRM00000006743,2026-08-27 02:26:54,EMAIL,ADVISORY,RESOLVED,MEDIUM,13.88
6744,4137,CRM00000006744,2026-04-07 05:54:58,PHONE,PRODUCT_INQUIRY,OPEN,URGENT,
6745,4139,CRM00000006745,2026-04-14 00:56:37,PHONE,PRODUCT_INQUIRY,RESOLVED,LOW,28.49
6746,4139,CRM00000006746,2025-09-08 07:32:53,RM_VISIT,PRODUCT_INQUIRY,RESOLVED,HIGH,18.88
6747,4139,CRM00000006747,2026-06-13 06:29:01,EMAIL,COMPLAINT,RESOLVED,MEDIUM,9.55
6748,4139,CRM00000006748,2026-01-19 13:08:21,CHAT,ADVISORY,RESOLVED,LOW,7.53
6749,4140,CRM00000006749,2026-02-28 22:18:59,BRANCH,ADVISORY,RESOLVED,HIGH,11.46
6750,4142,CRM00000006750,2026-07-28 19:32:13,CHAT,ADVISORY,RESOLVED,MEDIUM,11.16
6751,4143,CRM00000006751,2026-06-21 23:15:02,PHONE,COMPLAINT,IN_PROGRESS,MEDIUM,
6752,4143,CRM00000006752,2026-01-25 23:32:19,CHAT,ADVISORY,OPEN,MEDIUM,
6753,4143,CRM00000006753,2026-04-30 21:36:27,PHONE,COMPLAINT,RESOLVED,HIGH,10.22
6754,4144,CRM00000006754,2026-03-19 00:32:31,CHAT,ADVISORY,IN_PROGRESS,MEDIUM,
6755,4145,CRM00000006755,2026-02-07 14:56:45,EMAIL,COMPLAINT,RESOLVED,HIGH,6.58
6756,4145,CRM00000006756,2026-08-24 20:38:17,PHONE,ADVISORY,RESOLVED,HIGH,8.96
6757,4148,CRM00000006757,2025-11-26 19:29:14,EMAIL,RETENTION,ESCALATED,LOW,
6758,4148,CRM00000006758,2025-09-05 15:14:10,PHONE,RETENTION,RESOLVED,MEDIUM,4.88
6759,4148,CRM00000006759,2026-03-17 04:25:57,EMAIL,DISPUTE,RESOLVED,MEDIUM,1.37
6760,4148,CRM00000006760,2026-01-11 07:06:37,PHONE,DISPUTE,RESOLVED,LOW,15.5
6761,4148,CRM00000006761,2026-01-20 10:06:06,EMAIL,PRODUCT_INQUIRY,RESOLVED,LOW,20.84
6762,4148,CRM00000006762,2026-07-14 09:09:45,CHAT,ADVISORY,OPEN,LOW,
6763,4149,CRM00000006763,2026-01-28 20:40:54,PHONE,PRODUCT_INQUIRY,RESOLVED,LOW,7.63
6764,4149,CRM00000006764,2025-09-12 02:15:30,PHONE,PRODUCT_INQUIRY,IN_PROGRESS,MEDIUM,
6765,4151,CRM00000006765,2026-03-08 05:01:24,PHONE,DISPUTE,RESOLVED,LOW,11.74
6766,4153,CRM00000006766,2025-10-30 09:00:49,PHONE,ADVISORY,RESOLVED,HIGH,6.58
6767,4153,CRM00000006767,2026-02-07 02:16:23,PHONE,ADVISORY,RESOLVED,LOW,4.72
6768,4153,CRM00000006768,2026-04-07 12:46:13,PHONE,RETENTION,RESOLVED,HIGH,15.78
6769,4154,CRM00000006769,2026-05-22 03:01:35,BRANCH,PRODUCT_INQUIRY,ESCALATED,MEDIUM,
6770,4155,CRM00000006770,2026-01-09 15:25:50,PHONE,ONBOARDING,RESOLVED,URGENT,25.17
6771,4155,CRM00000006771,2026-05-28 11:06:48,PHONE,PRODUCT_INQUIRY,RESOLVED,MEDIUM,9.04
6772,4155,CRM00000006772,2026-02-10 06:19:48,EMAIL,PRODUCT_INQUIRY,RESOLVED,MEDIUM,9.47
6773,4156,CRM00000006773,2026-06-28 05:38:25,CHAT,ADVISORY,RESOLVED,LOW,4.43
6774,4156,CRM00000006774,2025-09-21 10:16:42,EMAIL,RETENTION,ESCALATED,HIGH,
6775,4158,CRM00000006775,2026-02-03 18:49:11,EMAIL,COMPLAINT,RESOLVED,HIGH,13.23
6776,4158,CRM00000006776,2026-08-03 17:53:20,PHONE,COMPLAINT,RESOLVED,LOW,13.0
6777,4158,CRM00000006777,2026-01-18 06:46:18,CHAT,ADVISORY,IN_PROGRESS,URGENT,
6778,4159,CRM00000006778,2025-12-30 19:19:23,PHONE,PRODUCT_INQUIRY,IN_PROGRESS,URGENT,
6779,4159,CRM00000006779,2025-11-08 22:03:39,EMAIL,ADVISORY,ESCALATED,HIGH,
6780,4159,CRM00000006780,2026-02-07 03:10:26,PHONE,ADVISORY,IN_PROGRESS,MEDIUM,
6781,4161,CRM00000006781,2026-08-06 02:56:20,PHONE,COMPLAINT,OPEN,HIGH,
6782,4162,CRM00000006782,2026-06-26 00:04:43,PHONE,COMPLAINT,RESOLVED,LOW,21.75
6783,4162,CRM00000006783,2025-12-13 13:07:15,BRANCH,PRODUCT_INQUIRY,IN_PROGRESS,LOW,
6784,4164,CRM00000006784,2026-08-05 15:59:13,RM_VISIT,PRODUCT_INQUIRY,IN_PROGRESS,HIGH,
6785,4164,CRM00000006785,2026-02-06 14:01:02,PHONE,PRODUCT_INQUIRY,OPEN,URGENT,
6786,4165,CRM00000006786,2025-10-01 01:56:24,BRANCH,PRODUCT_INQUIRY,RESOLVED,MEDIUM,11.56
6787,4165,CRM00000006787,2026-05-28 05:06:40,BRANCH,PRODUCT_INQUIRY,RESOLVED,MEDIUM,10.87
6788,4166,CRM00000006788,2026-07-15 12:08:08,CHAT,DISPUTE,RESOLVED,URGENT,1.43
6789,4166,CRM00000006789,2026-08-14 15:41:03,CHAT,COMPLAINT,RESOLVED,HIGH,2.27
6790,4167,CRM00000006790,2026-01-11 00:56:38,BRANCH,PRODUCT_INQUIRY,ESCALATED,HIGH,
6791,4167,CRM00000006791,2025-10-09 05:55:14,CHAT,PRODUCT_INQUIRY,ESCALATED,MEDIUM,
6792,4167,CRM00000006792,2026-08-15 13:52:52,EMAIL,ADVISORY,RESOLVED,LOW,6.58
6793,4167,CRM00000006793,2025-11-08 12:14:03,CHAT,ADVISORY,RESOLVED,HIGH,15.8
6794,4168,CRM00000006794,2025-12-11 22:01:26,CHAT,PRODUCT_INQUIRY,IN_PROGRESS,HIGH,
6795,4168,CRM00000006795,2026-03-17 20:42:52,EMAIL,PRODUCT_INQUIRY,RESOLVED,LOW,11.47
6796,4169,CRM00000006796,2025-10-10 19:08:40,RM_VISIT,COMPLAINT,OPEN,HIGH,
6797,4169,CRM00000006797,2026-06-11 02:22:38,PHONE,ONBOARDING,RESOLVED,MEDIUM,23.11
6798,4170,CRM00000006798,2026-07-18 07:05:39,CHAT,ADVISORY,RESOLVED,LOW,10.77
6799,4170,CRM00000006799,2025-09-18 17:17:10,BRANCH,ADVISORY,RESOLVED,MEDIUM,8.59
6800,4172,CRM00000006800,2026-08-23 02:47:22,EMAIL,PRODUCT_INQUIRY,RESOLVED,MEDIUM,12.66
6801,4172,CRM00000006801,2026-02-15 00:49:21,PHONE,RETENTION,RESOLVED,LOW,24.68
6802,4172,CRM00000006802,2025-11-22 09:59:36,PHONE,RETENTION,RESOLVED,MEDIUM,12.78
6803,4173,CRM00000006803,2026-08-16 17:33:49,CHAT,COMPLAINT,IN_PROGRESS,MEDIUM,
6804,4174,CRM00000006804,2025-12-22 20:03:46,PHONE,PRODUCT_INQUIRY,IN_PROGRESS,LOW,
6805,4179,CRM00000006805,2026-06-04 01:08:12,PHONE,RETENTION,ESCALATED,MEDIUM,
6806,4179,CRM00000006806,2026-04-05 03:07:48,PHONE,RETENTION,RESOLVED,MEDIUM,8.48
6807,4179,CRM00000006807,2026-07-04 07:19:22,CHAT,RETENTION,RESOLVED,HIGH,6.43
6808,4179,CRM00000006808,2026-03-28 14:50:10,EMAIL,RETENTION,RESOLVED,LOW,3.21
6809,4179,CRM00000006809,2025-09-25 00:08:16,PHONE,ADVISORY,RESOLVED,URGENT,2.8
6810,4180,CRM00000006810,2026-03-24 21:16:08,EMAIL,PRODUCT_INQUIRY,IN_PROGRESS,URGENT,
6811,4181,CRM00000006811,2025-11-02 03:45:37,PHONE,RETENTION,IN_PROGRESS,HIGH,
6812,4181,CRM00000006812,2025-09-27 13:19:29,PHONE,RETENTION,RESOLVED,MEDIUM,19.2
6813,4181,CRM00000006813,2026-03-19 08:56:10,PHONE,RETENTION,RESOLVED,LOW,12.24
6814,4181,CRM00000006814,2025-12-24 07:23:53,PHONE,COMPLAINT,OPEN,MEDIUM,
6815,4181,CRM00000006815,2025-11-22 20:21:12,CHAT,COMPLAINT,RESOLVED,MEDIUM,21.41
6816,4181,CRM00000006816,2026-06-08 16:47:52,CHAT,RETENTION,IN_PROGRESS,MEDIUM,
6817,4182,CRM00000006817,2025-12-26 09:39:14,PHONE,PRODUCT_INQUIRY,IN_PROGRESS,MEDIUM,
6818,4182,CRM00000006818,2025-10-10 07:22:41,RM_VISIT,DISPUTE,IN_PROGRESS,LOW,
6819,4182,CRM00000006819,2026-03-25 12:14:37,CHAT,RETENTION,RESOLVED,MEDIUM,1.58
6820,4182,CRM00000006820,2026-05-22 15:35:43,CHAT,PRODUCT_INQUIRY,ESCALATED,MEDIUM,
6821,4182,CRM00000006821,2026-04-28 04:49:10,EMAIL,DISPUTE,RESOLVED,LOW,5.58
6822,4183,CRM00000006822,2026-04-16 19:00:34,BRANCH,COMPLAINT,RESOLVED,MEDIUM,14.36
6823,4183,CRM00000006823,2026-01-12 16:04:31,PHONE,COMPLAINT,OPEN,LOW,
6824,4183,CRM00000006824,2026-04-03 21:17:21,PHONE,RETENTION,RESOLVED,MEDIUM,10.68
6825,4183,CRM00000006825,2026-02-03 20:06:50,PHONE,RETENTION,RESOLVED,HIGH,6.11
6826,4184,CRM00000006826,2025-10-12 19:20:46,RM_VISIT,PRODUCT_INQUIRY,ESCALATED,MEDIUM,
6827,4184,CRM00000006827,2025-12-05 09:08:53,PHONE,COMPLAINT,IN_PROGRESS,MEDIUM,
6828,4185,CRM00000006828,2026-08-26 13:42:32,BRANCH,RETENTION,RESOLVED,MEDIUM,5.03
6829,4186,CRM00000006829,2026-02-20 08:19:50,PHONE,DISPUTE,RESOLVED,HIGH,11.94
6830,4187,CRM00000006830,2025-09-21 08:26:26,BRANCH,COMPLAINT,RESOLVED,MEDIUM,15.04
6831,4187,CRM00000006831,2026-04-26 22:12:23,PHONE,PRODUCT_INQUIRY,RESOLVED,MEDIUM,4.99
6832,4187,CRM00000006832,2026-01-17 07:39:34,EMAIL,COMPLAINT,RESOLVED,MEDIUM,37.42
6833,4187,CRM00000006833,2025-08-29 16:36:07,EMAIL,PRODUCT_INQUIRY,RESOLVED,MEDIUM,14.87
6834,4187,CRM00000006834,2026-03-19 04:30:53,EMAIL,COMPLAINT,RESOLVED,MEDIUM,9.5
6835,4188,CRM00000006835,2026-04-20 23:55:50,PHONE,ONBOARDING,OPEN,LOW,
6836,4188,CRM00000006836,2026-05-04 23:48:55,EMAIL,PRODUCT_INQUIRY,RESOLVED,MEDIUM,11.54
6837,4189,CRM00000006837,2026-03-04 02:26:21,PHONE,COMPLAINT,IN_PROGRESS,HIGH,
6838,4189,CRM00000006838,2026-06-23 08:01:22,CHAT,COMPLAINT,RESOLVED,MEDIUM,7.2
6839,4189,CRM00000006839,2026-01-01 12:09:24,EMAIL,ADVISORY,IN_PROGRESS,HIGH,
6840,4189,CRM00000006840,2025-09-28 07:08:36,BRANCH,DISPUTE,RESOLVED,HIGH,6.34
6841,4191,CRM00000006841,2026-08-18 03:05:18,PHONE,DISPUTE,RESOLVED,HIGH,21.24
6842,4191,CRM00000006842,2025-12-21 04:37:04,PHONE,ONBOARDING,RESOLVED,MEDIUM,12.69
6843,4192,CRM00000006843,2025-11-10 20:30:09,PHONE,RETENTION,ESCALATED,MEDIUM,
6844,4192,CRM00000006844,2026-04-04 10:48:23,PHONE,RETENTION,OPEN,HIGH,
6845,4192,CRM00000006845,2025-12-21 08:01:23,EMAIL,RETENTION,OPEN,MEDIUM,
6846,4192,CRM00000006846,2026-08-23 12:18:41,CHAT,RETENTION,RESOLVED,MEDIUM,4.42
6847,4193,CRM00000006847,2025-09-11 15:24:42,PHONE,PRODUCT_INQUIRY,RESOLVED,MEDIUM,12.11
6848,4195,CRM00000006848,2025-11-12 07:02:58,EMAIL,COMPLAINT,RESOLVED,URGENT,36.55
6849,4195,CRM00000006849,2026-05-02 12:16:18,PHONE,PRODUCT_INQUIRY,RESOLVED,MEDIUM,30.97
6850,4196,CRM00000006850,2026-06-21 11:31:01,CHAT,ONBOARDING,RESOLVED,HIGH,23.51
6851,4196,CRM00000006851,2025-12-19 04:01:19,EMAIL,ADVISORY,RESOLVED,LOW,8.86
6852,4197,CRM00000006852,2026-06-11 11:10:10,CHAT,ONBOARDING,RESOLVED,MEDIUM,18.88
6853,4197,CRM00000006853,2026-01-19 06:26:22,EMAIL,ONBOARDING,RESOLVED,MEDIUM,4.19
6854,4197,CRM00000006854,2026-02-20 21:54:11,PHONE,ADVISORY,RESOLVED,LOW,5.91
6855,4197,CRM00000006855,2025-09-21 17:38:50,EMAIL,COMPLAINT,ESCALATED,MEDIUM,
6856,4197,CRM00000006856,2026-02-11 17:10:13,PHONE,PRODUCT_INQUIRY,IN_PROGRESS,MEDIUM,
6857,4197,CRM00000006857,2026-07-23 08:38:50,PHONE,RETENTION,RESOLVED,URGENT,29.91
6858,4200,CRM00000006858,2026-08-27 05:33:50,BRANCH,PRODUCT_INQUIRY,RESOLVED,MEDIUM,7.91
6859,4200,CRM00000006859,2026-05-29 15:26:38,EMAIL,DISPUTE,IN_PROGRESS,MEDIUM,
6860,4201,CRM00000006860,2025-09-16 01:04:37,PHONE,COMPLAINT,IN_PROGRESS,LOW,
6861,4201,CRM00000006861,2026-03-02 22:17:45,EMAIL,DISPUTE,RESOLVED,LOW,12.03
6862,4203,CRM00000006862,2026-08-25 06:24:14,CHAT,ADVISORY,RESOLVED,LOW,11.19
6863,4203,CRM00000006863,2026-07-10 22:53:27,PHONE,COMPLAINT,ESCALATED,HIGH,
6864,4204,CRM00000006864,2026-06-11 16:42:27,CHAT,DISPUTE,RESOLVED,LOW,5.61
6865,4205,CRM00000006865,2025-12-19 08:51:59,PHONE,COMPLAINT,RESOLVED,MEDIUM,4.19
6866,4205,CRM00000006866,2026-05-19 17:04:40,PHONE,RETENTION,ESCALATED,LOW,
6867,4205,CRM00000006867,2026-08-19 01:14:02,PHONE,RETENTION,RESOLVED,MEDIUM,14.45
6868,4206,CRM00000006868,2026-05-09 06:01:32,PHONE,COMPLAINT,RESOLVED,MEDIUM,15.93
6869,4206,CRM00000006869,2025-11-25 12:31:07,PHONE,PRODUCT_INQUIRY,RESOLVED,HIGH,2.52
6870,4206,CRM00000006870,2025-10-13 09:37:21,CHAT,PRODUCT_INQUIRY,RESOLVED,LOW,14.31
6871,4206,CRM00000006871,2026-04-14 12:48:52,CHAT,RETENTION,IN_PROGRESS,LOW,
6872,4207,CRM00000006872,2025-11-10 05:54:59,PHONE,PRODUCT_INQUIRY,RESOLVED,MEDIUM,15.12
6873,4207,CRM00000006873,2026-06-05 15:33:22,BRANCH,ADVISORY,RESOLVED,HIGH,5.04
6874,4207,CRM00000006874,2025-11-01 06:17:59,EMAIL,ADVISORY,RESOLVED,URGENT,4.5
6875,4208,CRM00000006875,2026-03-26 04:44:16,CHAT,ONBOARDING,RESOLVED,LOW,24.0
6876,4208,CRM00000006876,2026-07-09 03:58:38,PHONE,PRODUCT_INQUIRY,IN_PROGRESS,MEDIUM,
6877,4208,CRM00000006877,2025-10-18 22:17:37,CHAT,ONBOARDING,IN_PROGRESS,MEDIUM,
6878,4210,CRM00000006878,2025-12-27 00:42:17,CHAT,PRODUCT_INQUIRY,RESOLVED,MEDIUM,10.25
6879,4211,CRM00000006879,2025-11-24 22:59:20,EMAIL,COMPLAINT,OPEN,HIGH,
6880,4211,CRM00000006880,2026-02-11 11:47:54,EMAIL,RETENTION,RESOLVED,HIGH,9.64
6881,4212,CRM00000006881,2026-05-01 05:04:47,PHONE,ADVISORY,RESOLVED,HIGH,15.64
6882,4213,CRM00000006882,2025-12-18 21:17:57,BRANCH,PRODUCT_INQUIRY,IN_PROGRESS,MEDIUM,
6883,4213,CRM00000006883,2026-07-31 01:18:15,PHONE,COMPLAINT,RESOLVED,MEDIUM,24.55
6884,4214,CRM00000006884,2025-10-17 18:53:27,RM_VISIT,COMPLAINT,RESOLVED,LOW,14.11
6885,4214,CRM00000006885,2025-10-15 22:15:21,EMAIL,ADVISORY,RESOLVED,MEDIUM,14.75
6886,4215,CRM00000006886,2025-11-29 04:31:55,PHONE,ADVISORY,OPEN,MEDIUM,
6887,4216,CRM00000006887,2026-05-27 20:49:20,PHONE,RETENTION,IN_PROGRESS,MEDIUM,
6888,4216,CRM00000006888,2025-11-01 15:09:06,BRANCH,PRODUCT_INQUIRY,IN_PROGRESS,LOW,
6889,4216,CRM00000006889,2026-02-11 11:48:30,PHONE,DISPUTE,IN_PROGRESS,MEDIUM,
6890,4218,CRM00000006890,2025-12-24 10:47:23,RM_VISIT,DISPUTE,RESOLVED,MEDIUM,30.64
6891,4220,CRM00000006891,2025-09-13 17:55:42,PHONE,ADVISORY,IN_PROGRESS,MEDIUM,
6892,4220,CRM00000006892,2025-11-25 21:40:59,EMAIL,COMPLAINT,OPEN,HIGH,
6893,4220,CRM00000006893,2026-01-23 11:09:12,EMAIL,COMPLAINT,RESOLVED,LOW,0.77
6894,4220,CRM00000006894,2026-07-07 22:14:47,BRANCH,RETENTION,IN_PROGRESS,LOW,
6895,4222,CRM00000006895,2026-03-12 18:19:14,PHONE,DISPUTE,RESOLVED,HIGH,10.98
6896,4222,CRM00000006896,2026-05-19 11:22:32,CHAT,RETENTION,RESOLVED,HIGH,22.06
6897,4222,CRM00000006897,2026-06-20 00:47:13,EMAIL,DISPUTE,RESOLVED,LOW,8.02
6898,4223,CRM00000006898,2026-08-27 00:49:31,RM_VISIT,RETENTION,RESOLVED,LOW,14.47
6899,4223,CRM00000006899,2026-08-23 23:04:54,CHAT,PRODUCT_INQUIRY,RESOLVED,HIGH,6.53
6900,4224,CRM00000006900,2026-01-13 02:38:09,PHONE,ONBOARDING,OPEN,MEDIUM,
6901,4227,CRM00000006901,2026-04-18 20:20:09,EMAIL,ONBOARDING,OPEN,HIGH,
6902,4228,CRM00000006902,2026-07-27 13:38:40,CHAT,ONBOARDING,RESOLVED,MEDIUM,30.2
6903,4231,CRM00000006903,2025-09-10 06:16:51,RM_VISIT,RETENTION,RESOLVED,MEDIUM,8.72
6904,4233,CRM00000006904,2026-01-25 12:14:38,PHONE,RETENTION,RESOLVED,MEDIUM,4.73
6905,4234,CRM00000006905,2025-09-29 18:15:29,EMAIL,PRODUCT_INQUIRY,RESOLVED,LOW,3.29
6906,4235,CRM00000006906,2025-11-04 16:37:23,EMAIL,DISPUTE,RESOLVED,LOW,5.67
6907,4235,CRM00000006907,2025-11-14 22:47:16,PHONE,PRODUCT_INQUIRY,RESOLVED,LOW,34.59
6908,4235,CRM00000006908,2026-05-08 15:38:33,CHAT,COMPLAINT,RESOLVED,MEDIUM,2.39
6909,4235,CRM00000006909,2025-09-28 05:49:55,PHONE,COMPLAINT,RESOLVED,HIGH,5.0
6910,4235,CRM00000006910,2026-06-11 03:57:22,CHAT,RETENTION,RESOLVED,LOW,9.25
6911,4235,CRM00000006911,2025-10-20 21:15:51,EMAIL,ADVISORY,IN_PROGRESS,HIGH,
6912,4236,CRM00000006912,2026-04-13 02:59:08,PHONE,ONBOARDING,OPEN,MEDIUM,
6913,4239,CRM00000006913,2026-08-07 10:06:42,BRANCH,PRODUCT_INQUIRY,IN_PROGRESS,LOW,
6914,4240,CRM00000006914,2026-08-12 21:15:35,PHONE,RETENTION,RESOLVED,MEDIUM,9.94
6915,4240,CRM00000006915,2026-02-15 01:03:57,PHONE,RETENTION,RESOLVED,HIGH,22.3
6916,4241,CRM00000006916,2025-09-03 12:28:13,PHONE,RETENTION,ESCALATED,MEDIUM,
6917,4241,CRM00000006917,2025-11-24 01:55:08,CHAT,PRODUCT_INQUIRY,RESOLVED,URGENT,21.34
6918,4241,CRM00000006918,2026-07-14 20:03:30,PHONE,DISPUTE,RESOLVED,LOW,13.39
6919,4242,CRM00000006919,2026-02-21 08:14:01,CHAT,ADVISORY,RESOLVED,LOW,14.22
6920,4243,CRM00000006920,2026-01-21 01:50:08,CHAT,COMPLAINT,IN_PROGRESS,MEDIUM,
6921,4244,CRM00000006921,2025-12-30 21:20:13,PHONE,COMPLAINT,RESOLVED,LOW,17.49
6922,4245,CRM00000006922,2026-03-21 07:46:23,EMAIL,COMPLAINT,RESOLVED,MEDIUM,14.68
6923,4245,CRM00000006923,2026-03-29 16:34:51,PHONE,ADVISORY,RESOLVED,HIGH,6.92
6924,4245,CRM00000006924,2026-05-12 01:42:21,PHONE,RETENTION,RESOLVED,HIGH,10.31
6925,4246,CRM00000006925,2025-10-07 17:45:36,EMAIL,COMPLAINT,RESOLVED,HIGH,9.94
6926,4248,CRM00000006926,2025-10-29 01:41:34,BRANCH,ADVISORY,OPEN,URGENT,
6927,4248,CRM00000006927,2026-06-19 19:27:45,EMAIL,PRODUCT_INQUIRY,RESOLVED,MEDIUM,8.67
6928,4249,CRM00000006928,2026-02-14 06:53:29,EMAIL,RETENTION,OPEN,HIGH,
6929,4249,CRM00000006929,2025-11-04 16:26:31,EMAIL,ADVISORY,RESOLVED,URGENT,4.41
6930,4250,CRM00000006930,2026-06-09 14:47:53,BRANCH,ADVISORY,ESCALATED,HIGH,
6931,4251,CRM00000006931,2025-10-11 14:04:43,PHONE,ONBOARDING,RESOLVED,LOW,16.07
6932,4251,CRM00000006932,2025-12-19 13:31:58,PHONE,RETENTION,RESOLVED,LOW,19.57
6933,4251,CRM00000006933,2025-11-07 15:56:54,EMAIL,RETENTION,RESOLVED,MEDIUM,8.02
6934,4252,CRM00000006934,2026-02-26 11:23:14,PHONE,ONBOARDING,IN_PROGRESS,LOW,
6935,4252,CRM00000006935,2026-07-19 16:45:41,CHAT,PRODUCT_INQUIRY,RESOLVED,LOW,19.4
6936,4253,CRM00000006936,2026-05-16 11:06:28,BRANCH,ADVISORY,ESCALATED,LOW,
6937,4254,CRM00000006937,2025-10-06 15:28:57,PHONE,DISPUTE,RESOLVED,MEDIUM,13.85
6938,4254,CRM00000006938,2025-09-02 13:05:34,PHONE,ONBOARDING,RESOLVED,MEDIUM,15.09
6939,4256,CRM00000006939,2025-12-18 16:48:13,CHAT,PRODUCT_INQUIRY,RESOLVED,MEDIUM,25.53
6940,4257,CRM00000006940,2025-11-30 23:25:14,EMAIL,ADVISORY,RESOLVED,LOW,4.93
6941,4257,CRM00000006941,2026-06-26 05:14:44,PHONE,PRODUCT_INQUIRY,RESOLVED,HIGH,22.15
6942,4257,CRM00000006942,2026-08-07 02:25:55,EMAIL,PRODUCT_INQUIRY,RESOLVED,LOW,5.62
6943,4257,CRM00000006943,2026-06-26 17:50:00,EMAIL,PRODUCT_INQUIRY,RESOLVED,MEDIUM,20.68
6944,4257,CRM00000006944,2025-10-06 18:56:54,PHONE,COMPLAINT,RESOLVED,HIGH,2.76
6945,4259,CRM00000006945,2026-03-23 11:53:16,EMAIL,COMPLAINT,IN_PROGRESS,LOW,
6946,4260,CRM00000006946,2026-08-25 19:27:21,PHONE,ONBOARDING,RESOLVED,HIGH,8.2
6947,4262,CRM00000006947,2025-11-12 23:27:30,PHONE,DISPUTE,RESOLVED,LOW,11.93
6948,4262,CRM00000006948,2026-01-10 21:38:00,CHAT,COMPLAINT,RESOLVED,MEDIUM,7.54
6949,4263,CRM00000006949,2025-11-24 01:43:25,EMAIL,PRODUCT_INQUIRY,RESOLVED,LOW,6.7
6950,4263,CRM00000006950,2025-10-03 14:57:25,PHONE,PRODUCT_INQUIRY,RESOLVED,MEDIUM,2.61
6951,4264,CRM00000006951,2025-12-30 17:15:43,PHONE,PRODUCT_INQUIRY,RESOLVED,URGENT,2.91
6952,4264,CRM00000006952,2025-10-17 07:44:10,BRANCH,ADVISORY,RESOLVED,HIGH,10.9
6953,4266,CRM00000006953,2025-11-20 20:37:07,EMAIL,COMPLAINT,RESOLVED,MEDIUM,5.54
6954,4267,CRM00000006954,2026-05-24 11:23:44,CHAT,ADVISORY,RESOLVED,MEDIUM,6.95
6955,4268,CRM00000006955,2026-08-07 16:47:37,PHONE,PRODUCT_INQUIRY,RESOLVED,MEDIUM,4.34
6956,4268,CRM00000006956,2026-08-19 21:52:29,PHONE,PRODUCT_INQUIRY,RESOLVED,LOW,18.94
6957,4268,CRM00000006957,2026-07-27 04:58:15,EMAIL,PRODUCT_INQUIRY,OPEN,HIGH,
6958,4270,CRM00000006958,2026-06-06 07:43:07,PHONE,ONBOARDING,RESOLVED,HIGH,12.45
6959,4270,CRM00000006959,2026-05-24 20:50:40,PHONE,RETENTION,IN_PROGRESS,HIGH,
6960,4271,CRM00000006960,2026-07-12 15:46:48,PHONE,DISPUTE,RESOLVED,LOW,17.03
6961,4271,CRM00000006961,2026-02-16 21:36:58,PHONE,PRODUCT_INQUIRY,IN_PROGRESS,HIGH,
6962,4271,CRM00000006962,2025-12-23 03:48:26,PHONE,DISPUTE,RESOLVED,MEDIUM,6.46
6963,4272,CRM00000006963,2026-07-28 01:47:18,PHONE,COMPLAINT,RESOLVED,LOW,26.52
6964,4274,CRM00000006964,2026-01-29 09:36:08,PHONE,DISPUTE,RESOLVED,MEDIUM,9.56
6965,4275,CRM00000006965,2025-11-09 00:29:13,EMAIL,ADVISORY,OPEN,LOW,
6966,4275,CRM00000006966,2026-03-09 19:49:33,BRANCH,ADVISORY,RESOLVED,HIGH,22.45
6967,4275,CRM00000006967,2026-02-22 13:29:04,CHAT,DISPUTE,RESOLVED,MEDIUM,17.03
6968,4276,CRM00000006968,2026-01-07 13:12:34,PHONE,DISPUTE,RESOLVED,LOW,20.65
6969,4276,CRM00000006969,2026-04-07 00:38:39,BRANCH,DISPUTE,IN_PROGRESS,MEDIUM,
6970,4276,CRM00000006970,2026-03-20 11:04:55,PHONE,PRODUCT_INQUIRY,RESOLVED,LOW,15.46
6971,4277,CRM00000006971,2026-01-22 11:28:00,BRANCH,COMPLAINT,RESOLVED,MEDIUM,50.76
6972,4277,CRM00000006972,2026-07-03 16:03:45,CHAT,ADVISORY,RESOLVED,HIGH,31.49
6973,4278,CRM00000006973,2026-02-13 01:25:31,CHAT,PRODUCT_INQUIRY,OPEN,MEDIUM,
6974,4278,CRM00000006974,2025-12-07 15:25:35,PHONE,ADVISORY,RESOLVED,MEDIUM,10.64
6975,4280,CRM00000006975,2025-10-10 12:30:10,PHONE,RETENTION,RESOLVED,LOW,4.95
6976,4280,CRM00000006976,2026-04-14 22:42:43,PHONE,DISPUTE,IN_PROGRESS,MEDIUM,
6977,4280,CRM00000006977,2026-02-06 05:21:43,CHAT,RETENTION,RESOLVED,MEDIUM,15.23
6978,4281,CRM00000006978,2026-07-28 08:04:20,BRANCH,COMPLAINT,RESOLVED,MEDIUM,25.19
6979,4281,CRM00000006979,2025-09-30 21:32:16,EMAIL,ADVISORY,OPEN,MEDIUM,
6980,4281,CRM00000006980,2026-07-20 14:56:19,PHONE,COMPLAINT,RESOLVED,MEDIUM,15.21
6981,4281,CRM00000006981,2026-04-14 03:10:49,CHAT,DISPUTE,ESCALATED,URGENT,
6982,4281,CRM00000006982,2026-01-26 14:38:27,PHONE,DISPUTE,RESOLVED,MEDIUM,8.78
6983,4281,CRM00000006983,2026-02-04 23:09:56,PHONE,DISPUTE,RESOLVED,HIGH,3.72
6984,4283,CRM00000006984,2026-02-25 14:34:02,PHONE,COMPLAINT,ESCALATED,HIGH,
6985,4283,CRM00000006985,2026-06-13 00:07:22,PHONE,COMPLAINT,RESOLVED,LOW,8.78
6986,4284,CRM00000006986,2026-08-23 12:04:13,CHAT,ADVISORY,RESOLVED,MEDIUM,4.21
6987,4286,CRM00000006987,2026-05-16 13:19:12,PHONE,PRODUCT_INQUIRY,RESOLVED,URGENT,20.23
6988,4286,CRM00000006988,2025-09-28 23:22:10,BRANCH,DISPUTE,IN_PROGRESS,HIGH,
6989,4288,CRM00000006989,2025-10-07 03:23:33,PHONE,COMPLAINT,IN_PROGRESS,HIGH,
6990,4290,CRM00000006990,2026-08-25 07:54:16,PHONE,RETENTION,RESOLVED,HIGH,10.23
6991,4291,CRM00000006991,2026-05-01 21:26:36,PHONE,ADVISORY,RESOLVED,HIGH,7.7
6992,4291,CRM00000006992,2026-02-25 12:01:57,EMAIL,ADVISORY,IN_PROGRESS,LOW,
6993,4292,CRM00000006993,2026-04-05 23:15:15,PHONE,COMPLAINT,RESOLVED,MEDIUM,32.88
6994,4292,CRM00000006994,2026-05-09 18:19:15,PHONE,ONBOARDING,IN_PROGRESS,MEDIUM,
6995,4292,CRM00000006995,2026-01-12 01:03:27,EMAIL,ADVISORY,RESOLVED,LOW,2.53
6996,4293,CRM00000006996,2026-05-28 03:50:28,BRANCH,ADVISORY,RESOLVED,LOW,16.98
6997,4293,CRM00000006997,2026-01-30 02:28:58,RM_VISIT,ADVISORY,IN_PROGRESS,MEDIUM,
6998,4295,CRM00000006998,2026-03-08 23:13:06,CHAT,PRODUCT_INQUIRY,RESOLVED,HIGH,34.98
6999,4296,CRM00000006999,2026-06-17 23:56:27,CHAT,COMPLAINT,RESOLVED,HIGH,11.64
7000,4296,CRM00000007000,2026-01-11 04:02:35,BRANCH,PRODUCT_INQUIRY,RESOLVED,LOW,14.49
7001,4296,CRM00000007001,2026-01-05 22:00:45,EMAIL,COMPLAINT,RESOLVED,MEDIUM,2.41
7002,4296,CRM00000007002,2026-08-26 00:19:57,PHONE,ONBOARDING,RESOLVED,MEDIUM,6.64
7003,4297,CRM00000007003,2026-04-10 12:31:05,BRANCH,PRODUCT_INQUIRY,RESOLVED,MEDIUM,4.45
7004,4297,CRM00000007004,2025-09-13 03:43:49,PHONE,COMPLAINT,IN_PROGRESS,URGENT,
7005,4297,CRM00000007005,2025-11-05 16:34:55,PHONE,RETENTION,RESOLVED,LOW,3.73
7006,4299,CRM00000007006,2025-11-21 06:52:27,PHONE,ONBOARDING,RESOLVED,LOW,4.41
7007,4299,CRM00000007007,2026-05-20 05:58:03,CHAT,RETENTION,RESOLVED,LOW,9.79
7008,4300,CRM00000007008,2026-03-21 22:18:56,CHAT,DISPUTE,RESOLVED,LOW,20.85
7009,4300,CRM00000007009,2025-09-25 09:01:46,PHONE,RETENTION,RESOLVED,MEDIUM,3.9
7010,4300,CRM00000007010,2025-12-26 01:26:32,PHONE,RETENTION,RESOLVED,LOW,1.89
7011,4301,CRM00000007011,2026-08-02 03:11:04,EMAIL,DISPUTE,RESOLVED,LOW,24.37
7012,4301,CRM00000007012,2025-12-29 23:00:01,PHONE,ADVISORY,RESOLVED,MEDIUM,24.78
7013,4301,CRM00000007013,2026-07-16 15:30:28,PHONE,ONBOARDING,IN_PROGRESS,MEDIUM,
7014,4302,CRM00000007014,2026-01-25 07:15:14,EMAIL,RETENTION,RESOLVED,MEDIUM,12.92
7015,4302,CRM00000007015,2026-06-29 17:55:00,PHONE,COMPLAINT,RESOLVED,HIGH,13.15
7016,4303,CRM00000007016,2025-10-01 16:24:59,EMAIL,COMPLAINT,RESOLVED,MEDIUM,7.4
7017,4305,CRM00000007017,2026-08-02 11:17:53,BRANCH,ONBOARDING,RESOLVED,LOW,0.91
7018,4305,CRM00000007018,2026-01-31 09:05:14,CHAT,RETENTION,RESOLVED,HIGH,16.74
7019,4306,CRM00000007019,2026-08-01 08:40:27,CHAT,RETENTION,RESOLVED,LOW,33.04
7020,4308,CRM00000007020,2026-03-09 21:33:24,PHONE,COMPLAINT,RESOLVED,MEDIUM,8.16
7021,4308,CRM00000007021,2025-12-01 08:47:19,BRANCH,RETENTION,RESOLVED,HIGH,28.45
7022,4309,CRM00000007022,2026-08-05 20:00:00,EMAIL,RETENTION,OPEN,MEDIUM,
7023,4309,CRM00000007023,2026-07-03 22:11:31,BRANCH,RETENTION,OPEN,MEDIUM,
7024,4310,CRM00000007024,2026-07-23 20:48:07,RM_VISIT,RETENTION,RESOLVED,MEDIUM,8.09
7025,4310,CRM00000007025,2026-05-16 18:33:44,EMAIL,DISPUTE,RESOLVED,LOW,20.43
7026,4310,CRM00000007026,2025-10-22 15:26:57,EMAIL,DISPUTE,RESOLVED,MEDIUM,12.84
7027,4310,CRM00000007027,2025-11-08 11:00:00,EMAIL,ADVISORY,RESOLVED,LOW,8.62
7028,4312,CRM00000007028,2025-09-12 01:38:20,EMAIL,PRODUCT_INQUIRY,RESOLVED,LOW,15.58
7029,4313,CRM00000007029,2025-09-01 19:20:05,BRANCH,DISPUTE,RESOLVED,MEDIUM,13.92
7030,4313,CRM00000007030,2026-07-14 05:47:48,EMAIL,ADVISORY,RESOLVED,MEDIUM,20.75
7031,4313,CRM00000007031,2026-02-27 11:22:50,PHONE,PRODUCT_INQUIRY,RESOLVED,MEDIUM,18.71
7032,4314,CRM00000007032,2026-07-10 12:30:53,RM_VISIT,COMPLAINT,RESOLVED,HIGH,29.66
7033,4315,CRM00000007033,2026-04-18 07:52:21,EMAIL,ADVISORY,RESOLVED,LOW,4.84
7034,4315,CRM00000007034,2026-04-22 21:39:25,EMAIL,COMPLAINT,RESOLVED,MEDIUM,19.62
7035,4315,CRM00000007035,2025-12-01 19:14:18,PHONE,ADVISORY,RESOLVED,LOW,12.5
7036,4316,CRM00000007036,2026-07-22 15:36:59,CHAT,ONBOARDING,RESOLVED,MEDIUM,2.71
7037,4316,CRM00000007037,2025-12-12 03:36:01,PHONE,PRODUCT_INQUIRY,IN_PROGRESS,LOW,
7038,4317,CRM00000007038,2025-08-30 18:49:25,BRANCH,COMPLAINT,RESOLVED,LOW,3.38
7039,4318,CRM00000007039,2026-03-06 19:09:28,EMAIL,ONBOARDING,RESOLVED,LOW,19.08
7040,4318,CRM00000007040,2026-07-09 04:14:55,PHONE,ONBOARDING,OPEN,LOW,
7041,4318,CRM00000007041,2026-02-07 08:04:39,RM_VISIT,ADVISORY,RESOLVED,HIGH,16.92
7042,4319,CRM00000007042,2026-04-11 19:38:22,CHAT,COMPLAINT,RESOLVED,LOW,21.03
7043,4320,CRM00000007043,2025-09-18 23:45:41,BRANCH,COMPLAINT,RESOLVED,HIGH,10.43
7044,4320,CRM00000007044,2026-01-18 16:21:06,PHONE,PRODUCT_INQUIRY,RESOLVED,MEDIUM,13.65
7045,4322,CRM00000007045,2025-09-20 23:55:15,PHONE,RETENTION,RESOLVED,LOW,9.32
7046,4322,CRM00000007046,2025-09-26 17:17:00,PHONE,DISPUTE,IN_PROGRESS,LOW,
7047,4322,CRM00000007047,2026-05-31 13:03:04,CHAT,PRODUCT_INQUIRY,RESOLVED,HIGH,12.5
7048,4324,CRM00000007048,2025-11-23 21:53:28,PHONE,RETENTION,RESOLVED,MEDIUM,3.13
7049,4324,CRM00000007049,2026-04-21 01:01:06,BRANCH,COMPLAINT,RESOLVED,HIGH,34.69
7050,4324,CRM00000007050,2026-01-31 01:57:41,BRANCH,ADVISORY,IN_PROGRESS,HIGH,
7051,4325,CRM00000007051,2026-02-16 23:54:50,EMAIL,ADVISORY,RESOLVED,MEDIUM,15.77
7052,4326,CRM00000007052,2026-05-24 18:55:05,RM_VISIT,DISPUTE,ESCALATED,MEDIUM,
7053,4327,CRM00000007053,2025-08-29 22:18:09,PHONE,PRODUCT_INQUIRY,RESOLVED,MEDIUM,15.99
7054,4327,CRM00000007054,2026-08-08 16:08:34,PHONE,COMPLAINT,OPEN,MEDIUM,
7055,4327,CRM00000007055,2025-12-14 20:05:20,EMAIL,ADVISORY,RESOLVED,LOW,8.31
7056,4327,CRM00000007056,2026-07-29 23:07:25,PHONE,ADVISORY,RESOLVED,LOW,8.13
7057,4328,CRM00000007057,2025-11-24 10:27:14,EMAIL,RETENTION,RESOLVED,MEDIUM,7.87
7058,4328,CRM00000007058,2026-02-08 01:33:59,CHAT,PRODUCT_INQUIRY,OPEN,MEDIUM,
7059,4330,CRM00000007059,2026-07-07 03:51:16,EMAIL,ADVISORY,RESOLVED,HIGH,18.74
7060,4330,CRM00000007060,2026-08-09 16:23:01,CHAT,RETENTION,ESCALATED,MEDIUM,
7061,4330,CRM00000007061,2025-09-27 07:30:18,PHONE,ADVISORY,OPEN,HIGH,
7062,4331,CRM00000007062,2026-02-25 19:31:50,BRANCH,COMPLAINT,RESOLVED,LOW,10.82
7063,4331,CRM00000007063,2026-02-07 01:37:56,PHONE,PRODUCT_INQUIRY,RESOLVED,MEDIUM,7.47
7064,4331,CRM00000007064,2026-01-03 12:14:28,CHAT,PRODUCT_INQUIRY,RESOLVED,HIGH,28.83
7065,4331,CRM00000007065,2026-01-04 21:00:48,PHONE,ADVISORY,RESOLVED,MEDIUM,8.32
7066,4331,CRM00000007066,2025-09-16 05:35:35,PHONE,ONBOARDING,IN_PROGRESS,HIGH,
7067,4333,CRM00000007067,2026-01-06 06:22:52,EMAIL,DISPUTE,RESOLVED,MEDIUM,29.89
7068,4333,CRM00000007068,2026-03-27 08:41:46,EMAIL,ADVISORY,RESOLVED,LOW,1.55
7069,4334,CRM00000007069,2026-08-18 14:44:50,BRANCH,ADVISORY,RESOLVED,MEDIUM,2.72
7070,4336,CRM00000007070,2026-02-14 10:11:54,BRANCH,ADVISORY,RESOLVED,LOW,3.32
7071,4336,CRM00000007071,2025-09-18 17:45:56,BRANCH,ONBOARDING,RESOLVED,HIGH,5.86
7072,4336,CRM00000007072,2026-02-26 16:19:38,BRANCH,PRODUCT_INQUIRY,RESOLVED,MEDIUM,6.29
7073,4336,CRM00000007073,2026-06-29 11:38:50,EMAIL,PRODUCT_INQUIRY,RESOLVED,HIGH,27.86
7074,4337,CRM00000007074,2026-01-23 06:31:25,CHAT,ADVISORY,RESOLVED,URGENT,5.31
7075,4337,CRM00000007075,2026-08-03 05:52:47,CHAT,ADVISORY,RESOLVED,MEDIUM,9.33
7076,4337,CRM00000007076,2025-11-23 22:33:07,BRANCH,DISPUTE,RESOLVED,MEDIUM,16.1
7077,4338,CRM00000007077,2025-10-22 21:53:55,EMAIL,PRODUCT_INQUIRY,RESOLVED,LOW,13.39
7078,4338,CRM00000007078,2026-08-26 20:48:39,CHAT,ONBOARDING,RESOLVED,URGENT,25.03
7079,4338,CRM00000007079,2026-01-23 23:39:02,CHAT,PRODUCT_INQUIRY,RESOLVED,MEDIUM,4.58
7080,4338,CRM00000007080,2026-03-04 12:45:22,EMAIL,COMPLAINT,RESOLVED,LOW,22.45
7081,4338,CRM00000007081,2026-03-14 15:35:08,EMAIL,COMPLAINT,RESOLVED,LOW,10.11
7082,4339,CRM00000007082,2026-02-07 18:15:28,EMAIL,ONBOARDING,RESOLVED,MEDIUM,4.81
7083,4339,CRM00000007083,2026-01-12 02:47:45,PHONE,ADVISORY,IN_PROGRESS,MEDIUM,
7084,4340,CRM00000007084,2025-09-07 01:58:17,PHONE,COMPLAINT,OPEN,HIGH,
7085,4345,CRM00000007085,2025-11-13 13:08:42,BRANCH,PRODUCT_INQUIRY,ESCALATED,MEDIUM,
7086,4345,CRM00000007086,2026-01-29 17:40:21,PHONE,RETENTION,IN_PROGRESS,MEDIUM,
7087,4345,CRM00000007087,2026-07-10 00:05:32,PHONE,RETENTION,RESOLVED,URGENT,9.34
7088,4345,CRM00000007088,2026-05-27 02:28:47,PHONE,RETENTION,RESOLVED,LOW,16.46
7089,4346,CRM00000007089,2025-12-14 17:57:08,EMAIL,DISPUTE,RESOLVED,MEDIUM,9.16
7090,4346,CRM00000007090,2025-11-07 09:08:11,PHONE,PRODUCT_INQUIRY,IN_PROGRESS,LOW,
7091,4346,CRM00000007091,2025-11-20 12:09:48,CHAT,ADVISORY,IN_PROGRESS,LOW,
7092,4349,CRM00000007092,2025-11-27 16:54:21,EMAIL,PRODUCT_INQUIRY,IN_PROGRESS,MEDIUM,
7093,4350,CRM00000007093,2025-09-25 16:51:36,EMAIL,RETENTION,RESOLVED,URGENT,1.7
7094,4350,CRM00000007094,2026-03-25 15:32:39,BRANCH,COMPLAINT,IN_PROGRESS,HIGH,
7095,4352,CRM00000007095,2026-02-26 22:26:57,RM_VISIT,COMPLAINT,RESOLVED,HIGH,9.16
7096,4352,CRM00000007096,2026-07-24 07:23:08,EMAIL,PRODUCT_INQUIRY,ESCALATED,LOW,
7097,4352,CRM00000007097,2026-07-08 23:32:28,PHONE,COMPLAINT,RESOLVED,LOW,26.43
7098,4352,CRM00000007098,2026-08-24 13:38:46,PHONE,COMPLAINT,RESOLVED,MEDIUM,5.83
7099,4353,CRM00000007099,2025-09-29 06:53:37,PHONE,RETENTION,IN_PROGRESS,HIGH,
7100,4353,CRM00000007100,2025-12-11 00:29:58,EMAIL,RETENTION,OPEN,LOW,
7101,4354,CRM00000007101,2026-03-06 14:59:19,PHONE,ADVISORY,RESOLVED,LOW,7.7
7102,4354,CRM00000007102,2026-04-14 07:21:33,PHONE,PRODUCT_INQUIRY,RESOLVED,MEDIUM,22.32
7103,4355,CRM00000007103,2025-09-26 22:15:21,EMAIL,RETENTION,RESOLVED,LOW,7.57
7104,4356,CRM00000007104,2026-06-09 01:09:26,EMAIL,RETENTION,OPEN,LOW,
7105,4356,CRM00000007105,2025-10-27 21:53:02,EMAIL,PRODUCT_INQUIRY,RESOLVED,LOW,7.05
7106,4356,CRM00000007106,2026-01-20 18:04:25,BRANCH,PRODUCT_INQUIRY,IN_PROGRESS,MEDIUM,
7107,4358,CRM00000007107,2025-11-13 08:16:38,CHAT,RETENTION,RESOLVED,MEDIUM,6.58
7108,4358,CRM00000007108,2026-05-15 01:49:35,PHONE,ONBOARDING,RESOLVED,HIGH,36.14
7109,4359,CRM00000007109,2026-01-29 01:44:00,PHONE,PRODUCT_INQUIRY,RESOLVED,HIGH,5.21
7110,4359,CRM00000007110,2025-12-28 03:23:47,BRANCH,PRODUCT_INQUIRY,OPEN,MEDIUM,
7111,4359,CRM00000007111,2026-06-07 15:53:04,CHAT,COMPLAINT,RESOLVED,LOW,4.62
7112,4360,CRM00000007112,2026-06-25 18:53:33,CHAT,COMPLAINT,ESCALATED,MEDIUM,
7113,4360,CRM00000007113,2025-09-13 13:43:16,CHAT,RETENTION,RESOLVED,MEDIUM,9.23
7114,4360,CRM00000007114,2026-05-17 23:46:10,BRANCH,RETENTION,ESCALATED,MEDIUM,
7115,4360,CRM00000007115,2026-02-25 08:05:55,PHONE,RETENTION,ESCALATED,LOW,
7116,4361,CRM00000007116,2026-02-02 10:19:26,PHONE,PRODUCT_INQUIRY,RESOLVED,HIGH,6.23
7117,4362,CRM00000007117,2026-03-27 21:16:14,EMAIL,PRODUCT_INQUIRY,IN_PROGRESS,LOW,
7118,4362,CRM00000007118,2026-05-30 16:02:42,PHONE,COMPLAINT,RESOLVED,HIGH,10.07
7119,4362,CRM00000007119,2025-11-06 14:44:52,BRANCH,ADVISORY,ESCALATED,HIGH,
7120,4363,CRM00000007120,2026-06-16 01:01:44,EMAIL,RETENTION,OPEN,MEDIUM,
7121,4363,CRM00000007121,2026-07-21 23:10:20,PHONE,RETENTION,OPEN,LOW,
7122,4364,CRM00000007122,2026-08-23 09:34:59,CHAT,RETENTION,RESOLVED,HIGH,4.38
7123,4365,CRM00000007123,2025-10-23 14:06:26,PHONE,ADVISORY,IN_PROGRESS,HIGH,
7124,4365,CRM00000007124,2026-02-15 08:28:39,RM_VISIT,RETENTION,IN_PROGRESS,MEDIUM,
7125,4365,CRM00000007125,2026-04-05 09:16:39,BRANCH,PRODUCT_INQUIRY,IN_PROGRESS,MEDIUM,
7126,4366,CRM00000007126,2025-12-01 16:22:14,BRANCH,ADVISORY,RESOLVED,MEDIUM,5.18
7127,4366,CRM00000007127,2025-11-21 09:35:21,EMAIL,COMPLAINT,IN_PROGRESS,MEDIUM,
7128,4366,CRM00000007128,2026-08-04 08:24:23,PHONE,PRODUCT_INQUIRY,RESOLVED,LOW,5.32
7129,4366,CRM00000007129,2026-02-13 15:12:53,EMAIL,RETENTION,RESOLVED,LOW,4.15
7130,4367,CRM00000007130,2025-09-20 10:54:06,PHONE,ADVISORY,RESOLVED,HIGH,2.09
7131,4368,CRM00000007131,2026-02-26 10:19:38,PHONE,ADVISORY,RESOLVED,MEDIUM,19.42
7132,4368,CRM00000007132,2025-12-31 22:42:47,EMAIL,COMPLAINT,RESOLVED,MEDIUM,9.1
7133,4369,CRM00000007133,2026-05-26 06:50:38,PHONE,PRODUCT_INQUIRY,IN_PROGRESS,URGENT,
7134,4369,CRM00000007134,2026-04-05 14:00:44,RM_VISIT,COMPLAINT,IN_PROGRESS,MEDIUM,
7135,4370,CRM00000007135,2026-01-02 01:22:35,PHONE,PRODUCT_INQUIRY,IN_PROGRESS,LOW,
7136,4370,CRM00000007136,2025-10-07 22:17:01,PHONE,ONBOARDING,RESOLVED,MEDIUM,4.61
7137,4371,CRM00000007137,2025-12-12 18:54:51,PHONE,PRODUCT_INQUIRY,RESOLVED,MEDIUM,9.47
7138,4372,CRM00000007138,2026-07-02 01:57:43,EMAIL,PRODUCT_INQUIRY,RESOLVED,LOW,12.74
7139,4372,CRM00000007139,2025-11-18 13:32:36,BRANCH,COMPLAINT,ESCALATED,LOW,
7140,4372,CRM00000007140,2025-10-11 08:12:49,CHAT,ADVISORY,ESCALATED,LOW,
7141,4372,CRM00000007141,2025-11-15 07:42:15,BRANCH,PRODUCT_INQUIRY,RESOLVED,HIGH,30.8
7142,4372,CRM00000007142,2026-05-17 13:07:32,PHONE,COMPLAINT,RESOLVED,LOW,3.43
7143,4372,CRM00000007143,2026-05-11 14:31:10,PHONE,PRODUCT_INQUIRY,OPEN,MEDIUM,
7144,4373,CRM00000007144,2025-11-01 01:54:45,EMAIL,PRODUCT_INQUIRY,IN_PROGRESS,URGENT,
7145,4374,CRM00000007145,2025-11-17 23:32:56,BRANCH,COMPLAINT,RESOLVED,LOW,3.05
7146,4375,CRM00000007146,2025-12-12 14:44:34,EMAIL,ADVISORY,RESOLVED,LOW,12.52
7147,4375,CRM00000007147,2026-06-11 20:31:40,CHAT,COMPLAINT,RESOLVED,MEDIUM,11.96
7148,4377,CRM00000007148,2026-03-19 12:51:52,BRANCH,ADVISORY,RESOLVED,HIGH,16.42
7149,4377,CRM00000007149,2026-03-09 09:32:20,EMAIL,ADVISORY,RESOLVED,LOW,35.88
7150,4377,CRM00000007150,2026-07-02 02:32:33,CHAT,ADVISORY,RESOLVED,HIGH,20.58
7151,4378,CRM00000007151,2026-01-25 17:07:38,PHONE,PRODUCT_INQUIRY,RESOLVED,MEDIUM,3.19
7152,4380,CRM00000007152,2025-11-21 23:00:52,PHONE,PRODUCT_INQUIRY,IN_PROGRESS,MEDIUM,
7153,4380,CRM00000007153,2025-10-10 12:57:51,CHAT,PRODUCT_INQUIRY,RESOLVED,MEDIUM,6.98
7154,4380,CRM00000007154,2026-04-30 20:08:00,PHONE,PRODUCT_INQUIRY,IN_PROGRESS,HIGH,
7155,4381,CRM00000007155,2025-11-08 19:34:41,EMAIL,ADVISORY,RESOLVED,MEDIUM,12.87
7156,4382,CRM00000007156,2025-10-26 18:06:08,CHAT,RETENTION,RESOLVED,MEDIUM,17.15
7157,4382,CRM00000007157,2025-09-26 04:34:19,PHONE,PRODUCT_INQUIRY,RESOLVED,URGENT,19.69
7158,4383,CRM00000007158,2025-12-13 01:44:50,BRANCH,RETENTION,IN_PROGRESS,LOW,
7159,4383,CRM00000007159,2026-08-24 15:27:51,PHONE,PRODUCT_INQUIRY,RESOLVED,HIGH,3.76
7160,4386,CRM00000007160,2025-11-25 06:46:35,BRANCH,PRODUCT_INQUIRY,IN_PROGRESS,MEDIUM,
7161,4388,CRM00000007161,2025-12-15 18:23:28,PHONE,COMPLAINT,RESOLVED,HIGH,1.69
7162,4388,CRM00000007162,2026-08-03 09:52:31,PHONE,RETENTION,IN_PROGRESS,LOW,
7163,4389,CRM00000007163,2026-03-29 13:20:56,CHAT,RETENTION,IN_PROGRESS,MEDIUM,
7164,4389,CRM00000007164,2025-12-15 19:15:56,EMAIL,ADVISORY,RESOLVED,MEDIUM,8.78
7165,4390,CRM00000007165,2025-09-30 19:06:03,BRANCH,PRODUCT_INQUIRY,RESOLVED,MEDIUM,4.54
7166,4390,CRM00000007166,2026-08-11 07:20:32,EMAIL,RETENTION,RESOLVED,MEDIUM,3.47
7167,4390,CRM00000007167,2025-12-03 21:29:47,EMAIL,PRODUCT_INQUIRY,RESOLVED,LOW,8.78
7168,4390,CRM00000007168,2026-06-26 13:37:03,PHONE,PRODUCT_INQUIRY,IN_PROGRESS,HIGH,
7169,4392,CRM00000007169,2025-12-20 07:40:49,EMAIL,ADVISORY,RESOLVED,HIGH,2.92
7170,4392,CRM00000007170,2026-05-31 14:51:18,BRANCH,ADVISORY,IN_PROGRESS,LOW,
7171,4393,CRM00000007171,2026-07-25 14:14:03,PHONE,PRODUCT_INQUIRY,IN_PROGRESS,LOW,
7172,4393,CRM00000007172,2026-05-18 13:12:22,EMAIL,COMPLAINT,OPEN,MEDIUM,
7173,4393,CRM00000007173,2026-07-29 17:56:09,EMAIL,DISPUTE,RESOLVED,LOW,16.15
7174,4393,CRM00000007174,2026-03-30 18:35:52,PHONE,ADVISORY,RESOLVED,LOW,8.07
7175,4394,CRM00000007175,2026-06-25 04:30:55,PHONE,RETENTION,RESOLVED,LOW,5.22
7176,4394,CRM00000007176,2026-07-06 02:35:12,PHONE,DISPUTE,RESOLVED,MEDIUM,17.62
7177,4395,CRM00000007177,2025-10-28 15:57:53,EMAIL,ADVISORY,RESOLVED,MEDIUM,14.16
7178,4395,CRM00000007178,2026-07-03 21:11:47,BRANCH,ONBOARDING,RESOLVED,LOW,19.56
7179,4396,CRM00000007179,2026-07-03 16:02:02,PHONE,COMPLAINT,RESOLVED,MEDIUM,2.9
7180,4398,CRM00000007180,2026-01-16 11:36:55,PHONE,COMPLAINT,OPEN,LOW,
7181,4398,CRM00000007181,2026-08-05 12:46:52,EMAIL,PRODUCT_INQUIRY,RESOLVED,LOW,1.91
7182,4400,CRM00000007182,2026-08-21 14:14:39,EMAIL,DISPUTE,RESOLVED,MEDIUM,6.77
7183,4400,CRM00000007183,2025-09-15 15:09:17,EMAIL,PRODUCT_INQUIRY,ESCALATED,MEDIUM,
7184,4400,CRM00000007184,2026-04-25 10:18:30,BRANCH,DISPUTE,RESOLVED,MEDIUM,12.39
7185,4401,CRM00000007185,2026-01-21 20:01:42,CHAT,DISPUTE,OPEN,HIGH,
7186,4402,CRM00000007186,2026-03-24 02:33:59,EMAIL,DISPUTE,RESOLVED,LOW,3.81
7187,4403,CRM00000007187,2026-03-25 07:38:54,CHAT,RETENTION,ESCALATED,MEDIUM,
7188,4403,CRM00000007188,2026-02-01 00:16:10,CHAT,COMPLAINT,RESOLVED,LOW,13.7
7189,4404,CRM00000007189,2026-03-19 18:46:16,PHONE,PRODUCT_INQUIRY,RESOLVED,URGENT,2.81
7190,4404,CRM00000007190,2025-12-02 10:54:41,PHONE,COMPLAINT,OPEN,MEDIUM,
7191,4404,CRM00000007191,2026-01-05 21:12:05,EMAIL,ADVISORY,IN_PROGRESS,LOW,
7192,4404,CRM00000007192,2026-02-18 16:36:10,PHONE,DISPUTE,OPEN,URGENT,
7193,4407,CRM00000007193,2025-10-20 19:11:13,PHONE,PRODUCT_INQUIRY,RESOLVED,MEDIUM,25.32
7194,4409,CRM00000007194,2026-05-21 12:47:15,PHONE,DISPUTE,IN_PROGRESS,LOW,
7195,4409,CRM00000007195,2025-12-26 04:00:21,BRANCH,PRODUCT_INQUIRY,RESOLVED,MEDIUM,3.99
7196,4410,CRM00000007196,2026-08-15 14:01:41,PHONE,ONBOARDING,RESOLVED,LOW,7.44
7197,4410,CRM00000007197,2026-01-30 20:15:39,EMAIL,ADVISORY,RESOLVED,MEDIUM,8.24
7198,4411,CRM00000007198,2025-11-04 06:56:58,PHONE,COMPLAINT,ESCALATED,HIGH,
7199,4411,CRM00000007199,2026-06-19 22:00:21,PHONE,PRODUCT_INQUIRY,RESOLVED,LOW,3.27
7200,4411,CRM00000007200,2025-12-05 05:18:20,PHONE,ONBOARDING,RESOLVED,MEDIUM,8.52
7201,4412,CRM00000007201,2026-07-15 08:26:31,PHONE,PRODUCT_INQUIRY,RESOLVED,URGENT,30.24
7202,4413,CRM00000007202,2025-09-16 23:14:29,BRANCH,COMPLAINT,RESOLVED,MEDIUM,1.86
7203,4415,CRM00000007203,2026-02-27 22:02:27,BRANCH,ADVISORY,RESOLVED,LOW,9.33
7204,4418,CRM00000007204,2025-11-20 06:12:01,PHONE,PRODUCT_INQUIRY,RESOLVED,MEDIUM,2.31
7205,4419,CRM00000007205,2025-09-22 00:05:42,EMAIL,RETENTION,OPEN,LOW,
7206,4419,CRM00000007206,2026-03-19 21:53:04,BRANCH,RETENTION,RESOLVED,MEDIUM,10.65
7207,4419,CRM00000007207,2026-06-28 21:47:01,PHONE,PRODUCT_INQUIRY,OPEN,HIGH,
7208,4421,CRM00000007208,2026-06-15 07:58:52,EMAIL,COMPLAINT,RESOLVED,LOW,26.49
7209,4421,CRM00000007209,2026-05-31 07:34:15,PHONE,RETENTION,ESCALATED,LOW,
7210,4421,CRM00000007210,2026-07-07 15:24:17,EMAIL,COMPLAINT,RESOLVED,MEDIUM,0.24
7211,4422,CRM00000007211,2026-01-30 00:08:26,EMAIL,COMPLAINT,RESOLVED,URGENT,12.2
7212,4422,CRM00000007212,2026-06-29 06:02:40,CHAT,PRODUCT_INQUIRY,RESOLVED,URGENT,6.32
7213,4423,CRM00000007213,2026-06-29 12:02:18,BRANCH,PRODUCT_INQUIRY,RESOLVED,HIGH,17.19
7214,4424,CRM00000007214,2025-09-16 00:39:09,PHONE,COMPLAINT,RESOLVED,LOW,3.77
7215,4424,CRM00000007215,2026-08-12 14:27:40,PHONE,PRODUCT_INQUIRY,OPEN,LOW,
7216,4424,CRM00000007216,2025-09-22 16:09:30,CHAT,COMPLAINT,RESOLVED,MEDIUM,29.46
7217,4425,CRM00000007217,2026-03-26 18:33:12,PHONE,PRODUCT_INQUIRY,RESOLVED,MEDIUM,5.33
7218,4425,CRM00000007218,2026-06-20 01:38:30,EMAIL,ADVISORY,RESOLVED,LOW,6.89
7219,4425,CRM00000007219,2026-06-12 10:56:24,PHONE,PRODUCT_INQUIRY,IN_PROGRESS,MEDIUM,
7220,4426,CRM00000007220,2026-05-30 17:54:33,BRANCH,PRODUCT_INQUIRY,RESOLVED,LOW,14.39
7221,4426,CRM00000007221,2026-01-23 14:12:22,PHONE,RETENTION,RESOLVED,HIGH,1.92
7222,4427,CRM00000007222,2025-10-17 23:04:24,EMAIL,PRODUCT_INQUIRY,OPEN,MEDIUM,
7223,4427,CRM00000007223,2026-01-08 22:22:56,EMAIL,ADVISORY,OPEN,LOW,
7224,4428,CRM00000007224,2025-09-11 08:09:53,PHONE,PRODUCT_INQUIRY,RESOLVED,HIGH,11.54
7225,4428,CRM00000007225,2026-07-15 09:08:12,EMAIL,PRODUCT_INQUIRY,ESCALATED,LOW,
7226,4428,CRM00000007226,2026-02-14 15:25:46,PHONE,RETENTION,RESOLVED,LOW,11.31
7227,4428,CRM00000007227,2025-10-28 14:59:23,BRANCH,PRODUCT_INQUIRY,RESOLVED,MEDIUM,4.33
7228,4429,CRM00000007228,2026-01-20 03:58:28,CHAT,COMPLAINT,RESOLVED,LOW,15.03
7229,4429,CRM00000007229,2026-07-25 14:46:30,EMAIL,DISPUTE,RESOLVED,MEDIUM,3.4
7230,4429,CRM00000007230,2026-01-15 00:34:48,PHONE,DISPUTE,OPEN,MEDIUM,
7231,4430,CRM00000007231,2025-09-11 17:08:15,PHONE,COMPLAINT,RESOLVED,HIGH,5.73
7232,4430,CRM00000007232,2026-04-01 07:53:13,EMAIL,ADVISORY,ESCALATED,HIGH,
7233,4432,CRM00000007233,2026-06-30 20:00:36,CHAT,DISPUTE,RESOLVED,MEDIUM,13.91
7234,4432,CRM00000007234,2026-03-27 18:45:32,PHONE,ADVISORY,RESOLVED,MEDIUM,4.1
7235,4433,CRM00000007235,2025-12-16 05:16:03,EMAIL,DISPUTE,RESOLVED,LOW,16.06
7236,4433,CRM00000007236,2025-10-30 15:22:37,PHONE,ADVISORY,ESCALATED,HIGH,
7237,4435,CRM00000007237,2026-04-25 13:19:49,RM_VISIT,ADVISORY,RESOLVED,LOW,16.66
7238,4435,CRM00000007238,2026-05-07 07:08:22,PHONE,PRODUCT_INQUIRY,ESCALATED,HIGH,
7239,4435,CRM00000007239,2026-05-04 07:44:05,PHONE,COMPLAINT,RESOLVED,LOW,7.27
7240,4437,CRM00000007240,2026-01-26 21:22:29,CHAT,COMPLAINT,RESOLVED,MEDIUM,4.64
7241,4437,CRM00000007241,2025-09-01 22:01:56,PHONE,ONBOARDING,RESOLVED,MEDIUM,13.98
7242,4438,CRM00000007242,2026-05-10 01:55:37,EMAIL,DISPUTE,RESOLVED,MEDIUM,2.99
7243,4438,CRM00000007243,2025-11-19 19:58:52,RM_VISIT,ADVISORY,IN_PROGRESS,MEDIUM,
7244,4439,CRM00000007244,2026-01-21 18:57:36,EMAIL,RETENTION,RESOLVED,HIGH,9.56
7245,4439,CRM00000007245,2026-05-15 21:50:34,EMAIL,ADVISORY,RESOLVED,HIGH,11.14
7246,4441,CRM00000007246,2026-01-25 17:01:25,EMAIL,DISPUTE,RESOLVED,HIGH,5.65
7247,4441,CRM00000007247,2026-01-27 00:37:05,EMAIL,PRODUCT_INQUIRY,RESOLVED,MEDIUM,1.11
7248,4442,CRM00000007248,2025-12-10 14:27:00,EMAIL,ADVISORY,IN_PROGRESS,LOW,
7249,4443,CRM00000007249,2026-04-12 22:26:48,PHONE,DISPUTE,IN_PROGRESS,LOW,
7250,4445,CRM00000007250,2026-07-05 04:53:16,RM_VISIT,ONBOARDING,RESOLVED,MEDIUM,4.75
7251,4445,CRM00000007251,2025-12-31 14:43:46,EMAIL,ADVISORY,RESOLVED,MEDIUM,0.71
7252,4446,CRM00000007252,2025-11-20 07:11:04,CHAT,RETENTION,RESOLVED,URGENT,11.69
7253,4446,CRM00000007253,2026-06-18 21:51:14,PHONE,ONBOARDING,RESOLVED,LOW,11.35
7254,4447,CRM00000007254,2026-02-09 08:11:27,PHONE,ONBOARDING,RESOLVED,MEDIUM,5.31
7255,4448,CRM00000007255,2026-06-02 00:54:57,EMAIL,PRODUCT_INQUIRY,RESOLVED,LOW,16.09
7256,4449,CRM00000007256,2025-11-07 23:10:59,PHONE,RETENTION,RESOLVED,LOW,15.83
7257,4450,CRM00000007257,2026-06-17 21:41:58,PHONE,ONBOARDING,IN_PROGRESS,HIGH,
7258,4450,CRM00000007258,2025-12-03 22:59:14,BRANCH,PRODUCT_INQUIRY,IN_PROGRESS,MEDIUM,
7259,4451,CRM00000007259,2026-05-21 13:25:48,EMAIL,RETENTION,RESOLVED,LOW,4.57
7260,4452,CRM00000007260,2026-05-21 11:39:27,PHONE,ADVISORY,RESOLVED,MEDIUM,8.22
7261,4453,CRM00000007261,2026-04-09 07:29:43,PHONE,RETENTION,RESOLVED,LOW,26.51
7262,4454,CRM00000007262,2026-04-20 23:20:44,EMAIL,RETENTION,RESOLVED,MEDIUM,23.47
7263,4454,CRM00000007263,2025-12-21 11:10:53,PHONE,RETENTION,RESOLVED,URGENT,7.54
7264,4454,CRM00000007264,2026-04-17 12:55:58,EMAIL,COMPLAINT,RESOLVED,MEDIUM,4.81
7265,4454,CRM00000007265,2026-07-22 22:06:17,PHONE,RETENTION,RESOLVED,MEDIUM,14.01
7266,4455,CRM00000007266,2025-12-24 22:42:49,EMAIL,PRODUCT_INQUIRY,RESOLVED,MEDIUM,7.57
7267,4455,CRM00000007267,2026-01-06 04:40:49,PHONE,COMPLAINT,RESOLVED,LOW,15.19
7268,4456,CRM00000007268,2026-03-01 22:25:35,BRANCH,PRODUCT_INQUIRY,RESOLVED,HIGH,4.02
7269,4457,CRM00000007269,2025-09-09 10:29:22,EMAIL,COMPLAINT,RESOLVED,MEDIUM,5.05
7270,4457,CRM00000007270,2026-01-20 03:10:04,BRANCH,RETENTION,RESOLVED,MEDIUM,27.3
7271,4458,CRM00000007271,2025-11-26 18:39:55,PHONE,PRODUCT_INQUIRY,RESOLVED,HIGH,8.06
7272,4458,CRM00000007272,2025-11-28 19:56:39,EMAIL,COMPLAINT,OPEN,LOW,
7273,4458,CRM00000007273,2026-03-26 10:49:24,BRANCH,ONBOARDING,IN_PROGRESS,MEDIUM,
7274,4459,CRM00000007274,2026-01-27 19:38:16,EMAIL,COMPLAINT,RESOLVED,URGENT,19.59
7275,4459,CRM00000007275,2025-11-11 13:46:08,RM_VISIT,ADVISORY,RESOLVED,MEDIUM,4.06
7276,4459,CRM00000007276,2026-07-02 00:26:56,PHONE,PRODUCT_INQUIRY,OPEN,LOW,
7277,4461,CRM00000007277,2025-09-04 09:18:43,CHAT,COMPLAINT,RESOLVED,HIGH,4.64
7278,4461,CRM00000007278,2025-11-05 20:31:13,CHAT,ONBOARDING,RESOLVED,HIGH,16.71
7279,4461,CRM00000007279,2026-08-16 15:35:01,PHONE,COMPLAINT,RESOLVED,HIGH,8.97
7280,4462,CRM00000007280,2025-09-23 03:12:11,CHAT,PRODUCT_INQUIRY,IN_PROGRESS,HIGH,
7281,4464,CRM00000007281,2025-12-03 07:03:36,PHONE,ADVISORY,RESOLVED,MEDIUM,10.76
7282,4466,CRM00000007282,2026-02-17 08:55:40,PHONE,PRODUCT_INQUIRY,RESOLVED,MEDIUM,17.88
7283,4468,CRM00000007283,2025-11-21 12:11:14,EMAIL,PRODUCT_INQUIRY,RESOLVED,MEDIUM,10.48
7284,4468,CRM00000007284,2025-11-21 03:53:05,PHONE,ONBOARDING,ESCALATED,LOW,
7285,4468,CRM00000007285,2026-05-15 10:39:54,CHAT,RETENTION,RESOLVED,LOW,18.48
7286,4469,CRM00000007286,2026-05-29 13:08:53,PHONE,ONBOARDING,RESOLVED,MEDIUM,23.46
7287,4470,CRM00000007287,2026-01-18 16:11:47,BRANCH,ADVISORY,OPEN,MEDIUM,
7288,4470,CRM00000007288,2026-05-29 12:04:17,PHONE,PRODUCT_INQUIRY,IN_PROGRESS,MEDIUM,
7289,4471,CRM00000007289,2025-09-27 10:28:41,EMAIL,PRODUCT_INQUIRY,RESOLVED,HIGH,29.94
7290,4472,CRM00000007290,2026-02-28 22:48:56,PHONE,ADVISORY,ESCALATED,HIGH,
7291,4472,CRM00000007291,2026-06-18 09:08:37,CHAT,ADVISORY,RESOLVED,LOW,11.86
7292,4472,CRM00000007292,2026-06-15 07:16:26,PHONE,ADVISORY,RESOLVED,HIGH,17.33
7293,4474,CRM00000007293,2026-06-17 20:58:45,BRANCH,PRODUCT_INQUIRY,OPEN,MEDIUM,
7294,4474,CRM00000007294,2025-10-22 14:14:41,EMAIL,ADVISORY,ESCALATED,MEDIUM,
7295,4475,CRM00000007295,2026-08-20 07:43:56,EMAIL,ONBOARDING,RESOLVED,LOW,9.99
7296,4475,CRM00000007296,2025-11-29 15:45:32,BRANCH,PRODUCT_INQUIRY,IN_PROGRESS,MEDIUM,
7297,4476,CRM00000007297,2025-11-18 17:40:30,EMAIL,RETENTION,RESOLVED,MEDIUM,3.76
7298,4476,CRM00000007298,2025-12-31 08:29:07,PHONE,COMPLAINT,RESOLVED,LOW,12.15
7299,4476,CRM00000007299,2025-11-16 11:20:02,EMAIL,RETENTION,RESOLVED,LOW,9.94
7300,4476,CRM00000007300,2026-01-21 00:35:47,BRANCH,COMPLAINT,RESOLVED,LOW,5.48
7301,4478,CRM00000007301,2025-10-30 11:49:10,BRANCH,ADVISORY,RESOLVED,LOW,1.11
7302,4479,CRM00000007302,2026-01-15 22:42:48,CHAT,COMPLAINT,IN_PROGRESS,LOW,
7303,4483,CRM00000007303,2026-04-14 18:04:38,EMAIL,PRODUCT_INQUIRY,IN_PROGRESS,MEDIUM,
7304,4484,CRM00000007304,2026-01-21 21:45:30,PHONE,COMPLAINT,RESOLVED,MEDIUM,5.76
7305,4484,CRM00000007305,2025-09-16 04:11:01,EMAIL,COMPLAINT,RESOLVED,MEDIUM,6.79
7306,4484,CRM00000007306,2026-02-09 18:59:07,RM_VISIT,ADVISORY,IN_PROGRESS,MEDIUM,
7307,4484,CRM00000007307,2026-07-05 05:11:32,PHONE,PRODUCT_INQUIRY,RESOLVED,HIGH,8.9
7308,4485,CRM00000007308,2025-12-17 19:50:21,PHONE,COMPLAINT,RESOLVED,MEDIUM,6.47
7309,4485,CRM00000007309,2026-06-14 12:57:56,CHAT,ONBOARDING,RESOLVED,HIGH,6.97
7310,4486,CRM00000007310,2025-12-25 04:39:50,EMAIL,PRODUCT_INQUIRY,RESOLVED,MEDIUM,16.15
7311,4486,CRM00000007311,2025-08-31 23:29:46,PHONE,COMPLAINT,IN_PROGRESS,MEDIUM,
7312,4487,CRM00000007312,2025-09-22 04:44:00,PHONE,ADVISORY,RESOLVED,LOW,3.41
7313,4488,CRM00000007313,2025-09-04 12:00:01,PHONE,ADVISORY,RESOLVED,LOW,3.75
7314,4488,CRM00000007314,2026-02-28 20:19:31,PHONE,PRODUCT_INQUIRY,OPEN,MEDIUM,
7315,4488,CRM00000007315,2025-10-17 11:23:09,BRANCH,DISPUTE,IN_PROGRESS,MEDIUM,
7316,4489,CRM00000007316,2025-11-19 02:49:33,EMAIL,PRODUCT_INQUIRY,RESOLVED,MEDIUM,6.89
7317,4490,CRM00000007317,2026-07-25 17:44:46,BRANCH,DISPUTE,RESOLVED,LOW,8.22
7318,4491,CRM00000007318,2025-12-15 07:10:38,CHAT,ADVISORY,RESOLVED,MEDIUM,5.61
7319,4492,CRM00000007319,2025-10-17 08:44:47,EMAIL,DISPUTE,RESOLVED,LOW,14.23
7320,4492,CRM00000007320,2026-02-18 21:35:06,PHONE,PRODUCT_INQUIRY,RESOLVED,MEDIUM,3.72
7321,4493,CRM00000007321,2025-10-24 03:01:32,PHONE,PRODUCT_INQUIRY,OPEN,MEDIUM,
7322,4494,CRM00000007322,2026-05-05 12:51:45,EMAIL,PRODUCT_INQUIRY,RESOLVED,MEDIUM,6.22
7323,4495,CRM00000007323,2026-07-08 16:15:24,EMAIL,ADVISORY,RESOLVED,HIGH,8.67
7324,4495,CRM00000007324,2026-02-02 20:01:17,BRANCH,DISPUTE,RESOLVED,LOW,3.25
7325,4496,CRM00000007325,2026-03-09 23:21:07,BRANCH,PRODUCT_INQUIRY,OPEN,LOW,
7326,4496,CRM00000007326,2026-07-08 12:52:00,EMAIL,COMPLAINT,IN_PROGRESS,HIGH,
7327,4497,CRM00000007327,2026-08-12 20:34:51,PHONE,PRODUCT_INQUIRY,IN_PROGRESS,MEDIUM,
7328,4500,CRM00000007328,2025-09-24 09:47:01,EMAIL,PRODUCT_INQUIRY,OPEN,LOW,
7329,4500,CRM00000007329,2026-07-23 05:56:59,EMAIL,COMPLAINT,ESCALATED,LOW,
7330,4501,CRM00000007330,2025-09-04 15:26:09,BRANCH,PRODUCT_INQUIRY,OPEN,MEDIUM,
7331,4501,CRM00000007331,2026-05-21 12:17:35,EMAIL,COMPLAINT,RESOLVED,MEDIUM,11.68
7332,4502,CRM00000007332,2025-12-23 22:29:04,CHAT,DISPUTE,RESOLVED,MEDIUM,23.5
7333,4502,CRM00000007333,2026-08-27 05:52:13,CHAT,RETENTION,RESOLVED,MEDIUM,11.07
7334,4503,CRM00000007334,2026-04-24 17:13:39,EMAIL,ADVISORY,IN_PROGRESS,MEDIUM,
7335,4504,CRM00000007335,2025-11-28 18:11:11,RM_VISIT,PRODUCT_INQUIRY,RESOLVED,MEDIUM,1.94
7336,4505,CRM00000007336,2026-02-07 06:57:01,PHONE,ADVISORY,RESOLVED,MEDIUM,13.73
7337,4507,CRM00000007337,2026-04-15 06:18:30,PHONE,COMPLAINT,RESOLVED,MEDIUM,9.87
7338,4509,CRM00000007338,2026-03-10 06:08:41,EMAIL,RETENTION,RESOLVED,LOW,10.71
7339,4509,CRM00000007339,2026-08-10 20:16:41,PHONE,RETENTION,RESOLVED,MEDIUM,13.49
7340,4510,CRM00000007340,2025-11-05 07:57:10,PHONE,ONBOARDING,RESOLVED,MEDIUM,5.9
7341,4510,CRM00000007341,2026-08-08 15:19:17,PHONE,DISPUTE,OPEN,HIGH,
7342,4512,CRM00000007342,2026-08-10 03:52:53,CHAT,ADVISORY,RESOLVED,MEDIUM,41.13
7343,4512,CRM00000007343,2026-06-08 22:23:05,EMAIL,RETENTION,RESOLVED,HIGH,15.75
7344,4513,CRM00000007344,2026-08-10 21:00:38,RM_VISIT,COMPLAINT,RESOLVED,MEDIUM,3.9
7345,4513,CRM00000007345,2026-07-10 18:38:09,EMAIL,PRODUCT_INQUIRY,RESOLVED,LOW,27.51
7346,4514,CRM00000007346,2026-07-27 12:32:06,PHONE,PRODUCT_INQUIRY,RESOLVED,LOW,7.37
7347,4514,CRM00000007347,2026-01-02 02:02:41,PHONE,COMPLAINT,RESOLVED,LOW,24.35
7348,4514,CRM00000007348,2026-04-29 04:17:22,EMAIL,PRODUCT_INQUIRY,IN_PROGRESS,HIGH,
7349,4518,CRM00000007349,2025-09-24 16:09:44,PHONE,COMPLAINT,OPEN,HIGH,
7350,4518,CRM00000007350,2026-02-05 19:35:17,PHONE,ONBOARDING,OPEN,MEDIUM,
7351,4519,CRM00000007351,2026-03-20 22:22:34,CHAT,ADVISORY,RESOLVED,LOW,6.92
7352,4520,CRM00000007352,2025-10-03 06:16:35,PHONE,ADVISORY,IN_PROGRESS,MEDIUM,
7353,4520,CRM00000007353,2026-02-27 12:38:41,PHONE,ADVISORY,RESOLVED,HIGH,10.2
7354,4521,CRM00000007354,2026-05-22 18:15:49,EMAIL,ONBOARDING,IN_PROGRESS,MEDIUM,
7355,4522,CRM00000007355,2026-05-13 18:40:29,EMAIL,DISPUTE,OPEN,MEDIUM,
7356,4522,CRM00000007356,2026-08-04 00:39:59,PHONE,ADVISORY,RESOLVED,MEDIUM,7.35
7357,4524,CRM00000007357,2026-05-27 15:54:35,PHONE,COMPLAINT,RESOLVED,MEDIUM,11.36
7358,4525,CRM00000007358,2026-05-24 15:21:36,EMAIL,ADVISORY,RESOLVED,MEDIUM,14.51
7359,4525,CRM00000007359,2026-02-27 07:10:17,EMAIL,COMPLAINT,RESOLVED,MEDIUM,9.33
7360,4525,CRM00000007360,2026-04-02 15:04:42,EMAIL,RETENTION,RESOLVED,LOW,4.08
7361,4527,CRM00000007361,2026-03-20 04:13:59,EMAIL,RETENTION,RESOLVED,HIGH,1.86
7362,4527,CRM00000007362,2026-01-03 04:51:29,EMAIL,ADVISORY,RESOLVED,URGENT,11.48
7363,4528,CRM00000007363,2026-05-11 08:05:50,BRANCH,RETENTION,RESOLVED,MEDIUM,9.19
7364,4528,CRM00000007364,2026-04-11 12:09:07,PHONE,RETENTION,RESOLVED,MEDIUM,8.82
7365,4528,CRM00000007365,2026-05-13 09:01:51,EMAIL,RETENTION,OPEN,MEDIUM,
7366,4528,CRM00000007366,2025-12-02 17:23:39,EMAIL,DISPUTE,RESOLVED,MEDIUM,25.63
7367,4528,CRM00000007367,2026-08-04 07:37:14,PHONE,RETENTION,RESOLVED,HIGH,6.5
7368,4528,CRM00000007368,2026-03-16 11:40:08,BRANCH,PRODUCT_INQUIRY,OPEN,MEDIUM,
7369,4529,CRM00000007369,2026-05-04 06:22:17,BRANCH,PRODUCT_INQUIRY,RESOLVED,MEDIUM,20.95
7370,4529,CRM00000007370,2025-08-27 23:09:49,EMAIL,ONBOARDING,RESOLVED,MEDIUM,4.67
7371,4530,CRM00000007371,2025-10-27 15:17:01,CHAT,PRODUCT_INQUIRY,IN_PROGRESS,LOW,
7372,4530,CRM00000007372,2025-12-09 07:55:39,PHONE,ADVISORY,RESOLVED,MEDIUM,0.46
7373,4532,CRM00000007373,2026-04-02 05:46:59,PHONE,PRODUCT_INQUIRY,RESOLVED,MEDIUM,15.91
7374,4533,CRM00000007374,2025-10-16 20:37:39,PHONE,RETENTION,IN_PROGRESS,LOW,
7375,4533,CRM00000007375,2026-02-27 23:41:54,BRANCH,RETENTION,RESOLVED,URGENT,27.65
7376,4535,CRM00000007376,2025-10-24 12:09:08,CHAT,ADVISORY,RESOLVED,LOW,11.57
7377,4535,CRM00000007377,2025-10-05 07:12:06,BRANCH,COMPLAINT,RESOLVED,HIGH,2.52
7378,4535,CRM00000007378,2026-05-13 21:06:39,PHONE,PRODUCT_INQUIRY,RESOLVED,MEDIUM,10.72
7379,4536,CRM00000007379,2025-10-24 18:32:29,RM_VISIT,COMPLAINT,RESOLVED,MEDIUM,4.49
7380,4536,CRM00000007380,2026-07-08 16:51:48,PHONE,ONBOARDING,ESCALATED,LOW,
7381,4539,CRM00000007381,2026-07-05 01:12:08,BRANCH,COMPLAINT,RESOLVED,MEDIUM,40.28
7382,4540,CRM00000007382,2026-03-20 15:46:23,PHONE,ADVISORY,OPEN,MEDIUM,
7383,4540,CRM00000007383,2026-04-19 17:16:18,EMAIL,COMPLAINT,RESOLVED,LOW,9.99
7384,4540,CRM00000007384,2026-08-22 08:31:44,BRANCH,ADVISORY,RESOLVED,LOW,31.09
7385,4541,CRM00000007385,2026-05-13 13:38:37,PHONE,COMPLAINT,RESOLVED,LOW,15.52
7386,4542,CRM00000007386,2025-12-12 14:26:39,BRANCH,ONBOARDING,RESOLVED,HIGH,9.59
7387,4542,CRM00000007387,2026-07-06 20:27:10,EMAIL,RETENTION,RESOLVED,URGENT,1.86
7388,4542,CRM00000007388,2026-04-28 06:30:06,PHONE,DISPUTE,RESOLVED,MEDIUM,11.39
7389,4544,CRM00000007389,2026-07-16 21:20:58,BRANCH,ONBOARDING,RESOLVED,LOW,0.63
7390,4544,CRM00000007390,2026-02-02 20:13:32,PHONE,RETENTION,RESOLVED,MEDIUM,9.78
7391,4545,CRM00000007391,2026-06-14 10:52:15,EMAIL,PRODUCT_INQUIRY,RESOLVED,LOW,6.42
7392,4545,CRM00000007392,2026-05-13 06:16:44,PHONE,ONBOARDING,RESOLVED,URGENT,17.85
7393,4545,CRM00000007393,2025-11-13 06:49:23,PHONE,DISPUTE,RESOLVED,HIGH,11.26
7394,4545,CRM00000007394,2026-02-26 17:10:01,PHONE,RETENTION,RESOLVED,LOW,2.18
7395,4546,CRM00000007395,2025-11-28 23:06:49,PHONE,ONBOARDING,RESOLVED,MEDIUM,14.48
7396,4546,CRM00000007396,2025-12-03 04:31:21,EMAIL,ADVISORY,RESOLVED,LOW,13.22
7397,4547,CRM00000007397,2025-11-20 18:16:50,PHONE,RETENTION,RESOLVED,MEDIUM,9.83
7398,4548,CRM00000007398,2026-01-05 20:11:55,EMAIL,PRODUCT_INQUIRY,RESOLVED,HIGH,11.89
7399,4548,CRM00000007399,2025-09-20 06:54:01,PHONE,COMPLAINT,IN_PROGRESS,MEDIUM,
7400,4549,CRM00000007400,2026-08-21 09:13:14,BRANCH,ONBOARDING,IN_PROGRESS,LOW,
7401,4549,CRM00000007401,2025-11-07 12:43:19,PHONE,DISPUTE,RESOLVED,URGENT,1.95
7402,4549,CRM00000007402,2026-07-09 18:54:55,CHAT,PRODUCT_INQUIRY,RESOLVED,MEDIUM,21.45
7403,4549,CRM00000007403,2026-08-15 11:19:44,CHAT,RETENTION,IN_PROGRESS,LOW,
7404,4549,CRM00000007404,2025-11-20 14:14:24,RM_VISIT,PRODUCT_INQUIRY,IN_PROGRESS,HIGH,
7405,4550,CRM00000007405,2026-01-08 12:57:53,EMAIL,COMPLAINT,RESOLVED,MEDIUM,14.79
7406,4550,CRM00000007406,2025-09-25 22:09:08,EMAIL,ADVISORY,RESOLVED,MEDIUM,27.75
7407,4551,CRM00000007407,2026-05-16 14:37:59,EMAIL,COMPLAINT,RESOLVED,MEDIUM,2.77
7408,4551,CRM00000007408,2026-03-15 22:16:50,EMAIL,PRODUCT_INQUIRY,RESOLVED,MEDIUM,1.71
7409,4551,CRM00000007409,2026-01-06 13:03:28,BRANCH,COMPLAINT,ESCALATED,MEDIUM,
7410,4552,CRM00000007410,2026-04-05 04:12:46,PHONE,RETENTION,RESOLVED,MEDIUM,15.08
7411,4552,CRM00000007411,2026-01-25 02:01:44,EMAIL,ADVISORY,OPEN,URGENT,
7412,4552,CRM00000007412,2026-07-12 22:18:59,BRANCH,COMPLAINT,RESOLVED,LOW,28.22
7413,4552,CRM00000007413,2025-10-22 04:31:30,BRANCH,RETENTION,RESOLVED,HIGH,9.49
7414,4553,CRM00000007414,2026-08-23 18:48:20,EMAIL,PRODUCT_INQUIRY,IN_PROGRESS,HIGH,
7415,4553,CRM00000007415,2026-08-01 16:25:26,PHONE,PRODUCT_INQUIRY,RESOLVED,MEDIUM,8.69
7416,4553,CRM00000007416,2026-01-21 17:41:13,PHONE,RETENTION,RESOLVED,HIGH,2.79
7417,4554,CRM00000007417,2026-04-22 22:08:56,PHONE,PRODUCT_INQUIRY,RESOLVED,MEDIUM,8.99
7418,4555,CRM00000007418,2025-09-28 08:33:09,PHONE,ADVISORY,RESOLVED,MEDIUM,11.86
7419,4556,CRM00000007419,2025-11-15 16:27:10,BRANCH,RETENTION,OPEN,HIGH,
7420,4557,CRM00000007420,2026-03-06 10:26:11,PHONE,ADVISORY,RESOLVED,MEDIUM,14.47
7421,4558,CRM00000007421,2026-01-19 16:47:04,EMAIL,ADVISORY,RESOLVED,HIGH,5.55
7422,4558,CRM00000007422,2026-05-14 10:56:15,PHONE,ADVISORY,RESOLVED,MEDIUM,3.79
7423,4558,CRM00000007423,2025-10-31 18:05:57,BRANCH,COMPLAINT,ESCALATED,MEDIUM,
7424,4559,CRM00000007424,2026-05-01 09:56:31,PHONE,RETENTION,IN_PROGRESS,HIGH,
7425,4560,CRM00000007425,2026-03-21 16:07:43,PHONE,DISPUTE,RESOLVED,MEDIUM,6.31
7426,4561,CRM00000007426,2025-11-11 13:44:30,PHONE,PRODUCT_INQUIRY,IN_PROGRESS,MEDIUM,
7427,4562,CRM00000007427,2025-12-18 18:55:05,PHONE,ADVISORY,RESOLVED,MEDIUM,7.3
7428,4563,CRM00000007428,2025-11-06 09:00:43,PHONE,PRODUCT_INQUIRY,RESOLVED,URGENT,15.53
7429,4563,CRM00000007429,2025-10-10 04:53:19,PHONE,PRODUCT_INQUIRY,RESOLVED,LOW,14.91
7430,4565,CRM00000007430,2026-04-09 13:43:29,CHAT,COMPLAINT,RESOLVED,HIGH,7.98
7431,4565,CRM00000007431,2025-11-24 15:12:38,PHONE,RETENTION,RESOLVED,LOW,2.41
7432,4565,CRM00000007432,2025-12-05 02:19:01,PHONE,DISPUTE,RESOLVED,MEDIUM,7.51
7433,4566,CRM00000007433,2026-08-12 15:57:25,PHONE,DISPUTE,RESOLVED,MEDIUM,18.24
7434,4566,CRM00000007434,2026-08-09 20:25:25,BRANCH,RETENTION,RESOLVED,MEDIUM,1.39
7435,4566,CRM00000007435,2025-11-01 08:52:59,EMAIL,ONBOARDING,RESOLVED,HIGH,7.36
7436,4566,CRM00000007436,2025-10-06 16:01:30,EMAIL,RETENTION,RESOLVED,MEDIUM,6.35
7437,4566,CRM00000007437,2025-11-09 03:19:11,EMAIL,ADVISORY,OPEN,HIGH,
7438,4567,CRM00000007438,2025-10-03 09:18:49,PHONE,RETENTION,RESOLVED,MEDIUM,15.8
7439,4568,CRM00000007439,2026-08-16 05:48:05,CHAT,COMPLAINT,RESOLVED,MEDIUM,20.25
7440,4568,CRM00000007440,2025-09-24 23:03:35,EMAIL,COMPLAINT,IN_PROGRESS,MEDIUM,
7441,4571,CRM00000007441,2026-07-15 16:21:22,PHONE,PRODUCT_INQUIRY,OPEN,HIGH,
7442,4572,CRM00000007442,2026-05-14 20:49:46,PHONE,DISPUTE,RESOLVED,LOW,1.81
7443,4572,CRM00000007443,2026-03-26 06:29:44,PHONE,ONBOARDING,RESOLVED,HIGH,14.27
7444,4573,CRM00000007444,2025-10-09 10:28:30,PHONE,ADVISORY,RESOLVED,LOW,12.31
7445,4573,CRM00000007445,2026-04-09 07:46:30,CHAT,PRODUCT_INQUIRY,RESOLVED,MEDIUM,0.61
7446,4575,CRM00000007446,2026-03-02 08:41:28,BRANCH,RETENTION,RESOLVED,HIGH,3.78
7447,4576,CRM00000007447,2025-11-27 06:49:00,PHONE,RETENTION,RESOLVED,HIGH,11.99
7448,4578,CRM00000007448,2026-04-21 14:49:01,CHAT,ADVISORY,ESCALATED,MEDIUM,
7449,4578,CRM00000007449,2026-02-28 04:20:38,PHONE,ADVISORY,OPEN,LOW,
7450,4579,CRM00000007450,2025-09-17 10:44:52,PHONE,PRODUCT_INQUIRY,RESOLVED,MEDIUM,6.86
7451,4580,CRM00000007451,2025-10-16 01:21:48,EMAIL,RETENTION,RESOLVED,HIGH,15.78
7452,4580,CRM00000007452,2026-06-25 05:29:12,PHONE,COMPLAINT,RESOLVED,LOW,7.19
7453,4581,CRM00000007453,2026-07-21 19:24:52,BRANCH,RETENTION,RESOLVED,MEDIUM,39.4
7454,4581,CRM00000007454,2025-10-14 05:42:29,EMAIL,DISPUTE,RESOLVED,MEDIUM,6.51
7455,4582,CRM00000007455,2026-02-19 11:59:55,BRANCH,PRODUCT_INQUIRY,ESCALATED,MEDIUM,
7456,4583,CRM00000007456,2025-09-03 07:01:04,BRANCH,RETENTION,OPEN,MEDIUM,
7457,4585,CRM00000007457,2026-08-06 06:22:43,PHONE,RETENTION,RESOLVED,URGENT,3.48
7458,4585,CRM00000007458,2026-01-23 00:51:42,RM_VISIT,DISPUTE,RESOLVED,MEDIUM,6.6
7459,4587,CRM00000007459,2026-01-14 17:40:03,PHONE,ADVISORY,IN_PROGRESS,MEDIUM,
7460,4589,CRM00000007460,2026-08-22 22:41:18,PHONE,RETENTION,ESCALATED,LOW,
7461,4589,CRM00000007461,2026-02-09 21:30:36,BRANCH,RETENTION,RESOLVED,HIGH,11.61
7462,4589,CRM00000007462,2025-10-01 22:44:28,EMAIL,RETENTION,IN_PROGRESS,HIGH,
7463,4589,CRM00000007463,2026-01-31 02:14:16,CHAT,ONBOARDING,ESCALATED,LOW,
7464,4589,CRM00000007464,2025-10-10 15:49:34,RM_VISIT,RETENTION,RESOLVED,MEDIUM,13.64
7465,4590,CRM00000007465,2026-01-10 06:21:50,EMAIL,COMPLAINT,RESOLVED,LOW,23.78
7466,4590,CRM00000007466,2025-10-21 14:10:09,EMAIL,PRODUCT_INQUIRY,RESOLVED,HIGH,5.08
7467,4590,CRM00000007467,2025-12-17 00:33:51,PHONE,COMPLAINT,RESOLVED,MEDIUM,9.88
7468,4590,CRM00000007468,2025-10-15 22:23:36,BRANCH,PRODUCT_INQUIRY,RESOLVED,MEDIUM,14.28
7469,4591,CRM00000007469,2026-08-10 22:46:46,PHONE,COMPLAINT,OPEN,MEDIUM,
7470,4591,CRM00000007470,2026-07-12 13:53:38,CHAT,COMPLAINT,RESOLVED,HIGH,3.94
7471,4593,CRM00000007471,2025-10-28 14:31:27,PHONE,RETENTION,RESOLVED,MEDIUM,7.7
7472,4593,CRM00000007472,2026-07-03 01:31:45,PHONE,RETENTION,OPEN,HIGH,
7473,4593,CRM00000007473,2026-06-16 08:05:19,PHONE,DISPUTE,RESOLVED,LOW,14.78
7474,4594,CRM00000007474,2026-01-12 10:45:25,EMAIL,ADVISORY,RESOLVED,MEDIUM,24.75
7475,4595,CRM00000007475,2026-04-22 13:45:04,BRANCH,PRODUCT_INQUIRY,RESOLVED,HIGH,2.69
7476,4595,CRM00000007476,2026-01-23 21:07:08,CHAT,ADVISORY,RESOLVED,HIGH,10.28
7477,4596,CRM00000007477,2026-08-27 00:48:42,PHONE,ADVISORY,RESOLVED,HIGH,11.66
7478,4596,CRM00000007478,2025-09-28 05:19:40,PHONE,ADVISORY,RESOLVED,MEDIUM,6.04
7479,4598,CRM00000007479,2026-05-25 05:14:23,EMAIL,DISPUTE,RESOLVED,LOW,2.68
7480,4598,CRM00000007480,2026-05-25 05:24:05,BRANCH,DISPUTE,OPEN,HIGH,
7481,4598,CRM00000007481,2025-11-09 05:20:06,EMAIL,DISPUTE,IN_PROGRESS,MEDIUM,
7482,4599,CRM00000007482,2026-04-14 10:02:40,PHONE,COMPLAINT,RESOLVED,LOW,13.4
7483,4600,CRM00000007483,2026-07-29 23:31:24,EMAIL,ONBOARDING,IN_PROGRESS,MEDIUM,
7484,4600,CRM00000007484,2026-04-17 12:00:32,PHONE,ADVISORY,OPEN,MEDIUM,
7485,4600,CRM00000007485,2026-08-27 02:22:41,PHONE,ONBOARDING,RESOLVED,HIGH,9.0
7486,4600,CRM00000007486,2026-06-08 21:09:28,EMAIL,ADVISORY,RESOLVED,HIGH,1.97
7487,4600,CRM00000007487,2026-02-18 00:02:11,EMAIL,COMPLAINT,RESOLVED,HIGH,6.7
7488,4601,CRM00000007488,2026-01-26 11:13:40,BRANCH,ADVISORY,RESOLVED,HIGH,12.23
7489,4604,CRM00000007489,2026-05-12 06:44:41,EMAIL,RETENTION,RESOLVED,LOW,13.85
7490,4604,CRM00000007490,2026-01-29 08:51:54,PHONE,RETENTION,RESOLVED,MEDIUM,11.05
7491,4604,CRM00000007491,2026-04-12 05:48:08,BRANCH,ONBOARDING,OPEN,MEDIUM,
7492,4605,CRM00000007492,2025-09-09 22:17:20,EMAIL,RETENTION,RESOLVED,HIGH,4.36
7493,4605,CRM00000007493,2026-06-18 14:06:16,BRANCH,DISPUTE,IN_PROGRESS,MEDIUM,
7494,4608,CRM00000007494,2026-01-21 20:26:00,PHONE,ONBOARDING,RESOLVED,HIGH,21.12
7495,4609,CRM00000007495,2026-05-14 23:49:49,CHAT,COMPLAINT,ESCALATED,LOW,
7496,4609,CRM00000007496,2026-01-06 02:58:29,EMAIL,PRODUCT_INQUIRY,RESOLVED,HIGH,12.87
7497,4609,CRM00000007497,2025-12-11 16:29:27,CHAT,ADVISORY,IN_PROGRESS,MEDIUM,
7498,4610,CRM00000007498,2026-02-04 13:12:35,PHONE,ONBOARDING,RESOLVED,URGENT,16.26
7499,4612,CRM00000007499,2026-07-10 14:20:01,BRANCH,COMPLAINT,RESOLVED,MEDIUM,5.54
7500,4613,CRM00000007500,2026-04-11 23:51:01,RM_VISIT,RETENTION,ESCALATED,MEDIUM,
7501,4613,CRM00000007501,2026-08-19 18:43:33,PHONE,DISPUTE,OPEN,MEDIUM,
7502,4614,CRM00000007502,2026-01-07 11:41:48,BRANCH,COMPLAINT,RESOLVED,MEDIUM,32.34
7503,4614,CRM00000007503,2026-06-11 11:41:40,BRANCH,ADVISORY,RESOLVED,LOW,10.17
7504,4615,CRM00000007504,2025-10-12 09:04:41,PHONE,PRODUCT_INQUIRY,IN_PROGRESS,LOW,
7505,4615,CRM00000007505,2026-08-19 19:55:00,PHONE,PRODUCT_INQUIRY,RESOLVED,URGENT,7.86
7506,4616,CRM00000007506,2026-05-24 17:30:51,PHONE,PRODUCT_INQUIRY,RESOLVED,MEDIUM,11.16
7507,4616,CRM00000007507,2026-07-15 01:03:23,PHONE,ADVISORY,RESOLVED,HIGH,15.1
7508,4616,CRM00000007508,2026-08-12 20:29:42,BRANCH,DISPUTE,RESOLVED,LOW,10.65
7509,4616,CRM00000007509,2026-04-02 23:14:36,CHAT,PRODUCT_INQUIRY,ESCALATED,LOW,
7510,4616,CRM00000007510,2026-04-02 22:42:52,PHONE,PRODUCT_INQUIRY,RESOLVED,MEDIUM,10.16
7511,4617,CRM00000007511,2025-10-19 20:11:07,EMAIL,PRODUCT_INQUIRY,RESOLVED,MEDIUM,7.93
7512,4617,CRM00000007512,2026-03-17 12:29:06,PHONE,PRODUCT_INQUIRY,RESOLVED,MEDIUM,15.23
7513,4617,CRM00000007513,2026-05-02 12:08:38,EMAIL,DISPUTE,RESOLVED,MEDIUM,13.87
7514,4617,CRM00000007514,2025-08-27 14:23:43,PHONE,PRODUCT_INQUIRY,RESOLVED,HIGH,35.45
7515,4617,CRM00000007515,2026-03-13 09:30:29,RM_VISIT,ONBOARDING,IN_PROGRESS,MEDIUM,
7516,4617,CRM00000007516,2026-05-09 02:47:49,PHONE,ONBOARDING,RESOLVED,HIGH,19.78
7517,4619,CRM00000007517,2025-11-03 01:46:01,PHONE,ADVISORY,RESOLVED,MEDIUM,16.31
7518,4619,CRM00000007518,2026-03-31 22:49:06,PHONE,COMPLAINT,RESOLVED,LOW,5.07
7519,4619,CRM00000007519,2025-12-05 18:38:25,PHONE,COMPLAINT,RESOLVED,LOW,23.31
7520,4620,CRM00000007520,2025-12-10 14:45:19,CHAT,ADVISORY,OPEN,HIGH,
7521,4621,CRM00000007521,2026-08-20 09:33:59,PHONE,DISPUTE,IN_PROGRESS,MEDIUM,
7522,4622,CRM00000007522,2026-03-21 10:41:56,PHONE,PRODUCT_INQUIRY,RESOLVED,URGENT,13.19
7523,4623,CRM00000007523,2026-01-03 11:41:15,CHAT,COMPLAINT,IN_PROGRESS,HIGH,
7524,4623,CRM00000007524,2025-10-15 00:00:39,PHONE,RETENTION,RESOLVED,URGENT,3.72
7525,4624,CRM00000007525,2026-08-21 19:47:35,EMAIL,DISPUTE,RESOLVED,HIGH,10.59
7526,4625,CRM00000007526,2025-11-15 17:25:29,BRANCH,ONBOARDING,RESOLVED,MEDIUM,8.98
7527,4625,CRM00000007527,2026-08-08 13:28:16,PHONE,ONBOARDING,RESOLVED,MEDIUM,18.36
7528,4625,CRM00000007528,2025-11-24 12:03:46,PHONE,COMPLAINT,ESCALATED,MEDIUM,
7529,4625,CRM00000007529,2026-03-24 13:16:03,EMAIL,ADVISORY,IN_PROGRESS,LOW,
7530,4627,CRM00000007530,2026-06-24 05:18:18,PHONE,DISPUTE,RESOLVED,MEDIUM,2.04
7531,4628,CRM00000007531,2025-09-28 04:26:06,EMAIL,PRODUCT_INQUIRY,ESCALATED,HIGH,
7532,4629,CRM00000007532,2025-09-28 01:42:04,PHONE,ADVISORY,RESOLVED,LOW,9.24
7533,4629,CRM00000007533,2025-11-19 19:49:39,BRANCH,COMPLAINT,OPEN,MEDIUM,
7534,4630,CRM00000007534,2026-03-02 03:55:02,EMAIL,COMPLAINT,RESOLVED,MEDIUM,8.32
7535,4630,CRM00000007535,2026-03-21 12:06:56,PHONE,COMPLAINT,RESOLVED,MEDIUM,9.5
7536,4630,CRM00000007536,2025-11-26 18:03:20,EMAIL,PRODUCT_INQUIRY,OPEN,LOW,
7537,4631,CRM00000007537,2025-10-12 21:12:41,BRANCH,DISPUTE,IN_PROGRESS,LOW,
7538,4631,CRM00000007538,2026-04-01 16:28:07,PHONE,COMPLAINT,RESOLVED,MEDIUM,22.85
7539,4631,CRM00000007539,2025-11-16 17:54:24,EMAIL,ADVISORY,IN_PROGRESS,HIGH,
7540,4632,CRM00000007540,2026-02-21 01:18:21,CHAT,PRODUCT_INQUIRY,RESOLVED,MEDIUM,4.35
7541,4633,CRM00000007541,2025-12-19 08:51:53,EMAIL,PRODUCT_INQUIRY,RESOLVED,MEDIUM,7.14
7542,4633,CRM00000007542,2025-10-06 04:15:03,RM_VISIT,PRODUCT_INQUIRY,RESOLVED,URGENT,11.56
7543,4634,CRM00000007543,2026-03-22 00:41:12,EMAIL,PRODUCT_INQUIRY,RESOLVED,MEDIUM,18.03
7544,4636,CRM00000007544,2026-06-07 23:45:46,CHAT,PRODUCT_INQUIRY,IN_PROGRESS,MEDIUM,
7545,4636,CRM00000007545,2026-01-25 14:53:46,EMAIL,PRODUCT_INQUIRY,RESOLVED,HIGH,1.9
7546,4636,CRM00000007546,2026-05-19 02:09:33,CHAT,RETENTION,RESOLVED,URGENT,5.11
7547,4636,CRM00000007547,2026-05-04 19:54:04,BRANCH,COMPLAINT,IN_PROGRESS,MEDIUM,
7548,4637,CRM00000007548,2026-02-17 13:37:29,PHONE,PRODUCT_INQUIRY,RESOLVED,MEDIUM,10.23
7549,4638,CRM00000007549,2025-09-08 04:30:09,EMAIL,RETENTION,RESOLVED,HIGH,13.26
7550,4638,CRM00000007550,2025-10-23 16:26:30,BRANCH,ONBOARDING,IN_PROGRESS,HIGH,
7551,4638,CRM00000007551,2026-05-22 19:01:43,PHONE,RETENTION,RESOLVED,LOW,3.35
7552,4639,CRM00000007552,2025-10-18 06:39:26,BRANCH,COMPLAINT,RESOLVED,MEDIUM,5.34
7553,4639,CRM00000007553,2026-05-29 05:54:23,BRANCH,PRODUCT_INQUIRY,RESOLVED,LOW,12.03
7554,4641,CRM00000007554,2026-03-03 03:04:04,PHONE,ONBOARDING,IN_PROGRESS,MEDIUM,
7555,4642,CRM00000007555,2025-09-13 13:53:09,BRANCH,RETENTION,RESOLVED,URGENT,1.47
7556,4642,CRM00000007556,2026-05-10 08:39:55,EMAIL,ADVISORY,RESOLVED,HIGH,21.58
7557,4642,CRM00000007557,2026-02-01 01:26:14,PHONE,ADVISORY,RESOLVED,URGENT,11.69
7558,4643,CRM00000007558,2025-12-07 05:12:45,RM_VISIT,ADVISORY,RESOLVED,HIGH,31.09
7559,4643,CRM00000007559,2025-12-19 00:56:44,PHONE,PRODUCT_INQUIRY,RESOLVED,MEDIUM,4.93
7560,4644,CRM00000007560,2026-05-15 18:56:36,BRANCH,PRODUCT_INQUIRY,RESOLVED,URGENT,30.77
7561,4647,CRM00000007561,2025-08-30 12:16:43,EMAIL,PRODUCT_INQUIRY,RESOLVED,HIGH,8.38
7562,4647,CRM00000007562,2026-03-17 06:52:21,BRANCH,ADVISORY,RESOLVED,URGENT,9.64
7563,4648,CRM00000007563,2026-01-16 04:57:05,EMAIL,PRODUCT_INQUIRY,RESOLVED,MEDIUM,3.26
7564,4648,CRM00000007564,2026-03-31 04:15:48,EMAIL,PRODUCT_INQUIRY,IN_PROGRESS,MEDIUM,
7565,4648,CRM00000007565,2025-11-24 04:54:07,EMAIL,PRODUCT_INQUIRY,RESOLVED,HIGH,25.33
7566,4649,CRM00000007566,2026-08-10 06:09:02,PHONE,PRODUCT_INQUIRY,RESOLVED,LOW,18.74
7567,4649,CRM00000007567,2025-09-27 20:46:53,EMAIL,RETENTION,RESOLVED,MEDIUM,7.41
7568,4649,CRM00000007568,2026-02-20 04:14:22,EMAIL,COMPLAINT,IN_PROGRESS,HIGH,
7569,4650,CRM00000007569,2026-08-25 09:58:10,EMAIL,COMPLAINT,OPEN,HIGH,
7570,4651,CRM00000007570,2025-09-12 06:34:17,EMAIL,ADVISORY,IN_PROGRESS,LOW,
7571,4651,CRM00000007571,2026-08-14 13:22:34,PHONE,COMPLAINT,RESOLVED,MEDIUM,15.2
7572,4652,CRM00000007572,2026-01-30 01:19:54,BRANCH,COMPLAINT,RESOLVED,LOW,7.41
7573,4652,CRM00000007573,2026-02-14 02:18:32,PHONE,COMPLAINT,IN_PROGRESS,LOW,
7574,4653,CRM00000007574,2026-01-07 05:29:18,CHAT,PRODUCT_INQUIRY,RESOLVED,LOW,26.13
7575,4654,CRM00000007575,2026-01-10 11:41:18,PHONE,COMPLAINT,RESOLVED,HIGH,21.74
7576,4654,CRM00000007576,2026-06-28 05:37:32,BRANCH,ONBOARDING,RESOLVED,MEDIUM,12.67
7577,4654,CRM00000007577,2026-02-19 10:33:36,PHONE,COMPLAINT,RESOLVED,MEDIUM,12.48
7578,4655,CRM00000007578,2025-10-12 05:56:32,BRANCH,COMPLAINT,IN_PROGRESS,HIGH,
7579,4655,CRM00000007579,2026-07-24 08:21:58,CHAT,ADVISORY,RESOLVED,LOW,6.09
7580,4657,CRM00000007580,2025-12-18 22:15:54,BRANCH,RETENTION,OPEN,MEDIUM,
7581,4658,CRM00000007581,2026-03-20 08:41:13,EMAIL,ADVISORY,RESOLVED,MEDIUM,5.66
7582,4659,CRM00000007582,2026-02-20 12:59:09,PHONE,RETENTION,IN_PROGRESS,MEDIUM,
7583,4659,CRM00000007583,2025-09-06 16:43:59,EMAIL,PRODUCT_INQUIRY,RESOLVED,LOW,17.22
7584,4661,CRM00000007584,2026-05-15 19:03:00,PHONE,COMPLAINT,RESOLVED,LOW,21.0
7585,4661,CRM00000007585,2026-03-23 13:28:18,PHONE,RETENTION,RESOLVED,LOW,12.06
7586,4661,CRM00000007586,2025-11-18 12:41:21,RM_VISIT,RETENTION,RESOLVED,HIGH,14.97
7587,4664,CRM00000007587,2026-07-04 16:55:17,RM_VISIT,DISPUTE,RESOLVED,LOW,3.54
7588,4666,CRM00000007588,2026-04-12 00:32:08,PHONE,PRODUCT_INQUIRY,RESOLVED,HIGH,11.14
7589,4666,CRM00000007589,2026-07-26 14:52:47,PHONE,RETENTION,RESOLVED,MEDIUM,0.22
7590,4668,CRM00000007590,2025-11-12 17:37:39,PHONE,PRODUCT_INQUIRY,RESOLVED,LOW,21.14
7591,4670,CRM00000007591,2026-04-27 01:28:18,RM_VISIT,COMPLAINT,RESOLVED,HIGH,14.65
7592,4670,CRM00000007592,2026-03-12 07:50:18,PHONE,COMPLAINT,RESOLVED,LOW,4.88
7593,4671,CRM00000007593,2026-08-09 15:58:30,CHAT,COMPLAINT,RESOLVED,HIGH,4.46
7594,4673,CRM00000007594,2026-03-17 00:01:27,CHAT,PRODUCT_INQUIRY,RESOLVED,HIGH,4.54
7595,4673,CRM00000007595,2026-07-30 21:36:05,PHONE,PRODUCT_INQUIRY,OPEN,MEDIUM,
7596,4674,CRM00000007596,2026-04-05 17:21:35,BRANCH,PRODUCT_INQUIRY,RESOLVED,MEDIUM,6.61
7597,4674,CRM00000007597,2026-03-22 23:30:40,PHONE,PRODUCT_INQUIRY,RESOLVED,LOW,20.45
7598,4675,CRM00000007598,2025-12-19 15:52:53,PHONE,RETENTION,IN_PROGRESS,HIGH,
7599,4675,CRM00000007599,2026-05-25 15:58:59,EMAIL,RETENTION,OPEN,LOW,
7600,4675,CRM00000007600,2026-08-06 11:37:17,PHONE,ONBOARDING,RESOLVED,MEDIUM,7.84
7601,4676,CRM00000007601,2026-07-03 03:25:08,EMAIL,ADVISORY,IN_PROGRESS,HIGH,
7602,4676,CRM00000007602,2026-06-08 17:47:22,PHONE,RETENTION,RESOLVED,MEDIUM,7.69
7603,4676,CRM00000007603,2026-02-13 21:03:28,BRANCH,ADVISORY,RESOLVED,MEDIUM,30.38
7604,4676,CRM00000007604,2026-05-23 05:49:16,CHAT,ONBOARDING,RESOLVED,MEDIUM,2.64
7605,4678,CRM00000007605,2026-05-12 20:37:39,EMAIL,DISPUTE,IN_PROGRESS,HIGH,
7606,4678,CRM00000007606,2026-05-23 15:42:23,EMAIL,ONBOARDING,OPEN,HIGH,
7607,4679,CRM00000007607,2026-01-03 02:10:59,PHONE,ADVISORY,RESOLVED,LOW,5.62
7608,4679,CRM00000007608,2026-08-06 01:30:23,EMAIL,PRODUCT_INQUIRY,RESOLVED,HIGH,12.15
7609,4679,CRM00000007609,2025-10-04 00:57:28,PHONE,ADVISORY,RESOLVED,MEDIUM,14.79
7610,4679,CRM00000007610,2025-09-05 19:03:07,PHONE,COMPLAINT,ESCALATED,MEDIUM,
7611,4681,CRM00000007611,2026-06-23 04:26:28,EMAIL,PRODUCT_INQUIRY,RESOLVED,LOW,21.26
7612,4682,CRM00000007612,2025-11-10 13:51:48,EMAIL,RETENTION,IN_PROGRESS,MEDIUM,
7613,4682,CRM00000007613,2026-07-03 12:43:12,BRANCH,PRODUCT_INQUIRY,RESOLVED,MEDIUM,10.58
7614,4682,CRM00000007614,2026-02-26 12:56:24,EMAIL,RETENTION,RESOLVED,MEDIUM,5.35
7615,4683,CRM00000007615,2026-02-16 05:25:50,EMAIL,PRODUCT_INQUIRY,RESOLVED,HIGH,4.41
7616,4685,CRM00000007616,2026-07-27 04:15:09,BRANCH,COMPLAINT,OPEN,URGENT,
7617,4687,CRM00000007617,2026-06-28 10:20:21,EMAIL,COMPLAINT,RESOLVED,MEDIUM,3.75
7618,4687,CRM00000007618,2025-11-12 18:14:05,CHAT,COMPLAINT,IN_PROGRESS,LOW,
7619,4687,CRM00000007619,2026-04-09 05:56:16,PHONE,ADVISORY,RESOLVED,MEDIUM,10.22
7620,4688,CRM00000007620,2026-01-04 01:14:14,PHONE,COMPLAINT,RESOLVED,MEDIUM,5.63
7621,4688,CRM00000007621,2026-08-02 01:05:28,EMAIL,COMPLAINT,OPEN,MEDIUM,
7622,4689,CRM00000007622,2025-12-06 08:16:29,PHONE,ADVISORY,RESOLVED,LOW,22.08
7623,4689,CRM00000007623,2026-02-19 14:37:32,EMAIL,RETENTION,RESOLVED,HIGH,10.89
7624,4690,CRM00000007624,2025-12-09 18:03:04,PHONE,ONBOARDING,RESOLVED,LOW,6.03
7625,4690,CRM00000007625,2026-02-22 10:33:35,CHAT,RETENTION,IN_PROGRESS,LOW,
7626,4690,CRM00000007626,2026-06-11 13:07:47,EMAIL,ADVISORY,RESOLVED,HIGH,6.84
7627,4691,CRM00000007627,2026-07-26 12:54:20,PHONE,ONBOARDING,RESOLVED,LOW,4.5
7628,4693,CRM00000007628,2026-08-03 16:21:03,PHONE,PRODUCT_INQUIRY,RESOLVED,MEDIUM,19.26
7629,4693,CRM00000007629,2026-05-12 19:25:52,PHONE,ONBOARDING,RESOLVED,MEDIUM,15.97
7630,4693,CRM00000007630,2026-06-03 22:59:09,EMAIL,RETENTION,RESOLVED,LOW,14.05
7631,4694,CRM00000007631,2025-12-08 20:24:16,EMAIL,RETENTION,RESOLVED,MEDIUM,4.77
7632,4696,CRM00000007632,2026-05-30 05:24:08,CHAT,RETENTION,IN_PROGRESS,HIGH,
7633,4696,CRM00000007633,2025-12-11 12:33:27,CHAT,RETENTION,RESOLVED,MEDIUM,18.72
7634,4697,CRM00000007634,2026-04-25 01:02:12,PHONE,COMPLAINT,IN_PROGRESS,HIGH,
7635,4697,CRM00000007635,2025-10-28 00:54:57,PHONE,PRODUCT_INQUIRY,IN_PROGRESS,HIGH,
7636,4697,CRM00000007636,2025-11-25 05:32:05,CHAT,RETENTION,RESOLVED,HIGH,4.19
7637,4698,CRM00000007637,2025-10-13 18:00:07,EMAIL,PRODUCT_INQUIRY,RESOLVED,MEDIUM,6.96
7638,4699,CRM00000007638,2026-08-01 06:48:22,EMAIL,ADVISORY,RESOLVED,MEDIUM,3.59
7639,4700,CRM00000007639,2026-08-16 12:45:05,PHONE,COMPLAINT,RESOLVED,HIGH,12.53
7640,4701,CRM00000007640,2026-02-01 05:36:00,PHONE,PRODUCT_INQUIRY,RESOLVED,MEDIUM,11.25
7641,4701,CRM00000007641,2026-04-07 00:19:10,PHONE,RETENTION,RESOLVED,HIGH,3.12
7642,4701,CRM00000007642,2025-11-21 23:22:11,BRANCH,DISPUTE,RESOLVED,MEDIUM,12.97
7643,4702,CRM00000007643,2026-06-20 07:03:40,PHONE,RETENTION,IN_PROGRESS,MEDIUM,
7644,4702,CRM00000007644,2025-09-11 00:48:11,BRANCH,PRODUCT_INQUIRY,RESOLVED,LOW,23.37
7645,4702,CRM00000007645,2026-05-06 15:29:16,EMAIL,RETENTION,RESOLVED,HIGH,11.28
7646,4703,CRM00000007646,2025-12-08 04:05:28,BRANCH,ADVISORY,RESOLVED,LOW,7.52
7647,4704,CRM00000007647,2025-10-09 01:50:41,PHONE,PRODUCT_INQUIRY,RESOLVED,MEDIUM,8.86
7648,4704,CRM00000007648,2025-10-29 13:30:24,EMAIL,PRODUCT_INQUIRY,IN_PROGRESS,MEDIUM,
7649,4705,CRM00000007649,2026-07-23 21:34:55,CHAT,RETENTION,IN_PROGRESS,MEDIUM,
7650,4705,CRM00000007650,2025-10-17 14:57:05,PHONE,PRODUCT_INQUIRY,RESOLVED,LOW,19.51
7651,4705,CRM00000007651,2026-02-25 12:24:54,EMAIL,PRODUCT_INQUIRY,RESOLVED,HIGH,3.42
7652,4705,CRM00000007652,2026-05-10 06:17:00,CHAT,ONBOARDING,RESOLVED,MEDIUM,13.8
7653,4705,CRM00000007653,2025-10-10 16:07:47,EMAIL,ONBOARDING,IN_PROGRESS,HIGH,
7654,4706,CRM00000007654,2025-09-26 21:49:39,EMAIL,ONBOARDING,RESOLVED,LOW,5.87
7655,4707,CRM00000007655,2026-03-19 19:32:33,BRANCH,ONBOARDING,IN_PROGRESS,LOW,
7656,4708,CRM00000007656,2025-09-22 01:53:08,CHAT,PRODUCT_INQUIRY,RESOLVED,LOW,21.68
7657,4708,CRM00000007657,2026-07-22 18:35:27,CHAT,ADVISORY,RESOLVED,URGENT,16.97
7658,4709,CRM00000007658,2026-08-17 02:23:13,EMAIL,RETENTION,RESOLVED,LOW,16.41
7659,4709,CRM00000007659,2026-01-23 15:59:54,CHAT,RETENTION,IN_PROGRESS,HIGH,
7660,4710,CRM00000007660,2026-03-27 04:13:09,RM_VISIT,PRODUCT_INQUIRY,RESOLVED,LOW,3.89
7661,4712,CRM00000007661,2025-10-12 21:11:53,PHONE,COMPLAINT,RESOLVED,MEDIUM,2.28
7662,4712,CRM00000007662,2026-03-21 20:20:42,CHAT,ADVISORY,RESOLVED,MEDIUM,1.59
7663,4714,CRM00000007663,2025-11-05 13:30:22,RM_VISIT,PRODUCT_INQUIRY,IN_PROGRESS,LOW,
7664,4714,CRM00000007664,2026-04-24 19:04:06,PHONE,RETENTION,RESOLVED,HIGH,1.82
7665,4715,CRM00000007665,2026-07-09 20:02:16,BRANCH,DISPUTE,RESOLVED,HIGH,11.53
7666,4715,CRM00000007666,2025-09-11 10:42:21,PHONE,COMPLAINT,RESOLVED,HIGH,5.02
7667,4715,CRM00000007667,2026-04-28 04:52:05,EMAIL,RETENTION,IN_PROGRESS,LOW,
7668,4717,CRM00000007668,2026-02-23 02:12:37,CHAT,PRODUCT_INQUIRY,RESOLVED,MEDIUM,30.74
7669,4717,CRM00000007669,2026-05-10 06:41:36,EMAIL,PRODUCT_INQUIRY,RESOLVED,LOW,7.44
7670,4718,CRM00000007670,2025-11-07 01:52:45,CHAT,PRODUCT_INQUIRY,IN_PROGRESS,MEDIUM,
7671,4718,CRM00000007671,2026-03-28 02:27:36,CHAT,ADVISORY,RESOLVED,HIGH,22.02
7672,4719,CRM00000007672,2025-08-28 14:14:13,CHAT,RETENTION,RESOLVED,URGENT,1.22
7673,4720,CRM00000007673,2025-09-03 06:17:30,BRANCH,PRODUCT_INQUIRY,RESOLVED,MEDIUM,8.11
7674,4722,CRM00000007674,2026-06-27 15:27:23,PHONE,DISPUTE,RESOLVED,HIGH,16.2
7675,4722,CRM00000007675,2025-10-24 08:45:43,BRANCH,DISPUTE,RESOLVED,MEDIUM,10.62
7676,4723,CRM00000007676,2025-12-25 08:26:31,PHONE,ONBOARDING,IN_PROGRESS,MEDIUM,
7677,4723,CRM00000007677,2025-10-12 08:33:17,PHONE,RETENTION,RESOLVED,URGENT,7.71
7678,4723,CRM00000007678,2026-04-01 19:26:16,PHONE,DISPUTE,RESOLVED,HIGH,10.72
7679,4724,CRM00000007679,2026-07-23 13:47:30,PHONE,PRODUCT_INQUIRY,IN_PROGRESS,HIGH,
7680,4725,CRM00000007680,2026-02-13 02:34:11,BRANCH,PRODUCT_INQUIRY,IN_PROGRESS,LOW,
7681,4725,CRM00000007681,2026-02-12 16:25:00,EMAIL,PRODUCT_INQUIRY,RESOLVED,MEDIUM,4.2
7682,4725,CRM00000007682,2025-11-26 16:43:47,RM_VISIT,ADVISORY,RESOLVED,HIGH,3.72
7683,4727,CRM00000007683,2026-04-14 13:11:29,BRANCH,DISPUTE,RESOLVED,MEDIUM,6.58
7684,4728,CRM00000007684,2025-12-05 15:34:41,PHONE,ADVISORY,IN_PROGRESS,LOW,
7685,4731,CRM00000007685,2025-10-07 00:55:47,EMAIL,COMPLAINT,IN_PROGRESS,MEDIUM,
7686,4731,CRM00000007686,2026-05-06 20:26:12,PHONE,PRODUCT_INQUIRY,OPEN,MEDIUM,
7687,4731,CRM00000007687,2025-12-14 05:27:12,PHONE,PRODUCT_INQUIRY,RESOLVED,LOW,28.77
7688,4732,CRM00000007688,2026-03-19 18:09:10,EMAIL,COMPLAINT,OPEN,MEDIUM,
7689,4733,CRM00000007689,2026-06-09 15:37:15,BRANCH,ONBOARDING,RESOLVED,MEDIUM,7.59
7690,4734,CRM00000007690,2026-04-13 17:40:03,CHAT,DISPUTE,RESOLVED,MEDIUM,1.59
7691,4734,CRM00000007691,2026-06-22 15:12:37,RM_VISIT,ADVISORY,RESOLVED,LOW,6.79
7692,4734,CRM00000007692,2026-07-08 17:23:42,BRANCH,RETENTION,RESOLVED,LOW,7.1
7693,4735,CRM00000007693,2025-12-17 08:02:17,EMAIL,COMPLAINT,RESOLVED,MEDIUM,3.59
7694,4736,CRM00000007694,2025-12-04 13:11:31,EMAIL,RETENTION,IN_PROGRESS,MEDIUM,
7695,4737,CRM00000007695,2026-01-21 01:33:39,EMAIL,PRODUCT_INQUIRY,RESOLVED,MEDIUM,15.52
7696,4737,CRM00000007696,2026-04-07 10:07:04,PHONE,RETENTION,RESOLVED,MEDIUM,7.88
7697,4737,CRM00000007697,2025-12-28 02:40:06,PHONE,RETENTION,ESCALATED,MEDIUM,
7698,4737,CRM00000007698,2026-03-09 10:54:55,PHONE,RETENTION,RESOLVED,MEDIUM,31.18
7699,4737,CRM00000007699,2026-04-13 10:05:53,PHONE,COMPLAINT,RESOLVED,HIGH,41.08
7700,4738,CRM00000007700,2026-08-25 07:42:46,EMAIL,DISPUTE,RESOLVED,MEDIUM,20.77
7701,4738,CRM00000007701,2026-06-24 22:16:23,PHONE,ADVISORY,ESCALATED,HIGH,
7702,4738,CRM00000007702,2025-12-03 03:45:50,PHONE,ADVISORY,RESOLVED,MEDIUM,30.6
7703,4739,CRM00000007703,2025-09-28 14:17:30,EMAIL,PRODUCT_INQUIRY,RESOLVED,MEDIUM,8.42
7704,4739,CRM00000007704,2026-05-26 16:41:44,PHONE,COMPLAINT,RESOLVED,MEDIUM,6.25
7705,4741,CRM00000007705,2026-01-11 13:18:32,PHONE,PRODUCT_INQUIRY,RESOLVED,HIGH,32.18
7706,4742,CRM00000007706,2026-04-09 23:23:20,RM_VISIT,PRODUCT_INQUIRY,IN_PROGRESS,HIGH,
7707,4745,CRM00000007707,2025-10-25 00:34:25,CHAT,PRODUCT_INQUIRY,RESOLVED,HIGH,7.08
7708,4746,CRM00000007708,2026-02-09 07:19:19,EMAIL,PRODUCT_INQUIRY,OPEN,MEDIUM,
7709,4746,CRM00000007709,2025-12-09 06:54:42,PHONE,PRODUCT_INQUIRY,RESOLVED,LOW,25.14
7710,4747,CRM00000007710,2026-01-03 00:04:45,EMAIL,COMPLAINT,RESOLVED,LOW,7.37
7711,4747,CRM00000007711,2026-08-18 15:40:47,EMAIL,ONBOARDING,IN_PROGRESS,HIGH,
7712,4748,CRM00000007712,2026-01-13 02:28:53,EMAIL,RETENTION,OPEN,MEDIUM,
7713,4748,CRM00000007713,2026-08-23 18:33:49,EMAIL,ONBOARDING,RESOLVED,URGENT,9.76
7714,4749,CRM00000007714,2025-12-28 04:39:52,CHAT,DISPUTE,RESOLVED,MEDIUM,12.19
7715,4750,CRM00000007715,2026-01-04 11:00:19,PHONE,COMPLAINT,RESOLVED,MEDIUM,0.17
7716,4752,CRM00000007716,2026-01-31 16:38:09,BRANCH,ADVISORY,IN_PROGRESS,MEDIUM,
7717,4752,CRM00000007717,2025-09-23 01:21:16,EMAIL,PRODUCT_INQUIRY,OPEN,MEDIUM,
7718,4753,CRM00000007718,2026-06-24 12:12:53,EMAIL,RETENTION,RESOLVED,LOW,10.64
7719,4753,CRM00000007719,2026-05-18 18:40:33,BRANCH,RETENTION,RESOLVED,LOW,2.77
7720,4753,CRM00000007720,2025-10-14 08:12:05,EMAIL,PRODUCT_INQUIRY,RESOLVED,MEDIUM,5.55
7721,4754,CRM00000007721,2025-08-28 13:10:55,PHONE,PRODUCT_INQUIRY,RESOLVED,LOW,7.32
7722,4755,CRM00000007722,2025-12-22 20:29:24,EMAIL,RETENTION,ESCALATED,URGENT,
7723,4756,CRM00000007723,2026-07-22 01:23:57,PHONE,PRODUCT_INQUIRY,RESOLVED,LOW,1.8
7724,4756,CRM00000007724,2026-08-20 20:33:48,CHAT,ADVISORY,RESOLVED,MEDIUM,22.23
7725,4756,CRM00000007725,2025-09-28 00:36:36,CHAT,PRODUCT_INQUIRY,RESOLVED,MEDIUM,23.64
7726,4756,CRM00000007726,2025-10-14 02:52:38,EMAIL,COMPLAINT,IN_PROGRESS,LOW,
7727,4757,CRM00000007727,2026-08-08 16:37:40,BRANCH,PRODUCT_INQUIRY,RESOLVED,LOW,21.96
7728,4757,CRM00000007728,2026-04-20 06:43:20,PHONE,PRODUCT_INQUIRY,IN_PROGRESS,HIGH,
7729,4760,CRM00000007729,2026-02-21 04:39:15,BRANCH,PRODUCT_INQUIRY,ESCALATED,MEDIUM,
7730,4761,CRM00000007730,2026-06-01 16:39:39,PHONE,PRODUCT_INQUIRY,RESOLVED,MEDIUM,10.63
7731,4762,CRM00000007731,2025-09-06 03:29:39,CHAT,DISPUTE,RESOLVED,URGENT,7.71
7732,4764,CRM00000007732,2026-04-02 11:36:46,CHAT,PRODUCT_INQUIRY,OPEN,LOW,
7733,4765,CRM00000007733,2025-10-29 04:15:56,PHONE,ADVISORY,IN_PROGRESS,LOW,
7734,4765,CRM00000007734,2026-05-27 09:12:12,BRANCH,PRODUCT_INQUIRY,RESOLVED,LOW,17.23
7735,4766,CRM00000007735,2025-11-03 14:22:16,PHONE,ONBOARDING,RESOLVED,URGENT,9.88
7736,4766,CRM00000007736,2026-06-27 13:37:07,PHONE,DISPUTE,RESOLVED,HIGH,15.95
7737,4766,CRM00000007737,2026-02-15 02:36:05,CHAT,RETENTION,RESOLVED,LOW,0.76
7738,4766,CRM00000007738,2026-02-06 09:56:27,PHONE,ADVISORY,RESOLVED,MEDIUM,4.1
7739,4766,CRM00000007739,2025-11-04 11:10:30,RM_VISIT,ADVISORY,RESOLVED,URGENT,2.67
7740,4767,CRM00000007740,2026-05-23 15:50:28,PHONE,ADVISORY,RESOLVED,HIGH,13.71
7741,4767,CRM00000007741,2025-12-15 22:45:38,CHAT,RETENTION,RESOLVED,LOW,10.59
7742,4769,CRM00000007742,2025-12-15 10:27:16,BRANCH,RETENTION,RESOLVED,MEDIUM,6.68
7743,4770,CRM00000007743,2026-07-07 19:57:57,CHAT,ADVISORY,OPEN,URGENT,
7744,4770,CRM00000007744,2026-07-10 00:14:50,EMAIL,RETENTION,RESOLVED,MEDIUM,21.03
7745,4772,CRM00000007745,2026-05-28 14:11:41,PHONE,RETENTION,RESOLVED,LOW,8.2
7746,4772,CRM00000007746,2026-02-11 16:44:46,EMAIL,PRODUCT_INQUIRY,ESCALATED,HIGH,
7747,4773,CRM00000007747,2025-11-08 12:13:06,PHONE,ADVISORY,RESOLVED,MEDIUM,9.77
7748,4773,CRM00000007748,2026-03-13 05:41:08,EMAIL,ADVISORY,IN_PROGRESS,LOW,
7749,4773,CRM00000007749,2026-06-20 08:07:28,CHAT,ADVISORY,ESCALATED,LOW,
7750,4775,CRM00000007750,2026-06-20 21:16:57,PHONE,PRODUCT_INQUIRY,RESOLVED,LOW,3.67
7751,4775,CRM00000007751,2026-05-07 13:49:54,CHAT,RETENTION,IN_PROGRESS,MEDIUM,
7752,4776,CRM00000007752,2025-11-15 07:38:49,BRANCH,ONBOARDING,RESOLVED,LOW,27.4
7753,4777,CRM00000007753,2026-07-23 04:46:41,PHONE,RETENTION,RESOLVED,MEDIUM,6.27
7754,4778,CRM00000007754,2026-05-18 01:56:58,PHONE,DISPUTE,RESOLVED,HIGH,12.42
7755,4779,CRM00000007755,2026-03-22 11:16:26,PHONE,COMPLAINT,RESOLVED,MEDIUM,11.64
7756,4780,CRM00000007756,2026-05-16 08:35:12,EMAIL,RETENTION,RESOLVED,MEDIUM,12.42
7757,4780,CRM00000007757,2025-10-13 01:06:03,PHONE,RETENTION,RESOLVED,MEDIUM,6.71
7758,4780,CRM00000007758,2026-05-28 17:57:28,BRANCH,RETENTION,OPEN,HIGH,
7759,4780,CRM00000007759,2025-11-03 13:04:40,PHONE,RETENTION,OPEN,HIGH,
7760,4781,CRM00000007760,2025-12-29 20:19:26,PHONE,PRODUCT_INQUIRY,RESOLVED,LOW,21.4
7761,4783,CRM00000007761,2026-06-21 11:08:09,BRANCH,ADVISORY,OPEN,MEDIUM,
7762,4783,CRM00000007762,2025-10-19 00:48:00,PHONE,PRODUCT_INQUIRY,RESOLVED,HIGH,13.15
7763,4784,CRM00000007763,2026-05-01 02:55:58,PHONE,ONBOARDING,RESOLVED,LOW,7.61
7764,4785,CRM00000007764,2025-10-16 19:32:02,PHONE,COMPLAINT,RESOLVED,HIGH,8.77
7765,4787,CRM00000007765,2025-10-21 12:25:18,PHONE,PRODUCT_INQUIRY,IN_PROGRESS,MEDIUM,
7766,4787,CRM00000007766,2026-02-06 21:08:23,PHONE,COMPLAINT,RESOLVED,MEDIUM,15.64
7767,4788,CRM00000007767,2026-05-16 17:07:06,BRANCH,COMPLAINT,RESOLVED,LOW,18.3
7768,4788,CRM00000007768,2026-02-20 01:42:40,CHAT,PRODUCT_INQUIRY,IN_PROGRESS,MEDIUM,
7769,4788,CRM00000007769,2026-02-03 22:18:32,CHAT,RETENTION,IN_PROGRESS,HIGH,
7770,4789,CRM00000007770,2026-02-28 03:58:00,BRANCH,ADVISORY,OPEN,MEDIUM,
7771,4789,CRM00000007771,2026-08-13 02:38:05,PHONE,PRODUCT_INQUIRY,IN_PROGRESS,HIGH,
7772,4790,CRM00000007772,2025-11-21 00:22:47,PHONE,RETENTION,ESCALATED,MEDIUM,
7773,4790,CRM00000007773,2025-09-09 21:25:53,BRANCH,RETENTION,RESOLVED,MEDIUM,6.86
7774,4794,CRM00000007774,2026-08-10 10:30:08,EMAIL,COMPLAINT,RESOLVED,URGENT,20.79
7775,4795,CRM00000007775,2025-10-09 10:52:44,PHONE,PRODUCT_INQUIRY,RESOLVED,MEDIUM,15.02
7776,4795,CRM00000007776,2026-01-15 10:42:49,BRANCH,DISPUTE,IN_PROGRESS,LOW,
7777,4796,CRM00000007777,2025-09-08 11:58:49,PHONE,ADVISORY,IN_PROGRESS,MEDIUM,
7778,4796,CRM00000007778,2026-07-11 19:20:42,PHONE,ONBOARDING,RESOLVED,MEDIUM,10.83
7779,4796,CRM00000007779,2026-03-09 13:19:59,PHONE,COMPLAINT,RESOLVED,MEDIUM,7.57
7780,4798,CRM00000007780,2025-11-09 14:33:58,EMAIL,PRODUCT_INQUIRY,RESOLVED,LOW,2.96
7781,4800,CRM00000007781,2025-12-11 17:38:02,BRANCH,RETENTION,RESOLVED,HIGH,8.9
7782,4800,CRM00000007782,2026-02-17 13:24:40,BRANCH,ADVISORY,RESOLVED,LOW,8.46
7783,4800,CRM00000007783,2026-03-16 09:54:09,EMAIL,PRODUCT_INQUIRY,RESOLVED,MEDIUM,47.26
7784,4800,CRM00000007784,2026-02-10 11:26:43,PHONE,RETENTION,RESOLVED,MEDIUM,9.66
7785,4800,CRM00000007785,2025-12-29 01:35:42,PHONE,RETENTION,RESOLVED,MEDIUM,1.12
7786,4800,CRM00000007786,2026-05-31 05:14:44,CHAT,ADVISORY,OPEN,HIGH,
7787,4800,CRM00000007787,2026-03-16 18:21:01,PHONE,DISPUTE,IN_PROGRESS,MEDIUM,
7788,4801,CRM00000007788,2025-09-12 12:47:23,PHONE,PRODUCT_INQUIRY,RESOLVED,LOW,13.92
7789,4801,CRM00000007789,2026-06-28 15:56:24,EMAIL,PRODUCT_INQUIRY,RESOLVED,MEDIUM,16.3
7790,4801,CRM00000007790,2026-02-20 09:59:20,PHONE,PRODUCT_INQUIRY,RESOLVED,MEDIUM,0.87
7791,4802,CRM00000007791,2025-11-25 08:49:53,CHAT,PRODUCT_INQUIRY,RESOLVED,HIGH,12.18
7792,4803,CRM00000007792,2026-01-09 13:31:49,BRANCH,ONBOARDING,RESOLVED,MEDIUM,8.14
7793,4803,CRM00000007793,2026-02-22 04:05:58,PHONE,ADVISORY,RESOLVED,LOW,26.4
7794,4803,CRM00000007794,2025-12-30 17:21:43,BRANCH,COMPLAINT,RESOLVED,LOW,3.44
7795,4803,CRM00000007795,2026-01-04 17:44:33,EMAIL,ADVISORY,RESOLVED,MEDIUM,10.46
7796,4803,CRM00000007796,2025-12-28 15:12:32,EMAIL,COMPLAINT,RESOLVED,MEDIUM,12.83
7797,4805,CRM00000007797,2026-06-10 17:57:04,PHONE,ONBOARDING,ESCALATED,MEDIUM,
7798,4806,CRM00000007798,2025-12-20 01:54:01,PHONE,RETENTION,RESOLVED,LOW,4.19
7799,4807,CRM00000007799,2026-05-17 11:18:20,PHONE,RETENTION,IN_PROGRESS,MEDIUM,
7800,4807,CRM00000007800,2026-08-09 10:49:27,PHONE,PRODUCT_INQUIRY,IN_PROGRESS,LOW,
7801,4808,CRM00000007801,2025-12-23 08:04:00,EMAIL,ONBOARDING,RESOLVED,LOW,5.15
7802,4808,CRM00000007802,2026-07-26 06:36:48,CHAT,PRODUCT_INQUIRY,OPEN,LOW,
7803,4809,CRM00000007803,2026-01-15 01:45:37,BRANCH,RETENTION,RESOLVED,HIGH,14.33
7804,4809,CRM00000007804,2026-03-17 19:33:15,PHONE,PRODUCT_INQUIRY,RESOLVED,MEDIUM,10.72
7805,4810,CRM00000007805,2026-02-13 11:03:00,EMAIL,ADVISORY,RESOLVED,MEDIUM,7.16
7806,4811,CRM00000007806,2026-02-03 01:44:18,EMAIL,ADVISORY,RESOLVED,MEDIUM,7.18
7807,4811,CRM00000007807,2026-03-17 21:53:24,PHONE,ONBOARDING,IN_PROGRESS,HIGH,
7808,4811,CRM00000007808,2026-07-27 23:41:20,PHONE,PRODUCT_INQUIRY,RESOLVED,MEDIUM,4.35
7809,4811,CRM00000007809,2026-05-29 09:43:12,EMAIL,DISPUTE,RESOLVED,MEDIUM,11.08
7810,4811,CRM00000007810,2026-01-07 16:21:19,EMAIL,PRODUCT_INQUIRY,IN_PROGRESS,MEDIUM,
7811,4811,CRM00000007811,2026-08-23 05:12:02,PHONE,PRODUCT_INQUIRY,RESOLVED,MEDIUM,12.97
7812,4812,CRM00000007812,2025-09-07 15:51:53,PHONE,RETENTION,IN_PROGRESS,MEDIUM,
7813,4812,CRM00000007813,2026-03-23 18:12:15,RM_VISIT,ONBOARDING,RESOLVED,HIGH,28.46
7814,4812,CRM00000007814,2025-10-08 18:54:42,PHONE,ADVISORY,RESOLVED,HIGH,9.96
7815,4812,CRM00000007815,2026-02-09 18:30:44,CHAT,RETENTION,RESOLVED,HIGH,16.47
7816,4812,CRM00000007816,2025-12-30 23:55:01,PHONE,PRODUCT_INQUIRY,ESCALATED,LOW,
7817,4813,CRM00000007817,2026-06-29 12:37:26,PHONE,PRODUCT_INQUIRY,RESOLVED,MEDIUM,5.12
7818,4813,CRM00000007818,2026-04-04 13:26:00,CHAT,ADVISORY,RESOLVED,HIGH,7.6
7819,4815,CRM00000007819,2026-02-02 06:13:12,CHAT,RETENTION,RESOLVED,URGENT,23.82
7820,4816,CRM00000007820,2026-07-16 21:08:14,CHAT,PRODUCT_INQUIRY,RESOLVED,LOW,15.56
7821,4818,CRM00000007821,2026-03-24 09:07:47,BRANCH,PRODUCT_INQUIRY,RESOLVED,URGENT,3.18
7822,4820,CRM00000007822,2026-05-25 09:02:52,PHONE,ADVISORY,RESOLVED,HIGH,20.86
7823,4821,CRM00000007823,2025-12-31 00:45:35,BRANCH,ADVISORY,IN_PROGRESS,LOW,
7824,4821,CRM00000007824,2026-08-24 23:54:10,PHONE,RETENTION,IN_PROGRESS,LOW,
7825,4821,CRM00000007825,2025-08-31 15:48:45,EMAIL,RETENTION,RESOLVED,LOW,20.82
7826,4822,CRM00000007826,2026-04-23 07:56:05,PHONE,COMPLAINT,RESOLVED,HIGH,35.78
7827,4822,CRM00000007827,2026-03-26 09:57:19,BRANCH,COMPLAINT,RESOLVED,MEDIUM,26.98
7828,4824,CRM00000007828,2025-11-06 00:47:07,PHONE,RETENTION,IN_PROGRESS,MEDIUM,
7829,4825,CRM00000007829,2026-06-01 12:13:53,BRANCH,COMPLAINT,RESOLVED,HIGH,10.14
7830,4825,CRM00000007830,2026-02-24 01:36:25,PHONE,PRODUCT_INQUIRY,RESOLVED,MEDIUM,23.24
7831,4825,CRM00000007831,2026-06-20 12:14:31,BRANCH,RETENTION,RESOLVED,MEDIUM,5.0
7832,4825,CRM00000007832,2026-01-11 17:00:58,EMAIL,ADVISORY,RESOLVED,MEDIUM,12.53
7833,4826,CRM00000007833,2026-03-24 01:50:41,BRANCH,PRODUCT_INQUIRY,RESOLVED,MEDIUM,7.2
7834,4826,CRM00000007834,2026-07-04 17:51:18,EMAIL,COMPLAINT,RESOLVED,MEDIUM,25.55
7835,4826,CRM00000007835,2026-04-28 00:01:58,CHAT,ADVISORY,OPEN,MEDIUM,
7836,4826,CRM00000007836,2025-09-20 12:27:10,RM_VISIT,DISPUTE,RESOLVED,MEDIUM,8.54
7837,4827,CRM00000007837,2025-09-20 11:07:05,PHONE,RETENTION,RESOLVED,MEDIUM,22.11
7838,4827,CRM00000007838,2025-09-27 09:12:38,EMAIL,COMPLAINT,RESOLVED,MEDIUM,14.0
7839,4828,CRM00000007839,2026-01-03 09:50:46,EMAIL,PRODUCT_INQUIRY,RESOLVED,HIGH,17.37
7840,4828,CRM00000007840,2026-07-23 06:44:19,PHONE,PRODUCT_INQUIRY,RESOLVED,HIGH,1.54
7841,4828,CRM00000007841,2026-05-13 09:28:32,CHAT,DISPUTE,RESOLVED,MEDIUM,20.92
7842,4828,CRM00000007842,2026-06-24 18:56:43,RM_VISIT,DISPUTE,ESCALATED,LOW,
7843,4828,CRM00000007843,2025-09-20 01:48:17,BRANCH,COMPLAINT,RESOLVED,HIGH,18.74
7844,4828,CRM00000007844,2026-02-28 19:49:21,EMAIL,RETENTION,RESOLVED,URGENT,2.67
7845,4830,CRM00000007845,2026-05-02 07:28:02,PHONE,PRODUCT_INQUIRY,RESOLVED,MEDIUM,10.05
7846,4831,CRM00000007846,2026-02-26 12:55:37,EMAIL,RETENTION,RESOLVED,HIGH,4.23
7847,4831,CRM00000007847,2026-04-07 10:02:53,PHONE,ONBOARDING,RESOLVED,HIGH,24.4
7848,4832,CRM00000007848,2026-04-29 20:15:22,PHONE,ADVISORY,RESOLVED,MEDIUM,1.16
7849,4832,CRM00000007849,2026-03-01 22:54:06,PHONE,PRODUCT_INQUIRY,RESOLVED,LOW,11.75
7850,4833,CRM00000007850,2026-02-14 11:32:14,EMAIL,RETENTION,RESOLVED,HIGH,14.29
7851,4834,CRM00000007851,2026-04-12 13:59:58,PHONE,RETENTION,RESOLVED,LOW,1.32
7852,4834,CRM00000007852,2026-07-16 14:07:57,PHONE,RETENTION,IN_PROGRESS,LOW,
7853,4834,CRM00000007853,2026-03-30 00:32:54,CHAT,RETENTION,RESOLVED,LOW,17.05
7854,4834,CRM00000007854,2026-02-08 00:54:14,CHAT,RETENTION,ESCALATED,MEDIUM,
7855,4837,CRM00000007855,2026-04-05 01:50:24,EMAIL,DISPUTE,RESOLVED,MEDIUM,5.3
7856,4837,CRM00000007856,2025-12-19 09:28:08,EMAIL,ONBOARDING,RESOLVED,LOW,6.27
7857,4837,CRM00000007857,2026-03-23 00:33:59,EMAIL,DISPUTE,RESOLVED,LOW,11.55
7858,4837,CRM00000007858,2026-05-16 08:43:27,BRANCH,COMPLAINT,IN_PROGRESS,MEDIUM,
7859,4837,CRM00000007859,2026-05-17 11:58:41,PHONE,COMPLAINT,IN_PROGRESS,LOW,
7860,4837,CRM00000007860,2026-08-22 08:46:13,CHAT,PRODUCT_INQUIRY,IN_PROGRESS,HIGH,
7861,4838,CRM00000007861,2025-08-31 16:34:33,EMAIL,ADVISORY,IN_PROGRESS,LOW,
7862,4838,CRM00000007862,2026-01-31 14:35:20,CHAT,COMPLAINT,RESOLVED,MEDIUM,1.94
7863,4839,CRM00000007863,2025-11-23 23:42:23,EMAIL,RETENTION,IN_PROGRESS,LOW,
7864,4839,CRM00000007864,2026-02-17 08:09:33,BRANCH,PRODUCT_INQUIRY,RESOLVED,MEDIUM,0.61
7865,4840,CRM00000007865,2025-11-02 07:31:48,CHAT,PRODUCT_INQUIRY,RESOLVED,MEDIUM,16.19
7866,4841,CRM00000007866,2025-09-09 22:10:21,PHONE,COMPLAINT,IN_PROGRESS,HIGH,
7867,4843,CRM00000007867,2026-01-31 11:40:58,EMAIL,COMPLAINT,RESOLVED,LOW,8.6
7868,4843,CRM00000007868,2026-08-23 03:47:36,BRANCH,RETENTION,IN_PROGRESS,MEDIUM,
7869,4843,CRM00000007869,2026-01-10 04:18:24,CHAT,ADVISORY,IN_PROGRESS,MEDIUM,
7870,4845,CRM00000007870,2026-08-05 02:00:49,PHONE,ONBOARDING,OPEN,MEDIUM,
7871,4845,CRM00000007871,2026-08-03 04:47:29,PHONE,PRODUCT_INQUIRY,RESOLVED,MEDIUM,18.54
7872,4845,CRM00000007872,2025-12-10 02:26:56,CHAT,RETENTION,OPEN,LOW,
7873,4846,CRM00000007873,2026-08-03 03:01:51,CHAT,PRODUCT_INQUIRY,RESOLVED,MEDIUM,20.64
7874,4847,CRM00000007874,2025-12-01 21:42:45,EMAIL,DISPUTE,RESOLVED,MEDIUM,3.89
7875,4848,CRM00000007875,2026-03-20 05:17:56,PHONE,ADVISORY,IN_PROGRESS,LOW,
7876,4848,CRM00000007876,2025-11-26 18:54:45,CHAT,RETENTION,RESOLVED,MEDIUM,3.21
7877,4848,CRM00000007877,2026-02-17 00:59:50,PHONE,ADVISORY,RESOLVED,LOW,7.07
7878,4849,CRM00000007878,2025-09-06 12:15:00,EMAIL,PRODUCT_INQUIRY,RESOLVED,HIGH,17.37
7879,4850,CRM00000007879,2025-12-11 16:08:55,PHONE,RETENTION,ESCALATED,MEDIUM,
7880,4851,CRM00000007880,2025-09-26 18:14:01,PHONE,ONBOARDING,RESOLVED,LOW,12.76
7881,4851,CRM00000007881,2026-04-12 00:47:48,EMAIL,ADVISORY,RESOLVED,HIGH,3.84
7882,4852,CRM00000007882,2026-05-19 22:00:04,PHONE,RETENTION,RESOLVED,MEDIUM,19.92
7883,4852,CRM00000007883,2026-01-20 02:46:30,CHAT,RETENTION,RESOLVED,LOW,19.77
7884,4852,CRM00000007884,2026-01-26 17:06:21,PHONE,PRODUCT_INQUIRY,ESCALATED,MEDIUM,
7885,4852,CRM00000007885,2026-04-10 07:44:27,EMAIL,COMPLAINT,OPEN,MEDIUM,
7886,4852,CRM00000007886,2025-10-26 19:45:15,PHONE,PRODUCT_INQUIRY,RESOLVED,LOW,23.78
7887,4853,CRM00000007887,2026-05-18 01:30:04,BRANCH,COMPLAINT,RESOLVED,LOW,12.55
7888,4854,CRM00000007888,2025-10-12 04:56:01,BRANCH,DISPUTE,IN_PROGRESS,LOW,
7889,4854,CRM00000007889,2026-02-18 14:59:28,BRANCH,PRODUCT_INQUIRY,RESOLVED,HIGH,15.96
7890,4854,CRM00000007890,2026-05-04 07:31:50,PHONE,PRODUCT_INQUIRY,IN_PROGRESS,HIGH,
7891,4855,CRM00000007891,2025-12-03 16:39:55,PHONE,DISPUTE,IN_PROGRESS,HIGH,
7892,4856,CRM00000007892,2025-12-12 02:22:35,EMAIL,ADVISORY,ESCALATED,HIGH,
7893,4858,CRM00000007893,2026-01-09 04:18:06,PHONE,ONBOARDING,RESOLVED,MEDIUM,7.17
7894,4859,CRM00000007894,2025-11-09 05:28:45,PHONE,ADVISORY,OPEN,HIGH,
7895,4862,CRM00000007895,2026-04-01 02:32:45,BRANCH,ADVISORY,RESOLVED,MEDIUM,9.5
7896,4866,CRM00000007896,2025-11-10 23:46:05,BRANCH,PRODUCT_INQUIRY,RESOLVED,HIGH,9.11
7897,4866,CRM00000007897,2026-07-23 02:30:59,BRANCH,RETENTION,IN_PROGRESS,LOW,
7898,4866,CRM00000007898,2026-02-13 09:35:39,BRANCH,DISPUTE,RESOLVED,MEDIUM,4.41
7899,4866,CRM00000007899,2026-02-24 08:47:18,PHONE,ONBOARDING,RESOLVED,LOW,11.89
7900,4866,CRM00000007900,2026-05-13 03:11:33,CHAT,ADVISORY,RESOLVED,HIGH,3.15
7901,4866,CRM00000007901,2026-01-31 22:27:02,PHONE,PRODUCT_INQUIRY,RESOLVED,LOW,14.24
7902,4866,CRM00000007902,2025-12-27 02:11:24,PHONE,COMPLAINT,RESOLVED,MEDIUM,7.05
7903,4868,CRM00000007903,2025-11-28 13:41:50,EMAIL,ONBOARDING,RESOLVED,URGENT,10.65
7904,4870,CRM00000007904,2026-03-09 17:13:20,BRANCH,COMPLAINT,RESOLVED,HIGH,15.78
7905,4870,CRM00000007905,2026-08-16 21:43:31,EMAIL,ADVISORY,RESOLVED,MEDIUM,6.9
7906,4872,CRM00000007906,2025-11-30 00:24:35,PHONE,COMPLAINT,RESOLVED,URGENT,6.3
7907,4873,CRM00000007907,2025-09-23 07:37:36,PHONE,RETENTION,RESOLVED,LOW,28.75
7908,4873,CRM00000007908,2025-09-21 23:56:26,CHAT,PRODUCT_INQUIRY,RESOLVED,LOW,8.26
7909,4873,CRM00000007909,2025-11-17 05:34:33,EMAIL,PRODUCT_INQUIRY,RESOLVED,MEDIUM,3.53
7910,4875,CRM00000007910,2025-12-31 15:33:47,EMAIL,ADVISORY,ESCALATED,MEDIUM,
7911,4875,CRM00000007911,2025-11-05 01:48:01,PHONE,COMPLAINT,RESOLVED,URGENT,18.99
7912,4877,CRM00000007912,2026-05-26 02:46:31,EMAIL,RETENTION,RESOLVED,LOW,19.35
7913,4878,CRM00000007913,2026-06-01 20:49:29,BRANCH,RETENTION,RESOLVED,LOW,11.65
7914,4878,CRM00000007914,2026-01-17 03:45:45,PHONE,PRODUCT_INQUIRY,RESOLVED,HIGH,4.56
7915,4878,CRM00000007915,2026-08-24 10:14:59,PHONE,DISPUTE,RESOLVED,MEDIUM,5.96
7916,4878,CRM00000007916,2026-04-06 06:56:59,BRANCH,COMPLAINT,RESOLVED,MEDIUM,9.51
7917,4878,CRM00000007917,2026-05-16 11:29:50,PHONE,PRODUCT_INQUIRY,RESOLVED,LOW,9.49
7918,4878,CRM00000007918,2026-06-20 09:53:29,BRANCH,PRODUCT_INQUIRY,RESOLVED,LOW,13.15
7919,4879,CRM00000007919,2026-03-28 06:37:42,EMAIL,ADVISORY,RESOLVED,MEDIUM,4.57
7920,4882,CRM00000007920,2026-06-05 22:07:40,RM_VISIT,RETENTION,RESOLVED,MEDIUM,5.75
7921,4883,CRM00000007921,2026-02-07 10:25:15,PHONE,PRODUCT_INQUIRY,RESOLVED,MEDIUM,8.62
7922,4883,CRM00000007922,2025-12-04 08:43:45,BRANCH,PRODUCT_INQUIRY,RESOLVED,HIGH,21.37
7923,4883,CRM00000007923,2026-03-07 23:13:52,PHONE,PRODUCT_INQUIRY,RESOLVED,LOW,16.03
7924,4885,CRM00000007924,2026-01-22 12:37:35,PHONE,ONBOARDING,RESOLVED,LOW,3.32
7925,4886,CRM00000007925,2026-07-05 16:59:36,PHONE,PRODUCT_INQUIRY,RESOLVED,LOW,7.15
7926,4886,CRM00000007926,2026-07-24 05:17:03,PHONE,RETENTION,RESOLVED,MEDIUM,8.09
7927,4886,CRM00000007927,2026-04-07 16:35:12,EMAIL,ADVISORY,RESOLVED,LOW,3.38
7928,4887,CRM00000007928,2026-01-23 19:25:44,RM_VISIT,ONBOARDING,IN_PROGRESS,MEDIUM,
7929,4887,CRM00000007929,2026-03-12 17:05:25,PHONE,COMPLAINT,RESOLVED,HIGH,21.77
7930,4887,CRM00000007930,2026-06-11 09:09:55,CHAT,ADVISORY,RESOLVED,URGENT,9.74
7931,4887,CRM00000007931,2026-03-04 22:20:48,CHAT,PRODUCT_INQUIRY,OPEN,URGENT,
7932,4887,CRM00000007932,2026-01-17 17:43:40,EMAIL,ONBOARDING,OPEN,MEDIUM,
7933,4887,CRM00000007933,2025-09-21 00:20:02,RM_VISIT,COMPLAINT,RESOLVED,LOW,37.48
7934,4888,CRM00000007934,2026-05-10 15:51:19,PHONE,ADVISORY,RESOLVED,HIGH,31.79
7935,4888,CRM00000007935,2026-05-09 06:05:48,PHONE,RETENTION,ESCALATED,MEDIUM,
7936,4888,CRM00000007936,2025-10-19 14:28:34,PHONE,ADVISORY,RESOLVED,LOW,9.81
7937,4889,CRM00000007937,2026-03-19 00:56:32,BRANCH,COMPLAINT,OPEN,MEDIUM,
7938,4890,CRM00000007938,2026-04-02 04:37:36,BRANCH,ONBOARDING,RESOLVED,MEDIUM,31.12
7939,4890,CRM00000007939,2025-10-15 09:26:15,PHONE,DISPUTE,RESOLVED,HIGH,4.86
7940,4892,CRM00000007940,2025-09-15 08:22:51,EMAIL,RETENTION,RESOLVED,MEDIUM,22.68
7941,4892,CRM00000007941,2025-12-08 23:46:20,PHONE,ADVISORY,RESOLVED,MEDIUM,8.0
7942,4893,CRM00000007942,2026-05-12 05:55:18,BRANCH,ADVISORY,RESOLVED,LOW,33.27
7943,4894,CRM00000007943,2025-11-01 01:31:20,PHONE,RETENTION,RESOLVED,LOW,10.45
7944,4894,CRM00000007944,2026-08-06 03:26:06,RM_VISIT,DISPUTE,RESOLVED,MEDIUM,5.31
7945,4895,CRM00000007945,2025-11-25 12:30:45,PHONE,ONBOARDING,OPEN,LOW,
7946,4895,CRM00000007946,2026-07-03 23:45:23,CHAT,DISPUTE,OPEN,MEDIUM,
7947,4896,CRM00000007947,2026-02-08 12:22:45,BRANCH,PRODUCT_INQUIRY,RESOLVED,MEDIUM,3.9
7948,4897,CRM00000007948,2026-04-18 09:18:28,CHAT,RETENTION,RESOLVED,LOW,7.96
7949,4897,CRM00000007949,2025-10-26 03:16:49,PHONE,DISPUTE,RESOLVED,HIGH,8.96
7950,4898,CRM00000007950,2026-06-23 23:27:44,PHONE,RETENTION,RESOLVED,MEDIUM,50.04
7951,4900,CRM00000007951,2025-08-31 23:26:58,BRANCH,PRODUCT_INQUIRY,RESOLVED,LOW,17.35
7952,4902,CRM00000007952,2025-11-12 02:42:30,PHONE,PRODUCT_INQUIRY,RESOLVED,MEDIUM,1.03
7953,4903,CRM00000007953,2026-08-12 07:35:34,BRANCH,COMPLAINT,RESOLVED,HIGH,7.96
7954,4903,CRM00000007954,2026-08-14 01:25:52,EMAIL,COMPLAINT,RESOLVED,LOW,16.58
7955,4904,CRM00000007955,2026-02-17 19:32:42,RM_VISIT,COMPLAINT,RESOLVED,LOW,20.01
7956,4905,CRM00000007956,2025-10-04 11:45:11,EMAIL,DISPUTE,RESOLVED,MEDIUM,21.98
7957,4905,CRM00000007957,2026-08-10 22:18:23,EMAIL,PRODUCT_INQUIRY,RESOLVED,MEDIUM,17.34
7958,4905,CRM00000007958,2026-01-09 08:12:22,BRANCH,ONBOARDING,OPEN,HIGH,
7959,4905,CRM00000007959,2026-05-06 19:08:42,EMAIL,RETENTION,RESOLVED,URGENT,4.7
7960,4905,CRM00000007960,2026-03-07 12:24:24,PHONE,RETENTION,IN_PROGRESS,LOW,
7961,4905,CRM00000007961,2025-11-29 08:51:43,EMAIL,RETENTION,RESOLVED,LOW,4.22
7962,4908,CRM00000007962,2026-06-13 09:03:32,BRANCH,ADVISORY,IN_PROGRESS,HIGH,
7963,4908,CRM00000007963,2026-06-10 10:39:34,PHONE,PRODUCT_INQUIRY,RESOLVED,MEDIUM,4.16
7964,4909,CRM00000007964,2026-06-17 12:27:02,EMAIL,RETENTION,RESOLVED,LOW,8.46
7965,4909,CRM00000007965,2026-06-02 00:45:22,PHONE,DISPUTE,IN_PROGRESS,MEDIUM,
7966,4909,CRM00000007966,2026-04-19 19:15:27,PHONE,RETENTION,RESOLVED,MEDIUM,36.46
7967,4911,CRM00000007967,2025-12-03 00:47:01,CHAT,PRODUCT_INQUIRY,OPEN,MEDIUM,
7968,4911,CRM00000007968,2025-11-04 23:23:06,EMAIL,COMPLAINT,RESOLVED,URGENT,6.25
7969,4911,CRM00000007969,2026-04-07 23:08:04,PHONE,PRODUCT_INQUIRY,RESOLVED,HIGH,15.41
7970,4912,CRM00000007970,2026-07-26 04:16:52,PHONE,PRODUCT_INQUIRY,OPEN,MEDIUM,
7971,4912,CRM00000007971,2025-09-26 11:04:27,BRANCH,COMPLAINT,RESOLVED,MEDIUM,8.47
7972,4913,CRM00000007972,2026-07-12 02:24:21,EMAIL,COMPLAINT,RESOLVED,HIGH,3.93
7973,4913,CRM00000007973,2026-05-16 21:47:51,PHONE,RETENTION,RESOLVED,LOW,11.82
7974,4913,CRM00000007974,2025-10-04 08:56:58,EMAIL,PRODUCT_INQUIRY,RESOLVED,MEDIUM,3.44
7975,4914,CRM00000007975,2026-04-13 09:44:02,CHAT,RETENTION,RESOLVED,MEDIUM,3.61
7976,4914,CRM00000007976,2025-11-04 19:24:54,BRANCH,COMPLAINT,RESOLVED,HIGH,7.8
7977,4914,CRM00000007977,2025-09-17 03:10:10,EMAIL,PRODUCT_INQUIRY,OPEN,HIGH,
7978,4915,CRM00000007978,2026-01-31 17:21:51,EMAIL,RETENTION,RESOLVED,LOW,15.15
7979,4915,CRM00000007979,2026-07-23 16:33:32,EMAIL,COMPLAINT,OPEN,MEDIUM,
7980,4915,CRM00000007980,2026-05-26 05:49:50,PHONE,COMPLAINT,RESOLVED,MEDIUM,50.44
7981,4915,CRM00000007981,2025-10-05 22:35:58,PHONE,DISPUTE,RESOLVED,HIGH,5.75
7982,4915,CRM00000007982,2025-12-19 00:11:15,RM_VISIT,ONBOARDING,RESOLVED,MEDIUM,3.29
7983,4915,CRM00000007983,2025-12-30 01:40:44,PHONE,COMPLAINT,ESCALATED,MEDIUM,
7984,4917,CRM00000007984,2026-07-31 06:03:05,EMAIL,RETENTION,RESOLVED,LOW,11.18
7985,4918,CRM00000007985,2025-11-25 17:40:54,PHONE,RETENTION,RESOLVED,MEDIUM,24.62
7986,4918,CRM00000007986,2025-09-16 12:58:14,PHONE,COMPLAINT,RESOLVED,LOW,6.76
7987,4918,CRM00000007987,2026-05-25 01:07:49,BRANCH,RETENTION,IN_PROGRESS,MEDIUM,
7988,4919,CRM00000007988,2026-01-10 01:15:24,BRANCH,PRODUCT_INQUIRY,RESOLVED,MEDIUM,9.38
7989,4920,CRM00000007989,2025-11-01 07:39:11,PHONE,ADVISORY,RESOLVED,HIGH,4.65
7990,4920,CRM00000007990,2026-03-19 04:24:13,PHONE,COMPLAINT,RESOLVED,MEDIUM,15.21
7991,4920,CRM00000007991,2026-07-24 10:12:17,EMAIL,RETENTION,RESOLVED,LOW,8.18
7992,4923,CRM00000007992,2025-10-19 23:43:45,CHAT,ONBOARDING,RESOLVED,HIGH,14.89
7993,4923,CRM00000007993,2026-02-16 10:24:58,EMAIL,PRODUCT_INQUIRY,OPEN,URGENT,
7994,4923,CRM00000007994,2026-02-27 13:29:38,CHAT,DISPUTE,OPEN,HIGH,
7995,4924,CRM00000007995,2026-03-05 16:13:08,PHONE,PRODUCT_INQUIRY,IN_PROGRESS,LOW,
7996,4926,CRM00000007996,2026-04-23 16:19:08,EMAIL,PRODUCT_INQUIRY,RESOLVED,MEDIUM,12.19
7997,4929,CRM00000007997,2025-11-05 06:05:19,RM_VISIT,COMPLAINT,RESOLVED,LOW,6.6
7998,4929,CRM00000007998,2026-05-08 07:38:15,EMAIL,RETENTION,RESOLVED,MEDIUM,6.4
7999,4930,CRM00000007999,2026-06-03 12:30:49,PHONE,PRODUCT_INQUIRY,RESOLVED,LOW,29.92
8000,4930,CRM00000008000,2025-12-17 07:06:59,EMAIL,DISPUTE,RESOLVED,HIGH,34.34
8001,4931,CRM00000008001,2025-12-09 15:32:06,BRANCH,RETENTION,RESOLVED,HIGH,19.41
8002,4931,CRM00000008002,2026-02-16 03:17:36,BRANCH,RETENTION,RESOLVED,MEDIUM,27.17
8003,4933,CRM00000008003,2026-03-22 03:02:28,PHONE,PRODUCT_INQUIRY,RESOLVED,HIGH,20.54
8004,4933,CRM00000008004,2026-04-07 21:54:07,BRANCH,ADVISORY,RESOLVED,LOW,31.74
8005,4934,CRM00000008005,2026-03-10 10:09:06,CHAT,PRODUCT_INQUIRY,RESOLVED,HIGH,9.37
8006,4934,CRM00000008006,2026-05-19 15:11:00,EMAIL,ONBOARDING,RESOLVED,LOW,27.77
8007,4935,CRM00000008007,2026-06-20 04:35:40,PHONE,ONBOARDING,IN_PROGRESS,LOW,
8008,4936,CRM00000008008,2026-08-08 12:11:06,BRANCH,ONBOARDING,IN_PROGRESS,MEDIUM,
8009,4937,CRM00000008009,2025-11-23 18:53:58,PHONE,DISPUTE,ESCALATED,MEDIUM,
8010,4937,CRM00000008010,2025-09-10 17:59:04,BRANCH,ONBOARDING,RESOLVED,MEDIUM,18.39
8011,4938,CRM00000008011,2026-07-15 09:25:59,PHONE,ADVISORY,OPEN,HIGH,
8012,4938,CRM00000008012,2026-03-26 13:09:17,PHONE,RETENTION,RESOLVED,HIGH,17.64
8013,4940,CRM00000008013,2026-07-18 15:01:38,CHAT,ADVISORY,RESOLVED,HIGH,13.25
8014,4941,CRM00000008014,2025-12-22 20:25:35,EMAIL,COMPLAINT,RESOLVED,LOW,53.55
8015,4942,CRM00000008015,2026-04-18 15:17:09,PHONE,ADVISORY,RESOLVED,MEDIUM,15.92
8016,4942,CRM00000008016,2026-04-03 22:35:05,PHONE,PRODUCT_INQUIRY,RESOLVED,HIGH,10.59
8017,4942,CRM00000008017,2025-12-18 19:33:08,PHONE,DISPUTE,IN_PROGRESS,MEDIUM,
8018,4943,CRM00000008018,2026-01-24 20:10:05,PHONE,DISPUTE,RESOLVED,MEDIUM,20.56
8019,4943,CRM00000008019,2025-10-16 13:27:43,PHONE,ADVISORY,ESCALATED,MEDIUM,
8020,4944,CRM00000008020,2026-07-14 17:10:09,CHAT,ONBOARDING,IN_PROGRESS,LOW,
8021,4945,CRM00000008021,2025-11-09 11:48:15,PHONE,COMPLAINT,RESOLVED,MEDIUM,15.06
8022,4948,CRM00000008022,2026-06-04 00:46:09,BRANCH,COMPLAINT,RESOLVED,MEDIUM,9.98
8023,4949,CRM00000008023,2026-08-05 08:56:23,PHONE,PRODUCT_INQUIRY,RESOLVED,LOW,26.39
8024,4949,CRM00000008024,2026-07-03 10:03:41,PHONE,RETENTION,RESOLVED,LOW,16.11
8025,4949,CRM00000008025,2026-08-01 15:44:58,EMAIL,RETENTION,ESCALATED,MEDIUM,
8026,4949,CRM00000008026,2025-12-10 01:28:12,RM_VISIT,RETENTION,IN_PROGRESS,LOW,
8027,4949,CRM00000008027,2025-10-20 15:46:11,CHAT,RETENTION,OPEN,HIGH,
8028,4949,CRM00000008028,2025-10-13 08:12:17,PHONE,RETENTION,RESOLVED,HIGH,3.96
8029,4950,CRM00000008029,2026-03-03 23:45:46,BRANCH,RETENTION,RESOLVED,MEDIUM,3.2
8030,4950,CRM00000008030,2026-04-16 15:41:02,BRANCH,RETENTION,RESOLVED,URGENT,9.65
8031,4950,CRM00000008031,2026-07-03 19:10:08,PHONE,ADVISORY,RESOLVED,HIGH,7.67
8032,4950,CRM00000008032,2026-08-18 06:21:19,PHONE,ADVISORY,RESOLVED,MEDIUM,6.61
8033,4952,CRM00000008033,2025-11-13 13:45:44,RM_VISIT,RETENTION,OPEN,MEDIUM,
8034,4952,CRM00000008034,2026-02-27 05:42:06,CHAT,RETENTION,RESOLVED,MEDIUM,22.72
8035,4952,CRM00000008035,2025-12-14 15:44:05,PHONE,COMPLAINT,RESOLVED,LOW,6.69
8036,4954,CRM00000008036,2025-11-13 13:32:00,BRANCH,PRODUCT_INQUIRY,RESOLVED,LOW,1.88
8037,4956,CRM00000008037,2025-12-05 05:58:50,PHONE,ADVISORY,RESOLVED,LOW,10.63
8038,4956,CRM00000008038,2026-01-24 03:38:05,RM_VISIT,DISPUTE,RESOLVED,LOW,8.54
8039,4956,CRM00000008039,2025-10-20 07:53:56,PHONE,PRODUCT_INQUIRY,RESOLVED,HIGH,5.69
8040,4957,CRM00000008040,2026-01-02 05:51:30,PHONE,ADVISORY,RESOLVED,URGENT,11.33
8041,4958,CRM00000008041,2026-04-09 00:20:38,BRANCH,COMPLAINT,IN_PROGRESS,MEDIUM,
8042,4958,CRM00000008042,2025-08-27 15:24:13,PHONE,COMPLAINT,RESOLVED,MEDIUM,17.27
8043,4959,CRM00000008043,2026-04-17 18:13:04,EMAIL,PRODUCT_INQUIRY,IN_PROGRESS,HIGH,
8044,4959,CRM00000008044,2026-07-01 21:30:29,BRANCH,COMPLAINT,RESOLVED,LOW,18.87
8045,4960,CRM00000008045,2026-01-30 13:56:00,PHONE,RETENTION,RESOLVED,LOW,6.01
8046,4960,CRM00000008046,2026-08-03 16:11:59,PHONE,RETENTION,OPEN,MEDIUM,
8047,4960,CRM00000008047,2025-12-19 21:41:38,CHAT,ADVISORY,IN_PROGRESS,HIGH,
8048,4960,CRM00000008048,2025-10-12 17:46:04,PHONE,RETENTION,RESOLVED,LOW,15.94
8049,4960,CRM00000008049,2025-10-21 06:41:09,EMAIL,RETENTION,RESOLVED,LOW,4.46
8050,4960,CRM00000008050,2026-08-16 15:15:03,EMAIL,RETENTION,RESOLVED,LOW,5.38
8051,4962,CRM00000008051,2026-08-04 17:34:35,CHAT,PRODUCT_INQUIRY,IN_PROGRESS,MEDIUM,
8052,4964,CRM00000008052,2026-06-02 06:20:08,EMAIL,DISPUTE,RESOLVED,URGENT,13.07
8053,4964,CRM00000008053,2026-04-30 14:05:09,CHAT,PRODUCT_INQUIRY,RESOLVED,MEDIUM,2.61
8054,4964,CRM00000008054,2026-05-23 02:16:31,BRANCH,RETENTION,OPEN,MEDIUM,
8055,4966,CRM00000008055,2025-09-02 09:09:45,CHAT,PRODUCT_INQUIRY,ESCALATED,MEDIUM,
8056,4967,CRM00000008056,2026-02-07 00:23:47,PHONE,COMPLAINT,IN_PROGRESS,MEDIUM,
8057,4967,CRM00000008057,2026-02-24 22:44:03,CHAT,COMPLAINT,OPEN,LOW,
8058,4967,CRM00000008058,2026-01-30 02:57:57,PHONE,PRODUCT_INQUIRY,RESOLVED,URGENT,38.34
8059,4968,CRM00000008059,2026-01-02 14:14:42,PHONE,PRODUCT_INQUIRY,OPEN,MEDIUM,
8060,4968,CRM00000008060,2026-05-24 10:05:47,CHAT,ONBOARDING,RESOLVED,LOW,1.92
8061,4969,CRM00000008061,2026-04-20 09:17:07,CHAT,COMPLAINT,OPEN,MEDIUM,
8062,4969,CRM00000008062,2025-12-28 12:53:38,PHONE,ADVISORY,RESOLVED,URGENT,35.7
8063,4971,CRM00000008063,2026-03-12 07:31:27,PHONE,ADVISORY,RESOLVED,LOW,13.22
8064,4971,CRM00000008064,2026-08-23 03:32:59,PHONE,RETENTION,RESOLVED,LOW,5.43
8065,4972,CRM00000008065,2026-01-24 12:13:09,PHONE,RETENTION,RESOLVED,LOW,0.74
8066,4972,CRM00000008066,2026-06-28 19:53:50,CHAT,DISPUTE,RESOLVED,MEDIUM,11.65
8067,4972,CRM00000008067,2026-02-15 07:00:04,PHONE,ADVISORY,OPEN,HIGH,
8068,4973,CRM00000008068,2025-10-22 01:13:15,PHONE,ONBOARDING,RESOLVED,URGENT,1.62
8069,4973,CRM00000008069,2026-04-04 03:49:22,EMAIL,ADVISORY,RESOLVED,MEDIUM,21.12
8070,4973,CRM00000008070,2026-01-27 05:55:31,EMAIL,PRODUCT_INQUIRY,RESOLVED,HIGH,7.05
8071,4975,CRM00000008071,2026-02-10 06:33:11,EMAIL,ADVISORY,OPEN,LOW,
8072,4975,CRM00000008072,2026-04-18 16:07:29,BRANCH,PRODUCT_INQUIRY,RESOLVED,MEDIUM,8.16
8073,4976,CRM00000008073,2026-02-24 00:32:32,EMAIL,ADVISORY,RESOLVED,LOW,1.07
8074,4976,CRM00000008074,2026-01-10 22:22:07,PHONE,COMPLAINT,RESOLVED,HIGH,9.19
8075,4977,CRM00000008075,2026-08-25 15:40:42,PHONE,ADVISORY,IN_PROGRESS,HIGH,
8076,4977,CRM00000008076,2026-08-24 23:17:58,BRANCH,PRODUCT_INQUIRY,IN_PROGRESS,LOW,
8077,4981,CRM00000008077,2026-02-21 12:12:09,CHAT,ADVISORY,OPEN,LOW,
8078,4982,CRM00000008078,2026-06-14 03:57:52,BRANCH,COMPLAINT,RESOLVED,MEDIUM,35.83
8079,4983,CRM00000008079,2026-04-05 04:29:35,CHAT,ADVISORY,RESOLVED,MEDIUM,48.43
8080,4984,CRM00000008080,2026-08-17 06:13:56,PHONE,PRODUCT_INQUIRY,RESOLVED,MEDIUM,1.92
8081,4987,CRM00000008081,2026-01-11 05:14:02,PHONE,PRODUCT_INQUIRY,RESOLVED,LOW,3.56
8082,4987,CRM00000008082,2026-06-22 18:24:48,BRANCH,RETENTION,RESOLVED,HIGH,5.32
8083,4988,CRM00000008083,2026-06-24 17:35:47,EMAIL,COMPLAINT,IN_PROGRESS,MEDIUM,
8084,4989,CRM00000008084,2026-05-31 09:43:20,EMAIL,DISPUTE,IN_PROGRESS,MEDIUM,
8085,4990,CRM00000008085,2026-07-29 22:19:44,PHONE,ADVISORY,RESOLVED,LOW,8.8
8086,4990,CRM00000008086,2026-07-08 09:51:29,EMAIL,COMPLAINT,RESOLVED,HIGH,20.08
8087,4990,CRM00000008087,2026-06-30 15:00:55,PHONE,PRODUCT_INQUIRY,RESOLVED,MEDIUM,15.82
8088,4991,CRM00000008088,2026-02-10 12:59:07,EMAIL,PRODUCT_INQUIRY,OPEN,LOW,
8089,4991,CRM00000008089,2025-12-11 09:51:21,PHONE,RETENTION,RESOLVED,HIGH,11.24
8090,4992,CRM00000008090,2025-10-19 12:39:05,PHONE,RETENTION,RESOLVED,LOW,7.07
8091,4993,CRM00000008091,2025-12-26 08:13:02,PHONE,ADVISORY,RESOLVED,MEDIUM,3.91
8092,4993,CRM00000008092,2026-05-12 08:42:40,EMAIL,PRODUCT_INQUIRY,RESOLVED,LOW,18.7
8093,4993,CRM00000008093,2025-12-16 09:50:06,PHONE,RETENTION,IN_PROGRESS,URGENT,
8094,4994,CRM00000008094,2025-10-03 17:56:21,CHAT,PRODUCT_INQUIRY,IN_PROGRESS,HIGH,
8095,4994,CRM00000008095,2026-04-04 16:27:15,PHONE,COMPLAINT,RESOLVED,URGENT,11.64
8096,4996,CRM00000008096,2026-04-29 17:55:12,CHAT,ONBOARDING,RESOLVED,MEDIUM,4.64
8097,4996,CRM00000008097,2026-03-05 22:47:40,CHAT,ADVISORY,RESOLVED,HIGH,9.61
8098,4997,CRM00000008098,2025-12-03 14:35:51,EMAIL,COMPLAINT,OPEN,MEDIUM,
8099,4997,CRM00000008099,2026-01-11 02:17:48,PHONE,PRODUCT_INQUIRY,OPEN,MEDIUM,
8100,4998,CRM00000008100,2026-02-22 17:28:32,EMAIL,ADVISORY,RESOLVED,LOW,12.39
8101,4999,CRM00000008101,2026-02-26 07:31:23,EMAIL,DISPUTE,ESCALATED,MEDIUM,
8102,4999,CRM00000008102,2025-10-29 09:18:04,PHONE,PRODUCT_INQUIRY,RESOLVED,URGENT,10.39
