fact_customer_service_key,customer_key,service_request_id,request_date,service_type,service_channel,request_status,sla_met_flag,handling_time_minutes
1,1,SR00000000001,2026-08-24 11:31:01,DISPUTE,HOTLINE,COMPLETED,False,60
2,1,SR00000000002,2026-05-22 04:39:53,CARD_REISSUE,APP,COMPLETED,False,88
3,3,SR00000000003,2026-08-12 08:12:07,APP_SUPPORT,EMAIL,COMPLETED,False,89
4,4,SR00000000004,2026-05-11 07:45:09,DISPUTE,APP,COMPLETED,False,53
5,4,SR00000000005,2026-05-17 21:08:35,DISPUTE,HOTLINE,COMPLETED,False,64
6,6,SR00000000006,2026-08-16 17:45:12,APP_SUPPORT,APP,NEW,False,50
7,8,SR00000000007,2026-05-08 23:38:09,DISPUTE,APP,COMPLETED,True,7
8,9,SR00000000008,2026-06-02 15:17:52,PIN_RESET,HOTLINE,COMPLETED,False,47
9,11,SR00000000009,2026-08-15 01:00:07,CARD_REISSUE,EMAIL,COMPLETED,False,89
10,13,SR00000000010,2026-06-12 13:58:08,APP_SUPPORT,HOTLINE,COMPLETED,True,22
11,13,SR00000000011,2026-07-05 17:12:51,LIMIT_CHANGE,CHATBOT,COMPLETED,False,71
12,14,SR00000000012,2026-06-01 23:28:21,STATEMENT_REQUEST,BRANCH,COMPLETED,True,30
13,14,SR00000000013,2026-07-18 14:39:40,STATEMENT_REQUEST,HOTLINE,COMPLETED,True,10
14,15,SR00000000014,2026-05-01 03:03:52,CARD_REISSUE,APP,COMPLETED,False,59
15,16,SR00000000015,2026-06-05 23:17:06,DISPUTE,APP,COMPLETED,False,87
16,17,SR00000000016,2026-06-11 06:08:02,CARD_REISSUE,APP,COMPLETED,False,84
17,20,SR00000000017,2026-04-28 04:40:59,LIMIT_CHANGE,EMAIL,COMPLETED,False,51
18,21,SR00000000018,2026-03-02 05:35:41,STATEMENT_REQUEST,HOTLINE,PROCESSING,True,16
19,21,SR00000000019,2026-04-19 03:57:45,APP_SUPPORT,HOTLINE,PROCESSING,False,87
20,21,SR00000000020,2026-06-28 15:00:04,CARD_REISSUE,HOTLINE,COMPLETED,True,40
21,22,SR00000000021,2026-06-10 09:00:41,APP_SUPPORT,APP,COMPLETED,True,40
22,22,SR00000000022,2026-06-08 14:17:26,APP_SUPPORT,HOTLINE,PROCESSING,False,54
23,22,SR00000000023,2026-08-07 15:21:46,STATEMENT_REQUEST,EMAIL,COMPLETED,False,82
24,25,SR00000000024,2026-06-09 01:26:57,STATEMENT_REQUEST,CHATBOT,PROCESSING,False,50
25,25,SR00000000025,2026-07-01 21:39:08,STATEMENT_REQUEST,HOTLINE,COMPLETED,False,78
26,28,SR00000000026,2026-08-24 18:17:39,CARD_REISSUE,APP,COMPLETED,False,75
27,28,SR00000000027,2026-06-01 21:14:34,PIN_RESET,HOTLINE,COMPLETED,True,30
28,29,SR00000000028,2026-03-22 05:44:08,PIN_RESET,HOTLINE,COMPLETED,True,26
29,30,SR00000000029,2026-07-12 15:10:23,PIN_RESET,HOTLINE,COMPLETED,False,82
30,30,SR00000000030,2026-07-09 12:33:49,ACCOUNT_CLOSURE,BRANCH,NEW,False,54
31,30,SR00000000031,2026-06-14 03:40:37,LIMIT_CHANGE,HOTLINE,COMPLETED,False,85
32,30,SR00000000032,2026-07-01 17:18:45,ACCOUNT_CLOSURE,APP,COMPLETED,False,74
33,30,SR00000000033,2026-07-28 12:49:24,CARD_REISSUE,HOTLINE,NEW,True,7
34,31,SR00000000034,2026-08-17 15:52:01,ACCOUNT_CLOSURE,EMAIL,PROCESSING,True,39
35,33,SR00000000035,2026-05-29 23:31:22,STATEMENT_REQUEST,BRANCH,COMPLETED,True,18
36,36,SR00000000036,2026-08-03 18:17:34,LIMIT_CHANGE,CHATBOT,COMPLETED,True,9
37,38,SR00000000037,2026-06-22 02:17:33,ADDRESS_UPDATE,APP,COMPLETED,True,29
38,39,SR00000000038,2026-06-25 22:13:06,DISPUTE,APP,COMPLETED,False,61
39,40,SR00000000039,2026-07-31 06:28:45,ACCOUNT_CLOSURE,APP,COMPLETED,False,54
40,40,SR00000000040,2026-06-17 19:26:02,STATEMENT_REQUEST,APP,COMPLETED,False,63
41,40,SR00000000041,2026-07-22 22:26:20,LIMIT_CHANGE,HOTLINE,PROCESSING,False,48
42,40,SR00000000042,2026-06-08 04:02:58,PIN_RESET,HOTLINE,COMPLETED,True,40
43,41,SR00000000043,2026-03-09 18:23:23,CARD_REISSUE,CHATBOT,REJECTED,True,4
44,42,SR00000000044,2026-07-03 07:30:42,STATEMENT_REQUEST,HOTLINE,COMPLETED,True,23
45,42,SR00000000045,2026-07-25 11:19:46,LIMIT_CHANGE,EMAIL,COMPLETED,False,56
46,42,SR00000000046,2026-03-30 04:06:19,PIN_RESET,HOTLINE,PROCESSING,True,35
47,42,SR00000000047,2026-04-04 08:07:19,CARD_REISSUE,APP,COMPLETED,False,85
48,42,SR00000000048,2026-04-13 13:17:58,PIN_RESET,APP,COMPLETED,True,39
49,43,SR00000000049,2026-07-28 21:05:02,ACCOUNT_CLOSURE,EMAIL,COMPLETED,True,25
50,43,SR00000000050,2026-07-30 01:59:12,STATEMENT_REQUEST,APP,COMPLETED,False,65
51,45,SR00000000051,2026-08-18 00:28:46,PIN_RESET,HOTLINE,COMPLETED,False,88
52,46,SR00000000052,2026-04-17 20:45:27,STATEMENT_REQUEST,BRANCH,PROCESSING,False,81
53,48,SR00000000053,2026-05-28 02:32:35,STATEMENT_REQUEST,BRANCH,COMPLETED,True,35
54,49,SR00000000054,2026-06-10 09:55:15,DISPUTE,EMAIL,COMPLETED,False,59
55,49,SR00000000055,2026-03-28 17:02:37,ACCOUNT_CLOSURE,EMAIL,COMPLETED,False,82
56,50,SR00000000056,2026-07-25 17:33:40,DISPUTE,APP,COMPLETED,False,85
57,51,SR00000000057,2026-07-22 13:44:27,DISPUTE,HOTLINE,COMPLETED,True,39
58,52,SR00000000058,2026-03-03 02:39:24,STATEMENT_REQUEST,HOTLINE,COMPLETED,False,49
59,52,SR00000000059,2026-04-07 14:54:13,STATEMENT_REQUEST,APP,PROCESSING,False,59
60,54,SR00000000060,2026-07-20 02:17:57,ADDRESS_UPDATE,HOTLINE,COMPLETED,True,23
61,55,SR00000000061,2026-08-11 15:58:41,CARD_REISSUE,APP,PROCESSING,False,59
62,57,SR00000000062,2026-06-04 19:12:18,STATEMENT_REQUEST,EMAIL,NEW,True,7
63,58,SR00000000063,2026-05-05 15:30:02,PIN_RESET,APP,COMPLETED,True,23
64,59,SR00000000064,2026-08-19 14:08:32,CARD_REISSUE,BRANCH,NEW,False,46
65,61,SR00000000065,2026-03-12 03:18:08,APP_SUPPORT,EMAIL,NEW,False,82
66,63,SR00000000066,2026-07-10 18:10:30,CARD_REISSUE,HOTLINE,COMPLETED,False,48
67,63,SR00000000067,2026-06-06 08:24:44,ADDRESS_UPDATE,HOTLINE,COMPLETED,False,54
68,63,SR00000000068,2026-06-06 13:53:21,ADDRESS_UPDATE,BRANCH,REJECTED,True,35
69,63,SR00000000069,2026-03-01 08:18:51,STATEMENT_REQUEST,BRANCH,COMPLETED,True,3
70,63,SR00000000070,2026-03-11 19:45:45,ADDRESS_UPDATE,HOTLINE,COMPLETED,True,4
71,64,SR00000000071,2026-04-20 00:26:18,LIMIT_CHANGE,APP,COMPLETED,False,46
72,66,SR00000000072,2026-08-14 10:20:58,ACCOUNT_CLOSURE,CHATBOT,COMPLETED,False,65
73,66,SR00000000073,2026-05-20 07:52:39,APP_SUPPORT,APP,PROCESSING,True,27
74,67,SR00000000074,2026-04-29 05:21:04,ACCOUNT_CLOSURE,HOTLINE,COMPLETED,True,38
75,67,SR00000000075,2026-03-08 00:59:13,LIMIT_CHANGE,APP,COMPLETED,True,6
76,68,SR00000000076,2026-07-26 20:53:48,CARD_REISSUE,HOTLINE,COMPLETED,False,69
77,68,SR00000000077,2026-05-06 06:27:47,CARD_REISSUE,BRANCH,COMPLETED,False,88
78,71,SR00000000078,2026-08-01 03:52:04,ACCOUNT_CLOSURE,APP,PROCESSING,False,81
79,74,SR00000000079,2026-08-20 11:23:19,DISPUTE,EMAIL,PROCESSING,True,44
80,76,SR00000000080,2026-04-06 23:04:59,ACCOUNT_CLOSURE,HOTLINE,PROCESSING,True,3
81,77,SR00000000081,2026-08-26 10:38:12,ADDRESS_UPDATE,HOTLINE,COMPLETED,False,57
82,77,SR00000000082,2026-08-06 12:09:19,CARD_REISSUE,EMAIL,COMPLETED,False,55
83,78,SR00000000083,2026-03-11 22:42:11,PIN_RESET,CHATBOT,COMPLETED,True,19
84,79,SR00000000084,2026-06-04 09:37:47,APP_SUPPORT,APP,COMPLETED,False,81
85,79,SR00000000085,2026-04-02 17:44:32,ACCOUNT_CLOSURE,CHATBOT,COMPLETED,False,72
86,79,SR00000000086,2026-05-07 22:00:21,DISPUTE,APP,COMPLETED,True,37
87,80,SR00000000087,2026-08-08 04:36:44,ADDRESS_UPDATE,HOTLINE,COMPLETED,False,56
88,81,SR00000000088,2026-06-16 00:06:06,PIN_RESET,BRANCH,COMPLETED,False,49
89,81,SR00000000089,2026-04-23 06:19:08,DISPUTE,HOTLINE,COMPLETED,False,68
90,83,SR00000000090,2026-05-19 19:07:43,ADDRESS_UPDATE,HOTLINE,PROCESSING,False,75
91,83,SR00000000091,2026-07-24 17:40:12,PIN_RESET,HOTLINE,COMPLETED,False,47
92,85,SR00000000092,2026-06-26 03:27:39,CARD_REISSUE,BRANCH,COMPLETED,True,26
93,86,SR00000000093,2026-03-29 08:03:51,PIN_RESET,HOTLINE,PROCESSING,True,24
94,86,SR00000000094,2026-04-01 10:21:01,LIMIT_CHANGE,APP,PROCESSING,False,53
95,87,SR00000000095,2026-06-12 01:36:29,ACCOUNT_CLOSURE,CHATBOT,COMPLETED,False,56
96,87,SR00000000096,2026-05-31 02:19:59,PIN_RESET,APP,COMPLETED,False,88
97,90,SR00000000097,2026-04-30 18:29:50,ACCOUNT_CLOSURE,APP,COMPLETED,True,34
98,90,SR00000000098,2026-07-20 05:14:15,ADDRESS_UPDATE,CHATBOT,COMPLETED,False,85
99,92,SR00000000099,2026-07-06 21:14:44,PIN_RESET,APP,COMPLETED,True,45
100,92,SR00000000100,2026-07-05 20:54:22,DISPUTE,APP,NEW,False,53
101,92,SR00000000101,2026-04-19 06:05:42,STATEMENT_REQUEST,APP,COMPLETED,False,68
102,92,SR00000000102,2026-08-06 00:27:20,STATEMENT_REQUEST,EMAIL,COMPLETED,False,60
103,92,SR00000000103,2026-03-02 02:52:30,CARD_REISSUE,EMAIL,COMPLETED,True,36
104,93,SR00000000104,2026-07-29 08:50:55,APP_SUPPORT,EMAIL,COMPLETED,False,87
105,94,SR00000000105,2026-08-16 13:11:56,CARD_REISSUE,EMAIL,COMPLETED,False,52
106,95,SR00000000106,2026-08-09 18:09:04,DISPUTE,EMAIL,COMPLETED,False,49
107,96,SR00000000107,2026-05-14 01:24:42,CARD_REISSUE,BRANCH,PROCESSING,True,40
108,97,SR00000000108,2026-07-02 04:07:09,CARD_REISSUE,HOTLINE,COMPLETED,True,25
109,99,SR00000000109,2026-03-15 17:44:34,STATEMENT_REQUEST,HOTLINE,COMPLETED,False,59
110,101,SR00000000110,2026-06-06 04:16:31,APP_SUPPORT,APP,COMPLETED,False,65
111,101,SR00000000111,2026-07-03 00:20:19,LIMIT_CHANGE,BRANCH,COMPLETED,True,15
112,107,SR00000000112,2026-06-01 22:32:38,CARD_REISSUE,HOTLINE,COMPLETED,False,73
113,107,SR00000000113,2026-06-20 10:05:13,CARD_REISSUE,APP,COMPLETED,True,37
114,108,SR00000000114,2026-03-12 03:29:48,ADDRESS_UPDATE,APP,COMPLETED,False,72
115,109,SR00000000115,2026-05-08 13:57:31,PIN_RESET,HOTLINE,COMPLETED,True,20
116,109,SR00000000116,2026-03-03 10:32:28,PIN_RESET,HOTLINE,COMPLETED,False,66
117,111,SR00000000117,2026-07-02 21:01:58,DISPUTE,EMAIL,NEW,True,9
118,114,SR00000000118,2026-04-01 20:59:03,PIN_RESET,APP,COMPLETED,True,29
119,115,SR00000000119,2026-07-17 13:51:20,CARD_REISSUE,BRANCH,COMPLETED,False,82
120,115,SR00000000120,2026-04-30 00:45:15,APP_SUPPORT,APP,COMPLETED,True,24
121,115,SR00000000121,2026-07-20 02:49:28,DISPUTE,BRANCH,PROCESSING,True,16
122,116,SR00000000122,2026-07-23 13:18:31,DISPUTE,HOTLINE,PROCESSING,False,51
123,117,SR00000000123,2026-08-17 13:33:52,ADDRESS_UPDATE,BRANCH,COMPLETED,False,86
124,117,SR00000000124,2026-04-25 17:27:09,STATEMENT_REQUEST,HOTLINE,NEW,False,60
125,118,SR00000000125,2026-07-31 22:44:01,CARD_REISSUE,BRANCH,COMPLETED,True,16
126,120,SR00000000126,2026-06-01 10:01:09,APP_SUPPORT,HOTLINE,COMPLETED,True,11
127,121,SR00000000127,2026-04-08 23:06:10,APP_SUPPORT,HOTLINE,COMPLETED,True,42
128,121,SR00000000128,2026-05-06 02:42:22,ADDRESS_UPDATE,HOTLINE,COMPLETED,True,29
129,122,SR00000000129,2026-08-14 20:09:33,LIMIT_CHANGE,APP,COMPLETED,False,88
130,122,SR00000000130,2026-03-05 14:17:47,ACCOUNT_CLOSURE,CHATBOT,COMPLETED,False,53
131,122,SR00000000131,2026-07-02 21:23:39,PIN_RESET,APP,COMPLETED,False,82
132,123,SR00000000132,2026-03-16 06:01:52,LIMIT_CHANGE,HOTLINE,COMPLETED,False,85
133,126,SR00000000133,2026-05-05 17:35:25,LIMIT_CHANGE,HOTLINE,REJECTED,True,11
134,127,SR00000000134,2026-05-06 15:11:29,PIN_RESET,BRANCH,COMPLETED,False,88
135,129,SR00000000135,2026-04-06 22:29:12,APP_SUPPORT,HOTLINE,COMPLETED,True,38
136,129,SR00000000136,2026-03-16 07:54:49,STATEMENT_REQUEST,HOTLINE,REJECTED,True,6
137,131,SR00000000137,2026-04-30 09:52:58,APP_SUPPORT,CHATBOT,COMPLETED,True,38
138,131,SR00000000138,2026-03-05 20:09:25,PIN_RESET,HOTLINE,COMPLETED,True,37
139,133,SR00000000139,2026-06-25 19:33:12,PIN_RESET,APP,COMPLETED,True,33
140,134,SR00000000140,2026-07-15 08:11:40,PIN_RESET,HOTLINE,NEW,True,6
141,135,SR00000000141,2026-08-09 23:35:18,PIN_RESET,EMAIL,COMPLETED,False,65
142,136,SR00000000142,2026-07-18 01:05:53,CARD_REISSUE,EMAIL,COMPLETED,True,10
143,137,SR00000000143,2026-06-28 09:29:43,STATEMENT_REQUEST,HOTLINE,COMPLETED,True,33
144,137,SR00000000144,2026-03-08 07:29:59,APP_SUPPORT,APP,COMPLETED,False,87
145,137,SR00000000145,2026-06-18 12:45:59,APP_SUPPORT,EMAIL,COMPLETED,False,47
146,139,SR00000000146,2026-05-16 04:19:12,APP_SUPPORT,CHATBOT,COMPLETED,True,37
147,139,SR00000000147,2026-06-12 10:12:55,APP_SUPPORT,APP,PROCESSING,False,78
148,140,SR00000000148,2026-05-27 22:06:55,LIMIT_CHANGE,BRANCH,COMPLETED,False,72
149,140,SR00000000149,2026-04-26 18:58:15,STATEMENT_REQUEST,APP,COMPLETED,True,15
150,141,SR00000000150,2026-07-20 04:06:04,PIN_RESET,HOTLINE,COMPLETED,True,6
151,143,SR00000000151,2026-05-19 11:41:29,STATEMENT_REQUEST,APP,COMPLETED,True,15
152,144,SR00000000152,2026-05-13 22:14:42,LIMIT_CHANGE,HOTLINE,COMPLETED,True,44
153,145,SR00000000153,2026-05-12 03:18:48,PIN_RESET,BRANCH,COMPLETED,True,15
154,146,SR00000000154,2026-07-01 04:42:49,PIN_RESET,APP,COMPLETED,True,5
155,146,SR00000000155,2026-07-04 10:24:10,STATEMENT_REQUEST,APP,COMPLETED,False,51
156,146,SR00000000156,2026-07-30 10:53:36,ADDRESS_UPDATE,HOTLINE,COMPLETED,False,62
157,147,SR00000000157,2026-04-13 06:19:38,DISPUTE,HOTLINE,REJECTED,True,22
158,150,SR00000000158,2026-05-27 20:25:06,APP_SUPPORT,APP,COMPLETED,True,20
159,153,SR00000000159,2026-07-23 09:05:53,LIMIT_CHANGE,APP,COMPLETED,True,40
160,154,SR00000000160,2026-08-25 13:52:50,CARD_REISSUE,HOTLINE,COMPLETED,True,36
161,156,SR00000000161,2026-04-28 23:17:57,ACCOUNT_CLOSURE,EMAIL,NEW,True,11
162,156,SR00000000162,2026-07-22 05:33:09,DISPUTE,HOTLINE,PROCESSING,False,49
163,158,SR00000000163,2026-08-01 08:02:43,LIMIT_CHANGE,HOTLINE,COMPLETED,False,79
164,159,SR00000000164,2026-03-17 13:17:06,ADDRESS_UPDATE,BRANCH,COMPLETED,True,10
165,159,SR00000000165,2026-07-11 12:08:47,ACCOUNT_CLOSURE,HOTLINE,COMPLETED,False,63
166,159,SR00000000166,2026-08-05 14:56:09,STATEMENT_REQUEST,HOTLINE,COMPLETED,True,42
167,159,SR00000000167,2026-03-28 08:01:14,DISPUTE,HOTLINE,COMPLETED,True,43
168,160,SR00000000168,2026-06-21 15:52:50,LIMIT_CHANGE,APP,COMPLETED,False,46
169,161,SR00000000169,2026-06-07 15:28:10,STATEMENT_REQUEST,HOTLINE,COMPLETED,True,30
170,162,SR00000000170,2026-04-17 09:31:43,STATEMENT_REQUEST,HOTLINE,COMPLETED,False,46
171,163,SR00000000171,2026-04-08 01:22:42,ACCOUNT_CLOSURE,CHATBOT,COMPLETED,True,27
172,163,SR00000000172,2026-08-20 13:56:29,STATEMENT_REQUEST,HOTLINE,COMPLETED,True,9
173,163,SR00000000173,2026-05-14 22:59:11,PIN_RESET,APP,COMPLETED,True,14
174,164,SR00000000174,2026-03-11 04:53:25,DISPUTE,APP,NEW,True,35
175,165,SR00000000175,2026-05-13 02:42:44,ACCOUNT_CLOSURE,APP,COMPLETED,True,45
176,166,SR00000000176,2026-05-20 20:39:19,ACCOUNT_CLOSURE,HOTLINE,PROCESSING,True,34
177,166,SR00000000177,2026-06-20 15:02:32,APP_SUPPORT,HOTLINE,REJECTED,True,41
178,167,SR00000000178,2026-06-11 23:50:22,DISPUTE,HOTLINE,COMPLETED,True,9
179,168,SR00000000179,2026-03-17 05:55:11,STATEMENT_REQUEST,HOTLINE,COMPLETED,False,65
180,169,SR00000000180,2026-05-25 19:27:37,CARD_REISSUE,APP,COMPLETED,False,61
181,171,SR00000000181,2026-07-18 22:43:09,APP_SUPPORT,CHATBOT,COMPLETED,True,6
182,171,SR00000000182,2026-04-07 20:04:03,DISPUTE,APP,PROCESSING,True,12
183,174,SR00000000183,2026-07-14 23:32:10,DISPUTE,CHATBOT,COMPLETED,False,55
184,175,SR00000000184,2026-08-24 03:20:22,STATEMENT_REQUEST,BRANCH,COMPLETED,False,62
185,175,SR00000000185,2026-06-16 08:31:39,PIN_RESET,HOTLINE,COMPLETED,False,57
186,176,SR00000000186,2026-03-25 05:32:38,LIMIT_CHANGE,APP,COMPLETED,True,28
187,178,SR00000000187,2026-08-17 03:23:28,APP_SUPPORT,APP,COMPLETED,True,28
188,179,SR00000000188,2026-04-25 12:08:49,STATEMENT_REQUEST,APP,COMPLETED,True,35
189,179,SR00000000189,2026-04-30 03:14:32,ACCOUNT_CLOSURE,HOTLINE,COMPLETED,False,61
190,180,SR00000000190,2026-04-16 17:57:29,DISPUTE,CHATBOT,COMPLETED,False,74
191,180,SR00000000191,2026-07-15 06:11:15,STATEMENT_REQUEST,APP,COMPLETED,True,30
192,180,SR00000000192,2026-05-01 14:49:15,APP_SUPPORT,APP,COMPLETED,True,15
193,181,SR00000000193,2026-03-28 10:00:55,STATEMENT_REQUEST,HOTLINE,REJECTED,True,36
194,182,SR00000000194,2026-03-26 18:08:07,APP_SUPPORT,BRANCH,COMPLETED,False,79
195,182,SR00000000195,2026-08-15 18:23:22,LIMIT_CHANGE,HOTLINE,COMPLETED,False,80
196,184,SR00000000196,2026-08-19 14:39:46,PIN_RESET,HOTLINE,COMPLETED,True,20
197,184,SR00000000197,2026-04-01 17:13:50,ADDRESS_UPDATE,EMAIL,COMPLETED,True,40
198,184,SR00000000198,2026-05-18 22:42:49,ADDRESS_UPDATE,APP,COMPLETED,False,49
199,185,SR00000000199,2026-03-13 18:39:20,STATEMENT_REQUEST,CHATBOT,COMPLETED,True,38
200,185,SR00000000200,2026-07-05 16:18:53,LIMIT_CHANGE,HOTLINE,REJECTED,True,42
201,185,SR00000000201,2026-08-25 03:12:17,DISPUTE,APP,COMPLETED,False,86
202,186,SR00000000202,2026-07-12 00:23:29,PIN_RESET,APP,REJECTED,True,6
203,186,SR00000000203,2026-03-11 01:01:03,CARD_REISSUE,APP,COMPLETED,True,35
204,188,SR00000000204,2026-06-28 11:32:47,ADDRESS_UPDATE,HOTLINE,COMPLETED,False,65
205,188,SR00000000205,2026-06-24 04:59:13,ADDRESS_UPDATE,BRANCH,COMPLETED,True,22
206,191,SR00000000206,2026-06-12 10:49:43,PIN_RESET,APP,NEW,False,69
207,192,SR00000000207,2026-06-27 16:09:40,ACCOUNT_CLOSURE,HOTLINE,COMPLETED,False,87
208,192,SR00000000208,2026-04-24 19:12:23,LIMIT_CHANGE,APP,COMPLETED,False,74
209,194,SR00000000209,2026-07-26 22:25:33,PIN_RESET,BRANCH,COMPLETED,False,47
210,196,SR00000000210,2026-05-12 05:30:55,DISPUTE,HOTLINE,COMPLETED,True,24
211,197,SR00000000211,2026-03-21 07:11:58,APP_SUPPORT,EMAIL,COMPLETED,False,78
212,197,SR00000000212,2026-04-18 23:37:29,ACCOUNT_CLOSURE,APP,COMPLETED,True,21
213,197,SR00000000213,2026-04-07 19:12:36,CARD_REISSUE,HOTLINE,COMPLETED,False,78
214,201,SR00000000214,2026-03-27 16:46:44,ADDRESS_UPDATE,BRANCH,COMPLETED,False,53
215,202,SR00000000215,2026-05-08 16:21:05,CARD_REISSUE,HOTLINE,COMPLETED,True,32
216,204,SR00000000216,2026-06-09 15:52:04,CARD_REISSUE,HOTLINE,COMPLETED,True,24
217,205,SR00000000217,2026-04-06 22:03:33,PIN_RESET,BRANCH,COMPLETED,False,48
218,205,SR00000000218,2026-05-16 12:01:58,APP_SUPPORT,HOTLINE,COMPLETED,True,42
219,205,SR00000000219,2026-03-31 15:18:01,PIN_RESET,APP,COMPLETED,False,47
220,205,SR00000000220,2026-03-22 17:47:14,CARD_REISSUE,HOTLINE,COMPLETED,True,33
221,205,SR00000000221,2026-04-24 01:59:33,LIMIT_CHANGE,HOTLINE,COMPLETED,True,11
222,208,SR00000000222,2026-05-27 17:44:36,PIN_RESET,APP,REJECTED,True,32
223,208,SR00000000223,2026-04-09 11:07:16,DISPUTE,EMAIL,COMPLETED,False,83
224,209,SR00000000224,2026-07-17 18:29:36,LIMIT_CHANGE,HOTLINE,COMPLETED,False,89
225,210,SR00000000225,2026-03-13 03:51:32,CARD_REISSUE,BRANCH,COMPLETED,True,5
226,211,SR00000000226,2026-07-20 12:27:30,ACCOUNT_CLOSURE,HOTLINE,COMPLETED,False,88
227,211,SR00000000227,2026-05-12 18:31:52,LIMIT_CHANGE,CHATBOT,COMPLETED,False,69
228,212,SR00000000228,2026-03-06 14:32:22,STATEMENT_REQUEST,APP,COMPLETED,False,57
229,213,SR00000000229,2026-06-21 16:22:07,ACCOUNT_CLOSURE,APP,COMPLETED,False,48
230,214,SR00000000230,2026-03-17 09:48:25,LIMIT_CHANGE,HOTLINE,COMPLETED,True,17
231,215,SR00000000231,2026-07-27 11:13:41,PIN_RESET,HOTLINE,COMPLETED,True,17
232,215,SR00000000232,2026-05-15 08:15:40,STATEMENT_REQUEST,HOTLINE,COMPLETED,True,5
233,215,SR00000000233,2026-03-09 22:07:27,PIN_RESET,HOTLINE,COMPLETED,True,30
234,217,SR00000000234,2026-03-05 11:25:26,STATEMENT_REQUEST,APP,NEW,True,33
235,217,SR00000000235,2026-05-15 06:32:13,PIN_RESET,HOTLINE,COMPLETED,False,49
236,219,SR00000000236,2026-04-17 01:16:28,ADDRESS_UPDATE,APP,COMPLETED,True,15
237,219,SR00000000237,2026-04-03 05:07:11,LIMIT_CHANGE,APP,COMPLETED,False,50
238,222,SR00000000238,2026-03-30 13:35:44,STATEMENT_REQUEST,APP,COMPLETED,False,67
239,223,SR00000000239,2026-06-12 16:46:26,CARD_REISSUE,APP,COMPLETED,True,15
240,225,SR00000000240,2026-04-08 08:25:49,APP_SUPPORT,HOTLINE,COMPLETED,True,36
241,225,SR00000000241,2026-05-26 12:41:29,APP_SUPPORT,CHATBOT,COMPLETED,True,27
242,225,SR00000000242,2026-05-09 17:41:40,LIMIT_CHANGE,APP,COMPLETED,True,11
243,225,SR00000000243,2026-08-20 07:24:41,DISPUTE,APP,NEW,False,86
244,226,SR00000000244,2026-03-22 11:03:56,APP_SUPPORT,APP,COMPLETED,True,34
245,227,SR00000000245,2026-05-24 04:26:05,STATEMENT_REQUEST,HOTLINE,COMPLETED,True,14
246,227,SR00000000246,2026-03-19 18:49:29,DISPUTE,HOTLINE,COMPLETED,False,58
247,229,SR00000000247,2026-07-01 21:49:23,DISPUTE,HOTLINE,COMPLETED,True,34
248,229,SR00000000248,2026-06-02 06:13:35,APP_SUPPORT,APP,COMPLETED,True,28
249,229,SR00000000249,2026-06-25 00:28:34,CARD_REISSUE,EMAIL,COMPLETED,True,5
250,231,SR00000000250,2026-06-30 03:02:40,LIMIT_CHANGE,APP,NEW,True,35
251,231,SR00000000251,2026-08-11 10:11:48,APP_SUPPORT,BRANCH,REJECTED,True,35
252,232,SR00000000252,2026-04-28 01:51:03,CARD_REISSUE,HOTLINE,PROCESSING,True,28
253,236,SR00000000253,2026-06-12 11:08:44,DISPUTE,EMAIL,COMPLETED,True,25
254,236,SR00000000254,2026-06-10 15:13:10,PIN_RESET,HOTLINE,COMPLETED,False,88
255,237,SR00000000255,2026-07-13 09:17:33,DISPUTE,APP,PROCESSING,False,72
256,237,SR00000000256,2026-08-25 10:47:20,APP_SUPPORT,BRANCH,COMPLETED,True,11
257,239,SR00000000257,2026-04-27 23:09:34,STATEMENT_REQUEST,EMAIL,COMPLETED,False,74
258,242,SR00000000258,2026-05-26 17:42:29,STATEMENT_REQUEST,APP,COMPLETED,True,5
259,243,SR00000000259,2026-06-07 13:03:33,CARD_REISSUE,APP,COMPLETED,True,30
260,243,SR00000000260,2026-07-22 22:56:07,PIN_RESET,HOTLINE,COMPLETED,False,62
261,244,SR00000000261,2026-06-03 16:05:39,LIMIT_CHANGE,BRANCH,COMPLETED,False,56
262,245,SR00000000262,2026-08-16 18:46:39,ADDRESS_UPDATE,APP,COMPLETED,True,37
263,245,SR00000000263,2026-08-03 11:55:29,APP_SUPPORT,EMAIL,PROCESSING,True,23
264,246,SR00000000264,2026-04-22 23:19:25,DISPUTE,APP,COMPLETED,True,5
265,246,SR00000000265,2026-04-24 19:13:23,ADDRESS_UPDATE,BRANCH,COMPLETED,False,79
266,247,SR00000000266,2026-04-09 01:46:17,DISPUTE,EMAIL,COMPLETED,False,80
267,247,SR00000000267,2026-06-18 14:35:29,DISPUTE,APP,COMPLETED,True,18
268,248,SR00000000268,2026-04-19 05:31:43,ADDRESS_UPDATE,HOTLINE,COMPLETED,True,45
269,249,SR00000000269,2026-05-11 08:21:49,STATEMENT_REQUEST,APP,PROCESSING,True,28
270,249,SR00000000270,2026-04-25 07:14:02,PIN_RESET,CHATBOT,COMPLETED,True,36
271,251,SR00000000271,2026-06-01 04:12:04,PIN_RESET,HOTLINE,NEW,True,38
272,251,SR00000000272,2026-07-29 04:57:33,ACCOUNT_CLOSURE,EMAIL,COMPLETED,False,52
273,251,SR00000000273,2026-05-11 08:58:25,ADDRESS_UPDATE,APP,COMPLETED,True,34
274,251,SR00000000274,2026-05-07 23:56:27,CARD_REISSUE,HOTLINE,REJECTED,False,77
275,256,SR00000000275,2026-03-13 12:48:04,APP_SUPPORT,BRANCH,COMPLETED,True,4
276,257,SR00000000276,2026-08-01 06:29:30,DISPUTE,APP,COMPLETED,False,67
277,257,SR00000000277,2026-08-15 13:57:51,APP_SUPPORT,HOTLINE,COMPLETED,False,63
278,258,SR00000000278,2026-04-29 11:10:05,APP_SUPPORT,APP,COMPLETED,False,48
279,258,SR00000000279,2026-08-24 19:00:09,APP_SUPPORT,EMAIL,COMPLETED,True,13
280,260,SR00000000280,2026-03-23 06:30:37,LIMIT_CHANGE,BRANCH,PROCESSING,False,80
281,261,SR00000000281,2026-04-26 05:20:19,STATEMENT_REQUEST,BRANCH,PROCESSING,True,15
282,264,SR00000000282,2026-07-25 23:06:21,ADDRESS_UPDATE,CHATBOT,COMPLETED,True,18
283,265,SR00000000283,2026-03-13 18:48:10,PIN_RESET,APP,PROCESSING,False,54
284,267,SR00000000284,2026-03-19 22:53:49,STATEMENT_REQUEST,APP,COMPLETED,False,84
285,268,SR00000000285,2026-03-21 22:52:25,PIN_RESET,CHATBOT,COMPLETED,False,85
286,269,SR00000000286,2026-06-07 03:57:05,PIN_RESET,APP,COMPLETED,False,88
287,270,SR00000000287,2026-08-02 11:12:19,STATEMENT_REQUEST,CHATBOT,COMPLETED,False,79
288,270,SR00000000288,2026-05-26 22:30:06,STATEMENT_REQUEST,APP,COMPLETED,True,33
289,270,SR00000000289,2026-06-12 11:51:56,PIN_RESET,HOTLINE,COMPLETED,False,49
290,271,SR00000000290,2026-05-27 15:28:43,PIN_RESET,CHATBOT,COMPLETED,False,62
291,274,SR00000000291,2026-04-15 06:36:24,ADDRESS_UPDATE,HOTLINE,COMPLETED,True,38
292,275,SR00000000292,2026-03-04 10:47:57,APP_SUPPORT,CHATBOT,COMPLETED,True,24
293,276,SR00000000293,2026-06-22 19:39:15,DISPUTE,HOTLINE,COMPLETED,True,28
294,277,SR00000000294,2026-08-02 17:13:17,PIN_RESET,EMAIL,NEW,False,74
295,278,SR00000000295,2026-04-06 06:43:42,APP_SUPPORT,HOTLINE,COMPLETED,False,49
296,278,SR00000000296,2026-05-09 18:56:52,APP_SUPPORT,HOTLINE,COMPLETED,True,3
297,279,SR00000000297,2026-08-20 15:36:18,LIMIT_CHANGE,APP,COMPLETED,True,18
298,280,SR00000000298,2026-08-04 20:13:09,LIMIT_CHANGE,APP,COMPLETED,True,27
299,281,SR00000000299,2026-05-04 09:38:57,STATEMENT_REQUEST,EMAIL,COMPLETED,False,55
300,283,SR00000000300,2026-07-20 18:44:10,ACCOUNT_CLOSURE,APP,COMPLETED,False,70
301,285,SR00000000301,2026-08-15 08:05:34,DISPUTE,APP,COMPLETED,False,84
302,286,SR00000000302,2026-05-07 15:47:29,PIN_RESET,EMAIL,COMPLETED,True,27
303,286,SR00000000303,2026-03-10 09:42:08,LIMIT_CHANGE,HOTLINE,COMPLETED,False,83
304,289,SR00000000304,2026-05-28 09:35:21,LIMIT_CHANGE,HOTLINE,REJECTED,True,4
305,289,SR00000000305,2026-03-28 22:13:07,DISPUTE,HOTLINE,COMPLETED,True,7
306,289,SR00000000306,2026-07-07 04:55:14,CARD_REISSUE,EMAIL,COMPLETED,True,43
307,290,SR00000000307,2026-02-28 20:21:55,CARD_REISSUE,BRANCH,COMPLETED,True,18
308,291,SR00000000308,2026-05-09 16:31:35,APP_SUPPORT,APP,COMPLETED,True,5
309,292,SR00000000309,2026-04-10 03:31:58,ADDRESS_UPDATE,HOTLINE,COMPLETED,True,6
310,293,SR00000000310,2026-06-20 13:29:13,CARD_REISSUE,CHATBOT,COMPLETED,True,10
311,293,SR00000000311,2026-05-04 14:19:03,CARD_REISSUE,HOTLINE,COMPLETED,True,24
312,293,SR00000000312,2026-04-15 14:39:32,CARD_REISSUE,EMAIL,COMPLETED,False,80
313,294,SR00000000313,2026-03-11 19:09:20,LIMIT_CHANGE,BRANCH,COMPLETED,False,53
314,296,SR00000000314,2026-05-19 12:27:08,APP_SUPPORT,HOTLINE,COMPLETED,True,5
315,296,SR00000000315,2026-07-18 00:38:28,DISPUTE,CHATBOT,COMPLETED,True,24
316,297,SR00000000316,2026-07-05 02:01:21,APP_SUPPORT,HOTLINE,PROCESSING,False,83
317,298,SR00000000317,2026-08-24 06:30:04,APP_SUPPORT,EMAIL,COMPLETED,False,49
318,299,SR00000000318,2026-05-14 21:19:10,DISPUTE,APP,COMPLETED,False,46
319,300,SR00000000319,2026-05-19 09:22:22,STATEMENT_REQUEST,HOTLINE,COMPLETED,True,26
320,300,SR00000000320,2026-03-24 18:59:30,STATEMENT_REQUEST,BRANCH,COMPLETED,True,27
321,300,SR00000000321,2026-03-02 16:05:38,CARD_REISSUE,EMAIL,COMPLETED,False,72
322,300,SR00000000322,2026-05-13 17:23:13,STATEMENT_REQUEST,APP,COMPLETED,True,28
323,301,SR00000000323,2026-08-10 22:28:50,APP_SUPPORT,APP,COMPLETED,False,62
324,302,SR00000000324,2026-06-28 01:38:14,LIMIT_CHANGE,CHATBOT,PROCESSING,True,14
325,302,SR00000000325,2026-08-25 19:42:15,ACCOUNT_CLOSURE,APP,COMPLETED,True,43
326,302,SR00000000326,2026-05-22 10:35:16,APP_SUPPORT,APP,COMPLETED,False,83
327,303,SR00000000327,2026-08-21 16:39:47,CARD_REISSUE,HOTLINE,PROCESSING,False,88
328,303,SR00000000328,2026-05-29 02:21:13,LIMIT_CHANGE,EMAIL,COMPLETED,False,73
329,304,SR00000000329,2026-03-02 09:22:04,DISPUTE,CHATBOT,COMPLETED,False,48
330,304,SR00000000330,2026-06-25 05:28:59,STATEMENT_REQUEST,EMAIL,COMPLETED,True,29
331,305,SR00000000331,2026-06-16 20:31:12,CARD_REISSUE,HOTLINE,COMPLETED,True,25
332,306,SR00000000332,2026-07-28 03:04:53,APP_SUPPORT,HOTLINE,COMPLETED,True,25
333,308,SR00000000333,2026-05-13 18:32:37,LIMIT_CHANGE,BRANCH,COMPLETED,False,70
334,310,SR00000000334,2026-06-01 14:41:43,DISPUTE,BRANCH,NEW,False,74
335,311,SR00000000335,2026-06-10 18:02:02,DISPUTE,APP,COMPLETED,True,30
336,311,SR00000000336,2026-03-14 23:52:32,LIMIT_CHANGE,APP,COMPLETED,True,19
337,312,SR00000000337,2026-08-26 17:34:43,STATEMENT_REQUEST,APP,COMPLETED,False,47
338,312,SR00000000338,2026-03-07 11:25:02,LIMIT_CHANGE,HOTLINE,COMPLETED,True,24
339,312,SR00000000339,2026-06-23 06:29:25,STATEMENT_REQUEST,HOTLINE,COMPLETED,False,66
340,315,SR00000000340,2026-08-17 09:59:02,STATEMENT_REQUEST,APP,COMPLETED,True,45
341,315,SR00000000341,2026-03-24 14:00:24,STATEMENT_REQUEST,BRANCH,COMPLETED,False,80
342,315,SR00000000342,2026-07-23 01:33:44,LIMIT_CHANGE,HOTLINE,COMPLETED,True,11
343,316,SR00000000343,2026-05-21 07:33:04,DISPUTE,CHATBOT,COMPLETED,True,42
344,317,SR00000000344,2026-03-19 07:00:45,DISPUTE,EMAIL,COMPLETED,True,15
345,318,SR00000000345,2026-08-01 02:41:49,LIMIT_CHANGE,HOTLINE,COMPLETED,True,38
346,318,SR00000000346,2026-05-14 08:31:22,CARD_REISSUE,CHATBOT,PROCESSING,False,66
347,318,SR00000000347,2026-05-02 09:29:14,STATEMENT_REQUEST,HOTLINE,COMPLETED,False,63
348,319,SR00000000348,2026-07-27 11:37:27,STATEMENT_REQUEST,HOTLINE,COMPLETED,False,55
349,320,SR00000000349,2026-06-28 07:37:15,LIMIT_CHANGE,EMAIL,PROCESSING,False,54
350,323,SR00000000350,2026-06-27 05:13:56,LIMIT_CHANGE,CHATBOT,COMPLETED,True,43
351,323,SR00000000351,2026-03-31 08:33:48,DISPUTE,EMAIL,COMPLETED,True,33
352,324,SR00000000352,2026-04-30 16:54:02,PIN_RESET,APP,PROCESSING,False,85
353,326,SR00000000353,2026-05-13 06:51:55,ACCOUNT_CLOSURE,HOTLINE,COMPLETED,False,67
354,326,SR00000000354,2026-03-06 04:41:46,CARD_REISSUE,HOTLINE,COMPLETED,True,28
355,326,SR00000000355,2026-06-27 08:16:43,LIMIT_CHANGE,HOTLINE,COMPLETED,False,82
356,327,SR00000000356,2026-08-22 16:26:51,CARD_REISSUE,HOTLINE,COMPLETED,False,81
357,327,SR00000000357,2026-07-13 19:48:13,STATEMENT_REQUEST,APP,COMPLETED,True,7
358,328,SR00000000358,2026-05-11 10:46:48,LIMIT_CHANGE,BRANCH,COMPLETED,False,61
359,328,SR00000000359,2026-06-21 15:42:16,LIMIT_CHANGE,APP,PROCESSING,True,21
360,328,SR00000000360,2026-07-09 15:59:54,DISPUTE,HOTLINE,PROCESSING,False,74
361,329,SR00000000361,2026-04-20 19:47:51,LIMIT_CHANGE,HOTLINE,PROCESSING,True,26
362,329,SR00000000362,2026-08-24 12:41:16,APP_SUPPORT,HOTLINE,COMPLETED,True,12
363,330,SR00000000363,2026-06-07 09:32:50,LIMIT_CHANGE,HOTLINE,COMPLETED,True,21
364,331,SR00000000364,2026-06-18 23:16:33,APP_SUPPORT,APP,COMPLETED,False,70
365,331,SR00000000365,2026-07-22 19:52:18,DISPUTE,HOTLINE,COMPLETED,True,28
366,331,SR00000000366,2026-03-15 02:39:42,ACCOUNT_CLOSURE,EMAIL,COMPLETED,False,82
367,331,SR00000000367,2026-03-15 05:16:50,PIN_RESET,EMAIL,COMPLETED,False,74
368,332,SR00000000368,2026-06-25 15:55:39,PIN_RESET,EMAIL,COMPLETED,False,89
369,332,SR00000000369,2026-08-17 06:43:00,APP_SUPPORT,APP,COMPLETED,True,41
370,333,SR00000000370,2026-08-01 18:49:05,PIN_RESET,APP,COMPLETED,False,75
371,333,SR00000000371,2026-06-15 19:39:56,STATEMENT_REQUEST,APP,COMPLETED,True,12
372,334,SR00000000372,2026-04-20 01:21:48,PIN_RESET,EMAIL,COMPLETED,False,72
373,335,SR00000000373,2026-03-14 08:08:00,STATEMENT_REQUEST,HOTLINE,COMPLETED,False,77
374,336,SR00000000374,2026-08-19 17:40:13,CARD_REISSUE,EMAIL,COMPLETED,True,34
375,336,SR00000000375,2026-06-03 06:22:23,LIMIT_CHANGE,EMAIL,COMPLETED,True,17
376,337,SR00000000376,2026-05-06 07:05:49,APP_SUPPORT,CHATBOT,PROCESSING,True,20
377,338,SR00000000377,2026-06-01 05:06:00,CARD_REISSUE,EMAIL,COMPLETED,True,38
378,338,SR00000000378,2026-08-04 17:42:24,STATEMENT_REQUEST,CHATBOT,COMPLETED,True,13
379,338,SR00000000379,2026-05-19 22:41:03,CARD_REISSUE,BRANCH,PROCESSING,True,43
380,339,SR00000000380,2026-03-07 17:43:34,CARD_REISSUE,BRANCH,COMPLETED,False,67
381,340,SR00000000381,2026-03-27 16:59:43,STATEMENT_REQUEST,BRANCH,COMPLETED,True,22
382,340,SR00000000382,2026-03-01 12:24:27,STATEMENT_REQUEST,APP,COMPLETED,True,5
383,342,SR00000000383,2026-04-27 19:43:23,APP_SUPPORT,BRANCH,COMPLETED,False,87
384,342,SR00000000384,2026-07-17 18:48:51,ACCOUNT_CLOSURE,HOTLINE,COMPLETED,True,39
385,342,SR00000000385,2026-06-11 03:40:47,PIN_RESET,APP,COMPLETED,True,35
386,345,SR00000000386,2026-06-15 17:21:04,PIN_RESET,HOTLINE,COMPLETED,True,45
387,345,SR00000000387,2026-04-04 20:10:09,STATEMENT_REQUEST,HOTLINE,COMPLETED,False,73
388,346,SR00000000388,2026-08-26 06:38:48,DISPUTE,EMAIL,PROCESSING,False,88
389,348,SR00000000389,2026-07-17 04:13:01,DISPUTE,HOTLINE,COMPLETED,False,89
390,349,SR00000000390,2026-05-25 16:53:09,ACCOUNT_CLOSURE,APP,COMPLETED,False,83
391,349,SR00000000391,2026-04-07 03:14:27,STATEMENT_REQUEST,HOTLINE,COMPLETED,False,63
392,350,SR00000000392,2026-04-29 20:42:17,PIN_RESET,BRANCH,COMPLETED,False,85
393,350,SR00000000393,2026-06-10 22:31:18,ACCOUNT_CLOSURE,APP,COMPLETED,True,30
394,351,SR00000000394,2026-03-26 14:26:03,ADDRESS_UPDATE,HOTLINE,COMPLETED,True,35
395,351,SR00000000395,2026-03-09 13:00:25,ADDRESS_UPDATE,BRANCH,PROCESSING,False,67
396,353,SR00000000396,2026-07-10 04:34:22,CARD_REISSUE,HOTLINE,PROCESSING,False,69
397,354,SR00000000397,2026-07-13 20:14:39,STATEMENT_REQUEST,APP,COMPLETED,False,70
398,354,SR00000000398,2026-05-07 06:32:54,STATEMENT_REQUEST,APP,COMPLETED,True,23
399,355,SR00000000399,2026-07-14 15:20:01,APP_SUPPORT,BRANCH,COMPLETED,False,61
400,357,SR00000000400,2026-04-17 20:48:58,LIMIT_CHANGE,HOTLINE,COMPLETED,True,42
401,360,SR00000000401,2026-06-12 22:11:33,PIN_RESET,APP,COMPLETED,False,70
402,360,SR00000000402,2026-03-16 21:21:42,PIN_RESET,HOTLINE,COMPLETED,True,35
403,361,SR00000000403,2026-05-31 11:23:07,PIN_RESET,BRANCH,COMPLETED,False,46
404,362,SR00000000404,2026-04-09 17:28:00,ACCOUNT_CLOSURE,APP,COMPLETED,True,35
405,364,SR00000000405,2026-08-13 15:36:50,LIMIT_CHANGE,APP,COMPLETED,False,85
406,364,SR00000000406,2026-06-05 14:18:03,ADDRESS_UPDATE,APP,COMPLETED,True,20
407,365,SR00000000407,2026-07-28 20:09:59,DISPUTE,EMAIL,COMPLETED,False,50
408,365,SR00000000408,2026-03-06 07:32:02,ACCOUNT_CLOSURE,HOTLINE,COMPLETED,True,11
409,365,SR00000000409,2026-03-11 17:50:41,PIN_RESET,CHATBOT,COMPLETED,False,78
410,366,SR00000000410,2026-06-25 09:37:55,LIMIT_CHANGE,BRANCH,COMPLETED,False,46
411,368,SR00000000411,2026-08-22 05:38:48,STATEMENT_REQUEST,HOTLINE,NEW,True,8
412,368,SR00000000412,2026-05-09 19:36:18,PIN_RESET,CHATBOT,COMPLETED,True,5
413,369,SR00000000413,2026-03-13 23:23:00,ADDRESS_UPDATE,HOTLINE,PROCESSING,True,32
414,369,SR00000000414,2026-05-28 18:51:08,LIMIT_CHANGE,EMAIL,COMPLETED,False,50
415,369,SR00000000415,2026-06-21 19:32:41,ACCOUNT_CLOSURE,APP,COMPLETED,False,65
416,372,SR00000000416,2026-06-29 06:08:53,CARD_REISSUE,HOTLINE,COMPLETED,True,28
417,372,SR00000000417,2026-07-18 09:57:27,ADDRESS_UPDATE,EMAIL,PROCESSING,False,77
418,372,SR00000000418,2026-06-29 18:04:59,ADDRESS_UPDATE,HOTLINE,REJECTED,True,44
419,374,SR00000000419,2026-05-26 02:49:57,PIN_RESET,HOTLINE,COMPLETED,True,28
420,374,SR00000000420,2026-04-15 18:30:09,CARD_REISSUE,APP,COMPLETED,True,19
421,376,SR00000000421,2026-03-12 13:50:42,ADDRESS_UPDATE,BRANCH,COMPLETED,False,60
422,376,SR00000000422,2026-04-13 13:07:03,LIMIT_CHANGE,EMAIL,COMPLETED,False,61
423,379,SR00000000423,2026-03-24 05:28:18,CARD_REISSUE,HOTLINE,COMPLETED,False,69
424,380,SR00000000424,2026-07-23 00:54:46,CARD_REISSUE,HOTLINE,COMPLETED,False,51
425,380,SR00000000425,2026-04-20 16:51:54,APP_SUPPORT,HOTLINE,COMPLETED,True,23
426,381,SR00000000426,2026-03-23 18:38:56,ADDRESS_UPDATE,BRANCH,COMPLETED,True,5
427,381,SR00000000427,2026-04-01 12:06:27,CARD_REISSUE,APP,COMPLETED,True,21
428,381,SR00000000428,2026-07-16 00:35:43,ADDRESS_UPDATE,APP,COMPLETED,False,67
429,382,SR00000000429,2026-06-13 11:25:50,PIN_RESET,BRANCH,PROCESSING,True,16
430,382,SR00000000430,2026-04-23 03:18:25,LIMIT_CHANGE,APP,COMPLETED,False,51
431,383,SR00000000431,2026-08-02 03:38:04,DISPUTE,HOTLINE,COMPLETED,True,15
432,386,SR00000000432,2026-03-31 04:54:58,STATEMENT_REQUEST,APP,COMPLETED,False,67
433,386,SR00000000433,2026-07-10 16:54:40,STATEMENT_REQUEST,APP,COMPLETED,False,70
434,387,SR00000000434,2026-07-02 04:33:23,CARD_REISSUE,HOTLINE,COMPLETED,False,86
435,387,SR00000000435,2026-04-23 11:50:40,LIMIT_CHANGE,HOTLINE,COMPLETED,False,72
436,389,SR00000000436,2026-05-03 01:57:20,APP_SUPPORT,APP,COMPLETED,False,60
437,390,SR00000000437,2026-03-01 18:53:45,DISPUTE,HOTLINE,COMPLETED,True,12
438,391,SR00000000438,2026-04-06 17:40:59,ADDRESS_UPDATE,APP,NEW,False,60
439,392,SR00000000439,2026-03-22 06:40:03,ADDRESS_UPDATE,CHATBOT,COMPLETED,True,31
440,393,SR00000000440,2026-04-13 18:08:05,CARD_REISSUE,APP,COMPLETED,True,17
441,394,SR00000000441,2026-05-13 04:48:41,DISPUTE,HOTLINE,COMPLETED,False,62
442,394,SR00000000442,2026-04-19 16:19:37,APP_SUPPORT,HOTLINE,PROCESSING,True,29
443,396,SR00000000443,2026-04-09 09:17:35,CARD_REISSUE,HOTLINE,REJECTED,True,36
444,396,SR00000000444,2026-04-14 00:14:09,APP_SUPPORT,BRANCH,COMPLETED,True,37
445,397,SR00000000445,2026-04-26 17:08:23,APP_SUPPORT,HOTLINE,COMPLETED,False,63
446,398,SR00000000446,2026-04-08 17:19:07,PIN_RESET,EMAIL,NEW,True,38
447,398,SR00000000447,2026-04-17 15:55:56,CARD_REISSUE,HOTLINE,COMPLETED,False,55
448,399,SR00000000448,2026-03-12 23:16:47,APP_SUPPORT,EMAIL,COMPLETED,True,45
449,399,SR00000000449,2026-07-18 14:42:55,ADDRESS_UPDATE,BRANCH,COMPLETED,False,53
450,400,SR00000000450,2026-05-03 01:14:51,DISPUTE,APP,COMPLETED,False,46
451,401,SR00000000451,2026-07-16 22:58:52,ADDRESS_UPDATE,APP,COMPLETED,True,35
452,404,SR00000000452,2026-07-29 04:18:11,CARD_REISSUE,HOTLINE,COMPLETED,False,70
453,404,SR00000000453,2026-06-22 07:10:55,ACCOUNT_CLOSURE,EMAIL,COMPLETED,False,70
454,405,SR00000000454,2026-04-14 09:09:33,STATEMENT_REQUEST,APP,COMPLETED,False,66
455,409,SR00000000455,2026-03-16 14:47:21,APP_SUPPORT,CHATBOT,COMPLETED,False,49
456,411,SR00000000456,2026-04-29 07:39:02,DISPUTE,BRANCH,COMPLETED,True,21
457,411,SR00000000457,2026-08-15 11:35:17,DISPUTE,APP,COMPLETED,True,43
458,412,SR00000000458,2026-08-22 09:57:33,ACCOUNT_CLOSURE,APP,COMPLETED,False,46
459,412,SR00000000459,2026-08-03 00:28:46,DISPUTE,BRANCH,COMPLETED,True,17
460,412,SR00000000460,2026-06-25 01:05:03,APP_SUPPORT,HOTLINE,NEW,False,55
461,412,SR00000000461,2026-03-18 04:12:24,ACCOUNT_CLOSURE,BRANCH,COMPLETED,False,54
462,413,SR00000000462,2026-03-14 00:37:12,APP_SUPPORT,APP,PROCESSING,True,37
463,413,SR00000000463,2026-03-28 15:33:18,DISPUTE,EMAIL,COMPLETED,True,22
464,413,SR00000000464,2026-05-07 16:26:52,LIMIT_CHANGE,HOTLINE,NEW,False,64
465,413,SR00000000465,2026-03-03 20:46:15,CARD_REISSUE,EMAIL,NEW,True,9
466,413,SR00000000466,2026-05-08 14:24:18,LIMIT_CHANGE,APP,COMPLETED,False,66
467,414,SR00000000467,2026-08-10 08:23:37,STATEMENT_REQUEST,HOTLINE,COMPLETED,False,84
468,415,SR00000000468,2026-08-26 14:56:14,LIMIT_CHANGE,EMAIL,PROCESSING,False,86
469,416,SR00000000469,2026-03-30 00:01:23,PIN_RESET,BRANCH,COMPLETED,False,59
470,417,SR00000000470,2026-03-01 03:48:13,ADDRESS_UPDATE,HOTLINE,COMPLETED,True,33
471,417,SR00000000471,2026-08-01 23:52:15,STATEMENT_REQUEST,HOTLINE,COMPLETED,False,66
472,417,SR00000000472,2026-05-08 06:01:09,ADDRESS_UPDATE,HOTLINE,COMPLETED,True,7
473,420,SR00000000473,2026-04-08 20:51:10,APP_SUPPORT,BRANCH,COMPLETED,False,86
474,421,SR00000000474,2026-03-03 11:05:31,STATEMENT_REQUEST,APP,REJECTED,True,31
475,423,SR00000000475,2026-04-14 22:12:24,LIMIT_CHANGE,EMAIL,COMPLETED,False,65
476,423,SR00000000476,2026-08-03 21:20:22,STATEMENT_REQUEST,APP,COMPLETED,True,44
477,424,SR00000000477,2026-05-23 16:22:49,APP_SUPPORT,EMAIL,COMPLETED,True,23
478,424,SR00000000478,2026-04-18 01:37:43,APP_SUPPORT,CHATBOT,COMPLETED,False,52
479,424,SR00000000479,2026-06-29 00:26:22,DISPUTE,HOTLINE,COMPLETED,True,10
480,424,SR00000000480,2026-08-09 18:08:05,LIMIT_CHANGE,APP,COMPLETED,False,84
481,425,SR00000000481,2026-05-28 06:47:56,PIN_RESET,EMAIL,COMPLETED,False,67
482,426,SR00000000482,2026-05-17 12:50:50,APP_SUPPORT,HOTLINE,COMPLETED,True,6
483,429,SR00000000483,2026-03-01 11:46:30,CARD_REISSUE,HOTLINE,COMPLETED,False,74
484,430,SR00000000484,2026-07-30 04:43:59,LIMIT_CHANGE,BRANCH,COMPLETED,False,65
485,430,SR00000000485,2026-05-31 06:11:27,APP_SUPPORT,APP,NEW,True,43
486,433,SR00000000486,2026-07-03 21:22:37,ADDRESS_UPDATE,HOTLINE,COMPLETED,False,72
487,433,SR00000000487,2026-05-13 19:39:15,LIMIT_CHANGE,HOTLINE,COMPLETED,True,17
488,433,SR00000000488,2026-04-02 12:22:40,LIMIT_CHANGE,APP,COMPLETED,False,70
489,436,SR00000000489,2026-05-30 14:46:43,PIN_RESET,EMAIL,NEW,False,56
490,437,SR00000000490,2026-03-31 04:24:34,PIN_RESET,HOTLINE,COMPLETED,False,56
491,437,SR00000000491,2026-06-13 22:09:39,STATEMENT_REQUEST,BRANCH,COMPLETED,False,61
492,438,SR00000000492,2026-05-15 23:05:51,APP_SUPPORT,CHATBOT,COMPLETED,True,39
493,438,SR00000000493,2026-07-13 18:17:06,LIMIT_CHANGE,BRANCH,COMPLETED,True,42
494,439,SR00000000494,2026-03-04 13:03:03,STATEMENT_REQUEST,EMAIL,COMPLETED,True,17
495,439,SR00000000495,2026-03-26 17:47:45,PIN_RESET,EMAIL,COMPLETED,False,76
496,439,SR00000000496,2026-07-04 20:33:58,PIN_RESET,BRANCH,COMPLETED,False,50
497,440,SR00000000497,2026-05-01 06:02:06,ACCOUNT_CLOSURE,APP,PROCESSING,False,61
498,441,SR00000000498,2026-03-21 04:11:32,CARD_REISSUE,BRANCH,COMPLETED,True,44
499,442,SR00000000499,2026-03-04 11:43:22,LIMIT_CHANGE,BRANCH,COMPLETED,False,63
500,443,SR00000000500,2026-03-21 21:28:35,PIN_RESET,HOTLINE,COMPLETED,True,27
501,444,SR00000000501,2026-05-28 21:00:02,STATEMENT_REQUEST,BRANCH,COMPLETED,False,89
502,444,SR00000000502,2026-06-17 01:48:24,ADDRESS_UPDATE,HOTLINE,COMPLETED,True,36
503,445,SR00000000503,2026-04-29 06:25:16,DISPUTE,APP,COMPLETED,False,69
504,446,SR00000000504,2026-04-22 00:14:43,LIMIT_CHANGE,APP,COMPLETED,False,72
505,448,SR00000000505,2026-05-11 14:01:54,PIN_RESET,BRANCH,COMPLETED,False,73
506,449,SR00000000506,2026-05-30 09:31:03,DISPUTE,HOTLINE,COMPLETED,False,55
507,450,SR00000000507,2026-04-14 06:25:42,LIMIT_CHANGE,APP,COMPLETED,False,69
508,451,SR00000000508,2026-04-22 15:44:40,APP_SUPPORT,APP,REJECTED,True,12
509,451,SR00000000509,2026-03-13 16:06:16,PIN_RESET,APP,COMPLETED,True,18
510,452,SR00000000510,2026-03-08 12:28:00,PIN_RESET,APP,COMPLETED,False,72
511,452,SR00000000511,2026-04-12 06:25:45,ADDRESS_UPDATE,EMAIL,COMPLETED,True,22
512,452,SR00000000512,2026-04-22 13:43:06,STATEMENT_REQUEST,BRANCH,COMPLETED,False,49
513,453,SR00000000513,2026-08-04 16:50:00,APP_SUPPORT,HOTLINE,COMPLETED,False,76
514,453,SR00000000514,2026-06-17 10:42:28,LIMIT_CHANGE,HOTLINE,COMPLETED,True,43
515,453,SR00000000515,2026-04-06 14:22:26,PIN_RESET,EMAIL,COMPLETED,False,61
516,453,SR00000000516,2026-06-01 02:19:20,LIMIT_CHANGE,HOTLINE,COMPLETED,True,25
517,454,SR00000000517,2026-07-14 01:19:04,ADDRESS_UPDATE,APP,COMPLETED,False,80
518,455,SR00000000518,2026-03-18 21:51:34,STATEMENT_REQUEST,HOTLINE,COMPLETED,False,55
519,456,SR00000000519,2026-05-16 00:43:50,ADDRESS_UPDATE,APP,COMPLETED,False,69
520,456,SR00000000520,2026-03-27 20:00:13,LIMIT_CHANGE,HOTLINE,PROCESSING,True,43
521,458,SR00000000521,2026-05-28 08:03:19,CARD_REISSUE,HOTLINE,COMPLETED,False,71
522,459,SR00000000522,2026-07-31 04:54:44,PIN_RESET,BRANCH,COMPLETED,False,72
523,459,SR00000000523,2026-05-01 02:10:33,PIN_RESET,BRANCH,COMPLETED,True,41
524,460,SR00000000524,2026-07-09 15:11:46,ADDRESS_UPDATE,APP,COMPLETED,True,26
525,461,SR00000000525,2026-03-21 07:01:46,ADDRESS_UPDATE,BRANCH,COMPLETED,False,85
526,461,SR00000000526,2026-08-24 15:42:25,PIN_RESET,APP,COMPLETED,False,76
527,461,SR00000000527,2026-07-08 06:26:52,STATEMENT_REQUEST,HOTLINE,PROCESSING,False,46
528,462,SR00000000528,2026-07-30 05:51:18,PIN_RESET,EMAIL,NEW,False,56
529,463,SR00000000529,2026-06-03 02:26:26,DISPUTE,APP,COMPLETED,True,18
530,465,SR00000000530,2026-06-11 16:20:29,CARD_REISSUE,BRANCH,COMPLETED,True,40
531,465,SR00000000531,2026-04-22 08:39:20,ADDRESS_UPDATE,HOTLINE,PROCESSING,True,28
532,465,SR00000000532,2026-05-06 00:55:28,ADDRESS_UPDATE,HOTLINE,PROCESSING,True,20
533,466,SR00000000533,2026-04-16 09:35:06,ACCOUNT_CLOSURE,APP,NEW,True,38
534,466,SR00000000534,2026-03-18 20:17:27,ACCOUNT_CLOSURE,APP,PROCESSING,True,20
535,467,SR00000000535,2026-04-26 03:35:17,STATEMENT_REQUEST,BRANCH,COMPLETED,True,23
536,469,SR00000000536,2026-04-19 08:05:41,STATEMENT_REQUEST,HOTLINE,COMPLETED,True,29
537,470,SR00000000537,2026-04-17 10:58:45,APP_SUPPORT,HOTLINE,NEW,True,20
538,471,SR00000000538,2026-04-23 13:30:08,APP_SUPPORT,APP,PROCESSING,True,25
539,472,SR00000000539,2026-06-27 13:40:25,ADDRESS_UPDATE,HOTLINE,COMPLETED,True,43
540,474,SR00000000540,2026-06-05 07:24:49,DISPUTE,HOTLINE,COMPLETED,True,39
541,478,SR00000000541,2026-05-17 03:55:49,APP_SUPPORT,BRANCH,COMPLETED,True,8
542,478,SR00000000542,2026-08-20 12:13:02,STATEMENT_REQUEST,CHATBOT,REJECTED,True,26
543,479,SR00000000543,2026-03-02 17:24:36,CARD_REISSUE,EMAIL,COMPLETED,True,29
544,480,SR00000000544,2026-08-07 21:28:18,ADDRESS_UPDATE,HOTLINE,COMPLETED,False,58
545,480,SR00000000545,2026-08-16 11:40:22,ADDRESS_UPDATE,CHATBOT,PROCESSING,True,41
546,480,SR00000000546,2026-06-30 10:00:48,STATEMENT_REQUEST,EMAIL,COMPLETED,True,20
547,483,SR00000000547,2026-04-14 05:16:27,ADDRESS_UPDATE,CHATBOT,COMPLETED,False,51
548,485,SR00000000548,2026-06-16 22:42:40,DISPUTE,EMAIL,REJECTED,True,21
549,487,SR00000000549,2026-04-08 20:02:00,ACCOUNT_CLOSURE,APP,COMPLETED,False,50
550,488,SR00000000550,2026-04-14 00:12:28,LIMIT_CHANGE,APP,COMPLETED,False,55
551,489,SR00000000551,2026-03-08 01:50:31,ADDRESS_UPDATE,APP,COMPLETED,False,85
552,489,SR00000000552,2026-06-24 20:43:08,PIN_RESET,HOTLINE,COMPLETED,True,16
553,490,SR00000000553,2026-06-07 22:20:50,ADDRESS_UPDATE,BRANCH,COMPLETED,False,74
554,490,SR00000000554,2026-06-02 18:23:27,DISPUTE,HOTLINE,COMPLETED,False,75
555,491,SR00000000555,2026-05-02 08:03:00,ACCOUNT_CLOSURE,HOTLINE,COMPLETED,False,52
556,492,SR00000000556,2026-05-04 18:42:56,CARD_REISSUE,APP,COMPLETED,True,9
557,492,SR00000000557,2026-04-04 10:02:25,ACCOUNT_CLOSURE,CHATBOT,COMPLETED,False,68
558,493,SR00000000558,2026-06-13 01:10:28,LIMIT_CHANGE,HOTLINE,COMPLETED,True,36
559,496,SR00000000559,2026-04-03 20:39:38,ACCOUNT_CLOSURE,BRANCH,PROCESSING,True,37
560,496,SR00000000560,2026-06-01 06:27:54,ACCOUNT_CLOSURE,BRANCH,COMPLETED,False,84
561,496,SR00000000561,2026-03-30 08:35:00,STATEMENT_REQUEST,APP,COMPLETED,True,8
562,497,SR00000000562,2026-05-31 22:23:58,APP_SUPPORT,HOTLINE,COMPLETED,True,11
563,498,SR00000000563,2026-03-30 06:46:48,ADDRESS_UPDATE,BRANCH,COMPLETED,False,89
564,498,SR00000000564,2026-03-08 20:24:58,DISPUTE,CHATBOT,COMPLETED,True,25
565,498,SR00000000565,2026-05-17 08:26:37,ACCOUNT_CLOSURE,EMAIL,COMPLETED,False,49
566,499,SR00000000566,2026-03-09 15:46:56,DISPUTE,APP,PROCESSING,True,44
567,499,SR00000000567,2026-08-19 21:10:50,PIN_RESET,APP,COMPLETED,False,60
568,500,SR00000000568,2026-06-28 00:59:16,LIMIT_CHANGE,BRANCH,COMPLETED,False,72
569,503,SR00000000569,2026-08-19 20:48:44,PIN_RESET,HOTLINE,COMPLETED,True,18
570,504,SR00000000570,2026-04-13 22:27:37,DISPUTE,HOTLINE,COMPLETED,True,44
571,504,SR00000000571,2026-06-04 08:54:14,CARD_REISSUE,HOTLINE,COMPLETED,True,45
572,505,SR00000000572,2026-08-05 21:01:23,PIN_RESET,BRANCH,COMPLETED,False,67
573,506,SR00000000573,2026-08-04 08:35:03,STATEMENT_REQUEST,BRANCH,COMPLETED,False,76
574,507,SR00000000574,2026-08-23 16:47:59,CARD_REISSUE,APP,COMPLETED,True,32
575,507,SR00000000575,2026-07-14 13:03:12,CARD_REISSUE,HOTLINE,COMPLETED,False,52
576,507,SR00000000576,2026-07-13 22:26:45,PIN_RESET,APP,COMPLETED,False,57
577,507,SR00000000577,2026-07-21 00:07:03,APP_SUPPORT,BRANCH,COMPLETED,True,9
578,507,SR00000000578,2026-06-26 20:00:22,ADDRESS_UPDATE,HOTLINE,COMPLETED,False,71
579,507,SR00000000579,2026-03-16 16:44:27,PIN_RESET,CHATBOT,COMPLETED,False,80
580,510,SR00000000580,2026-06-05 03:09:38,ADDRESS_UPDATE,CHATBOT,COMPLETED,False,73
581,510,SR00000000581,2026-07-16 00:27:04,STATEMENT_REQUEST,HOTLINE,COMPLETED,True,21
582,511,SR00000000582,2026-03-11 18:02:07,DISPUTE,EMAIL,COMPLETED,True,29
583,511,SR00000000583,2026-05-16 18:17:14,STATEMENT_REQUEST,EMAIL,COMPLETED,False,57
584,512,SR00000000584,2026-04-30 01:30:30,DISPUTE,HOTLINE,COMPLETED,False,75
585,513,SR00000000585,2026-07-06 10:20:51,DISPUTE,HOTLINE,COMPLETED,True,39
586,514,SR00000000586,2026-03-16 18:34:59,APP_SUPPORT,BRANCH,COMPLETED,True,16
587,515,SR00000000587,2026-07-11 10:11:20,PIN_RESET,BRANCH,COMPLETED,False,85
588,517,SR00000000588,2026-08-24 18:15:47,APP_SUPPORT,HOTLINE,COMPLETED,False,53
589,518,SR00000000589,2026-07-13 08:29:16,APP_SUPPORT,EMAIL,COMPLETED,True,21
590,518,SR00000000590,2026-07-20 12:47:14,LIMIT_CHANGE,APP,COMPLETED,True,32
591,518,SR00000000591,2026-08-08 23:07:49,CARD_REISSUE,HOTLINE,COMPLETED,True,18
592,519,SR00000000592,2026-06-18 18:33:42,STATEMENT_REQUEST,CHATBOT,COMPLETED,True,4
593,520,SR00000000593,2026-03-29 09:05:32,STATEMENT_REQUEST,BRANCH,COMPLETED,True,18
594,521,SR00000000594,2026-03-03 23:31:52,APP_SUPPORT,APP,COMPLETED,True,8
595,522,SR00000000595,2026-03-02 11:38:23,DISPUTE,BRANCH,NEW,True,12
596,523,SR00000000596,2026-05-10 16:24:14,STATEMENT_REQUEST,APP,COMPLETED,True,18
597,524,SR00000000597,2026-06-15 02:48:20,DISPUTE,APP,COMPLETED,False,66
598,527,SR00000000598,2026-07-10 17:22:19,CARD_REISSUE,HOTLINE,COMPLETED,False,55
599,532,SR00000000599,2026-06-15 19:49:01,LIMIT_CHANGE,BRANCH,COMPLETED,True,9
600,532,SR00000000600,2026-07-31 18:15:07,ACCOUNT_CLOSURE,HOTLINE,COMPLETED,True,45
601,532,SR00000000601,2026-04-17 21:47:24,LIMIT_CHANGE,HOTLINE,COMPLETED,True,26
602,532,SR00000000602,2026-08-05 07:32:15,PIN_RESET,BRANCH,COMPLETED,True,18
603,533,SR00000000603,2026-03-28 11:00:28,ADDRESS_UPDATE,CHATBOT,COMPLETED,True,24
604,534,SR00000000604,2026-07-31 18:09:39,APP_SUPPORT,APP,COMPLETED,False,58
605,534,SR00000000605,2026-03-12 02:37:52,LIMIT_CHANGE,APP,COMPLETED,False,81
606,535,SR00000000606,2026-08-12 10:05:19,ACCOUNT_CLOSURE,HOTLINE,COMPLETED,True,20
607,535,SR00000000607,2026-03-21 20:38:48,ADDRESS_UPDATE,CHATBOT,COMPLETED,True,24
608,535,SR00000000608,2026-04-28 13:43:47,CARD_REISSUE,HOTLINE,COMPLETED,False,48
609,536,SR00000000609,2026-07-12 17:44:12,DISPUTE,CHATBOT,COMPLETED,False,80
610,537,SR00000000610,2026-03-09 06:07:02,ACCOUNT_CLOSURE,HOTLINE,COMPLETED,True,36
611,537,SR00000000611,2026-06-10 03:35:56,APP_SUPPORT,CHATBOT,COMPLETED,False,50
612,537,SR00000000612,2026-06-17 09:50:39,DISPUTE,HOTLINE,COMPLETED,False,87
613,537,SR00000000613,2026-07-25 22:43:33,PIN_RESET,APP,PROCESSING,True,12
614,538,SR00000000614,2026-08-15 20:18:27,PIN_RESET,HOTLINE,COMPLETED,False,57
615,539,SR00000000615,2026-07-01 09:45:54,DISPUTE,APP,COMPLETED,True,6
616,539,SR00000000616,2026-08-17 14:49:32,CARD_REISSUE,APP,REJECTED,False,82
617,539,SR00000000617,2026-06-02 17:11:10,LIMIT_CHANGE,APP,COMPLETED,True,38
618,540,SR00000000618,2026-05-21 15:19:29,CARD_REISSUE,HOTLINE,COMPLETED,True,11
619,541,SR00000000619,2026-08-17 13:17:54,CARD_REISSUE,HOTLINE,COMPLETED,False,58
620,542,SR00000000620,2026-04-01 19:43:13,PIN_RESET,BRANCH,PROCESSING,False,84
621,542,SR00000000621,2026-05-10 06:24:12,PIN_RESET,HOTLINE,COMPLETED,False,63
622,542,SR00000000622,2026-08-20 23:24:41,DISPUTE,APP,NEW,True,8
623,543,SR00000000623,2026-05-19 10:02:32,LIMIT_CHANGE,CHATBOT,PROCESSING,True,27
624,543,SR00000000624,2026-03-25 13:10:45,ADDRESS_UPDATE,HOTLINE,COMPLETED,True,25
625,544,SR00000000625,2026-08-09 21:15:02,PIN_RESET,HOTLINE,COMPLETED,False,50
626,545,SR00000000626,2026-08-12 07:28:01,ADDRESS_UPDATE,CHATBOT,PROCESSING,True,45
627,546,SR00000000627,2026-07-20 03:38:35,CARD_REISSUE,EMAIL,COMPLETED,False,63
628,547,SR00000000628,2026-03-04 22:49:55,ADDRESS_UPDATE,APP,COMPLETED,True,13
629,547,SR00000000629,2026-06-10 23:23:09,PIN_RESET,HOTLINE,COMPLETED,False,80
630,549,SR00000000630,2026-05-11 20:41:17,ACCOUNT_CLOSURE,EMAIL,COMPLETED,True,41
631,549,SR00000000631,2026-06-22 06:35:07,PIN_RESET,APP,COMPLETED,False,88
632,553,SR00000000632,2026-06-16 02:36:07,PIN_RESET,EMAIL,COMPLETED,True,9
633,557,SR00000000633,2026-05-05 12:49:29,ADDRESS_UPDATE,HOTLINE,NEW,True,9
634,557,SR00000000634,2026-07-19 14:15:28,ADDRESS_UPDATE,BRANCH,COMPLETED,False,69
635,557,SR00000000635,2026-04-04 11:12:47,STATEMENT_REQUEST,APP,COMPLETED,False,51
636,557,SR00000000636,2026-07-08 14:36:41,CARD_REISSUE,APP,COMPLETED,False,81
637,560,SR00000000637,2026-04-04 04:42:16,ADDRESS_UPDATE,EMAIL,COMPLETED,False,81
638,560,SR00000000638,2026-03-18 09:31:19,STATEMENT_REQUEST,APP,COMPLETED,False,59
639,566,SR00000000639,2026-07-29 08:54:02,PIN_RESET,HOTLINE,COMPLETED,True,38
640,566,SR00000000640,2026-06-12 11:20:38,APP_SUPPORT,BRANCH,COMPLETED,False,76
641,566,SR00000000641,2026-04-09 17:17:56,STATEMENT_REQUEST,APP,COMPLETED,False,87
642,566,SR00000000642,2026-05-22 12:05:44,ACCOUNT_CLOSURE,APP,COMPLETED,True,16
643,566,SR00000000643,2026-04-30 13:35:19,APP_SUPPORT,BRANCH,COMPLETED,False,67
644,566,SR00000000644,2026-07-31 03:33:06,LIMIT_CHANGE,EMAIL,PROCESSING,True,6
645,567,SR00000000645,2026-04-25 18:21:57,STATEMENT_REQUEST,CHATBOT,COMPLETED,True,9
646,569,SR00000000646,2026-08-07 14:00:41,LIMIT_CHANGE,HOTLINE,COMPLETED,False,68
647,570,SR00000000647,2026-03-22 10:41:07,CARD_REISSUE,BRANCH,COMPLETED,False,65
648,571,SR00000000648,2026-08-26 23:39:48,PIN_RESET,HOTLINE,COMPLETED,True,44
649,572,SR00000000649,2026-03-21 23:25:58,CARD_REISSUE,HOTLINE,COMPLETED,False,78
650,573,SR00000000650,2026-03-28 20:51:48,ACCOUNT_CLOSURE,BRANCH,COMPLETED,False,78
651,573,SR00000000651,2026-03-02 21:40:00,DISPUTE,CHATBOT,COMPLETED,False,81
652,574,SR00000000652,2026-03-14 05:09:35,APP_SUPPORT,APP,COMPLETED,False,52
653,576,SR00000000653,2026-05-06 04:05:55,STATEMENT_REQUEST,HOTLINE,COMPLETED,True,8
654,576,SR00000000654,2026-08-11 20:22:59,DISPUTE,EMAIL,COMPLETED,False,57
655,576,SR00000000655,2026-07-10 06:05:02,PIN_RESET,APP,COMPLETED,True,3
656,578,SR00000000656,2026-05-09 10:13:24,APP_SUPPORT,HOTLINE,COMPLETED,False,58
657,580,SR00000000657,2026-03-14 23:37:41,DISPUTE,EMAIL,PROCESSING,False,87
658,580,SR00000000658,2026-08-17 19:03:01,DISPUTE,APP,COMPLETED,True,10
659,580,SR00000000659,2026-04-19 18:17:46,APP_SUPPORT,HOTLINE,COMPLETED,True,36
660,582,SR00000000660,2026-05-13 09:55:07,ACCOUNT_CLOSURE,HOTLINE,COMPLETED,False,54
661,584,SR00000000661,2026-05-31 09:28:15,APP_SUPPORT,BRANCH,COMPLETED,True,17
662,587,SR00000000662,2026-04-26 12:37:55,DISPUTE,APP,COMPLETED,False,63
663,587,SR00000000663,2026-08-20 06:25:11,STATEMENT_REQUEST,HOTLINE,COMPLETED,False,61
664,588,SR00000000664,2026-04-14 03:55:39,ADDRESS_UPDATE,CHATBOT,COMPLETED,True,14
665,590,SR00000000665,2026-06-07 00:54:43,CARD_REISSUE,APP,COMPLETED,False,79
666,590,SR00000000666,2026-04-28 01:16:34,STATEMENT_REQUEST,HOTLINE,COMPLETED,False,74
667,591,SR00000000667,2026-06-07 19:34:49,CARD_REISSUE,HOTLINE,COMPLETED,True,45
668,591,SR00000000668,2026-07-14 08:56:02,CARD_REISSUE,APP,COMPLETED,False,68
669,591,SR00000000669,2026-06-23 18:11:13,LIMIT_CHANGE,HOTLINE,NEW,True,29
670,591,SR00000000670,2026-07-21 08:26:44,APP_SUPPORT,CHATBOT,COMPLETED,False,51
671,592,SR00000000671,2026-07-29 03:23:12,APP_SUPPORT,HOTLINE,COMPLETED,False,61
672,595,SR00000000672,2026-03-06 02:09:39,DISPUTE,APP,COMPLETED,True,27
673,595,SR00000000673,2026-07-27 21:01:48,DISPUTE,APP,COMPLETED,False,56
674,596,SR00000000674,2026-03-14 17:27:26,APP_SUPPORT,BRANCH,COMPLETED,False,79
675,596,SR00000000675,2026-07-19 11:50:24,LIMIT_CHANGE,APP,COMPLETED,True,40
676,597,SR00000000676,2026-03-17 22:16:04,ADDRESS_UPDATE,HOTLINE,COMPLETED,False,58
677,598,SR00000000677,2026-05-15 12:35:37,STATEMENT_REQUEST,HOTLINE,COMPLETED,True,33
678,598,SR00000000678,2026-06-21 00:40:03,LIMIT_CHANGE,CHATBOT,COMPLETED,True,27
679,598,SR00000000679,2026-04-25 03:58:54,STATEMENT_REQUEST,APP,COMPLETED,True,4
680,600,SR00000000680,2026-08-07 01:48:03,ACCOUNT_CLOSURE,HOTLINE,COMPLETED,False,79
681,600,SR00000000681,2026-04-21 06:04:07,CARD_REISSUE,HOTLINE,COMPLETED,True,21
682,600,SR00000000682,2026-06-16 12:43:57,STATEMENT_REQUEST,BRANCH,PROCESSING,False,84
683,601,SR00000000683,2026-08-09 20:04:21,APP_SUPPORT,EMAIL,REJECTED,True,12
684,601,SR00000000684,2026-07-18 03:50:21,DISPUTE,APP,COMPLETED,True,30
685,602,SR00000000685,2026-06-29 10:50:21,STATEMENT_REQUEST,APP,COMPLETED,False,77
686,604,SR00000000686,2026-06-18 04:26:22,APP_SUPPORT,HOTLINE,COMPLETED,False,61
687,604,SR00000000687,2026-08-02 11:04:41,APP_SUPPORT,HOTLINE,PROCESSING,True,25
688,606,SR00000000688,2026-04-13 13:16:32,PIN_RESET,HOTLINE,COMPLETED,False,53
689,606,SR00000000689,2026-06-28 01:11:46,APP_SUPPORT,CHATBOT,PROCESSING,False,66
690,607,SR00000000690,2026-04-27 07:58:53,STATEMENT_REQUEST,HOTLINE,COMPLETED,True,20
691,608,SR00000000691,2026-07-01 08:40:04,STATEMENT_REQUEST,APP,COMPLETED,False,70
692,608,SR00000000692,2026-08-18 11:24:54,APP_SUPPORT,HOTLINE,REJECTED,False,81
693,608,SR00000000693,2026-03-15 04:24:45,APP_SUPPORT,BRANCH,COMPLETED,True,11
694,609,SR00000000694,2026-03-23 14:52:05,ACCOUNT_CLOSURE,CHATBOT,REJECTED,True,26
695,609,SR00000000695,2026-06-08 08:37:38,ACCOUNT_CLOSURE,APP,COMPLETED,True,18
696,609,SR00000000696,2026-03-27 16:38:59,PIN_RESET,APP,COMPLETED,True,3
697,611,SR00000000697,2026-04-10 09:09:21,DISPUTE,BRANCH,COMPLETED,True,14
698,612,SR00000000698,2026-03-16 02:38:41,CARD_REISSUE,CHATBOT,NEW,True,15
699,612,SR00000000699,2026-07-14 12:29:35,STATEMENT_REQUEST,APP,COMPLETED,False,73
700,614,SR00000000700,2026-04-22 02:08:15,PIN_RESET,HOTLINE,PROCESSING,False,71
701,615,SR00000000701,2026-08-10 00:36:05,PIN_RESET,APP,COMPLETED,False,55
702,615,SR00000000702,2026-08-21 20:08:51,CARD_REISSUE,HOTLINE,PROCESSING,True,44
703,617,SR00000000703,2026-05-28 06:55:44,STATEMENT_REQUEST,CHATBOT,COMPLETED,False,50
704,617,SR00000000704,2026-05-08 19:52:05,APP_SUPPORT,HOTLINE,COMPLETED,False,53
705,617,SR00000000705,2026-05-05 01:37:58,PIN_RESET,CHATBOT,COMPLETED,False,88
706,620,SR00000000706,2026-07-28 20:27:05,PIN_RESET,EMAIL,COMPLETED,True,29
707,621,SR00000000707,2026-08-14 17:16:43,APP_SUPPORT,HOTLINE,COMPLETED,True,8
708,623,SR00000000708,2026-04-07 16:53:19,ADDRESS_UPDATE,CHATBOT,PROCESSING,False,85
709,624,SR00000000709,2026-03-28 07:36:58,STATEMENT_REQUEST,HOTLINE,COMPLETED,True,5
710,624,SR00000000710,2026-06-25 11:36:17,ADDRESS_UPDATE,CHATBOT,COMPLETED,True,17
711,624,SR00000000711,2026-03-19 01:36:42,PIN_RESET,BRANCH,COMPLETED,False,83
712,627,SR00000000712,2026-06-21 22:56:09,DISPUTE,BRANCH,COMPLETED,True,42
713,627,SR00000000713,2026-07-21 07:47:31,PIN_RESET,HOTLINE,COMPLETED,True,16
714,628,SR00000000714,2026-05-14 02:11:16,PIN_RESET,APP,COMPLETED,False,77
715,629,SR00000000715,2026-07-02 09:59:52,APP_SUPPORT,APP,COMPLETED,True,19
716,629,SR00000000716,2026-03-07 16:23:45,STATEMENT_REQUEST,APP,COMPLETED,True,40
717,632,SR00000000717,2026-08-19 21:54:11,CARD_REISSUE,HOTLINE,REJECTED,True,40
718,632,SR00000000718,2026-03-20 18:15:41,DISPUTE,EMAIL,COMPLETED,True,21
719,633,SR00000000719,2026-07-20 12:01:22,CARD_REISSUE,HOTLINE,COMPLETED,True,4
720,636,SR00000000720,2026-07-05 02:42:52,STATEMENT_REQUEST,BRANCH,COMPLETED,True,9
721,636,SR00000000721,2026-03-02 17:49:12,APP_SUPPORT,HOTLINE,COMPLETED,False,56
722,637,SR00000000722,2026-07-06 21:05:01,STATEMENT_REQUEST,EMAIL,COMPLETED,True,19
723,637,SR00000000723,2026-07-12 10:55:44,CARD_REISSUE,BRANCH,COMPLETED,True,6
724,638,SR00000000724,2026-08-26 09:02:08,LIMIT_CHANGE,BRANCH,COMPLETED,False,48
725,638,SR00000000725,2026-07-20 09:40:10,CARD_REISSUE,APP,COMPLETED,False,62
726,638,SR00000000726,2026-08-15 07:34:00,STATEMENT_REQUEST,HOTLINE,COMPLETED,False,56
727,639,SR00000000727,2026-03-20 12:23:22,STATEMENT_REQUEST,APP,COMPLETED,False,73
728,639,SR00000000728,2026-07-01 17:12:34,STATEMENT_REQUEST,HOTLINE,COMPLETED,False,78
729,639,SR00000000729,2026-06-30 14:47:21,LIMIT_CHANGE,APP,COMPLETED,True,6
730,640,SR00000000730,2026-08-02 02:16:53,APP_SUPPORT,HOTLINE,COMPLETED,True,31
731,640,SR00000000731,2026-06-26 01:14:21,APP_SUPPORT,HOTLINE,COMPLETED,False,72
732,640,SR00000000732,2026-06-03 07:46:19,STATEMENT_REQUEST,APP,COMPLETED,True,36
733,640,SR00000000733,2026-07-18 15:41:31,DISPUTE,CHATBOT,COMPLETED,True,23
734,641,SR00000000734,2026-04-19 20:18:32,DISPUTE,APP,REJECTED,False,81
735,641,SR00000000735,2026-08-16 11:59:14,CARD_REISSUE,BRANCH,COMPLETED,False,47
736,641,SR00000000736,2026-07-10 13:11:32,ACCOUNT_CLOSURE,APP,REJECTED,False,50
737,642,SR00000000737,2026-03-30 12:02:22,LIMIT_CHANGE,HOTLINE,COMPLETED,True,11
738,642,SR00000000738,2026-08-02 17:34:58,STATEMENT_REQUEST,CHATBOT,COMPLETED,True,38
739,642,SR00000000739,2026-03-27 12:59:30,ACCOUNT_CLOSURE,APP,COMPLETED,True,13
740,644,SR00000000740,2026-04-11 10:43:44,ACCOUNT_CLOSURE,CHATBOT,COMPLETED,True,21
741,644,SR00000000741,2026-06-30 01:40:34,CARD_REISSUE,BRANCH,PROCESSING,False,55
742,645,SR00000000742,2026-03-09 04:59:18,APP_SUPPORT,EMAIL,COMPLETED,True,15
743,645,SR00000000743,2026-07-16 14:46:13,ADDRESS_UPDATE,EMAIL,COMPLETED,True,3
744,646,SR00000000744,2026-06-07 07:03:03,LIMIT_CHANGE,HOTLINE,REJECTED,True,39
745,647,SR00000000745,2026-04-21 17:49:51,LIMIT_CHANGE,BRANCH,COMPLETED,False,71
746,648,SR00000000746,2026-04-24 15:05:24,CARD_REISSUE,APP,COMPLETED,False,59
747,649,SR00000000747,2026-06-26 07:26:50,LIMIT_CHANGE,HOTLINE,COMPLETED,False,66
748,650,SR00000000748,2026-05-25 14:04:15,PIN_RESET,APP,COMPLETED,True,37
749,650,SR00000000749,2026-04-25 14:40:21,ACCOUNT_CLOSURE,HOTLINE,COMPLETED,False,54
750,650,SR00000000750,2026-08-12 13:27:19,STATEMENT_REQUEST,CHATBOT,PROCESSING,True,15
751,650,SR00000000751,2026-04-13 16:43:06,ADDRESS_UPDATE,CHATBOT,COMPLETED,False,75
752,650,SR00000000752,2026-06-30 09:50:03,DISPUTE,HOTLINE,COMPLETED,True,19
753,650,SR00000000753,2026-03-11 08:08:04,PIN_RESET,APP,COMPLETED,False,50
754,651,SR00000000754,2026-04-20 10:19:49,DISPUTE,HOTLINE,COMPLETED,True,16
755,651,SR00000000755,2026-04-30 07:07:58,APP_SUPPORT,EMAIL,COMPLETED,True,43
756,652,SR00000000756,2026-03-24 04:50:45,PIN_RESET,APP,COMPLETED,True,29
757,652,SR00000000757,2026-06-20 05:34:15,LIMIT_CHANGE,HOTLINE,COMPLETED,True,40
758,656,SR00000000758,2026-04-22 12:19:09,PIN_RESET,CHATBOT,COMPLETED,False,82
759,657,SR00000000759,2026-06-15 01:01:51,STATEMENT_REQUEST,HOTLINE,COMPLETED,True,14
760,658,SR00000000760,2026-06-08 23:16:59,CARD_REISSUE,EMAIL,COMPLETED,True,12
761,659,SR00000000761,2026-05-18 02:32:16,APP_SUPPORT,EMAIL,COMPLETED,True,37
762,660,SR00000000762,2026-06-04 08:08:22,ACCOUNT_CLOSURE,HOTLINE,PROCESSING,True,18
763,661,SR00000000763,2026-03-18 13:35:31,CARD_REISSUE,APP,COMPLETED,True,44
764,661,SR00000000764,2026-05-15 00:55:13,ACCOUNT_CLOSURE,APP,COMPLETED,True,28
765,662,SR00000000765,2026-04-17 12:38:24,ACCOUNT_CLOSURE,EMAIL,COMPLETED,True,32
766,662,SR00000000766,2026-04-21 17:44:51,APP_SUPPORT,EMAIL,COMPLETED,True,36
767,664,SR00000000767,2026-05-05 14:12:36,DISPUTE,BRANCH,COMPLETED,True,23
768,665,SR00000000768,2026-04-12 05:25:48,ADDRESS_UPDATE,BRANCH,COMPLETED,True,13
769,665,SR00000000769,2026-06-03 15:11:23,ADDRESS_UPDATE,EMAIL,COMPLETED,False,66
770,666,SR00000000770,2026-08-24 09:58:44,PIN_RESET,APP,PROCESSING,True,39
771,666,SR00000000771,2026-08-10 08:23:13,CARD_REISSUE,HOTLINE,COMPLETED,True,13
772,667,SR00000000772,2026-08-13 07:43:06,CARD_REISSUE,HOTLINE,PROCESSING,False,59
773,667,SR00000000773,2026-03-09 11:03:47,DISPUTE,HOTLINE,COMPLETED,False,74
774,667,SR00000000774,2026-04-15 05:57:08,APP_SUPPORT,APP,COMPLETED,False,81
775,669,SR00000000775,2026-04-19 07:09:34,CARD_REISSUE,HOTLINE,COMPLETED,True,42
776,671,SR00000000776,2026-08-17 04:17:21,ADDRESS_UPDATE,APP,COMPLETED,False,88
777,672,SR00000000777,2026-04-30 06:19:43,CARD_REISSUE,APP,COMPLETED,False,50
778,672,SR00000000778,2026-04-28 22:23:50,ACCOUNT_CLOSURE,HOTLINE,COMPLETED,True,22
779,673,SR00000000779,2026-04-07 18:20:18,DISPUTE,EMAIL,COMPLETED,False,51
780,674,SR00000000780,2026-07-25 06:37:48,CARD_REISSUE,BRANCH,PROCESSING,True,17
781,675,SR00000000781,2026-03-10 00:27:53,APP_SUPPORT,HOTLINE,REJECTED,True,25
782,676,SR00000000782,2026-03-28 10:50:36,PIN_RESET,HOTLINE,COMPLETED,True,11
783,676,SR00000000783,2026-03-07 07:07:49,CARD_REISSUE,APP,COMPLETED,True,44
784,677,SR00000000784,2026-08-25 08:17:31,DISPUTE,APP,COMPLETED,True,17
785,678,SR00000000785,2026-06-23 13:01:51,PIN_RESET,HOTLINE,COMPLETED,False,48
786,679,SR00000000786,2026-04-20 15:01:40,APP_SUPPORT,APP,NEW,False,49
787,680,SR00000000787,2026-04-02 16:36:34,CARD_REISSUE,HOTLINE,COMPLETED,True,33
788,681,SR00000000788,2026-07-10 17:46:11,ACCOUNT_CLOSURE,HOTLINE,COMPLETED,True,24
789,682,SR00000000789,2026-07-29 07:26:13,APP_SUPPORT,CHATBOT,COMPLETED,False,72
790,685,SR00000000790,2026-03-28 08:28:12,ACCOUNT_CLOSURE,HOTLINE,COMPLETED,True,33
791,686,SR00000000791,2026-07-13 10:12:19,LIMIT_CHANGE,APP,COMPLETED,False,66
792,687,SR00000000792,2026-04-16 22:13:14,CARD_REISSUE,APP,PROCESSING,False,68
793,688,SR00000000793,2026-04-21 04:05:48,DISPUTE,HOTLINE,COMPLETED,False,61
794,688,SR00000000794,2026-05-30 05:49:42,ACCOUNT_CLOSURE,HOTLINE,COMPLETED,True,17
795,689,SR00000000795,2026-06-03 15:39:19,APP_SUPPORT,BRANCH,COMPLETED,False,68
796,689,SR00000000796,2026-05-12 03:18:02,CARD_REISSUE,APP,COMPLETED,False,57
797,689,SR00000000797,2026-06-11 22:50:45,ACCOUNT_CLOSURE,BRANCH,COMPLETED,True,20
798,690,SR00000000798,2026-04-20 10:41:07,ADDRESS_UPDATE,HOTLINE,COMPLETED,False,61
799,692,SR00000000799,2026-06-28 10:22:54,DISPUTE,HOTLINE,REJECTED,True,31
800,692,SR00000000800,2026-07-03 14:48:48,ADDRESS_UPDATE,HOTLINE,COMPLETED,True,38
801,696,SR00000000801,2026-03-16 00:01:45,LIMIT_CHANGE,BRANCH,COMPLETED,False,77
802,696,SR00000000802,2026-04-01 19:04:26,PIN_RESET,APP,PROCESSING,False,63
803,698,SR00000000803,2026-07-14 15:20:46,APP_SUPPORT,CHATBOT,PROCESSING,False,48
804,699,SR00000000804,2026-08-09 19:52:41,LIMIT_CHANGE,BRANCH,REJECTED,False,55
805,699,SR00000000805,2026-06-23 20:35:13,ACCOUNT_CLOSURE,CHATBOT,COMPLETED,False,54
806,700,SR00000000806,2026-05-23 17:44:24,PIN_RESET,EMAIL,PROCESSING,True,10
807,701,SR00000000807,2026-06-22 22:16:08,APP_SUPPORT,APP,COMPLETED,True,21
808,702,SR00000000808,2026-08-19 01:38:56,CARD_REISSUE,APP,PROCESSING,False,86
809,703,SR00000000809,2026-03-07 10:58:42,ADDRESS_UPDATE,APP,PROCESSING,False,57
810,704,SR00000000810,2026-06-21 06:17:35,DISPUTE,HOTLINE,COMPLETED,True,14
811,705,SR00000000811,2026-05-07 18:06:16,ADDRESS_UPDATE,BRANCH,COMPLETED,True,26
812,706,SR00000000812,2026-05-21 10:08:04,PIN_RESET,HOTLINE,COMPLETED,True,5
813,706,SR00000000813,2026-05-03 15:44:03,APP_SUPPORT,APP,COMPLETED,False,83
814,706,SR00000000814,2026-08-06 01:25:33,ACCOUNT_CLOSURE,BRANCH,COMPLETED,True,26
815,706,SR00000000815,2026-04-13 19:50:37,STATEMENT_REQUEST,BRANCH,COMPLETED,False,82
816,706,SR00000000816,2026-03-21 16:19:19,STATEMENT_REQUEST,HOTLINE,COMPLETED,True,6
817,708,SR00000000817,2026-05-25 02:01:32,CARD_REISSUE,EMAIL,COMPLETED,False,52
818,709,SR00000000818,2026-07-08 16:49:30,APP_SUPPORT,HOTLINE,COMPLETED,True,41
819,709,SR00000000819,2026-05-20 20:32:33,DISPUTE,BRANCH,COMPLETED,True,31
820,709,SR00000000820,2026-08-17 03:37:22,LIMIT_CHANGE,HOTLINE,COMPLETED,True,21
821,712,SR00000000821,2026-08-22 20:04:45,ACCOUNT_CLOSURE,EMAIL,COMPLETED,True,6
822,713,SR00000000822,2026-07-16 00:47:50,DISPUTE,HOTLINE,COMPLETED,True,27
823,715,SR00000000823,2026-07-16 15:22:43,ADDRESS_UPDATE,APP,COMPLETED,False,86
824,716,SR00000000824,2026-04-18 07:26:13,LIMIT_CHANGE,CHATBOT,NEW,True,26
825,719,SR00000000825,2026-03-15 02:21:51,DISPUTE,HOTLINE,COMPLETED,False,59
826,719,SR00000000826,2026-05-24 11:01:22,ACCOUNT_CLOSURE,HOTLINE,PROCESSING,True,42
827,719,SR00000000827,2026-06-13 19:46:22,STATEMENT_REQUEST,APP,PROCESSING,False,70
828,719,SR00000000828,2026-07-20 19:52:42,DISPUTE,BRANCH,COMPLETED,False,58
829,720,SR00000000829,2026-03-07 17:14:11,APP_SUPPORT,EMAIL,COMPLETED,True,35
830,721,SR00000000830,2026-04-25 02:15:18,LIMIT_CHANGE,BRANCH,COMPLETED,True,40
831,725,SR00000000831,2026-07-26 19:06:13,STATEMENT_REQUEST,APP,COMPLETED,True,3
832,725,SR00000000832,2026-07-19 22:41:49,PIN_RESET,EMAIL,COMPLETED,True,6
833,726,SR00000000833,2026-05-15 10:11:29,APP_SUPPORT,HOTLINE,REJECTED,True,31
834,726,SR00000000834,2026-05-05 07:53:57,ACCOUNT_CLOSURE,APP,COMPLETED,False,81
835,727,SR00000000835,2026-04-22 18:59:37,APP_SUPPORT,EMAIL,COMPLETED,False,82
836,728,SR00000000836,2026-04-17 11:47:53,PIN_RESET,HOTLINE,COMPLETED,False,48
837,729,SR00000000837,2026-06-27 05:25:37,STATEMENT_REQUEST,HOTLINE,COMPLETED,True,24
838,730,SR00000000838,2026-04-22 13:01:30,CARD_REISSUE,HOTLINE,COMPLETED,True,29
839,730,SR00000000839,2026-08-17 04:49:27,STATEMENT_REQUEST,BRANCH,COMPLETED,False,69
840,730,SR00000000840,2026-05-05 16:41:25,APP_SUPPORT,APP,COMPLETED,False,56
841,730,SR00000000841,2026-05-04 03:15:36,LIMIT_CHANGE,HOTLINE,COMPLETED,False,60
842,731,SR00000000842,2026-04-17 18:18:35,APP_SUPPORT,CHATBOT,COMPLETED,True,20
843,733,SR00000000843,2026-08-01 03:54:12,STATEMENT_REQUEST,HOTLINE,COMPLETED,False,79
844,734,SR00000000844,2026-08-14 18:38:53,LIMIT_CHANGE,BRANCH,COMPLETED,True,21
845,735,SR00000000845,2026-04-03 19:01:46,ADDRESS_UPDATE,CHATBOT,COMPLETED,True,43
846,735,SR00000000846,2026-04-05 15:08:11,STATEMENT_REQUEST,APP,COMPLETED,True,12
847,736,SR00000000847,2026-06-16 08:30:07,CARD_REISSUE,CHATBOT,COMPLETED,True,26
848,736,SR00000000848,2026-04-06 12:30:03,STATEMENT_REQUEST,BRANCH,PROCESSING,False,53
849,736,SR00000000849,2026-07-15 09:03:40,DISPUTE,APP,COMPLETED,False,53
850,737,SR00000000850,2026-04-07 02:32:20,DISPUTE,HOTLINE,COMPLETED,True,19
851,738,SR00000000851,2026-05-26 21:23:37,APP_SUPPORT,CHATBOT,COMPLETED,True,16
852,739,SR00000000852,2026-04-29 19:17:30,APP_SUPPORT,EMAIL,COMPLETED,True,32
853,740,SR00000000853,2026-07-16 17:25:19,LIMIT_CHANGE,APP,COMPLETED,True,32
854,740,SR00000000854,2026-07-31 14:26:57,DISPUTE,CHATBOT,COMPLETED,False,76
855,740,SR00000000855,2026-07-26 03:15:30,APP_SUPPORT,APP,COMPLETED,False,61
856,740,SR00000000856,2026-03-18 19:21:55,CARD_REISSUE,APP,COMPLETED,False,67
857,740,SR00000000857,2026-07-10 22:40:50,ADDRESS_UPDATE,CHATBOT,COMPLETED,True,40
858,741,SR00000000858,2026-08-10 14:57:39,PIN_RESET,HOTLINE,COMPLETED,False,63
859,743,SR00000000859,2026-05-25 03:33:00,LIMIT_CHANGE,APP,COMPLETED,True,25
860,743,SR00000000860,2026-03-31 13:15:54,DISPUTE,HOTLINE,COMPLETED,True,37
861,744,SR00000000861,2026-06-20 19:16:21,ADDRESS_UPDATE,APP,NEW,True,16
862,744,SR00000000862,2026-04-18 23:33:19,APP_SUPPORT,HOTLINE,COMPLETED,True,22
863,744,SR00000000863,2026-04-20 17:06:47,LIMIT_CHANGE,HOTLINE,COMPLETED,True,24
864,745,SR00000000864,2026-08-04 10:08:20,PIN_RESET,HOTLINE,COMPLETED,True,15
865,745,SR00000000865,2026-05-12 09:20:17,LIMIT_CHANGE,APP,COMPLETED,False,67
866,746,SR00000000866,2026-04-09 07:22:54,PIN_RESET,APP,COMPLETED,True,6
867,748,SR00000000867,2026-05-26 21:09:16,LIMIT_CHANGE,HOTLINE,PROCESSING,False,65
868,749,SR00000000868,2026-07-21 21:41:12,STATEMENT_REQUEST,APP,COMPLETED,True,4
869,754,SR00000000869,2026-07-06 09:27:44,LIMIT_CHANGE,HOTLINE,COMPLETED,False,79
870,755,SR00000000870,2026-06-05 00:46:55,PIN_RESET,APP,COMPLETED,True,44
871,756,SR00000000871,2026-06-24 23:36:07,LIMIT_CHANGE,APP,COMPLETED,True,41
872,757,SR00000000872,2026-07-19 07:54:10,ADDRESS_UPDATE,APP,COMPLETED,True,44
873,758,SR00000000873,2026-06-05 06:20:18,LIMIT_CHANGE,APP,COMPLETED,False,55
874,759,SR00000000874,2026-03-20 11:55:17,LIMIT_CHANGE,EMAIL,COMPLETED,True,10
875,760,SR00000000875,2026-04-01 04:41:24,STATEMENT_REQUEST,HOTLINE,COMPLETED,True,14
876,760,SR00000000876,2026-03-12 05:38:12,LIMIT_CHANGE,BRANCH,COMPLETED,False,50
877,760,SR00000000877,2026-05-08 16:20:35,STATEMENT_REQUEST,BRANCH,COMPLETED,True,38
878,760,SR00000000878,2026-03-10 10:36:51,STATEMENT_REQUEST,EMAIL,COMPLETED,False,57
879,760,SR00000000879,2026-06-12 11:23:50,PIN_RESET,APP,COMPLETED,True,27
880,761,SR00000000880,2026-05-04 12:57:07,APP_SUPPORT,APP,COMPLETED,False,73
881,761,SR00000000881,2026-05-31 15:25:56,PIN_RESET,BRANCH,COMPLETED,True,36
882,761,SR00000000882,2026-05-10 04:53:01,ADDRESS_UPDATE,HOTLINE,COMPLETED,False,48
883,761,SR00000000883,2026-06-25 17:58:28,ACCOUNT_CLOSURE,APP,COMPLETED,True,37
884,762,SR00000000884,2026-08-16 16:40:13,DISPUTE,APP,REJECTED,False,56
885,763,SR00000000885,2026-06-25 11:30:30,STATEMENT_REQUEST,BRANCH,PROCESSING,True,13
886,763,SR00000000886,2026-05-30 17:03:24,LIMIT_CHANGE,BRANCH,COMPLETED,False,68
887,763,SR00000000887,2026-08-07 14:05:21,PIN_RESET,EMAIL,COMPLETED,True,45
888,765,SR00000000888,2026-05-27 13:32:23,STATEMENT_REQUEST,BRANCH,COMPLETED,False,89
889,767,SR00000000889,2026-08-17 14:54:54,ADDRESS_UPDATE,EMAIL,COMPLETED,True,19
890,768,SR00000000890,2026-06-27 16:21:13,STATEMENT_REQUEST,BRANCH,COMPLETED,True,3
891,768,SR00000000891,2026-06-10 05:41:28,CARD_REISSUE,BRANCH,PROCESSING,False,54
892,768,SR00000000892,2026-07-23 10:11:14,ACCOUNT_CLOSURE,HOTLINE,PROCESSING,True,17
893,769,SR00000000893,2026-04-23 18:17:30,LIMIT_CHANGE,APP,COMPLETED,False,73
894,769,SR00000000894,2026-08-14 10:12:35,STATEMENT_REQUEST,APP,COMPLETED,False,87
895,771,SR00000000895,2026-07-31 17:41:36,STATEMENT_REQUEST,HOTLINE,REJECTED,True,38
896,771,SR00000000896,2026-03-25 02:59:41,PIN_RESET,APP,COMPLETED,True,20
897,772,SR00000000897,2026-05-28 14:04:32,ACCOUNT_CLOSURE,EMAIL,COMPLETED,False,86
898,773,SR00000000898,2026-06-29 11:20:19,CARD_REISSUE,CHATBOT,PROCESSING,True,5
899,774,SR00000000899,2026-03-06 01:51:50,CARD_REISSUE,HOTLINE,COMPLETED,False,55
900,777,SR00000000900,2026-05-29 20:02:24,DISPUTE,HOTLINE,COMPLETED,False,85
901,777,SR00000000901,2026-03-29 11:55:46,CARD_REISSUE,BRANCH,COMPLETED,False,65
902,778,SR00000000902,2026-07-28 01:48:06,LIMIT_CHANGE,EMAIL,COMPLETED,False,50
903,779,SR00000000903,2026-04-12 21:59:03,ADDRESS_UPDATE,APP,COMPLETED,True,37
904,779,SR00000000904,2026-04-26 09:10:09,APP_SUPPORT,APP,REJECTED,True,37
905,779,SR00000000905,2026-03-30 05:08:08,PIN_RESET,HOTLINE,COMPLETED,False,62
906,780,SR00000000906,2026-03-04 06:13:12,DISPUTE,APP,COMPLETED,True,20
907,781,SR00000000907,2026-06-27 17:36:35,DISPUTE,EMAIL,COMPLETED,True,27
908,785,SR00000000908,2026-04-29 08:17:11,APP_SUPPORT,APP,COMPLETED,False,56
909,785,SR00000000909,2026-08-06 17:13:24,APP_SUPPORT,HOTLINE,COMPLETED,True,29
910,786,SR00000000910,2026-08-25 18:52:02,APP_SUPPORT,BRANCH,COMPLETED,True,17
911,787,SR00000000911,2026-03-06 09:05:45,STATEMENT_REQUEST,APP,COMPLETED,True,38
912,789,SR00000000912,2026-03-03 08:40:55,ACCOUNT_CLOSURE,HOTLINE,PROCESSING,True,21
913,790,SR00000000913,2026-04-19 23:45:43,STATEMENT_REQUEST,EMAIL,COMPLETED,True,37
914,791,SR00000000914,2026-08-01 22:52:40,APP_SUPPORT,BRANCH,COMPLETED,True,21
915,792,SR00000000915,2026-08-17 17:08:21,CARD_REISSUE,APP,PROCESSING,True,33
916,793,SR00000000916,2026-04-12 07:29:38,PIN_RESET,HOTLINE,COMPLETED,False,46
917,794,SR00000000917,2026-04-13 21:54:16,APP_SUPPORT,APP,COMPLETED,True,24
918,795,SR00000000918,2026-04-09 07:23:35,LIMIT_CHANGE,CHATBOT,COMPLETED,True,15
919,796,SR00000000919,2026-05-03 16:29:29,STATEMENT_REQUEST,APP,COMPLETED,False,78
920,797,SR00000000920,2026-07-18 16:05:37,CARD_REISSUE,HOTLINE,PROCESSING,True,20
921,797,SR00000000921,2026-04-24 20:24:38,CARD_REISSUE,HOTLINE,COMPLETED,True,21
922,798,SR00000000922,2026-03-28 14:26:47,ACCOUNT_CLOSURE,BRANCH,PROCESSING,False,55
923,798,SR00000000923,2026-05-22 10:54:07,STATEMENT_REQUEST,CHATBOT,COMPLETED,True,28
924,798,SR00000000924,2026-06-29 23:21:58,CARD_REISSUE,APP,COMPLETED,False,65
925,799,SR00000000925,2026-06-02 22:11:35,ACCOUNT_CLOSURE,APP,COMPLETED,True,17
926,800,SR00000000926,2026-08-15 23:42:35,PIN_RESET,HOTLINE,COMPLETED,False,55
927,800,SR00000000927,2026-04-27 18:30:30,APP_SUPPORT,BRANCH,COMPLETED,False,57
928,802,SR00000000928,2026-06-01 11:01:34,APP_SUPPORT,HOTLINE,COMPLETED,True,39
929,804,SR00000000929,2026-03-20 00:40:41,APP_SUPPORT,HOTLINE,COMPLETED,False,71
930,805,SR00000000930,2026-04-17 12:54:03,STATEMENT_REQUEST,HOTLINE,PROCESSING,True,7
931,806,SR00000000931,2026-08-19 02:46:28,PIN_RESET,CHATBOT,COMPLETED,False,77
932,806,SR00000000932,2026-04-14 06:39:56,DISPUTE,HOTLINE,NEW,True,3
933,806,SR00000000933,2026-05-17 01:43:36,PIN_RESET,BRANCH,COMPLETED,True,7
934,807,SR00000000934,2026-07-10 16:15:42,STATEMENT_REQUEST,APP,COMPLETED,False,47
935,807,SR00000000935,2026-03-02 01:46:43,ADDRESS_UPDATE,CHATBOT,COMPLETED,False,61
936,811,SR00000000936,2026-06-12 18:18:55,CARD_REISSUE,HOTLINE,COMPLETED,False,87
937,812,SR00000000937,2026-08-13 13:07:51,CARD_REISSUE,HOTLINE,COMPLETED,True,36
938,812,SR00000000938,2026-04-20 14:50:15,CARD_REISSUE,APP,NEW,False,55
939,814,SR00000000939,2026-06-19 19:19:59,STATEMENT_REQUEST,EMAIL,COMPLETED,False,60
940,814,SR00000000940,2026-04-14 12:36:53,LIMIT_CHANGE,APP,COMPLETED,False,75
941,814,SR00000000941,2026-03-08 14:30:15,CARD_REISSUE,APP,COMPLETED,False,53
942,815,SR00000000942,2026-05-01 06:32:59,PIN_RESET,BRANCH,COMPLETED,True,43
943,815,SR00000000943,2026-05-25 19:38:48,ADDRESS_UPDATE,HOTLINE,COMPLETED,True,11
944,816,SR00000000944,2026-04-29 13:51:27,APP_SUPPORT,HOTLINE,COMPLETED,False,64
945,816,SR00000000945,2026-05-23 07:53:43,LIMIT_CHANGE,HOTLINE,COMPLETED,True,15
946,816,SR00000000946,2026-03-16 01:49:33,APP_SUPPORT,HOTLINE,COMPLETED,True,17
947,818,SR00000000947,2026-03-19 07:39:24,STATEMENT_REQUEST,APP,COMPLETED,False,71
948,821,SR00000000948,2026-06-04 14:15:00,CARD_REISSUE,BRANCH,COMPLETED,False,81
949,822,SR00000000949,2026-07-11 09:10:06,ADDRESS_UPDATE,APP,COMPLETED,True,30
950,822,SR00000000950,2026-08-26 16:55:10,CARD_REISSUE,EMAIL,COMPLETED,True,6
951,823,SR00000000951,2026-04-02 18:39:19,APP_SUPPORT,BRANCH,NEW,True,23
952,823,SR00000000952,2026-05-18 17:37:16,ADDRESS_UPDATE,BRANCH,COMPLETED,False,73
953,824,SR00000000953,2026-08-11 08:24:29,ACCOUNT_CLOSURE,HOTLINE,COMPLETED,False,85
954,825,SR00000000954,2026-06-10 09:34:16,STATEMENT_REQUEST,EMAIL,COMPLETED,False,81
955,825,SR00000000955,2026-04-18 14:42:12,APP_SUPPORT,BRANCH,COMPLETED,False,65
956,826,SR00000000956,2026-04-18 23:15:47,PIN_RESET,APP,COMPLETED,True,19
957,827,SR00000000957,2026-06-18 23:47:22,APP_SUPPORT,APP,COMPLETED,True,14
958,827,SR00000000958,2026-03-25 15:23:45,APP_SUPPORT,CHATBOT,COMPLETED,False,71
959,827,SR00000000959,2026-05-15 05:15:17,DISPUTE,HOTLINE,COMPLETED,True,19
960,829,SR00000000960,2026-06-22 00:08:02,ADDRESS_UPDATE,APP,COMPLETED,False,80
961,832,SR00000000961,2026-08-05 03:56:27,ADDRESS_UPDATE,APP,COMPLETED,True,27
962,834,SR00000000962,2026-03-30 21:53:46,CARD_REISSUE,HOTLINE,COMPLETED,False,58
963,834,SR00000000963,2026-04-04 07:17:19,APP_SUPPORT,APP,COMPLETED,False,52
964,834,SR00000000964,2026-08-17 15:28:59,CARD_REISSUE,CHATBOT,COMPLETED,True,26
965,835,SR00000000965,2026-04-02 15:19:50,CARD_REISSUE,BRANCH,COMPLETED,True,23
966,836,SR00000000966,2026-03-04 00:41:38,STATEMENT_REQUEST,BRANCH,COMPLETED,True,32
967,836,SR00000000967,2026-07-22 13:02:00,LIMIT_CHANGE,EMAIL,COMPLETED,False,62
968,837,SR00000000968,2026-03-19 10:22:05,LIMIT_CHANGE,HOTLINE,COMPLETED,True,26
969,838,SR00000000969,2026-06-30 11:37:59,ACCOUNT_CLOSURE,EMAIL,COMPLETED,False,46
970,838,SR00000000970,2026-05-28 16:55:33,DISPUTE,BRANCH,COMPLETED,True,4
971,838,SR00000000971,2026-07-15 13:11:30,APP_SUPPORT,EMAIL,COMPLETED,True,22
972,839,SR00000000972,2026-05-03 11:30:09,CARD_REISSUE,HOTLINE,COMPLETED,True,34
973,839,SR00000000973,2026-05-27 11:00:27,ADDRESS_UPDATE,APP,COMPLETED,True,27
974,839,SR00000000974,2026-04-20 05:04:59,DISPUTE,HOTLINE,PROCESSING,True,36
975,841,SR00000000975,2026-08-15 13:35:27,STATEMENT_REQUEST,APP,COMPLETED,False,74
976,841,SR00000000976,2026-03-31 02:00:59,CARD_REISSUE,EMAIL,COMPLETED,False,74
977,841,SR00000000977,2026-03-13 23:09:58,DISPUTE,APP,COMPLETED,False,58
978,843,SR00000000978,2026-06-18 09:57:58,LIMIT_CHANGE,EMAIL,COMPLETED,False,66
979,843,SR00000000979,2026-07-01 19:52:17,STATEMENT_REQUEST,HOTLINE,COMPLETED,False,71
980,844,SR00000000980,2026-03-13 16:33:23,ADDRESS_UPDATE,APP,COMPLETED,False,54
981,844,SR00000000981,2026-06-07 09:15:23,APP_SUPPORT,APP,COMPLETED,False,83
982,846,SR00000000982,2026-05-12 08:49:17,LIMIT_CHANGE,HOTLINE,COMPLETED,True,3
983,846,SR00000000983,2026-04-03 12:04:59,DISPUTE,CHATBOT,NEW,False,64
984,847,SR00000000984,2026-07-21 15:25:03,LIMIT_CHANGE,APP,PROCESSING,False,71
985,847,SR00000000985,2026-07-28 19:15:45,CARD_REISSUE,APP,COMPLETED,True,33
986,848,SR00000000986,2026-03-23 13:14:42,DISPUTE,CHATBOT,COMPLETED,True,41
987,848,SR00000000987,2026-03-26 10:21:44,CARD_REISSUE,APP,PROCESSING,False,59
988,848,SR00000000988,2026-07-22 22:18:48,ACCOUNT_CLOSURE,HOTLINE,COMPLETED,False,55
989,856,SR00000000989,2026-07-23 21:11:07,CARD_REISSUE,APP,COMPLETED,False,57
990,856,SR00000000990,2026-03-18 21:37:17,STATEMENT_REQUEST,APP,COMPLETED,True,20
991,857,SR00000000991,2026-03-12 18:16:41,APP_SUPPORT,BRANCH,COMPLETED,True,43
992,858,SR00000000992,2026-06-22 14:51:13,ACCOUNT_CLOSURE,APP,COMPLETED,True,34
993,859,SR00000000993,2026-07-26 01:45:26,DISPUTE,HOTLINE,PROCESSING,False,63
994,860,SR00000000994,2026-04-12 20:28:13,CARD_REISSUE,BRANCH,COMPLETED,True,8
995,862,SR00000000995,2026-05-26 14:12:10,ADDRESS_UPDATE,HOTLINE,COMPLETED,False,64
996,864,SR00000000996,2026-07-01 12:51:07,STATEMENT_REQUEST,HOTLINE,COMPLETED,True,34
997,865,SR00000000997,2026-03-01 19:42:35,DISPUTE,HOTLINE,COMPLETED,True,43
998,867,SR00000000998,2026-08-02 01:58:18,STATEMENT_REQUEST,HOTLINE,REJECTED,True,26
999,868,SR00000000999,2026-07-29 18:07:23,APP_SUPPORT,BRANCH,COMPLETED,True,11
1000,868,SR00000001000,2026-04-21 18:46:00,DISPUTE,APP,COMPLETED,False,78
1001,869,SR00000001001,2026-08-24 01:32:12,STATEMENT_REQUEST,APP,COMPLETED,True,9
1002,870,SR00000001002,2026-04-21 11:59:27,DISPUTE,BRANCH,PROCESSING,False,69
1003,871,SR00000001003,2026-06-05 11:42:43,ACCOUNT_CLOSURE,HOTLINE,COMPLETED,False,86
1004,872,SR00000001004,2026-03-25 04:26:28,ADDRESS_UPDATE,HOTLINE,COMPLETED,True,21
1005,872,SR00000001005,2026-06-11 19:56:24,ADDRESS_UPDATE,CHATBOT,PROCESSING,True,15
1006,872,SR00000001006,2026-03-25 00:39:11,ADDRESS_UPDATE,APP,COMPLETED,False,54
1007,875,SR00000001007,2026-03-18 15:19:17,APP_SUPPORT,APP,COMPLETED,False,88
1008,875,SR00000001008,2026-08-15 06:04:38,APP_SUPPORT,HOTLINE,COMPLETED,False,61
1009,876,SR00000001009,2026-05-28 16:06:17,STATEMENT_REQUEST,APP,NEW,False,63
1010,877,SR00000001010,2026-05-01 02:42:36,PIN_RESET,CHATBOT,COMPLETED,False,89
1011,880,SR00000001011,2026-06-20 03:28:55,ADDRESS_UPDATE,APP,COMPLETED,True,42
1012,881,SR00000001012,2026-03-11 06:30:59,CARD_REISSUE,HOTLINE,REJECTED,False,71
1013,881,SR00000001013,2026-06-03 03:00:27,LIMIT_CHANGE,BRANCH,COMPLETED,False,65
1014,882,SR00000001014,2026-05-04 20:30:32,LIMIT_CHANGE,HOTLINE,COMPLETED,False,72
1015,882,SR00000001015,2026-05-11 00:07:14,ADDRESS_UPDATE,APP,COMPLETED,True,8
1016,885,SR00000001016,2026-03-16 02:54:00,PIN_RESET,BRANCH,COMPLETED,False,54
1017,885,SR00000001017,2026-08-13 05:48:39,CARD_REISSUE,HOTLINE,COMPLETED,True,18
1018,886,SR00000001018,2026-06-05 20:27:39,ADDRESS_UPDATE,APP,COMPLETED,False,61
1019,886,SR00000001019,2026-03-02 11:31:02,LIMIT_CHANGE,EMAIL,COMPLETED,False,85
1020,886,SR00000001020,2026-08-14 02:04:05,CARD_REISSUE,BRANCH,COMPLETED,True,19
1021,886,SR00000001021,2026-03-23 00:52:53,PIN_RESET,APP,COMPLETED,False,51
1022,888,SR00000001022,2026-02-28 15:36:11,STATEMENT_REQUEST,HOTLINE,COMPLETED,False,59
1023,889,SR00000001023,2026-03-19 21:02:06,PIN_RESET,EMAIL,COMPLETED,False,71
1024,891,SR00000001024,2026-03-02 00:17:09,PIN_RESET,HOTLINE,PROCESSING,False,67
1025,893,SR00000001025,2026-04-18 00:29:53,DISPUTE,HOTLINE,COMPLETED,False,53
1026,894,SR00000001026,2026-04-30 01:47:17,APP_SUPPORT,HOTLINE,COMPLETED,False,49
1027,894,SR00000001027,2026-06-19 22:10:48,ACCOUNT_CLOSURE,CHATBOT,REJECTED,False,55
1028,894,SR00000001028,2026-06-16 10:54:19,STATEMENT_REQUEST,APP,COMPLETED,False,79
1029,895,SR00000001029,2026-08-15 00:12:42,ADDRESS_UPDATE,HOTLINE,PROCESSING,False,64
1030,897,SR00000001030,2026-06-28 05:58:23,ADDRESS_UPDATE,BRANCH,COMPLETED,False,53
1031,898,SR00000001031,2026-08-06 18:57:13,APP_SUPPORT,APP,PROCESSING,False,71
1032,898,SR00000001032,2026-07-28 19:48:44,STATEMENT_REQUEST,EMAIL,COMPLETED,True,19
1033,900,SR00000001033,2026-07-25 09:49:03,CARD_REISSUE,HOTLINE,COMPLETED,True,27
1034,900,SR00000001034,2026-07-01 16:43:54,STATEMENT_REQUEST,HOTLINE,COMPLETED,False,52
1035,901,SR00000001035,2026-05-02 05:28:15,STATEMENT_REQUEST,BRANCH,PROCESSING,True,9
1036,901,SR00000001036,2026-07-28 18:32:19,DISPUTE,HOTLINE,COMPLETED,True,42
1037,902,SR00000001037,2026-04-07 03:09:12,APP_SUPPORT,HOTLINE,COMPLETED,False,51
1038,904,SR00000001038,2026-07-02 10:26:09,LIMIT_CHANGE,APP,COMPLETED,False,67
1039,904,SR00000001039,2026-05-10 19:10:04,CARD_REISSUE,BRANCH,COMPLETED,False,78
1040,905,SR00000001040,2026-05-16 12:01:27,ACCOUNT_CLOSURE,HOTLINE,COMPLETED,False,63
1041,906,SR00000001041,2026-05-09 20:31:24,ACCOUNT_CLOSURE,CHATBOT,COMPLETED,True,40
1042,906,SR00000001042,2026-08-22 11:42:30,STATEMENT_REQUEST,EMAIL,COMPLETED,True,9
1043,908,SR00000001043,2026-04-23 03:01:12,APP_SUPPORT,CHATBOT,COMPLETED,True,30
1044,912,SR00000001044,2026-03-16 05:12:03,STATEMENT_REQUEST,HOTLINE,COMPLETED,False,64
1045,913,SR00000001045,2026-04-10 03:17:44,APP_SUPPORT,CHATBOT,COMPLETED,True,25
1046,916,SR00000001046,2026-04-07 08:38:23,APP_SUPPORT,BRANCH,COMPLETED,False,69
1047,916,SR00000001047,2026-03-26 09:49:36,APP_SUPPORT,APP,COMPLETED,False,65
1048,917,SR00000001048,2026-07-24 07:39:08,APP_SUPPORT,HOTLINE,REJECTED,True,23
1049,918,SR00000001049,2026-03-29 20:54:54,LIMIT_CHANGE,APP,COMPLETED,False,71
1050,918,SR00000001050,2026-05-21 07:06:35,LIMIT_CHANGE,HOTLINE,COMPLETED,True,6
1051,918,SR00000001051,2026-05-09 07:51:16,CARD_REISSUE,CHATBOT,NEW,True,8
1052,919,SR00000001052,2026-08-08 00:52:52,ACCOUNT_CLOSURE,APP,COMPLETED,True,29
1053,920,SR00000001053,2026-07-04 11:36:30,STATEMENT_REQUEST,EMAIL,REJECTED,True,19
1054,920,SR00000001054,2026-06-14 03:45:31,PIN_RESET,HOTLINE,COMPLETED,False,72
1055,920,SR00000001055,2026-07-06 14:15:23,ADDRESS_UPDATE,HOTLINE,COMPLETED,True,24
1056,920,SR00000001056,2026-04-09 15:47:44,STATEMENT_REQUEST,APP,COMPLETED,True,19
1057,921,SR00000001057,2026-08-02 19:02:45,CARD_REISSUE,HOTLINE,COMPLETED,False,89
1058,922,SR00000001058,2026-05-06 20:09:19,DISPUTE,APP,COMPLETED,True,44
1059,923,SR00000001059,2026-06-13 21:04:45,CARD_REISSUE,HOTLINE,COMPLETED,False,57
1060,924,SR00000001060,2026-03-08 22:27:20,DISPUTE,EMAIL,COMPLETED,False,84
1061,926,SR00000001061,2026-08-21 15:01:12,LIMIT_CHANGE,BRANCH,REJECTED,True,25
1062,926,SR00000001062,2026-05-11 21:00:15,CARD_REISSUE,APP,COMPLETED,True,45
1063,929,SR00000001063,2026-05-21 10:53:01,CARD_REISSUE,HOTLINE,REJECTED,False,61
1064,930,SR00000001064,2026-08-07 10:44:35,ADDRESS_UPDATE,APP,COMPLETED,False,61
1065,930,SR00000001065,2026-08-07 16:19:19,DISPUTE,HOTLINE,COMPLETED,True,42
1066,931,SR00000001066,2026-04-27 11:53:27,APP_SUPPORT,EMAIL,COMPLETED,True,18
1067,935,SR00000001067,2026-05-05 00:09:14,PIN_RESET,EMAIL,COMPLETED,False,53
1068,936,SR00000001068,2026-07-30 06:36:05,CARD_REISSUE,CHATBOT,PROCESSING,True,32
1069,937,SR00000001069,2026-03-25 17:42:06,PIN_RESET,HOTLINE,COMPLETED,False,55
1070,938,SR00000001070,2026-04-28 08:38:28,DISPUTE,APP,COMPLETED,False,81
1071,938,SR00000001071,2026-04-25 13:03:54,CARD_REISSUE,APP,PROCESSING,True,44
1072,939,SR00000001072,2026-06-19 21:12:34,CARD_REISSUE,HOTLINE,COMPLETED,False,55
1073,939,SR00000001073,2026-08-26 06:35:31,ADDRESS_UPDATE,HOTLINE,COMPLETED,False,65
1074,941,SR00000001074,2026-06-23 19:22:46,PIN_RESET,APP,COMPLETED,True,14
1075,946,SR00000001075,2026-07-07 02:53:53,PIN_RESET,HOTLINE,PROCESSING,True,43
1076,946,SR00000001076,2026-06-09 21:53:07,STATEMENT_REQUEST,EMAIL,COMPLETED,True,15
1077,946,SR00000001077,2026-04-04 04:16:54,STATEMENT_REQUEST,APP,COMPLETED,False,46
1078,946,SR00000001078,2026-07-18 19:20:31,PIN_RESET,BRANCH,COMPLETED,False,85
1079,948,SR00000001079,2026-08-04 08:26:59,LIMIT_CHANGE,BRANCH,COMPLETED,True,10
1080,949,SR00000001080,2026-03-17 06:04:03,DISPUTE,APP,COMPLETED,True,26
1081,951,SR00000001081,2026-05-07 15:44:11,ADDRESS_UPDATE,HOTLINE,COMPLETED,True,27
1082,951,SR00000001082,2026-05-08 23:44:38,PIN_RESET,EMAIL,NEW,False,64
1083,951,SR00000001083,2026-06-26 00:53:29,DISPUTE,HOTLINE,COMPLETED,True,11
1084,952,SR00000001084,2026-05-07 11:34:10,APP_SUPPORT,HOTLINE,PROCESSING,True,24
1085,952,SR00000001085,2026-04-24 02:44:39,CARD_REISSUE,APP,COMPLETED,False,50
1086,953,SR00000001086,2026-07-15 13:19:34,DISPUTE,CHATBOT,COMPLETED,True,31
1087,954,SR00000001087,2026-07-24 21:34:36,STATEMENT_REQUEST,CHATBOT,COMPLETED,False,89
1088,954,SR00000001088,2026-04-24 11:14:01,APP_SUPPORT,HOTLINE,PROCESSING,True,7
1089,955,SR00000001089,2026-05-31 19:35:20,ADDRESS_UPDATE,APP,COMPLETED,False,63
1090,958,SR00000001090,2026-06-28 02:16:22,ADDRESS_UPDATE,EMAIL,NEW,False,81
1091,959,SR00000001091,2026-03-28 04:18:04,PIN_RESET,BRANCH,COMPLETED,True,40
1092,959,SR00000001092,2026-07-25 11:41:51,CARD_REISSUE,CHATBOT,COMPLETED,False,72
1093,960,SR00000001093,2026-08-20 13:25:58,APP_SUPPORT,APP,COMPLETED,True,3
1094,961,SR00000001094,2026-07-27 21:37:44,PIN_RESET,EMAIL,COMPLETED,False,50
1095,961,SR00000001095,2026-04-11 14:32:48,CARD_REISSUE,APP,COMPLETED,False,87
1096,962,SR00000001096,2026-03-11 15:05:41,LIMIT_CHANGE,APP,COMPLETED,False,84
1097,963,SR00000001097,2026-03-21 16:06:03,APP_SUPPORT,EMAIL,COMPLETED,True,8
1098,964,SR00000001098,2026-03-19 07:43:16,APP_SUPPORT,EMAIL,COMPLETED,True,8
1099,966,SR00000001099,2026-03-07 14:40:03,APP_SUPPORT,BRANCH,COMPLETED,True,11
1100,966,SR00000001100,2026-05-30 16:42:33,ADDRESS_UPDATE,APP,COMPLETED,True,3
1101,968,SR00000001101,2026-06-27 05:54:54,CARD_REISSUE,HOTLINE,COMPLETED,True,33
1102,969,SR00000001102,2026-07-17 23:52:01,DISPUTE,APP,COMPLETED,True,22
1103,972,SR00000001103,2026-08-06 17:26:03,LIMIT_CHANGE,EMAIL,COMPLETED,True,29
1104,974,SR00000001104,2026-03-22 04:01:47,STATEMENT_REQUEST,EMAIL,COMPLETED,True,27
1105,976,SR00000001105,2026-06-21 23:12:40,LIMIT_CHANGE,HOTLINE,COMPLETED,True,25
1106,980,SR00000001106,2026-04-03 07:02:54,APP_SUPPORT,BRANCH,COMPLETED,True,29
1107,981,SR00000001107,2026-03-15 01:50:02,APP_SUPPORT,HOTLINE,COMPLETED,True,14
1108,983,SR00000001108,2026-07-06 08:05:34,APP_SUPPORT,APP,COMPLETED,True,3
1109,985,SR00000001109,2026-03-07 10:20:16,CARD_REISSUE,APP,COMPLETED,False,80
1110,985,SR00000001110,2026-05-31 02:28:59,ADDRESS_UPDATE,BRANCH,COMPLETED,False,61
1111,988,SR00000001111,2026-03-27 12:44:57,PIN_RESET,EMAIL,COMPLETED,True,38
1112,988,SR00000001112,2026-04-21 10:25:35,CARD_REISSUE,EMAIL,COMPLETED,False,57
1113,989,SR00000001113,2026-06-11 14:52:19,ACCOUNT_CLOSURE,APP,REJECTED,True,21
1114,989,SR00000001114,2026-07-10 03:27:50,CARD_REISSUE,APP,REJECTED,True,32
1115,990,SR00000001115,2026-03-27 08:11:44,ACCOUNT_CLOSURE,BRANCH,COMPLETED,False,82
1116,991,SR00000001116,2026-08-04 01:26:57,DISPUTE,APP,PROCESSING,False,67
1117,992,SR00000001117,2026-03-24 22:16:17,ACCOUNT_CLOSURE,EMAIL,COMPLETED,True,4
1118,992,SR00000001118,2026-05-26 03:37:09,DISPUTE,APP,COMPLETED,True,18
1119,992,SR00000001119,2026-07-09 13:30:22,APP_SUPPORT,APP,COMPLETED,False,78
1120,993,SR00000001120,2026-05-10 02:11:20,PIN_RESET,BRANCH,PROCESSING,True,25
1121,995,SR00000001121,2026-04-08 22:58:10,APP_SUPPORT,HOTLINE,COMPLETED,True,12
1122,995,SR00000001122,2026-05-14 22:03:05,DISPUTE,EMAIL,COMPLETED,False,51
1123,997,SR00000001123,2026-03-20 02:32:55,LIMIT_CHANGE,HOTLINE,COMPLETED,True,24
1124,997,SR00000001124,2026-04-21 05:54:09,PIN_RESET,BRANCH,COMPLETED,True,39
1125,998,SR00000001125,2026-04-07 01:32:44,APP_SUPPORT,BRANCH,COMPLETED,False,65
1126,998,SR00000001126,2026-06-01 00:19:51,APP_SUPPORT,APP,COMPLETED,False,84
1127,999,SR00000001127,2026-05-03 11:50:16,ACCOUNT_CLOSURE,BRANCH,COMPLETED,False,67
1128,999,SR00000001128,2026-03-18 11:29:58,ACCOUNT_CLOSURE,CHATBOT,COMPLETED,True,34
1129,1000,SR00000001129,2026-06-20 17:38:53,PIN_RESET,HOTLINE,COMPLETED,False,81
1130,1000,SR00000001130,2026-08-06 22:06:25,STATEMENT_REQUEST,HOTLINE,NEW,True,13
1131,1002,SR00000001131,2026-08-09 06:37:20,APP_SUPPORT,BRANCH,COMPLETED,False,54
1132,1002,SR00000001132,2026-03-07 16:30:24,LIMIT_CHANGE,APP,COMPLETED,False,53
1133,1003,SR00000001133,2026-06-04 21:26:34,PIN_RESET,HOTLINE,COMPLETED,False,84
1134,1003,SR00000001134,2026-03-17 17:18:11,ADDRESS_UPDATE,HOTLINE,COMPLETED,True,36
1135,1005,SR00000001135,2026-07-04 09:59:29,APP_SUPPORT,APP,REJECTED,False,47
1136,1005,SR00000001136,2026-03-21 18:40:34,CARD_REISSUE,APP,COMPLETED,True,36
1137,1006,SR00000001137,2026-05-26 01:57:09,ADDRESS_UPDATE,HOTLINE,COMPLETED,False,56
1138,1007,SR00000001138,2026-06-03 09:11:37,PIN_RESET,HOTLINE,COMPLETED,True,30
1139,1008,SR00000001139,2026-03-14 12:25:14,ACCOUNT_CLOSURE,HOTLINE,COMPLETED,False,81
1140,1008,SR00000001140,2026-05-21 10:19:18,CARD_REISSUE,HOTLINE,COMPLETED,True,10
1141,1009,SR00000001141,2026-04-23 04:02:05,ACCOUNT_CLOSURE,HOTLINE,NEW,False,72
1142,1009,SR00000001142,2026-04-07 17:09:58,ADDRESS_UPDATE,BRANCH,COMPLETED,False,83
1143,1010,SR00000001143,2026-08-25 05:52:59,ADDRESS_UPDATE,EMAIL,COMPLETED,False,81
1144,1010,SR00000001144,2026-06-06 13:23:29,LIMIT_CHANGE,APP,COMPLETED,True,13
1145,1010,SR00000001145,2026-07-22 21:22:03,PIN_RESET,HOTLINE,COMPLETED,True,11
1146,1011,SR00000001146,2026-04-23 22:31:43,ADDRESS_UPDATE,HOTLINE,PROCESSING,False,66
1147,1011,SR00000001147,2026-08-03 15:03:56,PIN_RESET,HOTLINE,PROCESSING,True,29
1148,1013,SR00000001148,2026-03-13 04:33:55,CARD_REISSUE,APP,COMPLETED,False,57
1149,1014,SR00000001149,2026-07-24 16:09:42,STATEMENT_REQUEST,APP,COMPLETED,True,8
1150,1014,SR00000001150,2026-03-12 09:02:14,ADDRESS_UPDATE,APP,COMPLETED,True,37
1151,1017,SR00000001151,2026-03-27 01:42:05,APP_SUPPORT,HOTLINE,COMPLETED,False,58
1152,1018,SR00000001152,2026-04-19 02:07:57,APP_SUPPORT,HOTLINE,NEW,True,12
1153,1020,SR00000001153,2026-05-18 04:56:50,APP_SUPPORT,BRANCH,REJECTED,False,75
1154,1020,SR00000001154,2026-04-18 14:25:43,APP_SUPPORT,EMAIL,COMPLETED,True,32
1155,1020,SR00000001155,2026-03-04 04:53:55,PIN_RESET,APP,PROCESSING,False,60
1156,1021,SR00000001156,2026-03-10 19:27:01,DISPUTE,APP,COMPLETED,False,76
1157,1023,SR00000001157,2026-05-01 22:17:21,STATEMENT_REQUEST,EMAIL,COMPLETED,True,32
1158,1024,SR00000001158,2026-06-22 19:26:20,CARD_REISSUE,APP,COMPLETED,False,56
1159,1024,SR00000001159,2026-08-14 21:53:06,DISPUTE,HOTLINE,COMPLETED,True,38
1160,1026,SR00000001160,2026-05-04 02:10:41,STATEMENT_REQUEST,BRANCH,COMPLETED,False,48
1161,1027,SR00000001161,2026-04-05 15:20:49,CARD_REISSUE,BRANCH,COMPLETED,False,49
1162,1028,SR00000001162,2026-05-11 17:12:37,ADDRESS_UPDATE,HOTLINE,COMPLETED,False,78
1163,1028,SR00000001163,2026-05-17 18:44:37,STATEMENT_REQUEST,APP,COMPLETED,True,37
1164,1029,SR00000001164,2026-04-10 03:12:18,PIN_RESET,HOTLINE,COMPLETED,True,19
1165,1030,SR00000001165,2026-04-03 11:51:49,PIN_RESET,HOTLINE,COMPLETED,False,65
1166,1031,SR00000001166,2026-05-03 20:17:21,DISPUTE,HOTLINE,COMPLETED,False,69
1167,1032,SR00000001167,2026-06-23 01:48:30,ADDRESS_UPDATE,HOTLINE,COMPLETED,True,23
1168,1032,SR00000001168,2026-06-16 01:46:33,ADDRESS_UPDATE,BRANCH,COMPLETED,True,24
1169,1032,SR00000001169,2026-06-09 00:08:48,ADDRESS_UPDATE,CHATBOT,NEW,False,70
1170,1032,SR00000001170,2026-04-30 11:58:45,ADDRESS_UPDATE,BRANCH,PROCESSING,False,76
1171,1032,SR00000001171,2026-08-06 03:10:54,LIMIT_CHANGE,HOTLINE,PROCESSING,True,5
1172,1033,SR00000001172,2026-07-19 18:33:05,PIN_RESET,HOTLINE,COMPLETED,True,5
1173,1036,SR00000001173,2026-07-07 02:37:14,ADDRESS_UPDATE,APP,COMPLETED,False,46
1174,1037,SR00000001174,2026-05-31 08:32:48,APP_SUPPORT,BRANCH,COMPLETED,False,67
1175,1037,SR00000001175,2026-08-17 07:43:36,DISPUTE,HOTLINE,COMPLETED,True,4
1176,1038,SR00000001176,2026-04-27 14:48:26,CARD_REISSUE,HOTLINE,COMPLETED,False,62
1177,1039,SR00000001177,2026-05-10 09:32:47,DISPUTE,HOTLINE,COMPLETED,True,4
1178,1039,SR00000001178,2026-07-28 04:59:45,DISPUTE,HOTLINE,PROCESSING,True,41
1179,1040,SR00000001179,2026-04-20 07:26:32,PIN_RESET,APP,NEW,True,33
1180,1041,SR00000001180,2026-03-10 22:09:23,STATEMENT_REQUEST,BRANCH,COMPLETED,True,27
1181,1042,SR00000001181,2026-03-21 05:46:22,ACCOUNT_CLOSURE,HOTLINE,COMPLETED,False,53
1182,1042,SR00000001182,2026-05-18 23:55:15,PIN_RESET,EMAIL,PROCESSING,False,79
1183,1043,SR00000001183,2026-07-13 00:14:30,APP_SUPPORT,APP,REJECTED,True,30
1184,1044,SR00000001184,2026-04-30 21:45:26,LIMIT_CHANGE,EMAIL,COMPLETED,True,22
1185,1044,SR00000001185,2026-08-19 07:59:37,CARD_REISSUE,EMAIL,REJECTED,False,88
1186,1044,SR00000001186,2026-08-26 12:55:15,STATEMENT_REQUEST,EMAIL,COMPLETED,False,77
1187,1044,SR00000001187,2026-08-26 17:50:53,STATEMENT_REQUEST,HOTLINE,COMPLETED,False,52
1188,1045,SR00000001188,2026-06-20 18:32:36,APP_SUPPORT,CHATBOT,COMPLETED,False,58
1189,1045,SR00000001189,2026-08-06 14:07:52,CARD_REISSUE,CHATBOT,COMPLETED,True,28
1190,1045,SR00000001190,2026-08-13 00:07:37,CARD_REISSUE,BRANCH,COMPLETED,False,59
1191,1046,SR00000001191,2026-05-31 12:05:25,LIMIT_CHANGE,EMAIL,COMPLETED,True,21
1192,1049,SR00000001192,2026-04-04 22:30:46,APP_SUPPORT,APP,COMPLETED,False,46
1193,1049,SR00000001193,2026-07-18 16:01:00,STATEMENT_REQUEST,APP,COMPLETED,False,46
1194,1051,SR00000001194,2026-06-04 09:14:47,ADDRESS_UPDATE,APP,COMPLETED,True,29
1195,1052,SR00000001195,2026-03-25 17:45:27,DISPUTE,BRANCH,REJECTED,False,69
1196,1053,SR00000001196,2026-07-14 17:24:43,STATEMENT_REQUEST,EMAIL,COMPLETED,False,74
1197,1055,SR00000001197,2026-05-19 15:43:20,STATEMENT_REQUEST,HOTLINE,COMPLETED,False,76
1198,1056,SR00000001198,2026-03-15 06:14:12,STATEMENT_REQUEST,BRANCH,COMPLETED,False,57
1199,1056,SR00000001199,2026-05-23 23:54:48,ADDRESS_UPDATE,APP,COMPLETED,False,53
1200,1057,SR00000001200,2026-03-27 03:00:46,ADDRESS_UPDATE,CHATBOT,PROCESSING,True,21
1201,1057,SR00000001201,2026-03-31 15:09:02,ACCOUNT_CLOSURE,APP,COMPLETED,False,58
1202,1058,SR00000001202,2026-05-08 14:57:30,CARD_REISSUE,APP,COMPLETED,True,39
1203,1059,SR00000001203,2026-05-18 22:48:11,ADDRESS_UPDATE,HOTLINE,COMPLETED,False,80
1204,1060,SR00000001204,2026-07-15 20:40:55,ADDRESS_UPDATE,EMAIL,COMPLETED,True,16
1205,1060,SR00000001205,2026-08-12 16:17:55,DISPUTE,HOTLINE,COMPLETED,True,13
1206,1060,SR00000001206,2026-06-06 23:11:55,APP_SUPPORT,APP,COMPLETED,True,21
1207,1060,SR00000001207,2026-05-02 16:00:36,ACCOUNT_CLOSURE,HOTLINE,COMPLETED,False,65
1208,1061,SR00000001208,2026-07-12 06:11:00,DISPUTE,CHATBOT,PROCESSING,True,35
1209,1062,SR00000001209,2026-04-06 18:41:55,ADDRESS_UPDATE,HOTLINE,COMPLETED,False,48
1210,1062,SR00000001210,2026-06-17 20:06:12,ADDRESS_UPDATE,APP,COMPLETED,True,24
1211,1062,SR00000001211,2026-04-13 09:17:26,DISPUTE,HOTLINE,COMPLETED,False,78
1212,1063,SR00000001212,2026-04-18 07:43:25,LIMIT_CHANGE,CHATBOT,COMPLETED,True,5
1213,1063,SR00000001213,2026-07-09 14:46:50,CARD_REISSUE,APP,COMPLETED,False,71
1214,1064,SR00000001214,2026-08-06 16:49:44,PIN_RESET,HOTLINE,PROCESSING,False,63
1215,1064,SR00000001215,2026-06-24 05:32:40,DISPUTE,HOTLINE,COMPLETED,False,58
1216,1065,SR00000001216,2026-03-18 15:49:15,CARD_REISSUE,HOTLINE,REJECTED,False,55
1217,1065,SR00000001217,2026-03-30 04:17:47,PIN_RESET,HOTLINE,COMPLETED,True,18
1218,1066,SR00000001218,2026-08-19 04:39:15,PIN_RESET,HOTLINE,COMPLETED,True,11
1219,1067,SR00000001219,2026-06-04 20:40:17,ACCOUNT_CLOSURE,APP,COMPLETED,False,77
1220,1068,SR00000001220,2026-04-11 14:30:11,ADDRESS_UPDATE,BRANCH,COMPLETED,False,54
1221,1068,SR00000001221,2026-04-14 10:32:49,PIN_RESET,HOTLINE,COMPLETED,False,67
1222,1068,SR00000001222,2026-05-11 08:10:42,ACCOUNT_CLOSURE,BRANCH,COMPLETED,True,40
1223,1068,SR00000001223,2026-03-30 13:02:05,ACCOUNT_CLOSURE,BRANCH,COMPLETED,True,22
1224,1069,SR00000001224,2026-06-05 02:39:50,CARD_REISSUE,APP,COMPLETED,False,52
1225,1069,SR00000001225,2026-03-16 13:29:21,CARD_REISSUE,HOTLINE,COMPLETED,True,40
1226,1070,SR00000001226,2026-06-23 13:21:08,CARD_REISSUE,BRANCH,COMPLETED,True,7
1227,1071,SR00000001227,2026-04-02 07:48:56,APP_SUPPORT,CHATBOT,COMPLETED,False,68
1228,1071,SR00000001228,2026-06-12 16:20:23,LIMIT_CHANGE,EMAIL,COMPLETED,False,85
1229,1071,SR00000001229,2026-03-08 08:04:08,PIN_RESET,HOTLINE,PROCESSING,False,87
1230,1072,SR00000001230,2026-07-10 02:14:48,DISPUTE,BRANCH,COMPLETED,True,18
1231,1073,SR00000001231,2026-07-24 17:42:59,STATEMENT_REQUEST,CHATBOT,COMPLETED,False,63
1232,1073,SR00000001232,2026-03-23 02:04:52,APP_SUPPORT,HOTLINE,COMPLETED,True,15
1233,1074,SR00000001233,2026-04-06 23:41:02,STATEMENT_REQUEST,BRANCH,COMPLETED,False,53
1234,1076,SR00000001234,2026-05-22 00:37:00,STATEMENT_REQUEST,HOTLINE,COMPLETED,True,9
1235,1076,SR00000001235,2026-06-08 04:56:27,STATEMENT_REQUEST,BRANCH,COMPLETED,True,5
1236,1078,SR00000001236,2026-08-19 19:54:37,CARD_REISSUE,APP,COMPLETED,False,48
1237,1079,SR00000001237,2026-05-08 02:54:32,STATEMENT_REQUEST,HOTLINE,COMPLETED,False,72
1238,1080,SR00000001238,2026-05-14 18:23:36,DISPUTE,HOTLINE,COMPLETED,True,45
1239,1082,SR00000001239,2026-07-19 10:07:16,APP_SUPPORT,APP,COMPLETED,True,26
1240,1083,SR00000001240,2026-04-07 07:57:42,DISPUTE,HOTLINE,COMPLETED,False,78
1241,1084,SR00000001241,2026-04-17 23:26:11,CARD_REISSUE,APP,COMPLETED,True,11
1242,1084,SR00000001242,2026-06-06 06:39:12,APP_SUPPORT,BRANCH,COMPLETED,False,47
1243,1084,SR00000001243,2026-04-25 05:14:58,CARD_REISSUE,APP,PROCESSING,False,51
1244,1085,SR00000001244,2026-06-05 20:35:12,STATEMENT_REQUEST,CHATBOT,COMPLETED,True,25
1245,1085,SR00000001245,2026-04-25 08:07:49,LIMIT_CHANGE,APP,COMPLETED,False,61
1246,1086,SR00000001246,2026-04-18 23:01:39,STATEMENT_REQUEST,EMAIL,COMPLETED,False,54
1247,1086,SR00000001247,2026-05-13 14:23:18,STATEMENT_REQUEST,APP,COMPLETED,False,60
1248,1086,SR00000001248,2026-04-13 21:59:22,DISPUTE,CHATBOT,PROCESSING,True,45
1249,1086,SR00000001249,2026-05-21 17:25:18,STATEMENT_REQUEST,HOTLINE,COMPLETED,True,6
1250,1087,SR00000001250,2026-04-03 15:19:50,DISPUTE,HOTLINE,COMPLETED,False,59
1251,1088,SR00000001251,2026-06-06 17:37:24,STATEMENT_REQUEST,BRANCH,COMPLETED,False,71
1252,1089,SR00000001252,2026-07-14 03:11:40,ADDRESS_UPDATE,HOTLINE,COMPLETED,False,80
1253,1090,SR00000001253,2026-05-13 22:10:08,ACCOUNT_CLOSURE,CHATBOT,COMPLETED,False,73
1254,1090,SR00000001254,2026-06-14 12:15:03,CARD_REISSUE,HOTLINE,COMPLETED,True,35
1255,1090,SR00000001255,2026-07-10 14:22:16,PIN_RESET,APP,COMPLETED,False,65
1256,1091,SR00000001256,2026-04-05 13:25:20,STATEMENT_REQUEST,HOTLINE,COMPLETED,False,67
1257,1091,SR00000001257,2026-06-25 07:49:33,CARD_REISSUE,APP,COMPLETED,False,60
1258,1092,SR00000001258,2026-04-09 19:49:30,STATEMENT_REQUEST,APP,COMPLETED,False,68
1259,1092,SR00000001259,2026-07-26 05:07:33,CARD_REISSUE,HOTLINE,COMPLETED,False,58
1260,1092,SR00000001260,2026-05-26 16:19:03,ADDRESS_UPDATE,HOTLINE,PROCESSING,True,28
1261,1093,SR00000001261,2026-03-12 20:13:17,ACCOUNT_CLOSURE,EMAIL,PROCESSING,False,47
1262,1095,SR00000001262,2026-03-03 19:39:58,CARD_REISSUE,HOTLINE,COMPLETED,False,82
1263,1095,SR00000001263,2026-07-17 01:05:09,APP_SUPPORT,CHATBOT,COMPLETED,False,63
1264,1096,SR00000001264,2026-04-25 20:09:07,ADDRESS_UPDATE,EMAIL,COMPLETED,False,65
1265,1096,SR00000001265,2026-04-30 00:49:23,DISPUTE,APP,COMPLETED,True,18
1266,1097,SR00000001266,2026-07-28 06:49:45,CARD_REISSUE,CHATBOT,COMPLETED,True,32
1267,1097,SR00000001267,2026-06-25 06:51:23,CARD_REISSUE,APP,COMPLETED,False,52
1268,1100,SR00000001268,2026-05-21 09:17:42,PIN_RESET,BRANCH,COMPLETED,True,26
1269,1100,SR00000001269,2026-06-14 13:04:28,CARD_REISSUE,EMAIL,COMPLETED,True,14
1270,1103,SR00000001270,2026-06-07 21:55:36,ACCOUNT_CLOSURE,APP,COMPLETED,True,18
1271,1104,SR00000001271,2026-06-18 14:28:41,STATEMENT_REQUEST,APP,COMPLETED,False,58
1272,1105,SR00000001272,2026-03-27 03:02:39,PIN_RESET,BRANCH,COMPLETED,False,71
1273,1105,SR00000001273,2026-07-25 11:14:18,APP_SUPPORT,BRANCH,COMPLETED,False,63
1274,1107,SR00000001274,2026-05-21 01:55:40,PIN_RESET,EMAIL,COMPLETED,False,50
1275,1109,SR00000001275,2026-05-23 20:35:26,ADDRESS_UPDATE,APP,COMPLETED,True,45
1276,1109,SR00000001276,2026-05-02 15:19:18,APP_SUPPORT,APP,COMPLETED,False,47
1277,1110,SR00000001277,2026-04-13 10:06:47,ADDRESS_UPDATE,HOTLINE,COMPLETED,False,70
1278,1110,SR00000001278,2026-03-15 16:03:42,APP_SUPPORT,CHATBOT,COMPLETED,False,59
1279,1111,SR00000001279,2026-06-21 16:09:46,CARD_REISSUE,EMAIL,COMPLETED,True,44
1280,1113,SR00000001280,2026-05-27 13:48:38,LIMIT_CHANGE,EMAIL,COMPLETED,False,64
1281,1117,SR00000001281,2026-04-27 16:25:02,LIMIT_CHANGE,BRANCH,COMPLETED,True,16
1282,1117,SR00000001282,2026-07-06 15:57:47,LIMIT_CHANGE,BRANCH,COMPLETED,False,65
1283,1117,SR00000001283,2026-08-02 02:32:24,PIN_RESET,BRANCH,COMPLETED,False,53
1284,1119,SR00000001284,2026-03-31 23:15:36,APP_SUPPORT,CHATBOT,REJECTED,True,45
1285,1120,SR00000001285,2026-03-24 14:32:25,PIN_RESET,APP,NEW,True,17
1286,1121,SR00000001286,2026-04-22 11:08:13,ACCOUNT_CLOSURE,HOTLINE,COMPLETED,True,24
1287,1121,SR00000001287,2026-06-02 16:21:18,DISPUTE,APP,COMPLETED,False,88
1288,1121,SR00000001288,2026-08-25 22:50:52,APP_SUPPORT,HOTLINE,COMPLETED,True,20
1289,1121,SR00000001289,2026-06-07 16:59:56,LIMIT_CHANGE,BRANCH,COMPLETED,True,43
1290,1122,SR00000001290,2026-04-02 05:30:40,APP_SUPPORT,APP,COMPLETED,True,27
1291,1122,SR00000001291,2026-05-29 19:06:15,APP_SUPPORT,HOTLINE,COMPLETED,True,26
1292,1124,SR00000001292,2026-07-31 05:05:28,LIMIT_CHANGE,BRANCH,COMPLETED,True,7
1293,1125,SR00000001293,2026-08-11 13:12:23,STATEMENT_REQUEST,HOTLINE,COMPLETED,False,58
1294,1125,SR00000001294,2026-06-09 01:31:57,ADDRESS_UPDATE,APP,COMPLETED,False,79
1295,1126,SR00000001295,2026-04-27 19:56:08,ACCOUNT_CLOSURE,APP,PROCESSING,False,87
1296,1126,SR00000001296,2026-06-14 21:59:45,STATEMENT_REQUEST,EMAIL,COMPLETED,False,81
1297,1126,SR00000001297,2026-08-24 20:09:13,DISPUTE,EMAIL,COMPLETED,True,14
1298,1127,SR00000001298,2026-04-08 23:25:32,LIMIT_CHANGE,APP,NEW,False,63
1299,1127,SR00000001299,2026-04-15 08:41:47,APP_SUPPORT,APP,COMPLETED,False,69
1300,1128,SR00000001300,2026-04-19 23:27:56,CARD_REISSUE,HOTLINE,COMPLETED,False,52
1301,1128,SR00000001301,2026-04-20 10:48:20,LIMIT_CHANGE,HOTLINE,COMPLETED,False,46
1302,1129,SR00000001302,2026-08-12 11:38:11,DISPUTE,HOTLINE,COMPLETED,False,52
1303,1129,SR00000001303,2026-06-20 05:11:05,LIMIT_CHANGE,APP,NEW,True,11
1304,1129,SR00000001304,2026-04-22 16:32:56,ACCOUNT_CLOSURE,BRANCH,COMPLETED,False,52
1305,1130,SR00000001305,2026-03-26 03:33:02,PIN_RESET,CHATBOT,COMPLETED,True,33
1306,1134,SR00000001306,2026-07-29 13:44:18,CARD_REISSUE,HOTLINE,COMPLETED,True,20
1307,1134,SR00000001307,2026-06-09 15:04:05,APP_SUPPORT,APP,COMPLETED,True,3
1308,1135,SR00000001308,2026-05-24 23:04:40,DISPUTE,APP,COMPLETED,True,24
1309,1135,SR00000001309,2026-07-18 05:33:49,APP_SUPPORT,APP,COMPLETED,True,32
1310,1137,SR00000001310,2026-06-24 10:17:37,STATEMENT_REQUEST,HOTLINE,COMPLETED,False,51
1311,1137,SR00000001311,2026-07-18 12:52:21,CARD_REISSUE,BRANCH,NEW,True,23
1312,1138,SR00000001312,2026-05-01 12:21:55,CARD_REISSUE,CHATBOT,COMPLETED,False,74
1313,1138,SR00000001313,2026-05-04 22:03:24,PIN_RESET,BRANCH,COMPLETED,True,14
1314,1139,SR00000001314,2026-06-22 15:20:54,ADDRESS_UPDATE,APP,COMPLETED,True,36
1315,1140,SR00000001315,2026-04-23 23:46:36,STATEMENT_REQUEST,BRANCH,COMPLETED,False,46
1316,1141,SR00000001316,2026-04-06 14:09:51,STATEMENT_REQUEST,HOTLINE,PROCESSING,False,64
1317,1141,SR00000001317,2026-04-14 08:32:11,CARD_REISSUE,APP,COMPLETED,False,56
1318,1141,SR00000001318,2026-04-08 23:52:06,PIN_RESET,HOTLINE,COMPLETED,False,65
1319,1142,SR00000001319,2026-08-06 15:51:32,STATEMENT_REQUEST,HOTLINE,COMPLETED,False,53
1320,1143,SR00000001320,2026-04-20 05:36:25,PIN_RESET,HOTLINE,NEW,True,32
1321,1143,SR00000001321,2026-08-11 21:23:29,PIN_RESET,APP,COMPLETED,True,35
1322,1144,SR00000001322,2026-07-02 12:29:14,ADDRESS_UPDATE,HOTLINE,COMPLETED,True,21
1323,1146,SR00000001323,2026-07-31 05:03:20,LIMIT_CHANGE,EMAIL,NEW,True,29
1324,1147,SR00000001324,2026-03-30 11:01:51,CARD_REISSUE,HOTLINE,COMPLETED,False,54
1325,1147,SR00000001325,2026-04-11 08:27:29,DISPUTE,HOTLINE,COMPLETED,False,82
1326,1147,SR00000001326,2026-08-03 07:14:01,PIN_RESET,HOTLINE,COMPLETED,False,85
1327,1148,SR00000001327,2026-03-30 04:20:50,APP_SUPPORT,HOTLINE,COMPLETED,True,9
1328,1148,SR00000001328,2026-07-04 07:57:02,ADDRESS_UPDATE,APP,COMPLETED,True,44
1329,1150,SR00000001329,2026-05-06 16:36:23,APP_SUPPORT,BRANCH,REJECTED,True,4
1330,1150,SR00000001330,2026-06-24 18:28:41,APP_SUPPORT,HOTLINE,COMPLETED,False,76
1331,1151,SR00000001331,2026-07-01 16:05:18,CARD_REISSUE,HOTLINE,COMPLETED,False,60
1332,1154,SR00000001332,2026-04-24 20:58:09,LIMIT_CHANGE,HOTLINE,PROCESSING,True,20
1333,1155,SR00000001333,2026-06-15 11:21:20,PIN_RESET,HOTLINE,COMPLETED,True,45
1334,1156,SR00000001334,2026-03-06 19:28:35,CARD_REISSUE,CHATBOT,COMPLETED,True,13
1335,1157,SR00000001335,2026-06-01 14:22:42,ADDRESS_UPDATE,HOTLINE,COMPLETED,False,65
1336,1157,SR00000001336,2026-07-13 02:00:48,STATEMENT_REQUEST,CHATBOT,COMPLETED,False,56
1337,1158,SR00000001337,2026-04-01 23:40:39,STATEMENT_REQUEST,CHATBOT,COMPLETED,False,60
1338,1159,SR00000001338,2026-06-13 11:49:40,PIN_RESET,HOTLINE,COMPLETED,False,81
1339,1161,SR00000001339,2026-07-05 04:21:53,APP_SUPPORT,HOTLINE,COMPLETED,False,53
1340,1161,SR00000001340,2026-05-10 11:32:55,CARD_REISSUE,APP,PROCESSING,True,43
1341,1162,SR00000001341,2026-04-01 14:18:56,PIN_RESET,BRANCH,NEW,True,4
1342,1162,SR00000001342,2026-03-13 18:32:51,PIN_RESET,HOTLINE,COMPLETED,False,77
1343,1163,SR00000001343,2026-03-21 00:07:36,DISPUTE,HOTLINE,COMPLETED,False,56
1344,1167,SR00000001344,2026-05-25 20:57:03,APP_SUPPORT,APP,COMPLETED,False,61
1345,1168,SR00000001345,2026-05-11 11:11:34,DISPUTE,APP,COMPLETED,True,37
1346,1169,SR00000001346,2026-06-09 06:02:47,PIN_RESET,EMAIL,NEW,True,3
1347,1170,SR00000001347,2026-03-23 14:28:03,STATEMENT_REQUEST,EMAIL,COMPLETED,False,87
1348,1170,SR00000001348,2026-08-05 10:30:27,DISPUTE,HOTLINE,COMPLETED,False,86
1349,1172,SR00000001349,2026-07-05 13:05:28,LIMIT_CHANGE,BRANCH,COMPLETED,False,49
1350,1172,SR00000001350,2026-06-08 10:07:09,CARD_REISSUE,HOTLINE,COMPLETED,False,46
1351,1174,SR00000001351,2026-08-09 07:47:59,DISPUTE,APP,COMPLETED,False,84
1352,1175,SR00000001352,2026-04-10 18:31:34,PIN_RESET,HOTLINE,NEW,False,76
1353,1176,SR00000001353,2026-03-02 21:23:02,APP_SUPPORT,EMAIL,PROCESSING,True,28
1354,1176,SR00000001354,2026-05-03 11:47:30,ACCOUNT_CLOSURE,HOTLINE,PROCESSING,False,67
1355,1176,SR00000001355,2026-08-03 16:28:05,DISPUTE,APP,COMPLETED,False,84
1356,1176,SR00000001356,2026-05-18 00:34:10,PIN_RESET,APP,NEW,False,54
1357,1177,SR00000001357,2026-04-19 05:20:16,APP_SUPPORT,BRANCH,REJECTED,True,25
1358,1179,SR00000001358,2026-08-16 06:15:01,ACCOUNT_CLOSURE,CHATBOT,COMPLETED,False,81
1359,1179,SR00000001359,2026-08-01 08:06:17,DISPUTE,EMAIL,COMPLETED,False,66
1360,1179,SR00000001360,2026-08-23 04:22:03,PIN_RESET,HOTLINE,COMPLETED,True,5
1361,1180,SR00000001361,2026-07-24 04:49:27,PIN_RESET,BRANCH,PROCESSING,True,23
1362,1181,SR00000001362,2026-03-05 18:38:58,ACCOUNT_CLOSURE,CHATBOT,COMPLETED,True,12
1363,1181,SR00000001363,2026-04-23 13:08:52,APP_SUPPORT,APP,COMPLETED,False,72
1364,1181,SR00000001364,2026-07-18 13:32:03,APP_SUPPORT,HOTLINE,COMPLETED,False,89
1365,1182,SR00000001365,2026-03-26 14:58:31,APP_SUPPORT,BRANCH,COMPLETED,False,89
1366,1182,SR00000001366,2026-08-13 08:32:33,STATEMENT_REQUEST,APP,COMPLETED,True,37
1367,1183,SR00000001367,2026-06-09 14:57:15,PIN_RESET,APP,COMPLETED,True,32
1368,1183,SR00000001368,2026-06-11 18:52:58,DISPUTE,HOTLINE,COMPLETED,True,36
1369,1184,SR00000001369,2026-06-20 01:44:28,DISPUTE,CHATBOT,COMPLETED,False,66
1370,1184,SR00000001370,2026-05-23 11:22:52,APP_SUPPORT,HOTLINE,PROCESSING,False,53
1371,1185,SR00000001371,2026-08-17 02:20:28,PIN_RESET,HOTLINE,COMPLETED,False,73
1372,1185,SR00000001372,2026-06-27 19:31:46,ACCOUNT_CLOSURE,HOTLINE,COMPLETED,False,48
1373,1187,SR00000001373,2026-06-24 02:13:48,APP_SUPPORT,BRANCH,REJECTED,False,67
1374,1187,SR00000001374,2026-06-12 08:12:23,PIN_RESET,HOTLINE,COMPLETED,True,38
1375,1190,SR00000001375,2026-06-04 01:20:18,ACCOUNT_CLOSURE,EMAIL,COMPLETED,True,43
1376,1191,SR00000001376,2026-06-04 01:21:51,APP_SUPPORT,APP,COMPLETED,False,53
1377,1195,SR00000001377,2026-07-11 09:20:58,LIMIT_CHANGE,APP,COMPLETED,False,70
1378,1198,SR00000001378,2026-03-23 12:19:30,STATEMENT_REQUEST,HOTLINE,COMPLETED,True,12
1379,1198,SR00000001379,2026-08-18 19:07:18,ADDRESS_UPDATE,APP,COMPLETED,True,6
1380,1198,SR00000001380,2026-06-24 05:10:42,ACCOUNT_CLOSURE,BRANCH,COMPLETED,True,23
1381,1199,SR00000001381,2026-04-01 06:13:08,PIN_RESET,APP,COMPLETED,False,59
1382,1199,SR00000001382,2026-05-09 20:27:17,DISPUTE,APP,COMPLETED,True,5
1383,1200,SR00000001383,2026-06-11 08:10:04,ADDRESS_UPDATE,APP,COMPLETED,False,87
1384,1200,SR00000001384,2026-06-02 04:12:29,ADDRESS_UPDATE,HOTLINE,COMPLETED,True,4
1385,1200,SR00000001385,2026-03-01 18:53:19,ACCOUNT_CLOSURE,HOTLINE,COMPLETED,False,73
1386,1201,SR00000001386,2026-03-31 19:25:20,DISPUTE,BRANCH,COMPLETED,True,10
1387,1201,SR00000001387,2026-04-09 23:48:52,CARD_REISSUE,HOTLINE,COMPLETED,True,33
1388,1204,SR00000001388,2026-04-22 21:14:19,PIN_RESET,HOTLINE,COMPLETED,True,31
1389,1204,SR00000001389,2026-08-23 23:25:39,APP_SUPPORT,APP,COMPLETED,True,29
1390,1204,SR00000001390,2026-07-12 15:31:37,ADDRESS_UPDATE,EMAIL,COMPLETED,True,8
1391,1205,SR00000001391,2026-06-22 15:31:11,ADDRESS_UPDATE,APP,COMPLETED,False,71
1392,1206,SR00000001392,2026-07-06 05:27:58,CARD_REISSUE,HOTLINE,COMPLETED,True,7
1393,1206,SR00000001393,2026-07-05 01:48:54,LIMIT_CHANGE,APP,COMPLETED,False,83
1394,1207,SR00000001394,2026-08-17 07:18:40,PIN_RESET,CHATBOT,NEW,True,28
1395,1207,SR00000001395,2026-08-04 20:15:31,ADDRESS_UPDATE,EMAIL,COMPLETED,False,63
1396,1207,SR00000001396,2026-06-15 00:48:53,PIN_RESET,CHATBOT,COMPLETED,False,51
1397,1207,SR00000001397,2026-04-13 08:21:53,ACCOUNT_CLOSURE,CHATBOT,COMPLETED,False,53
1398,1207,SR00000001398,2026-07-24 23:11:31,APP_SUPPORT,EMAIL,COMPLETED,True,18
1399,1207,SR00000001399,2026-04-27 15:29:40,STATEMENT_REQUEST,BRANCH,PROCESSING,True,34
1400,1209,SR00000001400,2026-05-23 17:57:27,STATEMENT_REQUEST,BRANCH,COMPLETED,False,61
1401,1209,SR00000001401,2026-04-18 17:05:59,APP_SUPPORT,APP,COMPLETED,False,59
1402,1211,SR00000001402,2026-08-03 18:05:45,DISPUTE,BRANCH,PROCESSING,False,69
1403,1211,SR00000001403,2026-08-06 07:19:37,ADDRESS_UPDATE,HOTLINE,COMPLETED,True,37
1404,1211,SR00000001404,2026-08-21 15:47:30,STATEMENT_REQUEST,BRANCH,COMPLETED,False,60
1405,1211,SR00000001405,2026-06-13 23:23:43,LIMIT_CHANGE,APP,PROCESSING,False,76
1406,1211,SR00000001406,2026-06-23 22:26:43,APP_SUPPORT,BRANCH,COMPLETED,False,47
1407,1212,SR00000001407,2026-06-10 09:34:48,PIN_RESET,EMAIL,COMPLETED,True,11
1408,1213,SR00000001408,2026-05-04 19:36:23,PIN_RESET,EMAIL,COMPLETED,True,11
1409,1213,SR00000001409,2026-03-27 09:09:50,APP_SUPPORT,APP,COMPLETED,False,68
1410,1213,SR00000001410,2026-08-11 10:25:53,APP_SUPPORT,HOTLINE,COMPLETED,True,32
1411,1214,SR00000001411,2026-05-15 10:46:49,APP_SUPPORT,EMAIL,COMPLETED,True,20
1412,1215,SR00000001412,2026-04-12 17:02:03,PIN_RESET,APP,PROCESSING,False,62
1413,1216,SR00000001413,2026-07-26 05:32:46,ADDRESS_UPDATE,APP,COMPLETED,True,7
1414,1218,SR00000001414,2026-07-04 11:32:22,LIMIT_CHANGE,APP,COMPLETED,True,22
1415,1219,SR00000001415,2026-04-11 01:08:47,PIN_RESET,APP,COMPLETED,True,43
1416,1219,SR00000001416,2026-06-26 18:56:25,LIMIT_CHANGE,HOTLINE,COMPLETED,False,69
1417,1220,SR00000001417,2026-05-05 02:20:15,ACCOUNT_CLOSURE,BRANCH,COMPLETED,False,76
1418,1222,SR00000001418,2026-07-27 10:26:01,APP_SUPPORT,EMAIL,COMPLETED,False,77
1419,1222,SR00000001419,2026-05-20 11:19:08,ACCOUNT_CLOSURE,CHATBOT,COMPLETED,False,73
1420,1223,SR00000001420,2026-04-03 18:54:12,LIMIT_CHANGE,EMAIL,COMPLETED,False,77
1421,1223,SR00000001421,2026-06-20 04:20:14,PIN_RESET,BRANCH,COMPLETED,True,36
1422,1224,SR00000001422,2026-03-27 03:37:41,ADDRESS_UPDATE,HOTLINE,COMPLETED,False,81
1423,1225,SR00000001423,2026-06-14 16:27:58,LIMIT_CHANGE,BRANCH,COMPLETED,False,86
1424,1226,SR00000001424,2026-03-04 02:49:18,PIN_RESET,HOTLINE,COMPLETED,True,30
1425,1228,SR00000001425,2026-03-13 01:57:15,DISPUTE,EMAIL,COMPLETED,False,61
1426,1229,SR00000001426,2026-04-16 14:37:00,STATEMENT_REQUEST,HOTLINE,COMPLETED,False,61
1427,1229,SR00000001427,2026-07-17 15:33:52,PIN_RESET,BRANCH,COMPLETED,False,89
1428,1230,SR00000001428,2026-05-18 08:16:01,APP_SUPPORT,EMAIL,COMPLETED,True,15
1429,1232,SR00000001429,2026-08-25 21:19:33,LIMIT_CHANGE,HOTLINE,COMPLETED,False,72
1430,1232,SR00000001430,2026-07-10 12:30:02,STATEMENT_REQUEST,CHATBOT,COMPLETED,True,17
1431,1232,SR00000001431,2026-07-12 16:37:17,STATEMENT_REQUEST,APP,COMPLETED,True,23
1432,1234,SR00000001432,2026-06-14 18:19:40,ACCOUNT_CLOSURE,CHATBOT,COMPLETED,False,89
1433,1234,SR00000001433,2026-07-08 20:09:38,STATEMENT_REQUEST,EMAIL,COMPLETED,True,36
1434,1234,SR00000001434,2026-08-10 19:19:41,STATEMENT_REQUEST,HOTLINE,NEW,True,9
1435,1235,SR00000001435,2026-07-18 14:33:37,CARD_REISSUE,EMAIL,PROCESSING,False,81
1436,1235,SR00000001436,2026-08-17 21:45:43,CARD_REISSUE,HOTLINE,COMPLETED,True,32
1437,1235,SR00000001437,2026-05-12 19:07:00,LIMIT_CHANGE,HOTLINE,COMPLETED,True,32
1438,1236,SR00000001438,2026-03-11 21:08:26,STATEMENT_REQUEST,APP,COMPLETED,True,18
1439,1237,SR00000001439,2026-07-05 19:05:28,ADDRESS_UPDATE,HOTLINE,COMPLETED,True,8
1440,1238,SR00000001440,2026-06-27 00:00:07,APP_SUPPORT,HOTLINE,COMPLETED,False,55
1441,1239,SR00000001441,2026-06-30 12:19:46,CARD_REISSUE,APP,COMPLETED,False,49
1442,1239,SR00000001442,2026-03-30 05:17:01,DISPUTE,HOTLINE,PROCESSING,True,11
1443,1241,SR00000001443,2026-07-29 16:07:53,PIN_RESET,APP,COMPLETED,True,8
1444,1242,SR00000001444,2026-03-04 00:38:00,CARD_REISSUE,HOTLINE,PROCESSING,False,58
1445,1245,SR00000001445,2026-06-19 18:47:30,ADDRESS_UPDATE,HOTLINE,COMPLETED,False,57
1446,1245,SR00000001446,2026-07-14 09:39:52,LIMIT_CHANGE,BRANCH,COMPLETED,True,22
1447,1246,SR00000001447,2026-04-09 09:44:50,LIMIT_CHANGE,APP,COMPLETED,True,22
1448,1246,SR00000001448,2026-07-23 08:18:02,DISPUTE,BRANCH,NEW,False,85
1449,1246,SR00000001449,2026-08-15 08:04:21,DISPUTE,EMAIL,COMPLETED,True,20
1450,1249,SR00000001450,2026-05-08 21:41:35,PIN_RESET,HOTLINE,COMPLETED,False,86
1451,1250,SR00000001451,2026-05-08 00:01:57,APP_SUPPORT,CHATBOT,COMPLETED,True,32
1452,1251,SR00000001452,2026-08-08 07:37:55,STATEMENT_REQUEST,APP,COMPLETED,False,79
1453,1252,SR00000001453,2026-03-31 17:44:27,ADDRESS_UPDATE,HOTLINE,COMPLETED,True,29
1454,1252,SR00000001454,2026-03-11 20:01:17,DISPUTE,BRANCH,COMPLETED,False,53
1455,1252,SR00000001455,2026-03-05 12:01:34,DISPUTE,HOTLINE,COMPLETED,False,74
1456,1253,SR00000001456,2026-05-21 00:16:06,DISPUTE,BRANCH,COMPLETED,False,72
1457,1253,SR00000001457,2026-04-21 11:38:51,STATEMENT_REQUEST,APP,COMPLETED,False,75
1458,1253,SR00000001458,2026-04-23 12:44:13,APP_SUPPORT,APP,PROCESSING,True,11
1459,1254,SR00000001459,2026-03-01 12:44:19,LIMIT_CHANGE,APP,COMPLETED,True,28
1460,1254,SR00000001460,2026-03-05 18:57:29,PIN_RESET,HOTLINE,COMPLETED,True,28
1461,1254,SR00000001461,2026-04-29 01:42:55,PIN_RESET,APP,COMPLETED,True,13
1462,1257,SR00000001462,2026-04-28 10:28:32,PIN_RESET,APP,NEW,True,43
1463,1257,SR00000001463,2026-03-24 03:30:25,ACCOUNT_CLOSURE,APP,COMPLETED,False,56
1464,1257,SR00000001464,2026-08-09 07:07:16,STATEMENT_REQUEST,APP,COMPLETED,True,3
1465,1261,SR00000001465,2026-07-14 16:14:03,APP_SUPPORT,HOTLINE,COMPLETED,False,61
1466,1264,SR00000001466,2026-03-19 22:44:31,STATEMENT_REQUEST,HOTLINE,COMPLETED,False,74
1467,1264,SR00000001467,2026-07-26 13:34:32,CARD_REISSUE,APP,COMPLETED,False,49
1468,1264,SR00000001468,2026-04-20 19:20:54,APP_SUPPORT,HOTLINE,COMPLETED,False,78
1469,1266,SR00000001469,2026-03-30 11:05:21,DISPUTE,HOTLINE,COMPLETED,True,33
1470,1268,SR00000001470,2026-05-31 14:55:01,ACCOUNT_CLOSURE,APP,PROCESSING,False,69
1471,1268,SR00000001471,2026-03-27 04:35:51,PIN_RESET,HOTLINE,PROCESSING,False,54
1472,1268,SR00000001472,2026-05-14 19:56:26,DISPUTE,HOTLINE,COMPLETED,False,54
1473,1269,SR00000001473,2026-03-13 06:02:12,STATEMENT_REQUEST,BRANCH,COMPLETED,False,54
1474,1270,SR00000001474,2026-04-25 19:09:12,ADDRESS_UPDATE,BRANCH,REJECTED,False,48
1475,1270,SR00000001475,2026-05-22 11:11:41,LIMIT_CHANGE,EMAIL,COMPLETED,False,86
1476,1270,SR00000001476,2026-08-14 20:46:53,LIMIT_CHANGE,BRANCH,COMPLETED,False,69
1477,1271,SR00000001477,2026-08-21 14:00:54,DISPUTE,HOTLINE,COMPLETED,True,27
1478,1272,SR00000001478,2026-07-20 22:45:13,APP_SUPPORT,EMAIL,COMPLETED,True,11
1479,1272,SR00000001479,2026-03-09 06:51:28,ACCOUNT_CLOSURE,HOTLINE,COMPLETED,True,21
1480,1274,SR00000001480,2026-04-16 10:47:21,PIN_RESET,HOTLINE,COMPLETED,False,50
1481,1275,SR00000001481,2026-05-14 21:13:19,STATEMENT_REQUEST,CHATBOT,COMPLETED,True,23
1482,1277,SR00000001482,2026-06-30 19:49:55,APP_SUPPORT,HOTLINE,COMPLETED,False,78
1483,1277,SR00000001483,2026-07-27 06:30:13,LIMIT_CHANGE,APP,COMPLETED,True,16
1484,1278,SR00000001484,2026-04-30 06:10:51,STATEMENT_REQUEST,APP,COMPLETED,True,38
1485,1278,SR00000001485,2026-04-06 23:38:35,DISPUTE,BRANCH,COMPLETED,True,27
1486,1279,SR00000001486,2026-03-26 01:24:53,STATEMENT_REQUEST,CHATBOT,COMPLETED,False,53
1487,1280,SR00000001487,2026-03-13 09:26:52,DISPUTE,CHATBOT,COMPLETED,False,59
1488,1280,SR00000001488,2026-04-30 13:47:42,STATEMENT_REQUEST,CHATBOT,NEW,False,87
1489,1281,SR00000001489,2026-03-19 19:04:28,ACCOUNT_CLOSURE,HOTLINE,NEW,False,47
1490,1283,SR00000001490,2026-04-30 14:16:18,ADDRESS_UPDATE,HOTLINE,COMPLETED,True,3
1491,1285,SR00000001491,2026-08-02 03:18:03,STATEMENT_REQUEST,APP,PROCESSING,False,47
1492,1285,SR00000001492,2026-06-19 08:24:10,APP_SUPPORT,APP,COMPLETED,False,58
1493,1286,SR00000001493,2026-06-21 05:32:36,ACCOUNT_CLOSURE,BRANCH,COMPLETED,False,54
1494,1289,SR00000001494,2026-03-20 20:59:11,STATEMENT_REQUEST,HOTLINE,COMPLETED,True,28
1495,1290,SR00000001495,2026-06-11 10:13:15,PIN_RESET,CHATBOT,COMPLETED,False,58
1496,1290,SR00000001496,2026-07-24 22:32:37,STATEMENT_REQUEST,APP,COMPLETED,False,60
1497,1292,SR00000001497,2026-05-06 19:34:02,APP_SUPPORT,CHATBOT,COMPLETED,True,6
1498,1292,SR00000001498,2026-03-20 09:13:20,PIN_RESET,HOTLINE,NEW,True,30
1499,1292,SR00000001499,2026-07-03 13:51:23,STATEMENT_REQUEST,BRANCH,COMPLETED,False,76
1500,1292,SR00000001500,2026-08-16 17:11:32,PIN_RESET,APP,COMPLETED,False,86
1501,1292,SR00000001501,2026-05-31 23:19:00,PIN_RESET,HOTLINE,COMPLETED,True,3
1502,1292,SR00000001502,2026-04-28 09:04:05,PIN_RESET,HOTLINE,COMPLETED,False,70
1503,1294,SR00000001503,2026-06-05 21:28:33,APP_SUPPORT,BRANCH,PROCESSING,False,55
1504,1294,SR00000001504,2026-04-03 02:05:46,CARD_REISSUE,HOTLINE,PROCESSING,True,18
1505,1294,SR00000001505,2026-03-10 21:34:27,ACCOUNT_CLOSURE,HOTLINE,COMPLETED,False,46
1506,1295,SR00000001506,2026-05-29 04:17:43,ADDRESS_UPDATE,APP,PROCESSING,True,5
1507,1296,SR00000001507,2026-04-01 12:21:36,APP_SUPPORT,HOTLINE,COMPLETED,True,29
1508,1296,SR00000001508,2026-05-06 22:03:29,CARD_REISSUE,APP,COMPLETED,True,22
1509,1297,SR00000001509,2026-04-23 09:47:59,ADDRESS_UPDATE,CHATBOT,COMPLETED,False,54
1510,1298,SR00000001510,2026-08-08 23:28:17,APP_SUPPORT,BRANCH,NEW,False,70
1511,1301,SR00000001511,2026-05-19 07:20:49,APP_SUPPORT,HOTLINE,COMPLETED,True,11
1512,1301,SR00000001512,2026-06-28 12:49:38,STATEMENT_REQUEST,EMAIL,COMPLETED,True,42
1513,1301,SR00000001513,2026-04-05 10:30:46,PIN_RESET,APP,COMPLETED,False,87
1514,1301,SR00000001514,2026-07-27 06:05:09,LIMIT_CHANGE,APP,COMPLETED,True,29
1515,1302,SR00000001515,2026-06-21 17:23:36,LIMIT_CHANGE,HOTLINE,COMPLETED,True,30
1516,1303,SR00000001516,2026-07-17 10:12:46,ACCOUNT_CLOSURE,HOTLINE,COMPLETED,False,62
1517,1303,SR00000001517,2026-04-21 09:39:01,ACCOUNT_CLOSURE,BRANCH,COMPLETED,True,30
1518,1303,SR00000001518,2026-03-14 13:39:50,STATEMENT_REQUEST,BRANCH,PROCESSING,True,28
1519,1304,SR00000001519,2026-04-08 01:33:59,CARD_REISSUE,APP,COMPLETED,True,12
1520,1306,SR00000001520,2026-06-07 10:45:46,CARD_REISSUE,APP,PROCESSING,True,13
1521,1306,SR00000001521,2026-06-25 09:14:51,ACCOUNT_CLOSURE,HOTLINE,COMPLETED,True,28
1522,1306,SR00000001522,2026-06-19 08:10:19,LIMIT_CHANGE,APP,COMPLETED,True,13
1523,1307,SR00000001523,2026-03-16 22:42:45,DISPUTE,HOTLINE,COMPLETED,False,85
1524,1307,SR00000001524,2026-06-10 03:55:01,ACCOUNT_CLOSURE,APP,COMPLETED,True,8
1525,1308,SR00000001525,2026-06-28 00:24:54,ADDRESS_UPDATE,HOTLINE,NEW,False,69
1526,1308,SR00000001526,2026-05-08 02:04:01,ACCOUNT_CLOSURE,HOTLINE,COMPLETED,True,29
1527,1308,SR00000001527,2026-05-13 08:16:39,CARD_REISSUE,APP,COMPLETED,True,42
1528,1309,SR00000001528,2026-06-30 21:09:38,APP_SUPPORT,APP,COMPLETED,False,64
1529,1309,SR00000001529,2026-08-04 15:37:02,APP_SUPPORT,EMAIL,PROCESSING,False,75
1530,1310,SR00000001530,2026-03-23 11:00:40,LIMIT_CHANGE,HOTLINE,PROCESSING,True,19
1531,1312,SR00000001531,2026-05-07 15:55:52,CARD_REISSUE,CHATBOT,NEW,False,87
1532,1312,SR00000001532,2026-06-19 21:13:01,CARD_REISSUE,APP,COMPLETED,False,56
1533,1314,SR00000001533,2026-03-17 04:43:56,LIMIT_CHANGE,CHATBOT,COMPLETED,True,38
1534,1314,SR00000001534,2026-08-07 14:30:14,PIN_RESET,APP,COMPLETED,False,60
1535,1315,SR00000001535,2026-08-01 09:31:12,PIN_RESET,HOTLINE,COMPLETED,False,71
1536,1315,SR00000001536,2026-03-22 02:41:10,PIN_RESET,HOTLINE,COMPLETED,True,6
1537,1316,SR00000001537,2026-03-02 18:43:58,ACCOUNT_CLOSURE,BRANCH,COMPLETED,True,23
1538,1316,SR00000001538,2026-05-19 02:00:44,ADDRESS_UPDATE,HOTLINE,PROCESSING,False,55
1539,1316,SR00000001539,2026-03-23 14:31:08,APP_SUPPORT,APP,COMPLETED,True,26
1540,1317,SR00000001540,2026-08-12 04:42:10,ADDRESS_UPDATE,HOTLINE,PROCESSING,True,43
1541,1317,SR00000001541,2026-06-11 10:03:40,CARD_REISSUE,APP,PROCESSING,False,70
1542,1317,SR00000001542,2026-07-11 01:17:58,CARD_REISSUE,APP,COMPLETED,False,47
1543,1318,SR00000001543,2026-05-12 05:27:17,PIN_RESET,HOTLINE,COMPLETED,False,71
1544,1318,SR00000001544,2026-07-05 12:24:08,ACCOUNT_CLOSURE,APP,COMPLETED,False,52
1545,1319,SR00000001545,2026-04-08 13:37:24,PIN_RESET,EMAIL,COMPLETED,False,88
1546,1321,SR00000001546,2026-07-15 22:19:07,CARD_REISSUE,HOTLINE,COMPLETED,False,52
1547,1321,SR00000001547,2026-07-21 16:01:16,STATEMENT_REQUEST,HOTLINE,COMPLETED,False,89
1548,1322,SR00000001548,2026-06-15 16:43:18,CARD_REISSUE,HOTLINE,COMPLETED,False,60
1549,1323,SR00000001549,2026-04-02 15:40:17,LIMIT_CHANGE,APP,COMPLETED,True,20
1550,1324,SR00000001550,2026-08-20 18:47:54,APP_SUPPORT,HOTLINE,COMPLETED,True,25
1551,1326,SR00000001551,2026-06-27 19:07:16,DISPUTE,APP,COMPLETED,True,38
1552,1328,SR00000001552,2026-05-15 20:30:43,LIMIT_CHANGE,HOTLINE,COMPLETED,True,26
1553,1329,SR00000001553,2026-08-17 20:08:02,APP_SUPPORT,HOTLINE,COMPLETED,False,85
1554,1330,SR00000001554,2026-07-17 01:34:34,LIMIT_CHANGE,HOTLINE,COMPLETED,True,24
1555,1330,SR00000001555,2026-08-06 18:43:51,STATEMENT_REQUEST,CHATBOT,COMPLETED,True,6
1556,1331,SR00000001556,2026-03-11 09:04:40,PIN_RESET,HOTLINE,COMPLETED,True,35
1557,1332,SR00000001557,2026-07-07 08:20:00,STATEMENT_REQUEST,HOTLINE,COMPLETED,True,11
1558,1333,SR00000001558,2026-06-27 16:55:50,STATEMENT_REQUEST,BRANCH,COMPLETED,False,67
1559,1333,SR00000001559,2026-03-01 14:11:41,CARD_REISSUE,APP,NEW,True,34
1560,1334,SR00000001560,2026-05-21 21:58:44,APP_SUPPORT,BRANCH,PROCESSING,True,40
1561,1334,SR00000001561,2026-07-14 08:05:24,CARD_REISSUE,APP,COMPLETED,False,46
1562,1336,SR00000001562,2026-05-16 13:58:06,APP_SUPPORT,APP,NEW,True,6
1563,1337,SR00000001563,2026-06-21 15:01:40,LIMIT_CHANGE,HOTLINE,PROCESSING,False,59
1564,1338,SR00000001564,2026-03-14 15:28:15,DISPUTE,BRANCH,COMPLETED,False,48
1565,1340,SR00000001565,2026-07-02 14:39:59,APP_SUPPORT,APP,COMPLETED,False,85
1566,1342,SR00000001566,2026-04-28 01:52:51,CARD_REISSUE,CHATBOT,NEW,True,26
1567,1342,SR00000001567,2026-05-23 04:39:56,STATEMENT_REQUEST,HOTLINE,COMPLETED,False,81
1568,1344,SR00000001568,2026-05-07 19:14:30,APP_SUPPORT,HOTLINE,COMPLETED,False,78
1569,1344,SR00000001569,2026-05-07 14:57:17,DISPUTE,EMAIL,NEW,True,35
1570,1345,SR00000001570,2026-03-03 00:17:57,ACCOUNT_CLOSURE,APP,COMPLETED,False,66
1571,1347,SR00000001571,2026-06-24 18:43:04,ADDRESS_UPDATE,HOTLINE,COMPLETED,True,32
1572,1348,SR00000001572,2026-04-26 16:33:11,PIN_RESET,APP,COMPLETED,False,85
1573,1350,SR00000001573,2026-03-24 21:18:33,APP_SUPPORT,EMAIL,COMPLETED,True,41
1574,1351,SR00000001574,2026-03-12 23:07:17,APP_SUPPORT,HOTLINE,COMPLETED,False,51
1575,1354,SR00000001575,2026-06-06 17:40:47,LIMIT_CHANGE,EMAIL,NEW,False,75
1576,1354,SR00000001576,2026-04-11 15:14:38,APP_SUPPORT,HOTLINE,COMPLETED,True,36
1577,1355,SR00000001577,2026-08-08 03:24:47,APP_SUPPORT,CHATBOT,COMPLETED,True,4
1578,1355,SR00000001578,2026-07-30 07:43:52,CARD_REISSUE,CHATBOT,COMPLETED,True,10
1579,1356,SR00000001579,2026-06-10 03:55:42,ADDRESS_UPDATE,BRANCH,PROCESSING,True,13
1580,1357,SR00000001580,2026-04-17 10:51:35,APP_SUPPORT,APP,COMPLETED,True,23
1581,1358,SR00000001581,2026-07-12 15:22:25,STATEMENT_REQUEST,CHATBOT,COMPLETED,False,86
1582,1358,SR00000001582,2026-07-12 23:51:20,PIN_RESET,EMAIL,COMPLETED,True,5
1583,1358,SR00000001583,2026-04-17 23:40:49,LIMIT_CHANGE,BRANCH,COMPLETED,False,70
1584,1359,SR00000001584,2026-05-18 14:08:58,APP_SUPPORT,APP,PROCESSING,True,26
1585,1359,SR00000001585,2026-03-28 20:59:29,PIN_RESET,APP,PROCESSING,False,52
1586,1359,SR00000001586,2026-03-05 23:41:49,DISPUTE,EMAIL,PROCESSING,False,72
1587,1361,SR00000001587,2026-03-20 23:14:27,PIN_RESET,APP,COMPLETED,True,37
1588,1361,SR00000001588,2026-03-27 07:16:52,APP_SUPPORT,APP,COMPLETED,False,54
1589,1362,SR00000001589,2026-04-04 22:48:31,APP_SUPPORT,BRANCH,COMPLETED,False,82
1590,1363,SR00000001590,2026-05-15 13:42:45,STATEMENT_REQUEST,CHATBOT,COMPLETED,False,75
1591,1365,SR00000001591,2026-06-22 18:39:11,DISPUTE,APP,NEW,False,67
1592,1366,SR00000001592,2026-06-12 07:35:09,ADDRESS_UPDATE,EMAIL,COMPLETED,True,36
1593,1366,SR00000001593,2026-06-17 02:28:26,APP_SUPPORT,CHATBOT,COMPLETED,True,30
1594,1367,SR00000001594,2026-06-05 04:01:47,LIMIT_CHANGE,HOTLINE,COMPLETED,False,76
1595,1367,SR00000001595,2026-04-18 22:04:28,PIN_RESET,EMAIL,REJECTED,True,15
1596,1369,SR00000001596,2026-06-19 20:07:56,DISPUTE,HOTLINE,COMPLETED,False,80
1597,1369,SR00000001597,2026-04-29 11:20:04,CARD_REISSUE,EMAIL,COMPLETED,True,32
1598,1371,SR00000001598,2026-05-26 17:29:25,LIMIT_CHANGE,BRANCH,COMPLETED,False,81
1599,1371,SR00000001599,2026-05-23 21:00:52,ADDRESS_UPDATE,HOTLINE,COMPLETED,True,19
1600,1372,SR00000001600,2026-04-21 17:07:16,CARD_REISSUE,HOTLINE,COMPLETED,False,74
1601,1372,SR00000001601,2026-06-15 15:00:31,CARD_REISSUE,BRANCH,COMPLETED,False,53
1602,1372,SR00000001602,2026-07-16 12:39:17,STATEMENT_REQUEST,APP,PROCESSING,False,80
1603,1373,SR00000001603,2026-05-19 16:54:21,APP_SUPPORT,CHATBOT,PROCESSING,True,38
1604,1373,SR00000001604,2026-06-17 05:14:30,CARD_REISSUE,APP,PROCESSING,False,73
1605,1375,SR00000001605,2026-04-07 23:36:03,CARD_REISSUE,EMAIL,COMPLETED,False,82
1606,1377,SR00000001606,2026-04-21 06:45:17,LIMIT_CHANGE,APP,COMPLETED,False,78
1607,1377,SR00000001607,2026-03-09 06:41:13,ADDRESS_UPDATE,BRANCH,COMPLETED,True,10
1608,1377,SR00000001608,2026-05-14 21:41:58,STATEMENT_REQUEST,EMAIL,REJECTED,True,35
1609,1377,SR00000001609,2026-03-12 08:56:03,DISPUTE,BRANCH,COMPLETED,False,81
1610,1377,SR00000001610,2026-06-22 16:34:34,STATEMENT_REQUEST,CHATBOT,COMPLETED,False,88
1611,1378,SR00000001611,2026-07-25 23:53:48,ACCOUNT_CLOSURE,CHATBOT,NEW,False,66
1612,1378,SR00000001612,2026-08-09 19:42:34,LIMIT_CHANGE,HOTLINE,NEW,True,18
1613,1378,SR00000001613,2026-06-24 23:07:16,CARD_REISSUE,HOTLINE,COMPLETED,False,78
1614,1380,SR00000001614,2026-07-20 20:04:57,CARD_REISSUE,APP,PROCESSING,False,69
1615,1381,SR00000001615,2026-07-14 06:12:28,CARD_REISSUE,BRANCH,COMPLETED,False,84
1616,1381,SR00000001616,2026-05-15 23:03:29,LIMIT_CHANGE,APP,COMPLETED,False,77
1617,1381,SR00000001617,2026-08-20 17:24:37,PIN_RESET,HOTLINE,COMPLETED,True,44
1618,1381,SR00000001618,2026-07-28 08:25:52,LIMIT_CHANGE,EMAIL,COMPLETED,False,78
1619,1382,SR00000001619,2026-04-27 04:16:56,STATEMENT_REQUEST,APP,NEW,False,59
1620,1382,SR00000001620,2026-07-04 16:20:09,STATEMENT_REQUEST,HOTLINE,COMPLETED,False,53
1621,1382,SR00000001621,2026-06-19 13:59:46,CARD_REISSUE,HOTLINE,COMPLETED,True,17
1622,1385,SR00000001622,2026-05-15 13:13:19,DISPUTE,APP,COMPLETED,False,57
1623,1385,SR00000001623,2026-06-13 12:20:20,PIN_RESET,HOTLINE,COMPLETED,False,47
1624,1386,SR00000001624,2026-06-13 13:24:56,APP_SUPPORT,BRANCH,COMPLETED,True,17
1625,1386,SR00000001625,2026-05-12 16:22:47,PIN_RESET,BRANCH,COMPLETED,False,77
1626,1386,SR00000001626,2026-08-11 01:07:49,STATEMENT_REQUEST,HOTLINE,COMPLETED,True,11
1627,1386,SR00000001627,2026-03-15 05:38:40,CARD_REISSUE,CHATBOT,COMPLETED,False,74
1628,1388,SR00000001628,2026-06-10 04:35:31,CARD_REISSUE,BRANCH,COMPLETED,False,50
1629,1388,SR00000001629,2026-04-13 10:48:47,DISPUTE,BRANCH,COMPLETED,False,59
1630,1389,SR00000001630,2026-07-18 02:36:10,STATEMENT_REQUEST,APP,COMPLETED,True,12
1631,1389,SR00000001631,2026-06-02 04:28:28,DISPUTE,APP,COMPLETED,True,10
1632,1390,SR00000001632,2026-05-26 14:39:46,ADDRESS_UPDATE,APP,COMPLETED,False,80
1633,1390,SR00000001633,2026-08-17 13:24:58,ADDRESS_UPDATE,APP,COMPLETED,True,29
1634,1391,SR00000001634,2026-07-16 19:10:35,CARD_REISSUE,BRANCH,COMPLETED,True,30
1635,1392,SR00000001635,2026-04-10 18:47:14,DISPUTE,CHATBOT,COMPLETED,True,21
1636,1393,SR00000001636,2026-08-20 21:10:34,STATEMENT_REQUEST,APP,COMPLETED,False,87
1637,1393,SR00000001637,2026-08-10 07:59:31,DISPUTE,HOTLINE,COMPLETED,True,18
1638,1393,SR00000001638,2026-06-08 08:25:18,ADDRESS_UPDATE,HOTLINE,COMPLETED,True,14
1639,1394,SR00000001639,2026-07-05 19:36:58,PIN_RESET,HOTLINE,PROCESSING,True,36
1640,1395,SR00000001640,2026-04-23 02:04:17,ADDRESS_UPDATE,HOTLINE,PROCESSING,True,16
1641,1395,SR00000001641,2026-06-25 18:45:28,PIN_RESET,APP,PROCESSING,True,39
1642,1396,SR00000001642,2026-03-17 21:06:58,STATEMENT_REQUEST,BRANCH,COMPLETED,False,65
1643,1397,SR00000001643,2026-03-19 11:25:24,STATEMENT_REQUEST,APP,COMPLETED,True,16
1644,1398,SR00000001644,2026-07-26 15:28:26,ACCOUNT_CLOSURE,HOTLINE,COMPLETED,True,45
1645,1398,SR00000001645,2026-08-08 02:13:11,LIMIT_CHANGE,APP,COMPLETED,True,27
1646,1399,SR00000001646,2026-06-14 02:25:16,PIN_RESET,HOTLINE,COMPLETED,False,53
1647,1400,SR00000001647,2026-07-21 23:38:08,STATEMENT_REQUEST,HOTLINE,PROCESSING,True,24
1648,1401,SR00000001648,2026-05-03 21:25:47,STATEMENT_REQUEST,APP,COMPLETED,True,36
1649,1402,SR00000001649,2026-03-21 18:46:20,LIMIT_CHANGE,HOTLINE,COMPLETED,False,55
1650,1402,SR00000001650,2026-05-24 23:36:56,PIN_RESET,CHATBOT,COMPLETED,True,39
1651,1405,SR00000001651,2026-05-01 02:43:46,APP_SUPPORT,CHATBOT,COMPLETED,False,66
1652,1406,SR00000001652,2026-05-12 18:45:57,APP_SUPPORT,HOTLINE,PROCESSING,False,61
1653,1407,SR00000001653,2026-08-23 15:07:28,APP_SUPPORT,APP,COMPLETED,True,5
1654,1407,SR00000001654,2026-07-15 04:37:09,PIN_RESET,APP,COMPLETED,True,33
1655,1408,SR00000001655,2026-08-27 06:50:32,PIN_RESET,HOTLINE,COMPLETED,False,70
1656,1408,SR00000001656,2026-08-03 16:29:18,ADDRESS_UPDATE,CHATBOT,PROCESSING,True,34
1657,1410,SR00000001657,2026-03-22 12:57:47,STATEMENT_REQUEST,APP,COMPLETED,True,44
1658,1410,SR00000001658,2026-05-24 14:12:59,DISPUTE,HOTLINE,PROCESSING,False,80
1659,1410,SR00000001659,2026-05-28 07:07:19,ADDRESS_UPDATE,HOTLINE,COMPLETED,True,18
1660,1410,SR00000001660,2026-03-17 17:45:27,CARD_REISSUE,APP,NEW,False,62
1661,1410,SR00000001661,2026-03-06 05:53:02,PIN_RESET,APP,COMPLETED,True,36
1662,1411,SR00000001662,2026-03-25 00:34:12,LIMIT_CHANGE,HOTLINE,COMPLETED,True,43
1663,1411,SR00000001663,2026-03-06 03:27:28,CARD_REISSUE,APP,COMPLETED,False,81
1664,1412,SR00000001664,2026-04-26 11:50:10,PIN_RESET,BRANCH,NEW,True,27
1665,1416,SR00000001665,2026-03-05 01:45:27,APP_SUPPORT,APP,COMPLETED,False,87
1666,1416,SR00000001666,2026-07-03 01:57:48,PIN_RESET,HOTLINE,COMPLETED,False,48
1667,1416,SR00000001667,2026-05-19 00:07:54,PIN_RESET,APP,COMPLETED,True,16
1668,1416,SR00000001668,2026-04-25 13:04:16,CARD_REISSUE,APP,COMPLETED,True,24
1669,1417,SR00000001669,2026-07-23 01:12:25,APP_SUPPORT,APP,COMPLETED,False,81
1670,1417,SR00000001670,2026-03-13 08:33:01,PIN_RESET,HOTLINE,COMPLETED,True,37
1671,1417,SR00000001671,2026-02-28 13:35:34,ADDRESS_UPDATE,HOTLINE,PROCESSING,False,70
1672,1418,SR00000001672,2026-03-18 22:33:20,APP_SUPPORT,BRANCH,COMPLETED,True,16
1673,1418,SR00000001673,2026-08-25 18:31:55,CARD_REISSUE,CHATBOT,COMPLETED,False,85
1674,1418,SR00000001674,2026-03-06 19:09:29,APP_SUPPORT,BRANCH,COMPLETED,True,23
1675,1421,SR00000001675,2026-07-22 16:47:01,CARD_REISSUE,EMAIL,PROCESSING,False,70
1676,1421,SR00000001676,2026-05-07 09:46:32,PIN_RESET,APP,COMPLETED,True,18
1677,1421,SR00000001677,2026-06-29 11:38:30,STATEMENT_REQUEST,HOTLINE,PROCESSING,False,64
1678,1422,SR00000001678,2026-03-24 19:06:12,PIN_RESET,HOTLINE,COMPLETED,False,56
1679,1422,SR00000001679,2026-06-08 22:50:47,STATEMENT_REQUEST,HOTLINE,NEW,False,62
1680,1423,SR00000001680,2026-07-28 20:55:47,CARD_REISSUE,APP,COMPLETED,True,17
1681,1426,SR00000001681,2026-06-05 04:50:04,STATEMENT_REQUEST,BRANCH,COMPLETED,True,15
1682,1426,SR00000001682,2026-04-15 17:47:38,ADDRESS_UPDATE,HOTLINE,NEW,False,59
1683,1426,SR00000001683,2026-03-09 16:51:51,CARD_REISSUE,HOTLINE,COMPLETED,True,18
1684,1427,SR00000001684,2026-05-14 01:43:11,APP_SUPPORT,HOTLINE,NEW,True,6
1685,1428,SR00000001685,2026-04-05 19:15:34,STATEMENT_REQUEST,HOTLINE,COMPLETED,False,71
1686,1428,SR00000001686,2026-06-04 01:31:59,APP_SUPPORT,HOTLINE,COMPLETED,True,12
1687,1429,SR00000001687,2026-05-08 12:42:43,APP_SUPPORT,HOTLINE,NEW,True,8
1688,1429,SR00000001688,2026-04-23 00:52:06,CARD_REISSUE,EMAIL,COMPLETED,True,19
1689,1432,SR00000001689,2026-07-04 09:44:59,STATEMENT_REQUEST,HOTLINE,COMPLETED,False,80
1690,1432,SR00000001690,2026-08-23 05:26:37,CARD_REISSUE,CHATBOT,COMPLETED,False,81
1691,1433,SR00000001691,2026-05-08 21:57:47,DISPUTE,HOTLINE,PROCESSING,False,64
1692,1433,SR00000001692,2026-08-25 17:36:22,CARD_REISSUE,APP,COMPLETED,True,9
1693,1434,SR00000001693,2026-07-28 05:48:04,PIN_RESET,BRANCH,COMPLETED,False,58
1694,1434,SR00000001694,2026-07-24 16:52:02,APP_SUPPORT,CHATBOT,COMPLETED,True,35
1695,1435,SR00000001695,2026-05-01 13:51:24,LIMIT_CHANGE,EMAIL,COMPLETED,True,10
1696,1437,SR00000001696,2026-04-20 03:06:51,PIN_RESET,CHATBOT,COMPLETED,False,71
1697,1439,SR00000001697,2026-07-03 18:27:37,DISPUTE,BRANCH,COMPLETED,True,25
1698,1439,SR00000001698,2026-05-24 20:55:16,DISPUTE,HOTLINE,COMPLETED,False,70
1699,1439,SR00000001699,2026-03-25 16:22:14,ACCOUNT_CLOSURE,APP,COMPLETED,True,45
1700,1440,SR00000001700,2026-08-02 04:37:46,PIN_RESET,HOTLINE,COMPLETED,False,61
1701,1440,SR00000001701,2026-07-20 06:28:11,ADDRESS_UPDATE,APP,COMPLETED,True,21
1702,1442,SR00000001702,2026-03-20 21:23:58,ADDRESS_UPDATE,HOTLINE,COMPLETED,True,22
1703,1442,SR00000001703,2026-05-14 12:03:35,ADDRESS_UPDATE,BRANCH,COMPLETED,True,19
1704,1443,SR00000001704,2026-04-27 08:19:27,ADDRESS_UPDATE,HOTLINE,PROCESSING,False,89
1705,1443,SR00000001705,2026-05-25 00:02:10,DISPUTE,CHATBOT,COMPLETED,False,89
1706,1443,SR00000001706,2026-08-01 13:04:06,DISPUTE,APP,COMPLETED,False,56
1707,1443,SR00000001707,2026-04-17 00:21:33,STATEMENT_REQUEST,CHATBOT,PROCESSING,True,31
1708,1444,SR00000001708,2026-04-29 21:55:47,APP_SUPPORT,HOTLINE,COMPLETED,True,19
1709,1445,SR00000001709,2026-07-03 05:46:31,ACCOUNT_CLOSURE,HOTLINE,COMPLETED,False,60
1710,1446,SR00000001710,2026-05-27 23:13:09,CARD_REISSUE,BRANCH,COMPLETED,False,56
1711,1446,SR00000001711,2026-07-22 06:14:23,PIN_RESET,APP,COMPLETED,False,52
1712,1447,SR00000001712,2026-03-05 08:01:01,DISPUTE,APP,PROCESSING,False,62
1713,1448,SR00000001713,2026-06-30 20:27:21,STATEMENT_REQUEST,APP,COMPLETED,False,85
1714,1448,SR00000001714,2026-03-12 01:15:32,STATEMENT_REQUEST,HOTLINE,COMPLETED,False,89
1715,1449,SR00000001715,2026-07-23 02:57:21,CARD_REISSUE,BRANCH,COMPLETED,False,58
1716,1449,SR00000001716,2026-04-22 11:18:12,ADDRESS_UPDATE,CHATBOT,PROCESSING,True,15
1717,1450,SR00000001717,2026-08-17 21:46:30,STATEMENT_REQUEST,HOTLINE,COMPLETED,False,86
1718,1453,SR00000001718,2026-07-14 17:53:00,DISPUTE,BRANCH,COMPLETED,True,24
1719,1454,SR00000001719,2026-07-29 11:43:25,STATEMENT_REQUEST,HOTLINE,COMPLETED,True,31
1720,1454,SR00000001720,2026-05-16 00:50:32,PIN_RESET,HOTLINE,COMPLETED,True,6
1721,1455,SR00000001721,2026-06-04 05:11:33,STATEMENT_REQUEST,BRANCH,COMPLETED,True,39
1722,1456,SR00000001722,2026-05-31 23:12:46,ADDRESS_UPDATE,EMAIL,COMPLETED,True,11
1723,1456,SR00000001723,2026-06-01 13:51:05,LIMIT_CHANGE,EMAIL,PROCESSING,False,49
1724,1456,SR00000001724,2026-05-13 03:29:11,CARD_REISSUE,HOTLINE,COMPLETED,False,61
1725,1456,SR00000001725,2026-03-01 17:20:35,CARD_REISSUE,HOTLINE,COMPLETED,False,85
1726,1456,SR00000001726,2026-03-11 07:40:48,PIN_RESET,HOTLINE,COMPLETED,False,77
1727,1456,SR00000001727,2026-07-09 07:53:48,PIN_RESET,HOTLINE,PROCESSING,False,65
1728,1458,SR00000001728,2026-08-05 02:23:06,APP_SUPPORT,HOTLINE,COMPLETED,True,42
1729,1459,SR00000001729,2026-07-20 17:09:46,PIN_RESET,CHATBOT,COMPLETED,True,35
1730,1462,SR00000001730,2026-03-01 22:44:16,LIMIT_CHANGE,HOTLINE,PROCESSING,False,53
1731,1462,SR00000001731,2026-07-03 05:20:19,DISPUTE,BRANCH,COMPLETED,True,42
1732,1463,SR00000001732,2026-06-17 14:06:48,STATEMENT_REQUEST,HOTLINE,COMPLETED,False,52
1733,1463,SR00000001733,2026-03-29 21:16:36,PIN_RESET,APP,COMPLETED,False,86
1734,1465,SR00000001734,2026-06-20 15:50:16,ACCOUNT_CLOSURE,HOTLINE,PROCESSING,False,67
1735,1465,SR00000001735,2026-03-25 22:33:11,LIMIT_CHANGE,BRANCH,COMPLETED,True,22
1736,1466,SR00000001736,2026-06-07 09:03:56,PIN_RESET,APP,COMPLETED,True,19
1737,1466,SR00000001737,2026-06-25 20:58:36,LIMIT_CHANGE,BRANCH,COMPLETED,False,67
1738,1466,SR00000001738,2026-07-04 08:06:38,CARD_REISSUE,EMAIL,COMPLETED,False,69
1739,1466,SR00000001739,2026-04-05 17:19:24,DISPUTE,HOTLINE,COMPLETED,False,80
1740,1467,SR00000001740,2026-07-20 07:48:53,DISPUTE,BRANCH,COMPLETED,True,38
1741,1468,SR00000001741,2026-06-23 10:01:41,APP_SUPPORT,APP,PROCESSING,True,27
1742,1468,SR00000001742,2026-04-06 00:05:37,PIN_RESET,APP,COMPLETED,True,29
1743,1469,SR00000001743,2026-07-04 05:13:29,LIMIT_CHANGE,BRANCH,COMPLETED,True,9
1744,1470,SR00000001744,2026-03-26 00:27:09,CARD_REISSUE,CHATBOT,COMPLETED,True,38
1745,1470,SR00000001745,2026-05-13 02:06:42,CARD_REISSUE,BRANCH,REJECTED,False,86
1746,1471,SR00000001746,2026-07-10 00:41:26,CARD_REISSUE,HOTLINE,COMPLETED,False,69
1747,1473,SR00000001747,2026-03-27 11:35:50,APP_SUPPORT,HOTLINE,COMPLETED,False,72
1748,1476,SR00000001748,2026-03-27 23:19:56,CARD_REISSUE,HOTLINE,COMPLETED,True,6
1749,1478,SR00000001749,2026-06-05 02:06:44,PIN_RESET,APP,COMPLETED,False,75
1750,1478,SR00000001750,2026-04-24 00:35:38,CARD_REISSUE,HOTLINE,COMPLETED,True,12
1751,1479,SR00000001751,2026-03-27 09:55:03,DISPUTE,APP,COMPLETED,False,50
1752,1480,SR00000001752,2026-05-24 01:22:23,DISPUTE,BRANCH,COMPLETED,False,61
1753,1481,SR00000001753,2026-08-07 08:11:22,STATEMENT_REQUEST,HOTLINE,COMPLETED,True,5
1754,1482,SR00000001754,2026-03-05 05:55:01,PIN_RESET,APP,COMPLETED,False,76
1755,1483,SR00000001755,2026-06-13 01:38:19,PIN_RESET,APP,COMPLETED,True,36
1756,1485,SR00000001756,2026-03-14 13:21:25,CARD_REISSUE,HOTLINE,COMPLETED,True,8
1757,1485,SR00000001757,2026-07-25 11:01:48,ADDRESS_UPDATE,BRANCH,COMPLETED,True,22
1758,1486,SR00000001758,2026-04-06 13:48:30,APP_SUPPORT,APP,REJECTED,False,59
1759,1489,SR00000001759,2026-07-28 02:03:38,STATEMENT_REQUEST,APP,COMPLETED,False,73
1760,1493,SR00000001760,2026-05-20 07:53:38,PIN_RESET,APP,COMPLETED,True,23
1761,1494,SR00000001761,2026-06-12 10:06:43,PIN_RESET,BRANCH,COMPLETED,True,23
1762,1495,SR00000001762,2026-04-07 17:49:19,STATEMENT_REQUEST,HOTLINE,COMPLETED,True,45
1763,1495,SR00000001763,2026-04-17 08:42:34,STATEMENT_REQUEST,HOTLINE,COMPLETED,True,19
1764,1495,SR00000001764,2026-07-01 19:41:33,LIMIT_CHANGE,HOTLINE,COMPLETED,True,39
1765,1496,SR00000001765,2026-06-16 23:38:28,CARD_REISSUE,HOTLINE,COMPLETED,False,56
1766,1496,SR00000001766,2026-06-09 05:45:59,APP_SUPPORT,HOTLINE,COMPLETED,False,60
1767,1496,SR00000001767,2026-05-09 15:20:30,DISPUTE,BRANCH,COMPLETED,True,16
1768,1496,SR00000001768,2026-05-26 06:03:22,DISPUTE,HOTLINE,COMPLETED,False,76
1769,1498,SR00000001769,2026-07-15 12:13:06,ADDRESS_UPDATE,APP,COMPLETED,True,24
1770,1500,SR00000001770,2026-05-04 11:09:19,APP_SUPPORT,HOTLINE,COMPLETED,True,21
1771,1501,SR00000001771,2026-03-01 21:05:16,ACCOUNT_CLOSURE,APP,COMPLETED,False,74
1772,1501,SR00000001772,2026-03-29 09:23:56,DISPUTE,APP,PROCESSING,False,79
1773,1502,SR00000001773,2026-07-29 03:05:21,DISPUTE,HOTLINE,COMPLETED,True,18
1774,1503,SR00000001774,2026-08-11 17:40:59,DISPUTE,APP,PROCESSING,False,64
1775,1505,SR00000001775,2026-04-13 13:35:32,APP_SUPPORT,HOTLINE,COMPLETED,False,48
1776,1506,SR00000001776,2026-05-08 20:33:46,STATEMENT_REQUEST,APP,PROCESSING,False,51
1777,1506,SR00000001777,2026-03-07 17:05:42,STATEMENT_REQUEST,BRANCH,COMPLETED,False,62
1778,1507,SR00000001778,2026-06-30 07:05:44,PIN_RESET,BRANCH,COMPLETED,True,20
1779,1508,SR00000001779,2026-08-25 20:25:47,APP_SUPPORT,CHATBOT,PROCESSING,False,50
1780,1509,SR00000001780,2026-05-08 19:29:29,CARD_REISSUE,HOTLINE,PROCESSING,True,27
1781,1509,SR00000001781,2026-05-29 20:00:32,STATEMENT_REQUEST,HOTLINE,COMPLETED,True,23
1782,1509,SR00000001782,2026-08-14 10:40:40,ADDRESS_UPDATE,EMAIL,COMPLETED,True,9
1783,1510,SR00000001783,2026-06-23 16:28:40,ACCOUNT_CLOSURE,BRANCH,PROCESSING,True,35
1784,1510,SR00000001784,2026-04-28 16:19:24,ACCOUNT_CLOSURE,APP,COMPLETED,False,56
1785,1510,SR00000001785,2026-03-31 05:22:24,CARD_REISSUE,HOTLINE,COMPLETED,True,24
1786,1510,SR00000001786,2026-08-14 16:31:13,ADDRESS_UPDATE,APP,COMPLETED,False,58
1787,1511,SR00000001787,2026-05-07 09:46:43,ADDRESS_UPDATE,BRANCH,PROCESSING,True,22
1788,1511,SR00000001788,2026-06-13 01:48:13,PIN_RESET,BRANCH,COMPLETED,False,89
1789,1511,SR00000001789,2026-07-15 03:29:37,LIMIT_CHANGE,APP,COMPLETED,False,58
1790,1512,SR00000001790,2026-03-21 01:45:39,DISPUTE,EMAIL,COMPLETED,False,62
1791,1514,SR00000001791,2026-05-06 00:48:46,LIMIT_CHANGE,HOTLINE,COMPLETED,True,24
1792,1514,SR00000001792,2026-03-20 08:12:40,APP_SUPPORT,HOTLINE,COMPLETED,True,5
1793,1514,SR00000001793,2026-03-02 06:20:29,LIMIT_CHANGE,HOTLINE,COMPLETED,False,76
1794,1514,SR00000001794,2026-06-25 08:19:16,APP_SUPPORT,HOTLINE,COMPLETED,False,66
1795,1514,SR00000001795,2026-05-05 15:53:23,CARD_REISSUE,APP,PROCESSING,True,11
1796,1515,SR00000001796,2026-05-31 16:01:07,APP_SUPPORT,HOTLINE,REJECTED,False,53
1797,1515,SR00000001797,2026-03-26 00:18:09,CARD_REISSUE,APP,NEW,False,87
1798,1517,SR00000001798,2026-07-30 19:05:50,LIMIT_CHANGE,HOTLINE,COMPLETED,True,6
1799,1518,SR00000001799,2026-06-20 21:53:38,LIMIT_CHANGE,HOTLINE,REJECTED,True,21
1800,1520,SR00000001800,2026-07-17 10:12:59,APP_SUPPORT,APP,COMPLETED,False,78
1801,1523,SR00000001801,2026-08-14 12:14:06,APP_SUPPORT,APP,COMPLETED,True,33
1802,1524,SR00000001802,2026-04-07 21:45:40,STATEMENT_REQUEST,HOTLINE,COMPLETED,False,88
1803,1524,SR00000001803,2026-04-14 12:38:00,CARD_REISSUE,BRANCH,COMPLETED,False,49
1804,1524,SR00000001804,2026-05-11 07:32:26,ADDRESS_UPDATE,HOTLINE,COMPLETED,False,79
1805,1525,SR00000001805,2026-05-14 19:44:34,LIMIT_CHANGE,APP,COMPLETED,True,14
1806,1525,SR00000001806,2026-08-16 14:51:57,APP_SUPPORT,APP,NEW,True,17
1807,1526,SR00000001807,2026-05-31 13:46:23,DISPUTE,APP,COMPLETED,True,29
1808,1526,SR00000001808,2026-05-01 06:31:55,STATEMENT_REQUEST,APP,COMPLETED,False,74
1809,1527,SR00000001809,2026-05-30 22:21:02,ADDRESS_UPDATE,HOTLINE,PROCESSING,False,55
1810,1527,SR00000001810,2026-03-09 08:57:53,ACCOUNT_CLOSURE,CHATBOT,COMPLETED,True,17
1811,1531,SR00000001811,2026-07-17 09:45:45,CARD_REISSUE,APP,COMPLETED,True,23
1812,1534,SR00000001812,2026-06-01 22:09:25,APP_SUPPORT,HOTLINE,PROCESSING,True,39
1813,1535,SR00000001813,2026-05-23 20:15:17,LIMIT_CHANGE,APP,COMPLETED,True,26
1814,1535,SR00000001814,2026-06-10 14:40:07,LIMIT_CHANGE,HOTLINE,NEW,False,88
1815,1535,SR00000001815,2026-08-19 22:31:54,ADDRESS_UPDATE,APP,COMPLETED,False,79
1816,1536,SR00000001816,2026-04-27 08:31:30,DISPUTE,APP,NEW,True,45
1817,1536,SR00000001817,2026-04-27 21:31:02,STATEMENT_REQUEST,APP,COMPLETED,False,71
1818,1538,SR00000001818,2026-04-05 11:39:34,STATEMENT_REQUEST,HOTLINE,COMPLETED,True,22
1819,1538,SR00000001819,2026-05-31 06:02:20,STATEMENT_REQUEST,HOTLINE,COMPLETED,False,61
1820,1543,SR00000001820,2026-04-06 15:59:29,CARD_REISSUE,HOTLINE,COMPLETED,False,57
1821,1544,SR00000001821,2026-07-11 10:07:18,ADDRESS_UPDATE,HOTLINE,COMPLETED,False,56
1822,1544,SR00000001822,2026-03-30 16:34:11,CARD_REISSUE,APP,COMPLETED,True,27
1823,1545,SR00000001823,2026-06-22 18:12:56,APP_SUPPORT,HOTLINE,COMPLETED,True,25
1824,1546,SR00000001824,2026-08-25 04:11:03,DISPUTE,HOTLINE,COMPLETED,False,71
1825,1547,SR00000001825,2026-06-21 00:30:01,DISPUTE,BRANCH,COMPLETED,False,48
1826,1548,SR00000001826,2026-06-16 00:16:56,LIMIT_CHANGE,HOTLINE,COMPLETED,False,73
1827,1548,SR00000001827,2026-08-10 03:20:51,ADDRESS_UPDATE,EMAIL,COMPLETED,True,9
1828,1550,SR00000001828,2026-08-13 03:25:13,PIN_RESET,HOTLINE,COMPLETED,False,55
1829,1551,SR00000001829,2026-07-12 21:53:51,PIN_RESET,BRANCH,PROCESSING,False,66
1830,1551,SR00000001830,2026-05-09 00:04:31,STATEMENT_REQUEST,HOTLINE,COMPLETED,True,7
1831,1553,SR00000001831,2026-04-08 17:04:33,PIN_RESET,APP,COMPLETED,False,69
1832,1554,SR00000001832,2026-07-13 02:52:09,DISPUTE,HOTLINE,COMPLETED,True,29
1833,1554,SR00000001833,2026-05-08 16:27:49,ACCOUNT_CLOSURE,CHATBOT,COMPLETED,False,81
1834,1554,SR00000001834,2026-04-16 00:17:52,CARD_REISSUE,APP,COMPLETED,True,17
1835,1556,SR00000001835,2026-03-22 03:26:35,LIMIT_CHANGE,APP,COMPLETED,False,75
1836,1557,SR00000001836,2026-03-10 11:39:19,CARD_REISSUE,HOTLINE,COMPLETED,True,35
1837,1558,SR00000001837,2026-07-03 05:29:39,APP_SUPPORT,BRANCH,COMPLETED,True,9
1838,1558,SR00000001838,2026-04-08 14:10:31,APP_SUPPORT,BRANCH,PROCESSING,False,51
1839,1558,SR00000001839,2026-04-14 17:44:18,PIN_RESET,APP,COMPLETED,False,67
1840,1559,SR00000001840,2026-03-26 11:33:37,PIN_RESET,HOTLINE,COMPLETED,True,23
1841,1562,SR00000001841,2026-07-15 11:24:56,APP_SUPPORT,BRANCH,COMPLETED,True,44
1842,1564,SR00000001842,2026-04-26 13:05:43,STATEMENT_REQUEST,APP,COMPLETED,True,35
1843,1565,SR00000001843,2026-06-06 00:45:36,LIMIT_CHANGE,CHATBOT,PROCESSING,False,87
1844,1565,SR00000001844,2026-08-10 14:59:52,DISPUTE,CHATBOT,NEW,False,82
1845,1565,SR00000001845,2026-03-15 15:31:57,APP_SUPPORT,HOTLINE,COMPLETED,False,81
1846,1567,SR00000001846,2026-05-24 07:19:50,DISPUTE,HOTLINE,COMPLETED,False,55
1847,1567,SR00000001847,2026-04-21 00:14:35,STATEMENT_REQUEST,APP,COMPLETED,True,36
1848,1567,SR00000001848,2026-04-25 01:00:46,ADDRESS_UPDATE,APP,COMPLETED,True,6
1849,1568,SR00000001849,2026-05-10 13:56:40,STATEMENT_REQUEST,APP,COMPLETED,False,47
1850,1569,SR00000001850,2026-04-25 18:44:07,DISPUTE,CHATBOT,PROCESSING,True,5
1851,1569,SR00000001851,2026-05-29 05:52:24,DISPUTE,HOTLINE,COMPLETED,True,21
1852,1569,SR00000001852,2026-03-03 08:00:59,DISPUTE,BRANCH,COMPLETED,True,37
1853,1570,SR00000001853,2026-06-21 16:48:18,DISPUTE,HOTLINE,REJECTED,False,75
1854,1570,SR00000001854,2026-08-24 14:41:54,PIN_RESET,APP,COMPLETED,False,70
1855,1570,SR00000001855,2026-07-01 15:35:33,CARD_REISSUE,HOTLINE,PROCESSING,False,47
1856,1572,SR00000001856,2026-07-21 02:34:33,PIN_RESET,HOTLINE,COMPLETED,False,77
1857,1572,SR00000001857,2026-04-30 22:42:59,ADDRESS_UPDATE,APP,REJECTED,False,76
1858,1575,SR00000001858,2026-05-20 10:50:18,LIMIT_CHANGE,APP,COMPLETED,True,42
1859,1575,SR00000001859,2026-05-27 08:49:11,PIN_RESET,APP,PROCESSING,False,74
1860,1576,SR00000001860,2026-08-17 17:46:12,STATEMENT_REQUEST,EMAIL,COMPLETED,True,3
1861,1579,SR00000001861,2026-04-04 17:58:29,CARD_REISSUE,CHATBOT,NEW,False,84
1862,1580,SR00000001862,2026-05-31 19:57:39,ADDRESS_UPDATE,HOTLINE,COMPLETED,True,20
1863,1580,SR00000001863,2026-07-10 13:07:57,CARD_REISSUE,CHATBOT,COMPLETED,False,54
1864,1580,SR00000001864,2026-07-07 09:53:08,LIMIT_CHANGE,APP,COMPLETED,False,76
1865,1583,SR00000001865,2026-08-17 21:58:33,STATEMENT_REQUEST,CHATBOT,COMPLETED,True,12
1866,1583,SR00000001866,2026-05-20 05:55:25,STATEMENT_REQUEST,HOTLINE,COMPLETED,False,46
1867,1585,SR00000001867,2026-08-11 13:34:25,ADDRESS_UPDATE,BRANCH,COMPLETED,True,36
1868,1586,SR00000001868,2026-03-20 07:58:58,PIN_RESET,HOTLINE,NEW,False,84
1869,1589,SR00000001869,2026-06-19 03:51:42,LIMIT_CHANGE,HOTLINE,COMPLETED,False,48
1870,1589,SR00000001870,2026-08-27 06:04:13,STATEMENT_REQUEST,CHATBOT,COMPLETED,True,10
1871,1590,SR00000001871,2026-06-04 01:06:49,CARD_REISSUE,HOTLINE,COMPLETED,False,62
1872,1590,SR00000001872,2026-06-05 15:54:51,CARD_REISSUE,HOTLINE,NEW,True,9
1873,1591,SR00000001873,2026-06-06 09:31:22,LIMIT_CHANGE,EMAIL,COMPLETED,True,13
1874,1592,SR00000001874,2026-06-20 08:46:06,DISPUTE,HOTLINE,COMPLETED,True,20
1875,1593,SR00000001875,2026-05-16 04:28:59,STATEMENT_REQUEST,CHATBOT,PROCESSING,True,32
1876,1596,SR00000001876,2026-07-17 15:08:40,ACCOUNT_CLOSURE,APP,COMPLETED,True,24
1877,1596,SR00000001877,2026-06-19 14:25:14,STATEMENT_REQUEST,HOTLINE,COMPLETED,False,49
1878,1597,SR00000001878,2026-08-06 04:17:29,LIMIT_CHANGE,HOTLINE,COMPLETED,False,54
1879,1598,SR00000001879,2026-08-27 07:39:02,CARD_REISSUE,EMAIL,PROCESSING,True,45
1880,1598,SR00000001880,2026-04-24 19:01:21,CARD_REISSUE,EMAIL,REJECTED,False,69
1881,1599,SR00000001881,2026-06-02 18:51:29,STATEMENT_REQUEST,APP,COMPLETED,True,9
1882,1601,SR00000001882,2026-04-03 09:13:33,APP_SUPPORT,CHATBOT,COMPLETED,False,48
1883,1602,SR00000001883,2026-04-08 01:34:16,PIN_RESET,HOTLINE,COMPLETED,True,23
1884,1603,SR00000001884,2026-06-10 04:37:32,PIN_RESET,HOTLINE,COMPLETED,True,14
1885,1603,SR00000001885,2026-04-01 21:16:41,ACCOUNT_CLOSURE,APP,COMPLETED,True,45
1886,1604,SR00000001886,2026-06-26 23:44:35,DISPUTE,HOTLINE,COMPLETED,True,33
1887,1604,SR00000001887,2026-03-11 14:13:02,CARD_REISSUE,APP,COMPLETED,True,12
1888,1613,SR00000001888,2026-08-16 00:37:22,PIN_RESET,HOTLINE,COMPLETED,True,18
1889,1613,SR00000001889,2026-05-29 02:05:52,DISPUTE,APP,NEW,False,49
1890,1613,SR00000001890,2026-05-06 09:50:10,DISPUTE,HOTLINE,PROCESSING,True,24
1891,1614,SR00000001891,2026-03-29 19:58:17,CARD_REISSUE,HOTLINE,COMPLETED,False,67
1892,1614,SR00000001892,2026-03-13 12:25:14,DISPUTE,CHATBOT,COMPLETED,True,9
1893,1614,SR00000001893,2026-06-15 03:56:01,STATEMENT_REQUEST,HOTLINE,COMPLETED,True,5
1894,1614,SR00000001894,2026-06-20 03:52:50,PIN_RESET,APP,COMPLETED,False,68
1895,1616,SR00000001895,2026-06-07 03:52:49,LIMIT_CHANGE,HOTLINE,COMPLETED,True,6
1896,1617,SR00000001896,2026-08-07 09:40:33,PIN_RESET,APP,COMPLETED,False,60
1897,1618,SR00000001897,2026-06-14 17:26:09,PIN_RESET,EMAIL,COMPLETED,False,72
1898,1620,SR00000001898,2026-04-06 11:43:40,ADDRESS_UPDATE,HOTLINE,COMPLETED,False,72
1899,1621,SR00000001899,2026-07-10 12:26:23,PIN_RESET,HOTLINE,COMPLETED,True,24
1900,1621,SR00000001900,2026-04-17 17:38:55,PIN_RESET,HOTLINE,NEW,False,62
1901,1622,SR00000001901,2026-06-24 19:43:18,DISPUTE,HOTLINE,COMPLETED,False,63
1902,1622,SR00000001902,2026-05-02 23:50:45,DISPUTE,APP,COMPLETED,True,42
1903,1622,SR00000001903,2026-03-22 15:41:19,STATEMENT_REQUEST,APP,COMPLETED,False,64
1904,1622,SR00000001904,2026-05-08 13:51:31,APP_SUPPORT,APP,NEW,True,26
1905,1623,SR00000001905,2026-05-24 07:14:09,ADDRESS_UPDATE,CHATBOT,COMPLETED,False,87
1906,1623,SR00000001906,2026-06-30 22:13:26,APP_SUPPORT,HOTLINE,COMPLETED,True,10
1907,1623,SR00000001907,2026-04-24 18:39:05,STATEMENT_REQUEST,CHATBOT,COMPLETED,False,46
1908,1624,SR00000001908,2026-05-02 07:57:22,PIN_RESET,CHATBOT,COMPLETED,True,6
1909,1624,SR00000001909,2026-04-04 22:20:10,PIN_RESET,BRANCH,COMPLETED,True,4
1910,1624,SR00000001910,2026-05-25 03:51:25,STATEMENT_REQUEST,EMAIL,COMPLETED,False,88
1911,1626,SR00000001911,2026-07-20 10:08:12,PIN_RESET,APP,COMPLETED,True,25
1912,1628,SR00000001912,2026-06-27 12:14:47,ADDRESS_UPDATE,APP,REJECTED,True,20
1913,1629,SR00000001913,2026-05-11 05:59:46,STATEMENT_REQUEST,HOTLINE,REJECTED,False,84
1914,1629,SR00000001914,2026-06-03 03:06:34,CARD_REISSUE,HOTLINE,COMPLETED,False,86
1915,1630,SR00000001915,2026-08-01 02:27:51,PIN_RESET,APP,PROCESSING,True,36
1916,1632,SR00000001916,2026-04-12 22:19:02,CARD_REISSUE,HOTLINE,COMPLETED,True,20
1917,1633,SR00000001917,2026-03-17 15:55:24,ADDRESS_UPDATE,CHATBOT,COMPLETED,True,15
1918,1633,SR00000001918,2026-05-11 20:36:10,STATEMENT_REQUEST,CHATBOT,COMPLETED,True,28
1919,1633,SR00000001919,2026-06-11 02:35:29,PIN_RESET,HOTLINE,COMPLETED,False,74
1920,1634,SR00000001920,2026-03-10 04:34:39,DISPUTE,HOTLINE,COMPLETED,True,23
1921,1634,SR00000001921,2026-06-27 05:29:01,PIN_RESET,APP,COMPLETED,True,7
1922,1634,SR00000001922,2026-04-02 22:49:40,APP_SUPPORT,HOTLINE,COMPLETED,True,19
1923,1634,SR00000001923,2026-04-25 20:40:39,ACCOUNT_CLOSURE,CHATBOT,COMPLETED,False,54
1924,1634,SR00000001924,2026-06-22 18:17:34,DISPUTE,APP,COMPLETED,False,58
1925,1637,SR00000001925,2026-05-08 06:08:01,ADDRESS_UPDATE,APP,COMPLETED,False,81
1926,1639,SR00000001926,2026-05-05 12:41:20,CARD_REISSUE,APP,COMPLETED,False,76
1927,1639,SR00000001927,2026-03-23 08:25:16,DISPUTE,HOTLINE,COMPLETED,True,42
1928,1639,SR00000001928,2026-04-07 03:40:44,STATEMENT_REQUEST,BRANCH,COMPLETED,False,77
1929,1639,SR00000001929,2026-04-24 02:40:57,APP_SUPPORT,APP,NEW,False,53
1930,1640,SR00000001930,2026-04-06 10:17:02,LIMIT_CHANGE,HOTLINE,COMPLETED,True,28
1931,1641,SR00000001931,2026-08-18 08:38:47,STATEMENT_REQUEST,APP,COMPLETED,True,16
1932,1642,SR00000001932,2026-07-25 03:03:27,CARD_REISSUE,APP,COMPLETED,False,51
1933,1643,SR00000001933,2026-08-09 00:27:15,APP_SUPPORT,BRANCH,PROCESSING,False,81
1934,1643,SR00000001934,2026-05-24 23:49:32,CARD_REISSUE,BRANCH,COMPLETED,False,75
1935,1643,SR00000001935,2026-05-11 09:04:04,ACCOUNT_CLOSURE,BRANCH,COMPLETED,True,26
1936,1645,SR00000001936,2026-03-01 23:05:13,STATEMENT_REQUEST,HOTLINE,COMPLETED,True,30
1937,1646,SR00000001937,2026-08-13 23:53:47,STATEMENT_REQUEST,HOTLINE,COMPLETED,False,59
1938,1647,SR00000001938,2026-05-25 19:30:57,STATEMENT_REQUEST,APP,PROCESSING,False,53
1939,1647,SR00000001939,2026-04-09 15:26:18,LIMIT_CHANGE,BRANCH,COMPLETED,False,64
1940,1647,SR00000001940,2026-07-16 06:55:25,PIN_RESET,APP,PROCESSING,False,50
1941,1647,SR00000001941,2026-04-16 07:19:35,LIMIT_CHANGE,BRANCH,REJECTED,False,89
1942,1648,SR00000001942,2026-04-08 00:55:33,STATEMENT_REQUEST,HOTLINE,COMPLETED,True,22
1943,1650,SR00000001943,2026-05-03 11:58:12,STATEMENT_REQUEST,HOTLINE,COMPLETED,True,11
1944,1651,SR00000001944,2026-05-31 23:49:01,CARD_REISSUE,EMAIL,COMPLETED,True,40
1945,1652,SR00000001945,2026-07-28 17:07:33,DISPUTE,CHATBOT,NEW,True,32
1946,1653,SR00000001946,2026-04-03 21:12:46,ACCOUNT_CLOSURE,BRANCH,NEW,True,18
1947,1653,SR00000001947,2026-07-01 08:34:47,LIMIT_CHANGE,APP,PROCESSING,False,72
1948,1655,SR00000001948,2026-05-18 15:35:04,STATEMENT_REQUEST,APP,COMPLETED,False,69
1949,1656,SR00000001949,2026-04-29 02:41:57,LIMIT_CHANGE,APP,COMPLETED,False,84
1950,1658,SR00000001950,2026-08-05 10:10:26,APP_SUPPORT,BRANCH,NEW,True,13
1951,1661,SR00000001951,2026-07-12 16:13:22,PIN_RESET,HOTLINE,COMPLETED,False,85
1952,1661,SR00000001952,2026-07-07 02:42:17,PIN_RESET,HOTLINE,PROCESSING,False,84
1953,1662,SR00000001953,2026-07-17 17:52:21,DISPUTE,BRANCH,COMPLETED,True,31
1954,1662,SR00000001954,2026-04-07 15:42:38,LIMIT_CHANGE,APP,PROCESSING,True,33
1955,1664,SR00000001955,2026-03-03 05:47:43,LIMIT_CHANGE,EMAIL,COMPLETED,True,33
1956,1665,SR00000001956,2026-05-14 04:45:59,ADDRESS_UPDATE,BRANCH,COMPLETED,True,45
1957,1665,SR00000001957,2026-07-24 03:12:37,DISPUTE,BRANCH,COMPLETED,False,87
1958,1666,SR00000001958,2026-03-23 16:33:51,ADDRESS_UPDATE,APP,COMPLETED,False,83
1959,1667,SR00000001959,2026-05-18 04:24:59,APP_SUPPORT,CHATBOT,COMPLETED,True,26
1960,1668,SR00000001960,2026-08-15 19:33:17,APP_SUPPORT,APP,PROCESSING,False,47
1961,1669,SR00000001961,2026-04-02 14:43:03,PIN_RESET,HOTLINE,PROCESSING,False,71
1962,1669,SR00000001962,2026-08-08 21:54:07,PIN_RESET,CHATBOT,COMPLETED,True,18
1963,1669,SR00000001963,2026-08-22 08:56:55,DISPUTE,APP,COMPLETED,False,54
1964,1669,SR00000001964,2026-07-09 20:46:14,STATEMENT_REQUEST,APP,COMPLETED,False,78
1965,1670,SR00000001965,2026-02-28 19:04:39,STATEMENT_REQUEST,HOTLINE,COMPLETED,False,71
1966,1670,SR00000001966,2026-08-08 16:11:27,STATEMENT_REQUEST,HOTLINE,COMPLETED,False,84
1967,1672,SR00000001967,2026-05-12 00:06:00,LIMIT_CHANGE,CHATBOT,COMPLETED,False,50
1968,1673,SR00000001968,2026-08-07 15:42:41,ACCOUNT_CLOSURE,BRANCH,COMPLETED,True,19
1969,1673,SR00000001969,2026-07-25 13:53:41,CARD_REISSUE,BRANCH,COMPLETED,True,21
1970,1674,SR00000001970,2026-05-22 11:22:10,ACCOUNT_CLOSURE,APP,COMPLETED,True,40
1971,1676,SR00000001971,2026-08-12 02:02:31,APP_SUPPORT,HOTLINE,COMPLETED,True,25
1972,1677,SR00000001972,2026-07-28 22:21:01,DISPUTE,EMAIL,COMPLETED,True,41
1973,1677,SR00000001973,2026-08-09 05:46:25,CARD_REISSUE,HOTLINE,REJECTED,True,4
1974,1679,SR00000001974,2026-08-03 06:39:05,LIMIT_CHANGE,HOTLINE,COMPLETED,False,78
1975,1680,SR00000001975,2026-04-16 08:43:34,STATEMENT_REQUEST,APP,COMPLETED,False,71
1976,1680,SR00000001976,2026-08-26 08:16:54,ADDRESS_UPDATE,CHATBOT,COMPLETED,False,75
1977,1681,SR00000001977,2026-03-28 05:22:50,PIN_RESET,APP,COMPLETED,False,74
1978,1681,SR00000001978,2026-07-21 01:06:26,APP_SUPPORT,CHATBOT,COMPLETED,True,40
1979,1681,SR00000001979,2026-05-23 23:41:39,LIMIT_CHANGE,BRANCH,COMPLETED,False,47
1980,1681,SR00000001980,2026-06-20 23:42:48,PIN_RESET,APP,NEW,True,23
1981,1682,SR00000001981,2026-05-25 00:48:05,DISPUTE,BRANCH,COMPLETED,False,83
1982,1682,SR00000001982,2026-03-28 07:20:32,CARD_REISSUE,HOTLINE,COMPLETED,False,73
1983,1683,SR00000001983,2026-08-01 18:07:07,CARD_REISSUE,HOTLINE,COMPLETED,False,53
1984,1683,SR00000001984,2026-07-25 14:29:02,ACCOUNT_CLOSURE,APP,COMPLETED,True,33
1985,1683,SR00000001985,2026-08-12 22:43:19,CARD_REISSUE,HOTLINE,COMPLETED,False,53
1986,1683,SR00000001986,2026-05-09 06:35:45,ADDRESS_UPDATE,CHATBOT,COMPLETED,False,72
1987,1683,SR00000001987,2026-04-09 01:42:17,ADDRESS_UPDATE,CHATBOT,COMPLETED,True,28
1988,1683,SR00000001988,2026-04-03 08:20:07,ACCOUNT_CLOSURE,APP,COMPLETED,False,56
1989,1685,SR00000001989,2026-03-10 16:06:01,CARD_REISSUE,BRANCH,COMPLETED,True,4
1990,1685,SR00000001990,2026-04-07 22:30:21,PIN_RESET,HOTLINE,COMPLETED,True,43
1991,1685,SR00000001991,2026-08-08 22:48:41,APP_SUPPORT,EMAIL,COMPLETED,True,18
1992,1685,SR00000001992,2026-05-08 11:40:30,LIMIT_CHANGE,HOTLINE,COMPLETED,True,11
1993,1686,SR00000001993,2026-06-17 00:47:33,PIN_RESET,HOTLINE,NEW,True,31
1994,1686,SR00000001994,2026-08-04 12:35:00,CARD_REISSUE,APP,COMPLETED,False,52
1995,1686,SR00000001995,2026-04-04 04:44:43,CARD_REISSUE,BRANCH,NEW,False,46
1996,1687,SR00000001996,2026-03-28 15:06:13,APP_SUPPORT,CHATBOT,COMPLETED,False,70
1997,1687,SR00000001997,2026-04-14 01:43:17,STATEMENT_REQUEST,HOTLINE,COMPLETED,True,13
1998,1687,SR00000001998,2026-07-15 01:52:05,STATEMENT_REQUEST,HOTLINE,COMPLETED,True,38
1999,1689,SR00000001999,2026-05-09 09:51:15,CARD_REISSUE,APP,COMPLETED,True,20
2000,1689,SR00000002000,2026-07-11 21:34:50,APP_SUPPORT,HOTLINE,COMPLETED,True,4
2001,1690,SR00000002001,2026-07-15 01:58:02,LIMIT_CHANGE,APP,COMPLETED,False,84
2002,1691,SR00000002002,2026-05-26 18:13:07,ADDRESS_UPDATE,APP,COMPLETED,False,72
2003,1691,SR00000002003,2026-07-18 20:31:34,PIN_RESET,APP,PROCESSING,True,41
2004,1692,SR00000002004,2026-07-01 09:16:05,DISPUTE,APP,COMPLETED,True,31
2005,1692,SR00000002005,2026-06-08 15:26:17,STATEMENT_REQUEST,HOTLINE,COMPLETED,False,78
2006,1692,SR00000002006,2026-06-17 04:53:11,CARD_REISSUE,HOTLINE,COMPLETED,False,77
2007,1693,SR00000002007,2026-06-15 12:56:50,CARD_REISSUE,APP,PROCESSING,False,47
2008,1693,SR00000002008,2026-04-20 19:57:14,LIMIT_CHANGE,CHATBOT,COMPLETED,True,24
2009,1694,SR00000002009,2026-06-11 21:31:25,LIMIT_CHANGE,HOTLINE,COMPLETED,False,82
2010,1694,SR00000002010,2026-06-06 17:38:49,APP_SUPPORT,APP,COMPLETED,True,44
2011,1694,SR00000002011,2026-08-02 22:48:09,STATEMENT_REQUEST,HOTLINE,COMPLETED,True,37
2012,1695,SR00000002012,2026-04-08 02:33:20,CARD_REISSUE,APP,COMPLETED,True,8
2013,1695,SR00000002013,2026-08-01 07:23:14,LIMIT_CHANGE,APP,COMPLETED,False,69
2014,1695,SR00000002014,2026-04-04 03:45:11,ACCOUNT_CLOSURE,BRANCH,COMPLETED,False,47
2015,1695,SR00000002015,2026-04-29 10:54:24,LIMIT_CHANGE,APP,COMPLETED,False,77
2016,1696,SR00000002016,2026-03-11 03:16:14,CARD_REISSUE,HOTLINE,COMPLETED,False,56
2017,1696,SR00000002017,2026-08-05 03:21:17,APP_SUPPORT,CHATBOT,COMPLETED,False,86
2018,1697,SR00000002018,2026-08-02 04:10:58,STATEMENT_REQUEST,APP,PROCESSING,False,76
2019,1699,SR00000002019,2026-07-01 17:02:10,PIN_RESET,HOTLINE,COMPLETED,True,34
2020,1699,SR00000002020,2026-05-05 16:09:33,DISPUTE,APP,NEW,True,12
2021,1704,SR00000002021,2026-03-26 09:31:33,CARD_REISSUE,APP,COMPLETED,False,89
2022,1705,SR00000002022,2026-06-26 08:16:03,LIMIT_CHANGE,BRANCH,COMPLETED,False,68
2023,1705,SR00000002023,2026-06-24 03:00:32,ADDRESS_UPDATE,APP,REJECTED,False,50
2024,1707,SR00000002024,2026-04-24 10:44:49,PIN_RESET,APP,PROCESSING,False,65
2025,1708,SR00000002025,2026-06-15 14:15:53,CARD_REISSUE,CHATBOT,COMPLETED,False,75
2026,1709,SR00000002026,2026-03-15 18:29:45,APP_SUPPORT,CHATBOT,COMPLETED,True,5
2027,1709,SR00000002027,2026-07-18 05:01:13,PIN_RESET,APP,COMPLETED,True,28
2028,1711,SR00000002028,2026-04-07 13:49:46,CARD_REISSUE,CHATBOT,COMPLETED,False,70
2029,1712,SR00000002029,2026-04-09 06:00:21,CARD_REISSUE,APP,COMPLETED,True,37
2030,1713,SR00000002030,2026-05-13 08:47:07,STATEMENT_REQUEST,HOTLINE,COMPLETED,False,59
2031,1715,SR00000002031,2026-05-20 16:15:53,PIN_RESET,BRANCH,COMPLETED,True,37
2032,1715,SR00000002032,2026-05-19 16:13:24,DISPUTE,HOTLINE,COMPLETED,True,9
2033,1715,SR00000002033,2026-08-16 02:12:29,DISPUTE,HOTLINE,COMPLETED,False,59
2034,1718,SR00000002034,2026-02-28 10:39:02,APP_SUPPORT,HOTLINE,COMPLETED,False,80
2035,1718,SR00000002035,2026-03-20 15:46:06,ACCOUNT_CLOSURE,HOTLINE,COMPLETED,True,26
2036,1719,SR00000002036,2026-05-11 19:44:41,STATEMENT_REQUEST,APP,COMPLETED,False,62
2037,1719,SR00000002037,2026-06-04 01:37:54,PIN_RESET,APP,COMPLETED,False,72
2038,1719,SR00000002038,2026-08-12 16:04:51,CARD_REISSUE,HOTLINE,PROCESSING,False,87
2039,1720,SR00000002039,2026-04-25 21:41:54,ADDRESS_UPDATE,HOTLINE,COMPLETED,True,28
2040,1722,SR00000002040,2026-07-01 12:25:36,CARD_REISSUE,APP,COMPLETED,True,37
2041,1723,SR00000002041,2026-04-26 09:18:38,PIN_RESET,HOTLINE,COMPLETED,True,12
2042,1723,SR00000002042,2026-07-05 23:03:50,STATEMENT_REQUEST,APP,COMPLETED,False,47
2043,1723,SR00000002043,2026-04-04 00:49:40,STATEMENT_REQUEST,EMAIL,PROCESSING,True,14
2044,1724,SR00000002044,2026-05-28 10:51:56,CARD_REISSUE,APP,PROCESSING,True,39
2045,1725,SR00000002045,2026-03-06 14:02:22,STATEMENT_REQUEST,HOTLINE,COMPLETED,False,56
2046,1725,SR00000002046,2026-08-11 19:19:06,STATEMENT_REQUEST,HOTLINE,NEW,True,4
2047,1727,SR00000002047,2026-05-06 22:56:38,ADDRESS_UPDATE,HOTLINE,COMPLETED,True,13
2048,1728,SR00000002048,2026-06-17 23:52:59,STATEMENT_REQUEST,CHATBOT,COMPLETED,True,43
2049,1731,SR00000002049,2026-04-01 12:39:19,PIN_RESET,HOTLINE,COMPLETED,True,36
2050,1732,SR00000002050,2026-06-03 21:42:57,CARD_REISSUE,APP,REJECTED,True,35
2051,1733,SR00000002051,2026-06-16 09:18:35,STATEMENT_REQUEST,HOTLINE,COMPLETED,False,78
2052,1733,SR00000002052,2026-05-11 12:55:24,CARD_REISSUE,HOTLINE,COMPLETED,False,79
2053,1733,SR00000002053,2026-04-27 10:06:23,LIMIT_CHANGE,HOTLINE,COMPLETED,False,68
2054,1733,SR00000002054,2026-05-04 01:15:15,APP_SUPPORT,HOTLINE,COMPLETED,False,60
2055,1734,SR00000002055,2026-05-29 14:56:10,ADDRESS_UPDATE,HOTLINE,COMPLETED,True,33
2056,1735,SR00000002056,2026-06-08 04:42:02,APP_SUPPORT,BRANCH,COMPLETED,True,10
2057,1736,SR00000002057,2026-04-11 06:05:44,PIN_RESET,APP,COMPLETED,False,83
2058,1736,SR00000002058,2026-03-21 11:35:11,ACCOUNT_CLOSURE,CHATBOT,COMPLETED,False,57
2059,1742,SR00000002059,2026-05-25 15:25:39,ADDRESS_UPDATE,HOTLINE,COMPLETED,False,51
2060,1743,SR00000002060,2026-08-18 23:23:36,DISPUTE,APP,COMPLETED,False,80
2061,1746,SR00000002061,2026-05-12 17:14:09,STATEMENT_REQUEST,APP,COMPLETED,True,30
2062,1746,SR00000002062,2026-08-19 21:23:08,APP_SUPPORT,HOTLINE,PROCESSING,True,26
2063,1747,SR00000002063,2026-04-24 16:59:35,ACCOUNT_CLOSURE,APP,COMPLETED,False,82
2064,1747,SR00000002064,2026-06-01 02:39:51,ADDRESS_UPDATE,APP,PROCESSING,True,16
2065,1748,SR00000002065,2026-04-14 07:08:10,APP_SUPPORT,CHATBOT,COMPLETED,False,69
2066,1748,SR00000002066,2026-06-22 02:42:52,DISPUTE,HOTLINE,NEW,False,83
2067,1751,SR00000002067,2026-03-19 21:29:17,DISPUTE,EMAIL,COMPLETED,True,39
2068,1751,SR00000002068,2026-04-29 07:29:33,PIN_RESET,HOTLINE,PROCESSING,False,79
2069,1752,SR00000002069,2026-06-29 04:48:37,CARD_REISSUE,EMAIL,NEW,False,59
2070,1752,SR00000002070,2026-08-13 21:07:42,APP_SUPPORT,HOTLINE,PROCESSING,True,21
2071,1753,SR00000002071,2026-08-19 19:32:25,APP_SUPPORT,APP,PROCESSING,False,68
2072,1756,SR00000002072,2026-07-20 14:15:04,CARD_REISSUE,BRANCH,PROCESSING,False,75
2073,1756,SR00000002073,2026-07-04 19:51:08,CARD_REISSUE,HOTLINE,COMPLETED,False,56
2074,1758,SR00000002074,2026-07-15 13:22:29,APP_SUPPORT,EMAIL,NEW,False,71
2075,1760,SR00000002075,2026-06-17 11:29:11,APP_SUPPORT,HOTLINE,NEW,True,32
2076,1762,SR00000002076,2026-07-08 14:51:47,STATEMENT_REQUEST,HOTLINE,COMPLETED,True,41
2077,1763,SR00000002077,2026-03-21 18:45:46,APP_SUPPORT,BRANCH,REJECTED,False,86
2078,1763,SR00000002078,2026-07-07 12:44:00,APP_SUPPORT,CHATBOT,COMPLETED,False,73
2079,1764,SR00000002079,2026-05-26 04:34:10,ADDRESS_UPDATE,HOTLINE,COMPLETED,True,26
2080,1766,SR00000002080,2026-05-10 07:01:10,DISPUTE,APP,COMPLETED,True,11
2081,1768,SR00000002081,2026-07-05 04:51:19,PIN_RESET,APP,COMPLETED,True,6
2082,1769,SR00000002082,2026-05-11 17:09:55,APP_SUPPORT,HOTLINE,PROCESSING,False,64
2083,1771,SR00000002083,2026-06-17 16:03:01,CARD_REISSUE,EMAIL,COMPLETED,False,63
2084,1771,SR00000002084,2026-04-05 02:45:50,DISPUTE,APP,COMPLETED,False,56
2085,1772,SR00000002085,2026-07-31 03:03:15,PIN_RESET,BRANCH,COMPLETED,True,35
2086,1773,SR00000002086,2026-02-28 16:20:24,APP_SUPPORT,HOTLINE,COMPLETED,True,43
2087,1773,SR00000002087,2026-05-01 19:49:12,DISPUTE,APP,COMPLETED,True,13
2088,1774,SR00000002088,2026-08-01 07:13:10,PIN_RESET,HOTLINE,COMPLETED,False,73
2089,1775,SR00000002089,2026-06-25 12:34:02,CARD_REISSUE,APP,COMPLETED,True,19
2090,1775,SR00000002090,2026-08-20 10:17:57,APP_SUPPORT,APP,COMPLETED,True,26
2091,1775,SR00000002091,2026-06-17 20:33:46,LIMIT_CHANGE,APP,PROCESSING,True,23
2092,1776,SR00000002092,2026-05-01 03:49:54,PIN_RESET,HOTLINE,COMPLETED,True,3
2093,1776,SR00000002093,2026-03-25 11:11:03,PIN_RESET,APP,COMPLETED,True,41
2094,1777,SR00000002094,2026-03-24 07:41:34,APP_SUPPORT,HOTLINE,COMPLETED,False,71
2095,1777,SR00000002095,2026-08-22 20:28:20,APP_SUPPORT,HOTLINE,COMPLETED,True,45
2096,1778,SR00000002096,2026-04-14 16:50:04,PIN_RESET,HOTLINE,COMPLETED,True,43
2097,1781,SR00000002097,2026-08-05 16:00:51,CARD_REISSUE,HOTLINE,PROCESSING,False,61
2098,1782,SR00000002098,2026-05-15 09:00:09,PIN_RESET,HOTLINE,COMPLETED,False,67
2099,1783,SR00000002099,2026-06-06 09:18:38,APP_SUPPORT,HOTLINE,REJECTED,True,32
2100,1786,SR00000002100,2026-05-19 09:46:33,STATEMENT_REQUEST,EMAIL,COMPLETED,False,89
2101,1786,SR00000002101,2026-03-13 06:21:47,ADDRESS_UPDATE,EMAIL,PROCESSING,True,33
2102,1787,SR00000002102,2026-06-12 18:17:29,DISPUTE,BRANCH,NEW,False,73
2103,1788,SR00000002103,2026-05-13 06:58:10,DISPUTE,BRANCH,COMPLETED,True,37
2104,1789,SR00000002104,2026-03-05 07:54:03,ACCOUNT_CLOSURE,EMAIL,COMPLETED,True,34
2105,1790,SR00000002105,2026-05-21 23:23:13,LIMIT_CHANGE,HOTLINE,NEW,True,26
2106,1791,SR00000002106,2026-07-24 05:29:26,ADDRESS_UPDATE,APP,NEW,True,23
2107,1792,SR00000002107,2026-04-11 01:20:31,LIMIT_CHANGE,HOTLINE,COMPLETED,False,66
2108,1794,SR00000002108,2026-03-14 02:15:21,ADDRESS_UPDATE,EMAIL,PROCESSING,True,41
2109,1795,SR00000002109,2026-08-08 10:32:00,CARD_REISSUE,APP,COMPLETED,False,55
2110,1797,SR00000002110,2026-03-03 16:08:09,DISPUTE,HOTLINE,COMPLETED,False,83
2111,1798,SR00000002111,2026-06-11 20:34:35,PIN_RESET,EMAIL,COMPLETED,True,36
2112,1798,SR00000002112,2026-08-13 18:35:10,ADDRESS_UPDATE,HOTLINE,COMPLETED,True,44
2113,1799,SR00000002113,2026-06-22 04:45:54,PIN_RESET,BRANCH,REJECTED,True,39
2114,1801,SR00000002114,2026-08-01 01:08:09,LIMIT_CHANGE,HOTLINE,COMPLETED,True,28
2115,1801,SR00000002115,2026-03-13 03:25:41,PIN_RESET,BRANCH,COMPLETED,False,85
2116,1802,SR00000002116,2026-03-17 21:10:56,APP_SUPPORT,HOTLINE,COMPLETED,True,39
2117,1802,SR00000002117,2026-07-21 15:06:42,APP_SUPPORT,CHATBOT,COMPLETED,True,24
2118,1802,SR00000002118,2026-05-05 05:04:36,DISPUTE,HOTLINE,COMPLETED,True,18
2119,1802,SR00000002119,2026-04-08 00:56:11,CARD_REISSUE,EMAIL,COMPLETED,False,75
2120,1804,SR00000002120,2026-06-29 02:10:40,ACCOUNT_CLOSURE,APP,COMPLETED,True,13
2121,1804,SR00000002121,2026-06-27 05:43:58,PIN_RESET,HOTLINE,COMPLETED,True,41
2122,1805,SR00000002122,2026-07-07 10:51:14,ACCOUNT_CLOSURE,APP,COMPLETED,False,52
2123,1805,SR00000002123,2026-04-13 13:22:59,ACCOUNT_CLOSURE,HOTLINE,COMPLETED,False,86
2124,1805,SR00000002124,2026-03-10 00:43:55,STATEMENT_REQUEST,HOTLINE,COMPLETED,True,29
2125,1810,SR00000002125,2026-08-14 00:28:24,ADDRESS_UPDATE,EMAIL,COMPLETED,True,43
2126,1812,SR00000002126,2026-04-17 01:14:38,ADDRESS_UPDATE,HOTLINE,COMPLETED,False,85
2127,1812,SR00000002127,2026-03-18 16:39:04,DISPUTE,HOTLINE,COMPLETED,True,5
2128,1813,SR00000002128,2026-03-09 22:18:44,ADDRESS_UPDATE,BRANCH,COMPLETED,False,49
2129,1814,SR00000002129,2026-08-18 05:17:51,APP_SUPPORT,EMAIL,COMPLETED,True,10
2130,1815,SR00000002130,2026-03-06 02:20:01,CARD_REISSUE,HOTLINE,COMPLETED,False,68
2131,1815,SR00000002131,2026-08-26 13:58:16,PIN_RESET,APP,COMPLETED,True,22
2132,1815,SR00000002132,2026-03-26 04:40:52,PIN_RESET,CHATBOT,COMPLETED,True,35
2133,1815,SR00000002133,2026-06-13 01:52:21,ADDRESS_UPDATE,HOTLINE,COMPLETED,False,81
2134,1815,SR00000002134,2026-06-08 18:47:51,STATEMENT_REQUEST,EMAIL,COMPLETED,True,44
2135,1816,SR00000002135,2026-05-14 08:51:46,STATEMENT_REQUEST,APP,COMPLETED,False,73
2136,1816,SR00000002136,2026-05-15 02:00:42,PIN_RESET,APP,COMPLETED,False,79
2137,1817,SR00000002137,2026-06-20 06:49:21,CARD_REISSUE,APP,REJECTED,False,75
2138,1819,SR00000002138,2026-07-07 09:12:53,LIMIT_CHANGE,EMAIL,PROCESSING,False,86
2139,1821,SR00000002139,2026-08-15 04:02:54,STATEMENT_REQUEST,HOTLINE,COMPLETED,False,51
2140,1822,SR00000002140,2026-08-21 15:53:50,CARD_REISSUE,HOTLINE,COMPLETED,False,65
2141,1822,SR00000002141,2026-03-15 08:20:02,STATEMENT_REQUEST,APP,REJECTED,True,28
2142,1822,SR00000002142,2026-04-22 13:11:54,STATEMENT_REQUEST,HOTLINE,COMPLETED,True,41
2143,1823,SR00000002143,2026-03-17 05:27:32,ACCOUNT_CLOSURE,HOTLINE,COMPLETED,False,71
2144,1824,SR00000002144,2026-03-01 13:39:15,CARD_REISSUE,BRANCH,PROCESSING,False,76
2145,1824,SR00000002145,2026-08-20 08:12:54,CARD_REISSUE,CHATBOT,COMPLETED,True,34
2146,1824,SR00000002146,2026-03-30 08:13:01,STATEMENT_REQUEST,BRANCH,COMPLETED,True,13
2147,1825,SR00000002147,2026-08-03 20:50:33,CARD_REISSUE,CHATBOT,PROCESSING,True,42
2148,1825,SR00000002148,2026-05-05 22:48:03,PIN_RESET,APP,PROCESSING,False,68
2149,1826,SR00000002149,2026-07-28 18:05:31,APP_SUPPORT,BRANCH,COMPLETED,False,61
2150,1828,SR00000002150,2026-06-07 21:14:17,ADDRESS_UPDATE,BRANCH,COMPLETED,True,22
2151,1828,SR00000002151,2026-03-12 16:35:38,CARD_REISSUE,APP,NEW,False,50
2152,1828,SR00000002152,2026-04-21 11:34:33,CARD_REISSUE,EMAIL,REJECTED,False,71
2153,1830,SR00000002153,2026-07-20 01:20:50,DISPUTE,CHATBOT,COMPLETED,False,48
2154,1831,SR00000002154,2026-08-01 19:09:39,PIN_RESET,HOTLINE,COMPLETED,True,17
2155,1833,SR00000002155,2026-04-19 04:14:20,PIN_RESET,CHATBOT,COMPLETED,False,48
2156,1834,SR00000002156,2026-06-07 09:22:48,APP_SUPPORT,CHATBOT,NEW,False,60
2157,1836,SR00000002157,2026-07-21 06:49:51,PIN_RESET,HOTLINE,COMPLETED,False,68
2158,1836,SR00000002158,2026-04-26 17:05:35,CARD_REISSUE,APP,COMPLETED,False,77
2159,1837,SR00000002159,2026-08-26 00:24:59,APP_SUPPORT,HOTLINE,COMPLETED,False,52
2160,1837,SR00000002160,2026-07-23 09:55:13,LIMIT_CHANGE,EMAIL,COMPLETED,True,13
2161,1840,SR00000002161,2026-04-08 05:39:34,CARD_REISSUE,APP,COMPLETED,True,44
2162,1840,SR00000002162,2026-08-11 17:45:23,STATEMENT_REQUEST,EMAIL,COMPLETED,False,80
2163,1843,SR00000002163,2026-07-11 20:07:03,CARD_REISSUE,HOTLINE,COMPLETED,True,4
2164,1843,SR00000002164,2026-04-06 03:42:43,ACCOUNT_CLOSURE,APP,COMPLETED,False,47
2165,1844,SR00000002165,2026-04-21 04:13:02,ACCOUNT_CLOSURE,CHATBOT,COMPLETED,True,44
2166,1846,SR00000002166,2026-02-28 11:52:58,PIN_RESET,BRANCH,COMPLETED,False,61
2167,1847,SR00000002167,2026-04-30 06:41:05,ADDRESS_UPDATE,HOTLINE,COMPLETED,True,43
2168,1847,SR00000002168,2026-04-20 20:23:21,ADDRESS_UPDATE,HOTLINE,COMPLETED,False,59
2169,1848,SR00000002169,2026-08-11 04:05:02,ACCOUNT_CLOSURE,HOTLINE,COMPLETED,False,57
2170,1848,SR00000002170,2026-08-10 03:30:33,ADDRESS_UPDATE,APP,COMPLETED,True,8
2171,1848,SR00000002171,2026-07-04 14:53:08,DISPUTE,APP,COMPLETED,False,57
2172,1849,SR00000002172,2026-04-07 04:29:49,ACCOUNT_CLOSURE,BRANCH,COMPLETED,True,18
2173,1850,SR00000002173,2026-07-05 11:15:30,ACCOUNT_CLOSURE,HOTLINE,COMPLETED,False,64
2174,1851,SR00000002174,2026-08-26 03:12:23,APP_SUPPORT,BRANCH,COMPLETED,True,5
2175,1852,SR00000002175,2026-04-16 08:30:30,ADDRESS_UPDATE,EMAIL,NEW,False,62
2176,1853,SR00000002176,2026-04-24 14:53:51,LIMIT_CHANGE,CHATBOT,COMPLETED,False,57
2177,1853,SR00000002177,2026-08-20 17:49:20,STATEMENT_REQUEST,HOTLINE,COMPLETED,False,72
2178,1853,SR00000002178,2026-06-26 20:56:11,CARD_REISSUE,HOTLINE,COMPLETED,False,62
2179,1854,SR00000002179,2026-03-15 14:30:10,PIN_RESET,HOTLINE,COMPLETED,False,54
2180,1855,SR00000002180,2026-06-23 16:45:15,STATEMENT_REQUEST,BRANCH,COMPLETED,False,48
2181,1856,SR00000002181,2026-06-05 04:59:02,CARD_REISSUE,BRANCH,COMPLETED,True,12
2182,1856,SR00000002182,2026-08-17 05:04:38,STATEMENT_REQUEST,HOTLINE,COMPLETED,True,15
2183,1857,SR00000002183,2026-03-28 01:23:55,CARD_REISSUE,HOTLINE,COMPLETED,False,53
2184,1857,SR00000002184,2026-06-01 15:39:18,DISPUTE,BRANCH,COMPLETED,False,80
2185,1857,SR00000002185,2026-04-09 16:18:41,APP_SUPPORT,HOTLINE,COMPLETED,False,51
2186,1857,SR00000002186,2026-04-02 00:59:36,PIN_RESET,HOTLINE,COMPLETED,True,45
2187,1857,SR00000002187,2026-08-03 11:28:24,PIN_RESET,HOTLINE,REJECTED,True,11
2188,1858,SR00000002188,2026-07-19 05:51:17,LIMIT_CHANGE,HOTLINE,COMPLETED,True,9
2189,1860,SR00000002189,2026-06-11 02:43:55,CARD_REISSUE,CHATBOT,COMPLETED,True,12
2190,1861,SR00000002190,2026-07-14 21:24:01,ADDRESS_UPDATE,APP,COMPLETED,True,18
2191,1862,SR00000002191,2026-06-22 16:44:22,ADDRESS_UPDATE,EMAIL,COMPLETED,False,88
2192,1863,SR00000002192,2026-08-09 02:32:44,PIN_RESET,HOTLINE,NEW,False,47
2193,1864,SR00000002193,2026-05-10 01:34:31,PIN_RESET,APP,COMPLETED,False,87
2194,1865,SR00000002194,2026-04-13 08:29:18,DISPUTE,CHATBOT,COMPLETED,True,22
2195,1866,SR00000002195,2026-03-31 14:05:38,CARD_REISSUE,APP,COMPLETED,False,67
2196,1867,SR00000002196,2026-05-26 23:36:38,ACCOUNT_CLOSURE,APP,COMPLETED,False,88
2197,1869,SR00000002197,2026-07-06 08:27:34,APP_SUPPORT,APP,COMPLETED,True,7
2198,1869,SR00000002198,2026-06-18 20:26:09,APP_SUPPORT,CHATBOT,COMPLETED,False,78
2199,1869,SR00000002199,2026-05-11 17:37:10,APP_SUPPORT,CHATBOT,NEW,True,39
2200,1869,SR00000002200,2026-07-29 08:41:00,PIN_RESET,CHATBOT,PROCESSING,True,27
2201,1871,SR00000002201,2026-04-26 05:24:38,CARD_REISSUE,BRANCH,COMPLETED,False,46
2202,1871,SR00000002202,2026-08-12 22:44:41,STATEMENT_REQUEST,HOTLINE,COMPLETED,True,16
2203,1874,SR00000002203,2026-06-02 05:56:29,APP_SUPPORT,APP,PROCESSING,True,21
2204,1875,SR00000002204,2026-05-14 12:35:27,STATEMENT_REQUEST,EMAIL,COMPLETED,True,32
2205,1878,SR00000002205,2026-07-28 10:26:22,CARD_REISSUE,CHATBOT,COMPLETED,True,34
2206,1878,SR00000002206,2026-03-02 06:14:28,STATEMENT_REQUEST,BRANCH,COMPLETED,False,65
2207,1882,SR00000002207,2026-03-17 15:07:06,CARD_REISSUE,HOTLINE,REJECTED,False,80
2208,1882,SR00000002208,2026-08-06 17:40:01,PIN_RESET,APP,COMPLETED,False,77
2209,1883,SR00000002209,2026-05-08 11:00:01,APP_SUPPORT,APP,COMPLETED,True,8
2210,1884,SR00000002210,2026-07-25 13:42:54,LIMIT_CHANGE,HOTLINE,COMPLETED,False,68
2211,1884,SR00000002211,2026-06-14 17:53:42,CARD_REISSUE,APP,PROCESSING,True,10
2212,1884,SR00000002212,2026-06-14 10:09:45,PIN_RESET,EMAIL,COMPLETED,True,11
2213,1884,SR00000002213,2026-04-19 05:29:37,ACCOUNT_CLOSURE,CHATBOT,COMPLETED,False,86
2214,1884,SR00000002214,2026-05-06 00:40:44,ACCOUNT_CLOSURE,APP,COMPLETED,True,18
2215,1885,SR00000002215,2026-04-20 04:55:29,STATEMENT_REQUEST,CHATBOT,COMPLETED,True,7
2216,1888,SR00000002216,2026-04-24 20:02:08,ACCOUNT_CLOSURE,HOTLINE,COMPLETED,True,17
2217,1890,SR00000002217,2026-04-20 06:03:50,ADDRESS_UPDATE,CHATBOT,COMPLETED,True,45
2218,1890,SR00000002218,2026-06-01 21:30:20,LIMIT_CHANGE,HOTLINE,COMPLETED,False,57
2219,1892,SR00000002219,2026-06-11 19:43:42,ADDRESS_UPDATE,HOTLINE,COMPLETED,False,67
2220,1892,SR00000002220,2026-03-16 04:20:20,CARD_REISSUE,HOTLINE,PROCESSING,True,5
2221,1893,SR00000002221,2026-08-13 20:15:31,DISPUTE,APP,COMPLETED,True,36
2222,1893,SR00000002222,2026-04-07 03:46:54,STATEMENT_REQUEST,BRANCH,COMPLETED,False,55
2223,1894,SR00000002223,2026-07-20 01:20:04,APP_SUPPORT,CHATBOT,COMPLETED,False,57
2224,1894,SR00000002224,2026-03-19 04:13:43,PIN_RESET,APP,COMPLETED,True,27
2225,1894,SR00000002225,2026-03-06 08:06:48,DISPUTE,HOTLINE,COMPLETED,True,45
2226,1896,SR00000002226,2026-06-09 16:58:25,APP_SUPPORT,CHATBOT,COMPLETED,False,76
2227,1897,SR00000002227,2026-06-21 05:14:06,DISPUTE,HOTLINE,COMPLETED,True,29
2228,1898,SR00000002228,2026-04-21 06:21:33,PIN_RESET,HOTLINE,COMPLETED,False,70
2229,1899,SR00000002229,2026-04-19 22:35:58,APP_SUPPORT,CHATBOT,PROCESSING,False,78
2230,1900,SR00000002230,2026-03-18 13:18:18,ADDRESS_UPDATE,HOTLINE,COMPLETED,True,43
2231,1900,SR00000002231,2026-03-19 00:21:54,LIMIT_CHANGE,APP,COMPLETED,True,27
2232,1900,SR00000002232,2026-07-17 19:56:09,DISPUTE,BRANCH,PROCESSING,False,64
2233,1900,SR00000002233,2026-07-17 06:22:38,ADDRESS_UPDATE,HOTLINE,COMPLETED,False,89
2234,1901,SR00000002234,2026-04-04 20:02:11,STATEMENT_REQUEST,BRANCH,COMPLETED,True,6
2235,1902,SR00000002235,2026-06-13 14:48:58,LIMIT_CHANGE,CHATBOT,COMPLETED,True,3
2236,1904,SR00000002236,2026-06-24 02:18:36,LIMIT_CHANGE,HOTLINE,COMPLETED,True,11
2237,1904,SR00000002237,2026-05-15 09:09:52,STATEMENT_REQUEST,CHATBOT,COMPLETED,True,16
2238,1904,SR00000002238,2026-06-16 02:23:27,APP_SUPPORT,APP,COMPLETED,True,29
2239,1905,SR00000002239,2026-04-19 19:46:15,CARD_REISSUE,EMAIL,COMPLETED,True,39
2240,1905,SR00000002240,2026-05-29 22:31:51,ACCOUNT_CLOSURE,BRANCH,COMPLETED,False,81
2241,1905,SR00000002241,2026-04-19 12:42:43,APP_SUPPORT,BRANCH,REJECTED,True,21
2242,1906,SR00000002242,2026-07-11 08:34:08,ADDRESS_UPDATE,APP,COMPLETED,False,84
2243,1906,SR00000002243,2026-08-07 10:37:43,PIN_RESET,APP,COMPLETED,True,17
2244,1907,SR00000002244,2026-03-14 15:39:45,CARD_REISSUE,CHATBOT,COMPLETED,False,87
2245,1909,SR00000002245,2026-05-20 06:49:47,STATEMENT_REQUEST,EMAIL,COMPLETED,False,71
2246,1910,SR00000002246,2026-08-03 09:21:53,DISPUTE,CHATBOT,COMPLETED,False,57
2247,1911,SR00000002247,2026-05-03 10:38:41,PIN_RESET,EMAIL,COMPLETED,False,81
2248,1911,SR00000002248,2026-08-02 01:54:53,PIN_RESET,HOTLINE,COMPLETED,False,65
2249,1912,SR00000002249,2026-07-28 04:02:44,STATEMENT_REQUEST,EMAIL,COMPLETED,False,84
2250,1912,SR00000002250,2026-07-19 23:47:03,ADDRESS_UPDATE,EMAIL,COMPLETED,True,6
2251,1913,SR00000002251,2026-07-06 20:54:24,PIN_RESET,APP,COMPLETED,False,56
2252,1913,SR00000002252,2026-06-27 16:28:51,CARD_REISSUE,APP,COMPLETED,False,55
2253,1913,SR00000002253,2026-07-06 19:11:59,CARD_REISSUE,APP,COMPLETED,False,63
2254,1914,SR00000002254,2026-08-11 12:49:12,APP_SUPPORT,EMAIL,COMPLETED,False,65
2255,1914,SR00000002255,2026-03-24 02:02:39,ADDRESS_UPDATE,APP,NEW,False,63
2256,1914,SR00000002256,2026-06-13 14:58:21,APP_SUPPORT,EMAIL,COMPLETED,False,80
2257,1915,SR00000002257,2026-08-13 20:11:59,STATEMENT_REQUEST,EMAIL,PROCESSING,True,20
2258,1917,SR00000002258,2026-05-20 05:00:23,STATEMENT_REQUEST,APP,COMPLETED,True,24
2259,1917,SR00000002259,2026-03-18 22:34:27,STATEMENT_REQUEST,BRANCH,COMPLETED,True,7
2260,1917,SR00000002260,2026-06-11 01:03:25,APP_SUPPORT,HOTLINE,COMPLETED,True,20
2261,1919,SR00000002261,2026-07-21 17:32:50,APP_SUPPORT,HOTLINE,COMPLETED,False,48
2262,1922,SR00000002262,2026-03-23 19:21:46,APP_SUPPORT,HOTLINE,COMPLETED,True,45
2263,1923,SR00000002263,2026-05-27 01:14:04,PIN_RESET,HOTLINE,COMPLETED,True,25
2264,1926,SR00000002264,2026-07-05 01:52:04,ADDRESS_UPDATE,EMAIL,COMPLETED,False,56
2265,1928,SR00000002265,2026-05-05 22:10:48,CARD_REISSUE,EMAIL,COMPLETED,True,4
2266,1928,SR00000002266,2026-05-07 10:14:35,APP_SUPPORT,EMAIL,COMPLETED,True,29
2267,1929,SR00000002267,2026-08-20 23:45:35,DISPUTE,HOTLINE,COMPLETED,False,51
2268,1930,SR00000002268,2026-07-23 14:58:14,LIMIT_CHANGE,CHATBOT,PROCESSING,False,89
2269,1930,SR00000002269,2026-08-10 09:12:14,ADDRESS_UPDATE,HOTLINE,PROCESSING,True,33
2270,1931,SR00000002270,2026-08-22 09:30:00,CARD_REISSUE,BRANCH,COMPLETED,False,63
2271,1931,SR00000002271,2026-04-14 14:04:12,ACCOUNT_CLOSURE,BRANCH,NEW,True,6
2272,1932,SR00000002272,2026-07-15 12:40:17,STATEMENT_REQUEST,EMAIL,COMPLETED,False,77
2273,1932,SR00000002273,2026-03-06 12:24:12,APP_SUPPORT,HOTLINE,COMPLETED,True,27
2274,1932,SR00000002274,2026-06-14 00:27:31,ACCOUNT_CLOSURE,APP,COMPLETED,False,72
2275,1932,SR00000002275,2026-05-12 23:16:55,LIMIT_CHANGE,APP,COMPLETED,True,34
2276,1932,SR00000002276,2026-03-27 01:25:36,DISPUTE,EMAIL,PROCESSING,True,20
2277,1933,SR00000002277,2026-05-04 15:13:31,PIN_RESET,HOTLINE,COMPLETED,True,33
2278,1935,SR00000002278,2026-06-06 17:13:43,DISPUTE,HOTLINE,PROCESSING,True,26
2279,1935,SR00000002279,2026-03-25 21:11:41,CARD_REISSUE,BRANCH,COMPLETED,False,86
2280,1936,SR00000002280,2026-05-03 03:24:36,APP_SUPPORT,HOTLINE,COMPLETED,True,19
2281,1936,SR00000002281,2026-07-10 16:18:06,LIMIT_CHANGE,APP,REJECTED,True,21
2282,1937,SR00000002282,2026-03-17 19:28:19,LIMIT_CHANGE,HOTLINE,COMPLETED,False,68
2283,1937,SR00000002283,2026-05-01 15:24:56,APP_SUPPORT,CHATBOT,COMPLETED,False,55
2284,1938,SR00000002284,2026-04-21 02:29:28,CARD_REISSUE,CHATBOT,COMPLETED,False,48
2285,1938,SR00000002285,2026-08-04 20:06:50,ACCOUNT_CLOSURE,EMAIL,COMPLETED,True,42
2286,1938,SR00000002286,2026-05-27 07:39:11,PIN_RESET,HOTLINE,COMPLETED,True,38
2287,1940,SR00000002287,2026-06-17 22:51:41,CARD_REISSUE,HOTLINE,PROCESSING,False,47
2288,1941,SR00000002288,2026-05-19 02:36:16,ADDRESS_UPDATE,CHATBOT,COMPLETED,False,77
2289,1941,SR00000002289,2026-03-24 08:57:42,APP_SUPPORT,HOTLINE,NEW,True,45
2290,1943,SR00000002290,2026-04-03 19:01:31,DISPUTE,EMAIL,COMPLETED,False,73
2291,1946,SR00000002291,2026-05-13 21:44:24,PIN_RESET,HOTLINE,COMPLETED,False,51
2292,1946,SR00000002292,2026-05-14 15:55:33,ADDRESS_UPDATE,BRANCH,COMPLETED,True,25
2293,1948,SR00000002293,2026-08-04 10:43:55,STATEMENT_REQUEST,BRANCH,COMPLETED,True,11
2294,1949,SR00000002294,2026-07-17 14:30:12,CARD_REISSUE,CHATBOT,COMPLETED,True,29
2295,1949,SR00000002295,2026-08-24 03:19:43,LIMIT_CHANGE,APP,COMPLETED,True,12
2296,1950,SR00000002296,2026-06-27 11:09:05,APP_SUPPORT,HOTLINE,PROCESSING,True,3
2297,1951,SR00000002297,2026-05-21 08:02:51,ADDRESS_UPDATE,APP,COMPLETED,True,29
2298,1952,SR00000002298,2026-04-14 04:58:21,ADDRESS_UPDATE,HOTLINE,COMPLETED,False,79
2299,1953,SR00000002299,2026-04-12 09:22:57,CARD_REISSUE,APP,COMPLETED,True,14
2300,1954,SR00000002300,2026-05-13 20:02:30,APP_SUPPORT,APP,COMPLETED,False,49
2301,1955,SR00000002301,2026-03-16 15:03:55,STATEMENT_REQUEST,HOTLINE,COMPLETED,False,83
2302,1956,SR00000002302,2026-05-21 19:36:55,CARD_REISSUE,HOTLINE,COMPLETED,False,58
2303,1956,SR00000002303,2026-08-02 03:15:30,STATEMENT_REQUEST,HOTLINE,COMPLETED,True,42
2304,1957,SR00000002304,2026-04-13 14:47:11,STATEMENT_REQUEST,EMAIL,COMPLETED,True,19
2305,1958,SR00000002305,2026-04-16 20:37:13,ADDRESS_UPDATE,APP,REJECTED,False,63
2306,1958,SR00000002306,2026-03-05 11:02:33,ADDRESS_UPDATE,CHATBOT,REJECTED,True,36
2307,1960,SR00000002307,2026-03-30 13:25:07,LIMIT_CHANGE,BRANCH,PROCESSING,False,64
2308,1961,SR00000002308,2026-06-09 16:18:39,STATEMENT_REQUEST,HOTLINE,COMPLETED,True,38
2309,1963,SR00000002309,2026-05-04 19:03:44,APP_SUPPORT,HOTLINE,REJECTED,False,85
2310,1964,SR00000002310,2026-05-28 23:41:03,PIN_RESET,HOTLINE,COMPLETED,False,66
2311,1965,SR00000002311,2026-05-19 20:18:39,CARD_REISSUE,APP,COMPLETED,False,47
2312,1965,SR00000002312,2026-03-16 05:32:56,APP_SUPPORT,BRANCH,COMPLETED,False,62
2313,1965,SR00000002313,2026-06-25 05:27:41,ACCOUNT_CLOSURE,CHATBOT,COMPLETED,False,59
2314,1967,SR00000002314,2026-06-22 04:24:55,LIMIT_CHANGE,CHATBOT,NEW,True,41
2315,1967,SR00000002315,2026-08-16 12:17:26,APP_SUPPORT,CHATBOT,COMPLETED,True,41
2316,1969,SR00000002316,2026-06-02 05:43:05,CARD_REISSUE,HOTLINE,COMPLETED,True,45
2317,1970,SR00000002317,2026-08-03 07:59:08,PIN_RESET,HOTLINE,COMPLETED,False,66
2318,1972,SR00000002318,2026-03-04 20:14:30,PIN_RESET,BRANCH,COMPLETED,True,29
2319,1972,SR00000002319,2026-05-08 16:55:39,PIN_RESET,BRANCH,COMPLETED,True,27
2320,1973,SR00000002320,2026-03-16 08:31:52,DISPUTE,APP,COMPLETED,False,54
2321,1973,SR00000002321,2026-06-06 16:03:27,STATEMENT_REQUEST,BRANCH,COMPLETED,False,87
2322,1974,SR00000002322,2026-07-20 04:29:43,DISPUTE,APP,COMPLETED,True,43
2323,1975,SR00000002323,2026-06-07 19:20:16,DISPUTE,HOTLINE,COMPLETED,True,39
2324,1975,SR00000002324,2026-05-02 01:50:23,PIN_RESET,EMAIL,COMPLETED,False,74
2325,1979,SR00000002325,2026-07-28 19:18:34,PIN_RESET,APP,COMPLETED,True,13
2326,1980,SR00000002326,2026-04-06 17:37:24,ACCOUNT_CLOSURE,HOTLINE,COMPLETED,True,24
2327,1980,SR00000002327,2026-05-06 17:46:43,LIMIT_CHANGE,BRANCH,PROCESSING,True,41
2328,1982,SR00000002328,2026-07-20 20:06:58,APP_SUPPORT,BRANCH,COMPLETED,False,53
2329,1983,SR00000002329,2026-08-03 19:30:08,APP_SUPPORT,HOTLINE,COMPLETED,False,62
2330,1984,SR00000002330,2026-06-01 13:06:16,STATEMENT_REQUEST,APP,REJECTED,True,9
2331,1984,SR00000002331,2026-06-27 23:47:02,ACCOUNT_CLOSURE,CHATBOT,REJECTED,False,89
2332,1985,SR00000002332,2026-03-01 14:08:30,PIN_RESET,EMAIL,COMPLETED,False,86
2333,1985,SR00000002333,2026-07-27 19:50:54,PIN_RESET,APP,COMPLETED,False,61
2334,1985,SR00000002334,2026-05-30 12:27:01,LIMIT_CHANGE,HOTLINE,COMPLETED,True,31
2335,1986,SR00000002335,2026-04-16 08:14:36,CARD_REISSUE,BRANCH,COMPLETED,False,62
2336,1986,SR00000002336,2026-05-30 19:27:59,LIMIT_CHANGE,EMAIL,REJECTED,True,7
2337,1987,SR00000002337,2026-05-09 19:04:37,LIMIT_CHANGE,CHATBOT,PROCESSING,False,59
2338,1988,SR00000002338,2026-07-25 13:53:58,STATEMENT_REQUEST,HOTLINE,COMPLETED,False,49
2339,1988,SR00000002339,2026-03-30 05:27:36,PIN_RESET,APP,COMPLETED,True,16
2340,1990,SR00000002340,2026-04-15 05:22:30,CARD_REISSUE,CHATBOT,PROCESSING,False,79
2341,1992,SR00000002341,2026-04-23 13:37:49,DISPUTE,HOTLINE,COMPLETED,False,76
2342,1992,SR00000002342,2026-03-02 07:46:24,DISPUTE,HOTLINE,COMPLETED,True,31
2343,1992,SR00000002343,2026-04-21 23:59:55,CARD_REISSUE,APP,PROCESSING,True,38
2344,1992,SR00000002344,2026-04-12 03:16:05,APP_SUPPORT,APP,COMPLETED,True,30
2345,1994,SR00000002345,2026-03-09 22:26:57,DISPUTE,HOTLINE,COMPLETED,False,65
2346,1995,SR00000002346,2026-08-13 19:50:15,CARD_REISSUE,HOTLINE,COMPLETED,True,26
2347,1995,SR00000002347,2026-06-21 13:18:27,PIN_RESET,BRANCH,COMPLETED,True,12
2348,1996,SR00000002348,2026-07-22 23:08:29,PIN_RESET,HOTLINE,COMPLETED,True,43
2349,1996,SR00000002349,2026-04-29 09:14:38,PIN_RESET,APP,REJECTED,False,54
2350,1997,SR00000002350,2026-08-16 08:10:07,APP_SUPPORT,APP,NEW,False,76
2351,1997,SR00000002351,2026-06-14 22:04:53,DISPUTE,EMAIL,COMPLETED,True,42
2352,1998,SR00000002352,2026-05-29 13:38:24,CARD_REISSUE,HOTLINE,PROCESSING,True,39
2353,1999,SR00000002353,2026-03-31 05:35:59,STATEMENT_REQUEST,CHATBOT,PROCESSING,False,51
2354,2001,SR00000002354,2026-05-19 11:09:41,ADDRESS_UPDATE,EMAIL,COMPLETED,True,31
2355,2001,SR00000002355,2026-05-03 02:17:21,LIMIT_CHANGE,EMAIL,COMPLETED,False,65
2356,2002,SR00000002356,2026-03-15 04:40:24,ACCOUNT_CLOSURE,EMAIL,COMPLETED,False,72
2357,2004,SR00000002357,2026-06-27 13:42:26,DISPUTE,BRANCH,COMPLETED,True,38
2358,2005,SR00000002358,2026-08-14 02:21:30,ADDRESS_UPDATE,HOTLINE,PROCESSING,True,45
2359,2006,SR00000002359,2026-04-09 21:56:23,ACCOUNT_CLOSURE,BRANCH,COMPLETED,False,58
2360,2007,SR00000002360,2026-08-19 05:55:03,ACCOUNT_CLOSURE,BRANCH,COMPLETED,False,83
2361,2007,SR00000002361,2026-06-06 19:40:53,CARD_REISSUE,APP,COMPLETED,False,64
2362,2010,SR00000002362,2026-03-30 02:00:33,ACCOUNT_CLOSURE,EMAIL,COMPLETED,True,13
2363,2010,SR00000002363,2026-07-07 15:45:32,CARD_REISSUE,APP,COMPLETED,True,35
2364,2010,SR00000002364,2026-03-10 07:33:21,APP_SUPPORT,HOTLINE,REJECTED,False,78
2365,2011,SR00000002365,2026-05-27 15:34:47,PIN_RESET,CHATBOT,PROCESSING,True,4
2366,2012,SR00000002366,2026-04-16 06:34:45,APP_SUPPORT,APP,PROCESSING,False,66
2367,2013,SR00000002367,2026-02-28 21:07:39,ADDRESS_UPDATE,HOTLINE,PROCESSING,True,11
2368,2015,SR00000002368,2026-05-11 09:43:06,LIMIT_CHANGE,BRANCH,COMPLETED,False,54
2369,2015,SR00000002369,2026-08-25 14:45:50,APP_SUPPORT,APP,COMPLETED,True,34
2370,2015,SR00000002370,2026-04-18 06:58:08,PIN_RESET,HOTLINE,COMPLETED,True,23
2371,2016,SR00000002371,2026-04-08 23:12:07,LIMIT_CHANGE,HOTLINE,COMPLETED,False,71
2372,2016,SR00000002372,2026-03-21 05:24:27,PIN_RESET,HOTLINE,COMPLETED,True,40
2373,2020,SR00000002373,2026-05-05 10:43:46,APP_SUPPORT,APP,COMPLETED,False,76
2374,2021,SR00000002374,2026-05-16 11:39:08,APP_SUPPORT,APP,PROCESSING,True,40
2375,2023,SR00000002375,2026-03-01 12:12:22,APP_SUPPORT,BRANCH,COMPLETED,True,24
2376,2023,SR00000002376,2026-07-29 00:32:00,ACCOUNT_CLOSURE,APP,COMPLETED,False,64
2377,2024,SR00000002377,2026-06-22 23:19:37,APP_SUPPORT,EMAIL,PROCESSING,True,8
2378,2027,SR00000002378,2026-06-26 05:16:03,APP_SUPPORT,HOTLINE,COMPLETED,True,8
2379,2028,SR00000002379,2026-05-30 10:01:52,APP_SUPPORT,HOTLINE,COMPLETED,True,23
2380,2028,SR00000002380,2026-06-18 15:54:02,STATEMENT_REQUEST,EMAIL,COMPLETED,True,30
2381,2028,SR00000002381,2026-06-01 13:44:59,DISPUTE,APP,COMPLETED,True,34
2382,2030,SR00000002382,2026-06-18 20:13:48,PIN_RESET,EMAIL,COMPLETED,False,70
2383,2030,SR00000002383,2026-03-12 18:19:18,STATEMENT_REQUEST,HOTLINE,COMPLETED,True,34
2384,2031,SR00000002384,2026-04-14 14:21:30,CARD_REISSUE,CHATBOT,COMPLETED,True,42
2385,2033,SR00000002385,2026-03-05 17:26:34,ACCOUNT_CLOSURE,HOTLINE,COMPLETED,False,53
2386,2033,SR00000002386,2026-07-12 23:23:58,APP_SUPPORT,HOTLINE,COMPLETED,False,67
2387,2035,SR00000002387,2026-06-15 01:51:29,PIN_RESET,EMAIL,COMPLETED,False,58
2388,2038,SR00000002388,2026-05-01 14:18:01,APP_SUPPORT,HOTLINE,COMPLETED,False,64
2389,2038,SR00000002389,2026-08-21 14:45:34,DISPUTE,HOTLINE,NEW,True,21
2390,2038,SR00000002390,2026-05-28 00:13:38,APP_SUPPORT,HOTLINE,COMPLETED,True,34
2391,2039,SR00000002391,2026-04-28 19:21:19,CARD_REISSUE,CHATBOT,COMPLETED,False,74
2392,2045,SR00000002392,2026-05-02 05:41:45,PIN_RESET,APP,COMPLETED,False,68
2393,2046,SR00000002393,2026-05-13 02:13:16,ADDRESS_UPDATE,EMAIL,COMPLETED,True,39
2394,2046,SR00000002394,2026-06-08 14:58:44,PIN_RESET,APP,COMPLETED,True,29
2395,2047,SR00000002395,2026-03-10 13:05:56,LIMIT_CHANGE,HOTLINE,COMPLETED,False,82
2396,2047,SR00000002396,2026-03-27 23:31:29,ACCOUNT_CLOSURE,EMAIL,COMPLETED,True,27
2397,2048,SR00000002397,2026-05-15 13:03:49,DISPUTE,BRANCH,COMPLETED,False,67
2398,2050,SR00000002398,2026-08-09 19:31:43,ACCOUNT_CLOSURE,HOTLINE,PROCESSING,False,58
2399,2052,SR00000002399,2026-06-09 21:50:50,DISPUTE,CHATBOT,COMPLETED,True,21
2400,2052,SR00000002400,2026-05-07 10:15:55,CARD_REISSUE,HOTLINE,NEW,False,79
2401,2053,SR00000002401,2026-03-30 09:17:25,LIMIT_CHANGE,HOTLINE,COMPLETED,False,81
2402,2053,SR00000002402,2026-05-14 22:21:06,ADDRESS_UPDATE,EMAIL,PROCESSING,True,38
2403,2054,SR00000002403,2026-07-21 12:41:47,STATEMENT_REQUEST,APP,COMPLETED,False,74
2404,2055,SR00000002404,2026-04-10 00:04:25,DISPUTE,BRANCH,COMPLETED,True,34
2405,2057,SR00000002405,2026-03-11 10:14:11,LIMIT_CHANGE,HOTLINE,COMPLETED,False,68
2406,2059,SR00000002406,2026-08-02 09:55:16,ADDRESS_UPDATE,APP,COMPLETED,True,12
2407,2061,SR00000002407,2026-05-08 11:04:19,LIMIT_CHANGE,BRANCH,COMPLETED,False,66
2408,2062,SR00000002408,2026-07-27 13:43:01,STATEMENT_REQUEST,HOTLINE,COMPLETED,True,13
2409,2063,SR00000002409,2026-06-20 16:39:23,DISPUTE,HOTLINE,COMPLETED,True,6
2410,2063,SR00000002410,2026-06-14 13:08:32,ADDRESS_UPDATE,BRANCH,COMPLETED,True,10
2411,2063,SR00000002411,2026-03-01 04:53:57,LIMIT_CHANGE,EMAIL,COMPLETED,False,88
2412,2067,SR00000002412,2026-08-26 14:17:47,STATEMENT_REQUEST,EMAIL,COMPLETED,True,39
2413,2067,SR00000002413,2026-07-09 06:15:45,CARD_REISSUE,HOTLINE,COMPLETED,False,65
2414,2068,SR00000002414,2026-08-05 03:56:22,STATEMENT_REQUEST,APP,COMPLETED,False,46
2415,2068,SR00000002415,2026-07-30 02:52:54,APP_SUPPORT,CHATBOT,COMPLETED,False,55
2416,2069,SR00000002416,2026-03-19 13:25:01,ACCOUNT_CLOSURE,CHATBOT,COMPLETED,True,18
2417,2069,SR00000002417,2026-05-16 16:01:35,STATEMENT_REQUEST,APP,PROCESSING,True,14
2418,2071,SR00000002418,2026-07-14 14:21:21,PIN_RESET,EMAIL,COMPLETED,True,37
2419,2072,SR00000002419,2026-07-27 03:25:36,STATEMENT_REQUEST,BRANCH,REJECTED,True,28
2420,2075,SR00000002420,2026-06-12 14:12:40,CARD_REISSUE,CHATBOT,PROCESSING,True,7
2421,2075,SR00000002421,2026-08-22 00:01:11,APP_SUPPORT,APP,COMPLETED,True,27
2422,2076,SR00000002422,2026-04-24 17:25:57,DISPUTE,CHATBOT,COMPLETED,True,29
2423,2076,SR00000002423,2026-03-17 06:42:34,STATEMENT_REQUEST,APP,NEW,True,4
2424,2076,SR00000002424,2026-07-08 03:04:55,APP_SUPPORT,APP,PROCESSING,False,52
2425,2076,SR00000002425,2026-04-28 01:25:13,APP_SUPPORT,HOTLINE,COMPLETED,False,60
2426,2076,SR00000002426,2026-08-26 00:18:47,APP_SUPPORT,CHATBOT,PROCESSING,False,83
2427,2076,SR00000002427,2026-03-10 03:32:47,STATEMENT_REQUEST,HOTLINE,PROCESSING,False,63
2428,2079,SR00000002428,2026-03-15 21:55:21,CARD_REISSUE,HOTLINE,COMPLETED,True,44
2429,2080,SR00000002429,2026-07-17 10:31:54,DISPUTE,CHATBOT,NEW,False,82
2430,2080,SR00000002430,2026-05-04 14:08:52,ACCOUNT_CLOSURE,CHATBOT,COMPLETED,True,44
2431,2081,SR00000002431,2026-06-17 12:54:49,STATEMENT_REQUEST,APP,COMPLETED,True,20
2432,2081,SR00000002432,2026-03-25 19:49:12,CARD_REISSUE,HOTLINE,COMPLETED,True,26
2433,2083,SR00000002433,2026-06-05 10:59:57,STATEMENT_REQUEST,EMAIL,COMPLETED,False,68
2434,2084,SR00000002434,2026-04-19 15:46:39,LIMIT_CHANGE,APP,COMPLETED,True,25
2435,2084,SR00000002435,2026-06-12 13:54:54,APP_SUPPORT,APP,PROCESSING,True,32
2436,2085,SR00000002436,2026-08-15 01:04:44,APP_SUPPORT,EMAIL,COMPLETED,False,49
2437,2085,SR00000002437,2026-05-16 11:26:11,DISPUTE,HOTLINE,COMPLETED,True,5
2438,2086,SR00000002438,2026-04-06 11:51:56,ADDRESS_UPDATE,HOTLINE,COMPLETED,False,48
2439,2087,SR00000002439,2026-03-04 13:47:26,PIN_RESET,BRANCH,NEW,True,10
2440,2089,SR00000002440,2026-08-23 10:26:16,ACCOUNT_CLOSURE,APP,COMPLETED,True,19
2441,2089,SR00000002441,2026-07-13 03:04:51,STATEMENT_REQUEST,HOTLINE,COMPLETED,False,65
2442,2090,SR00000002442,2026-06-01 03:42:23,DISPUTE,HOTLINE,COMPLETED,True,3
2443,2091,SR00000002443,2026-05-11 14:01:57,CARD_REISSUE,APP,COMPLETED,True,33
2444,2092,SR00000002444,2026-07-13 01:56:52,CARD_REISSUE,EMAIL,PROCESSING,True,11
2445,2093,SR00000002445,2026-08-24 13:52:05,ADDRESS_UPDATE,HOTLINE,COMPLETED,False,86
2446,2095,SR00000002446,2026-03-27 04:25:00,PIN_RESET,APP,COMPLETED,True,17
2447,2095,SR00000002447,2026-08-19 01:02:10,ADDRESS_UPDATE,HOTLINE,COMPLETED,True,30
2448,2096,SR00000002448,2026-07-11 22:13:55,PIN_RESET,HOTLINE,COMPLETED,False,88
2449,2096,SR00000002449,2026-06-17 17:31:54,STATEMENT_REQUEST,HOTLINE,COMPLETED,True,38
2450,2097,SR00000002450,2026-08-22 02:28:55,APP_SUPPORT,APP,COMPLETED,True,37
2451,2099,SR00000002451,2026-04-08 07:05:26,ADDRESS_UPDATE,BRANCH,COMPLETED,True,10
2452,2099,SR00000002452,2026-05-22 01:43:15,LIMIT_CHANGE,APP,COMPLETED,True,19
2453,2099,SR00000002453,2026-03-19 23:06:24,LIMIT_CHANGE,HOTLINE,COMPLETED,False,46
2454,2100,SR00000002454,2026-07-22 13:55:58,ADDRESS_UPDATE,HOTLINE,COMPLETED,False,52
2455,2101,SR00000002455,2026-06-20 06:13:37,ADDRESS_UPDATE,CHATBOT,COMPLETED,True,37
2456,2101,SR00000002456,2026-03-23 16:59:40,STATEMENT_REQUEST,APP,COMPLETED,False,48
2457,2102,SR00000002457,2026-06-03 23:45:38,PIN_RESET,HOTLINE,NEW,False,83
2458,2103,SR00000002458,2026-04-26 09:57:38,PIN_RESET,HOTLINE,COMPLETED,True,6
2459,2105,SR00000002459,2026-08-16 10:26:52,PIN_RESET,BRANCH,COMPLETED,False,87
2460,2105,SR00000002460,2026-04-16 13:37:24,STATEMENT_REQUEST,APP,COMPLETED,False,64
2461,2106,SR00000002461,2026-03-21 04:53:40,APP_SUPPORT,HOTLINE,COMPLETED,False,87
2462,2106,SR00000002462,2026-07-12 07:52:42,DISPUTE,HOTLINE,COMPLETED,False,73
2463,2107,SR00000002463,2026-04-05 19:08:56,DISPUTE,HOTLINE,COMPLETED,False,53
2464,2107,SR00000002464,2026-05-09 14:12:07,ACCOUNT_CLOSURE,APP,COMPLETED,False,48
2465,2107,SR00000002465,2026-08-20 05:56:29,PIN_RESET,EMAIL,PROCESSING,False,85
2466,2114,SR00000002466,2026-03-12 12:49:01,ADDRESS_UPDATE,HOTLINE,PROCESSING,False,67
2467,2114,SR00000002467,2026-05-01 03:09:23,APP_SUPPORT,EMAIL,COMPLETED,False,56
2468,2115,SR00000002468,2026-08-11 06:25:09,STATEMENT_REQUEST,APP,COMPLETED,True,10
2469,2115,SR00000002469,2026-05-04 13:59:06,PIN_RESET,BRANCH,COMPLETED,True,5
2470,2116,SR00000002470,2026-03-15 07:33:00,DISPUTE,APP,COMPLETED,False,64
2471,2117,SR00000002471,2026-07-14 14:58:29,LIMIT_CHANGE,BRANCH,COMPLETED,True,14
2472,2118,SR00000002472,2026-05-08 07:02:16,PIN_RESET,CHATBOT,PROCESSING,True,41
2473,2118,SR00000002473,2026-05-04 10:31:40,STATEMENT_REQUEST,APP,COMPLETED,True,26
2474,2119,SR00000002474,2026-05-19 19:19:39,ADDRESS_UPDATE,APP,COMPLETED,True,15
2475,2119,SR00000002475,2026-03-27 19:10:28,ACCOUNT_CLOSURE,HOTLINE,COMPLETED,True,26
2476,2119,SR00000002476,2026-04-27 05:44:41,PIN_RESET,HOTLINE,COMPLETED,False,49
2477,2122,SR00000002477,2026-05-21 08:30:02,STATEMENT_REQUEST,EMAIL,COMPLETED,False,64
2478,2123,SR00000002478,2026-06-11 14:02:58,LIMIT_CHANGE,EMAIL,PROCESSING,True,38
2479,2124,SR00000002479,2026-06-24 12:25:57,PIN_RESET,APP,COMPLETED,False,63
2480,2125,SR00000002480,2026-06-06 18:33:41,STATEMENT_REQUEST,CHATBOT,NEW,False,70
2481,2125,SR00000002481,2026-08-04 05:41:00,STATEMENT_REQUEST,EMAIL,COMPLETED,False,69
2482,2126,SR00000002482,2026-07-06 04:06:00,PIN_RESET,HOTLINE,COMPLETED,False,77
2483,2128,SR00000002483,2026-07-20 12:12:22,LIMIT_CHANGE,APP,COMPLETED,False,64
2484,2129,SR00000002484,2026-08-26 01:53:21,APP_SUPPORT,CHATBOT,COMPLETED,False,76
2485,2129,SR00000002485,2026-06-19 13:20:44,LIMIT_CHANGE,APP,COMPLETED,False,89
2486,2131,SR00000002486,2026-04-20 04:07:48,PIN_RESET,APP,COMPLETED,False,86
2487,2132,SR00000002487,2026-06-16 20:59:43,STATEMENT_REQUEST,APP,COMPLETED,False,82
2488,2132,SR00000002488,2026-03-23 01:55:49,APP_SUPPORT,EMAIL,COMPLETED,True,13
2489,2132,SR00000002489,2026-03-29 12:30:31,ADDRESS_UPDATE,APP,NEW,False,55
2490,2132,SR00000002490,2026-04-02 02:23:11,PIN_RESET,APP,PROCESSING,True,19
2491,2133,SR00000002491,2026-03-12 13:11:09,CARD_REISSUE,HOTLINE,PROCESSING,False,87
2492,2133,SR00000002492,2026-03-25 23:34:51,STATEMENT_REQUEST,HOTLINE,COMPLETED,True,31
2493,2133,SR00000002493,2026-03-18 18:19:58,DISPUTE,BRANCH,COMPLETED,True,29
2494,2134,SR00000002494,2026-03-19 06:01:27,APP_SUPPORT,EMAIL,COMPLETED,False,71
2495,2134,SR00000002495,2026-04-20 16:35:57,ACCOUNT_CLOSURE,HOTLINE,COMPLETED,True,7
2496,2135,SR00000002496,2026-07-18 07:31:11,LIMIT_CHANGE,APP,NEW,False,61
2497,2135,SR00000002497,2026-07-25 03:14:41,CARD_REISSUE,APP,COMPLETED,True,13
2498,2136,SR00000002498,2026-04-17 05:53:22,STATEMENT_REQUEST,APP,PROCESSING,False,47
2499,2136,SR00000002499,2026-04-21 11:53:14,ADDRESS_UPDATE,HOTLINE,COMPLETED,False,87
2500,2137,SR00000002500,2026-03-24 09:58:40,STATEMENT_REQUEST,BRANCH,COMPLETED,True,34
2501,2137,SR00000002501,2026-06-05 12:25:37,PIN_RESET,BRANCH,COMPLETED,True,9
2502,2138,SR00000002502,2026-03-14 02:34:08,ADDRESS_UPDATE,CHATBOT,COMPLETED,False,75
2503,2139,SR00000002503,2026-07-14 21:15:15,PIN_RESET,APP,COMPLETED,True,4
2504,2141,SR00000002504,2026-05-22 02:37:55,DISPUTE,BRANCH,COMPLETED,True,23
2505,2142,SR00000002505,2026-06-23 03:28:18,DISPUTE,HOTLINE,COMPLETED,True,23
2506,2143,SR00000002506,2026-03-24 17:29:05,DISPUTE,APP,PROCESSING,False,83
2507,2143,SR00000002507,2026-05-30 13:12:13,STATEMENT_REQUEST,HOTLINE,COMPLETED,False,46
2508,2149,SR00000002508,2026-04-19 03:56:15,ADDRESS_UPDATE,APP,COMPLETED,True,11
2509,2150,SR00000002509,2026-02-28 17:54:30,STATEMENT_REQUEST,HOTLINE,COMPLETED,False,55
2510,2151,SR00000002510,2026-04-27 07:45:08,ACCOUNT_CLOSURE,HOTLINE,REJECTED,True,11
2511,2151,SR00000002511,2026-02-28 15:07:33,STATEMENT_REQUEST,CHATBOT,REJECTED,True,3
2512,2152,SR00000002512,2026-03-16 21:05:22,PIN_RESET,HOTLINE,REJECTED,True,45
2513,2153,SR00000002513,2026-04-22 03:58:32,CARD_REISSUE,HOTLINE,COMPLETED,False,62
2514,2153,SR00000002514,2026-06-10 07:21:46,LIMIT_CHANGE,APP,PROCESSING,False,66
2515,2154,SR00000002515,2026-05-03 13:09:05,CARD_REISSUE,HOTLINE,COMPLETED,False,58
2516,2154,SR00000002516,2026-03-30 18:12:57,PIN_RESET,APP,COMPLETED,True,15
2517,2155,SR00000002517,2026-06-17 17:40:45,LIMIT_CHANGE,HOTLINE,NEW,False,63
2518,2158,SR00000002518,2026-04-01 00:43:51,ADDRESS_UPDATE,HOTLINE,COMPLETED,True,22
2519,2158,SR00000002519,2026-03-31 04:07:09,CARD_REISSUE,APP,COMPLETED,False,50
2520,2160,SR00000002520,2026-04-18 13:51:01,STATEMENT_REQUEST,APP,REJECTED,True,7
2521,2166,SR00000002521,2026-06-03 13:34:32,APP_SUPPORT,HOTLINE,COMPLETED,True,22
2522,2166,SR00000002522,2026-07-25 18:56:32,STATEMENT_REQUEST,APP,PROCESSING,True,27
2523,2166,SR00000002523,2026-04-27 17:14:03,PIN_RESET,APP,NEW,True,37
2524,2166,SR00000002524,2026-08-05 15:36:22,DISPUTE,HOTLINE,COMPLETED,False,86
2525,2167,SR00000002525,2026-03-12 11:36:25,DISPUTE,BRANCH,COMPLETED,True,7
2526,2167,SR00000002526,2026-04-06 21:54:38,ACCOUNT_CLOSURE,HOTLINE,COMPLETED,False,57
2527,2169,SR00000002527,2026-03-19 04:06:37,LIMIT_CHANGE,HOTLINE,PROCESSING,True,24
2528,2169,SR00000002528,2026-07-16 20:35:50,APP_SUPPORT,HOTLINE,COMPLETED,True,43
2529,2169,SR00000002529,2026-08-08 11:32:14,LIMIT_CHANGE,HOTLINE,COMPLETED,False,71
2530,2173,SR00000002530,2026-07-19 04:55:42,ACCOUNT_CLOSURE,HOTLINE,COMPLETED,False,82
2531,2174,SR00000002531,2026-03-04 22:51:16,STATEMENT_REQUEST,APP,COMPLETED,True,39
2532,2176,SR00000002532,2026-06-25 19:19:59,CARD_REISSUE,APP,PROCESSING,True,23
2533,2177,SR00000002533,2026-06-01 14:04:39,DISPUTE,APP,COMPLETED,True,3
2534,2178,SR00000002534,2026-08-26 20:58:22,CARD_REISSUE,HOTLINE,COMPLETED,False,68
2535,2179,SR00000002535,2026-05-09 05:20:32,CARD_REISSUE,APP,PROCESSING,False,50
2536,2181,SR00000002536,2026-04-18 11:52:45,DISPUTE,APP,COMPLETED,False,88
2537,2183,SR00000002537,2026-05-02 07:32:42,APP_SUPPORT,BRANCH,REJECTED,True,12
2538,2183,SR00000002538,2026-07-25 01:45:07,CARD_REISSUE,APP,COMPLETED,False,83
2539,2185,SR00000002539,2026-07-23 17:38:24,ACCOUNT_CLOSURE,HOTLINE,NEW,False,61
2540,2186,SR00000002540,2026-06-01 13:17:23,ADDRESS_UPDATE,APP,COMPLETED,True,41
2541,2186,SR00000002541,2026-05-07 03:50:07,PIN_RESET,APP,COMPLETED,True,8
2542,2189,SR00000002542,2026-03-04 21:51:15,LIMIT_CHANGE,BRANCH,COMPLETED,True,3
2543,2191,SR00000002543,2026-03-19 09:26:55,ADDRESS_UPDATE,HOTLINE,COMPLETED,True,17
2544,2192,SR00000002544,2026-07-20 22:24:13,ACCOUNT_CLOSURE,BRANCH,COMPLETED,False,64
2545,2193,SR00000002545,2026-07-04 12:33:36,CARD_REISSUE,HOTLINE,COMPLETED,False,84
2546,2193,SR00000002546,2026-05-10 08:19:37,LIMIT_CHANGE,APP,NEW,False,60
2547,2193,SR00000002547,2026-08-06 21:47:27,ADDRESS_UPDATE,EMAIL,COMPLETED,True,12
2548,2194,SR00000002548,2026-05-30 18:14:23,CARD_REISSUE,HOTLINE,COMPLETED,False,70
2549,2194,SR00000002549,2026-06-18 10:22:19,CARD_REISSUE,CHATBOT,COMPLETED,True,3
2550,2195,SR00000002550,2026-06-05 23:53:24,APP_SUPPORT,HOTLINE,REJECTED,True,31
2551,2195,SR00000002551,2026-07-25 18:49:11,STATEMENT_REQUEST,HOTLINE,COMPLETED,True,25
2552,2198,SR00000002552,2026-06-13 20:31:43,ADDRESS_UPDATE,HOTLINE,REJECTED,False,61
2553,2198,SR00000002553,2026-04-08 09:15:25,STATEMENT_REQUEST,BRANCH,COMPLETED,True,5
2554,2199,SR00000002554,2026-04-09 00:58:02,DISPUTE,HOTLINE,COMPLETED,False,89
2555,2200,SR00000002555,2026-06-17 21:59:08,ACCOUNT_CLOSURE,HOTLINE,COMPLETED,True,43
2556,2201,SR00000002556,2026-06-15 17:48:08,CARD_REISSUE,HOTLINE,COMPLETED,False,88
2557,2204,SR00000002557,2026-06-28 01:12:48,LIMIT_CHANGE,BRANCH,COMPLETED,True,21
2558,2205,SR00000002558,2026-05-27 20:07:31,PIN_RESET,HOTLINE,REJECTED,True,33
2559,2206,SR00000002559,2026-03-19 20:07:22,APP_SUPPORT,HOTLINE,COMPLETED,True,20
2560,2207,SR00000002560,2026-06-29 09:55:50,CARD_REISSUE,HOTLINE,COMPLETED,False,50
2561,2207,SR00000002561,2026-03-15 04:06:02,CARD_REISSUE,HOTLINE,NEW,True,8
2562,2207,SR00000002562,2026-03-22 17:09:57,DISPUTE,EMAIL,COMPLETED,True,24
2563,2208,SR00000002563,2026-06-14 14:15:44,CARD_REISSUE,HOTLINE,COMPLETED,True,13
2564,2209,SR00000002564,2026-04-01 07:05:59,DISPUTE,APP,COMPLETED,False,69
2565,2210,SR00000002565,2026-07-01 11:02:01,CARD_REISSUE,EMAIL,NEW,True,39
2566,2211,SR00000002566,2026-05-16 09:13:21,LIMIT_CHANGE,APP,COMPLETED,False,50
2567,2211,SR00000002567,2026-03-16 14:35:49,CARD_REISSUE,APP,COMPLETED,True,26
2568,2212,SR00000002568,2026-04-12 07:21:42,ADDRESS_UPDATE,HOTLINE,NEW,False,52
2569,2213,SR00000002569,2026-05-23 05:33:38,ADDRESS_UPDATE,BRANCH,COMPLETED,True,29
2570,2216,SR00000002570,2026-07-30 14:19:49,PIN_RESET,EMAIL,REJECTED,False,55
2571,2216,SR00000002571,2026-04-24 11:56:05,CARD_REISSUE,HOTLINE,PROCESSING,True,29
2572,2217,SR00000002572,2026-05-22 02:51:01,APP_SUPPORT,APP,COMPLETED,False,49
2573,2220,SR00000002573,2026-06-16 19:30:46,LIMIT_CHANGE,HOTLINE,COMPLETED,False,59
2574,2220,SR00000002574,2026-06-02 11:33:20,CARD_REISSUE,EMAIL,COMPLETED,False,46
2575,2221,SR00000002575,2026-06-25 21:58:17,ADDRESS_UPDATE,APP,COMPLETED,True,19
2576,2223,SR00000002576,2026-05-12 22:46:20,ADDRESS_UPDATE,HOTLINE,COMPLETED,True,44
2577,2227,SR00000002577,2026-07-23 05:25:08,CARD_REISSUE,BRANCH,COMPLETED,False,79
2578,2227,SR00000002578,2026-08-22 09:21:54,ADDRESS_UPDATE,BRANCH,COMPLETED,False,73
2579,2228,SR00000002579,2026-07-04 00:03:07,STATEMENT_REQUEST,CHATBOT,COMPLETED,True,18
2580,2228,SR00000002580,2026-02-28 12:17:03,LIMIT_CHANGE,HOTLINE,COMPLETED,False,61
2581,2228,SR00000002581,2026-08-14 05:37:22,PIN_RESET,HOTLINE,COMPLETED,False,68
2582,2228,SR00000002582,2026-03-12 23:15:02,LIMIT_CHANGE,HOTLINE,PROCESSING,True,14
2583,2229,SR00000002583,2026-07-23 18:05:07,STATEMENT_REQUEST,HOTLINE,COMPLETED,False,84
2584,2229,SR00000002584,2026-05-21 11:54:05,CARD_REISSUE,HOTLINE,COMPLETED,False,81
2585,2230,SR00000002585,2026-08-24 15:57:29,DISPUTE,HOTLINE,COMPLETED,True,31
2586,2233,SR00000002586,2026-07-07 01:10:04,DISPUTE,HOTLINE,COMPLETED,True,42
2587,2234,SR00000002587,2026-04-14 00:30:00,ADDRESS_UPDATE,APP,COMPLETED,False,52
2588,2234,SR00000002588,2026-05-13 11:35:47,LIMIT_CHANGE,APP,REJECTED,True,29
2589,2235,SR00000002589,2026-06-07 11:06:04,DISPUTE,APP,PROCESSING,False,61
2590,2235,SR00000002590,2026-04-03 18:32:29,LIMIT_CHANGE,HOTLINE,PROCESSING,True,29
2591,2235,SR00000002591,2026-05-01 09:58:25,APP_SUPPORT,APP,NEW,True,4
2592,2235,SR00000002592,2026-03-24 16:16:09,ADDRESS_UPDATE,HOTLINE,COMPLETED,True,37
2593,2235,SR00000002593,2026-05-03 04:22:44,ACCOUNT_CLOSURE,BRANCH,COMPLETED,True,10
2594,2237,SR00000002594,2026-05-20 18:02:31,APP_SUPPORT,HOTLINE,COMPLETED,False,51
2595,2238,SR00000002595,2026-03-03 22:54:07,APP_SUPPORT,HOTLINE,COMPLETED,True,23
2596,2238,SR00000002596,2026-08-11 08:52:15,DISPUTE,EMAIL,COMPLETED,False,80
2597,2239,SR00000002597,2026-05-18 09:48:53,LIMIT_CHANGE,APP,COMPLETED,False,61
2598,2239,SR00000002598,2026-06-23 19:25:49,STATEMENT_REQUEST,BRANCH,COMPLETED,True,17
2599,2241,SR00000002599,2026-05-26 09:59:31,LIMIT_CHANGE,EMAIL,COMPLETED,True,6
2600,2242,SR00000002600,2026-05-16 11:18:07,PIN_RESET,CHATBOT,COMPLETED,False,54
2601,2242,SR00000002601,2026-03-28 21:52:33,ADDRESS_UPDATE,HOTLINE,COMPLETED,False,79
2602,2242,SR00000002602,2026-07-05 03:15:11,DISPUTE,EMAIL,PROCESSING,True,15
2603,2242,SR00000002603,2026-07-19 19:26:45,PIN_RESET,HOTLINE,COMPLETED,True,4
2604,2243,SR00000002604,2026-04-28 03:55:34,ACCOUNT_CLOSURE,HOTLINE,COMPLETED,False,80
2605,2244,SR00000002605,2026-07-04 02:05:00,APP_SUPPORT,HOTLINE,COMPLETED,False,68
2606,2245,SR00000002606,2026-06-07 00:35:33,CARD_REISSUE,APP,COMPLETED,True,26
2607,2248,SR00000002607,2026-07-15 13:16:40,PIN_RESET,HOTLINE,PROCESSING,False,50
2608,2248,SR00000002608,2026-03-20 19:37:30,APP_SUPPORT,HOTLINE,COMPLETED,False,72
2609,2249,SR00000002609,2026-06-08 07:04:04,ACCOUNT_CLOSURE,BRANCH,PROCESSING,True,44
2610,2249,SR00000002610,2026-07-01 14:16:37,LIMIT_CHANGE,HOTLINE,PROCESSING,False,82
2611,2250,SR00000002611,2026-07-07 08:07:30,CARD_REISSUE,APP,PROCESSING,True,29
2612,2251,SR00000002612,2026-03-01 19:46:46,STATEMENT_REQUEST,HOTLINE,NEW,False,77
2613,2251,SR00000002613,2026-08-03 06:10:04,CARD_REISSUE,HOTLINE,COMPLETED,True,45
2614,2260,SR00000002614,2026-04-17 01:43:56,CARD_REISSUE,BRANCH,COMPLETED,False,57
2615,2261,SR00000002615,2026-05-13 02:45:22,LIMIT_CHANGE,APP,PROCESSING,True,13
2616,2261,SR00000002616,2026-05-04 13:10:03,PIN_RESET,EMAIL,COMPLETED,True,40
2617,2261,SR00000002617,2026-08-18 14:56:42,ACCOUNT_CLOSURE,BRANCH,COMPLETED,True,31
2618,2261,SR00000002618,2026-04-22 18:15:43,ADDRESS_UPDATE,EMAIL,COMPLETED,False,86
2619,2263,SR00000002619,2026-04-06 02:15:12,STATEMENT_REQUEST,APP,COMPLETED,True,40
2620,2263,SR00000002620,2026-03-03 05:26:41,STATEMENT_REQUEST,BRANCH,COMPLETED,True,26
2621,2263,SR00000002621,2026-06-15 05:00:22,APP_SUPPORT,APP,COMPLETED,False,71
2622,2265,SR00000002622,2026-03-28 16:13:32,ACCOUNT_CLOSURE,HOTLINE,COMPLETED,False,78
2623,2265,SR00000002623,2026-06-25 03:10:49,ADDRESS_UPDATE,HOTLINE,PROCESSING,True,33
2624,2266,SR00000002624,2026-07-18 01:45:10,LIMIT_CHANGE,CHATBOT,REJECTED,False,75
2625,2267,SR00000002625,2026-05-14 23:15:40,LIMIT_CHANGE,BRANCH,COMPLETED,False,62
2626,2268,SR00000002626,2026-05-05 02:39:26,APP_SUPPORT,HOTLINE,COMPLETED,True,32
2627,2268,SR00000002627,2026-03-04 11:29:51,PIN_RESET,HOTLINE,PROCESSING,True,38
2628,2268,SR00000002628,2026-03-01 18:57:20,CARD_REISSUE,EMAIL,PROCESSING,True,31
2629,2269,SR00000002629,2026-08-17 13:22:33,ACCOUNT_CLOSURE,APP,COMPLETED,False,53
2630,2269,SR00000002630,2026-03-28 06:06:16,APP_SUPPORT,HOTLINE,COMPLETED,True,26
2631,2269,SR00000002631,2026-07-26 20:44:15,CARD_REISSUE,HOTLINE,COMPLETED,True,38
2632,2270,SR00000002632,2026-03-25 08:30:59,STATEMENT_REQUEST,BRANCH,COMPLETED,True,9
2633,2271,SR00000002633,2026-08-26 17:19:40,PIN_RESET,HOTLINE,COMPLETED,True,45
2634,2271,SR00000002634,2026-06-25 11:11:15,ADDRESS_UPDATE,CHATBOT,COMPLETED,False,83
2635,2272,SR00000002635,2026-05-10 15:09:38,APP_SUPPORT,HOTLINE,COMPLETED,True,32
2636,2272,SR00000002636,2026-05-16 00:07:35,STATEMENT_REQUEST,APP,REJECTED,True,14
2637,2272,SR00000002637,2026-03-02 22:36:53,PIN_RESET,APP,COMPLETED,True,30
2638,2273,SR00000002638,2026-03-12 08:18:36,APP_SUPPORT,HOTLINE,NEW,True,25
2639,2274,SR00000002639,2026-06-21 20:02:34,APP_SUPPORT,CHATBOT,COMPLETED,True,10
2640,2274,SR00000002640,2026-03-19 12:47:27,APP_SUPPORT,APP,COMPLETED,False,75
2641,2276,SR00000002641,2026-03-17 22:46:31,APP_SUPPORT,APP,COMPLETED,True,42
2642,2277,SR00000002642,2026-03-24 18:32:53,PIN_RESET,HOTLINE,PROCESSING,False,81
2643,2278,SR00000002643,2026-05-14 21:26:41,LIMIT_CHANGE,EMAIL,COMPLETED,True,10
2644,2279,SR00000002644,2026-04-15 21:04:25,DISPUTE,HOTLINE,COMPLETED,False,57
2645,2280,SR00000002645,2026-08-25 23:51:41,DISPUTE,CHATBOT,COMPLETED,True,25
2646,2280,SR00000002646,2026-05-16 23:46:26,STATEMENT_REQUEST,CHATBOT,COMPLETED,False,48
2647,2280,SR00000002647,2026-08-05 08:29:57,ACCOUNT_CLOSURE,APP,COMPLETED,True,11
2648,2281,SR00000002648,2026-05-21 06:20:44,DISPUTE,HOTLINE,NEW,False,48
2649,2282,SR00000002649,2026-05-11 05:35:06,APP_SUPPORT,HOTLINE,PROCESSING,False,49
2650,2282,SR00000002650,2026-04-26 16:07:31,ACCOUNT_CLOSURE,HOTLINE,COMPLETED,False,59
2651,2284,SR00000002651,2026-05-30 21:04:13,PIN_RESET,APP,COMPLETED,True,14
2652,2284,SR00000002652,2026-07-19 03:37:16,ADDRESS_UPDATE,EMAIL,COMPLETED,False,64
2653,2284,SR00000002653,2026-08-24 09:17:35,STATEMENT_REQUEST,APP,COMPLETED,True,28
2654,2285,SR00000002654,2026-05-15 11:20:06,STATEMENT_REQUEST,HOTLINE,COMPLETED,False,57
2655,2286,SR00000002655,2026-05-05 07:11:16,PIN_RESET,EMAIL,COMPLETED,True,41
2656,2287,SR00000002656,2026-05-28 16:30:30,ADDRESS_UPDATE,APP,REJECTED,True,44
2657,2288,SR00000002657,2026-04-07 09:51:55,STATEMENT_REQUEST,APP,COMPLETED,False,87
2658,2288,SR00000002658,2026-06-01 18:18:34,PIN_RESET,EMAIL,COMPLETED,False,75
2659,2289,SR00000002659,2026-03-29 01:36:43,CARD_REISSUE,APP,COMPLETED,True,5
2660,2292,SR00000002660,2026-04-08 14:19:12,DISPUTE,EMAIL,NEW,True,37
2661,2292,SR00000002661,2026-07-11 05:47:59,APP_SUPPORT,HOTLINE,COMPLETED,False,83
2662,2292,SR00000002662,2026-03-24 13:50:46,ACCOUNT_CLOSURE,APP,PROCESSING,False,57
2663,2292,SR00000002663,2026-05-26 19:06:22,DISPUTE,APP,REJECTED,True,7
2664,2292,SR00000002664,2026-04-20 17:27:27,ACCOUNT_CLOSURE,HOTLINE,COMPLETED,True,32
2665,2293,SR00000002665,2026-03-29 19:32:57,DISPUTE,HOTLINE,COMPLETED,False,77
2666,2293,SR00000002666,2026-05-10 23:18:44,PIN_RESET,HOTLINE,COMPLETED,True,28
2667,2294,SR00000002667,2026-05-06 10:46:53,LIMIT_CHANGE,APP,COMPLETED,False,83
2668,2294,SR00000002668,2026-06-03 07:13:03,DISPUTE,APP,COMPLETED,True,30
2669,2297,SR00000002669,2026-07-03 17:20:09,ACCOUNT_CLOSURE,HOTLINE,COMPLETED,False,79
2670,2299,SR00000002670,2026-03-22 15:51:34,ADDRESS_UPDATE,CHATBOT,COMPLETED,True,34
2671,2299,SR00000002671,2026-05-03 06:32:29,LIMIT_CHANGE,HOTLINE,COMPLETED,False,66
2672,2300,SR00000002672,2026-05-28 06:06:51,ADDRESS_UPDATE,BRANCH,COMPLETED,False,61
2673,2301,SR00000002673,2026-04-05 20:08:18,STATEMENT_REQUEST,APP,PROCESSING,True,25
2674,2302,SR00000002674,2026-03-31 17:57:14,ACCOUNT_CLOSURE,HOTLINE,PROCESSING,True,33
2675,2302,SR00000002675,2026-08-05 05:04:29,PIN_RESET,CHATBOT,COMPLETED,True,32
2676,2303,SR00000002676,2026-05-20 08:23:42,STATEMENT_REQUEST,APP,COMPLETED,True,41
2677,2304,SR00000002677,2026-07-08 14:15:26,DISPUTE,APP,COMPLETED,True,6
2678,2305,SR00000002678,2026-04-11 20:54:25,APP_SUPPORT,HOTLINE,COMPLETED,True,27
2679,2305,SR00000002679,2026-08-16 07:13:44,LIMIT_CHANGE,BRANCH,COMPLETED,True,26
2680,2306,SR00000002680,2026-04-13 18:38:56,APP_SUPPORT,APP,COMPLETED,True,32
2681,2307,SR00000002681,2026-05-18 23:26:00,APP_SUPPORT,EMAIL,COMPLETED,True,18
2682,2307,SR00000002682,2026-03-10 10:54:30,DISPUTE,HOTLINE,COMPLETED,True,3
2683,2307,SR00000002683,2026-05-17 06:56:56,APP_SUPPORT,APP,COMPLETED,True,27
2684,2307,SR00000002684,2026-04-14 19:50:37,APP_SUPPORT,APP,COMPLETED,True,34
2685,2309,SR00000002685,2026-06-03 04:19:43,DISPUTE,HOTLINE,COMPLETED,True,4
2686,2310,SR00000002686,2026-04-23 21:49:02,ADDRESS_UPDATE,BRANCH,COMPLETED,False,83
2687,2313,SR00000002687,2026-04-20 14:31:41,PIN_RESET,APP,REJECTED,True,34
2688,2313,SR00000002688,2026-07-11 19:54:32,PIN_RESET,HOTLINE,PROCESSING,True,13
2689,2315,SR00000002689,2026-05-10 19:04:50,STATEMENT_REQUEST,HOTLINE,COMPLETED,True,31
2690,2317,SR00000002690,2026-03-08 05:43:53,PIN_RESET,HOTLINE,COMPLETED,False,80
2691,2317,SR00000002691,2026-08-09 03:30:08,CARD_REISSUE,HOTLINE,COMPLETED,False,51
2692,2317,SR00000002692,2026-03-07 03:18:16,CARD_REISSUE,HOTLINE,REJECTED,True,4
2693,2318,SR00000002693,2026-04-01 21:33:14,CARD_REISSUE,CHATBOT,COMPLETED,False,79
2694,2318,SR00000002694,2026-07-22 00:28:21,PIN_RESET,HOTLINE,COMPLETED,True,44
2695,2319,SR00000002695,2026-06-11 10:29:26,CARD_REISSUE,HOTLINE,COMPLETED,False,88
2696,2319,SR00000002696,2026-07-25 13:53:09,STATEMENT_REQUEST,HOTLINE,COMPLETED,False,73
2697,2319,SR00000002697,2026-06-07 18:38:11,LIMIT_CHANGE,BRANCH,REJECTED,False,80
2698,2319,SR00000002698,2026-04-01 10:52:36,LIMIT_CHANGE,BRANCH,NEW,False,89
2699,2320,SR00000002699,2026-06-06 23:41:32,CARD_REISSUE,CHATBOT,COMPLETED,True,9
2700,2320,SR00000002700,2026-08-07 19:54:15,DISPUTE,HOTLINE,COMPLETED,False,88
2701,2321,SR00000002701,2026-06-11 13:54:17,STATEMENT_REQUEST,HOTLINE,COMPLETED,True,10
2702,2322,SR00000002702,2026-06-10 15:50:51,STATEMENT_REQUEST,BRANCH,COMPLETED,False,75
2703,2322,SR00000002703,2026-07-06 05:56:00,APP_SUPPORT,APP,PROCESSING,False,67
2704,2322,SR00000002704,2026-07-31 09:31:24,ADDRESS_UPDATE,EMAIL,COMPLETED,False,58
2705,2323,SR00000002705,2026-03-30 22:04:55,APP_SUPPORT,HOTLINE,COMPLETED,True,16
2706,2324,SR00000002706,2026-08-11 00:35:52,CARD_REISSUE,APP,PROCESSING,True,13
2707,2324,SR00000002707,2026-08-22 18:22:12,CARD_REISSUE,CHATBOT,COMPLETED,True,35
2708,2326,SR00000002708,2026-06-10 07:19:45,ACCOUNT_CLOSURE,EMAIL,COMPLETED,True,8
2709,2328,SR00000002709,2026-06-05 13:22:56,PIN_RESET,HOTLINE,COMPLETED,True,34
2710,2329,SR00000002710,2026-04-02 18:24:03,CARD_REISSUE,BRANCH,COMPLETED,True,24
2711,2330,SR00000002711,2026-03-23 10:53:07,APP_SUPPORT,HOTLINE,NEW,True,28
2712,2331,SR00000002712,2026-06-22 03:01:21,APP_SUPPORT,CHATBOT,COMPLETED,True,20
2713,2331,SR00000002713,2026-04-21 10:37:43,APP_SUPPORT,APP,COMPLETED,False,61
2714,2331,SR00000002714,2026-06-02 03:01:04,STATEMENT_REQUEST,HOTLINE,COMPLETED,False,64
2715,2332,SR00000002715,2026-06-29 03:00:50,LIMIT_CHANGE,HOTLINE,PROCESSING,False,80
2716,2332,SR00000002716,2026-05-22 17:05:53,DISPUTE,BRANCH,COMPLETED,False,87
2717,2333,SR00000002717,2026-04-16 13:54:56,CARD_REISSUE,APP,COMPLETED,True,42
2718,2333,SR00000002718,2026-06-11 19:44:49,LIMIT_CHANGE,CHATBOT,COMPLETED,True,17
2719,2334,SR00000002719,2026-07-02 01:59:04,STATEMENT_REQUEST,APP,COMPLETED,False,69
2720,2334,SR00000002720,2026-03-05 19:34:46,DISPUTE,HOTLINE,COMPLETED,True,8
2721,2334,SR00000002721,2026-07-23 20:53:01,DISPUTE,EMAIL,COMPLETED,False,47
2722,2335,SR00000002722,2026-08-10 15:49:12,STATEMENT_REQUEST,CHATBOT,COMPLETED,True,11
2723,2336,SR00000002723,2026-08-05 14:27:01,APP_SUPPORT,HOTLINE,COMPLETED,True,22
2724,2336,SR00000002724,2026-03-19 19:57:03,APP_SUPPORT,HOTLINE,COMPLETED,True,40
2725,2336,SR00000002725,2026-06-12 01:02:23,APP_SUPPORT,HOTLINE,COMPLETED,True,22
2726,2337,SR00000002726,2026-06-19 23:27:18,LIMIT_CHANGE,APP,COMPLETED,True,43
2727,2338,SR00000002727,2026-07-26 04:22:16,CARD_REISSUE,APP,COMPLETED,False,62
2728,2340,SR00000002728,2026-07-07 10:32:45,PIN_RESET,HOTLINE,COMPLETED,False,71
2729,2340,SR00000002729,2026-05-11 04:28:33,DISPUTE,HOTLINE,COMPLETED,True,26
2730,2341,SR00000002730,2026-06-02 06:47:10,PIN_RESET,HOTLINE,COMPLETED,True,5
2731,2342,SR00000002731,2026-07-19 14:24:42,CARD_REISSUE,CHATBOT,COMPLETED,True,26
2732,2342,SR00000002732,2026-03-02 02:03:59,APP_SUPPORT,HOTLINE,COMPLETED,False,79
2733,2346,SR00000002733,2026-03-18 09:51:05,LIMIT_CHANGE,HOTLINE,COMPLETED,True,40
2734,2346,SR00000002734,2026-04-25 08:26:33,PIN_RESET,HOTLINE,COMPLETED,True,3
2735,2347,SR00000002735,2026-07-12 02:16:07,CARD_REISSUE,HOTLINE,COMPLETED,True,33
2736,2347,SR00000002736,2026-04-18 20:10:42,ACCOUNT_CLOSURE,HOTLINE,COMPLETED,True,9
2737,2348,SR00000002737,2026-07-17 13:24:18,DISPUTE,HOTLINE,PROCESSING,False,85
2738,2350,SR00000002738,2026-07-27 04:52:45,APP_SUPPORT,APP,COMPLETED,True,11
2739,2351,SR00000002739,2026-07-01 06:20:51,ADDRESS_UPDATE,BRANCH,COMPLETED,True,20
2740,2353,SR00000002740,2026-08-20 10:15:46,ADDRESS_UPDATE,HOTLINE,COMPLETED,True,21
2741,2356,SR00000002741,2026-07-11 17:47:31,STATEMENT_REQUEST,APP,COMPLETED,False,67
2742,2357,SR00000002742,2026-07-12 20:52:17,CARD_REISSUE,HOTLINE,COMPLETED,True,25
2743,2358,SR00000002743,2026-04-27 15:15:05,CARD_REISSUE,APP,COMPLETED,False,63
2744,2359,SR00000002744,2026-05-18 12:32:26,STATEMENT_REQUEST,EMAIL,PROCESSING,True,7
2745,2360,SR00000002745,2026-03-08 11:56:15,ACCOUNT_CLOSURE,EMAIL,COMPLETED,False,47
2746,2362,SR00000002746,2026-03-20 08:31:57,APP_SUPPORT,APP,COMPLETED,False,64
2747,2363,SR00000002747,2026-03-10 11:22:33,ADDRESS_UPDATE,HOTLINE,PROCESSING,False,48
2748,2364,SR00000002748,2026-04-17 00:51:57,STATEMENT_REQUEST,BRANCH,COMPLETED,False,83
2749,2365,SR00000002749,2026-08-21 21:17:22,STATEMENT_REQUEST,BRANCH,COMPLETED,False,56
2750,2365,SR00000002750,2026-04-06 12:56:11,LIMIT_CHANGE,HOTLINE,COMPLETED,False,69
2751,2365,SR00000002751,2026-04-26 01:50:59,DISPUTE,HOTLINE,COMPLETED,False,78
2752,2366,SR00000002752,2026-07-29 07:18:56,APP_SUPPORT,CHATBOT,NEW,False,67
2753,2366,SR00000002753,2026-03-07 13:13:12,APP_SUPPORT,APP,PROCESSING,True,39
2754,2366,SR00000002754,2026-08-25 10:10:26,PIN_RESET,APP,COMPLETED,True,30
2755,2367,SR00000002755,2026-04-07 09:21:50,APP_SUPPORT,APP,COMPLETED,True,45
2756,2368,SR00000002756,2026-04-12 01:43:28,ADDRESS_UPDATE,HOTLINE,PROCESSING,True,6
2757,2368,SR00000002757,2026-07-05 11:33:23,LIMIT_CHANGE,CHATBOT,COMPLETED,True,24
2758,2369,SR00000002758,2026-08-19 00:10:05,ACCOUNT_CLOSURE,EMAIL,COMPLETED,False,72
2759,2372,SR00000002759,2026-05-11 09:09:18,APP_SUPPORT,HOTLINE,COMPLETED,False,67
2760,2372,SR00000002760,2026-07-01 05:17:53,STATEMENT_REQUEST,EMAIL,COMPLETED,True,32
2761,2372,SR00000002761,2026-06-30 09:18:15,PIN_RESET,HOTLINE,COMPLETED,True,36
2762,2376,SR00000002762,2026-04-06 09:52:12,PIN_RESET,APP,COMPLETED,True,8
2763,2378,SR00000002763,2026-07-10 03:05:03,APP_SUPPORT,EMAIL,COMPLETED,False,61
2764,2378,SR00000002764,2026-08-07 22:16:42,CARD_REISSUE,HOTLINE,PROCESSING,True,39
2765,2379,SR00000002765,2026-06-16 04:52:21,STATEMENT_REQUEST,APP,COMPLETED,True,39
2766,2380,SR00000002766,2026-05-19 04:05:16,DISPUTE,CHATBOT,COMPLETED,False,57
2767,2380,SR00000002767,2026-07-26 18:21:55,CARD_REISSUE,HOTLINE,PROCESSING,True,39
2768,2380,SR00000002768,2026-07-05 23:45:41,CARD_REISSUE,BRANCH,PROCESSING,True,13
2769,2380,SR00000002769,2026-08-26 15:07:41,CARD_REISSUE,CHATBOT,COMPLETED,False,86
2770,2382,SR00000002770,2026-04-04 07:54:36,STATEMENT_REQUEST,APP,COMPLETED,True,4
2771,2383,SR00000002771,2026-03-22 15:38:38,DISPUTE,APP,COMPLETED,True,13
2772,2383,SR00000002772,2026-04-20 18:51:34,APP_SUPPORT,HOTLINE,COMPLETED,False,47
2773,2384,SR00000002773,2026-07-31 15:25:28,STATEMENT_REQUEST,EMAIL,COMPLETED,False,53
2774,2385,SR00000002774,2026-06-14 01:06:25,APP_SUPPORT,EMAIL,COMPLETED,False,76
2775,2385,SR00000002775,2026-05-04 11:14:52,DISPUTE,EMAIL,COMPLETED,False,87
2776,2385,SR00000002776,2026-08-20 14:47:18,APP_SUPPORT,HOTLINE,COMPLETED,True,23
2777,2389,SR00000002777,2026-05-24 22:35:24,ACCOUNT_CLOSURE,CHATBOT,COMPLETED,True,25
2778,2389,SR00000002778,2026-05-03 07:42:07,STATEMENT_REQUEST,HOTLINE,COMPLETED,True,28
2779,2390,SR00000002779,2026-07-21 01:45:44,STATEMENT_REQUEST,EMAIL,PROCESSING,True,6
2780,2390,SR00000002780,2026-05-29 09:46:50,ADDRESS_UPDATE,HOTLINE,REJECTED,True,3
2781,2392,SR00000002781,2026-06-20 21:32:11,ACCOUNT_CLOSURE,HOTLINE,NEW,False,52
2782,2392,SR00000002782,2026-04-07 21:15:53,DISPUTE,EMAIL,COMPLETED,False,63
2783,2392,SR00000002783,2026-05-28 07:00:33,APP_SUPPORT,EMAIL,COMPLETED,False,87
2784,2392,SR00000002784,2026-04-28 14:44:22,DISPUTE,BRANCH,PROCESSING,True,31
2785,2393,SR00000002785,2026-06-03 00:35:52,APP_SUPPORT,HOTLINE,COMPLETED,False,67
2786,2393,SR00000002786,2026-06-01 22:07:24,STATEMENT_REQUEST,EMAIL,COMPLETED,False,68
2787,2394,SR00000002787,2026-08-25 14:30:22,CARD_REISSUE,HOTLINE,COMPLETED,True,11
2788,2396,SR00000002788,2026-05-08 11:40:36,CARD_REISSUE,HOTLINE,NEW,True,38
2789,2396,SR00000002789,2026-04-30 06:21:22,STATEMENT_REQUEST,EMAIL,COMPLETED,True,42
2790,2397,SR00000002790,2026-04-18 01:51:10,ACCOUNT_CLOSURE,CHATBOT,COMPLETED,True,8
2791,2398,SR00000002791,2026-04-08 13:36:43,DISPUTE,APP,COMPLETED,False,63
2792,2401,SR00000002792,2026-08-09 15:00:02,ADDRESS_UPDATE,BRANCH,COMPLETED,True,30
2793,2402,SR00000002793,2026-07-15 00:22:47,DISPUTE,BRANCH,PROCESSING,True,32
2794,2403,SR00000002794,2026-06-28 21:37:46,ACCOUNT_CLOSURE,HOTLINE,PROCESSING,True,45
2795,2403,SR00000002795,2026-06-27 16:48:09,APP_SUPPORT,BRANCH,COMPLETED,True,20
2796,2405,SR00000002796,2026-08-24 12:13:42,PIN_RESET,EMAIL,COMPLETED,False,46
2797,2407,SR00000002797,2026-08-03 00:19:52,ADDRESS_UPDATE,HOTLINE,COMPLETED,False,61
2798,2409,SR00000002798,2026-03-18 00:18:08,ACCOUNT_CLOSURE,HOTLINE,COMPLETED,True,15
2799,2409,SR00000002799,2026-07-09 00:51:19,STATEMENT_REQUEST,CHATBOT,COMPLETED,True,3
2800,2410,SR00000002800,2026-04-06 16:00:20,STATEMENT_REQUEST,HOTLINE,NEW,True,34
2801,2411,SR00000002801,2026-04-02 09:26:44,STATEMENT_REQUEST,EMAIL,PROCESSING,False,65
2802,2411,SR00000002802,2026-05-16 13:51:57,ACCOUNT_CLOSURE,BRANCH,COMPLETED,False,61
2803,2411,SR00000002803,2026-05-05 12:45:41,APP_SUPPORT,HOTLINE,COMPLETED,False,52
2804,2411,SR00000002804,2026-07-03 01:45:35,LIMIT_CHANGE,HOTLINE,COMPLETED,True,30
2805,2411,SR00000002805,2026-04-09 19:15:45,APP_SUPPORT,APP,COMPLETED,False,63
2806,2415,SR00000002806,2026-03-12 17:04:58,DISPUTE,APP,COMPLETED,False,84
2807,2417,SR00000002807,2026-03-02 16:19:13,CARD_REISSUE,HOTLINE,COMPLETED,True,44
2808,2419,SR00000002808,2026-05-28 13:25:42,APP_SUPPORT,EMAIL,COMPLETED,False,52
2809,2420,SR00000002809,2026-04-24 11:42:51,LIMIT_CHANGE,HOTLINE,PROCESSING,False,61
2810,2421,SR00000002810,2026-03-22 02:56:37,APP_SUPPORT,HOTLINE,COMPLETED,True,21
2811,2422,SR00000002811,2026-03-27 11:24:22,ACCOUNT_CLOSURE,APP,PROCESSING,False,89
2812,2423,SR00000002812,2026-07-05 20:23:07,LIMIT_CHANGE,HOTLINE,COMPLETED,False,58
2813,2424,SR00000002813,2026-05-30 02:56:30,APP_SUPPORT,EMAIL,COMPLETED,False,54
2814,2425,SR00000002814,2026-07-02 07:11:46,ADDRESS_UPDATE,APP,COMPLETED,False,62
2815,2426,SR00000002815,2026-08-25 16:09:43,ADDRESS_UPDATE,APP,COMPLETED,True,41
2816,2426,SR00000002816,2026-06-04 17:34:49,LIMIT_CHANGE,HOTLINE,COMPLETED,True,34
2817,2427,SR00000002817,2026-04-05 10:20:07,CARD_REISSUE,APP,COMPLETED,True,43
2818,2427,SR00000002818,2026-03-23 16:59:32,PIN_RESET,APP,PROCESSING,True,42
2819,2428,SR00000002819,2026-08-01 03:45:31,ADDRESS_UPDATE,APP,COMPLETED,False,59
2820,2429,SR00000002820,2026-06-09 22:55:01,DISPUTE,HOTLINE,COMPLETED,True,26
2821,2430,SR00000002821,2026-07-18 13:51:29,CARD_REISSUE,HOTLINE,PROCESSING,False,68
2822,2430,SR00000002822,2026-03-01 02:39:17,CARD_REISSUE,HOTLINE,PROCESSING,True,21
2823,2431,SR00000002823,2026-08-09 07:34:28,STATEMENT_REQUEST,APP,COMPLETED,True,40
2824,2432,SR00000002824,2026-04-20 03:44:37,CARD_REISSUE,EMAIL,NEW,True,45
2825,2432,SR00000002825,2026-08-21 11:59:20,DISPUTE,APP,COMPLETED,True,12
2826,2432,SR00000002826,2026-03-31 23:23:11,PIN_RESET,EMAIL,PROCESSING,False,80
2827,2432,SR00000002827,2026-05-06 01:22:22,CARD_REISSUE,HOTLINE,COMPLETED,True,39
2828,2432,SR00000002828,2026-08-01 07:54:12,DISPUTE,HOTLINE,COMPLETED,False,49
2829,2433,SR00000002829,2026-06-28 12:04:08,DISPUTE,HOTLINE,NEW,False,82
2830,2434,SR00000002830,2026-06-15 20:38:41,APP_SUPPORT,APP,NEW,False,71
2831,2436,SR00000002831,2026-04-13 03:26:40,STATEMENT_REQUEST,APP,NEW,True,12
2832,2436,SR00000002832,2026-05-28 01:10:20,PIN_RESET,HOTLINE,REJECTED,True,19
2833,2438,SR00000002833,2026-08-23 12:41:19,APP_SUPPORT,BRANCH,COMPLETED,False,51
2834,2438,SR00000002834,2026-05-22 05:55:25,CARD_REISSUE,APP,COMPLETED,True,44
2835,2438,SR00000002835,2026-04-01 19:08:47,APP_SUPPORT,BRANCH,COMPLETED,False,68
2836,2439,SR00000002836,2026-03-09 00:23:40,LIMIT_CHANGE,BRANCH,COMPLETED,False,46
2837,2440,SR00000002837,2026-08-24 20:01:25,CARD_REISSUE,EMAIL,COMPLETED,True,28
2838,2440,SR00000002838,2026-03-03 10:43:16,ACCOUNT_CLOSURE,BRANCH,NEW,True,6
2839,2441,SR00000002839,2026-07-28 12:09:25,LIMIT_CHANGE,HOTLINE,COMPLETED,True,6
2840,2442,SR00000002840,2026-04-24 04:45:48,APP_SUPPORT,APP,PROCESSING,True,25
2841,2443,SR00000002841,2026-07-11 17:44:13,PIN_RESET,BRANCH,COMPLETED,True,9
2842,2444,SR00000002842,2026-05-23 23:04:35,STATEMENT_REQUEST,HOTLINE,COMPLETED,False,79
2843,2444,SR00000002843,2026-04-07 01:30:10,APP_SUPPORT,EMAIL,COMPLETED,False,58
2844,2445,SR00000002844,2026-07-03 00:49:32,STATEMENT_REQUEST,APP,COMPLETED,False,88
2845,2445,SR00000002845,2026-05-21 13:10:39,CARD_REISSUE,APP,COMPLETED,False,47
2846,2446,SR00000002846,2026-03-04 22:15:04,STATEMENT_REQUEST,APP,NEW,True,45
2847,2447,SR00000002847,2026-05-10 01:56:25,ACCOUNT_CLOSURE,EMAIL,COMPLETED,False,75
2848,2448,SR00000002848,2026-03-13 11:21:21,PIN_RESET,BRANCH,PROCESSING,False,85
2849,2450,SR00000002849,2026-04-29 05:58:55,PIN_RESET,HOTLINE,COMPLETED,False,71
2850,2450,SR00000002850,2026-06-30 23:07:13,CARD_REISSUE,HOTLINE,COMPLETED,True,20
2851,2450,SR00000002851,2026-08-17 14:32:05,CARD_REISSUE,CHATBOT,COMPLETED,False,63
2852,2450,SR00000002852,2026-05-18 07:05:16,STATEMENT_REQUEST,EMAIL,COMPLETED,True,10
2853,2452,SR00000002853,2026-08-19 03:09:34,APP_SUPPORT,BRANCH,COMPLETED,True,24
2854,2452,SR00000002854,2026-08-22 16:10:03,LIMIT_CHANGE,EMAIL,COMPLETED,False,86
2855,2452,SR00000002855,2026-07-14 11:52:42,APP_SUPPORT,HOTLINE,COMPLETED,False,65
2856,2452,SR00000002856,2026-06-19 07:45:01,ACCOUNT_CLOSURE,APP,PROCESSING,True,38
2857,2453,SR00000002857,2026-04-09 20:08:33,ADDRESS_UPDATE,HOTLINE,COMPLETED,True,43
2858,2453,SR00000002858,2026-08-21 01:06:30,ADDRESS_UPDATE,APP,COMPLETED,True,26
2859,2453,SR00000002859,2026-07-15 11:29:54,STATEMENT_REQUEST,BRANCH,COMPLETED,True,26
2860,2454,SR00000002860,2026-05-10 07:48:32,APP_SUPPORT,BRANCH,COMPLETED,False,85
2861,2454,SR00000002861,2026-04-20 11:32:09,STATEMENT_REQUEST,APP,COMPLETED,False,50
2862,2455,SR00000002862,2026-06-29 22:45:13,DISPUTE,APP,COMPLETED,False,47
2863,2455,SR00000002863,2026-05-05 15:01:09,PIN_RESET,EMAIL,COMPLETED,True,7
2864,2457,SR00000002864,2026-06-29 11:32:00,DISPUTE,APP,COMPLETED,False,54
2865,2457,SR00000002865,2026-04-17 04:29:53,APP_SUPPORT,HOTLINE,COMPLETED,False,75
2866,2458,SR00000002866,2026-06-27 10:29:25,APP_SUPPORT,HOTLINE,COMPLETED,True,28
2867,2459,SR00000002867,2026-04-13 05:35:12,ACCOUNT_CLOSURE,APP,COMPLETED,False,58
2868,2459,SR00000002868,2026-06-13 23:24:54,ADDRESS_UPDATE,APP,COMPLETED,False,78
2869,2462,SR00000002869,2026-05-12 17:21:05,ACCOUNT_CLOSURE,BRANCH,COMPLETED,False,72
2870,2462,SR00000002870,2026-03-05 12:51:04,ACCOUNT_CLOSURE,HOTLINE,COMPLETED,False,58
2871,2462,SR00000002871,2026-05-17 23:28:07,PIN_RESET,HOTLINE,COMPLETED,False,56
2872,2464,SR00000002872,2026-03-31 01:10:39,PIN_RESET,HOTLINE,COMPLETED,False,49
2873,2466,SR00000002873,2026-05-04 00:44:44,PIN_RESET,HOTLINE,COMPLETED,False,86
2874,2466,SR00000002874,2026-03-22 19:38:18,DISPUTE,APP,NEW,True,33
2875,2466,SR00000002875,2026-06-14 06:48:21,ACCOUNT_CLOSURE,APP,COMPLETED,False,85
2876,2466,SR00000002876,2026-04-27 02:21:22,APP_SUPPORT,HOTLINE,COMPLETED,False,83
2877,2467,SR00000002877,2026-06-03 19:43:42,APP_SUPPORT,BRANCH,COMPLETED,False,51
2878,2467,SR00000002878,2026-04-06 17:11:10,CARD_REISSUE,BRANCH,COMPLETED,True,14
2879,2468,SR00000002879,2026-03-08 03:07:40,LIMIT_CHANGE,CHATBOT,COMPLETED,True,29
2880,2468,SR00000002880,2026-06-05 10:18:23,APP_SUPPORT,HOTLINE,NEW,True,39
2881,2468,SR00000002881,2026-06-11 23:40:24,STATEMENT_REQUEST,APP,COMPLETED,False,70
2882,2469,SR00000002882,2026-06-09 10:53:31,STATEMENT_REQUEST,BRANCH,PROCESSING,False,70
2883,2469,SR00000002883,2026-06-21 16:36:49,STATEMENT_REQUEST,HOTLINE,COMPLETED,False,58
2884,2471,SR00000002884,2026-07-28 07:06:09,DISPUTE,CHATBOT,COMPLETED,False,65
2885,2473,SR00000002885,2026-04-11 08:15:39,ACCOUNT_CLOSURE,HOTLINE,COMPLETED,False,67
2886,2473,SR00000002886,2026-06-20 09:28:50,STATEMENT_REQUEST,EMAIL,COMPLETED,False,60
2887,2474,SR00000002887,2026-03-19 12:13:28,DISPUTE,APP,COMPLETED,False,87
2888,2475,SR00000002888,2026-03-18 06:47:39,ACCOUNT_CLOSURE,HOTLINE,COMPLETED,True,24
2889,2476,SR00000002889,2026-07-26 21:33:05,APP_SUPPORT,HOTLINE,COMPLETED,False,69
2890,2476,SR00000002890,2026-03-12 00:59:39,CARD_REISSUE,BRANCH,COMPLETED,True,21
2891,2477,SR00000002891,2026-03-05 18:41:17,ACCOUNT_CLOSURE,HOTLINE,COMPLETED,False,66
2892,2477,SR00000002892,2026-06-14 00:01:48,ACCOUNT_CLOSURE,APP,COMPLETED,True,26
2893,2478,SR00000002893,2026-08-08 10:47:34,DISPUTE,HOTLINE,COMPLETED,False,82
2894,2479,SR00000002894,2026-04-05 03:44:03,STATEMENT_REQUEST,HOTLINE,COMPLETED,True,16
2895,2479,SR00000002895,2026-06-01 22:39:03,APP_SUPPORT,HOTLINE,COMPLETED,False,82
2896,2480,SR00000002896,2026-06-21 13:09:19,CARD_REISSUE,HOTLINE,COMPLETED,False,78
2897,2481,SR00000002897,2026-04-07 12:47:13,STATEMENT_REQUEST,EMAIL,COMPLETED,True,18
2898,2483,SR00000002898,2026-08-08 11:33:48,CARD_REISSUE,BRANCH,COMPLETED,True,32
2899,2484,SR00000002899,2026-07-13 18:13:34,CARD_REISSUE,CHATBOT,COMPLETED,True,5
2900,2484,SR00000002900,2026-07-08 14:37:03,PIN_RESET,APP,COMPLETED,True,7
2901,2485,SR00000002901,2026-07-25 14:10:25,STATEMENT_REQUEST,APP,COMPLETED,True,20
2902,2485,SR00000002902,2026-07-10 12:04:55,DISPUTE,BRANCH,COMPLETED,False,82
2903,2487,SR00000002903,2026-03-22 01:44:14,DISPUTE,HOTLINE,COMPLETED,True,42
2904,2488,SR00000002904,2026-06-15 03:19:41,STATEMENT_REQUEST,HOTLINE,NEW,False,83
2905,2489,SR00000002905,2026-08-20 09:08:02,APP_SUPPORT,HOTLINE,COMPLETED,False,89
2906,2490,SR00000002906,2026-06-22 20:31:21,ACCOUNT_CLOSURE,HOTLINE,COMPLETED,False,47
2907,2490,SR00000002907,2026-05-09 08:06:59,STATEMENT_REQUEST,BRANCH,COMPLETED,False,70
2908,2491,SR00000002908,2026-04-26 19:44:46,APP_SUPPORT,BRANCH,COMPLETED,False,69
2909,2492,SR00000002909,2026-04-19 21:07:20,CARD_REISSUE,HOTLINE,COMPLETED,True,23
2910,2492,SR00000002910,2026-04-16 21:34:26,STATEMENT_REQUEST,APP,COMPLETED,True,35
2911,2493,SR00000002911,2026-05-13 10:41:37,APP_SUPPORT,APP,COMPLETED,True,13
2912,2494,SR00000002912,2026-03-28 23:37:21,PIN_RESET,EMAIL,COMPLETED,True,5
2913,2494,SR00000002913,2026-07-20 11:36:42,PIN_RESET,EMAIL,COMPLETED,True,13
2914,2495,SR00000002914,2026-08-09 10:18:49,LIMIT_CHANGE,HOTLINE,NEW,True,17
2915,2497,SR00000002915,2026-06-07 17:33:16,CARD_REISSUE,HOTLINE,COMPLETED,False,67
2916,2498,SR00000002916,2026-08-09 21:50:38,ACCOUNT_CLOSURE,EMAIL,COMPLETED,True,3
2917,2499,SR00000002917,2026-03-31 14:52:39,PIN_RESET,APP,COMPLETED,True,8
2918,2499,SR00000002918,2026-04-30 21:43:03,CARD_REISSUE,BRANCH,COMPLETED,True,23
2919,2500,SR00000002919,2026-06-18 17:05:44,PIN_RESET,APP,COMPLETED,True,38
2920,2500,SR00000002920,2026-07-18 11:12:23,CARD_REISSUE,APP,COMPLETED,False,66
2921,2500,SR00000002921,2026-03-05 15:13:26,DISPUTE,APP,COMPLETED,False,47
2922,2502,SR00000002922,2026-08-01 16:34:14,STATEMENT_REQUEST,HOTLINE,COMPLETED,False,79
2923,2502,SR00000002923,2026-04-10 11:09:28,APP_SUPPORT,EMAIL,COMPLETED,False,70
2924,2502,SR00000002924,2026-03-22 00:48:58,PIN_RESET,BRANCH,COMPLETED,True,30
2925,2502,SR00000002925,2026-08-15 09:12:15,ACCOUNT_CLOSURE,APP,COMPLETED,True,8
2926,2502,SR00000002926,2026-05-14 18:46:39,PIN_RESET,CHATBOT,COMPLETED,False,84
2927,2502,SR00000002927,2026-04-10 06:27:24,PIN_RESET,CHATBOT,COMPLETED,True,26
2928,2502,SR00000002928,2026-04-11 02:40:17,CARD_REISSUE,CHATBOT,COMPLETED,True,7
2929,2505,SR00000002929,2026-02-28 21:52:20,PIN_RESET,HOTLINE,COMPLETED,False,88
2930,2507,SR00000002930,2026-05-03 01:22:08,DISPUTE,HOTLINE,COMPLETED,False,62
2931,2508,SR00000002931,2026-03-12 09:20:58,DISPUTE,APP,COMPLETED,True,40
2932,2509,SR00000002932,2026-07-20 12:13:08,STATEMENT_REQUEST,APP,COMPLETED,True,25
2933,2509,SR00000002933,2026-07-16 10:24:56,PIN_RESET,HOTLINE,COMPLETED,True,8
2934,2510,SR00000002934,2026-06-21 22:42:49,ADDRESS_UPDATE,EMAIL,COMPLETED,False,89
2935,2510,SR00000002935,2026-06-18 07:54:52,PIN_RESET,HOTLINE,COMPLETED,True,10
2936,2510,SR00000002936,2026-08-14 04:06:39,STATEMENT_REQUEST,BRANCH,COMPLETED,False,81
2937,2510,SR00000002937,2026-04-06 06:22:19,ACCOUNT_CLOSURE,CHATBOT,COMPLETED,True,40
2938,2513,SR00000002938,2026-08-26 08:36:37,LIMIT_CHANGE,HOTLINE,COMPLETED,False,63
2939,2513,SR00000002939,2026-04-07 08:18:29,DISPUTE,APP,PROCESSING,True,8
2940,2514,SR00000002940,2026-07-07 21:35:35,DISPUTE,HOTLINE,COMPLETED,True,33
2941,2515,SR00000002941,2026-06-19 03:36:51,APP_SUPPORT,HOTLINE,COMPLETED,False,81
2942,2515,SR00000002942,2026-03-12 06:39:04,PIN_RESET,APP,COMPLETED,True,35
2943,2515,SR00000002943,2026-04-21 10:42:04,APP_SUPPORT,HOTLINE,COMPLETED,False,55
2944,2515,SR00000002944,2026-08-21 22:54:22,ADDRESS_UPDATE,HOTLINE,PROCESSING,False,68
2945,2516,SR00000002945,2026-06-07 21:30:19,DISPUTE,HOTLINE,PROCESSING,True,41
2946,2518,SR00000002946,2026-04-13 09:19:56,CARD_REISSUE,HOTLINE,COMPLETED,False,48
2947,2518,SR00000002947,2026-08-21 15:39:51,STATEMENT_REQUEST,HOTLINE,COMPLETED,True,15
2948,2520,SR00000002948,2026-03-26 00:38:47,STATEMENT_REQUEST,CHATBOT,COMPLETED,True,35
2949,2521,SR00000002949,2026-05-20 22:03:06,ACCOUNT_CLOSURE,HOTLINE,COMPLETED,True,18
2950,2522,SR00000002950,2026-08-13 06:04:43,DISPUTE,APP,COMPLETED,True,3
2951,2522,SR00000002951,2026-07-30 10:55:10,CARD_REISSUE,APP,PROCESSING,True,11
2952,2522,SR00000002952,2026-05-08 00:04:27,CARD_REISSUE,HOTLINE,REJECTED,True,7
2953,2522,SR00000002953,2026-07-14 09:15:39,DISPUTE,EMAIL,COMPLETED,True,14
2954,2524,SR00000002954,2026-04-26 03:54:35,CARD_REISSUE,APP,PROCESSING,True,25
2955,2524,SR00000002955,2026-03-30 19:54:38,STATEMENT_REQUEST,APP,COMPLETED,False,70
2956,2524,SR00000002956,2026-04-06 13:57:55,PIN_RESET,APP,PROCESSING,True,19
2957,2525,SR00000002957,2026-04-09 09:14:09,PIN_RESET,APP,COMPLETED,True,33
2958,2526,SR00000002958,2026-07-17 23:04:45,ADDRESS_UPDATE,HOTLINE,COMPLETED,False,87
2959,2526,SR00000002959,2026-04-20 09:50:34,LIMIT_CHANGE,APP,COMPLETED,True,43
2960,2526,SR00000002960,2026-03-16 04:32:34,LIMIT_CHANGE,EMAIL,COMPLETED,False,80
2961,2530,SR00000002961,2026-06-14 06:21:13,ADDRESS_UPDATE,EMAIL,REJECTED,True,33
2962,2531,SR00000002962,2026-03-12 19:31:20,CARD_REISSUE,APP,COMPLETED,False,82
2963,2531,SR00000002963,2026-04-13 16:08:22,PIN_RESET,APP,PROCESSING,False,51
2964,2533,SR00000002964,2026-03-18 08:23:55,ACCOUNT_CLOSURE,HOTLINE,COMPLETED,False,58
2965,2533,SR00000002965,2026-08-11 06:24:32,ACCOUNT_CLOSURE,APP,PROCESSING,True,21
2966,2533,SR00000002966,2026-06-06 10:54:04,ACCOUNT_CLOSURE,HOTLINE,COMPLETED,True,17
2967,2536,SR00000002967,2026-07-09 19:27:02,LIMIT_CHANGE,APP,COMPLETED,False,78
2968,2538,SR00000002968,2026-03-01 10:04:47,ADDRESS_UPDATE,APP,COMPLETED,True,42
2969,2539,SR00000002969,2026-03-21 08:58:01,STATEMENT_REQUEST,BRANCH,COMPLETED,False,73
2970,2540,SR00000002970,2026-03-18 10:47:23,STATEMENT_REQUEST,HOTLINE,COMPLETED,True,13
2971,2541,SR00000002971,2026-03-31 14:11:39,STATEMENT_REQUEST,BRANCH,COMPLETED,True,8
2972,2541,SR00000002972,2026-08-20 05:36:01,STATEMENT_REQUEST,BRANCH,COMPLETED,True,28
2973,2541,SR00000002973,2026-05-21 13:21:43,PIN_RESET,APP,COMPLETED,True,10
2974,2541,SR00000002974,2026-07-03 18:20:17,APP_SUPPORT,APP,COMPLETED,True,27
2975,2544,SR00000002975,2026-04-26 21:47:42,DISPUTE,HOTLINE,COMPLETED,False,47
2976,2546,SR00000002976,2026-06-14 00:54:29,ADDRESS_UPDATE,BRANCH,COMPLETED,False,89
2977,2546,SR00000002977,2026-04-25 18:19:43,PIN_RESET,APP,COMPLETED,False,73
2978,2547,SR00000002978,2026-06-02 03:23:33,STATEMENT_REQUEST,APP,COMPLETED,True,30
2979,2547,SR00000002979,2026-05-22 16:27:50,ADDRESS_UPDATE,EMAIL,PROCESSING,False,46
2980,2550,SR00000002980,2026-08-01 01:47:05,APP_SUPPORT,APP,COMPLETED,False,55
2981,2551,SR00000002981,2026-05-22 08:16:41,CARD_REISSUE,BRANCH,COMPLETED,False,77
2982,2551,SR00000002982,2026-05-07 01:07:00,LIMIT_CHANGE,HOTLINE,PROCESSING,True,40
2983,2551,SR00000002983,2026-08-18 01:58:15,PIN_RESET,HOTLINE,COMPLETED,False,79
2984,2551,SR00000002984,2026-08-25 06:39:34,APP_SUPPORT,BRANCH,COMPLETED,False,79
2985,2553,SR00000002985,2026-03-09 16:36:16,APP_SUPPORT,APP,COMPLETED,False,49
2986,2553,SR00000002986,2026-05-23 21:19:49,DISPUTE,EMAIL,COMPLETED,False,53
2987,2553,SR00000002987,2026-03-29 13:31:26,ADDRESS_UPDATE,APP,PROCESSING,False,62
2988,2553,SR00000002988,2026-05-10 00:32:28,APP_SUPPORT,HOTLINE,REJECTED,False,63
2989,2553,SR00000002989,2026-07-08 18:12:08,CARD_REISSUE,EMAIL,PROCESSING,False,80
2990,2554,SR00000002990,2026-06-06 05:02:19,PIN_RESET,HOTLINE,COMPLETED,True,33
2991,2555,SR00000002991,2026-05-17 08:09:19,APP_SUPPORT,CHATBOT,COMPLETED,False,89
2992,2555,SR00000002992,2026-08-17 20:51:04,STATEMENT_REQUEST,BRANCH,COMPLETED,True,31
2993,2557,SR00000002993,2026-08-13 03:28:07,STATEMENT_REQUEST,CHATBOT,COMPLETED,False,78
2994,2557,SR00000002994,2026-07-25 00:40:16,APP_SUPPORT,HOTLINE,COMPLETED,False,59
2995,2558,SR00000002995,2026-06-25 09:50:05,LIMIT_CHANGE,APP,PROCESSING,True,38
2996,2559,SR00000002996,2026-08-20 11:48:40,CARD_REISSUE,APP,COMPLETED,True,34
2997,2559,SR00000002997,2026-05-08 21:01:52,APP_SUPPORT,APP,COMPLETED,False,71
2998,2560,SR00000002998,2026-08-01 22:18:43,CARD_REISSUE,APP,COMPLETED,True,15
2999,2560,SR00000002999,2026-07-21 11:09:38,APP_SUPPORT,HOTLINE,COMPLETED,False,88
3000,2562,SR00000003000,2026-06-06 12:41:01,CARD_REISSUE,HOTLINE,COMPLETED,False,48
3001,2563,SR00000003001,2026-03-08 19:51:17,PIN_RESET,BRANCH,COMPLETED,True,23
3002,2564,SR00000003002,2026-03-12 12:04:31,APP_SUPPORT,HOTLINE,COMPLETED,True,28
3003,2564,SR00000003003,2026-03-02 07:21:55,LIMIT_CHANGE,HOTLINE,COMPLETED,True,24
3004,2564,SR00000003004,2026-07-02 20:13:12,CARD_REISSUE,HOTLINE,COMPLETED,False,46
3005,2565,SR00000003005,2026-06-09 10:28:40,LIMIT_CHANGE,EMAIL,REJECTED,True,17
3006,2565,SR00000003006,2026-05-15 12:05:58,APP_SUPPORT,APP,PROCESSING,True,38
3007,2566,SR00000003007,2026-06-21 19:59:24,ACCOUNT_CLOSURE,HOTLINE,COMPLETED,True,23
3008,2569,SR00000003008,2026-06-25 16:53:42,DISPUTE,BRANCH,COMPLETED,False,72
3009,2569,SR00000003009,2026-05-06 20:38:49,APP_SUPPORT,APP,PROCESSING,True,38
3010,2571,SR00000003010,2026-04-05 14:36:22,CARD_REISSUE,CHATBOT,COMPLETED,False,55
3011,2572,SR00000003011,2026-08-20 04:27:30,PIN_RESET,BRANCH,PROCESSING,False,64
3012,2572,SR00000003012,2026-06-23 05:53:37,APP_SUPPORT,HOTLINE,COMPLETED,True,21
3013,2572,SR00000003013,2026-06-26 01:11:17,DISPUTE,BRANCH,COMPLETED,False,47
3014,2573,SR00000003014,2026-06-27 05:28:27,APP_SUPPORT,EMAIL,COMPLETED,True,38
3015,2573,SR00000003015,2026-03-25 10:38:06,APP_SUPPORT,HOTLINE,COMPLETED,True,33
3016,2573,SR00000003016,2026-05-23 19:32:03,ADDRESS_UPDATE,APP,COMPLETED,False,79
3017,2573,SR00000003017,2026-07-25 00:40:46,PIN_RESET,APP,COMPLETED,True,7
3018,2573,SR00000003018,2026-05-17 01:54:59,DISPUTE,APP,COMPLETED,False,85
3019,2576,SR00000003019,2026-05-28 03:01:51,STATEMENT_REQUEST,BRANCH,COMPLETED,False,58
3020,2577,SR00000003020,2026-04-28 02:42:59,ADDRESS_UPDATE,EMAIL,PROCESSING,True,31
3021,2577,SR00000003021,2026-06-11 04:09:18,ACCOUNT_CLOSURE,BRANCH,COMPLETED,False,46
3022,2577,SR00000003022,2026-03-09 13:30:37,ACCOUNT_CLOSURE,APP,COMPLETED,False,77
3023,2578,SR00000003023,2026-04-21 19:41:28,PIN_RESET,HOTLINE,COMPLETED,False,57
3024,2578,SR00000003024,2026-07-19 06:04:46,APP_SUPPORT,BRANCH,NEW,False,63
3025,2579,SR00000003025,2026-07-13 08:43:03,DISPUTE,CHATBOT,REJECTED,True,20
3026,2579,SR00000003026,2026-07-02 10:37:31,APP_SUPPORT,APP,NEW,False,87
3027,2579,SR00000003027,2026-03-15 03:43:50,DISPUTE,HOTLINE,COMPLETED,False,76
3028,2582,SR00000003028,2026-07-01 01:11:28,ADDRESS_UPDATE,HOTLINE,COMPLETED,False,50
3029,2582,SR00000003029,2026-05-08 23:22:34,STATEMENT_REQUEST,APP,COMPLETED,False,58
3030,2583,SR00000003030,2026-06-21 07:56:19,ADDRESS_UPDATE,BRANCH,PROCESSING,True,14
3031,2585,SR00000003031,2026-04-30 22:07:00,ADDRESS_UPDATE,BRANCH,COMPLETED,True,44
3032,2585,SR00000003032,2026-07-23 13:27:01,STATEMENT_REQUEST,EMAIL,COMPLETED,False,65
3033,2585,SR00000003033,2026-04-11 02:56:41,ACCOUNT_CLOSURE,EMAIL,COMPLETED,False,78
3034,2585,SR00000003034,2026-05-22 05:03:00,ADDRESS_UPDATE,APP,PROCESSING,True,37
3035,2586,SR00000003035,2026-04-24 18:48:39,PIN_RESET,HOTLINE,NEW,False,82
3036,2586,SR00000003036,2026-03-01 11:46:08,ADDRESS_UPDATE,EMAIL,COMPLETED,False,76
3037,2587,SR00000003037,2026-05-18 21:12:02,PIN_RESET,HOTLINE,PROCESSING,True,11
3038,2589,SR00000003038,2026-05-28 20:26:57,LIMIT_CHANGE,APP,COMPLETED,True,28
3039,2590,SR00000003039,2026-04-19 08:15:05,CARD_REISSUE,HOTLINE,COMPLETED,False,46
3040,2593,SR00000003040,2026-03-17 07:48:29,PIN_RESET,HOTLINE,PROCESSING,False,87
3041,2593,SR00000003041,2026-05-26 08:03:37,PIN_RESET,CHATBOT,REJECTED,True,16
3042,2593,SR00000003042,2026-07-01 15:01:17,APP_SUPPORT,HOTLINE,COMPLETED,True,36
3043,2593,SR00000003043,2026-04-04 11:52:26,ACCOUNT_CLOSURE,EMAIL,COMPLETED,False,64
3044,2593,SR00000003044,2026-06-29 07:33:32,STATEMENT_REQUEST,HOTLINE,PROCESSING,True,7
3045,2593,SR00000003045,2026-05-06 02:53:43,ACCOUNT_CLOSURE,EMAIL,COMPLETED,True,20
3046,2593,SR00000003046,2026-07-31 15:21:29,ADDRESS_UPDATE,CHATBOT,COMPLETED,True,45
3047,2593,SR00000003047,2026-08-25 05:14:37,DISPUTE,BRANCH,COMPLETED,True,4
3048,2593,SR00000003048,2026-04-05 13:43:05,DISPUTE,CHATBOT,PROCESSING,True,26
3049,2594,SR00000003049,2026-06-27 00:31:15,APP_SUPPORT,HOTLINE,COMPLETED,True,43
3050,2594,SR00000003050,2026-05-23 09:28:50,APP_SUPPORT,HOTLINE,COMPLETED,True,33
3051,2594,SR00000003051,2026-08-14 02:01:02,ADDRESS_UPDATE,HOTLINE,COMPLETED,True,9
3052,2595,SR00000003052,2026-05-09 10:32:01,PIN_RESET,APP,COMPLETED,True,44
3053,2596,SR00000003053,2026-04-15 08:18:37,APP_SUPPORT,CHATBOT,COMPLETED,False,57
3054,2597,SR00000003054,2026-07-18 22:24:03,APP_SUPPORT,APP,COMPLETED,True,36
3055,2597,SR00000003055,2026-03-13 08:41:07,LIMIT_CHANGE,APP,PROCESSING,False,65
3056,2598,SR00000003056,2026-03-14 21:12:06,STATEMENT_REQUEST,EMAIL,COMPLETED,True,37
3057,2599,SR00000003057,2026-03-30 13:49:27,APP_SUPPORT,APP,COMPLETED,False,61
3058,2601,SR00000003058,2026-07-05 05:37:00,APP_SUPPORT,APP,PROCESSING,True,42
3059,2601,SR00000003059,2026-03-14 22:38:32,LIMIT_CHANGE,HOTLINE,COMPLETED,False,87
3060,2602,SR00000003060,2026-06-17 18:03:34,LIMIT_CHANGE,CHATBOT,COMPLETED,False,57
3061,2602,SR00000003061,2026-04-08 04:00:04,ADDRESS_UPDATE,HOTLINE,COMPLETED,False,77
3062,2602,SR00000003062,2026-05-15 07:45:15,STATEMENT_REQUEST,APP,COMPLETED,True,35
3063,2603,SR00000003063,2026-05-08 05:28:44,APP_SUPPORT,BRANCH,COMPLETED,True,5
3064,2604,SR00000003064,2026-04-06 16:34:13,ACCOUNT_CLOSURE,APP,COMPLETED,False,57
3065,2608,SR00000003065,2026-05-24 05:21:33,CARD_REISSUE,APP,COMPLETED,False,83
3066,2609,SR00000003066,2026-05-05 07:28:22,PIN_RESET,APP,COMPLETED,False,62
3067,2609,SR00000003067,2026-03-15 08:44:05,ACCOUNT_CLOSURE,CHATBOT,COMPLETED,True,28
3068,2610,SR00000003068,2026-08-02 13:17:55,STATEMENT_REQUEST,EMAIL,COMPLETED,False,78
3069,2611,SR00000003069,2026-07-24 02:08:11,PIN_RESET,HOTLINE,COMPLETED,True,28
3070,2611,SR00000003070,2026-07-11 12:54:36,ADDRESS_UPDATE,HOTLINE,COMPLETED,False,67
3071,2613,SR00000003071,2026-05-07 21:24:39,ADDRESS_UPDATE,HOTLINE,COMPLETED,True,36
3072,2613,SR00000003072,2026-04-05 20:38:10,ADDRESS_UPDATE,HOTLINE,COMPLETED,False,69
3073,2613,SR00000003073,2026-08-23 13:20:22,CARD_REISSUE,BRANCH,NEW,True,43
3074,2614,SR00000003074,2026-04-15 00:38:54,ADDRESS_UPDATE,HOTLINE,COMPLETED,False,62
3075,2615,SR00000003075,2026-05-22 08:43:31,LIMIT_CHANGE,HOTLINE,COMPLETED,False,70
3076,2616,SR00000003076,2026-04-24 07:19:21,ADDRESS_UPDATE,APP,COMPLETED,True,43
3077,2616,SR00000003077,2026-03-11 09:05:59,ADDRESS_UPDATE,EMAIL,REJECTED,False,49
3078,2617,SR00000003078,2026-03-01 18:12:57,STATEMENT_REQUEST,EMAIL,COMPLETED,True,26
3079,2618,SR00000003079,2026-08-20 06:11:20,LIMIT_CHANGE,HOTLINE,COMPLETED,False,77
3080,2619,SR00000003080,2026-08-12 11:54:18,ADDRESS_UPDATE,APP,PROCESSING,False,84
3081,2619,SR00000003081,2026-03-06 19:35:12,PIN_RESET,APP,COMPLETED,True,11
3082,2621,SR00000003082,2026-03-08 03:40:42,APP_SUPPORT,CHATBOT,NEW,False,48
3083,2622,SR00000003083,2026-03-27 21:30:20,APP_SUPPORT,APP,COMPLETED,True,12
3084,2622,SR00000003084,2026-04-19 15:11:27,CARD_REISSUE,APP,COMPLETED,True,37
3085,2622,SR00000003085,2026-03-27 18:01:27,PIN_RESET,APP,REJECTED,False,48
3086,2623,SR00000003086,2026-05-24 19:45:12,LIMIT_CHANGE,HOTLINE,COMPLETED,True,44
3087,2623,SR00000003087,2026-03-08 11:39:14,STATEMENT_REQUEST,APP,PROCESSING,True,39
3088,2624,SR00000003088,2026-05-21 04:40:25,STATEMENT_REQUEST,APP,COMPLETED,False,76
3089,2624,SR00000003089,2026-08-01 07:01:32,PIN_RESET,HOTLINE,COMPLETED,False,68
3090,2624,SR00000003090,2026-07-02 05:00:47,PIN_RESET,EMAIL,COMPLETED,True,30
3091,2624,SR00000003091,2026-04-03 02:40:53,APP_SUPPORT,APP,PROCESSING,False,59
3092,2627,SR00000003092,2026-04-03 02:31:38,CARD_REISSUE,APP,COMPLETED,True,26
3093,2627,SR00000003093,2026-04-04 19:03:50,STATEMENT_REQUEST,APP,COMPLETED,False,74
3094,2629,SR00000003094,2026-04-21 18:11:26,PIN_RESET,EMAIL,COMPLETED,False,62
3095,2632,SR00000003095,2026-07-01 16:42:28,PIN_RESET,APP,PROCESSING,False,88
3096,2634,SR00000003096,2026-03-22 10:38:56,CARD_REISSUE,BRANCH,COMPLETED,False,71
3097,2635,SR00000003097,2026-03-12 18:43:02,CARD_REISSUE,HOTLINE,COMPLETED,False,73
3098,2635,SR00000003098,2026-06-14 07:34:41,APP_SUPPORT,HOTLINE,COMPLETED,False,73
3099,2635,SR00000003099,2026-05-07 18:06:35,CARD_REISSUE,BRANCH,COMPLETED,True,39
3100,2636,SR00000003100,2026-07-20 11:41:59,APP_SUPPORT,APP,PROCESSING,False,55
3101,2636,SR00000003101,2026-08-14 03:36:29,ADDRESS_UPDATE,EMAIL,COMPLETED,False,70
3102,2637,SR00000003102,2026-06-26 10:30:07,APP_SUPPORT,HOTLINE,PROCESSING,False,81
3103,2637,SR00000003103,2026-03-24 03:43:52,STATEMENT_REQUEST,BRANCH,NEW,False,80
3104,2638,SR00000003104,2026-08-20 02:29:01,STATEMENT_REQUEST,CHATBOT,COMPLETED,False,66
3105,2638,SR00000003105,2026-03-05 15:46:45,LIMIT_CHANGE,APP,COMPLETED,True,13
3106,2641,SR00000003106,2026-07-05 22:30:21,PIN_RESET,BRANCH,COMPLETED,False,78
3107,2641,SR00000003107,2026-06-18 15:55:10,PIN_RESET,APP,PROCESSING,True,23
3108,2641,SR00000003108,2026-05-28 06:36:08,ACCOUNT_CLOSURE,HOTLINE,COMPLETED,False,88
3109,2641,SR00000003109,2026-08-17 04:10:20,ACCOUNT_CLOSURE,HOTLINE,PROCESSING,True,30
3110,2641,SR00000003110,2026-04-07 04:08:54,CARD_REISSUE,BRANCH,COMPLETED,False,67
3111,2642,SR00000003111,2026-05-31 14:27:54,PIN_RESET,APP,NEW,False,71
3112,2646,SR00000003112,2026-05-12 00:13:38,ADDRESS_UPDATE,HOTLINE,REJECTED,False,88
3113,2646,SR00000003113,2026-08-12 04:49:52,APP_SUPPORT,APP,COMPLETED,False,86
3114,2646,SR00000003114,2026-03-09 02:14:45,APP_SUPPORT,APP,PROCESSING,False,73
3115,2647,SR00000003115,2026-04-26 18:23:18,APP_SUPPORT,HOTLINE,COMPLETED,False,69
3116,2647,SR00000003116,2026-08-16 08:32:00,ADDRESS_UPDATE,APP,COMPLETED,True,31
3117,2648,SR00000003117,2026-03-22 16:11:18,STATEMENT_REQUEST,BRANCH,PROCESSING,True,35
3118,2648,SR00000003118,2026-06-13 23:03:24,ADDRESS_UPDATE,APP,PROCESSING,True,3
3119,2648,SR00000003119,2026-03-19 10:31:25,STATEMENT_REQUEST,APP,COMPLETED,True,33
3120,2648,SR00000003120,2026-04-30 14:57:19,APP_SUPPORT,APP,COMPLETED,True,42
3121,2648,SR00000003121,2026-05-24 21:57:18,STATEMENT_REQUEST,HOTLINE,COMPLETED,False,60
3122,2648,SR00000003122,2026-05-30 06:57:17,CARD_REISSUE,CHATBOT,COMPLETED,False,48
3123,2650,SR00000003123,2026-04-13 06:42:08,STATEMENT_REQUEST,EMAIL,PROCESSING,True,25
3124,2651,SR00000003124,2026-06-27 01:54:27,PIN_RESET,HOTLINE,COMPLETED,True,39
3125,2651,SR00000003125,2026-04-26 19:55:16,LIMIT_CHANGE,HOTLINE,REJECTED,False,83
3126,2654,SR00000003126,2026-05-04 04:51:38,DISPUTE,APP,COMPLETED,True,40
3127,2654,SR00000003127,2026-05-05 02:18:41,PIN_RESET,HOTLINE,NEW,True,39
3128,2654,SR00000003128,2026-07-04 20:59:08,PIN_RESET,APP,PROCESSING,False,61
3129,2658,SR00000003129,2026-03-10 00:01:26,LIMIT_CHANGE,CHATBOT,COMPLETED,False,59
3130,2658,SR00000003130,2026-06-08 02:36:58,STATEMENT_REQUEST,APP,PROCESSING,False,57
3131,2659,SR00000003131,2026-05-31 10:08:58,LIMIT_CHANGE,APP,NEW,False,80
3132,2660,SR00000003132,2026-05-27 04:48:38,PIN_RESET,CHATBOT,PROCESSING,True,17
3133,2661,SR00000003133,2026-03-24 04:19:06,LIMIT_CHANGE,HOTLINE,COMPLETED,True,19
3134,2663,SR00000003134,2026-05-11 11:14:18,APP_SUPPORT,HOTLINE,PROCESSING,True,29
3135,2664,SR00000003135,2026-04-29 15:53:09,DISPUTE,BRANCH,COMPLETED,True,28
3136,2664,SR00000003136,2026-06-27 05:47:44,LIMIT_CHANGE,EMAIL,COMPLETED,False,85
3137,2664,SR00000003137,2026-06-05 04:18:23,LIMIT_CHANGE,APP,COMPLETED,False,62
3138,2665,SR00000003138,2026-08-01 19:48:20,LIMIT_CHANGE,HOTLINE,COMPLETED,False,73
3139,2667,SR00000003139,2026-06-13 19:43:40,STATEMENT_REQUEST,HOTLINE,COMPLETED,False,67
3140,2668,SR00000003140,2026-08-10 22:12:14,ADDRESS_UPDATE,HOTLINE,COMPLETED,False,88
3141,2671,SR00000003141,2026-05-22 04:18:54,DISPUTE,HOTLINE,COMPLETED,False,54
3142,2672,SR00000003142,2026-08-14 22:52:24,ADDRESS_UPDATE,APP,COMPLETED,True,10
3143,2672,SR00000003143,2026-05-26 22:49:20,APP_SUPPORT,CHATBOT,NEW,True,38
3144,2672,SR00000003144,2026-03-02 09:44:30,PIN_RESET,BRANCH,COMPLETED,True,39
3145,2672,SR00000003145,2026-05-03 10:25:57,CARD_REISSUE,APP,COMPLETED,True,32
3146,2674,SR00000003146,2026-04-26 15:58:59,STATEMENT_REQUEST,EMAIL,COMPLETED,True,15
3147,2675,SR00000003147,2026-04-22 06:05:07,APP_SUPPORT,HOTLINE,PROCESSING,False,60
3148,2675,SR00000003148,2026-03-31 17:47:57,CARD_REISSUE,APP,COMPLETED,False,70
3149,2676,SR00000003149,2026-07-04 09:55:33,ADDRESS_UPDATE,APP,COMPLETED,False,56
3150,2677,SR00000003150,2026-03-20 01:13:42,CARD_REISSUE,BRANCH,COMPLETED,False,86
3151,2679,SR00000003151,2026-05-08 11:01:10,LIMIT_CHANGE,CHATBOT,COMPLETED,False,65
3152,2679,SR00000003152,2026-03-16 02:26:51,LIMIT_CHANGE,APP,PROCESSING,True,35
3153,2679,SR00000003153,2026-08-16 05:00:10,DISPUTE,EMAIL,COMPLETED,False,58
3154,2680,SR00000003154,2026-06-17 11:48:39,DISPUTE,EMAIL,COMPLETED,True,28
3155,2681,SR00000003155,2026-08-21 04:11:29,PIN_RESET,BRANCH,COMPLETED,False,57
3156,2684,SR00000003156,2026-04-23 03:58:58,APP_SUPPORT,APP,COMPLETED,True,14
3157,2686,SR00000003157,2026-07-30 13:42:24,APP_SUPPORT,HOTLINE,COMPLETED,True,34
3158,2686,SR00000003158,2026-06-14 11:34:28,LIMIT_CHANGE,HOTLINE,COMPLETED,True,35
3159,2686,SR00000003159,2026-08-11 22:18:25,APP_SUPPORT,BRANCH,NEW,False,69
3160,2687,SR00000003160,2026-05-11 23:54:44,APP_SUPPORT,HOTLINE,PROCESSING,False,71
3161,2688,SR00000003161,2026-04-20 05:13:03,CARD_REISSUE,APP,COMPLETED,False,66
3162,2690,SR00000003162,2026-07-25 17:25:35,CARD_REISSUE,CHATBOT,COMPLETED,True,31
3163,2692,SR00000003163,2026-04-27 23:29:51,DISPUTE,HOTLINE,COMPLETED,True,8
3164,2692,SR00000003164,2026-03-02 21:17:16,ACCOUNT_CLOSURE,BRANCH,COMPLETED,True,19
3165,2694,SR00000003165,2026-07-10 00:49:17,APP_SUPPORT,HOTLINE,COMPLETED,False,84
3166,2694,SR00000003166,2026-03-31 11:02:56,PIN_RESET,APP,REJECTED,True,4
3167,2695,SR00000003167,2026-04-01 15:21:04,DISPUTE,APP,COMPLETED,False,70
3168,2698,SR00000003168,2026-08-26 10:14:17,ACCOUNT_CLOSURE,APP,PROCESSING,False,70
3169,2700,SR00000003169,2026-05-07 19:34:01,ADDRESS_UPDATE,APP,COMPLETED,False,87
3170,2700,SR00000003170,2026-05-04 15:25:36,ADDRESS_UPDATE,BRANCH,COMPLETED,False,85
3171,2701,SR00000003171,2026-06-13 15:36:54,CARD_REISSUE,APP,COMPLETED,True,45
3172,2702,SR00000003172,2026-04-13 19:51:36,APP_SUPPORT,APP,NEW,True,43
3173,2702,SR00000003173,2026-05-11 05:04:50,APP_SUPPORT,EMAIL,COMPLETED,False,76
3174,2703,SR00000003174,2026-05-07 01:38:35,CARD_REISSUE,APP,PROCESSING,True,45
3175,2703,SR00000003175,2026-03-09 11:55:50,LIMIT_CHANGE,CHATBOT,COMPLETED,True,39
3176,2705,SR00000003176,2026-05-15 22:18:38,PIN_RESET,BRANCH,COMPLETED,True,32
3177,2705,SR00000003177,2026-04-20 09:12:31,DISPUTE,APP,PROCESSING,False,46
3178,2705,SR00000003178,2026-04-09 05:43:09,PIN_RESET,HOTLINE,COMPLETED,True,13
3179,2706,SR00000003179,2026-06-08 14:53:54,DISPUTE,HOTLINE,COMPLETED,False,48
3180,2706,SR00000003180,2026-05-15 23:50:19,STATEMENT_REQUEST,EMAIL,COMPLETED,True,31
3181,2706,SR00000003181,2026-06-24 11:00:27,PIN_RESET,HOTLINE,COMPLETED,False,83
3182,2709,SR00000003182,2026-07-16 03:57:57,STATEMENT_REQUEST,HOTLINE,COMPLETED,True,12
3183,2710,SR00000003183,2026-05-27 15:33:27,STATEMENT_REQUEST,HOTLINE,COMPLETED,True,28
3184,2710,SR00000003184,2026-08-16 11:26:18,STATEMENT_REQUEST,HOTLINE,NEW,False,59
3185,2711,SR00000003185,2026-05-15 06:36:38,DISPUTE,EMAIL,COMPLETED,False,47
3186,2712,SR00000003186,2026-04-12 12:22:31,APP_SUPPORT,CHATBOT,COMPLETED,False,86
3187,2714,SR00000003187,2026-03-01 16:33:58,ACCOUNT_CLOSURE,EMAIL,COMPLETED,True,18
3188,2717,SR00000003188,2026-06-22 13:39:47,LIMIT_CHANGE,APP,COMPLETED,True,25
3189,2719,SR00000003189,2026-03-17 21:25:00,APP_SUPPORT,HOTLINE,COMPLETED,True,26
3190,2721,SR00000003190,2026-03-23 13:43:03,ACCOUNT_CLOSURE,BRANCH,COMPLETED,False,84
3191,2721,SR00000003191,2026-07-28 02:13:49,APP_SUPPORT,APP,COMPLETED,True,18
3192,2721,SR00000003192,2026-05-26 21:59:34,APP_SUPPORT,BRANCH,COMPLETED,False,56
3193,2724,SR00000003193,2026-06-06 23:09:29,APP_SUPPORT,CHATBOT,COMPLETED,False,80
3194,2726,SR00000003194,2026-06-22 23:54:34,ACCOUNT_CLOSURE,APP,COMPLETED,True,21
3195,2726,SR00000003195,2026-07-22 01:03:13,ACCOUNT_CLOSURE,CHATBOT,COMPLETED,True,21
3196,2726,SR00000003196,2026-08-13 07:21:11,STATEMENT_REQUEST,EMAIL,COMPLETED,False,65
3197,2727,SR00000003197,2026-07-06 00:17:53,STATEMENT_REQUEST,HOTLINE,COMPLETED,False,55
3198,2729,SR00000003198,2026-05-31 11:38:34,ADDRESS_UPDATE,EMAIL,COMPLETED,False,60
3199,2730,SR00000003199,2026-06-14 17:32:27,LIMIT_CHANGE,CHATBOT,PROCESSING,True,21
3200,2730,SR00000003200,2026-05-29 01:10:00,PIN_RESET,HOTLINE,COMPLETED,False,79
3201,2732,SR00000003201,2026-05-27 11:51:31,CARD_REISSUE,EMAIL,COMPLETED,False,79
3202,2732,SR00000003202,2026-04-04 16:34:04,DISPUTE,APP,COMPLETED,True,18
3203,2736,SR00000003203,2026-04-30 02:42:27,DISPUTE,APP,COMPLETED,True,14
3204,2736,SR00000003204,2026-04-12 05:06:57,PIN_RESET,BRANCH,PROCESSING,False,61
3205,2739,SR00000003205,2026-03-22 13:22:22,PIN_RESET,HOTLINE,COMPLETED,False,63
3206,2739,SR00000003206,2026-07-24 19:27:16,ADDRESS_UPDATE,CHATBOT,COMPLETED,False,53
3207,2740,SR00000003207,2026-04-21 06:02:59,APP_SUPPORT,BRANCH,COMPLETED,False,75
3208,2740,SR00000003208,2026-08-01 19:19:45,CARD_REISSUE,APP,COMPLETED,False,63
3209,2741,SR00000003209,2026-08-11 21:06:48,APP_SUPPORT,HOTLINE,COMPLETED,False,54
3210,2741,SR00000003210,2026-05-04 04:09:15,ADDRESS_UPDATE,HOTLINE,COMPLETED,False,49
3211,2743,SR00000003211,2026-04-08 10:09:12,STATEMENT_REQUEST,EMAIL,PROCESSING,True,22
3212,2743,SR00000003212,2026-04-11 17:01:19,CARD_REISSUE,EMAIL,COMPLETED,False,88
3213,2745,SR00000003213,2026-05-18 03:52:27,DISPUTE,BRANCH,COMPLETED,False,63
3214,2745,SR00000003214,2026-08-17 07:20:19,ADDRESS_UPDATE,HOTLINE,REJECTED,True,41
3215,2746,SR00000003215,2026-03-12 18:30:07,ADDRESS_UPDATE,CHATBOT,PROCESSING,True,5
3216,2750,SR00000003216,2026-06-01 20:07:56,CARD_REISSUE,CHATBOT,COMPLETED,False,63
3217,2750,SR00000003217,2026-08-18 22:02:46,ADDRESS_UPDATE,EMAIL,COMPLETED,True,19
3218,2750,SR00000003218,2026-08-15 02:22:13,CARD_REISSUE,HOTLINE,COMPLETED,True,3
3219,2751,SR00000003219,2026-03-18 22:12:46,ADDRESS_UPDATE,BRANCH,COMPLETED,False,75
3220,2751,SR00000003220,2026-05-08 15:30:22,LIMIT_CHANGE,HOTLINE,COMPLETED,False,61
3221,2751,SR00000003221,2026-03-17 23:57:42,ADDRESS_UPDATE,EMAIL,REJECTED,True,6
3222,2751,SR00000003222,2026-04-17 20:24:53,LIMIT_CHANGE,CHATBOT,PROCESSING,False,48
3223,2754,SR00000003223,2026-05-02 16:40:30,DISPUTE,CHATBOT,COMPLETED,False,65
3224,2755,SR00000003224,2026-08-18 01:55:58,DISPUTE,HOTLINE,COMPLETED,False,87
3225,2755,SR00000003225,2026-05-31 05:49:02,STATEMENT_REQUEST,HOTLINE,COMPLETED,False,49
3226,2756,SR00000003226,2026-03-15 13:51:17,LIMIT_CHANGE,EMAIL,COMPLETED,True,24
3227,2758,SR00000003227,2026-03-25 07:59:16,STATEMENT_REQUEST,BRANCH,NEW,True,24
3228,2758,SR00000003228,2026-05-04 23:24:21,STATEMENT_REQUEST,BRANCH,COMPLETED,True,26
3229,2758,SR00000003229,2026-07-08 12:10:16,LIMIT_CHANGE,BRANCH,COMPLETED,False,88
3230,2758,SR00000003230,2026-04-03 00:02:49,APP_SUPPORT,HOTLINE,NEW,False,70
3231,2758,SR00000003231,2026-07-09 04:29:11,APP_SUPPORT,APP,PROCESSING,True,14
3232,2758,SR00000003232,2026-07-06 07:42:40,DISPUTE,HOTLINE,COMPLETED,True,23
3233,2758,SR00000003233,2026-07-27 05:38:38,APP_SUPPORT,HOTLINE,NEW,False,89
3234,2759,SR00000003234,2026-04-10 12:35:10,STATEMENT_REQUEST,HOTLINE,COMPLETED,False,68
3235,2759,SR00000003235,2026-04-08 13:26:44,PIN_RESET,HOTLINE,COMPLETED,False,65
3236,2759,SR00000003236,2026-07-20 12:23:39,CARD_REISSUE,HOTLINE,COMPLETED,True,41
3237,2759,SR00000003237,2026-03-11 12:21:39,ACCOUNT_CLOSURE,APP,PROCESSING,False,86
3238,2760,SR00000003238,2026-03-28 10:28:11,STATEMENT_REQUEST,EMAIL,COMPLETED,False,74
3239,2760,SR00000003239,2026-08-25 02:40:29,ADDRESS_UPDATE,HOTLINE,PROCESSING,True,40
3240,2761,SR00000003240,2026-05-08 23:54:52,APP_SUPPORT,APP,COMPLETED,True,37
3241,2762,SR00000003241,2026-07-01 10:52:43,APP_SUPPORT,BRANCH,COMPLETED,False,51
3242,2762,SR00000003242,2026-08-11 05:59:46,DISPUTE,HOTLINE,PROCESSING,False,73
3243,2764,SR00000003243,2026-07-10 01:59:38,DISPUTE,BRANCH,COMPLETED,False,88
3244,2765,SR00000003244,2026-03-24 14:42:16,APP_SUPPORT,APP,PROCESSING,True,9
3245,2765,SR00000003245,2026-05-11 15:30:25,PIN_RESET,BRANCH,COMPLETED,False,59
3246,2767,SR00000003246,2026-05-14 04:33:24,DISPUTE,APP,COMPLETED,False,69
3247,2768,SR00000003247,2026-04-30 22:38:16,LIMIT_CHANGE,APP,COMPLETED,False,50
3248,2768,SR00000003248,2026-07-24 18:39:24,CARD_REISSUE,APP,COMPLETED,True,26
3249,2768,SR00000003249,2026-08-21 07:34:47,DISPUTE,HOTLINE,COMPLETED,False,88
3250,2768,SR00000003250,2026-05-09 02:08:50,STATEMENT_REQUEST,CHATBOT,COMPLETED,True,29
3251,2768,SR00000003251,2026-08-17 03:03:11,PIN_RESET,HOTLINE,COMPLETED,True,12
3252,2768,SR00000003252,2026-04-11 22:43:21,APP_SUPPORT,APP,COMPLETED,True,42
3253,2769,SR00000003253,2026-07-04 18:56:18,ADDRESS_UPDATE,CHATBOT,COMPLETED,False,53
3254,2769,SR00000003254,2026-06-19 00:06:32,APP_SUPPORT,APP,PROCESSING,True,41
3255,2770,SR00000003255,2026-06-17 02:40:00,CARD_REISSUE,APP,COMPLETED,False,65
3256,2773,SR00000003256,2026-06-29 22:18:29,PIN_RESET,EMAIL,PROCESSING,False,47
3257,2773,SR00000003257,2026-04-30 20:01:49,DISPUTE,CHATBOT,COMPLETED,True,45
3258,2774,SR00000003258,2026-07-28 10:11:45,LIMIT_CHANGE,APP,COMPLETED,False,74
3259,2775,SR00000003259,2026-03-13 21:04:32,STATEMENT_REQUEST,APP,COMPLETED,True,40
3260,2775,SR00000003260,2026-08-10 09:35:48,CARD_REISSUE,APP,COMPLETED,False,52
3261,2775,SR00000003261,2026-05-07 10:12:28,PIN_RESET,APP,COMPLETED,True,31
3262,2775,SR00000003262,2026-07-14 10:45:01,APP_SUPPORT,HOTLINE,COMPLETED,True,6
3263,2777,SR00000003263,2026-03-11 19:59:11,PIN_RESET,HOTLINE,COMPLETED,True,19
3264,2778,SR00000003264,2026-06-30 16:34:50,APP_SUPPORT,EMAIL,COMPLETED,True,9
3265,2778,SR00000003265,2026-06-26 01:49:47,DISPUTE,HOTLINE,COMPLETED,True,32
3266,2779,SR00000003266,2026-04-21 01:58:56,LIMIT_CHANGE,APP,REJECTED,False,47
3267,2780,SR00000003267,2026-06-15 04:50:19,DISPUTE,EMAIL,COMPLETED,True,29
3268,2781,SR00000003268,2026-03-13 15:32:23,CARD_REISSUE,HOTLINE,COMPLETED,True,24
3269,2781,SR00000003269,2026-08-16 21:54:53,STATEMENT_REQUEST,HOTLINE,COMPLETED,True,18
3270,2782,SR00000003270,2026-07-14 12:36:02,CARD_REISSUE,APP,COMPLETED,True,39
3271,2785,SR00000003271,2026-08-20 22:27:06,CARD_REISSUE,HOTLINE,COMPLETED,False,63
3272,2787,SR00000003272,2026-07-27 05:27:13,APP_SUPPORT,HOTLINE,PROCESSING,False,69
3273,2787,SR00000003273,2026-03-27 06:34:10,LIMIT_CHANGE,HOTLINE,COMPLETED,False,78
3274,2787,SR00000003274,2026-04-09 05:23:00,DISPUTE,HOTLINE,COMPLETED,False,85
3275,2788,SR00000003275,2026-07-02 12:23:54,APP_SUPPORT,BRANCH,COMPLETED,True,32
3276,2789,SR00000003276,2026-06-26 09:08:47,LIMIT_CHANGE,APP,COMPLETED,True,18
3277,2790,SR00000003277,2026-04-13 12:14:44,STATEMENT_REQUEST,HOTLINE,COMPLETED,False,86
3278,2793,SR00000003278,2026-07-22 07:41:09,STATEMENT_REQUEST,HOTLINE,COMPLETED,False,65
3279,2793,SR00000003279,2026-05-18 07:34:32,ACCOUNT_CLOSURE,HOTLINE,COMPLETED,False,64
3280,2793,SR00000003280,2026-04-23 12:16:07,ACCOUNT_CLOSURE,APP,COMPLETED,False,82
3281,2793,SR00000003281,2026-06-24 23:33:49,APP_SUPPORT,BRANCH,COMPLETED,True,23
3282,2793,SR00000003282,2026-07-11 16:12:58,DISPUTE,EMAIL,PROCESSING,False,53
3283,2793,SR00000003283,2026-07-19 21:54:22,ACCOUNT_CLOSURE,BRANCH,COMPLETED,True,3
3284,2794,SR00000003284,2026-06-23 23:38:04,ACCOUNT_CLOSURE,APP,COMPLETED,True,36
3285,2796,SR00000003285,2026-07-30 07:03:08,STATEMENT_REQUEST,CHATBOT,COMPLETED,True,19
3286,2796,SR00000003286,2026-04-02 00:59:05,STATEMENT_REQUEST,APP,COMPLETED,True,25
3287,2798,SR00000003287,2026-05-02 02:10:14,PIN_RESET,CHATBOT,PROCESSING,True,32
3288,2799,SR00000003288,2026-08-10 16:50:27,APP_SUPPORT,HOTLINE,COMPLETED,True,43
3289,2799,SR00000003289,2026-04-21 14:56:34,ADDRESS_UPDATE,HOTLINE,COMPLETED,True,5
3290,2799,SR00000003290,2026-06-08 01:23:05,LIMIT_CHANGE,BRANCH,COMPLETED,True,20
3291,2803,SR00000003291,2026-07-26 04:56:34,CARD_REISSUE,HOTLINE,COMPLETED,False,57
3292,2803,SR00000003292,2026-06-11 22:14:41,CARD_REISSUE,HOTLINE,COMPLETED,True,35
3293,2804,SR00000003293,2026-05-18 07:22:09,PIN_RESET,APP,COMPLETED,True,13
3294,2804,SR00000003294,2026-08-27 08:03:25,CARD_REISSUE,BRANCH,COMPLETED,True,31
3295,2805,SR00000003295,2026-06-26 23:45:51,STATEMENT_REQUEST,EMAIL,COMPLETED,True,36
3296,2805,SR00000003296,2026-05-14 02:39:21,CARD_REISSUE,APP,COMPLETED,True,6
3297,2806,SR00000003297,2026-04-25 07:24:06,APP_SUPPORT,HOTLINE,COMPLETED,True,14
3298,2806,SR00000003298,2026-07-13 18:31:40,PIN_RESET,BRANCH,COMPLETED,True,32
3299,2806,SR00000003299,2026-05-30 15:34:03,ADDRESS_UPDATE,HOTLINE,PROCESSING,True,5
3300,2808,SR00000003300,2026-04-24 04:30:40,CARD_REISSUE,BRANCH,NEW,False,72
3301,2808,SR00000003301,2026-07-10 07:14:37,ACCOUNT_CLOSURE,HOTLINE,COMPLETED,False,64
3302,2808,SR00000003302,2026-06-11 21:37:21,LIMIT_CHANGE,HOTLINE,COMPLETED,True,36
3303,2808,SR00000003303,2026-08-01 20:12:13,APP_SUPPORT,HOTLINE,COMPLETED,True,43
3304,2809,SR00000003304,2026-07-28 09:57:17,APP_SUPPORT,EMAIL,COMPLETED,True,39
3305,2810,SR00000003305,2026-04-08 14:26:03,APP_SUPPORT,HOTLINE,COMPLETED,False,60
3306,2810,SR00000003306,2026-04-28 20:55:53,ADDRESS_UPDATE,BRANCH,COMPLETED,True,9
3307,2811,SR00000003307,2026-05-22 18:25:07,CARD_REISSUE,APP,COMPLETED,True,22
3308,2813,SR00000003308,2026-05-07 03:55:40,APP_SUPPORT,APP,COMPLETED,False,84
3309,2814,SR00000003309,2026-05-06 01:35:38,PIN_RESET,BRANCH,PROCESSING,True,43
3310,2815,SR00000003310,2026-03-14 13:34:45,STATEMENT_REQUEST,APP,COMPLETED,False,56
3311,2816,SR00000003311,2026-07-21 07:47:38,STATEMENT_REQUEST,APP,COMPLETED,False,61
3312,2817,SR00000003312,2026-05-22 05:56:04,CARD_REISSUE,APP,PROCESSING,False,77
3313,2818,SR00000003313,2026-06-22 17:32:26,APP_SUPPORT,APP,COMPLETED,True,22
3314,2818,SR00000003314,2026-03-06 01:17:41,PIN_RESET,BRANCH,PROCESSING,False,58
3315,2818,SR00000003315,2026-04-13 08:44:04,DISPUTE,HOTLINE,COMPLETED,False,76
3316,2819,SR00000003316,2026-07-29 18:35:52,ADDRESS_UPDATE,HOTLINE,COMPLETED,False,74
3317,2822,SR00000003317,2026-04-28 16:22:56,PIN_RESET,EMAIL,PROCESSING,False,54
3318,2822,SR00000003318,2026-04-13 08:27:52,ACCOUNT_CLOSURE,BRANCH,NEW,True,7
3319,2823,SR00000003319,2026-04-13 15:58:07,STATEMENT_REQUEST,HOTLINE,PROCESSING,False,52
3320,2823,SR00000003320,2026-08-19 04:04:44,CARD_REISSUE,HOTLINE,COMPLETED,True,28
3321,2824,SR00000003321,2026-03-30 16:01:53,LIMIT_CHANGE,CHATBOT,COMPLETED,True,33
3322,2825,SR00000003322,2026-02-28 10:16:30,ADDRESS_UPDATE,CHATBOT,COMPLETED,True,41
3323,2826,SR00000003323,2026-04-15 15:21:27,LIMIT_CHANGE,EMAIL,COMPLETED,False,71
3324,2826,SR00000003324,2026-06-05 17:44:29,CARD_REISSUE,BRANCH,COMPLETED,True,24
3325,2826,SR00000003325,2026-06-30 17:36:37,CARD_REISSUE,EMAIL,COMPLETED,False,57
3326,2827,SR00000003326,2026-05-21 04:28:37,PIN_RESET,HOTLINE,COMPLETED,False,70
3327,2829,SR00000003327,2026-08-26 20:25:17,APP_SUPPORT,EMAIL,COMPLETED,False,52
3328,2829,SR00000003328,2026-03-14 08:16:00,DISPUTE,HOTLINE,COMPLETED,False,79
3329,2830,SR00000003329,2026-06-03 00:19:55,PIN_RESET,HOTLINE,COMPLETED,False,78
3330,2830,SR00000003330,2026-03-18 00:05:44,CARD_REISSUE,CHATBOT,COMPLETED,False,86
3331,2831,SR00000003331,2026-07-27 03:32:11,STATEMENT_REQUEST,APP,COMPLETED,False,81
3332,2831,SR00000003332,2026-04-01 21:47:09,APP_SUPPORT,HOTLINE,COMPLETED,False,77
3333,2835,SR00000003333,2026-03-27 06:35:50,ADDRESS_UPDATE,BRANCH,COMPLETED,False,63
3334,2835,SR00000003334,2026-06-23 16:52:00,PIN_RESET,BRANCH,PROCESSING,True,19
3335,2835,SR00000003335,2026-05-05 04:50:52,ADDRESS_UPDATE,APP,COMPLETED,True,10
3336,2835,SR00000003336,2026-06-08 00:34:24,PIN_RESET,BRANCH,COMPLETED,False,73
3337,2837,SR00000003337,2026-04-11 21:27:46,APP_SUPPORT,HOTLINE,COMPLETED,True,43
3338,2839,SR00000003338,2026-08-09 23:33:13,APP_SUPPORT,EMAIL,COMPLETED,True,33
3339,2840,SR00000003339,2026-03-28 10:24:11,APP_SUPPORT,BRANCH,COMPLETED,False,48
3340,2841,SR00000003340,2026-08-10 22:15:16,STATEMENT_REQUEST,BRANCH,PROCESSING,True,43
3341,2841,SR00000003341,2026-03-24 05:47:03,CARD_REISSUE,CHATBOT,COMPLETED,True,40
3342,2842,SR00000003342,2026-07-06 21:19:48,STATEMENT_REQUEST,HOTLINE,COMPLETED,True,43
3343,2842,SR00000003343,2026-08-09 05:01:39,LIMIT_CHANGE,APP,COMPLETED,False,56
3344,2842,SR00000003344,2026-06-07 14:36:36,APP_SUPPORT,EMAIL,COMPLETED,True,42
3345,2842,SR00000003345,2026-08-04 21:47:32,CARD_REISSUE,HOTLINE,NEW,False,60
3346,2845,SR00000003346,2026-06-01 21:01:31,CARD_REISSUE,HOTLINE,REJECTED,True,37
3347,2845,SR00000003347,2026-07-12 10:55:04,APP_SUPPORT,APP,COMPLETED,True,19
3348,2848,SR00000003348,2026-08-10 17:24:07,CARD_REISSUE,EMAIL,COMPLETED,False,86
3349,2850,SR00000003349,2026-07-05 23:45:30,STATEMENT_REQUEST,APP,COMPLETED,False,54
3350,2851,SR00000003350,2026-05-16 01:29:37,LIMIT_CHANGE,APP,COMPLETED,False,49
3351,2853,SR00000003351,2026-06-13 09:38:29,APP_SUPPORT,APP,COMPLETED,True,3
3352,2855,SR00000003352,2026-08-26 19:17:44,ADDRESS_UPDATE,BRANCH,COMPLETED,False,56
3353,2855,SR00000003353,2026-05-15 20:05:16,APP_SUPPORT,APP,COMPLETED,True,7
3354,2856,SR00000003354,2026-04-05 12:09:56,CARD_REISSUE,HOTLINE,COMPLETED,True,32
3355,2858,SR00000003355,2026-07-06 10:11:17,STATEMENT_REQUEST,BRANCH,PROCESSING,True,25
3356,2859,SR00000003356,2026-03-18 06:59:12,ACCOUNT_CLOSURE,HOTLINE,NEW,False,73
3357,2859,SR00000003357,2026-03-22 11:33:32,STATEMENT_REQUEST,APP,NEW,False,70
3358,2859,SR00000003358,2026-03-03 22:29:54,ACCOUNT_CLOSURE,BRANCH,COMPLETED,True,20
3359,2860,SR00000003359,2026-04-28 23:55:39,ADDRESS_UPDATE,HOTLINE,COMPLETED,True,17
3360,2860,SR00000003360,2026-04-07 12:36:04,PIN_RESET,APP,COMPLETED,True,8
3361,2860,SR00000003361,2026-08-26 21:11:45,DISPUTE,CHATBOT,COMPLETED,False,88
3362,2860,SR00000003362,2026-07-24 00:58:24,LIMIT_CHANGE,APP,COMPLETED,True,23
3363,2860,SR00000003363,2026-04-25 19:07:31,STATEMENT_REQUEST,EMAIL,COMPLETED,True,42
3364,2861,SR00000003364,2026-04-10 19:37:01,APP_SUPPORT,HOTLINE,PROCESSING,True,38
3365,2861,SR00000003365,2026-03-22 16:11:56,PIN_RESET,HOTLINE,COMPLETED,True,28
3366,2862,SR00000003366,2026-03-13 00:09:42,ADDRESS_UPDATE,APP,COMPLETED,True,36
3367,2862,SR00000003367,2026-03-12 13:29:05,APP_SUPPORT,BRANCH,COMPLETED,False,85
3368,2863,SR00000003368,2026-04-16 05:16:26,DISPUTE,HOTLINE,COMPLETED,False,53
3369,2864,SR00000003369,2026-03-13 16:28:18,PIN_RESET,HOTLINE,PROCESSING,True,17
3370,2865,SR00000003370,2026-06-20 10:25:19,LIMIT_CHANGE,APP,COMPLETED,False,49
3371,2866,SR00000003371,2026-03-12 20:55:36,DISPUTE,APP,REJECTED,False,48
3372,2870,SR00000003372,2026-03-28 13:06:42,ADDRESS_UPDATE,CHATBOT,COMPLETED,True,24
3373,2870,SR00000003373,2026-05-04 03:17:54,ADDRESS_UPDATE,HOTLINE,PROCESSING,False,78
3374,2870,SR00000003374,2026-05-29 10:33:44,DISPUTE,HOTLINE,COMPLETED,True,16
3375,2871,SR00000003375,2026-04-24 08:29:54,DISPUTE,BRANCH,COMPLETED,False,82
3376,2871,SR00000003376,2026-05-06 06:05:05,APP_SUPPORT,BRANCH,COMPLETED,True,13
3377,2871,SR00000003377,2026-05-28 04:19:37,ADDRESS_UPDATE,EMAIL,COMPLETED,True,22
3378,2871,SR00000003378,2026-08-04 01:59:55,LIMIT_CHANGE,EMAIL,COMPLETED,True,45
3379,2873,SR00000003379,2026-06-15 21:49:53,PIN_RESET,BRANCH,COMPLETED,False,85
3380,2873,SR00000003380,2026-07-15 03:40:30,STATEMENT_REQUEST,BRANCH,COMPLETED,True,18
3381,2874,SR00000003381,2026-04-29 17:56:57,ADDRESS_UPDATE,APP,COMPLETED,True,40
3382,2874,SR00000003382,2026-03-01 14:17:25,STATEMENT_REQUEST,APP,PROCESSING,True,13
3383,2874,SR00000003383,2026-04-29 01:24:27,DISPUTE,HOTLINE,COMPLETED,True,45
3384,2874,SR00000003384,2026-04-21 17:35:07,APP_SUPPORT,HOTLINE,COMPLETED,True,27
3385,2874,SR00000003385,2026-03-14 08:10:05,APP_SUPPORT,CHATBOT,COMPLETED,False,57
3386,2875,SR00000003386,2026-06-19 07:13:41,ACCOUNT_CLOSURE,APP,COMPLETED,True,27
3387,2875,SR00000003387,2026-04-05 19:43:53,CARD_REISSUE,HOTLINE,COMPLETED,True,15
3388,2878,SR00000003388,2026-07-09 01:19:29,ADDRESS_UPDATE,HOTLINE,COMPLETED,False,69
3389,2879,SR00000003389,2026-05-05 05:17:29,STATEMENT_REQUEST,APP,COMPLETED,False,56
3390,2880,SR00000003390,2026-03-08 04:59:57,ADDRESS_UPDATE,BRANCH,COMPLETED,False,61
3391,2880,SR00000003391,2026-03-17 18:37:41,PIN_RESET,HOTLINE,COMPLETED,False,57
3392,2881,SR00000003392,2026-08-26 17:32:18,ADDRESS_UPDATE,CHATBOT,COMPLETED,False,61
3393,2882,SR00000003393,2026-03-05 20:30:38,CARD_REISSUE,HOTLINE,PROCESSING,True,32
3394,2884,SR00000003394,2026-03-15 23:47:55,LIMIT_CHANGE,HOTLINE,COMPLETED,True,29
3395,2884,SR00000003395,2026-04-30 03:05:53,DISPUTE,HOTLINE,COMPLETED,False,79
3396,2885,SR00000003396,2026-06-23 05:36:10,ADDRESS_UPDATE,HOTLINE,COMPLETED,False,83
3397,2888,SR00000003397,2026-07-26 13:25:24,ADDRESS_UPDATE,CHATBOT,COMPLETED,False,58
3398,2890,SR00000003398,2026-07-24 05:50:30,LIMIT_CHANGE,HOTLINE,COMPLETED,True,3
3399,2890,SR00000003399,2026-03-26 11:59:39,PIN_RESET,HOTLINE,PROCESSING,False,77
3400,2893,SR00000003400,2026-06-08 20:24:44,CARD_REISSUE,EMAIL,COMPLETED,True,29
3401,2894,SR00000003401,2026-07-17 14:13:29,ADDRESS_UPDATE,EMAIL,COMPLETED,False,77
3402,2894,SR00000003402,2026-05-08 10:09:47,CARD_REISSUE,APP,PROCESSING,True,44
3403,2895,SR00000003403,2026-07-11 19:29:41,ACCOUNT_CLOSURE,HOTLINE,COMPLETED,True,40
3404,2896,SR00000003404,2026-05-04 17:46:00,DISPUTE,EMAIL,COMPLETED,True,36
3405,2896,SR00000003405,2026-03-04 05:05:27,STATEMENT_REQUEST,HOTLINE,COMPLETED,False,80
3406,2898,SR00000003406,2026-06-07 19:00:28,APP_SUPPORT,BRANCH,COMPLETED,True,27
3407,2900,SR00000003407,2026-07-24 02:02:17,APP_SUPPORT,APP,COMPLETED,False,84
3408,2906,SR00000003408,2026-03-10 17:47:17,APP_SUPPORT,HOTLINE,COMPLETED,True,10
3409,2909,SR00000003409,2026-05-31 04:44:57,LIMIT_CHANGE,APP,COMPLETED,False,84
3410,2910,SR00000003410,2026-03-01 21:52:13,DISPUTE,BRANCH,COMPLETED,False,63
3411,2910,SR00000003411,2026-08-21 10:34:29,APP_SUPPORT,APP,NEW,True,27
3412,2910,SR00000003412,2026-06-09 00:53:27,CARD_REISSUE,HOTLINE,COMPLETED,False,47
3413,2912,SR00000003413,2026-07-01 21:43:10,CARD_REISSUE,APP,PROCESSING,True,21
3414,2914,SR00000003414,2026-07-11 09:11:34,PIN_RESET,HOTLINE,COMPLETED,False,52
3415,2914,SR00000003415,2026-06-21 06:33:56,APP_SUPPORT,APP,COMPLETED,True,31
3416,2914,SR00000003416,2026-08-06 11:48:18,STATEMENT_REQUEST,EMAIL,COMPLETED,True,20
3417,2915,SR00000003417,2026-07-15 00:01:38,APP_SUPPORT,APP,COMPLETED,True,19
3418,2919,SR00000003418,2026-07-04 06:55:51,LIMIT_CHANGE,HOTLINE,COMPLETED,True,42
3419,2920,SR00000003419,2026-07-31 21:22:11,ACCOUNT_CLOSURE,APP,COMPLETED,False,66
3420,2920,SR00000003420,2026-05-19 04:03:39,APP_SUPPORT,HOTLINE,COMPLETED,False,79
3421,2920,SR00000003421,2026-03-10 02:25:29,ACCOUNT_CLOSURE,APP,COMPLETED,True,35
3422,2921,SR00000003422,2026-06-06 21:57:56,ADDRESS_UPDATE,BRANCH,COMPLETED,True,24
3423,2921,SR00000003423,2026-05-03 10:36:20,CARD_REISSUE,HOTLINE,COMPLETED,False,58
3424,2921,SR00000003424,2026-04-12 07:13:52,LIMIT_CHANGE,BRANCH,COMPLETED,True,3
3425,2922,SR00000003425,2026-03-18 20:31:15,APP_SUPPORT,HOTLINE,COMPLETED,False,75
3426,2922,SR00000003426,2026-08-02 23:13:58,ADDRESS_UPDATE,APP,COMPLETED,True,20
3427,2923,SR00000003427,2026-03-21 19:51:11,PIN_RESET,BRANCH,COMPLETED,True,11
3428,2923,SR00000003428,2026-08-09 09:07:32,APP_SUPPORT,HOTLINE,PROCESSING,False,50
3429,2925,SR00000003429,2026-06-01 14:24:44,PIN_RESET,EMAIL,PROCESSING,True,35
3430,2926,SR00000003430,2026-04-06 23:21:52,CARD_REISSUE,EMAIL,COMPLETED,False,77
3431,2926,SR00000003431,2026-03-06 09:03:38,CARD_REISSUE,BRANCH,NEW,True,35
3432,2927,SR00000003432,2026-08-04 10:39:04,ACCOUNT_CLOSURE,HOTLINE,COMPLETED,True,24
3433,2928,SR00000003433,2026-03-03 02:40:20,PIN_RESET,CHATBOT,COMPLETED,False,72
3434,2930,SR00000003434,2026-08-06 01:52:34,PIN_RESET,BRANCH,COMPLETED,True,34
3435,2930,SR00000003435,2026-08-21 18:06:46,STATEMENT_REQUEST,HOTLINE,COMPLETED,False,67
3436,2930,SR00000003436,2026-06-19 20:32:22,ACCOUNT_CLOSURE,HOTLINE,COMPLETED,False,89
3437,2930,SR00000003437,2026-03-17 11:13:21,ACCOUNT_CLOSURE,EMAIL,COMPLETED,True,41
3438,2931,SR00000003438,2026-04-20 00:20:10,PIN_RESET,HOTLINE,COMPLETED,True,6
3439,2931,SR00000003439,2026-04-02 22:37:37,CARD_REISSUE,EMAIL,COMPLETED,False,46
3440,2931,SR00000003440,2026-07-19 20:01:29,STATEMENT_REQUEST,APP,COMPLETED,True,22
3441,2931,SR00000003441,2026-04-26 04:10:05,PIN_RESET,CHATBOT,COMPLETED,True,43
3442,2931,SR00000003442,2026-07-30 11:04:10,PIN_RESET,APP,COMPLETED,True,16
3443,2932,SR00000003443,2026-04-08 01:32:39,CARD_REISSUE,APP,COMPLETED,False,83
3444,2933,SR00000003444,2026-05-16 06:38:35,APP_SUPPORT,EMAIL,COMPLETED,True,8
3445,2933,SR00000003445,2026-04-25 15:18:13,DISPUTE,APP,COMPLETED,False,50
3446,2934,SR00000003446,2026-05-02 08:08:36,CARD_REISSUE,BRANCH,COMPLETED,True,45
3447,2935,SR00000003447,2026-04-10 22:16:45,PIN_RESET,HOTLINE,COMPLETED,True,17
3448,2935,SR00000003448,2026-03-28 12:55:00,DISPUTE,BRANCH,COMPLETED,False,62
3449,2935,SR00000003449,2026-05-12 06:22:02,ADDRESS_UPDATE,APP,PROCESSING,True,23
3450,2935,SR00000003450,2026-08-19 11:36:21,APP_SUPPORT,APP,NEW,False,79
3451,2936,SR00000003451,2026-07-04 10:33:07,STATEMENT_REQUEST,BRANCH,COMPLETED,False,68
3452,2938,SR00000003452,2026-05-31 23:58:24,DISPUTE,APP,COMPLETED,True,29
3453,2939,SR00000003453,2026-03-24 22:18:04,STATEMENT_REQUEST,EMAIL,COMPLETED,False,59
3454,2940,SR00000003454,2026-08-14 01:33:35,ADDRESS_UPDATE,HOTLINE,COMPLETED,False,51
3455,2940,SR00000003455,2026-03-20 08:28:54,DISPUTE,EMAIL,COMPLETED,True,27
3456,2940,SR00000003456,2026-03-20 20:12:27,LIMIT_CHANGE,HOTLINE,COMPLETED,False,69
3457,2940,SR00000003457,2026-07-18 08:58:43,CARD_REISSUE,HOTLINE,PROCESSING,False,46
3458,2942,SR00000003458,2026-03-19 12:18:17,DISPUTE,HOTLINE,COMPLETED,True,13
3459,2942,SR00000003459,2026-06-15 06:59:09,PIN_RESET,BRANCH,COMPLETED,False,46
3460,2943,SR00000003460,2026-04-22 05:44:15,STATEMENT_REQUEST,BRANCH,COMPLETED,True,7
3461,2945,SR00000003461,2026-04-12 19:18:04,CARD_REISSUE,EMAIL,COMPLETED,True,29
3462,2945,SR00000003462,2026-08-26 06:29:58,DISPUTE,APP,NEW,False,85
3463,2947,SR00000003463,2026-04-03 10:32:23,APP_SUPPORT,APP,COMPLETED,False,61
3464,2948,SR00000003464,2026-05-07 09:52:30,PIN_RESET,HOTLINE,COMPLETED,False,84
3465,2951,SR00000003465,2026-04-17 15:58:16,APP_SUPPORT,EMAIL,COMPLETED,True,11
3466,2951,SR00000003466,2026-03-06 12:35:50,STATEMENT_REQUEST,APP,COMPLETED,False,80
3467,2952,SR00000003467,2026-08-20 23:32:48,ADDRESS_UPDATE,HOTLINE,COMPLETED,True,8
3468,2952,SR00000003468,2026-04-29 08:45:27,APP_SUPPORT,BRANCH,COMPLETED,False,58
3469,2952,SR00000003469,2026-04-23 00:46:05,DISPUTE,HOTLINE,COMPLETED,False,79
3470,2953,SR00000003470,2026-04-27 07:13:44,PIN_RESET,EMAIL,COMPLETED,False,71
3471,2953,SR00000003471,2026-07-09 23:55:01,DISPUTE,HOTLINE,COMPLETED,False,88
3472,2955,SR00000003472,2026-03-28 21:19:00,APP_SUPPORT,HOTLINE,COMPLETED,True,14
3473,2955,SR00000003473,2026-05-24 02:26:00,CARD_REISSUE,CHATBOT,PROCESSING,False,59
3474,2956,SR00000003474,2026-03-10 16:11:14,DISPUTE,HOTLINE,COMPLETED,False,79
3475,2956,SR00000003475,2026-07-18 06:06:04,PIN_RESET,EMAIL,COMPLETED,True,11
3476,2956,SR00000003476,2026-04-18 12:59:08,CARD_REISSUE,HOTLINE,NEW,True,4
3477,2956,SR00000003477,2026-07-12 10:03:46,PIN_RESET,CHATBOT,COMPLETED,True,43
3478,2958,SR00000003478,2026-04-01 20:13:59,APP_SUPPORT,HOTLINE,NEW,True,45
3479,2959,SR00000003479,2026-08-23 02:27:53,CARD_REISSUE,HOTLINE,COMPLETED,False,63
3480,2959,SR00000003480,2026-05-28 23:11:17,STATEMENT_REQUEST,BRANCH,COMPLETED,False,48
3481,2960,SR00000003481,2026-06-18 14:49:38,DISPUTE,BRANCH,COMPLETED,True,18
3482,2962,SR00000003482,2026-05-02 19:14:24,ADDRESS_UPDATE,EMAIL,COMPLETED,False,77
3483,2963,SR00000003483,2026-03-10 01:49:31,DISPUTE,EMAIL,COMPLETED,True,13
3484,2963,SR00000003484,2026-06-22 17:23:44,CARD_REISSUE,HOTLINE,COMPLETED,False,76
3485,2963,SR00000003485,2026-04-19 08:13:46,DISPUTE,APP,COMPLETED,False,86
3486,2965,SR00000003486,2026-07-01 07:31:07,APP_SUPPORT,BRANCH,COMPLETED,True,3
3487,2966,SR00000003487,2026-07-25 09:19:13,PIN_RESET,EMAIL,COMPLETED,True,31
3488,2967,SR00000003488,2026-03-16 06:22:27,LIMIT_CHANGE,HOTLINE,COMPLETED,True,30
3489,2968,SR00000003489,2026-07-21 08:53:46,APP_SUPPORT,BRANCH,COMPLETED,True,28
3490,2969,SR00000003490,2026-04-30 02:02:51,ACCOUNT_CLOSURE,HOTLINE,COMPLETED,True,43
3491,2970,SR00000003491,2026-03-10 13:52:09,APP_SUPPORT,APP,PROCESSING,False,71
3492,2972,SR00000003492,2026-08-07 16:49:06,LIMIT_CHANGE,HOTLINE,PROCESSING,True,23
3493,2972,SR00000003493,2026-07-21 18:27:00,PIN_RESET,EMAIL,REJECTED,False,72
3494,2972,SR00000003494,2026-03-09 15:20:29,STATEMENT_REQUEST,BRANCH,COMPLETED,True,35
3495,2973,SR00000003495,2026-07-12 14:34:28,APP_SUPPORT,APP,PROCESSING,True,16
3496,2973,SR00000003496,2026-04-10 00:11:51,STATEMENT_REQUEST,HOTLINE,NEW,True,35
3497,2974,SR00000003497,2026-07-29 12:43:08,APP_SUPPORT,CHATBOT,COMPLETED,True,6
3498,2974,SR00000003498,2026-07-23 22:59:00,ADDRESS_UPDATE,BRANCH,COMPLETED,False,75
3499,2975,SR00000003499,2026-03-17 22:37:50,DISPUTE,APP,COMPLETED,False,63
3500,2976,SR00000003500,2026-08-05 01:20:19,DISPUTE,HOTLINE,COMPLETED,False,81
3501,2977,SR00000003501,2026-08-15 21:24:45,STATEMENT_REQUEST,EMAIL,COMPLETED,False,47
3502,2978,SR00000003502,2026-04-25 18:46:48,APP_SUPPORT,APP,COMPLETED,True,16
3503,2978,SR00000003503,2026-04-17 04:33:23,STATEMENT_REQUEST,BRANCH,COMPLETED,True,15
3504,2980,SR00000003504,2026-04-25 15:50:22,PIN_RESET,APP,COMPLETED,False,62
3505,2981,SR00000003505,2026-04-03 04:41:11,LIMIT_CHANGE,CHATBOT,COMPLETED,False,72
3506,2981,SR00000003506,2026-08-24 19:44:58,DISPUTE,BRANCH,COMPLETED,False,55
3507,2982,SR00000003507,2026-03-18 05:19:56,LIMIT_CHANGE,BRANCH,COMPLETED,True,12
3508,2984,SR00000003508,2026-06-27 07:49:58,APP_SUPPORT,HOTLINE,COMPLETED,True,24
3509,2985,SR00000003509,2026-04-19 17:59:11,LIMIT_CHANGE,APP,COMPLETED,False,63
3510,2985,SR00000003510,2026-04-16 09:18:31,CARD_REISSUE,APP,COMPLETED,True,16
3511,2986,SR00000003511,2026-03-29 16:12:24,PIN_RESET,BRANCH,COMPLETED,False,64
3512,2986,SR00000003512,2026-04-19 20:55:14,APP_SUPPORT,BRANCH,COMPLETED,True,38
3513,2987,SR00000003513,2026-03-04 01:10:39,STATEMENT_REQUEST,BRANCH,NEW,True,22
3514,2987,SR00000003514,2026-06-22 14:51:38,APP_SUPPORT,CHATBOT,COMPLETED,False,88
3515,2987,SR00000003515,2026-03-21 19:04:37,CARD_REISSUE,HOTLINE,COMPLETED,False,68
3516,2989,SR00000003516,2026-03-20 02:14:39,CARD_REISSUE,BRANCH,PROCESSING,True,21
3517,2989,SR00000003517,2026-03-13 15:29:18,DISPUTE,CHATBOT,PROCESSING,True,39
3518,2990,SR00000003518,2026-05-05 03:44:52,PIN_RESET,HOTLINE,COMPLETED,True,12
3519,2991,SR00000003519,2026-07-12 05:44:54,CARD_REISSUE,HOTLINE,COMPLETED,False,64
3520,2991,SR00000003520,2026-08-26 19:34:43,ADDRESS_UPDATE,CHATBOT,COMPLETED,True,13
3521,2991,SR00000003521,2026-04-11 13:59:57,ADDRESS_UPDATE,CHATBOT,COMPLETED,True,32
3522,2994,SR00000003522,2026-06-02 06:05:29,DISPUTE,APP,COMPLETED,False,52
3523,2995,SR00000003523,2026-07-25 15:02:31,DISPUTE,EMAIL,COMPLETED,True,13
3524,2996,SR00000003524,2026-08-22 20:47:40,STATEMENT_REQUEST,BRANCH,REJECTED,True,34
3525,2996,SR00000003525,2026-06-22 10:36:06,ADDRESS_UPDATE,EMAIL,NEW,True,45
3526,2997,SR00000003526,2026-05-12 12:38:09,LIMIT_CHANGE,APP,COMPLETED,False,58
3527,2998,SR00000003527,2026-05-19 19:11:58,PIN_RESET,BRANCH,COMPLETED,False,75
3528,2999,SR00000003528,2026-07-17 03:07:55,DISPUTE,HOTLINE,COMPLETED,False,63
3529,3003,SR00000003529,2026-04-28 09:11:42,ADDRESS_UPDATE,EMAIL,COMPLETED,False,52
3530,3004,SR00000003530,2026-06-17 06:54:56,PIN_RESET,HOTLINE,REJECTED,False,79
3531,3005,SR00000003531,2026-03-05 06:22:08,CARD_REISSUE,BRANCH,COMPLETED,True,32
3532,3006,SR00000003532,2026-06-11 12:16:29,DISPUTE,HOTLINE,COMPLETED,False,60
3533,3007,SR00000003533,2026-08-12 21:02:27,CARD_REISSUE,APP,COMPLETED,False,75
3534,3007,SR00000003534,2026-07-19 10:09:57,CARD_REISSUE,APP,PROCESSING,False,63
3535,3007,SR00000003535,2026-03-12 21:10:33,APP_SUPPORT,HOTLINE,COMPLETED,False,50
3536,3008,SR00000003536,2026-05-27 09:40:05,CARD_REISSUE,HOTLINE,COMPLETED,False,79
3537,3009,SR00000003537,2026-03-01 15:51:12,PIN_RESET,HOTLINE,COMPLETED,True,7
3538,3009,SR00000003538,2026-07-23 12:48:35,STATEMENT_REQUEST,HOTLINE,COMPLETED,True,29
3539,3009,SR00000003539,2026-07-13 08:02:08,STATEMENT_REQUEST,HOTLINE,COMPLETED,True,23
3540,3010,SR00000003540,2026-07-07 04:55:51,PIN_RESET,APP,COMPLETED,True,14
3541,3011,SR00000003541,2026-08-21 18:14:41,PIN_RESET,HOTLINE,COMPLETED,True,18
3542,3011,SR00000003542,2026-02-28 19:13:33,ADDRESS_UPDATE,CHATBOT,COMPLETED,True,44
3543,3014,SR00000003543,2026-07-28 01:31:45,APP_SUPPORT,HOTLINE,COMPLETED,True,33
3544,3014,SR00000003544,2026-04-17 12:02:29,PIN_RESET,HOTLINE,COMPLETED,False,89
3545,3015,SR00000003545,2026-03-28 17:24:29,STATEMENT_REQUEST,APP,COMPLETED,True,9
3546,3015,SR00000003546,2026-03-21 21:14:41,DISPUTE,BRANCH,COMPLETED,True,7
3547,3015,SR00000003547,2026-04-25 22:18:43,CARD_REISSUE,HOTLINE,COMPLETED,True,18
3548,3016,SR00000003548,2026-06-01 05:54:15,APP_SUPPORT,EMAIL,COMPLETED,True,20
3549,3016,SR00000003549,2026-05-02 08:07:38,PIN_RESET,EMAIL,NEW,False,74
3550,3017,SR00000003550,2026-06-27 22:46:39,ADDRESS_UPDATE,APP,PROCESSING,True,23
3551,3019,SR00000003551,2026-05-21 17:20:50,STATEMENT_REQUEST,BRANCH,COMPLETED,True,44
3552,3020,SR00000003552,2026-08-23 22:24:51,CARD_REISSUE,BRANCH,NEW,False,55
3553,3022,SR00000003553,2026-03-15 06:09:04,STATEMENT_REQUEST,HOTLINE,COMPLETED,True,22
3554,3022,SR00000003554,2026-04-10 03:54:52,PIN_RESET,APP,REJECTED,True,16
3555,3023,SR00000003555,2026-06-28 20:07:05,LIMIT_CHANGE,BRANCH,COMPLETED,True,13
3556,3023,SR00000003556,2026-08-02 11:03:57,ADDRESS_UPDATE,BRANCH,COMPLETED,True,39
3557,3024,SR00000003557,2026-07-15 17:08:15,LIMIT_CHANGE,HOTLINE,COMPLETED,True,19
3558,3026,SR00000003558,2026-04-19 02:37:01,DISPUTE,HOTLINE,COMPLETED,True,18
3559,3026,SR00000003559,2026-03-12 09:21:32,APP_SUPPORT,CHATBOT,COMPLETED,False,85
3560,3026,SR00000003560,2026-05-01 05:06:42,CARD_REISSUE,BRANCH,NEW,False,71
3561,3027,SR00000003561,2026-04-05 09:20:24,ACCOUNT_CLOSURE,EMAIL,COMPLETED,True,20
3562,3028,SR00000003562,2026-03-21 18:52:21,STATEMENT_REQUEST,HOTLINE,COMPLETED,False,63
3563,3029,SR00000003563,2026-04-17 10:02:17,ACCOUNT_CLOSURE,CHATBOT,COMPLETED,True,17
3564,3030,SR00000003564,2026-04-13 04:50:17,CARD_REISSUE,APP,COMPLETED,False,76
3565,3031,SR00000003565,2026-05-29 04:23:53,LIMIT_CHANGE,EMAIL,COMPLETED,True,35
3566,3032,SR00000003566,2026-05-25 02:20:42,DISPUTE,HOTLINE,COMPLETED,True,21
3567,3032,SR00000003567,2026-04-21 04:21:34,APP_SUPPORT,APP,COMPLETED,False,77
3568,3034,SR00000003568,2026-03-16 08:38:20,PIN_RESET,HOTLINE,COMPLETED,False,52
3569,3035,SR00000003569,2026-04-23 20:45:29,APP_SUPPORT,CHATBOT,COMPLETED,True,14
3570,3035,SR00000003570,2026-03-31 12:52:38,STATEMENT_REQUEST,HOTLINE,COMPLETED,True,26
3571,3036,SR00000003571,2026-03-22 12:02:00,CARD_REISSUE,HOTLINE,COMPLETED,True,43
3572,3036,SR00000003572,2026-04-21 16:26:12,DISPUTE,APP,COMPLETED,True,24
3573,3036,SR00000003573,2026-05-24 07:38:36,APP_SUPPORT,APP,COMPLETED,True,16
3574,3037,SR00000003574,2026-07-10 19:28:41,CARD_REISSUE,HOTLINE,COMPLETED,True,32
3575,3041,SR00000003575,2026-05-31 09:16:14,DISPUTE,APP,COMPLETED,True,43
3576,3043,SR00000003576,2026-04-15 22:19:15,STATEMENT_REQUEST,BRANCH,COMPLETED,True,11
3577,3045,SR00000003577,2026-06-01 09:50:10,APP_SUPPORT,EMAIL,NEW,True,24
3578,3045,SR00000003578,2026-08-20 19:18:52,STATEMENT_REQUEST,EMAIL,COMPLETED,False,83
3579,3045,SR00000003579,2026-08-18 11:36:45,PIN_RESET,HOTLINE,COMPLETED,True,22
3580,3047,SR00000003580,2026-03-14 13:40:25,DISPUTE,CHATBOT,COMPLETED,True,8
3581,3047,SR00000003581,2026-07-07 07:35:23,LIMIT_CHANGE,EMAIL,COMPLETED,True,4
3582,3047,SR00000003582,2026-05-30 16:07:15,CARD_REISSUE,HOTLINE,PROCESSING,True,44
3583,3047,SR00000003583,2026-06-07 03:08:48,STATEMENT_REQUEST,HOTLINE,COMPLETED,True,24
3584,3048,SR00000003584,2026-04-14 13:15:16,ACCOUNT_CLOSURE,HOTLINE,COMPLETED,False,72
3585,3050,SR00000003585,2026-08-07 13:47:12,CARD_REISSUE,BRANCH,PROCESSING,False,61
3586,3051,SR00000003586,2026-06-02 22:21:38,PIN_RESET,BRANCH,COMPLETED,True,7
3587,3053,SR00000003587,2026-05-05 15:22:54,LIMIT_CHANGE,BRANCH,COMPLETED,True,17
3588,3053,SR00000003588,2026-06-28 07:05:07,DISPUTE,CHATBOT,REJECTED,True,42
3589,3053,SR00000003589,2026-08-09 15:29:36,PIN_RESET,APP,COMPLETED,False,82
3590,3053,SR00000003590,2026-08-17 03:52:56,STATEMENT_REQUEST,HOTLINE,REJECTED,False,60
3591,3053,SR00000003591,2026-08-23 22:40:34,ADDRESS_UPDATE,HOTLINE,COMPLETED,True,32
3592,3054,SR00000003592,2026-08-09 01:05:17,ADDRESS_UPDATE,EMAIL,COMPLETED,False,81
3593,3054,SR00000003593,2026-03-30 08:31:27,APP_SUPPORT,BRANCH,NEW,True,12
3594,3056,SR00000003594,2026-08-21 13:34:35,CARD_REISSUE,CHATBOT,PROCESSING,True,6
3595,3057,SR00000003595,2026-04-02 21:32:55,LIMIT_CHANGE,APP,COMPLETED,True,18
3596,3060,SR00000003596,2026-07-09 01:34:03,APP_SUPPORT,HOTLINE,COMPLETED,True,38
3597,3061,SR00000003597,2026-06-19 03:55:39,ACCOUNT_CLOSURE,CHATBOT,COMPLETED,False,71
3598,3061,SR00000003598,2026-07-25 02:25:13,APP_SUPPORT,APP,COMPLETED,True,44
3599,3061,SR00000003599,2026-06-04 21:54:46,ADDRESS_UPDATE,HOTLINE,COMPLETED,True,12
3600,3062,SR00000003600,2026-06-13 15:51:15,STATEMENT_REQUEST,HOTLINE,COMPLETED,True,38
3601,3064,SR00000003601,2026-04-11 22:26:48,ADDRESS_UPDATE,HOTLINE,COMPLETED,True,41
3602,3064,SR00000003602,2026-06-14 01:25:21,PIN_RESET,HOTLINE,COMPLETED,False,56
3603,3065,SR00000003603,2026-07-27 16:18:02,ADDRESS_UPDATE,APP,PROCESSING,True,33
3604,3067,SR00000003604,2026-07-29 21:00:05,CARD_REISSUE,HOTLINE,COMPLETED,True,9
3605,3068,SR00000003605,2026-06-22 23:07:35,STATEMENT_REQUEST,APP,COMPLETED,True,38
3606,3069,SR00000003606,2026-03-26 12:47:48,STATEMENT_REQUEST,HOTLINE,COMPLETED,False,87
3607,3069,SR00000003607,2026-04-28 22:34:57,CARD_REISSUE,APP,COMPLETED,True,30
3608,3069,SR00000003608,2026-05-29 02:46:08,PIN_RESET,APP,COMPLETED,True,40
3609,3070,SR00000003609,2026-03-31 08:17:12,CARD_REISSUE,CHATBOT,COMPLETED,True,40
3610,3071,SR00000003610,2026-04-11 20:06:22,CARD_REISSUE,HOTLINE,COMPLETED,False,54
3611,3072,SR00000003611,2026-03-22 10:09:17,ACCOUNT_CLOSURE,BRANCH,COMPLETED,False,57
3612,3073,SR00000003612,2026-04-23 00:56:49,ACCOUNT_CLOSURE,HOTLINE,COMPLETED,False,80
3613,3074,SR00000003613,2026-06-06 03:12:44,APP_SUPPORT,BRANCH,COMPLETED,False,87
3614,3074,SR00000003614,2026-04-01 15:51:55,APP_SUPPORT,APP,COMPLETED,True,28
3615,3074,SR00000003615,2026-04-22 20:45:36,CARD_REISSUE,CHATBOT,COMPLETED,True,6
3616,3076,SR00000003616,2026-07-08 13:07:18,STATEMENT_REQUEST,APP,COMPLETED,False,78
3617,3077,SR00000003617,2026-03-03 07:33:41,STATEMENT_REQUEST,HOTLINE,COMPLETED,False,76
3618,3079,SR00000003618,2026-03-09 05:27:47,LIMIT_CHANGE,HOTLINE,COMPLETED,True,29
3619,3080,SR00000003619,2026-06-16 05:55:20,DISPUTE,APP,COMPLETED,False,73
3620,3080,SR00000003620,2026-07-24 06:55:33,STATEMENT_REQUEST,HOTLINE,PROCESSING,False,65
3621,3080,SR00000003621,2026-04-07 15:44:00,APP_SUPPORT,APP,COMPLETED,False,74
3622,3081,SR00000003622,2026-08-06 12:49:30,ADDRESS_UPDATE,EMAIL,COMPLETED,True,43
3623,3082,SR00000003623,2026-03-24 13:04:38,ACCOUNT_CLOSURE,APP,PROCESSING,False,64
3624,3082,SR00000003624,2026-06-24 08:19:38,DISPUTE,APP,COMPLETED,True,43
3625,3082,SR00000003625,2026-03-06 22:34:33,CARD_REISSUE,APP,COMPLETED,True,22
3626,3083,SR00000003626,2026-03-29 10:07:37,APP_SUPPORT,EMAIL,COMPLETED,False,78
3627,3084,SR00000003627,2026-05-14 04:32:54,APP_SUPPORT,BRANCH,COMPLETED,True,10
3628,3085,SR00000003628,2026-03-13 10:56:40,ADDRESS_UPDATE,HOTLINE,COMPLETED,False,52
3629,3086,SR00000003629,2026-03-05 16:33:48,APP_SUPPORT,EMAIL,COMPLETED,True,21
3630,3087,SR00000003630,2026-04-05 11:11:46,LIMIT_CHANGE,BRANCH,NEW,True,18
3631,3087,SR00000003631,2026-03-06 01:26:41,STATEMENT_REQUEST,BRANCH,COMPLETED,False,51
3632,3089,SR00000003632,2026-05-09 21:18:01,DISPUTE,HOTLINE,NEW,True,33
3633,3089,SR00000003633,2026-05-28 03:43:43,APP_SUPPORT,HOTLINE,COMPLETED,False,60
3634,3091,SR00000003634,2026-04-19 23:57:10,LIMIT_CHANGE,HOTLINE,COMPLETED,False,66
3635,3091,SR00000003635,2026-06-11 04:37:33,STATEMENT_REQUEST,HOTLINE,COMPLETED,True,29
3636,3093,SR00000003636,2026-04-01 13:14:42,APP_SUPPORT,EMAIL,COMPLETED,True,40
3637,3094,SR00000003637,2026-06-24 05:42:10,CARD_REISSUE,APP,COMPLETED,False,70
3638,3094,SR00000003638,2026-06-09 22:03:27,STATEMENT_REQUEST,CHATBOT,PROCESSING,True,45
3639,3094,SR00000003639,2026-04-06 07:34:28,DISPUTE,EMAIL,COMPLETED,False,76
3640,3096,SR00000003640,2026-04-17 09:45:23,DISPUTE,EMAIL,COMPLETED,False,82
3641,3096,SR00000003641,2026-05-06 01:53:04,STATEMENT_REQUEST,APP,COMPLETED,True,8
3642,3096,SR00000003642,2026-07-20 23:37:23,APP_SUPPORT,CHATBOT,NEW,True,21
3643,3099,SR00000003643,2026-08-14 17:41:03,PIN_RESET,APP,COMPLETED,True,43
3644,3099,SR00000003644,2026-04-20 00:50:52,APP_SUPPORT,BRANCH,COMPLETED,True,40
3645,3099,SR00000003645,2026-07-28 01:00:42,LIMIT_CHANGE,EMAIL,COMPLETED,False,84
3646,3100,SR00000003646,2026-05-09 06:40:54,APP_SUPPORT,EMAIL,COMPLETED,True,33
3647,3100,SR00000003647,2026-06-27 17:47:46,LIMIT_CHANGE,APP,COMPLETED,True,39
3648,3100,SR00000003648,2026-05-19 01:37:14,ADDRESS_UPDATE,HOTLINE,COMPLETED,True,27
3649,3100,SR00000003649,2026-05-28 05:34:23,ADDRESS_UPDATE,EMAIL,COMPLETED,True,32
3650,3101,SR00000003650,2026-06-03 19:49:04,PIN_RESET,HOTLINE,PROCESSING,False,69
3651,3104,SR00000003651,2026-04-05 10:31:18,STATEMENT_REQUEST,CHATBOT,COMPLETED,False,49
3652,3104,SR00000003652,2026-04-18 14:19:48,PIN_RESET,CHATBOT,PROCESSING,False,50
3653,3105,SR00000003653,2026-07-08 15:29:04,CARD_REISSUE,HOTLINE,COMPLETED,True,27
3654,3107,SR00000003654,2026-07-27 12:32:28,DISPUTE,EMAIL,COMPLETED,False,75
3655,3107,SR00000003655,2026-07-11 00:28:50,APP_SUPPORT,HOTLINE,COMPLETED,False,76
3656,3107,SR00000003656,2026-04-12 06:24:10,CARD_REISSUE,APP,COMPLETED,False,56
3657,3108,SR00000003657,2026-04-03 07:53:56,DISPUTE,HOTLINE,COMPLETED,True,22
3658,3108,SR00000003658,2026-04-24 01:06:47,CARD_REISSUE,BRANCH,COMPLETED,True,26
3659,3109,SR00000003659,2026-05-04 12:34:23,APP_SUPPORT,HOTLINE,COMPLETED,True,12
3660,3111,SR00000003660,2026-03-18 14:49:17,CARD_REISSUE,HOTLINE,COMPLETED,True,20
3661,3112,SR00000003661,2026-03-12 00:48:08,ADDRESS_UPDATE,APP,COMPLETED,False,69
3662,3113,SR00000003662,2026-05-10 15:36:38,CARD_REISSUE,HOTLINE,COMPLETED,True,29
3663,3113,SR00000003663,2026-07-24 03:18:28,ACCOUNT_CLOSURE,CHATBOT,COMPLETED,False,79
3664,3113,SR00000003664,2026-03-26 20:18:03,ACCOUNT_CLOSURE,BRANCH,COMPLETED,True,33
3665,3113,SR00000003665,2026-07-14 20:36:58,CARD_REISSUE,BRANCH,COMPLETED,False,74
3666,3113,SR00000003666,2026-08-07 01:58:24,ACCOUNT_CLOSURE,EMAIL,PROCESSING,True,10
3667,3113,SR00000003667,2026-04-10 07:20:42,ACCOUNT_CLOSURE,HOTLINE,COMPLETED,False,49
3668,3113,SR00000003668,2026-03-29 00:24:29,PIN_RESET,EMAIL,COMPLETED,False,62
3669,3113,SR00000003669,2026-06-22 18:20:14,APP_SUPPORT,HOTLINE,REJECTED,True,5
3670,3114,SR00000003670,2026-07-21 01:57:01,PIN_RESET,EMAIL,COMPLETED,True,37
3671,3114,SR00000003671,2026-08-22 23:57:49,PIN_RESET,APP,COMPLETED,True,24
3672,3116,SR00000003672,2026-06-01 21:42:36,CARD_REISSUE,APP,COMPLETED,False,61
3673,3116,SR00000003673,2026-05-26 08:14:45,DISPUTE,APP,COMPLETED,False,82
3674,3117,SR00000003674,2026-03-07 17:27:43,CARD_REISSUE,BRANCH,COMPLETED,False,54
3675,3117,SR00000003675,2026-03-30 17:27:45,CARD_REISSUE,BRANCH,COMPLETED,True,24
3676,3118,SR00000003676,2026-08-17 11:32:20,APP_SUPPORT,APP,REJECTED,False,47
3677,3118,SR00000003677,2026-04-05 13:27:24,CARD_REISSUE,HOTLINE,COMPLETED,True,35
3678,3118,SR00000003678,2026-03-15 14:06:43,DISPUTE,CHATBOT,COMPLETED,False,68
3679,3119,SR00000003679,2026-07-12 18:15:28,PIN_RESET,HOTLINE,COMPLETED,True,45
3680,3119,SR00000003680,2026-04-05 08:19:15,STATEMENT_REQUEST,BRANCH,COMPLETED,True,32
3681,3119,SR00000003681,2026-04-29 14:58:27,CARD_REISSUE,HOTLINE,COMPLETED,True,3
3682,3119,SR00000003682,2026-04-08 18:06:39,PIN_RESET,HOTLINE,COMPLETED,False,79
3683,3122,SR00000003683,2026-05-27 10:36:45,DISPUTE,HOTLINE,PROCESSING,True,4
3684,3122,SR00000003684,2026-06-05 17:51:11,CARD_REISSUE,HOTLINE,COMPLETED,True,32
3685,3124,SR00000003685,2026-07-14 16:16:04,APP_SUPPORT,HOTLINE,COMPLETED,False,57
3686,3125,SR00000003686,2026-07-26 15:35:08,STATEMENT_REQUEST,APP,COMPLETED,True,22
3687,3127,SR00000003687,2026-08-06 16:46:24,ADDRESS_UPDATE,HOTLINE,COMPLETED,True,24
3688,3127,SR00000003688,2026-04-01 00:24:24,ADDRESS_UPDATE,CHATBOT,COMPLETED,False,82
3689,3129,SR00000003689,2026-05-24 13:25:15,DISPUTE,CHATBOT,COMPLETED,False,77
3690,3129,SR00000003690,2026-04-10 21:30:15,ACCOUNT_CLOSURE,APP,NEW,True,16
3691,3129,SR00000003691,2026-03-05 05:13:12,CARD_REISSUE,EMAIL,COMPLETED,False,68
3692,3131,SR00000003692,2026-06-23 09:05:43,LIMIT_CHANGE,APP,COMPLETED,True,36
3693,3133,SR00000003693,2026-03-27 09:53:27,ACCOUNT_CLOSURE,BRANCH,COMPLETED,False,56
3694,3133,SR00000003694,2026-05-08 10:00:23,APP_SUPPORT,HOTLINE,COMPLETED,False,68
3695,3133,SR00000003695,2026-07-23 07:49:51,PIN_RESET,BRANCH,COMPLETED,False,50
3696,3134,SR00000003696,2026-05-24 21:46:37,CARD_REISSUE,BRANCH,COMPLETED,True,27
3697,3135,SR00000003697,2026-08-06 01:42:50,ACCOUNT_CLOSURE,HOTLINE,COMPLETED,True,9
3698,3136,SR00000003698,2026-08-10 13:36:28,CARD_REISSUE,HOTLINE,COMPLETED,False,46
3699,3137,SR00000003699,2026-07-18 02:02:37,ACCOUNT_CLOSURE,HOTLINE,COMPLETED,True,41
3700,3138,SR00000003700,2026-05-23 05:06:49,APP_SUPPORT,EMAIL,NEW,False,52
3701,3139,SR00000003701,2026-03-27 12:48:42,STATEMENT_REQUEST,APP,NEW,False,65
3702,3140,SR00000003702,2026-03-23 10:57:00,APP_SUPPORT,HOTLINE,COMPLETED,True,38
3703,3141,SR00000003703,2026-03-30 04:25:10,APP_SUPPORT,HOTLINE,NEW,False,53
3704,3144,SR00000003704,2026-07-21 08:52:32,CARD_REISSUE,APP,COMPLETED,True,35
3705,3144,SR00000003705,2026-08-02 23:50:29,STATEMENT_REQUEST,HOTLINE,COMPLETED,True,15
3706,3144,SR00000003706,2026-07-02 02:29:19,PIN_RESET,HOTLINE,COMPLETED,True,45
3707,3147,SR00000003707,2026-06-03 07:53:13,STATEMENT_REQUEST,BRANCH,COMPLETED,False,50
3708,3148,SR00000003708,2026-05-02 22:15:48,STATEMENT_REQUEST,EMAIL,COMPLETED,False,76
3709,3148,SR00000003709,2026-05-18 20:07:49,STATEMENT_REQUEST,CHATBOT,COMPLETED,True,34
3710,3150,SR00000003710,2026-07-27 19:15:25,APP_SUPPORT,EMAIL,PROCESSING,False,63
3711,3152,SR00000003711,2026-08-06 17:28:28,APP_SUPPORT,APP,PROCESSING,False,78
3712,3152,SR00000003712,2026-03-14 19:58:54,DISPUTE,BRANCH,COMPLETED,True,19
3713,3152,SR00000003713,2026-04-24 04:06:18,CARD_REISSUE,BRANCH,COMPLETED,False,63
3714,3153,SR00000003714,2026-05-02 19:08:02,PIN_RESET,HOTLINE,COMPLETED,True,43
3715,3154,SR00000003715,2026-03-13 02:57:58,DISPUTE,EMAIL,COMPLETED,True,11
3716,3154,SR00000003716,2026-08-13 13:23:44,DISPUTE,CHATBOT,COMPLETED,True,14
3717,3155,SR00000003717,2026-04-09 08:30:41,CARD_REISSUE,EMAIL,COMPLETED,True,41
3718,3155,SR00000003718,2026-04-27 21:25:38,LIMIT_CHANGE,HOTLINE,COMPLETED,False,71
3719,3156,SR00000003719,2026-07-27 14:38:47,ACCOUNT_CLOSURE,APP,COMPLETED,False,54
3720,3157,SR00000003720,2026-06-04 20:19:08,CARD_REISSUE,BRANCH,PROCESSING,True,43
3721,3157,SR00000003721,2026-07-14 22:24:13,LIMIT_CHANGE,APP,COMPLETED,False,47
3722,3158,SR00000003722,2026-07-27 02:30:22,PIN_RESET,HOTLINE,COMPLETED,True,17
3723,3159,SR00000003723,2026-08-20 12:57:55,DISPUTE,HOTLINE,COMPLETED,False,55
3724,3160,SR00000003724,2026-06-11 11:42:53,CARD_REISSUE,BRANCH,COMPLETED,True,13
3725,3161,SR00000003725,2026-04-23 15:29:26,DISPUTE,CHATBOT,COMPLETED,True,10
3726,3164,SR00000003726,2026-06-28 04:17:20,ACCOUNT_CLOSURE,HOTLINE,COMPLETED,False,55
3727,3164,SR00000003727,2026-05-29 15:32:25,APP_SUPPORT,BRANCH,COMPLETED,False,51
3728,3164,SR00000003728,2026-08-24 12:25:36,APP_SUPPORT,HOTLINE,NEW,True,7
3729,3165,SR00000003729,2026-07-23 12:15:44,APP_SUPPORT,HOTLINE,COMPLETED,True,29
3730,3166,SR00000003730,2026-03-21 03:35:12,ADDRESS_UPDATE,HOTLINE,COMPLETED,False,59
3731,3166,SR00000003731,2026-03-13 18:36:55,STATEMENT_REQUEST,BRANCH,COMPLETED,True,43
3732,3166,SR00000003732,2026-04-28 09:54:01,CARD_REISSUE,EMAIL,COMPLETED,True,42
3733,3170,SR00000003733,2026-05-03 20:30:46,APP_SUPPORT,APP,COMPLETED,False,51
3734,3170,SR00000003734,2026-05-30 07:20:10,APP_SUPPORT,EMAIL,PROCESSING,False,81
3735,3172,SR00000003735,2026-06-09 05:16:01,DISPUTE,APP,COMPLETED,False,48
3736,3172,SR00000003736,2026-03-14 17:41:47,APP_SUPPORT,HOTLINE,COMPLETED,True,32
3737,3172,SR00000003737,2026-08-07 20:12:56,CARD_REISSUE,APP,PROCESSING,False,68
3738,3173,SR00000003738,2026-02-28 12:07:32,APP_SUPPORT,APP,COMPLETED,False,81
3739,3175,SR00000003739,2026-07-12 11:06:06,PIN_RESET,HOTLINE,COMPLETED,False,79
3740,3175,SR00000003740,2026-07-07 18:11:13,ACCOUNT_CLOSURE,HOTLINE,COMPLETED,False,89
3741,3176,SR00000003741,2026-07-26 12:54:43,CARD_REISSUE,APP,COMPLETED,False,85
3742,3176,SR00000003742,2026-04-01 03:48:14,ADDRESS_UPDATE,CHATBOT,NEW,True,16
3743,3177,SR00000003743,2026-06-07 07:31:15,CARD_REISSUE,HOTLINE,COMPLETED,True,4
3744,3177,SR00000003744,2026-07-14 00:17:22,DISPUTE,HOTLINE,COMPLETED,True,3
3745,3177,SR00000003745,2026-04-25 10:01:09,APP_SUPPORT,HOTLINE,COMPLETED,True,40
3746,3181,SR00000003746,2026-06-14 00:40:07,PIN_RESET,HOTLINE,COMPLETED,True,6
3747,3182,SR00000003747,2026-06-30 22:08:52,CARD_REISSUE,HOTLINE,COMPLETED,False,61
3748,3184,SR00000003748,2026-05-12 06:43:24,ADDRESS_UPDATE,APP,REJECTED,True,42
3749,3184,SR00000003749,2026-07-27 01:52:47,PIN_RESET,CHATBOT,COMPLETED,True,16
3750,3184,SR00000003750,2026-06-06 03:43:38,STATEMENT_REQUEST,BRANCH,COMPLETED,True,45
3751,3186,SR00000003751,2026-05-06 19:38:13,ADDRESS_UPDATE,HOTLINE,COMPLETED,True,19
3752,3187,SR00000003752,2026-07-16 14:19:03,PIN_RESET,APP,COMPLETED,False,79
3753,3187,SR00000003753,2026-04-25 13:22:28,STATEMENT_REQUEST,APP,COMPLETED,True,12
3754,3188,SR00000003754,2026-08-08 14:19:50,CARD_REISSUE,BRANCH,COMPLETED,False,66
3755,3189,SR00000003755,2026-06-24 08:13:06,PIN_RESET,HOTLINE,COMPLETED,False,60
3756,3190,SR00000003756,2026-04-18 11:16:12,STATEMENT_REQUEST,BRANCH,COMPLETED,True,31
3757,3190,SR00000003757,2026-03-13 21:11:30,PIN_RESET,APP,PROCESSING,False,48
3758,3190,SR00000003758,2026-03-23 16:56:15,ADDRESS_UPDATE,HOTLINE,COMPLETED,True,13
3759,3190,SR00000003759,2026-05-17 17:46:27,ADDRESS_UPDATE,APP,PROCESSING,False,55
3760,3191,SR00000003760,2026-08-24 09:14:59,CARD_REISSUE,CHATBOT,COMPLETED,True,40
3761,3193,SR00000003761,2026-05-28 01:24:51,APP_SUPPORT,CHATBOT,COMPLETED,True,30
3762,3195,SR00000003762,2026-03-09 02:19:49,PIN_RESET,APP,COMPLETED,False,60
3763,3195,SR00000003763,2026-08-20 13:15:13,ACCOUNT_CLOSURE,HOTLINE,COMPLETED,False,88
3764,3196,SR00000003764,2026-05-20 09:10:34,DISPUTE,HOTLINE,COMPLETED,False,56
3765,3197,SR00000003765,2026-06-16 07:13:31,PIN_RESET,BRANCH,COMPLETED,True,43
3766,3199,SR00000003766,2026-08-25 02:59:03,ADDRESS_UPDATE,HOTLINE,COMPLETED,True,16
3767,3200,SR00000003767,2026-08-20 06:36:34,CARD_REISSUE,APP,COMPLETED,False,65
3768,3200,SR00000003768,2026-03-14 10:11:53,CARD_REISSUE,CHATBOT,NEW,False,87
3769,3201,SR00000003769,2026-04-30 01:31:56,PIN_RESET,APP,COMPLETED,True,32
3770,3203,SR00000003770,2026-05-25 02:56:54,PIN_RESET,APP,COMPLETED,False,60
3771,3204,SR00000003771,2026-04-12 14:20:30,PIN_RESET,HOTLINE,COMPLETED,True,20
3772,3204,SR00000003772,2026-04-21 11:16:20,DISPUTE,APP,PROCESSING,False,85
3773,3207,SR00000003773,2026-07-02 10:02:00,STATEMENT_REQUEST,CHATBOT,COMPLETED,False,58
3774,3207,SR00000003774,2026-04-30 18:47:46,ADDRESS_UPDATE,HOTLINE,COMPLETED,False,82
3775,3207,SR00000003775,2026-05-12 16:38:11,DISPUTE,BRANCH,COMPLETED,False,47
3776,3208,SR00000003776,2026-06-24 03:56:09,DISPUTE,APP,COMPLETED,False,71
3777,3209,SR00000003777,2026-06-09 00:42:14,APP_SUPPORT,HOTLINE,COMPLETED,False,79
3778,3212,SR00000003778,2026-08-23 19:12:26,ACCOUNT_CLOSURE,APP,COMPLETED,False,51
3779,3212,SR00000003779,2026-04-09 01:00:43,PIN_RESET,APP,COMPLETED,False,89
3780,3214,SR00000003780,2026-05-15 12:00:42,LIMIT_CHANGE,HOTLINE,COMPLETED,True,33
3781,3214,SR00000003781,2026-04-22 12:44:31,ACCOUNT_CLOSURE,HOTLINE,NEW,True,5
3782,3215,SR00000003782,2026-07-12 20:20:29,DISPUTE,APP,COMPLETED,True,29
3783,3215,SR00000003783,2026-03-09 15:22:52,LIMIT_CHANGE,HOTLINE,COMPLETED,True,34
3784,3216,SR00000003784,2026-04-16 01:58:03,ADDRESS_UPDATE,CHATBOT,COMPLETED,True,26
3785,3218,SR00000003785,2026-08-19 04:28:14,STATEMENT_REQUEST,HOTLINE,COMPLETED,True,45
3786,3219,SR00000003786,2026-06-06 18:12:04,APP_SUPPORT,EMAIL,COMPLETED,False,55
3787,3219,SR00000003787,2026-05-19 23:56:35,CARD_REISSUE,HOTLINE,PROCESSING,False,69
3788,3220,SR00000003788,2026-07-13 16:05:25,APP_SUPPORT,HOTLINE,COMPLETED,False,88
3789,3220,SR00000003789,2026-07-14 00:57:53,DISPUTE,EMAIL,COMPLETED,False,84
3790,3221,SR00000003790,2026-06-07 03:29:36,ACCOUNT_CLOSURE,HOTLINE,COMPLETED,False,66
3791,3221,SR00000003791,2026-05-27 02:09:14,LIMIT_CHANGE,APP,COMPLETED,True,33
3792,3221,SR00000003792,2026-04-11 07:51:51,DISPUTE,CHATBOT,COMPLETED,True,36
3793,3222,SR00000003793,2026-07-01 04:04:53,APP_SUPPORT,EMAIL,NEW,True,28
3794,3223,SR00000003794,2026-05-15 20:51:02,STATEMENT_REQUEST,BRANCH,COMPLETED,True,17
3795,3223,SR00000003795,2026-06-27 07:50:05,ACCOUNT_CLOSURE,HOTLINE,COMPLETED,True,19
3796,3224,SR00000003796,2026-07-28 01:43:42,APP_SUPPORT,HOTLINE,COMPLETED,False,55
3797,3224,SR00000003797,2026-06-21 15:16:48,STATEMENT_REQUEST,EMAIL,COMPLETED,False,77
3798,3224,SR00000003798,2026-08-25 06:58:58,CARD_REISSUE,APP,PROCESSING,False,77
3799,3224,SR00000003799,2026-07-01 12:06:25,LIMIT_CHANGE,APP,PROCESSING,False,55
3800,3224,SR00000003800,2026-05-19 06:49:31,STATEMENT_REQUEST,APP,COMPLETED,True,39
3801,3225,SR00000003801,2026-05-27 07:39:44,DISPUTE,CHATBOT,PROCESSING,False,66
3802,3225,SR00000003802,2026-07-28 23:59:05,LIMIT_CHANGE,EMAIL,PROCESSING,True,25
3803,3226,SR00000003803,2026-08-15 12:33:38,ADDRESS_UPDATE,EMAIL,COMPLETED,False,55
3804,3228,SR00000003804,2026-07-11 12:59:03,LIMIT_CHANGE,HOTLINE,COMPLETED,True,6
3805,3229,SR00000003805,2026-05-06 07:30:39,ACCOUNT_CLOSURE,APP,COMPLETED,True,40
3806,3229,SR00000003806,2026-03-20 01:16:40,LIMIT_CHANGE,HOTLINE,COMPLETED,False,51
3807,3231,SR00000003807,2026-08-27 03:34:44,CARD_REISSUE,BRANCH,COMPLETED,True,11
3808,3231,SR00000003808,2026-03-25 06:46:21,DISPUTE,APP,COMPLETED,False,57
3809,3232,SR00000003809,2026-07-16 15:51:44,STATEMENT_REQUEST,APP,COMPLETED,False,64
3810,3232,SR00000003810,2026-08-10 18:51:21,PIN_RESET,APP,COMPLETED,True,11
3811,3233,SR00000003811,2026-07-25 09:13:08,STATEMENT_REQUEST,EMAIL,COMPLETED,False,51
3812,3234,SR00000003812,2026-08-13 17:17:19,ACCOUNT_CLOSURE,APP,COMPLETED,True,18
3813,3234,SR00000003813,2026-07-12 01:52:56,DISPUTE,HOTLINE,COMPLETED,False,71
3814,3235,SR00000003814,2026-03-14 12:37:48,ADDRESS_UPDATE,HOTLINE,PROCESSING,True,9
3815,3235,SR00000003815,2026-08-27 08:22:46,LIMIT_CHANGE,CHATBOT,PROCESSING,False,55
3816,3236,SR00000003816,2026-03-25 10:22:10,PIN_RESET,APP,PROCESSING,False,83
3817,3236,SR00000003817,2026-06-09 20:18:13,LIMIT_CHANGE,APP,COMPLETED,True,9
3818,3238,SR00000003818,2026-08-26 22:17:54,LIMIT_CHANGE,HOTLINE,PROCESSING,True,6
3819,3238,SR00000003819,2026-06-28 10:56:32,STATEMENT_REQUEST,APP,COMPLETED,False,59
3820,3238,SR00000003820,2026-08-18 02:29:04,APP_SUPPORT,APP,PROCESSING,True,15
3821,3238,SR00000003821,2026-07-18 18:35:32,APP_SUPPORT,HOTLINE,COMPLETED,False,60
3822,3239,SR00000003822,2026-05-08 06:50:52,CARD_REISSUE,CHATBOT,COMPLETED,False,48
3823,3241,SR00000003823,2026-07-03 22:24:03,STATEMENT_REQUEST,CHATBOT,NEW,False,47
3824,3242,SR00000003824,2026-08-05 04:50:51,DISPUTE,HOTLINE,COMPLETED,False,51
3825,3243,SR00000003825,2026-03-16 09:12:56,PIN_RESET,APP,COMPLETED,True,45
3826,3244,SR00000003826,2026-08-08 03:23:33,APP_SUPPORT,HOTLINE,COMPLETED,False,69
3827,3246,SR00000003827,2026-07-23 07:47:00,LIMIT_CHANGE,EMAIL,COMPLETED,False,82
3828,3246,SR00000003828,2026-03-07 14:37:55,CARD_REISSUE,APP,COMPLETED,True,29
3829,3246,SR00000003829,2026-05-18 01:52:42,ADDRESS_UPDATE,APP,COMPLETED,True,6
3830,3246,SR00000003830,2026-08-02 23:41:00,APP_SUPPORT,CHATBOT,COMPLETED,True,36
3831,3248,SR00000003831,2026-03-27 10:48:29,PIN_RESET,APP,COMPLETED,False,69
3832,3250,SR00000003832,2026-07-06 03:36:57,DISPUTE,APP,COMPLETED,False,51
3833,3252,SR00000003833,2026-08-02 21:20:13,ADDRESS_UPDATE,CHATBOT,COMPLETED,True,19
3834,3252,SR00000003834,2026-04-30 06:22:33,ADDRESS_UPDATE,CHATBOT,COMPLETED,True,17
3835,3252,SR00000003835,2026-04-21 02:16:42,PIN_RESET,APP,COMPLETED,False,88
3836,3252,SR00000003836,2026-06-15 01:33:55,LIMIT_CHANGE,EMAIL,PROCESSING,False,54
3837,3253,SR00000003837,2026-06-14 08:44:29,APP_SUPPORT,APP,PROCESSING,False,83
3838,3253,SR00000003838,2026-07-10 09:27:22,ADDRESS_UPDATE,BRANCH,COMPLETED,False,56
3839,3254,SR00000003839,2026-08-01 01:31:51,APP_SUPPORT,CHATBOT,COMPLETED,False,83
3840,3254,SR00000003840,2026-03-28 02:18:09,ADDRESS_UPDATE,HOTLINE,COMPLETED,False,79
3841,3255,SR00000003841,2026-07-19 04:22:54,APP_SUPPORT,CHATBOT,COMPLETED,False,58
3842,3255,SR00000003842,2026-07-08 15:09:54,ACCOUNT_CLOSURE,EMAIL,COMPLETED,True,7
3843,3256,SR00000003843,2026-07-29 20:35:50,PIN_RESET,BRANCH,COMPLETED,False,49
3844,3258,SR00000003844,2026-05-31 15:41:21,APP_SUPPORT,CHATBOT,COMPLETED,True,4
3845,3258,SR00000003845,2026-08-03 06:46:59,ACCOUNT_CLOSURE,APP,COMPLETED,True,7
3846,3262,SR00000003846,2026-06-13 04:42:23,STATEMENT_REQUEST,BRANCH,PROCESSING,False,68
3847,3262,SR00000003847,2026-04-18 13:46:35,PIN_RESET,APP,COMPLETED,True,33
3848,3262,SR00000003848,2026-03-15 09:39:33,ADDRESS_UPDATE,HOTLINE,COMPLETED,True,31
3849,3263,SR00000003849,2026-07-08 00:12:44,STATEMENT_REQUEST,EMAIL,COMPLETED,True,18
3850,3263,SR00000003850,2026-07-24 04:39:35,LIMIT_CHANGE,HOTLINE,COMPLETED,False,68
3851,3264,SR00000003851,2026-06-11 02:08:54,LIMIT_CHANGE,BRANCH,COMPLETED,True,42
3852,3264,SR00000003852,2026-03-02 00:27:50,APP_SUPPORT,HOTLINE,COMPLETED,True,7
3853,3266,SR00000003853,2026-04-18 13:54:38,CARD_REISSUE,APP,PROCESSING,False,81
3854,3267,SR00000003854,2026-03-03 19:11:18,ADDRESS_UPDATE,HOTLINE,COMPLETED,True,30
3855,3269,SR00000003855,2026-04-12 00:22:23,APP_SUPPORT,APP,COMPLETED,False,52
3856,3271,SR00000003856,2026-08-26 00:15:24,STATEMENT_REQUEST,HOTLINE,PROCESSING,True,31
3857,3272,SR00000003857,2026-07-01 10:06:18,DISPUTE,APP,COMPLETED,False,72
3858,3273,SR00000003858,2026-03-01 06:46:06,CARD_REISSUE,HOTLINE,COMPLETED,True,41
3859,3275,SR00000003859,2026-06-16 00:48:14,ACCOUNT_CLOSURE,HOTLINE,REJECTED,False,67
3860,3277,SR00000003860,2026-07-22 15:56:27,ACCOUNT_CLOSURE,BRANCH,COMPLETED,False,48
3861,3278,SR00000003861,2026-08-15 17:43:35,DISPUTE,BRANCH,COMPLETED,False,76
3862,3278,SR00000003862,2026-08-08 14:52:56,CARD_REISSUE,APP,COMPLETED,False,88
3863,3278,SR00000003863,2026-03-11 02:02:09,PIN_RESET,BRANCH,COMPLETED,True,31
3864,3278,SR00000003864,2026-07-09 15:41:57,APP_SUPPORT,APP,PROCESSING,True,25
3865,3279,SR00000003865,2026-06-11 18:09:07,PIN_RESET,BRANCH,COMPLETED,True,34
3866,3279,SR00000003866,2026-08-23 05:12:33,PIN_RESET,APP,PROCESSING,False,77
3867,3280,SR00000003867,2026-03-19 14:10:52,DISPUTE,HOTLINE,PROCESSING,True,23
3868,3280,SR00000003868,2026-03-08 08:20:27,CARD_REISSUE,BRANCH,NEW,True,44
3869,3281,SR00000003869,2026-06-07 06:16:53,APP_SUPPORT,HOTLINE,PROCESSING,True,40
3870,3281,SR00000003870,2026-03-08 23:03:01,APP_SUPPORT,HOTLINE,PROCESSING,True,23
3871,3281,SR00000003871,2026-08-07 15:02:41,ADDRESS_UPDATE,APP,COMPLETED,False,65
3872,3283,SR00000003872,2026-05-22 01:09:03,LIMIT_CHANGE,HOTLINE,PROCESSING,False,89
3873,3284,SR00000003873,2026-08-19 18:57:52,DISPUTE,HOTLINE,PROCESSING,True,43
3874,3286,SR00000003874,2026-06-08 19:15:10,CARD_REISSUE,APP,REJECTED,False,70
3875,3287,SR00000003875,2026-03-17 17:10:35,CARD_REISSUE,HOTLINE,COMPLETED,True,30
3876,3287,SR00000003876,2026-07-20 00:12:10,PIN_RESET,HOTLINE,COMPLETED,True,21
3877,3287,SR00000003877,2026-08-13 17:27:13,CARD_REISSUE,APP,COMPLETED,True,7
3878,3289,SR00000003878,2026-08-09 04:17:44,DISPUTE,APP,PROCESSING,True,13
3879,3289,SR00000003879,2026-06-06 13:23:28,CARD_REISSUE,APP,COMPLETED,True,44
3880,3290,SR00000003880,2026-04-27 15:34:39,PIN_RESET,BRANCH,COMPLETED,False,65
3881,3290,SR00000003881,2026-08-02 11:44:24,CARD_REISSUE,HOTLINE,COMPLETED,True,17
3882,3292,SR00000003882,2026-06-30 06:13:18,ADDRESS_UPDATE,APP,COMPLETED,True,44
3883,3292,SR00000003883,2026-08-19 21:41:18,CARD_REISSUE,BRANCH,COMPLETED,False,70
3884,3292,SR00000003884,2026-08-15 15:55:50,LIMIT_CHANGE,HOTLINE,COMPLETED,False,89
3885,3292,SR00000003885,2026-07-09 14:32:32,APP_SUPPORT,APP,COMPLETED,True,9
3886,3293,SR00000003886,2026-08-16 13:11:09,DISPUTE,HOTLINE,REJECTED,True,19
3887,3294,SR00000003887,2026-04-30 16:52:28,CARD_REISSUE,APP,NEW,False,60
3888,3295,SR00000003888,2026-05-29 07:41:55,ACCOUNT_CLOSURE,APP,COMPLETED,False,88
3889,3296,SR00000003889,2026-07-03 08:53:17,APP_SUPPORT,HOTLINE,COMPLETED,False,58
3890,3296,SR00000003890,2026-06-26 02:16:15,CARD_REISSUE,APP,COMPLETED,False,63
3891,3296,SR00000003891,2026-04-17 07:21:45,CARD_REISSUE,CHATBOT,COMPLETED,True,42
3892,3297,SR00000003892,2026-07-31 10:21:01,PIN_RESET,HOTLINE,COMPLETED,False,83
3893,3297,SR00000003893,2026-03-09 04:33:25,CARD_REISSUE,CHATBOT,COMPLETED,True,6
3894,3297,SR00000003894,2026-05-19 18:48:11,DISPUTE,HOTLINE,COMPLETED,False,60
3895,3297,SR00000003895,2026-08-01 06:37:26,APP_SUPPORT,APP,COMPLETED,True,45
3896,3297,SR00000003896,2026-06-15 04:22:27,ADDRESS_UPDATE,APP,REJECTED,True,6
3897,3298,SR00000003897,2026-06-02 13:57:10,ADDRESS_UPDATE,HOTLINE,COMPLETED,True,22
3898,3299,SR00000003898,2026-06-11 11:39:14,CARD_REISSUE,HOTLINE,COMPLETED,True,20
3899,3303,SR00000003899,2026-03-26 15:26:29,ADDRESS_UPDATE,EMAIL,COMPLETED,False,51
3900,3304,SR00000003900,2026-05-18 17:27:32,CARD_REISSUE,HOTLINE,COMPLETED,True,7
3901,3304,SR00000003901,2026-03-11 19:54:03,PIN_RESET,EMAIL,COMPLETED,False,87
3902,3305,SR00000003902,2026-07-18 15:31:06,PIN_RESET,CHATBOT,COMPLETED,False,59
3903,3305,SR00000003903,2026-06-26 21:56:18,PIN_RESET,APP,PROCESSING,True,43
3904,3305,SR00000003904,2026-03-13 12:21:04,PIN_RESET,APP,COMPLETED,False,60
3905,3305,SR00000003905,2026-05-12 15:56:44,ACCOUNT_CLOSURE,EMAIL,PROCESSING,True,7
3906,3306,SR00000003906,2026-03-07 08:25:25,STATEMENT_REQUEST,HOTLINE,COMPLETED,True,37
3907,3308,SR00000003907,2026-05-15 23:51:59,PIN_RESET,EMAIL,COMPLETED,True,44
3908,3308,SR00000003908,2026-03-01 20:33:54,STATEMENT_REQUEST,BRANCH,PROCESSING,False,89
3909,3309,SR00000003909,2026-07-26 12:37:45,CARD_REISSUE,HOTLINE,COMPLETED,True,44
3910,3309,SR00000003910,2026-06-10 23:36:28,CARD_REISSUE,BRANCH,COMPLETED,False,59
3911,3310,SR00000003911,2026-08-01 02:10:22,APP_SUPPORT,APP,COMPLETED,True,42
3912,3313,SR00000003912,2026-03-27 16:11:47,CARD_REISSUE,APP,COMPLETED,False,53
3913,3313,SR00000003913,2026-02-28 22:47:34,STATEMENT_REQUEST,BRANCH,COMPLETED,False,72
3914,3314,SR00000003914,2026-07-07 10:25:59,DISPUTE,HOTLINE,COMPLETED,True,11
3915,3314,SR00000003915,2026-03-29 18:22:13,ADDRESS_UPDATE,APP,COMPLETED,False,76
3916,3314,SR00000003916,2026-06-14 16:20:57,DISPUTE,HOTLINE,COMPLETED,True,29
3917,3315,SR00000003917,2026-05-17 09:14:57,APP_SUPPORT,BRANCH,COMPLETED,False,52
3918,3315,SR00000003918,2026-04-01 02:49:11,CARD_REISSUE,BRANCH,COMPLETED,False,57
3919,3317,SR00000003919,2026-07-25 18:59:32,STATEMENT_REQUEST,HOTLINE,COMPLETED,False,67
3920,3317,SR00000003920,2026-04-29 08:27:37,APP_SUPPORT,HOTLINE,COMPLETED,True,20
3921,3318,SR00000003921,2026-07-23 05:38:12,PIN_RESET,APP,COMPLETED,False,77
3922,3318,SR00000003922,2026-08-17 11:33:04,PIN_RESET,APP,COMPLETED,False,46
3923,3318,SR00000003923,2026-05-15 12:25:03,PIN_RESET,APP,COMPLETED,True,34
3924,3319,SR00000003924,2026-07-28 20:31:25,DISPUTE,APP,COMPLETED,True,39
3925,3319,SR00000003925,2026-02-28 14:29:10,CARD_REISSUE,APP,COMPLETED,False,53
3926,3319,SR00000003926,2026-06-16 18:39:45,APP_SUPPORT,APP,COMPLETED,True,15
3927,3320,SR00000003927,2026-05-15 22:06:22,CARD_REISSUE,EMAIL,COMPLETED,False,68
3928,3322,SR00000003928,2026-06-18 19:03:48,DISPUTE,HOTLINE,COMPLETED,True,4
3929,3323,SR00000003929,2026-04-23 00:36:57,ACCOUNT_CLOSURE,APP,COMPLETED,False,58
3930,3323,SR00000003930,2026-07-15 15:24:05,LIMIT_CHANGE,HOTLINE,PROCESSING,True,13
3931,3325,SR00000003931,2026-03-04 03:47:22,APP_SUPPORT,HOTLINE,COMPLETED,False,50
3932,3326,SR00000003932,2026-07-23 16:18:09,STATEMENT_REQUEST,EMAIL,COMPLETED,False,68
3933,3326,SR00000003933,2026-03-09 12:51:52,STATEMENT_REQUEST,HOTLINE,COMPLETED,False,80
3934,3328,SR00000003934,2026-07-28 07:43:27,STATEMENT_REQUEST,APP,COMPLETED,True,40
3935,3328,SR00000003935,2026-05-18 00:08:54,CARD_REISSUE,APP,COMPLETED,False,87
3936,3330,SR00000003936,2026-08-24 16:01:49,APP_SUPPORT,BRANCH,COMPLETED,False,64
3937,3330,SR00000003937,2026-04-03 18:40:17,CARD_REISSUE,BRANCH,COMPLETED,True,27
3938,3331,SR00000003938,2026-06-18 20:53:45,PIN_RESET,APP,COMPLETED,False,54
3939,3332,SR00000003939,2026-06-25 18:10:09,APP_SUPPORT,APP,COMPLETED,False,83
3940,3332,SR00000003940,2026-08-10 21:15:00,APP_SUPPORT,HOTLINE,NEW,True,24
3941,3332,SR00000003941,2026-04-16 08:33:58,LIMIT_CHANGE,HOTLINE,COMPLETED,True,42
3942,3336,SR00000003942,2026-07-15 07:26:20,ACCOUNT_CLOSURE,APP,COMPLETED,True,10
3943,3337,SR00000003943,2026-03-05 20:49:02,APP_SUPPORT,APP,COMPLETED,True,9
3944,3338,SR00000003944,2026-08-16 21:41:42,APP_SUPPORT,EMAIL,COMPLETED,True,21
3945,3339,SR00000003945,2026-06-29 10:54:43,STATEMENT_REQUEST,BRANCH,COMPLETED,False,85
3946,3339,SR00000003946,2026-08-22 15:59:07,CARD_REISSUE,BRANCH,COMPLETED,True,13
3947,3340,SR00000003947,2026-08-17 18:37:34,CARD_REISSUE,HOTLINE,PROCESSING,False,50
3948,3341,SR00000003948,2026-07-07 19:50:16,CARD_REISSUE,BRANCH,COMPLETED,False,55
3949,3341,SR00000003949,2026-03-07 10:50:47,ADDRESS_UPDATE,BRANCH,COMPLETED,False,49
3950,3343,SR00000003950,2026-03-19 07:41:16,PIN_RESET,HOTLINE,PROCESSING,True,42
3951,3343,SR00000003951,2026-08-21 15:47:11,DISPUTE,HOTLINE,COMPLETED,True,33
3952,3344,SR00000003952,2026-03-26 11:58:23,CARD_REISSUE,BRANCH,PROCESSING,False,72
3953,3344,SR00000003953,2026-05-19 02:55:09,CARD_REISSUE,APP,COMPLETED,True,9
3954,3346,SR00000003954,2026-06-21 00:51:52,ADDRESS_UPDATE,BRANCH,REJECTED,True,24
3955,3348,SR00000003955,2026-08-04 11:37:19,DISPUTE,BRANCH,COMPLETED,False,83
3956,3349,SR00000003956,2026-03-13 17:13:32,APP_SUPPORT,EMAIL,COMPLETED,True,25
3957,3350,SR00000003957,2026-08-15 21:55:35,APP_SUPPORT,APP,PROCESSING,True,34
3958,3351,SR00000003958,2026-03-13 09:43:12,CARD_REISSUE,HOTLINE,COMPLETED,False,81
3959,3351,SR00000003959,2026-05-29 05:17:52,DISPUTE,EMAIL,NEW,False,84
3960,3352,SR00000003960,2026-03-08 02:01:13,PIN_RESET,APP,COMPLETED,True,30
3961,3352,SR00000003961,2026-06-12 19:54:09,CARD_REISSUE,EMAIL,PROCESSING,True,18
3962,3352,SR00000003962,2026-06-03 08:31:46,APP_SUPPORT,HOTLINE,COMPLETED,True,14
3963,3352,SR00000003963,2026-07-28 20:50:31,ADDRESS_UPDATE,BRANCH,PROCESSING,False,49
3964,3353,SR00000003964,2026-03-29 08:16:50,STATEMENT_REQUEST,CHATBOT,COMPLETED,False,47
3965,3353,SR00000003965,2026-03-08 09:12:01,CARD_REISSUE,APP,PROCESSING,False,59
3966,3354,SR00000003966,2026-06-29 00:41:14,APP_SUPPORT,CHATBOT,COMPLETED,False,51
3967,3354,SR00000003967,2026-05-28 15:41:43,APP_SUPPORT,HOTLINE,COMPLETED,False,46
3968,3355,SR00000003968,2026-04-09 23:41:31,DISPUTE,CHATBOT,COMPLETED,False,63
3969,3356,SR00000003969,2026-07-13 17:25:42,CARD_REISSUE,HOTLINE,COMPLETED,False,47
3970,3356,SR00000003970,2026-04-24 13:12:00,STATEMENT_REQUEST,HOTLINE,COMPLETED,True,30
3971,3357,SR00000003971,2026-07-07 03:06:30,APP_SUPPORT,EMAIL,COMPLETED,False,88
3972,3357,SR00000003972,2026-06-14 18:24:33,CARD_REISSUE,BRANCH,PROCESSING,True,9
3973,3357,SR00000003973,2026-05-19 18:14:31,APP_SUPPORT,BRANCH,COMPLETED,False,72
3974,3358,SR00000003974,2026-06-19 22:49:12,ADDRESS_UPDATE,HOTLINE,COMPLETED,False,85
3975,3358,SR00000003975,2026-05-08 16:47:19,LIMIT_CHANGE,BRANCH,COMPLETED,True,12
3976,3358,SR00000003976,2026-04-24 01:01:06,APP_SUPPORT,BRANCH,COMPLETED,True,35
3977,3359,SR00000003977,2026-05-14 07:24:25,STATEMENT_REQUEST,HOTLINE,COMPLETED,False,77
3978,3360,SR00000003978,2026-05-11 02:14:01,ACCOUNT_CLOSURE,EMAIL,COMPLETED,False,71
3979,3360,SR00000003979,2026-04-19 03:37:20,ACCOUNT_CLOSURE,CHATBOT,COMPLETED,True,35
3980,3360,SR00000003980,2026-07-01 17:32:08,APP_SUPPORT,HOTLINE,COMPLETED,True,17
3981,3365,SR00000003981,2026-07-20 09:52:44,STATEMENT_REQUEST,BRANCH,COMPLETED,False,78
3982,3365,SR00000003982,2026-03-04 08:21:19,ACCOUNT_CLOSURE,BRANCH,COMPLETED,False,88
3983,3365,SR00000003983,2026-06-13 15:41:59,STATEMENT_REQUEST,APP,COMPLETED,False,63
3984,3367,SR00000003984,2026-06-20 15:03:19,ADDRESS_UPDATE,HOTLINE,COMPLETED,True,15
3985,3368,SR00000003985,2026-05-27 18:51:16,APP_SUPPORT,APP,COMPLETED,False,58
3986,3369,SR00000003986,2026-08-15 16:48:52,CARD_REISSUE,HOTLINE,COMPLETED,False,74
3987,3369,SR00000003987,2026-06-01 11:03:38,APP_SUPPORT,HOTLINE,COMPLETED,True,20
3988,3369,SR00000003988,2026-03-11 19:54:41,ACCOUNT_CLOSURE,APP,COMPLETED,True,9
3989,3372,SR00000003989,2026-04-07 15:08:51,LIMIT_CHANGE,HOTLINE,COMPLETED,False,65
3990,3374,SR00000003990,2026-08-04 19:28:57,ACCOUNT_CLOSURE,HOTLINE,COMPLETED,False,74
3991,3374,SR00000003991,2026-07-23 23:34:06,ADDRESS_UPDATE,APP,COMPLETED,False,56
3992,3377,SR00000003992,2026-03-14 18:19:00,APP_SUPPORT,BRANCH,COMPLETED,False,52
3993,3377,SR00000003993,2026-07-21 07:02:10,DISPUTE,APP,COMPLETED,True,28
3994,3377,SR00000003994,2026-04-12 10:17:28,LIMIT_CHANGE,CHATBOT,COMPLETED,True,4
3995,3381,SR00000003995,2026-06-05 20:33:19,PIN_RESET,APP,COMPLETED,True,18
3996,3382,SR00000003996,2026-08-01 17:40:08,APP_SUPPORT,APP,COMPLETED,False,89
3997,3382,SR00000003997,2026-07-03 17:50:37,PIN_RESET,HOTLINE,COMPLETED,True,44
3998,3383,SR00000003998,2026-05-14 23:13:55,PIN_RESET,BRANCH,COMPLETED,True,34
3999,3383,SR00000003999,2026-06-12 14:36:19,CARD_REISSUE,HOTLINE,COMPLETED,False,52
4000,3384,SR00000004000,2026-06-25 04:45:55,CARD_REISSUE,EMAIL,COMPLETED,True,39
4001,3384,SR00000004001,2026-07-06 02:56:55,ADDRESS_UPDATE,APP,COMPLETED,True,36
4002,3386,SR00000004002,2026-08-19 01:34:02,CARD_REISSUE,HOTLINE,PROCESSING,False,87
4003,3386,SR00000004003,2026-05-09 23:34:51,ADDRESS_UPDATE,BRANCH,COMPLETED,True,9
4004,3386,SR00000004004,2026-05-13 05:12:32,DISPUTE,HOTLINE,PROCESSING,False,80
4005,3386,SR00000004005,2026-05-24 02:16:42,APP_SUPPORT,HOTLINE,COMPLETED,False,86
4006,3387,SR00000004006,2026-05-03 07:20:29,APP_SUPPORT,APP,NEW,True,32
4007,3390,SR00000004007,2026-06-07 11:48:16,STATEMENT_REQUEST,EMAIL,COMPLETED,False,59
4008,3390,SR00000004008,2026-06-18 13:49:10,PIN_RESET,HOTLINE,COMPLETED,False,73
4009,3390,SR00000004009,2026-06-03 05:45:26,CARD_REISSUE,HOTLINE,NEW,False,47
4010,3391,SR00000004010,2026-07-24 12:19:57,APP_SUPPORT,BRANCH,COMPLETED,False,62
4011,3391,SR00000004011,2026-07-05 12:29:57,LIMIT_CHANGE,CHATBOT,COMPLETED,True,18
4012,3392,SR00000004012,2026-04-02 04:59:44,ACCOUNT_CLOSURE,CHATBOT,COMPLETED,False,56
4013,3392,SR00000004013,2026-06-14 13:41:11,DISPUTE,APP,COMPLETED,False,63
4014,3392,SR00000004014,2026-03-20 17:45:10,CARD_REISSUE,APP,COMPLETED,True,35
4015,3392,SR00000004015,2026-08-21 07:38:24,PIN_RESET,CHATBOT,COMPLETED,True,12
4016,3394,SR00000004016,2026-04-21 02:18:20,PIN_RESET,HOTLINE,COMPLETED,True,34
4017,3394,SR00000004017,2026-08-16 16:55:17,APP_SUPPORT,APP,COMPLETED,True,7
4018,3395,SR00000004018,2026-08-07 18:58:45,LIMIT_CHANGE,BRANCH,COMPLETED,False,79
4019,3395,SR00000004019,2026-06-04 12:48:04,APP_SUPPORT,APP,COMPLETED,True,41
4020,3396,SR00000004020,2026-04-05 10:46:19,APP_SUPPORT,CHATBOT,COMPLETED,True,12
4021,3397,SR00000004021,2026-06-15 21:36:08,LIMIT_CHANGE,BRANCH,COMPLETED,False,62
4022,3397,SR00000004022,2026-03-31 17:58:05,DISPUTE,EMAIL,PROCESSING,False,55
4023,3397,SR00000004023,2026-03-08 16:21:25,ADDRESS_UPDATE,HOTLINE,COMPLETED,True,22
4024,3398,SR00000004024,2026-03-30 18:46:37,CARD_REISSUE,HOTLINE,COMPLETED,True,28
4025,3400,SR00000004025,2026-06-29 23:03:32,APP_SUPPORT,BRANCH,REJECTED,False,76
4026,3400,SR00000004026,2026-06-27 05:14:30,DISPUTE,CHATBOT,COMPLETED,False,57
4027,3400,SR00000004027,2026-07-12 05:42:24,ACCOUNT_CLOSURE,HOTLINE,COMPLETED,False,75
4028,3401,SR00000004028,2026-05-06 08:10:28,LIMIT_CHANGE,APP,COMPLETED,False,79
4029,3401,SR00000004029,2026-03-02 09:18:47,CARD_REISSUE,HOTLINE,COMPLETED,True,15
4030,3401,SR00000004030,2026-03-16 02:05:26,LIMIT_CHANGE,HOTLINE,COMPLETED,True,14
4031,3403,SR00000004031,2026-05-31 00:02:55,DISPUTE,HOTLINE,COMPLETED,False,58
4032,3404,SR00000004032,2026-06-11 01:19:43,APP_SUPPORT,HOTLINE,COMPLETED,False,78
4033,3404,SR00000004033,2026-07-17 17:04:52,PIN_RESET,EMAIL,COMPLETED,True,11
4034,3405,SR00000004034,2026-07-16 13:58:28,ADDRESS_UPDATE,HOTLINE,COMPLETED,True,33
4035,3406,SR00000004035,2026-07-01 02:29:07,APP_SUPPORT,HOTLINE,COMPLETED,False,49
4036,3407,SR00000004036,2026-04-03 08:24:33,STATEMENT_REQUEST,BRANCH,COMPLETED,True,27
4037,3408,SR00000004037,2026-04-27 09:23:58,LIMIT_CHANGE,HOTLINE,COMPLETED,False,62
4038,3409,SR00000004038,2026-06-04 17:51:01,APP_SUPPORT,HOTLINE,COMPLETED,False,48
4039,3410,SR00000004039,2026-03-21 17:44:40,PIN_RESET,CHATBOT,COMPLETED,False,57
4040,3410,SR00000004040,2026-04-07 21:56:13,APP_SUPPORT,APP,COMPLETED,True,15
4041,3411,SR00000004041,2026-08-27 06:46:59,PIN_RESET,EMAIL,COMPLETED,True,30
4042,3413,SR00000004042,2026-05-03 22:32:44,ADDRESS_UPDATE,EMAIL,COMPLETED,True,4
4043,3418,SR00000004043,2026-03-19 20:00:39,PIN_RESET,BRANCH,COMPLETED,False,65
4044,3418,SR00000004044,2026-05-27 08:29:20,ADDRESS_UPDATE,HOTLINE,COMPLETED,True,29
4045,3419,SR00000004045,2026-06-26 10:07:39,CARD_REISSUE,EMAIL,COMPLETED,False,53
4046,3419,SR00000004046,2026-04-08 21:07:07,APP_SUPPORT,BRANCH,COMPLETED,True,42
4047,3419,SR00000004047,2026-05-07 11:10:35,APP_SUPPORT,HOTLINE,COMPLETED,True,43
4048,3420,SR00000004048,2026-03-21 14:21:50,DISPUTE,APP,PROCESSING,False,68
4049,3421,SR00000004049,2026-08-24 07:33:04,ADDRESS_UPDATE,CHATBOT,COMPLETED,False,83
4050,3421,SR00000004050,2026-08-07 03:56:30,DISPUTE,APP,COMPLETED,False,54
4051,3423,SR00000004051,2026-08-07 03:29:44,ACCOUNT_CLOSURE,APP,COMPLETED,False,55
4052,3423,SR00000004052,2026-04-23 10:47:05,ACCOUNT_CLOSURE,EMAIL,COMPLETED,True,44
4053,3424,SR00000004053,2026-03-23 08:40:15,APP_SUPPORT,APP,COMPLETED,False,86
4054,3424,SR00000004054,2026-06-12 05:52:31,PIN_RESET,BRANCH,NEW,False,77
4055,3425,SR00000004055,2026-03-19 08:57:37,ACCOUNT_CLOSURE,APP,COMPLETED,False,63
4056,3425,SR00000004056,2026-03-06 03:22:57,LIMIT_CHANGE,HOTLINE,REJECTED,False,70
4057,3429,SR00000004057,2026-04-27 15:29:45,STATEMENT_REQUEST,CHATBOT,COMPLETED,False,58
4058,3432,SR00000004058,2026-03-10 03:12:38,STATEMENT_REQUEST,BRANCH,COMPLETED,True,18
4059,3432,SR00000004059,2026-07-25 13:54:39,CARD_REISSUE,BRANCH,COMPLETED,False,59
4060,3436,SR00000004060,2026-03-06 17:40:52,APP_SUPPORT,HOTLINE,COMPLETED,False,85
4061,3437,SR00000004061,2026-05-27 10:47:04,DISPUTE,APP,PROCESSING,True,22
4062,3437,SR00000004062,2026-08-24 07:52:14,ACCOUNT_CLOSURE,BRANCH,COMPLETED,False,50
4063,3438,SR00000004063,2026-06-17 13:15:32,PIN_RESET,HOTLINE,COMPLETED,True,27
4064,3439,SR00000004064,2026-04-02 23:00:35,LIMIT_CHANGE,CHATBOT,COMPLETED,True,9
4065,3439,SR00000004065,2026-08-06 03:14:00,DISPUTE,BRANCH,COMPLETED,False,67
4066,3439,SR00000004066,2026-08-19 21:46:38,CARD_REISSUE,APP,REJECTED,False,72
4067,3440,SR00000004067,2026-03-06 01:37:50,PIN_RESET,BRANCH,NEW,False,49
4068,3440,SR00000004068,2026-04-03 09:23:26,ACCOUNT_CLOSURE,BRANCH,COMPLETED,False,85
4069,3441,SR00000004069,2026-03-17 02:29:58,LIMIT_CHANGE,HOTLINE,COMPLETED,True,43
4070,3442,SR00000004070,2026-05-16 23:17:20,CARD_REISSUE,BRANCH,COMPLETED,True,18
4071,3442,SR00000004071,2026-07-01 22:46:24,STATEMENT_REQUEST,APP,COMPLETED,False,53
4072,3443,SR00000004072,2026-05-02 07:52:44,PIN_RESET,EMAIL,COMPLETED,False,52
4073,3443,SR00000004073,2026-05-01 04:02:47,CARD_REISSUE,HOTLINE,COMPLETED,True,41
4074,3443,SR00000004074,2026-08-15 12:18:18,STATEMENT_REQUEST,APP,COMPLETED,True,22
4075,3445,SR00000004075,2026-06-09 14:26:39,ACCOUNT_CLOSURE,APP,COMPLETED,False,62
4076,3446,SR00000004076,2026-06-10 20:05:56,DISPUTE,APP,COMPLETED,False,89
4077,3447,SR00000004077,2026-03-02 13:35:01,LIMIT_CHANGE,EMAIL,COMPLETED,True,12
4078,3447,SR00000004078,2026-03-21 13:46:34,CARD_REISSUE,EMAIL,COMPLETED,True,10
4079,3447,SR00000004079,2026-07-11 01:25:22,ACCOUNT_CLOSURE,HOTLINE,COMPLETED,False,64
4080,3448,SR00000004080,2026-05-29 23:48:38,CARD_REISSUE,APP,COMPLETED,True,43
4081,3448,SR00000004081,2026-04-02 02:11:43,APP_SUPPORT,HOTLINE,COMPLETED,True,19
4082,3448,SR00000004082,2026-03-13 18:36:47,ACCOUNT_CLOSURE,HOTLINE,COMPLETED,True,9
4083,3449,SR00000004083,2026-05-30 23:58:37,PIN_RESET,APP,COMPLETED,True,9
4084,3450,SR00000004084,2026-06-14 16:59:04,CARD_REISSUE,BRANCH,COMPLETED,True,11
4085,3451,SR00000004085,2026-07-10 14:19:01,ACCOUNT_CLOSURE,CHATBOT,COMPLETED,False,71
4086,3451,SR00000004086,2026-03-17 15:08:07,ACCOUNT_CLOSURE,APP,PROCESSING,True,21
4087,3452,SR00000004087,2026-07-16 12:12:26,PIN_RESET,BRANCH,COMPLETED,False,75
4088,3452,SR00000004088,2026-03-02 05:38:51,CARD_REISSUE,HOTLINE,COMPLETED,False,69
4089,3452,SR00000004089,2026-08-11 10:46:40,APP_SUPPORT,APP,COMPLETED,False,49
4090,3453,SR00000004090,2026-07-13 03:08:21,LIMIT_CHANGE,APP,COMPLETED,True,6
4091,3453,SR00000004091,2026-08-13 15:08:20,APP_SUPPORT,EMAIL,COMPLETED,True,12
4092,3453,SR00000004092,2026-07-09 19:59:29,APP_SUPPORT,BRANCH,REJECTED,False,71
4093,3454,SR00000004093,2026-03-15 05:34:18,DISPUTE,HOTLINE,COMPLETED,False,52
4094,3454,SR00000004094,2026-04-28 02:54:50,ADDRESS_UPDATE,CHATBOT,COMPLETED,True,30
4095,3457,SR00000004095,2026-06-24 16:01:39,PIN_RESET,EMAIL,COMPLETED,False,73
4096,3458,SR00000004096,2026-02-28 13:39:41,STATEMENT_REQUEST,HOTLINE,COMPLETED,False,47
4097,3458,SR00000004097,2026-03-23 20:06:39,ADDRESS_UPDATE,APP,COMPLETED,True,40
4098,3458,SR00000004098,2026-03-11 03:23:08,PIN_RESET,EMAIL,NEW,False,66
4099,3462,SR00000004099,2026-05-02 22:58:04,CARD_REISSUE,APP,COMPLETED,True,16
4100,3462,SR00000004100,2026-08-15 04:11:05,STATEMENT_REQUEST,CHATBOT,COMPLETED,True,44
4101,3462,SR00000004101,2026-06-25 11:07:04,DISPUTE,APP,REJECTED,False,68
4102,3462,SR00000004102,2026-08-12 14:39:08,STATEMENT_REQUEST,APP,COMPLETED,True,45
4103,3463,SR00000004103,2026-07-26 00:05:50,LIMIT_CHANGE,CHATBOT,NEW,False,80
4104,3463,SR00000004104,2026-06-19 23:55:57,LIMIT_CHANGE,HOTLINE,COMPLETED,False,77
4105,3464,SR00000004105,2026-07-31 21:03:28,CARD_REISSUE,BRANCH,COMPLETED,False,63
4106,3465,SR00000004106,2026-03-19 05:00:26,APP_SUPPORT,HOTLINE,COMPLETED,True,42
4107,3468,SR00000004107,2026-05-25 03:55:30,PIN_RESET,HOTLINE,COMPLETED,True,14
4108,3468,SR00000004108,2026-07-15 05:17:55,CARD_REISSUE,HOTLINE,PROCESSING,True,28
4109,3468,SR00000004109,2026-07-26 07:25:50,CARD_REISSUE,APP,COMPLETED,False,49
4110,3470,SR00000004110,2026-08-06 12:28:35,STATEMENT_REQUEST,APP,COMPLETED,True,6
4111,3470,SR00000004111,2026-05-16 17:08:41,ADDRESS_UPDATE,BRANCH,COMPLETED,True,36
4112,3471,SR00000004112,2026-05-31 02:00:50,APP_SUPPORT,APP,COMPLETED,True,4
4113,3471,SR00000004113,2026-06-05 00:31:22,ACCOUNT_CLOSURE,HOTLINE,COMPLETED,True,41
4114,3471,SR00000004114,2026-05-14 23:30:58,LIMIT_CHANGE,HOTLINE,COMPLETED,True,44
4115,3472,SR00000004115,2026-06-19 13:47:16,LIMIT_CHANGE,BRANCH,COMPLETED,False,48
4116,3472,SR00000004116,2026-07-03 08:59:45,PIN_RESET,BRANCH,COMPLETED,False,50
4117,3473,SR00000004117,2026-04-05 15:32:21,PIN_RESET,CHATBOT,COMPLETED,False,54
4118,3473,SR00000004118,2026-07-03 13:20:15,CARD_REISSUE,CHATBOT,COMPLETED,True,34
4119,3480,SR00000004119,2026-05-13 17:26:57,DISPUTE,APP,COMPLETED,False,52
4120,3482,SR00000004120,2026-05-14 21:54:39,ACCOUNT_CLOSURE,APP,COMPLETED,False,54
4121,3482,SR00000004121,2026-03-28 06:09:15,STATEMENT_REQUEST,EMAIL,COMPLETED,True,21
4122,3486,SR00000004122,2026-03-04 16:53:41,ADDRESS_UPDATE,APP,COMPLETED,False,65
4123,3486,SR00000004123,2026-08-11 11:18:45,ACCOUNT_CLOSURE,EMAIL,COMPLETED,False,77
4124,3487,SR00000004124,2026-04-08 21:17:06,LIMIT_CHANGE,EMAIL,REJECTED,True,15
4125,3488,SR00000004125,2026-08-20 18:29:31,STATEMENT_REQUEST,HOTLINE,PROCESSING,True,33
4126,3488,SR00000004126,2026-04-03 07:32:32,PIN_RESET,EMAIL,PROCESSING,False,60
4127,3488,SR00000004127,2026-07-22 00:53:35,APP_SUPPORT,BRANCH,COMPLETED,True,39
4128,3488,SR00000004128,2026-08-25 01:28:46,APP_SUPPORT,APP,COMPLETED,False,74
4129,3488,SR00000004129,2026-07-12 15:30:59,DISPUTE,HOTLINE,COMPLETED,True,30
4130,3489,SR00000004130,2026-03-31 23:28:46,CARD_REISSUE,HOTLINE,COMPLETED,False,68
4131,3490,SR00000004131,2026-03-29 03:05:57,ADDRESS_UPDATE,BRANCH,COMPLETED,True,7
4132,3490,SR00000004132,2026-05-04 16:46:24,PIN_RESET,BRANCH,COMPLETED,True,6
4133,3491,SR00000004133,2026-06-05 18:01:05,APP_SUPPORT,HOTLINE,COMPLETED,True,27
4134,3492,SR00000004134,2026-04-30 13:31:32,STATEMENT_REQUEST,APP,COMPLETED,False,54
4135,3492,SR00000004135,2026-06-08 07:59:28,LIMIT_CHANGE,BRANCH,COMPLETED,True,9
4136,3493,SR00000004136,2026-04-25 14:08:29,APP_SUPPORT,HOTLINE,COMPLETED,False,73
4137,3493,SR00000004137,2026-03-02 14:48:01,CARD_REISSUE,HOTLINE,PROCESSING,False,47
4138,3496,SR00000004138,2026-07-05 00:58:03,APP_SUPPORT,BRANCH,COMPLETED,False,46
4139,3496,SR00000004139,2026-05-03 00:07:14,STATEMENT_REQUEST,HOTLINE,COMPLETED,False,46
4140,3497,SR00000004140,2026-06-19 14:14:48,APP_SUPPORT,HOTLINE,COMPLETED,True,16
4141,3497,SR00000004141,2026-05-25 10:10:12,PIN_RESET,HOTLINE,COMPLETED,True,36
4142,3497,SR00000004142,2026-05-15 02:34:37,PIN_RESET,HOTLINE,COMPLETED,True,10
4143,3498,SR00000004143,2026-06-21 10:37:43,LIMIT_CHANGE,APP,COMPLETED,True,20
4144,3498,SR00000004144,2026-07-17 21:36:45,APP_SUPPORT,HOTLINE,REJECTED,False,87
4145,3498,SR00000004145,2026-03-14 13:28:09,DISPUTE,HOTLINE,PROCESSING,True,15
4146,3500,SR00000004146,2026-04-09 15:43:32,ACCOUNT_CLOSURE,HOTLINE,COMPLETED,True,3
4147,3501,SR00000004147,2026-04-21 23:49:16,LIMIT_CHANGE,BRANCH,COMPLETED,True,8
4148,3501,SR00000004148,2026-08-19 09:29:44,DISPUTE,EMAIL,COMPLETED,True,10
4149,3502,SR00000004149,2026-06-23 10:32:26,LIMIT_CHANGE,APP,COMPLETED,True,18
4150,3502,SR00000004150,2026-07-18 12:33:26,LIMIT_CHANGE,APP,COMPLETED,True,28
4151,3503,SR00000004151,2026-03-21 04:19:42,DISPUTE,HOTLINE,COMPLETED,False,71
4152,3504,SR00000004152,2026-08-18 03:25:16,PIN_RESET,CHATBOT,COMPLETED,True,15
4153,3504,SR00000004153,2026-08-03 22:10:27,DISPUTE,BRANCH,COMPLETED,True,7
4154,3504,SR00000004154,2026-04-08 17:16:23,ADDRESS_UPDATE,APP,COMPLETED,True,25
4155,3504,SR00000004155,2026-05-13 22:35:31,DISPUTE,HOTLINE,PROCESSING,True,17
4156,3505,SR00000004156,2026-05-18 13:08:32,APP_SUPPORT,HOTLINE,COMPLETED,False,52
4157,3506,SR00000004157,2026-06-16 22:36:49,APP_SUPPORT,HOTLINE,COMPLETED,True,35
4158,3507,SR00000004158,2026-08-03 18:34:21,LIMIT_CHANGE,APP,COMPLETED,False,60
4159,3507,SR00000004159,2026-06-06 14:55:01,PIN_RESET,APP,REJECTED,True,30
4160,3507,SR00000004160,2026-06-27 17:33:52,ACCOUNT_CLOSURE,HOTLINE,REJECTED,False,81
4161,3507,SR00000004161,2026-03-16 18:52:33,ADDRESS_UPDATE,EMAIL,COMPLETED,True,35
4162,3508,SR00000004162,2026-08-25 08:32:52,CARD_REISSUE,HOTLINE,COMPLETED,True,44
4163,3509,SR00000004163,2026-08-09 07:44:03,ACCOUNT_CLOSURE,HOTLINE,COMPLETED,False,88
4164,3509,SR00000004164,2026-07-13 07:18:57,LIMIT_CHANGE,HOTLINE,COMPLETED,False,52
4165,3510,SR00000004165,2026-04-20 04:26:17,LIMIT_CHANGE,EMAIL,COMPLETED,False,79
4166,3511,SR00000004166,2026-06-08 20:21:12,PIN_RESET,APP,COMPLETED,True,40
4167,3511,SR00000004167,2026-03-03 03:28:06,PIN_RESET,HOTLINE,COMPLETED,True,28
4168,3512,SR00000004168,2026-05-13 03:47:14,ACCOUNT_CLOSURE,HOTLINE,COMPLETED,True,34
4169,3512,SR00000004169,2026-07-13 23:30:32,CARD_REISSUE,APP,COMPLETED,True,14
4170,3513,SR00000004170,2026-03-03 19:52:48,ACCOUNT_CLOSURE,EMAIL,COMPLETED,True,41
4171,3515,SR00000004171,2026-08-09 19:12:34,PIN_RESET,EMAIL,COMPLETED,True,5
4172,3515,SR00000004172,2026-08-07 09:41:11,PIN_RESET,CHATBOT,COMPLETED,True,12
4173,3516,SR00000004173,2026-04-29 18:23:52,PIN_RESET,EMAIL,COMPLETED,True,3
4174,3516,SR00000004174,2026-04-21 20:31:51,ADDRESS_UPDATE,APP,NEW,False,67
4175,3518,SR00000004175,2026-04-25 03:27:22,STATEMENT_REQUEST,EMAIL,COMPLETED,True,4
4176,3519,SR00000004176,2026-04-16 08:49:31,LIMIT_CHANGE,HOTLINE,COMPLETED,False,71
4177,3519,SR00000004177,2026-06-15 16:28:15,APP_SUPPORT,APP,REJECTED,True,6
4178,3519,SR00000004178,2026-05-15 10:24:00,LIMIT_CHANGE,HOTLINE,COMPLETED,False,53
4179,3519,SR00000004179,2026-05-14 08:27:38,CARD_REISSUE,HOTLINE,COMPLETED,False,82
4180,3521,SR00000004180,2026-04-07 23:46:06,LIMIT_CHANGE,EMAIL,COMPLETED,True,36
4181,3521,SR00000004181,2026-04-30 12:19:31,DISPUTE,BRANCH,PROCESSING,False,88
4182,3521,SR00000004182,2026-05-31 21:10:38,STATEMENT_REQUEST,BRANCH,PROCESSING,True,31
4183,3522,SR00000004183,2026-06-30 19:13:00,PIN_RESET,EMAIL,COMPLETED,True,32
4184,3523,SR00000004184,2026-02-28 17:28:11,ADDRESS_UPDATE,CHATBOT,PROCESSING,True,35
4185,3524,SR00000004185,2026-08-03 22:09:11,STATEMENT_REQUEST,APP,COMPLETED,True,30
4186,3524,SR00000004186,2026-04-19 15:42:21,CARD_REISSUE,HOTLINE,COMPLETED,False,85
4187,3525,SR00000004187,2026-03-01 21:44:51,APP_SUPPORT,HOTLINE,COMPLETED,False,81
4188,3526,SR00000004188,2026-03-16 06:07:38,DISPUTE,EMAIL,PROCESSING,True,14
4189,3527,SR00000004189,2026-08-20 19:58:25,LIMIT_CHANGE,EMAIL,COMPLETED,True,42
4190,3527,SR00000004190,2026-05-10 02:36:31,ADDRESS_UPDATE,APP,COMPLETED,False,71
4191,3527,SR00000004191,2026-07-18 03:07:32,APP_SUPPORT,BRANCH,COMPLETED,False,62
4192,3529,SR00000004192,2026-06-07 20:10:56,PIN_RESET,BRANCH,COMPLETED,False,85
4193,3531,SR00000004193,2026-04-01 21:46:54,PIN_RESET,EMAIL,COMPLETED,False,66
4194,3531,SR00000004194,2026-06-04 21:34:06,CARD_REISSUE,HOTLINE,COMPLETED,False,50
4195,3532,SR00000004195,2026-03-05 21:45:06,CARD_REISSUE,CHATBOT,COMPLETED,False,58
4196,3533,SR00000004196,2026-06-05 11:39:43,DISPUTE,HOTLINE,COMPLETED,False,50
4197,3533,SR00000004197,2026-07-04 09:48:52,CARD_REISSUE,HOTLINE,COMPLETED,False,75
4198,3534,SR00000004198,2026-04-25 01:56:53,STATEMENT_REQUEST,APP,COMPLETED,True,37
4199,3534,SR00000004199,2026-08-10 18:26:49,DISPUTE,APP,COMPLETED,True,13
4200,3536,SR00000004200,2026-04-07 12:45:24,STATEMENT_REQUEST,HOTLINE,COMPLETED,True,28
4201,3536,SR00000004201,2026-08-18 09:18:52,ADDRESS_UPDATE,HOTLINE,COMPLETED,False,78
4202,3537,SR00000004202,2026-07-11 15:25:16,PIN_RESET,HOTLINE,COMPLETED,True,12
4203,3537,SR00000004203,2026-04-09 19:02:16,STATEMENT_REQUEST,APP,COMPLETED,True,31
4204,3538,SR00000004204,2026-03-11 04:58:49,PIN_RESET,APP,COMPLETED,False,77
4205,3538,SR00000004205,2026-03-10 01:28:42,CARD_REISSUE,APP,COMPLETED,True,11
4206,3539,SR00000004206,2026-03-11 15:43:27,LIMIT_CHANGE,HOTLINE,COMPLETED,True,12
4207,3542,SR00000004207,2026-06-02 05:11:53,PIN_RESET,APP,COMPLETED,False,78
4208,3542,SR00000004208,2026-07-31 16:31:39,PIN_RESET,HOTLINE,COMPLETED,True,14
4209,3542,SR00000004209,2026-04-19 21:43:49,ACCOUNT_CLOSURE,APP,PROCESSING,False,68
4210,3544,SR00000004210,2026-07-02 10:54:23,DISPUTE,APP,COMPLETED,True,12
4211,3544,SR00000004211,2026-04-02 04:05:40,PIN_RESET,APP,COMPLETED,True,33
4212,3544,SR00000004212,2026-05-15 19:44:56,STATEMENT_REQUEST,HOTLINE,COMPLETED,False,49
4213,3546,SR00000004213,2026-03-21 18:42:32,CARD_REISSUE,EMAIL,COMPLETED,True,28
4214,3548,SR00000004214,2026-05-02 09:41:25,STATEMENT_REQUEST,EMAIL,COMPLETED,True,9
4215,3549,SR00000004215,2026-05-18 11:45:55,STATEMENT_REQUEST,APP,PROCESSING,True,20
4216,3550,SR00000004216,2026-03-13 07:23:43,PIN_RESET,HOTLINE,COMPLETED,False,69
4217,3552,SR00000004217,2026-04-14 00:39:14,STATEMENT_REQUEST,EMAIL,NEW,False,76
4218,3552,SR00000004218,2026-03-10 01:05:30,CARD_REISSUE,HOTLINE,COMPLETED,True,45
4219,3555,SR00000004219,2026-07-11 12:23:01,PIN_RESET,CHATBOT,COMPLETED,False,53
4220,3556,SR00000004220,2026-06-07 20:37:31,ACCOUNT_CLOSURE,HOTLINE,COMPLETED,True,30
4221,3557,SR00000004221,2026-04-11 04:24:00,ADDRESS_UPDATE,APP,COMPLETED,False,56
4222,3557,SR00000004222,2026-03-30 16:35:33,PIN_RESET,HOTLINE,NEW,False,55
4223,3564,SR00000004223,2026-05-09 01:38:04,STATEMENT_REQUEST,HOTLINE,COMPLETED,False,73
4224,3564,SR00000004224,2026-03-15 10:54:35,LIMIT_CHANGE,APP,COMPLETED,False,80
4225,3564,SR00000004225,2026-08-18 06:14:48,ACCOUNT_CLOSURE,HOTLINE,COMPLETED,False,59
4226,3565,SR00000004226,2026-03-31 07:01:42,STATEMENT_REQUEST,APP,COMPLETED,False,72
4227,3568,SR00000004227,2026-08-24 17:56:37,STATEMENT_REQUEST,HOTLINE,COMPLETED,True,28
4228,3568,SR00000004228,2026-06-28 03:23:12,PIN_RESET,EMAIL,COMPLETED,True,14
4229,3569,SR00000004229,2026-06-01 11:40:46,CARD_REISSUE,BRANCH,COMPLETED,False,71
4230,3569,SR00000004230,2026-05-23 10:41:30,LIMIT_CHANGE,APP,COMPLETED,True,34
4231,3569,SR00000004231,2026-06-02 09:10:50,DISPUTE,APP,NEW,False,58
4232,3570,SR00000004232,2026-04-13 04:41:01,LIMIT_CHANGE,HOTLINE,PROCESSING,False,89
4233,3570,SR00000004233,2026-04-10 06:50:30,STATEMENT_REQUEST,HOTLINE,COMPLETED,True,32
4234,3571,SR00000004234,2026-07-29 18:37:12,DISPUTE,APP,COMPLETED,True,27
4235,3572,SR00000004235,2026-05-17 05:06:18,ADDRESS_UPDATE,CHATBOT,COMPLETED,True,17
4236,3575,SR00000004236,2026-03-01 09:35:37,DISPUTE,HOTLINE,COMPLETED,True,27
4237,3577,SR00000004237,2026-04-05 06:04:08,STATEMENT_REQUEST,EMAIL,NEW,False,54
4238,3578,SR00000004238,2026-06-25 08:40:36,CARD_REISSUE,HOTLINE,COMPLETED,True,44
4239,3579,SR00000004239,2026-07-22 19:34:03,ADDRESS_UPDATE,HOTLINE,COMPLETED,True,40
4240,3579,SR00000004240,2026-05-11 07:33:47,STATEMENT_REQUEST,HOTLINE,COMPLETED,True,8
4241,3580,SR00000004241,2026-07-09 09:11:42,ADDRESS_UPDATE,APP,COMPLETED,False,75
4242,3584,SR00000004242,2026-04-30 12:06:52,ADDRESS_UPDATE,APP,COMPLETED,True,45
4243,3584,SR00000004243,2026-05-31 17:36:04,APP_SUPPORT,HOTLINE,COMPLETED,False,51
4244,3584,SR00000004244,2026-04-09 20:03:25,APP_SUPPORT,HOTLINE,PROCESSING,True,5
4245,3584,SR00000004245,2026-06-22 11:45:06,ACCOUNT_CLOSURE,EMAIL,COMPLETED,False,46
4246,3586,SR00000004246,2026-06-17 15:36:21,DISPUTE,APP,COMPLETED,False,58
4247,3588,SR00000004247,2026-05-08 01:31:41,STATEMENT_REQUEST,BRANCH,COMPLETED,True,30
4248,3588,SR00000004248,2026-07-30 01:04:41,DISPUTE,APP,COMPLETED,False,67
4249,3591,SR00000004249,2026-04-03 22:00:23,APP_SUPPORT,BRANCH,COMPLETED,False,58
4250,3594,SR00000004250,2026-08-09 23:20:21,APP_SUPPORT,APP,COMPLETED,False,76
4251,3597,SR00000004251,2026-03-01 23:03:51,ADDRESS_UPDATE,HOTLINE,PROCESSING,True,5
4252,3597,SR00000004252,2026-05-10 12:04:28,LIMIT_CHANGE,HOTLINE,COMPLETED,True,20
4253,3600,SR00000004253,2026-04-29 10:20:04,DISPUTE,APP,COMPLETED,False,68
4254,3601,SR00000004254,2026-04-21 18:58:53,PIN_RESET,APP,COMPLETED,True,17
4255,3602,SR00000004255,2026-08-11 00:11:02,DISPUTE,EMAIL,COMPLETED,False,62
4256,3602,SR00000004256,2026-06-24 12:26:23,PIN_RESET,EMAIL,PROCESSING,False,66
4257,3603,SR00000004257,2026-04-14 23:55:18,PIN_RESET,HOTLINE,COMPLETED,True,43
4258,3604,SR00000004258,2026-05-19 02:08:50,LIMIT_CHANGE,BRANCH,PROCESSING,True,16
4259,3604,SR00000004259,2026-05-29 18:03:57,CARD_REISSUE,APP,REJECTED,True,24
4260,3604,SR00000004260,2026-06-02 06:47:23,LIMIT_CHANGE,APP,COMPLETED,True,3
4261,3604,SR00000004261,2026-03-16 15:09:59,CARD_REISSUE,HOTLINE,COMPLETED,False,59
4262,3606,SR00000004262,2026-07-13 22:44:15,LIMIT_CHANGE,APP,REJECTED,True,34
4263,3607,SR00000004263,2026-05-04 04:15:40,DISPUTE,HOTLINE,COMPLETED,True,20
4264,3607,SR00000004264,2026-02-28 14:04:58,LIMIT_CHANGE,BRANCH,COMPLETED,True,30
4265,3609,SR00000004265,2026-05-07 20:05:38,ADDRESS_UPDATE,EMAIL,COMPLETED,False,80
4266,3610,SR00000004266,2026-07-13 00:38:25,LIMIT_CHANGE,EMAIL,COMPLETED,False,88
4267,3610,SR00000004267,2026-04-21 05:09:47,PIN_RESET,HOTLINE,COMPLETED,True,39
4268,3610,SR00000004268,2026-04-16 09:14:15,STATEMENT_REQUEST,APP,COMPLETED,True,33
4269,3611,SR00000004269,2026-05-10 10:14:41,ACCOUNT_CLOSURE,EMAIL,COMPLETED,True,40
4270,3611,SR00000004270,2026-08-06 07:52:49,LIMIT_CHANGE,HOTLINE,COMPLETED,True,22
4271,3611,SR00000004271,2026-07-07 04:59:07,PIN_RESET,HOTLINE,COMPLETED,True,38
4272,3611,SR00000004272,2026-03-16 11:16:43,STATEMENT_REQUEST,APP,COMPLETED,False,50
4273,3612,SR00000004273,2026-03-01 16:40:59,PIN_RESET,HOTLINE,NEW,True,14
4274,3613,SR00000004274,2026-08-02 11:22:25,APP_SUPPORT,BRANCH,COMPLETED,False,87
4275,3613,SR00000004275,2026-04-28 15:20:37,APP_SUPPORT,CHATBOT,COMPLETED,False,64
4276,3613,SR00000004276,2026-06-11 21:47:59,PIN_RESET,HOTLINE,COMPLETED,False,73
4277,3615,SR00000004277,2026-07-14 09:42:27,DISPUTE,HOTLINE,PROCESSING,False,48
4278,3616,SR00000004278,2026-05-05 09:21:08,ADDRESS_UPDATE,HOTLINE,COMPLETED,True,36
4279,3618,SR00000004279,2026-04-15 09:53:21,STATEMENT_REQUEST,BRANCH,COMPLETED,True,25
4280,3619,SR00000004280,2026-03-17 23:32:17,STATEMENT_REQUEST,EMAIL,REJECTED,False,86
4281,3621,SR00000004281,2026-06-06 05:13:05,ADDRESS_UPDATE,HOTLINE,COMPLETED,False,72
4282,3621,SR00000004282,2026-07-23 11:34:53,DISPUTE,HOTLINE,COMPLETED,True,3
4283,3621,SR00000004283,2026-08-26 00:57:45,CARD_REISSUE,APP,COMPLETED,True,27
4284,3621,SR00000004284,2026-03-22 12:49:48,STATEMENT_REQUEST,HOTLINE,COMPLETED,False,51
4285,3622,SR00000004285,2026-04-25 03:58:23,ADDRESS_UPDATE,HOTLINE,PROCESSING,False,55
4286,3624,SR00000004286,2026-07-22 00:19:01,STATEMENT_REQUEST,HOTLINE,COMPLETED,True,7
4287,3625,SR00000004287,2026-07-07 12:13:20,ADDRESS_UPDATE,BRANCH,REJECTED,False,58
4288,3625,SR00000004288,2026-04-24 05:34:27,APP_SUPPORT,APP,COMPLETED,False,68
4289,3626,SR00000004289,2026-08-16 10:28:21,LIMIT_CHANGE,EMAIL,COMPLETED,False,80
4290,3627,SR00000004290,2026-03-31 21:05:08,STATEMENT_REQUEST,HOTLINE,COMPLETED,True,4
4291,3629,SR00000004291,2026-04-20 22:38:46,ACCOUNT_CLOSURE,HOTLINE,NEW,False,58
4292,3629,SR00000004292,2026-05-03 10:51:22,ACCOUNT_CLOSURE,APP,COMPLETED,True,40
4293,3630,SR00000004293,2026-04-06 05:43:05,DISPUTE,EMAIL,COMPLETED,False,55
4294,3630,SR00000004294,2026-06-03 02:28:32,CARD_REISSUE,HOTLINE,COMPLETED,False,82
4295,3630,SR00000004295,2026-03-10 22:23:50,CARD_REISSUE,APP,COMPLETED,True,26
4296,3631,SR00000004296,2026-06-01 10:58:31,APP_SUPPORT,HOTLINE,COMPLETED,False,74
4297,3633,SR00000004297,2026-08-21 09:05:56,ADDRESS_UPDATE,APP,COMPLETED,False,84
4298,3633,SR00000004298,2026-07-14 10:16:26,ACCOUNT_CLOSURE,APP,COMPLETED,True,30
4299,3634,SR00000004299,2026-07-24 04:28:23,LIMIT_CHANGE,APP,COMPLETED,False,76
4300,3637,SR00000004300,2026-07-01 13:12:39,DISPUTE,HOTLINE,COMPLETED,True,45
4301,3639,SR00000004301,2026-07-22 14:01:19,DISPUTE,EMAIL,COMPLETED,True,11
4302,3639,SR00000004302,2026-07-02 21:39:45,PIN_RESET,BRANCH,COMPLETED,False,53
4303,3640,SR00000004303,2026-08-21 22:31:46,CARD_REISSUE,APP,COMPLETED,False,88
4304,3640,SR00000004304,2026-06-07 19:44:10,ADDRESS_UPDATE,APP,COMPLETED,True,34
4305,3641,SR00000004305,2026-03-31 13:36:59,STATEMENT_REQUEST,HOTLINE,COMPLETED,True,36
4306,3641,SR00000004306,2026-03-02 05:21:55,CARD_REISSUE,APP,COMPLETED,False,88
4307,3645,SR00000004307,2026-03-13 07:32:13,APP_SUPPORT,APP,COMPLETED,True,39
4308,3646,SR00000004308,2026-06-19 23:48:26,APP_SUPPORT,APP,COMPLETED,True,8
4309,3647,SR00000004309,2026-03-17 04:39:08,STATEMENT_REQUEST,EMAIL,PROCESSING,False,63
4310,3647,SR00000004310,2026-05-29 05:49:18,LIMIT_CHANGE,CHATBOT,COMPLETED,True,9
4311,3649,SR00000004311,2026-07-16 22:01:24,ADDRESS_UPDATE,HOTLINE,COMPLETED,False,56
4312,3650,SR00000004312,2026-06-14 08:02:50,LIMIT_CHANGE,HOTLINE,COMPLETED,True,11
4313,3650,SR00000004313,2026-07-02 16:49:51,APP_SUPPORT,HOTLINE,COMPLETED,True,9
4314,3651,SR00000004314,2026-06-25 08:04:32,LIMIT_CHANGE,HOTLINE,COMPLETED,False,62
4315,3653,SR00000004315,2026-04-09 16:55:29,DISPUTE,HOTLINE,NEW,True,34
4316,3654,SR00000004316,2026-04-14 13:33:46,DISPUTE,APP,COMPLETED,True,5
4317,3654,SR00000004317,2026-02-28 15:29:09,CARD_REISSUE,HOTLINE,COMPLETED,False,86
4318,3654,SR00000004318,2026-03-01 00:01:22,ADDRESS_UPDATE,HOTLINE,REJECTED,False,64
4319,3655,SR00000004319,2026-05-21 07:41:37,ADDRESS_UPDATE,EMAIL,COMPLETED,False,49
4320,3655,SR00000004320,2026-04-12 10:26:59,STATEMENT_REQUEST,EMAIL,COMPLETED,False,73
4321,3657,SR00000004321,2026-06-04 18:45:49,APP_SUPPORT,HOTLINE,COMPLETED,True,3
4322,3657,SR00000004322,2026-08-23 10:05:42,ADDRESS_UPDATE,APP,COMPLETED,True,27
4323,3658,SR00000004323,2026-07-09 11:09:01,CARD_REISSUE,APP,NEW,True,19
4324,3658,SR00000004324,2026-08-16 23:56:21,CARD_REISSUE,APP,PROCESSING,True,31
4325,3658,SR00000004325,2026-07-02 09:55:35,APP_SUPPORT,BRANCH,PROCESSING,False,63
4326,3659,SR00000004326,2026-05-23 08:01:38,ACCOUNT_CLOSURE,APP,NEW,False,67
4327,3660,SR00000004327,2026-04-07 13:34:27,ADDRESS_UPDATE,APP,COMPLETED,False,54
4328,3660,SR00000004328,2026-06-15 11:29:36,CARD_REISSUE,APP,COMPLETED,True,5
4329,3660,SR00000004329,2026-07-20 04:16:26,STATEMENT_REQUEST,APP,COMPLETED,False,64
4330,3660,SR00000004330,2026-05-19 13:00:45,PIN_RESET,APP,COMPLETED,False,66
4331,3661,SR00000004331,2026-03-02 09:37:02,STATEMENT_REQUEST,APP,COMPLETED,False,85
4332,3662,SR00000004332,2026-05-23 01:23:35,ADDRESS_UPDATE,HOTLINE,COMPLETED,False,49
4333,3662,SR00000004333,2026-07-24 20:20:53,DISPUTE,HOTLINE,COMPLETED,False,60
4334,3664,SR00000004334,2026-03-03 02:52:12,ACCOUNT_CLOSURE,HOTLINE,COMPLETED,True,5
4335,3664,SR00000004335,2026-06-18 01:59:58,DISPUTE,APP,NEW,False,70
4336,3664,SR00000004336,2026-03-02 11:18:43,APP_SUPPORT,HOTLINE,COMPLETED,False,79
4337,3664,SR00000004337,2026-03-16 14:53:45,LIMIT_CHANGE,BRANCH,COMPLETED,False,75
4338,3664,SR00000004338,2026-03-05 15:36:46,ADDRESS_UPDATE,HOTLINE,COMPLETED,True,14
4339,3665,SR00000004339,2026-04-10 19:50:47,APP_SUPPORT,APP,COMPLETED,True,31
4340,3665,SR00000004340,2026-07-19 07:06:45,APP_SUPPORT,APP,COMPLETED,True,5
4341,3666,SR00000004341,2026-05-27 02:51:04,STATEMENT_REQUEST,CHATBOT,COMPLETED,False,53
4342,3668,SR00000004342,2026-06-18 13:05:07,DISPUTE,HOTLINE,COMPLETED,False,58
4343,3668,SR00000004343,2026-03-11 19:35:37,PIN_RESET,EMAIL,COMPLETED,True,16
4344,3668,SR00000004344,2026-06-27 09:27:22,APP_SUPPORT,HOTLINE,COMPLETED,True,20
4345,3668,SR00000004345,2026-08-24 15:57:35,STATEMENT_REQUEST,HOTLINE,PROCESSING,False,63
4346,3671,SR00000004346,2026-04-13 15:56:25,DISPUTE,HOTLINE,COMPLETED,True,27
4347,3672,SR00000004347,2026-06-18 11:11:24,DISPUTE,APP,NEW,False,57
4348,3672,SR00000004348,2026-08-17 07:36:07,ACCOUNT_CLOSURE,HOTLINE,COMPLETED,False,65
4349,3674,SR00000004349,2026-08-08 00:13:39,LIMIT_CHANGE,APP,COMPLETED,False,77
4350,3674,SR00000004350,2026-05-22 11:36:53,LIMIT_CHANGE,BRANCH,COMPLETED,True,11
4351,3676,SR00000004351,2026-08-16 18:05:54,CARD_REISSUE,HOTLINE,COMPLETED,True,40
4352,3679,SR00000004352,2026-04-20 11:25:47,LIMIT_CHANGE,APP,COMPLETED,False,47
4353,3680,SR00000004353,2026-07-24 22:33:05,ACCOUNT_CLOSURE,APP,COMPLETED,False,66
4354,3680,SR00000004354,2026-08-20 23:11:28,STATEMENT_REQUEST,CHATBOT,COMPLETED,True,40
4355,3681,SR00000004355,2026-04-04 12:26:59,APP_SUPPORT,BRANCH,COMPLETED,True,14
4356,3681,SR00000004356,2026-08-02 07:15:38,LIMIT_CHANGE,HOTLINE,COMPLETED,False,75
4357,3681,SR00000004357,2026-03-05 07:21:41,ACCOUNT_CLOSURE,APP,NEW,True,15
4358,3682,SR00000004358,2026-04-24 10:16:52,CARD_REISSUE,EMAIL,NEW,False,49
4359,3682,SR00000004359,2026-04-02 05:36:52,STATEMENT_REQUEST,CHATBOT,COMPLETED,True,22
4360,3684,SR00000004360,2026-04-22 21:21:48,CARD_REISSUE,APP,COMPLETED,True,33
4361,3684,SR00000004361,2026-04-24 10:15:02,STATEMENT_REQUEST,HOTLINE,COMPLETED,False,74
4362,3685,SR00000004362,2026-06-04 12:44:55,DISPUTE,APP,PROCESSING,False,66
4363,3685,SR00000004363,2026-03-03 06:21:08,PIN_RESET,HOTLINE,COMPLETED,False,68
4364,3686,SR00000004364,2026-07-18 00:49:03,STATEMENT_REQUEST,APP,COMPLETED,True,4
4365,3686,SR00000004365,2026-06-16 06:27:37,PIN_RESET,HOTLINE,COMPLETED,False,55
4366,3686,SR00000004366,2026-04-21 09:52:33,CARD_REISSUE,APP,COMPLETED,True,26
4367,3687,SR00000004367,2026-05-28 14:32:26,ADDRESS_UPDATE,APP,COMPLETED,False,85
4368,3687,SR00000004368,2026-06-18 13:42:02,PIN_RESET,APP,COMPLETED,False,48
4369,3689,SR00000004369,2026-03-11 05:15:54,PIN_RESET,CHATBOT,COMPLETED,False,63
4370,3689,SR00000004370,2026-05-16 01:56:07,CARD_REISSUE,APP,COMPLETED,False,77
4371,3690,SR00000004371,2026-07-21 13:08:13,CARD_REISSUE,HOTLINE,COMPLETED,False,58
4372,3690,SR00000004372,2026-07-07 08:53:10,STATEMENT_REQUEST,BRANCH,COMPLETED,True,24
4373,3694,SR00000004373,2026-05-01 21:53:47,LIMIT_CHANGE,APP,REJECTED,False,88
4374,3694,SR00000004374,2026-05-05 05:13:43,ACCOUNT_CLOSURE,BRANCH,REJECTED,False,73
4375,3695,SR00000004375,2026-05-14 23:42:49,CARD_REISSUE,EMAIL,COMPLETED,False,50
4376,3695,SR00000004376,2026-07-02 23:47:45,ACCOUNT_CLOSURE,BRANCH,COMPLETED,True,26
4377,3696,SR00000004377,2026-04-10 11:54:59,CARD_REISSUE,HOTLINE,COMPLETED,False,80
4378,3696,SR00000004378,2026-04-14 10:29:43,LIMIT_CHANGE,APP,COMPLETED,True,39
4379,3696,SR00000004379,2026-08-07 17:28:38,CARD_REISSUE,APP,COMPLETED,True,36
4380,3698,SR00000004380,2026-06-28 02:20:08,PIN_RESET,BRANCH,COMPLETED,True,39
4381,3698,SR00000004381,2026-04-30 08:53:04,ACCOUNT_CLOSURE,HOTLINE,COMPLETED,True,6
4382,3698,SR00000004382,2026-06-22 18:58:19,APP_SUPPORT,BRANCH,COMPLETED,False,86
4383,3699,SR00000004383,2026-04-05 10:08:56,PIN_RESET,HOTLINE,COMPLETED,False,74
4384,3700,SR00000004384,2026-03-24 03:12:48,DISPUTE,APP,COMPLETED,False,72
4385,3701,SR00000004385,2026-05-08 01:13:12,PIN_RESET,APP,COMPLETED,False,71
4386,3702,SR00000004386,2026-07-23 18:21:36,APP_SUPPORT,HOTLINE,COMPLETED,True,6
4387,3703,SR00000004387,2026-08-27 01:46:42,PIN_RESET,HOTLINE,COMPLETED,False,65
4388,3704,SR00000004388,2026-04-24 21:18:59,ADDRESS_UPDATE,HOTLINE,COMPLETED,True,29
4389,3705,SR00000004389,2026-08-05 07:12:44,PIN_RESET,HOTLINE,COMPLETED,True,5
4390,3707,SR00000004390,2026-08-07 06:28:32,PIN_RESET,HOTLINE,REJECTED,True,14
4391,3707,SR00000004391,2026-03-05 21:47:29,APP_SUPPORT,BRANCH,COMPLETED,True,9
4392,3708,SR00000004392,2026-04-18 05:26:28,ADDRESS_UPDATE,CHATBOT,COMPLETED,False,46
4393,3709,SR00000004393,2026-04-02 15:41:09,ADDRESS_UPDATE,APP,COMPLETED,True,40
4394,3709,SR00000004394,2026-07-23 20:05:20,STATEMENT_REQUEST,EMAIL,COMPLETED,False,65
4395,3710,SR00000004395,2026-08-18 16:10:19,DISPUTE,APP,COMPLETED,True,22
4396,3710,SR00000004396,2026-08-24 18:56:22,CARD_REISSUE,APP,COMPLETED,True,24
4397,3710,SR00000004397,2026-04-29 19:14:19,DISPUTE,APP,COMPLETED,True,42
4398,3710,SR00000004398,2026-07-09 17:32:32,CARD_REISSUE,EMAIL,COMPLETED,False,88
4399,3711,SR00000004399,2026-04-11 12:59:26,DISPUTE,EMAIL,COMPLETED,True,9
4400,3712,SR00000004400,2026-07-20 00:21:00,APP_SUPPORT,APP,COMPLETED,True,5
4401,3717,SR00000004401,2026-08-22 21:42:55,PIN_RESET,BRANCH,COMPLETED,True,29
4402,3717,SR00000004402,2026-05-15 13:06:18,PIN_RESET,EMAIL,COMPLETED,True,26
4403,3718,SR00000004403,2026-04-12 15:56:05,STATEMENT_REQUEST,HOTLINE,COMPLETED,False,51
4404,3719,SR00000004404,2026-08-08 17:48:32,APP_SUPPORT,EMAIL,COMPLETED,False,71
4405,3720,SR00000004405,2026-08-17 14:16:58,LIMIT_CHANGE,CHATBOT,COMPLETED,False,56
4406,3720,SR00000004406,2026-04-15 17:13:36,ADDRESS_UPDATE,APP,REJECTED,False,78
4407,3722,SR00000004407,2026-05-20 10:25:46,STATEMENT_REQUEST,BRANCH,COMPLETED,True,27
4408,3722,SR00000004408,2026-07-21 06:45:52,ACCOUNT_CLOSURE,APP,COMPLETED,False,84
4409,3722,SR00000004409,2026-07-18 04:03:43,DISPUTE,HOTLINE,COMPLETED,True,44
4410,3723,SR00000004410,2026-07-16 05:28:46,LIMIT_CHANGE,APP,PROCESSING,True,31
4411,3723,SR00000004411,2026-08-10 20:31:54,LIMIT_CHANGE,APP,COMPLETED,True,27
4412,3724,SR00000004412,2026-08-17 11:36:14,DISPUTE,HOTLINE,COMPLETED,True,13
4413,3725,SR00000004413,2026-08-07 18:48:11,PIN_RESET,CHATBOT,NEW,True,4
4414,3726,SR00000004414,2026-07-23 20:21:39,ACCOUNT_CLOSURE,HOTLINE,COMPLETED,False,55
4415,3726,SR00000004415,2026-07-20 15:49:00,APP_SUPPORT,BRANCH,NEW,False,73
4416,3728,SR00000004416,2026-05-05 07:48:31,PIN_RESET,HOTLINE,COMPLETED,True,25
4417,3729,SR00000004417,2026-08-02 08:47:38,PIN_RESET,EMAIL,COMPLETED,True,32
4418,3729,SR00000004418,2026-03-11 10:39:18,DISPUTE,HOTLINE,COMPLETED,True,8
4419,3730,SR00000004419,2026-03-02 08:38:41,ACCOUNT_CLOSURE,BRANCH,COMPLETED,False,72
4420,3730,SR00000004420,2026-08-07 10:30:15,ACCOUNT_CLOSURE,HOTLINE,COMPLETED,True,43
4421,3731,SR00000004421,2026-08-24 10:19:57,PIN_RESET,HOTLINE,COMPLETED,False,79
4422,3733,SR00000004422,2026-05-20 15:41:55,ADDRESS_UPDATE,HOTLINE,PROCESSING,True,44
4423,3734,SR00000004423,2026-04-04 14:44:29,ADDRESS_UPDATE,EMAIL,PROCESSING,False,88
4424,3735,SR00000004424,2026-05-13 21:47:47,ADDRESS_UPDATE,HOTLINE,COMPLETED,False,69
4425,3735,SR00000004425,2026-07-01 04:18:05,LIMIT_CHANGE,HOTLINE,COMPLETED,True,34
4426,3737,SR00000004426,2026-07-14 04:22:51,ACCOUNT_CLOSURE,EMAIL,COMPLETED,True,39
4427,3738,SR00000004427,2026-08-12 02:04:50,STATEMENT_REQUEST,CHATBOT,COMPLETED,True,21
4428,3741,SR00000004428,2026-03-31 21:04:01,APP_SUPPORT,BRANCH,COMPLETED,True,35
4429,3742,SR00000004429,2026-07-24 12:00:13,LIMIT_CHANGE,HOTLINE,COMPLETED,False,74
4430,3742,SR00000004430,2026-07-25 17:30:33,DISPUTE,HOTLINE,COMPLETED,True,37
4431,3744,SR00000004431,2026-06-09 10:52:26,CARD_REISSUE,APP,COMPLETED,True,4
4432,3744,SR00000004432,2026-05-11 14:06:03,DISPUTE,APP,COMPLETED,False,55
4433,3745,SR00000004433,2026-05-16 20:12:46,STATEMENT_REQUEST,APP,NEW,False,64
4434,3745,SR00000004434,2026-03-30 17:42:36,STATEMENT_REQUEST,APP,COMPLETED,False,46
4435,3745,SR00000004435,2026-06-18 16:18:44,PIN_RESET,HOTLINE,COMPLETED,True,38
4436,3746,SR00000004436,2026-04-04 08:21:58,ACCOUNT_CLOSURE,APP,COMPLETED,True,36
4437,3746,SR00000004437,2026-05-19 16:39:13,APP_SUPPORT,CHATBOT,PROCESSING,False,73
4438,3747,SR00000004438,2026-04-01 13:24:18,ACCOUNT_CLOSURE,BRANCH,COMPLETED,True,45
4439,3747,SR00000004439,2026-07-04 02:56:17,STATEMENT_REQUEST,HOTLINE,COMPLETED,False,89
4440,3748,SR00000004440,2026-06-29 18:40:31,ACCOUNT_CLOSURE,HOTLINE,PROCESSING,False,55
4441,3749,SR00000004441,2026-03-25 18:35:30,PIN_RESET,EMAIL,COMPLETED,True,31
4442,3752,SR00000004442,2026-05-22 03:53:37,APP_SUPPORT,HOTLINE,COMPLETED,False,65
4443,3752,SR00000004443,2026-03-07 20:26:27,DISPUTE,HOTLINE,COMPLETED,False,83
4444,3753,SR00000004444,2026-07-25 00:26:16,APP_SUPPORT,CHATBOT,COMPLETED,False,57
4445,3753,SR00000004445,2026-03-06 00:41:15,DISPUTE,CHATBOT,COMPLETED,False,58
4446,3755,SR00000004446,2026-05-13 15:44:17,LIMIT_CHANGE,HOTLINE,COMPLETED,True,39
4447,3755,SR00000004447,2026-06-13 12:11:14,STATEMENT_REQUEST,EMAIL,COMPLETED,False,49
4448,3755,SR00000004448,2026-08-18 00:51:34,ADDRESS_UPDATE,HOTLINE,COMPLETED,False,55
4449,3755,SR00000004449,2026-04-11 16:27:09,ADDRESS_UPDATE,BRANCH,PROCESSING,False,68
4450,3756,SR00000004450,2026-06-23 10:42:02,DISPUTE,APP,COMPLETED,True,44
4451,3759,SR00000004451,2026-06-09 11:35:42,DISPUTE,APP,COMPLETED,False,79
4452,3761,SR00000004452,2026-08-25 21:30:49,ACCOUNT_CLOSURE,BRANCH,COMPLETED,False,48
4453,3764,SR00000004453,2026-05-24 02:26:16,PIN_RESET,HOTLINE,NEW,True,18
4454,3765,SR00000004454,2026-06-15 20:47:39,PIN_RESET,EMAIL,COMPLETED,True,7
4455,3767,SR00000004455,2026-03-03 02:38:56,PIN_RESET,APP,COMPLETED,True,18
4456,3767,SR00000004456,2026-07-30 13:26:57,APP_SUPPORT,BRANCH,COMPLETED,False,61
4457,3768,SR00000004457,2026-06-06 05:43:52,APP_SUPPORT,BRANCH,PROCESSING,False,73
4458,3768,SR00000004458,2026-05-19 11:19:46,APP_SUPPORT,APP,COMPLETED,True,45
4459,3769,SR00000004459,2026-05-27 00:53:38,APP_SUPPORT,EMAIL,NEW,False,79
4460,3769,SR00000004460,2026-04-30 22:12:31,DISPUTE,HOTLINE,COMPLETED,False,60
4461,3769,SR00000004461,2026-05-28 19:45:29,DISPUTE,HOTLINE,COMPLETED,True,6
4462,3769,SR00000004462,2026-08-06 16:24:09,STATEMENT_REQUEST,EMAIL,COMPLETED,True,43
4463,3770,SR00000004463,2026-08-05 16:40:58,ADDRESS_UPDATE,HOTLINE,NEW,False,53
4464,3771,SR00000004464,2026-08-22 20:51:57,ADDRESS_UPDATE,HOTLINE,COMPLETED,False,61
4465,3773,SR00000004465,2026-06-06 00:53:19,ACCOUNT_CLOSURE,APP,COMPLETED,False,66
4466,3773,SR00000004466,2026-06-07 08:50:45,LIMIT_CHANGE,BRANCH,COMPLETED,True,36
4467,3774,SR00000004467,2026-07-14 19:51:34,ADDRESS_UPDATE,HOTLINE,NEW,False,66
4468,3775,SR00000004468,2026-08-23 13:30:31,STATEMENT_REQUEST,APP,PROCESSING,True,5
4469,3775,SR00000004469,2026-07-02 00:36:06,APP_SUPPORT,APP,COMPLETED,True,45
4470,3776,SR00000004470,2026-07-26 06:07:07,CARD_REISSUE,HOTLINE,COMPLETED,False,83
4471,3776,SR00000004471,2026-03-15 13:33:22,APP_SUPPORT,EMAIL,COMPLETED,False,46
4472,3777,SR00000004472,2026-07-16 12:34:55,LIMIT_CHANGE,APP,PROCESSING,False,79
4473,3777,SR00000004473,2026-07-12 07:46:06,ACCOUNT_CLOSURE,APP,COMPLETED,True,22
4474,3778,SR00000004474,2026-06-10 13:27:38,STATEMENT_REQUEST,HOTLINE,COMPLETED,True,21
4475,3779,SR00000004475,2026-05-03 13:40:37,PIN_RESET,CHATBOT,NEW,True,21
4476,3779,SR00000004476,2026-07-10 09:30:16,LIMIT_CHANGE,HOTLINE,COMPLETED,True,45
4477,3781,SR00000004477,2026-03-01 07:26:25,STATEMENT_REQUEST,CHATBOT,PROCESSING,True,5
4478,3782,SR00000004478,2026-06-13 10:22:05,CARD_REISSUE,HOTLINE,COMPLETED,False,49
4479,3782,SR00000004479,2026-05-22 04:25:08,LIMIT_CHANGE,EMAIL,COMPLETED,True,44
4480,3783,SR00000004480,2026-05-18 08:30:57,PIN_RESET,CHATBOT,COMPLETED,False,58
4481,3785,SR00000004481,2026-05-20 12:39:07,APP_SUPPORT,APP,PROCESSING,True,26
4482,3786,SR00000004482,2026-08-11 07:38:38,CARD_REISSUE,HOTLINE,PROCESSING,False,79
4483,3786,SR00000004483,2026-06-06 04:45:01,CARD_REISSUE,APP,COMPLETED,True,29
4484,3786,SR00000004484,2026-08-21 16:35:26,STATEMENT_REQUEST,HOTLINE,COMPLETED,False,51
4485,3787,SR00000004485,2026-03-17 11:01:22,LIMIT_CHANGE,HOTLINE,COMPLETED,True,20
4486,3787,SR00000004486,2026-06-18 05:34:16,PIN_RESET,APP,COMPLETED,True,45
4487,3788,SR00000004487,2026-07-19 04:16:11,APP_SUPPORT,HOTLINE,COMPLETED,False,58
4488,3790,SR00000004488,2026-05-10 01:47:57,STATEMENT_REQUEST,BRANCH,REJECTED,True,45
4489,3790,SR00000004489,2026-04-18 00:22:02,CARD_REISSUE,HOTLINE,COMPLETED,True,26
4490,3790,SR00000004490,2026-04-04 11:57:51,ACCOUNT_CLOSURE,CHATBOT,PROCESSING,True,45
4491,3791,SR00000004491,2026-05-20 05:04:04,LIMIT_CHANGE,APP,COMPLETED,False,62
4492,3791,SR00000004492,2026-03-06 04:23:31,APP_SUPPORT,HOTLINE,COMPLETED,False,67
4493,3791,SR00000004493,2026-07-26 11:52:37,PIN_RESET,HOTLINE,COMPLETED,False,71
4494,3792,SR00000004494,2026-07-08 19:54:18,LIMIT_CHANGE,HOTLINE,COMPLETED,True,33
4495,3793,SR00000004495,2026-07-30 20:12:05,LIMIT_CHANGE,APP,COMPLETED,False,76
4496,3794,SR00000004496,2026-06-10 15:50:30,ACCOUNT_CLOSURE,BRANCH,COMPLETED,True,25
4497,3794,SR00000004497,2026-07-18 09:23:02,PIN_RESET,BRANCH,COMPLETED,False,47
4498,3796,SR00000004498,2026-06-11 12:09:59,ACCOUNT_CLOSURE,EMAIL,COMPLETED,False,85
4499,3796,SR00000004499,2026-06-10 01:22:59,LIMIT_CHANGE,HOTLINE,COMPLETED,False,87
4500,3796,SR00000004500,2026-07-07 01:52:30,ACCOUNT_CLOSURE,APP,COMPLETED,False,62
4501,3799,SR00000004501,2026-03-30 07:11:09,PIN_RESET,EMAIL,COMPLETED,False,53
4502,3800,SR00000004502,2026-06-18 11:56:55,STATEMENT_REQUEST,HOTLINE,COMPLETED,False,64
4503,3800,SR00000004503,2026-04-22 06:45:16,CARD_REISSUE,HOTLINE,COMPLETED,False,88
4504,3801,SR00000004504,2026-08-13 06:23:17,STATEMENT_REQUEST,APP,COMPLETED,False,48
4505,3804,SR00000004505,2026-05-06 22:28:51,STATEMENT_REQUEST,EMAIL,COMPLETED,False,55
4506,3804,SR00000004506,2026-07-07 22:17:43,APP_SUPPORT,HOTLINE,COMPLETED,False,70
4507,3805,SR00000004507,2026-04-09 01:40:49,DISPUTE,EMAIL,COMPLETED,False,52
4508,3805,SR00000004508,2026-04-12 18:26:36,DISPUTE,APP,PROCESSING,False,69
4509,3807,SR00000004509,2026-05-21 18:25:16,LIMIT_CHANGE,HOTLINE,COMPLETED,False,58
4510,3808,SR00000004510,2026-05-20 03:10:17,CARD_REISSUE,HOTLINE,COMPLETED,False,60
4511,3809,SR00000004511,2026-06-11 10:06:38,APP_SUPPORT,APP,COMPLETED,False,58
4512,3811,SR00000004512,2026-07-24 17:20:46,DISPUTE,HOTLINE,COMPLETED,False,79
4513,3813,SR00000004513,2026-07-26 08:11:03,CARD_REISSUE,HOTLINE,COMPLETED,True,19
4514,3813,SR00000004514,2026-05-19 18:53:36,APP_SUPPORT,CHATBOT,COMPLETED,True,19
4515,3813,SR00000004515,2026-08-23 06:55:57,LIMIT_CHANGE,EMAIL,COMPLETED,False,49
4516,3814,SR00000004516,2026-05-06 20:52:09,PIN_RESET,EMAIL,COMPLETED,False,83
4517,3815,SR00000004517,2026-06-12 01:39:32,STATEMENT_REQUEST,HOTLINE,COMPLETED,True,44
4518,3817,SR00000004518,2026-08-16 06:43:46,CARD_REISSUE,APP,COMPLETED,False,67
4519,3817,SR00000004519,2026-06-11 08:10:32,ADDRESS_UPDATE,BRANCH,COMPLETED,True,30
4520,3818,SR00000004520,2026-05-24 19:18:54,APP_SUPPORT,BRANCH,COMPLETED,False,73
4521,3821,SR00000004521,2026-08-05 15:59:11,APP_SUPPORT,HOTLINE,COMPLETED,False,51
4522,3823,SR00000004522,2026-08-01 13:50:35,APP_SUPPORT,APP,PROCESSING,False,67
4523,3823,SR00000004523,2026-05-16 06:35:21,STATEMENT_REQUEST,BRANCH,PROCESSING,False,50
4524,3823,SR00000004524,2026-06-19 11:14:20,APP_SUPPORT,HOTLINE,COMPLETED,False,87
4525,3823,SR00000004525,2026-04-30 22:22:19,CARD_REISSUE,CHATBOT,COMPLETED,False,88
4526,3823,SR00000004526,2026-04-26 15:42:54,ADDRESS_UPDATE,EMAIL,REJECTED,True,11
4527,3824,SR00000004527,2026-03-04 17:51:32,LIMIT_CHANGE,BRANCH,COMPLETED,False,74
4528,3825,SR00000004528,2026-04-13 09:22:04,STATEMENT_REQUEST,HOTLINE,COMPLETED,False,54
4529,3826,SR00000004529,2026-05-14 04:21:47,LIMIT_CHANGE,CHATBOT,PROCESSING,False,61
4530,3826,SR00000004530,2026-07-29 21:00:02,APP_SUPPORT,BRANCH,PROCESSING,False,75
4531,3826,SR00000004531,2026-08-07 12:06:30,STATEMENT_REQUEST,HOTLINE,COMPLETED,False,50
4532,3828,SR00000004532,2026-07-27 08:23:48,STATEMENT_REQUEST,EMAIL,COMPLETED,False,75
4533,3828,SR00000004533,2026-07-01 01:53:09,ADDRESS_UPDATE,HOTLINE,COMPLETED,True,9
4534,3828,SR00000004534,2026-04-30 12:07:55,LIMIT_CHANGE,HOTLINE,COMPLETED,True,23
4535,3828,SR00000004535,2026-05-14 17:21:31,DISPUTE,CHATBOT,COMPLETED,False,60
4536,3830,SR00000004536,2026-04-29 19:52:01,DISPUTE,HOTLINE,COMPLETED,True,19
4537,3831,SR00000004537,2026-07-29 04:28:59,LIMIT_CHANGE,APP,COMPLETED,False,81
4538,3833,SR00000004538,2026-05-16 21:34:17,PIN_RESET,CHATBOT,COMPLETED,False,57
4539,3834,SR00000004539,2026-04-06 01:45:16,ADDRESS_UPDATE,HOTLINE,COMPLETED,False,63
4540,3835,SR00000004540,2026-04-19 11:08:55,PIN_RESET,HOTLINE,REJECTED,False,61
4541,3838,SR00000004541,2026-06-16 05:47:35,PIN_RESET,HOTLINE,COMPLETED,False,63
4542,3841,SR00000004542,2026-08-12 19:36:01,STATEMENT_REQUEST,HOTLINE,COMPLETED,False,52
4543,3842,SR00000004543,2026-04-26 21:20:43,ACCOUNT_CLOSURE,CHATBOT,COMPLETED,False,48
4544,3842,SR00000004544,2026-03-20 15:28:50,LIMIT_CHANGE,EMAIL,COMPLETED,True,4
4545,3843,SR00000004545,2026-07-28 23:10:21,ADDRESS_UPDATE,APP,NEW,False,62
4546,3845,SR00000004546,2026-03-30 15:24:40,STATEMENT_REQUEST,EMAIL,COMPLETED,True,11
4547,3846,SR00000004547,2026-08-23 03:46:27,CARD_REISSUE,APP,PROCESSING,False,61
4548,3846,SR00000004548,2026-04-28 00:00:06,CARD_REISSUE,EMAIL,COMPLETED,True,23
4549,3847,SR00000004549,2026-04-26 01:26:49,PIN_RESET,HOTLINE,COMPLETED,True,28
4550,3848,SR00000004550,2026-06-16 07:44:02,ADDRESS_UPDATE,HOTLINE,COMPLETED,True,12
4551,3848,SR00000004551,2026-04-10 14:58:58,ADDRESS_UPDATE,HOTLINE,COMPLETED,True,15
4552,3848,SR00000004552,2026-04-23 16:38:02,STATEMENT_REQUEST,CHATBOT,COMPLETED,True,3
4553,3848,SR00000004553,2026-05-07 16:52:13,STATEMENT_REQUEST,HOTLINE,COMPLETED,True,13
4554,3850,SR00000004554,2026-03-08 15:54:20,ACCOUNT_CLOSURE,HOTLINE,COMPLETED,False,50
4555,3855,SR00000004555,2026-03-15 09:09:38,LIMIT_CHANGE,BRANCH,NEW,True,35
4556,3856,SR00000004556,2026-06-15 11:44:34,STATEMENT_REQUEST,APP,COMPLETED,True,44
4557,3856,SR00000004557,2026-04-02 17:33:49,CARD_REISSUE,HOTLINE,COMPLETED,False,70
4558,3856,SR00000004558,2026-07-21 18:18:12,ADDRESS_UPDATE,EMAIL,COMPLETED,False,65
4559,3858,SR00000004559,2026-06-12 02:40:31,APP_SUPPORT,HOTLINE,COMPLETED,True,17
4560,3859,SR00000004560,2026-06-11 23:08:36,APP_SUPPORT,APP,COMPLETED,True,13
4561,3860,SR00000004561,2026-07-31 16:59:40,CARD_REISSUE,BRANCH,COMPLETED,False,68
4562,3861,SR00000004562,2026-04-14 06:52:50,LIMIT_CHANGE,BRANCH,COMPLETED,False,82
4563,3861,SR00000004563,2026-08-01 07:24:53,ADDRESS_UPDATE,HOTLINE,COMPLETED,True,20
4564,3861,SR00000004564,2026-05-21 20:06:17,PIN_RESET,HOTLINE,PROCESSING,True,37
4565,3862,SR00000004565,2026-06-21 04:02:22,APP_SUPPORT,CHATBOT,PROCESSING,True,28
4566,3862,SR00000004566,2026-05-30 21:17:14,PIN_RESET,APP,COMPLETED,True,22
4567,3862,SR00000004567,2026-07-08 04:54:55,APP_SUPPORT,BRANCH,COMPLETED,False,73
4568,3862,SR00000004568,2026-06-22 15:46:39,APP_SUPPORT,CHATBOT,COMPLETED,True,19
4569,3863,SR00000004569,2026-07-18 11:23:33,ACCOUNT_CLOSURE,APP,COMPLETED,True,23
4570,3864,SR00000004570,2026-05-30 16:40:05,ACCOUNT_CLOSURE,APP,COMPLETED,False,68
4571,3864,SR00000004571,2026-08-03 09:54:12,APP_SUPPORT,EMAIL,COMPLETED,True,37
4572,3865,SR00000004572,2026-08-13 01:36:53,CARD_REISSUE,HOTLINE,COMPLETED,False,68
4573,3866,SR00000004573,2026-04-11 18:52:27,ADDRESS_UPDATE,APP,COMPLETED,True,7
4574,3868,SR00000004574,2026-07-03 00:35:00,APP_SUPPORT,BRANCH,COMPLETED,True,30
4575,3868,SR00000004575,2026-06-03 23:47:43,ADDRESS_UPDATE,CHATBOT,PROCESSING,False,67
4576,3869,SR00000004576,2026-05-03 02:50:49,PIN_RESET,HOTLINE,COMPLETED,True,24
4577,3869,SR00000004577,2026-03-26 22:55:11,PIN_RESET,APP,COMPLETED,False,78
4578,3869,SR00000004578,2026-08-23 02:54:25,PIN_RESET,HOTLINE,COMPLETED,True,6
4579,3869,SR00000004579,2026-07-18 17:05:22,CARD_REISSUE,HOTLINE,COMPLETED,True,10
4580,3870,SR00000004580,2026-08-24 23:24:08,APP_SUPPORT,APP,COMPLETED,False,51
4581,3871,SR00000004581,2026-03-01 13:15:54,ACCOUNT_CLOSURE,HOTLINE,COMPLETED,False,86
4582,3871,SR00000004582,2026-04-19 17:41:53,ADDRESS_UPDATE,CHATBOT,COMPLETED,True,32
4583,3872,SR00000004583,2026-07-14 04:50:26,DISPUTE,APP,COMPLETED,False,50
4584,3873,SR00000004584,2026-05-28 20:35:19,PIN_RESET,HOTLINE,PROCESSING,True,41
4585,3875,SR00000004585,2026-03-16 19:55:48,PIN_RESET,APP,COMPLETED,True,3
4586,3877,SR00000004586,2026-05-19 13:45:28,LIMIT_CHANGE,HOTLINE,COMPLETED,True,26
4587,3877,SR00000004587,2026-08-26 08:22:57,CARD_REISSUE,EMAIL,COMPLETED,False,56
4588,3878,SR00000004588,2026-04-13 08:30:02,DISPUTE,HOTLINE,COMPLETED,False,54
4589,3878,SR00000004589,2026-08-06 01:46:10,DISPUTE,HOTLINE,COMPLETED,False,53
4590,3879,SR00000004590,2026-04-20 13:50:07,LIMIT_CHANGE,APP,NEW,False,88
4591,3881,SR00000004591,2026-04-18 16:54:35,ADDRESS_UPDATE,BRANCH,COMPLETED,False,74
4592,3884,SR00000004592,2026-05-13 16:44:23,CARD_REISSUE,CHATBOT,COMPLETED,True,42
4593,3884,SR00000004593,2026-04-14 09:53:46,DISPUTE,BRANCH,COMPLETED,False,82
4594,3885,SR00000004594,2026-04-01 01:10:28,STATEMENT_REQUEST,APP,COMPLETED,False,51
4595,3886,SR00000004595,2026-05-30 10:24:04,APP_SUPPORT,BRANCH,COMPLETED,False,68
4596,3887,SR00000004596,2026-03-13 16:59:50,ADDRESS_UPDATE,BRANCH,COMPLETED,True,39
4597,3890,SR00000004597,2026-03-08 14:23:21,DISPUTE,HOTLINE,COMPLETED,False,74
4598,3892,SR00000004598,2026-05-23 15:42:36,CARD_REISSUE,APP,COMPLETED,True,37
4599,3892,SR00000004599,2026-06-30 19:35:04,ACCOUNT_CLOSURE,HOTLINE,COMPLETED,True,33
4600,3893,SR00000004600,2026-06-03 01:11:00,ACCOUNT_CLOSURE,HOTLINE,REJECTED,False,70
4601,3893,SR00000004601,2026-06-24 16:50:56,STATEMENT_REQUEST,CHATBOT,PROCESSING,True,5
4602,3893,SR00000004602,2026-05-11 13:02:59,LIMIT_CHANGE,HOTLINE,COMPLETED,False,85
4603,3894,SR00000004603,2026-04-04 13:25:07,LIMIT_CHANGE,APP,PROCESSING,False,87
4604,3894,SR00000004604,2026-06-14 18:47:34,LIMIT_CHANGE,APP,PROCESSING,True,16
4605,3895,SR00000004605,2026-06-17 04:16:05,DISPUTE,APP,COMPLETED,True,8
4606,3896,SR00000004606,2026-06-12 17:56:47,CARD_REISSUE,BRANCH,COMPLETED,True,45
4607,3896,SR00000004607,2026-08-24 21:45:24,STATEMENT_REQUEST,EMAIL,COMPLETED,True,21
4608,3897,SR00000004608,2026-06-03 20:40:54,DISPUTE,HOTLINE,COMPLETED,False,87
4609,3899,SR00000004609,2026-07-15 20:24:40,ADDRESS_UPDATE,CHATBOT,REJECTED,False,51
4610,3899,SR00000004610,2026-05-04 11:32:13,CARD_REISSUE,CHATBOT,PROCESSING,False,47
4611,3900,SR00000004611,2026-04-20 02:26:22,PIN_RESET,HOTLINE,COMPLETED,True,29
4612,3900,SR00000004612,2026-07-13 22:08:52,STATEMENT_REQUEST,APP,COMPLETED,False,62
4613,3903,SR00000004613,2026-05-30 01:42:48,CARD_REISSUE,HOTLINE,PROCESSING,True,7
4614,3903,SR00000004614,2026-08-10 16:59:36,ACCOUNT_CLOSURE,HOTLINE,COMPLETED,False,75
4615,3903,SR00000004615,2026-08-15 07:29:03,ACCOUNT_CLOSURE,HOTLINE,NEW,True,41
4616,3903,SR00000004616,2026-06-23 10:16:50,CARD_REISSUE,EMAIL,COMPLETED,False,59
4617,3904,SR00000004617,2026-03-15 07:18:04,STATEMENT_REQUEST,HOTLINE,COMPLETED,False,88
4618,3904,SR00000004618,2026-07-08 19:02:57,ADDRESS_UPDATE,HOTLINE,REJECTED,True,30
4619,3904,SR00000004619,2026-05-15 21:12:49,LIMIT_CHANGE,HOTLINE,PROCESSING,False,61
4620,3904,SR00000004620,2026-03-30 02:59:18,APP_SUPPORT,HOTLINE,COMPLETED,False,68
4621,3904,SR00000004621,2026-04-01 05:03:18,STATEMENT_REQUEST,BRANCH,COMPLETED,True,20
4622,3905,SR00000004622,2026-06-23 06:03:18,LIMIT_CHANGE,EMAIL,COMPLETED,True,36
4623,3906,SR00000004623,2026-05-15 22:24:25,DISPUTE,HOTLINE,COMPLETED,True,10
4624,3906,SR00000004624,2026-05-06 16:41:49,PIN_RESET,APP,COMPLETED,True,43
4625,3907,SR00000004625,2026-08-26 07:57:10,STATEMENT_REQUEST,BRANCH,COMPLETED,False,87
4626,3907,SR00000004626,2026-08-19 21:25:37,STATEMENT_REQUEST,BRANCH,REJECTED,False,46
4627,3908,SR00000004627,2026-03-01 23:02:11,ACCOUNT_CLOSURE,EMAIL,COMPLETED,True,8
4628,3908,SR00000004628,2026-05-11 12:17:18,CARD_REISSUE,HOTLINE,COMPLETED,False,75
4629,3909,SR00000004629,2026-06-28 09:35:43,PIN_RESET,APP,COMPLETED,False,69
4630,3911,SR00000004630,2026-03-18 08:51:54,CARD_REISSUE,APP,COMPLETED,True,27
4631,3911,SR00000004631,2026-04-25 18:29:59,PIN_RESET,EMAIL,COMPLETED,True,18
4632,3911,SR00000004632,2026-06-11 14:12:25,APP_SUPPORT,APP,COMPLETED,True,9
4633,3913,SR00000004633,2026-08-12 09:44:41,DISPUTE,EMAIL,COMPLETED,True,39
4634,3914,SR00000004634,2026-08-17 06:41:02,LIMIT_CHANGE,EMAIL,REJECTED,True,41
4635,3915,SR00000004635,2026-03-19 09:17:43,LIMIT_CHANGE,HOTLINE,COMPLETED,False,54
4636,3916,SR00000004636,2026-06-06 04:19:36,APP_SUPPORT,BRANCH,COMPLETED,False,52
4637,3916,SR00000004637,2026-08-01 04:02:45,STATEMENT_REQUEST,EMAIL,COMPLETED,False,76
4638,3917,SR00000004638,2026-05-25 15:30:49,ADDRESS_UPDATE,BRANCH,COMPLETED,False,57
4639,3917,SR00000004639,2026-03-27 16:09:24,CARD_REISSUE,HOTLINE,COMPLETED,False,81
4640,3917,SR00000004640,2026-05-25 14:26:17,LIMIT_CHANGE,CHATBOT,REJECTED,False,49
4641,3918,SR00000004641,2026-03-09 20:27:44,STATEMENT_REQUEST,HOTLINE,COMPLETED,True,14
4642,3918,SR00000004642,2026-06-17 22:29:29,LIMIT_CHANGE,HOTLINE,COMPLETED,True,13
4643,3919,SR00000004643,2026-03-10 22:46:20,ACCOUNT_CLOSURE,EMAIL,COMPLETED,False,89
4644,3919,SR00000004644,2026-03-28 03:36:37,ACCOUNT_CLOSURE,APP,COMPLETED,True,21
4645,3919,SR00000004645,2026-05-13 20:02:09,PIN_RESET,HOTLINE,COMPLETED,True,45
4646,3919,SR00000004646,2026-03-24 10:14:40,ACCOUNT_CLOSURE,CHATBOT,COMPLETED,True,15
4647,3919,SR00000004647,2026-05-12 03:40:43,PIN_RESET,APP,COMPLETED,False,57
4648,3920,SR00000004648,2026-03-28 07:13:37,ACCOUNT_CLOSURE,BRANCH,COMPLETED,False,78
4649,3920,SR00000004649,2026-07-21 13:44:09,STATEMENT_REQUEST,HOTLINE,COMPLETED,False,89
4650,3920,SR00000004650,2026-08-11 16:54:23,APP_SUPPORT,CHATBOT,COMPLETED,False,67
4651,3921,SR00000004651,2026-07-05 08:42:35,APP_SUPPORT,HOTLINE,COMPLETED,False,46
4652,3921,SR00000004652,2026-05-13 23:17:27,STATEMENT_REQUEST,APP,COMPLETED,True,35
4653,3922,SR00000004653,2026-06-25 14:00:46,DISPUTE,BRANCH,COMPLETED,True,14
4654,3922,SR00000004654,2026-05-02 18:40:15,PIN_RESET,HOTLINE,COMPLETED,False,76
4655,3924,SR00000004655,2026-05-24 14:42:42,DISPUTE,HOTLINE,NEW,True,24
4656,3924,SR00000004656,2026-05-09 12:16:21,PIN_RESET,APP,COMPLETED,True,38
4657,3925,SR00000004657,2026-03-23 06:07:30,PIN_RESET,BRANCH,COMPLETED,False,51
4658,3927,SR00000004658,2026-07-19 12:56:59,ADDRESS_UPDATE,CHATBOT,NEW,True,39
4659,3929,SR00000004659,2026-04-05 08:02:24,APP_SUPPORT,APP,COMPLETED,False,82
4660,3931,SR00000004660,2026-04-08 17:29:48,STATEMENT_REQUEST,BRANCH,NEW,False,47
4661,3931,SR00000004661,2026-08-16 07:17:32,PIN_RESET,HOTLINE,COMPLETED,False,75
4662,3931,SR00000004662,2026-08-07 15:49:56,STATEMENT_REQUEST,APP,COMPLETED,True,38
4663,3932,SR00000004663,2026-06-07 19:20:43,CARD_REISSUE,EMAIL,COMPLETED,True,29
4664,3932,SR00000004664,2026-08-11 23:28:31,DISPUTE,HOTLINE,COMPLETED,True,25
4665,3933,SR00000004665,2026-03-03 09:32:07,PIN_RESET,HOTLINE,COMPLETED,True,29
4666,3934,SR00000004666,2026-06-15 07:50:08,ACCOUNT_CLOSURE,APP,NEW,True,27
4667,3934,SR00000004667,2026-04-26 09:13:33,LIMIT_CHANGE,HOTLINE,REJECTED,True,33
4668,3934,SR00000004668,2026-03-30 14:43:34,STATEMENT_REQUEST,HOTLINE,NEW,False,82
4669,3935,SR00000004669,2026-03-19 03:04:06,APP_SUPPORT,APP,COMPLETED,False,52
4670,3936,SR00000004670,2026-04-02 13:46:52,APP_SUPPORT,HOTLINE,COMPLETED,True,39
4671,3937,SR00000004671,2026-08-11 13:04:04,ADDRESS_UPDATE,HOTLINE,COMPLETED,False,54
4672,3939,SR00000004672,2026-04-17 01:38:58,CARD_REISSUE,HOTLINE,COMPLETED,True,7
4673,3941,SR00000004673,2026-08-18 17:55:07,PIN_RESET,APP,NEW,True,22
4674,3941,SR00000004674,2026-06-03 23:59:48,APP_SUPPORT,EMAIL,COMPLETED,True,16
4675,3944,SR00000004675,2026-07-01 16:41:09,CARD_REISSUE,APP,COMPLETED,False,89
4676,3946,SR00000004676,2026-08-04 10:44:05,DISPUTE,HOTLINE,REJECTED,False,50
4677,3946,SR00000004677,2026-08-20 09:48:09,CARD_REISSUE,APP,NEW,True,8
4678,3946,SR00000004678,2026-06-20 09:09:23,CARD_REISSUE,HOTLINE,PROCESSING,False,75
4679,3947,SR00000004679,2026-05-31 06:30:23,APP_SUPPORT,CHATBOT,COMPLETED,False,69
4680,3947,SR00000004680,2026-04-17 22:39:47,PIN_RESET,APP,COMPLETED,True,41
4681,3948,SR00000004681,2026-03-04 04:26:29,APP_SUPPORT,HOTLINE,COMPLETED,True,44
4682,3948,SR00000004682,2026-08-12 11:56:40,STATEMENT_REQUEST,APP,COMPLETED,True,18
4683,3949,SR00000004683,2026-08-26 05:36:15,DISPUTE,CHATBOT,COMPLETED,True,13
4684,3949,SR00000004684,2026-07-29 18:05:07,ADDRESS_UPDATE,APP,COMPLETED,True,20
4685,3950,SR00000004685,2026-05-30 21:09:33,PIN_RESET,APP,COMPLETED,True,11
4686,3951,SR00000004686,2026-08-08 12:02:32,CARD_REISSUE,HOTLINE,COMPLETED,False,49
4687,3951,SR00000004687,2026-05-08 01:50:38,CARD_REISSUE,EMAIL,COMPLETED,False,60
4688,3951,SR00000004688,2026-03-29 20:05:19,STATEMENT_REQUEST,HOTLINE,COMPLETED,False,79
4689,3954,SR00000004689,2026-05-17 00:06:38,CARD_REISSUE,HOTLINE,COMPLETED,False,62
4690,3954,SR00000004690,2026-03-20 06:31:21,LIMIT_CHANGE,HOTLINE,NEW,True,12
4691,3954,SR00000004691,2026-05-01 21:02:35,ACCOUNT_CLOSURE,BRANCH,COMPLETED,False,84
4692,3955,SR00000004692,2026-07-29 10:05:51,LIMIT_CHANGE,APP,COMPLETED,True,12
4693,3956,SR00000004693,2026-04-05 16:05:15,APP_SUPPORT,APP,COMPLETED,False,82
4694,3956,SR00000004694,2026-07-31 20:22:43,STATEMENT_REQUEST,BRANCH,COMPLETED,True,27
4695,3957,SR00000004695,2026-08-23 03:47:57,LIMIT_CHANGE,EMAIL,COMPLETED,False,48
4696,3958,SR00000004696,2026-08-05 02:24:46,APP_SUPPORT,BRANCH,COMPLETED,True,31
4697,3959,SR00000004697,2026-08-21 10:44:13,LIMIT_CHANGE,BRANCH,COMPLETED,True,29
4698,3959,SR00000004698,2026-06-05 17:07:38,STATEMENT_REQUEST,BRANCH,COMPLETED,True,5
4699,3959,SR00000004699,2026-05-15 22:14:21,LIMIT_CHANGE,APP,COMPLETED,False,54
4700,3960,SR00000004700,2026-07-20 15:56:37,PIN_RESET,HOTLINE,COMPLETED,True,35
4701,3960,SR00000004701,2026-03-26 11:15:24,DISPUTE,APP,COMPLETED,True,15
4702,3960,SR00000004702,2026-06-19 07:34:44,STATEMENT_REQUEST,BRANCH,COMPLETED,True,8
4703,3960,SR00000004703,2026-07-18 01:21:49,PIN_RESET,CHATBOT,COMPLETED,True,39
4704,3961,SR00000004704,2026-03-07 12:16:31,APP_SUPPORT,HOTLINE,COMPLETED,False,50
4705,3961,SR00000004705,2026-03-06 20:57:03,CARD_REISSUE,BRANCH,COMPLETED,False,63
4706,3962,SR00000004706,2026-06-02 16:29:47,ADDRESS_UPDATE,HOTLINE,COMPLETED,False,75
4707,3962,SR00000004707,2026-06-05 22:49:00,LIMIT_CHANGE,APP,COMPLETED,True,12
4708,3963,SR00000004708,2026-03-09 08:03:16,ACCOUNT_CLOSURE,BRANCH,COMPLETED,False,77
4709,3963,SR00000004709,2026-06-04 22:00:28,LIMIT_CHANGE,APP,NEW,False,85
4710,3965,SR00000004710,2026-06-19 21:36:46,STATEMENT_REQUEST,HOTLINE,PROCESSING,False,82
4711,3965,SR00000004711,2026-04-14 11:29:27,APP_SUPPORT,BRANCH,COMPLETED,True,24
4712,3965,SR00000004712,2026-03-26 08:33:48,APP_SUPPORT,CHATBOT,COMPLETED,True,17
4713,3966,SR00000004713,2026-08-11 21:29:32,APP_SUPPORT,APP,COMPLETED,False,83
4714,3966,SR00000004714,2026-03-24 19:47:19,LIMIT_CHANGE,BRANCH,COMPLETED,False,49
4715,3967,SR00000004715,2026-05-14 02:27:15,STATEMENT_REQUEST,APP,COMPLETED,True,7
4716,3969,SR00000004716,2026-06-08 13:32:28,STATEMENT_REQUEST,APP,COMPLETED,False,67
4717,3970,SR00000004717,2026-05-23 12:26:56,APP_SUPPORT,APP,COMPLETED,True,17
4718,3971,SR00000004718,2026-04-08 20:42:23,APP_SUPPORT,APP,COMPLETED,False,75
4719,3972,SR00000004719,2026-07-17 08:56:02,LIMIT_CHANGE,APP,COMPLETED,True,27
4720,3973,SR00000004720,2026-07-31 20:49:28,DISPUTE,APP,COMPLETED,True,29
4721,3975,SR00000004721,2026-04-21 22:57:17,DISPUTE,BRANCH,COMPLETED,True,17
4722,3976,SR00000004722,2026-06-10 21:25:05,CARD_REISSUE,EMAIL,COMPLETED,True,20
4723,3976,SR00000004723,2026-08-06 12:43:05,DISPUTE,HOTLINE,COMPLETED,True,18
4724,3976,SR00000004724,2026-03-06 00:35:54,LIMIT_CHANGE,EMAIL,COMPLETED,True,31
4725,3977,SR00000004725,2026-05-09 07:35:38,CARD_REISSUE,APP,COMPLETED,False,54
4726,3977,SR00000004726,2026-08-25 05:07:38,CARD_REISSUE,HOTLINE,COMPLETED,False,81
4727,3978,SR00000004727,2026-08-23 06:20:44,STATEMENT_REQUEST,CHATBOT,COMPLETED,False,63
4728,3980,SR00000004728,2026-07-20 22:28:37,LIMIT_CHANGE,EMAIL,COMPLETED,False,57
4729,3980,SR00000004729,2026-08-07 16:56:20,APP_SUPPORT,HOTLINE,COMPLETED,False,64
4730,3982,SR00000004730,2026-05-03 15:45:26,DISPUTE,HOTLINE,COMPLETED,True,19
4731,3983,SR00000004731,2026-08-21 22:21:35,CARD_REISSUE,HOTLINE,COMPLETED,True,35
4732,3986,SR00000004732,2026-04-04 20:04:36,CARD_REISSUE,EMAIL,COMPLETED,False,73
4733,3987,SR00000004733,2026-07-19 23:53:14,STATEMENT_REQUEST,BRANCH,COMPLETED,True,7
4734,3988,SR00000004734,2026-03-09 06:44:01,LIMIT_CHANGE,BRANCH,COMPLETED,False,52
4735,3991,SR00000004735,2026-05-14 04:19:53,STATEMENT_REQUEST,BRANCH,COMPLETED,True,20
4736,3993,SR00000004736,2026-05-08 00:11:22,PIN_RESET,CHATBOT,COMPLETED,False,57
4737,3994,SR00000004737,2026-06-08 21:40:04,PIN_RESET,HOTLINE,COMPLETED,False,67
4738,3994,SR00000004738,2026-03-13 06:05:44,ADDRESS_UPDATE,APP,COMPLETED,False,58
4739,3996,SR00000004739,2026-08-14 09:35:53,ADDRESS_UPDATE,EMAIL,COMPLETED,True,23
4740,3997,SR00000004740,2026-08-06 01:27:21,STATEMENT_REQUEST,HOTLINE,COMPLETED,False,58
4741,3997,SR00000004741,2026-07-08 20:39:02,LIMIT_CHANGE,BRANCH,PROCESSING,False,57
4742,3997,SR00000004742,2026-04-02 05:14:25,APP_SUPPORT,EMAIL,COMPLETED,False,48
4743,3998,SR00000004743,2026-05-02 11:48:09,PIN_RESET,APP,COMPLETED,False,73
4744,4000,SR00000004744,2026-05-12 05:41:49,DISPUTE,BRANCH,COMPLETED,False,55
4745,4000,SR00000004745,2026-03-30 10:11:38,APP_SUPPORT,APP,COMPLETED,True,15
4746,4003,SR00000004746,2026-03-06 00:36:56,APP_SUPPORT,EMAIL,PROCESSING,True,37
4747,4005,SR00000004747,2026-08-23 05:01:24,STATEMENT_REQUEST,BRANCH,PROCESSING,False,88
4748,4005,SR00000004748,2026-03-18 08:40:46,STATEMENT_REQUEST,HOTLINE,COMPLETED,True,36
4749,4007,SR00000004749,2026-07-12 03:50:58,LIMIT_CHANGE,HOTLINE,PROCESSING,False,81
4750,4007,SR00000004750,2026-03-20 06:57:56,LIMIT_CHANGE,BRANCH,NEW,False,53
4751,4007,SR00000004751,2026-08-01 19:10:11,DISPUTE,APP,PROCESSING,False,81
4752,4007,SR00000004752,2026-03-13 21:48:33,DISPUTE,CHATBOT,NEW,True,20
4753,4007,SR00000004753,2026-05-20 01:32:32,PIN_RESET,BRANCH,COMPLETED,False,61
4754,4009,SR00000004754,2026-04-05 06:12:50,APP_SUPPORT,BRANCH,COMPLETED,True,14
4755,4010,SR00000004755,2026-07-14 23:32:15,LIMIT_CHANGE,BRANCH,COMPLETED,True,14
4756,4013,SR00000004756,2026-03-11 21:20:44,PIN_RESET,APP,COMPLETED,True,31
4757,4014,SR00000004757,2026-07-22 00:47:14,STATEMENT_REQUEST,BRANCH,COMPLETED,False,69
4758,4015,SR00000004758,2026-04-15 11:51:43,DISPUTE,EMAIL,COMPLETED,True,11
4759,4016,SR00000004759,2026-04-26 09:54:58,APP_SUPPORT,APP,COMPLETED,True,24
4760,4018,SR00000004760,2026-06-22 00:58:49,APP_SUPPORT,HOTLINE,COMPLETED,False,65
4761,4018,SR00000004761,2026-06-28 03:43:29,CARD_REISSUE,EMAIL,COMPLETED,True,24
4762,4021,SR00000004762,2026-06-24 22:53:08,CARD_REISSUE,APP,NEW,True,15
4763,4023,SR00000004763,2026-03-05 21:20:10,DISPUTE,HOTLINE,COMPLETED,True,44
4764,4027,SR00000004764,2026-06-03 02:35:35,ACCOUNT_CLOSURE,HOTLINE,COMPLETED,True,42
4765,4027,SR00000004765,2026-07-10 14:36:10,STATEMENT_REQUEST,HOTLINE,PROCESSING,True,41
4766,4028,SR00000004766,2026-03-24 13:35:50,PIN_RESET,CHATBOT,COMPLETED,False,48
4767,4028,SR00000004767,2026-03-06 05:56:20,DISPUTE,APP,COMPLETED,True,45
4768,4028,SR00000004768,2026-05-23 11:46:29,LIMIT_CHANGE,BRANCH,COMPLETED,True,41
4769,4028,SR00000004769,2026-04-18 08:51:59,ACCOUNT_CLOSURE,HOTLINE,COMPLETED,True,27
4770,4029,SR00000004770,2026-03-20 12:41:16,CARD_REISSUE,BRANCH,PROCESSING,False,65
4771,4030,SR00000004771,2026-05-20 12:42:42,APP_SUPPORT,HOTLINE,COMPLETED,False,67
4772,4030,SR00000004772,2026-06-08 03:06:17,LIMIT_CHANGE,APP,COMPLETED,False,81
4773,4031,SR00000004773,2026-06-26 06:30:39,DISPUTE,EMAIL,COMPLETED,True,25
4774,4032,SR00000004774,2026-03-21 07:50:18,PIN_RESET,APP,PROCESSING,False,73
4775,4034,SR00000004775,2026-08-23 05:08:41,PIN_RESET,HOTLINE,COMPLETED,True,24
4776,4035,SR00000004776,2026-03-16 09:58:50,PIN_RESET,APP,PROCESSING,True,12
4777,4035,SR00000004777,2026-05-31 07:29:44,DISPUTE,APP,COMPLETED,True,6
4778,4036,SR00000004778,2026-08-07 07:50:05,LIMIT_CHANGE,APP,COMPLETED,True,25
4779,4036,SR00000004779,2026-08-18 06:54:33,STATEMENT_REQUEST,HOTLINE,NEW,False,89
4780,4037,SR00000004780,2026-03-24 17:03:43,LIMIT_CHANGE,CHATBOT,COMPLETED,True,36
4781,4038,SR00000004781,2026-08-07 00:20:58,DISPUTE,BRANCH,COMPLETED,True,16
4782,4040,SR00000004782,2026-03-06 03:27:41,APP_SUPPORT,HOTLINE,COMPLETED,True,29
4783,4040,SR00000004783,2026-07-23 18:57:52,LIMIT_CHANGE,APP,COMPLETED,True,27
4784,4040,SR00000004784,2026-05-03 14:05:07,DISPUTE,HOTLINE,PROCESSING,True,14
4785,4042,SR00000004785,2026-05-19 16:20:42,ACCOUNT_CLOSURE,HOTLINE,COMPLETED,True,18
4786,4042,SR00000004786,2026-05-27 16:00:39,CARD_REISSUE,HOTLINE,PROCESSING,True,33
4787,4045,SR00000004787,2026-04-09 22:20:13,CARD_REISSUE,EMAIL,COMPLETED,True,5
4788,4045,SR00000004788,2026-04-03 08:44:18,DISPUTE,HOTLINE,COMPLETED,False,73
4789,4046,SR00000004789,2026-04-12 15:12:54,STATEMENT_REQUEST,BRANCH,COMPLETED,True,25
4790,4047,SR00000004790,2026-06-28 03:14:47,ADDRESS_UPDATE,BRANCH,COMPLETED,True,20
4791,4047,SR00000004791,2026-04-20 14:19:49,LIMIT_CHANGE,CHATBOT,COMPLETED,False,67
4792,4049,SR00000004792,2026-06-28 10:38:59,CARD_REISSUE,HOTLINE,COMPLETED,True,43
4793,4049,SR00000004793,2026-05-06 08:57:19,CARD_REISSUE,HOTLINE,COMPLETED,True,5
4794,4050,SR00000004794,2026-04-12 02:36:04,ADDRESS_UPDATE,HOTLINE,PROCESSING,False,89
4795,4052,SR00000004795,2026-05-09 21:52:45,CARD_REISSUE,BRANCH,COMPLETED,False,57
4796,4054,SR00000004796,2026-06-18 11:18:27,APP_SUPPORT,APP,COMPLETED,True,29
4797,4055,SR00000004797,2026-05-18 01:06:13,DISPUTE,HOTLINE,COMPLETED,False,55
4798,4056,SR00000004798,2026-07-19 01:05:14,APP_SUPPORT,EMAIL,NEW,False,60
4799,4057,SR00000004799,2026-03-16 11:35:31,APP_SUPPORT,EMAIL,COMPLETED,False,66
4800,4057,SR00000004800,2026-04-21 15:14:29,LIMIT_CHANGE,BRANCH,REJECTED,False,71
4801,4060,SR00000004801,2026-03-30 17:15:47,STATEMENT_REQUEST,BRANCH,PROCESSING,True,18
4802,4060,SR00000004802,2026-04-01 10:34:51,CARD_REISSUE,HOTLINE,COMPLETED,False,83
4803,4062,SR00000004803,2026-05-10 04:49:39,CARD_REISSUE,EMAIL,COMPLETED,True,7
4804,4062,SR00000004804,2026-05-05 15:51:43,CARD_REISSUE,HOTLINE,COMPLETED,False,57
4805,4062,SR00000004805,2026-05-27 23:15:52,ACCOUNT_CLOSURE,EMAIL,COMPLETED,True,43
4806,4063,SR00000004806,2026-06-06 23:46:58,STATEMENT_REQUEST,HOTLINE,NEW,False,49
4807,4063,SR00000004807,2026-03-26 16:53:29,STATEMENT_REQUEST,BRANCH,COMPLETED,False,55
4808,4064,SR00000004808,2026-06-23 18:38:05,APP_SUPPORT,APP,COMPLETED,False,69
4809,4064,SR00000004809,2026-03-04 01:09:34,LIMIT_CHANGE,BRANCH,COMPLETED,True,20
4810,4066,SR00000004810,2026-07-01 04:57:55,LIMIT_CHANGE,HOTLINE,COMPLETED,True,29
4811,4067,SR00000004811,2026-03-05 04:41:19,PIN_RESET,APP,COMPLETED,False,72
4812,4067,SR00000004812,2026-07-23 17:08:55,CARD_REISSUE,BRANCH,COMPLETED,False,64
4813,4067,SR00000004813,2026-03-22 04:12:31,STATEMENT_REQUEST,APP,COMPLETED,False,83
4814,4075,SR00000004814,2026-06-12 14:15:23,DISPUTE,EMAIL,COMPLETED,False,79
4815,4076,SR00000004815,2026-07-10 15:14:46,DISPUTE,EMAIL,PROCESSING,True,40
4816,4077,SR00000004816,2026-05-20 12:47:52,CARD_REISSUE,HOTLINE,PROCESSING,True,31
4817,4077,SR00000004817,2026-04-28 07:54:02,APP_SUPPORT,EMAIL,PROCESSING,True,16
4818,4078,SR00000004818,2026-08-08 20:38:07,CARD_REISSUE,HOTLINE,COMPLETED,False,79
4819,4079,SR00000004819,2026-05-25 04:30:14,APP_SUPPORT,EMAIL,COMPLETED,False,61
4820,4082,SR00000004820,2026-07-15 09:13:41,ACCOUNT_CLOSURE,HOTLINE,COMPLETED,False,73
4821,4083,SR00000004821,2026-06-05 15:53:40,DISPUTE,APP,COMPLETED,False,78
4822,4084,SR00000004822,2026-08-17 18:03:12,CARD_REISSUE,APP,COMPLETED,True,16
4823,4085,SR00000004823,2026-06-27 23:02:12,LIMIT_CHANGE,CHATBOT,COMPLETED,False,46
4824,4088,SR00000004824,2026-06-06 01:28:10,APP_SUPPORT,HOTLINE,COMPLETED,False,48
4825,4088,SR00000004825,2026-05-10 22:56:24,DISPUTE,HOTLINE,PROCESSING,True,18
4826,4089,SR00000004826,2026-05-31 20:45:33,PIN_RESET,BRANCH,COMPLETED,False,64
4827,4089,SR00000004827,2026-05-08 15:15:46,LIMIT_CHANGE,BRANCH,COMPLETED,False,57
4828,4090,SR00000004828,2026-07-14 17:12:23,APP_SUPPORT,HOTLINE,COMPLETED,False,72
4829,4092,SR00000004829,2026-06-27 17:07:32,APP_SUPPORT,EMAIL,COMPLETED,False,88
4830,4094,SR00000004830,2026-05-02 19:23:41,CARD_REISSUE,APP,COMPLETED,False,85
4831,4095,SR00000004831,2026-07-23 23:04:01,ACCOUNT_CLOSURE,APP,REJECTED,True,29
4832,4097,SR00000004832,2026-03-11 00:17:31,PIN_RESET,APP,PROCESSING,False,52
4833,4098,SR00000004833,2026-07-17 04:07:18,APP_SUPPORT,APP,COMPLETED,False,66
4834,4098,SR00000004834,2026-04-12 18:28:01,DISPUTE,HOTLINE,COMPLETED,True,21
4835,4099,SR00000004835,2026-07-17 22:12:23,ACCOUNT_CLOSURE,BRANCH,NEW,True,14
4836,4099,SR00000004836,2026-04-18 17:10:30,APP_SUPPORT,BRANCH,COMPLETED,False,87
4837,4099,SR00000004837,2026-07-14 00:15:07,LIMIT_CHANGE,HOTLINE,COMPLETED,False,55
4838,4100,SR00000004838,2026-05-18 02:59:30,APP_SUPPORT,BRANCH,NEW,False,52
4839,4101,SR00000004839,2026-04-27 13:49:05,APP_SUPPORT,HOTLINE,PROCESSING,True,9
4840,4103,SR00000004840,2026-03-22 15:07:42,DISPUTE,CHATBOT,COMPLETED,True,11
4841,4103,SR00000004841,2026-03-23 14:03:07,PIN_RESET,HOTLINE,COMPLETED,True,14
4842,4106,SR00000004842,2026-05-08 02:33:44,CARD_REISSUE,HOTLINE,PROCESSING,True,22
4843,4107,SR00000004843,2026-06-19 15:49:45,APP_SUPPORT,CHATBOT,COMPLETED,False,89
4844,4108,SR00000004844,2026-06-04 13:35:01,CARD_REISSUE,CHATBOT,COMPLETED,True,31
4845,4108,SR00000004845,2026-04-19 11:47:58,PIN_RESET,HOTLINE,COMPLETED,True,43
4846,4108,SR00000004846,2026-08-16 00:12:01,ACCOUNT_CLOSURE,APP,NEW,False,81
4847,4108,SR00000004847,2026-03-12 20:19:25,LIMIT_CHANGE,EMAIL,COMPLETED,False,75
4848,4110,SR00000004848,2026-08-21 04:58:08,STATEMENT_REQUEST,CHATBOT,PROCESSING,True,13
4849,4110,SR00000004849,2026-06-23 23:42:34,PIN_RESET,HOTLINE,COMPLETED,False,78
4850,4110,SR00000004850,2026-06-19 20:43:22,PIN_RESET,HOTLINE,COMPLETED,True,30
4851,4111,SR00000004851,2026-04-13 08:06:01,ADDRESS_UPDATE,HOTLINE,COMPLETED,False,70
4852,4113,SR00000004852,2026-03-13 20:09:42,STATEMENT_REQUEST,CHATBOT,REJECTED,False,58
4853,4114,SR00000004853,2026-07-18 12:38:47,LIMIT_CHANGE,CHATBOT,COMPLETED,False,55
4854,4114,SR00000004854,2026-03-04 02:19:20,DISPUTE,CHATBOT,COMPLETED,False,57
4855,4114,SR00000004855,2026-03-01 03:06:45,CARD_REISSUE,BRANCH,COMPLETED,True,27
4856,4114,SR00000004856,2026-03-24 05:49:33,APP_SUPPORT,HOTLINE,PROCESSING,False,72
4857,4114,SR00000004857,2026-08-17 05:28:37,APP_SUPPORT,HOTLINE,COMPLETED,True,21
4858,4115,SR00000004858,2026-08-09 03:32:24,ADDRESS_UPDATE,HOTLINE,COMPLETED,False,81
4859,4116,SR00000004859,2026-08-12 19:33:48,ADDRESS_UPDATE,BRANCH,COMPLETED,False,47
4860,4120,SR00000004860,2026-07-01 20:14:10,LIMIT_CHANGE,HOTLINE,COMPLETED,False,58
4861,4120,SR00000004861,2026-08-23 09:19:32,PIN_RESET,APP,REJECTED,False,62
4862,4121,SR00000004862,2026-06-28 04:21:26,APP_SUPPORT,APP,COMPLETED,True,16
4863,4123,SR00000004863,2026-04-04 18:31:12,LIMIT_CHANGE,BRANCH,COMPLETED,True,28
4864,4123,SR00000004864,2026-05-25 11:20:02,PIN_RESET,APP,COMPLETED,False,46
4865,4124,SR00000004865,2026-08-15 20:23:52,STATEMENT_REQUEST,HOTLINE,COMPLETED,True,29
4866,4125,SR00000004866,2026-07-02 15:20:53,STATEMENT_REQUEST,HOTLINE,NEW,False,71
4867,4126,SR00000004867,2026-07-13 06:04:07,LIMIT_CHANGE,CHATBOT,PROCESSING,False,74
4868,4128,SR00000004868,2026-05-05 00:09:26,DISPUTE,APP,COMPLETED,False,68
4869,4128,SR00000004869,2026-04-19 05:13:14,LIMIT_CHANGE,HOTLINE,PROCESSING,True,35
4870,4131,SR00000004870,2026-05-02 01:51:08,ACCOUNT_CLOSURE,HOTLINE,COMPLETED,False,58
4871,4131,SR00000004871,2026-05-08 16:58:53,STATEMENT_REQUEST,HOTLINE,COMPLETED,False,89
4872,4131,SR00000004872,2026-04-12 17:16:23,ADDRESS_UPDATE,BRANCH,COMPLETED,True,41
4873,4132,SR00000004873,2026-07-01 20:10:56,LIMIT_CHANGE,HOTLINE,COMPLETED,False,70
4874,4132,SR00000004874,2026-03-29 06:53:50,LIMIT_CHANGE,APP,COMPLETED,False,66
4875,4133,SR00000004875,2026-06-11 14:06:19,LIMIT_CHANGE,EMAIL,COMPLETED,True,25
4876,4133,SR00000004876,2026-06-26 12:13:56,STATEMENT_REQUEST,BRANCH,REJECTED,False,80
4877,4133,SR00000004877,2026-03-13 04:06:36,STATEMENT_REQUEST,HOTLINE,COMPLETED,False,81
4878,4133,SR00000004878,2026-07-31 18:01:09,STATEMENT_REQUEST,HOTLINE,COMPLETED,False,68
4879,4133,SR00000004879,2026-08-02 12:58:49,LIMIT_CHANGE,APP,COMPLETED,True,9
4880,4134,SR00000004880,2026-05-25 11:22:08,CARD_REISSUE,APP,COMPLETED,True,9
4881,4136,SR00000004881,2026-08-03 08:44:37,DISPUTE,HOTLINE,COMPLETED,False,81
4882,4136,SR00000004882,2026-03-13 16:07:56,LIMIT_CHANGE,EMAIL,PROCESSING,False,82
4883,4137,SR00000004883,2026-03-19 08:55:06,LIMIT_CHANGE,HOTLINE,COMPLETED,False,65
4884,4138,SR00000004884,2026-04-07 09:48:10,STATEMENT_REQUEST,APP,REJECTED,True,3
4885,4139,SR00000004885,2026-05-15 09:26:26,APP_SUPPORT,APP,COMPLETED,False,61
4886,4139,SR00000004886,2026-08-24 04:19:27,ACCOUNT_CLOSURE,HOTLINE,REJECTED,False,64
4887,4142,SR00000004887,2026-08-15 12:32:36,APP_SUPPORT,HOTLINE,PROCESSING,True,23
4888,4145,SR00000004888,2026-07-02 04:57:59,STATEMENT_REQUEST,HOTLINE,COMPLETED,False,84
4889,4147,SR00000004889,2026-08-08 01:01:06,CARD_REISSUE,CHATBOT,COMPLETED,False,88
4890,4147,SR00000004890,2026-03-01 10:06:31,STATEMENT_REQUEST,CHATBOT,PROCESSING,False,81
4891,4147,SR00000004891,2026-05-25 04:10:48,APP_SUPPORT,APP,COMPLETED,False,84
4892,4147,SR00000004892,2026-03-08 10:59:35,ADDRESS_UPDATE,EMAIL,COMPLETED,False,67
4893,4148,SR00000004893,2026-03-18 06:36:27,CARD_REISSUE,HOTLINE,COMPLETED,False,57
4894,4148,SR00000004894,2026-04-27 17:40:16,DISPUTE,APP,PROCESSING,False,84
4895,4148,SR00000004895,2026-06-23 02:32:18,CARD_REISSUE,APP,COMPLETED,True,15
4896,4149,SR00000004896,2026-07-27 05:18:25,ADDRESS_UPDATE,APP,COMPLETED,True,20
4897,4150,SR00000004897,2026-07-19 16:28:15,LIMIT_CHANGE,APP,COMPLETED,True,14
4898,4152,SR00000004898,2026-06-30 19:52:24,APP_SUPPORT,HOTLINE,COMPLETED,True,39
4899,4154,SR00000004899,2026-06-27 01:25:00,ACCOUNT_CLOSURE,HOTLINE,COMPLETED,True,9
4900,4154,SR00000004900,2026-04-07 14:49:06,ADDRESS_UPDATE,HOTLINE,PROCESSING,False,61
4901,4155,SR00000004901,2026-07-05 15:40:10,ADDRESS_UPDATE,APP,NEW,True,26
4902,4156,SR00000004902,2026-08-11 01:34:20,PIN_RESET,BRANCH,COMPLETED,True,21
4903,4156,SR00000004903,2026-04-28 14:34:45,PIN_RESET,APP,COMPLETED,False,60
4904,4157,SR00000004904,2026-03-15 17:58:24,LIMIT_CHANGE,APP,COMPLETED,False,53
4905,4158,SR00000004905,2026-04-17 11:14:45,CARD_REISSUE,EMAIL,COMPLETED,False,52
4906,4159,SR00000004906,2026-03-06 05:27:25,CARD_REISSUE,HOTLINE,COMPLETED,True,33
4907,4160,SR00000004907,2026-04-03 21:33:23,ACCOUNT_CLOSURE,HOTLINE,COMPLETED,False,60
4908,4161,SR00000004908,2026-04-08 18:48:17,APP_SUPPORT,APP,NEW,True,27
4909,4162,SR00000004909,2026-06-25 09:42:54,LIMIT_CHANGE,EMAIL,COMPLETED,False,48
4910,4163,SR00000004910,2026-03-21 08:33:32,LIMIT_CHANGE,HOTLINE,REJECTED,False,63
4911,4165,SR00000004911,2026-07-18 06:38:09,ADDRESS_UPDATE,EMAIL,COMPLETED,False,88
4912,4165,SR00000004912,2026-08-06 17:18:06,ADDRESS_UPDATE,BRANCH,COMPLETED,False,59
4913,4166,SR00000004913,2026-03-18 16:32:57,ACCOUNT_CLOSURE,BRANCH,COMPLETED,True,24
4914,4166,SR00000004914,2026-03-19 09:20:22,PIN_RESET,HOTLINE,COMPLETED,False,62
4915,4167,SR00000004915,2026-06-05 07:04:13,ACCOUNT_CLOSURE,BRANCH,COMPLETED,False,59
4916,4171,SR00000004916,2026-04-30 14:18:27,STATEMENT_REQUEST,APP,COMPLETED,False,77
4917,4171,SR00000004917,2026-04-03 14:27:11,DISPUTE,HOTLINE,COMPLETED,False,60
4918,4172,SR00000004918,2026-04-20 20:55:45,ADDRESS_UPDATE,CHATBOT,COMPLETED,False,47
4919,4174,SR00000004919,2026-04-21 14:15:34,PIN_RESET,EMAIL,COMPLETED,True,38
4920,4176,SR00000004920,2026-03-11 00:18:23,STATEMENT_REQUEST,APP,COMPLETED,False,86
4921,4176,SR00000004921,2026-06-05 12:42:30,CARD_REISSUE,APP,COMPLETED,False,59
4922,4177,SR00000004922,2026-03-10 17:37:06,DISPUTE,HOTLINE,NEW,False,72
4923,4179,SR00000004923,2026-05-15 05:14:32,STATEMENT_REQUEST,HOTLINE,COMPLETED,False,77
4924,4179,SR00000004924,2026-04-27 08:18:52,APP_SUPPORT,APP,NEW,False,70
4925,4180,SR00000004925,2026-06-13 01:44:35,PIN_RESET,HOTLINE,COMPLETED,False,68
4926,4181,SR00000004926,2026-05-01 12:18:42,LIMIT_CHANGE,APP,COMPLETED,False,89
4927,4183,SR00000004927,2026-08-23 04:11:51,STATEMENT_REQUEST,APP,COMPLETED,False,56
4928,4184,SR00000004928,2026-03-16 02:45:07,ADDRESS_UPDATE,HOTLINE,COMPLETED,True,33
4929,4184,SR00000004929,2026-07-12 05:31:54,DISPUTE,HOTLINE,PROCESSING,False,50
4930,4184,SR00000004930,2026-08-14 20:43:08,APP_SUPPORT,APP,PROCESSING,False,87
4931,4185,SR00000004931,2026-03-31 09:07:01,PIN_RESET,CHATBOT,PROCESSING,True,14
4932,4185,SR00000004932,2026-05-21 02:46:24,PIN_RESET,HOTLINE,COMPLETED,False,49
4933,4186,SR00000004933,2026-07-09 22:11:28,DISPUTE,BRANCH,COMPLETED,True,17
4934,4186,SR00000004934,2026-08-22 01:25:30,LIMIT_CHANGE,EMAIL,REJECTED,False,63
4935,4188,SR00000004935,2026-03-07 05:42:44,LIMIT_CHANGE,HOTLINE,COMPLETED,False,89
4936,4191,SR00000004936,2026-05-22 10:26:01,PIN_RESET,APP,COMPLETED,True,43
4937,4191,SR00000004937,2026-07-06 17:39:59,APP_SUPPORT,HOTLINE,COMPLETED,False,52
4938,4193,SR00000004938,2026-05-17 06:20:02,APP_SUPPORT,APP,COMPLETED,True,28
4939,4194,SR00000004939,2026-06-14 08:44:08,STATEMENT_REQUEST,EMAIL,PROCESSING,True,31
4940,4195,SR00000004940,2026-06-22 13:22:18,CARD_REISSUE,APP,PROCESSING,True,19
4941,4195,SR00000004941,2026-08-21 02:38:43,STATEMENT_REQUEST,HOTLINE,PROCESSING,True,31
4942,4196,SR00000004942,2026-06-13 23:12:20,APP_SUPPORT,APP,COMPLETED,True,18
4943,4199,SR00000004943,2026-04-22 11:42:52,STATEMENT_REQUEST,CHATBOT,PROCESSING,False,56
4944,4199,SR00000004944,2026-06-15 02:45:25,PIN_RESET,HOTLINE,COMPLETED,True,24
4945,4201,SR00000004945,2026-05-09 23:54:21,STATEMENT_REQUEST,HOTLINE,COMPLETED,False,63
4946,4201,SR00000004946,2026-04-25 02:56:18,LIMIT_CHANGE,HOTLINE,COMPLETED,False,47
4947,4202,SR00000004947,2026-07-09 16:32:58,PIN_RESET,EMAIL,COMPLETED,False,54
4948,4203,SR00000004948,2026-07-11 16:54:49,DISPUTE,HOTLINE,NEW,True,13
4949,4203,SR00000004949,2026-03-25 23:57:04,DISPUTE,HOTLINE,REJECTED,True,11
4950,4203,SR00000004950,2026-05-13 00:02:45,STATEMENT_REQUEST,HOTLINE,COMPLETED,True,14
4951,4203,SR00000004951,2026-06-24 07:19:18,LIMIT_CHANGE,APP,REJECTED,True,30
4952,4204,SR00000004952,2026-05-15 00:09:04,LIMIT_CHANGE,APP,COMPLETED,False,53
4953,4204,SR00000004953,2026-04-17 06:51:38,ADDRESS_UPDATE,EMAIL,REJECTED,True,39
4954,4205,SR00000004954,2026-05-20 09:08:42,LIMIT_CHANGE,HOTLINE,COMPLETED,False,82
4955,4205,SR00000004955,2026-05-14 14:45:57,APP_SUPPORT,HOTLINE,COMPLETED,False,62
4956,4206,SR00000004956,2026-05-06 14:18:03,APP_SUPPORT,CHATBOT,COMPLETED,False,59
4957,4207,SR00000004957,2026-03-28 09:32:50,CARD_REISSUE,BRANCH,COMPLETED,True,14
4958,4207,SR00000004958,2026-03-28 04:30:09,STATEMENT_REQUEST,BRANCH,PROCESSING,True,26
4959,4208,SR00000004959,2026-07-03 11:51:58,APP_SUPPORT,HOTLINE,COMPLETED,False,88
4960,4210,SR00000004960,2026-07-11 15:18:56,CARD_REISSUE,APP,COMPLETED,False,68
4961,4211,SR00000004961,2026-06-11 22:49:09,ACCOUNT_CLOSURE,APP,COMPLETED,True,5
4962,4211,SR00000004962,2026-07-26 16:04:53,APP_SUPPORT,BRANCH,COMPLETED,True,41
4963,4213,SR00000004963,2026-08-27 02:36:08,PIN_RESET,BRANCH,COMPLETED,False,88
4964,4213,SR00000004964,2026-04-20 09:57:50,LIMIT_CHANGE,HOTLINE,COMPLETED,True,12
4965,4213,SR00000004965,2026-03-20 00:45:51,CARD_REISSUE,HOTLINE,COMPLETED,False,76
4966,4216,SR00000004966,2026-07-15 02:49:03,PIN_RESET,EMAIL,PROCESSING,False,88
4967,4217,SR00000004967,2026-08-16 19:40:56,ADDRESS_UPDATE,APP,COMPLETED,True,25
4968,4217,SR00000004968,2026-05-01 11:39:38,ACCOUNT_CLOSURE,HOTLINE,PROCESSING,True,21
4969,4219,SR00000004969,2026-06-18 12:40:58,ACCOUNT_CLOSURE,HOTLINE,COMPLETED,False,49
4970,4219,SR00000004970,2026-04-21 19:27:48,CARD_REISSUE,CHATBOT,COMPLETED,False,56
4971,4220,SR00000004971,2026-06-03 06:10:40,APP_SUPPORT,BRANCH,COMPLETED,True,7
4972,4220,SR00000004972,2026-06-18 05:18:14,ADDRESS_UPDATE,EMAIL,NEW,True,3
4973,4222,SR00000004973,2026-02-28 22:37:05,APP_SUPPORT,HOTLINE,COMPLETED,False,77
4974,4222,SR00000004974,2026-08-08 10:37:19,ADDRESS_UPDATE,HOTLINE,COMPLETED,False,48
4975,4223,SR00000004975,2026-08-02 06:19:33,ADDRESS_UPDATE,APP,COMPLETED,True,20
4976,4224,SR00000004976,2026-04-24 03:32:34,LIMIT_CHANGE,EMAIL,COMPLETED,True,13
4977,4224,SR00000004977,2026-05-03 18:38:08,CARD_REISSUE,CHATBOT,COMPLETED,True,18
4978,4225,SR00000004978,2026-03-30 08:14:36,ADDRESS_UPDATE,HOTLINE,COMPLETED,False,54
4979,4226,SR00000004979,2026-07-22 23:55:52,STATEMENT_REQUEST,BRANCH,COMPLETED,True,22
4980,4226,SR00000004980,2026-03-06 15:33:06,PIN_RESET,BRANCH,COMPLETED,True,36
4981,4228,SR00000004981,2026-08-17 22:09:22,CARD_REISSUE,BRANCH,COMPLETED,False,56
4982,4228,SR00000004982,2026-08-03 08:25:50,DISPUTE,HOTLINE,COMPLETED,False,75
4983,4229,SR00000004983,2026-08-06 03:05:35,APP_SUPPORT,HOTLINE,PROCESSING,False,53
4984,4229,SR00000004984,2026-03-26 09:05:02,PIN_RESET,BRANCH,COMPLETED,False,82
4985,4231,SR00000004985,2026-05-12 03:21:47,CARD_REISSUE,APP,COMPLETED,False,77
4986,4232,SR00000004986,2026-04-15 10:18:59,ADDRESS_UPDATE,HOTLINE,COMPLETED,False,70
4987,4233,SR00000004987,2026-07-04 05:16:47,CARD_REISSUE,CHATBOT,COMPLETED,False,82
4988,4233,SR00000004988,2026-07-24 01:46:48,ADDRESS_UPDATE,APP,COMPLETED,False,58
4989,4233,SR00000004989,2026-07-08 19:29:45,PIN_RESET,HOTLINE,PROCESSING,False,77
4990,4233,SR00000004990,2026-07-16 16:33:12,ACCOUNT_CLOSURE,BRANCH,COMPLETED,False,88
4991,4233,SR00000004991,2026-06-09 11:53:42,PIN_RESET,EMAIL,COMPLETED,True,3
4992,4234,SR00000004992,2026-03-31 01:36:15,PIN_RESET,CHATBOT,COMPLETED,False,77
4993,4234,SR00000004993,2026-06-13 16:04:30,STATEMENT_REQUEST,BRANCH,COMPLETED,False,78
4994,4236,SR00000004994,2026-07-08 12:06:56,PIN_RESET,BRANCH,PROCESSING,False,88
4995,4237,SR00000004995,2026-05-04 19:43:27,CARD_REISSUE,HOTLINE,COMPLETED,True,40
4996,4238,SR00000004996,2026-07-27 22:30:28,PIN_RESET,HOTLINE,COMPLETED,True,41
4997,4239,SR00000004997,2026-06-15 00:40:24,STATEMENT_REQUEST,APP,COMPLETED,True,16
4998,4239,SR00000004998,2026-05-11 10:44:32,PIN_RESET,HOTLINE,REJECTED,True,32
4999,4239,SR00000004999,2026-05-08 05:29:54,ADDRESS_UPDATE,HOTLINE,COMPLETED,False,81
5000,4239,SR00000005000,2026-07-11 20:15:08,APP_SUPPORT,CHATBOT,COMPLETED,True,30
5001,4240,SR00000005001,2026-07-24 16:42:38,ACCOUNT_CLOSURE,CHATBOT,COMPLETED,True,20
5002,4243,SR00000005002,2026-03-11 09:33:25,APP_SUPPORT,APP,COMPLETED,True,41
5003,4243,SR00000005003,2026-06-10 10:07:13,LIMIT_CHANGE,HOTLINE,COMPLETED,False,62
5004,4244,SR00000005004,2026-06-04 22:48:09,ADDRESS_UPDATE,APP,COMPLETED,False,61
5005,4244,SR00000005005,2026-08-19 19:09:56,DISPUTE,BRANCH,COMPLETED,True,39
5006,4245,SR00000005006,2026-03-23 04:02:17,APP_SUPPORT,APP,COMPLETED,True,25
5007,4245,SR00000005007,2026-05-12 19:33:46,CARD_REISSUE,BRANCH,COMPLETED,False,76
5008,4246,SR00000005008,2026-07-02 03:56:30,STATEMENT_REQUEST,APP,COMPLETED,True,29
5009,4247,SR00000005009,2026-08-16 15:10:46,APP_SUPPORT,APP,COMPLETED,True,23
5010,4247,SR00000005010,2026-06-14 11:57:32,ADDRESS_UPDATE,EMAIL,COMPLETED,True,35
5011,4249,SR00000005011,2026-06-12 18:23:23,ACCOUNT_CLOSURE,HOTLINE,COMPLETED,False,61
5012,4251,SR00000005012,2026-06-17 06:14:36,STATEMENT_REQUEST,CHATBOT,PROCESSING,False,80
5013,4252,SR00000005013,2026-07-30 15:14:23,CARD_REISSUE,APP,COMPLETED,True,32
5014,4254,SR00000005014,2026-05-24 19:01:49,DISPUTE,BRANCH,COMPLETED,True,38
5015,4254,SR00000005015,2026-06-18 14:27:04,CARD_REISSUE,HOTLINE,COMPLETED,True,24
5016,4256,SR00000005016,2026-07-10 07:01:01,ADDRESS_UPDATE,HOTLINE,COMPLETED,True,10
5017,4257,SR00000005017,2026-05-06 20:25:19,LIMIT_CHANGE,APP,REJECTED,False,60
5018,4258,SR00000005018,2026-06-19 06:57:58,ADDRESS_UPDATE,BRANCH,COMPLETED,False,68
5019,4260,SR00000005019,2026-05-16 16:52:42,PIN_RESET,APP,PROCESSING,True,12
5020,4263,SR00000005020,2026-03-30 10:19:39,DISPUTE,HOTLINE,COMPLETED,True,18
5021,4263,SR00000005021,2026-05-29 09:29:56,STATEMENT_REQUEST,BRANCH,COMPLETED,True,45
5022,4264,SR00000005022,2026-07-16 05:12:36,APP_SUPPORT,HOTLINE,COMPLETED,True,14
5023,4264,SR00000005023,2026-03-11 18:34:58,PIN_RESET,APP,REJECTED,True,12
5024,4265,SR00000005024,2026-03-21 14:28:40,ACCOUNT_CLOSURE,HOTLINE,NEW,True,16
5025,4265,SR00000005025,2026-06-17 03:28:59,STATEMENT_REQUEST,BRANCH,COMPLETED,True,9
5026,4265,SR00000005026,2026-07-12 12:36:44,PIN_RESET,EMAIL,PROCESSING,False,61
5027,4265,SR00000005027,2026-03-11 15:00:43,LIMIT_CHANGE,APP,COMPLETED,True,16
5028,4265,SR00000005028,2026-07-16 02:34:37,CARD_REISSUE,CHATBOT,PROCESSING,False,77
5029,4266,SR00000005029,2026-04-09 22:31:17,ADDRESS_UPDATE,HOTLINE,COMPLETED,False,84
5030,4268,SR00000005030,2026-06-11 04:56:37,DISPUTE,BRANCH,COMPLETED,True,35
5031,4269,SR00000005031,2026-06-20 02:24:28,LIMIT_CHANGE,APP,COMPLETED,True,43
5032,4270,SR00000005032,2026-04-11 13:19:26,APP_SUPPORT,HOTLINE,COMPLETED,True,44
5033,4270,SR00000005033,2026-07-22 02:41:25,PIN_RESET,HOTLINE,COMPLETED,True,9
5034,4270,SR00000005034,2026-05-07 20:16:38,DISPUTE,APP,COMPLETED,False,66
5035,4270,SR00000005035,2026-03-05 03:15:08,CARD_REISSUE,BRANCH,COMPLETED,True,33
5036,4270,SR00000005036,2026-07-28 09:43:48,APP_SUPPORT,CHATBOT,COMPLETED,True,44
5037,4273,SR00000005037,2026-07-09 04:08:35,PIN_RESET,CHATBOT,PROCESSING,False,74
5038,4273,SR00000005038,2026-07-30 13:31:57,LIMIT_CHANGE,APP,COMPLETED,True,17
5039,4274,SR00000005039,2026-05-10 04:41:33,CARD_REISSUE,EMAIL,REJECTED,False,51
5040,4274,SR00000005040,2026-08-21 00:30:15,PIN_RESET,BRANCH,COMPLETED,False,88
5041,4274,SR00000005041,2026-08-13 18:31:33,CARD_REISSUE,HOTLINE,COMPLETED,True,17
5042,4276,SR00000005042,2026-03-03 09:14:12,PIN_RESET,HOTLINE,COMPLETED,False,56
5043,4276,SR00000005043,2026-05-10 08:43:54,LIMIT_CHANGE,APP,COMPLETED,False,55
5044,4276,SR00000005044,2026-07-29 09:13:42,STATEMENT_REQUEST,BRANCH,COMPLETED,True,28
5045,4277,SR00000005045,2026-05-12 02:12:45,LIMIT_CHANGE,BRANCH,COMPLETED,True,12
5046,4277,SR00000005046,2026-03-18 06:47:02,DISPUTE,APP,COMPLETED,False,56
5047,4278,SR00000005047,2026-07-12 17:51:31,ADDRESS_UPDATE,HOTLINE,PROCESSING,True,26
5048,4279,SR00000005048,2026-04-08 00:33:25,LIMIT_CHANGE,HOTLINE,PROCESSING,True,38
5049,4280,SR00000005049,2026-06-26 20:12:40,DISPUTE,BRANCH,COMPLETED,False,83
5050,4280,SR00000005050,2026-07-15 02:54:21,APP_SUPPORT,CHATBOT,COMPLETED,True,23
5051,4280,SR00000005051,2026-08-11 20:11:54,CARD_REISSUE,CHATBOT,COMPLETED,True,18
5052,4287,SR00000005052,2026-04-04 21:30:53,CARD_REISSUE,APP,COMPLETED,True,23
5053,4287,SR00000005053,2026-05-19 00:11:28,PIN_RESET,APP,COMPLETED,False,87
5054,4288,SR00000005054,2026-07-27 02:52:26,DISPUTE,HOTLINE,REJECTED,False,72
5055,4288,SR00000005055,2026-06-17 23:00:58,APP_SUPPORT,HOTLINE,COMPLETED,True,33
5056,4288,SR00000005056,2026-08-27 00:02:44,APP_SUPPORT,EMAIL,COMPLETED,True,24
5057,4291,SR00000005057,2026-04-28 07:45:43,CARD_REISSUE,APP,COMPLETED,True,27
5058,4291,SR00000005058,2026-08-14 13:32:09,LIMIT_CHANGE,APP,COMPLETED,False,84
5059,4292,SR00000005059,2026-07-28 10:37:12,PIN_RESET,BRANCH,NEW,True,21
5060,4293,SR00000005060,2026-04-30 11:55:50,ADDRESS_UPDATE,HOTLINE,COMPLETED,True,24
5061,4294,SR00000005061,2026-03-06 17:12:10,STATEMENT_REQUEST,HOTLINE,COMPLETED,False,50
5062,4294,SR00000005062,2026-03-06 13:19:17,CARD_REISSUE,HOTLINE,COMPLETED,True,12
5063,4295,SR00000005063,2026-08-10 12:56:10,LIMIT_CHANGE,CHATBOT,COMPLETED,True,35
5064,4295,SR00000005064,2026-04-04 04:45:11,LIMIT_CHANGE,BRANCH,PROCESSING,False,60
5065,4295,SR00000005065,2026-03-27 03:41:39,CARD_REISSUE,APP,COMPLETED,True,14
5066,4296,SR00000005066,2026-04-24 04:18:13,DISPUTE,EMAIL,COMPLETED,True,9
5067,4298,SR00000005067,2026-06-29 21:33:37,STATEMENT_REQUEST,EMAIL,COMPLETED,False,47
5068,4299,SR00000005068,2026-03-25 04:30:32,CARD_REISSUE,APP,COMPLETED,True,28
5069,4299,SR00000005069,2026-06-16 20:52:36,LIMIT_CHANGE,APP,REJECTED,False,85
5070,4300,SR00000005070,2026-04-20 09:48:56,CARD_REISSUE,APP,NEW,True,22
5071,4300,SR00000005071,2026-07-11 19:29:44,APP_SUPPORT,HOTLINE,COMPLETED,False,88
5072,4301,SR00000005072,2026-08-14 16:08:37,STATEMENT_REQUEST,BRANCH,COMPLETED,False,82
5073,4301,SR00000005073,2026-03-30 20:29:03,DISPUTE,BRANCH,COMPLETED,True,28
5074,4302,SR00000005074,2026-04-23 10:04:16,ACCOUNT_CLOSURE,APP,PROCESSING,False,74
5075,4306,SR00000005075,2026-06-25 08:24:37,CARD_REISSUE,HOTLINE,COMPLETED,True,43
5076,4307,SR00000005076,2026-05-27 03:26:33,LIMIT_CHANGE,APP,COMPLETED,True,11
5077,4309,SR00000005077,2026-06-28 10:20:49,APP_SUPPORT,HOTLINE,COMPLETED,True,42
5078,4310,SR00000005078,2026-04-27 13:20:02,CARD_REISSUE,HOTLINE,PROCESSING,True,40
5079,4310,SR00000005079,2026-07-27 17:37:15,ADDRESS_UPDATE,APP,COMPLETED,True,30
5080,4312,SR00000005080,2026-03-11 23:57:50,CARD_REISSUE,HOTLINE,REJECTED,True,33
5081,4313,SR00000005081,2026-03-05 13:36:42,PIN_RESET,EMAIL,PROCESSING,True,12
5082,4313,SR00000005082,2026-06-11 19:52:34,ADDRESS_UPDATE,HOTLINE,COMPLETED,True,3
5083,4314,SR00000005083,2026-03-04 02:19:26,DISPUTE,EMAIL,COMPLETED,True,32
5084,4314,SR00000005084,2026-03-27 00:34:10,PIN_RESET,APP,COMPLETED,True,39
5085,4315,SR00000005085,2026-06-02 02:39:42,STATEMENT_REQUEST,APP,COMPLETED,True,14
5086,4315,SR00000005086,2026-07-14 21:31:59,STATEMENT_REQUEST,EMAIL,REJECTED,False,56
5087,4316,SR00000005087,2026-07-17 20:55:02,ADDRESS_UPDATE,HOTLINE,COMPLETED,False,59
5088,4316,SR00000005088,2026-06-17 14:21:54,APP_SUPPORT,APP,COMPLETED,True,11
5089,4316,SR00000005089,2026-04-09 02:12:24,STATEMENT_REQUEST,CHATBOT,COMPLETED,True,45
5090,4316,SR00000005090,2026-03-23 02:57:42,APP_SUPPORT,CHATBOT,COMPLETED,False,65
5091,4317,SR00000005091,2026-07-24 14:58:30,APP_SUPPORT,APP,NEW,False,89
5092,4319,SR00000005092,2026-03-30 00:46:19,CARD_REISSUE,APP,COMPLETED,True,30
5093,4320,SR00000005093,2026-06-08 00:37:23,DISPUTE,APP,COMPLETED,True,22
5094,4322,SR00000005094,2026-05-17 23:17:57,PIN_RESET,HOTLINE,COMPLETED,False,59
5095,4323,SR00000005095,2026-03-12 22:25:25,ADDRESS_UPDATE,HOTLINE,REJECTED,False,89
5096,4323,SR00000005096,2026-03-24 02:50:49,APP_SUPPORT,HOTLINE,COMPLETED,True,25
5097,4323,SR00000005097,2026-04-21 04:57:08,DISPUTE,CHATBOT,COMPLETED,True,26
5098,4326,SR00000005098,2026-07-25 23:36:11,STATEMENT_REQUEST,HOTLINE,COMPLETED,True,13
5099,4326,SR00000005099,2026-07-15 20:40:22,PIN_RESET,CHATBOT,COMPLETED,False,88
5100,4328,SR00000005100,2026-03-26 10:01:42,PIN_RESET,HOTLINE,COMPLETED,False,80
5101,4331,SR00000005101,2026-07-24 12:05:09,LIMIT_CHANGE,APP,PROCESSING,False,86
5102,4332,SR00000005102,2026-07-15 09:06:10,PIN_RESET,HOTLINE,COMPLETED,True,37
5103,4334,SR00000005103,2026-08-24 06:26:57,APP_SUPPORT,HOTLINE,COMPLETED,True,39
5104,4336,SR00000005104,2026-06-22 05:25:37,ADDRESS_UPDATE,HOTLINE,COMPLETED,False,75
5105,4337,SR00000005105,2026-04-01 01:08:37,PIN_RESET,HOTLINE,COMPLETED,False,60
5106,4337,SR00000005106,2026-05-19 21:23:47,STATEMENT_REQUEST,HOTLINE,COMPLETED,False,70
5107,4338,SR00000005107,2026-08-26 08:38:57,CARD_REISSUE,APP,COMPLETED,False,60
5108,4338,SR00000005108,2026-06-14 00:25:20,ADDRESS_UPDATE,CHATBOT,COMPLETED,False,63
5109,4341,SR00000005109,2026-05-09 08:50:39,LIMIT_CHANGE,HOTLINE,COMPLETED,False,53
5110,4341,SR00000005110,2026-03-29 12:40:25,STATEMENT_REQUEST,HOTLINE,COMPLETED,False,49
5111,4342,SR00000005111,2026-06-08 08:39:02,CARD_REISSUE,APP,REJECTED,False,77
5112,4344,SR00000005112,2026-06-29 04:18:00,APP_SUPPORT,BRANCH,COMPLETED,True,22
5113,4344,SR00000005113,2026-03-26 02:39:01,STATEMENT_REQUEST,APP,COMPLETED,False,74
5114,4346,SR00000005114,2026-07-21 03:43:31,ADDRESS_UPDATE,APP,COMPLETED,False,65
5115,4348,SR00000005115,2026-04-10 15:55:00,ACCOUNT_CLOSURE,HOTLINE,PROCESSING,True,3
5116,4352,SR00000005116,2026-08-11 19:39:27,ADDRESS_UPDATE,EMAIL,NEW,True,41
5117,4353,SR00000005117,2026-03-10 15:12:53,APP_SUPPORT,HOTLINE,COMPLETED,True,10
5118,4354,SR00000005118,2026-05-13 09:23:25,APP_SUPPORT,HOTLINE,PROCESSING,True,32
5119,4355,SR00000005119,2026-04-01 04:52:01,APP_SUPPORT,EMAIL,PROCESSING,False,71
5120,4356,SR00000005120,2026-06-24 09:35:01,ACCOUNT_CLOSURE,BRANCH,COMPLETED,True,33
5121,4356,SR00000005121,2026-04-20 21:35:19,ACCOUNT_CLOSURE,HOTLINE,COMPLETED,False,47
5122,4357,SR00000005122,2026-04-19 05:07:40,PIN_RESET,BRANCH,COMPLETED,True,41
5123,4358,SR00000005123,2026-05-24 04:03:29,DISPUTE,HOTLINE,COMPLETED,False,71
5124,4359,SR00000005124,2026-06-22 10:04:11,APP_SUPPORT,APP,PROCESSING,False,49
5125,4359,SR00000005125,2026-06-04 12:56:59,DISPUTE,APP,NEW,False,78
5126,4362,SR00000005126,2026-03-21 14:50:49,DISPUTE,EMAIL,PROCESSING,False,88
5127,4363,SR00000005127,2026-04-12 11:43:52,ACCOUNT_CLOSURE,APP,COMPLETED,False,85
5128,4364,SR00000005128,2026-08-11 20:09:01,APP_SUPPORT,APP,COMPLETED,False,46
5129,4365,SR00000005129,2026-07-09 22:09:19,PIN_RESET,HOTLINE,PROCESSING,True,36
5130,4365,SR00000005130,2026-03-15 12:44:55,ADDRESS_UPDATE,CHATBOT,COMPLETED,False,46
5131,4366,SR00000005131,2026-06-25 20:18:16,PIN_RESET,EMAIL,REJECTED,False,88
5132,4368,SR00000005132,2026-07-16 04:41:33,CARD_REISSUE,CHATBOT,COMPLETED,False,85
5133,4369,SR00000005133,2026-03-23 15:42:41,CARD_REISSUE,APP,COMPLETED,False,87
5134,4371,SR00000005134,2026-03-15 23:09:50,LIMIT_CHANGE,HOTLINE,COMPLETED,False,82
5135,4372,SR00000005135,2026-03-05 11:46:20,APP_SUPPORT,BRANCH,COMPLETED,False,66
5136,4372,SR00000005136,2026-07-08 11:59:02,ADDRESS_UPDATE,HOTLINE,COMPLETED,True,34
5137,4373,SR00000005137,2026-08-03 05:36:46,ADDRESS_UPDATE,APP,NEW,False,67
5138,4373,SR00000005138,2026-05-04 18:34:53,CARD_REISSUE,HOTLINE,COMPLETED,True,6
5139,4374,SR00000005139,2026-08-01 16:49:15,CARD_REISSUE,HOTLINE,COMPLETED,False,65
5140,4375,SR00000005140,2026-07-05 12:19:06,LIMIT_CHANGE,HOTLINE,COMPLETED,True,21
5141,4375,SR00000005141,2026-03-02 13:49:34,LIMIT_CHANGE,HOTLINE,COMPLETED,False,73
5142,4375,SR00000005142,2026-04-10 15:54:23,STATEMENT_REQUEST,CHATBOT,COMPLETED,False,69
5143,4376,SR00000005143,2026-07-01 00:21:40,PIN_RESET,APP,COMPLETED,False,57
5144,4377,SR00000005144,2026-07-31 09:04:29,CARD_REISSUE,HOTLINE,REJECTED,True,44
5145,4378,SR00000005145,2026-04-23 08:10:24,PIN_RESET,CHATBOT,NEW,True,33
5146,4380,SR00000005146,2026-03-13 18:13:35,ADDRESS_UPDATE,BRANCH,COMPLETED,False,58
5147,4380,SR00000005147,2026-04-24 09:30:53,STATEMENT_REQUEST,APP,PROCESSING,True,41
5148,4383,SR00000005148,2026-06-01 09:00:37,APP_SUPPORT,EMAIL,COMPLETED,True,39
5149,4383,SR00000005149,2026-04-13 11:40:09,PIN_RESET,CHATBOT,COMPLETED,True,18
5150,4385,SR00000005150,2026-05-09 15:25:59,DISPUTE,BRANCH,COMPLETED,True,13
5151,4385,SR00000005151,2026-08-22 20:36:52,PIN_RESET,BRANCH,COMPLETED,True,19
5152,4386,SR00000005152,2026-06-08 21:41:16,ADDRESS_UPDATE,HOTLINE,COMPLETED,True,44
5153,4386,SR00000005153,2026-05-30 13:07:37,CARD_REISSUE,HOTLINE,COMPLETED,False,64
5154,4386,SR00000005154,2026-06-17 19:38:11,LIMIT_CHANGE,BRANCH,COMPLETED,True,43
5155,4388,SR00000005155,2026-07-16 08:43:11,LIMIT_CHANGE,APP,PROCESSING,True,8
5156,4388,SR00000005156,2026-06-05 12:18:28,PIN_RESET,HOTLINE,COMPLETED,True,37
5157,4389,SR00000005157,2026-06-17 23:50:26,CARD_REISSUE,HOTLINE,COMPLETED,False,67
5158,4389,SR00000005158,2026-05-04 16:18:48,ADDRESS_UPDATE,CHATBOT,REJECTED,True,41
5159,4389,SR00000005159,2026-05-03 13:40:53,CARD_REISSUE,EMAIL,COMPLETED,True,45
5160,4393,SR00000005160,2026-08-26 03:37:45,PIN_RESET,EMAIL,COMPLETED,False,47
5161,4393,SR00000005161,2026-06-09 11:44:59,CARD_REISSUE,BRANCH,COMPLETED,False,83
5162,4394,SR00000005162,2026-07-24 18:03:46,CARD_REISSUE,HOTLINE,COMPLETED,False,82
5163,4397,SR00000005163,2026-07-18 20:45:50,PIN_RESET,HOTLINE,COMPLETED,True,17
5164,4398,SR00000005164,2026-07-09 16:12:13,DISPUTE,APP,REJECTED,False,70
5165,4398,SR00000005165,2026-04-30 22:08:29,STATEMENT_REQUEST,APP,COMPLETED,False,50
5166,4400,SR00000005166,2026-08-20 02:47:00,APP_SUPPORT,CHATBOT,COMPLETED,True,16
5167,4400,SR00000005167,2026-06-10 16:48:22,CARD_REISSUE,APP,COMPLETED,False,52
5168,4401,SR00000005168,2026-05-30 13:14:23,STATEMENT_REQUEST,CHATBOT,COMPLETED,True,34
5169,4401,SR00000005169,2026-05-12 14:02:36,CARD_REISSUE,APP,COMPLETED,True,34
5170,4405,SR00000005170,2026-07-25 03:39:08,STATEMENT_REQUEST,BRANCH,PROCESSING,True,42
5171,4406,SR00000005171,2026-04-06 09:28:59,APP_SUPPORT,HOTLINE,COMPLETED,False,57
5172,4406,SR00000005172,2026-08-26 08:57:42,ACCOUNT_CLOSURE,BRANCH,COMPLETED,False,72
5173,4407,SR00000005173,2026-07-20 16:08:59,APP_SUPPORT,HOTLINE,COMPLETED,False,58
5174,4408,SR00000005174,2026-06-29 00:05:47,ADDRESS_UPDATE,BRANCH,COMPLETED,True,32
5175,4408,SR00000005175,2026-05-15 17:59:40,APP_SUPPORT,APP,NEW,True,29
5176,4408,SR00000005176,2026-08-04 21:35:25,PIN_RESET,HOTLINE,COMPLETED,False,60
5177,4409,SR00000005177,2026-07-08 22:23:07,STATEMENT_REQUEST,HOTLINE,COMPLETED,True,36
5178,4410,SR00000005178,2026-08-07 21:43:58,ADDRESS_UPDATE,APP,COMPLETED,False,62
5179,4412,SR00000005179,2026-05-04 05:43:11,CARD_REISSUE,EMAIL,COMPLETED,False,77
5180,4412,SR00000005180,2026-07-27 04:30:27,CARD_REISSUE,APP,REJECTED,False,85
5181,4412,SR00000005181,2026-04-03 23:55:20,STATEMENT_REQUEST,BRANCH,COMPLETED,False,69
5182,4412,SR00000005182,2026-04-30 20:40:15,CARD_REISSUE,BRANCH,COMPLETED,False,46
5183,4413,SR00000005183,2026-06-24 20:59:26,CARD_REISSUE,BRANCH,COMPLETED,True,36
5184,4413,SR00000005184,2026-03-31 11:38:24,LIMIT_CHANGE,BRANCH,COMPLETED,False,69
5185,4413,SR00000005185,2026-06-16 09:36:52,ACCOUNT_CLOSURE,BRANCH,COMPLETED,True,24
5186,4413,SR00000005186,2026-04-10 09:58:41,ACCOUNT_CLOSURE,HOTLINE,COMPLETED,False,57
5187,4413,SR00000005187,2026-06-15 11:46:56,PIN_RESET,HOTLINE,COMPLETED,False,81
5188,4414,SR00000005188,2026-06-05 10:22:38,LIMIT_CHANGE,BRANCH,COMPLETED,True,11
5189,4415,SR00000005189,2026-08-18 10:24:12,LIMIT_CHANGE,APP,COMPLETED,True,8
5190,4417,SR00000005190,2026-08-05 14:36:07,PIN_RESET,APP,COMPLETED,False,60
5191,4418,SR00000005191,2026-05-06 06:14:09,DISPUTE,CHATBOT,PROCESSING,True,4
5192,4420,SR00000005192,2026-07-26 19:48:23,CARD_REISSUE,APP,COMPLETED,False,64
5193,4422,SR00000005193,2026-05-01 13:15:08,PIN_RESET,CHATBOT,COMPLETED,True,34
5194,4422,SR00000005194,2026-03-25 21:10:26,APP_SUPPORT,CHATBOT,COMPLETED,False,84
5195,4423,SR00000005195,2026-03-07 04:03:56,CARD_REISSUE,HOTLINE,COMPLETED,True,25
5196,4426,SR00000005196,2026-05-13 02:40:26,APP_SUPPORT,HOTLINE,PROCESSING,False,47
5197,4427,SR00000005197,2026-04-18 07:47:58,LIMIT_CHANGE,HOTLINE,COMPLETED,False,85
5198,4427,SR00000005198,2026-03-23 17:56:50,ACCOUNT_CLOSURE,HOTLINE,NEW,True,27
5199,4429,SR00000005199,2026-06-28 07:45:52,PIN_RESET,HOTLINE,NEW,False,56
5200,4429,SR00000005200,2026-08-07 04:32:30,PIN_RESET,BRANCH,COMPLETED,False,86
5201,4431,SR00000005201,2026-07-27 02:53:56,ACCOUNT_CLOSURE,HOTLINE,NEW,True,24
5202,4431,SR00000005202,2026-04-20 13:06:03,APP_SUPPORT,HOTLINE,COMPLETED,False,60
5203,4435,SR00000005203,2026-07-20 20:30:33,APP_SUPPORT,APP,COMPLETED,True,39
5204,4435,SR00000005204,2026-03-16 14:37:08,APP_SUPPORT,EMAIL,COMPLETED,True,34
5205,4435,SR00000005205,2026-07-10 08:51:21,CARD_REISSUE,BRANCH,COMPLETED,True,26
5206,4441,SR00000005206,2026-03-03 02:03:58,LIMIT_CHANGE,APP,COMPLETED,True,35
5207,4446,SR00000005207,2026-06-03 09:43:36,PIN_RESET,APP,COMPLETED,True,10
5208,4446,SR00000005208,2026-08-25 16:31:44,ADDRESS_UPDATE,HOTLINE,COMPLETED,True,37
5209,4447,SR00000005209,2026-08-04 12:03:10,DISPUTE,EMAIL,COMPLETED,True,42
5210,4449,SR00000005210,2026-06-09 15:08:20,PIN_RESET,HOTLINE,COMPLETED,False,76
5211,4450,SR00000005211,2026-06-06 16:34:48,STATEMENT_REQUEST,APP,COMPLETED,True,20
5212,4450,SR00000005212,2026-03-22 02:10:23,APP_SUPPORT,HOTLINE,COMPLETED,True,31
5213,4450,SR00000005213,2026-07-23 17:27:28,ADDRESS_UPDATE,HOTLINE,NEW,True,39
5214,4450,SR00000005214,2026-05-28 08:39:17,DISPUTE,APP,COMPLETED,True,26
5215,4450,SR00000005215,2026-06-24 23:25:46,PIN_RESET,CHATBOT,COMPLETED,False,48
5216,4452,SR00000005216,2026-05-25 16:39:55,APP_SUPPORT,HOTLINE,PROCESSING,False,54
5217,4453,SR00000005217,2026-03-31 23:43:08,PIN_RESET,APP,COMPLETED,True,6
5218,4453,SR00000005218,2026-06-24 03:28:34,PIN_RESET,EMAIL,REJECTED,True,38
5219,4453,SR00000005219,2026-07-21 14:34:46,DISPUTE,BRANCH,COMPLETED,False,64
5220,4454,SR00000005220,2026-06-10 02:51:14,PIN_RESET,HOTLINE,COMPLETED,True,28
5221,4454,SR00000005221,2026-08-20 21:35:32,ACCOUNT_CLOSURE,APP,PROCESSING,False,48
5222,4454,SR00000005222,2026-08-06 03:13:57,LIMIT_CHANGE,APP,COMPLETED,True,31
5223,4454,SR00000005223,2026-03-04 22:31:44,STATEMENT_REQUEST,HOTLINE,REJECTED,False,81
5224,4454,SR00000005224,2026-04-18 03:34:20,APP_SUPPORT,HOTLINE,NEW,True,6
5225,4455,SR00000005225,2026-05-03 00:55:08,APP_SUPPORT,APP,PROCESSING,True,44
5226,4455,SR00000005226,2026-07-09 17:03:24,ADDRESS_UPDATE,HOTLINE,COMPLETED,False,49
5227,4457,SR00000005227,2026-06-28 14:06:37,LIMIT_CHANGE,HOTLINE,COMPLETED,False,53
5228,4458,SR00000005228,2026-06-15 20:29:11,LIMIT_CHANGE,APP,COMPLETED,False,69
5229,4458,SR00000005229,2026-04-15 15:48:14,STATEMENT_REQUEST,CHATBOT,COMPLETED,True,44
5230,4459,SR00000005230,2026-05-20 05:24:18,PIN_RESET,CHATBOT,PROCESSING,False,68
5231,4459,SR00000005231,2026-03-09 21:27:13,DISPUTE,EMAIL,NEW,True,27
5232,4459,SR00000005232,2026-05-08 08:59:26,PIN_RESET,EMAIL,COMPLETED,False,85
5233,4460,SR00000005233,2026-05-14 13:47:30,CARD_REISSUE,EMAIL,COMPLETED,True,40
5234,4463,SR00000005234,2026-04-28 20:18:08,DISPUTE,APP,COMPLETED,True,43
5235,4464,SR00000005235,2026-07-24 20:01:06,DISPUTE,APP,COMPLETED,True,40
5236,4465,SR00000005236,2026-08-19 12:39:47,DISPUTE,CHATBOT,COMPLETED,False,80
5237,4467,SR00000005237,2026-06-14 22:51:38,PIN_RESET,BRANCH,COMPLETED,False,84
5238,4467,SR00000005238,2026-05-30 17:27:07,LIMIT_CHANGE,HOTLINE,NEW,False,57
5239,4472,SR00000005239,2026-03-04 14:03:17,CARD_REISSUE,CHATBOT,COMPLETED,False,46
5240,4473,SR00000005240,2026-04-13 02:18:36,ADDRESS_UPDATE,BRANCH,PROCESSING,True,22
5241,4473,SR00000005241,2026-05-15 11:23:12,APP_SUPPORT,EMAIL,COMPLETED,False,52
5242,4474,SR00000005242,2026-06-26 08:58:58,APP_SUPPORT,CHATBOT,COMPLETED,True,43
5243,4475,SR00000005243,2026-06-13 13:34:17,ADDRESS_UPDATE,APP,COMPLETED,False,72
5244,4475,SR00000005244,2026-03-08 05:10:31,CARD_REISSUE,EMAIL,PROCESSING,False,74
5245,4476,SR00000005245,2026-06-16 07:19:29,CARD_REISSUE,HOTLINE,PROCESSING,False,46
5246,4476,SR00000005246,2026-03-10 05:05:05,APP_SUPPORT,EMAIL,COMPLETED,True,41
5247,4476,SR00000005247,2026-06-23 18:03:16,STATEMENT_REQUEST,HOTLINE,COMPLETED,True,8
5248,4476,SR00000005248,2026-03-29 07:09:14,ADDRESS_UPDATE,HOTLINE,COMPLETED,True,25
5249,4477,SR00000005249,2026-04-23 23:46:40,DISPUTE,APP,PROCESSING,True,33
5250,4478,SR00000005250,2026-03-31 14:43:06,DISPUTE,BRANCH,COMPLETED,False,70
5251,4479,SR00000005251,2026-05-06 01:04:21,PIN_RESET,APP,COMPLETED,True,45
5252,4479,SR00000005252,2026-07-12 16:49:46,CARD_REISSUE,HOTLINE,PROCESSING,True,19
5253,4482,SR00000005253,2026-05-02 13:17:46,APP_SUPPORT,BRANCH,PROCESSING,False,72
5254,4482,SR00000005254,2026-05-28 14:11:44,ACCOUNT_CLOSURE,HOTLINE,COMPLETED,True,3
5255,4483,SR00000005255,2026-03-10 10:32:27,STATEMENT_REQUEST,EMAIL,COMPLETED,True,31
5256,4484,SR00000005256,2026-07-28 12:27:20,CARD_REISSUE,CHATBOT,NEW,True,21
5257,4485,SR00000005257,2026-03-10 05:45:31,PIN_RESET,CHATBOT,COMPLETED,True,6
5258,4486,SR00000005258,2026-06-10 14:01:37,APP_SUPPORT,APP,COMPLETED,True,42
5259,4486,SR00000005259,2026-07-05 08:53:43,PIN_RESET,BRANCH,COMPLETED,True,33
5260,4487,SR00000005260,2026-05-06 16:28:32,PIN_RESET,HOTLINE,NEW,True,21
5261,4488,SR00000005261,2026-04-16 00:03:03,DISPUTE,CHATBOT,COMPLETED,True,40
5262,4489,SR00000005262,2026-07-29 14:59:47,PIN_RESET,HOTLINE,COMPLETED,True,21
5263,4490,SR00000005263,2026-03-08 04:53:30,PIN_RESET,APP,COMPLETED,False,67
5264,4491,SR00000005264,2026-05-24 10:34:06,ADDRESS_UPDATE,HOTLINE,COMPLETED,False,52
5265,4493,SR00000005265,2026-08-04 06:13:42,CARD_REISSUE,BRANCH,NEW,True,10
5266,4493,SR00000005266,2026-05-16 16:04:52,CARD_REISSUE,BRANCH,COMPLETED,True,18
5267,4494,SR00000005267,2026-07-05 21:20:12,LIMIT_CHANGE,EMAIL,REJECTED,True,26
5268,4494,SR00000005268,2026-08-26 12:03:52,APP_SUPPORT,APP,COMPLETED,True,45
5269,4495,SR00000005269,2026-03-18 20:28:45,DISPUTE,EMAIL,COMPLETED,True,38
5270,4495,SR00000005270,2026-07-14 16:19:41,CARD_REISSUE,EMAIL,COMPLETED,True,38
5271,4496,SR00000005271,2026-08-05 23:07:50,CARD_REISSUE,BRANCH,COMPLETED,False,51
5272,4497,SR00000005272,2026-04-25 09:31:29,APP_SUPPORT,CHATBOT,COMPLETED,False,59
5273,4498,SR00000005273,2026-08-12 15:26:57,STATEMENT_REQUEST,BRANCH,COMPLETED,True,7
5274,4498,SR00000005274,2026-05-02 17:58:12,ADDRESS_UPDATE,HOTLINE,COMPLETED,True,43
5275,4498,SR00000005275,2026-06-17 18:05:21,PIN_RESET,HOTLINE,COMPLETED,True,9
5276,4498,SR00000005276,2026-06-07 20:40:28,DISPUTE,HOTLINE,COMPLETED,True,3
5277,4501,SR00000005277,2026-06-11 19:05:30,PIN_RESET,HOTLINE,COMPLETED,False,66
5278,4501,SR00000005278,2026-03-14 08:00:04,APP_SUPPORT,EMAIL,COMPLETED,False,63
5279,4502,SR00000005279,2026-07-21 00:18:01,APP_SUPPORT,EMAIL,COMPLETED,True,45
5280,4503,SR00000005280,2026-08-15 14:44:45,LIMIT_CHANGE,APP,COMPLETED,True,14
5281,4505,SR00000005281,2026-08-16 10:04:18,CARD_REISSUE,CHATBOT,COMPLETED,False,87
5282,4505,SR00000005282,2026-04-02 21:16:41,STATEMENT_REQUEST,APP,PROCESSING,False,54
5283,4505,SR00000005283,2026-04-22 00:43:34,ACCOUNT_CLOSURE,HOTLINE,COMPLETED,False,63
5284,4507,SR00000005284,2026-07-17 11:30:44,ADDRESS_UPDATE,APP,COMPLETED,False,62
5285,4509,SR00000005285,2026-07-14 07:36:15,APP_SUPPORT,APP,PROCESSING,False,83
5286,4510,SR00000005286,2026-07-23 05:01:02,PIN_RESET,HOTLINE,PROCESSING,False,49
5287,4511,SR00000005287,2026-06-01 01:15:03,PIN_RESET,HOTLINE,COMPLETED,False,63
5288,4511,SR00000005288,2026-08-15 05:11:38,DISPUTE,HOTLINE,COMPLETED,True,27
5289,4512,SR00000005289,2026-04-07 00:49:33,DISPUTE,HOTLINE,COMPLETED,False,82
5290,4512,SR00000005290,2026-06-08 21:24:15,STATEMENT_REQUEST,HOTLINE,COMPLETED,True,26
5291,4514,SR00000005291,2026-07-12 13:11:49,STATEMENT_REQUEST,HOTLINE,COMPLETED,True,45
5292,4515,SR00000005292,2026-06-27 17:51:23,LIMIT_CHANGE,BRANCH,COMPLETED,False,54
5293,4515,SR00000005293,2026-08-07 23:44:05,STATEMENT_REQUEST,CHATBOT,PROCESSING,True,37
5294,4516,SR00000005294,2026-08-06 11:51:25,DISPUTE,APP,COMPLETED,False,88
5295,4518,SR00000005295,2026-04-25 21:34:30,CARD_REISSUE,APP,COMPLETED,False,73
5296,4519,SR00000005296,2026-06-15 14:20:19,CARD_REISSUE,HOTLINE,COMPLETED,False,75
5297,4520,SR00000005297,2026-08-22 17:00:07,STATEMENT_REQUEST,APP,COMPLETED,True,17
5298,4521,SR00000005298,2026-08-12 05:49:55,PIN_RESET,CHATBOT,COMPLETED,False,63
5299,4521,SR00000005299,2026-05-13 21:31:27,APP_SUPPORT,HOTLINE,NEW,False,51
5300,4522,SR00000005300,2026-05-13 08:34:23,APP_SUPPORT,BRANCH,COMPLETED,False,72
5301,4523,SR00000005301,2026-06-13 16:40:44,PIN_RESET,APP,COMPLETED,False,56
5302,4524,SR00000005302,2026-06-18 11:23:25,LIMIT_CHANGE,BRANCH,COMPLETED,False,75
5303,4525,SR00000005303,2026-04-03 22:36:08,CARD_REISSUE,APP,NEW,False,73
5304,4527,SR00000005304,2026-07-08 16:16:05,CARD_REISSUE,HOTLINE,COMPLETED,False,76
5305,4528,SR00000005305,2026-04-10 22:43:04,STATEMENT_REQUEST,BRANCH,COMPLETED,False,53
5306,4529,SR00000005306,2026-03-16 07:51:02,DISPUTE,HOTLINE,COMPLETED,False,81
5307,4529,SR00000005307,2026-08-05 06:14:15,CARD_REISSUE,CHATBOT,COMPLETED,True,29
5308,4534,SR00000005308,2026-03-06 18:38:18,LIMIT_CHANGE,BRANCH,COMPLETED,True,17
5309,4535,SR00000005309,2026-07-08 09:13:21,ACCOUNT_CLOSURE,EMAIL,COMPLETED,True,39
5310,4535,SR00000005310,2026-06-05 00:28:26,DISPUTE,APP,COMPLETED,True,11
5311,4536,SR00000005311,2026-05-18 01:41:28,STATEMENT_REQUEST,BRANCH,PROCESSING,False,72
5312,4536,SR00000005312,2026-03-14 21:40:09,PIN_RESET,APP,COMPLETED,False,65
5313,4537,SR00000005313,2026-04-26 14:10:12,DISPUTE,CHATBOT,COMPLETED,False,76
5314,4537,SR00000005314,2026-04-18 23:33:28,PIN_RESET,EMAIL,COMPLETED,True,41
5315,4537,SR00000005315,2026-06-01 07:00:33,STATEMENT_REQUEST,HOTLINE,PROCESSING,True,30
5316,4540,SR00000005316,2026-05-29 23:36:57,DISPUTE,HOTLINE,COMPLETED,True,36
5317,4540,SR00000005317,2026-04-13 13:43:21,CARD_REISSUE,BRANCH,NEW,False,65
5318,4541,SR00000005318,2026-07-04 21:41:59,CARD_REISSUE,APP,COMPLETED,False,49
5319,4542,SR00000005319,2026-06-12 19:02:30,APP_SUPPORT,BRANCH,COMPLETED,True,34
5320,4542,SR00000005320,2026-04-04 09:19:00,DISPUTE,BRANCH,COMPLETED,False,82
5321,4543,SR00000005321,2026-04-26 05:17:58,ADDRESS_UPDATE,HOTLINE,COMPLETED,False,86
5322,4543,SR00000005322,2026-06-14 16:10:55,STATEMENT_REQUEST,HOTLINE,COMPLETED,True,16
5323,4543,SR00000005323,2026-05-07 05:49:28,PIN_RESET,BRANCH,COMPLETED,False,46
5324,4544,SR00000005324,2026-08-19 03:19:27,PIN_RESET,APP,COMPLETED,False,59
5325,4544,SR00000005325,2026-05-25 03:02:39,ACCOUNT_CLOSURE,EMAIL,COMPLETED,True,18
5326,4545,SR00000005326,2026-08-23 01:02:52,CARD_REISSUE,APP,COMPLETED,True,17
5327,4546,SR00000005327,2026-07-07 19:50:24,DISPUTE,HOTLINE,COMPLETED,True,20
5328,4546,SR00000005328,2026-07-16 09:00:45,DISPUTE,EMAIL,COMPLETED,False,74
5329,4546,SR00000005329,2026-03-15 13:20:33,PIN_RESET,APP,PROCESSING,True,41
5330,4549,SR00000005330,2026-07-21 10:55:16,ACCOUNT_CLOSURE,APP,PROCESSING,True,22
5331,4550,SR00000005331,2026-04-17 18:43:24,APP_SUPPORT,APP,COMPLETED,True,42
5332,4550,SR00000005332,2026-07-24 21:41:57,PIN_RESET,BRANCH,COMPLETED,False,60
5333,4552,SR00000005333,2026-06-12 04:14:15,APP_SUPPORT,HOTLINE,COMPLETED,True,29
5334,4552,SR00000005334,2026-06-21 09:48:49,PIN_RESET,APP,COMPLETED,True,7
5335,4553,SR00000005335,2026-03-25 04:55:03,CARD_REISSUE,CHATBOT,COMPLETED,True,11
5336,4553,SR00000005336,2026-08-22 07:55:53,ADDRESS_UPDATE,HOTLINE,PROCESSING,False,66
5337,4555,SR00000005337,2026-05-10 16:42:30,CARD_REISSUE,HOTLINE,COMPLETED,False,77
5338,4555,SR00000005338,2026-04-25 03:23:55,APP_SUPPORT,HOTLINE,COMPLETED,True,10
5339,4556,SR00000005339,2026-06-03 08:24:42,APP_SUPPORT,BRANCH,COMPLETED,False,60
5340,4557,SR00000005340,2026-05-11 04:49:05,DISPUTE,APP,COMPLETED,True,19
5341,4557,SR00000005341,2026-08-16 21:31:40,ADDRESS_UPDATE,APP,COMPLETED,True,19
5342,4557,SR00000005342,2026-08-25 18:46:34,LIMIT_CHANGE,HOTLINE,COMPLETED,True,19
5343,4558,SR00000005343,2026-04-16 16:19:34,APP_SUPPORT,EMAIL,COMPLETED,False,80
5344,4558,SR00000005344,2026-06-21 09:52:22,STATEMENT_REQUEST,BRANCH,COMPLETED,False,46
5345,4558,SR00000005345,2026-03-31 00:21:48,ACCOUNT_CLOSURE,HOTLINE,COMPLETED,True,42
5346,4560,SR00000005346,2026-07-10 10:31:25,STATEMENT_REQUEST,HOTLINE,COMPLETED,False,70
5347,4560,SR00000005347,2026-03-06 03:38:22,ACCOUNT_CLOSURE,APP,COMPLETED,True,35
5348,4560,SR00000005348,2026-05-30 21:40:54,ACCOUNT_CLOSURE,APP,NEW,False,49
5349,4561,SR00000005349,2026-08-08 01:41:14,CARD_REISSUE,CHATBOT,COMPLETED,False,54
5350,4561,SR00000005350,2026-08-20 07:35:45,PIN_RESET,BRANCH,COMPLETED,False,81
5351,4562,SR00000005351,2026-05-13 09:44:39,PIN_RESET,APP,COMPLETED,False,78
5352,4565,SR00000005352,2026-07-27 17:25:51,STATEMENT_REQUEST,CHATBOT,COMPLETED,True,7
5353,4565,SR00000005353,2026-05-20 08:24:19,ADDRESS_UPDATE,CHATBOT,PROCESSING,True,20
5354,4565,SR00000005354,2026-04-23 07:49:41,PIN_RESET,EMAIL,COMPLETED,False,61
5355,4567,SR00000005355,2026-07-27 06:29:19,CARD_REISSUE,HOTLINE,COMPLETED,False,53
5356,4567,SR00000005356,2026-07-04 12:23:22,PIN_RESET,CHATBOT,COMPLETED,True,15
5357,4567,SR00000005357,2026-06-16 15:26:52,DISPUTE,APP,REJECTED,False,76
5358,4567,SR00000005358,2026-08-03 20:50:30,ACCOUNT_CLOSURE,EMAIL,PROCESSING,True,34
5359,4568,SR00000005359,2026-03-28 09:41:59,STATEMENT_REQUEST,CHATBOT,COMPLETED,False,52
5360,4568,SR00000005360,2026-03-15 19:43:26,PIN_RESET,HOTLINE,COMPLETED,False,68
5361,4569,SR00000005361,2026-08-23 06:15:43,CARD_REISSUE,APP,COMPLETED,True,13
5362,4570,SR00000005362,2026-08-23 19:42:45,LIMIT_CHANGE,HOTLINE,COMPLETED,True,23
5363,4571,SR00000005363,2026-08-13 19:20:56,CARD_REISSUE,APP,COMPLETED,True,34
5364,4572,SR00000005364,2026-04-12 19:23:39,APP_SUPPORT,APP,COMPLETED,True,17
5365,4574,SR00000005365,2026-03-21 01:14:39,PIN_RESET,HOTLINE,PROCESSING,False,75
5366,4574,SR00000005366,2026-07-02 16:22:59,DISPUTE,HOTLINE,PROCESSING,False,89
5367,4576,SR00000005367,2026-07-12 18:29:36,LIMIT_CHANGE,HOTLINE,COMPLETED,False,73
5368,4579,SR00000005368,2026-04-06 05:17:43,CARD_REISSUE,EMAIL,COMPLETED,True,32
5369,4579,SR00000005369,2026-05-24 14:52:27,DISPUTE,HOTLINE,COMPLETED,True,10
5370,4580,SR00000005370,2026-04-14 18:13:18,ADDRESS_UPDATE,CHATBOT,NEW,True,11
5371,4580,SR00000005371,2026-06-21 07:50:21,APP_SUPPORT,BRANCH,COMPLETED,False,77
5372,4580,SR00000005372,2026-06-22 08:19:20,CARD_REISSUE,BRANCH,COMPLETED,False,64
5373,4583,SR00000005373,2026-08-08 21:15:05,ADDRESS_UPDATE,HOTLINE,COMPLETED,True,39
5374,4584,SR00000005374,2026-05-01 13:24:47,STATEMENT_REQUEST,EMAIL,COMPLETED,False,66
5375,4585,SR00000005375,2026-06-29 22:01:44,PIN_RESET,HOTLINE,PROCESSING,False,51
5376,4585,SR00000005376,2026-05-28 01:40:28,APP_SUPPORT,HOTLINE,COMPLETED,True,15
5377,4585,SR00000005377,2026-03-12 14:05:05,STATEMENT_REQUEST,BRANCH,COMPLETED,True,11
5378,4585,SR00000005378,2026-06-10 13:41:15,STATEMENT_REQUEST,APP,COMPLETED,False,78
5379,4587,SR00000005379,2026-04-08 15:10:29,LIMIT_CHANGE,HOTLINE,COMPLETED,True,45
5380,4588,SR00000005380,2026-03-21 08:55:30,ADDRESS_UPDATE,APP,COMPLETED,True,44
5381,4589,SR00000005381,2026-04-30 15:40:23,CARD_REISSUE,HOTLINE,COMPLETED,False,85
5382,4589,SR00000005382,2026-06-29 04:28:28,DISPUTE,HOTLINE,PROCESSING,False,75
5383,4593,SR00000005383,2026-07-15 14:55:08,APP_SUPPORT,APP,COMPLETED,False,70
5384,4593,SR00000005384,2026-06-13 04:34:05,PIN_RESET,HOTLINE,COMPLETED,False,50
5385,4596,SR00000005385,2026-05-28 03:51:55,PIN_RESET,APP,NEW,False,82
5386,4596,SR00000005386,2026-05-02 10:20:32,CARD_REISSUE,HOTLINE,COMPLETED,True,24
5387,4597,SR00000005387,2026-04-27 22:01:29,APP_SUPPORT,APP,COMPLETED,True,40
5388,4598,SR00000005388,2026-03-29 00:54:25,PIN_RESET,BRANCH,COMPLETED,True,41
5389,4599,SR00000005389,2026-06-16 20:22:59,ADDRESS_UPDATE,HOTLINE,COMPLETED,False,66
5390,4600,SR00000005390,2026-03-05 13:26:46,ADDRESS_UPDATE,APP,COMPLETED,False,86
5391,4601,SR00000005391,2026-07-31 17:47:40,ADDRESS_UPDATE,APP,COMPLETED,False,78
5392,4601,SR00000005392,2026-07-28 05:44:10,APP_SUPPORT,HOTLINE,COMPLETED,False,67
5393,4602,SR00000005393,2026-03-13 09:47:37,LIMIT_CHANGE,BRANCH,COMPLETED,True,26
5394,4602,SR00000005394,2026-04-04 01:57:47,ADDRESS_UPDATE,HOTLINE,COMPLETED,False,51
5395,4603,SR00000005395,2026-03-31 10:36:29,PIN_RESET,EMAIL,COMPLETED,True,45
5396,4603,SR00000005396,2026-04-09 20:22:05,LIMIT_CHANGE,HOTLINE,COMPLETED,False,57
5397,4604,SR00000005397,2026-04-29 14:54:20,LIMIT_CHANGE,HOTLINE,COMPLETED,False,57
5398,4605,SR00000005398,2026-04-01 00:59:52,ACCOUNT_CLOSURE,APP,PROCESSING,True,34
5399,4605,SR00000005399,2026-04-09 12:37:56,APP_SUPPORT,BRANCH,COMPLETED,True,8
5400,4605,SR00000005400,2026-05-08 23:46:29,DISPUTE,APP,NEW,False,67
5401,4608,SR00000005401,2026-03-23 03:42:35,LIMIT_CHANGE,HOTLINE,COMPLETED,True,5
5402,4608,SR00000005402,2026-05-06 17:07:11,STATEMENT_REQUEST,EMAIL,PROCESSING,True,31
5403,4609,SR00000005403,2026-07-24 22:56:18,ACCOUNT_CLOSURE,HOTLINE,REJECTED,True,42
5404,4609,SR00000005404,2026-05-04 21:57:02,PIN_RESET,EMAIL,COMPLETED,False,68
5405,4609,SR00000005405,2026-07-15 21:36:30,STATEMENT_REQUEST,HOTLINE,COMPLETED,True,30
5406,4612,SR00000005406,2026-05-05 08:41:07,ACCOUNT_CLOSURE,CHATBOT,COMPLETED,False,64
5407,4612,SR00000005407,2026-04-24 16:21:42,ACCOUNT_CLOSURE,CHATBOT,NEW,False,48
5408,4613,SR00000005408,2026-05-06 10:56:43,APP_SUPPORT,HOTLINE,COMPLETED,False,61
5409,4616,SR00000005409,2026-03-19 08:45:36,ACCOUNT_CLOSURE,HOTLINE,COMPLETED,True,17
5410,4620,SR00000005410,2026-03-06 11:52:34,ACCOUNT_CLOSURE,APP,COMPLETED,True,5
5411,4621,SR00000005411,2026-06-26 23:19:54,CARD_REISSUE,APP,NEW,True,24
5412,4621,SR00000005412,2026-04-07 04:37:51,CARD_REISSUE,HOTLINE,COMPLETED,True,31
5413,4621,SR00000005413,2026-05-02 19:10:52,PIN_RESET,APP,COMPLETED,False,66
5414,4622,SR00000005414,2026-06-19 14:04:54,APP_SUPPORT,HOTLINE,COMPLETED,False,57
5415,4623,SR00000005415,2026-07-28 04:05:51,PIN_RESET,APP,COMPLETED,False,79
5416,4623,SR00000005416,2026-07-26 18:31:32,STATEMENT_REQUEST,EMAIL,COMPLETED,True,27
5417,4626,SR00000005417,2026-05-16 19:19:59,DISPUTE,EMAIL,COMPLETED,True,6
5418,4626,SR00000005418,2026-07-11 16:28:39,APP_SUPPORT,HOTLINE,COMPLETED,True,31
5419,4626,SR00000005419,2026-07-09 16:35:54,APP_SUPPORT,BRANCH,COMPLETED,True,21
5420,4627,SR00000005420,2026-07-31 01:11:31,APP_SUPPORT,APP,COMPLETED,False,57
5421,4627,SR00000005421,2026-04-18 14:03:40,DISPUTE,HOTLINE,COMPLETED,True,33
5422,4629,SR00000005422,2026-04-30 20:04:46,STATEMENT_REQUEST,APP,COMPLETED,True,19
5423,4629,SR00000005423,2026-06-25 13:12:21,PIN_RESET,HOTLINE,COMPLETED,True,32
5424,4629,SR00000005424,2026-06-07 14:56:27,CARD_REISSUE,BRANCH,COMPLETED,False,50
5425,4629,SR00000005425,2026-04-01 21:14:33,APP_SUPPORT,BRANCH,PROCESSING,True,8
5426,4629,SR00000005426,2026-04-07 04:59:34,APP_SUPPORT,APP,COMPLETED,False,77
5427,4629,SR00000005427,2026-04-30 10:28:40,STATEMENT_REQUEST,APP,COMPLETED,True,26
5428,4630,SR00000005428,2026-04-28 12:59:25,DISPUTE,APP,COMPLETED,True,45
5429,4632,SR00000005429,2026-08-02 06:05:50,STATEMENT_REQUEST,APP,COMPLETED,False,60
5430,4633,SR00000005430,2026-07-23 18:37:08,STATEMENT_REQUEST,HOTLINE,COMPLETED,False,66
5431,4633,SR00000005431,2026-07-08 08:14:55,APP_SUPPORT,APP,REJECTED,False,77
5432,4634,SR00000005432,2026-06-30 01:13:19,ADDRESS_UPDATE,APP,COMPLETED,False,70
5433,4634,SR00000005433,2026-05-07 00:11:40,ADDRESS_UPDATE,APP,NEW,False,75
5434,4635,SR00000005434,2026-06-22 05:56:53,ACCOUNT_CLOSURE,HOTLINE,REJECTED,False,74
5435,4637,SR00000005435,2026-03-27 05:57:28,APP_SUPPORT,BRANCH,COMPLETED,False,58
5436,4638,SR00000005436,2026-04-14 08:39:52,STATEMENT_REQUEST,HOTLINE,NEW,True,19
5437,4638,SR00000005437,2026-03-23 10:54:20,APP_SUPPORT,APP,PROCESSING,False,54
5438,4640,SR00000005438,2026-06-11 22:18:09,APP_SUPPORT,APP,PROCESSING,True,8
5439,4641,SR00000005439,2026-06-30 09:04:20,ADDRESS_UPDATE,BRANCH,COMPLETED,False,83
5440,4642,SR00000005440,2026-03-14 01:37:04,LIMIT_CHANGE,BRANCH,COMPLETED,False,46
5441,4643,SR00000005441,2026-03-07 01:37:35,DISPUTE,HOTLINE,COMPLETED,False,72
5442,4644,SR00000005442,2026-03-16 11:35:59,PIN_RESET,APP,NEW,False,69
5443,4645,SR00000005443,2026-08-05 03:06:15,APP_SUPPORT,HOTLINE,COMPLETED,False,83
5444,4646,SR00000005444,2026-06-17 20:08:40,STATEMENT_REQUEST,APP,COMPLETED,True,26
5445,4647,SR00000005445,2026-06-18 11:35:17,APP_SUPPORT,HOTLINE,PROCESSING,True,10
5446,4648,SR00000005446,2026-08-06 10:38:55,DISPUTE,APP,COMPLETED,True,45
5447,4648,SR00000005447,2026-05-03 20:53:32,CARD_REISSUE,EMAIL,COMPLETED,True,42
5448,4648,SR00000005448,2026-04-30 07:14:45,STATEMENT_REQUEST,HOTLINE,PROCESSING,True,16
5449,4650,SR00000005449,2026-04-11 19:39:05,APP_SUPPORT,APP,COMPLETED,False,53
5450,4650,SR00000005450,2026-06-11 06:59:01,PIN_RESET,HOTLINE,COMPLETED,True,41
5451,4652,SR00000005451,2026-06-26 00:22:43,CARD_REISSUE,EMAIL,COMPLETED,False,48
5452,4653,SR00000005452,2026-06-10 09:24:58,CARD_REISSUE,APP,COMPLETED,True,18
5453,4654,SR00000005453,2026-05-05 17:07:44,PIN_RESET,HOTLINE,NEW,True,42
5454,4655,SR00000005454,2026-04-18 11:21:57,DISPUTE,BRANCH,COMPLETED,True,31
5455,4656,SR00000005455,2026-06-16 23:57:40,ADDRESS_UPDATE,APP,COMPLETED,True,25
5456,4657,SR00000005456,2026-07-12 07:04:13,ADDRESS_UPDATE,BRANCH,COMPLETED,False,81
5457,4658,SR00000005457,2026-03-20 21:05:59,DISPUTE,CHATBOT,COMPLETED,False,69
5458,4658,SR00000005458,2026-07-18 06:53:31,APP_SUPPORT,BRANCH,PROCESSING,True,15
5459,4658,SR00000005459,2026-03-31 04:53:03,STATEMENT_REQUEST,APP,PROCESSING,True,18
5460,4659,SR00000005460,2026-03-03 08:50:48,CARD_REISSUE,HOTLINE,COMPLETED,False,46
5461,4660,SR00000005461,2026-04-17 00:38:55,PIN_RESET,BRANCH,COMPLETED,False,50
5462,4662,SR00000005462,2026-05-09 05:02:12,DISPUTE,APP,COMPLETED,False,57
5463,4663,SR00000005463,2026-03-09 02:14:28,PIN_RESET,BRANCH,COMPLETED,False,48
5464,4664,SR00000005464,2026-07-09 10:47:39,CARD_REISSUE,CHATBOT,COMPLETED,True,11
5465,4665,SR00000005465,2026-06-21 17:53:06,DISPUTE,APP,COMPLETED,True,28
5466,4665,SR00000005466,2026-07-23 11:11:09,CARD_REISSUE,BRANCH,COMPLETED,False,80
5467,4667,SR00000005467,2026-05-23 14:45:24,DISPUTE,HOTLINE,COMPLETED,False,75
5468,4669,SR00000005468,2026-08-18 19:47:24,DISPUTE,HOTLINE,PROCESSING,False,79
5469,4670,SR00000005469,2026-07-01 11:34:27,ACCOUNT_CLOSURE,APP,COMPLETED,True,26
5470,4670,SR00000005470,2026-05-12 06:50:45,ACCOUNT_CLOSURE,EMAIL,PROCESSING,True,12
5471,4670,SR00000005471,2026-07-30 21:37:49,STATEMENT_REQUEST,APP,COMPLETED,False,72
5472,4672,SR00000005472,2026-08-13 09:55:34,DISPUTE,BRANCH,COMPLETED,True,6
5473,4673,SR00000005473,2026-07-28 15:34:46,CARD_REISSUE,EMAIL,NEW,True,35
5474,4673,SR00000005474,2026-06-11 18:44:54,CARD_REISSUE,EMAIL,COMPLETED,True,45
5475,4675,SR00000005475,2026-04-19 00:17:39,ADDRESS_UPDATE,HOTLINE,COMPLETED,False,46
5476,4675,SR00000005476,2026-04-03 21:45:06,STATEMENT_REQUEST,BRANCH,COMPLETED,True,35
5477,4677,SR00000005477,2026-04-10 21:29:26,DISPUTE,EMAIL,COMPLETED,False,85
5478,4677,SR00000005478,2026-08-06 07:16:48,DISPUTE,APP,COMPLETED,False,65
5479,4677,SR00000005479,2026-05-20 05:25:10,LIMIT_CHANGE,HOTLINE,COMPLETED,False,88
5480,4679,SR00000005480,2026-05-21 04:25:29,STATEMENT_REQUEST,HOTLINE,COMPLETED,True,41
5481,4679,SR00000005481,2026-05-03 04:20:07,APP_SUPPORT,CHATBOT,COMPLETED,False,79
5482,4681,SR00000005482,2026-05-18 00:18:03,APP_SUPPORT,BRANCH,COMPLETED,False,62
5483,4682,SR00000005483,2026-05-09 06:55:06,CARD_REISSUE,BRANCH,COMPLETED,True,30
5484,4682,SR00000005484,2026-07-11 07:59:10,PIN_RESET,HOTLINE,COMPLETED,False,59
5485,4683,SR00000005485,2026-06-07 17:51:13,STATEMENT_REQUEST,APP,COMPLETED,False,59
5486,4683,SR00000005486,2026-08-19 04:35:46,DISPUTE,APP,COMPLETED,True,31
5487,4684,SR00000005487,2026-03-21 08:06:38,STATEMENT_REQUEST,EMAIL,COMPLETED,False,67
5488,4685,SR00000005488,2026-04-24 18:29:09,DISPUTE,APP,COMPLETED,True,31
5489,4686,SR00000005489,2026-04-28 03:07:24,DISPUTE,HOTLINE,COMPLETED,True,34
5490,4688,SR00000005490,2026-03-16 03:11:10,DISPUTE,HOTLINE,COMPLETED,False,67
5491,4689,SR00000005491,2026-07-02 09:25:56,DISPUTE,APP,COMPLETED,True,15
5492,4690,SR00000005492,2026-06-30 05:58:35,APP_SUPPORT,APP,COMPLETED,False,64
5493,4690,SR00000005493,2026-08-25 04:13:09,ACCOUNT_CLOSURE,BRANCH,COMPLETED,True,9
5494,4690,SR00000005494,2026-06-04 12:56:08,ADDRESS_UPDATE,APP,COMPLETED,True,24
5495,4691,SR00000005495,2026-04-28 03:17:04,ACCOUNT_CLOSURE,BRANCH,COMPLETED,False,83
5496,4691,SR00000005496,2026-07-31 07:54:46,APP_SUPPORT,APP,PROCESSING,True,39
5497,4692,SR00000005497,2026-06-19 00:45:46,APP_SUPPORT,HOTLINE,COMPLETED,False,86
5498,4693,SR00000005498,2026-03-07 08:32:59,APP_SUPPORT,APP,COMPLETED,False,66
5499,4693,SR00000005499,2026-06-10 19:34:43,STATEMENT_REQUEST,APP,COMPLETED,True,39
5500,4693,SR00000005500,2026-05-21 11:48:45,STATEMENT_REQUEST,CHATBOT,COMPLETED,True,38
5501,4694,SR00000005501,2026-07-05 19:38:30,ADDRESS_UPDATE,HOTLINE,PROCESSING,False,53
5502,4696,SR00000005502,2026-08-11 18:29:26,LIMIT_CHANGE,HOTLINE,COMPLETED,True,3
5503,4696,SR00000005503,2026-03-01 05:44:54,ACCOUNT_CLOSURE,APP,COMPLETED,False,62
5504,4696,SR00000005504,2026-04-15 05:15:03,CARD_REISSUE,HOTLINE,COMPLETED,False,57
5505,4698,SR00000005505,2026-03-12 11:59:26,PIN_RESET,BRANCH,COMPLETED,False,88
5506,4698,SR00000005506,2026-04-27 17:43:26,CARD_REISSUE,HOTLINE,COMPLETED,True,12
5507,4698,SR00000005507,2026-03-15 17:08:01,CARD_REISSUE,APP,COMPLETED,False,56
5508,4700,SR00000005508,2026-05-21 04:31:05,APP_SUPPORT,BRANCH,COMPLETED,True,44
5509,4701,SR00000005509,2026-07-04 10:39:34,ACCOUNT_CLOSURE,APP,COMPLETED,False,69
5510,4703,SR00000005510,2026-08-11 20:19:56,ACCOUNT_CLOSURE,APP,PROCESSING,True,12
5511,4704,SR00000005511,2026-04-12 17:54:50,LIMIT_CHANGE,APP,REJECTED,True,3
5512,4705,SR00000005512,2026-04-13 13:09:23,CARD_REISSUE,BRANCH,COMPLETED,True,38
5513,4705,SR00000005513,2026-05-04 15:16:03,STATEMENT_REQUEST,EMAIL,COMPLETED,False,84
5514,4707,SR00000005514,2026-06-28 02:54:08,LIMIT_CHANGE,CHATBOT,COMPLETED,False,51
5515,4708,SR00000005515,2026-03-12 11:55:44,PIN_RESET,EMAIL,COMPLETED,True,15
5516,4709,SR00000005516,2026-08-03 00:38:33,PIN_RESET,HOTLINE,COMPLETED,True,35
5517,4710,SR00000005517,2026-03-10 14:09:53,LIMIT_CHANGE,CHATBOT,COMPLETED,True,38
5518,4711,SR00000005518,2026-05-14 19:58:23,STATEMENT_REQUEST,EMAIL,COMPLETED,False,70
5519,4712,SR00000005519,2026-03-02 07:47:07,LIMIT_CHANGE,HOTLINE,COMPLETED,False,51
5520,4714,SR00000005520,2026-03-13 13:01:39,CARD_REISSUE,CHATBOT,PROCESSING,True,31
5521,4715,SR00000005521,2026-06-22 12:53:12,ADDRESS_UPDATE,HOTLINE,NEW,False,58
5522,4715,SR00000005522,2026-07-27 14:37:11,APP_SUPPORT,APP,COMPLETED,True,21
5523,4717,SR00000005523,2026-03-23 13:57:54,ADDRESS_UPDATE,EMAIL,PROCESSING,True,19
5524,4721,SR00000005524,2026-08-18 04:40:34,DISPUTE,APP,COMPLETED,True,12
5525,4721,SR00000005525,2026-05-30 08:35:22,ADDRESS_UPDATE,HOTLINE,PROCESSING,True,35
5526,4722,SR00000005526,2026-06-19 02:21:44,CARD_REISSUE,EMAIL,COMPLETED,True,5
5527,4723,SR00000005527,2026-08-06 00:31:50,CARD_REISSUE,EMAIL,COMPLETED,True,32
5528,4723,SR00000005528,2026-08-08 12:19:26,DISPUTE,HOTLINE,COMPLETED,False,46
5529,4724,SR00000005529,2026-06-15 12:43:25,STATEMENT_REQUEST,EMAIL,COMPLETED,False,51
5530,4725,SR00000005530,2026-06-13 18:16:29,DISPUTE,APP,COMPLETED,True,11
5531,4728,SR00000005531,2026-03-11 01:58:21,CARD_REISSUE,HOTLINE,COMPLETED,False,57
5532,4729,SR00000005532,2026-08-16 17:21:49,STATEMENT_REQUEST,APP,COMPLETED,True,44
5533,4729,SR00000005533,2026-03-17 02:37:19,ADDRESS_UPDATE,CHATBOT,COMPLETED,False,82
5534,4731,SR00000005534,2026-05-14 23:52:38,PIN_RESET,BRANCH,COMPLETED,False,56
5535,4732,SR00000005535,2026-06-25 13:53:53,LIMIT_CHANGE,EMAIL,COMPLETED,False,65
5536,4732,SR00000005536,2026-03-25 14:18:33,STATEMENT_REQUEST,HOTLINE,COMPLETED,True,39
5537,4733,SR00000005537,2026-06-12 01:19:42,CARD_REISSUE,BRANCH,COMPLETED,False,75
5538,4734,SR00000005538,2026-05-07 07:34:43,ADDRESS_UPDATE,APP,COMPLETED,False,73
5539,4735,SR00000005539,2026-05-19 21:38:03,STATEMENT_REQUEST,HOTLINE,COMPLETED,False,75
5540,4736,SR00000005540,2026-06-27 05:07:56,ADDRESS_UPDATE,BRANCH,COMPLETED,True,30
5541,4737,SR00000005541,2026-05-31 20:12:23,LIMIT_CHANGE,BRANCH,COMPLETED,False,56
5542,4737,SR00000005542,2026-06-02 15:56:23,APP_SUPPORT,APP,NEW,False,67
5543,4738,SR00000005543,2026-04-13 04:27:20,APP_SUPPORT,HOTLINE,COMPLETED,True,13
5544,4738,SR00000005544,2026-03-08 12:13:07,STATEMENT_REQUEST,HOTLINE,COMPLETED,True,28
5545,4740,SR00000005545,2026-07-30 00:37:57,STATEMENT_REQUEST,HOTLINE,COMPLETED,True,4
5546,4740,SR00000005546,2026-08-25 18:48:32,ADDRESS_UPDATE,HOTLINE,COMPLETED,False,63
5547,4740,SR00000005547,2026-04-13 19:29:58,CARD_REISSUE,EMAIL,COMPLETED,True,18
5548,4742,SR00000005548,2026-03-16 16:10:53,ADDRESS_UPDATE,HOTLINE,COMPLETED,True,32
5549,4743,SR00000005549,2026-03-19 20:58:20,LIMIT_CHANGE,BRANCH,PROCESSING,True,39
5550,4743,SR00000005550,2026-08-16 20:49:10,CARD_REISSUE,BRANCH,COMPLETED,True,13
5551,4744,SR00000005551,2026-04-20 10:18:47,LIMIT_CHANGE,APP,COMPLETED,False,64
5552,4745,SR00000005552,2026-06-12 00:27:18,DISPUTE,APP,PROCESSING,False,54
5553,4745,SR00000005553,2026-07-12 10:14:02,DISPUTE,HOTLINE,COMPLETED,False,81
5554,4745,SR00000005554,2026-04-21 08:08:19,DISPUTE,APP,COMPLETED,False,56
5555,4746,SR00000005555,2026-07-30 12:26:54,DISPUTE,HOTLINE,COMPLETED,False,89
5556,4746,SR00000005556,2026-03-02 12:42:53,CARD_REISSUE,HOTLINE,COMPLETED,False,83
5557,4747,SR00000005557,2026-06-21 11:19:50,PIN_RESET,HOTLINE,COMPLETED,True,3
5558,4747,SR00000005558,2026-06-21 17:11:54,CARD_REISSUE,HOTLINE,COMPLETED,False,48
5559,4750,SR00000005559,2026-04-18 00:02:27,PIN_RESET,HOTLINE,PROCESSING,True,28
5560,4750,SR00000005560,2026-05-25 19:57:35,ADDRESS_UPDATE,BRANCH,COMPLETED,True,38
5561,4750,SR00000005561,2026-07-30 17:42:16,DISPUTE,HOTLINE,COMPLETED,False,59
5562,4753,SR00000005562,2026-06-03 21:06:21,APP_SUPPORT,HOTLINE,COMPLETED,False,81
5563,4754,SR00000005563,2026-08-09 14:36:54,CARD_REISSUE,HOTLINE,COMPLETED,True,41
5564,4755,SR00000005564,2026-06-13 11:53:00,ADDRESS_UPDATE,CHATBOT,COMPLETED,False,64
5565,4759,SR00000005565,2026-06-30 10:48:41,PIN_RESET,CHATBOT,COMPLETED,True,12
5566,4762,SR00000005566,2026-05-23 12:26:02,ADDRESS_UPDATE,EMAIL,COMPLETED,True,20
5567,4762,SR00000005567,2026-07-03 22:52:53,STATEMENT_REQUEST,APP,NEW,True,28
5568,4762,SR00000005568,2026-07-15 06:47:40,ADDRESS_UPDATE,HOTLINE,COMPLETED,False,48
5569,4762,SR00000005569,2026-07-19 05:29:01,DISPUTE,BRANCH,COMPLETED,False,63
5570,4763,SR00000005570,2026-04-23 18:20:48,ADDRESS_UPDATE,APP,COMPLETED,False,48
5571,4764,SR00000005571,2026-07-24 18:38:01,CARD_REISSUE,APP,COMPLETED,True,23
5572,4768,SR00000005572,2026-07-17 09:24:38,DISPUTE,EMAIL,REJECTED,True,29
5573,4769,SR00000005573,2026-03-22 20:40:36,APP_SUPPORT,EMAIL,COMPLETED,True,25
5574,4769,SR00000005574,2026-03-08 22:03:47,ADDRESS_UPDATE,HOTLINE,REJECTED,False,76
5575,4771,SR00000005575,2026-08-02 18:54:07,APP_SUPPORT,EMAIL,PROCESSING,True,13
5576,4771,SR00000005576,2026-07-13 11:44:03,APP_SUPPORT,BRANCH,COMPLETED,False,66
5577,4771,SR00000005577,2026-05-27 21:02:35,ADDRESS_UPDATE,HOTLINE,COMPLETED,False,59
5578,4772,SR00000005578,2026-03-05 04:28:55,CARD_REISSUE,APP,REJECTED,False,65
5579,4777,SR00000005579,2026-04-04 06:45:26,CARD_REISSUE,CHATBOT,COMPLETED,False,74
5580,4779,SR00000005580,2026-05-31 01:24:32,STATEMENT_REQUEST,EMAIL,NEW,True,21
5581,4780,SR00000005581,2026-03-29 01:08:12,LIMIT_CHANGE,APP,COMPLETED,True,33
5582,4782,SR00000005582,2026-03-28 20:38:50,LIMIT_CHANGE,APP,COMPLETED,False,77
5583,4782,SR00000005583,2026-05-09 23:41:51,APP_SUPPORT,HOTLINE,PROCESSING,True,37
5584,4784,SR00000005584,2026-08-02 11:53:25,LIMIT_CHANGE,CHATBOT,COMPLETED,True,41
5585,4784,SR00000005585,2026-07-28 00:46:20,PIN_RESET,HOTLINE,COMPLETED,True,38
5586,4784,SR00000005586,2026-03-20 05:42:20,APP_SUPPORT,CHATBOT,COMPLETED,False,87
5587,4784,SR00000005587,2026-05-02 16:31:32,DISPUTE,EMAIL,COMPLETED,False,86
5588,4784,SR00000005588,2026-06-19 09:10:22,ACCOUNT_CLOSURE,APP,PROCESSING,False,73
5589,4785,SR00000005589,2026-07-21 06:16:28,PIN_RESET,HOTLINE,COMPLETED,False,66
5590,4785,SR00000005590,2026-03-25 17:43:17,DISPUTE,APP,COMPLETED,False,77
5591,4785,SR00000005591,2026-03-31 08:58:38,CARD_REISSUE,EMAIL,COMPLETED,True,39
5592,4785,SR00000005592,2026-03-02 21:27:53,APP_SUPPORT,BRANCH,COMPLETED,True,11
5593,4787,SR00000005593,2026-04-19 00:38:55,ADDRESS_UPDATE,EMAIL,COMPLETED,False,77
5594,4788,SR00000005594,2026-06-28 16:14:41,CARD_REISSUE,EMAIL,COMPLETED,False,68
5595,4788,SR00000005595,2026-03-08 12:59:32,APP_SUPPORT,EMAIL,COMPLETED,False,75
5596,4788,SR00000005596,2026-07-30 08:51:30,ACCOUNT_CLOSURE,HOTLINE,COMPLETED,True,45
5597,4788,SR00000005597,2026-03-30 03:52:55,STATEMENT_REQUEST,APP,COMPLETED,False,86
5598,4791,SR00000005598,2026-06-06 02:08:43,PIN_RESET,HOTLINE,NEW,False,85
5599,4791,SR00000005599,2026-06-05 03:35:08,APP_SUPPORT,APP,COMPLETED,False,50
5600,4792,SR00000005600,2026-04-11 00:17:08,PIN_RESET,EMAIL,NEW,True,21
5601,4793,SR00000005601,2026-04-16 23:54:11,PIN_RESET,APP,COMPLETED,True,43
5602,4794,SR00000005602,2026-07-24 15:37:02,LIMIT_CHANGE,CHATBOT,COMPLETED,False,88
5603,4794,SR00000005603,2026-07-30 23:14:40,DISPUTE,CHATBOT,COMPLETED,False,58
5604,4794,SR00000005604,2026-06-02 01:28:25,DISPUTE,APP,COMPLETED,False,65
5605,4795,SR00000005605,2026-06-20 05:01:17,DISPUTE,HOTLINE,COMPLETED,True,30
5606,4796,SR00000005606,2026-06-01 22:45:53,PIN_RESET,APP,COMPLETED,False,76
5607,4798,SR00000005607,2026-03-10 08:42:43,DISPUTE,HOTLINE,COMPLETED,False,86
5608,4798,SR00000005608,2026-03-12 01:00:15,PIN_RESET,APP,COMPLETED,False,48
5609,4799,SR00000005609,2026-03-12 07:14:27,PIN_RESET,BRANCH,NEW,True,3
5610,4800,SR00000005610,2026-06-21 07:34:34,PIN_RESET,HOTLINE,COMPLETED,True,20
5611,4803,SR00000005611,2026-03-27 05:46:34,PIN_RESET,HOTLINE,REJECTED,True,41
5612,4804,SR00000005612,2026-06-10 18:11:00,LIMIT_CHANGE,HOTLINE,COMPLETED,True,34
5613,4804,SR00000005613,2026-05-08 08:08:37,STATEMENT_REQUEST,HOTLINE,COMPLETED,True,35
5614,4806,SR00000005614,2026-08-08 03:52:27,PIN_RESET,APP,COMPLETED,True,15
5615,4807,SR00000005615,2026-06-09 22:17:36,ACCOUNT_CLOSURE,HOTLINE,PROCESSING,False,55
5616,4807,SR00000005616,2026-03-25 05:00:47,APP_SUPPORT,HOTLINE,COMPLETED,True,19
5617,4808,SR00000005617,2026-03-02 13:41:23,LIMIT_CHANGE,HOTLINE,PROCESSING,False,66
5618,4808,SR00000005618,2026-06-13 18:56:34,PIN_RESET,APP,COMPLETED,True,39
5619,4809,SR00000005619,2026-04-26 06:39:31,DISPUTE,HOTLINE,PROCESSING,True,20
5620,4811,SR00000005620,2026-07-22 10:49:18,APP_SUPPORT,BRANCH,COMPLETED,False,84
5621,4811,SR00000005621,2026-03-25 20:40:35,PIN_RESET,CHATBOT,COMPLETED,True,12
5622,4812,SR00000005622,2026-07-17 09:57:47,STATEMENT_REQUEST,HOTLINE,COMPLETED,True,43
5623,4812,SR00000005623,2026-05-22 08:01:26,APP_SUPPORT,EMAIL,REJECTED,True,42
5624,4812,SR00000005624,2026-03-08 12:30:30,CARD_REISSUE,CHATBOT,COMPLETED,True,28
5625,4817,SR00000005625,2026-07-01 04:07:42,PIN_RESET,BRANCH,COMPLETED,False,64
5626,4818,SR00000005626,2026-06-30 09:43:44,ACCOUNT_CLOSURE,HOTLINE,PROCESSING,True,22
5627,4818,SR00000005627,2026-06-14 23:05:55,PIN_RESET,APP,COMPLETED,True,32
5628,4819,SR00000005628,2026-03-14 06:10:25,CARD_REISSUE,HOTLINE,COMPLETED,True,42
5629,4820,SR00000005629,2026-06-08 10:32:10,CARD_REISSUE,HOTLINE,NEW,True,11
5630,4821,SR00000005630,2026-07-31 19:57:25,APP_SUPPORT,BRANCH,COMPLETED,False,65
5631,4821,SR00000005631,2026-04-14 19:56:37,DISPUTE,CHATBOT,COMPLETED,True,6
5632,4822,SR00000005632,2026-06-23 15:46:18,CARD_REISSUE,HOTLINE,PROCESSING,True,26
5633,4822,SR00000005633,2026-05-30 04:42:29,ADDRESS_UPDATE,EMAIL,COMPLETED,False,70
5634,4823,SR00000005634,2026-07-14 02:11:51,APP_SUPPORT,HOTLINE,NEW,True,4
5635,4823,SR00000005635,2026-04-29 05:53:09,ACCOUNT_CLOSURE,HOTLINE,COMPLETED,True,20
5636,4823,SR00000005636,2026-03-23 02:47:03,ACCOUNT_CLOSURE,EMAIL,COMPLETED,False,76
5637,4823,SR00000005637,2026-08-17 09:54:03,APP_SUPPORT,EMAIL,COMPLETED,False,57
5638,4823,SR00000005638,2026-08-24 16:16:43,APP_SUPPORT,CHATBOT,COMPLETED,True,40
5639,4824,SR00000005639,2026-03-20 07:54:59,APP_SUPPORT,HOTLINE,PROCESSING,True,32
5640,4826,SR00000005640,2026-04-12 13:33:36,PIN_RESET,APP,PROCESSING,True,6
5641,4829,SR00000005641,2026-07-18 04:11:42,CARD_REISSUE,HOTLINE,COMPLETED,True,41
5642,4832,SR00000005642,2026-07-25 13:15:27,CARD_REISSUE,HOTLINE,NEW,True,35
5643,4832,SR00000005643,2026-08-12 08:44:02,PIN_RESET,APP,COMPLETED,True,36
5644,4833,SR00000005644,2026-02-28 21:06:52,ACCOUNT_CLOSURE,HOTLINE,COMPLETED,True,7
5645,4834,SR00000005645,2026-04-17 12:47:33,STATEMENT_REQUEST,APP,COMPLETED,True,39
5646,4834,SR00000005646,2026-05-14 21:02:40,ACCOUNT_CLOSURE,BRANCH,COMPLETED,True,43
5647,4836,SR00000005647,2026-03-17 03:26:27,STATEMENT_REQUEST,HOTLINE,COMPLETED,False,58
5648,4837,SR00000005648,2026-06-26 22:13:20,CARD_REISSUE,HOTLINE,COMPLETED,True,38
5649,4837,SR00000005649,2026-04-03 11:47:51,ADDRESS_UPDATE,CHATBOT,COMPLETED,False,75
5650,4839,SR00000005650,2026-04-06 01:48:36,CARD_REISSUE,APP,PROCESSING,False,86
5651,4839,SR00000005651,2026-06-04 01:11:13,CARD_REISSUE,CHATBOT,COMPLETED,False,79
5652,4842,SR00000005652,2026-05-05 10:01:47,DISPUTE,EMAIL,COMPLETED,False,50
5653,4843,SR00000005653,2026-04-29 01:45:13,ACCOUNT_CLOSURE,CHATBOT,COMPLETED,False,73
5654,4843,SR00000005654,2026-05-07 11:46:24,PIN_RESET,CHATBOT,COMPLETED,False,73
5655,4844,SR00000005655,2026-08-01 01:41:29,CARD_REISSUE,HOTLINE,PROCESSING,False,67
5656,4844,SR00000005656,2026-03-07 11:01:43,PIN_RESET,BRANCH,COMPLETED,False,81
5657,4846,SR00000005657,2026-08-15 10:55:11,STATEMENT_REQUEST,HOTLINE,PROCESSING,False,66
5658,4850,SR00000005658,2026-03-03 16:54:26,STATEMENT_REQUEST,HOTLINE,COMPLETED,False,75
5659,4851,SR00000005659,2026-06-26 12:12:11,STATEMENT_REQUEST,HOTLINE,COMPLETED,False,82
5660,4853,SR00000005660,2026-03-23 17:40:47,PIN_RESET,HOTLINE,COMPLETED,False,86
5661,4854,SR00000005661,2026-03-11 02:51:55,APP_SUPPORT,EMAIL,COMPLETED,False,51
5662,4858,SR00000005662,2026-05-08 18:24:11,DISPUTE,APP,COMPLETED,True,42
5663,4858,SR00000005663,2026-06-19 16:02:47,CARD_REISSUE,APP,COMPLETED,False,82
5664,4859,SR00000005664,2026-03-26 21:15:34,ACCOUNT_CLOSURE,HOTLINE,COMPLETED,False,67
5665,4861,SR00000005665,2026-03-11 22:21:48,ADDRESS_UPDATE,HOTLINE,COMPLETED,False,70
5666,4862,SR00000005666,2026-03-27 06:31:50,ADDRESS_UPDATE,EMAIL,COMPLETED,True,7
5667,4863,SR00000005667,2026-05-07 02:44:27,APP_SUPPORT,BRANCH,COMPLETED,True,33
5668,4864,SR00000005668,2026-05-25 08:02:37,CARD_REISSUE,APP,PROCESSING,False,51
5669,4865,SR00000005669,2026-03-19 12:02:44,ADDRESS_UPDATE,BRANCH,COMPLETED,False,78
5670,4865,SR00000005670,2026-04-16 07:06:37,CARD_REISSUE,BRANCH,COMPLETED,False,69
5671,4865,SR00000005671,2026-08-05 18:10:34,APP_SUPPORT,BRANCH,COMPLETED,True,33
5672,4865,SR00000005672,2026-07-26 10:53:28,APP_SUPPORT,APP,COMPLETED,True,37
5673,4866,SR00000005673,2026-05-17 03:49:20,DISPUTE,APP,REJECTED,True,30
5674,4866,SR00000005674,2026-03-11 22:31:36,DISPUTE,BRANCH,COMPLETED,True,40
5675,4868,SR00000005675,2026-03-17 05:27:20,CARD_REISSUE,EMAIL,COMPLETED,False,73
5676,4869,SR00000005676,2026-05-10 01:22:46,CARD_REISSUE,APP,PROCESSING,False,77
5677,4872,SR00000005677,2026-04-18 18:25:00,PIN_RESET,CHATBOT,COMPLETED,False,71
5678,4873,SR00000005678,2026-07-29 01:22:43,STATEMENT_REQUEST,HOTLINE,COMPLETED,False,57
5679,4874,SR00000005679,2026-08-15 09:31:50,STATEMENT_REQUEST,BRANCH,COMPLETED,True,29
5680,4874,SR00000005680,2026-06-28 12:40:09,PIN_RESET,HOTLINE,PROCESSING,False,59
5681,4874,SR00000005681,2026-06-21 11:05:54,PIN_RESET,APP,COMPLETED,True,44
5682,4875,SR00000005682,2026-06-05 05:48:45,PIN_RESET,BRANCH,NEW,False,50
5683,4875,SR00000005683,2026-04-17 00:52:45,ACCOUNT_CLOSURE,APP,REJECTED,False,68
5684,4876,SR00000005684,2026-07-04 22:10:53,STATEMENT_REQUEST,APP,COMPLETED,True,12
5685,4878,SR00000005685,2026-05-05 04:54:25,APP_SUPPORT,APP,COMPLETED,False,57
5686,4878,SR00000005686,2026-08-17 07:59:02,ACCOUNT_CLOSURE,HOTLINE,COMPLETED,True,34
5687,4878,SR00000005687,2026-06-03 07:04:44,APP_SUPPORT,APP,COMPLETED,False,73
5688,4879,SR00000005688,2026-08-02 09:41:49,CARD_REISSUE,EMAIL,COMPLETED,False,68
5689,4882,SR00000005689,2026-03-08 06:55:46,STATEMENT_REQUEST,APP,COMPLETED,True,11
5690,4882,SR00000005690,2026-03-23 18:16:43,STATEMENT_REQUEST,HOTLINE,COMPLETED,True,9
5691,4883,SR00000005691,2026-08-06 16:49:33,CARD_REISSUE,CHATBOT,COMPLETED,False,47
5692,4883,SR00000005692,2026-04-22 22:39:00,CARD_REISSUE,APP,COMPLETED,False,85
5693,4883,SR00000005693,2026-03-29 06:06:20,CARD_REISSUE,APP,PROCESSING,True,18
5694,4887,SR00000005694,2026-03-27 05:29:05,CARD_REISSUE,CHATBOT,PROCESSING,False,73
5695,4887,SR00000005695,2026-07-16 19:29:54,DISPUTE,EMAIL,COMPLETED,True,30
5696,4888,SR00000005696,2026-04-19 15:32:40,CARD_REISSUE,EMAIL,COMPLETED,False,48
5697,4888,SR00000005697,2026-08-24 23:51:53,ADDRESS_UPDATE,BRANCH,COMPLETED,True,18
5698,4888,SR00000005698,2026-05-06 03:07:16,CARD_REISSUE,EMAIL,COMPLETED,False,80
5699,4888,SR00000005699,2026-03-23 23:34:19,APP_SUPPORT,CHATBOT,COMPLETED,False,77
5700,4889,SR00000005700,2026-04-11 17:41:52,APP_SUPPORT,HOTLINE,COMPLETED,True,17
5701,4890,SR00000005701,2026-05-18 07:27:36,DISPUTE,APP,COMPLETED,True,33
5702,4891,SR00000005702,2026-08-08 06:32:00,APP_SUPPORT,CHATBOT,COMPLETED,False,66
5703,4891,SR00000005703,2026-04-05 15:06:26,CARD_REISSUE,BRANCH,COMPLETED,True,38
5704,4891,SR00000005704,2026-05-10 13:48:26,ADDRESS_UPDATE,HOTLINE,NEW,False,71
5705,4894,SR00000005705,2026-07-22 23:34:48,STATEMENT_REQUEST,HOTLINE,COMPLETED,False,64
5706,4896,SR00000005706,2026-07-06 14:13:29,PIN_RESET,HOTLINE,COMPLETED,True,21
5707,4898,SR00000005707,2026-06-26 10:13:46,STATEMENT_REQUEST,HOTLINE,NEW,False,87
5708,4899,SR00000005708,2026-05-19 09:46:55,LIMIT_CHANGE,HOTLINE,COMPLETED,True,25
5709,4901,SR00000005709,2026-04-22 14:58:29,PIN_RESET,HOTLINE,REJECTED,True,14
5710,4901,SR00000005710,2026-04-15 04:46:19,ADDRESS_UPDATE,HOTLINE,REJECTED,False,81
5711,4902,SR00000005711,2026-07-29 16:13:13,ACCOUNT_CLOSURE,EMAIL,COMPLETED,True,4
5712,4902,SR00000005712,2026-04-28 18:08:22,PIN_RESET,HOTLINE,REJECTED,True,18
5713,4903,SR00000005713,2026-05-19 16:10:44,LIMIT_CHANGE,EMAIL,COMPLETED,False,60
5714,4906,SR00000005714,2026-05-17 05:47:31,APP_SUPPORT,APP,REJECTED,True,10
5715,4906,SR00000005715,2026-05-07 08:35:18,DISPUTE,CHATBOT,COMPLETED,True,24
5716,4908,SR00000005716,2026-06-01 13:26:45,APP_SUPPORT,APP,COMPLETED,False,46
5717,4909,SR00000005717,2026-03-03 15:30:25,CARD_REISSUE,APP,PROCESSING,False,62
5718,4909,SR00000005718,2026-04-02 18:43:50,PIN_RESET,HOTLINE,COMPLETED,True,13
5719,4909,SR00000005719,2026-07-04 18:00:18,CARD_REISSUE,HOTLINE,COMPLETED,True,35
5720,4909,SR00000005720,2026-05-21 18:55:29,APP_SUPPORT,BRANCH,COMPLETED,True,9
5721,4911,SR00000005721,2026-08-02 21:35:35,STATEMENT_REQUEST,HOTLINE,NEW,False,82
5722,4911,SR00000005722,2026-06-30 15:47:06,ACCOUNT_CLOSURE,CHATBOT,COMPLETED,False,57
5723,4912,SR00000005723,2026-08-21 02:19:01,CARD_REISSUE,EMAIL,NEW,True,44
5724,4914,SR00000005724,2026-08-23 15:42:19,CARD_REISSUE,APP,COMPLETED,True,6
5725,4914,SR00000005725,2026-07-05 22:23:38,STATEMENT_REQUEST,HOTLINE,COMPLETED,False,62
5726,4916,SR00000005726,2026-08-04 00:40:48,PIN_RESET,BRANCH,COMPLETED,True,44
5727,4917,SR00000005727,2026-06-28 11:09:47,ADDRESS_UPDATE,EMAIL,COMPLETED,False,58
5728,4917,SR00000005728,2026-05-24 03:34:41,ADDRESS_UPDATE,APP,NEW,True,33
5729,4917,SR00000005729,2026-04-07 09:33:37,STATEMENT_REQUEST,EMAIL,COMPLETED,True,11
5730,4921,SR00000005730,2026-05-07 20:41:03,APP_SUPPORT,EMAIL,REJECTED,True,44
5731,4921,SR00000005731,2026-07-11 04:13:53,LIMIT_CHANGE,BRANCH,NEW,True,14
5732,4921,SR00000005732,2026-03-10 11:30:07,LIMIT_CHANGE,HOTLINE,COMPLETED,False,67
5733,4925,SR00000005733,2026-03-28 23:44:57,APP_SUPPORT,HOTLINE,COMPLETED,True,13
5734,4925,SR00000005734,2026-04-30 16:41:33,DISPUTE,BRANCH,COMPLETED,True,7
5735,4926,SR00000005735,2026-05-28 07:30:56,DISPUTE,BRANCH,COMPLETED,True,9
5736,4927,SR00000005736,2026-07-13 12:09:54,ADDRESS_UPDATE,HOTLINE,COMPLETED,False,61
5737,4927,SR00000005737,2026-07-25 15:55:52,STATEMENT_REQUEST,HOTLINE,COMPLETED,False,86
5738,4928,SR00000005738,2026-06-17 02:55:36,APP_SUPPORT,HOTLINE,COMPLETED,False,68
5739,4929,SR00000005739,2026-03-04 20:30:55,STATEMENT_REQUEST,APP,COMPLETED,False,49
5740,4935,SR00000005740,2026-03-24 18:04:31,APP_SUPPORT,HOTLINE,COMPLETED,True,40
5741,4935,SR00000005741,2026-08-06 21:10:05,STATEMENT_REQUEST,BRANCH,COMPLETED,False,82
5742,4936,SR00000005742,2026-08-11 03:10:20,CARD_REISSUE,BRANCH,COMPLETED,False,89
5743,4938,SR00000005743,2026-07-11 23:54:31,PIN_RESET,HOTLINE,COMPLETED,False,66
5744,4938,SR00000005744,2026-08-03 19:49:02,DISPUTE,HOTLINE,COMPLETED,True,27
5745,4941,SR00000005745,2026-08-15 01:56:11,PIN_RESET,APP,COMPLETED,True,45
5746,4942,SR00000005746,2026-05-09 14:25:12,APP_SUPPORT,EMAIL,PROCESSING,True,30
5747,4943,SR00000005747,2026-05-08 17:04:58,DISPUTE,BRANCH,NEW,False,46
5748,4945,SR00000005748,2026-06-06 13:06:35,STATEMENT_REQUEST,HOTLINE,COMPLETED,True,28
5749,4945,SR00000005749,2026-04-09 13:18:55,STATEMENT_REQUEST,APP,PROCESSING,False,62
5750,4945,SR00000005750,2026-08-14 07:01:23,STATEMENT_REQUEST,BRANCH,PROCESSING,True,19
5751,4946,SR00000005751,2026-05-15 01:20:30,LIMIT_CHANGE,EMAIL,COMPLETED,True,41
5752,4946,SR00000005752,2026-08-19 06:01:02,CARD_REISSUE,HOTLINE,COMPLETED,True,45
5753,4947,SR00000005753,2026-03-02 09:50:58,CARD_REISSUE,HOTLINE,COMPLETED,False,75
5754,4949,SR00000005754,2026-05-20 18:35:20,STATEMENT_REQUEST,EMAIL,COMPLETED,False,83
5755,4950,SR00000005755,2026-04-01 21:04:54,DISPUTE,HOTLINE,COMPLETED,False,49
5756,4952,SR00000005756,2026-08-22 15:20:13,ACCOUNT_CLOSURE,APP,COMPLETED,False,83
5757,4952,SR00000005757,2026-03-03 00:47:59,STATEMENT_REQUEST,HOTLINE,COMPLETED,True,36
5758,4952,SR00000005758,2026-07-02 04:29:20,PIN_RESET,EMAIL,COMPLETED,False,74
5759,4952,SR00000005759,2026-05-04 03:44:11,ACCOUNT_CLOSURE,HOTLINE,COMPLETED,True,43
5760,4953,SR00000005760,2026-07-08 07:38:50,STATEMENT_REQUEST,APP,COMPLETED,False,48
5761,4953,SR00000005761,2026-08-09 15:18:01,STATEMENT_REQUEST,EMAIL,COMPLETED,True,11
5762,4953,SR00000005762,2026-08-06 04:41:21,APP_SUPPORT,BRANCH,COMPLETED,False,85
5763,4953,SR00000005763,2026-08-01 01:56:13,LIMIT_CHANGE,HOTLINE,COMPLETED,False,77
5764,4954,SR00000005764,2026-04-17 09:08:29,PIN_RESET,HOTLINE,COMPLETED,False,78
5765,4954,SR00000005765,2026-03-26 11:20:05,PIN_RESET,APP,PROCESSING,False,81
5766,4955,SR00000005766,2026-05-26 19:16:03,DISPUTE,APP,NEW,False,59
5767,4955,SR00000005767,2026-08-01 16:21:50,DISPUTE,HOTLINE,COMPLETED,False,63
5768,4956,SR00000005768,2026-04-28 09:53:16,LIMIT_CHANGE,APP,REJECTED,True,32
5769,4956,SR00000005769,2026-04-17 18:32:37,DISPUTE,APP,COMPLETED,True,39
5770,4959,SR00000005770,2026-04-13 21:35:00,APP_SUPPORT,APP,COMPLETED,False,61
5771,4959,SR00000005771,2026-03-20 04:58:49,APP_SUPPORT,EMAIL,COMPLETED,False,89
5772,4959,SR00000005772,2026-07-28 01:02:25,LIMIT_CHANGE,EMAIL,COMPLETED,True,33
5773,4960,SR00000005773,2026-05-31 15:44:57,LIMIT_CHANGE,HOTLINE,COMPLETED,False,78
5774,4960,SR00000005774,2026-08-16 09:04:02,DISPUTE,HOTLINE,COMPLETED,False,74
5775,4962,SR00000005775,2026-08-08 09:27:37,CARD_REISSUE,HOTLINE,COMPLETED,False,67
5776,4963,SR00000005776,2026-04-18 07:55:41,APP_SUPPORT,APP,COMPLETED,True,28
5777,4963,SR00000005777,2026-08-26 00:00:47,ADDRESS_UPDATE,APP,COMPLETED,True,25
5778,4965,SR00000005778,2026-03-18 12:30:22,PIN_RESET,HOTLINE,COMPLETED,True,28
5779,4966,SR00000005779,2026-08-14 13:03:51,STATEMENT_REQUEST,HOTLINE,COMPLETED,False,77
5780,4969,SR00000005780,2026-07-29 08:17:38,STATEMENT_REQUEST,HOTLINE,NEW,False,88
5781,4970,SR00000005781,2026-04-13 17:23:30,APP_SUPPORT,HOTLINE,COMPLETED,True,30
5782,4973,SR00000005782,2026-08-11 21:16:05,STATEMENT_REQUEST,EMAIL,COMPLETED,False,62
5783,4975,SR00000005783,2026-06-23 03:25:36,CARD_REISSUE,CHATBOT,COMPLETED,False,60
5784,4979,SR00000005784,2026-05-11 03:49:39,PIN_RESET,CHATBOT,COMPLETED,True,19
5785,4980,SR00000005785,2026-06-19 11:56:14,STATEMENT_REQUEST,APP,COMPLETED,False,55
5786,4980,SR00000005786,2026-04-28 23:39:21,ADDRESS_UPDATE,APP,COMPLETED,True,34
5787,4980,SR00000005787,2026-06-29 02:39:18,CARD_REISSUE,HOTLINE,COMPLETED,True,36
5788,4980,SR00000005788,2026-06-29 20:25:58,CARD_REISSUE,BRANCH,COMPLETED,True,32
5789,4981,SR00000005789,2026-04-30 08:28:13,APP_SUPPORT,HOTLINE,COMPLETED,False,55
5790,4983,SR00000005790,2026-03-06 07:39:45,CARD_REISSUE,HOTLINE,COMPLETED,False,46
5791,4984,SR00000005791,2026-06-01 14:03:50,CARD_REISSUE,EMAIL,REJECTED,False,55
5792,4985,SR00000005792,2026-06-16 07:42:32,DISPUTE,HOTLINE,COMPLETED,False,62
5793,4986,SR00000005793,2026-05-03 12:52:44,CARD_REISSUE,APP,COMPLETED,True,5
5794,4986,SR00000005794,2026-08-25 18:12:35,ACCOUNT_CLOSURE,HOTLINE,COMPLETED,False,65
5795,4987,SR00000005795,2026-06-21 21:36:22,LIMIT_CHANGE,HOTLINE,COMPLETED,True,12
5796,4987,SR00000005796,2026-07-08 22:33:43,DISPUTE,CHATBOT,COMPLETED,False,71
5797,4987,SR00000005797,2026-07-30 14:57:01,ACCOUNT_CLOSURE,APP,REJECTED,True,25
5798,4987,SR00000005798,2026-08-15 12:13:57,STATEMENT_REQUEST,HOTLINE,NEW,True,28
5799,4987,SR00000005799,2026-04-10 11:22:54,ADDRESS_UPDATE,APP,PROCESSING,False,52
5800,4988,SR00000005800,2026-05-04 14:16:58,ADDRESS_UPDATE,HOTLINE,COMPLETED,True,21
5801,4989,SR00000005801,2026-04-21 07:53:07,ACCOUNT_CLOSURE,BRANCH,COMPLETED,True,29
5802,4991,SR00000005802,2026-06-20 07:13:51,STATEMENT_REQUEST,CHATBOT,COMPLETED,False,89
5803,4992,SR00000005803,2026-03-19 16:09:07,PIN_RESET,BRANCH,REJECTED,False,54
5804,4993,SR00000005804,2026-03-16 04:41:49,DISPUTE,CHATBOT,COMPLETED,True,9
5805,4993,SR00000005805,2026-03-17 19:34:39,DISPUTE,BRANCH,COMPLETED,True,8
5806,4993,SR00000005806,2026-06-04 22:19:14,CARD_REISSUE,APP,COMPLETED,True,16
5807,4993,SR00000005807,2026-04-16 14:27:45,ACCOUNT_CLOSURE,BRANCH,COMPLETED,True,11
5808,4994,SR00000005808,2026-04-16 10:40:50,STATEMENT_REQUEST,APP,PROCESSING,True,42
5809,4994,SR00000005809,2026-04-27 16:20:40,ADDRESS_UPDATE,APP,COMPLETED,False,86
5810,4995,SR00000005810,2026-05-07 10:43:08,APP_SUPPORT,APP,COMPLETED,True,22
5811,4996,SR00000005811,2026-07-08 15:40:18,CARD_REISSUE,APP,REJECTED,True,7
5812,4997,SR00000005812,2026-08-20 19:23:10,CARD_REISSUE,APP,COMPLETED,True,19
5813,4998,SR00000005813,2026-06-26 18:12:03,APP_SUPPORT,APP,COMPLETED,True,29
5814,5000,SR00000005814,2026-03-30 01:20:36,APP_SUPPORT,CHATBOT,COMPLETED,False,75
5815,5000,SR00000005815,2026-03-20 23:38:40,APP_SUPPORT,HOTLINE,PROCESSING,True,10
5816,5000,SR00000005816,2026-05-25 20:59:57,LIMIT_CHANGE,EMAIL,REJECTED,False,82
5817,5000,SR00000005817,2026-03-09 12:31:39,DISPUTE,APP,COMPLETED,False,69
5818,5000,SR00000005818,2026-07-21 15:00:43,PIN_RESET,HOTLINE,COMPLETED,True,39
