fact_card_key,customer_key,card_id,card_type,card_status,issue_date,expiry_date,credit_limit,utilization_pct,activation_flag
1,1,CARD0000000001,CREDIT_STANDARD,ACTIVE,2025-12-15,2030-12-14,20000000.0,45.86,True
2,2,CARD0000000002,DEBIT,ACTIVE,2022-12-10,2027-12-09,0.0,0.0,True
3,2,CARD0000000003,CREDIT_GOLD,ACTIVE,2022-01-02,2027-01-01,200000000.0,17.63,True
4,3,CARD0000000004,DEBIT,ACTIVE,2023-02-28,2028-02-27,0.0,0.0,True
5,4,CARD0000000005,CREDIT_GOLD,BLOCKED,2023-06-24,2028-06-22,120000000.0,5.38,True
6,5,CARD0000000006,DEBIT,EXPIRED,2021-07-08,2026-07-07,0.0,0.0,True
7,5,CARD0000000007,DEBIT,ACTIVE,2022-04-27,2027-04-26,0.0,0.0,True
8,6,CARD0000000008,DEBIT,ACTIVE,2024-07-10,2029-07-09,0.0,0.0,True
9,8,CARD0000000009,CREDIT_GOLD,ACTIVE,2022-12-16,2027-12-15,300000000.0,27.38,True
10,9,CARD0000000010,CREDIT_GOLD,ACTIVE,2025-06-23,2030-06-22,120000000.0,76.95,True
11,10,CARD0000000011,CREDIT_STANDARD,ACTIVE,2025-04-21,2030-04-20,200000000.0,32.83,True
12,11,CARD0000000012,CREDIT_STANDARD,ACTIVE,2024-08-15,2029-08-14,80000000.0,70.45,True
13,11,CARD0000000013,DEBIT,ACTIVE,2026-06-04,2031-06-03,0.0,0.0,True
14,12,CARD0000000014,CREDIT_PLATINUM,ACTIVE,2026-03-05,2031-03-04,50000000.0,49.52,True
15,14,CARD0000000015,DEBIT,ACTIVE,2024-01-18,2029-01-16,0.0,0.0,True
16,14,CARD0000000016,DEBIT,ACTIVE,2022-11-23,2027-11-22,0.0,0.0,True
17,15,CARD0000000017,CREDIT_STANDARD,ACTIVE,2025-05-04,2030-05-03,50000000.0,76.83,True
18,17,CARD0000000018,DEBIT,ACTIVE,2023-07-19,2028-07-17,0.0,0.0,True
19,18,CARD0000000019,CREDIT_PLATINUM,ACTIVE,2025-05-14,2030-05-13,300000000.0,44.69,True
20,18,CARD0000000020,DEBIT,ACTIVE,2024-07-18,2029-07-17,0.0,0.0,True
21,19,CARD0000000021,DEBIT,ACTIVE,2024-04-05,2029-04-04,0.0,0.0,True
22,20,CARD0000000022,CREDIT_STANDARD,BLOCKED,2024-10-15,2029-10-14,50000000.0,46.04,True
23,20,CARD0000000023,CREDIT_STANDARD,ACTIVE,2021-11-10,2026-11-09,20000000.0,24.53,True
24,21,CARD0000000024,CREDIT_GOLD,ACTIVE,2022-01-22,2027-01-21,200000000.0,0.39,True
25,22,CARD0000000025,CREDIT_PLATINUM,EXPIRED,2021-05-12,2026-05-11,120000000.0,64.89,True
26,23,CARD0000000026,DEBIT,ACTIVE,2022-04-01,2027-03-31,0.0,0.0,True
27,24,CARD0000000027,DEBIT,ACTIVE,2022-09-07,2027-09-06,0.0,0.0,True
28,24,CARD0000000028,DEBIT,ACTIVE,2023-03-09,2028-03-07,0.0,0.0,True
29,25,CARD0000000029,CREDIT_STANDARD,ACTIVE,2025-09-23,2030-09-22,20000000.0,30.68,True
30,27,CARD0000000030,CREDIT_PLATINUM,ACTIVE,2022-12-01,2027-11-30,300000000.0,15.94,True
31,28,CARD0000000031,DEBIT,ACTIVE,2021-09-14,2026-09-13,0.0,0.0,True
32,29,CARD0000000032,DEBIT,EXPIRED,2021-07-12,2026-07-11,0.0,0.0,True
33,30,CARD0000000033,DEBIT,ACTIVE,2025-03-19,2030-03-18,0.0,0.0,True
34,31,CARD0000000034,CREDIT_GOLD,ACTIVE,2024-10-15,2029-10-14,50000000.0,5.58,True
35,32,CARD0000000035,DEBIT,ACTIVE,2024-04-30,2029-04-29,0.0,0.0,True
36,33,CARD0000000036,DEBIT,ACTIVE,2024-08-24,2029-08-23,0.0,0.0,True
37,34,CARD0000000037,DEBIT,ACTIVE,2023-08-28,2028-08-26,0.0,0.0,True
38,34,CARD0000000038,CREDIT_STANDARD,ACTIVE,2022-11-02,2027-11-01,50000000.0,18.72,True
39,35,CARD0000000039,DEBIT,ACTIVE,2022-05-06,2027-05-05,0.0,0.0,True
40,36,CARD0000000040,CREDIT_PLATINUM,ACTIVE,2024-12-14,2029-12-13,30000000.0,13.18,True
41,36,CARD0000000041,DEBIT,ACTIVE,2025-08-01,2030-07-31,0.0,0.0,True
42,37,CARD0000000042,CREDIT_GOLD,ACTIVE,2023-04-05,2028-04-03,50000000.0,55.69,False
43,37,CARD0000000043,CREDIT_STANDARD,ACTIVE,2022-11-02,2027-11-01,200000000.0,54.65,True
44,38,CARD0000000044,DEBIT,ACTIVE,2024-03-09,2029-03-08,0.0,0.0,True
45,38,CARD0000000045,DEBIT,ACTIVE,2022-05-12,2027-05-11,0.0,0.0,True
46,40,CARD0000000046,DEBIT,ACTIVE,2024-05-26,2029-05-25,0.0,0.0,True
47,41,CARD0000000047,DEBIT,ACTIVE,2022-01-25,2027-01-24,0.0,0.0,True
48,42,CARD0000000048,CREDIT_GOLD,ACTIVE,2024-05-01,2029-04-30,120000000.0,80.37,True
49,42,CARD0000000049,CREDIT_GOLD,ACTIVE,2022-07-03,2027-07-02,50000000.0,80.68,True
50,43,CARD0000000050,DEBIT,ACTIVE,2025-12-04,2030-12-03,0.0,0.0,True
51,44,CARD0000000051,DEBIT,ACTIVE,2024-10-11,2029-10-10,0.0,0.0,True
52,46,CARD0000000052,CREDIT_STANDARD,BLOCKED,2021-11-13,2026-11-12,120000000.0,28.75,True
53,47,CARD0000000053,DEBIT,ACTIVE,2025-08-30,2030-08-29,0.0,0.0,True
54,47,CARD0000000054,DEBIT,ACTIVE,2022-11-18,2027-11-17,0.0,0.0,True
55,52,CARD0000000055,DEBIT,ACTIVE,2026-05-29,2031-05-28,0.0,0.0,True
56,53,CARD0000000056,CREDIT_STANDARD,EXPIRED,2021-07-25,2026-07-24,200000000.0,26.14,True
57,53,CARD0000000057,DEBIT,ACTIVE,2023-07-10,2028-07-08,0.0,0.0,True
58,54,CARD0000000058,CREDIT_GOLD,ACTIVE,2021-11-12,2026-11-11,50000000.0,3.71,False
59,56,CARD0000000059,CREDIT_PLATINUM,ACTIVE,2025-09-16,2030-09-15,50000000.0,49.27,True
60,57,CARD0000000060,CREDIT_STANDARD,ACTIVE,2026-02-14,2031-02-13,30000000.0,77.26,False
61,57,CARD0000000061,DEBIT,ACTIVE,2021-12-20,2026-12-19,0.0,0.0,True
62,58,CARD0000000062,DEBIT,ACTIVE,2025-08-06,2030-08-05,0.0,0.0,True
63,60,CARD0000000063,DEBIT,ACTIVE,2023-10-15,2028-10-13,0.0,0.0,True
64,61,CARD0000000064,DEBIT,ACTIVE,2025-01-01,2029-12-31,0.0,0.0,True
65,62,CARD0000000065,CREDIT_GOLD,ACTIVE,2022-11-05,2027-11-04,120000000.0,44.16,False
66,63,CARD0000000066,DEBIT,BLOCKED,2025-01-04,2030-01-03,0.0,0.0,True
67,65,CARD0000000067,CREDIT_PLATINUM,ACTIVE,2023-03-01,2028-02-28,30000000.0,64.6,True
68,65,CARD0000000068,DEBIT,ACTIVE,2024-12-27,2029-12-26,0.0,0.0,True
69,66,CARD0000000069,DEBIT,ACTIVE,2024-09-08,2029-09-07,0.0,0.0,True
70,67,CARD0000000070,DEBIT,BLOCKED,2026-06-09,2031-06-08,0.0,0.0,True
71,67,CARD0000000071,CREDIT_STANDARD,ACTIVE,2023-08-21,2028-08-19,20000000.0,55.11,False
72,69,CARD0000000072,DEBIT,EXPIRED,2021-06-07,2026-06-06,0.0,0.0,True
73,69,CARD0000000073,CREDIT_PLATINUM,ACTIVE,2024-02-10,2029-02-08,120000000.0,82.56,True
74,70,CARD0000000074,CREDIT_PLATINUM,ACTIVE,2026-01-11,2031-01-10,80000000.0,32.01,True
75,71,CARD0000000075,CREDIT_GOLD,ACTIVE,2026-02-11,2031-02-10,50000000.0,21.25,True
76,72,CARD0000000076,CREDIT_GOLD,EXPIRED,2021-07-30,2026-07-29,300000000.0,60.51,True
77,73,CARD0000000077,DEBIT,ACTIVE,2023-10-16,2028-10-14,0.0,0.0,True
78,75,CARD0000000078,CREDIT_PLATINUM,ACTIVE,2024-11-04,2029-11-03,50000000.0,25.88,True
79,75,CARD0000000079,CREDIT_STANDARD,ACTIVE,2025-03-15,2030-03-14,50000000.0,65.61,True
80,79,CARD0000000080,DEBIT,ACTIVE,2025-06-23,2030-06-22,0.0,0.0,True
81,80,CARD0000000081,DEBIT,EXPIRED,2021-04-24,2026-04-23,0.0,0.0,True
82,81,CARD0000000082,CREDIT_GOLD,BLOCKED,2023-03-26,2028-03-24,120000000.0,6.06,True
83,81,CARD0000000083,CREDIT_GOLD,ACTIVE,2025-05-01,2030-04-30,300000000.0,4.01,True
84,83,CARD0000000084,CREDIT_GOLD,ACTIVE,2025-03-21,2030-03-20,200000000.0,51.3,True
85,85,CARD0000000085,CREDIT_GOLD,ACTIVE,2025-01-10,2030-01-09,80000000.0,43.55,True
86,86,CARD0000000086,DEBIT,ACTIVE,2022-09-26,2027-09-25,0.0,0.0,True
87,88,CARD0000000087,CREDIT_STANDARD,ACTIVE,2022-10-23,2027-10-22,200000000.0,48.81,False
88,89,CARD0000000088,DEBIT,BLOCKED,2022-02-03,2027-02-02,0.0,0.0,True
89,89,CARD0000000089,DEBIT,ACTIVE,2023-02-08,2028-02-07,0.0,0.0,True
90,91,CARD0000000090,CREDIT_GOLD,ACTIVE,2023-08-11,2028-08-09,30000000.0,34.82,True
91,93,CARD0000000091,DEBIT,ACTIVE,2023-10-22,2028-10-20,0.0,0.0,True
92,95,CARD0000000092,CREDIT_STANDARD,ACTIVE,2023-10-06,2028-10-04,200000000.0,31.53,True
93,96,CARD0000000093,DEBIT,ACTIVE,2026-02-14,2031-02-13,0.0,0.0,True
94,97,CARD0000000094,DEBIT,ACTIVE,2022-08-04,2027-08-03,0.0,0.0,True
95,98,CARD0000000095,CREDIT_GOLD,ACTIVE,2025-01-18,2030-01-17,80000000.0,22.83,True
96,99,CARD0000000096,CREDIT_PLATINUM,ACTIVE,2021-09-07,2026-09-06,120000000.0,73.65,True
97,100,CARD0000000097,DEBIT,ACTIVE,2024-03-23,2029-03-22,0.0,0.0,True
98,101,CARD0000000098,DEBIT,ACTIVE,2025-12-23,2030-12-22,0.0,0.0,True
99,102,CARD0000000099,DEBIT,ACTIVE,2024-04-03,2029-04-02,0.0,0.0,True
100,102,CARD0000000100,CREDIT_PLATINUM,ACTIVE,2025-07-24,2030-07-23,80000000.0,6.73,True
101,104,CARD0000000101,CREDIT_GOLD,ACTIVE,2022-06-25,2027-06-24,80000000.0,50.92,True
102,105,CARD0000000102,CREDIT_GOLD,ACTIVE,2026-02-16,2031-02-15,20000000.0,57.15,True
103,105,CARD0000000103,DEBIT,ACTIVE,2022-12-15,2027-12-14,0.0,0.0,True
104,107,CARD0000000104,CREDIT_GOLD,EXPIRED,2021-05-13,2026-05-12,200000000.0,26.19,True
105,109,CARD0000000105,CREDIT_GOLD,ACTIVE,2021-10-19,2026-10-18,200000000.0,76.58,True
106,109,CARD0000000106,CREDIT_GOLD,ACTIVE,2024-09-28,2029-09-27,300000000.0,49.54,True
107,110,CARD0000000107,DEBIT,ACTIVE,2022-02-20,2027-02-19,0.0,0.0,True
108,112,CARD0000000108,CREDIT_PLATINUM,ACTIVE,2023-08-01,2028-07-30,50000000.0,5.19,True
109,113,CARD0000000109,DEBIT,ACTIVE,2025-11-24,2030-11-23,0.0,0.0,True
110,113,CARD0000000110,CREDIT_STANDARD,ACTIVE,2025-07-09,2030-07-08,300000000.0,33.73,True
111,117,CARD0000000111,CREDIT_STANDARD,ACTIVE,2023-06-12,2028-06-10,20000000.0,5.77,True
112,118,CARD0000000112,CREDIT_STANDARD,ACTIVE,2026-04-27,2031-04-26,80000000.0,4.59,True
113,119,CARD0000000113,DEBIT,ACTIVE,2025-05-20,2030-05-19,0.0,0.0,True
114,120,CARD0000000114,CREDIT_STANDARD,ACTIVE,2022-09-09,2027-09-08,50000000.0,57.57,True
115,121,CARD0000000115,CREDIT_GOLD,ACTIVE,2025-01-08,2030-01-07,300000000.0,28.13,True
116,123,CARD0000000116,CREDIT_PLATINUM,ACTIVE,2023-01-07,2028-01-06,50000000.0,37.19,False
117,124,CARD0000000117,DEBIT,ACTIVE,2024-02-09,2029-02-07,0.0,0.0,True
118,126,CARD0000000118,CREDIT_STANDARD,ACTIVE,2023-03-22,2028-03-20,30000000.0,26.26,True
119,126,CARD0000000119,DEBIT,ACTIVE,2024-01-22,2029-01-20,0.0,0.0,True
120,127,CARD0000000120,CREDIT_PLATINUM,ACTIVE,2024-01-31,2029-01-29,30000000.0,37.51,True
121,128,CARD0000000121,CREDIT_STANDARD,ACTIVE,2021-10-19,2026-10-18,50000000.0,25.94,True
122,128,CARD0000000122,CREDIT_PLATINUM,ACTIVE,2021-12-06,2026-12-05,50000000.0,15.55,True
123,129,CARD0000000123,CREDIT_STANDARD,EXPIRED,2021-03-20,2026-03-19,120000000.0,80.47,True
124,130,CARD0000000124,CREDIT_GOLD,ACTIVE,2025-05-05,2030-05-04,30000000.0,15.09,False
125,133,CARD0000000125,DEBIT,ACTIVE,2024-05-11,2029-05-10,0.0,0.0,True
126,135,CARD0000000126,CREDIT_PLATINUM,ACTIVE,2023-03-07,2028-03-05,80000000.0,48.64,True
127,135,CARD0000000127,DEBIT,EXPIRED,2021-06-28,2026-06-27,0.0,0.0,True
128,136,CARD0000000128,CREDIT_PLATINUM,ACTIVE,2026-02-16,2031-02-15,20000000.0,74.21,True
129,137,CARD0000000129,CREDIT_STANDARD,ACTIVE,2024-03-05,2029-03-04,30000000.0,32.84,True
130,137,CARD0000000130,CREDIT_GOLD,ACTIVE,2023-04-30,2028-04-28,300000000.0,41.03,True
131,138,CARD0000000131,DEBIT,ACTIVE,2025-01-01,2029-12-31,0.0,0.0,True
132,139,CARD0000000132,CREDIT_PLATINUM,ACTIVE,2024-02-02,2029-01-31,20000000.0,70.01,True
133,140,CARD0000000133,CREDIT_GOLD,ACTIVE,2021-09-25,2026-09-24,200000000.0,83.39,True
134,140,CARD0000000134,CREDIT_PLATINUM,EXPIRED,2021-08-07,2026-08-06,300000000.0,63.93,True
135,141,CARD0000000135,CREDIT_PLATINUM,ACTIVE,2026-04-28,2031-04-27,200000000.0,38.57,False
136,142,CARD0000000136,DEBIT,ACTIVE,2025-07-19,2030-07-18,0.0,0.0,True
137,142,CARD0000000137,DEBIT,BLOCKED,2022-07-03,2027-07-02,0.0,0.0,True
138,144,CARD0000000138,DEBIT,ACTIVE,2023-11-21,2028-11-19,0.0,0.0,True
139,145,CARD0000000139,CREDIT_STANDARD,ACTIVE,2024-08-20,2029-08-19,300000000.0,69.86,True
140,145,CARD0000000140,CREDIT_STANDARD,ACTIVE,2025-11-28,2030-11-27,200000000.0,41.4,True
141,148,CARD0000000141,CREDIT_STANDARD,ACTIVE,2023-09-10,2028-09-08,30000000.0,48.63,True
142,148,CARD0000000142,CREDIT_PLATINUM,EXPIRED,2021-05-21,2026-05-20,20000000.0,84.92,True
143,149,CARD0000000143,CREDIT_STANDARD,ACTIVE,2023-07-28,2028-07-26,300000000.0,35.46,True
144,151,CARD0000000144,DEBIT,BLOCKED,2022-09-24,2027-09-23,0.0,0.0,True
145,152,CARD0000000145,CREDIT_STANDARD,ACTIVE,2025-08-26,2030-08-25,80000000.0,71.91,True
146,153,CARD0000000146,CREDIT_STANDARD,ACTIVE,2023-04-08,2028-04-06,300000000.0,28.58,True
147,154,CARD0000000147,DEBIT,ACTIVE,2024-12-22,2029-12-21,0.0,0.0,True
148,155,CARD0000000148,DEBIT,EXPIRED,2021-06-17,2026-06-16,0.0,0.0,True
149,158,CARD0000000149,DEBIT,ACTIVE,2023-12-15,2028-12-13,0.0,0.0,True
150,158,CARD0000000150,CREDIT_PLATINUM,EXPIRED,2021-03-12,2026-03-11,200000000.0,9.0,True
151,159,CARD0000000151,DEBIT,ACTIVE,2022-08-26,2027-08-25,0.0,0.0,True
152,160,CARD0000000152,CREDIT_GOLD,ACTIVE,2023-02-16,2028-02-15,50000000.0,63.49,True
153,161,CARD0000000153,DEBIT,ACTIVE,2022-01-08,2027-01-07,0.0,0.0,True
154,164,CARD0000000154,DEBIT,ACTIVE,2022-11-08,2027-11-07,0.0,0.0,True
155,167,CARD0000000155,CREDIT_STANDARD,ACTIVE,2023-11-13,2028-11-11,50000000.0,42.49,True
156,168,CARD0000000156,DEBIT,ACTIVE,2024-03-10,2029-03-09,0.0,0.0,True
157,170,CARD0000000157,DEBIT,ACTIVE,2025-11-24,2030-11-23,0.0,0.0,True
158,172,CARD0000000158,CREDIT_PLATINUM,ACTIVE,2023-05-29,2028-05-27,200000000.0,22.38,True
159,173,CARD0000000159,CREDIT_STANDARD,BLOCKED,2022-07-05,2027-07-04,120000000.0,20.64,True
160,173,CARD0000000160,CREDIT_PLATINUM,ACTIVE,2024-10-19,2029-10-18,50000000.0,6.72,True
161,175,CARD0000000161,CREDIT_STANDARD,EXPIRED,2021-08-17,2026-08-16,30000000.0,33.35,True
162,176,CARD0000000162,DEBIT,ACTIVE,2022-05-02,2027-05-01,0.0,0.0,True
163,176,CARD0000000163,CREDIT_STANDARD,ACTIVE,2024-07-23,2029-07-22,120000000.0,60.49,True
164,177,CARD0000000164,CREDIT_STANDARD,ACTIVE,2024-02-06,2029-02-04,120000000.0,44.99,True
165,179,CARD0000000165,DEBIT,ACTIVE,2023-04-01,2028-03-30,0.0,0.0,True
166,180,CARD0000000166,CREDIT_PLATINUM,ACTIVE,2024-03-24,2029-03-23,50000000.0,2.66,False
167,180,CARD0000000167,DEBIT,ACTIVE,2022-08-06,2027-08-05,0.0,0.0,True
168,181,CARD0000000168,CREDIT_STANDARD,ACTIVE,2023-03-09,2028-03-07,300000000.0,17.46,True
169,181,CARD0000000169,DEBIT,ACTIVE,2025-10-03,2030-10-02,0.0,0.0,True
170,182,CARD0000000170,DEBIT,ACTIVE,2023-08-04,2028-08-02,0.0,0.0,True
171,183,CARD0000000171,DEBIT,ACTIVE,2022-12-12,2027-12-11,0.0,0.0,True
172,184,CARD0000000172,DEBIT,ACTIVE,2023-11-04,2028-11-02,0.0,0.0,True
173,185,CARD0000000173,DEBIT,ACTIVE,2022-07-09,2027-07-08,0.0,0.0,True
174,185,CARD0000000174,DEBIT,EXPIRED,2021-04-17,2026-04-16,0.0,0.0,True
175,186,CARD0000000175,DEBIT,ACTIVE,2025-06-06,2030-06-05,0.0,0.0,True
176,187,CARD0000000176,CREDIT_PLATINUM,ACTIVE,2025-07-11,2030-07-10,200000000.0,82.72,True
177,187,CARD0000000177,DEBIT,ACTIVE,2022-05-14,2027-05-13,0.0,0.0,True
178,188,CARD0000000178,CREDIT_GOLD,ACTIVE,2022-02-13,2027-02-12,200000000.0,16.6,True
179,188,CARD0000000179,CREDIT_STANDARD,ACTIVE,2024-04-09,2029-04-08,20000000.0,76.68,True
180,189,CARD0000000180,DEBIT,ACTIVE,2022-05-17,2027-05-16,0.0,0.0,True
181,190,CARD0000000181,CREDIT_GOLD,ACTIVE,2022-01-06,2027-01-05,20000000.0,6.67,True
182,192,CARD0000000182,CREDIT_GOLD,BLOCKED,2024-07-23,2029-07-22,300000000.0,14.06,False
183,192,CARD0000000183,DEBIT,ACTIVE,2024-10-09,2029-10-08,0.0,0.0,True
184,193,CARD0000000184,CREDIT_STANDARD,ACTIVE,2026-04-16,2031-04-15,200000000.0,58.72,True
185,195,CARD0000000185,CREDIT_PLATINUM,ACTIVE,2026-06-14,2031-06-13,30000000.0,29.88,True
186,196,CARD0000000186,DEBIT,EXPIRED,2021-07-12,2026-07-11,0.0,0.0,True
187,197,CARD0000000187,CREDIT_GOLD,ACTIVE,2023-08-13,2028-08-11,50000000.0,75.82,True
188,198,CARD0000000188,CREDIT_STANDARD,ACTIVE,2025-11-16,2030-11-15,300000000.0,50.94,True
189,199,CARD0000000189,CREDIT_STANDARD,ACTIVE,2023-06-10,2028-06-08,30000000.0,23.5,False
190,200,CARD0000000190,DEBIT,ACTIVE,2026-03-03,2031-03-02,0.0,0.0,True
191,201,CARD0000000191,DEBIT,ACTIVE,2025-11-02,2030-11-01,0.0,0.0,True
192,202,CARD0000000192,CREDIT_STANDARD,ACTIVE,2024-10-31,2029-10-30,50000000.0,44.41,True
193,203,CARD0000000193,DEBIT,ACTIVE,2025-11-20,2030-11-19,0.0,0.0,True
194,204,CARD0000000194,DEBIT,ACTIVE,2026-05-02,2031-05-01,0.0,0.0,True
195,205,CARD0000000195,CREDIT_STANDARD,ACTIVE,2025-12-18,2030-12-17,20000000.0,61.83,True
196,205,CARD0000000196,CREDIT_PLATINUM,ACTIVE,2023-02-03,2028-02-02,30000000.0,26.14,True
197,207,CARD0000000197,DEBIT,ACTIVE,2026-01-08,2031-01-07,0.0,0.0,True
198,208,CARD0000000198,CREDIT_PLATINUM,ACTIVE,2024-05-07,2029-05-06,200000000.0,0.8,True
199,209,CARD0000000199,CREDIT_STANDARD,ACTIVE,2025-11-04,2030-11-03,200000000.0,70.91,True
200,212,CARD0000000200,DEBIT,EXPIRED,2021-07-10,2026-07-09,0.0,0.0,True
201,214,CARD0000000201,DEBIT,ACTIVE,2026-04-28,2031-04-27,0.0,0.0,True
202,217,CARD0000000202,CREDIT_GOLD,ACTIVE,2026-02-26,2031-02-25,80000000.0,23.24,False
203,218,CARD0000000203,CREDIT_STANDARD,EXPIRED,2021-05-03,2026-05-02,300000000.0,70.35,True
204,219,CARD0000000204,DEBIT,EXPIRED,2021-04-16,2026-04-15,0.0,0.0,True
205,220,CARD0000000205,CREDIT_PLATINUM,ACTIVE,2024-03-15,2029-03-14,50000000.0,34.7,False
206,220,CARD0000000206,CREDIT_PLATINUM,EXPIRED,2021-06-08,2026-06-07,80000000.0,45.22,False
207,221,CARD0000000207,CREDIT_GOLD,ACTIVE,2025-07-16,2030-07-15,30000000.0,9.8,True
208,221,CARD0000000208,CREDIT_PLATINUM,BLOCKED,2026-03-01,2031-02-28,200000000.0,25.18,True
209,222,CARD0000000209,CREDIT_PLATINUM,ACTIVE,2025-02-28,2030-02-27,300000000.0,84.83,True
210,224,CARD0000000210,CREDIT_PLATINUM,ACTIVE,2023-08-06,2028-08-04,120000000.0,22.45,True
211,226,CARD0000000211,DEBIT,ACTIVE,2025-01-08,2030-01-07,0.0,0.0,True
212,227,CARD0000000212,DEBIT,ACTIVE,2023-02-18,2028-02-17,0.0,0.0,True
213,227,CARD0000000213,CREDIT_GOLD,ACTIVE,2025-08-20,2030-08-19,30000000.0,77.36,True
214,229,CARD0000000214,CREDIT_PLATINUM,ACTIVE,2024-01-10,2029-01-08,30000000.0,65.53,True
215,230,CARD0000000215,CREDIT_PLATINUM,ACTIVE,2021-12-11,2026-12-10,120000000.0,55.32,True
216,232,CARD0000000216,DEBIT,ACTIVE,2025-05-03,2030-05-02,0.0,0.0,True
217,232,CARD0000000217,DEBIT,ACTIVE,2022-10-30,2027-10-29,0.0,0.0,True
218,234,CARD0000000218,DEBIT,ACTIVE,2023-09-11,2028-09-09,0.0,0.0,True
219,236,CARD0000000219,DEBIT,ACTIVE,2021-09-17,2026-09-16,0.0,0.0,True
220,237,CARD0000000220,CREDIT_PLATINUM,ACTIVE,2025-12-04,2030-12-03,200000000.0,43.24,True
221,239,CARD0000000221,DEBIT,ACTIVE,2024-01-20,2029-01-18,0.0,0.0,True
222,239,CARD0000000222,CREDIT_STANDARD,ACTIVE,2022-12-09,2027-12-08,300000000.0,43.97,True
223,240,CARD0000000223,CREDIT_PLATINUM,EXPIRED,2021-06-15,2026-06-14,80000000.0,48.14,True
224,241,CARD0000000224,DEBIT,ACTIVE,2022-03-17,2027-03-16,0.0,0.0,True
225,241,CARD0000000225,CREDIT_GOLD,ACTIVE,2023-08-19,2028-08-17,20000000.0,24.47,True
226,242,CARD0000000226,DEBIT,ACTIVE,2025-02-12,2030-02-11,0.0,0.0,True
227,244,CARD0000000227,CREDIT_GOLD,ACTIVE,2023-07-13,2028-07-11,200000000.0,61.39,True
228,245,CARD0000000228,DEBIT,ACTIVE,2024-03-05,2029-03-04,0.0,0.0,True
229,245,CARD0000000229,DEBIT,ACTIVE,2024-02-26,2029-02-24,0.0,0.0,True
230,246,CARD0000000230,DEBIT,ACTIVE,2021-09-23,2026-09-22,0.0,0.0,True
231,246,CARD0000000231,DEBIT,ACTIVE,2026-05-24,2031-05-23,0.0,0.0,True
232,247,CARD0000000232,CREDIT_PLATINUM,ACTIVE,2021-10-15,2026-10-14,120000000.0,31.64,True
233,248,CARD0000000233,CREDIT_PLATINUM,ACTIVE,2025-09-13,2030-09-12,50000000.0,54.4,True
234,249,CARD0000000234,CREDIT_GOLD,ACTIVE,2023-06-28,2028-06-26,300000000.0,63.63,True
235,252,CARD0000000235,CREDIT_STANDARD,ACTIVE,2023-12-16,2028-12-14,120000000.0,76.04,True
236,253,CARD0000000236,DEBIT,ACTIVE,2024-07-04,2029-07-03,0.0,0.0,True
237,255,CARD0000000237,CREDIT_PLATINUM,ACTIVE,2026-02-20,2031-02-19,120000000.0,27.59,True
238,256,CARD0000000238,DEBIT,ACTIVE,2024-12-15,2029-12-14,0.0,0.0,True
239,257,CARD0000000239,DEBIT,ACTIVE,2022-08-31,2027-08-30,0.0,0.0,True
240,258,CARD0000000240,CREDIT_GOLD,ACTIVE,2021-09-09,2026-09-08,200000000.0,20.98,True
241,259,CARD0000000241,CREDIT_PLATINUM,ACTIVE,2024-01-09,2029-01-07,200000000.0,31.77,True
242,259,CARD0000000242,CREDIT_PLATINUM,ACTIVE,2023-03-12,2028-03-10,20000000.0,20.94,True
243,261,CARD0000000243,CREDIT_STANDARD,ACTIVE,2024-12-12,2029-12-11,300000000.0,14.69,False
244,263,CARD0000000244,DEBIT,ACTIVE,2023-12-23,2028-12-21,0.0,0.0,True
245,263,CARD0000000245,CREDIT_PLATINUM,ACTIVE,2024-12-24,2029-12-23,30000000.0,18.27,False
246,266,CARD0000000246,DEBIT,ACTIVE,2025-01-23,2030-01-22,0.0,0.0,True
247,268,CARD0000000247,DEBIT,ACTIVE,2026-03-03,2031-03-02,0.0,0.0,True
248,268,CARD0000000248,CREDIT_STANDARD,ACTIVE,2022-05-23,2027-05-22,200000000.0,17.34,False
249,269,CARD0000000249,CREDIT_STANDARD,EXPIRED,2021-05-23,2026-05-22,20000000.0,69.59,True
250,270,CARD0000000250,DEBIT,ACTIVE,2025-06-19,2030-06-18,0.0,0.0,True
251,270,CARD0000000251,CREDIT_GOLD,ACTIVE,2025-11-02,2030-11-01,300000000.0,24.45,False
252,271,CARD0000000252,CREDIT_GOLD,BLOCKED,2026-06-10,2031-06-09,300000000.0,44.33,True
253,272,CARD0000000253,DEBIT,ACTIVE,2024-11-14,2029-11-13,0.0,0.0,True
254,274,CARD0000000254,CREDIT_GOLD,ACTIVE,2024-07-12,2029-07-11,120000000.0,69.65,False
255,275,CARD0000000255,CREDIT_GOLD,ACTIVE,2026-02-13,2031-02-12,50000000.0,4.83,True
256,275,CARD0000000256,CREDIT_PLATINUM,EXPIRED,2021-05-27,2026-05-26,30000000.0,3.42,True
257,277,CARD0000000257,DEBIT,EXPIRED,2021-07-28,2026-07-27,0.0,0.0,True
258,278,CARD0000000258,DEBIT,ACTIVE,2025-04-11,2030-04-10,0.0,0.0,True
259,279,CARD0000000259,DEBIT,ACTIVE,2021-12-19,2026-12-18,0.0,0.0,True
260,279,CARD0000000260,CREDIT_GOLD,ACTIVE,2021-09-05,2026-09-04,80000000.0,38.12,True
261,280,CARD0000000261,DEBIT,ACTIVE,2025-11-02,2030-11-01,0.0,0.0,True
262,281,CARD0000000262,CREDIT_PLATINUM,ACTIVE,2025-06-20,2030-06-19,20000000.0,44.99,True
263,283,CARD0000000263,CREDIT_PLATINUM,ACTIVE,2024-09-22,2029-09-21,50000000.0,24.75,True
264,284,CARD0000000264,CREDIT_GOLD,ACTIVE,2023-02-24,2028-02-23,80000000.0,33.63,True
265,286,CARD0000000265,CREDIT_GOLD,ACTIVE,2024-07-03,2029-07-02,20000000.0,34.43,False
266,287,CARD0000000266,CREDIT_PLATINUM,ACTIVE,2024-10-25,2029-10-24,30000000.0,36.12,True
267,288,CARD0000000267,DEBIT,ACTIVE,2023-05-10,2028-05-08,0.0,0.0,True
268,289,CARD0000000268,CREDIT_STANDARD,ACTIVE,2022-07-15,2027-07-14,120000000.0,24.64,True
269,290,CARD0000000269,CREDIT_GOLD,EXPIRED,2021-04-19,2026-04-18,20000000.0,45.23,True
270,292,CARD0000000270,CREDIT_PLATINUM,ACTIVE,2022-12-11,2027-12-10,30000000.0,81.41,True
271,294,CARD0000000271,DEBIT,ACTIVE,2025-06-18,2030-06-17,0.0,0.0,True
272,294,CARD0000000272,CREDIT_GOLD,ACTIVE,2025-11-22,2030-11-21,30000000.0,46.05,True
273,295,CARD0000000273,DEBIT,ACTIVE,2026-05-17,2031-05-16,0.0,0.0,True
274,296,CARD0000000274,CREDIT_GOLD,EXPIRED,2021-07-27,2026-07-26,120000000.0,42.09,True
275,297,CARD0000000275,CREDIT_STANDARD,ACTIVE,2022-04-28,2027-04-27,300000000.0,61.75,True
276,297,CARD0000000276,CREDIT_GOLD,ACTIVE,2025-01-16,2030-01-15,300000000.0,65.66,False
277,300,CARD0000000277,CREDIT_GOLD,ACTIVE,2022-12-26,2027-12-25,120000000.0,4.57,True
278,300,CARD0000000278,CREDIT_STANDARD,ACTIVE,2025-10-21,2030-10-20,50000000.0,5.67,True
279,302,CARD0000000279,DEBIT,ACTIVE,2022-12-30,2027-12-29,0.0,0.0,True
280,302,CARD0000000280,DEBIT,EXPIRED,2021-07-15,2026-07-14,0.0,0.0,True
281,303,CARD0000000281,DEBIT,EXPIRED,2021-08-19,2026-08-18,0.0,0.0,True
282,306,CARD0000000282,DEBIT,ACTIVE,2022-11-17,2027-11-16,0.0,0.0,True
283,307,CARD0000000283,DEBIT,ACTIVE,2025-11-21,2030-11-20,0.0,0.0,True
284,307,CARD0000000284,DEBIT,ACTIVE,2022-05-27,2027-05-26,0.0,0.0,True
285,310,CARD0000000285,DEBIT,ACTIVE,2025-02-19,2030-02-18,0.0,0.0,True
286,310,CARD0000000286,CREDIT_PLATINUM,ACTIVE,2022-07-05,2027-07-04,300000000.0,81.1,True
287,312,CARD0000000287,CREDIT_GOLD,EXPIRED,2021-07-01,2026-06-30,200000000.0,52.92,False
288,312,CARD0000000288,DEBIT,ACTIVE,2023-07-26,2028-07-24,0.0,0.0,True
289,316,CARD0000000289,DEBIT,ACTIVE,2023-04-16,2028-04-14,0.0,0.0,True
290,317,CARD0000000290,DEBIT,ACTIVE,2024-02-05,2029-02-03,0.0,0.0,True
291,317,CARD0000000291,CREDIT_GOLD,EXPIRED,2021-03-16,2026-03-15,30000000.0,69.84,True
292,319,CARD0000000292,CREDIT_PLATINUM,ACTIVE,2025-03-30,2030-03-29,80000000.0,26.5,False
293,320,CARD0000000293,CREDIT_PLATINUM,ACTIVE,2024-06-21,2029-06-20,80000000.0,43.12,True
294,320,CARD0000000294,DEBIT,ACTIVE,2022-02-07,2027-02-06,0.0,0.0,True
295,321,CARD0000000295,CREDIT_STANDARD,ACTIVE,2022-09-03,2027-09-02,50000000.0,43.11,True
296,322,CARD0000000296,DEBIT,ACTIVE,2024-10-12,2029-10-11,0.0,0.0,True
297,322,CARD0000000297,DEBIT,ACTIVE,2025-01-28,2030-01-27,0.0,0.0,True
298,323,CARD0000000298,DEBIT,ACTIVE,2025-11-20,2030-11-19,0.0,0.0,True
299,323,CARD0000000299,DEBIT,ACTIVE,2024-05-31,2029-05-30,0.0,0.0,True
300,324,CARD0000000300,DEBIT,ACTIVE,2025-09-21,2030-09-20,0.0,0.0,True
301,325,CARD0000000301,CREDIT_PLATINUM,EXPIRED,2021-04-01,2026-03-31,80000000.0,19.99,True
302,326,CARD0000000302,CREDIT_STANDARD,BLOCKED,2026-01-03,2031-01-02,30000000.0,7.84,True
303,326,CARD0000000303,CREDIT_PLATINUM,ACTIVE,2026-03-08,2031-03-07,30000000.0,9.27,True
304,329,CARD0000000304,DEBIT,ACTIVE,2025-06-30,2030-06-29,0.0,0.0,True
305,331,CARD0000000305,CREDIT_PLATINUM,ACTIVE,2024-07-05,2029-07-04,50000000.0,3.17,True
306,332,CARD0000000306,DEBIT,BLOCKED,2024-09-27,2029-09-26,0.0,0.0,True
307,334,CARD0000000307,DEBIT,ACTIVE,2026-06-27,2031-06-26,0.0,0.0,True
308,335,CARD0000000308,CREDIT_PLATINUM,ACTIVE,2023-02-08,2028-02-07,120000000.0,84.87,True
309,336,CARD0000000309,DEBIT,ACTIVE,2024-01-03,2029-01-01,0.0,0.0,True
310,339,CARD0000000310,CREDIT_PLATINUM,BLOCKED,2025-03-18,2030-03-17,20000000.0,16.82,True
311,341,CARD0000000311,CREDIT_PLATINUM,ACTIVE,2025-01-23,2030-01-22,20000000.0,53.97,False
312,343,CARD0000000312,DEBIT,EXPIRED,2021-08-11,2026-08-10,0.0,0.0,True
313,346,CARD0000000313,DEBIT,ACTIVE,2025-07-03,2030-07-02,0.0,0.0,True
314,346,CARD0000000314,CREDIT_STANDARD,ACTIVE,2026-03-02,2031-03-01,300000000.0,71.95,True
315,347,CARD0000000315,CREDIT_STANDARD,ACTIVE,2024-09-08,2029-09-07,20000000.0,30.82,True
316,347,CARD0000000316,CREDIT_GOLD,ACTIVE,2023-09-12,2028-09-10,80000000.0,24.04,True
317,349,CARD0000000317,CREDIT_GOLD,EXPIRED,2021-03-17,2026-03-16,300000000.0,52.77,True
318,349,CARD0000000318,CREDIT_GOLD,ACTIVE,2022-04-29,2027-04-28,200000000.0,47.42,True
319,350,CARD0000000319,CREDIT_STANDARD,ACTIVE,2025-12-18,2030-12-17,50000000.0,68.31,True
320,350,CARD0000000320,CREDIT_STANDARD,ACTIVE,2024-03-31,2029-03-30,30000000.0,50.09,True
321,353,CARD0000000321,DEBIT,ACTIVE,2025-03-12,2030-03-11,0.0,0.0,True
322,353,CARD0000000322,CREDIT_STANDARD,EXPIRED,2021-06-03,2026-06-02,120000000.0,50.88,True
323,354,CARD0000000323,CREDIT_STANDARD,EXPIRED,2021-03-11,2026-03-10,50000000.0,46.93,True
324,356,CARD0000000324,CREDIT_PLATINUM,ACTIVE,2023-04-24,2028-04-22,30000000.0,74.61,True
325,358,CARD0000000325,DEBIT,ACTIVE,2025-10-14,2030-10-13,0.0,0.0,True
326,358,CARD0000000326,CREDIT_STANDARD,ACTIVE,2023-11-02,2028-10-31,120000000.0,54.35,True
327,359,CARD0000000327,DEBIT,ACTIVE,2022-05-29,2027-05-28,0.0,0.0,True
328,360,CARD0000000328,DEBIT,ACTIVE,2023-01-25,2028-01-24,0.0,0.0,True
329,361,CARD0000000329,CREDIT_PLATINUM,ACTIVE,2026-06-14,2031-06-13,120000000.0,59.2,False
330,362,CARD0000000330,CREDIT_GOLD,ACTIVE,2024-04-04,2029-04-03,120000000.0,77.56,True
331,363,CARD0000000331,CREDIT_PLATINUM,ACTIVE,2025-05-14,2030-05-13,80000000.0,57.11,True
332,363,CARD0000000332,CREDIT_GOLD,ACTIVE,2023-04-09,2028-04-07,200000000.0,68.16,True
333,364,CARD0000000333,CREDIT_STANDARD,EXPIRED,2021-04-18,2026-04-17,80000000.0,29.17,True
334,366,CARD0000000334,DEBIT,ACTIVE,2024-10-28,2029-10-27,0.0,0.0,True
335,367,CARD0000000335,DEBIT,ACTIVE,2024-12-01,2029-11-30,0.0,0.0,True
336,368,CARD0000000336,DEBIT,ACTIVE,2023-12-10,2028-12-08,0.0,0.0,True
337,369,CARD0000000337,DEBIT,ACTIVE,2021-11-06,2026-11-05,0.0,0.0,True
338,371,CARD0000000338,CREDIT_STANDARD,ACTIVE,2022-03-06,2027-03-05,300000000.0,22.88,True
339,377,CARD0000000339,DEBIT,ACTIVE,2022-05-09,2027-05-08,0.0,0.0,True
340,380,CARD0000000340,DEBIT,ACTIVE,2025-12-17,2030-12-16,0.0,0.0,True
341,381,CARD0000000341,CREDIT_GOLD,ACTIVE,2022-04-30,2027-04-29,120000000.0,41.94,True
342,382,CARD0000000342,DEBIT,ACTIVE,2025-12-17,2030-12-16,0.0,0.0,True
343,383,CARD0000000343,DEBIT,ACTIVE,2024-04-20,2029-04-19,0.0,0.0,True
344,385,CARD0000000344,DEBIT,BLOCKED,2023-05-13,2028-05-11,0.0,0.0,True
345,386,CARD0000000345,DEBIT,ACTIVE,2025-08-19,2030-08-18,0.0,0.0,True
346,387,CARD0000000346,DEBIT,ACTIVE,2024-08-14,2029-08-13,0.0,0.0,True
347,387,CARD0000000347,CREDIT_STANDARD,ACTIVE,2024-01-14,2029-01-12,80000000.0,5.78,True
348,390,CARD0000000348,DEBIT,ACTIVE,2025-08-16,2030-08-15,0.0,0.0,True
349,391,CARD0000000349,DEBIT,ACTIVE,2026-01-03,2031-01-02,0.0,0.0,True
350,391,CARD0000000350,CREDIT_STANDARD,ACTIVE,2025-03-24,2030-03-23,300000000.0,16.03,False
351,392,CARD0000000351,DEBIT,ACTIVE,2025-11-05,2030-11-04,0.0,0.0,True
352,393,CARD0000000352,CREDIT_STANDARD,ACTIVE,2022-05-27,2027-05-26,50000000.0,55.62,True
353,394,CARD0000000353,CREDIT_GOLD,ACTIVE,2024-09-25,2029-09-24,30000000.0,0.17,True
354,395,CARD0000000354,CREDIT_PLATINUM,ACTIVE,2025-10-31,2030-10-30,80000000.0,56.36,True
355,395,CARD0000000355,DEBIT,BLOCKED,2024-03-04,2029-03-03,0.0,0.0,True
356,397,CARD0000000356,CREDIT_PLATINUM,ACTIVE,2022-04-09,2027-04-08,20000000.0,40.82,True
357,399,CARD0000000357,DEBIT,ACTIVE,2022-05-09,2027-05-08,0.0,0.0,True
358,399,CARD0000000358,DEBIT,ACTIVE,2025-01-28,2030-01-27,0.0,0.0,True
359,400,CARD0000000359,CREDIT_GOLD,ACTIVE,2022-06-15,2027-06-14,300000000.0,69.98,True
360,400,CARD0000000360,DEBIT,ACTIVE,2022-11-01,2027-10-31,0.0,0.0,True
361,402,CARD0000000361,DEBIT,ACTIVE,2026-04-10,2031-04-09,0.0,0.0,True
362,403,CARD0000000362,CREDIT_PLATINUM,ACTIVE,2024-08-26,2029-08-25,200000000.0,28.09,True
363,403,CARD0000000363,DEBIT,ACTIVE,2023-09-28,2028-09-26,0.0,0.0,True
364,404,CARD0000000364,DEBIT,ACTIVE,2024-12-14,2029-12-13,0.0,0.0,True
365,405,CARD0000000365,CREDIT_GOLD,ACTIVE,2022-07-24,2027-07-23,200000000.0,43.07,True
366,409,CARD0000000366,CREDIT_STANDARD,BLOCKED,2021-11-19,2026-11-18,20000000.0,67.7,False
367,411,CARD0000000367,CREDIT_GOLD,ACTIVE,2024-02-05,2029-02-03,50000000.0,8.27,True
368,411,CARD0000000368,DEBIT,ACTIVE,2024-08-10,2029-08-09,0.0,0.0,True
369,412,CARD0000000369,CREDIT_GOLD,ACTIVE,2022-04-12,2027-04-11,80000000.0,9.14,True
370,413,CARD0000000370,DEBIT,BLOCKED,2025-09-22,2030-09-21,0.0,0.0,True
371,413,CARD0000000371,DEBIT,EXPIRED,2021-03-25,2026-03-24,0.0,0.0,True
372,414,CARD0000000372,DEBIT,ACTIVE,2025-04-14,2030-04-13,0.0,0.0,True
373,415,CARD0000000373,CREDIT_GOLD,ACTIVE,2024-08-19,2029-08-18,20000000.0,75.99,True
374,415,CARD0000000374,CREDIT_GOLD,ACTIVE,2021-10-11,2026-10-10,30000000.0,55.41,True
375,417,CARD0000000375,CREDIT_STANDARD,ACTIVE,2025-12-25,2030-12-24,120000000.0,21.48,False
376,418,CARD0000000376,DEBIT,ACTIVE,2026-05-25,2031-05-24,0.0,0.0,True
377,419,CARD0000000377,DEBIT,ACTIVE,2024-08-14,2029-08-13,0.0,0.0,True
378,420,CARD0000000378,CREDIT_STANDARD,ACTIVE,2021-08-29,2026-08-28,20000000.0,71.3,True
379,422,CARD0000000379,CREDIT_GOLD,ACTIVE,2025-10-24,2030-10-23,20000000.0,61.39,False
380,423,CARD0000000380,CREDIT_GOLD,EXPIRED,2021-08-19,2026-08-18,30000000.0,80.89,True
381,424,CARD0000000381,DEBIT,ACTIVE,2023-05-21,2028-05-19,0.0,0.0,True
382,424,CARD0000000382,CREDIT_PLATINUM,BLOCKED,2024-09-23,2029-09-22,120000000.0,51.52,True
383,425,CARD0000000383,DEBIT,ACTIVE,2025-03-12,2030-03-11,0.0,0.0,True
384,426,CARD0000000384,DEBIT,EXPIRED,2021-03-11,2026-03-10,0.0,0.0,True
385,426,CARD0000000385,CREDIT_STANDARD,ACTIVE,2022-03-11,2027-03-10,50000000.0,37.52,True
386,427,CARD0000000386,CREDIT_GOLD,ACTIVE,2025-11-18,2030-11-17,20000000.0,26.69,True
387,429,CARD0000000387,CREDIT_STANDARD,ACTIVE,2025-03-14,2030-03-13,300000000.0,67.19,True
388,431,CARD0000000388,CREDIT_GOLD,ACTIVE,2024-03-18,2029-03-17,300000000.0,49.97,True
389,432,CARD0000000389,DEBIT,ACTIVE,2022-03-23,2027-03-22,0.0,0.0,True
390,435,CARD0000000390,CREDIT_STANDARD,ACTIVE,2025-02-28,2030-02-27,300000000.0,43.8,True
391,436,CARD0000000391,CREDIT_GOLD,EXPIRED,2021-07-04,2026-07-03,20000000.0,19.67,False
392,438,CARD0000000392,CREDIT_STANDARD,ACTIVE,2024-06-20,2029-06-19,120000000.0,28.08,True
393,440,CARD0000000393,CREDIT_PLATINUM,ACTIVE,2022-11-01,2027-10-31,300000000.0,23.71,True
394,440,CARD0000000394,CREDIT_STANDARD,ACTIVE,2025-11-12,2030-11-11,20000000.0,80.13,True
395,443,CARD0000000395,CREDIT_PLATINUM,ACTIVE,2023-06-13,2028-06-11,30000000.0,9.24,True
396,444,CARD0000000396,CREDIT_STANDARD,ACTIVE,2023-03-31,2028-03-29,200000000.0,26.22,True
397,445,CARD0000000397,CREDIT_GOLD,ACTIVE,2022-03-31,2027-03-30,20000000.0,6.96,True
398,445,CARD0000000398,CREDIT_PLATINUM,ACTIVE,2024-02-26,2029-02-24,20000000.0,12.39,True
399,446,CARD0000000399,DEBIT,ACTIVE,2025-12-15,2030-12-14,0.0,0.0,True
400,447,CARD0000000400,DEBIT,ACTIVE,2022-11-14,2027-11-13,0.0,0.0,True
401,448,CARD0000000401,DEBIT,BLOCKED,2024-01-30,2029-01-28,0.0,0.0,True
402,449,CARD0000000402,DEBIT,ACTIVE,2021-10-08,2026-10-07,0.0,0.0,True
403,449,CARD0000000403,CREDIT_STANDARD,ACTIVE,2024-09-10,2029-09-09,50000000.0,65.03,False
404,450,CARD0000000404,DEBIT,ACTIVE,2024-07-11,2029-07-10,0.0,0.0,True
405,450,CARD0000000405,DEBIT,EXPIRED,2021-08-26,2026-08-25,0.0,0.0,True
406,451,CARD0000000406,DEBIT,EXPIRED,2021-03-09,2026-03-08,0.0,0.0,True
407,451,CARD0000000407,CREDIT_GOLD,ACTIVE,2023-10-30,2028-10-28,80000000.0,65.14,True
408,452,CARD0000000408,DEBIT,EXPIRED,2021-03-31,2026-03-30,0.0,0.0,True
409,452,CARD0000000409,DEBIT,EXPIRED,2021-08-24,2026-08-23,0.0,0.0,True
410,453,CARD0000000410,DEBIT,ACTIVE,2025-11-13,2030-11-12,0.0,0.0,True
411,455,CARD0000000411,CREDIT_GOLD,ACTIVE,2026-02-25,2031-02-24,80000000.0,45.41,True
412,455,CARD0000000412,CREDIT_STANDARD,ACTIVE,2021-09-12,2026-09-11,20000000.0,69.52,True
413,457,CARD0000000413,DEBIT,ACTIVE,2026-04-24,2031-04-23,0.0,0.0,True
414,457,CARD0000000414,DEBIT,ACTIVE,2023-03-18,2028-03-16,0.0,0.0,True
415,458,CARD0000000415,DEBIT,ACTIVE,2024-03-19,2029-03-18,0.0,0.0,True
416,459,CARD0000000416,CREDIT_GOLD,ACTIVE,2022-12-02,2027-12-01,20000000.0,45.03,True
417,460,CARD0000000417,CREDIT_GOLD,ACTIVE,2025-04-24,2030-04-23,120000000.0,38.18,True
418,460,CARD0000000418,CREDIT_STANDARD,ACTIVE,2026-06-23,2031-06-22,300000000.0,16.78,True
419,461,CARD0000000419,CREDIT_PLATINUM,ACTIVE,2022-06-24,2027-06-23,30000000.0,30.97,True
420,462,CARD0000000420,CREDIT_STANDARD,ACTIVE,2021-12-18,2026-12-17,120000000.0,30.39,True
421,463,CARD0000000421,DEBIT,ACTIVE,2022-12-24,2027-12-23,0.0,0.0,True
422,463,CARD0000000422,CREDIT_PLATINUM,ACTIVE,2022-07-21,2027-07-20,80000000.0,79.66,True
423,465,CARD0000000423,DEBIT,EXPIRED,2021-05-06,2026-05-05,0.0,0.0,True
424,466,CARD0000000424,CREDIT_PLATINUM,BLOCKED,2022-01-03,2027-01-02,120000000.0,9.86,True
425,466,CARD0000000425,CREDIT_GOLD,EXPIRED,2021-06-27,2026-06-26,120000000.0,3.58,True
426,467,CARD0000000426,DEBIT,ACTIVE,2025-12-21,2030-12-20,0.0,0.0,True
427,468,CARD0000000427,DEBIT,ACTIVE,2023-06-27,2028-06-25,0.0,0.0,True
428,468,CARD0000000428,DEBIT,ACTIVE,2025-01-04,2030-01-03,0.0,0.0,True
429,469,CARD0000000429,CREDIT_STANDARD,ACTIVE,2023-06-21,2028-06-19,30000000.0,23.8,True
430,469,CARD0000000430,DEBIT,ACTIVE,2023-04-08,2028-04-06,0.0,0.0,True
431,470,CARD0000000431,DEBIT,EXPIRED,2021-08-02,2026-08-01,0.0,0.0,True
432,471,CARD0000000432,CREDIT_PLATINUM,ACTIVE,2023-11-05,2028-11-03,300000000.0,70.79,True
433,471,CARD0000000433,CREDIT_STANDARD,ACTIVE,2022-02-25,2027-02-24,20000000.0,50.0,False
434,472,CARD0000000434,DEBIT,ACTIVE,2025-07-22,2030-07-21,0.0,0.0,True
435,473,CARD0000000435,CREDIT_GOLD,ACTIVE,2023-03-11,2028-03-09,300000000.0,47.43,False
436,474,CARD0000000436,DEBIT,ACTIVE,2022-09-05,2027-09-04,0.0,0.0,True
437,474,CARD0000000437,CREDIT_STANDARD,ACTIVE,2024-06-29,2029-06-28,80000000.0,28.61,True
438,476,CARD0000000438,CREDIT_PLATINUM,ACTIVE,2025-05-22,2030-05-21,20000000.0,13.22,True
439,478,CARD0000000439,CREDIT_PLATINUM,ACTIVE,2024-06-19,2029-06-18,300000000.0,78.13,True
440,479,CARD0000000440,DEBIT,ACTIVE,2025-06-30,2030-06-29,0.0,0.0,True
441,481,CARD0000000441,DEBIT,ACTIVE,2024-07-20,2029-07-19,0.0,0.0,True
442,481,CARD0000000442,CREDIT_PLATINUM,ACTIVE,2026-05-10,2031-05-09,30000000.0,81.39,False
443,483,CARD0000000443,DEBIT,BLOCKED,2023-05-11,2028-05-09,0.0,0.0,True
444,486,CARD0000000444,CREDIT_PLATINUM,ACTIVE,2024-04-24,2029-04-23,300000000.0,76.93,False
445,487,CARD0000000445,DEBIT,ACTIVE,2026-02-03,2031-02-02,0.0,0.0,True
446,488,CARD0000000446,CREDIT_PLATINUM,BLOCKED,2021-11-18,2026-11-17,200000000.0,26.22,True
447,488,CARD0000000447,CREDIT_PLATINUM,ACTIVE,2022-06-30,2027-06-29,120000000.0,32.9,False
448,489,CARD0000000448,CREDIT_GOLD,BLOCKED,2021-12-03,2026-12-02,30000000.0,80.32,True
449,491,CARD0000000449,CREDIT_STANDARD,ACTIVE,2023-11-17,2028-11-15,50000000.0,3.54,True
450,493,CARD0000000450,CREDIT_PLATINUM,ACTIVE,2023-03-31,2028-03-29,300000000.0,4.01,True
451,493,CARD0000000451,DEBIT,ACTIVE,2024-02-16,2029-02-14,0.0,0.0,True
452,494,CARD0000000452,CREDIT_STANDARD,ACTIVE,2023-12-09,2028-12-07,30000000.0,62.65,True
453,495,CARD0000000453,DEBIT,ACTIVE,2022-01-21,2027-01-20,0.0,0.0,True
454,496,CARD0000000454,CREDIT_STANDARD,EXPIRED,2021-04-03,2026-04-02,120000000.0,63.17,True
455,497,CARD0000000455,CREDIT_GOLD,EXPIRED,2021-08-12,2026-08-11,120000000.0,43.82,True
456,499,CARD0000000456,CREDIT_PLATINUM,ACTIVE,2021-11-17,2026-11-16,80000000.0,23.62,True
457,499,CARD0000000457,DEBIT,ACTIVE,2024-08-19,2029-08-18,0.0,0.0,True
458,501,CARD0000000458,CREDIT_GOLD,BLOCKED,2022-12-29,2027-12-28,20000000.0,2.05,True
459,501,CARD0000000459,DEBIT,ACTIVE,2022-01-14,2027-01-13,0.0,0.0,True
460,502,CARD0000000460,CREDIT_PLATINUM,ACTIVE,2023-01-17,2028-01-16,50000000.0,57.11,True
461,504,CARD0000000461,DEBIT,ACTIVE,2022-09-01,2027-08-31,0.0,0.0,True
462,505,CARD0000000462,DEBIT,ACTIVE,2025-09-15,2030-09-14,0.0,0.0,True
463,506,CARD0000000463,CREDIT_PLATINUM,ACTIVE,2023-03-20,2028-03-18,300000000.0,37.48,True
464,507,CARD0000000464,CREDIT_STANDARD,ACTIVE,2024-08-22,2029-08-21,80000000.0,61.92,True
465,508,CARD0000000465,CREDIT_STANDARD,ACTIVE,2024-11-11,2029-11-10,300000000.0,82.48,True
466,510,CARD0000000466,CREDIT_GOLD,ACTIVE,2022-09-19,2027-09-18,80000000.0,56.59,True
467,511,CARD0000000467,CREDIT_GOLD,ACTIVE,2025-07-01,2030-06-30,300000000.0,21.49,True
468,511,CARD0000000468,CREDIT_STANDARD,EXPIRED,2021-03-09,2026-03-08,30000000.0,23.57,True
469,512,CARD0000000469,DEBIT,ACTIVE,2023-06-03,2028-06-01,0.0,0.0,True
470,513,CARD0000000470,DEBIT,ACTIVE,2023-01-21,2028-01-20,0.0,0.0,True
471,513,CARD0000000471,CREDIT_STANDARD,EXPIRED,2021-06-24,2026-06-23,30000000.0,76.16,False
472,515,CARD0000000472,CREDIT_GOLD,ACTIVE,2023-07-29,2028-07-27,80000000.0,64.36,True
473,516,CARD0000000473,CREDIT_PLATINUM,EXPIRED,2021-06-09,2026-06-08,300000000.0,16.13,True
474,517,CARD0000000474,CREDIT_STANDARD,ACTIVE,2022-02-16,2027-02-15,20000000.0,69.11,True
475,518,CARD0000000475,CREDIT_GOLD,EXPIRED,2021-04-30,2026-04-29,30000000.0,9.61,True
476,519,CARD0000000476,CREDIT_PLATINUM,ACTIVE,2021-10-26,2026-10-25,30000000.0,47.19,True
477,520,CARD0000000477,CREDIT_STANDARD,ACTIVE,2022-06-27,2027-06-26,20000000.0,51.66,True
478,521,CARD0000000478,CREDIT_STANDARD,ACTIVE,2025-10-05,2030-10-04,30000000.0,83.04,True
479,522,CARD0000000479,DEBIT,ACTIVE,2024-02-14,2029-02-12,0.0,0.0,True
480,524,CARD0000000480,DEBIT,ACTIVE,2025-07-27,2030-07-26,0.0,0.0,True
481,525,CARD0000000481,CREDIT_GOLD,ACTIVE,2026-02-02,2031-02-01,120000000.0,40.57,False
482,525,CARD0000000482,CREDIT_GOLD,EXPIRED,2021-04-21,2026-04-20,120000000.0,78.86,False
483,527,CARD0000000483,CREDIT_STANDARD,ACTIVE,2023-07-10,2028-07-08,120000000.0,33.87,True
484,529,CARD0000000484,DEBIT,ACTIVE,2021-12-18,2026-12-17,0.0,0.0,True
485,533,CARD0000000485,DEBIT,ACTIVE,2024-12-03,2029-12-02,0.0,0.0,True
486,535,CARD0000000486,DEBIT,ACTIVE,2024-10-06,2029-10-05,0.0,0.0,True
487,535,CARD0000000487,CREDIT_GOLD,ACTIVE,2026-05-15,2031-05-14,200000000.0,60.46,True
488,536,CARD0000000488,CREDIT_GOLD,ACTIVE,2025-06-06,2030-06-05,80000000.0,9.29,True
489,537,CARD0000000489,CREDIT_STANDARD,ACTIVE,2026-05-11,2031-05-10,30000000.0,55.51,False
490,538,CARD0000000490,CREDIT_GOLD,ACTIVE,2023-08-21,2028-08-19,30000000.0,5.59,True
491,539,CARD0000000491,CREDIT_PLATINUM,ACTIVE,2022-12-26,2027-12-25,50000000.0,11.23,True
492,540,CARD0000000492,CREDIT_PLATINUM,ACTIVE,2022-10-18,2027-10-17,30000000.0,15.63,True
493,541,CARD0000000493,CREDIT_GOLD,ACTIVE,2025-05-06,2030-05-05,20000000.0,21.13,True
494,545,CARD0000000494,CREDIT_STANDARD,ACTIVE,2022-11-08,2027-11-07,300000000.0,6.29,True
495,546,CARD0000000495,DEBIT,EXPIRED,2021-07-02,2026-07-01,0.0,0.0,True
496,547,CARD0000000496,DEBIT,ACTIVE,2023-08-05,2028-08-03,0.0,0.0,True
497,548,CARD0000000497,CREDIT_STANDARD,ACTIVE,2022-06-01,2027-05-31,30000000.0,37.74,True
498,549,CARD0000000498,CREDIT_STANDARD,ACTIVE,2022-06-08,2027-06-07,200000000.0,5.12,True
499,550,CARD0000000499,CREDIT_PLATINUM,ACTIVE,2026-03-05,2031-03-04,300000000.0,54.37,True
500,551,CARD0000000500,DEBIT,ACTIVE,2023-10-22,2028-10-20,0.0,0.0,True
501,551,CARD0000000501,CREDIT_GOLD,ACTIVE,2024-11-26,2029-11-25,30000000.0,46.14,True
502,555,CARD0000000502,CREDIT_GOLD,ACTIVE,2025-03-29,2030-03-28,50000000.0,38.15,True
503,555,CARD0000000503,DEBIT,ACTIVE,2024-03-04,2029-03-03,0.0,0.0,True
504,556,CARD0000000504,CREDIT_PLATINUM,ACTIVE,2025-10-10,2030-10-09,300000000.0,24.0,True
505,558,CARD0000000505,CREDIT_STANDARD,EXPIRED,2021-07-31,2026-07-30,50000000.0,72.74,True
506,559,CARD0000000506,DEBIT,ACTIVE,2025-11-15,2030-11-14,0.0,0.0,True
507,560,CARD0000000507,CREDIT_GOLD,ACTIVE,2023-05-12,2028-05-10,30000000.0,30.0,False
508,560,CARD0000000508,DEBIT,ACTIVE,2025-01-28,2030-01-27,0.0,0.0,True
509,561,CARD0000000509,CREDIT_GOLD,ACTIVE,2023-03-13,2028-03-11,20000000.0,50.18,False
510,561,CARD0000000510,CREDIT_STANDARD,ACTIVE,2023-01-05,2028-01-04,80000000.0,36.16,True
511,562,CARD0000000511,CREDIT_STANDARD,ACTIVE,2023-10-26,2028-10-24,300000000.0,8.88,True
512,562,CARD0000000512,DEBIT,ACTIVE,2025-01-05,2030-01-04,0.0,0.0,True
513,563,CARD0000000513,DEBIT,ACTIVE,2025-01-10,2030-01-09,0.0,0.0,True
514,565,CARD0000000514,CREDIT_PLATINUM,ACTIVE,2023-10-28,2028-10-26,20000000.0,4.03,True
515,569,CARD0000000515,DEBIT,ACTIVE,2022-01-01,2026-12-31,0.0,0.0,True
516,570,CARD0000000516,DEBIT,BLOCKED,2023-04-18,2028-04-16,0.0,0.0,True
517,572,CARD0000000517,CREDIT_PLATINUM,ACTIVE,2024-06-13,2029-06-12,50000000.0,72.38,True
518,573,CARD0000000518,DEBIT,ACTIVE,2022-04-20,2027-04-19,0.0,0.0,True
519,573,CARD0000000519,DEBIT,ACTIVE,2025-07-21,2030-07-20,0.0,0.0,True
520,574,CARD0000000520,DEBIT,ACTIVE,2026-05-31,2031-05-30,0.0,0.0,True
521,574,CARD0000000521,CREDIT_STANDARD,ACTIVE,2022-08-04,2027-08-03,300000000.0,28.34,True
522,575,CARD0000000522,CREDIT_PLATINUM,ACTIVE,2025-10-15,2030-10-14,300000000.0,74.63,True
523,576,CARD0000000523,DEBIT,ACTIVE,2025-12-17,2030-12-16,0.0,0.0,True
524,577,CARD0000000524,DEBIT,EXPIRED,2021-07-07,2026-07-06,0.0,0.0,True
525,578,CARD0000000525,DEBIT,ACTIVE,2026-01-25,2031-01-24,0.0,0.0,True
526,578,CARD0000000526,CREDIT_GOLD,ACTIVE,2022-04-09,2027-04-08,200000000.0,60.83,True
527,580,CARD0000000527,DEBIT,ACTIVE,2022-08-16,2027-08-15,0.0,0.0,True
528,581,CARD0000000528,CREDIT_GOLD,ACTIVE,2026-02-21,2031-02-20,120000000.0,55.77,True
529,582,CARD0000000529,DEBIT,ACTIVE,2026-01-30,2031-01-29,0.0,0.0,True
530,583,CARD0000000530,CREDIT_GOLD,ACTIVE,2026-01-02,2031-01-01,30000000.0,40.12,True
531,585,CARD0000000531,CREDIT_GOLD,ACTIVE,2024-12-09,2029-12-08,120000000.0,39.07,True
532,587,CARD0000000532,CREDIT_PLATINUM,EXPIRED,2021-06-02,2026-06-01,200000000.0,28.93,True
533,588,CARD0000000533,DEBIT,ACTIVE,2022-05-31,2027-05-30,0.0,0.0,True
534,590,CARD0000000534,CREDIT_STANDARD,EXPIRED,2021-05-10,2026-05-09,300000000.0,79.04,True
535,590,CARD0000000535,DEBIT,ACTIVE,2025-05-17,2030-05-16,0.0,0.0,True
536,592,CARD0000000536,CREDIT_STANDARD,ACTIVE,2026-06-22,2031-06-21,30000000.0,50.5,True
537,594,CARD0000000537,DEBIT,ACTIVE,2024-09-03,2029-09-02,0.0,0.0,True
538,595,CARD0000000538,CREDIT_GOLD,ACTIVE,2024-03-09,2029-03-08,30000000.0,59.59,True
539,595,CARD0000000539,DEBIT,ACTIVE,2025-01-28,2030-01-27,0.0,0.0,True
540,597,CARD0000000540,DEBIT,ACTIVE,2022-03-26,2027-03-25,0.0,0.0,True
541,597,CARD0000000541,CREDIT_STANDARD,ACTIVE,2025-01-30,2030-01-29,20000000.0,3.35,True
542,598,CARD0000000542,CREDIT_PLATINUM,ACTIVE,2024-10-13,2029-10-12,80000000.0,67.64,True
543,598,CARD0000000543,CREDIT_STANDARD,ACTIVE,2023-08-26,2028-08-24,30000000.0,29.81,True
544,600,CARD0000000544,DEBIT,ACTIVE,2024-10-29,2029-10-28,0.0,0.0,True
545,601,CARD0000000545,CREDIT_GOLD,ACTIVE,2024-06-19,2029-06-18,200000000.0,82.16,True
546,601,CARD0000000546,DEBIT,ACTIVE,2023-06-24,2028-06-22,0.0,0.0,True
547,603,CARD0000000547,CREDIT_PLATINUM,EXPIRED,2021-07-20,2026-07-19,80000000.0,52.58,True
548,603,CARD0000000548,CREDIT_PLATINUM,ACTIVE,2025-11-23,2030-11-22,50000000.0,71.32,True
549,605,CARD0000000549,CREDIT_STANDARD,ACTIVE,2025-12-15,2030-12-14,20000000.0,55.01,True
550,605,CARD0000000550,CREDIT_PLATINUM,ACTIVE,2023-01-10,2028-01-09,300000000.0,22.6,True
551,606,CARD0000000551,DEBIT,EXPIRED,2021-08-07,2026-08-06,0.0,0.0,True
552,608,CARD0000000552,DEBIT,ACTIVE,2022-07-13,2027-07-12,0.0,0.0,True
553,609,CARD0000000553,DEBIT,ACTIVE,2025-05-13,2030-05-12,0.0,0.0,True
554,609,CARD0000000554,CREDIT_PLATINUM,ACTIVE,2024-06-22,2029-06-21,50000000.0,5.41,False
555,610,CARD0000000555,CREDIT_STANDARD,ACTIVE,2025-05-01,2030-04-30,50000000.0,64.91,True
556,610,CARD0000000556,CREDIT_PLATINUM,ACTIVE,2021-10-15,2026-10-14,120000000.0,75.81,True
557,611,CARD0000000557,DEBIT,ACTIVE,2026-06-25,2031-06-24,0.0,0.0,True
558,612,CARD0000000558,CREDIT_PLATINUM,ACTIVE,2023-06-06,2028-06-04,120000000.0,1.05,True
559,613,CARD0000000559,DEBIT,ACTIVE,2023-12-15,2028-12-13,0.0,0.0,True
560,613,CARD0000000560,DEBIT,ACTIVE,2021-09-21,2026-09-20,0.0,0.0,True
561,615,CARD0000000561,DEBIT,ACTIVE,2025-08-05,2030-08-04,0.0,0.0,True
562,616,CARD0000000562,DEBIT,ACTIVE,2022-05-01,2027-04-30,0.0,0.0,True
563,616,CARD0000000563,DEBIT,ACTIVE,2024-10-06,2029-10-05,0.0,0.0,True
564,619,CARD0000000564,CREDIT_STANDARD,ACTIVE,2023-10-26,2028-10-24,80000000.0,17.27,True
565,620,CARD0000000565,CREDIT_PLATINUM,ACTIVE,2023-06-17,2028-06-15,20000000.0,23.45,False
566,621,CARD0000000566,DEBIT,ACTIVE,2023-11-30,2028-11-28,0.0,0.0,True
567,622,CARD0000000567,DEBIT,ACTIVE,2024-10-29,2029-10-28,0.0,0.0,True
568,623,CARD0000000568,DEBIT,ACTIVE,2024-04-05,2029-04-04,0.0,0.0,True
569,624,CARD0000000569,CREDIT_STANDARD,ACTIVE,2026-05-01,2031-04-30,20000000.0,36.91,True
570,625,CARD0000000570,CREDIT_STANDARD,ACTIVE,2026-01-01,2030-12-31,20000000.0,38.31,False
571,625,CARD0000000571,DEBIT,ACTIVE,2022-09-27,2027-09-26,0.0,0.0,True
572,627,CARD0000000572,CREDIT_STANDARD,ACTIVE,2026-05-19,2031-05-18,300000000.0,78.04,True
573,627,CARD0000000573,DEBIT,EXPIRED,2021-06-06,2026-06-05,0.0,0.0,True
574,629,CARD0000000574,DEBIT,ACTIVE,2023-03-23,2028-03-21,0.0,0.0,True
575,630,CARD0000000575,CREDIT_PLATINUM,EXPIRED,2021-03-08,2026-03-07,120000000.0,44.51,True
576,632,CARD0000000576,CREDIT_STANDARD,BLOCKED,2022-01-27,2027-01-26,80000000.0,48.26,True
577,632,CARD0000000577,CREDIT_PLATINUM,ACTIVE,2026-03-06,2031-03-05,200000000.0,82.24,True
578,633,CARD0000000578,DEBIT,ACTIVE,2023-07-13,2028-07-11,0.0,0.0,True
579,634,CARD0000000579,DEBIT,ACTIVE,2026-02-16,2031-02-15,0.0,0.0,True
580,635,CARD0000000580,CREDIT_STANDARD,ACTIVE,2025-07-13,2030-07-12,120000000.0,29.21,True
581,636,CARD0000000581,CREDIT_GOLD,ACTIVE,2023-05-06,2028-05-04,200000000.0,50.45,True
582,636,CARD0000000582,CREDIT_GOLD,ACTIVE,2023-09-13,2028-09-11,200000000.0,61.83,True
583,637,CARD0000000583,CREDIT_GOLD,ACTIVE,2022-08-01,2027-07-31,50000000.0,0.28,True
584,639,CARD0000000584,CREDIT_GOLD,ACTIVE,2023-04-17,2028-04-15,50000000.0,48.63,True
585,641,CARD0000000585,CREDIT_STANDARD,ACTIVE,2025-06-09,2030-06-08,200000000.0,8.84,True
586,643,CARD0000000586,DEBIT,ACTIVE,2021-12-02,2026-12-01,0.0,0.0,True
587,644,CARD0000000587,CREDIT_STANDARD,ACTIVE,2021-11-06,2026-11-05,50000000.0,18.92,True
588,644,CARD0000000588,CREDIT_PLATINUM,ACTIVE,2025-03-30,2030-03-29,80000000.0,27.17,False
589,645,CARD0000000589,CREDIT_GOLD,ACTIVE,2025-03-21,2030-03-20,20000000.0,77.55,True
590,646,CARD0000000590,CREDIT_GOLD,BLOCKED,2023-08-03,2028-08-01,20000000.0,30.88,True
591,647,CARD0000000591,CREDIT_STANDARD,BLOCKED,2024-05-31,2029-05-30,20000000.0,62.72,True
592,647,CARD0000000592,CREDIT_STANDARD,ACTIVE,2024-12-27,2029-12-26,30000000.0,81.61,True
593,648,CARD0000000593,CREDIT_PLATINUM,ACTIVE,2025-05-03,2030-05-02,30000000.0,18.46,True
594,648,CARD0000000594,CREDIT_STANDARD,ACTIVE,2024-10-24,2029-10-23,120000000.0,53.61,True
595,649,CARD0000000595,DEBIT,ACTIVE,2023-01-31,2028-01-30,0.0,0.0,True
596,650,CARD0000000596,CREDIT_PLATINUM,ACTIVE,2024-11-07,2029-11-06,120000000.0,21.92,True
597,651,CARD0000000597,DEBIT,ACTIVE,2025-08-11,2030-08-10,0.0,0.0,True
598,652,CARD0000000598,DEBIT,EXPIRED,2021-07-04,2026-07-03,0.0,0.0,True
599,656,CARD0000000599,DEBIT,ACTIVE,2023-03-24,2028-03-22,0.0,0.0,True
600,657,CARD0000000600,DEBIT,ACTIVE,2026-04-24,2031-04-23,0.0,0.0,True
601,657,CARD0000000601,CREDIT_STANDARD,ACTIVE,2023-06-18,2028-06-16,200000000.0,33.12,True
602,659,CARD0000000602,DEBIT,ACTIVE,2024-05-20,2029-05-19,0.0,0.0,True
603,659,CARD0000000603,DEBIT,ACTIVE,2022-05-08,2027-05-07,0.0,0.0,True
604,660,CARD0000000604,CREDIT_GOLD,ACTIVE,2025-04-10,2030-04-09,80000000.0,78.29,True
605,660,CARD0000000605,DEBIT,ACTIVE,2023-08-15,2028-08-13,0.0,0.0,True
606,662,CARD0000000606,CREDIT_PLATINUM,ACTIVE,2026-02-12,2031-02-11,80000000.0,56.75,True
607,665,CARD0000000607,CREDIT_STANDARD,ACTIVE,2023-09-20,2028-09-18,80000000.0,72.0,True
608,667,CARD0000000608,DEBIT,ACTIVE,2024-01-31,2029-01-29,0.0,0.0,True
609,668,CARD0000000609,DEBIT,ACTIVE,2021-09-12,2026-09-11,0.0,0.0,True
610,668,CARD0000000610,DEBIT,ACTIVE,2025-12-28,2030-12-27,0.0,0.0,True
611,670,CARD0000000611,DEBIT,ACTIVE,2022-10-12,2027-10-11,0.0,0.0,True
612,671,CARD0000000612,CREDIT_STANDARD,ACTIVE,2025-04-29,2030-04-28,50000000.0,80.55,True
613,671,CARD0000000613,CREDIT_PLATINUM,ACTIVE,2022-01-03,2027-01-02,120000000.0,33.69,True
614,673,CARD0000000614,CREDIT_GOLD,ACTIVE,2023-07-15,2028-07-13,50000000.0,58.63,True
615,674,CARD0000000615,DEBIT,ACTIVE,2024-02-18,2029-02-16,0.0,0.0,True
616,674,CARD0000000616,CREDIT_PLATINUM,ACTIVE,2021-09-11,2026-09-10,300000000.0,2.61,True
617,675,CARD0000000617,CREDIT_STANDARD,ACTIVE,2023-07-27,2028-07-25,30000000.0,74.13,True
618,676,CARD0000000618,CREDIT_STANDARD,ACTIVE,2023-04-15,2028-04-13,20000000.0,21.58,False
619,678,CARD0000000619,DEBIT,ACTIVE,2024-06-27,2029-06-26,0.0,0.0,True
620,679,CARD0000000620,DEBIT,ACTIVE,2024-05-20,2029-05-19,0.0,0.0,True
621,680,CARD0000000621,CREDIT_GOLD,ACTIVE,2025-05-13,2030-05-12,200000000.0,28.5,True
622,681,CARD0000000622,CREDIT_GOLD,ACTIVE,2024-10-08,2029-10-07,30000000.0,57.22,False
623,681,CARD0000000623,DEBIT,ACTIVE,2024-01-15,2029-01-13,0.0,0.0,True
624,682,CARD0000000624,DEBIT,ACTIVE,2024-10-27,2029-10-26,0.0,0.0,True
625,685,CARD0000000625,CREDIT_PLATINUM,BLOCKED,2026-06-16,2031-06-15,200000000.0,19.99,True
626,685,CARD0000000626,DEBIT,ACTIVE,2024-03-31,2029-03-30,0.0,0.0,True
627,686,CARD0000000627,DEBIT,ACTIVE,2026-04-03,2031-04-02,0.0,0.0,True
628,687,CARD0000000628,CREDIT_GOLD,EXPIRED,2021-06-19,2026-06-18,20000000.0,34.58,True
629,688,CARD0000000629,DEBIT,ACTIVE,2025-10-23,2030-10-22,0.0,0.0,True
630,691,CARD0000000630,CREDIT_STANDARD,ACTIVE,2026-06-04,2031-06-03,300000000.0,18.33,True
631,692,CARD0000000631,CREDIT_GOLD,EXPIRED,2021-07-06,2026-07-05,20000000.0,38.73,True
632,693,CARD0000000632,CREDIT_PLATINUM,ACTIVE,2023-06-02,2028-05-31,200000000.0,12.12,True
633,693,CARD0000000633,CREDIT_STANDARD,EXPIRED,2021-06-18,2026-06-17,30000000.0,18.33,True
634,694,CARD0000000634,DEBIT,ACTIVE,2025-10-17,2030-10-16,0.0,0.0,True
635,694,CARD0000000635,CREDIT_GOLD,ACTIVE,2024-04-10,2029-04-09,20000000.0,43.1,True
636,697,CARD0000000636,CREDIT_STANDARD,ACTIVE,2024-08-04,2029-08-03,30000000.0,2.8,True
637,698,CARD0000000637,CREDIT_PLATINUM,ACTIVE,2021-12-15,2026-12-14,300000000.0,16.71,True
638,698,CARD0000000638,CREDIT_STANDARD,ACTIVE,2025-11-10,2030-11-09,30000000.0,49.44,False
639,699,CARD0000000639,CREDIT_PLATINUM,ACTIVE,2026-04-18,2031-04-17,300000000.0,9.58,True
640,700,CARD0000000640,CREDIT_STANDARD,ACTIVE,2022-10-15,2027-10-14,120000000.0,32.52,True
641,701,CARD0000000641,CREDIT_PLATINUM,ACTIVE,2023-11-01,2028-10-30,200000000.0,13.07,True
642,703,CARD0000000642,DEBIT,ACTIVE,2024-06-12,2029-06-11,0.0,0.0,True
643,705,CARD0000000643,CREDIT_GOLD,ACTIVE,2024-06-17,2029-06-16,30000000.0,17.65,True
644,705,CARD0000000644,CREDIT_GOLD,ACTIVE,2025-11-26,2030-11-25,50000000.0,23.72,True
645,706,CARD0000000645,DEBIT,ACTIVE,2026-04-06,2031-04-05,0.0,0.0,True
646,706,CARD0000000646,DEBIT,ACTIVE,2021-09-25,2026-09-24,0.0,0.0,True
647,707,CARD0000000647,CREDIT_PLATINUM,ACTIVE,2023-03-06,2028-03-04,300000000.0,24.0,True
648,707,CARD0000000648,DEBIT,ACTIVE,2026-06-15,2031-06-14,0.0,0.0,True
649,708,CARD0000000649,DEBIT,ACTIVE,2026-05-26,2031-05-25,0.0,0.0,True
650,708,CARD0000000650,DEBIT,ACTIVE,2022-09-12,2027-09-11,0.0,0.0,True
651,709,CARD0000000651,CREDIT_STANDARD,ACTIVE,2025-02-03,2030-02-02,80000000.0,21.22,True
652,709,CARD0000000652,CREDIT_GOLD,ACTIVE,2024-10-01,2029-09-30,50000000.0,79.67,False
653,710,CARD0000000653,DEBIT,ACTIVE,2025-12-09,2030-12-08,0.0,0.0,True
654,711,CARD0000000654,DEBIT,ACTIVE,2022-10-23,2027-10-22,0.0,0.0,True
655,714,CARD0000000655,CREDIT_STANDARD,ACTIVE,2021-12-29,2026-12-28,200000000.0,24.04,True
656,717,CARD0000000656,DEBIT,ACTIVE,2023-11-16,2028-11-14,0.0,0.0,True
657,718,CARD0000000657,DEBIT,ACTIVE,2024-02-09,2029-02-07,0.0,0.0,True
658,720,CARD0000000658,CREDIT_PLATINUM,ACTIVE,2022-05-07,2027-05-06,50000000.0,66.75,True
659,720,CARD0000000659,CREDIT_GOLD,ACTIVE,2024-02-24,2029-02-22,300000000.0,80.32,True
660,721,CARD0000000660,CREDIT_PLATINUM,ACTIVE,2026-01-06,2031-01-05,50000000.0,33.98,True
661,722,CARD0000000661,DEBIT,ACTIVE,2024-05-01,2029-04-30,0.0,0.0,True
662,722,CARD0000000662,DEBIT,ACTIVE,2023-01-16,2028-01-15,0.0,0.0,True
663,723,CARD0000000663,CREDIT_GOLD,BLOCKED,2021-09-07,2026-09-06,20000000.0,84.21,False
664,723,CARD0000000664,CREDIT_STANDARD,ACTIVE,2022-05-05,2027-05-04,200000000.0,70.69,True
665,724,CARD0000000665,CREDIT_STANDARD,ACTIVE,2023-11-18,2028-11-16,50000000.0,32.78,True
666,725,CARD0000000666,CREDIT_PLATINUM,ACTIVE,2025-03-03,2030-03-02,20000000.0,35.62,True
667,726,CARD0000000667,CREDIT_STANDARD,ACTIVE,2024-12-05,2029-12-04,20000000.0,53.91,False
668,726,CARD0000000668,DEBIT,ACTIVE,2026-05-05,2031-05-04,0.0,0.0,True
669,727,CARD0000000669,CREDIT_STANDARD,ACTIVE,2024-09-11,2029-09-10,120000000.0,28.36,True
670,730,CARD0000000670,DEBIT,ACTIVE,2022-06-16,2027-06-15,0.0,0.0,True
671,731,CARD0000000671,CREDIT_GOLD,ACTIVE,2021-12-27,2026-12-26,30000000.0,40.67,True
672,731,CARD0000000672,DEBIT,BLOCKED,2024-07-19,2029-07-18,0.0,0.0,True
673,732,CARD0000000673,CREDIT_GOLD,ACTIVE,2026-03-04,2031-03-03,20000000.0,38.29,True
674,733,CARD0000000674,DEBIT,BLOCKED,2021-11-05,2026-11-04,0.0,0.0,True
675,734,CARD0000000675,CREDIT_PLATINUM,ACTIVE,2023-04-28,2028-04-26,20000000.0,22.41,True
676,735,CARD0000000676,CREDIT_GOLD,ACTIVE,2026-03-03,2031-03-02,30000000.0,84.15,False
677,737,CARD0000000677,CREDIT_GOLD,ACTIVE,2024-06-21,2029-06-20,50000000.0,29.45,True
678,737,CARD0000000678,DEBIT,ACTIVE,2025-07-07,2030-07-06,0.0,0.0,True
679,738,CARD0000000679,DEBIT,BLOCKED,2023-06-20,2028-06-18,0.0,0.0,True
680,739,CARD0000000680,DEBIT,ACTIVE,2022-03-16,2027-03-15,0.0,0.0,True
681,739,CARD0000000681,DEBIT,ACTIVE,2022-05-25,2027-05-24,0.0,0.0,True
682,741,CARD0000000682,CREDIT_STANDARD,ACTIVE,2021-11-19,2026-11-18,50000000.0,32.71,True
683,741,CARD0000000683,CREDIT_GOLD,ACTIVE,2025-05-24,2030-05-23,30000000.0,38.74,True
684,742,CARD0000000684,CREDIT_GOLD,ACTIVE,2026-03-26,2031-03-25,30000000.0,52.14,False
685,742,CARD0000000685,CREDIT_GOLD,ACTIVE,2025-06-19,2030-06-18,20000000.0,66.93,True
686,743,CARD0000000686,CREDIT_STANDARD,ACTIVE,2026-03-22,2031-03-21,200000000.0,83.27,False
687,744,CARD0000000687,DEBIT,EXPIRED,2021-08-05,2026-08-04,0.0,0.0,True
688,744,CARD0000000688,CREDIT_PLATINUM,ACTIVE,2026-06-21,2031-06-20,200000000.0,71.94,True
689,745,CARD0000000689,CREDIT_GOLD,ACTIVE,2026-04-10,2031-04-09,50000000.0,20.04,True
690,747,CARD0000000690,DEBIT,ACTIVE,2025-06-24,2030-06-23,0.0,0.0,True
691,749,CARD0000000691,DEBIT,ACTIVE,2025-08-26,2030-08-25,0.0,0.0,True
692,749,CARD0000000692,CREDIT_STANDARD,ACTIVE,2025-03-30,2030-03-29,120000000.0,37.97,True
693,750,CARD0000000693,DEBIT,ACTIVE,2023-07-14,2028-07-12,0.0,0.0,True
694,752,CARD0000000694,DEBIT,ACTIVE,2024-12-07,2029-12-06,0.0,0.0,True
695,755,CARD0000000695,DEBIT,ACTIVE,2021-10-22,2026-10-21,0.0,0.0,True
696,757,CARD0000000696,DEBIT,ACTIVE,2022-08-31,2027-08-30,0.0,0.0,True
697,758,CARD0000000697,DEBIT,ACTIVE,2026-05-10,2031-05-09,0.0,0.0,True
698,759,CARD0000000698,CREDIT_PLATINUM,ACTIVE,2023-07-07,2028-07-05,80000000.0,19.41,True
699,760,CARD0000000699,DEBIT,ACTIVE,2026-06-06,2031-06-05,0.0,0.0,True
700,762,CARD0000000700,CREDIT_PLATINUM,ACTIVE,2025-03-06,2030-03-05,200000000.0,30.17,True
701,763,CARD0000000701,CREDIT_PLATINUM,ACTIVE,2026-06-28,2031-06-27,30000000.0,28.19,True
702,764,CARD0000000702,CREDIT_GOLD,BLOCKED,2024-08-16,2029-08-15,120000000.0,28.03,True
703,765,CARD0000000703,DEBIT,ACTIVE,2021-10-15,2026-10-14,0.0,0.0,True
704,766,CARD0000000704,DEBIT,ACTIVE,2023-02-14,2028-02-13,0.0,0.0,True
705,767,CARD0000000705,CREDIT_STANDARD,ACTIVE,2026-03-30,2031-03-29,20000000.0,16.02,True
706,767,CARD0000000706,DEBIT,EXPIRED,2021-06-18,2026-06-17,0.0,0.0,True
707,768,CARD0000000707,CREDIT_GOLD,ACTIVE,2025-06-16,2030-06-15,50000000.0,50.11,False
708,769,CARD0000000708,DEBIT,ACTIVE,2024-05-25,2029-05-24,0.0,0.0,True
709,769,CARD0000000709,CREDIT_PLATINUM,ACTIVE,2021-12-07,2026-12-06,50000000.0,60.97,True
710,770,CARD0000000710,DEBIT,ACTIVE,2024-08-04,2029-08-03,0.0,0.0,True
711,770,CARD0000000711,DEBIT,ACTIVE,2025-07-11,2030-07-10,0.0,0.0,True
712,772,CARD0000000712,DEBIT,EXPIRED,2021-06-17,2026-06-16,0.0,0.0,True
713,773,CARD0000000713,DEBIT,ACTIVE,2025-12-01,2030-11-30,0.0,0.0,True
714,773,CARD0000000714,CREDIT_GOLD,BLOCKED,2025-06-05,2030-06-04,200000000.0,66.48,True
715,775,CARD0000000715,CREDIT_PLATINUM,ACTIVE,2022-08-28,2027-08-27,200000000.0,32.52,True
716,776,CARD0000000716,DEBIT,ACTIVE,2021-10-24,2026-10-23,0.0,0.0,True
717,776,CARD0000000717,CREDIT_STANDARD,ACTIVE,2024-01-12,2029-01-10,50000000.0,56.09,True
718,779,CARD0000000718,DEBIT,ACTIVE,2024-07-24,2029-07-23,0.0,0.0,True
719,779,CARD0000000719,CREDIT_STANDARD,ACTIVE,2024-10-07,2029-10-06,20000000.0,52.26,False
720,782,CARD0000000720,CREDIT_PLATINUM,ACTIVE,2024-06-11,2029-06-10,30000000.0,59.07,True
721,783,CARD0000000721,DEBIT,ACTIVE,2023-12-30,2028-12-28,0.0,0.0,True
722,784,CARD0000000722,DEBIT,ACTIVE,2025-05-09,2030-05-08,0.0,0.0,True
723,785,CARD0000000723,DEBIT,ACTIVE,2025-04-18,2030-04-17,0.0,0.0,True
724,786,CARD0000000724,DEBIT,ACTIVE,2026-01-30,2031-01-29,0.0,0.0,True
725,789,CARD0000000725,DEBIT,ACTIVE,2023-03-26,2028-03-24,0.0,0.0,True
726,789,CARD0000000726,CREDIT_GOLD,ACTIVE,2023-08-11,2028-08-09,30000000.0,45.68,True
727,790,CARD0000000727,CREDIT_GOLD,ACTIVE,2023-12-09,2028-12-07,200000000.0,26.58,True
728,791,CARD0000000728,CREDIT_STANDARD,ACTIVE,2022-02-14,2027-02-13,50000000.0,6.13,False
729,793,CARD0000000729,CREDIT_GOLD,ACTIVE,2022-03-31,2027-03-30,200000000.0,21.28,True
730,793,CARD0000000730,CREDIT_GOLD,ACTIVE,2025-01-29,2030-01-28,300000000.0,82.62,True
731,795,CARD0000000731,CREDIT_STANDARD,BLOCKED,2023-01-06,2028-01-05,200000000.0,17.64,True
732,795,CARD0000000732,DEBIT,ACTIVE,2025-09-07,2030-09-06,0.0,0.0,True
733,797,CARD0000000733,CREDIT_PLATINUM,EXPIRED,2021-03-21,2026-03-20,30000000.0,61.2,True
734,798,CARD0000000734,DEBIT,ACTIVE,2026-03-20,2031-03-19,0.0,0.0,True
735,798,CARD0000000735,CREDIT_STANDARD,ACTIVE,2026-04-13,2031-04-12,120000000.0,21.29,True
736,799,CARD0000000736,CREDIT_STANDARD,ACTIVE,2024-08-25,2029-08-24,20000000.0,8.84,True
737,800,CARD0000000737,DEBIT,ACTIVE,2022-05-14,2027-05-13,0.0,0.0,True
738,802,CARD0000000738,DEBIT,BLOCKED,2022-05-10,2027-05-09,0.0,0.0,True
739,803,CARD0000000739,DEBIT,ACTIVE,2024-09-18,2029-09-17,0.0,0.0,True
740,803,CARD0000000740,CREDIT_STANDARD,ACTIVE,2022-03-03,2027-03-02,200000000.0,61.65,True
741,804,CARD0000000741,DEBIT,ACTIVE,2025-09-16,2030-09-15,0.0,0.0,True
742,805,CARD0000000742,DEBIT,ACTIVE,2022-08-10,2027-08-09,0.0,0.0,True
743,806,CARD0000000743,CREDIT_GOLD,ACTIVE,2022-01-16,2027-01-15,200000000.0,6.19,True
744,807,CARD0000000744,CREDIT_STANDARD,ACTIVE,2024-10-08,2029-10-07,300000000.0,9.45,True
745,809,CARD0000000745,DEBIT,ACTIVE,2022-10-29,2027-10-28,0.0,0.0,True
746,810,CARD0000000746,CREDIT_PLATINUM,ACTIVE,2021-11-08,2026-11-07,300000000.0,44.83,True
747,811,CARD0000000747,CREDIT_GOLD,ACTIVE,2022-05-20,2027-05-19,120000000.0,39.06,True
748,812,CARD0000000748,CREDIT_PLATINUM,ACTIVE,2024-08-31,2029-08-30,300000000.0,49.36,True
749,813,CARD0000000749,CREDIT_PLATINUM,ACTIVE,2022-06-08,2027-06-07,200000000.0,70.45,True
750,814,CARD0000000750,DEBIT,ACTIVE,2026-06-13,2031-06-12,0.0,0.0,True
751,815,CARD0000000751,CREDIT_GOLD,ACTIVE,2023-08-01,2028-07-30,30000000.0,64.07,True
752,816,CARD0000000752,DEBIT,ACTIVE,2024-09-23,2029-09-22,0.0,0.0,True
753,816,CARD0000000753,DEBIT,ACTIVE,2025-04-28,2030-04-27,0.0,0.0,True
754,819,CARD0000000754,DEBIT,ACTIVE,2024-07-13,2029-07-12,0.0,0.0,True
755,821,CARD0000000755,CREDIT_PLATINUM,ACTIVE,2023-04-17,2028-04-15,30000000.0,54.97,True
756,821,CARD0000000756,CREDIT_GOLD,ACTIVE,2023-04-25,2028-04-23,300000000.0,84.57,True
757,825,CARD0000000757,DEBIT,ACTIVE,2023-10-29,2028-10-27,0.0,0.0,True
758,827,CARD0000000758,CREDIT_GOLD,ACTIVE,2026-01-18,2031-01-17,200000000.0,41.77,True
759,829,CARD0000000759,CREDIT_STANDARD,ACTIVE,2023-02-09,2028-02-08,30000000.0,24.01,True
760,830,CARD0000000760,CREDIT_GOLD,ACTIVE,2023-11-09,2028-11-07,20000000.0,13.07,True
761,831,CARD0000000761,DEBIT,ACTIVE,2024-09-15,2029-09-14,0.0,0.0,True
762,832,CARD0000000762,DEBIT,ACTIVE,2023-04-25,2028-04-23,0.0,0.0,True
763,834,CARD0000000763,CREDIT_GOLD,ACTIVE,2023-10-09,2028-10-07,50000000.0,8.76,False
764,834,CARD0000000764,DEBIT,ACTIVE,2023-07-13,2028-07-11,0.0,0.0,True
765,835,CARD0000000765,CREDIT_STANDARD,ACTIVE,2021-09-26,2026-09-25,50000000.0,1.67,True
766,835,CARD0000000766,CREDIT_PLATINUM,ACTIVE,2023-03-20,2028-03-18,20000000.0,5.28,True
767,836,CARD0000000767,CREDIT_PLATINUM,ACTIVE,2023-04-05,2028-04-03,200000000.0,26.92,True
768,836,CARD0000000768,DEBIT,EXPIRED,2021-04-12,2026-04-11,0.0,0.0,True
769,838,CARD0000000769,DEBIT,ACTIVE,2024-02-22,2029-02-20,0.0,0.0,True
770,838,CARD0000000770,DEBIT,ACTIVE,2025-12-14,2030-12-13,0.0,0.0,True
771,839,CARD0000000771,CREDIT_GOLD,ACTIVE,2024-06-16,2029-06-15,200000000.0,76.53,True
772,840,CARD0000000772,CREDIT_STANDARD,ACTIVE,2025-04-02,2030-04-01,200000000.0,24.71,True
773,841,CARD0000000773,CREDIT_PLATINUM,ACTIVE,2026-01-02,2031-01-01,50000000.0,46.16,False
774,842,CARD0000000774,CREDIT_STANDARD,ACTIVE,2025-02-19,2030-02-18,50000000.0,64.07,True
775,842,CARD0000000775,DEBIT,ACTIVE,2023-05-12,2028-05-10,0.0,0.0,True
776,843,CARD0000000776,DEBIT,ACTIVE,2025-10-28,2030-10-27,0.0,0.0,True
777,844,CARD0000000777,CREDIT_PLATINUM,EXPIRED,2021-04-11,2026-04-10,50000000.0,49.9,True
778,845,CARD0000000778,CREDIT_GOLD,ACTIVE,2021-11-29,2026-11-28,200000000.0,74.47,True
779,846,CARD0000000779,CREDIT_GOLD,ACTIVE,2025-09-16,2030-09-15,30000000.0,46.84,True
780,847,CARD0000000780,CREDIT_GOLD,EXPIRED,2021-05-02,2026-05-01,50000000.0,44.53,True
781,848,CARD0000000781,CREDIT_PLATINUM,ACTIVE,2023-03-01,2028-02-28,120000000.0,9.5,True
782,849,CARD0000000782,CREDIT_STANDARD,ACTIVE,2022-03-25,2027-03-24,80000000.0,17.22,True
783,850,CARD0000000783,CREDIT_STANDARD,ACTIVE,2022-08-06,2027-08-05,200000000.0,79.63,True
784,850,CARD0000000784,DEBIT,ACTIVE,2023-04-12,2028-04-10,0.0,0.0,True
785,851,CARD0000000785,DEBIT,ACTIVE,2025-09-08,2030-09-07,0.0,0.0,True
786,852,CARD0000000786,CREDIT_PLATINUM,ACTIVE,2024-02-02,2029-01-31,50000000.0,22.2,True
787,852,CARD0000000787,CREDIT_GOLD,ACTIVE,2022-01-04,2027-01-03,50000000.0,5.18,True
788,853,CARD0000000788,DEBIT,ACTIVE,2025-12-16,2030-12-15,0.0,0.0,True
789,854,CARD0000000789,DEBIT,ACTIVE,2025-09-22,2030-09-21,0.0,0.0,True
790,858,CARD0000000790,DEBIT,ACTIVE,2024-12-04,2029-12-03,0.0,0.0,True
791,859,CARD0000000791,CREDIT_STANDARD,ACTIVE,2025-05-22,2030-05-21,300000000.0,55.44,False
792,860,CARD0000000792,CREDIT_PLATINUM,ACTIVE,2023-12-07,2028-12-05,20000000.0,84.96,False
793,860,CARD0000000793,DEBIT,ACTIVE,2021-10-31,2026-10-30,0.0,0.0,True
794,861,CARD0000000794,DEBIT,ACTIVE,2025-08-20,2030-08-19,0.0,0.0,True
795,863,CARD0000000795,DEBIT,ACTIVE,2024-04-24,2029-04-23,0.0,0.0,True
796,865,CARD0000000796,DEBIT,ACTIVE,2023-05-21,2028-05-19,0.0,0.0,True
797,865,CARD0000000797,DEBIT,ACTIVE,2022-10-23,2027-10-22,0.0,0.0,True
798,868,CARD0000000798,CREDIT_GOLD,ACTIVE,2024-12-28,2029-12-27,200000000.0,63.52,True
799,869,CARD0000000799,CREDIT_PLATINUM,ACTIVE,2025-09-10,2030-09-09,80000000.0,72.74,True
800,871,CARD0000000800,CREDIT_PLATINUM,ACTIVE,2023-11-18,2028-11-16,50000000.0,0.1,True
801,871,CARD0000000801,DEBIT,ACTIVE,2021-09-08,2026-09-07,0.0,0.0,True
802,872,CARD0000000802,DEBIT,BLOCKED,2022-02-13,2027-02-12,0.0,0.0,True
803,873,CARD0000000803,DEBIT,ACTIVE,2026-01-16,2031-01-15,0.0,0.0,True
804,873,CARD0000000804,DEBIT,ACTIVE,2023-05-25,2028-05-23,0.0,0.0,True
805,874,CARD0000000805,CREDIT_GOLD,ACTIVE,2021-12-20,2026-12-19,20000000.0,22.52,True
806,874,CARD0000000806,CREDIT_STANDARD,ACTIVE,2026-02-23,2031-02-22,120000000.0,19.13,True
807,875,CARD0000000807,CREDIT_GOLD,ACTIVE,2024-12-25,2029-12-24,20000000.0,5.52,True
808,875,CARD0000000808,DEBIT,EXPIRED,2021-06-15,2026-06-14,0.0,0.0,True
809,876,CARD0000000809,CREDIT_PLATINUM,ACTIVE,2025-02-08,2030-02-07,30000000.0,76.18,True
810,877,CARD0000000810,DEBIT,EXPIRED,2021-05-12,2026-05-11,0.0,0.0,True
811,877,CARD0000000811,CREDIT_GOLD,EXPIRED,2021-07-16,2026-07-15,80000000.0,48.57,True
812,878,CARD0000000812,CREDIT_GOLD,ACTIVE,2021-12-25,2026-12-24,120000000.0,29.79,True
813,878,CARD0000000813,CREDIT_PLATINUM,ACTIVE,2026-02-07,2031-02-06,50000000.0,79.37,True
814,879,CARD0000000814,DEBIT,ACTIVE,2025-06-11,2030-06-10,0.0,0.0,True
815,880,CARD0000000815,CREDIT_STANDARD,BLOCKED,2022-04-29,2027-04-28,80000000.0,44.42,False
816,880,CARD0000000816,CREDIT_STANDARD,ACTIVE,2025-06-06,2030-06-05,300000000.0,73.13,True
817,881,CARD0000000817,CREDIT_GOLD,ACTIVE,2023-01-05,2028-01-04,80000000.0,51.6,True
818,882,CARD0000000818,CREDIT_GOLD,ACTIVE,2025-02-25,2030-02-24,200000000.0,16.18,True
819,884,CARD0000000819,CREDIT_GOLD,ACTIVE,2021-11-01,2026-10-31,50000000.0,17.96,True
820,886,CARD0000000820,DEBIT,ACTIVE,2022-04-23,2027-04-22,0.0,0.0,True
821,887,CARD0000000821,CREDIT_GOLD,ACTIVE,2026-02-16,2031-02-15,20000000.0,69.15,True
822,888,CARD0000000822,CREDIT_PLATINUM,ACTIVE,2023-07-02,2028-06-30,80000000.0,83.54,True
823,888,CARD0000000823,DEBIT,ACTIVE,2023-10-14,2028-10-12,0.0,0.0,True
824,889,CARD0000000824,CREDIT_STANDARD,ACTIVE,2026-01-13,2031-01-12,30000000.0,30.7,True
825,889,CARD0000000825,CREDIT_GOLD,ACTIVE,2026-06-07,2031-06-06,30000000.0,32.86,True
826,890,CARD0000000826,CREDIT_GOLD,ACTIVE,2022-06-23,2027-06-22,200000000.0,4.12,True
827,890,CARD0000000827,CREDIT_PLATINUM,ACTIVE,2022-07-07,2027-07-06,20000000.0,9.34,True
828,891,CARD0000000828,DEBIT,ACTIVE,2022-01-26,2027-01-25,0.0,0.0,True
829,892,CARD0000000829,CREDIT_PLATINUM,ACTIVE,2025-04-19,2030-04-18,200000000.0,83.85,True
830,894,CARD0000000830,DEBIT,ACTIVE,2023-02-24,2028-02-23,0.0,0.0,True
831,896,CARD0000000831,DEBIT,ACTIVE,2024-10-26,2029-10-25,0.0,0.0,True
832,899,CARD0000000832,CREDIT_PLATINUM,ACTIVE,2026-01-23,2031-01-22,50000000.0,6.71,True
833,900,CARD0000000833,CREDIT_GOLD,BLOCKED,2022-12-27,2027-12-26,20000000.0,15.12,True
834,900,CARD0000000834,CREDIT_GOLD,ACTIVE,2023-04-19,2028-04-17,50000000.0,29.28,True
835,901,CARD0000000835,CREDIT_GOLD,ACTIVE,2025-03-06,2030-03-05,200000000.0,54.48,True
836,901,CARD0000000836,DEBIT,ACTIVE,2025-01-15,2030-01-14,0.0,0.0,True
837,903,CARD0000000837,CREDIT_GOLD,ACTIVE,2022-01-09,2027-01-08,30000000.0,60.06,True
838,904,CARD0000000838,DEBIT,ACTIVE,2024-06-06,2029-06-05,0.0,0.0,True
839,906,CARD0000000839,DEBIT,ACTIVE,2023-10-22,2028-10-20,0.0,0.0,True
840,907,CARD0000000840,DEBIT,ACTIVE,2025-11-08,2030-11-07,0.0,0.0,True
841,908,CARD0000000841,CREDIT_GOLD,ACTIVE,2026-04-29,2031-04-28,20000000.0,54.98,True
842,908,CARD0000000842,CREDIT_PLATINUM,ACTIVE,2021-12-18,2026-12-17,300000000.0,36.92,True
843,909,CARD0000000843,DEBIT,ACTIVE,2023-11-07,2028-11-05,0.0,0.0,True
844,909,CARD0000000844,DEBIT,ACTIVE,2022-03-23,2027-03-22,0.0,0.0,True
845,911,CARD0000000845,CREDIT_PLATINUM,BLOCKED,2023-01-19,2028-01-18,200000000.0,50.34,True
846,912,CARD0000000846,CREDIT_STANDARD,EXPIRED,2021-05-25,2026-05-24,50000000.0,45.0,True
847,913,CARD0000000847,CREDIT_STANDARD,ACTIVE,2025-01-17,2030-01-16,200000000.0,62.1,True
848,914,CARD0000000848,CREDIT_STANDARD,ACTIVE,2022-08-18,2027-08-17,300000000.0,40.69,True
849,914,CARD0000000849,CREDIT_GOLD,EXPIRED,2021-07-06,2026-07-05,300000000.0,32.11,True
850,915,CARD0000000850,CREDIT_GOLD,EXPIRED,2021-05-12,2026-05-11,300000000.0,25.3,True
851,915,CARD0000000851,CREDIT_PLATINUM,ACTIVE,2022-10-06,2027-10-05,20000000.0,62.0,True
852,917,CARD0000000852,DEBIT,ACTIVE,2026-05-12,2031-05-11,0.0,0.0,True
853,919,CARD0000000853,CREDIT_STANDARD,ACTIVE,2024-05-17,2029-05-16,300000000.0,32.47,True
854,920,CARD0000000854,CREDIT_STANDARD,ACTIVE,2022-02-05,2027-02-04,200000000.0,69.13,True
855,920,CARD0000000855,CREDIT_STANDARD,BLOCKED,2024-07-18,2029-07-17,30000000.0,77.25,True
856,921,CARD0000000856,CREDIT_STANDARD,ACTIVE,2024-12-30,2029-12-29,200000000.0,67.75,False
857,921,CARD0000000857,CREDIT_GOLD,ACTIVE,2021-11-06,2026-11-05,120000000.0,59.86,True
858,922,CARD0000000858,DEBIT,ACTIVE,2025-08-22,2030-08-21,0.0,0.0,True
859,923,CARD0000000859,CREDIT_STANDARD,ACTIVE,2023-09-17,2028-09-15,50000000.0,68.25,True
860,924,CARD0000000860,DEBIT,ACTIVE,2021-11-02,2026-11-01,0.0,0.0,True
861,927,CARD0000000861,CREDIT_PLATINUM,ACTIVE,2022-12-01,2027-11-30,30000000.0,34.38,True
862,927,CARD0000000862,CREDIT_STANDARD,ACTIVE,2024-09-05,2029-09-04,200000000.0,28.2,True
863,928,CARD0000000863,DEBIT,ACTIVE,2022-06-30,2027-06-29,0.0,0.0,True
864,931,CARD0000000864,DEBIT,ACTIVE,2024-02-14,2029-02-12,0.0,0.0,True
865,931,CARD0000000865,CREDIT_PLATINUM,ACTIVE,2025-08-12,2030-08-11,200000000.0,33.66,True
866,932,CARD0000000866,DEBIT,ACTIVE,2026-04-17,2031-04-16,0.0,0.0,True
867,933,CARD0000000867,CREDIT_GOLD,ACTIVE,2025-08-28,2030-08-27,20000000.0,74.48,False
868,934,CARD0000000868,CREDIT_GOLD,ACTIVE,2023-01-21,2028-01-20,200000000.0,71.03,True
869,935,CARD0000000869,CREDIT_GOLD,ACTIVE,2022-04-13,2027-04-12,300000000.0,41.23,True
870,937,CARD0000000870,CREDIT_PLATINUM,EXPIRED,2021-06-19,2026-06-18,120000000.0,44.21,True
871,938,CARD0000000871,CREDIT_GOLD,ACTIVE,2024-03-07,2029-03-06,300000000.0,34.43,True
872,939,CARD0000000872,DEBIT,ACTIVE,2024-08-12,2029-08-11,0.0,0.0,True
873,940,CARD0000000873,CREDIT_PLATINUM,BLOCKED,2025-08-08,2030-08-07,20000000.0,24.22,True
874,940,CARD0000000874,DEBIT,ACTIVE,2023-11-08,2028-11-06,0.0,0.0,True
875,941,CARD0000000875,DEBIT,ACTIVE,2023-10-21,2028-10-19,0.0,0.0,True
876,942,CARD0000000876,CREDIT_STANDARD,ACTIVE,2022-03-22,2027-03-21,20000000.0,45.9,True
877,943,CARD0000000877,CREDIT_STANDARD,BLOCKED,2022-02-15,2027-02-14,50000000.0,26.68,False
878,943,CARD0000000878,CREDIT_PLATINUM,BLOCKED,2023-01-20,2028-01-19,120000000.0,21.7,True
879,944,CARD0000000879,DEBIT,ACTIVE,2024-02-17,2029-02-15,0.0,0.0,True
880,945,CARD0000000880,CREDIT_GOLD,ACTIVE,2024-08-16,2029-08-15,50000000.0,30.18,True
881,947,CARD0000000881,DEBIT,ACTIVE,2022-07-29,2027-07-28,0.0,0.0,True
882,948,CARD0000000882,DEBIT,ACTIVE,2022-06-08,2027-06-07,0.0,0.0,True
883,949,CARD0000000883,DEBIT,ACTIVE,2024-07-08,2029-07-07,0.0,0.0,True
884,950,CARD0000000884,DEBIT,ACTIVE,2025-04-22,2030-04-21,0.0,0.0,True
885,950,CARD0000000885,DEBIT,ACTIVE,2022-11-07,2027-11-06,0.0,0.0,True
886,951,CARD0000000886,CREDIT_STANDARD,ACTIVE,2025-09-09,2030-09-08,20000000.0,81.6,True
887,952,CARD0000000887,CREDIT_PLATINUM,ACTIVE,2025-03-08,2030-03-07,120000000.0,32.63,True
888,953,CARD0000000888,CREDIT_GOLD,ACTIVE,2025-12-26,2030-12-25,200000000.0,10.44,True
889,955,CARD0000000889,CREDIT_GOLD,ACTIVE,2022-06-18,2027-06-17,200000000.0,80.34,True
890,958,CARD0000000890,DEBIT,ACTIVE,2024-09-17,2029-09-16,0.0,0.0,True
891,959,CARD0000000891,DEBIT,ACTIVE,2024-11-09,2029-11-08,0.0,0.0,True
892,960,CARD0000000892,DEBIT,ACTIVE,2021-11-15,2026-11-14,0.0,0.0,True
893,961,CARD0000000893,CREDIT_STANDARD,ACTIVE,2022-07-11,2027-07-10,200000000.0,27.08,True
894,963,CARD0000000894,CREDIT_STANDARD,ACTIVE,2021-12-29,2026-12-28,300000000.0,48.17,True
895,964,CARD0000000895,DEBIT,ACTIVE,2025-09-10,2030-09-09,0.0,0.0,True
896,964,CARD0000000896,CREDIT_STANDARD,ACTIVE,2023-01-07,2028-01-06,200000000.0,69.72,True
897,965,CARD0000000897,CREDIT_STANDARD,ACTIVE,2025-08-22,2030-08-21,50000000.0,66.26,False
898,965,CARD0000000898,DEBIT,ACTIVE,2026-03-05,2031-03-04,0.0,0.0,True
899,966,CARD0000000899,DEBIT,ACTIVE,2021-11-24,2026-11-23,0.0,0.0,True
900,967,CARD0000000900,DEBIT,BLOCKED,2026-03-09,2031-03-08,0.0,0.0,True
901,969,CARD0000000901,CREDIT_STANDARD,ACTIVE,2023-02-19,2028-02-18,20000000.0,80.04,True
902,969,CARD0000000902,DEBIT,ACTIVE,2022-01-30,2027-01-29,0.0,0.0,True
903,971,CARD0000000903,CREDIT_GOLD,ACTIVE,2026-01-03,2031-01-02,120000000.0,31.26,True
904,972,CARD0000000904,CREDIT_PLATINUM,ACTIVE,2022-12-20,2027-12-19,30000000.0,46.26,True
905,973,CARD0000000905,DEBIT,ACTIVE,2022-02-19,2027-02-18,0.0,0.0,True
906,973,CARD0000000906,CREDIT_STANDARD,ACTIVE,2025-02-11,2030-02-10,30000000.0,60.48,True
907,974,CARD0000000907,CREDIT_GOLD,BLOCKED,2022-05-05,2027-05-04,200000000.0,71.96,True
908,975,CARD0000000908,DEBIT,ACTIVE,2022-11-25,2027-11-24,0.0,0.0,True
909,975,CARD0000000909,DEBIT,ACTIVE,2021-10-08,2026-10-07,0.0,0.0,True
910,976,CARD0000000910,CREDIT_GOLD,ACTIVE,2026-05-13,2031-05-12,30000000.0,67.17,False
911,977,CARD0000000911,DEBIT,ACTIVE,2023-07-22,2028-07-20,0.0,0.0,True
912,977,CARD0000000912,DEBIT,ACTIVE,2025-01-28,2030-01-27,0.0,0.0,True
913,978,CARD0000000913,CREDIT_GOLD,EXPIRED,2021-03-27,2026-03-26,30000000.0,49.25,True
914,981,CARD0000000914,DEBIT,ACTIVE,2023-02-20,2028-02-19,0.0,0.0,True
915,982,CARD0000000915,DEBIT,ACTIVE,2026-04-09,2031-04-08,0.0,0.0,True
916,984,CARD0000000916,DEBIT,ACTIVE,2026-01-01,2030-12-31,0.0,0.0,True
917,984,CARD0000000917,CREDIT_PLATINUM,ACTIVE,2025-04-05,2030-04-04,120000000.0,62.28,True
918,986,CARD0000000918,CREDIT_STANDARD,ACTIVE,2024-08-30,2029-08-29,30000000.0,29.73,True
919,986,CARD0000000919,DEBIT,EXPIRED,2021-07-12,2026-07-11,0.0,0.0,True
920,987,CARD0000000920,DEBIT,ACTIVE,2024-05-12,2029-05-11,0.0,0.0,True
921,988,CARD0000000921,DEBIT,ACTIVE,2025-10-13,2030-10-12,0.0,0.0,True
922,989,CARD0000000922,CREDIT_PLATINUM,EXPIRED,2021-04-06,2026-04-05,80000000.0,62.49,True
923,990,CARD0000000923,CREDIT_STANDARD,ACTIVE,2024-12-29,2029-12-28,30000000.0,73.82,True
924,991,CARD0000000924,DEBIT,ACTIVE,2025-06-22,2030-06-21,0.0,0.0,True
925,992,CARD0000000925,CREDIT_STANDARD,ACTIVE,2024-09-18,2029-09-17,200000000.0,2.0,True
926,992,CARD0000000926,DEBIT,ACTIVE,2025-05-20,2030-05-19,0.0,0.0,True
927,996,CARD0000000927,CREDIT_STANDARD,ACTIVE,2025-02-27,2030-02-26,80000000.0,27.13,True
928,996,CARD0000000928,DEBIT,ACTIVE,2025-11-27,2030-11-26,0.0,0.0,True
929,997,CARD0000000929,DEBIT,ACTIVE,2023-11-06,2028-11-04,0.0,0.0,True
930,997,CARD0000000930,CREDIT_STANDARD,ACTIVE,2026-02-03,2031-02-02,50000000.0,63.01,True
931,998,CARD0000000931,CREDIT_STANDARD,ACTIVE,2022-08-17,2027-08-16,20000000.0,58.61,True
932,999,CARD0000000932,CREDIT_PLATINUM,ACTIVE,2025-05-11,2030-05-10,120000000.0,54.02,True
933,1000,CARD0000000933,DEBIT,ACTIVE,2023-08-21,2028-08-19,0.0,0.0,True
934,1000,CARD0000000934,DEBIT,ACTIVE,2026-03-27,2031-03-26,0.0,0.0,True
935,1001,CARD0000000935,CREDIT_STANDARD,ACTIVE,2025-01-25,2030-01-24,80000000.0,62.47,True
936,1002,CARD0000000936,DEBIT,ACTIVE,2022-02-24,2027-02-23,0.0,0.0,True
937,1003,CARD0000000937,DEBIT,ACTIVE,2026-01-02,2031-01-01,0.0,0.0,True
938,1005,CARD0000000938,CREDIT_PLATINUM,ACTIVE,2023-07-07,2028-07-05,80000000.0,75.77,True
939,1006,CARD0000000939,DEBIT,ACTIVE,2025-09-24,2030-09-23,0.0,0.0,True
940,1007,CARD0000000940,DEBIT,ACTIVE,2024-01-19,2029-01-17,0.0,0.0,True
941,1007,CARD0000000941,DEBIT,ACTIVE,2026-02-12,2031-02-11,0.0,0.0,True
942,1008,CARD0000000942,CREDIT_STANDARD,ACTIVE,2025-12-17,2030-12-16,30000000.0,76.54,True
943,1008,CARD0000000943,CREDIT_STANDARD,EXPIRED,2021-08-19,2026-08-18,80000000.0,21.68,True
944,1009,CARD0000000944,DEBIT,ACTIVE,2024-06-29,2029-06-28,0.0,0.0,True
945,1010,CARD0000000945,DEBIT,ACTIVE,2025-06-21,2030-06-20,0.0,0.0,True
946,1011,CARD0000000946,CREDIT_GOLD,ACTIVE,2025-09-06,2030-09-05,30000000.0,9.86,True
947,1013,CARD0000000947,DEBIT,EXPIRED,2021-07-16,2026-07-15,0.0,0.0,True
948,1014,CARD0000000948,CREDIT_STANDARD,ACTIVE,2023-06-23,2028-06-21,200000000.0,70.5,True
949,1016,CARD0000000949,CREDIT_GOLD,ACTIVE,2026-05-22,2031-05-21,50000000.0,31.64,True
950,1018,CARD0000000950,DEBIT,ACTIVE,2021-09-05,2026-09-04,0.0,0.0,True
951,1018,CARD0000000951,DEBIT,ACTIVE,2022-06-24,2027-06-23,0.0,0.0,True
952,1019,CARD0000000952,DEBIT,ACTIVE,2024-04-26,2029-04-25,0.0,0.0,True
953,1019,CARD0000000953,CREDIT_GOLD,ACTIVE,2024-10-12,2029-10-11,120000000.0,74.36,True
954,1021,CARD0000000954,CREDIT_PLATINUM,ACTIVE,2024-06-10,2029-06-09,80000000.0,41.65,True
955,1023,CARD0000000955,DEBIT,ACTIVE,2024-06-10,2029-06-09,0.0,0.0,True
956,1024,CARD0000000956,CREDIT_PLATINUM,ACTIVE,2025-10-13,2030-10-12,200000000.0,59.05,True
957,1025,CARD0000000957,DEBIT,ACTIVE,2026-04-25,2031-04-24,0.0,0.0,True
958,1025,CARD0000000958,DEBIT,ACTIVE,2022-09-18,2027-09-17,0.0,0.0,True
959,1027,CARD0000000959,CREDIT_STANDARD,ACTIVE,2023-09-02,2028-08-31,20000000.0,25.44,True
960,1028,CARD0000000960,DEBIT,EXPIRED,2021-04-16,2026-04-15,0.0,0.0,True
961,1030,CARD0000000961,DEBIT,ACTIVE,2023-05-17,2028-05-15,0.0,0.0,True
962,1031,CARD0000000962,CREDIT_PLATINUM,EXPIRED,2021-05-17,2026-05-16,50000000.0,76.51,True
963,1031,CARD0000000963,CREDIT_STANDARD,ACTIVE,2024-10-13,2029-10-12,50000000.0,31.52,True
964,1033,CARD0000000964,DEBIT,ACTIVE,2023-06-13,2028-06-11,0.0,0.0,True
965,1034,CARD0000000965,DEBIT,ACTIVE,2021-09-23,2026-09-22,0.0,0.0,True
966,1034,CARD0000000966,DEBIT,EXPIRED,2021-08-02,2026-08-01,0.0,0.0,True
967,1035,CARD0000000967,DEBIT,ACTIVE,2022-01-25,2027-01-24,0.0,0.0,True
968,1036,CARD0000000968,DEBIT,ACTIVE,2023-06-21,2028-06-19,0.0,0.0,True
969,1036,CARD0000000969,CREDIT_PLATINUM,ACTIVE,2022-09-24,2027-09-23,80000000.0,5.52,True
970,1037,CARD0000000970,DEBIT,ACTIVE,2023-04-20,2028-04-18,0.0,0.0,True
971,1037,CARD0000000971,CREDIT_PLATINUM,ACTIVE,2024-12-06,2029-12-05,200000000.0,65.76,True
972,1038,CARD0000000972,CREDIT_STANDARD,ACTIVE,2024-03-04,2029-03-03,50000000.0,61.39,True
973,1038,CARD0000000973,CREDIT_PLATINUM,ACTIVE,2023-07-30,2028-07-28,80000000.0,76.93,True
974,1039,CARD0000000974,CREDIT_GOLD,ACTIVE,2022-05-28,2027-05-27,200000000.0,56.5,True
975,1039,CARD0000000975,DEBIT,EXPIRED,2021-04-16,2026-04-15,0.0,0.0,True
976,1041,CARD0000000976,CREDIT_GOLD,ACTIVE,2024-04-14,2029-04-13,80000000.0,51.79,True
977,1041,CARD0000000977,CREDIT_GOLD,ACTIVE,2025-10-28,2030-10-27,80000000.0,22.96,True
978,1045,CARD0000000978,CREDIT_STANDARD,ACTIVE,2025-09-13,2030-09-12,50000000.0,57.52,True
979,1046,CARD0000000979,CREDIT_PLATINUM,EXPIRED,2021-04-29,2026-04-28,30000000.0,26.9,True
980,1046,CARD0000000980,DEBIT,ACTIVE,2024-03-21,2029-03-20,0.0,0.0,True
981,1048,CARD0000000981,DEBIT,ACTIVE,2024-10-03,2029-10-02,0.0,0.0,True
982,1051,CARD0000000982,CREDIT_GOLD,ACTIVE,2026-01-16,2031-01-15,80000000.0,2.01,True
983,1053,CARD0000000983,CREDIT_STANDARD,ACTIVE,2025-12-09,2030-12-08,50000000.0,30.85,True
984,1053,CARD0000000984,CREDIT_GOLD,ACTIVE,2022-12-10,2027-12-09,200000000.0,33.7,True
985,1054,CARD0000000985,CREDIT_GOLD,ACTIVE,2025-02-07,2030-02-06,30000000.0,84.28,True
986,1055,CARD0000000986,DEBIT,ACTIVE,2022-10-02,2027-10-01,0.0,0.0,True
987,1056,CARD0000000987,DEBIT,ACTIVE,2024-05-24,2029-05-23,0.0,0.0,True
988,1057,CARD0000000988,CREDIT_GOLD,ACTIVE,2022-07-17,2027-07-16,120000000.0,34.69,False
989,1059,CARD0000000989,CREDIT_PLATINUM,ACTIVE,2021-11-18,2026-11-17,20000000.0,38.56,True
990,1061,CARD0000000990,DEBIT,ACTIVE,2024-12-10,2029-12-09,0.0,0.0,True
991,1064,CARD0000000991,CREDIT_GOLD,ACTIVE,2022-10-16,2027-10-15,300000000.0,77.15,True
992,1064,CARD0000000992,DEBIT,ACTIVE,2026-05-18,2031-05-17,0.0,0.0,True
993,1065,CARD0000000993,CREDIT_STANDARD,ACTIVE,2025-11-07,2030-11-06,50000000.0,63.07,True
994,1065,CARD0000000994,DEBIT,ACTIVE,2026-05-06,2031-05-05,0.0,0.0,True
995,1066,CARD0000000995,DEBIT,ACTIVE,2024-01-02,2028-12-31,0.0,0.0,True
996,1069,CARD0000000996,CREDIT_STANDARD,ACTIVE,2024-02-14,2029-02-12,80000000.0,36.92,False
997,1069,CARD0000000997,CREDIT_GOLD,EXPIRED,2021-04-06,2026-04-05,200000000.0,67.66,True
998,1070,CARD0000000998,DEBIT,ACTIVE,2024-12-04,2029-12-03,0.0,0.0,True
999,1072,CARD0000000999,DEBIT,ACTIVE,2023-05-02,2028-04-30,0.0,0.0,True
1000,1072,CARD0000001000,DEBIT,ACTIVE,2023-10-18,2028-10-16,0.0,0.0,True
1001,1074,CARD0000001001,DEBIT,ACTIVE,2024-01-15,2029-01-13,0.0,0.0,True
1002,1076,CARD0000001002,DEBIT,ACTIVE,2024-05-01,2029-04-30,0.0,0.0,True
1003,1076,CARD0000001003,DEBIT,ACTIVE,2023-09-27,2028-09-25,0.0,0.0,True
1004,1077,CARD0000001004,DEBIT,ACTIVE,2023-03-07,2028-03-05,0.0,0.0,True
1005,1077,CARD0000001005,CREDIT_GOLD,ACTIVE,2023-05-28,2028-05-26,300000000.0,21.02,True
1006,1079,CARD0000001006,DEBIT,ACTIVE,2023-10-31,2028-10-29,0.0,0.0,True
1007,1080,CARD0000001007,DEBIT,ACTIVE,2025-04-02,2030-04-01,0.0,0.0,True
1008,1080,CARD0000001008,CREDIT_STANDARD,ACTIVE,2023-09-17,2028-09-15,20000000.0,80.16,True
1009,1081,CARD0000001009,CREDIT_STANDARD,EXPIRED,2021-07-27,2026-07-26,80000000.0,13.44,False
1010,1081,CARD0000001010,DEBIT,ACTIVE,2024-05-11,2029-05-10,0.0,0.0,True
1011,1082,CARD0000001011,CREDIT_PLATINUM,ACTIVE,2023-10-11,2028-10-09,20000000.0,82.14,True
1012,1082,CARD0000001012,DEBIT,ACTIVE,2026-06-24,2031-06-23,0.0,0.0,True
1013,1083,CARD0000001013,CREDIT_STANDARD,ACTIVE,2025-06-22,2030-06-21,20000000.0,26.08,True
1014,1084,CARD0000001014,DEBIT,ACTIVE,2024-03-31,2029-03-30,0.0,0.0,True
1015,1086,CARD0000001015,CREDIT_PLATINUM,ACTIVE,2021-11-06,2026-11-05,80000000.0,8.86,True
1016,1086,CARD0000001016,CREDIT_PLATINUM,EXPIRED,2021-03-07,2026-03-06,30000000.0,2.0,True
1017,1087,CARD0000001017,CREDIT_PLATINUM,ACTIVE,2025-11-15,2030-11-14,300000000.0,17.79,True
1018,1087,CARD0000001018,DEBIT,ACTIVE,2022-06-07,2027-06-06,0.0,0.0,True
1019,1089,CARD0000001019,DEBIT,ACTIVE,2022-01-21,2027-01-20,0.0,0.0,True
1020,1091,CARD0000001020,CREDIT_STANDARD,ACTIVE,2026-02-09,2031-02-08,300000000.0,16.5,True
1021,1092,CARD0000001021,CREDIT_PLATINUM,ACTIVE,2022-03-24,2027-03-23,200000000.0,0.9,True
1022,1094,CARD0000001022,CREDIT_PLATINUM,ACTIVE,2025-01-15,2030-01-14,120000000.0,17.58,True
1023,1096,CARD0000001023,CREDIT_PLATINUM,ACTIVE,2024-09-10,2029-09-09,300000000.0,20.19,True
1024,1096,CARD0000001024,DEBIT,ACTIVE,2022-04-13,2027-04-12,0.0,0.0,True
1025,1098,CARD0000001025,CREDIT_GOLD,ACTIVE,2024-08-23,2029-08-22,50000000.0,34.4,True
1026,1101,CARD0000001026,CREDIT_PLATINUM,ACTIVE,2023-08-01,2028-07-30,50000000.0,20.97,True
1027,1101,CARD0000001027,DEBIT,ACTIVE,2022-03-26,2027-03-25,0.0,0.0,True
1028,1102,CARD0000001028,DEBIT,BLOCKED,2021-10-08,2026-10-07,0.0,0.0,True
1029,1103,CARD0000001029,CREDIT_PLATINUM,EXPIRED,2021-06-04,2026-06-03,120000000.0,23.15,False
1030,1104,CARD0000001030,DEBIT,ACTIVE,2024-05-02,2029-05-01,0.0,0.0,True
1031,1105,CARD0000001031,DEBIT,ACTIVE,2023-03-29,2028-03-27,0.0,0.0,True
1032,1107,CARD0000001032,CREDIT_STANDARD,ACTIVE,2024-12-17,2029-12-16,80000000.0,26.93,True
1033,1109,CARD0000001033,CREDIT_STANDARD,ACTIVE,2021-11-22,2026-11-21,80000000.0,34.08,True
1034,1111,CARD0000001034,CREDIT_STANDARD,BLOCKED,2023-04-29,2028-04-27,300000000.0,14.94,True
1035,1113,CARD0000001035,DEBIT,ACTIVE,2025-05-08,2030-05-07,0.0,0.0,True
1036,1114,CARD0000001036,CREDIT_STANDARD,ACTIVE,2022-02-12,2027-02-11,120000000.0,59.11,True
1037,1114,CARD0000001037,DEBIT,ACTIVE,2023-12-31,2028-12-29,0.0,0.0,True
1038,1117,CARD0000001038,CREDIT_PLATINUM,ACTIVE,2021-10-08,2026-10-07,120000000.0,66.74,True
1039,1118,CARD0000001039,DEBIT,BLOCKED,2025-12-20,2030-12-19,0.0,0.0,True
1040,1119,CARD0000001040,CREDIT_GOLD,EXPIRED,2021-03-09,2026-03-08,80000000.0,31.02,True
1041,1121,CARD0000001041,DEBIT,ACTIVE,2022-01-09,2027-01-08,0.0,0.0,True
1042,1122,CARD0000001042,CREDIT_GOLD,ACTIVE,2021-10-16,2026-10-15,30000000.0,24.85,True
1043,1123,CARD0000001043,DEBIT,ACTIVE,2024-04-10,2029-04-09,0.0,0.0,True
1044,1124,CARD0000001044,CREDIT_GOLD,ACTIVE,2023-03-24,2028-03-22,30000000.0,34.05,True
1045,1126,CARD0000001045,DEBIT,ACTIVE,2023-11-21,2028-11-19,0.0,0.0,True
1046,1127,CARD0000001046,DEBIT,ACTIVE,2022-11-08,2027-11-07,0.0,0.0,True
1047,1128,CARD0000001047,CREDIT_GOLD,ACTIVE,2026-03-08,2031-03-07,20000000.0,4.92,True
1048,1130,CARD0000001048,DEBIT,ACTIVE,2021-10-31,2026-10-30,0.0,0.0,True
1049,1131,CARD0000001049,DEBIT,ACTIVE,2024-05-29,2029-05-28,0.0,0.0,True
1050,1131,CARD0000001050,DEBIT,ACTIVE,2022-10-18,2027-10-17,0.0,0.0,True
1051,1132,CARD0000001051,CREDIT_GOLD,ACTIVE,2023-01-25,2028-01-24,20000000.0,77.42,True
1052,1133,CARD0000001052,DEBIT,ACTIVE,2023-11-27,2028-11-25,0.0,0.0,True
1053,1135,CARD0000001053,DEBIT,ACTIVE,2022-09-23,2027-09-22,0.0,0.0,True
1054,1135,CARD0000001054,DEBIT,EXPIRED,2021-06-13,2026-06-12,0.0,0.0,True
1055,1136,CARD0000001055,CREDIT_PLATINUM,ACTIVE,2021-10-21,2026-10-20,300000000.0,60.35,True
1056,1137,CARD0000001056,DEBIT,ACTIVE,2024-10-02,2029-10-01,0.0,0.0,True
1057,1137,CARD0000001057,CREDIT_GOLD,ACTIVE,2024-09-08,2029-09-07,30000000.0,70.93,True
1058,1138,CARD0000001058,CREDIT_PLATINUM,ACTIVE,2024-04-30,2029-04-29,50000000.0,55.39,True
1059,1139,CARD0000001059,CREDIT_GOLD,ACTIVE,2023-03-21,2028-03-19,30000000.0,29.63,True
1060,1139,CARD0000001060,CREDIT_GOLD,ACTIVE,2021-10-29,2026-10-28,300000000.0,56.25,True
1061,1141,CARD0000001061,CREDIT_STANDARD,ACTIVE,2025-02-28,2030-02-27,300000000.0,37.38,False
1062,1141,CARD0000001062,CREDIT_STANDARD,EXPIRED,2021-03-08,2026-03-07,50000000.0,32.13,True
1063,1143,CARD0000001063,DEBIT,ACTIVE,2021-10-08,2026-10-07,0.0,0.0,True
1064,1144,CARD0000001064,DEBIT,BLOCKED,2024-06-12,2029-06-11,0.0,0.0,True
1065,1144,CARD0000001065,CREDIT_GOLD,EXPIRED,2021-03-13,2026-03-12,300000000.0,37.29,True
1066,1146,CARD0000001066,DEBIT,ACTIVE,2022-03-16,2027-03-15,0.0,0.0,True
1067,1147,CARD0000001067,CREDIT_GOLD,ACTIVE,2023-07-09,2028-07-07,300000000.0,9.31,True
1068,1148,CARD0000001068,DEBIT,BLOCKED,2021-12-22,2026-12-21,0.0,0.0,True
1069,1148,CARD0000001069,DEBIT,ACTIVE,2023-03-20,2028-03-18,0.0,0.0,True
1070,1149,CARD0000001070,DEBIT,ACTIVE,2024-08-26,2029-08-25,0.0,0.0,True
1071,1149,CARD0000001071,DEBIT,ACTIVE,2025-03-12,2030-03-11,0.0,0.0,True
1072,1150,CARD0000001072,CREDIT_GOLD,ACTIVE,2025-12-05,2030-12-04,200000000.0,78.78,True
1073,1150,CARD0000001073,CREDIT_GOLD,ACTIVE,2022-08-14,2027-08-13,80000000.0,42.12,True
1074,1153,CARD0000001074,CREDIT_GOLD,EXPIRED,2021-04-03,2026-04-02,300000000.0,30.84,True
1075,1154,CARD0000001075,DEBIT,ACTIVE,2025-02-20,2030-02-19,0.0,0.0,True
1076,1155,CARD0000001076,CREDIT_PLATINUM,ACTIVE,2024-10-07,2029-10-06,300000000.0,63.51,True
1077,1156,CARD0000001077,CREDIT_PLATINUM,ACTIVE,2025-05-08,2030-05-07,20000000.0,24.71,True
1078,1157,CARD0000001078,CREDIT_GOLD,ACTIVE,2023-05-29,2028-05-27,80000000.0,80.69,False
1079,1161,CARD0000001079,CREDIT_GOLD,ACTIVE,2024-07-04,2029-07-03,300000000.0,30.39,True
1080,1163,CARD0000001080,CREDIT_GOLD,ACTIVE,2023-04-07,2028-04-05,20000000.0,33.07,True
1081,1163,CARD0000001081,DEBIT,ACTIVE,2025-01-20,2030-01-19,0.0,0.0,True
1082,1164,CARD0000001082,DEBIT,EXPIRED,2021-06-15,2026-06-14,0.0,0.0,True
1083,1165,CARD0000001083,CREDIT_STANDARD,ACTIVE,2024-11-05,2029-11-04,200000000.0,26.32,True
1084,1166,CARD0000001084,CREDIT_GOLD,ACTIVE,2022-02-18,2027-02-17,120000000.0,78.38,True
1085,1167,CARD0000001085,CREDIT_GOLD,ACTIVE,2026-01-23,2031-01-22,50000000.0,55.57,True
1086,1167,CARD0000001086,CREDIT_GOLD,ACTIVE,2022-08-01,2027-07-31,200000000.0,62.56,True
1087,1168,CARD0000001087,CREDIT_STANDARD,ACTIVE,2023-05-27,2028-05-25,30000000.0,61.84,False
1088,1170,CARD0000001088,CREDIT_STANDARD,ACTIVE,2025-11-11,2030-11-10,120000000.0,30.83,True
1089,1171,CARD0000001089,DEBIT,ACTIVE,2025-01-26,2030-01-25,0.0,0.0,True
1090,1172,CARD0000001090,DEBIT,ACTIVE,2025-04-26,2030-04-25,0.0,0.0,True
1091,1177,CARD0000001091,DEBIT,EXPIRED,2021-07-26,2026-07-25,0.0,0.0,True
1092,1178,CARD0000001092,DEBIT,BLOCKED,2023-06-07,2028-06-05,0.0,0.0,True
1093,1179,CARD0000001093,CREDIT_GOLD,ACTIVE,2022-04-17,2027-04-16,20000000.0,30.66,False
1094,1180,CARD0000001094,CREDIT_PLATINUM,ACTIVE,2025-11-29,2030-11-28,300000000.0,6.0,True
1095,1182,CARD0000001095,CREDIT_GOLD,ACTIVE,2023-09-14,2028-09-12,300000000.0,58.32,True
1096,1183,CARD0000001096,CREDIT_GOLD,ACTIVE,2025-10-22,2030-10-21,80000000.0,71.98,True
1097,1186,CARD0000001097,DEBIT,ACTIVE,2025-09-03,2030-09-02,0.0,0.0,True
1098,1188,CARD0000001098,DEBIT,ACTIVE,2025-05-01,2030-04-30,0.0,0.0,True
1099,1189,CARD0000001099,CREDIT_STANDARD,ACTIVE,2025-06-20,2030-06-19,120000000.0,26.12,True
1100,1192,CARD0000001100,DEBIT,ACTIVE,2024-09-28,2029-09-27,0.0,0.0,True
1101,1195,CARD0000001101,DEBIT,EXPIRED,2021-05-03,2026-05-02,0.0,0.0,True
1102,1195,CARD0000001102,DEBIT,ACTIVE,2024-04-28,2029-04-27,0.0,0.0,True
1103,1196,CARD0000001103,CREDIT_GOLD,ACTIVE,2025-08-31,2030-08-30,50000000.0,25.92,True
1104,1198,CARD0000001104,CREDIT_PLATINUM,EXPIRED,2021-03-24,2026-03-23,120000000.0,9.75,True
1105,1200,CARD0000001105,DEBIT,BLOCKED,2025-02-14,2030-02-13,0.0,0.0,True
1106,1200,CARD0000001106,CREDIT_GOLD,ACTIVE,2025-04-21,2030-04-20,300000000.0,5.17,True
1107,1201,CARD0000001107,DEBIT,ACTIVE,2022-01-23,2027-01-22,0.0,0.0,True
1108,1202,CARD0000001108,DEBIT,ACTIVE,2022-01-09,2027-01-08,0.0,0.0,True
1109,1202,CARD0000001109,CREDIT_STANDARD,ACTIVE,2024-10-10,2029-10-09,30000000.0,67.39,True
1110,1203,CARD0000001110,CREDIT_STANDARD,ACTIVE,2022-10-04,2027-10-03,300000000.0,84.58,True
1111,1204,CARD0000001111,CREDIT_STANDARD,EXPIRED,2021-08-10,2026-08-09,300000000.0,2.77,True
1112,1205,CARD0000001112,DEBIT,ACTIVE,2021-10-26,2026-10-25,0.0,0.0,True
1113,1206,CARD0000001113,CREDIT_GOLD,ACTIVE,2021-10-16,2026-10-15,80000000.0,41.44,False
1114,1207,CARD0000001114,DEBIT,EXPIRED,2021-07-05,2026-07-04,0.0,0.0,True
1115,1207,CARD0000001115,CREDIT_STANDARD,ACTIVE,2026-03-09,2031-03-08,50000000.0,80.98,True
1116,1208,CARD0000001116,DEBIT,BLOCKED,2024-05-12,2029-05-11,0.0,0.0,True
1117,1209,CARD0000001117,DEBIT,ACTIVE,2022-07-22,2027-07-21,0.0,0.0,True
1118,1209,CARD0000001118,CREDIT_STANDARD,ACTIVE,2023-08-10,2028-08-08,120000000.0,6.12,True
1119,1210,CARD0000001119,CREDIT_STANDARD,ACTIVE,2022-04-17,2027-04-16,200000000.0,45.55,True
1120,1211,CARD0000001120,DEBIT,ACTIVE,2021-12-09,2026-12-08,0.0,0.0,True
1121,1211,CARD0000001121,CREDIT_GOLD,ACTIVE,2023-07-17,2028-07-15,300000000.0,1.27,True
1122,1212,CARD0000001122,CREDIT_PLATINUM,ACTIVE,2024-05-10,2029-05-09,300000000.0,35.19,True
1123,1212,CARD0000001123,DEBIT,ACTIVE,2023-04-14,2028-04-12,0.0,0.0,True
1124,1213,CARD0000001124,CREDIT_GOLD,ACTIVE,2025-09-11,2030-09-10,120000000.0,45.55,True
1125,1214,CARD0000001125,CREDIT_PLATINUM,EXPIRED,2021-05-19,2026-05-18,300000000.0,74.96,True
1126,1214,CARD0000001126,CREDIT_PLATINUM,ACTIVE,2022-09-15,2027-09-14,80000000.0,58.82,True
1127,1216,CARD0000001127,DEBIT,ACTIVE,2022-05-30,2027-05-29,0.0,0.0,True
1128,1216,CARD0000001128,DEBIT,ACTIVE,2022-08-03,2027-08-02,0.0,0.0,True
1129,1217,CARD0000001129,CREDIT_GOLD,ACTIVE,2023-09-17,2028-09-15,300000000.0,26.82,True
1130,1217,CARD0000001130,DEBIT,ACTIVE,2021-10-19,2026-10-18,0.0,0.0,True
1131,1218,CARD0000001131,DEBIT,ACTIVE,2025-01-16,2030-01-15,0.0,0.0,True
1132,1219,CARD0000001132,CREDIT_PLATINUM,ACTIVE,2026-02-02,2031-02-01,80000000.0,0.53,True
1133,1219,CARD0000001133,CREDIT_GOLD,ACTIVE,2022-05-01,2027-04-30,30000000.0,2.44,True
1134,1220,CARD0000001134,CREDIT_GOLD,ACTIVE,2024-10-23,2029-10-22,80000000.0,74.4,True
1135,1220,CARD0000001135,CREDIT_STANDARD,ACTIVE,2023-03-05,2028-03-03,50000000.0,52.97,True
1136,1221,CARD0000001136,CREDIT_GOLD,ACTIVE,2026-04-09,2031-04-08,300000000.0,23.55,True
1137,1222,CARD0000001137,DEBIT,ACTIVE,2022-03-03,2027-03-02,0.0,0.0,True
1138,1223,CARD0000001138,CREDIT_STANDARD,ACTIVE,2022-08-30,2027-08-29,50000000.0,36.67,False
1139,1223,CARD0000001139,CREDIT_PLATINUM,EXPIRED,2021-06-15,2026-06-14,50000000.0,44.38,True
1140,1224,CARD0000001140,DEBIT,EXPIRED,2021-06-11,2026-06-10,0.0,0.0,True
1141,1225,CARD0000001141,CREDIT_GOLD,ACTIVE,2024-10-18,2029-10-17,30000000.0,19.77,True
1142,1227,CARD0000001142,DEBIT,ACTIVE,2023-07-03,2028-07-01,0.0,0.0,True
1143,1227,CARD0000001143,DEBIT,ACTIVE,2023-08-11,2028-08-09,0.0,0.0,True
1144,1228,CARD0000001144,CREDIT_STANDARD,ACTIVE,2026-03-17,2031-03-16,200000000.0,49.11,True
1145,1229,CARD0000001145,DEBIT,EXPIRED,2021-04-14,2026-04-13,0.0,0.0,True
1146,1231,CARD0000001146,CREDIT_STANDARD,ACTIVE,2023-01-02,2028-01-01,50000000.0,7.9,True
1147,1234,CARD0000001147,DEBIT,ACTIVE,2026-05-25,2031-05-24,0.0,0.0,True
1148,1235,CARD0000001148,CREDIT_PLATINUM,ACTIVE,2023-07-02,2028-06-30,200000000.0,16.97,True
1149,1235,CARD0000001149,CREDIT_PLATINUM,ACTIVE,2023-03-11,2028-03-09,20000000.0,24.32,True
1150,1236,CARD0000001150,CREDIT_STANDARD,ACTIVE,2023-06-19,2028-06-17,80000000.0,61.02,True
1151,1238,CARD0000001151,DEBIT,ACTIVE,2024-07-22,2029-07-21,0.0,0.0,True
1152,1239,CARD0000001152,CREDIT_STANDARD,ACTIVE,2025-04-05,2030-04-04,200000000.0,13.96,True
1153,1240,CARD0000001153,CREDIT_PLATINUM,ACTIVE,2022-02-07,2027-02-06,120000000.0,77.22,True
1154,1240,CARD0000001154,CREDIT_GOLD,ACTIVE,2025-08-12,2030-08-11,20000000.0,52.93,True
1155,1241,CARD0000001155,DEBIT,ACTIVE,2023-08-29,2028-08-27,0.0,0.0,True
1156,1241,CARD0000001156,CREDIT_STANDARD,ACTIVE,2021-11-03,2026-11-02,200000000.0,63.54,True
1157,1242,CARD0000001157,CREDIT_PLATINUM,ACTIVE,2022-10-16,2027-10-15,30000000.0,34.25,True
1158,1244,CARD0000001158,CREDIT_PLATINUM,ACTIVE,2024-04-01,2029-03-31,30000000.0,26.78,False
1159,1245,CARD0000001159,DEBIT,ACTIVE,2021-12-23,2026-12-22,0.0,0.0,True
1160,1247,CARD0000001160,CREDIT_PLATINUM,ACTIVE,2023-02-27,2028-02-26,50000000.0,36.64,True
1161,1249,CARD0000001161,DEBIT,ACTIVE,2026-01-23,2031-01-22,0.0,0.0,True
1162,1249,CARD0000001162,DEBIT,ACTIVE,2022-06-19,2027-06-18,0.0,0.0,True
1163,1250,CARD0000001163,DEBIT,ACTIVE,2023-04-14,2028-04-12,0.0,0.0,True
1164,1251,CARD0000001164,DEBIT,ACTIVE,2022-11-08,2027-11-07,0.0,0.0,True
1165,1252,CARD0000001165,CREDIT_STANDARD,ACTIVE,2023-05-13,2028-05-11,30000000.0,16.9,True
1166,1252,CARD0000001166,CREDIT_GOLD,ACTIVE,2024-11-05,2029-11-04,80000000.0,56.14,True
1167,1253,CARD0000001167,DEBIT,BLOCKED,2025-03-26,2030-03-25,0.0,0.0,True
1168,1254,CARD0000001168,CREDIT_GOLD,ACTIVE,2025-05-08,2030-05-07,120000000.0,72.91,True
1169,1254,CARD0000001169,DEBIT,ACTIVE,2025-10-13,2030-10-12,0.0,0.0,True
1170,1255,CARD0000001170,CREDIT_STANDARD,ACTIVE,2022-10-21,2027-10-20,120000000.0,19.52,True
1171,1255,CARD0000001171,CREDIT_PLATINUM,BLOCKED,2022-11-23,2027-11-22,50000000.0,83.63,True
1172,1256,CARD0000001172,CREDIT_GOLD,BLOCKED,2023-12-25,2028-12-23,200000000.0,34.12,True
1173,1257,CARD0000001173,DEBIT,ACTIVE,2025-07-21,2030-07-20,0.0,0.0,True
1174,1258,CARD0000001174,DEBIT,ACTIVE,2025-11-12,2030-11-11,0.0,0.0,True
1175,1260,CARD0000001175,CREDIT_STANDARD,ACTIVE,2024-05-11,2029-05-10,20000000.0,79.62,True
1176,1261,CARD0000001176,CREDIT_PLATINUM,ACTIVE,2023-11-28,2028-11-26,20000000.0,33.95,True
1177,1262,CARD0000001177,CREDIT_STANDARD,ACTIVE,2025-11-06,2030-11-05,300000000.0,16.46,True
1178,1264,CARD0000001178,DEBIT,ACTIVE,2023-01-21,2028-01-20,0.0,0.0,True
1179,1265,CARD0000001179,CREDIT_GOLD,ACTIVE,2026-05-09,2031-05-08,30000000.0,31.4,False
1180,1267,CARD0000001180,CREDIT_PLATINUM,ACTIVE,2025-01-28,2030-01-27,50000000.0,25.4,True
1181,1269,CARD0000001181,CREDIT_STANDARD,ACTIVE,2026-05-30,2031-05-29,20000000.0,61.41,True
1182,1270,CARD0000001182,DEBIT,ACTIVE,2023-08-17,2028-08-15,0.0,0.0,True
1183,1271,CARD0000001183,DEBIT,ACTIVE,2025-11-19,2030-11-18,0.0,0.0,True
1184,1271,CARD0000001184,CREDIT_STANDARD,ACTIVE,2024-10-25,2029-10-24,50000000.0,53.61,True
1185,1272,CARD0000001185,CREDIT_PLATINUM,BLOCKED,2024-02-03,2029-02-01,300000000.0,65.5,True
1186,1274,CARD0000001186,CREDIT_PLATINUM,ACTIVE,2024-03-27,2029-03-26,300000000.0,82.31,True
1187,1274,CARD0000001187,DEBIT,ACTIVE,2021-09-24,2026-09-23,0.0,0.0,True
1188,1275,CARD0000001188,CREDIT_PLATINUM,ACTIVE,2022-07-11,2027-07-10,30000000.0,15.64,True
1189,1275,CARD0000001189,CREDIT_STANDARD,ACTIVE,2023-03-31,2028-03-29,50000000.0,67.35,False
1190,1276,CARD0000001190,CREDIT_GOLD,ACTIVE,2024-12-04,2029-12-03,200000000.0,41.62,False
1191,1276,CARD0000001191,DEBIT,ACTIVE,2025-01-28,2030-01-27,0.0,0.0,True
1192,1277,CARD0000001192,CREDIT_PLATINUM,ACTIVE,2025-02-20,2030-02-19,120000000.0,25.02,True
1193,1277,CARD0000001193,CREDIT_GOLD,EXPIRED,2021-07-20,2026-07-19,200000000.0,28.21,False
1194,1279,CARD0000001194,DEBIT,ACTIVE,2021-10-03,2026-10-02,0.0,0.0,True
1195,1280,CARD0000001195,CREDIT_PLATINUM,ACTIVE,2025-05-14,2030-05-13,20000000.0,22.16,True
1196,1281,CARD0000001196,DEBIT,ACTIVE,2023-09-04,2028-09-02,0.0,0.0,True
1197,1282,CARD0000001197,CREDIT_GOLD,ACTIVE,2021-10-11,2026-10-10,20000000.0,25.56,True
1198,1285,CARD0000001198,DEBIT,ACTIVE,2023-12-12,2028-12-10,0.0,0.0,True
1199,1285,CARD0000001199,DEBIT,ACTIVE,2023-12-27,2028-12-25,0.0,0.0,True
1200,1286,CARD0000001200,DEBIT,ACTIVE,2025-08-20,2030-08-19,0.0,0.0,True
1201,1288,CARD0000001201,CREDIT_STANDARD,ACTIVE,2026-02-16,2031-02-15,120000000.0,37.27,True
1202,1289,CARD0000001202,DEBIT,ACTIVE,2022-05-04,2027-05-03,0.0,0.0,True
1203,1290,CARD0000001203,CREDIT_STANDARD,ACTIVE,2025-08-09,2030-08-08,300000000.0,16.94,True
1204,1290,CARD0000001204,DEBIT,ACTIVE,2025-08-12,2030-08-11,0.0,0.0,True
1205,1291,CARD0000001205,DEBIT,ACTIVE,2024-08-21,2029-08-20,0.0,0.0,True
1206,1292,CARD0000001206,CREDIT_GOLD,ACTIVE,2021-10-26,2026-10-25,80000000.0,7.49,True
1207,1293,CARD0000001207,DEBIT,ACTIVE,2022-08-06,2027-08-05,0.0,0.0,True
1208,1294,CARD0000001208,CREDIT_STANDARD,ACTIVE,2022-10-15,2027-10-14,30000000.0,24.74,True
1209,1294,CARD0000001209,CREDIT_STANDARD,ACTIVE,2022-10-03,2027-10-02,200000000.0,31.43,True
1210,1296,CARD0000001210,DEBIT,ACTIVE,2023-06-17,2028-06-15,0.0,0.0,True
1211,1299,CARD0000001211,DEBIT,ACTIVE,2023-07-16,2028-07-14,0.0,0.0,True
1212,1300,CARD0000001212,DEBIT,ACTIVE,2023-01-27,2028-01-26,0.0,0.0,True
1213,1304,CARD0000001213,CREDIT_GOLD,BLOCKED,2025-01-25,2030-01-24,50000000.0,12.62,False
1214,1305,CARD0000001214,CREDIT_GOLD,ACTIVE,2022-10-26,2027-10-25,200000000.0,69.37,True
1215,1306,CARD0000001215,DEBIT,ACTIVE,2024-12-14,2029-12-13,0.0,0.0,True
1216,1307,CARD0000001216,CREDIT_PLATINUM,ACTIVE,2021-09-28,2026-09-27,30000000.0,77.87,True
1217,1307,CARD0000001217,CREDIT_GOLD,ACTIVE,2022-11-21,2027-11-20,80000000.0,23.03,True
1218,1308,CARD0000001218,CREDIT_GOLD,ACTIVE,2022-12-11,2027-12-10,120000000.0,4.3,True
1219,1311,CARD0000001219,CREDIT_GOLD,EXPIRED,2021-04-18,2026-04-17,200000000.0,19.42,False
1220,1311,CARD0000001220,DEBIT,ACTIVE,2022-04-15,2027-04-14,0.0,0.0,True
1221,1312,CARD0000001221,DEBIT,ACTIVE,2022-03-19,2027-03-18,0.0,0.0,True
1222,1313,CARD0000001222,CREDIT_GOLD,BLOCKED,2022-06-30,2027-06-29,50000000.0,46.64,True
1223,1314,CARD0000001223,CREDIT_PLATINUM,ACTIVE,2025-11-09,2030-11-08,80000000.0,69.93,True
1224,1315,CARD0000001224,DEBIT,ACTIVE,2021-12-14,2026-12-13,0.0,0.0,True
1225,1316,CARD0000001225,CREDIT_PLATINUM,ACTIVE,2026-01-12,2031-01-11,200000000.0,6.44,True
1226,1317,CARD0000001226,DEBIT,ACTIVE,2025-08-21,2030-08-20,0.0,0.0,True
1227,1317,CARD0000001227,DEBIT,ACTIVE,2026-04-10,2031-04-09,0.0,0.0,True
1228,1318,CARD0000001228,CREDIT_GOLD,ACTIVE,2023-12-03,2028-12-01,30000000.0,48.54,False
1229,1320,CARD0000001229,CREDIT_GOLD,EXPIRED,2021-05-30,2026-05-29,30000000.0,33.71,True
1230,1321,CARD0000001230,DEBIT,ACTIVE,2023-05-18,2028-05-16,0.0,0.0,True
1231,1321,CARD0000001231,DEBIT,ACTIVE,2024-04-25,2029-04-24,0.0,0.0,True
1232,1322,CARD0000001232,CREDIT_PLATINUM,ACTIVE,2025-11-10,2030-11-09,300000000.0,44.23,True
1233,1323,CARD0000001233,DEBIT,ACTIVE,2023-09-22,2028-09-20,0.0,0.0,True
1234,1324,CARD0000001234,DEBIT,ACTIVE,2022-02-21,2027-02-20,0.0,0.0,True
1235,1325,CARD0000001235,CREDIT_STANDARD,ACTIVE,2022-08-06,2027-08-05,200000000.0,53.37,True
1236,1325,CARD0000001236,CREDIT_PLATINUM,ACTIVE,2026-01-26,2031-01-25,50000000.0,66.5,True
1237,1326,CARD0000001237,DEBIT,ACTIVE,2023-01-23,2028-01-22,0.0,0.0,True
1238,1329,CARD0000001238,CREDIT_GOLD,ACTIVE,2022-07-15,2027-07-14,30000000.0,26.17,False
1239,1331,CARD0000001239,CREDIT_STANDARD,ACTIVE,2023-09-12,2028-09-10,200000000.0,81.76,True
1240,1332,CARD0000001240,DEBIT,BLOCKED,2023-01-08,2028-01-07,0.0,0.0,True
1241,1333,CARD0000001241,DEBIT,EXPIRED,2021-04-14,2026-04-13,0.0,0.0,True
1242,1334,CARD0000001242,DEBIT,ACTIVE,2022-07-25,2027-07-24,0.0,0.0,True
1243,1336,CARD0000001243,CREDIT_GOLD,ACTIVE,2021-11-29,2026-11-28,30000000.0,70.05,True
1244,1337,CARD0000001244,DEBIT,ACTIVE,2025-05-27,2030-05-26,0.0,0.0,True
1245,1338,CARD0000001245,DEBIT,ACTIVE,2026-03-04,2031-03-03,0.0,0.0,True
1246,1338,CARD0000001246,DEBIT,ACTIVE,2024-04-27,2029-04-26,0.0,0.0,True
1247,1341,CARD0000001247,CREDIT_STANDARD,ACTIVE,2026-03-24,2031-03-23,200000000.0,20.09,True
1248,1342,CARD0000001248,DEBIT,ACTIVE,2022-08-24,2027-08-23,0.0,0.0,True
1249,1343,CARD0000001249,CREDIT_GOLD,ACTIVE,2024-07-02,2029-07-01,50000000.0,16.91,True
1250,1343,CARD0000001250,DEBIT,ACTIVE,2021-10-19,2026-10-18,0.0,0.0,True
1251,1346,CARD0000001251,CREDIT_GOLD,ACTIVE,2025-08-22,2030-08-21,80000000.0,26.93,True
1252,1347,CARD0000001252,DEBIT,EXPIRED,2021-05-16,2026-05-15,0.0,0.0,True
1253,1347,CARD0000001253,DEBIT,ACTIVE,2023-05-21,2028-05-19,0.0,0.0,True
1254,1349,CARD0000001254,DEBIT,ACTIVE,2025-08-31,2030-08-30,0.0,0.0,True
1255,1349,CARD0000001255,CREDIT_GOLD,ACTIVE,2025-07-20,2030-07-19,120000000.0,40.43,True
1256,1350,CARD0000001256,CREDIT_STANDARD,ACTIVE,2025-12-16,2030-12-15,300000000.0,37.43,True
1257,1350,CARD0000001257,DEBIT,ACTIVE,2025-10-13,2030-10-12,0.0,0.0,True
1258,1352,CARD0000001258,CREDIT_GOLD,ACTIVE,2023-05-08,2028-05-06,50000000.0,20.46,True
1259,1356,CARD0000001259,CREDIT_GOLD,ACTIVE,2025-02-01,2030-01-31,30000000.0,53.99,True
1260,1356,CARD0000001260,CREDIT_GOLD,ACTIVE,2024-07-28,2029-07-27,50000000.0,71.54,True
1261,1357,CARD0000001261,CREDIT_STANDARD,ACTIVE,2023-08-30,2028-08-28,200000000.0,70.17,True
1262,1359,CARD0000001262,DEBIT,ACTIVE,2022-10-18,2027-10-17,0.0,0.0,True
1263,1359,CARD0000001263,CREDIT_STANDARD,ACTIVE,2026-01-12,2031-01-11,80000000.0,9.57,True
1264,1360,CARD0000001264,CREDIT_GOLD,ACTIVE,2024-03-04,2029-03-03,80000000.0,24.77,False
1265,1361,CARD0000001265,CREDIT_PLATINUM,ACTIVE,2024-11-14,2029-11-13,30000000.0,4.15,False
1266,1363,CARD0000001266,DEBIT,ACTIVE,2024-09-29,2029-09-28,0.0,0.0,True
1267,1364,CARD0000001267,DEBIT,ACTIVE,2023-04-06,2028-04-04,0.0,0.0,True
1268,1366,CARD0000001268,CREDIT_PLATINUM,ACTIVE,2024-11-20,2029-11-19,300000000.0,75.58,False
1269,1367,CARD0000001269,DEBIT,ACTIVE,2026-05-15,2031-05-14,0.0,0.0,True
1270,1368,CARD0000001270,CREDIT_PLATINUM,ACTIVE,2024-12-15,2029-12-14,300000000.0,39.84,True
1271,1369,CARD0000001271,DEBIT,ACTIVE,2023-09-24,2028-09-22,0.0,0.0,True
1272,1371,CARD0000001272,CREDIT_STANDARD,ACTIVE,2022-09-07,2027-09-06,30000000.0,58.4,True
1273,1372,CARD0000001273,DEBIT,ACTIVE,2026-05-06,2031-05-05,0.0,0.0,True
1274,1373,CARD0000001274,CREDIT_STANDARD,ACTIVE,2025-04-14,2030-04-13,30000000.0,30.84,True
1275,1374,CARD0000001275,DEBIT,ACTIVE,2025-11-18,2030-11-17,0.0,0.0,True
1276,1374,CARD0000001276,CREDIT_STANDARD,ACTIVE,2026-06-04,2031-06-03,120000000.0,20.59,True
1277,1375,CARD0000001277,DEBIT,ACTIVE,2022-05-23,2027-05-22,0.0,0.0,True
1278,1376,CARD0000001278,CREDIT_GOLD,ACTIVE,2022-06-29,2027-06-28,120000000.0,66.62,False
1279,1377,CARD0000001279,DEBIT,ACTIVE,2025-08-04,2030-08-03,0.0,0.0,True
1280,1378,CARD0000001280,CREDIT_GOLD,EXPIRED,2021-06-28,2026-06-27,120000000.0,70.29,True
1281,1378,CARD0000001281,DEBIT,ACTIVE,2022-05-29,2027-05-28,0.0,0.0,True
1282,1379,CARD0000001282,DEBIT,ACTIVE,2021-10-04,2026-10-03,0.0,0.0,True
1283,1380,CARD0000001283,CREDIT_PLATINUM,ACTIVE,2022-10-10,2027-10-09,120000000.0,55.19,True
1284,1381,CARD0000001284,DEBIT,ACTIVE,2024-05-25,2029-05-24,0.0,0.0,True
1285,1382,CARD0000001285,CREDIT_PLATINUM,ACTIVE,2025-07-29,2030-07-28,30000000.0,74.04,True
1286,1383,CARD0000001286,CREDIT_GOLD,ACTIVE,2023-04-02,2028-03-31,20000000.0,18.18,True
1287,1383,CARD0000001287,DEBIT,ACTIVE,2026-01-12,2031-01-11,0.0,0.0,True
1288,1384,CARD0000001288,CREDIT_GOLD,ACTIVE,2025-08-11,2030-08-10,50000000.0,57.44,True
1289,1386,CARD0000001289,CREDIT_STANDARD,ACTIVE,2022-12-16,2027-12-15,20000000.0,28.48,True
1290,1386,CARD0000001290,CREDIT_GOLD,ACTIVE,2021-10-13,2026-10-12,120000000.0,31.62,True
1291,1388,CARD0000001291,CREDIT_PLATINUM,ACTIVE,2022-01-27,2027-01-26,300000000.0,26.54,True
1292,1388,CARD0000001292,CREDIT_PLATINUM,ACTIVE,2022-09-11,2027-09-10,120000000.0,16.87,True
1293,1389,CARD0000001293,CREDIT_PLATINUM,EXPIRED,2021-04-05,2026-04-04,30000000.0,46.68,True
1294,1390,CARD0000001294,CREDIT_GOLD,EXPIRED,2021-05-11,2026-05-10,20000000.0,50.25,True
1295,1391,CARD0000001295,CREDIT_STANDARD,ACTIVE,2023-03-13,2028-03-11,300000000.0,64.96,True
1296,1392,CARD0000001296,CREDIT_PLATINUM,ACTIVE,2026-01-28,2031-01-27,50000000.0,82.42,True
1297,1393,CARD0000001297,CREDIT_PLATINUM,ACTIVE,2024-06-20,2029-06-19,300000000.0,55.1,True
1298,1394,CARD0000001298,CREDIT_GOLD,ACTIVE,2021-11-08,2026-11-07,50000000.0,68.74,True
1299,1395,CARD0000001299,DEBIT,ACTIVE,2022-05-16,2027-05-15,0.0,0.0,True
1300,1395,CARD0000001300,CREDIT_STANDARD,ACTIVE,2024-02-16,2029-02-14,300000000.0,81.28,True
1301,1396,CARD0000001301,CREDIT_PLATINUM,ACTIVE,2021-12-10,2026-12-09,300000000.0,34.35,True
1302,1397,CARD0000001302,CREDIT_STANDARD,ACTIVE,2023-05-14,2028-05-12,120000000.0,37.2,True
1303,1398,CARD0000001303,CREDIT_STANDARD,ACTIVE,2024-12-25,2029-12-24,300000000.0,83.57,False
1304,1398,CARD0000001304,CREDIT_STANDARD,EXPIRED,2021-05-02,2026-05-01,300000000.0,84.89,True
1305,1399,CARD0000001305,DEBIT,ACTIVE,2022-08-10,2027-08-09,0.0,0.0,True
1306,1400,CARD0000001306,CREDIT_STANDARD,ACTIVE,2024-03-05,2029-03-04,50000000.0,63.95,True
1307,1402,CARD0000001307,DEBIT,ACTIVE,2023-02-13,2028-02-12,0.0,0.0,True
1308,1404,CARD0000001308,DEBIT,ACTIVE,2026-05-14,2031-05-13,0.0,0.0,True
1309,1405,CARD0000001309,CREDIT_PLATINUM,ACTIVE,2024-12-16,2029-12-15,50000000.0,5.52,True
1310,1407,CARD0000001310,CREDIT_STANDARD,ACTIVE,2023-09-27,2028-09-25,50000000.0,51.19,True
1311,1407,CARD0000001311,DEBIT,ACTIVE,2021-10-26,2026-10-25,0.0,0.0,True
1312,1408,CARD0000001312,DEBIT,ACTIVE,2025-08-08,2030-08-07,0.0,0.0,True
1313,1411,CARD0000001313,DEBIT,ACTIVE,2024-10-15,2029-10-14,0.0,0.0,True
1314,1412,CARD0000001314,DEBIT,ACTIVE,2024-09-07,2029-09-06,0.0,0.0,True
1315,1414,CARD0000001315,CREDIT_STANDARD,ACTIVE,2026-03-14,2031-03-13,30000000.0,29.61,False
1316,1415,CARD0000001316,DEBIT,ACTIVE,2022-02-26,2027-02-25,0.0,0.0,True
1317,1415,CARD0000001317,CREDIT_PLATINUM,EXPIRED,2021-08-03,2026-08-02,200000000.0,33.34,True
1318,1416,CARD0000001318,CREDIT_GOLD,ACTIVE,2025-03-06,2030-03-05,120000000.0,29.22,True
1319,1416,CARD0000001319,CREDIT_GOLD,ACTIVE,2023-10-05,2028-10-03,30000000.0,76.92,True
1320,1418,CARD0000001320,CREDIT_STANDARD,EXPIRED,2021-04-09,2026-04-08,300000000.0,25.53,True
1321,1418,CARD0000001321,CREDIT_GOLD,ACTIVE,2025-08-11,2030-08-10,80000000.0,71.49,True
1322,1419,CARD0000001322,DEBIT,EXPIRED,2021-08-08,2026-08-07,0.0,0.0,True
1323,1420,CARD0000001323,DEBIT,ACTIVE,2024-02-02,2029-01-31,0.0,0.0,True
1324,1421,CARD0000001324,DEBIT,EXPIRED,2021-08-07,2026-08-06,0.0,0.0,True
1325,1421,CARD0000001325,DEBIT,EXPIRED,2021-07-20,2026-07-19,0.0,0.0,True
1326,1422,CARD0000001326,CREDIT_PLATINUM,ACTIVE,2025-07-19,2030-07-18,50000000.0,36.24,True
1327,1423,CARD0000001327,DEBIT,ACTIVE,2025-11-16,2030-11-15,0.0,0.0,True
1328,1424,CARD0000001328,CREDIT_PLATINUM,ACTIVE,2025-11-02,2030-11-01,200000000.0,63.36,True
1329,1424,CARD0000001329,DEBIT,ACTIVE,2023-06-10,2028-06-08,0.0,0.0,True
1330,1426,CARD0000001330,CREDIT_GOLD,ACTIVE,2026-04-22,2031-04-21,120000000.0,45.43,True
1331,1427,CARD0000001331,DEBIT,ACTIVE,2022-10-27,2027-10-26,0.0,0.0,True
1332,1428,CARD0000001332,CREDIT_GOLD,ACTIVE,2024-11-24,2029-11-23,300000000.0,47.4,False
1333,1429,CARD0000001333,CREDIT_GOLD,ACTIVE,2023-09-13,2028-09-11,200000000.0,31.32,True
1334,1429,CARD0000001334,CREDIT_PLATINUM,ACTIVE,2022-02-14,2027-02-13,200000000.0,75.05,True
1335,1430,CARD0000001335,DEBIT,ACTIVE,2022-02-03,2027-02-02,0.0,0.0,True
1336,1431,CARD0000001336,DEBIT,ACTIVE,2023-12-15,2028-12-13,0.0,0.0,True
1337,1433,CARD0000001337,CREDIT_GOLD,BLOCKED,2022-06-23,2027-06-22,20000000.0,66.78,False
1338,1433,CARD0000001338,CREDIT_STANDARD,ACTIVE,2022-04-21,2027-04-20,200000000.0,81.08,True
1339,1435,CARD0000001339,DEBIT,ACTIVE,2023-08-06,2028-08-04,0.0,0.0,True
1340,1436,CARD0000001340,DEBIT,ACTIVE,2026-02-15,2031-02-14,0.0,0.0,True
1341,1436,CARD0000001341,DEBIT,ACTIVE,2022-11-07,2027-11-06,0.0,0.0,True
1342,1438,CARD0000001342,CREDIT_PLATINUM,BLOCKED,2022-02-05,2027-02-04,20000000.0,50.81,True
1343,1438,CARD0000001343,CREDIT_PLATINUM,ACTIVE,2025-03-23,2030-03-22,20000000.0,28.74,True
1344,1440,CARD0000001344,DEBIT,ACTIVE,2023-04-19,2028-04-17,0.0,0.0,True
1345,1441,CARD0000001345,DEBIT,ACTIVE,2022-10-05,2027-10-04,0.0,0.0,True
1346,1442,CARD0000001346,CREDIT_STANDARD,ACTIVE,2022-05-19,2027-05-18,30000000.0,54.25,True
1347,1442,CARD0000001347,CREDIT_STANDARD,ACTIVE,2022-01-24,2027-01-23,80000000.0,75.29,True
1348,1444,CARD0000001348,CREDIT_PLATINUM,ACTIVE,2024-09-14,2029-09-13,120000000.0,66.8,True
1349,1446,CARD0000001349,CREDIT_PLATINUM,EXPIRED,2021-07-12,2026-07-11,30000000.0,68.64,True
1350,1446,CARD0000001350,DEBIT,ACTIVE,2022-02-23,2027-02-22,0.0,0.0,True
1351,1447,CARD0000001351,DEBIT,ACTIVE,2021-12-11,2026-12-10,0.0,0.0,True
1352,1449,CARD0000001352,CREDIT_STANDARD,ACTIVE,2023-03-18,2028-03-16,50000000.0,44.22,True
1353,1450,CARD0000001353,CREDIT_GOLD,ACTIVE,2023-09-05,2028-09-03,50000000.0,24.09,True
1354,1451,CARD0000001354,DEBIT,ACTIVE,2021-08-28,2026-08-27,0.0,0.0,True
1355,1451,CARD0000001355,CREDIT_PLATINUM,ACTIVE,2024-04-24,2029-04-23,50000000.0,43.87,True
1356,1452,CARD0000001356,DEBIT,ACTIVE,2024-06-01,2029-05-31,0.0,0.0,True
1357,1456,CARD0000001357,DEBIT,ACTIVE,2022-09-27,2027-09-26,0.0,0.0,True
1358,1458,CARD0000001358,DEBIT,ACTIVE,2025-07-21,2030-07-20,0.0,0.0,True
1359,1460,CARD0000001359,DEBIT,ACTIVE,2022-08-17,2027-08-16,0.0,0.0,True
1360,1460,CARD0000001360,DEBIT,ACTIVE,2025-09-15,2030-09-14,0.0,0.0,True
1361,1463,CARD0000001361,DEBIT,EXPIRED,2021-07-28,2026-07-27,0.0,0.0,True
1362,1464,CARD0000001362,CREDIT_GOLD,ACTIVE,2024-01-26,2029-01-24,50000000.0,65.94,True
1363,1465,CARD0000001363,CREDIT_STANDARD,ACTIVE,2024-07-03,2029-07-02,30000000.0,8.0,False
1364,1466,CARD0000001364,DEBIT,ACTIVE,2025-05-21,2030-05-20,0.0,0.0,True
1365,1469,CARD0000001365,CREDIT_PLATINUM,ACTIVE,2023-08-14,2028-08-12,30000000.0,4.35,True
1366,1469,CARD0000001366,CREDIT_STANDARD,ACTIVE,2025-02-22,2030-02-21,80000000.0,2.5,True
1367,1470,CARD0000001367,DEBIT,ACTIVE,2022-03-11,2027-03-10,0.0,0.0,True
1368,1471,CARD0000001368,DEBIT,ACTIVE,2025-06-20,2030-06-19,0.0,0.0,True
1369,1472,CARD0000001369,CREDIT_STANDARD,ACTIVE,2023-09-27,2028-09-25,30000000.0,30.05,True
1370,1472,CARD0000001370,CREDIT_STANDARD,ACTIVE,2023-01-25,2028-01-24,120000000.0,31.3,True
1371,1473,CARD0000001371,DEBIT,ACTIVE,2025-02-11,2030-02-10,0.0,0.0,True
1372,1474,CARD0000001372,CREDIT_GOLD,ACTIVE,2021-11-14,2026-11-13,300000000.0,31.81,False
1373,1475,CARD0000001373,CREDIT_PLATINUM,ACTIVE,2024-06-12,2029-06-11,20000000.0,40.18,True
1374,1476,CARD0000001374,DEBIT,ACTIVE,2025-09-11,2030-09-10,0.0,0.0,True
1375,1477,CARD0000001375,CREDIT_GOLD,EXPIRED,2021-04-24,2026-04-23,200000000.0,38.52,True
1376,1478,CARD0000001376,CREDIT_GOLD,ACTIVE,2025-04-22,2030-04-21,50000000.0,49.04,True
1377,1479,CARD0000001377,DEBIT,ACTIVE,2025-11-11,2030-11-10,0.0,0.0,True
1378,1481,CARD0000001378,CREDIT_PLATINUM,ACTIVE,2023-05-25,2028-05-23,120000000.0,44.05,True
1379,1483,CARD0000001379,CREDIT_STANDARD,ACTIVE,2022-05-23,2027-05-22,200000000.0,74.27,True
1380,1483,CARD0000001380,DEBIT,BLOCKED,2021-11-12,2026-11-11,0.0,0.0,True
1381,1486,CARD0000001381,CREDIT_GOLD,ACTIVE,2025-08-02,2030-08-01,50000000.0,20.22,True
1382,1487,CARD0000001382,DEBIT,ACTIVE,2022-01-09,2027-01-08,0.0,0.0,True
1383,1487,CARD0000001383,CREDIT_GOLD,ACTIVE,2023-06-10,2028-06-08,30000000.0,23.63,True
1384,1488,CARD0000001384,CREDIT_PLATINUM,BLOCKED,2023-08-20,2028-08-18,30000000.0,39.68,True
1385,1489,CARD0000001385,DEBIT,ACTIVE,2025-07-11,2030-07-10,0.0,0.0,True
1386,1490,CARD0000001386,CREDIT_STANDARD,EXPIRED,2021-05-02,2026-05-01,20000000.0,78.84,True
1387,1491,CARD0000001387,DEBIT,ACTIVE,2023-01-02,2028-01-01,0.0,0.0,True
1388,1492,CARD0000001388,DEBIT,ACTIVE,2021-10-30,2026-10-29,0.0,0.0,True
1389,1495,CARD0000001389,DEBIT,ACTIVE,2026-04-18,2031-04-17,0.0,0.0,True
1390,1496,CARD0000001390,DEBIT,ACTIVE,2025-01-14,2030-01-13,0.0,0.0,True
1391,1496,CARD0000001391,CREDIT_STANDARD,ACTIVE,2022-06-21,2027-06-20,200000000.0,84.91,True
1392,1497,CARD0000001392,DEBIT,ACTIVE,2023-08-08,2028-08-06,0.0,0.0,True
1393,1498,CARD0000001393,DEBIT,ACTIVE,2025-12-12,2030-12-11,0.0,0.0,True
1394,1499,CARD0000001394,DEBIT,ACTIVE,2022-11-29,2027-11-28,0.0,0.0,True
1395,1499,CARD0000001395,DEBIT,ACTIVE,2025-09-03,2030-09-02,0.0,0.0,True
1396,1501,CARD0000001396,CREDIT_GOLD,ACTIVE,2026-06-10,2031-06-09,300000000.0,3.54,True
1397,1501,CARD0000001397,DEBIT,EXPIRED,2021-06-22,2026-06-21,0.0,0.0,True
1398,1503,CARD0000001398,DEBIT,ACTIVE,2026-06-20,2031-06-19,0.0,0.0,True
1399,1504,CARD0000001399,CREDIT_STANDARD,ACTIVE,2025-04-11,2030-04-10,120000000.0,38.95,True
1400,1505,CARD0000001400,CREDIT_PLATINUM,ACTIVE,2026-06-22,2031-06-21,120000000.0,73.97,True
1401,1506,CARD0000001401,CREDIT_PLATINUM,ACTIVE,2024-05-07,2029-05-06,80000000.0,21.5,True
1402,1506,CARD0000001402,CREDIT_PLATINUM,ACTIVE,2023-06-16,2028-06-14,20000000.0,47.8,True
1403,1511,CARD0000001403,DEBIT,ACTIVE,2024-03-11,2029-03-10,0.0,0.0,True
1404,1512,CARD0000001404,CREDIT_GOLD,ACTIVE,2022-05-26,2027-05-25,80000000.0,23.05,False
1405,1513,CARD0000001405,CREDIT_STANDARD,EXPIRED,2021-07-09,2026-07-08,50000000.0,69.05,True
1406,1513,CARD0000001406,DEBIT,ACTIVE,2022-07-15,2027-07-14,0.0,0.0,True
1407,1514,CARD0000001407,DEBIT,ACTIVE,2026-04-04,2031-04-03,0.0,0.0,True
1408,1516,CARD0000001408,CREDIT_PLATINUM,ACTIVE,2024-01-15,2029-01-13,20000000.0,31.18,True
1409,1517,CARD0000001409,CREDIT_PLATINUM,ACTIVE,2025-12-05,2030-12-04,200000000.0,20.68,True
1410,1517,CARD0000001410,CREDIT_STANDARD,ACTIVE,2024-02-09,2029-02-07,30000000.0,34.01,True
1411,1522,CARD0000001411,DEBIT,ACTIVE,2022-05-17,2027-05-16,0.0,0.0,True
1412,1522,CARD0000001412,DEBIT,ACTIVE,2023-12-17,2028-12-15,0.0,0.0,True
1413,1523,CARD0000001413,CREDIT_STANDARD,ACTIVE,2025-09-14,2030-09-13,50000000.0,81.9,True
1414,1523,CARD0000001414,DEBIT,ACTIVE,2023-01-07,2028-01-06,0.0,0.0,True
1415,1526,CARD0000001415,CREDIT_PLATINUM,ACTIVE,2021-09-06,2026-09-05,80000000.0,25.67,True
1416,1527,CARD0000001416,DEBIT,BLOCKED,2023-06-20,2028-06-18,0.0,0.0,True
1417,1529,CARD0000001417,DEBIT,ACTIVE,2025-01-13,2030-01-12,0.0,0.0,True
1418,1530,CARD0000001418,CREDIT_GOLD,ACTIVE,2022-11-10,2027-11-09,300000000.0,11.43,True
1419,1530,CARD0000001419,CREDIT_PLATINUM,ACTIVE,2025-08-08,2030-08-07,120000000.0,30.62,True
1420,1532,CARD0000001420,CREDIT_GOLD,ACTIVE,2023-12-01,2028-11-29,120000000.0,43.41,True
1421,1533,CARD0000001421,DEBIT,ACTIVE,2021-12-18,2026-12-17,0.0,0.0,True
1422,1533,CARD0000001422,CREDIT_GOLD,ACTIVE,2023-01-02,2028-01-01,20000000.0,49.31,True
1423,1534,CARD0000001423,CREDIT_PLATINUM,ACTIVE,2024-09-09,2029-09-08,200000000.0,1.37,True
1424,1535,CARD0000001424,DEBIT,BLOCKED,2024-11-17,2029-11-16,0.0,0.0,True
1425,1536,CARD0000001425,DEBIT,ACTIVE,2024-09-16,2029-09-15,0.0,0.0,True
1426,1538,CARD0000001426,DEBIT,ACTIVE,2024-02-07,2029-02-05,0.0,0.0,True
1427,1541,CARD0000001427,CREDIT_PLATINUM,ACTIVE,2025-05-03,2030-05-02,120000000.0,52.93,True
1428,1541,CARD0000001428,DEBIT,ACTIVE,2024-07-27,2029-07-26,0.0,0.0,True
1429,1544,CARD0000001429,CREDIT_PLATINUM,ACTIVE,2024-08-31,2029-08-30,300000000.0,23.86,True
1430,1546,CARD0000001430,CREDIT_PLATINUM,ACTIVE,2024-06-28,2029-06-27,300000000.0,58.35,True
1431,1546,CARD0000001431,DEBIT,ACTIVE,2023-05-02,2028-04-30,0.0,0.0,True
1432,1549,CARD0000001432,CREDIT_STANDARD,EXPIRED,2021-08-08,2026-08-07,300000000.0,37.54,True
1433,1549,CARD0000001433,DEBIT,ACTIVE,2024-07-20,2029-07-19,0.0,0.0,True
1434,1550,CARD0000001434,CREDIT_STANDARD,ACTIVE,2021-11-18,2026-11-17,50000000.0,11.71,True
1435,1551,CARD0000001435,CREDIT_PLATINUM,ACTIVE,2022-07-31,2027-07-30,30000000.0,45.34,True
1436,1554,CARD0000001436,CREDIT_PLATINUM,EXPIRED,2021-07-14,2026-07-13,200000000.0,27.98,True
1437,1555,CARD0000001437,CREDIT_GOLD,ACTIVE,2022-11-02,2027-11-01,20000000.0,5.13,True
1438,1555,CARD0000001438,CREDIT_PLATINUM,ACTIVE,2024-05-09,2029-05-08,120000000.0,21.78,True
1439,1556,CARD0000001439,DEBIT,EXPIRED,2021-06-19,2026-06-18,0.0,0.0,True
1440,1556,CARD0000001440,DEBIT,ACTIVE,2023-04-23,2028-04-21,0.0,0.0,True
1441,1557,CARD0000001441,CREDIT_GOLD,EXPIRED,2021-06-06,2026-06-05,30000000.0,49.53,True
1442,1558,CARD0000001442,DEBIT,ACTIVE,2025-07-01,2030-06-30,0.0,0.0,True
1443,1560,CARD0000001443,DEBIT,ACTIVE,2026-04-18,2031-04-17,0.0,0.0,True
1444,1561,CARD0000001444,DEBIT,EXPIRED,2021-06-02,2026-06-01,0.0,0.0,True
1445,1562,CARD0000001445,CREDIT_STANDARD,ACTIVE,2024-01-30,2029-01-28,120000000.0,52.1,True
1446,1562,CARD0000001446,DEBIT,EXPIRED,2021-04-27,2026-04-26,0.0,0.0,True
1447,1563,CARD0000001447,DEBIT,ACTIVE,2025-12-18,2030-12-17,0.0,0.0,True
1448,1564,CARD0000001448,DEBIT,EXPIRED,2021-08-03,2026-08-02,0.0,0.0,True
1449,1565,CARD0000001449,DEBIT,ACTIVE,2022-08-28,2027-08-27,0.0,0.0,True
1450,1565,CARD0000001450,CREDIT_STANDARD,ACTIVE,2024-07-04,2029-07-03,80000000.0,39.78,True
1451,1566,CARD0000001451,DEBIT,EXPIRED,2021-07-26,2026-07-25,0.0,0.0,True
1452,1567,CARD0000001452,DEBIT,ACTIVE,2025-07-22,2030-07-21,0.0,0.0,True
1453,1567,CARD0000001453,CREDIT_PLATINUM,ACTIVE,2023-07-31,2028-07-29,30000000.0,50.9,True
1454,1568,CARD0000001454,DEBIT,ACTIVE,2023-05-05,2028-05-03,0.0,0.0,True
1455,1569,CARD0000001455,DEBIT,ACTIVE,2024-11-25,2029-11-24,0.0,0.0,True
1456,1570,CARD0000001456,DEBIT,ACTIVE,2026-03-09,2031-03-08,0.0,0.0,True
1457,1572,CARD0000001457,CREDIT_STANDARD,ACTIVE,2024-04-06,2029-04-05,80000000.0,62.18,True
1458,1573,CARD0000001458,DEBIT,ACTIVE,2023-10-01,2028-09-29,0.0,0.0,True
1459,1573,CARD0000001459,DEBIT,ACTIVE,2025-06-19,2030-06-18,0.0,0.0,True
1460,1574,CARD0000001460,CREDIT_GOLD,ACTIVE,2026-01-16,2031-01-15,30000000.0,53.81,True
1461,1575,CARD0000001461,CREDIT_STANDARD,ACTIVE,2025-08-29,2030-08-28,300000000.0,39.29,True
1462,1576,CARD0000001462,CREDIT_GOLD,ACTIVE,2026-04-07,2031-04-06,200000000.0,34.66,True
1463,1578,CARD0000001463,CREDIT_PLATINUM,ACTIVE,2026-01-01,2030-12-31,300000000.0,23.82,True
1464,1580,CARD0000001464,DEBIT,ACTIVE,2023-03-25,2028-03-23,0.0,0.0,True
1465,1580,CARD0000001465,DEBIT,ACTIVE,2022-04-04,2027-04-03,0.0,0.0,True
1466,1581,CARD0000001466,CREDIT_STANDARD,BLOCKED,2025-02-24,2030-02-23,120000000.0,75.36,True
1467,1582,CARD0000001467,DEBIT,ACTIVE,2023-03-22,2028-03-20,0.0,0.0,True
1468,1582,CARD0000001468,CREDIT_STANDARD,ACTIVE,2026-01-06,2031-01-05,200000000.0,43.81,False
1469,1583,CARD0000001469,DEBIT,ACTIVE,2023-02-08,2028-02-07,0.0,0.0,True
1470,1584,CARD0000001470,CREDIT_PLATINUM,ACTIVE,2022-01-16,2027-01-15,120000000.0,27.47,True
1471,1584,CARD0000001471,DEBIT,ACTIVE,2025-06-23,2030-06-22,0.0,0.0,True
1472,1588,CARD0000001472,DEBIT,ACTIVE,2023-08-14,2028-08-12,0.0,0.0,True
1473,1590,CARD0000001473,DEBIT,ACTIVE,2025-02-13,2030-02-12,0.0,0.0,True
1474,1592,CARD0000001474,DEBIT,ACTIVE,2025-12-21,2030-12-20,0.0,0.0,True
1475,1592,CARD0000001475,CREDIT_PLATINUM,ACTIVE,2025-08-12,2030-08-11,300000000.0,34.8,False
1476,1594,CARD0000001476,CREDIT_GOLD,ACTIVE,2023-12-10,2028-12-08,200000000.0,58.17,True
1477,1595,CARD0000001477,DEBIT,ACTIVE,2022-11-21,2027-11-20,0.0,0.0,True
1478,1595,CARD0000001478,DEBIT,ACTIVE,2022-01-09,2027-01-08,0.0,0.0,True
1479,1596,CARD0000001479,CREDIT_STANDARD,EXPIRED,2021-07-30,2026-07-29,300000000.0,4.68,True
1480,1597,CARD0000001480,CREDIT_PLATINUM,ACTIVE,2022-10-07,2027-10-06,50000000.0,18.66,True
1481,1598,CARD0000001481,CREDIT_STANDARD,ACTIVE,2022-11-09,2027-11-08,30000000.0,5.98,True
1482,1599,CARD0000001482,CREDIT_STANDARD,ACTIVE,2022-10-31,2027-10-30,300000000.0,22.54,True
1483,1599,CARD0000001483,CREDIT_STANDARD,BLOCKED,2022-07-23,2027-07-22,30000000.0,40.84,True
1484,1602,CARD0000001484,CREDIT_PLATINUM,EXPIRED,2021-06-01,2026-05-31,200000000.0,12.16,True
1485,1604,CARD0000001485,CREDIT_PLATINUM,ACTIVE,2026-04-23,2031-04-22,50000000.0,41.54,True
1486,1605,CARD0000001486,CREDIT_PLATINUM,ACTIVE,2023-02-28,2028-02-27,20000000.0,11.79,True
1487,1607,CARD0000001487,DEBIT,ACTIVE,2025-08-10,2030-08-09,0.0,0.0,True
1488,1609,CARD0000001488,DEBIT,ACTIVE,2025-12-12,2030-12-11,0.0,0.0,True
1489,1611,CARD0000001489,DEBIT,ACTIVE,2024-07-09,2029-07-08,0.0,0.0,True
1490,1611,CARD0000001490,CREDIT_GOLD,ACTIVE,2024-07-04,2029-07-03,120000000.0,10.18,False
1491,1612,CARD0000001491,DEBIT,ACTIVE,2021-10-28,2026-10-27,0.0,0.0,True
1492,1614,CARD0000001492,DEBIT,ACTIVE,2025-08-15,2030-08-14,0.0,0.0,True
1493,1615,CARD0000001493,CREDIT_STANDARD,ACTIVE,2025-10-10,2030-10-09,50000000.0,65.09,True
1494,1617,CARD0000001494,CREDIT_PLATINUM,EXPIRED,2021-06-13,2026-06-12,200000000.0,82.77,True
1495,1617,CARD0000001495,CREDIT_STANDARD,ACTIVE,2026-06-08,2031-06-07,200000000.0,79.5,True
1496,1620,CARD0000001496,CREDIT_GOLD,ACTIVE,2022-04-08,2027-04-07,200000000.0,53.26,True
1497,1620,CARD0000001497,DEBIT,ACTIVE,2024-09-29,2029-09-28,0.0,0.0,True
1498,1621,CARD0000001498,CREDIT_PLATINUM,ACTIVE,2025-06-09,2030-06-08,80000000.0,11.21,True
1499,1622,CARD0000001499,CREDIT_STANDARD,ACTIVE,2021-11-08,2026-11-07,200000000.0,21.58,True
1500,1623,CARD0000001500,DEBIT,EXPIRED,2021-05-29,2026-05-28,0.0,0.0,True
1501,1624,CARD0000001501,CREDIT_GOLD,ACTIVE,2022-04-21,2027-04-20,50000000.0,17.93,True
1502,1625,CARD0000001502,DEBIT,ACTIVE,2025-07-17,2030-07-16,0.0,0.0,True
1503,1625,CARD0000001503,DEBIT,ACTIVE,2023-08-31,2028-08-29,0.0,0.0,True
1504,1626,CARD0000001504,DEBIT,ACTIVE,2024-04-07,2029-04-06,0.0,0.0,True
1505,1627,CARD0000001505,CREDIT_STANDARD,ACTIVE,2023-05-01,2028-04-29,200000000.0,37.56,True
1506,1631,CARD0000001506,DEBIT,EXPIRED,2021-05-21,2026-05-20,0.0,0.0,True
1507,1633,CARD0000001507,CREDIT_GOLD,ACTIVE,2024-07-31,2029-07-30,30000000.0,2.99,True
1508,1634,CARD0000001508,CREDIT_STANDARD,ACTIVE,2022-01-14,2027-01-13,200000000.0,4.04,False
1509,1635,CARD0000001509,DEBIT,ACTIVE,2026-02-19,2031-02-18,0.0,0.0,True
1510,1636,CARD0000001510,CREDIT_STANDARD,ACTIVE,2025-07-10,2030-07-09,50000000.0,81.97,False
1511,1637,CARD0000001511,DEBIT,ACTIVE,2022-10-10,2027-10-09,0.0,0.0,True
1512,1637,CARD0000001512,DEBIT,ACTIVE,2026-05-05,2031-05-04,0.0,0.0,True
1513,1638,CARD0000001513,CREDIT_PLATINUM,ACTIVE,2024-12-20,2029-12-19,300000000.0,44.56,True
1514,1639,CARD0000001514,CREDIT_PLATINUM,ACTIVE,2025-06-30,2030-06-29,20000000.0,12.11,True
1515,1640,CARD0000001515,DEBIT,ACTIVE,2024-10-06,2029-10-05,0.0,0.0,True
1516,1640,CARD0000001516,DEBIT,ACTIVE,2024-06-28,2029-06-27,0.0,0.0,True
1517,1642,CARD0000001517,CREDIT_PLATINUM,ACTIVE,2022-12-24,2027-12-23,50000000.0,26.71,True
1518,1643,CARD0000001518,DEBIT,ACTIVE,2021-09-27,2026-09-26,0.0,0.0,True
1519,1652,CARD0000001519,CREDIT_GOLD,ACTIVE,2025-03-14,2030-03-13,20000000.0,26.15,True
1520,1652,CARD0000001520,DEBIT,ACTIVE,2025-02-16,2030-02-15,0.0,0.0,True
1521,1654,CARD0000001521,DEBIT,ACTIVE,2025-06-25,2030-06-24,0.0,0.0,True
1522,1656,CARD0000001522,CREDIT_GOLD,ACTIVE,2022-04-01,2027-03-31,20000000.0,25.77,True
1523,1656,CARD0000001523,CREDIT_STANDARD,ACTIVE,2021-09-20,2026-09-19,300000000.0,82.48,False
1524,1658,CARD0000001524,CREDIT_GOLD,ACTIVE,2026-05-24,2031-05-23,20000000.0,41.97,True
1525,1659,CARD0000001525,DEBIT,ACTIVE,2024-11-17,2029-11-16,0.0,0.0,True
1526,1660,CARD0000001526,CREDIT_STANDARD,ACTIVE,2022-07-21,2027-07-20,20000000.0,53.61,True
1527,1660,CARD0000001527,CREDIT_GOLD,ACTIVE,2022-05-03,2027-05-02,120000000.0,72.64,True
1528,1661,CARD0000001528,CREDIT_STANDARD,ACTIVE,2021-08-30,2026-08-29,120000000.0,18.35,True
1529,1661,CARD0000001529,CREDIT_STANDARD,ACTIVE,2026-03-29,2031-03-28,300000000.0,10.12,True
1530,1662,CARD0000001530,DEBIT,ACTIVE,2024-01-04,2029-01-02,0.0,0.0,True
1531,1663,CARD0000001531,DEBIT,ACTIVE,2021-11-18,2026-11-17,0.0,0.0,True
1532,1665,CARD0000001532,CREDIT_STANDARD,ACTIVE,2026-01-15,2031-01-14,200000000.0,57.53,True
1533,1666,CARD0000001533,DEBIT,ACTIVE,2025-09-03,2030-09-02,0.0,0.0,True
1534,1666,CARD0000001534,DEBIT,EXPIRED,2021-04-14,2026-04-13,0.0,0.0,True
1535,1668,CARD0000001535,DEBIT,ACTIVE,2022-01-03,2027-01-02,0.0,0.0,True
1536,1669,CARD0000001536,CREDIT_PLATINUM,EXPIRED,2021-08-25,2026-08-24,120000000.0,59.3,False
1537,1669,CARD0000001537,CREDIT_STANDARD,ACTIVE,2022-04-06,2027-04-05,80000000.0,49.33,True
1538,1670,CARD0000001538,CREDIT_STANDARD,ACTIVE,2026-03-04,2031-03-03,120000000.0,28.59,True
1539,1673,CARD0000001539,DEBIT,ACTIVE,2023-06-16,2028-06-14,0.0,0.0,True
1540,1674,CARD0000001540,CREDIT_PLATINUM,ACTIVE,2025-09-19,2030-09-18,30000000.0,58.81,True
1541,1675,CARD0000001541,DEBIT,ACTIVE,2022-02-12,2027-02-11,0.0,0.0,True
1542,1677,CARD0000001542,DEBIT,ACTIVE,2023-03-23,2028-03-21,0.0,0.0,True
1543,1679,CARD0000001543,DEBIT,ACTIVE,2024-02-20,2029-02-18,0.0,0.0,True
1544,1680,CARD0000001544,DEBIT,ACTIVE,2022-08-02,2027-08-01,0.0,0.0,True
1545,1681,CARD0000001545,CREDIT_PLATINUM,ACTIVE,2024-04-22,2029-04-21,30000000.0,9.85,True
1546,1682,CARD0000001546,DEBIT,ACTIVE,2026-02-25,2031-02-24,0.0,0.0,True
1547,1683,CARD0000001547,DEBIT,BLOCKED,2022-09-04,2027-09-03,0.0,0.0,True
1548,1685,CARD0000001548,CREDIT_STANDARD,EXPIRED,2021-03-15,2026-03-14,120000000.0,78.46,True
1549,1687,CARD0000001549,DEBIT,ACTIVE,2023-10-19,2028-10-17,0.0,0.0,True
1550,1688,CARD0000001550,DEBIT,ACTIVE,2025-03-19,2030-03-18,0.0,0.0,True
1551,1689,CARD0000001551,CREDIT_STANDARD,ACTIVE,2025-11-16,2030-11-15,200000000.0,36.19,True
1552,1689,CARD0000001552,CREDIT_PLATINUM,ACTIVE,2021-10-05,2026-10-04,20000000.0,63.97,True
1553,1691,CARD0000001553,CREDIT_STANDARD,ACTIVE,2022-12-28,2027-12-27,300000000.0,70.57,True
1554,1691,CARD0000001554,CREDIT_PLATINUM,ACTIVE,2021-10-06,2026-10-05,300000000.0,20.04,True
1555,1692,CARD0000001555,CREDIT_GOLD,ACTIVE,2023-09-15,2028-09-13,50000000.0,19.04,True
1556,1692,CARD0000001556,CREDIT_STANDARD,BLOCKED,2025-11-15,2030-11-14,200000000.0,37.0,False
1557,1695,CARD0000001557,DEBIT,ACTIVE,2024-07-27,2029-07-26,0.0,0.0,True
1558,1696,CARD0000001558,DEBIT,ACTIVE,2024-11-08,2029-11-07,0.0,0.0,True
1559,1698,CARD0000001559,DEBIT,ACTIVE,2022-07-27,2027-07-26,0.0,0.0,True
1560,1702,CARD0000001560,CREDIT_GOLD,ACTIVE,2023-11-12,2028-11-10,30000000.0,74.86,True
1561,1702,CARD0000001561,DEBIT,EXPIRED,2021-05-16,2026-05-15,0.0,0.0,True
1562,1703,CARD0000001562,DEBIT,ACTIVE,2024-09-18,2029-09-17,0.0,0.0,True
1563,1703,CARD0000001563,DEBIT,ACTIVE,2024-05-12,2029-05-11,0.0,0.0,True
1564,1704,CARD0000001564,DEBIT,BLOCKED,2026-03-03,2031-03-02,0.0,0.0,True
1565,1705,CARD0000001565,DEBIT,ACTIVE,2024-05-30,2029-05-29,0.0,0.0,True
1566,1706,CARD0000001566,DEBIT,ACTIVE,2025-07-06,2030-07-05,0.0,0.0,True
1567,1706,CARD0000001567,CREDIT_PLATINUM,ACTIVE,2022-10-22,2027-10-21,30000000.0,70.38,True
1568,1708,CARD0000001568,CREDIT_STANDARD,ACTIVE,2023-10-05,2028-10-03,80000000.0,65.51,True
1569,1709,CARD0000001569,CREDIT_PLATINUM,ACTIVE,2026-03-29,2031-03-28,120000000.0,50.13,True
1570,1711,CARD0000001570,DEBIT,ACTIVE,2025-10-15,2030-10-14,0.0,0.0,True
1571,1713,CARD0000001571,DEBIT,ACTIVE,2021-11-24,2026-11-23,0.0,0.0,True
1572,1714,CARD0000001572,DEBIT,ACTIVE,2024-02-10,2029-02-08,0.0,0.0,True
1573,1715,CARD0000001573,CREDIT_GOLD,ACTIVE,2025-02-22,2030-02-21,120000000.0,7.45,True
1574,1716,CARD0000001574,CREDIT_STANDARD,ACTIVE,2025-04-03,2030-04-02,300000000.0,17.08,True
1575,1717,CARD0000001575,CREDIT_PLATINUM,ACTIVE,2026-01-12,2031-01-11,30000000.0,43.76,True
1576,1718,CARD0000001576,CREDIT_PLATINUM,ACTIVE,2023-04-19,2028-04-17,80000000.0,29.55,True
1577,1719,CARD0000001577,CREDIT_STANDARD,EXPIRED,2021-07-02,2026-07-01,120000000.0,6.78,False
1578,1719,CARD0000001578,DEBIT,EXPIRED,2021-03-16,2026-03-15,0.0,0.0,True
1579,1720,CARD0000001579,DEBIT,ACTIVE,2022-04-18,2027-04-17,0.0,0.0,True
1580,1721,CARD0000001580,DEBIT,EXPIRED,2021-06-17,2026-06-16,0.0,0.0,True
1581,1724,CARD0000001581,CREDIT_GOLD,BLOCKED,2025-11-05,2030-11-04,30000000.0,26.31,True
1582,1726,CARD0000001582,CREDIT_PLATINUM,ACTIVE,2026-04-17,2031-04-16,120000000.0,43.64,True
1583,1727,CARD0000001583,DEBIT,ACTIVE,2025-09-17,2030-09-16,0.0,0.0,True
1584,1728,CARD0000001584,DEBIT,ACTIVE,2025-11-20,2030-11-19,0.0,0.0,True
1585,1729,CARD0000001585,CREDIT_GOLD,ACTIVE,2025-11-30,2030-11-29,20000000.0,42.93,True
1586,1729,CARD0000001586,CREDIT_STANDARD,ACTIVE,2025-06-22,2030-06-21,120000000.0,51.31,True
1587,1730,CARD0000001587,CREDIT_STANDARD,ACTIVE,2025-07-12,2030-07-11,50000000.0,73.52,True
1588,1731,CARD0000001588,CREDIT_GOLD,ACTIVE,2021-08-28,2026-08-27,80000000.0,73.66,False
1589,1732,CARD0000001589,DEBIT,BLOCKED,2025-03-03,2030-03-02,0.0,0.0,True
1590,1733,CARD0000001590,DEBIT,ACTIVE,2022-12-17,2027-12-16,0.0,0.0,True
1591,1737,CARD0000001591,CREDIT_PLATINUM,EXPIRED,2021-05-28,2026-05-27,300000000.0,57.88,True
1592,1741,CARD0000001592,DEBIT,ACTIVE,2022-01-03,2027-01-02,0.0,0.0,True
1593,1743,CARD0000001593,DEBIT,ACTIVE,2022-04-30,2027-04-29,0.0,0.0,True
1594,1743,CARD0000001594,DEBIT,ACTIVE,2022-09-15,2027-09-14,0.0,0.0,True
1595,1744,CARD0000001595,DEBIT,ACTIVE,2023-06-27,2028-06-25,0.0,0.0,True
1596,1745,CARD0000001596,CREDIT_PLATINUM,EXPIRED,2021-03-29,2026-03-28,300000000.0,5.29,True
1597,1746,CARD0000001597,DEBIT,ACTIVE,2024-11-16,2029-11-15,0.0,0.0,True
1598,1747,CARD0000001598,DEBIT,ACTIVE,2022-06-19,2027-06-18,0.0,0.0,True
1599,1747,CARD0000001599,DEBIT,ACTIVE,2025-12-26,2030-12-25,0.0,0.0,True
1600,1748,CARD0000001600,DEBIT,ACTIVE,2023-10-18,2028-10-16,0.0,0.0,True
1601,1749,CARD0000001601,DEBIT,ACTIVE,2022-06-09,2027-06-08,0.0,0.0,True
1602,1750,CARD0000001602,DEBIT,BLOCKED,2023-10-14,2028-10-12,0.0,0.0,True
1603,1751,CARD0000001603,CREDIT_STANDARD,ACTIVE,2026-06-04,2031-06-03,20000000.0,6.2,True
1604,1751,CARD0000001604,DEBIT,EXPIRED,2021-03-24,2026-03-23,0.0,0.0,True
1605,1755,CARD0000001605,DEBIT,BLOCKED,2021-09-17,2026-09-16,0.0,0.0,True
1606,1757,CARD0000001606,CREDIT_PLATINUM,ACTIVE,2022-07-22,2027-07-21,120000000.0,13.39,True
1607,1757,CARD0000001607,CREDIT_GOLD,ACTIVE,2023-04-05,2028-04-03,80000000.0,14.45,True
1608,1758,CARD0000001608,DEBIT,ACTIVE,2024-12-13,2029-12-12,0.0,0.0,True
1609,1759,CARD0000001609,DEBIT,ACTIVE,2026-03-20,2031-03-19,0.0,0.0,True
1610,1764,CARD0000001610,DEBIT,ACTIVE,2025-09-30,2030-09-29,0.0,0.0,True
1611,1765,CARD0000001611,CREDIT_STANDARD,EXPIRED,2021-04-13,2026-04-12,300000000.0,68.68,True
1612,1767,CARD0000001612,CREDIT_PLATINUM,BLOCKED,2022-07-21,2027-07-20,200000000.0,65.4,True
1613,1768,CARD0000001613,DEBIT,ACTIVE,2024-03-28,2029-03-27,0.0,0.0,True
1614,1768,CARD0000001614,CREDIT_GOLD,ACTIVE,2025-01-28,2030-01-27,80000000.0,34.45,True
1615,1769,CARD0000001615,CREDIT_PLATINUM,ACTIVE,2023-05-03,2028-05-01,80000000.0,23.44,True
1616,1770,CARD0000001616,DEBIT,ACTIVE,2023-12-13,2028-12-11,0.0,0.0,True
1617,1770,CARD0000001617,DEBIT,ACTIVE,2022-08-12,2027-08-11,0.0,0.0,True
1618,1773,CARD0000001618,DEBIT,EXPIRED,2021-06-01,2026-05-31,0.0,0.0,True
1619,1773,CARD0000001619,DEBIT,ACTIVE,2024-04-28,2029-04-27,0.0,0.0,True
1620,1774,CARD0000001620,CREDIT_PLATINUM,ACTIVE,2024-03-28,2029-03-27,50000000.0,74.81,False
1621,1775,CARD0000001621,DEBIT,ACTIVE,2024-10-11,2029-10-10,0.0,0.0,True
1622,1775,CARD0000001622,CREDIT_STANDARD,ACTIVE,2023-03-02,2028-02-29,120000000.0,65.88,False
1623,1776,CARD0000001623,DEBIT,ACTIVE,2023-03-03,2028-03-01,0.0,0.0,True
1624,1778,CARD0000001624,DEBIT,ACTIVE,2021-09-10,2026-09-09,0.0,0.0,True
1625,1779,CARD0000001625,DEBIT,ACTIVE,2026-02-13,2031-02-12,0.0,0.0,True
1626,1780,CARD0000001626,DEBIT,ACTIVE,2024-09-04,2029-09-03,0.0,0.0,True
1627,1780,CARD0000001627,CREDIT_STANDARD,ACTIVE,2023-08-06,2028-08-04,30000000.0,55.03,True
1628,1782,CARD0000001628,CREDIT_STANDARD,ACTIVE,2025-05-24,2030-05-23,80000000.0,47.57,True
1629,1786,CARD0000001629,DEBIT,ACTIVE,2023-07-17,2028-07-15,0.0,0.0,True
1630,1786,CARD0000001630,CREDIT_GOLD,ACTIVE,2024-06-24,2029-06-23,50000000.0,56.41,True
1631,1788,CARD0000001631,DEBIT,ACTIVE,2022-03-13,2027-03-12,0.0,0.0,True
1632,1789,CARD0000001632,CREDIT_PLATINUM,ACTIVE,2022-05-26,2027-05-25,20000000.0,64.23,True
1633,1790,CARD0000001633,CREDIT_GOLD,ACTIVE,2025-12-28,2030-12-27,80000000.0,23.44,True
1634,1791,CARD0000001634,DEBIT,ACTIVE,2021-12-17,2026-12-16,0.0,0.0,True
1635,1793,CARD0000001635,DEBIT,ACTIVE,2023-11-10,2028-11-08,0.0,0.0,True
1636,1793,CARD0000001636,CREDIT_PLATINUM,EXPIRED,2021-06-27,2026-06-26,120000000.0,30.54,True
1637,1797,CARD0000001637,CREDIT_STANDARD,ACTIVE,2024-08-21,2029-08-20,200000000.0,24.5,True
1638,1797,CARD0000001638,DEBIT,ACTIVE,2025-06-04,2030-06-03,0.0,0.0,True
1639,1798,CARD0000001639,DEBIT,ACTIVE,2023-01-31,2028-01-30,0.0,0.0,True
1640,1798,CARD0000001640,CREDIT_GOLD,ACTIVE,2024-01-29,2029-01-27,50000000.0,25.47,False
1641,1800,CARD0000001641,CREDIT_GOLD,ACTIVE,2026-05-28,2031-05-27,20000000.0,71.15,True
1642,1801,CARD0000001642,DEBIT,ACTIVE,2024-06-03,2029-06-02,0.0,0.0,True
1643,1801,CARD0000001643,CREDIT_STANDARD,ACTIVE,2021-10-11,2026-10-10,30000000.0,78.16,True
1644,1802,CARD0000001644,CREDIT_PLATINUM,BLOCKED,2022-08-04,2027-08-03,200000000.0,19.44,True
1645,1802,CARD0000001645,DEBIT,ACTIVE,2022-04-26,2027-04-25,0.0,0.0,True
1646,1803,CARD0000001646,CREDIT_PLATINUM,ACTIVE,2023-03-31,2028-03-29,30000000.0,35.58,True
1647,1803,CARD0000001647,CREDIT_STANDARD,EXPIRED,2021-07-31,2026-07-30,50000000.0,32.65,True
1648,1804,CARD0000001648,DEBIT,ACTIVE,2026-04-11,2031-04-10,0.0,0.0,True
1649,1805,CARD0000001649,DEBIT,ACTIVE,2024-07-16,2029-07-15,0.0,0.0,True
1650,1807,CARD0000001650,CREDIT_PLATINUM,ACTIVE,2021-11-25,2026-11-24,120000000.0,57.71,True
1651,1808,CARD0000001651,CREDIT_STANDARD,ACTIVE,2026-06-23,2031-06-22,120000000.0,24.71,True
1652,1809,CARD0000001652,DEBIT,ACTIVE,2022-05-17,2027-05-16,0.0,0.0,True
1653,1809,CARD0000001653,CREDIT_STANDARD,ACTIVE,2023-12-21,2028-12-19,120000000.0,56.57,True
1654,1810,CARD0000001654,CREDIT_PLATINUM,ACTIVE,2025-01-08,2030-01-07,20000000.0,36.05,True
1655,1811,CARD0000001655,CREDIT_PLATINUM,ACTIVE,2023-05-12,2028-05-10,120000000.0,8.0,True
1656,1811,CARD0000001656,CREDIT_GOLD,BLOCKED,2023-04-21,2028-04-19,120000000.0,33.82,True
1657,1812,CARD0000001657,CREDIT_PLATINUM,BLOCKED,2024-10-02,2029-10-01,300000000.0,25.91,True
1658,1812,CARD0000001658,DEBIT,ACTIVE,2022-10-03,2027-10-02,0.0,0.0,True
1659,1815,CARD0000001659,DEBIT,ACTIVE,2022-09-17,2027-09-16,0.0,0.0,True
1660,1815,CARD0000001660,CREDIT_PLATINUM,ACTIVE,2022-01-04,2027-01-03,30000000.0,36.82,True
1661,1816,CARD0000001661,DEBIT,ACTIVE,2024-12-11,2029-12-10,0.0,0.0,True
1662,1817,CARD0000001662,CREDIT_STANDARD,ACTIVE,2023-01-20,2028-01-19,50000000.0,68.56,True
1663,1819,CARD0000001663,DEBIT,ACTIVE,2024-05-21,2029-05-20,0.0,0.0,True
1664,1820,CARD0000001664,DEBIT,ACTIVE,2022-04-15,2027-04-14,0.0,0.0,True
1665,1820,CARD0000001665,CREDIT_STANDARD,BLOCKED,2023-08-30,2028-08-28,80000000.0,52.85,True
1666,1822,CARD0000001666,CREDIT_PLATINUM,ACTIVE,2024-06-23,2029-06-22,300000000.0,47.86,True
1667,1822,CARD0000001667,CREDIT_STANDARD,ACTIVE,2024-12-08,2029-12-07,50000000.0,65.39,True
1668,1823,CARD0000001668,DEBIT,ACTIVE,2023-06-27,2028-06-25,0.0,0.0,True
1669,1824,CARD0000001669,CREDIT_PLATINUM,ACTIVE,2022-04-16,2027-04-15,50000000.0,23.88,True
1670,1826,CARD0000001670,DEBIT,ACTIVE,2022-01-30,2027-01-29,0.0,0.0,True
1671,1827,CARD0000001671,CREDIT_GOLD,ACTIVE,2025-04-03,2030-04-02,80000000.0,72.18,True
1672,1827,CARD0000001672,DEBIT,ACTIVE,2023-12-03,2028-12-01,0.0,0.0,True
1673,1828,CARD0000001673,DEBIT,ACTIVE,2026-04-30,2031-04-29,0.0,0.0,True
1674,1830,CARD0000001674,CREDIT_STANDARD,EXPIRED,2021-05-27,2026-05-26,20000000.0,73.74,True
1675,1831,CARD0000001675,CREDIT_STANDARD,ACTIVE,2021-12-08,2026-12-07,200000000.0,60.49,True
1676,1832,CARD0000001676,DEBIT,ACTIVE,2022-10-25,2027-10-24,0.0,0.0,True
1677,1832,CARD0000001677,DEBIT,ACTIVE,2024-11-03,2029-11-02,0.0,0.0,True
1678,1834,CARD0000001678,CREDIT_GOLD,ACTIVE,2023-08-26,2028-08-24,20000000.0,29.57,True
1679,1836,CARD0000001679,CREDIT_STANDARD,EXPIRED,2021-08-01,2026-07-31,50000000.0,23.7,True
1680,1837,CARD0000001680,CREDIT_PLATINUM,ACTIVE,2022-09-28,2027-09-27,50000000.0,46.65,True
1681,1837,CARD0000001681,CREDIT_GOLD,ACTIVE,2024-10-06,2029-10-05,20000000.0,26.7,True
1682,1838,CARD0000001682,CREDIT_GOLD,ACTIVE,2026-04-07,2031-04-06,300000000.0,43.06,True
1683,1838,CARD0000001683,DEBIT,ACTIVE,2026-04-08,2031-04-07,0.0,0.0,True
1684,1839,CARD0000001684,DEBIT,ACTIVE,2025-09-29,2030-09-28,0.0,0.0,True
1685,1840,CARD0000001685,CREDIT_STANDARD,ACTIVE,2025-08-23,2030-08-22,200000000.0,6.34,True
1686,1840,CARD0000001686,DEBIT,EXPIRED,2021-04-11,2026-04-10,0.0,0.0,True
1687,1841,CARD0000001687,CREDIT_GOLD,ACTIVE,2024-06-08,2029-06-07,200000000.0,33.59,True
1688,1843,CARD0000001688,CREDIT_STANDARD,ACTIVE,2025-07-15,2030-07-14,20000000.0,10.55,True
1689,1844,CARD0000001689,DEBIT,BLOCKED,2024-09-13,2029-09-12,0.0,0.0,True
1690,1845,CARD0000001690,DEBIT,ACTIVE,2024-03-09,2029-03-08,0.0,0.0,True
1691,1847,CARD0000001691,DEBIT,ACTIVE,2023-12-02,2028-11-30,0.0,0.0,True
1692,1847,CARD0000001692,DEBIT,ACTIVE,2023-07-09,2028-07-07,0.0,0.0,True
1693,1848,CARD0000001693,CREDIT_PLATINUM,ACTIVE,2025-01-25,2030-01-24,30000000.0,3.88,True
1694,1848,CARD0000001694,DEBIT,ACTIVE,2022-11-08,2027-11-07,0.0,0.0,True
1695,1851,CARD0000001695,CREDIT_GOLD,BLOCKED,2022-10-25,2027-10-24,50000000.0,6.78,True
1696,1853,CARD0000001696,CREDIT_STANDARD,ACTIVE,2025-01-07,2030-01-06,50000000.0,23.15,True
1697,1857,CARD0000001697,DEBIT,ACTIVE,2024-05-13,2029-05-12,0.0,0.0,True
1698,1861,CARD0000001698,CREDIT_STANDARD,ACTIVE,2026-03-11,2031-03-10,200000000.0,20.63,True
1699,1861,CARD0000001699,DEBIT,ACTIVE,2021-11-19,2026-11-18,0.0,0.0,True
1700,1862,CARD0000001700,CREDIT_GOLD,ACTIVE,2024-11-24,2029-11-23,50000000.0,56.51,True
1701,1862,CARD0000001701,DEBIT,ACTIVE,2026-03-12,2031-03-11,0.0,0.0,True
1702,1863,CARD0000001702,DEBIT,ACTIVE,2024-04-23,2029-04-22,0.0,0.0,True
1703,1863,CARD0000001703,CREDIT_GOLD,ACTIVE,2024-07-08,2029-07-07,120000000.0,22.04,True
1704,1864,CARD0000001704,CREDIT_STANDARD,EXPIRED,2021-03-20,2026-03-19,20000000.0,38.87,True
1705,1865,CARD0000001705,CREDIT_STANDARD,ACTIVE,2021-09-10,2026-09-09,80000000.0,16.4,True
1706,1867,CARD0000001706,CREDIT_STANDARD,ACTIVE,2026-04-01,2031-03-31,300000000.0,83.46,True
1707,1869,CARD0000001707,DEBIT,ACTIVE,2025-02-07,2030-02-06,0.0,0.0,True
1708,1870,CARD0000001708,DEBIT,ACTIVE,2023-09-18,2028-09-16,0.0,0.0,True
1709,1871,CARD0000001709,CREDIT_GOLD,ACTIVE,2023-04-02,2028-03-31,50000000.0,23.19,True
1710,1871,CARD0000001710,DEBIT,ACTIVE,2021-11-29,2026-11-28,0.0,0.0,True
1711,1872,CARD0000001711,DEBIT,ACTIVE,2023-06-29,2028-06-27,0.0,0.0,True
1712,1873,CARD0000001712,DEBIT,ACTIVE,2022-05-30,2027-05-29,0.0,0.0,True
1713,1875,CARD0000001713,CREDIT_PLATINUM,ACTIVE,2023-01-26,2028-01-25,50000000.0,73.46,True
1714,1876,CARD0000001714,CREDIT_STANDARD,EXPIRED,2021-05-14,2026-05-13,50000000.0,81.94,True
1715,1876,CARD0000001715,CREDIT_STANDARD,ACTIVE,2022-10-14,2027-10-13,300000000.0,84.19,True
1716,1877,CARD0000001716,DEBIT,ACTIVE,2025-03-01,2030-02-28,0.0,0.0,True
1717,1878,CARD0000001717,DEBIT,EXPIRED,2021-03-23,2026-03-22,0.0,0.0,True
1718,1878,CARD0000001718,DEBIT,ACTIVE,2024-07-14,2029-07-13,0.0,0.0,True
1719,1880,CARD0000001719,DEBIT,ACTIVE,2024-08-16,2029-08-15,0.0,0.0,True
1720,1881,CARD0000001720,DEBIT,BLOCKED,2021-10-22,2026-10-21,0.0,0.0,True
1721,1882,CARD0000001721,DEBIT,ACTIVE,2025-02-07,2030-02-06,0.0,0.0,True
1722,1883,CARD0000001722,DEBIT,ACTIVE,2025-11-12,2030-11-11,0.0,0.0,True
1723,1885,CARD0000001723,CREDIT_GOLD,ACTIVE,2024-08-22,2029-08-21,80000000.0,55.24,True
1724,1886,CARD0000001724,CREDIT_STANDARD,EXPIRED,2021-03-21,2026-03-20,120000000.0,25.13,False
1725,1886,CARD0000001725,DEBIT,ACTIVE,2022-01-20,2027-01-19,0.0,0.0,True
1726,1889,CARD0000001726,CREDIT_GOLD,ACTIVE,2023-06-10,2028-06-08,50000000.0,48.36,True
1727,1890,CARD0000001727,DEBIT,ACTIVE,2023-09-10,2028-09-08,0.0,0.0,True
1728,1891,CARD0000001728,CREDIT_STANDARD,ACTIVE,2025-02-16,2030-02-15,20000000.0,5.66,True
1729,1892,CARD0000001729,CREDIT_GOLD,ACTIVE,2022-08-03,2027-08-02,200000000.0,3.51,True
1730,1892,CARD0000001730,DEBIT,ACTIVE,2023-02-20,2028-02-19,0.0,0.0,True
1731,1894,CARD0000001731,CREDIT_PLATINUM,ACTIVE,2021-12-17,2026-12-16,50000000.0,62.87,True
1732,1895,CARD0000001732,DEBIT,ACTIVE,2025-04-26,2030-04-25,0.0,0.0,True
1733,1899,CARD0000001733,CREDIT_PLATINUM,ACTIVE,2022-12-19,2027-12-18,20000000.0,64.11,True
1734,1900,CARD0000001734,DEBIT,ACTIVE,2022-06-20,2027-06-19,0.0,0.0,True
1735,1901,CARD0000001735,CREDIT_GOLD,ACTIVE,2023-03-18,2028-03-16,50000000.0,77.51,True
1736,1902,CARD0000001736,CREDIT_PLATINUM,EXPIRED,2021-06-12,2026-06-11,300000000.0,78.72,True
1737,1902,CARD0000001737,DEBIT,ACTIVE,2024-06-28,2029-06-27,0.0,0.0,True
1738,1903,CARD0000001738,DEBIT,ACTIVE,2023-06-17,2028-06-15,0.0,0.0,True
1739,1905,CARD0000001739,DEBIT,ACTIVE,2025-05-12,2030-05-11,0.0,0.0,True
1740,1906,CARD0000001740,DEBIT,ACTIVE,2025-04-18,2030-04-17,0.0,0.0,True
1741,1907,CARD0000001741,DEBIT,ACTIVE,2025-01-18,2030-01-17,0.0,0.0,True
1742,1907,CARD0000001742,CREDIT_PLATINUM,ACTIVE,2025-02-05,2030-02-04,50000000.0,83.13,True
1743,1908,CARD0000001743,CREDIT_STANDARD,ACTIVE,2025-12-19,2030-12-18,80000000.0,70.67,True
1744,1910,CARD0000001744,DEBIT,ACTIVE,2022-12-04,2027-12-03,0.0,0.0,True
1745,1911,CARD0000001745,CREDIT_STANDARD,ACTIVE,2022-10-26,2027-10-25,30000000.0,65.96,True
1746,1911,CARD0000001746,DEBIT,BLOCKED,2025-08-23,2030-08-22,0.0,0.0,True
1747,1913,CARD0000001747,CREDIT_PLATINUM,BLOCKED,2024-04-14,2029-04-13,120000000.0,67.39,True
1748,1913,CARD0000001748,DEBIT,ACTIVE,2023-09-05,2028-09-03,0.0,0.0,True
1749,1914,CARD0000001749,DEBIT,ACTIVE,2022-05-27,2027-05-26,0.0,0.0,True
1750,1914,CARD0000001750,DEBIT,BLOCKED,2025-07-29,2030-07-28,0.0,0.0,True
1751,1915,CARD0000001751,DEBIT,ACTIVE,2024-10-05,2029-10-04,0.0,0.0,True
1752,1918,CARD0000001752,CREDIT_STANDARD,ACTIVE,2025-10-11,2030-10-10,120000000.0,6.01,True
1753,1919,CARD0000001753,CREDIT_STANDARD,ACTIVE,2025-02-07,2030-02-06,50000000.0,32.84,False
1754,1920,CARD0000001754,CREDIT_STANDARD,ACTIVE,2024-10-28,2029-10-27,30000000.0,37.6,True
1755,1920,CARD0000001755,DEBIT,ACTIVE,2021-09-14,2026-09-13,0.0,0.0,True
1756,1921,CARD0000001756,CREDIT_STANDARD,ACTIVE,2025-01-29,2030-01-28,300000000.0,48.13,True
1757,1921,CARD0000001757,CREDIT_STANDARD,ACTIVE,2025-08-23,2030-08-22,30000000.0,27.83,True
1758,1923,CARD0000001758,DEBIT,ACTIVE,2024-11-01,2029-10-31,0.0,0.0,True
1759,1924,CARD0000001759,DEBIT,ACTIVE,2025-06-30,2030-06-29,0.0,0.0,True
1760,1925,CARD0000001760,CREDIT_PLATINUM,ACTIVE,2025-08-25,2030-08-24,300000000.0,13.8,True
1761,1926,CARD0000001761,CREDIT_STANDARD,ACTIVE,2026-03-04,2031-03-03,80000000.0,38.47,False
1762,1926,CARD0000001762,DEBIT,ACTIVE,2022-06-12,2027-06-11,0.0,0.0,True
1763,1928,CARD0000001763,CREDIT_GOLD,BLOCKED,2024-12-30,2029-12-29,200000000.0,8.39,True
1764,1928,CARD0000001764,CREDIT_GOLD,ACTIVE,2023-01-27,2028-01-26,50000000.0,5.8,True
1765,1929,CARD0000001765,DEBIT,ACTIVE,2022-08-04,2027-08-03,0.0,0.0,True
1766,1929,CARD0000001766,CREDIT_STANDARD,ACTIVE,2026-01-22,2031-01-21,200000000.0,40.25,False
1767,1933,CARD0000001767,DEBIT,BLOCKED,2024-02-16,2029-02-14,0.0,0.0,True
1768,1933,CARD0000001768,DEBIT,ACTIVE,2025-09-19,2030-09-18,0.0,0.0,True
1769,1934,CARD0000001769,CREDIT_PLATINUM,ACTIVE,2022-10-20,2027-10-19,80000000.0,55.24,True
1770,1936,CARD0000001770,CREDIT_GOLD,ACTIVE,2025-03-03,2030-03-02,30000000.0,52.21,True
1771,1937,CARD0000001771,DEBIT,EXPIRED,2021-04-23,2026-04-22,0.0,0.0,True
1772,1937,CARD0000001772,CREDIT_GOLD,ACTIVE,2022-08-03,2027-08-02,20000000.0,22.07,True
1773,1940,CARD0000001773,CREDIT_STANDARD,BLOCKED,2025-09-30,2030-09-29,300000000.0,60.0,True
1774,1940,CARD0000001774,DEBIT,ACTIVE,2025-09-17,2030-09-16,0.0,0.0,True
1775,1941,CARD0000001775,DEBIT,ACTIVE,2024-11-17,2029-11-16,0.0,0.0,True
1776,1942,CARD0000001776,CREDIT_GOLD,ACTIVE,2026-04-20,2031-04-19,30000000.0,23.01,True
1777,1945,CARD0000001777,CREDIT_STANDARD,ACTIVE,2022-10-27,2027-10-26,50000000.0,82.53,True
1778,1946,CARD0000001778,DEBIT,ACTIVE,2025-10-18,2030-10-17,0.0,0.0,True
1779,1946,CARD0000001779,DEBIT,ACTIVE,2025-04-17,2030-04-16,0.0,0.0,True
1780,1947,CARD0000001780,DEBIT,ACTIVE,2025-02-24,2030-02-23,0.0,0.0,True
1781,1947,CARD0000001781,CREDIT_STANDARD,ACTIVE,2023-03-23,2028-03-21,80000000.0,30.98,True
1782,1948,CARD0000001782,DEBIT,ACTIVE,2024-04-20,2029-04-19,0.0,0.0,True
1783,1949,CARD0000001783,CREDIT_PLATINUM,EXPIRED,2021-03-16,2026-03-15,20000000.0,22.75,False
1784,1951,CARD0000001784,DEBIT,ACTIVE,2025-03-27,2030-03-26,0.0,0.0,True
1785,1951,CARD0000001785,DEBIT,ACTIVE,2025-08-03,2030-08-02,0.0,0.0,True
1786,1952,CARD0000001786,CREDIT_GOLD,ACTIVE,2022-05-06,2027-05-05,120000000.0,70.3,True
1787,1953,CARD0000001787,DEBIT,ACTIVE,2021-12-20,2026-12-19,0.0,0.0,True
1788,1953,CARD0000001788,DEBIT,BLOCKED,2022-12-07,2027-12-06,0.0,0.0,True
1789,1954,CARD0000001789,DEBIT,ACTIVE,2024-03-18,2029-03-17,0.0,0.0,True
1790,1954,CARD0000001790,CREDIT_STANDARD,ACTIVE,2024-06-26,2029-06-25,120000000.0,60.22,True
1791,1955,CARD0000001791,DEBIT,ACTIVE,2023-09-04,2028-09-02,0.0,0.0,True
1792,1955,CARD0000001792,CREDIT_STANDARD,ACTIVE,2023-09-11,2028-09-09,80000000.0,68.51,True
1793,1956,CARD0000001793,CREDIT_STANDARD,ACTIVE,2022-08-27,2027-08-26,300000000.0,26.42,True
1794,1956,CARD0000001794,DEBIT,ACTIVE,2024-06-21,2029-06-20,0.0,0.0,True
1795,1957,CARD0000001795,CREDIT_STANDARD,ACTIVE,2024-09-07,2029-09-06,120000000.0,31.82,True
1796,1958,CARD0000001796,CREDIT_PLATINUM,ACTIVE,2024-06-30,2029-06-29,80000000.0,44.49,True
1797,1958,CARD0000001797,CREDIT_STANDARD,ACTIVE,2025-05-14,2030-05-13,20000000.0,30.61,True
1798,1959,CARD0000001798,DEBIT,ACTIVE,2025-10-18,2030-10-17,0.0,0.0,True
1799,1959,CARD0000001799,DEBIT,ACTIVE,2022-02-22,2027-02-21,0.0,0.0,True
1800,1960,CARD0000001800,DEBIT,ACTIVE,2026-01-03,2031-01-02,0.0,0.0,True
1801,1960,CARD0000001801,DEBIT,ACTIVE,2023-03-09,2028-03-07,0.0,0.0,True
1802,1961,CARD0000001802,DEBIT,ACTIVE,2021-11-26,2026-11-25,0.0,0.0,True
1803,1962,CARD0000001803,CREDIT_GOLD,ACTIVE,2026-03-29,2031-03-28,50000000.0,66.75,False
1804,1963,CARD0000001804,DEBIT,BLOCKED,2021-12-06,2026-12-05,0.0,0.0,True
1805,1963,CARD0000001805,DEBIT,ACTIVE,2023-01-09,2028-01-08,0.0,0.0,True
1806,1966,CARD0000001806,CREDIT_GOLD,BLOCKED,2022-12-23,2027-12-22,300000000.0,46.24,True
1807,1967,CARD0000001807,DEBIT,ACTIVE,2025-07-04,2030-07-03,0.0,0.0,True
1808,1967,CARD0000001808,DEBIT,ACTIVE,2024-04-04,2029-04-03,0.0,0.0,True
1809,1969,CARD0000001809,DEBIT,ACTIVE,2025-11-19,2030-11-18,0.0,0.0,True
1810,1971,CARD0000001810,CREDIT_PLATINUM,ACTIVE,2023-09-10,2028-09-08,80000000.0,79.12,True
1811,1971,CARD0000001811,CREDIT_GOLD,ACTIVE,2023-10-04,2028-10-02,30000000.0,61.29,True
1812,1974,CARD0000001812,CREDIT_STANDARD,ACTIVE,2025-03-16,2030-03-15,120000000.0,25.23,True
1813,1974,CARD0000001813,DEBIT,ACTIVE,2026-03-25,2031-03-24,0.0,0.0,True
1814,1977,CARD0000001814,DEBIT,ACTIVE,2024-07-13,2029-07-12,0.0,0.0,True
1815,1977,CARD0000001815,CREDIT_GOLD,ACTIVE,2022-07-16,2027-07-15,300000000.0,84.77,True
1816,1978,CARD0000001816,CREDIT_STANDARD,ACTIVE,2026-05-21,2031-05-20,30000000.0,40.52,True
1817,1979,CARD0000001817,CREDIT_GOLD,ACTIVE,2023-05-06,2028-05-04,50000000.0,0.13,True
1818,1981,CARD0000001818,CREDIT_GOLD,ACTIVE,2025-08-09,2030-08-08,120000000.0,74.52,True
1819,1982,CARD0000001819,CREDIT_STANDARD,ACTIVE,2025-05-12,2030-05-11,200000000.0,29.56,True
1820,1983,CARD0000001820,DEBIT,ACTIVE,2024-08-27,2029-08-26,0.0,0.0,True
1821,1985,CARD0000001821,DEBIT,ACTIVE,2022-10-21,2027-10-20,0.0,0.0,True
1822,1986,CARD0000001822,DEBIT,ACTIVE,2024-03-16,2029-03-15,0.0,0.0,True
1823,1987,CARD0000001823,CREDIT_GOLD,ACTIVE,2023-03-28,2028-03-26,120000000.0,15.12,True
1824,1988,CARD0000001824,DEBIT,ACTIVE,2026-06-10,2031-06-09,0.0,0.0,True
1825,1988,CARD0000001825,DEBIT,ACTIVE,2026-01-31,2031-01-30,0.0,0.0,True
1826,1993,CARD0000001826,DEBIT,ACTIVE,2023-02-28,2028-02-27,0.0,0.0,True
1827,1993,CARD0000001827,DEBIT,ACTIVE,2021-11-03,2026-11-02,0.0,0.0,True
1828,1994,CARD0000001828,DEBIT,ACTIVE,2025-10-06,2030-10-05,0.0,0.0,True
1829,1994,CARD0000001829,CREDIT_STANDARD,ACTIVE,2025-03-06,2030-03-05,200000000.0,84.71,True
1830,1995,CARD0000001830,CREDIT_PLATINUM,ACTIVE,2022-04-30,2027-04-29,20000000.0,77.47,True
1831,1996,CARD0000001831,DEBIT,EXPIRED,2021-03-17,2026-03-16,0.0,0.0,True
1832,1999,CARD0000001832,DEBIT,ACTIVE,2022-01-28,2027-01-27,0.0,0.0,True
1833,2000,CARD0000001833,DEBIT,ACTIVE,2026-01-06,2031-01-05,0.0,0.0,True
1834,2003,CARD0000001834,DEBIT,ACTIVE,2023-05-05,2028-05-03,0.0,0.0,True
1835,2005,CARD0000001835,DEBIT,ACTIVE,2026-04-10,2031-04-09,0.0,0.0,True
1836,2005,CARD0000001836,CREDIT_PLATINUM,ACTIVE,2022-02-12,2027-02-11,300000000.0,43.28,True
1837,2006,CARD0000001837,DEBIT,ACTIVE,2025-03-13,2030-03-12,0.0,0.0,True
1838,2007,CARD0000001838,CREDIT_PLATINUM,ACTIVE,2022-05-02,2027-05-01,30000000.0,17.09,True
1839,2009,CARD0000001839,CREDIT_GOLD,ACTIVE,2024-09-30,2029-09-29,20000000.0,6.79,True
1840,2009,CARD0000001840,CREDIT_GOLD,ACTIVE,2022-04-23,2027-04-22,200000000.0,20.63,True
1841,2010,CARD0000001841,CREDIT_STANDARD,ACTIVE,2021-12-03,2026-12-02,300000000.0,2.53,True
1842,2010,CARD0000001842,DEBIT,ACTIVE,2022-10-10,2027-10-09,0.0,0.0,True
1843,2011,CARD0000001843,DEBIT,ACTIVE,2025-12-19,2030-12-18,0.0,0.0,True
1844,2015,CARD0000001844,DEBIT,ACTIVE,2022-12-16,2027-12-15,0.0,0.0,True
1845,2015,CARD0000001845,DEBIT,ACTIVE,2024-08-08,2029-08-07,0.0,0.0,True
1846,2016,CARD0000001846,DEBIT,EXPIRED,2021-08-15,2026-08-14,0.0,0.0,True
1847,2017,CARD0000001847,DEBIT,ACTIVE,2026-01-30,2031-01-29,0.0,0.0,True
1848,2019,CARD0000001848,DEBIT,ACTIVE,2023-09-25,2028-09-23,0.0,0.0,True
1849,2020,CARD0000001849,CREDIT_GOLD,ACTIVE,2024-05-13,2029-05-12,50000000.0,59.43,False
1850,2021,CARD0000001850,CREDIT_STANDARD,ACTIVE,2023-04-25,2028-04-23,200000000.0,4.97,True
1851,2021,CARD0000001851,CREDIT_STANDARD,EXPIRED,2021-05-12,2026-05-11,20000000.0,0.79,True
1852,2022,CARD0000001852,CREDIT_STANDARD,ACTIVE,2024-08-10,2029-08-09,20000000.0,28.67,True
1853,2022,CARD0000001853,CREDIT_STANDARD,ACTIVE,2022-02-27,2027-02-26,120000000.0,33.93,True
1854,2023,CARD0000001854,CREDIT_PLATINUM,ACTIVE,2024-03-19,2029-03-18,120000000.0,69.58,True
1855,2023,CARD0000001855,DEBIT,ACTIVE,2022-01-17,2027-01-16,0.0,0.0,True
1856,2025,CARD0000001856,CREDIT_PLATINUM,ACTIVE,2026-02-28,2031-02-27,30000000.0,54.15,True
1857,2025,CARD0000001857,CREDIT_PLATINUM,ACTIVE,2025-12-07,2030-12-06,120000000.0,56.54,True
1858,2026,CARD0000001858,CREDIT_STANDARD,ACTIVE,2025-05-26,2030-05-25,30000000.0,39.24,True
1859,2026,CARD0000001859,CREDIT_GOLD,ACTIVE,2024-09-24,2029-09-23,80000000.0,32.66,True
1860,2027,CARD0000001860,DEBIT,EXPIRED,2021-08-06,2026-08-05,0.0,0.0,True
1861,2027,CARD0000001861,DEBIT,ACTIVE,2022-11-14,2027-11-13,0.0,0.0,True
1862,2028,CARD0000001862,DEBIT,ACTIVE,2023-08-28,2028-08-26,0.0,0.0,True
1863,2028,CARD0000001863,DEBIT,ACTIVE,2026-04-06,2031-04-05,0.0,0.0,True
1864,2029,CARD0000001864,DEBIT,ACTIVE,2025-03-17,2030-03-16,0.0,0.0,True
1865,2030,CARD0000001865,DEBIT,ACTIVE,2023-12-24,2028-12-22,0.0,0.0,True
1866,2030,CARD0000001866,CREDIT_PLATINUM,ACTIVE,2023-02-27,2028-02-26,50000000.0,79.37,True
1867,2032,CARD0000001867,CREDIT_PLATINUM,ACTIVE,2022-10-09,2027-10-08,20000000.0,33.08,True
1868,2033,CARD0000001868,DEBIT,ACTIVE,2022-04-23,2027-04-22,0.0,0.0,True
1869,2034,CARD0000001869,DEBIT,ACTIVE,2026-03-14,2031-03-13,0.0,0.0,True
1870,2035,CARD0000001870,CREDIT_GOLD,ACTIVE,2022-01-06,2027-01-05,80000000.0,78.27,True
1871,2035,CARD0000001871,CREDIT_STANDARD,ACTIVE,2022-08-03,2027-08-02,80000000.0,24.41,True
1872,2037,CARD0000001872,CREDIT_STANDARD,ACTIVE,2022-02-04,2027-02-03,50000000.0,54.54,True
1873,2038,CARD0000001873,CREDIT_GOLD,EXPIRED,2021-06-22,2026-06-21,50000000.0,61.34,True
1874,2040,CARD0000001874,DEBIT,EXPIRED,2021-05-25,2026-05-24,0.0,0.0,True
1875,2041,CARD0000001875,CREDIT_PLATINUM,ACTIVE,2022-04-24,2027-04-23,80000000.0,15.35,True
1876,2041,CARD0000001876,CREDIT_PLATINUM,ACTIVE,2022-12-19,2027-12-18,80000000.0,12.05,True
1877,2043,CARD0000001877,DEBIT,ACTIVE,2023-02-01,2028-01-31,0.0,0.0,True
1878,2045,CARD0000001878,DEBIT,ACTIVE,2022-09-28,2027-09-27,0.0,0.0,True
1879,2046,CARD0000001879,CREDIT_GOLD,EXPIRED,2021-08-03,2026-08-02,20000000.0,15.21,True
1880,2046,CARD0000001880,CREDIT_PLATINUM,ACTIVE,2023-07-01,2028-06-29,20000000.0,27.92,True
1881,2048,CARD0000001881,DEBIT,ACTIVE,2026-06-10,2031-06-09,0.0,0.0,True
1882,2049,CARD0000001882,CREDIT_PLATINUM,ACTIVE,2021-11-30,2026-11-29,80000000.0,32.59,True
1883,2050,CARD0000001883,DEBIT,ACTIVE,2021-12-17,2026-12-16,0.0,0.0,True
1884,2050,CARD0000001884,CREDIT_STANDARD,ACTIVE,2024-04-04,2029-04-03,200000000.0,48.21,True
1885,2052,CARD0000001885,CREDIT_PLATINUM,ACTIVE,2024-11-30,2029-11-29,20000000.0,73.02,True
1886,2054,CARD0000001886,CREDIT_PLATINUM,ACTIVE,2025-01-14,2030-01-13,50000000.0,28.72,True
1887,2055,CARD0000001887,CREDIT_GOLD,ACTIVE,2023-12-28,2028-12-26,30000000.0,28.52,True
1888,2056,CARD0000001888,DEBIT,ACTIVE,2022-09-06,2027-09-05,0.0,0.0,True
1889,2057,CARD0000001889,CREDIT_GOLD,ACTIVE,2022-05-29,2027-05-28,20000000.0,33.65,True
1890,2057,CARD0000001890,CREDIT_PLATINUM,ACTIVE,2022-09-19,2027-09-18,300000000.0,60.53,True
1891,2058,CARD0000001891,DEBIT,BLOCKED,2023-11-04,2028-11-02,0.0,0.0,True
1892,2059,CARD0000001892,DEBIT,ACTIVE,2022-11-10,2027-11-09,0.0,0.0,True
1893,2059,CARD0000001893,CREDIT_STANDARD,ACTIVE,2024-05-06,2029-05-05,80000000.0,68.58,True
1894,2060,CARD0000001894,CREDIT_STANDARD,ACTIVE,2025-09-10,2030-09-09,300000000.0,41.21,True
1895,2060,CARD0000001895,CREDIT_GOLD,ACTIVE,2023-01-04,2028-01-03,200000000.0,29.28,True
1896,2063,CARD0000001896,CREDIT_GOLD,ACTIVE,2025-09-24,2030-09-23,50000000.0,18.35,True
1897,2064,CARD0000001897,DEBIT,ACTIVE,2024-08-06,2029-08-05,0.0,0.0,True
1898,2065,CARD0000001898,DEBIT,ACTIVE,2024-03-14,2029-03-13,0.0,0.0,True
1899,2067,CARD0000001899,DEBIT,BLOCKED,2025-10-10,2030-10-09,0.0,0.0,True
1900,2068,CARD0000001900,DEBIT,ACTIVE,2025-08-01,2030-07-31,0.0,0.0,True
1901,2068,CARD0000001901,CREDIT_PLATINUM,ACTIVE,2025-03-21,2030-03-20,20000000.0,82.61,True
1902,2071,CARD0000001902,DEBIT,ACTIVE,2026-03-09,2031-03-08,0.0,0.0,True
1903,2072,CARD0000001903,DEBIT,BLOCKED,2025-06-05,2030-06-04,0.0,0.0,True
1904,2073,CARD0000001904,CREDIT_GOLD,ACTIVE,2022-08-27,2027-08-26,120000000.0,32.26,True
1905,2074,CARD0000001905,CREDIT_PLATINUM,ACTIVE,2024-01-10,2029-01-08,30000000.0,32.76,True
1906,2075,CARD0000001906,DEBIT,ACTIVE,2021-10-29,2026-10-28,0.0,0.0,True
1907,2076,CARD0000001907,CREDIT_GOLD,EXPIRED,2021-06-25,2026-06-24,30000000.0,41.19,True
1908,2076,CARD0000001908,CREDIT_GOLD,ACTIVE,2024-01-11,2029-01-09,120000000.0,62.6,True
1909,2077,CARD0000001909,CREDIT_GOLD,ACTIVE,2024-08-04,2029-08-03,30000000.0,42.34,True
1910,2080,CARD0000001910,CREDIT_GOLD,ACTIVE,2022-01-14,2027-01-13,300000000.0,23.56,False
1911,2081,CARD0000001911,DEBIT,ACTIVE,2022-04-20,2027-04-19,0.0,0.0,True
1912,2082,CARD0000001912,DEBIT,ACTIVE,2022-02-11,2027-02-10,0.0,0.0,True
1913,2084,CARD0000001913,CREDIT_GOLD,ACTIVE,2026-01-10,2031-01-09,30000000.0,28.74,True
1914,2087,CARD0000001914,CREDIT_PLATINUM,ACTIVE,2023-09-28,2028-09-26,50000000.0,79.84,True
1915,2087,CARD0000001915,DEBIT,ACTIVE,2022-12-12,2027-12-11,0.0,0.0,True
1916,2088,CARD0000001916,DEBIT,ACTIVE,2024-06-15,2029-06-14,0.0,0.0,True
1917,2089,CARD0000001917,DEBIT,ACTIVE,2023-10-08,2028-10-06,0.0,0.0,True
1918,2089,CARD0000001918,CREDIT_STANDARD,ACTIVE,2025-03-28,2030-03-27,120000000.0,5.77,True
1919,2090,CARD0000001919,CREDIT_GOLD,ACTIVE,2022-10-04,2027-10-03,50000000.0,36.7,True
1920,2090,CARD0000001920,CREDIT_GOLD,ACTIVE,2023-03-11,2028-03-09,50000000.0,60.99,True
1921,2092,CARD0000001921,DEBIT,ACTIVE,2025-07-21,2030-07-20,0.0,0.0,True
1922,2095,CARD0000001922,DEBIT,ACTIVE,2025-08-03,2030-08-02,0.0,0.0,True
1923,2097,CARD0000001923,CREDIT_PLATINUM,EXPIRED,2021-04-09,2026-04-08,200000000.0,49.82,True
1924,2098,CARD0000001924,DEBIT,ACTIVE,2024-04-18,2029-04-17,0.0,0.0,True
1925,2098,CARD0000001925,CREDIT_PLATINUM,ACTIVE,2022-09-27,2027-09-26,80000000.0,84.74,False
1926,2099,CARD0000001926,CREDIT_PLATINUM,ACTIVE,2024-06-12,2029-06-11,120000000.0,69.3,True
1927,2100,CARD0000001927,CREDIT_STANDARD,EXPIRED,2021-05-16,2026-05-15,20000000.0,24.58,True
1928,2101,CARD0000001928,DEBIT,ACTIVE,2024-06-09,2029-06-08,0.0,0.0,True
1929,2101,CARD0000001929,CREDIT_STANDARD,ACTIVE,2024-05-28,2029-05-27,50000000.0,5.3,True
1930,2102,CARD0000001930,CREDIT_STANDARD,ACTIVE,2024-03-21,2029-03-20,20000000.0,67.4,True
1931,2105,CARD0000001931,DEBIT,ACTIVE,2023-01-31,2028-01-30,0.0,0.0,True
1932,2109,CARD0000001932,CREDIT_STANDARD,ACTIVE,2025-09-16,2030-09-15,30000000.0,61.14,True
1933,2110,CARD0000001933,CREDIT_PLATINUM,ACTIVE,2025-03-28,2030-03-27,300000000.0,19.88,True
1934,2111,CARD0000001934,DEBIT,ACTIVE,2025-07-28,2030-07-27,0.0,0.0,True
1935,2112,CARD0000001935,CREDIT_PLATINUM,BLOCKED,2026-04-30,2031-04-29,200000000.0,59.84,True
1936,2112,CARD0000001936,CREDIT_STANDARD,ACTIVE,2022-12-17,2027-12-16,30000000.0,82.94,True
1937,2115,CARD0000001937,CREDIT_GOLD,ACTIVE,2022-01-05,2027-01-04,300000000.0,75.34,True
1938,2118,CARD0000001938,CREDIT_STANDARD,EXPIRED,2021-04-29,2026-04-28,80000000.0,71.15,True
1939,2118,CARD0000001939,DEBIT,ACTIVE,2021-11-14,2026-11-13,0.0,0.0,True
1940,2119,CARD0000001940,CREDIT_GOLD,EXPIRED,2021-07-07,2026-07-06,300000000.0,84.21,False
1941,2122,CARD0000001941,DEBIT,ACTIVE,2023-04-30,2028-04-28,0.0,0.0,True
1942,2124,CARD0000001942,CREDIT_STANDARD,ACTIVE,2025-01-05,2030-01-04,120000000.0,16.53,True
1943,2127,CARD0000001943,CREDIT_STANDARD,ACTIVE,2022-01-06,2027-01-05,200000000.0,74.94,True
1944,2128,CARD0000001944,CREDIT_GOLD,ACTIVE,2023-02-16,2028-02-15,80000000.0,80.15,True
1945,2128,CARD0000001945,DEBIT,ACTIVE,2025-12-26,2030-12-25,0.0,0.0,True
1946,2130,CARD0000001946,DEBIT,ACTIVE,2022-11-23,2027-11-22,0.0,0.0,True
1947,2131,CARD0000001947,CREDIT_GOLD,EXPIRED,2021-04-06,2026-04-05,30000000.0,18.06,True
1948,2132,CARD0000001948,DEBIT,ACTIVE,2024-01-24,2029-01-22,0.0,0.0,True
1949,2135,CARD0000001949,DEBIT,ACTIVE,2025-04-23,2030-04-22,0.0,0.0,True
1950,2136,CARD0000001950,DEBIT,BLOCKED,2025-08-06,2030-08-05,0.0,0.0,True
1951,2137,CARD0000001951,DEBIT,ACTIVE,2025-12-17,2030-12-16,0.0,0.0,True
1952,2139,CARD0000001952,CREDIT_STANDARD,ACTIVE,2024-02-11,2029-02-09,80000000.0,32.28,True
1953,2142,CARD0000001953,DEBIT,ACTIVE,2021-12-03,2026-12-02,0.0,0.0,True
1954,2143,CARD0000001954,DEBIT,ACTIVE,2022-04-28,2027-04-27,0.0,0.0,True
1955,2144,CARD0000001955,CREDIT_STANDARD,ACTIVE,2024-11-26,2029-11-25,200000000.0,51.2,True
1956,2147,CARD0000001956,DEBIT,ACTIVE,2022-10-14,2027-10-13,0.0,0.0,True
1957,2148,CARD0000001957,CREDIT_PLATINUM,ACTIVE,2024-10-19,2029-10-18,80000000.0,19.29,True
1958,2149,CARD0000001958,CREDIT_STANDARD,ACTIVE,2024-02-17,2029-02-15,30000000.0,25.69,True
1959,2152,CARD0000001959,CREDIT_GOLD,ACTIVE,2021-10-08,2026-10-07,20000000.0,20.01,True
1960,2154,CARD0000001960,CREDIT_STANDARD,ACTIVE,2025-11-25,2030-11-24,300000000.0,58.13,True
1961,2155,CARD0000001961,CREDIT_GOLD,EXPIRED,2021-03-20,2026-03-19,30000000.0,45.3,True
1962,2155,CARD0000001962,DEBIT,ACTIVE,2025-06-12,2030-06-11,0.0,0.0,True
1963,2157,CARD0000001963,CREDIT_PLATINUM,ACTIVE,2024-05-11,2029-05-10,200000000.0,19.32,True
1964,2157,CARD0000001964,CREDIT_GOLD,ACTIVE,2024-10-13,2029-10-12,120000000.0,29.47,True
1965,2158,CARD0000001965,DEBIT,BLOCKED,2023-02-27,2028-02-26,0.0,0.0,True
1966,2161,CARD0000001966,CREDIT_PLATINUM,ACTIVE,2024-07-23,2029-07-22,200000000.0,52.91,True
1967,2164,CARD0000001967,DEBIT,ACTIVE,2023-10-12,2028-10-10,0.0,0.0,True
1968,2165,CARD0000001968,DEBIT,ACTIVE,2022-06-13,2027-06-12,0.0,0.0,True
1969,2167,CARD0000001969,CREDIT_PLATINUM,ACTIVE,2022-02-22,2027-02-21,30000000.0,66.22,True
1970,2167,CARD0000001970,CREDIT_STANDARD,BLOCKED,2023-03-10,2028-03-08,20000000.0,30.17,True
1971,2168,CARD0000001971,DEBIT,ACTIVE,2023-12-09,2028-12-07,0.0,0.0,True
1972,2172,CARD0000001972,CREDIT_STANDARD,ACTIVE,2026-01-24,2031-01-23,120000000.0,13.2,True
1973,2172,CARD0000001973,CREDIT_STANDARD,ACTIVE,2022-05-22,2027-05-21,80000000.0,20.77,True
1974,2173,CARD0000001974,DEBIT,EXPIRED,2021-05-23,2026-05-22,0.0,0.0,True
1975,2174,CARD0000001975,DEBIT,ACTIVE,2025-02-22,2030-02-21,0.0,0.0,True
1976,2175,CARD0000001976,DEBIT,ACTIVE,2025-09-30,2030-09-29,0.0,0.0,True
1977,2180,CARD0000001977,CREDIT_PLATINUM,ACTIVE,2024-03-11,2029-03-10,20000000.0,36.53,True
1978,2181,CARD0000001978,DEBIT,EXPIRED,2021-03-29,2026-03-28,0.0,0.0,True
1979,2182,CARD0000001979,CREDIT_GOLD,ACTIVE,2022-11-28,2027-11-27,300000000.0,78.01,True
1980,2183,CARD0000001980,CREDIT_STANDARD,ACTIVE,2023-05-12,2028-05-10,120000000.0,84.12,True
1981,2183,CARD0000001981,DEBIT,ACTIVE,2024-09-22,2029-09-21,0.0,0.0,True
1982,2185,CARD0000001982,CREDIT_GOLD,EXPIRED,2021-07-10,2026-07-09,50000000.0,83.21,True
1983,2185,CARD0000001983,DEBIT,ACTIVE,2022-02-15,2027-02-14,0.0,0.0,True
1984,2188,CARD0000001984,CREDIT_GOLD,ACTIVE,2024-02-18,2029-02-16,80000000.0,19.96,True
1985,2191,CARD0000001985,CREDIT_STANDARD,EXPIRED,2021-07-30,2026-07-29,20000000.0,59.08,True
1986,2192,CARD0000001986,DEBIT,ACTIVE,2023-12-17,2028-12-15,0.0,0.0,True
1987,2193,CARD0000001987,DEBIT,ACTIVE,2023-09-10,2028-09-08,0.0,0.0,True
1988,2194,CARD0000001988,CREDIT_STANDARD,ACTIVE,2021-12-07,2026-12-06,30000000.0,34.71,True
1989,2195,CARD0000001989,DEBIT,ACTIVE,2025-10-25,2030-10-24,0.0,0.0,True
1990,2197,CARD0000001990,CREDIT_PLATINUM,ACTIVE,2025-03-19,2030-03-18,300000000.0,21.7,True
1991,2199,CARD0000001991,CREDIT_PLATINUM,ACTIVE,2024-02-13,2029-02-11,200000000.0,29.6,True
1992,2200,CARD0000001992,CREDIT_PLATINUM,ACTIVE,2024-11-02,2029-11-01,80000000.0,2.18,True
1993,2200,CARD0000001993,CREDIT_STANDARD,ACTIVE,2025-10-20,2030-10-19,200000000.0,2.95,True
1994,2201,CARD0000001994,CREDIT_PLATINUM,ACTIVE,2023-10-16,2028-10-14,50000000.0,49.94,True
1995,2201,CARD0000001995,CREDIT_GOLD,ACTIVE,2022-03-26,2027-03-25,300000000.0,51.44,True
1996,2202,CARD0000001996,CREDIT_STANDARD,EXPIRED,2021-06-30,2026-06-29,30000000.0,49.31,True
1997,2202,CARD0000001997,CREDIT_STANDARD,ACTIVE,2025-07-05,2030-07-04,30000000.0,66.93,True
1998,2203,CARD0000001998,CREDIT_STANDARD,ACTIVE,2022-01-11,2027-01-10,200000000.0,74.86,True
1999,2206,CARD0000001999,CREDIT_PLATINUM,ACTIVE,2022-11-10,2027-11-09,300000000.0,35.8,True
2000,2206,CARD0000002000,DEBIT,ACTIVE,2024-01-01,2028-12-30,0.0,0.0,True
2001,2207,CARD0000002001,DEBIT,ACTIVE,2023-07-06,2028-07-04,0.0,0.0,True
2002,2208,CARD0000002002,CREDIT_STANDARD,ACTIVE,2026-02-07,2031-02-06,50000000.0,71.61,True
2003,2208,CARD0000002003,CREDIT_PLATINUM,ACTIVE,2022-01-22,2027-01-21,20000000.0,67.16,True
2004,2211,CARD0000002004,DEBIT,ACTIVE,2025-04-22,2030-04-21,0.0,0.0,True
2005,2212,CARD0000002005,DEBIT,BLOCKED,2026-01-13,2031-01-12,0.0,0.0,True
2006,2212,CARD0000002006,DEBIT,ACTIVE,2025-11-26,2030-11-25,0.0,0.0,True
2007,2213,CARD0000002007,DEBIT,ACTIVE,2022-03-01,2027-02-28,0.0,0.0,True
2008,2214,CARD0000002008,DEBIT,ACTIVE,2023-08-06,2028-08-04,0.0,0.0,True
2009,2216,CARD0000002009,CREDIT_GOLD,ACTIVE,2023-11-22,2028-11-20,300000000.0,62.34,True
2010,2216,CARD0000002010,DEBIT,ACTIVE,2024-05-26,2029-05-25,0.0,0.0,True
2011,2217,CARD0000002011,CREDIT_GOLD,ACTIVE,2026-04-18,2031-04-17,120000000.0,46.35,True
2012,2219,CARD0000002012,DEBIT,ACTIVE,2021-09-19,2026-09-18,0.0,0.0,True
2013,2220,CARD0000002013,CREDIT_PLATINUM,ACTIVE,2024-03-23,2029-03-22,30000000.0,25.35,True
2014,2221,CARD0000002014,DEBIT,ACTIVE,2021-10-21,2026-10-20,0.0,0.0,True
2015,2225,CARD0000002015,DEBIT,BLOCKED,2023-02-12,2028-02-11,0.0,0.0,True
2016,2227,CARD0000002016,DEBIT,ACTIVE,2023-05-09,2028-05-07,0.0,0.0,True
2017,2228,CARD0000002017,CREDIT_GOLD,ACTIVE,2023-04-18,2028-04-16,30000000.0,63.07,True
2018,2228,CARD0000002018,CREDIT_STANDARD,ACTIVE,2024-10-23,2029-10-22,200000000.0,43.46,True
2019,2229,CARD0000002019,CREDIT_STANDARD,BLOCKED,2022-08-10,2027-08-09,300000000.0,52.43,True
2020,2230,CARD0000002020,DEBIT,EXPIRED,2021-06-08,2026-06-07,0.0,0.0,True
2021,2233,CARD0000002021,DEBIT,ACTIVE,2024-04-21,2029-04-20,0.0,0.0,True
2022,2235,CARD0000002022,CREDIT_GOLD,ACTIVE,2025-08-29,2030-08-28,80000000.0,2.79,False
2023,2235,CARD0000002023,CREDIT_PLATINUM,ACTIVE,2022-02-08,2027-02-07,30000000.0,3.65,True
2024,2236,CARD0000002024,DEBIT,EXPIRED,2021-05-20,2026-05-19,0.0,0.0,True
2025,2237,CARD0000002025,CREDIT_GOLD,ACTIVE,2022-03-17,2027-03-16,120000000.0,29.04,True
2026,2238,CARD0000002026,CREDIT_STANDARD,ACTIVE,2025-12-23,2030-12-22,120000000.0,48.75,True
2027,2239,CARD0000002027,DEBIT,EXPIRED,2021-04-21,2026-04-20,0.0,0.0,True
2028,2240,CARD0000002028,CREDIT_PLATINUM,EXPIRED,2021-03-21,2026-03-20,80000000.0,17.89,True
2029,2241,CARD0000002029,CREDIT_GOLD,ACTIVE,2021-11-17,2026-11-16,80000000.0,7.86,True
2030,2241,CARD0000002030,CREDIT_GOLD,ACTIVE,2021-12-28,2026-12-27,120000000.0,7.61,False
2031,2242,CARD0000002031,DEBIT,ACTIVE,2021-12-08,2026-12-07,0.0,0.0,True
2032,2242,CARD0000002032,DEBIT,ACTIVE,2026-04-03,2031-04-02,0.0,0.0,True
2033,2243,CARD0000002033,DEBIT,ACTIVE,2022-03-25,2027-03-24,0.0,0.0,True
2034,2244,CARD0000002034,CREDIT_GOLD,ACTIVE,2025-05-25,2030-05-24,20000000.0,25.34,True
2035,2245,CARD0000002035,DEBIT,ACTIVE,2025-04-02,2030-04-01,0.0,0.0,True
2036,2250,CARD0000002036,CREDIT_STANDARD,ACTIVE,2023-12-31,2028-12-29,80000000.0,63.96,True
2037,2251,CARD0000002037,CREDIT_STANDARD,ACTIVE,2026-02-16,2031-02-15,30000000.0,19.63,True
2038,2253,CARD0000002038,CREDIT_GOLD,ACTIVE,2025-06-28,2030-06-27,30000000.0,60.21,True
2039,2254,CARD0000002039,CREDIT_GOLD,BLOCKED,2026-05-29,2031-05-28,30000000.0,24.54,False
2040,2257,CARD0000002040,CREDIT_PLATINUM,ACTIVE,2024-03-10,2029-03-09,80000000.0,34.43,True
2041,2259,CARD0000002041,DEBIT,ACTIVE,2022-05-20,2027-05-19,0.0,0.0,True
2042,2260,CARD0000002042,CREDIT_GOLD,ACTIVE,2024-09-07,2029-09-06,120000000.0,70.66,True
2043,2261,CARD0000002043,DEBIT,ACTIVE,2024-08-05,2029-08-04,0.0,0.0,True
2044,2262,CARD0000002044,DEBIT,ACTIVE,2022-07-28,2027-07-27,0.0,0.0,True
2045,2263,CARD0000002045,CREDIT_PLATINUM,ACTIVE,2025-11-23,2030-11-22,30000000.0,83.52,True
2046,2264,CARD0000002046,CREDIT_PLATINUM,EXPIRED,2021-05-25,2026-05-24,120000000.0,59.32,True
2047,2264,CARD0000002047,CREDIT_GOLD,ACTIVE,2024-04-14,2029-04-13,30000000.0,54.81,True
2048,2266,CARD0000002048,CREDIT_GOLD,ACTIVE,2023-09-16,2028-09-14,80000000.0,49.78,True
2049,2267,CARD0000002049,CREDIT_GOLD,ACTIVE,2025-09-10,2030-09-09,300000000.0,4.69,False
2050,2268,CARD0000002050,DEBIT,ACTIVE,2025-03-25,2030-03-24,0.0,0.0,True
2051,2270,CARD0000002051,DEBIT,ACTIVE,2025-01-07,2030-01-06,0.0,0.0,True
2052,2271,CARD0000002052,CREDIT_STANDARD,ACTIVE,2024-06-26,2029-06-25,20000000.0,63.29,False
2053,2272,CARD0000002053,CREDIT_STANDARD,ACTIVE,2024-11-16,2029-11-15,200000000.0,71.89,True
2054,2274,CARD0000002054,DEBIT,ACTIVE,2025-05-21,2030-05-20,0.0,0.0,True
2055,2275,CARD0000002055,DEBIT,ACTIVE,2023-02-17,2028-02-16,0.0,0.0,True
2056,2275,CARD0000002056,CREDIT_STANDARD,ACTIVE,2021-09-04,2026-09-03,50000000.0,16.48,True
2057,2276,CARD0000002057,CREDIT_PLATINUM,ACTIVE,2024-05-04,2029-05-03,80000000.0,76.41,True
2058,2276,CARD0000002058,DEBIT,ACTIVE,2022-03-15,2027-03-14,0.0,0.0,True
2059,2277,CARD0000002059,DEBIT,ACTIVE,2021-09-03,2026-09-02,0.0,0.0,True
2060,2279,CARD0000002060,CREDIT_PLATINUM,ACTIVE,2025-05-29,2030-05-28,30000000.0,57.23,True
2061,2281,CARD0000002061,DEBIT,ACTIVE,2023-03-08,2028-03-06,0.0,0.0,True
2062,2282,CARD0000002062,CREDIT_STANDARD,ACTIVE,2024-05-16,2029-05-15,30000000.0,5.5,True
2063,2283,CARD0000002063,CREDIT_STANDARD,ACTIVE,2025-08-28,2030-08-27,50000000.0,66.72,True
2064,2283,CARD0000002064,DEBIT,EXPIRED,2021-06-19,2026-06-18,0.0,0.0,True
2065,2286,CARD0000002065,DEBIT,ACTIVE,2023-02-04,2028-02-03,0.0,0.0,True
2066,2286,CARD0000002066,CREDIT_STANDARD,ACTIVE,2024-03-30,2029-03-29,300000000.0,57.21,True
2067,2287,CARD0000002067,DEBIT,ACTIVE,2026-02-16,2031-02-15,0.0,0.0,True
2068,2290,CARD0000002068,CREDIT_STANDARD,ACTIVE,2024-05-08,2029-05-07,30000000.0,21.64,True
2069,2291,CARD0000002069,DEBIT,ACTIVE,2025-01-05,2030-01-04,0.0,0.0,True
2070,2292,CARD0000002070,DEBIT,ACTIVE,2022-09-24,2027-09-23,0.0,0.0,True
2071,2293,CARD0000002071,CREDIT_GOLD,ACTIVE,2021-12-26,2026-12-25,50000000.0,81.72,True
2072,2295,CARD0000002072,CREDIT_PLATINUM,ACTIVE,2022-06-16,2027-06-15,30000000.0,13.1,True
2073,2296,CARD0000002073,DEBIT,ACTIVE,2026-05-08,2031-05-07,0.0,0.0,True
2074,2298,CARD0000002074,CREDIT_STANDARD,ACTIVE,2024-11-21,2029-11-20,50000000.0,29.39,True
2075,2299,CARD0000002075,CREDIT_GOLD,ACTIVE,2024-11-11,2029-11-10,20000000.0,54.61,True
2076,2301,CARD0000002076,DEBIT,ACTIVE,2025-09-04,2030-09-03,0.0,0.0,True
2077,2301,CARD0000002077,CREDIT_GOLD,ACTIVE,2024-09-21,2029-09-20,200000000.0,17.94,True
2078,2303,CARD0000002078,DEBIT,ACTIVE,2024-03-22,2029-03-21,0.0,0.0,True
2079,2304,CARD0000002079,CREDIT_GOLD,ACTIVE,2023-11-18,2028-11-16,20000000.0,47.56,True
2080,2305,CARD0000002080,CREDIT_GOLD,ACTIVE,2025-12-24,2030-12-23,20000000.0,48.92,True
2081,2305,CARD0000002081,DEBIT,ACTIVE,2023-11-09,2028-11-07,0.0,0.0,True
2082,2306,CARD0000002082,DEBIT,ACTIVE,2026-03-07,2031-03-06,0.0,0.0,True
2083,2306,CARD0000002083,DEBIT,BLOCKED,2024-08-14,2029-08-13,0.0,0.0,True
2084,2307,CARD0000002084,DEBIT,ACTIVE,2024-02-21,2029-02-19,0.0,0.0,True
2085,2308,CARD0000002085,CREDIT_PLATINUM,ACTIVE,2025-11-16,2030-11-15,20000000.0,32.16,True
2086,2308,CARD0000002086,CREDIT_STANDARD,ACTIVE,2025-04-02,2030-04-01,300000000.0,36.59,False
2087,2310,CARD0000002087,CREDIT_GOLD,ACTIVE,2023-03-22,2028-03-20,20000000.0,32.16,True
2088,2311,CARD0000002088,DEBIT,EXPIRED,2021-05-23,2026-05-22,0.0,0.0,True
2089,2312,CARD0000002089,CREDIT_GOLD,ACTIVE,2023-03-24,2028-03-22,30000000.0,27.56,True
2090,2320,CARD0000002090,DEBIT,ACTIVE,2021-09-29,2026-09-28,0.0,0.0,True
2091,2320,CARD0000002091,CREDIT_STANDARD,ACTIVE,2024-05-02,2029-05-01,20000000.0,68.77,True
2092,2321,CARD0000002092,CREDIT_STANDARD,ACTIVE,2023-03-23,2028-03-21,120000000.0,39.31,True
2093,2322,CARD0000002093,CREDIT_PLATINUM,ACTIVE,2022-12-02,2027-12-01,20000000.0,73.45,True
2094,2323,CARD0000002094,CREDIT_PLATINUM,ACTIVE,2022-05-18,2027-05-17,200000000.0,56.53,True
2095,2323,CARD0000002095,CREDIT_STANDARD,ACTIVE,2026-04-11,2031-04-10,30000000.0,26.75,False
2096,2324,CARD0000002096,DEBIT,ACTIVE,2024-04-12,2029-04-11,0.0,0.0,True
2097,2324,CARD0000002097,CREDIT_GOLD,ACTIVE,2026-04-21,2031-04-20,200000000.0,22.94,True
2098,2328,CARD0000002098,CREDIT_PLATINUM,ACTIVE,2024-01-22,2029-01-20,200000000.0,27.86,True
2099,2329,CARD0000002099,DEBIT,ACTIVE,2023-02-20,2028-02-19,0.0,0.0,True
2100,2330,CARD0000002100,DEBIT,ACTIVE,2025-03-29,2030-03-28,0.0,0.0,True
2101,2331,CARD0000002101,DEBIT,ACTIVE,2022-09-25,2027-09-24,0.0,0.0,True
2102,2334,CARD0000002102,CREDIT_GOLD,ACTIVE,2023-06-25,2028-06-23,120000000.0,56.75,True
2103,2334,CARD0000002103,DEBIT,EXPIRED,2021-07-15,2026-07-14,0.0,0.0,True
2104,2335,CARD0000002104,CREDIT_GOLD,ACTIVE,2025-07-11,2030-07-10,200000000.0,82.38,True
2105,2336,CARD0000002105,DEBIT,ACTIVE,2023-03-29,2028-03-27,0.0,0.0,True
2106,2336,CARD0000002106,DEBIT,ACTIVE,2024-03-18,2029-03-17,0.0,0.0,True
2107,2337,CARD0000002107,CREDIT_GOLD,ACTIVE,2023-10-07,2028-10-05,30000000.0,81.98,True
2108,2337,CARD0000002108,DEBIT,BLOCKED,2022-01-22,2027-01-21,0.0,0.0,True
2109,2338,CARD0000002109,CREDIT_GOLD,ACTIVE,2023-04-22,2028-04-20,300000000.0,21.72,True
2110,2339,CARD0000002110,CREDIT_STANDARD,ACTIVE,2025-12-29,2030-12-28,80000000.0,61.2,True
2111,2339,CARD0000002111,DEBIT,ACTIVE,2022-05-25,2027-05-24,0.0,0.0,True
2112,2340,CARD0000002112,DEBIT,ACTIVE,2023-06-01,2028-05-30,0.0,0.0,True
2113,2341,CARD0000002113,CREDIT_PLATINUM,ACTIVE,2022-04-27,2027-04-26,50000000.0,27.19,True
2114,2342,CARD0000002114,CREDIT_PLATINUM,ACTIVE,2022-12-05,2027-12-04,50000000.0,36.74,True
2115,2342,CARD0000002115,CREDIT_GOLD,ACTIVE,2026-01-19,2031-01-18,80000000.0,61.85,True
2116,2343,CARD0000002116,CREDIT_GOLD,ACTIVE,2025-04-25,2030-04-24,300000000.0,7.81,True
2117,2343,CARD0000002117,CREDIT_PLATINUM,ACTIVE,2024-07-18,2029-07-17,120000000.0,8.45,True
2118,2344,CARD0000002118,CREDIT_PLATINUM,EXPIRED,2021-08-26,2026-08-25,120000000.0,20.75,True
2119,2345,CARD0000002119,CREDIT_GOLD,ACTIVE,2025-12-16,2030-12-15,30000000.0,0.19,True
2120,2346,CARD0000002120,CREDIT_STANDARD,EXPIRED,2021-05-06,2026-05-05,120000000.0,19.94,True
2121,2347,CARD0000002121,DEBIT,ACTIVE,2021-12-28,2026-12-27,0.0,0.0,True
2122,2348,CARD0000002122,DEBIT,ACTIVE,2024-07-12,2029-07-11,0.0,0.0,True
2123,2349,CARD0000002123,DEBIT,BLOCKED,2023-07-04,2028-07-02,0.0,0.0,True
2124,2349,CARD0000002124,CREDIT_STANDARD,BLOCKED,2024-03-10,2029-03-09,50000000.0,45.99,True
2125,2350,CARD0000002125,CREDIT_STANDARD,ACTIVE,2023-08-13,2028-08-11,80000000.0,16.39,True
2126,2351,CARD0000002126,CREDIT_STANDARD,ACTIVE,2025-06-24,2030-06-23,120000000.0,32.77,True
2127,2351,CARD0000002127,CREDIT_PLATINUM,ACTIVE,2026-01-01,2030-12-31,80000000.0,36.54,True
2128,2354,CARD0000002128,DEBIT,ACTIVE,2026-03-21,2031-03-20,0.0,0.0,True
2129,2355,CARD0000002129,DEBIT,EXPIRED,2021-06-19,2026-06-18,0.0,0.0,True
2130,2356,CARD0000002130,DEBIT,ACTIVE,2025-01-26,2030-01-25,0.0,0.0,True
2131,2358,CARD0000002131,DEBIT,ACTIVE,2025-01-08,2030-01-07,0.0,0.0,True
2132,2360,CARD0000002132,DEBIT,ACTIVE,2026-06-15,2031-06-14,0.0,0.0,True
2133,2360,CARD0000002133,CREDIT_PLATINUM,ACTIVE,2024-06-28,2029-06-27,200000000.0,18.97,True
2134,2361,CARD0000002134,CREDIT_STANDARD,ACTIVE,2023-07-05,2028-07-03,30000000.0,32.58,True
2135,2362,CARD0000002135,DEBIT,ACTIVE,2024-03-21,2029-03-20,0.0,0.0,True
2136,2363,CARD0000002136,DEBIT,ACTIVE,2022-08-06,2027-08-05,0.0,0.0,True
2137,2364,CARD0000002137,CREDIT_PLATINUM,ACTIVE,2023-05-28,2028-05-26,50000000.0,83.94,True
2138,2366,CARD0000002138,DEBIT,ACTIVE,2023-02-05,2028-02-04,0.0,0.0,True
2139,2370,CARD0000002139,DEBIT,ACTIVE,2022-10-08,2027-10-07,0.0,0.0,True
2140,2370,CARD0000002140,DEBIT,ACTIVE,2023-10-05,2028-10-03,0.0,0.0,True
2141,2372,CARD0000002141,DEBIT,ACTIVE,2025-04-19,2030-04-18,0.0,0.0,True
2142,2372,CARD0000002142,CREDIT_GOLD,ACTIVE,2023-03-27,2028-03-25,20000000.0,39.01,True
2143,2374,CARD0000002143,CREDIT_STANDARD,ACTIVE,2025-07-12,2030-07-11,20000000.0,6.38,True
2144,2375,CARD0000002144,DEBIT,EXPIRED,2021-04-15,2026-04-14,0.0,0.0,True
2145,2375,CARD0000002145,CREDIT_GOLD,BLOCKED,2025-03-06,2030-03-05,200000000.0,15.22,True
2146,2378,CARD0000002146,CREDIT_GOLD,ACTIVE,2026-04-22,2031-04-21,80000000.0,61.2,True
2147,2379,CARD0000002147,CREDIT_GOLD,ACTIVE,2025-01-08,2030-01-07,50000000.0,76.95,True
2148,2380,CARD0000002148,DEBIT,ACTIVE,2023-01-01,2027-12-31,0.0,0.0,True
2149,2383,CARD0000002149,CREDIT_GOLD,ACTIVE,2024-03-11,2029-03-10,80000000.0,32.85,True
2150,2383,CARD0000002150,CREDIT_PLATINUM,ACTIVE,2023-12-09,2028-12-07,20000000.0,33.67,True
2151,2384,CARD0000002151,CREDIT_STANDARD,ACTIVE,2022-12-08,2027-12-07,120000000.0,33.27,True
2152,2384,CARD0000002152,CREDIT_STANDARD,ACTIVE,2025-06-04,2030-06-03,20000000.0,27.88,True
2153,2385,CARD0000002153,CREDIT_STANDARD,ACTIVE,2023-06-17,2028-06-15,80000000.0,76.52,True
2154,2385,CARD0000002154,DEBIT,ACTIVE,2022-03-17,2027-03-16,0.0,0.0,True
2155,2386,CARD0000002155,DEBIT,ACTIVE,2024-03-12,2029-03-11,0.0,0.0,True
2156,2387,CARD0000002156,CREDIT_PLATINUM,ACTIVE,2022-02-03,2027-02-02,300000000.0,16.56,True
2157,2389,CARD0000002157,DEBIT,ACTIVE,2023-08-09,2028-08-07,0.0,0.0,True
2158,2390,CARD0000002158,CREDIT_STANDARD,ACTIVE,2021-12-28,2026-12-27,30000000.0,71.07,True
2159,2391,CARD0000002159,CREDIT_GOLD,ACTIVE,2026-06-26,2031-06-25,30000000.0,57.5,True
2160,2393,CARD0000002160,CREDIT_GOLD,ACTIVE,2025-05-15,2030-05-14,300000000.0,58.03,True
2161,2394,CARD0000002161,DEBIT,ACTIVE,2026-03-31,2031-03-30,0.0,0.0,True
2162,2394,CARD0000002162,DEBIT,ACTIVE,2025-08-28,2030-08-27,0.0,0.0,True
2163,2397,CARD0000002163,CREDIT_PLATINUM,ACTIVE,2024-03-18,2029-03-17,300000000.0,9.79,True
2164,2399,CARD0000002164,CREDIT_PLATINUM,ACTIVE,2023-01-18,2028-01-17,300000000.0,30.96,True
2165,2400,CARD0000002165,DEBIT,ACTIVE,2022-11-14,2027-11-13,0.0,0.0,True
2166,2401,CARD0000002166,CREDIT_GOLD,ACTIVE,2025-06-04,2030-06-03,30000000.0,18.04,True
2167,2401,CARD0000002167,CREDIT_PLATINUM,BLOCKED,2023-04-18,2028-04-16,200000000.0,71.84,True
2168,2403,CARD0000002168,DEBIT,ACTIVE,2026-06-03,2031-06-02,0.0,0.0,True
2169,2404,CARD0000002169,DEBIT,ACTIVE,2024-03-18,2029-03-17,0.0,0.0,True
2170,2405,CARD0000002170,DEBIT,BLOCKED,2023-06-15,2028-06-13,0.0,0.0,True
2171,2405,CARD0000002171,DEBIT,ACTIVE,2022-02-16,2027-02-15,0.0,0.0,True
2172,2407,CARD0000002172,DEBIT,ACTIVE,2026-04-25,2031-04-24,0.0,0.0,True
2173,2407,CARD0000002173,CREDIT_STANDARD,ACTIVE,2026-02-06,2031-02-05,300000000.0,68.81,True
2174,2409,CARD0000002174,DEBIT,ACTIVE,2022-03-03,2027-03-02,0.0,0.0,True
2175,2410,CARD0000002175,DEBIT,ACTIVE,2023-06-19,2028-06-17,0.0,0.0,True
2176,2411,CARD0000002176,DEBIT,ACTIVE,2021-11-30,2026-11-29,0.0,0.0,True
2177,2412,CARD0000002177,CREDIT_STANDARD,ACTIVE,2024-09-10,2029-09-09,300000000.0,60.0,True
2178,2412,CARD0000002178,CREDIT_PLATINUM,ACTIVE,2023-04-19,2028-04-17,20000000.0,24.77,False
2179,2415,CARD0000002179,CREDIT_GOLD,ACTIVE,2023-02-06,2028-02-05,50000000.0,67.23,True
2180,2416,CARD0000002180,CREDIT_STANDARD,ACTIVE,2026-02-09,2031-02-08,50000000.0,71.13,False
2181,2416,CARD0000002181,CREDIT_PLATINUM,ACTIVE,2024-09-04,2029-09-03,50000000.0,33.29,False
2182,2417,CARD0000002182,DEBIT,ACTIVE,2023-06-25,2028-06-23,0.0,0.0,True
2183,2419,CARD0000002183,DEBIT,ACTIVE,2022-03-30,2027-03-29,0.0,0.0,True
2184,2421,CARD0000002184,CREDIT_STANDARD,ACTIVE,2026-06-09,2031-06-08,20000000.0,72.4,True
2185,2421,CARD0000002185,CREDIT_STANDARD,ACTIVE,2023-10-01,2028-09-29,200000000.0,29.82,False
2186,2423,CARD0000002186,DEBIT,ACTIVE,2022-07-15,2027-07-14,0.0,0.0,True
2187,2423,CARD0000002187,CREDIT_STANDARD,ACTIVE,2023-07-17,2028-07-15,200000000.0,21.31,True
2188,2424,CARD0000002188,DEBIT,ACTIVE,2026-04-24,2031-04-23,0.0,0.0,True
2189,2426,CARD0000002189,CREDIT_STANDARD,ACTIVE,2024-07-29,2029-07-28,120000000.0,5.2,True
2190,2426,CARD0000002190,DEBIT,ACTIVE,2022-08-05,2027-08-04,0.0,0.0,True
2191,2427,CARD0000002191,CREDIT_PLATINUM,EXPIRED,2021-06-05,2026-06-04,80000000.0,76.96,True
2192,2427,CARD0000002192,DEBIT,ACTIVE,2024-04-23,2029-04-22,0.0,0.0,True
2193,2429,CARD0000002193,CREDIT_GOLD,ACTIVE,2024-05-21,2029-05-20,80000000.0,15.53,True
2194,2431,CARD0000002194,CREDIT_GOLD,ACTIVE,2025-01-15,2030-01-14,20000000.0,50.52,True
2195,2432,CARD0000002195,CREDIT_PLATINUM,BLOCKED,2025-11-29,2030-11-28,200000000.0,1.4,True
2196,2433,CARD0000002196,DEBIT,BLOCKED,2022-11-09,2027-11-08,0.0,0.0,True
2197,2434,CARD0000002197,DEBIT,ACTIVE,2026-03-01,2031-02-28,0.0,0.0,True
2198,2437,CARD0000002198,CREDIT_PLATINUM,EXPIRED,2021-08-07,2026-08-06,300000000.0,70.61,True
2199,2438,CARD0000002199,DEBIT,ACTIVE,2024-01-22,2029-01-20,0.0,0.0,True
2200,2439,CARD0000002200,DEBIT,ACTIVE,2026-05-23,2031-05-22,0.0,0.0,True
2201,2440,CARD0000002201,DEBIT,ACTIVE,2025-03-29,2030-03-28,0.0,0.0,True
2202,2443,CARD0000002202,DEBIT,EXPIRED,2021-08-02,2026-08-01,0.0,0.0,True
2203,2444,CARD0000002203,CREDIT_STANDARD,ACTIVE,2024-04-24,2029-04-23,80000000.0,55.94,True
2204,2444,CARD0000002204,DEBIT,ACTIVE,2024-07-14,2029-07-13,0.0,0.0,True
2205,2445,CARD0000002205,CREDIT_PLATINUM,ACTIVE,2023-08-11,2028-08-09,120000000.0,68.49,True
2206,2447,CARD0000002206,CREDIT_STANDARD,ACTIVE,2021-12-24,2026-12-23,80000000.0,76.5,True
2207,2448,CARD0000002207,CREDIT_GOLD,BLOCKED,2023-12-30,2028-12-28,20000000.0,84.78,True
2208,2448,CARD0000002208,CREDIT_GOLD,ACTIVE,2025-06-13,2030-06-12,200000000.0,55.6,True
2209,2449,CARD0000002209,CREDIT_PLATINUM,ACTIVE,2024-12-20,2029-12-19,300000000.0,31.62,True
2210,2450,CARD0000002210,CREDIT_STANDARD,ACTIVE,2024-06-11,2029-06-10,120000000.0,71.48,True
2211,2450,CARD0000002211,CREDIT_PLATINUM,ACTIVE,2025-06-22,2030-06-21,120000000.0,55.55,False
2212,2451,CARD0000002212,DEBIT,ACTIVE,2024-09-27,2029-09-26,0.0,0.0,True
2213,2452,CARD0000002213,CREDIT_STANDARD,ACTIVE,2022-12-16,2027-12-15,300000000.0,5.89,True
2214,2453,CARD0000002214,DEBIT,ACTIVE,2021-12-29,2026-12-28,0.0,0.0,True
2215,2453,CARD0000002215,CREDIT_STANDARD,ACTIVE,2024-04-16,2029-04-15,20000000.0,1.07,True
2216,2454,CARD0000002216,DEBIT,ACTIVE,2025-08-10,2030-08-09,0.0,0.0,True
2217,2455,CARD0000002217,DEBIT,ACTIVE,2022-02-17,2027-02-16,0.0,0.0,True
2218,2456,CARD0000002218,CREDIT_PLATINUM,ACTIVE,2023-04-06,2028-04-04,200000000.0,29.5,True
2219,2457,CARD0000002219,CREDIT_GOLD,ACTIVE,2023-05-19,2028-05-17,300000000.0,71.64,True
2220,2458,CARD0000002220,DEBIT,ACTIVE,2023-02-10,2028-02-09,0.0,0.0,True
2221,2459,CARD0000002221,CREDIT_PLATINUM,EXPIRED,2021-05-13,2026-05-12,120000000.0,31.45,False
2222,2460,CARD0000002222,CREDIT_PLATINUM,ACTIVE,2024-04-29,2029-04-28,120000000.0,47.67,True
2223,2461,CARD0000002223,CREDIT_PLATINUM,ACTIVE,2022-10-09,2027-10-08,80000000.0,59.07,True
2224,2462,CARD0000002224,CREDIT_GOLD,BLOCKED,2025-08-05,2030-08-04,50000000.0,2.68,True
2225,2463,CARD0000002225,CREDIT_STANDARD,ACTIVE,2025-05-29,2030-05-28,50000000.0,36.17,True
2226,2463,CARD0000002226,CREDIT_GOLD,ACTIVE,2024-04-16,2029-04-15,300000000.0,62.5,True
2227,2469,CARD0000002227,CREDIT_PLATINUM,ACTIVE,2022-04-07,2027-04-06,80000000.0,18.81,True
2228,2470,CARD0000002228,CREDIT_PLATINUM,EXPIRED,2021-06-19,2026-06-18,200000000.0,78.01,True
2229,2471,CARD0000002229,DEBIT,BLOCKED,2022-03-04,2027-03-03,0.0,0.0,True
2230,2472,CARD0000002230,DEBIT,EXPIRED,2021-08-10,2026-08-09,0.0,0.0,True
2231,2473,CARD0000002231,DEBIT,ACTIVE,2026-06-04,2031-06-03,0.0,0.0,True
2232,2473,CARD0000002232,DEBIT,ACTIVE,2026-04-15,2031-04-14,0.0,0.0,True
2233,2474,CARD0000002233,DEBIT,ACTIVE,2025-08-04,2030-08-03,0.0,0.0,True
2234,2475,CARD0000002234,CREDIT_STANDARD,BLOCKED,2025-09-22,2030-09-21,50000000.0,62.84,True
2235,2475,CARD0000002235,DEBIT,ACTIVE,2023-01-23,2028-01-22,0.0,0.0,True
2236,2476,CARD0000002236,DEBIT,EXPIRED,2021-07-09,2026-07-08,0.0,0.0,True
2237,2477,CARD0000002237,DEBIT,ACTIVE,2024-08-22,2029-08-21,0.0,0.0,True
2238,2479,CARD0000002238,DEBIT,ACTIVE,2025-01-25,2030-01-24,0.0,0.0,True
2239,2481,CARD0000002239,DEBIT,EXPIRED,2021-08-16,2026-08-15,0.0,0.0,True
2240,2482,CARD0000002240,CREDIT_PLATINUM,BLOCKED,2022-11-21,2027-11-20,30000000.0,8.6,True
2241,2482,CARD0000002241,DEBIT,ACTIVE,2024-07-12,2029-07-11,0.0,0.0,True
2242,2483,CARD0000002242,DEBIT,ACTIVE,2025-05-04,2030-05-03,0.0,0.0,True
2243,2484,CARD0000002243,DEBIT,ACTIVE,2023-09-24,2028-09-22,0.0,0.0,True
2244,2486,CARD0000002244,DEBIT,ACTIVE,2022-02-23,2027-02-22,0.0,0.0,True
2245,2487,CARD0000002245,CREDIT_PLATINUM,ACTIVE,2024-09-24,2029-09-23,120000000.0,24.2,True
2246,2487,CARD0000002246,CREDIT_GOLD,ACTIVE,2025-06-16,2030-06-15,200000000.0,55.56,True
2247,2488,CARD0000002247,CREDIT_STANDARD,ACTIVE,2026-03-18,2031-03-17,20000000.0,71.93,True
2248,2489,CARD0000002248,CREDIT_STANDARD,ACTIVE,2026-05-13,2031-05-12,50000000.0,73.84,True
2249,2491,CARD0000002249,CREDIT_STANDARD,ACTIVE,2021-10-29,2026-10-28,120000000.0,15.37,True
2250,2493,CARD0000002250,CREDIT_GOLD,ACTIVE,2025-12-28,2030-12-27,30000000.0,34.89,True
2251,2496,CARD0000002251,CREDIT_STANDARD,ACTIVE,2025-02-04,2030-02-03,80000000.0,38.33,True
2252,2497,CARD0000002252,DEBIT,ACTIVE,2022-06-27,2027-06-26,0.0,0.0,True
2253,2500,CARD0000002253,CREDIT_GOLD,ACTIVE,2024-11-20,2029-11-19,120000000.0,17.01,True
2254,2500,CARD0000002254,DEBIT,BLOCKED,2024-05-26,2029-05-25,0.0,0.0,True
2255,2504,CARD0000002255,CREDIT_GOLD,ACTIVE,2023-06-30,2028-06-28,20000000.0,62.0,True
2256,2505,CARD0000002256,CREDIT_GOLD,EXPIRED,2021-07-28,2026-07-27,20000000.0,8.22,True
2257,2506,CARD0000002257,CREDIT_STANDARD,ACTIVE,2022-03-30,2027-03-29,50000000.0,43.92,True
2258,2506,CARD0000002258,DEBIT,ACTIVE,2023-04-24,2028-04-22,0.0,0.0,True
2259,2507,CARD0000002259,DEBIT,ACTIVE,2022-05-29,2027-05-28,0.0,0.0,True
2260,2507,CARD0000002260,DEBIT,ACTIVE,2022-03-31,2027-03-30,0.0,0.0,True
2261,2509,CARD0000002261,DEBIT,ACTIVE,2023-05-03,2028-05-01,0.0,0.0,True
2262,2510,CARD0000002262,CREDIT_STANDARD,ACTIVE,2022-11-07,2027-11-06,200000000.0,4.15,True
2263,2512,CARD0000002263,DEBIT,ACTIVE,2024-07-10,2029-07-09,0.0,0.0,True
2264,2512,CARD0000002264,DEBIT,ACTIVE,2025-01-29,2030-01-28,0.0,0.0,True
2265,2513,CARD0000002265,CREDIT_GOLD,ACTIVE,2025-05-17,2030-05-16,200000000.0,80.25,True
2266,2514,CARD0000002266,DEBIT,ACTIVE,2024-12-26,2029-12-25,0.0,0.0,True
2267,2517,CARD0000002267,CREDIT_PLATINUM,ACTIVE,2025-03-23,2030-03-22,80000000.0,6.23,True
2268,2518,CARD0000002268,CREDIT_PLATINUM,ACTIVE,2022-06-25,2027-06-24,20000000.0,9.82,True
2269,2520,CARD0000002269,CREDIT_PLATINUM,ACTIVE,2024-07-19,2029-07-18,20000000.0,25.35,True
2270,2521,CARD0000002270,DEBIT,EXPIRED,2021-08-05,2026-08-04,0.0,0.0,True
2271,2522,CARD0000002271,CREDIT_STANDARD,ACTIVE,2021-10-30,2026-10-29,120000000.0,39.18,True
2272,2524,CARD0000002272,DEBIT,ACTIVE,2022-11-01,2027-10-31,0.0,0.0,True
2273,2525,CARD0000002273,DEBIT,ACTIVE,2022-10-29,2027-10-28,0.0,0.0,True
2274,2527,CARD0000002274,DEBIT,ACTIVE,2023-06-10,2028-06-08,0.0,0.0,True
2275,2528,CARD0000002275,CREDIT_PLATINUM,EXPIRED,2021-07-08,2026-07-07,120000000.0,79.41,True
2276,2528,CARD0000002276,DEBIT,EXPIRED,2021-05-20,2026-05-19,0.0,0.0,True
2277,2531,CARD0000002277,DEBIT,ACTIVE,2026-02-03,2031-02-02,0.0,0.0,True
2278,2532,CARD0000002278,DEBIT,ACTIVE,2025-08-12,2030-08-11,0.0,0.0,True
2279,2532,CARD0000002279,DEBIT,ACTIVE,2024-07-09,2029-07-08,0.0,0.0,True
2280,2533,CARD0000002280,DEBIT,ACTIVE,2021-10-17,2026-10-16,0.0,0.0,True
2281,2534,CARD0000002281,CREDIT_GOLD,ACTIVE,2023-02-13,2028-02-12,30000000.0,35.04,True
2282,2535,CARD0000002282,DEBIT,ACTIVE,2022-07-22,2027-07-21,0.0,0.0,True
2283,2536,CARD0000002283,CREDIT_GOLD,BLOCKED,2026-05-25,2031-05-24,30000000.0,27.78,True
2284,2536,CARD0000002284,DEBIT,ACTIVE,2025-04-29,2030-04-28,0.0,0.0,True
2285,2537,CARD0000002285,CREDIT_PLATINUM,ACTIVE,2026-02-27,2031-02-26,200000000.0,33.77,True
2286,2538,CARD0000002286,DEBIT,ACTIVE,2022-01-15,2027-01-14,0.0,0.0,True
2287,2539,CARD0000002287,DEBIT,ACTIVE,2025-03-03,2030-03-02,0.0,0.0,True
2288,2539,CARD0000002288,DEBIT,ACTIVE,2021-09-06,2026-09-05,0.0,0.0,True
2289,2540,CARD0000002289,DEBIT,ACTIVE,2022-09-03,2027-09-02,0.0,0.0,True
2290,2540,CARD0000002290,DEBIT,ACTIVE,2024-10-20,2029-10-19,0.0,0.0,True
2291,2543,CARD0000002291,CREDIT_PLATINUM,EXPIRED,2021-06-08,2026-06-07,200000000.0,82.74,True
2292,2544,CARD0000002292,DEBIT,BLOCKED,2024-01-08,2029-01-06,0.0,0.0,True
2293,2544,CARD0000002293,CREDIT_PLATINUM,ACTIVE,2022-10-06,2027-10-05,50000000.0,7.09,False
2294,2545,CARD0000002294,DEBIT,ACTIVE,2025-06-21,2030-06-20,0.0,0.0,True
2295,2546,CARD0000002295,CREDIT_PLATINUM,ACTIVE,2023-06-09,2028-06-07,200000000.0,66.83,True
2296,2547,CARD0000002296,CREDIT_GOLD,ACTIVE,2023-09-21,2028-09-19,200000000.0,78.34,True
2297,2549,CARD0000002297,CREDIT_STANDARD,ACTIVE,2025-05-24,2030-05-23,200000000.0,58.37,True
2298,2550,CARD0000002298,CREDIT_PLATINUM,ACTIVE,2026-04-05,2031-04-04,120000000.0,8.09,True
2299,2551,CARD0000002299,CREDIT_STANDARD,ACTIVE,2022-09-23,2027-09-22,300000000.0,56.08,True
2300,2552,CARD0000002300,DEBIT,ACTIVE,2026-04-04,2031-04-03,0.0,0.0,True
2301,2554,CARD0000002301,CREDIT_PLATINUM,BLOCKED,2022-12-04,2027-12-03,80000000.0,41.14,True
2302,2555,CARD0000002302,CREDIT_PLATINUM,ACTIVE,2021-11-10,2026-11-09,50000000.0,6.35,False
2303,2558,CARD0000002303,DEBIT,ACTIVE,2022-12-02,2027-12-01,0.0,0.0,True
2304,2559,CARD0000002304,DEBIT,ACTIVE,2022-03-25,2027-03-24,0.0,0.0,True
2305,2560,CARD0000002305,CREDIT_STANDARD,EXPIRED,2021-08-15,2026-08-14,80000000.0,49.84,True
2306,2561,CARD0000002306,CREDIT_GOLD,ACTIVE,2024-03-05,2029-03-04,20000000.0,77.14,True
2307,2562,CARD0000002307,DEBIT,ACTIVE,2023-03-04,2028-03-02,0.0,0.0,True
2308,2562,CARD0000002308,DEBIT,ACTIVE,2023-11-19,2028-11-17,0.0,0.0,True
2309,2563,CARD0000002309,DEBIT,BLOCKED,2025-04-09,2030-04-08,0.0,0.0,True
2310,2563,CARD0000002310,DEBIT,ACTIVE,2023-08-05,2028-08-03,0.0,0.0,True
2311,2564,CARD0000002311,DEBIT,ACTIVE,2024-04-10,2029-04-09,0.0,0.0,True
2312,2565,CARD0000002312,DEBIT,ACTIVE,2025-01-20,2030-01-19,0.0,0.0,True
2313,2565,CARD0000002313,CREDIT_GOLD,ACTIVE,2025-07-12,2030-07-11,50000000.0,38.48,True
2314,2566,CARD0000002314,CREDIT_PLATINUM,ACTIVE,2024-11-20,2029-11-19,20000000.0,71.32,True
2315,2567,CARD0000002315,DEBIT,EXPIRED,2021-05-03,2026-05-02,0.0,0.0,True
2316,2568,CARD0000002316,CREDIT_STANDARD,ACTIVE,2023-08-27,2028-08-25,50000000.0,82.56,True
2317,2570,CARD0000002317,DEBIT,ACTIVE,2025-07-28,2030-07-27,0.0,0.0,True
2318,2570,CARD0000002318,CREDIT_PLATINUM,ACTIVE,2022-12-04,2027-12-03,80000000.0,53.84,True
2319,2571,CARD0000002319,DEBIT,ACTIVE,2021-11-28,2026-11-27,0.0,0.0,True
2320,2573,CARD0000002320,DEBIT,ACTIVE,2026-04-25,2031-04-24,0.0,0.0,True
2321,2574,CARD0000002321,CREDIT_GOLD,ACTIVE,2024-03-13,2029-03-12,50000000.0,61.36,True
2322,2574,CARD0000002322,DEBIT,ACTIVE,2024-05-10,2029-05-09,0.0,0.0,True
2323,2576,CARD0000002323,DEBIT,ACTIVE,2025-05-01,2030-04-30,0.0,0.0,True
2324,2578,CARD0000002324,DEBIT,ACTIVE,2023-10-10,2028-10-08,0.0,0.0,True
2325,2580,CARD0000002325,DEBIT,ACTIVE,2024-10-31,2029-10-30,0.0,0.0,True
2326,2581,CARD0000002326,DEBIT,ACTIVE,2022-09-01,2027-08-31,0.0,0.0,True
2327,2581,CARD0000002327,CREDIT_PLATINUM,ACTIVE,2025-06-14,2030-06-13,120000000.0,18.5,True
2328,2582,CARD0000002328,CREDIT_GOLD,ACTIVE,2022-02-06,2027-02-05,50000000.0,15.43,True
2329,2583,CARD0000002329,CREDIT_GOLD,ACTIVE,2023-07-25,2028-07-23,120000000.0,79.45,True
2330,2584,CARD0000002330,DEBIT,ACTIVE,2022-01-20,2027-01-19,0.0,0.0,True
2331,2585,CARD0000002331,CREDIT_PLATINUM,ACTIVE,2022-06-14,2027-06-13,50000000.0,35.81,True
2332,2586,CARD0000002332,CREDIT_PLATINUM,ACTIVE,2023-09-14,2028-09-12,80000000.0,69.34,True
2333,2586,CARD0000002333,CREDIT_STANDARD,ACTIVE,2021-12-26,2026-12-25,120000000.0,82.51,True
2334,2587,CARD0000002334,DEBIT,ACTIVE,2025-05-11,2030-05-10,0.0,0.0,True
2335,2587,CARD0000002335,DEBIT,ACTIVE,2024-06-30,2029-06-29,0.0,0.0,True
2336,2588,CARD0000002336,CREDIT_GOLD,ACTIVE,2024-02-17,2029-02-15,120000000.0,27.06,True
2337,2590,CARD0000002337,DEBIT,ACTIVE,2021-12-13,2026-12-12,0.0,0.0,True
2338,2592,CARD0000002338,CREDIT_GOLD,ACTIVE,2024-11-12,2029-11-11,30000000.0,19.46,True
2339,2592,CARD0000002339,CREDIT_PLATINUM,ACTIVE,2022-11-22,2027-11-21,30000000.0,61.95,True
2340,2593,CARD0000002340,DEBIT,EXPIRED,2021-08-10,2026-08-09,0.0,0.0,True
2341,2594,CARD0000002341,CREDIT_PLATINUM,ACTIVE,2026-06-03,2031-06-02,30000000.0,17.09,True
2342,2594,CARD0000002342,CREDIT_GOLD,ACTIVE,2024-10-01,2029-09-30,120000000.0,83.47,False
2343,2595,CARD0000002343,CREDIT_STANDARD,ACTIVE,2022-04-04,2027-04-03,50000000.0,18.06,True
2344,2597,CARD0000002344,CREDIT_PLATINUM,ACTIVE,2026-04-10,2031-04-09,50000000.0,17.71,True
2345,2599,CARD0000002345,CREDIT_STANDARD,ACTIVE,2022-04-10,2027-04-09,200000000.0,34.51,True
2346,2599,CARD0000002346,DEBIT,ACTIVE,2022-08-21,2027-08-20,0.0,0.0,True
2347,2601,CARD0000002347,DEBIT,ACTIVE,2024-01-06,2029-01-04,0.0,0.0,True
2348,2602,CARD0000002348,DEBIT,ACTIVE,2024-02-02,2029-01-31,0.0,0.0,True
2349,2603,CARD0000002349,DEBIT,ACTIVE,2024-08-20,2029-08-19,0.0,0.0,True
2350,2605,CARD0000002350,CREDIT_PLATINUM,BLOCKED,2024-01-25,2029-01-23,300000000.0,52.46,True
2351,2609,CARD0000002351,DEBIT,ACTIVE,2025-11-15,2030-11-14,0.0,0.0,True
2352,2610,CARD0000002352,DEBIT,ACTIVE,2024-07-16,2029-07-15,0.0,0.0,True
2353,2610,CARD0000002353,CREDIT_PLATINUM,ACTIVE,2025-04-13,2030-04-12,200000000.0,20.38,True
2354,2613,CARD0000002354,CREDIT_GOLD,ACTIVE,2025-09-26,2030-09-25,50000000.0,75.91,True
2355,2613,CARD0000002355,DEBIT,ACTIVE,2025-11-21,2030-11-20,0.0,0.0,True
2356,2616,CARD0000002356,DEBIT,ACTIVE,2025-05-06,2030-05-05,0.0,0.0,True
2357,2618,CARD0000002357,DEBIT,ACTIVE,2022-04-25,2027-04-24,0.0,0.0,True
2358,2621,CARD0000002358,DEBIT,ACTIVE,2025-11-19,2030-11-18,0.0,0.0,True
2359,2622,CARD0000002359,DEBIT,ACTIVE,2023-08-18,2028-08-16,0.0,0.0,True
2360,2623,CARD0000002360,DEBIT,BLOCKED,2022-11-07,2027-11-06,0.0,0.0,True
2361,2624,CARD0000002361,DEBIT,ACTIVE,2022-05-12,2027-05-11,0.0,0.0,True
2362,2624,CARD0000002362,DEBIT,ACTIVE,2025-02-22,2030-02-21,0.0,0.0,True
2363,2625,CARD0000002363,DEBIT,ACTIVE,2024-07-19,2029-07-18,0.0,0.0,True
2364,2627,CARD0000002364,DEBIT,ACTIVE,2023-10-30,2028-10-28,0.0,0.0,True
2365,2628,CARD0000002365,DEBIT,EXPIRED,2021-05-28,2026-05-27,0.0,0.0,True
2366,2631,CARD0000002366,DEBIT,ACTIVE,2022-04-04,2027-04-03,0.0,0.0,True
2367,2632,CARD0000002367,CREDIT_STANDARD,ACTIVE,2023-06-15,2028-06-13,120000000.0,81.31,True
2368,2632,CARD0000002368,CREDIT_GOLD,ACTIVE,2025-09-30,2030-09-29,30000000.0,39.82,True
2369,2633,CARD0000002369,CREDIT_STANDARD,BLOCKED,2023-09-03,2028-09-01,300000000.0,16.17,True
2370,2633,CARD0000002370,CREDIT_STANDARD,ACTIVE,2024-10-10,2029-10-09,50000000.0,22.75,True
2371,2634,CARD0000002371,DEBIT,ACTIVE,2024-02-15,2029-02-13,0.0,0.0,True
2372,2635,CARD0000002372,DEBIT,ACTIVE,2021-12-19,2026-12-18,0.0,0.0,True
2373,2635,CARD0000002373,CREDIT_STANDARD,ACTIVE,2025-05-01,2030-04-30,30000000.0,68.82,True
2374,2636,CARD0000002374,CREDIT_PLATINUM,ACTIVE,2023-03-25,2028-03-23,50000000.0,26.5,True
2375,2637,CARD0000002375,CREDIT_GOLD,ACTIVE,2023-06-07,2028-06-05,200000000.0,46.94,True
2376,2637,CARD0000002376,DEBIT,EXPIRED,2021-04-12,2026-04-11,0.0,0.0,True
2377,2638,CARD0000002377,CREDIT_GOLD,ACTIVE,2023-05-02,2028-04-30,120000000.0,31.09,True
2378,2639,CARD0000002378,CREDIT_STANDARD,ACTIVE,2023-12-05,2028-12-03,200000000.0,43.88,True
2379,2639,CARD0000002379,DEBIT,EXPIRED,2021-04-15,2026-04-14,0.0,0.0,True
2380,2640,CARD0000002380,CREDIT_STANDARD,ACTIVE,2022-09-07,2027-09-06,120000000.0,8.65,True
2381,2641,CARD0000002381,DEBIT,ACTIVE,2025-06-27,2030-06-26,0.0,0.0,True
2382,2641,CARD0000002382,DEBIT,ACTIVE,2024-07-05,2029-07-04,0.0,0.0,True
2383,2642,CARD0000002383,CREDIT_GOLD,ACTIVE,2022-04-12,2027-04-11,300000000.0,4.23,True
2384,2643,CARD0000002384,CREDIT_PLATINUM,ACTIVE,2024-01-27,2029-01-25,20000000.0,76.34,True
2385,2643,CARD0000002385,CREDIT_PLATINUM,ACTIVE,2026-03-18,2031-03-17,200000000.0,31.75,True
2386,2646,CARD0000002386,DEBIT,ACTIVE,2026-06-22,2031-06-21,0.0,0.0,True
2387,2646,CARD0000002387,DEBIT,ACTIVE,2025-09-10,2030-09-09,0.0,0.0,True
2388,2649,CARD0000002388,DEBIT,ACTIVE,2024-02-18,2029-02-16,0.0,0.0,True
2389,2651,CARD0000002389,DEBIT,ACTIVE,2023-03-13,2028-03-11,0.0,0.0,True
2390,2653,CARD0000002390,DEBIT,ACTIVE,2022-05-20,2027-05-19,0.0,0.0,True
2391,2653,CARD0000002391,DEBIT,ACTIVE,2022-05-08,2027-05-07,0.0,0.0,True
2392,2654,CARD0000002392,DEBIT,ACTIVE,2021-10-08,2026-10-07,0.0,0.0,True
2393,2655,CARD0000002393,DEBIT,ACTIVE,2023-11-21,2028-11-19,0.0,0.0,True
2394,2657,CARD0000002394,CREDIT_GOLD,BLOCKED,2023-05-08,2028-05-06,50000000.0,72.1,True
2395,2658,CARD0000002395,DEBIT,ACTIVE,2024-05-02,2029-05-01,0.0,0.0,True
2396,2659,CARD0000002396,CREDIT_PLATINUM,ACTIVE,2024-07-22,2029-07-21,300000000.0,21.64,True
2397,2659,CARD0000002397,DEBIT,ACTIVE,2022-10-29,2027-10-28,0.0,0.0,True
2398,2660,CARD0000002398,CREDIT_GOLD,ACTIVE,2022-09-21,2027-09-20,80000000.0,21.62,True
2399,2661,CARD0000002399,CREDIT_GOLD,ACTIVE,2025-11-05,2030-11-04,300000000.0,17.24,True
2400,2662,CARD0000002400,DEBIT,ACTIVE,2021-09-01,2026-08-31,0.0,0.0,True
2401,2663,CARD0000002401,DEBIT,ACTIVE,2025-01-17,2030-01-16,0.0,0.0,True
2402,2663,CARD0000002402,DEBIT,ACTIVE,2026-05-18,2031-05-17,0.0,0.0,True
2403,2664,CARD0000002403,CREDIT_GOLD,EXPIRED,2021-08-14,2026-08-13,80000000.0,15.71,True
2404,2665,CARD0000002404,CREDIT_GOLD,ACTIVE,2023-11-08,2028-11-06,30000000.0,75.14,True
2405,2666,CARD0000002405,CREDIT_STANDARD,ACTIVE,2025-03-17,2030-03-16,50000000.0,31.28,True
2406,2667,CARD0000002406,DEBIT,ACTIVE,2022-02-21,2027-02-20,0.0,0.0,True
2407,2668,CARD0000002407,CREDIT_GOLD,EXPIRED,2021-06-29,2026-06-28,50000000.0,21.96,True
2408,2670,CARD0000002408,DEBIT,ACTIVE,2023-12-22,2028-12-20,0.0,0.0,True
2409,2670,CARD0000002409,CREDIT_GOLD,ACTIVE,2025-04-17,2030-04-16,200000000.0,30.51,True
2410,2671,CARD0000002410,DEBIT,ACTIVE,2024-11-05,2029-11-04,0.0,0.0,True
2411,2673,CARD0000002411,DEBIT,ACTIVE,2021-10-09,2026-10-08,0.0,0.0,True
2412,2674,CARD0000002412,CREDIT_STANDARD,ACTIVE,2022-12-12,2027-12-11,300000000.0,44.42,True
2413,2676,CARD0000002413,DEBIT,ACTIVE,2024-01-25,2029-01-23,0.0,0.0,True
2414,2676,CARD0000002414,DEBIT,ACTIVE,2026-03-10,2031-03-09,0.0,0.0,True
2415,2677,CARD0000002415,DEBIT,ACTIVE,2024-04-20,2029-04-19,0.0,0.0,True
2416,2678,CARD0000002416,DEBIT,ACTIVE,2026-05-30,2031-05-29,0.0,0.0,True
2417,2679,CARD0000002417,DEBIT,EXPIRED,2021-03-31,2026-03-30,0.0,0.0,True
2418,2679,CARD0000002418,CREDIT_GOLD,BLOCKED,2022-03-20,2027-03-19,30000000.0,3.95,True
2419,2681,CARD0000002419,DEBIT,ACTIVE,2022-03-08,2027-03-07,0.0,0.0,True
2420,2681,CARD0000002420,CREDIT_GOLD,ACTIVE,2025-08-22,2030-08-21,300000000.0,57.03,True
2421,2682,CARD0000002421,CREDIT_PLATINUM,ACTIVE,2024-02-13,2029-02-11,20000000.0,27.43,True
2422,2682,CARD0000002422,CREDIT_GOLD,ACTIVE,2022-02-19,2027-02-18,80000000.0,76.45,False
2423,2684,CARD0000002423,DEBIT,ACTIVE,2024-06-30,2029-06-29,0.0,0.0,True
2424,2685,CARD0000002424,CREDIT_GOLD,ACTIVE,2026-06-21,2031-06-20,20000000.0,24.85,True
2425,2688,CARD0000002425,CREDIT_STANDARD,ACTIVE,2024-06-22,2029-06-21,200000000.0,6.55,True
2426,2689,CARD0000002426,CREDIT_GOLD,ACTIVE,2022-01-19,2027-01-18,120000000.0,25.12,True
2427,2690,CARD0000002427,DEBIT,EXPIRED,2021-07-07,2026-07-06,0.0,0.0,True
2428,2691,CARD0000002428,CREDIT_PLATINUM,ACTIVE,2022-12-22,2027-12-21,30000000.0,73.5,True
2429,2692,CARD0000002429,CREDIT_GOLD,ACTIVE,2022-11-03,2027-11-02,30000000.0,78.15,True
2430,2693,CARD0000002430,DEBIT,ACTIVE,2025-05-21,2030-05-20,0.0,0.0,True
2431,2694,CARD0000002431,DEBIT,ACTIVE,2021-10-14,2026-10-13,0.0,0.0,True
2432,2694,CARD0000002432,CREDIT_PLATINUM,ACTIVE,2022-04-19,2027-04-18,120000000.0,30.47,True
2433,2695,CARD0000002433,CREDIT_STANDARD,ACTIVE,2025-03-19,2030-03-18,80000000.0,54.98,True
2434,2696,CARD0000002434,CREDIT_GOLD,ACTIVE,2023-07-02,2028-06-30,300000000.0,33.08,True
2435,2696,CARD0000002435,CREDIT_GOLD,ACTIVE,2024-02-10,2029-02-08,50000000.0,24.21,True
2436,2697,CARD0000002436,CREDIT_STANDARD,ACTIVE,2023-07-12,2028-07-10,80000000.0,31.95,True
2437,2698,CARD0000002437,CREDIT_GOLD,ACTIVE,2022-01-03,2027-01-02,20000000.0,37.46,True
2438,2700,CARD0000002438,CREDIT_STANDARD,ACTIVE,2023-11-29,2028-11-27,200000000.0,73.41,True
2439,2702,CARD0000002439,DEBIT,ACTIVE,2022-09-18,2027-09-17,0.0,0.0,True
2440,2702,CARD0000002440,DEBIT,ACTIVE,2021-10-23,2026-10-22,0.0,0.0,True
2441,2703,CARD0000002441,CREDIT_GOLD,ACTIVE,2023-06-21,2028-06-19,50000000.0,73.63,True
2442,2703,CARD0000002442,CREDIT_PLATINUM,ACTIVE,2025-05-27,2030-05-26,20000000.0,29.87,True
2443,2704,CARD0000002443,DEBIT,ACTIVE,2025-10-28,2030-10-27,0.0,0.0,True
2444,2705,CARD0000002444,CREDIT_GOLD,ACTIVE,2023-04-26,2028-04-24,30000000.0,7.64,True
2445,2706,CARD0000002445,DEBIT,ACTIVE,2022-09-06,2027-09-05,0.0,0.0,True
2446,2707,CARD0000002446,DEBIT,ACTIVE,2022-09-01,2027-08-31,0.0,0.0,True
2447,2707,CARD0000002447,CREDIT_GOLD,ACTIVE,2024-05-07,2029-05-06,50000000.0,67.17,True
2448,2708,CARD0000002448,DEBIT,ACTIVE,2024-03-07,2029-03-06,0.0,0.0,True
2449,2708,CARD0000002449,CREDIT_GOLD,ACTIVE,2023-04-10,2028-04-08,80000000.0,14.92,True
2450,2710,CARD0000002450,DEBIT,ACTIVE,2023-07-08,2028-07-06,0.0,0.0,True
2451,2710,CARD0000002451,DEBIT,EXPIRED,2021-08-14,2026-08-13,0.0,0.0,True
2452,2711,CARD0000002452,DEBIT,ACTIVE,2023-09-08,2028-09-06,0.0,0.0,True
2453,2711,CARD0000002453,DEBIT,ACTIVE,2024-11-12,2029-11-11,0.0,0.0,True
2454,2714,CARD0000002454,CREDIT_GOLD,ACTIVE,2024-05-10,2029-05-09,80000000.0,66.15,True
2455,2714,CARD0000002455,DEBIT,ACTIVE,2022-10-09,2027-10-08,0.0,0.0,True
2456,2715,CARD0000002456,DEBIT,ACTIVE,2022-01-12,2027-01-11,0.0,0.0,True
2457,2717,CARD0000002457,DEBIT,ACTIVE,2026-06-16,2031-06-15,0.0,0.0,True
2458,2719,CARD0000002458,CREDIT_PLATINUM,ACTIVE,2024-09-14,2029-09-13,50000000.0,76.85,True
2459,2720,CARD0000002459,CREDIT_PLATINUM,ACTIVE,2024-08-05,2029-08-04,30000000.0,40.45,True
2460,2721,CARD0000002460,CREDIT_GOLD,ACTIVE,2023-11-24,2028-11-22,50000000.0,39.07,True
2461,2722,CARD0000002461,CREDIT_STANDARD,ACTIVE,2023-01-24,2028-01-23,30000000.0,20.13,True
2462,2723,CARD0000002462,CREDIT_GOLD,ACTIVE,2025-05-12,2030-05-11,50000000.0,27.82,True
2463,2726,CARD0000002463,CREDIT_STANDARD,ACTIVE,2024-06-17,2029-06-16,20000000.0,9.78,True
2464,2727,CARD0000002464,CREDIT_GOLD,ACTIVE,2023-04-22,2028-04-20,20000000.0,40.83,True
2465,2727,CARD0000002465,CREDIT_STANDARD,ACTIVE,2024-05-07,2029-05-06,300000000.0,79.47,False
2466,2728,CARD0000002466,CREDIT_GOLD,ACTIVE,2024-07-04,2029-07-03,120000000.0,60.45,True
2467,2730,CARD0000002467,DEBIT,ACTIVE,2022-06-03,2027-06-02,0.0,0.0,True
2468,2731,CARD0000002468,CREDIT_GOLD,ACTIVE,2022-07-24,2027-07-23,50000000.0,56.69,True
2469,2733,CARD0000002469,DEBIT,ACTIVE,2023-07-21,2028-07-19,0.0,0.0,True
2470,2736,CARD0000002470,DEBIT,ACTIVE,2024-09-17,2029-09-16,0.0,0.0,True
2471,2738,CARD0000002471,DEBIT,ACTIVE,2022-04-07,2027-04-06,0.0,0.0,True
2472,2739,CARD0000002472,CREDIT_STANDARD,BLOCKED,2025-10-30,2030-10-29,20000000.0,2.67,True
2473,2739,CARD0000002473,DEBIT,ACTIVE,2023-06-14,2028-06-12,0.0,0.0,True
2474,2740,CARD0000002474,DEBIT,ACTIVE,2022-10-11,2027-10-10,0.0,0.0,True
2475,2742,CARD0000002475,CREDIT_GOLD,EXPIRED,2021-06-16,2026-06-15,200000000.0,43.49,True
2476,2742,CARD0000002476,CREDIT_STANDARD,ACTIVE,2023-08-09,2028-08-07,80000000.0,35.78,True
2477,2745,CARD0000002477,CREDIT_GOLD,ACTIVE,2025-08-20,2030-08-19,300000000.0,23.41,True
2478,2745,CARD0000002478,DEBIT,EXPIRED,2021-08-06,2026-08-05,0.0,0.0,True
2479,2746,CARD0000002479,DEBIT,ACTIVE,2022-04-03,2027-04-02,0.0,0.0,True
2480,2747,CARD0000002480,DEBIT,EXPIRED,2021-05-26,2026-05-25,0.0,0.0,True
2481,2747,CARD0000002481,CREDIT_PLATINUM,ACTIVE,2024-03-10,2029-03-09,120000000.0,18.41,True
2482,2749,CARD0000002482,DEBIT,ACTIVE,2023-07-09,2028-07-07,0.0,0.0,True
2483,2750,CARD0000002483,CREDIT_GOLD,ACTIVE,2024-06-27,2029-06-26,50000000.0,64.57,True
2484,2750,CARD0000002484,DEBIT,ACTIVE,2023-04-24,2028-04-22,0.0,0.0,True
2485,2752,CARD0000002485,CREDIT_PLATINUM,ACTIVE,2026-06-01,2031-05-31,80000000.0,7.57,True
2486,2753,CARD0000002486,DEBIT,ACTIVE,2022-04-30,2027-04-29,0.0,0.0,True
2487,2756,CARD0000002487,CREDIT_STANDARD,EXPIRED,2021-03-25,2026-03-24,30000000.0,55.71,True
2488,2757,CARD0000002488,CREDIT_PLATINUM,EXPIRED,2021-05-26,2026-05-25,120000000.0,25.46,True
2489,2758,CARD0000002489,DEBIT,ACTIVE,2025-10-23,2030-10-22,0.0,0.0,True
2490,2758,CARD0000002490,DEBIT,EXPIRED,2021-06-23,2026-06-22,0.0,0.0,True
2491,2760,CARD0000002491,DEBIT,ACTIVE,2021-11-15,2026-11-14,0.0,0.0,True
2492,2761,CARD0000002492,DEBIT,ACTIVE,2026-03-10,2031-03-09,0.0,0.0,True
2493,2763,CARD0000002493,CREDIT_STANDARD,ACTIVE,2022-09-13,2027-09-12,20000000.0,55.42,True
2494,2765,CARD0000002494,CREDIT_PLATINUM,ACTIVE,2022-12-20,2027-12-19,50000000.0,20.77,True
2495,2766,CARD0000002495,DEBIT,EXPIRED,2021-07-15,2026-07-14,0.0,0.0,True
2496,2770,CARD0000002496,DEBIT,ACTIVE,2025-09-27,2030-09-26,0.0,0.0,True
2497,2771,CARD0000002497,CREDIT_GOLD,ACTIVE,2026-03-25,2031-03-24,50000000.0,15.05,True
2498,2773,CARD0000002498,CREDIT_PLATINUM,ACTIVE,2022-01-31,2027-01-30,20000000.0,32.32,True
2499,2773,CARD0000002499,DEBIT,ACTIVE,2024-03-29,2029-03-28,0.0,0.0,True
2500,2774,CARD0000002500,DEBIT,ACTIVE,2022-04-06,2027-04-05,0.0,0.0,True
2501,2775,CARD0000002501,DEBIT,ACTIVE,2024-12-28,2029-12-27,0.0,0.0,True
2502,2776,CARD0000002502,CREDIT_GOLD,ACTIVE,2024-05-21,2029-05-20,300000000.0,49.67,True
2503,2777,CARD0000002503,CREDIT_STANDARD,ACTIVE,2021-09-20,2026-09-19,50000000.0,1.71,True
2504,2780,CARD0000002504,DEBIT,ACTIVE,2022-06-14,2027-06-13,0.0,0.0,True
2505,2781,CARD0000002505,CREDIT_PLATINUM,ACTIVE,2025-10-20,2030-10-19,50000000.0,73.65,True
2506,2782,CARD0000002506,DEBIT,ACTIVE,2026-03-01,2031-02-28,0.0,0.0,True
2507,2783,CARD0000002507,CREDIT_GOLD,ACTIVE,2023-07-26,2028-07-24,80000000.0,15.03,True
2508,2788,CARD0000002508,CREDIT_PLATINUM,ACTIVE,2025-07-01,2030-06-30,80000000.0,79.7,True
2509,2789,CARD0000002509,CREDIT_STANDARD,ACTIVE,2023-06-27,2028-06-25,120000000.0,80.52,True
2510,2790,CARD0000002510,DEBIT,ACTIVE,2024-01-21,2029-01-19,0.0,0.0,True
2511,2790,CARD0000002511,CREDIT_PLATINUM,ACTIVE,2024-10-28,2029-10-27,300000000.0,60.27,True
2512,2792,CARD0000002512,CREDIT_GOLD,ACTIVE,2023-09-14,2028-09-12,30000000.0,66.61,True
2513,2792,CARD0000002513,DEBIT,ACTIVE,2026-04-22,2031-04-21,0.0,0.0,True
2514,2793,CARD0000002514,DEBIT,ACTIVE,2024-04-01,2029-03-31,0.0,0.0,True
2515,2793,CARD0000002515,DEBIT,ACTIVE,2024-12-27,2029-12-26,0.0,0.0,True
2516,2794,CARD0000002516,CREDIT_STANDARD,ACTIVE,2022-02-27,2027-02-26,30000000.0,41.4,True
2517,2796,CARD0000002517,CREDIT_PLATINUM,ACTIVE,2022-03-01,2027-02-28,80000000.0,21.86,True
2518,2798,CARD0000002518,CREDIT_STANDARD,ACTIVE,2023-10-09,2028-10-07,120000000.0,54.83,True
2519,2798,CARD0000002519,DEBIT,ACTIVE,2023-06-25,2028-06-23,0.0,0.0,True
2520,2799,CARD0000002520,CREDIT_PLATINUM,ACTIVE,2022-05-17,2027-05-16,300000000.0,1.7,True
2521,2801,CARD0000002521,DEBIT,ACTIVE,2023-11-12,2028-11-10,0.0,0.0,True
2522,2802,CARD0000002522,DEBIT,ACTIVE,2021-09-30,2026-09-29,0.0,0.0,True
2523,2803,CARD0000002523,DEBIT,ACTIVE,2023-01-02,2028-01-01,0.0,0.0,True
2524,2804,CARD0000002524,DEBIT,ACTIVE,2023-09-07,2028-09-05,0.0,0.0,True
2525,2805,CARD0000002525,CREDIT_STANDARD,BLOCKED,2026-06-27,2031-06-26,20000000.0,32.83,True
2526,2806,CARD0000002526,CREDIT_PLATINUM,ACTIVE,2022-08-15,2027-08-14,20000000.0,28.27,True
2527,2807,CARD0000002527,CREDIT_STANDARD,ACTIVE,2025-08-01,2030-07-31,300000000.0,71.46,True
2528,2809,CARD0000002528,DEBIT,ACTIVE,2024-07-03,2029-07-02,0.0,0.0,True
2529,2811,CARD0000002529,DEBIT,ACTIVE,2022-07-13,2027-07-12,0.0,0.0,True
2530,2812,CARD0000002530,DEBIT,ACTIVE,2021-11-16,2026-11-15,0.0,0.0,True
2531,2812,CARD0000002531,DEBIT,ACTIVE,2023-12-16,2028-12-14,0.0,0.0,True
2532,2814,CARD0000002532,CREDIT_PLATINUM,ACTIVE,2024-07-22,2029-07-21,300000000.0,42.59,True
2533,2814,CARD0000002533,CREDIT_PLATINUM,ACTIVE,2021-11-02,2026-11-01,80000000.0,50.62,True
2534,2815,CARD0000002534,CREDIT_PLATINUM,ACTIVE,2022-01-06,2027-01-05,50000000.0,31.23,True
2535,2816,CARD0000002535,CREDIT_PLATINUM,ACTIVE,2024-08-20,2029-08-19,300000000.0,66.23,True
2536,2817,CARD0000002536,CREDIT_PLATINUM,EXPIRED,2021-05-22,2026-05-21,50000000.0,5.06,True
2537,2820,CARD0000002537,DEBIT,ACTIVE,2023-09-14,2028-09-12,0.0,0.0,True
2538,2820,CARD0000002538,DEBIT,ACTIVE,2024-03-17,2029-03-16,0.0,0.0,True
2539,2821,CARD0000002539,CREDIT_PLATINUM,ACTIVE,2026-01-28,2031-01-27,300000000.0,5.52,True
2540,2822,CARD0000002540,DEBIT,ACTIVE,2025-04-17,2030-04-16,0.0,0.0,True
2541,2822,CARD0000002541,DEBIT,ACTIVE,2026-06-05,2031-06-04,0.0,0.0,True
2542,2824,CARD0000002542,DEBIT,ACTIVE,2022-09-21,2027-09-20,0.0,0.0,True
2543,2825,CARD0000002543,CREDIT_PLATINUM,ACTIVE,2022-11-15,2027-11-14,80000000.0,37.4,True
2544,2825,CARD0000002544,CREDIT_STANDARD,ACTIVE,2024-12-23,2029-12-22,120000000.0,45.55,True
2545,2829,CARD0000002545,CREDIT_PLATINUM,ACTIVE,2024-10-23,2029-10-22,300000000.0,28.17,True
2546,2832,CARD0000002546,DEBIT,EXPIRED,2021-03-31,2026-03-30,0.0,0.0,True
2547,2833,CARD0000002547,CREDIT_GOLD,ACTIVE,2025-10-26,2030-10-25,30000000.0,36.74,True
2548,2833,CARD0000002548,DEBIT,ACTIVE,2024-03-26,2029-03-25,0.0,0.0,True
2549,2835,CARD0000002549,DEBIT,ACTIVE,2022-08-17,2027-08-16,0.0,0.0,True
2550,2835,CARD0000002550,DEBIT,EXPIRED,2021-04-09,2026-04-08,0.0,0.0,True
2551,2838,CARD0000002551,CREDIT_GOLD,ACTIVE,2024-01-27,2029-01-25,200000000.0,31.86,True
2552,2838,CARD0000002552,CREDIT_PLATINUM,BLOCKED,2025-03-04,2030-03-03,300000000.0,28.54,True
2553,2839,CARD0000002553,CREDIT_STANDARD,ACTIVE,2023-05-12,2028-05-10,300000000.0,32.11,True
2554,2840,CARD0000002554,CREDIT_STANDARD,ACTIVE,2022-12-12,2027-12-11,80000000.0,18.51,False
2555,2840,CARD0000002555,DEBIT,ACTIVE,2023-08-13,2028-08-11,0.0,0.0,True
2556,2841,CARD0000002556,DEBIT,ACTIVE,2023-01-28,2028-01-27,0.0,0.0,True
2557,2842,CARD0000002557,CREDIT_PLATINUM,ACTIVE,2025-11-30,2030-11-29,80000000.0,64.35,True
2558,2844,CARD0000002558,CREDIT_STANDARD,ACTIVE,2023-11-24,2028-11-22,200000000.0,12.19,True
2559,2845,CARD0000002559,CREDIT_GOLD,ACTIVE,2023-10-07,2028-10-05,120000000.0,20.61,True
2560,2846,CARD0000002560,DEBIT,EXPIRED,2021-05-30,2026-05-29,0.0,0.0,True
2561,2847,CARD0000002561,CREDIT_PLATINUM,ACTIVE,2023-11-09,2028-11-07,20000000.0,29.85,True
2562,2848,CARD0000002562,CREDIT_GOLD,ACTIVE,2022-02-12,2027-02-11,300000000.0,54.88,True
2563,2848,CARD0000002563,CREDIT_STANDARD,ACTIVE,2024-03-21,2029-03-20,200000000.0,82.82,True
2564,2851,CARD0000002564,DEBIT,ACTIVE,2025-04-27,2030-04-26,0.0,0.0,True
2565,2851,CARD0000002565,CREDIT_GOLD,ACTIVE,2022-11-08,2027-11-07,30000000.0,33.53,True
2566,2852,CARD0000002566,CREDIT_STANDARD,EXPIRED,2021-08-17,2026-08-16,80000000.0,24.02,True
2567,2852,CARD0000002567,CREDIT_PLATINUM,ACTIVE,2025-10-05,2030-10-04,50000000.0,61.44,True
2568,2853,CARD0000002568,DEBIT,ACTIVE,2023-07-25,2028-07-23,0.0,0.0,True
2569,2854,CARD0000002569,DEBIT,ACTIVE,2025-06-28,2030-06-27,0.0,0.0,True
2570,2855,CARD0000002570,DEBIT,ACTIVE,2024-08-24,2029-08-23,0.0,0.0,True
2571,2855,CARD0000002571,DEBIT,ACTIVE,2022-03-12,2027-03-11,0.0,0.0,True
2572,2856,CARD0000002572,CREDIT_GOLD,ACTIVE,2024-10-26,2029-10-25,80000000.0,66.54,True
2573,2856,CARD0000002573,DEBIT,ACTIVE,2025-11-29,2030-11-28,0.0,0.0,True
2574,2857,CARD0000002574,DEBIT,ACTIVE,2023-11-24,2028-11-22,0.0,0.0,True
2575,2858,CARD0000002575,CREDIT_STANDARD,ACTIVE,2026-05-21,2031-05-20,80000000.0,52.07,True
2576,2860,CARD0000002576,CREDIT_PLATINUM,ACTIVE,2026-01-06,2031-01-05,30000000.0,81.36,True
2577,2861,CARD0000002577,DEBIT,BLOCKED,2022-06-17,2027-06-16,0.0,0.0,True
2578,2861,CARD0000002578,DEBIT,ACTIVE,2026-01-30,2031-01-29,0.0,0.0,True
2579,2862,CARD0000002579,DEBIT,ACTIVE,2026-05-07,2031-05-06,0.0,0.0,True
2580,2864,CARD0000002580,CREDIT_GOLD,ACTIVE,2021-12-14,2026-12-13,30000000.0,39.79,False
2581,2866,CARD0000002581,CREDIT_PLATINUM,EXPIRED,2021-06-26,2026-06-25,300000000.0,28.91,True
2582,2867,CARD0000002582,DEBIT,ACTIVE,2025-06-19,2030-06-18,0.0,0.0,True
2583,2868,CARD0000002583,CREDIT_PLATINUM,ACTIVE,2024-01-11,2029-01-09,30000000.0,45.63,True
2584,2870,CARD0000002584,DEBIT,ACTIVE,2024-10-11,2029-10-10,0.0,0.0,True
2585,2871,CARD0000002585,DEBIT,ACTIVE,2022-02-18,2027-02-17,0.0,0.0,True
2586,2871,CARD0000002586,DEBIT,ACTIVE,2025-04-12,2030-04-11,0.0,0.0,True
2587,2872,CARD0000002587,DEBIT,ACTIVE,2022-07-21,2027-07-20,0.0,0.0,True
2588,2873,CARD0000002588,CREDIT_GOLD,ACTIVE,2024-02-23,2029-02-21,300000000.0,43.77,True
2589,2875,CARD0000002589,DEBIT,ACTIVE,2022-10-15,2027-10-14,0.0,0.0,True
2590,2876,CARD0000002590,CREDIT_STANDARD,ACTIVE,2023-06-02,2028-05-31,300000000.0,20.42,False
2591,2877,CARD0000002591,CREDIT_GOLD,ACTIVE,2024-08-07,2029-08-06,300000000.0,23.04,True
2592,2878,CARD0000002592,CREDIT_GOLD,ACTIVE,2025-02-25,2030-02-24,120000000.0,17.69,True
2593,2879,CARD0000002593,DEBIT,ACTIVE,2022-03-19,2027-03-18,0.0,0.0,True
2594,2879,CARD0000002594,DEBIT,ACTIVE,2023-01-15,2028-01-14,0.0,0.0,True
2595,2880,CARD0000002595,DEBIT,EXPIRED,2021-07-30,2026-07-29,0.0,0.0,True
2596,2881,CARD0000002596,CREDIT_GOLD,ACTIVE,2022-06-03,2027-06-02,300000000.0,5.87,True
2597,2882,CARD0000002597,CREDIT_GOLD,ACTIVE,2024-10-20,2029-10-19,120000000.0,22.41,True
2598,2883,CARD0000002598,DEBIT,ACTIVE,2021-10-25,2026-10-24,0.0,0.0,True
2599,2883,CARD0000002599,DEBIT,ACTIVE,2022-06-13,2027-06-12,0.0,0.0,True
2600,2885,CARD0000002600,DEBIT,ACTIVE,2022-09-16,2027-09-15,0.0,0.0,True
2601,2886,CARD0000002601,CREDIT_PLATINUM,EXPIRED,2021-04-22,2026-04-21,300000000.0,12.21,True
2602,2887,CARD0000002602,CREDIT_GOLD,ACTIVE,2024-08-16,2029-08-15,120000000.0,60.65,True
2603,2888,CARD0000002603,DEBIT,ACTIVE,2026-03-15,2031-03-14,0.0,0.0,True
2604,2888,CARD0000002604,CREDIT_PLATINUM,ACTIVE,2022-11-04,2027-11-03,30000000.0,59.66,True
2605,2890,CARD0000002605,CREDIT_STANDARD,ACTIVE,2025-12-24,2030-12-23,120000000.0,44.99,True
2606,2891,CARD0000002606,CREDIT_PLATINUM,ACTIVE,2026-01-10,2031-01-09,30000000.0,21.16,True
2607,2892,CARD0000002607,CREDIT_STANDARD,ACTIVE,2022-02-14,2027-02-13,80000000.0,69.49,True
2608,2892,CARD0000002608,CREDIT_STANDARD,ACTIVE,2021-09-22,2026-09-21,300000000.0,51.84,True
2609,2894,CARD0000002609,DEBIT,ACTIVE,2023-12-25,2028-12-23,0.0,0.0,True
2610,2895,CARD0000002610,DEBIT,ACTIVE,2023-05-16,2028-05-14,0.0,0.0,True
2611,2895,CARD0000002611,DEBIT,ACTIVE,2024-03-11,2029-03-10,0.0,0.0,True
2612,2896,CARD0000002612,CREDIT_STANDARD,ACTIVE,2023-02-17,2028-02-16,50000000.0,32.58,True
2613,2896,CARD0000002613,CREDIT_PLATINUM,EXPIRED,2021-03-24,2026-03-23,30000000.0,41.68,True
2614,2897,CARD0000002614,DEBIT,ACTIVE,2026-01-28,2031-01-27,0.0,0.0,True
2615,2898,CARD0000002615,CREDIT_GOLD,ACTIVE,2024-06-23,2029-06-22,30000000.0,13.32,True
2616,2899,CARD0000002616,CREDIT_GOLD,ACTIVE,2022-02-13,2027-02-12,120000000.0,29.15,True
2617,2900,CARD0000002617,DEBIT,EXPIRED,2021-04-24,2026-04-23,0.0,0.0,True
2618,2900,CARD0000002618,DEBIT,EXPIRED,2021-08-15,2026-08-14,0.0,0.0,True
2619,2904,CARD0000002619,CREDIT_PLATINUM,ACTIVE,2022-01-06,2027-01-05,80000000.0,79.9,True
2620,2905,CARD0000002620,CREDIT_GOLD,ACTIVE,2024-06-17,2029-06-16,50000000.0,51.88,True
2621,2906,CARD0000002621,CREDIT_PLATINUM,ACTIVE,2024-12-03,2029-12-02,120000000.0,6.72,True
2622,2907,CARD0000002622,DEBIT,ACTIVE,2023-01-26,2028-01-25,0.0,0.0,True
2623,2908,CARD0000002623,CREDIT_PLATINUM,ACTIVE,2025-02-03,2030-02-02,20000000.0,67.86,True
2624,2909,CARD0000002624,CREDIT_GOLD,ACTIVE,2025-07-03,2030-07-02,20000000.0,38.23,True
2625,2910,CARD0000002625,DEBIT,ACTIVE,2023-09-15,2028-09-13,0.0,0.0,True
2626,2911,CARD0000002626,CREDIT_GOLD,ACTIVE,2022-04-05,2027-04-04,200000000.0,9.87,True
2627,2912,CARD0000002627,CREDIT_PLATINUM,ACTIVE,2024-05-06,2029-05-05,200000000.0,25.42,True
2628,2913,CARD0000002628,CREDIT_GOLD,ACTIVE,2023-03-10,2028-03-08,300000000.0,15.33,False
2629,2914,CARD0000002629,CREDIT_STANDARD,ACTIVE,2024-12-31,2029-12-30,80000000.0,3.85,True
2630,2915,CARD0000002630,CREDIT_STANDARD,ACTIVE,2022-02-12,2027-02-11,300000000.0,34.5,True
2631,2917,CARD0000002631,DEBIT,EXPIRED,2021-06-21,2026-06-20,0.0,0.0,True
2632,2918,CARD0000002632,CREDIT_STANDARD,ACTIVE,2022-06-11,2027-06-10,120000000.0,58.76,True
2633,2919,CARD0000002633,DEBIT,ACTIVE,2025-03-11,2030-03-10,0.0,0.0,True
2634,2921,CARD0000002634,DEBIT,ACTIVE,2025-09-02,2030-09-01,0.0,0.0,True
2635,2921,CARD0000002635,DEBIT,ACTIVE,2023-08-19,2028-08-17,0.0,0.0,True
2636,2922,CARD0000002636,DEBIT,ACTIVE,2023-10-09,2028-10-07,0.0,0.0,True
2637,2923,CARD0000002637,CREDIT_STANDARD,ACTIVE,2025-09-05,2030-09-04,20000000.0,13.99,True
2638,2924,CARD0000002638,CREDIT_STANDARD,ACTIVE,2023-04-01,2028-03-30,30000000.0,4.92,True
2639,2925,CARD0000002639,CREDIT_GOLD,ACTIVE,2023-08-31,2028-08-29,30000000.0,68.74,True
2640,2926,CARD0000002640,DEBIT,ACTIVE,2022-01-13,2027-01-12,0.0,0.0,True
2641,2927,CARD0000002641,CREDIT_PLATINUM,ACTIVE,2024-10-24,2029-10-23,20000000.0,1.13,True
2642,2928,CARD0000002642,DEBIT,ACTIVE,2022-12-14,2027-12-13,0.0,0.0,True
2643,2928,CARD0000002643,CREDIT_GOLD,ACTIVE,2022-07-09,2027-07-08,30000000.0,22.73,True
2644,2929,CARD0000002644,DEBIT,ACTIVE,2024-04-26,2029-04-25,0.0,0.0,True
2645,2929,CARD0000002645,CREDIT_GOLD,ACTIVE,2024-11-17,2029-11-16,300000000.0,44.35,True
2646,2931,CARD0000002646,DEBIT,ACTIVE,2024-01-11,2029-01-09,0.0,0.0,True
2647,2931,CARD0000002647,DEBIT,ACTIVE,2023-03-06,2028-03-04,0.0,0.0,True
2648,2932,CARD0000002648,CREDIT_STANDARD,EXPIRED,2021-05-13,2026-05-12,300000000.0,26.87,True
2649,2933,CARD0000002649,DEBIT,ACTIVE,2023-09-27,2028-09-25,0.0,0.0,True
2650,2934,CARD0000002650,CREDIT_STANDARD,EXPIRED,2021-05-16,2026-05-15,300000000.0,53.45,True
2651,2934,CARD0000002651,DEBIT,ACTIVE,2025-12-12,2030-12-11,0.0,0.0,True
2652,2935,CARD0000002652,DEBIT,ACTIVE,2025-12-29,2030-12-28,0.0,0.0,True
2653,2936,CARD0000002653,CREDIT_STANDARD,BLOCKED,2024-08-06,2029-08-05,300000000.0,68.0,False
2654,2938,CARD0000002654,CREDIT_GOLD,BLOCKED,2022-11-22,2027-11-21,50000000.0,79.04,True
2655,2938,CARD0000002655,CREDIT_PLATINUM,BLOCKED,2023-03-20,2028-03-18,20000000.0,57.11,False
2656,2940,CARD0000002656,CREDIT_GOLD,ACTIVE,2022-10-29,2027-10-28,30000000.0,42.62,True
2657,2941,CARD0000002657,DEBIT,ACTIVE,2026-06-07,2031-06-06,0.0,0.0,True
2658,2942,CARD0000002658,CREDIT_GOLD,ACTIVE,2024-05-06,2029-05-05,80000000.0,13.61,True
2659,2945,CARD0000002659,CREDIT_PLATINUM,ACTIVE,2024-12-16,2029-12-15,80000000.0,34.31,True
2660,2946,CARD0000002660,DEBIT,ACTIVE,2024-10-14,2029-10-13,0.0,0.0,True
2661,2947,CARD0000002661,DEBIT,ACTIVE,2025-10-27,2030-10-26,0.0,0.0,True
2662,2949,CARD0000002662,DEBIT,ACTIVE,2022-07-16,2027-07-15,0.0,0.0,True
2663,2952,CARD0000002663,DEBIT,ACTIVE,2022-01-24,2027-01-23,0.0,0.0,True
2664,2954,CARD0000002664,DEBIT,EXPIRED,2021-03-29,2026-03-28,0.0,0.0,True
2665,2954,CARD0000002665,DEBIT,ACTIVE,2023-03-25,2028-03-23,0.0,0.0,True
2666,2957,CARD0000002666,CREDIT_PLATINUM,ACTIVE,2025-10-10,2030-10-09,300000000.0,16.14,True
2667,2957,CARD0000002667,DEBIT,ACTIVE,2021-12-10,2026-12-09,0.0,0.0,True
2668,2960,CARD0000002668,DEBIT,ACTIVE,2022-11-18,2027-11-17,0.0,0.0,True
2669,2960,CARD0000002669,DEBIT,EXPIRED,2021-06-16,2026-06-15,0.0,0.0,True
2670,2964,CARD0000002670,CREDIT_GOLD,BLOCKED,2025-05-04,2030-05-03,30000000.0,61.02,True
2671,2966,CARD0000002671,CREDIT_STANDARD,EXPIRED,2021-08-03,2026-08-02,300000000.0,64.8,False
2672,2967,CARD0000002672,DEBIT,ACTIVE,2024-06-29,2029-06-28,0.0,0.0,True
2673,2968,CARD0000002673,DEBIT,ACTIVE,2022-04-20,2027-04-19,0.0,0.0,True
2674,2969,CARD0000002674,DEBIT,ACTIVE,2023-07-11,2028-07-09,0.0,0.0,True
2675,2969,CARD0000002675,DEBIT,EXPIRED,2021-04-01,2026-03-31,0.0,0.0,True
2676,2971,CARD0000002676,DEBIT,ACTIVE,2025-04-08,2030-04-07,0.0,0.0,True
2677,2973,CARD0000002677,CREDIT_STANDARD,ACTIVE,2026-03-03,2031-03-02,200000000.0,54.14,True
2678,2973,CARD0000002678,CREDIT_PLATINUM,ACTIVE,2025-07-10,2030-07-09,80000000.0,40.94,False
2679,2974,CARD0000002679,CREDIT_STANDARD,ACTIVE,2025-01-10,2030-01-09,30000000.0,22.92,True
2680,2975,CARD0000002680,CREDIT_GOLD,EXPIRED,2021-03-17,2026-03-16,30000000.0,16.37,True
2681,2977,CARD0000002681,DEBIT,ACTIVE,2022-06-24,2027-06-23,0.0,0.0,True
2682,2979,CARD0000002682,DEBIT,ACTIVE,2024-09-20,2029-09-19,0.0,0.0,True
2683,2981,CARD0000002683,CREDIT_PLATINUM,ACTIVE,2025-10-13,2030-10-12,200000000.0,33.85,True
2684,2983,CARD0000002684,CREDIT_PLATINUM,ACTIVE,2021-09-26,2026-09-25,50000000.0,22.98,True
2685,2984,CARD0000002685,DEBIT,ACTIVE,2025-02-28,2030-02-27,0.0,0.0,True
2686,2984,CARD0000002686,CREDIT_GOLD,ACTIVE,2025-12-20,2030-12-19,120000000.0,57.73,True
2687,2985,CARD0000002687,CREDIT_GOLD,ACTIVE,2021-08-30,2026-08-29,80000000.0,56.5,True
2688,2990,CARD0000002688,CREDIT_GOLD,ACTIVE,2025-09-13,2030-09-12,200000000.0,65.97,True
2689,2993,CARD0000002689,CREDIT_GOLD,ACTIVE,2026-02-23,2031-02-22,20000000.0,25.0,True
2690,2994,CARD0000002690,DEBIT,ACTIVE,2024-02-05,2029-02-03,0.0,0.0,True
2691,2995,CARD0000002691,CREDIT_STANDARD,ACTIVE,2022-08-02,2027-08-01,50000000.0,16.6,True
2692,2995,CARD0000002692,CREDIT_GOLD,ACTIVE,2024-12-08,2029-12-07,120000000.0,67.64,True
2693,2997,CARD0000002693,DEBIT,EXPIRED,2021-04-14,2026-04-13,0.0,0.0,True
2694,2998,CARD0000002694,DEBIT,ACTIVE,2025-09-29,2030-09-28,0.0,0.0,True
2695,2999,CARD0000002695,DEBIT,ACTIVE,2021-10-17,2026-10-16,0.0,0.0,True
2696,3000,CARD0000002696,CREDIT_STANDARD,ACTIVE,2024-10-12,2029-10-11,80000000.0,63.19,True
2697,3001,CARD0000002697,CREDIT_GOLD,ACTIVE,2022-11-16,2027-11-15,80000000.0,44.68,True
2698,3001,CARD0000002698,CREDIT_GOLD,ACTIVE,2025-12-07,2030-12-06,300000000.0,66.62,True
2699,3002,CARD0000002699,CREDIT_GOLD,ACTIVE,2023-06-28,2028-06-26,50000000.0,32.84,True
2700,3003,CARD0000002700,CREDIT_GOLD,ACTIVE,2023-06-22,2028-06-20,80000000.0,23.81,True
2701,3004,CARD0000002701,CREDIT_STANDARD,ACTIVE,2023-06-30,2028-06-28,200000000.0,7.88,True
2702,3004,CARD0000002702,DEBIT,EXPIRED,2021-04-14,2026-04-13,0.0,0.0,True
2703,3005,CARD0000002703,CREDIT_STANDARD,ACTIVE,2026-04-23,2031-04-22,20000000.0,45.27,False
2704,3006,CARD0000002704,DEBIT,ACTIVE,2026-05-16,2031-05-15,0.0,0.0,True
2705,3006,CARD0000002705,CREDIT_STANDARD,BLOCKED,2025-06-03,2030-06-02,20000000.0,70.82,True
2706,3007,CARD0000002706,CREDIT_GOLD,ACTIVE,2024-01-19,2029-01-17,200000000.0,31.0,True
2707,3008,CARD0000002707,CREDIT_PLATINUM,ACTIVE,2025-09-20,2030-09-19,30000000.0,34.3,True
2708,3009,CARD0000002708,CREDIT_GOLD,EXPIRED,2021-03-28,2026-03-27,300000000.0,15.88,True
2709,3010,CARD0000002709,DEBIT,ACTIVE,2023-03-01,2028-02-28,0.0,0.0,True
2710,3016,CARD0000002710,CREDIT_STANDARD,ACTIVE,2025-05-18,2030-05-17,200000000.0,8.79,True
2711,3017,CARD0000002711,CREDIT_GOLD,ACTIVE,2023-10-25,2028-10-23,80000000.0,24.12,True
2712,3018,CARD0000002712,DEBIT,ACTIVE,2025-07-17,2030-07-16,0.0,0.0,True
2713,3020,CARD0000002713,DEBIT,ACTIVE,2022-07-17,2027-07-16,0.0,0.0,True
2714,3021,CARD0000002714,DEBIT,ACTIVE,2025-10-23,2030-10-22,0.0,0.0,True
2715,3022,CARD0000002715,DEBIT,ACTIVE,2024-02-19,2029-02-17,0.0,0.0,True
2716,3025,CARD0000002716,CREDIT_PLATINUM,ACTIVE,2024-01-23,2029-01-21,120000000.0,48.49,True
2717,3025,CARD0000002717,DEBIT,ACTIVE,2023-08-11,2028-08-09,0.0,0.0,True
2718,3026,CARD0000002718,CREDIT_STANDARD,ACTIVE,2024-11-14,2029-11-13,30000000.0,33.08,True
2719,3026,CARD0000002719,CREDIT_STANDARD,ACTIVE,2024-01-07,2029-01-05,120000000.0,23.96,True
2720,3030,CARD0000002720,DEBIT,ACTIVE,2025-01-03,2030-01-02,0.0,0.0,True
2721,3031,CARD0000002721,CREDIT_PLATINUM,ACTIVE,2023-08-02,2028-07-31,30000000.0,33.85,True
2722,3032,CARD0000002722,DEBIT,ACTIVE,2026-06-12,2031-06-11,0.0,0.0,True
2723,3035,CARD0000002723,DEBIT,ACTIVE,2021-09-15,2026-09-14,0.0,0.0,True
2724,3035,CARD0000002724,CREDIT_STANDARD,ACTIVE,2024-09-29,2029-09-28,300000000.0,82.81,True
2725,3036,CARD0000002725,CREDIT_PLATINUM,ACTIVE,2021-11-30,2026-11-29,50000000.0,2.18,True
2726,3037,CARD0000002726,DEBIT,ACTIVE,2025-03-02,2030-03-01,0.0,0.0,True
2727,3038,CARD0000002727,CREDIT_PLATINUM,ACTIVE,2023-07-14,2028-07-12,30000000.0,55.61,True
2728,3038,CARD0000002728,DEBIT,ACTIVE,2023-06-29,2028-06-27,0.0,0.0,True
2729,3039,CARD0000002729,CREDIT_GOLD,ACTIVE,2025-08-01,2030-07-31,50000000.0,6.71,True
2730,3040,CARD0000002730,CREDIT_STANDARD,BLOCKED,2025-07-17,2030-07-16,300000000.0,47.3,True
2731,3041,CARD0000002731,DEBIT,ACTIVE,2023-11-19,2028-11-17,0.0,0.0,True
2732,3043,CARD0000002732,CREDIT_GOLD,ACTIVE,2023-02-14,2028-02-13,80000000.0,17.2,True
2733,3045,CARD0000002733,DEBIT,BLOCKED,2022-10-10,2027-10-09,0.0,0.0,True
2734,3047,CARD0000002734,CREDIT_PLATINUM,BLOCKED,2026-02-17,2031-02-16,200000000.0,58.49,True
2735,3047,CARD0000002735,DEBIT,ACTIVE,2021-09-27,2026-09-26,0.0,0.0,True
2736,3048,CARD0000002736,DEBIT,ACTIVE,2023-02-06,2028-02-05,0.0,0.0,True
2737,3048,CARD0000002737,DEBIT,ACTIVE,2025-04-19,2030-04-18,0.0,0.0,True
2738,3049,CARD0000002738,CREDIT_STANDARD,BLOCKED,2025-08-23,2030-08-22,120000000.0,32.73,True
2739,3050,CARD0000002739,CREDIT_STANDARD,ACTIVE,2022-09-01,2027-08-31,200000000.0,20.12,True
2740,3052,CARD0000002740,CREDIT_STANDARD,ACTIVE,2026-02-15,2031-02-14,30000000.0,53.33,True
2741,3052,CARD0000002741,DEBIT,ACTIVE,2024-05-19,2029-05-18,0.0,0.0,True
2742,3054,CARD0000002742,DEBIT,ACTIVE,2025-06-28,2030-06-27,0.0,0.0,True
2743,3054,CARD0000002743,DEBIT,ACTIVE,2021-09-03,2026-09-02,0.0,0.0,True
2744,3056,CARD0000002744,DEBIT,ACTIVE,2024-07-18,2029-07-17,0.0,0.0,True
2745,3057,CARD0000002745,DEBIT,ACTIVE,2026-06-06,2031-06-05,0.0,0.0,True
2746,3059,CARD0000002746,DEBIT,ACTIVE,2022-07-06,2027-07-05,0.0,0.0,True
2747,3062,CARD0000002747,CREDIT_GOLD,EXPIRED,2021-05-12,2026-05-11,80000000.0,33.82,True
2748,3064,CARD0000002748,CREDIT_STANDARD,EXPIRED,2021-06-19,2026-06-18,200000000.0,47.97,True
2749,3064,CARD0000002749,CREDIT_PLATINUM,ACTIVE,2025-06-05,2030-06-04,20000000.0,19.18,True
2750,3065,CARD0000002750,CREDIT_GOLD,EXPIRED,2021-07-05,2026-07-04,300000000.0,82.15,True
2751,3066,CARD0000002751,DEBIT,ACTIVE,2025-04-29,2030-04-28,0.0,0.0,True
2752,3066,CARD0000002752,CREDIT_STANDARD,ACTIVE,2024-02-11,2029-02-09,300000000.0,60.41,True
2753,3069,CARD0000002753,DEBIT,ACTIVE,2022-11-01,2027-10-31,0.0,0.0,True
2754,3070,CARD0000002754,CREDIT_PLATINUM,ACTIVE,2026-03-27,2031-03-26,80000000.0,47.45,True
2755,3070,CARD0000002755,CREDIT_STANDARD,ACTIVE,2023-05-30,2028-05-28,300000000.0,15.38,True
2756,3071,CARD0000002756,CREDIT_STANDARD,ACTIVE,2024-08-27,2029-08-26,30000000.0,50.91,True
2757,3073,CARD0000002757,DEBIT,ACTIVE,2025-04-21,2030-04-20,0.0,0.0,True
2758,3074,CARD0000002758,CREDIT_STANDARD,EXPIRED,2021-06-21,2026-06-20,200000000.0,9.96,True
2759,3074,CARD0000002759,DEBIT,ACTIVE,2022-04-14,2027-04-13,0.0,0.0,True
2760,3075,CARD0000002760,DEBIT,EXPIRED,2021-05-21,2026-05-20,0.0,0.0,True
2761,3076,CARD0000002761,CREDIT_PLATINUM,ACTIVE,2022-06-01,2027-05-31,30000000.0,78.91,True
2762,3077,CARD0000002762,DEBIT,ACTIVE,2024-09-09,2029-09-08,0.0,0.0,True
2763,3077,CARD0000002763,DEBIT,EXPIRED,2021-07-24,2026-07-23,0.0,0.0,True
2764,3078,CARD0000002764,CREDIT_GOLD,ACTIVE,2023-07-17,2028-07-15,50000000.0,31.27,True
2765,3079,CARD0000002765,DEBIT,ACTIVE,2021-10-02,2026-10-01,0.0,0.0,True
2766,3082,CARD0000002766,CREDIT_PLATINUM,ACTIVE,2022-10-19,2027-10-18,120000000.0,41.36,True
2767,3082,CARD0000002767,DEBIT,ACTIVE,2023-11-04,2028-11-02,0.0,0.0,True
2768,3083,CARD0000002768,DEBIT,ACTIVE,2023-12-07,2028-12-05,0.0,0.0,True
2769,3085,CARD0000002769,DEBIT,ACTIVE,2024-12-16,2029-12-15,0.0,0.0,True
2770,3086,CARD0000002770,DEBIT,ACTIVE,2023-01-27,2028-01-26,0.0,0.0,True
2771,3087,CARD0000002771,DEBIT,ACTIVE,2023-04-05,2028-04-03,0.0,0.0,True
2772,3087,CARD0000002772,CREDIT_STANDARD,ACTIVE,2022-06-11,2027-06-10,30000000.0,13.72,True
2773,3088,CARD0000002773,DEBIT,ACTIVE,2025-10-14,2030-10-13,0.0,0.0,True
2774,3088,CARD0000002774,DEBIT,ACTIVE,2025-04-20,2030-04-19,0.0,0.0,True
2775,3089,CARD0000002775,DEBIT,ACTIVE,2025-03-13,2030-03-12,0.0,0.0,True
2776,3090,CARD0000002776,DEBIT,ACTIVE,2023-12-28,2028-12-26,0.0,0.0,True
2777,3091,CARD0000002777,CREDIT_STANDARD,ACTIVE,2024-01-23,2029-01-21,20000000.0,82.38,True
2778,3092,CARD0000002778,CREDIT_STANDARD,EXPIRED,2021-08-25,2026-08-24,50000000.0,41.91,True
2779,3092,CARD0000002779,CREDIT_STANDARD,ACTIVE,2024-10-16,2029-10-15,20000000.0,67.57,True
2780,3095,CARD0000002780,DEBIT,EXPIRED,2021-03-15,2026-03-14,0.0,0.0,True
2781,3095,CARD0000002781,DEBIT,BLOCKED,2025-06-24,2030-06-23,0.0,0.0,True
2782,3096,CARD0000002782,CREDIT_GOLD,ACTIVE,2026-05-03,2031-05-02,50000000.0,73.36,True
2783,3097,CARD0000002783,DEBIT,EXPIRED,2021-06-02,2026-06-01,0.0,0.0,True
2784,3098,CARD0000002784,DEBIT,ACTIVE,2022-04-11,2027-04-10,0.0,0.0,True
2785,3098,CARD0000002785,CREDIT_GOLD,ACTIVE,2023-11-28,2028-11-26,80000000.0,81.97,True
2786,3099,CARD0000002786,CREDIT_STANDARD,BLOCKED,2025-01-24,2030-01-23,200000000.0,9.45,True
2787,3101,CARD0000002787,CREDIT_PLATINUM,ACTIVE,2021-12-21,2026-12-20,80000000.0,56.74,True
2788,3102,CARD0000002788,DEBIT,ACTIVE,2025-04-17,2030-04-16,0.0,0.0,True
2789,3104,CARD0000002789,DEBIT,ACTIVE,2022-07-27,2027-07-26,0.0,0.0,True
2790,3105,CARD0000002790,CREDIT_STANDARD,ACTIVE,2024-11-05,2029-11-04,80000000.0,8.98,True
2791,3108,CARD0000002791,DEBIT,ACTIVE,2022-10-04,2027-10-03,0.0,0.0,True
2792,3108,CARD0000002792,DEBIT,ACTIVE,2023-03-17,2028-03-15,0.0,0.0,True
2793,3110,CARD0000002793,DEBIT,ACTIVE,2024-12-16,2029-12-15,0.0,0.0,True
2794,3114,CARD0000002794,CREDIT_STANDARD,ACTIVE,2024-07-02,2029-07-01,20000000.0,3.86,True
2795,3115,CARD0000002795,CREDIT_STANDARD,ACTIVE,2021-09-12,2026-09-11,50000000.0,29.81,True
2796,3116,CARD0000002796,DEBIT,ACTIVE,2026-01-31,2031-01-30,0.0,0.0,True
2797,3119,CARD0000002797,CREDIT_GOLD,ACTIVE,2021-10-05,2026-10-04,30000000.0,25.16,True
2798,3120,CARD0000002798,CREDIT_GOLD,ACTIVE,2021-09-25,2026-09-24,80000000.0,8.45,True
2799,3121,CARD0000002799,CREDIT_STANDARD,ACTIVE,2022-12-11,2027-12-10,30000000.0,14.24,True
2800,3122,CARD0000002800,DEBIT,ACTIVE,2025-02-02,2030-02-01,0.0,0.0,True
2801,3123,CARD0000002801,CREDIT_PLATINUM,BLOCKED,2025-03-05,2030-03-04,50000000.0,29.46,True
2802,3125,CARD0000002802,CREDIT_STANDARD,ACTIVE,2022-08-13,2027-08-12,200000000.0,29.64,True
2803,3127,CARD0000002803,CREDIT_PLATINUM,ACTIVE,2025-10-20,2030-10-19,200000000.0,73.9,True
2804,3128,CARD0000002804,CREDIT_STANDARD,ACTIVE,2025-03-17,2030-03-16,20000000.0,40.11,True
2805,3128,CARD0000002805,CREDIT_GOLD,ACTIVE,2025-08-01,2030-07-31,80000000.0,20.58,True
2806,3130,CARD0000002806,DEBIT,ACTIVE,2025-07-05,2030-07-04,0.0,0.0,True
2807,3132,CARD0000002807,DEBIT,EXPIRED,2021-06-19,2026-06-18,0.0,0.0,True
2808,3132,CARD0000002808,CREDIT_PLATINUM,ACTIVE,2024-04-04,2029-04-03,50000000.0,75.21,True
2809,3133,CARD0000002809,CREDIT_GOLD,ACTIVE,2023-10-14,2028-10-12,30000000.0,35.53,True
2810,3134,CARD0000002810,CREDIT_GOLD,ACTIVE,2026-06-09,2031-06-08,200000000.0,77.81,False
2811,3134,CARD0000002811,DEBIT,ACTIVE,2022-02-13,2027-02-12,0.0,0.0,True
2812,3135,CARD0000002812,CREDIT_PLATINUM,EXPIRED,2021-08-15,2026-08-14,120000000.0,0.96,False
2813,3138,CARD0000002813,CREDIT_PLATINUM,ACTIVE,2024-05-02,2029-05-01,120000000.0,25.44,True
2814,3139,CARD0000002814,DEBIT,ACTIVE,2023-11-24,2028-11-22,0.0,0.0,True
2815,3141,CARD0000002815,CREDIT_GOLD,EXPIRED,2021-07-26,2026-07-25,50000000.0,29.95,True
2816,3142,CARD0000002816,CREDIT_STANDARD,ACTIVE,2022-11-20,2027-11-19,120000000.0,8.33,True
2817,3142,CARD0000002817,CREDIT_STANDARD,ACTIVE,2022-08-28,2027-08-27,80000000.0,5.4,True
2818,3144,CARD0000002818,CREDIT_GOLD,EXPIRED,2021-08-13,2026-08-12,300000000.0,75.92,True
2819,3145,CARD0000002819,CREDIT_PLATINUM,ACTIVE,2024-02-14,2029-02-12,30000000.0,22.94,True
2820,3147,CARD0000002820,DEBIT,ACTIVE,2022-07-27,2027-07-26,0.0,0.0,True
2821,3148,CARD0000002821,DEBIT,ACTIVE,2021-11-29,2026-11-28,0.0,0.0,True
2822,3149,CARD0000002822,CREDIT_STANDARD,ACTIVE,2025-01-30,2030-01-29,20000000.0,80.56,True
2823,3149,CARD0000002823,DEBIT,BLOCKED,2025-04-20,2030-04-19,0.0,0.0,True
2824,3151,CARD0000002824,CREDIT_PLATINUM,EXPIRED,2021-08-08,2026-08-07,300000000.0,15.42,True
2825,3152,CARD0000002825,CREDIT_PLATINUM,ACTIVE,2023-09-17,2028-09-15,80000000.0,83.11,True
2826,3154,CARD0000002826,CREDIT_PLATINUM,ACTIVE,2022-01-09,2027-01-08,300000000.0,57.43,False
2827,3156,CARD0000002827,DEBIT,ACTIVE,2021-10-24,2026-10-23,0.0,0.0,True
2828,3157,CARD0000002828,CREDIT_STANDARD,ACTIVE,2023-05-27,2028-05-25,80000000.0,52.74,True
2829,3158,CARD0000002829,CREDIT_STANDARD,ACTIVE,2025-03-30,2030-03-29,200000000.0,41.94,True
2830,3159,CARD0000002830,DEBIT,BLOCKED,2021-11-28,2026-11-27,0.0,0.0,True
2831,3160,CARD0000002831,DEBIT,ACTIVE,2024-11-11,2029-11-10,0.0,0.0,True
2832,3162,CARD0000002832,DEBIT,ACTIVE,2023-08-13,2028-08-11,0.0,0.0,True
2833,3162,CARD0000002833,CREDIT_GOLD,EXPIRED,2021-04-30,2026-04-29,30000000.0,72.24,True
2834,3164,CARD0000002834,DEBIT,ACTIVE,2024-04-21,2029-04-20,0.0,0.0,True
2835,3164,CARD0000002835,CREDIT_STANDARD,ACTIVE,2024-12-22,2029-12-21,200000000.0,5.24,True
2836,3165,CARD0000002836,DEBIT,ACTIVE,2025-02-14,2030-02-13,0.0,0.0,True
2837,3165,CARD0000002837,DEBIT,ACTIVE,2025-03-16,2030-03-15,0.0,0.0,True
2838,3166,CARD0000002838,DEBIT,ACTIVE,2025-05-06,2030-05-05,0.0,0.0,True
2839,3166,CARD0000002839,CREDIT_STANDARD,ACTIVE,2023-09-11,2028-09-09,200000000.0,4.04,True
2840,3167,CARD0000002840,CREDIT_PLATINUM,ACTIVE,2024-03-15,2029-03-14,200000000.0,40.33,True
2841,3169,CARD0000002841,CREDIT_STANDARD,ACTIVE,2025-09-03,2030-09-02,300000000.0,53.09,False
2842,3170,CARD0000002842,DEBIT,ACTIVE,2022-12-15,2027-12-14,0.0,0.0,True
2843,3171,CARD0000002843,CREDIT_STANDARD,ACTIVE,2026-01-16,2031-01-15,120000000.0,36.37,True
2844,3172,CARD0000002844,CREDIT_PLATINUM,BLOCKED,2023-06-02,2028-05-31,20000000.0,9.91,True
2845,3173,CARD0000002845,CREDIT_STANDARD,ACTIVE,2022-09-29,2027-09-28,20000000.0,3.74,True
2846,3173,CARD0000002846,CREDIT_STANDARD,ACTIVE,2022-02-08,2027-02-07,80000000.0,0.81,True
2847,3174,CARD0000002847,CREDIT_GOLD,ACTIVE,2023-12-16,2028-12-14,30000000.0,59.82,True
2848,3175,CARD0000002848,DEBIT,ACTIVE,2024-05-14,2029-05-13,0.0,0.0,True
2849,3175,CARD0000002849,CREDIT_STANDARD,ACTIVE,2024-07-15,2029-07-14,120000000.0,8.13,True
2850,3178,CARD0000002850,CREDIT_STANDARD,ACTIVE,2021-09-19,2026-09-18,50000000.0,65.34,True
2851,3178,CARD0000002851,CREDIT_STANDARD,ACTIVE,2022-09-07,2027-09-06,30000000.0,17.87,True
2852,3179,CARD0000002852,CREDIT_GOLD,ACTIVE,2022-07-20,2027-07-19,300000000.0,65.87,True
2853,3180,CARD0000002853,CREDIT_STANDARD,EXPIRED,2021-04-13,2026-04-12,300000000.0,50.84,True
2854,3183,CARD0000002854,CREDIT_PLATINUM,ACTIVE,2025-08-18,2030-08-17,300000000.0,84.18,False
2855,3183,CARD0000002855,DEBIT,EXPIRED,2021-08-26,2026-08-25,0.0,0.0,True
2856,3184,CARD0000002856,CREDIT_GOLD,ACTIVE,2025-11-21,2030-11-20,50000000.0,34.89,False
2857,3186,CARD0000002857,DEBIT,ACTIVE,2026-04-13,2031-04-12,0.0,0.0,True
2858,3187,CARD0000002858,CREDIT_STANDARD,ACTIVE,2025-09-21,2030-09-20,80000000.0,8.43,True
2859,3188,CARD0000002859,CREDIT_GOLD,ACTIVE,2025-01-30,2030-01-29,20000000.0,59.73,True
2860,3191,CARD0000002860,CREDIT_GOLD,ACTIVE,2022-06-12,2027-06-11,80000000.0,10.83,True
2861,3191,CARD0000002861,CREDIT_GOLD,ACTIVE,2022-11-25,2027-11-24,20000000.0,32.63,True
2862,3192,CARD0000002862,CREDIT_GOLD,ACTIVE,2023-01-18,2028-01-17,80000000.0,69.19,True
2863,3193,CARD0000002863,DEBIT,ACTIVE,2024-06-19,2029-06-18,0.0,0.0,True
2864,3194,CARD0000002864,CREDIT_STANDARD,ACTIVE,2024-11-13,2029-11-12,20000000.0,3.0,True
2865,3194,CARD0000002865,CREDIT_GOLD,BLOCKED,2026-04-07,2031-04-06,30000000.0,6.41,True
2866,3195,CARD0000002866,DEBIT,ACTIVE,2024-03-26,2029-03-25,0.0,0.0,True
2867,3196,CARD0000002867,DEBIT,EXPIRED,2021-05-17,2026-05-16,0.0,0.0,True
2868,3197,CARD0000002868,DEBIT,ACTIVE,2023-04-04,2028-04-02,0.0,0.0,True
2869,3197,CARD0000002869,CREDIT_GOLD,ACTIVE,2026-03-15,2031-03-14,120000000.0,31.0,True
2870,3198,CARD0000002870,CREDIT_STANDARD,ACTIVE,2023-02-26,2028-02-25,200000000.0,57.89,True
2871,3199,CARD0000002871,DEBIT,ACTIVE,2024-06-30,2029-06-29,0.0,0.0,True
2872,3200,CARD0000002872,DEBIT,ACTIVE,2022-12-25,2027-12-24,0.0,0.0,True
2873,3201,CARD0000002873,DEBIT,ACTIVE,2024-02-08,2029-02-06,0.0,0.0,True
2874,3202,CARD0000002874,DEBIT,ACTIVE,2024-01-23,2029-01-21,0.0,0.0,True
2875,3202,CARD0000002875,DEBIT,EXPIRED,2021-06-30,2026-06-29,0.0,0.0,True
2876,3204,CARD0000002876,DEBIT,ACTIVE,2022-02-21,2027-02-20,0.0,0.0,True
2877,3206,CARD0000002877,DEBIT,ACTIVE,2026-01-06,2031-01-05,0.0,0.0,True
2878,3207,CARD0000002878,CREDIT_PLATINUM,ACTIVE,2025-06-19,2030-06-18,20000000.0,21.05,True
2879,3207,CARD0000002879,CREDIT_GOLD,ACTIVE,2022-07-15,2027-07-14,20000000.0,18.29,True
2880,3208,CARD0000002880,CREDIT_GOLD,ACTIVE,2025-03-01,2030-02-28,80000000.0,66.3,False
2881,3209,CARD0000002881,DEBIT,ACTIVE,2025-01-03,2030-01-02,0.0,0.0,True
2882,3211,CARD0000002882,CREDIT_PLATINUM,ACTIVE,2024-03-16,2029-03-15,300000000.0,41.57,True
2883,3212,CARD0000002883,CREDIT_STANDARD,EXPIRED,2021-05-10,2026-05-09,300000000.0,9.48,True
2884,3213,CARD0000002884,DEBIT,ACTIVE,2022-10-13,2027-10-12,0.0,0.0,True
2885,3213,CARD0000002885,DEBIT,ACTIVE,2022-07-09,2027-07-08,0.0,0.0,True
2886,3214,CARD0000002886,DEBIT,ACTIVE,2023-12-19,2028-12-17,0.0,0.0,True
2887,3217,CARD0000002887,DEBIT,ACTIVE,2021-09-28,2026-09-27,0.0,0.0,True
2888,3218,CARD0000002888,CREDIT_PLATINUM,ACTIVE,2022-01-26,2027-01-25,300000000.0,64.54,True
2889,3218,CARD0000002889,CREDIT_GOLD,ACTIVE,2026-03-01,2031-02-28,80000000.0,65.82,True
2890,3220,CARD0000002890,CREDIT_GOLD,ACTIVE,2025-10-20,2030-10-19,20000000.0,41.8,True
2891,3221,CARD0000002891,CREDIT_STANDARD,EXPIRED,2021-08-07,2026-08-06,30000000.0,22.85,True
2892,3221,CARD0000002892,DEBIT,ACTIVE,2023-03-11,2028-03-09,0.0,0.0,True
2893,3223,CARD0000002893,DEBIT,ACTIVE,2024-12-29,2029-12-28,0.0,0.0,True
2894,3225,CARD0000002894,CREDIT_GOLD,ACTIVE,2025-02-28,2030-02-27,300000000.0,75.71,True
2895,3229,CARD0000002895,DEBIT,ACTIVE,2022-09-12,2027-09-11,0.0,0.0,True
2896,3231,CARD0000002896,DEBIT,ACTIVE,2024-03-17,2029-03-16,0.0,0.0,True
2897,3231,CARD0000002897,CREDIT_GOLD,ACTIVE,2026-06-24,2031-06-23,200000000.0,44.52,True
2898,3232,CARD0000002898,CREDIT_GOLD,ACTIVE,2024-02-09,2029-02-07,120000000.0,72.79,True
2899,3234,CARD0000002899,CREDIT_PLATINUM,ACTIVE,2023-06-07,2028-06-05,120000000.0,49.92,True
2900,3236,CARD0000002900,DEBIT,ACTIVE,2021-12-10,2026-12-09,0.0,0.0,True
2901,3237,CARD0000002901,CREDIT_PLATINUM,ACTIVE,2024-08-10,2029-08-09,80000000.0,37.0,True
2902,3240,CARD0000002902,CREDIT_PLATINUM,ACTIVE,2022-01-08,2027-01-07,80000000.0,21.63,True
2903,3241,CARD0000002903,CREDIT_PLATINUM,ACTIVE,2024-06-22,2029-06-21,50000000.0,84.46,True
2904,3243,CARD0000002904,DEBIT,ACTIVE,2022-12-24,2027-12-23,0.0,0.0,True
2905,3244,CARD0000002905,CREDIT_PLATINUM,ACTIVE,2024-05-22,2029-05-21,200000000.0,6.42,True
2906,3244,CARD0000002906,CREDIT_STANDARD,ACTIVE,2022-05-31,2027-05-30,50000000.0,6.51,True
2907,3245,CARD0000002907,CREDIT_STANDARD,ACTIVE,2023-08-24,2028-08-22,50000000.0,40.52,True
2908,3245,CARD0000002908,DEBIT,ACTIVE,2023-07-31,2028-07-29,0.0,0.0,True
2909,3246,CARD0000002909,CREDIT_STANDARD,ACTIVE,2024-07-27,2029-07-26,30000000.0,21.97,True
2910,3248,CARD0000002910,DEBIT,ACTIVE,2023-09-24,2028-09-22,0.0,0.0,True
2911,3248,CARD0000002911,CREDIT_GOLD,ACTIVE,2024-05-13,2029-05-12,20000000.0,68.12,True
2912,3249,CARD0000002912,CREDIT_GOLD,ACTIVE,2025-01-13,2030-01-12,300000000.0,35.01,True
2913,3249,CARD0000002913,DEBIT,ACTIVE,2024-04-21,2029-04-20,0.0,0.0,True
2914,3251,CARD0000002914,CREDIT_PLATINUM,BLOCKED,2024-08-08,2029-08-07,30000000.0,22.15,True
2915,3252,CARD0000002915,CREDIT_STANDARD,ACTIVE,2024-10-03,2029-10-02,50000000.0,28.64,True
2916,3253,CARD0000002916,DEBIT,ACTIVE,2025-05-06,2030-05-05,0.0,0.0,True
2917,3254,CARD0000002917,DEBIT,ACTIVE,2024-02-08,2029-02-06,0.0,0.0,True
2918,3256,CARD0000002918,DEBIT,ACTIVE,2026-04-30,2031-04-29,0.0,0.0,True
2919,3256,CARD0000002919,CREDIT_STANDARD,ACTIVE,2025-07-06,2030-07-05,30000000.0,35.45,True
2920,3257,CARD0000002920,CREDIT_STANDARD,ACTIVE,2021-09-02,2026-09-01,120000000.0,76.89,True
2921,3258,CARD0000002921,CREDIT_STANDARD,ACTIVE,2023-02-21,2028-02-20,200000000.0,16.26,True
2922,3259,CARD0000002922,CREDIT_PLATINUM,ACTIVE,2025-01-09,2030-01-08,30000000.0,42.6,True
2923,3260,CARD0000002923,CREDIT_STANDARD,ACTIVE,2025-07-25,2030-07-24,300000000.0,47.17,True
2924,3260,CARD0000002924,CREDIT_STANDARD,ACTIVE,2022-12-30,2027-12-29,30000000.0,27.64,True
2925,3261,CARD0000002925,CREDIT_PLATINUM,ACTIVE,2025-12-31,2030-12-30,120000000.0,42.23,True
2926,3263,CARD0000002926,DEBIT,ACTIVE,2026-02-22,2031-02-21,0.0,0.0,True
2927,3264,CARD0000002927,CREDIT_PLATINUM,ACTIVE,2025-06-19,2030-06-18,200000000.0,15.28,True
2928,3265,CARD0000002928,DEBIT,ACTIVE,2021-09-09,2026-09-08,0.0,0.0,True
2929,3268,CARD0000002929,DEBIT,ACTIVE,2023-02-13,2028-02-12,0.0,0.0,True
2930,3269,CARD0000002930,DEBIT,ACTIVE,2023-12-17,2028-12-15,0.0,0.0,True
2931,3270,CARD0000002931,DEBIT,ACTIVE,2022-06-06,2027-06-05,0.0,0.0,True
2932,3271,CARD0000002932,DEBIT,ACTIVE,2021-12-26,2026-12-25,0.0,0.0,True
2933,3272,CARD0000002933,DEBIT,ACTIVE,2025-06-16,2030-06-15,0.0,0.0,True
2934,3275,CARD0000002934,DEBIT,ACTIVE,2024-03-22,2029-03-21,0.0,0.0,True
2935,3276,CARD0000002935,CREDIT_STANDARD,ACTIVE,2025-01-10,2030-01-09,50000000.0,16.94,True
2936,3277,CARD0000002936,CREDIT_PLATINUM,ACTIVE,2023-11-12,2028-11-10,120000000.0,52.81,False
2937,3278,CARD0000002937,DEBIT,ACTIVE,2022-12-09,2027-12-08,0.0,0.0,True
2938,3279,CARD0000002938,DEBIT,ACTIVE,2022-12-07,2027-12-06,0.0,0.0,True
2939,3281,CARD0000002939,DEBIT,ACTIVE,2025-11-18,2030-11-17,0.0,0.0,True
2940,3282,CARD0000002940,DEBIT,ACTIVE,2021-09-11,2026-09-10,0.0,0.0,True
2941,3282,CARD0000002941,CREDIT_PLATINUM,ACTIVE,2022-08-22,2027-08-21,20000000.0,37.67,False
2942,3284,CARD0000002942,CREDIT_PLATINUM,ACTIVE,2022-04-26,2027-04-25,50000000.0,27.27,True
2943,3286,CARD0000002943,DEBIT,ACTIVE,2026-01-25,2031-01-24,0.0,0.0,True
2944,3287,CARD0000002944,DEBIT,ACTIVE,2023-12-05,2028-12-03,0.0,0.0,True
2945,3288,CARD0000002945,CREDIT_PLATINUM,ACTIVE,2025-06-21,2030-06-20,300000000.0,52.1,True
2946,3289,CARD0000002946,DEBIT,ACTIVE,2024-06-11,2029-06-10,0.0,0.0,True
2947,3291,CARD0000002947,DEBIT,ACTIVE,2023-01-17,2028-01-16,0.0,0.0,True
2948,3293,CARD0000002948,CREDIT_GOLD,ACTIVE,2025-05-11,2030-05-10,200000000.0,55.11,True
2949,3294,CARD0000002949,DEBIT,ACTIVE,2026-01-10,2031-01-09,0.0,0.0,True
2950,3294,CARD0000002950,DEBIT,ACTIVE,2025-01-06,2030-01-05,0.0,0.0,True
2951,3295,CARD0000002951,CREDIT_STANDARD,EXPIRED,2021-03-15,2026-03-14,120000000.0,23.74,False
2952,3295,CARD0000002952,DEBIT,ACTIVE,2021-09-24,2026-09-23,0.0,0.0,True
2953,3296,CARD0000002953,DEBIT,ACTIVE,2025-07-25,2030-07-24,0.0,0.0,True
2954,3296,CARD0000002954,CREDIT_GOLD,ACTIVE,2024-04-05,2029-04-04,80000000.0,58.01,True
2955,3297,CARD0000002955,DEBIT,ACTIVE,2021-12-29,2026-12-28,0.0,0.0,True
2956,3298,CARD0000002956,CREDIT_PLATINUM,ACTIVE,2022-12-27,2027-12-26,300000000.0,23.91,True
2957,3298,CARD0000002957,CREDIT_PLATINUM,ACTIVE,2022-01-28,2027-01-27,120000000.0,53.52,True
2958,3299,CARD0000002958,CREDIT_GOLD,ACTIVE,2023-07-15,2028-07-13,200000000.0,78.6,False
2959,3300,CARD0000002959,CREDIT_GOLD,ACTIVE,2022-10-24,2027-10-23,30000000.0,66.08,False
2960,3301,CARD0000002960,CREDIT_PLATINUM,ACTIVE,2024-08-08,2029-08-07,50000000.0,83.43,True
2961,3301,CARD0000002961,CREDIT_PLATINUM,ACTIVE,2024-07-06,2029-07-05,20000000.0,76.48,True
2962,3302,CARD0000002962,CREDIT_PLATINUM,ACTIVE,2023-03-19,2028-03-17,80000000.0,49.05,True
2963,3302,CARD0000002963,CREDIT_GOLD,ACTIVE,2025-11-22,2030-11-21,50000000.0,62.49,True
2964,3303,CARD0000002964,DEBIT,ACTIVE,2025-06-19,2030-06-18,0.0,0.0,True
2965,3304,CARD0000002965,DEBIT,ACTIVE,2025-05-21,2030-05-20,0.0,0.0,True
2966,3304,CARD0000002966,CREDIT_STANDARD,ACTIVE,2023-08-14,2028-08-12,50000000.0,66.77,False
2967,3306,CARD0000002967,CREDIT_STANDARD,ACTIVE,2024-01-07,2029-01-05,80000000.0,28.9,True
2968,3307,CARD0000002968,DEBIT,ACTIVE,2024-01-09,2029-01-07,0.0,0.0,True
2969,3308,CARD0000002969,CREDIT_STANDARD,ACTIVE,2025-04-08,2030-04-07,50000000.0,36.97,True
2970,3308,CARD0000002970,CREDIT_STANDARD,ACTIVE,2024-02-01,2029-01-30,120000000.0,65.38,True
2971,3310,CARD0000002971,CREDIT_PLATINUM,EXPIRED,2021-06-02,2026-06-01,300000000.0,37.99,False
2972,3313,CARD0000002972,CREDIT_PLATINUM,ACTIVE,2024-03-11,2029-03-10,50000000.0,51.76,True
2973,3314,CARD0000002973,DEBIT,ACTIVE,2022-03-26,2027-03-25,0.0,0.0,True
2974,3316,CARD0000002974,CREDIT_PLATINUM,ACTIVE,2026-04-16,2031-04-15,50000000.0,56.29,False
2975,3317,CARD0000002975,DEBIT,ACTIVE,2023-08-09,2028-08-07,0.0,0.0,True
2976,3318,CARD0000002976,CREDIT_STANDARD,EXPIRED,2021-05-22,2026-05-21,30000000.0,33.16,True
2977,3318,CARD0000002977,CREDIT_PLATINUM,ACTIVE,2022-11-09,2027-11-08,50000000.0,52.47,True
2978,3319,CARD0000002978,CREDIT_PLATINUM,ACTIVE,2022-02-21,2027-02-20,200000000.0,36.17,True
2979,3320,CARD0000002979,CREDIT_PLATINUM,ACTIVE,2025-10-10,2030-10-09,80000000.0,80.17,True
2980,3320,CARD0000002980,DEBIT,ACTIVE,2025-02-23,2030-02-22,0.0,0.0,True
2981,3321,CARD0000002981,CREDIT_STANDARD,BLOCKED,2023-11-26,2028-11-24,200000000.0,60.26,True
2982,3322,CARD0000002982,DEBIT,ACTIVE,2024-07-19,2029-07-18,0.0,0.0,True
2983,3322,CARD0000002983,CREDIT_STANDARD,ACTIVE,2024-09-28,2029-09-27,50000000.0,46.02,True
2984,3323,CARD0000002984,CREDIT_GOLD,ACTIVE,2023-09-28,2028-09-26,20000000.0,8.81,True
2985,3324,CARD0000002985,DEBIT,ACTIVE,2022-11-10,2027-11-09,0.0,0.0,True
2986,3325,CARD0000002986,DEBIT,BLOCKED,2025-02-19,2030-02-18,0.0,0.0,True
2987,3326,CARD0000002987,CREDIT_STANDARD,EXPIRED,2021-04-11,2026-04-10,120000000.0,77.4,False
2988,3327,CARD0000002988,DEBIT,ACTIVE,2023-01-18,2028-01-17,0.0,0.0,True
2989,3328,CARD0000002989,DEBIT,ACTIVE,2024-01-16,2029-01-14,0.0,0.0,True
2990,3329,CARD0000002990,DEBIT,ACTIVE,2025-11-04,2030-11-03,0.0,0.0,True
2991,3330,CARD0000002991,CREDIT_PLATINUM,ACTIVE,2024-11-01,2029-10-31,120000000.0,26.82,True
2992,3331,CARD0000002992,DEBIT,ACTIVE,2024-04-24,2029-04-23,0.0,0.0,True
2993,3333,CARD0000002993,DEBIT,ACTIVE,2026-01-23,2031-01-22,0.0,0.0,True
2994,3333,CARD0000002994,CREDIT_PLATINUM,ACTIVE,2022-07-05,2027-07-04,300000000.0,45.13,True
2995,3334,CARD0000002995,CREDIT_STANDARD,ACTIVE,2024-11-14,2029-11-13,50000000.0,12.27,True
2996,3336,CARD0000002996,CREDIT_PLATINUM,ACTIVE,2024-02-13,2029-02-11,300000000.0,40.9,True
2997,3337,CARD0000002997,DEBIT,ACTIVE,2026-01-21,2031-01-20,0.0,0.0,True
2998,3339,CARD0000002998,CREDIT_GOLD,ACTIVE,2023-01-20,2028-01-19,30000000.0,12.02,True
2999,3340,CARD0000002999,DEBIT,BLOCKED,2022-02-26,2027-02-25,0.0,0.0,True
3000,3340,CARD0000003000,DEBIT,ACTIVE,2025-06-04,2030-06-03,0.0,0.0,True
3001,3341,CARD0000003001,DEBIT,ACTIVE,2026-06-23,2031-06-22,0.0,0.0,True
3002,3342,CARD0000003002,DEBIT,ACTIVE,2024-07-26,2029-07-25,0.0,0.0,True
3003,3343,CARD0000003003,CREDIT_PLATINUM,ACTIVE,2025-06-10,2030-06-09,300000000.0,7.99,True
3004,3344,CARD0000003004,DEBIT,ACTIVE,2023-07-19,2028-07-17,0.0,0.0,True
3005,3345,CARD0000003005,DEBIT,ACTIVE,2024-02-12,2029-02-10,0.0,0.0,True
3006,3345,CARD0000003006,DEBIT,ACTIVE,2024-04-11,2029-04-10,0.0,0.0,True
3007,3346,CARD0000003007,CREDIT_STANDARD,ACTIVE,2024-08-12,2029-08-11,80000000.0,7.41,True
3008,3348,CARD0000003008,DEBIT,BLOCKED,2022-01-22,2027-01-21,0.0,0.0,True
3009,3349,CARD0000003009,DEBIT,ACTIVE,2025-07-10,2030-07-09,0.0,0.0,True
3010,3350,CARD0000003010,DEBIT,ACTIVE,2026-04-14,2031-04-13,0.0,0.0,True
3011,3351,CARD0000003011,CREDIT_PLATINUM,ACTIVE,2024-09-07,2029-09-06,30000000.0,61.5,True
3012,3351,CARD0000003012,CREDIT_GOLD,ACTIVE,2023-04-22,2028-04-20,300000000.0,50.63,False
3013,3352,CARD0000003013,CREDIT_GOLD,ACTIVE,2023-08-02,2028-07-31,300000000.0,20.92,True
3014,3353,CARD0000003014,CREDIT_PLATINUM,ACTIVE,2023-11-19,2028-11-17,200000000.0,81.45,True
3015,3353,CARD0000003015,CREDIT_GOLD,EXPIRED,2021-05-03,2026-05-02,120000000.0,17.85,True
3016,3355,CARD0000003016,CREDIT_PLATINUM,ACTIVE,2022-07-25,2027-07-24,50000000.0,69.07,True
3017,3355,CARD0000003017,DEBIT,BLOCKED,2025-11-17,2030-11-16,0.0,0.0,True
3018,3356,CARD0000003018,DEBIT,ACTIVE,2026-01-26,2031-01-25,0.0,0.0,True
3019,3356,CARD0000003019,CREDIT_STANDARD,ACTIVE,2025-04-01,2030-03-31,80000000.0,60.43,True
3020,3357,CARD0000003020,DEBIT,ACTIVE,2021-10-30,2026-10-29,0.0,0.0,True
3021,3358,CARD0000003021,CREDIT_GOLD,ACTIVE,2022-11-09,2027-11-08,80000000.0,82.2,True
3022,3359,CARD0000003022,DEBIT,ACTIVE,2026-06-16,2031-06-15,0.0,0.0,True
3023,3359,CARD0000003023,DEBIT,BLOCKED,2023-08-10,2028-08-08,0.0,0.0,True
3024,3360,CARD0000003024,DEBIT,ACTIVE,2021-10-26,2026-10-25,0.0,0.0,True
3025,3362,CARD0000003025,CREDIT_STANDARD,ACTIVE,2021-10-12,2026-10-11,300000000.0,63.37,True
3026,3363,CARD0000003026,CREDIT_PLATINUM,ACTIVE,2023-11-23,2028-11-21,80000000.0,81.23,True
3027,3366,CARD0000003027,CREDIT_STANDARD,ACTIVE,2022-09-11,2027-09-10,20000000.0,77.18,True
3028,3366,CARD0000003028,DEBIT,ACTIVE,2025-10-16,2030-10-15,0.0,0.0,True
3029,3367,CARD0000003029,DEBIT,ACTIVE,2026-05-27,2031-05-26,0.0,0.0,True
3030,3370,CARD0000003030,DEBIT,ACTIVE,2023-09-11,2028-09-09,0.0,0.0,True
3031,3371,CARD0000003031,CREDIT_STANDARD,ACTIVE,2025-10-16,2030-10-15,50000000.0,32.91,True
3032,3372,CARD0000003032,DEBIT,ACTIVE,2024-08-11,2029-08-10,0.0,0.0,True
3033,3376,CARD0000003033,CREDIT_GOLD,ACTIVE,2024-04-10,2029-04-09,20000000.0,77.08,True
3034,3377,CARD0000003034,DEBIT,ACTIVE,2022-10-14,2027-10-13,0.0,0.0,True
3035,3377,CARD0000003035,CREDIT_GOLD,ACTIVE,2022-08-15,2027-08-14,300000000.0,48.24,True
3036,3378,CARD0000003036,DEBIT,ACTIVE,2022-07-17,2027-07-16,0.0,0.0,True
3037,3379,CARD0000003037,CREDIT_PLATINUM,ACTIVE,2025-11-19,2030-11-18,200000000.0,27.86,True
3038,3379,CARD0000003038,CREDIT_STANDARD,ACTIVE,2023-07-26,2028-07-24,30000000.0,62.96,True
3039,3380,CARD0000003039,CREDIT_GOLD,ACTIVE,2023-12-03,2028-12-01,200000000.0,68.12,True
3040,3380,CARD0000003040,DEBIT,ACTIVE,2025-02-18,2030-02-17,0.0,0.0,True
3041,3381,CARD0000003041,CREDIT_STANDARD,ACTIVE,2022-09-13,2027-09-12,200000000.0,24.51,True
3042,3383,CARD0000003042,DEBIT,ACTIVE,2025-12-18,2030-12-17,0.0,0.0,True
3043,3383,CARD0000003043,CREDIT_PLATINUM,ACTIVE,2026-02-18,2031-02-17,200000000.0,60.97,True
3044,3384,CARD0000003044,DEBIT,ACTIVE,2023-12-30,2028-12-28,0.0,0.0,True
3045,3386,CARD0000003045,DEBIT,ACTIVE,2022-01-05,2027-01-04,0.0,0.0,True
3046,3387,CARD0000003046,CREDIT_PLATINUM,ACTIVE,2021-10-24,2026-10-23,50000000.0,33.54,True
3047,3389,CARD0000003047,CREDIT_STANDARD,ACTIVE,2022-11-05,2027-11-04,50000000.0,73.35,True
3048,3389,CARD0000003048,DEBIT,BLOCKED,2024-01-16,2029-01-14,0.0,0.0,True
3049,3391,CARD0000003049,DEBIT,ACTIVE,2022-11-28,2027-11-27,0.0,0.0,True
3050,3391,CARD0000003050,DEBIT,EXPIRED,2021-04-06,2026-04-05,0.0,0.0,True
3051,3392,CARD0000003051,DEBIT,ACTIVE,2023-02-16,2028-02-15,0.0,0.0,True
3052,3394,CARD0000003052,CREDIT_GOLD,ACTIVE,2025-06-29,2030-06-28,50000000.0,33.35,True
3053,3395,CARD0000003053,CREDIT_STANDARD,ACTIVE,2023-12-23,2028-12-21,200000000.0,1.37,True
3054,3395,CARD0000003054,CREDIT_GOLD,ACTIVE,2024-08-25,2029-08-24,80000000.0,7.26,True
3055,3396,CARD0000003055,DEBIT,ACTIVE,2025-07-16,2030-07-15,0.0,0.0,True
3056,3397,CARD0000003056,CREDIT_GOLD,ACTIVE,2021-10-04,2026-10-03,200000000.0,84.19,True
3057,3398,CARD0000003057,DEBIT,ACTIVE,2023-05-28,2028-05-26,0.0,0.0,True
3058,3401,CARD0000003058,CREDIT_PLATINUM,ACTIVE,2024-12-04,2029-12-03,30000000.0,55.12,True
3059,3402,CARD0000003059,DEBIT,ACTIVE,2024-07-09,2029-07-08,0.0,0.0,True
3060,3403,CARD0000003060,DEBIT,ACTIVE,2023-10-27,2028-10-25,0.0,0.0,True
3061,3404,CARD0000003061,DEBIT,EXPIRED,2021-07-22,2026-07-21,0.0,0.0,True
3062,3405,CARD0000003062,DEBIT,ACTIVE,2025-06-27,2030-06-26,0.0,0.0,True
3063,3406,CARD0000003063,CREDIT_PLATINUM,ACTIVE,2025-03-25,2030-03-24,300000000.0,43.67,False
3064,3407,CARD0000003064,CREDIT_STANDARD,ACTIVE,2023-06-05,2028-06-03,200000000.0,77.34,True
3065,3407,CARD0000003065,DEBIT,ACTIVE,2025-10-22,2030-10-21,0.0,0.0,True
3066,3408,CARD0000003066,DEBIT,ACTIVE,2024-08-13,2029-08-12,0.0,0.0,True
3067,3408,CARD0000003067,CREDIT_GOLD,ACTIVE,2024-08-25,2029-08-24,120000000.0,15.37,True
3068,3409,CARD0000003068,CREDIT_GOLD,ACTIVE,2021-12-19,2026-12-18,80000000.0,59.93,True
3069,3410,CARD0000003069,CREDIT_PLATINUM,ACTIVE,2024-02-20,2029-02-18,80000000.0,76.92,True
3070,3411,CARD0000003070,DEBIT,ACTIVE,2022-02-15,2027-02-14,0.0,0.0,True
3071,3411,CARD0000003071,DEBIT,ACTIVE,2023-11-06,2028-11-04,0.0,0.0,True
3072,3412,CARD0000003072,CREDIT_STANDARD,ACTIVE,2024-08-12,2029-08-11,300000000.0,49.83,False
3073,3413,CARD0000003073,DEBIT,ACTIVE,2024-12-23,2029-12-22,0.0,0.0,True
3074,3414,CARD0000003074,DEBIT,ACTIVE,2026-03-28,2031-03-27,0.0,0.0,True
3075,3417,CARD0000003075,CREDIT_STANDARD,ACTIVE,2025-03-07,2030-03-06,50000000.0,49.94,True
3076,3418,CARD0000003076,CREDIT_STANDARD,ACTIVE,2023-07-03,2028-07-01,80000000.0,83.35,True
3077,3419,CARD0000003077,CREDIT_PLATINUM,EXPIRED,2021-03-25,2026-03-24,50000000.0,59.0,True
3078,3420,CARD0000003078,CREDIT_STANDARD,EXPIRED,2021-08-15,2026-08-14,80000000.0,51.35,True
3079,3421,CARD0000003079,CREDIT_PLATINUM,ACTIVE,2022-03-29,2027-03-28,50000000.0,33.88,True
3080,3422,CARD0000003080,CREDIT_STANDARD,BLOCKED,2026-06-18,2031-06-17,200000000.0,39.89,True
3081,3426,CARD0000003081,DEBIT,ACTIVE,2021-11-21,2026-11-20,0.0,0.0,True
3082,3427,CARD0000003082,CREDIT_PLATINUM,ACTIVE,2021-10-13,2026-10-12,300000000.0,19.84,True
3083,3427,CARD0000003083,CREDIT_GOLD,ACTIVE,2023-07-02,2028-06-30,80000000.0,25.46,True
3084,3429,CARD0000003084,DEBIT,ACTIVE,2025-03-08,2030-03-07,0.0,0.0,True
3085,3429,CARD0000003085,DEBIT,ACTIVE,2022-09-11,2027-09-10,0.0,0.0,True
3086,3432,CARD0000003086,DEBIT,ACTIVE,2025-08-06,2030-08-05,0.0,0.0,True
3087,3433,CARD0000003087,DEBIT,ACTIVE,2022-05-10,2027-05-09,0.0,0.0,True
3088,3434,CARD0000003088,CREDIT_PLATINUM,ACTIVE,2023-12-08,2028-12-06,120000000.0,7.89,True
3089,3435,CARD0000003089,DEBIT,ACTIVE,2023-08-21,2028-08-19,0.0,0.0,True
3090,3436,CARD0000003090,CREDIT_PLATINUM,ACTIVE,2024-03-12,2029-03-11,30000000.0,56.52,True
3091,3438,CARD0000003091,DEBIT,EXPIRED,2021-03-15,2026-03-14,0.0,0.0,True
3092,3438,CARD0000003092,CREDIT_PLATINUM,ACTIVE,2024-09-25,2029-09-24,30000000.0,30.21,True
3093,3439,CARD0000003093,CREDIT_GOLD,ACTIVE,2022-11-20,2027-11-19,30000000.0,27.47,True
3094,3440,CARD0000003094,CREDIT_GOLD,ACTIVE,2023-02-09,2028-02-08,50000000.0,56.44,True
3095,3440,CARD0000003095,CREDIT_STANDARD,ACTIVE,2022-12-16,2027-12-15,80000000.0,57.17,True
3096,3442,CARD0000003096,DEBIT,BLOCKED,2022-07-20,2027-07-19,0.0,0.0,True
3097,3443,CARD0000003097,CREDIT_GOLD,EXPIRED,2021-06-22,2026-06-21,50000000.0,25.51,True
3098,3444,CARD0000003098,CREDIT_PLATINUM,ACTIVE,2024-06-03,2029-06-02,80000000.0,26.77,True
3099,3444,CARD0000003099,CREDIT_GOLD,ACTIVE,2022-01-14,2027-01-13,50000000.0,74.7,True
3100,3445,CARD0000003100,DEBIT,ACTIVE,2021-11-18,2026-11-17,0.0,0.0,True
3101,3445,CARD0000003101,DEBIT,ACTIVE,2023-09-08,2028-09-06,0.0,0.0,True
3102,3446,CARD0000003102,CREDIT_STANDARD,ACTIVE,2024-07-13,2029-07-12,300000000.0,27.39,True
3103,3449,CARD0000003103,DEBIT,ACTIVE,2023-08-18,2028-08-16,0.0,0.0,True
3104,3450,CARD0000003104,CREDIT_PLATINUM,ACTIVE,2021-09-07,2026-09-06,30000000.0,81.59,True
3105,3451,CARD0000003105,DEBIT,ACTIVE,2025-05-08,2030-05-07,0.0,0.0,True
3106,3452,CARD0000003106,DEBIT,ACTIVE,2025-07-10,2030-07-09,0.0,0.0,True
3107,3452,CARD0000003107,DEBIT,ACTIVE,2025-05-22,2030-05-21,0.0,0.0,True
3108,3453,CARD0000003108,CREDIT_STANDARD,ACTIVE,2025-01-19,2030-01-18,80000000.0,25.93,True
3109,3454,CARD0000003109,CREDIT_STANDARD,ACTIVE,2022-05-04,2027-05-03,30000000.0,76.69,True
3110,3454,CARD0000003110,DEBIT,ACTIVE,2025-08-16,2030-08-15,0.0,0.0,True
3111,3455,CARD0000003111,CREDIT_GOLD,ACTIVE,2023-08-22,2028-08-20,300000000.0,40.03,True
3112,3456,CARD0000003112,CREDIT_STANDARD,ACTIVE,2024-08-15,2029-08-14,80000000.0,62.73,False
3113,3457,CARD0000003113,DEBIT,ACTIVE,2022-05-19,2027-05-18,0.0,0.0,True
3114,3458,CARD0000003114,CREDIT_GOLD,ACTIVE,2024-08-03,2029-08-02,300000000.0,51.85,True
3115,3459,CARD0000003115,CREDIT_GOLD,ACTIVE,2026-04-09,2031-04-08,120000000.0,81.84,True
3116,3460,CARD0000003116,DEBIT,ACTIVE,2025-06-30,2030-06-29,0.0,0.0,True
3117,3461,CARD0000003117,DEBIT,ACTIVE,2026-05-26,2031-05-25,0.0,0.0,True
3118,3463,CARD0000003118,DEBIT,ACTIVE,2026-02-01,2031-01-31,0.0,0.0,True
3119,3465,CARD0000003119,DEBIT,ACTIVE,2023-10-24,2028-10-22,0.0,0.0,True
3120,3465,CARD0000003120,CREDIT_PLATINUM,ACTIVE,2022-06-03,2027-06-02,300000000.0,6.72,True
3121,3466,CARD0000003121,DEBIT,ACTIVE,2023-06-02,2028-05-31,0.0,0.0,True
3122,3466,CARD0000003122,CREDIT_PLATINUM,ACTIVE,2025-09-15,2030-09-14,120000000.0,67.16,True
3123,3467,CARD0000003123,CREDIT_STANDARD,ACTIVE,2025-07-22,2030-07-21,120000000.0,31.92,True
3124,3468,CARD0000003124,CREDIT_PLATINUM,ACTIVE,2022-12-05,2027-12-04,20000000.0,28.91,True
3125,3469,CARD0000003125,CREDIT_GOLD,ACTIVE,2025-07-22,2030-07-21,200000000.0,65.47,True
3126,3469,CARD0000003126,CREDIT_STANDARD,ACTIVE,2022-07-14,2027-07-13,50000000.0,81.25,True
3127,3471,CARD0000003127,DEBIT,ACTIVE,2024-02-27,2029-02-25,0.0,0.0,True
3128,3472,CARD0000003128,CREDIT_STANDARD,ACTIVE,2026-02-09,2031-02-08,300000000.0,52.91,True
3129,3472,CARD0000003129,DEBIT,ACTIVE,2023-07-02,2028-06-30,0.0,0.0,True
3130,3473,CARD0000003130,DEBIT,ACTIVE,2024-11-21,2029-11-20,0.0,0.0,True
3131,3474,CARD0000003131,CREDIT_STANDARD,ACTIVE,2023-07-11,2028-07-09,200000000.0,54.44,True
3132,3475,CARD0000003132,DEBIT,ACTIVE,2022-10-17,2027-10-16,0.0,0.0,True
3133,3476,CARD0000003133,DEBIT,ACTIVE,2025-12-01,2030-11-30,0.0,0.0,True
3134,3477,CARD0000003134,CREDIT_PLATINUM,ACTIVE,2025-09-12,2030-09-11,50000000.0,82.06,True
3135,3477,CARD0000003135,DEBIT,EXPIRED,2021-08-27,2026-08-26,0.0,0.0,True
3136,3480,CARD0000003136,DEBIT,ACTIVE,2023-05-01,2028-04-29,0.0,0.0,True
3137,3481,CARD0000003137,DEBIT,ACTIVE,2022-01-17,2027-01-16,0.0,0.0,True
3138,3483,CARD0000003138,DEBIT,ACTIVE,2022-11-04,2027-11-03,0.0,0.0,True
3139,3484,CARD0000003139,DEBIT,ACTIVE,2025-12-17,2030-12-16,0.0,0.0,True
3140,3485,CARD0000003140,DEBIT,ACTIVE,2021-10-14,2026-10-13,0.0,0.0,True
3141,3485,CARD0000003141,DEBIT,ACTIVE,2024-11-14,2029-11-13,0.0,0.0,True
3142,3487,CARD0000003142,DEBIT,BLOCKED,2023-07-03,2028-07-01,0.0,0.0,True
3143,3488,CARD0000003143,DEBIT,ACTIVE,2025-04-05,2030-04-04,0.0,0.0,True
3144,3488,CARD0000003144,DEBIT,BLOCKED,2023-09-01,2028-08-30,0.0,0.0,True
3145,3489,CARD0000003145,CREDIT_STANDARD,ACTIVE,2022-07-06,2027-07-05,20000000.0,26.11,True
3146,3490,CARD0000003146,DEBIT,ACTIVE,2023-10-19,2028-10-17,0.0,0.0,True
3147,3491,CARD0000003147,DEBIT,ACTIVE,2024-05-17,2029-05-16,0.0,0.0,True
3148,3492,CARD0000003148,DEBIT,ACTIVE,2026-02-23,2031-02-22,0.0,0.0,True
3149,3496,CARD0000003149,DEBIT,ACTIVE,2023-12-12,2028-12-10,0.0,0.0,True
3150,3496,CARD0000003150,CREDIT_GOLD,ACTIVE,2021-09-13,2026-09-12,80000000.0,45.71,False
3151,3497,CARD0000003151,DEBIT,ACTIVE,2025-04-05,2030-04-04,0.0,0.0,True
3152,3497,CARD0000003152,DEBIT,ACTIVE,2024-04-22,2029-04-21,0.0,0.0,True
3153,3498,CARD0000003153,CREDIT_PLATINUM,ACTIVE,2024-03-20,2029-03-19,120000000.0,3.55,True
3154,3499,CARD0000003154,DEBIT,ACTIVE,2024-01-27,2029-01-25,0.0,0.0,True
3155,3500,CARD0000003155,CREDIT_GOLD,ACTIVE,2024-10-09,2029-10-08,50000000.0,55.53,True
3156,3500,CARD0000003156,CREDIT_PLATINUM,EXPIRED,2021-07-09,2026-07-08,80000000.0,54.58,True
3157,3502,CARD0000003157,DEBIT,ACTIVE,2024-02-02,2029-01-31,0.0,0.0,True
3158,3502,CARD0000003158,CREDIT_GOLD,ACTIVE,2023-12-03,2028-12-01,80000000.0,33.06,True
3159,3503,CARD0000003159,CREDIT_GOLD,ACTIVE,2025-04-13,2030-04-12,200000000.0,77.07,True
3160,3503,CARD0000003160,DEBIT,ACTIVE,2022-06-07,2027-06-06,0.0,0.0,True
3161,3504,CARD0000003161,DEBIT,ACTIVE,2023-07-18,2028-07-16,0.0,0.0,True
3162,3505,CARD0000003162,DEBIT,ACTIVE,2023-03-19,2028-03-17,0.0,0.0,True
3163,3506,CARD0000003163,CREDIT_GOLD,ACTIVE,2025-10-10,2030-10-09,200000000.0,47.52,True
3164,3506,CARD0000003164,CREDIT_GOLD,ACTIVE,2024-07-17,2029-07-16,200000000.0,45.98,True
3165,3507,CARD0000003165,CREDIT_STANDARD,ACTIVE,2026-01-06,2031-01-05,300000000.0,73.93,False
3166,3507,CARD0000003166,CREDIT_STANDARD,ACTIVE,2021-11-16,2026-11-15,80000000.0,74.28,True
3167,3508,CARD0000003167,CREDIT_STANDARD,ACTIVE,2025-01-25,2030-01-24,300000000.0,25.16,True
3168,3509,CARD0000003168,DEBIT,ACTIVE,2022-02-19,2027-02-18,0.0,0.0,True
3169,3510,CARD0000003169,CREDIT_STANDARD,ACTIVE,2022-07-06,2027-07-05,120000000.0,10.35,True
3170,3510,CARD0000003170,CREDIT_GOLD,EXPIRED,2021-04-20,2026-04-19,300000000.0,34.23,True
3171,3511,CARD0000003171,DEBIT,ACTIVE,2025-11-20,2030-11-19,0.0,0.0,True
3172,3511,CARD0000003172,DEBIT,ACTIVE,2022-02-24,2027-02-23,0.0,0.0,True
3173,3512,CARD0000003173,DEBIT,BLOCKED,2023-10-08,2028-10-06,0.0,0.0,True
3174,3512,CARD0000003174,DEBIT,ACTIVE,2021-10-12,2026-10-11,0.0,0.0,True
3175,3513,CARD0000003175,DEBIT,ACTIVE,2024-05-02,2029-05-01,0.0,0.0,True
3176,3513,CARD0000003176,CREDIT_PLATINUM,BLOCKED,2022-10-06,2027-10-05,80000000.0,15.22,True
3177,3514,CARD0000003177,CREDIT_PLATINUM,ACTIVE,2024-05-10,2029-05-09,200000000.0,81.27,True
3178,3517,CARD0000003178,DEBIT,ACTIVE,2025-02-04,2030-02-03,0.0,0.0,True
3179,3517,CARD0000003179,DEBIT,EXPIRED,2021-07-27,2026-07-26,0.0,0.0,True
3180,3519,CARD0000003180,CREDIT_GOLD,ACTIVE,2023-12-07,2028-12-05,30000000.0,54.91,True
3181,3519,CARD0000003181,DEBIT,ACTIVE,2024-07-10,2029-07-09,0.0,0.0,True
3182,3520,CARD0000003182,CREDIT_GOLD,ACTIVE,2022-07-10,2027-07-09,50000000.0,44.4,True
3183,3520,CARD0000003183,CREDIT_STANDARD,ACTIVE,2025-01-26,2030-01-25,50000000.0,84.91,True
3184,3521,CARD0000003184,DEBIT,ACTIVE,2023-09-11,2028-09-09,0.0,0.0,True
3185,3523,CARD0000003185,DEBIT,ACTIVE,2025-01-30,2030-01-29,0.0,0.0,True
3186,3524,CARD0000003186,CREDIT_STANDARD,ACTIVE,2024-05-11,2029-05-10,300000000.0,31.76,True
3187,3524,CARD0000003187,DEBIT,ACTIVE,2023-03-11,2028-03-09,0.0,0.0,True
3188,3526,CARD0000003188,CREDIT_PLATINUM,ACTIVE,2021-12-04,2026-12-03,120000000.0,50.85,True
3189,3527,CARD0000003189,CREDIT_GOLD,ACTIVE,2024-04-26,2029-04-25,20000000.0,81.59,True
3190,3529,CARD0000003190,DEBIT,ACTIVE,2024-08-27,2029-08-26,0.0,0.0,True
3191,3529,CARD0000003191,DEBIT,BLOCKED,2026-01-31,2031-01-30,0.0,0.0,True
3192,3530,CARD0000003192,DEBIT,ACTIVE,2022-09-24,2027-09-23,0.0,0.0,True
3193,3531,CARD0000003193,CREDIT_GOLD,ACTIVE,2026-02-11,2031-02-10,200000000.0,83.81,True
3194,3532,CARD0000003194,CREDIT_GOLD,ACTIVE,2026-04-01,2031-03-31,80000000.0,74.55,False
3195,3533,CARD0000003195,DEBIT,ACTIVE,2022-07-07,2027-07-06,0.0,0.0,True
3196,3536,CARD0000003196,DEBIT,ACTIVE,2022-07-21,2027-07-20,0.0,0.0,True
3197,3536,CARD0000003197,DEBIT,BLOCKED,2025-02-24,2030-02-23,0.0,0.0,True
3198,3538,CARD0000003198,CREDIT_GOLD,ACTIVE,2022-06-29,2027-06-28,30000000.0,62.27,True
3199,3539,CARD0000003199,DEBIT,ACTIVE,2023-07-04,2028-07-02,0.0,0.0,True
3200,3542,CARD0000003200,DEBIT,BLOCKED,2023-05-06,2028-05-04,0.0,0.0,True
3201,3542,CARD0000003201,CREDIT_STANDARD,EXPIRED,2021-06-14,2026-06-13,20000000.0,70.82,True
3202,3544,CARD0000003202,DEBIT,ACTIVE,2023-02-02,2028-02-01,0.0,0.0,True
3203,3544,CARD0000003203,CREDIT_GOLD,ACTIVE,2022-08-29,2027-08-28,300000000.0,13.79,True
3204,3545,CARD0000003204,DEBIT,ACTIVE,2024-02-15,2029-02-13,0.0,0.0,True
3205,3546,CARD0000003205,CREDIT_STANDARD,EXPIRED,2021-07-21,2026-07-20,120000000.0,75.71,True
3206,3546,CARD0000003206,DEBIT,ACTIVE,2023-03-24,2028-03-22,0.0,0.0,True
3207,3547,CARD0000003207,DEBIT,ACTIVE,2024-09-07,2029-09-06,0.0,0.0,True
3208,3547,CARD0000003208,CREDIT_STANDARD,ACTIVE,2021-09-18,2026-09-17,200000000.0,44.15,True
3209,3548,CARD0000003209,CREDIT_STANDARD,ACTIVE,2022-07-23,2027-07-22,80000000.0,67.27,True
3210,3552,CARD0000003210,CREDIT_STANDARD,ACTIVE,2024-02-28,2029-02-26,200000000.0,66.89,True
3211,3552,CARD0000003211,CREDIT_PLATINUM,ACTIVE,2025-09-25,2030-09-24,300000000.0,27.59,True
3212,3553,CARD0000003212,CREDIT_GOLD,ACTIVE,2026-02-14,2031-02-13,300000000.0,41.14,True
3213,3554,CARD0000003213,CREDIT_GOLD,ACTIVE,2024-10-30,2029-10-29,300000000.0,25.54,True
3214,3555,CARD0000003214,CREDIT_STANDARD,ACTIVE,2026-03-19,2031-03-18,300000000.0,15.49,True
3215,3557,CARD0000003215,CREDIT_PLATINUM,ACTIVE,2023-02-10,2028-02-09,80000000.0,43.63,True
3216,3558,CARD0000003216,CREDIT_GOLD,ACTIVE,2024-10-06,2029-10-05,80000000.0,37.49,True
3217,3559,CARD0000003217,DEBIT,ACTIVE,2024-03-13,2029-03-12,0.0,0.0,True
3218,3560,CARD0000003218,DEBIT,ACTIVE,2022-05-04,2027-05-03,0.0,0.0,True
3219,3562,CARD0000003219,DEBIT,ACTIVE,2024-04-20,2029-04-19,0.0,0.0,True
3220,3563,CARD0000003220,DEBIT,ACTIVE,2022-06-19,2027-06-18,0.0,0.0,True
3221,3564,CARD0000003221,CREDIT_GOLD,ACTIVE,2025-09-03,2030-09-02,50000000.0,6.36,True
3222,3566,CARD0000003222,CREDIT_GOLD,ACTIVE,2024-12-19,2029-12-18,20000000.0,70.02,True
3223,3567,CARD0000003223,CREDIT_GOLD,ACTIVE,2026-05-11,2031-05-10,120000000.0,74.24,True
3224,3569,CARD0000003224,CREDIT_STANDARD,ACTIVE,2022-04-30,2027-04-29,200000000.0,74.13,True
3225,3571,CARD0000003225,CREDIT_PLATINUM,ACTIVE,2025-01-25,2030-01-24,50000000.0,76.4,True
3226,3572,CARD0000003226,CREDIT_STANDARD,ACTIVE,2025-03-20,2030-03-19,30000000.0,17.51,True
3227,3572,CARD0000003227,CREDIT_STANDARD,ACTIVE,2023-01-19,2028-01-18,50000000.0,29.76,False
3228,3574,CARD0000003228,CREDIT_PLATINUM,ACTIVE,2022-09-11,2027-09-10,80000000.0,56.08,True
3229,3575,CARD0000003229,CREDIT_GOLD,ACTIVE,2022-12-20,2027-12-19,20000000.0,34.08,True
3230,3575,CARD0000003230,CREDIT_GOLD,ACTIVE,2024-10-09,2029-10-08,20000000.0,19.3,False
3231,3577,CARD0000003231,DEBIT,BLOCKED,2024-03-16,2029-03-15,0.0,0.0,True
3232,3578,CARD0000003232,CREDIT_STANDARD,ACTIVE,2022-12-04,2027-12-03,300000000.0,25.79,True
3233,3578,CARD0000003233,CREDIT_PLATINUM,ACTIVE,2021-09-18,2026-09-17,120000000.0,27.55,True
3234,3579,CARD0000003234,DEBIT,ACTIVE,2024-02-04,2029-02-02,0.0,0.0,True
3235,3580,CARD0000003235,CREDIT_GOLD,ACTIVE,2025-05-17,2030-05-16,30000000.0,34.63,True
3236,3583,CARD0000003236,CREDIT_GOLD,ACTIVE,2023-02-17,2028-02-16,80000000.0,18.55,True
3237,3583,CARD0000003237,DEBIT,ACTIVE,2025-11-11,2030-11-10,0.0,0.0,True
3238,3585,CARD0000003238,DEBIT,EXPIRED,2021-04-20,2026-04-19,0.0,0.0,True
3239,3586,CARD0000003239,CREDIT_GOLD,ACTIVE,2022-12-16,2027-12-15,50000000.0,40.8,True
3240,3587,CARD0000003240,CREDIT_STANDARD,EXPIRED,2021-06-10,2026-06-09,20000000.0,66.7,True
3241,3587,CARD0000003241,DEBIT,ACTIVE,2022-08-28,2027-08-27,0.0,0.0,True
3242,3588,CARD0000003242,DEBIT,ACTIVE,2023-03-24,2028-03-22,0.0,0.0,True
3243,3588,CARD0000003243,DEBIT,ACTIVE,2024-05-17,2029-05-16,0.0,0.0,True
3244,3589,CARD0000003244,CREDIT_GOLD,ACTIVE,2021-11-01,2026-10-31,120000000.0,41.19,True
3245,3589,CARD0000003245,DEBIT,ACTIVE,2024-10-06,2029-10-05,0.0,0.0,True
3246,3590,CARD0000003246,DEBIT,ACTIVE,2024-08-22,2029-08-21,0.0,0.0,True
3247,3591,CARD0000003247,DEBIT,ACTIVE,2023-05-04,2028-05-02,0.0,0.0,True
3248,3593,CARD0000003248,CREDIT_PLATINUM,ACTIVE,2022-07-07,2027-07-06,80000000.0,78.71,True
3249,3594,CARD0000003249,DEBIT,EXPIRED,2021-07-28,2026-07-27,0.0,0.0,True
3250,3595,CARD0000003250,DEBIT,ACTIVE,2025-03-17,2030-03-16,0.0,0.0,True
3251,3597,CARD0000003251,DEBIT,ACTIVE,2025-03-22,2030-03-21,0.0,0.0,True
3252,3600,CARD0000003252,DEBIT,ACTIVE,2024-08-21,2029-08-20,0.0,0.0,True
3253,3602,CARD0000003253,DEBIT,ACTIVE,2026-02-06,2031-02-05,0.0,0.0,True
3254,3603,CARD0000003254,CREDIT_PLATINUM,ACTIVE,2024-06-06,2029-06-05,120000000.0,74.6,False
3255,3604,CARD0000003255,CREDIT_PLATINUM,ACTIVE,2022-02-15,2027-02-14,300000000.0,7.83,True
3256,3606,CARD0000003256,DEBIT,ACTIVE,2024-04-18,2029-04-17,0.0,0.0,True
3257,3608,CARD0000003257,CREDIT_STANDARD,EXPIRED,2021-08-22,2026-08-21,200000000.0,24.1,True
3258,3610,CARD0000003258,CREDIT_GOLD,BLOCKED,2026-02-09,2031-02-08,300000000.0,9.68,True
3259,3611,CARD0000003259,DEBIT,ACTIVE,2024-03-03,2029-03-02,0.0,0.0,True
3260,3612,CARD0000003260,CREDIT_PLATINUM,ACTIVE,2023-06-04,2028-06-02,20000000.0,75.59,True
3261,3612,CARD0000003261,CREDIT_STANDARD,EXPIRED,2021-05-04,2026-05-03,50000000.0,26.94,True
3262,3613,CARD0000003262,DEBIT,ACTIVE,2025-01-28,2030-01-27,0.0,0.0,True
3263,3614,CARD0000003263,CREDIT_GOLD,ACTIVE,2023-10-22,2028-10-20,30000000.0,51.95,True
3264,3615,CARD0000003264,DEBIT,ACTIVE,2025-03-01,2030-02-28,0.0,0.0,True
3265,3616,CARD0000003265,CREDIT_STANDARD,ACTIVE,2022-04-07,2027-04-06,200000000.0,7.15,True
3266,3619,CARD0000003266,DEBIT,ACTIVE,2025-11-30,2030-11-29,0.0,0.0,True
3267,3621,CARD0000003267,CREDIT_GOLD,ACTIVE,2023-02-26,2028-02-25,80000000.0,21.73,False
3268,3621,CARD0000003268,CREDIT_GOLD,ACTIVE,2025-01-12,2030-01-11,120000000.0,73.08,True
3269,3622,CARD0000003269,CREDIT_GOLD,ACTIVE,2022-09-13,2027-09-12,200000000.0,18.39,False
3270,3622,CARD0000003270,CREDIT_GOLD,ACTIVE,2026-03-15,2031-03-14,30000000.0,30.59,True
3271,3624,CARD0000003271,CREDIT_PLATINUM,EXPIRED,2021-04-07,2026-04-06,200000000.0,27.41,True
3272,3631,CARD0000003272,DEBIT,EXPIRED,2021-03-27,2026-03-26,0.0,0.0,True
3273,3631,CARD0000003273,DEBIT,BLOCKED,2026-03-08,2031-03-07,0.0,0.0,True
3274,3633,CARD0000003274,CREDIT_PLATINUM,ACTIVE,2021-09-08,2026-09-07,30000000.0,75.17,True
3275,3634,CARD0000003275,DEBIT,ACTIVE,2025-08-12,2030-08-11,0.0,0.0,True
3276,3634,CARD0000003276,DEBIT,ACTIVE,2024-01-26,2029-01-24,0.0,0.0,True
3277,3635,CARD0000003277,DEBIT,ACTIVE,2022-01-26,2027-01-25,0.0,0.0,True
3278,3635,CARD0000003278,CREDIT_STANDARD,BLOCKED,2022-06-05,2027-06-04,50000000.0,80.36,True
3279,3636,CARD0000003279,CREDIT_STANDARD,ACTIVE,2023-08-17,2028-08-15,20000000.0,58.33,True
3280,3636,CARD0000003280,CREDIT_STANDARD,ACTIVE,2023-05-29,2028-05-27,80000000.0,67.31,True
3281,3637,CARD0000003281,DEBIT,ACTIVE,2024-01-26,2029-01-24,0.0,0.0,True
3282,3637,CARD0000003282,DEBIT,ACTIVE,2025-10-24,2030-10-23,0.0,0.0,True
3283,3639,CARD0000003283,DEBIT,ACTIVE,2022-10-23,2027-10-22,0.0,0.0,True
3284,3639,CARD0000003284,CREDIT_GOLD,ACTIVE,2023-11-26,2028-11-24,80000000.0,56.06,True
3285,3640,CARD0000003285,CREDIT_PLATINUM,BLOCKED,2022-11-12,2027-11-11,80000000.0,45.63,False
3286,3641,CARD0000003286,CREDIT_PLATINUM,BLOCKED,2022-08-30,2027-08-29,200000000.0,12.87,True
3287,3641,CARD0000003287,CREDIT_PLATINUM,ACTIVE,2022-02-19,2027-02-18,80000000.0,6.78,True
3288,3642,CARD0000003288,CREDIT_PLATINUM,ACTIVE,2021-11-06,2026-11-05,300000000.0,78.46,True
3289,3642,CARD0000003289,CREDIT_GOLD,BLOCKED,2021-11-17,2026-11-16,200000000.0,67.36,False
3290,3643,CARD0000003290,CREDIT_GOLD,ACTIVE,2025-01-24,2030-01-23,80000000.0,56.52,True
3291,3644,CARD0000003291,DEBIT,ACTIVE,2023-10-29,2028-10-27,0.0,0.0,True
3292,3645,CARD0000003292,DEBIT,ACTIVE,2022-10-19,2027-10-18,0.0,0.0,True
3293,3647,CARD0000003293,DEBIT,ACTIVE,2022-09-03,2027-09-02,0.0,0.0,True
3294,3648,CARD0000003294,CREDIT_GOLD,ACTIVE,2022-02-18,2027-02-17,80000000.0,74.59,False
3295,3649,CARD0000003295,DEBIT,ACTIVE,2026-01-18,2031-01-17,0.0,0.0,True
3296,3650,CARD0000003296,DEBIT,ACTIVE,2026-02-19,2031-02-18,0.0,0.0,True
3297,3650,CARD0000003297,DEBIT,ACTIVE,2023-08-28,2028-08-26,0.0,0.0,True
3298,3652,CARD0000003298,CREDIT_GOLD,ACTIVE,2022-08-17,2027-08-16,80000000.0,7.28,True
3299,3654,CARD0000003299,DEBIT,ACTIVE,2023-05-07,2028-05-05,0.0,0.0,True
3300,3654,CARD0000003300,CREDIT_STANDARD,EXPIRED,2021-04-19,2026-04-18,80000000.0,22.73,True
3301,3655,CARD0000003301,DEBIT,ACTIVE,2026-05-21,2031-05-20,0.0,0.0,True
3302,3656,CARD0000003302,DEBIT,ACTIVE,2026-06-07,2031-06-06,0.0,0.0,True
3303,3657,CARD0000003303,CREDIT_PLATINUM,ACTIVE,2023-05-23,2028-05-21,50000000.0,24.22,True
3304,3658,CARD0000003304,CREDIT_STANDARD,BLOCKED,2026-04-04,2031-04-03,20000000.0,65.31,True
3305,3658,CARD0000003305,DEBIT,ACTIVE,2024-03-10,2029-03-09,0.0,0.0,True
3306,3660,CARD0000003306,CREDIT_STANDARD,EXPIRED,2021-07-25,2026-07-24,20000000.0,62.77,True
3307,3662,CARD0000003307,DEBIT,ACTIVE,2023-08-15,2028-08-13,0.0,0.0,True
3308,3663,CARD0000003308,DEBIT,ACTIVE,2024-09-15,2029-09-14,0.0,0.0,True
3309,3664,CARD0000003309,CREDIT_GOLD,EXPIRED,2021-03-17,2026-03-16,50000000.0,4.98,True
3310,3664,CARD0000003310,CREDIT_GOLD,ACTIVE,2025-12-14,2030-12-13,30000000.0,3.86,True
3311,3666,CARD0000003311,CREDIT_GOLD,ACTIVE,2024-03-01,2029-02-28,20000000.0,49.6,True
3312,3669,CARD0000003312,CREDIT_GOLD,ACTIVE,2023-07-06,2028-07-04,50000000.0,50.44,True
3313,3669,CARD0000003313,DEBIT,ACTIVE,2022-07-11,2027-07-10,0.0,0.0,True
3314,3670,CARD0000003314,DEBIT,ACTIVE,2023-02-10,2028-02-09,0.0,0.0,True
3315,3672,CARD0000003315,CREDIT_PLATINUM,BLOCKED,2025-12-29,2030-12-28,20000000.0,28.08,True
3316,3673,CARD0000003316,CREDIT_STANDARD,ACTIVE,2024-04-12,2029-04-11,30000000.0,29.04,False
3317,3673,CARD0000003317,DEBIT,ACTIVE,2022-11-21,2027-11-20,0.0,0.0,True
3318,3674,CARD0000003318,DEBIT,EXPIRED,2021-05-20,2026-05-19,0.0,0.0,True
3319,3675,CARD0000003319,CREDIT_GOLD,ACTIVE,2025-09-03,2030-09-02,300000000.0,30.86,True
3320,3676,CARD0000003320,DEBIT,ACTIVE,2026-01-25,2031-01-24,0.0,0.0,True
3321,3677,CARD0000003321,DEBIT,ACTIVE,2023-03-10,2028-03-08,0.0,0.0,True
3322,3677,CARD0000003322,CREDIT_STANDARD,ACTIVE,2023-01-22,2028-01-21,20000000.0,70.81,True
3323,3678,CARD0000003323,DEBIT,ACTIVE,2025-11-17,2030-11-16,0.0,0.0,True
3324,3678,CARD0000003324,DEBIT,ACTIVE,2026-03-20,2031-03-19,0.0,0.0,True
3325,3680,CARD0000003325,CREDIT_GOLD,ACTIVE,2025-02-25,2030-02-24,120000000.0,61.9,True
3326,3680,CARD0000003326,DEBIT,ACTIVE,2024-04-14,2029-04-13,0.0,0.0,True
3327,3681,CARD0000003327,CREDIT_PLATINUM,ACTIVE,2022-02-17,2027-02-16,50000000.0,6.4,True
3328,3684,CARD0000003328,DEBIT,ACTIVE,2023-11-25,2028-11-23,0.0,0.0,True
3329,3685,CARD0000003329,CREDIT_GOLD,EXPIRED,2021-07-22,2026-07-21,80000000.0,9.75,True
3330,3686,CARD0000003330,CREDIT_PLATINUM,ACTIVE,2025-03-19,2030-03-18,50000000.0,22.9,True
3331,3689,CARD0000003331,DEBIT,ACTIVE,2026-04-05,2031-04-04,0.0,0.0,True
3332,3690,CARD0000003332,DEBIT,ACTIVE,2024-03-15,2029-03-14,0.0,0.0,True
3333,3691,CARD0000003333,DEBIT,ACTIVE,2023-07-10,2028-07-08,0.0,0.0,True
3334,3692,CARD0000003334,DEBIT,ACTIVE,2025-05-21,2030-05-20,0.0,0.0,True
3335,3693,CARD0000003335,DEBIT,ACTIVE,2025-02-04,2030-02-03,0.0,0.0,True
3336,3695,CARD0000003336,DEBIT,ACTIVE,2021-12-17,2026-12-16,0.0,0.0,True
3337,3698,CARD0000003337,CREDIT_STANDARD,ACTIVE,2024-02-25,2029-02-23,200000000.0,31.97,True
3338,3701,CARD0000003338,CREDIT_PLATINUM,BLOCKED,2024-11-20,2029-11-19,50000000.0,54.68,True
3339,3702,CARD0000003339,CREDIT_STANDARD,ACTIVE,2022-10-11,2027-10-10,30000000.0,32.12,True
3340,3702,CARD0000003340,DEBIT,ACTIVE,2024-01-14,2029-01-12,0.0,0.0,True
3341,3703,CARD0000003341,CREDIT_STANDARD,ACTIVE,2024-04-13,2029-04-12,300000000.0,23.53,True
3342,3703,CARD0000003342,DEBIT,ACTIVE,2023-05-16,2028-05-14,0.0,0.0,True
3343,3704,CARD0000003343,DEBIT,ACTIVE,2022-03-22,2027-03-21,0.0,0.0,True
3344,3706,CARD0000003344,CREDIT_PLATINUM,ACTIVE,2025-10-29,2030-10-28,300000000.0,10.67,True
3345,3708,CARD0000003345,DEBIT,ACTIVE,2022-08-29,2027-08-28,0.0,0.0,True
3346,3709,CARD0000003346,CREDIT_STANDARD,ACTIVE,2021-09-03,2026-09-02,30000000.0,21.55,True
3347,3711,CARD0000003347,CREDIT_STANDARD,ACTIVE,2021-10-04,2026-10-03,30000000.0,16.39,True
3348,3713,CARD0000003348,DEBIT,ACTIVE,2024-11-23,2029-11-22,0.0,0.0,True
3349,3714,CARD0000003349,DEBIT,ACTIVE,2024-07-29,2029-07-28,0.0,0.0,True
3350,3716,CARD0000003350,DEBIT,ACTIVE,2023-05-10,2028-05-08,0.0,0.0,True
3351,3716,CARD0000003351,DEBIT,ACTIVE,2022-10-26,2027-10-25,0.0,0.0,True
3352,3720,CARD0000003352,CREDIT_GOLD,ACTIVE,2025-10-03,2030-10-02,120000000.0,32.84,True
3353,3720,CARD0000003353,CREDIT_STANDARD,ACTIVE,2023-06-01,2028-05-30,30000000.0,51.18,True
3354,3722,CARD0000003354,DEBIT,ACTIVE,2025-02-14,2030-02-13,0.0,0.0,True
3355,3722,CARD0000003355,CREDIT_GOLD,ACTIVE,2024-09-30,2029-09-29,300000000.0,72.09,False
3356,3723,CARD0000003356,CREDIT_PLATINUM,ACTIVE,2024-10-27,2029-10-26,80000000.0,56.81,True
3357,3724,CARD0000003357,CREDIT_GOLD,ACTIVE,2022-11-04,2027-11-03,80000000.0,18.88,False
3358,3726,CARD0000003358,DEBIT,ACTIVE,2025-07-21,2030-07-20,0.0,0.0,True
3359,3726,CARD0000003359,CREDIT_STANDARD,ACTIVE,2024-12-12,2029-12-11,50000000.0,55.65,True
3360,3728,CARD0000003360,CREDIT_GOLD,ACTIVE,2023-05-30,2028-05-28,20000000.0,22.9,True
3361,3732,CARD0000003361,DEBIT,ACTIVE,2025-05-19,2030-05-18,0.0,0.0,True
3362,3732,CARD0000003362,DEBIT,ACTIVE,2025-10-18,2030-10-17,0.0,0.0,True
3363,3733,CARD0000003363,DEBIT,ACTIVE,2022-05-11,2027-05-10,0.0,0.0,True
3364,3734,CARD0000003364,CREDIT_GOLD,ACTIVE,2025-06-04,2030-06-03,30000000.0,57.99,True
3365,3734,CARD0000003365,DEBIT,EXPIRED,2021-07-05,2026-07-04,0.0,0.0,True
3366,3735,CARD0000003366,CREDIT_GOLD,ACTIVE,2023-10-21,2028-10-19,80000000.0,26.6,True
3367,3735,CARD0000003367,CREDIT_PLATINUM,ACTIVE,2026-02-25,2031-02-24,30000000.0,25.33,True
3368,3736,CARD0000003368,CREDIT_STANDARD,EXPIRED,2021-05-30,2026-05-29,50000000.0,63.54,True
3369,3737,CARD0000003369,CREDIT_GOLD,ACTIVE,2022-06-12,2027-06-11,20000000.0,31.79,True
3370,3739,CARD0000003370,CREDIT_GOLD,ACTIVE,2023-04-30,2028-04-28,30000000.0,35.8,True
3371,3742,CARD0000003371,CREDIT_GOLD,ACTIVE,2022-01-31,2027-01-30,20000000.0,26.61,True
3372,3742,CARD0000003372,CREDIT_GOLD,ACTIVE,2024-05-29,2029-05-28,80000000.0,27.73,True
3373,3743,CARD0000003373,DEBIT,ACTIVE,2021-10-18,2026-10-17,0.0,0.0,True
3374,3744,CARD0000003374,DEBIT,ACTIVE,2023-10-15,2028-10-13,0.0,0.0,True
3375,3745,CARD0000003375,CREDIT_STANDARD,ACTIVE,2023-09-07,2028-09-05,30000000.0,21.99,True
3376,3746,CARD0000003376,CREDIT_PLATINUM,ACTIVE,2024-01-31,2029-01-29,80000000.0,4.27,True
3377,3747,CARD0000003377,CREDIT_PLATINUM,ACTIVE,2021-11-06,2026-11-05,50000000.0,32.88,True
3378,3748,CARD0000003378,DEBIT,ACTIVE,2022-02-20,2027-02-19,0.0,0.0,True
3379,3748,CARD0000003379,CREDIT_STANDARD,ACTIVE,2025-05-25,2030-05-24,120000000.0,80.28,True
3380,3749,CARD0000003380,CREDIT_PLATINUM,EXPIRED,2021-07-18,2026-07-17,50000000.0,25.03,True
3381,3751,CARD0000003381,CREDIT_GOLD,ACTIVE,2023-11-13,2028-11-11,300000000.0,20.4,True
3382,3751,CARD0000003382,DEBIT,ACTIVE,2024-08-21,2029-08-20,0.0,0.0,True
3383,3752,CARD0000003383,CREDIT_GOLD,ACTIVE,2025-01-20,2030-01-19,20000000.0,72.97,True
3384,3753,CARD0000003384,CREDIT_GOLD,ACTIVE,2023-01-13,2028-01-12,120000000.0,80.37,True
3385,3755,CARD0000003385,CREDIT_PLATINUM,EXPIRED,2021-05-18,2026-05-17,20000000.0,79.42,True
3386,3755,CARD0000003386,DEBIT,ACTIVE,2024-09-25,2029-09-24,0.0,0.0,True
3387,3756,CARD0000003387,CREDIT_STANDARD,ACTIVE,2021-12-22,2026-12-21,120000000.0,53.72,True
3388,3760,CARD0000003388,DEBIT,ACTIVE,2025-08-01,2030-07-31,0.0,0.0,True
3389,3763,CARD0000003389,CREDIT_PLATINUM,EXPIRED,2021-06-21,2026-06-20,20000000.0,75.28,True
3390,3764,CARD0000003390,CREDIT_GOLD,ACTIVE,2022-04-06,2027-04-05,120000000.0,6.1,True
3391,3765,CARD0000003391,DEBIT,ACTIVE,2023-06-28,2028-06-26,0.0,0.0,True
3392,3767,CARD0000003392,DEBIT,ACTIVE,2023-05-08,2028-05-06,0.0,0.0,True
3393,3767,CARD0000003393,CREDIT_STANDARD,ACTIVE,2024-11-28,2029-11-27,30000000.0,43.1,True
3394,3768,CARD0000003394,DEBIT,EXPIRED,2021-08-24,2026-08-23,0.0,0.0,True
3395,3769,CARD0000003395,DEBIT,ACTIVE,2024-02-15,2029-02-13,0.0,0.0,True
3396,3769,CARD0000003396,DEBIT,ACTIVE,2022-11-01,2027-10-31,0.0,0.0,True
3397,3770,CARD0000003397,CREDIT_GOLD,EXPIRED,2021-07-11,2026-07-10,300000000.0,17.19,True
3398,3773,CARD0000003398,DEBIT,ACTIVE,2024-10-19,2029-10-18,0.0,0.0,True
3399,3774,CARD0000003399,DEBIT,ACTIVE,2025-09-14,2030-09-13,0.0,0.0,True
3400,3775,CARD0000003400,CREDIT_GOLD,ACTIVE,2022-01-28,2027-01-27,20000000.0,29.42,True
3401,3777,CARD0000003401,DEBIT,EXPIRED,2021-03-07,2026-03-06,0.0,0.0,True
3402,3778,CARD0000003402,CREDIT_GOLD,EXPIRED,2021-07-30,2026-07-29,20000000.0,51.95,True
3403,3780,CARD0000003403,CREDIT_STANDARD,ACTIVE,2024-08-26,2029-08-25,200000000.0,64.74,True
3404,3781,CARD0000003404,DEBIT,ACTIVE,2022-11-27,2027-11-26,0.0,0.0,True
3405,3781,CARD0000003405,CREDIT_PLATINUM,ACTIVE,2023-07-01,2028-06-29,20000000.0,83.16,True
3406,3782,CARD0000003406,CREDIT_STANDARD,ACTIVE,2025-02-19,2030-02-18,80000000.0,32.79,True
3407,3782,CARD0000003407,DEBIT,EXPIRED,2021-08-24,2026-08-23,0.0,0.0,True
3408,3784,CARD0000003408,DEBIT,BLOCKED,2024-09-15,2029-09-14,0.0,0.0,True
3409,3784,CARD0000003409,CREDIT_STANDARD,ACTIVE,2026-01-12,2031-01-11,30000000.0,30.88,True
3410,3785,CARD0000003410,CREDIT_STANDARD,ACTIVE,2024-08-17,2029-08-16,300000000.0,19.8,True
3411,3785,CARD0000003411,CREDIT_PLATINUM,ACTIVE,2024-02-16,2029-02-14,300000000.0,34.74,False
3412,3786,CARD0000003412,CREDIT_PLATINUM,ACTIVE,2025-01-30,2030-01-29,50000000.0,61.88,True
3413,3787,CARD0000003413,CREDIT_PLATINUM,ACTIVE,2023-06-09,2028-06-07,120000000.0,64.98,True
3414,3788,CARD0000003414,CREDIT_STANDARD,ACTIVE,2024-08-11,2029-08-10,300000000.0,75.39,True
3415,3788,CARD0000003415,CREDIT_PLATINUM,ACTIVE,2025-08-18,2030-08-17,300000000.0,34.35,True
3416,3789,CARD0000003416,DEBIT,ACTIVE,2025-06-30,2030-06-29,0.0,0.0,True
3417,3790,CARD0000003417,CREDIT_STANDARD,ACTIVE,2025-01-25,2030-01-24,80000000.0,8.72,True
3418,3792,CARD0000003418,DEBIT,ACTIVE,2024-09-01,2029-08-31,0.0,0.0,True
3419,3792,CARD0000003419,CREDIT_GOLD,ACTIVE,2021-09-17,2026-09-16,300000000.0,64.87,True
3420,3793,CARD0000003420,CREDIT_PLATINUM,ACTIVE,2023-10-18,2028-10-16,80000000.0,61.26,True
3421,3794,CARD0000003421,CREDIT_STANDARD,ACTIVE,2025-04-19,2030-04-18,30000000.0,26.21,True
3422,3795,CARD0000003422,CREDIT_STANDARD,ACTIVE,2025-11-18,2030-11-17,200000000.0,82.54,True
3423,3799,CARD0000003423,DEBIT,ACTIVE,2024-09-25,2029-09-24,0.0,0.0,True
3424,3801,CARD0000003424,CREDIT_PLATINUM,ACTIVE,2021-11-24,2026-11-23,80000000.0,23.87,True
3425,3802,CARD0000003425,CREDIT_STANDARD,ACTIVE,2025-04-29,2030-04-28,80000000.0,17.87,True
3426,3802,CARD0000003426,DEBIT,ACTIVE,2025-08-20,2030-08-19,0.0,0.0,True
3427,3803,CARD0000003427,DEBIT,ACTIVE,2021-11-27,2026-11-26,0.0,0.0,True
3428,3804,CARD0000003428,DEBIT,ACTIVE,2022-07-15,2027-07-14,0.0,0.0,True
3429,3807,CARD0000003429,CREDIT_GOLD,ACTIVE,2023-04-26,2028-04-24,300000000.0,3.32,True
3430,3807,CARD0000003430,DEBIT,ACTIVE,2022-05-01,2027-04-30,0.0,0.0,True
3431,3808,CARD0000003431,CREDIT_GOLD,ACTIVE,2023-12-29,2028-12-27,120000000.0,51.31,True
3432,3808,CARD0000003432,DEBIT,ACTIVE,2023-12-01,2028-11-29,0.0,0.0,True
3433,3810,CARD0000003433,DEBIT,ACTIVE,2024-11-23,2029-11-22,0.0,0.0,True
3434,3811,CARD0000003434,DEBIT,ACTIVE,2024-05-16,2029-05-15,0.0,0.0,True
3435,3812,CARD0000003435,CREDIT_STANDARD,ACTIVE,2022-03-12,2027-03-11,20000000.0,72.38,True
3436,3813,CARD0000003436,CREDIT_PLATINUM,ACTIVE,2023-09-03,2028-09-01,50000000.0,46.72,True
3437,3814,CARD0000003437,CREDIT_GOLD,ACTIVE,2025-10-22,2030-10-21,20000000.0,22.58,True
3438,3814,CARD0000003438,CREDIT_PLATINUM,ACTIVE,2025-11-11,2030-11-10,20000000.0,37.29,True
3439,3816,CARD0000003439,DEBIT,ACTIVE,2025-07-26,2030-07-25,0.0,0.0,True
3440,3819,CARD0000003440,CREDIT_STANDARD,ACTIVE,2024-09-21,2029-09-20,200000000.0,1.64,True
3441,3821,CARD0000003441,CREDIT_PLATINUM,ACTIVE,2023-02-04,2028-02-03,30000000.0,60.81,True
3442,3821,CARD0000003442,CREDIT_STANDARD,ACTIVE,2024-07-23,2029-07-22,50000000.0,32.11,True
3443,3822,CARD0000003443,CREDIT_STANDARD,ACTIVE,2023-06-07,2028-06-05,80000000.0,82.8,True
3444,3823,CARD0000003444,DEBIT,ACTIVE,2023-08-08,2028-08-06,0.0,0.0,True
3445,3824,CARD0000003445,DEBIT,ACTIVE,2022-10-11,2027-10-10,0.0,0.0,True
3446,3826,CARD0000003446,CREDIT_GOLD,ACTIVE,2026-06-15,2031-06-14,120000000.0,72.05,True
3447,3828,CARD0000003447,DEBIT,ACTIVE,2026-06-07,2031-06-06,0.0,0.0,True
3448,3829,CARD0000003448,DEBIT,ACTIVE,2025-10-01,2030-09-30,0.0,0.0,True
3449,3829,CARD0000003449,CREDIT_STANDARD,ACTIVE,2025-06-14,2030-06-13,20000000.0,73.44,True
3450,3830,CARD0000003450,DEBIT,ACTIVE,2022-12-03,2027-12-02,0.0,0.0,True
3451,3831,CARD0000003451,DEBIT,ACTIVE,2023-05-08,2028-05-06,0.0,0.0,True
3452,3832,CARD0000003452,DEBIT,ACTIVE,2023-01-05,2028-01-04,0.0,0.0,True
3453,3832,CARD0000003453,DEBIT,ACTIVE,2024-10-12,2029-10-11,0.0,0.0,True
3454,3834,CARD0000003454,DEBIT,ACTIVE,2021-09-07,2026-09-06,0.0,0.0,True
3455,3834,CARD0000003455,DEBIT,BLOCKED,2025-02-07,2030-02-06,0.0,0.0,True
3456,3836,CARD0000003456,DEBIT,ACTIVE,2022-06-16,2027-06-15,0.0,0.0,True
3457,3837,CARD0000003457,CREDIT_GOLD,ACTIVE,2023-06-30,2028-06-28,80000000.0,2.23,True
3458,3838,CARD0000003458,DEBIT,BLOCKED,2024-01-29,2029-01-27,0.0,0.0,True
3459,3841,CARD0000003459,CREDIT_GOLD,ACTIVE,2024-09-16,2029-09-15,80000000.0,0.56,False
3460,3842,CARD0000003460,DEBIT,ACTIVE,2021-11-26,2026-11-25,0.0,0.0,True
3461,3842,CARD0000003461,DEBIT,EXPIRED,2021-05-01,2026-04-30,0.0,0.0,True
3462,3844,CARD0000003462,CREDIT_GOLD,ACTIVE,2024-12-25,2029-12-24,30000000.0,41.4,False
3463,3844,CARD0000003463,DEBIT,BLOCKED,2024-03-29,2029-03-28,0.0,0.0,True
3464,3845,CARD0000003464,CREDIT_PLATINUM,ACTIVE,2023-02-18,2028-02-17,50000000.0,44.07,True
3465,3845,CARD0000003465,DEBIT,ACTIVE,2024-03-09,2029-03-08,0.0,0.0,True
3466,3846,CARD0000003466,CREDIT_STANDARD,ACTIVE,2026-05-06,2031-05-05,120000000.0,27.94,True
3467,3847,CARD0000003467,CREDIT_PLATINUM,ACTIVE,2021-11-30,2026-11-29,300000000.0,0.71,True
3468,3851,CARD0000003468,CREDIT_STANDARD,EXPIRED,2021-04-10,2026-04-09,300000000.0,40.62,True
3469,3853,CARD0000003469,DEBIT,ACTIVE,2024-02-16,2029-02-14,0.0,0.0,True
3470,3854,CARD0000003470,CREDIT_STANDARD,ACTIVE,2025-09-11,2030-09-10,300000000.0,69.55,True
3471,3854,CARD0000003471,CREDIT_GOLD,ACTIVE,2023-12-30,2028-12-28,20000000.0,25.03,True
3472,3855,CARD0000003472,DEBIT,EXPIRED,2021-04-06,2026-04-05,0.0,0.0,True
3473,3855,CARD0000003473,DEBIT,ACTIVE,2024-10-06,2029-10-05,0.0,0.0,True
3474,3856,CARD0000003474,CREDIT_PLATINUM,ACTIVE,2023-07-26,2028-07-24,200000000.0,11.47,False
3475,3857,CARD0000003475,DEBIT,ACTIVE,2024-02-18,2029-02-16,0.0,0.0,True
3476,3857,CARD0000003476,DEBIT,ACTIVE,2022-10-02,2027-10-01,0.0,0.0,True
3477,3858,CARD0000003477,CREDIT_GOLD,ACTIVE,2023-02-13,2028-02-12,120000000.0,77.41,True
3478,3859,CARD0000003478,CREDIT_GOLD,ACTIVE,2024-10-19,2029-10-18,200000000.0,9.57,True
3479,3861,CARD0000003479,DEBIT,ACTIVE,2022-11-27,2027-11-26,0.0,0.0,True
3480,3862,CARD0000003480,CREDIT_STANDARD,ACTIVE,2023-04-29,2028-04-27,20000000.0,37.19,False
3481,3862,CARD0000003481,CREDIT_PLATINUM,ACTIVE,2023-09-08,2028-09-06,120000000.0,81.77,True
3482,3865,CARD0000003482,DEBIT,ACTIVE,2025-08-02,2030-08-01,0.0,0.0,True
3483,3865,CARD0000003483,DEBIT,ACTIVE,2024-11-15,2029-11-14,0.0,0.0,True
3484,3866,CARD0000003484,DEBIT,ACTIVE,2025-03-07,2030-03-06,0.0,0.0,True
3485,3867,CARD0000003485,CREDIT_GOLD,ACTIVE,2023-02-04,2028-02-03,20000000.0,31.41,True
3486,3867,CARD0000003486,CREDIT_PLATINUM,ACTIVE,2023-11-24,2028-11-22,200000000.0,18.97,True
3487,3868,CARD0000003487,DEBIT,ACTIVE,2022-05-24,2027-05-23,0.0,0.0,True
3488,3869,CARD0000003488,DEBIT,ACTIVE,2022-05-23,2027-05-22,0.0,0.0,True
3489,3869,CARD0000003489,CREDIT_PLATINUM,ACTIVE,2024-06-18,2029-06-17,300000000.0,29.41,True
3490,3870,CARD0000003490,DEBIT,ACTIVE,2026-02-15,2031-02-14,0.0,0.0,True
3491,3870,CARD0000003491,DEBIT,ACTIVE,2024-08-01,2029-07-31,0.0,0.0,True
3492,3871,CARD0000003492,CREDIT_GOLD,ACTIVE,2023-04-21,2028-04-19,20000000.0,81.22,True
3493,3873,CARD0000003493,DEBIT,ACTIVE,2022-06-07,2027-06-06,0.0,0.0,True
3494,3874,CARD0000003494,DEBIT,ACTIVE,2024-01-28,2029-01-26,0.0,0.0,True
3495,3876,CARD0000003495,CREDIT_PLATINUM,ACTIVE,2024-08-08,2029-08-07,300000000.0,22.16,True
3496,3877,CARD0000003496,CREDIT_GOLD,ACTIVE,2022-06-10,2027-06-09,20000000.0,24.77,True
3497,3878,CARD0000003497,CREDIT_GOLD,ACTIVE,2023-09-11,2028-09-09,80000000.0,44.45,True
3498,3878,CARD0000003498,DEBIT,ACTIVE,2024-12-08,2029-12-07,0.0,0.0,True
3499,3879,CARD0000003499,CREDIT_PLATINUM,ACTIVE,2024-09-23,2029-09-22,300000000.0,30.35,True
3500,3880,CARD0000003500,CREDIT_GOLD,ACTIVE,2023-06-20,2028-06-18,20000000.0,27.29,True
3501,3881,CARD0000003501,DEBIT,ACTIVE,2021-11-09,2026-11-08,0.0,0.0,True
3502,3881,CARD0000003502,DEBIT,ACTIVE,2025-06-19,2030-06-18,0.0,0.0,True
3503,3882,CARD0000003503,CREDIT_STANDARD,ACTIVE,2023-04-22,2028-04-20,300000000.0,29.41,True
3504,3885,CARD0000003504,CREDIT_STANDARD,EXPIRED,2021-05-05,2026-05-04,120000000.0,27.14,True
3505,3886,CARD0000003505,CREDIT_GOLD,ACTIVE,2025-03-22,2030-03-21,50000000.0,38.24,True
3506,3887,CARD0000003506,CREDIT_STANDARD,ACTIVE,2022-08-05,2027-08-04,300000000.0,69.15,True
3507,3888,CARD0000003507,CREDIT_PLATINUM,ACTIVE,2023-07-18,2028-07-16,50000000.0,63.03,True
3508,3889,CARD0000003508,CREDIT_GOLD,ACTIVE,2024-01-15,2029-01-13,50000000.0,72.12,True
3509,3893,CARD0000003509,DEBIT,ACTIVE,2023-06-14,2028-06-12,0.0,0.0,True
3510,3896,CARD0000003510,DEBIT,ACTIVE,2026-04-06,2031-04-05,0.0,0.0,True
3511,3896,CARD0000003511,DEBIT,ACTIVE,2022-11-01,2027-10-31,0.0,0.0,True
3512,3897,CARD0000003512,DEBIT,ACTIVE,2023-01-11,2028-01-10,0.0,0.0,True
3513,3898,CARD0000003513,CREDIT_GOLD,ACTIVE,2025-09-30,2030-09-29,120000000.0,76.75,True
3514,3899,CARD0000003514,CREDIT_GOLD,ACTIVE,2021-10-17,2026-10-16,300000000.0,50.05,True
3515,3900,CARD0000003515,DEBIT,ACTIVE,2024-11-03,2029-11-02,0.0,0.0,True
3516,3901,CARD0000003516,CREDIT_STANDARD,ACTIVE,2023-04-23,2028-04-21,50000000.0,32.14,True
3517,3902,CARD0000003517,DEBIT,BLOCKED,2022-08-19,2027-08-18,0.0,0.0,True
3518,3902,CARD0000003518,DEBIT,ACTIVE,2026-01-07,2031-01-06,0.0,0.0,True
3519,3904,CARD0000003519,DEBIT,BLOCKED,2025-02-28,2030-02-27,0.0,0.0,True
3520,3907,CARD0000003520,DEBIT,ACTIVE,2024-02-26,2029-02-24,0.0,0.0,True
3521,3908,CARD0000003521,CREDIT_PLATINUM,ACTIVE,2025-03-10,2030-03-09,120000000.0,40.11,True
3522,3909,CARD0000003522,DEBIT,ACTIVE,2021-09-25,2026-09-24,0.0,0.0,True
3523,3911,CARD0000003523,DEBIT,ACTIVE,2024-07-19,2029-07-18,0.0,0.0,True
3524,3911,CARD0000003524,DEBIT,ACTIVE,2023-10-10,2028-10-08,0.0,0.0,True
3525,3912,CARD0000003525,DEBIT,ACTIVE,2024-01-21,2029-01-19,0.0,0.0,True
3526,3913,CARD0000003526,DEBIT,ACTIVE,2026-01-11,2031-01-10,0.0,0.0,True
3527,3914,CARD0000003527,DEBIT,ACTIVE,2021-10-14,2026-10-13,0.0,0.0,True
3528,3915,CARD0000003528,DEBIT,ACTIVE,2025-01-12,2030-01-11,0.0,0.0,True
3529,3919,CARD0000003529,CREDIT_PLATINUM,ACTIVE,2024-11-15,2029-11-14,200000000.0,8.68,False
3530,3920,CARD0000003530,CREDIT_STANDARD,BLOCKED,2025-07-25,2030-07-24,50000000.0,27.53,True
3531,3922,CARD0000003531,CREDIT_GOLD,ACTIVE,2023-05-29,2028-05-27,20000000.0,66.11,False
3532,3923,CARD0000003532,DEBIT,BLOCKED,2022-02-08,2027-02-07,0.0,0.0,True
3533,3924,CARD0000003533,DEBIT,EXPIRED,2021-08-27,2026-08-26,0.0,0.0,True
3534,3924,CARD0000003534,CREDIT_STANDARD,EXPIRED,2021-06-12,2026-06-11,20000000.0,49.82,True
3535,3926,CARD0000003535,CREDIT_GOLD,ACTIVE,2025-09-27,2030-09-26,200000000.0,29.75,True
3536,3926,CARD0000003536,DEBIT,ACTIVE,2025-11-27,2030-11-26,0.0,0.0,True
3537,3929,CARD0000003537,CREDIT_PLATINUM,ACTIVE,2023-03-18,2028-03-16,80000000.0,71.25,True
3538,3929,CARD0000003538,CREDIT_PLATINUM,ACTIVE,2024-06-03,2029-06-02,80000000.0,24.25,True
3539,3931,CARD0000003539,DEBIT,ACTIVE,2026-05-09,2031-05-08,0.0,0.0,True
3540,3931,CARD0000003540,CREDIT_PLATINUM,ACTIVE,2024-06-23,2029-06-22,200000000.0,84.14,True
3541,3933,CARD0000003541,DEBIT,ACTIVE,2026-03-20,2031-03-19,0.0,0.0,True
3542,3934,CARD0000003542,CREDIT_PLATINUM,ACTIVE,2023-07-03,2028-07-01,120000000.0,47.82,True
3543,3935,CARD0000003543,DEBIT,ACTIVE,2025-10-25,2030-10-24,0.0,0.0,True
3544,3936,CARD0000003544,DEBIT,ACTIVE,2025-09-18,2030-09-17,0.0,0.0,True
3545,3937,CARD0000003545,DEBIT,ACTIVE,2022-09-12,2027-09-11,0.0,0.0,True
3546,3938,CARD0000003546,CREDIT_GOLD,ACTIVE,2022-04-29,2027-04-28,20000000.0,4.45,True
3547,3938,CARD0000003547,DEBIT,ACTIVE,2023-09-17,2028-09-15,0.0,0.0,True
3548,3940,CARD0000003548,DEBIT,ACTIVE,2024-12-22,2029-12-21,0.0,0.0,True
3549,3941,CARD0000003549,CREDIT_PLATINUM,ACTIVE,2023-10-12,2028-10-10,200000000.0,63.83,True
3550,3941,CARD0000003550,CREDIT_STANDARD,ACTIVE,2025-01-09,2030-01-08,200000000.0,47.32,True
3551,3942,CARD0000003551,DEBIT,ACTIVE,2025-05-31,2030-05-30,0.0,0.0,True
3552,3944,CARD0000003552,CREDIT_STANDARD,ACTIVE,2023-07-29,2028-07-27,30000000.0,39.38,True
3553,3944,CARD0000003553,DEBIT,ACTIVE,2024-11-16,2029-11-15,0.0,0.0,True
3554,3948,CARD0000003554,CREDIT_STANDARD,ACTIVE,2023-05-25,2028-05-23,300000000.0,71.55,True
3555,3948,CARD0000003555,CREDIT_STANDARD,ACTIVE,2025-06-29,2030-06-28,20000000.0,48.71,True
3556,3949,CARD0000003556,DEBIT,ACTIVE,2025-02-06,2030-02-05,0.0,0.0,True
3557,3950,CARD0000003557,CREDIT_PLATINUM,BLOCKED,2021-12-15,2026-12-14,80000000.0,5.72,True
3558,3951,CARD0000003558,CREDIT_GOLD,ACTIVE,2025-07-20,2030-07-19,50000000.0,81.95,False
3559,3951,CARD0000003559,DEBIT,ACTIVE,2022-07-24,2027-07-23,0.0,0.0,True
3560,3953,CARD0000003560,CREDIT_STANDARD,ACTIVE,2022-06-16,2027-06-15,80000000.0,19.4,False
3561,3953,CARD0000003561,CREDIT_STANDARD,BLOCKED,2026-02-10,2031-02-09,30000000.0,84.8,True
3562,3954,CARD0000003562,DEBIT,EXPIRED,2021-04-23,2026-04-22,0.0,0.0,True
3563,3955,CARD0000003563,CREDIT_PLATINUM,ACTIVE,2024-04-21,2029-04-20,300000000.0,22.47,True
3564,3955,CARD0000003564,DEBIT,ACTIVE,2025-03-21,2030-03-20,0.0,0.0,True
3565,3956,CARD0000003565,DEBIT,ACTIVE,2023-12-25,2028-12-23,0.0,0.0,True
3566,3957,CARD0000003566,DEBIT,ACTIVE,2025-09-30,2030-09-29,0.0,0.0,True
3567,3959,CARD0000003567,DEBIT,EXPIRED,2021-04-28,2026-04-27,0.0,0.0,True
3568,3959,CARD0000003568,DEBIT,ACTIVE,2024-10-19,2029-10-18,0.0,0.0,True
3569,3960,CARD0000003569,DEBIT,BLOCKED,2025-07-02,2030-07-01,0.0,0.0,True
3570,3962,CARD0000003570,DEBIT,ACTIVE,2024-04-30,2029-04-29,0.0,0.0,True
3571,3965,CARD0000003571,DEBIT,ACTIVE,2024-07-02,2029-07-01,0.0,0.0,True
3572,3965,CARD0000003572,DEBIT,ACTIVE,2025-04-21,2030-04-20,0.0,0.0,True
3573,3966,CARD0000003573,CREDIT_PLATINUM,ACTIVE,2025-01-20,2030-01-19,50000000.0,66.84,True
3574,3967,CARD0000003574,CREDIT_PLATINUM,BLOCKED,2021-11-10,2026-11-09,200000000.0,60.15,True
3575,3973,CARD0000003575,DEBIT,ACTIVE,2022-07-14,2027-07-13,0.0,0.0,True
3576,3973,CARD0000003576,CREDIT_PLATINUM,ACTIVE,2023-05-23,2028-05-21,300000000.0,17.53,True
3577,3975,CARD0000003577,DEBIT,ACTIVE,2022-06-07,2027-06-06,0.0,0.0,True
3578,3976,CARD0000003578,CREDIT_STANDARD,ACTIVE,2023-09-17,2028-09-15,20000000.0,31.35,True
3579,3978,CARD0000003579,CREDIT_STANDARD,ACTIVE,2022-03-11,2027-03-10,300000000.0,27.99,True
3580,3979,CARD0000003580,DEBIT,ACTIVE,2023-07-21,2028-07-19,0.0,0.0,True
3581,3980,CARD0000003581,CREDIT_STANDARD,ACTIVE,2025-12-25,2030-12-24,120000000.0,3.78,True
3582,3980,CARD0000003582,DEBIT,ACTIVE,2021-10-23,2026-10-22,0.0,0.0,True
3583,3981,CARD0000003583,CREDIT_GOLD,ACTIVE,2024-10-24,2029-10-23,30000000.0,49.88,True
3584,3981,CARD0000003584,CREDIT_GOLD,ACTIVE,2025-11-26,2030-11-25,80000000.0,74.39,True
3585,3982,CARD0000003585,CREDIT_GOLD,ACTIVE,2021-09-26,2026-09-25,120000000.0,34.84,True
3586,3983,CARD0000003586,DEBIT,ACTIVE,2023-12-02,2028-11-30,0.0,0.0,True
3587,3984,CARD0000003587,CREDIT_PLATINUM,ACTIVE,2024-07-29,2029-07-28,200000000.0,7.48,True
3588,3984,CARD0000003588,CREDIT_GOLD,ACTIVE,2024-11-08,2029-11-07,80000000.0,5.94,True
3589,3985,CARD0000003589,DEBIT,ACTIVE,2025-08-20,2030-08-19,0.0,0.0,True
3590,3986,CARD0000003590,DEBIT,ACTIVE,2024-02-19,2029-02-17,0.0,0.0,True
3591,3988,CARD0000003591,DEBIT,ACTIVE,2024-03-20,2029-03-19,0.0,0.0,True
3592,3989,CARD0000003592,CREDIT_PLATINUM,ACTIVE,2023-09-17,2028-09-15,50000000.0,31.17,True
3593,3990,CARD0000003593,DEBIT,ACTIVE,2025-06-21,2030-06-20,0.0,0.0,True
3594,3992,CARD0000003594,DEBIT,ACTIVE,2023-05-16,2028-05-14,0.0,0.0,True
3595,3993,CARD0000003595,CREDIT_GOLD,EXPIRED,2021-04-30,2026-04-29,120000000.0,80.14,True
3596,3993,CARD0000003596,CREDIT_STANDARD,ACTIVE,2026-03-13,2031-03-12,200000000.0,78.59,True
3597,3994,CARD0000003597,DEBIT,ACTIVE,2023-07-16,2028-07-14,0.0,0.0,True
3598,3995,CARD0000003598,CREDIT_GOLD,ACTIVE,2022-12-31,2027-12-30,30000000.0,28.17,True
3599,3996,CARD0000003599,CREDIT_GOLD,ACTIVE,2024-07-14,2029-07-13,120000000.0,80.23,True
3600,3997,CARD0000003600,DEBIT,ACTIVE,2025-02-09,2030-02-08,0.0,0.0,True
3601,3997,CARD0000003601,CREDIT_PLATINUM,EXPIRED,2021-04-21,2026-04-20,200000000.0,41.22,True
3602,3998,CARD0000003602,DEBIT,ACTIVE,2023-12-19,2028-12-17,0.0,0.0,True
3603,3999,CARD0000003603,DEBIT,ACTIVE,2025-01-25,2030-01-24,0.0,0.0,True
3604,3999,CARD0000003604,DEBIT,BLOCKED,2022-08-31,2027-08-30,0.0,0.0,True
3605,4001,CARD0000003605,CREDIT_GOLD,ACTIVE,2022-01-05,2027-01-04,80000000.0,4.21,True
3606,4001,CARD0000003606,CREDIT_GOLD,BLOCKED,2024-10-05,2029-10-04,20000000.0,0.9,True
3607,4002,CARD0000003607,CREDIT_PLATINUM,ACTIVE,2026-05-21,2031-05-20,80000000.0,37.61,True
3608,4004,CARD0000003608,CREDIT_GOLD,ACTIVE,2026-06-11,2031-06-10,50000000.0,28.97,True
3609,4006,CARD0000003609,CREDIT_STANDARD,ACTIVE,2022-01-15,2027-01-14,200000000.0,5.77,True
3610,4007,CARD0000003610,CREDIT_GOLD,ACTIVE,2022-01-29,2027-01-28,50000000.0,55.95,True
3611,4007,CARD0000003611,DEBIT,ACTIVE,2022-02-25,2027-02-24,0.0,0.0,True
3612,4011,CARD0000003612,CREDIT_PLATINUM,ACTIVE,2022-04-21,2027-04-20,50000000.0,7.3,True
3613,4014,CARD0000003613,CREDIT_GOLD,ACTIVE,2024-11-23,2029-11-22,80000000.0,34.56,True
3614,4016,CARD0000003614,DEBIT,ACTIVE,2022-11-22,2027-11-21,0.0,0.0,True
3615,4018,CARD0000003615,DEBIT,ACTIVE,2024-04-24,2029-04-23,0.0,0.0,True
3616,4018,CARD0000003616,DEBIT,EXPIRED,2021-08-04,2026-08-03,0.0,0.0,True
3617,4019,CARD0000003617,CREDIT_GOLD,ACTIVE,2022-09-28,2027-09-27,30000000.0,79.9,False
3618,4020,CARD0000003618,CREDIT_GOLD,ACTIVE,2023-10-20,2028-10-18,200000000.0,0.24,True
3619,4022,CARD0000003619,CREDIT_PLATINUM,ACTIVE,2022-03-05,2027-03-04,80000000.0,14.98,True
3620,4023,CARD0000003620,CREDIT_GOLD,ACTIVE,2023-09-17,2028-09-15,300000000.0,47.25,True
3621,4023,CARD0000003621,CREDIT_GOLD,ACTIVE,2024-01-22,2029-01-20,20000000.0,83.9,True
3622,4024,CARD0000003622,CREDIT_PLATINUM,ACTIVE,2023-10-12,2028-10-10,300000000.0,76.82,True
3623,4027,CARD0000003623,CREDIT_GOLD,ACTIVE,2026-05-23,2031-05-22,120000000.0,5.07,True
3624,4027,CARD0000003624,CREDIT_PLATINUM,ACTIVE,2025-02-15,2030-02-14,30000000.0,7.8,True
3625,4028,CARD0000003625,CREDIT_PLATINUM,ACTIVE,2024-11-23,2029-11-22,120000000.0,5.18,True
3626,4029,CARD0000003626,CREDIT_PLATINUM,ACTIVE,2022-10-30,2027-10-29,80000000.0,19.86,True
3627,4029,CARD0000003627,CREDIT_GOLD,ACTIVE,2025-05-12,2030-05-11,80000000.0,59.88,True
3628,4030,CARD0000003628,CREDIT_PLATINUM,ACTIVE,2025-05-06,2030-05-05,20000000.0,44.72,True
3629,4031,CARD0000003629,CREDIT_GOLD,ACTIVE,2026-05-24,2031-05-23,50000000.0,27.15,False
3630,4032,CARD0000003630,DEBIT,EXPIRED,2021-07-05,2026-07-04,0.0,0.0,True
3631,4034,CARD0000003631,CREDIT_GOLD,ACTIVE,2025-10-03,2030-10-02,50000000.0,31.96,True
3632,4035,CARD0000003632,CREDIT_PLATINUM,ACTIVE,2022-11-16,2027-11-15,120000000.0,31.48,True
3633,4037,CARD0000003633,DEBIT,ACTIVE,2022-01-16,2027-01-15,0.0,0.0,True
3634,4038,CARD0000003634,CREDIT_PLATINUM,ACTIVE,2025-09-18,2030-09-17,80000000.0,80.24,True
3635,4038,CARD0000003635,CREDIT_GOLD,ACTIVE,2023-05-12,2028-05-10,200000000.0,37.83,True
3636,4039,CARD0000003636,CREDIT_PLATINUM,ACTIVE,2024-08-27,2029-08-26,30000000.0,33.08,True
3637,4039,CARD0000003637,DEBIT,EXPIRED,2021-04-03,2026-04-02,0.0,0.0,True
3638,4040,CARD0000003638,CREDIT_STANDARD,ACTIVE,2026-06-07,2031-06-06,80000000.0,46.45,True
3639,4041,CARD0000003639,DEBIT,BLOCKED,2022-09-25,2027-09-24,0.0,0.0,True
3640,4041,CARD0000003640,DEBIT,ACTIVE,2023-04-09,2028-04-07,0.0,0.0,True
3641,4043,CARD0000003641,CREDIT_STANDARD,ACTIVE,2025-04-26,2030-04-25,200000000.0,72.75,True
3642,4044,CARD0000003642,DEBIT,ACTIVE,2025-03-26,2030-03-25,0.0,0.0,True
3643,4045,CARD0000003643,DEBIT,ACTIVE,2026-04-11,2031-04-10,0.0,0.0,True
3644,4046,CARD0000003644,CREDIT_STANDARD,ACTIVE,2025-03-18,2030-03-17,50000000.0,10.22,True
3645,4046,CARD0000003645,CREDIT_STANDARD,ACTIVE,2025-07-17,2030-07-16,200000000.0,24.56,False
3646,4049,CARD0000003646,DEBIT,ACTIVE,2024-01-28,2029-01-26,0.0,0.0,True
3647,4050,CARD0000003647,DEBIT,ACTIVE,2025-01-20,2030-01-19,0.0,0.0,True
3648,4051,CARD0000003648,CREDIT_GOLD,ACTIVE,2022-11-26,2027-11-25,20000000.0,67.85,True
3649,4052,CARD0000003649,DEBIT,ACTIVE,2025-10-22,2030-10-21,0.0,0.0,True
3650,4053,CARD0000003650,DEBIT,ACTIVE,2023-05-12,2028-05-10,0.0,0.0,True
3651,4054,CARD0000003651,DEBIT,ACTIVE,2026-05-30,2031-05-29,0.0,0.0,True
3652,4054,CARD0000003652,DEBIT,EXPIRED,2021-06-24,2026-06-23,0.0,0.0,True
3653,4058,CARD0000003653,DEBIT,ACTIVE,2025-01-19,2030-01-18,0.0,0.0,True
3654,4059,CARD0000003654,DEBIT,ACTIVE,2021-11-09,2026-11-08,0.0,0.0,True
3655,4059,CARD0000003655,DEBIT,ACTIVE,2024-02-26,2029-02-24,0.0,0.0,True
3656,4063,CARD0000003656,DEBIT,ACTIVE,2025-09-17,2030-09-16,0.0,0.0,True
3657,4063,CARD0000003657,CREDIT_STANDARD,ACTIVE,2022-06-27,2027-06-26,200000000.0,22.86,True
3658,4064,CARD0000003658,DEBIT,ACTIVE,2025-12-30,2030-12-29,0.0,0.0,True
3659,4065,CARD0000003659,CREDIT_STANDARD,ACTIVE,2024-06-11,2029-06-10,20000000.0,74.89,True
3660,4065,CARD0000003660,DEBIT,ACTIVE,2024-07-16,2029-07-15,0.0,0.0,True
3661,4066,CARD0000003661,DEBIT,BLOCKED,2022-06-29,2027-06-28,0.0,0.0,True
3662,4072,CARD0000003662,DEBIT,ACTIVE,2021-09-25,2026-09-24,0.0,0.0,True
3663,4072,CARD0000003663,DEBIT,ACTIVE,2022-08-23,2027-08-22,0.0,0.0,True
3664,4073,CARD0000003664,DEBIT,ACTIVE,2023-02-26,2028-02-25,0.0,0.0,True
3665,4074,CARD0000003665,CREDIT_STANDARD,ACTIVE,2025-01-09,2030-01-08,20000000.0,34.99,False
3666,4075,CARD0000003666,CREDIT_GOLD,EXPIRED,2021-08-21,2026-08-20,300000000.0,24.1,True
3667,4076,CARD0000003667,DEBIT,ACTIVE,2022-05-05,2027-05-04,0.0,0.0,True
3668,4077,CARD0000003668,DEBIT,ACTIVE,2023-08-29,2028-08-27,0.0,0.0,True
3669,4078,CARD0000003669,CREDIT_STANDARD,ACTIVE,2023-08-24,2028-08-22,50000000.0,39.34,True
3670,4080,CARD0000003670,CREDIT_GOLD,ACTIVE,2021-09-10,2026-09-09,200000000.0,24.4,True
3671,4081,CARD0000003671,DEBIT,EXPIRED,2021-08-11,2026-08-10,0.0,0.0,True
3672,4084,CARD0000003672,DEBIT,ACTIVE,2024-03-07,2029-03-06,0.0,0.0,True
3673,4086,CARD0000003673,CREDIT_PLATINUM,ACTIVE,2025-06-02,2030-06-01,200000000.0,32.5,True
3674,4087,CARD0000003674,CREDIT_STANDARD,ACTIVE,2024-06-26,2029-06-25,200000000.0,79.65,True
3675,4089,CARD0000003675,CREDIT_PLATINUM,ACTIVE,2026-05-03,2031-05-02,300000000.0,63.78,True
3676,4090,CARD0000003676,CREDIT_PLATINUM,ACTIVE,2024-05-19,2029-05-18,80000000.0,9.44,False
3677,4090,CARD0000003677,CREDIT_STANDARD,ACTIVE,2022-10-16,2027-10-15,120000000.0,9.16,True
3678,4091,CARD0000003678,DEBIT,ACTIVE,2022-07-17,2027-07-16,0.0,0.0,True
3679,4091,CARD0000003679,CREDIT_PLATINUM,ACTIVE,2024-02-20,2029-02-18,50000000.0,49.54,True
3680,4098,CARD0000003680,DEBIT,EXPIRED,2021-06-01,2026-05-31,0.0,0.0,True
3681,4099,CARD0000003681,CREDIT_STANDARD,ACTIVE,2022-05-05,2027-05-04,80000000.0,0.22,True
3682,4102,CARD0000003682,DEBIT,BLOCKED,2022-12-07,2027-12-06,0.0,0.0,True
3683,4103,CARD0000003683,DEBIT,ACTIVE,2022-12-11,2027-12-10,0.0,0.0,True
3684,4104,CARD0000003684,CREDIT_STANDARD,ACTIVE,2024-08-23,2029-08-22,300000000.0,31.25,True
3685,4105,CARD0000003685,DEBIT,ACTIVE,2024-05-04,2029-05-03,0.0,0.0,True
3686,4106,CARD0000003686,CREDIT_STANDARD,ACTIVE,2021-11-03,2026-11-02,120000000.0,44.01,True
3687,4107,CARD0000003687,CREDIT_STANDARD,ACTIVE,2025-01-16,2030-01-15,200000000.0,5.75,True
3688,4107,CARD0000003688,DEBIT,ACTIVE,2023-08-18,2028-08-16,0.0,0.0,True
3689,4108,CARD0000003689,DEBIT,ACTIVE,2025-02-28,2030-02-27,0.0,0.0,True
3690,4108,CARD0000003690,DEBIT,ACTIVE,2022-06-09,2027-06-08,0.0,0.0,True
3691,4109,CARD0000003691,DEBIT,ACTIVE,2024-10-04,2029-10-03,0.0,0.0,True
3692,4112,CARD0000003692,CREDIT_STANDARD,EXPIRED,2021-05-27,2026-05-26,80000000.0,72.71,True
3693,4112,CARD0000003693,CREDIT_GOLD,BLOCKED,2025-05-22,2030-05-21,50000000.0,19.33,True
3694,4113,CARD0000003694,DEBIT,ACTIVE,2024-06-02,2029-06-01,0.0,0.0,True
3695,4113,CARD0000003695,CREDIT_PLATINUM,ACTIVE,2023-06-03,2028-06-01,20000000.0,32.27,True
3696,4114,CARD0000003696,CREDIT_GOLD,ACTIVE,2024-01-06,2029-01-04,80000000.0,45.66,True
3697,4115,CARD0000003697,CREDIT_PLATINUM,ACTIVE,2024-03-06,2029-03-05,50000000.0,63.84,True
3698,4117,CARD0000003698,DEBIT,ACTIVE,2026-03-23,2031-03-22,0.0,0.0,True
3699,4119,CARD0000003699,CREDIT_STANDARD,EXPIRED,2021-07-13,2026-07-12,200000000.0,41.23,True
3700,4121,CARD0000003700,CREDIT_STANDARD,ACTIVE,2024-08-19,2029-08-18,120000000.0,19.64,True
3701,4123,CARD0000003701,CREDIT_STANDARD,ACTIVE,2022-05-23,2027-05-22,120000000.0,33.14,True
3702,4124,CARD0000003702,DEBIT,ACTIVE,2026-03-22,2031-03-21,0.0,0.0,True
3703,4124,CARD0000003703,CREDIT_PLATINUM,ACTIVE,2021-10-06,2026-10-05,300000000.0,23.68,True
3704,4127,CARD0000003704,DEBIT,ACTIVE,2023-09-08,2028-09-06,0.0,0.0,True
3705,4128,CARD0000003705,DEBIT,ACTIVE,2026-02-23,2031-02-22,0.0,0.0,True
3706,4129,CARD0000003706,CREDIT_GOLD,ACTIVE,2024-08-12,2029-08-11,200000000.0,55.77,True
3707,4130,CARD0000003707,DEBIT,ACTIVE,2026-01-06,2031-01-05,0.0,0.0,True
3708,4130,CARD0000003708,CREDIT_STANDARD,ACTIVE,2023-08-12,2028-08-10,300000000.0,69.62,True
3709,4131,CARD0000003709,DEBIT,ACTIVE,2024-03-26,2029-03-25,0.0,0.0,True
3710,4132,CARD0000003710,CREDIT_STANDARD,ACTIVE,2024-02-16,2029-02-14,120000000.0,47.34,True
3711,4133,CARD0000003711,CREDIT_STANDARD,ACTIVE,2024-12-15,2029-12-14,120000000.0,25.11,True
3712,4133,CARD0000003712,DEBIT,ACTIVE,2022-04-11,2027-04-10,0.0,0.0,True
3713,4134,CARD0000003713,DEBIT,ACTIVE,2024-04-10,2029-04-09,0.0,0.0,True
3714,4135,CARD0000003714,DEBIT,BLOCKED,2024-02-25,2029-02-23,0.0,0.0,True
3715,4135,CARD0000003715,CREDIT_PLATINUM,ACTIVE,2022-11-09,2027-11-08,50000000.0,82.0,True
3716,4136,CARD0000003716,CREDIT_PLATINUM,EXPIRED,2021-04-10,2026-04-09,300000000.0,38.24,True
3717,4137,CARD0000003717,CREDIT_PLATINUM,ACTIVE,2022-07-17,2027-07-16,300000000.0,25.95,True
3718,4138,CARD0000003718,DEBIT,ACTIVE,2026-04-13,2031-04-12,0.0,0.0,True
3719,4141,CARD0000003719,DEBIT,ACTIVE,2025-03-01,2030-02-28,0.0,0.0,True
3720,4142,CARD0000003720,CREDIT_GOLD,ACTIVE,2024-08-31,2029-08-30,200000000.0,25.65,True
3721,4143,CARD0000003721,CREDIT_PLATINUM,EXPIRED,2021-03-30,2026-03-29,50000000.0,43.27,True
3722,4143,CARD0000003722,CREDIT_PLATINUM,ACTIVE,2022-10-11,2027-10-10,50000000.0,70.58,True
3723,4144,CARD0000003723,CREDIT_STANDARD,ACTIVE,2022-09-21,2027-09-20,300000000.0,25.52,True
3724,4145,CARD0000003724,DEBIT,ACTIVE,2024-08-27,2029-08-26,0.0,0.0,True
3725,4145,CARD0000003725,DEBIT,EXPIRED,2021-05-31,2026-05-30,0.0,0.0,True
3726,4147,CARD0000003726,CREDIT_GOLD,BLOCKED,2024-04-09,2029-04-08,30000000.0,49.54,True
3727,4148,CARD0000003727,DEBIT,ACTIVE,2025-11-24,2030-11-23,0.0,0.0,True
3728,4148,CARD0000003728,CREDIT_GOLD,ACTIVE,2022-06-10,2027-06-09,300000000.0,7.16,True
3729,4149,CARD0000003729,DEBIT,ACTIVE,2025-06-19,2030-06-18,0.0,0.0,True
3730,4149,CARD0000003730,CREDIT_GOLD,ACTIVE,2022-10-20,2027-10-19,20000000.0,61.51,True
3731,4150,CARD0000003731,DEBIT,ACTIVE,2024-02-06,2029-02-04,0.0,0.0,True
3732,4152,CARD0000003732,DEBIT,ACTIVE,2023-12-17,2028-12-15,0.0,0.0,True
3733,4153,CARD0000003733,CREDIT_PLATINUM,ACTIVE,2022-03-08,2027-03-07,120000000.0,41.06,False
3734,4153,CARD0000003734,DEBIT,EXPIRED,2021-06-18,2026-06-17,0.0,0.0,True
3735,4155,CARD0000003735,CREDIT_PLATINUM,ACTIVE,2023-02-02,2028-02-01,120000000.0,77.86,False
3736,4155,CARD0000003736,DEBIT,ACTIVE,2023-01-16,2028-01-15,0.0,0.0,True
3737,4157,CARD0000003737,CREDIT_GOLD,ACTIVE,2025-12-29,2030-12-28,80000000.0,40.69,True
3738,4158,CARD0000003738,CREDIT_GOLD,ACTIVE,2025-05-21,2030-05-20,80000000.0,80.92,True
3739,4161,CARD0000003739,DEBIT,ACTIVE,2025-10-20,2030-10-19,0.0,0.0,True
3740,4161,CARD0000003740,DEBIT,ACTIVE,2023-04-11,2028-04-09,0.0,0.0,True
3741,4163,CARD0000003741,DEBIT,ACTIVE,2025-07-17,2030-07-16,0.0,0.0,True
3742,4163,CARD0000003742,DEBIT,EXPIRED,2021-03-13,2026-03-12,0.0,0.0,True
3743,4164,CARD0000003743,CREDIT_GOLD,EXPIRED,2021-08-02,2026-08-01,80000000.0,33.69,True
3744,4165,CARD0000003744,DEBIT,ACTIVE,2025-09-19,2030-09-18,0.0,0.0,True
3745,4167,CARD0000003745,CREDIT_STANDARD,ACTIVE,2025-04-15,2030-04-14,200000000.0,17.93,True
3746,4169,CARD0000003746,CREDIT_PLATINUM,EXPIRED,2021-05-18,2026-05-17,30000000.0,19.0,True
3747,4171,CARD0000003747,CREDIT_PLATINUM,ACTIVE,2021-12-07,2026-12-06,50000000.0,36.22,True
3748,4171,CARD0000003748,DEBIT,ACTIVE,2024-10-14,2029-10-13,0.0,0.0,True
3749,4172,CARD0000003749,CREDIT_PLATINUM,ACTIVE,2021-11-10,2026-11-09,30000000.0,3.19,True
3750,4173,CARD0000003750,DEBIT,ACTIVE,2024-11-12,2029-11-11,0.0,0.0,True
3751,4176,CARD0000003751,DEBIT,ACTIVE,2023-12-04,2028-12-02,0.0,0.0,True
3752,4177,CARD0000003752,CREDIT_PLATINUM,ACTIVE,2022-06-13,2027-06-12,120000000.0,78.05,False
3753,4177,CARD0000003753,DEBIT,ACTIVE,2026-01-26,2031-01-25,0.0,0.0,True
3754,4178,CARD0000003754,CREDIT_STANDARD,ACTIVE,2025-01-09,2030-01-08,80000000.0,41.28,True
3755,4179,CARD0000003755,DEBIT,ACTIVE,2022-07-10,2027-07-09,0.0,0.0,True
3756,4179,CARD0000003756,CREDIT_STANDARD,ACTIVE,2022-12-02,2027-12-01,20000000.0,2.96,True
3757,4182,CARD0000003757,DEBIT,EXPIRED,2021-07-04,2026-07-03,0.0,0.0,True
3758,4183,CARD0000003758,CREDIT_STANDARD,ACTIVE,2024-11-25,2029-11-24,120000000.0,2.82,True
3759,4184,CARD0000003759,DEBIT,ACTIVE,2023-08-20,2028-08-18,0.0,0.0,True
3760,4185,CARD0000003760,DEBIT,ACTIVE,2025-06-15,2030-06-14,0.0,0.0,True
3761,4185,CARD0000003761,CREDIT_GOLD,ACTIVE,2026-06-26,2031-06-25,20000000.0,45.62,True
3762,4187,CARD0000003762,CREDIT_STANDARD,ACTIVE,2022-05-28,2027-05-27,50000000.0,53.25,True
3763,4187,CARD0000003763,CREDIT_STANDARD,BLOCKED,2022-04-23,2027-04-22,300000000.0,73.34,True
3764,4188,CARD0000003764,CREDIT_GOLD,ACTIVE,2024-03-13,2029-03-12,50000000.0,64.47,True
3765,4189,CARD0000003765,DEBIT,ACTIVE,2024-03-24,2029-03-23,0.0,0.0,True
3766,4190,CARD0000003766,DEBIT,ACTIVE,2023-01-03,2028-01-02,0.0,0.0,True
3767,4191,CARD0000003767,CREDIT_PLATINUM,ACTIVE,2022-10-27,2027-10-26,200000000.0,80.4,True
3768,4192,CARD0000003768,DEBIT,ACTIVE,2026-01-08,2031-01-07,0.0,0.0,True
3769,4193,CARD0000003769,DEBIT,ACTIVE,2022-10-05,2027-10-04,0.0,0.0,True
3770,4194,CARD0000003770,CREDIT_GOLD,ACTIVE,2026-06-22,2031-06-21,80000000.0,63.17,True
3771,4194,CARD0000003771,DEBIT,EXPIRED,2021-05-28,2026-05-27,0.0,0.0,True
3772,4196,CARD0000003772,DEBIT,ACTIVE,2024-08-21,2029-08-20,0.0,0.0,True
3773,4197,CARD0000003773,CREDIT_PLATINUM,ACTIVE,2025-01-14,2030-01-13,20000000.0,73.16,True
3774,4199,CARD0000003774,CREDIT_PLATINUM,ACTIVE,2025-08-04,2030-08-03,120000000.0,7.6,True
3775,4200,CARD0000003775,CREDIT_GOLD,ACTIVE,2024-09-25,2029-09-24,120000000.0,78.79,True
3776,4203,CARD0000003776,CREDIT_GOLD,ACTIVE,2023-12-19,2028-12-17,50000000.0,65.58,True
3777,4204,CARD0000003777,DEBIT,ACTIVE,2023-09-09,2028-09-07,0.0,0.0,True
3778,4205,CARD0000003778,DEBIT,ACTIVE,2025-09-22,2030-09-21,0.0,0.0,True
3779,4205,CARD0000003779,CREDIT_STANDARD,EXPIRED,2021-07-19,2026-07-18,30000000.0,8.12,True
3780,4208,CARD0000003780,CREDIT_PLATINUM,ACTIVE,2024-11-05,2029-11-04,30000000.0,72.63,True
3781,4208,CARD0000003781,DEBIT,ACTIVE,2022-07-24,2027-07-23,0.0,0.0,True
3782,4210,CARD0000003782,CREDIT_PLATINUM,ACTIVE,2023-06-21,2028-06-19,30000000.0,5.22,True
3783,4210,CARD0000003783,CREDIT_GOLD,EXPIRED,2021-04-06,2026-04-05,300000000.0,32.37,True
3784,4211,CARD0000003784,CREDIT_GOLD,ACTIVE,2024-05-22,2029-05-21,30000000.0,3.11,True
3785,4213,CARD0000003785,CREDIT_GOLD,ACTIVE,2022-03-10,2027-03-09,20000000.0,47.25,True
3786,4214,CARD0000003786,DEBIT,ACTIVE,2025-04-22,2030-04-21,0.0,0.0,True
3787,4215,CARD0000003787,CREDIT_STANDARD,ACTIVE,2023-12-19,2028-12-17,50000000.0,31.65,True
3788,4215,CARD0000003788,DEBIT,ACTIVE,2025-05-11,2030-05-10,0.0,0.0,True
3789,4216,CARD0000003789,DEBIT,ACTIVE,2022-07-30,2027-07-29,0.0,0.0,True
3790,4217,CARD0000003790,DEBIT,EXPIRED,2021-07-09,2026-07-08,0.0,0.0,True
3791,4218,CARD0000003791,CREDIT_STANDARD,ACTIVE,2023-09-08,2028-09-06,120000000.0,29.19,True
3792,4218,CARD0000003792,DEBIT,ACTIVE,2022-03-13,2027-03-12,0.0,0.0,True
3793,4219,CARD0000003793,CREDIT_STANDARD,ACTIVE,2024-10-04,2029-10-03,50000000.0,32.62,True
3794,4220,CARD0000003794,CREDIT_PLATINUM,ACTIVE,2023-01-11,2028-01-10,120000000.0,9.74,True
3795,4222,CARD0000003795,DEBIT,ACTIVE,2024-02-22,2029-02-20,0.0,0.0,True
3796,4223,CARD0000003796,CREDIT_PLATINUM,ACTIVE,2023-03-30,2028-03-28,300000000.0,16.16,True
3797,4225,CARD0000003797,CREDIT_GOLD,ACTIVE,2025-01-01,2029-12-31,300000000.0,20.32,True
3798,4225,CARD0000003798,DEBIT,ACTIVE,2025-03-17,2030-03-16,0.0,0.0,True
3799,4226,CARD0000003799,DEBIT,ACTIVE,2022-05-26,2027-05-25,0.0,0.0,True
3800,4227,CARD0000003800,DEBIT,ACTIVE,2024-06-28,2029-06-27,0.0,0.0,True
3801,4227,CARD0000003801,DEBIT,ACTIVE,2024-05-21,2029-05-20,0.0,0.0,True
3802,4232,CARD0000003802,DEBIT,ACTIVE,2022-02-19,2027-02-18,0.0,0.0,True
3803,4233,CARD0000003803,CREDIT_STANDARD,ACTIVE,2023-04-11,2028-04-09,20000000.0,2.38,True
3804,4234,CARD0000003804,DEBIT,ACTIVE,2022-08-30,2027-08-29,0.0,0.0,True
3805,4235,CARD0000003805,CREDIT_STANDARD,ACTIVE,2023-09-01,2028-08-30,300000000.0,81.99,True
3806,4237,CARD0000003806,CREDIT_STANDARD,ACTIVE,2025-06-20,2030-06-19,50000000.0,51.77,True
3807,4237,CARD0000003807,CREDIT_STANDARD,ACTIVE,2022-03-30,2027-03-29,120000000.0,60.61,False
3808,4239,CARD0000003808,CREDIT_GOLD,ACTIVE,2025-06-10,2030-06-09,50000000.0,45.44,True
3809,4240,CARD0000003809,CREDIT_STANDARD,ACTIVE,2026-06-18,2031-06-17,50000000.0,3.03,True
3810,4241,CARD0000003810,DEBIT,ACTIVE,2022-01-07,2027-01-06,0.0,0.0,True
3811,4242,CARD0000003811,CREDIT_GOLD,ACTIVE,2025-08-20,2030-08-19,20000000.0,23.57,True
3812,4245,CARD0000003812,CREDIT_PLATINUM,EXPIRED,2021-06-15,2026-06-14,300000000.0,9.9,True
3813,4247,CARD0000003813,DEBIT,ACTIVE,2025-11-19,2030-11-18,0.0,0.0,True
3814,4248,CARD0000003814,CREDIT_PLATINUM,ACTIVE,2022-06-27,2027-06-26,120000000.0,47.79,True
3815,4248,CARD0000003815,CREDIT_GOLD,ACTIVE,2023-04-01,2028-03-30,120000000.0,69.77,True
3816,4250,CARD0000003816,DEBIT,ACTIVE,2023-08-16,2028-08-14,0.0,0.0,True
3817,4251,CARD0000003817,DEBIT,ACTIVE,2023-02-08,2028-02-07,0.0,0.0,True
3818,4251,CARD0000003818,CREDIT_PLATINUM,BLOCKED,2024-11-14,2029-11-13,120000000.0,34.35,True
3819,4252,CARD0000003819,DEBIT,ACTIVE,2022-09-27,2027-09-26,0.0,0.0,True
3820,4253,CARD0000003820,CREDIT_STANDARD,ACTIVE,2026-06-24,2031-06-23,300000000.0,28.04,True
3821,4254,CARD0000003821,CREDIT_STANDARD,ACTIVE,2024-05-23,2029-05-22,120000000.0,46.94,True
3822,4256,CARD0000003822,CREDIT_PLATINUM,ACTIVE,2021-12-03,2026-12-02,30000000.0,80.98,True
3823,4257,CARD0000003823,DEBIT,ACTIVE,2023-01-31,2028-01-30,0.0,0.0,True
3824,4258,CARD0000003824,DEBIT,ACTIVE,2022-12-06,2027-12-05,0.0,0.0,True
3825,4259,CARD0000003825,CREDIT_PLATINUM,ACTIVE,2024-06-23,2029-06-22,120000000.0,78.07,True
3826,4262,CARD0000003826,CREDIT_PLATINUM,ACTIVE,2022-09-09,2027-09-08,300000000.0,54.2,True
3827,4262,CARD0000003827,CREDIT_STANDARD,EXPIRED,2021-05-04,2026-05-03,120000000.0,67.47,True
3828,4266,CARD0000003828,DEBIT,ACTIVE,2022-11-19,2027-11-18,0.0,0.0,True
3829,4266,CARD0000003829,CREDIT_GOLD,ACTIVE,2022-08-24,2027-08-23,80000000.0,18.69,True
3830,4267,CARD0000003830,CREDIT_STANDARD,BLOCKED,2022-08-13,2027-08-12,200000000.0,19.25,True
3831,4268,CARD0000003831,CREDIT_PLATINUM,ACTIVE,2024-05-24,2029-05-23,50000000.0,32.75,True
3832,4268,CARD0000003832,DEBIT,BLOCKED,2024-07-07,2029-07-06,0.0,0.0,True
3833,4269,CARD0000003833,DEBIT,ACTIVE,2024-01-06,2029-01-04,0.0,0.0,True
3834,4270,CARD0000003834,CREDIT_STANDARD,ACTIVE,2025-03-23,2030-03-22,20000000.0,0.88,True
3835,4271,CARD0000003835,CREDIT_PLATINUM,ACTIVE,2023-07-09,2028-07-07,120000000.0,23.52,True
3836,4272,CARD0000003836,CREDIT_STANDARD,ACTIVE,2025-03-16,2030-03-15,80000000.0,82.05,True
3837,4273,CARD0000003837,DEBIT,ACTIVE,2022-03-01,2027-02-28,0.0,0.0,True
3838,4273,CARD0000003838,CREDIT_PLATINUM,ACTIVE,2025-10-08,2030-10-07,30000000.0,40.33,True
3839,4276,CARD0000003839,CREDIT_GOLD,ACTIVE,2022-01-09,2027-01-08,20000000.0,61.85,True
3840,4277,CARD0000003840,CREDIT_GOLD,ACTIVE,2023-09-17,2028-09-15,120000000.0,70.2,True
3841,4277,CARD0000003841,DEBIT,ACTIVE,2024-01-06,2029-01-04,0.0,0.0,True
3842,4278,CARD0000003842,CREDIT_STANDARD,ACTIVE,2022-09-06,2027-09-05,200000000.0,39.14,True
3843,4280,CARD0000003843,DEBIT,ACTIVE,2023-09-05,2028-09-03,0.0,0.0,True
3844,4281,CARD0000003844,DEBIT,ACTIVE,2023-02-26,2028-02-25,0.0,0.0,True
3845,4282,CARD0000003845,DEBIT,ACTIVE,2023-03-08,2028-03-06,0.0,0.0,True
3846,4282,CARD0000003846,CREDIT_GOLD,ACTIVE,2025-11-09,2030-11-08,120000000.0,61.73,True
3847,4283,CARD0000003847,DEBIT,ACTIVE,2021-09-12,2026-09-11,0.0,0.0,True
3848,4284,CARD0000003848,CREDIT_PLATINUM,ACTIVE,2023-05-20,2028-05-18,50000000.0,50.4,True
3849,4286,CARD0000003849,CREDIT_PLATINUM,ACTIVE,2025-12-07,2030-12-06,200000000.0,19.0,True
3850,4286,CARD0000003850,CREDIT_GOLD,ACTIVE,2025-03-05,2030-03-04,20000000.0,10.45,True
3851,4287,CARD0000003851,DEBIT,ACTIVE,2024-01-09,2029-01-07,0.0,0.0,True
3852,4287,CARD0000003852,DEBIT,ACTIVE,2023-05-04,2028-05-02,0.0,0.0,True
3853,4290,CARD0000003853,DEBIT,BLOCKED,2023-12-09,2028-12-07,0.0,0.0,True
3854,4290,CARD0000003854,CREDIT_GOLD,ACTIVE,2022-12-06,2027-12-05,30000000.0,46.09,True
3855,4291,CARD0000003855,CREDIT_STANDARD,ACTIVE,2024-10-11,2029-10-10,20000000.0,40.89,True
3856,4291,CARD0000003856,CREDIT_STANDARD,ACTIVE,2022-01-09,2027-01-08,200000000.0,78.79,True
3857,4292,CARD0000003857,CREDIT_STANDARD,BLOCKED,2026-03-11,2031-03-10,50000000.0,82.98,True
3858,4293,CARD0000003858,CREDIT_STANDARD,BLOCKED,2025-07-29,2030-07-28,300000000.0,39.4,True
3859,4294,CARD0000003859,CREDIT_PLATINUM,ACTIVE,2025-09-29,2030-09-28,120000000.0,25.13,True
3860,4295,CARD0000003860,CREDIT_STANDARD,ACTIVE,2024-12-15,2029-12-14,20000000.0,83.04,True
3861,4295,CARD0000003861,DEBIT,BLOCKED,2023-02-10,2028-02-09,0.0,0.0,True
3862,4296,CARD0000003862,CREDIT_STANDARD,ACTIVE,2022-01-02,2027-01-01,300000000.0,49.82,True
3863,4297,CARD0000003863,CREDIT_PLATINUM,ACTIVE,2026-05-07,2031-05-06,20000000.0,70.06,True
3864,4299,CARD0000003864,DEBIT,EXPIRED,2021-06-11,2026-06-10,0.0,0.0,True
3865,4300,CARD0000003865,DEBIT,ACTIVE,2025-04-01,2030-03-31,0.0,0.0,True
3866,4302,CARD0000003866,CREDIT_STANDARD,ACTIVE,2024-04-15,2029-04-14,200000000.0,2.13,True
3867,4303,CARD0000003867,CREDIT_PLATINUM,ACTIVE,2023-06-03,2028-06-01,300000000.0,32.17,True
3868,4303,CARD0000003868,CREDIT_GOLD,ACTIVE,2023-12-29,2028-12-27,80000000.0,16.0,True
3869,4304,CARD0000003869,CREDIT_GOLD,ACTIVE,2021-12-25,2026-12-24,20000000.0,74.25,True
3870,4305,CARD0000003870,CREDIT_STANDARD,ACTIVE,2026-05-28,2031-05-27,80000000.0,66.09,True
3871,4306,CARD0000003871,CREDIT_GOLD,ACTIVE,2023-10-30,2028-10-28,50000000.0,80.85,True
3872,4308,CARD0000003872,CREDIT_PLATINUM,ACTIVE,2023-06-30,2028-06-28,30000000.0,50.19,True
3873,4308,CARD0000003873,DEBIT,ACTIVE,2023-05-18,2028-05-16,0.0,0.0,True
3874,4310,CARD0000003874,CREDIT_GOLD,ACTIVE,2025-11-01,2030-10-31,20000000.0,26.23,False
3875,4310,CARD0000003875,DEBIT,ACTIVE,2022-06-27,2027-06-26,0.0,0.0,True
3876,4311,CARD0000003876,DEBIT,ACTIVE,2025-06-04,2030-06-03,0.0,0.0,True
3877,4312,CARD0000003877,DEBIT,ACTIVE,2025-10-29,2030-10-28,0.0,0.0,True
3878,4313,CARD0000003878,DEBIT,ACTIVE,2022-01-16,2027-01-15,0.0,0.0,True
3879,4314,CARD0000003879,DEBIT,ACTIVE,2024-03-28,2029-03-27,0.0,0.0,True
3880,4315,CARD0000003880,CREDIT_GOLD,ACTIVE,2024-04-04,2029-04-03,300000000.0,48.55,True
3881,4315,CARD0000003881,DEBIT,ACTIVE,2022-02-19,2027-02-18,0.0,0.0,True
3882,4316,CARD0000003882,DEBIT,ACTIVE,2025-04-19,2030-04-18,0.0,0.0,True
3883,4317,CARD0000003883,CREDIT_STANDARD,ACTIVE,2025-03-30,2030-03-29,300000000.0,63.29,False
3884,4319,CARD0000003884,CREDIT_PLATINUM,ACTIVE,2022-06-24,2027-06-23,50000000.0,49.63,True
3885,4319,CARD0000003885,DEBIT,EXPIRED,2021-06-20,2026-06-19,0.0,0.0,True
3886,4320,CARD0000003886,DEBIT,ACTIVE,2026-03-13,2031-03-12,0.0,0.0,True
3887,4322,CARD0000003887,CREDIT_STANDARD,ACTIVE,2023-05-27,2028-05-25,300000000.0,33.9,True
3888,4322,CARD0000003888,CREDIT_GOLD,ACTIVE,2025-02-25,2030-02-24,50000000.0,31.21,True
3889,4323,CARD0000003889,DEBIT,BLOCKED,2024-01-09,2029-01-07,0.0,0.0,True
3890,4323,CARD0000003890,DEBIT,ACTIVE,2022-03-31,2027-03-30,0.0,0.0,True
3891,4324,CARD0000003891,CREDIT_GOLD,ACTIVE,2023-01-03,2028-01-02,80000000.0,76.06,False
3892,4324,CARD0000003892,DEBIT,ACTIVE,2023-04-03,2028-04-01,0.0,0.0,True
3893,4326,CARD0000003893,DEBIT,ACTIVE,2022-10-26,2027-10-25,0.0,0.0,True
3894,4327,CARD0000003894,CREDIT_STANDARD,ACTIVE,2022-05-13,2027-05-12,300000000.0,81.36,True
3895,4328,CARD0000003895,CREDIT_STANDARD,ACTIVE,2025-05-26,2030-05-25,20000000.0,9.15,True
3896,4328,CARD0000003896,DEBIT,ACTIVE,2025-08-26,2030-08-25,0.0,0.0,True
3897,4330,CARD0000003897,DEBIT,ACTIVE,2025-02-09,2030-02-08,0.0,0.0,True
3898,4331,CARD0000003898,CREDIT_STANDARD,EXPIRED,2021-03-13,2026-03-12,120000000.0,67.42,True
3899,4331,CARD0000003899,DEBIT,ACTIVE,2022-01-22,2027-01-21,0.0,0.0,True
3900,4334,CARD0000003900,DEBIT,ACTIVE,2023-03-25,2028-03-23,0.0,0.0,True
3901,4335,CARD0000003901,CREDIT_GOLD,ACTIVE,2022-07-08,2027-07-07,200000000.0,72.88,True
3902,4336,CARD0000003902,CREDIT_PLATINUM,ACTIVE,2021-12-29,2026-12-28,50000000.0,73.36,False
3903,4337,CARD0000003903,DEBIT,ACTIVE,2025-11-01,2030-10-31,0.0,0.0,True
3904,4338,CARD0000003904,CREDIT_GOLD,ACTIVE,2025-03-24,2030-03-23,80000000.0,42.46,True
3905,4339,CARD0000003905,DEBIT,EXPIRED,2021-07-26,2026-07-25,0.0,0.0,True
3906,4340,CARD0000003906,DEBIT,BLOCKED,2022-03-12,2027-03-11,0.0,0.0,True
3907,4341,CARD0000003907,DEBIT,ACTIVE,2025-11-15,2030-11-14,0.0,0.0,True
3908,4342,CARD0000003908,CREDIT_GOLD,ACTIVE,2021-10-17,2026-10-16,50000000.0,46.4,True
3909,4343,CARD0000003909,DEBIT,EXPIRED,2021-08-21,2026-08-20,0.0,0.0,True
3910,4343,CARD0000003910,DEBIT,EXPIRED,2021-06-19,2026-06-18,0.0,0.0,True
3911,4345,CARD0000003911,CREDIT_PLATINUM,BLOCKED,2021-12-28,2026-12-27,300000000.0,1.32,True
3912,4346,CARD0000003912,CREDIT_GOLD,ACTIVE,2026-03-17,2031-03-16,50000000.0,55.43,True
3913,4348,CARD0000003913,DEBIT,ACTIVE,2022-11-02,2027-11-01,0.0,0.0,True
3914,4348,CARD0000003914,DEBIT,ACTIVE,2024-06-26,2029-06-25,0.0,0.0,True
3915,4349,CARD0000003915,CREDIT_PLATINUM,ACTIVE,2024-09-07,2029-09-06,50000000.0,62.08,True
3916,4350,CARD0000003916,DEBIT,ACTIVE,2025-12-15,2030-12-14,0.0,0.0,True
3917,4350,CARD0000003917,CREDIT_GOLD,ACTIVE,2022-04-04,2027-04-03,120000000.0,67.17,True
3918,4351,CARD0000003918,CREDIT_PLATINUM,ACTIVE,2024-03-08,2029-03-07,50000000.0,16.81,True
3919,4353,CARD0000003919,CREDIT_GOLD,ACTIVE,2022-11-05,2027-11-04,50000000.0,9.94,False
3920,4354,CARD0000003920,CREDIT_GOLD,ACTIVE,2023-05-31,2028-05-29,20000000.0,28.72,True
3921,4356,CARD0000003921,CREDIT_PLATINUM,ACTIVE,2025-07-16,2030-07-15,200000000.0,5.41,False
3922,4357,CARD0000003922,CREDIT_GOLD,ACTIVE,2026-06-13,2031-06-12,30000000.0,50.3,True
3923,4357,CARD0000003923,DEBIT,ACTIVE,2024-06-01,2029-05-31,0.0,0.0,True
3924,4358,CARD0000003924,CREDIT_STANDARD,ACTIVE,2023-01-15,2028-01-14,20000000.0,84.77,True
3925,4359,CARD0000003925,CREDIT_PLATINUM,ACTIVE,2024-04-14,2029-04-13,300000000.0,49.41,True
3926,4359,CARD0000003926,CREDIT_PLATINUM,EXPIRED,2021-06-12,2026-06-11,50000000.0,80.53,True
3927,4361,CARD0000003927,CREDIT_STANDARD,ACTIVE,2022-11-30,2027-11-29,120000000.0,22.36,True
3928,4363,CARD0000003928,DEBIT,ACTIVE,2025-02-20,2030-02-19,0.0,0.0,True
3929,4364,CARD0000003929,DEBIT,ACTIVE,2024-11-19,2029-11-18,0.0,0.0,True
3930,4366,CARD0000003930,CREDIT_STANDARD,ACTIVE,2024-04-03,2029-04-02,80000000.0,57.17,True
3931,4367,CARD0000003931,DEBIT,ACTIVE,2023-04-23,2028-04-21,0.0,0.0,True
3932,4368,CARD0000003932,DEBIT,ACTIVE,2025-02-05,2030-02-04,0.0,0.0,True
3933,4368,CARD0000003933,CREDIT_STANDARD,EXPIRED,2021-05-18,2026-05-17,300000000.0,63.82,True
3934,4370,CARD0000003934,DEBIT,ACTIVE,2025-11-06,2030-11-05,0.0,0.0,True
3935,4372,CARD0000003935,DEBIT,ACTIVE,2025-01-06,2030-01-05,0.0,0.0,True
3936,4373,CARD0000003936,CREDIT_GOLD,ACTIVE,2022-11-21,2027-11-20,30000000.0,41.69,True
3937,4375,CARD0000003937,CREDIT_GOLD,ACTIVE,2025-08-26,2030-08-25,120000000.0,82.78,True
3938,4379,CARD0000003938,DEBIT,ACTIVE,2021-10-23,2026-10-22,0.0,0.0,True
3939,4379,CARD0000003939,CREDIT_GOLD,ACTIVE,2023-02-12,2028-02-11,80000000.0,84.91,True
3940,4380,CARD0000003940,CREDIT_GOLD,ACTIVE,2025-06-14,2030-06-13,30000000.0,33.6,True
3941,4381,CARD0000003941,CREDIT_GOLD,ACTIVE,2024-11-03,2029-11-02,30000000.0,53.85,True
3942,4382,CARD0000003942,DEBIT,ACTIVE,2026-02-14,2031-02-13,0.0,0.0,True
3943,4384,CARD0000003943,CREDIT_STANDARD,ACTIVE,2022-12-13,2027-12-12,30000000.0,33.36,True
3944,4385,CARD0000003944,DEBIT,ACTIVE,2022-05-27,2027-05-26,0.0,0.0,True
3945,4387,CARD0000003945,DEBIT,ACTIVE,2025-01-23,2030-01-22,0.0,0.0,True
3946,4389,CARD0000003946,CREDIT_GOLD,ACTIVE,2021-11-07,2026-11-06,200000000.0,1.55,True
3947,4391,CARD0000003947,CREDIT_PLATINUM,EXPIRED,2021-03-28,2026-03-27,300000000.0,11.15,True
3948,4391,CARD0000003948,CREDIT_GOLD,ACTIVE,2025-11-03,2030-11-02,80000000.0,28.14,True
3949,4392,CARD0000003949,CREDIT_STANDARD,ACTIVE,2023-07-17,2028-07-15,300000000.0,62.17,True
3950,4396,CARD0000003950,CREDIT_PLATINUM,ACTIVE,2021-10-21,2026-10-20,30000000.0,53.01,False
3951,4397,CARD0000003951,CREDIT_GOLD,ACTIVE,2023-01-02,2028-01-01,200000000.0,19.46,False
3952,4397,CARD0000003952,CREDIT_PLATINUM,ACTIVE,2022-01-15,2027-01-14,20000000.0,11.13,True
3953,4398,CARD0000003953,DEBIT,ACTIVE,2023-04-02,2028-03-31,0.0,0.0,True
3954,4400,CARD0000003954,DEBIT,ACTIVE,2024-04-10,2029-04-09,0.0,0.0,True
3955,4402,CARD0000003955,DEBIT,EXPIRED,2021-04-20,2026-04-19,0.0,0.0,True
3956,4403,CARD0000003956,CREDIT_PLATINUM,BLOCKED,2024-11-13,2029-11-12,120000000.0,76.16,True
3957,4406,CARD0000003957,DEBIT,ACTIVE,2023-04-22,2028-04-20,0.0,0.0,True
3958,4407,CARD0000003958,DEBIT,ACTIVE,2022-02-24,2027-02-23,0.0,0.0,True
3959,4408,CARD0000003959,CREDIT_STANDARD,ACTIVE,2024-01-03,2029-01-01,300000000.0,81.23,True
3960,4408,CARD0000003960,CREDIT_STANDARD,ACTIVE,2022-01-08,2027-01-07,200000000.0,46.08,True
3961,4409,CARD0000003961,DEBIT,ACTIVE,2022-09-08,2027-09-07,0.0,0.0,True
3962,4411,CARD0000003962,DEBIT,ACTIVE,2024-01-25,2029-01-23,0.0,0.0,True
3963,4412,CARD0000003963,CREDIT_STANDARD,ACTIVE,2022-06-15,2027-06-14,50000000.0,36.11,True
3964,4413,CARD0000003964,DEBIT,ACTIVE,2024-12-02,2029-12-01,0.0,0.0,True
3965,4417,CARD0000003965,DEBIT,ACTIVE,2022-11-11,2027-11-10,0.0,0.0,True
3966,4417,CARD0000003966,DEBIT,ACTIVE,2022-02-15,2027-02-14,0.0,0.0,True
3967,4418,CARD0000003967,CREDIT_PLATINUM,ACTIVE,2024-10-22,2029-10-21,80000000.0,53.31,True
3968,4419,CARD0000003968,DEBIT,ACTIVE,2022-07-04,2027-07-03,0.0,0.0,True
3969,4420,CARD0000003969,CREDIT_STANDARD,ACTIVE,2022-02-26,2027-02-25,200000000.0,66.69,True
3970,4423,CARD0000003970,DEBIT,BLOCKED,2023-06-22,2028-06-20,0.0,0.0,True
3971,4425,CARD0000003971,DEBIT,ACTIVE,2023-02-19,2028-02-18,0.0,0.0,True
3972,4428,CARD0000003972,CREDIT_GOLD,ACTIVE,2021-09-09,2026-09-08,200000000.0,38.83,True
3973,4428,CARD0000003973,CREDIT_GOLD,ACTIVE,2023-08-03,2028-08-01,50000000.0,54.05,True
3974,4430,CARD0000003974,CREDIT_GOLD,ACTIVE,2025-03-17,2030-03-16,20000000.0,37.03,True
3975,4431,CARD0000003975,DEBIT,ACTIVE,2023-11-26,2028-11-24,0.0,0.0,True
3976,4431,CARD0000003976,CREDIT_GOLD,EXPIRED,2021-08-21,2026-08-20,80000000.0,25.44,False
3977,4432,CARD0000003977,DEBIT,ACTIVE,2024-12-14,2029-12-13,0.0,0.0,True
3978,4433,CARD0000003978,CREDIT_GOLD,ACTIVE,2026-06-27,2031-06-26,200000000.0,64.14,True
3979,4434,CARD0000003979,CREDIT_PLATINUM,ACTIVE,2024-02-18,2029-02-16,50000000.0,62.69,True
3980,4435,CARD0000003980,CREDIT_GOLD,ACTIVE,2022-04-14,2027-04-13,200000000.0,38.12,True
3981,4436,CARD0000003981,DEBIT,ACTIVE,2025-11-24,2030-11-23,0.0,0.0,True
3982,4437,CARD0000003982,CREDIT_PLATINUM,ACTIVE,2023-09-26,2028-09-24,300000000.0,67.6,True
3983,4438,CARD0000003983,CREDIT_STANDARD,ACTIVE,2024-04-10,2029-04-09,20000000.0,10.08,True
3984,4440,CARD0000003984,CREDIT_GOLD,ACTIVE,2026-02-02,2031-02-01,30000000.0,5.4,False
3985,4441,CARD0000003985,CREDIT_GOLD,ACTIVE,2023-02-08,2028-02-07,20000000.0,66.19,True
3986,4442,CARD0000003986,DEBIT,ACTIVE,2021-09-25,2026-09-24,0.0,0.0,True
3987,4443,CARD0000003987,CREDIT_PLATINUM,ACTIVE,2023-03-28,2028-03-26,120000000.0,38.7,True
3988,4444,CARD0000003988,CREDIT_GOLD,ACTIVE,2024-10-22,2029-10-21,200000000.0,72.82,True
3989,4445,CARD0000003989,CREDIT_STANDARD,ACTIVE,2024-01-22,2029-01-20,200000000.0,70.23,True
3990,4446,CARD0000003990,DEBIT,ACTIVE,2025-05-07,2030-05-06,0.0,0.0,True
3991,4447,CARD0000003991,DEBIT,ACTIVE,2025-05-17,2030-05-16,0.0,0.0,True
3992,4449,CARD0000003992,DEBIT,ACTIVE,2022-07-02,2027-07-01,0.0,0.0,True
3993,4450,CARD0000003993,CREDIT_STANDARD,ACTIVE,2024-02-29,2029-02-27,200000000.0,41.21,True
3994,4450,CARD0000003994,CREDIT_STANDARD,EXPIRED,2021-04-21,2026-04-20,30000000.0,22.7,True
3995,4453,CARD0000003995,DEBIT,ACTIVE,2021-10-22,2026-10-21,0.0,0.0,True
3996,4453,CARD0000003996,DEBIT,ACTIVE,2023-05-02,2028-04-30,0.0,0.0,True
3997,4454,CARD0000003997,DEBIT,ACTIVE,2025-03-23,2030-03-22,0.0,0.0,True
3998,4455,CARD0000003998,CREDIT_STANDARD,ACTIVE,2023-05-23,2028-05-21,200000000.0,15.27,True
3999,4456,CARD0000003999,DEBIT,ACTIVE,2023-01-23,2028-01-22,0.0,0.0,True
4000,4457,CARD0000004000,CREDIT_GOLD,ACTIVE,2025-04-27,2030-04-26,120000000.0,9.72,True
4001,4459,CARD0000004001,CREDIT_STANDARD,ACTIVE,2022-12-10,2027-12-09,50000000.0,29.71,True
4002,4459,CARD0000004002,CREDIT_STANDARD,ACTIVE,2022-02-14,2027-02-13,120000000.0,77.51,True
4003,4462,CARD0000004003,CREDIT_GOLD,ACTIVE,2025-04-21,2030-04-20,20000000.0,64.33,True
4004,4463,CARD0000004004,DEBIT,ACTIVE,2024-02-07,2029-02-05,0.0,0.0,True
4005,4463,CARD0000004005,DEBIT,ACTIVE,2025-04-25,2030-04-24,0.0,0.0,True
4006,4465,CARD0000004006,CREDIT_GOLD,ACTIVE,2025-06-24,2030-06-23,80000000.0,10.98,True
4007,4468,CARD0000004007,DEBIT,ACTIVE,2024-03-04,2029-03-03,0.0,0.0,True
4008,4468,CARD0000004008,DEBIT,ACTIVE,2024-05-03,2029-05-02,0.0,0.0,True
4009,4469,CARD0000004009,DEBIT,ACTIVE,2022-11-24,2027-11-23,0.0,0.0,True
4010,4469,CARD0000004010,DEBIT,ACTIVE,2023-06-27,2028-06-25,0.0,0.0,True
4011,4471,CARD0000004011,CREDIT_GOLD,ACTIVE,2025-07-30,2030-07-29,200000000.0,79.32,True
4012,4471,CARD0000004012,DEBIT,ACTIVE,2025-12-30,2030-12-29,0.0,0.0,True
4013,4472,CARD0000004013,CREDIT_PLATINUM,ACTIVE,2023-09-28,2028-09-26,30000000.0,23.67,True
4014,4472,CARD0000004014,CREDIT_STANDARD,ACTIVE,2024-07-10,2029-07-09,50000000.0,27.12,True
4015,4474,CARD0000004015,CREDIT_PLATINUM,ACTIVE,2026-01-30,2031-01-29,20000000.0,72.38,True
4016,4474,CARD0000004016,CREDIT_STANDARD,ACTIVE,2025-04-22,2030-04-21,200000000.0,45.22,True
4017,4475,CARD0000004017,CREDIT_PLATINUM,ACTIVE,2024-01-08,2029-01-06,20000000.0,30.41,True
4018,4476,CARD0000004018,CREDIT_PLATINUM,ACTIVE,2023-09-25,2028-09-23,80000000.0,2.52,True
4019,4477,CARD0000004019,DEBIT,ACTIVE,2025-08-21,2030-08-20,0.0,0.0,True
4020,4477,CARD0000004020,DEBIT,ACTIVE,2022-02-07,2027-02-06,0.0,0.0,True
4021,4478,CARD0000004021,CREDIT_PLATINUM,EXPIRED,2021-08-24,2026-08-23,120000000.0,11.76,True
4022,4481,CARD0000004022,CREDIT_STANDARD,ACTIVE,2024-10-23,2029-10-22,200000000.0,28.08,True
4023,4482,CARD0000004023,CREDIT_PLATINUM,ACTIVE,2022-08-03,2027-08-02,30000000.0,44.44,False
4024,4483,CARD0000004024,CREDIT_GOLD,ACTIVE,2025-03-20,2030-03-19,20000000.0,75.71,True
4025,4486,CARD0000004025,CREDIT_STANDARD,ACTIVE,2024-03-07,2029-03-06,200000000.0,30.75,True
4026,4486,CARD0000004026,CREDIT_GOLD,BLOCKED,2022-10-22,2027-10-21,200000000.0,23.48,True
4027,4488,CARD0000004027,CREDIT_STANDARD,ACTIVE,2024-09-18,2029-09-17,50000000.0,31.43,True
4028,4490,CARD0000004028,DEBIT,EXPIRED,2021-08-09,2026-08-08,0.0,0.0,True
4029,4490,CARD0000004029,CREDIT_PLATINUM,ACTIVE,2023-08-23,2028-08-21,50000000.0,27.24,True
4030,4492,CARD0000004030,CREDIT_STANDARD,ACTIVE,2021-11-02,2026-11-01,120000000.0,35.05,True
4031,4494,CARD0000004031,DEBIT,ACTIVE,2024-09-09,2029-09-08,0.0,0.0,True
4032,4497,CARD0000004032,CREDIT_STANDARD,ACTIVE,2025-05-08,2030-05-07,30000000.0,75.61,False
4033,4498,CARD0000004033,CREDIT_GOLD,ACTIVE,2025-02-26,2030-02-25,50000000.0,78.06,True
4034,4499,CARD0000004034,CREDIT_STANDARD,EXPIRED,2021-08-12,2026-08-11,30000000.0,74.79,True
4035,4499,CARD0000004035,CREDIT_STANDARD,EXPIRED,2021-08-22,2026-08-21,20000000.0,27.32,True
4036,4501,CARD0000004036,CREDIT_STANDARD,ACTIVE,2024-01-31,2029-01-29,200000000.0,64.0,True
4037,4503,CARD0000004037,CREDIT_GOLD,ACTIVE,2023-04-09,2028-04-07,50000000.0,38.66,True
4038,4504,CARD0000004038,CREDIT_GOLD,ACTIVE,2022-02-17,2027-02-16,80000000.0,69.38,True
4039,4505,CARD0000004039,CREDIT_STANDARD,BLOCKED,2022-01-30,2027-01-29,120000000.0,46.4,True
4040,4506,CARD0000004040,CREDIT_STANDARD,ACTIVE,2025-04-27,2030-04-26,300000000.0,63.48,True
4041,4506,CARD0000004041,DEBIT,ACTIVE,2021-11-30,2026-11-29,0.0,0.0,True
4042,4507,CARD0000004042,CREDIT_GOLD,ACTIVE,2025-01-24,2030-01-23,120000000.0,25.51,True
4043,4508,CARD0000004043,CREDIT_PLATINUM,ACTIVE,2023-09-03,2028-09-01,80000000.0,11.08,True
4044,4508,CARD0000004044,CREDIT_PLATINUM,ACTIVE,2025-01-03,2030-01-02,200000000.0,17.84,True
4045,4510,CARD0000004045,CREDIT_PLATINUM,ACTIVE,2021-12-05,2026-12-04,20000000.0,83.7,True
4046,4511,CARD0000004046,DEBIT,ACTIVE,2024-12-10,2029-12-09,0.0,0.0,True
4047,4513,CARD0000004047,DEBIT,ACTIVE,2025-11-21,2030-11-20,0.0,0.0,True
4048,4514,CARD0000004048,CREDIT_GOLD,ACTIVE,2024-09-29,2029-09-28,50000000.0,54.33,True
4049,4514,CARD0000004049,DEBIT,ACTIVE,2021-09-06,2026-09-05,0.0,0.0,True
4050,4515,CARD0000004050,CREDIT_STANDARD,ACTIVE,2025-11-17,2030-11-16,120000000.0,46.03,True
4051,4515,CARD0000004051,CREDIT_GOLD,ACTIVE,2022-11-13,2027-11-12,30000000.0,50.94,False
4052,4517,CARD0000004052,CREDIT_GOLD,ACTIVE,2025-09-28,2030-09-27,80000000.0,26.4,False
4053,4519,CARD0000004053,CREDIT_STANDARD,ACTIVE,2021-11-21,2026-11-20,300000000.0,57.26,True
4054,4519,CARD0000004054,CREDIT_GOLD,BLOCKED,2023-10-17,2028-10-15,80000000.0,17.9,True
4055,4520,CARD0000004055,CREDIT_PLATINUM,ACTIVE,2025-10-21,2030-10-20,80000000.0,14.58,True
4056,4520,CARD0000004056,CREDIT_PLATINUM,ACTIVE,2025-08-13,2030-08-12,120000000.0,33.18,True
4057,4521,CARD0000004057,DEBIT,ACTIVE,2024-10-04,2029-10-03,0.0,0.0,True
4058,4521,CARD0000004058,CREDIT_STANDARD,EXPIRED,2021-05-31,2026-05-30,80000000.0,44.13,True
4059,4522,CARD0000004059,CREDIT_PLATINUM,ACTIVE,2023-03-15,2028-03-13,50000000.0,81.37,True
4060,4523,CARD0000004060,DEBIT,ACTIVE,2025-11-26,2030-11-25,0.0,0.0,True
4061,4525,CARD0000004061,CREDIT_PLATINUM,ACTIVE,2022-08-18,2027-08-17,200000000.0,0.47,True
4062,4526,CARD0000004062,DEBIT,ACTIVE,2025-03-24,2030-03-23,0.0,0.0,True
4063,4528,CARD0000004063,CREDIT_GOLD,ACTIVE,2021-09-09,2026-09-08,30000000.0,7.38,True
4064,4531,CARD0000004064,CREDIT_PLATINUM,ACTIVE,2023-10-18,2028-10-16,50000000.0,61.23,True
4065,4532,CARD0000004065,CREDIT_STANDARD,ACTIVE,2026-05-21,2031-05-20,200000000.0,52.33,True
4066,4532,CARD0000004066,CREDIT_PLATINUM,ACTIVE,2022-03-24,2027-03-23,20000000.0,63.98,True
4067,4534,CARD0000004067,DEBIT,ACTIVE,2025-09-05,2030-09-04,0.0,0.0,True
4068,4535,CARD0000004068,CREDIT_PLATINUM,ACTIVE,2024-03-17,2029-03-16,20000000.0,19.23,True
4069,4536,CARD0000004069,CREDIT_GOLD,ACTIVE,2023-09-26,2028-09-24,80000000.0,72.41,True
4070,4536,CARD0000004070,CREDIT_PLATINUM,ACTIVE,2022-09-22,2027-09-21,30000000.0,38.33,True
4071,4538,CARD0000004071,DEBIT,ACTIVE,2025-06-29,2030-06-28,0.0,0.0,True
4072,4541,CARD0000004072,CREDIT_GOLD,ACTIVE,2024-12-23,2029-12-22,50000000.0,27.39,True
4073,4541,CARD0000004073,DEBIT,ACTIVE,2023-09-20,2028-09-18,0.0,0.0,True
4074,4542,CARD0000004074,CREDIT_STANDARD,ACTIVE,2025-05-10,2030-05-09,30000000.0,46.9,True
4075,4544,CARD0000004075,DEBIT,ACTIVE,2026-04-09,2031-04-08,0.0,0.0,True
4076,4544,CARD0000004076,DEBIT,ACTIVE,2024-12-21,2029-12-20,0.0,0.0,True
4077,4545,CARD0000004077,DEBIT,EXPIRED,2021-04-03,2026-04-02,0.0,0.0,True
4078,4545,CARD0000004078,DEBIT,ACTIVE,2021-09-27,2026-09-26,0.0,0.0,True
4079,4546,CARD0000004079,CREDIT_GOLD,ACTIVE,2026-06-27,2031-06-26,120000000.0,8.13,True
4080,4547,CARD0000004080,DEBIT,EXPIRED,2021-05-13,2026-05-12,0.0,0.0,True
4081,4548,CARD0000004081,DEBIT,ACTIVE,2026-01-12,2031-01-11,0.0,0.0,True
4082,4548,CARD0000004082,CREDIT_GOLD,ACTIVE,2024-03-20,2029-03-19,200000000.0,23.43,True
4083,4550,CARD0000004083,CREDIT_GOLD,ACTIVE,2024-10-31,2029-10-30,20000000.0,29.8,False
4084,4550,CARD0000004084,CREDIT_PLATINUM,ACTIVE,2024-12-29,2029-12-28,20000000.0,22.82,True
4085,4551,CARD0000004085,DEBIT,ACTIVE,2025-05-30,2030-05-29,0.0,0.0,True
4086,4552,CARD0000004086,DEBIT,ACTIVE,2022-02-19,2027-02-18,0.0,0.0,True
4087,4552,CARD0000004087,CREDIT_PLATINUM,ACTIVE,2023-10-31,2028-10-29,20000000.0,2.13,True
4088,4553,CARD0000004088,DEBIT,ACTIVE,2022-12-08,2027-12-07,0.0,0.0,True
4089,4554,CARD0000004089,CREDIT_STANDARD,ACTIVE,2025-09-21,2030-09-20,120000000.0,1.44,True
4090,4557,CARD0000004090,DEBIT,ACTIVE,2023-04-01,2028-03-30,0.0,0.0,True
4091,4559,CARD0000004091,CREDIT_GOLD,ACTIVE,2022-04-11,2027-04-10,80000000.0,69.56,True
4092,4561,CARD0000004092,DEBIT,ACTIVE,2023-10-22,2028-10-20,0.0,0.0,True
4093,4562,CARD0000004093,CREDIT_GOLD,ACTIVE,2024-02-19,2029-02-17,30000000.0,17.2,True
4094,4568,CARD0000004094,CREDIT_PLATINUM,ACTIVE,2024-10-30,2029-10-29,30000000.0,66.67,True
4095,4568,CARD0000004095,CREDIT_STANDARD,ACTIVE,2022-03-18,2027-03-17,80000000.0,68.73,True
4096,4569,CARD0000004096,DEBIT,ACTIVE,2022-02-24,2027-02-23,0.0,0.0,True
4097,4570,CARD0000004097,CREDIT_PLATINUM,ACTIVE,2026-02-19,2031-02-18,20000000.0,44.51,False
4098,4570,CARD0000004098,DEBIT,ACTIVE,2022-11-16,2027-11-15,0.0,0.0,True
4099,4573,CARD0000004099,DEBIT,ACTIVE,2024-06-24,2029-06-23,0.0,0.0,True
4100,4574,CARD0000004100,DEBIT,ACTIVE,2023-07-23,2028-07-21,0.0,0.0,True
4101,4575,CARD0000004101,CREDIT_PLATINUM,ACTIVE,2026-06-12,2031-06-11,120000000.0,76.01,True
4102,4578,CARD0000004102,CREDIT_PLATINUM,ACTIVE,2022-10-04,2027-10-03,300000000.0,24.68,True
4103,4580,CARD0000004103,CREDIT_PLATINUM,ACTIVE,2024-11-26,2029-11-25,20000000.0,42.3,True
4104,4580,CARD0000004104,CREDIT_STANDARD,ACTIVE,2024-12-28,2029-12-27,30000000.0,76.72,True
4105,4582,CARD0000004105,CREDIT_GOLD,ACTIVE,2022-07-02,2027-07-01,200000000.0,63.17,False
4106,4583,CARD0000004106,DEBIT,ACTIVE,2023-06-07,2028-06-05,0.0,0.0,True
4107,4584,CARD0000004107,CREDIT_STANDARD,ACTIVE,2022-02-12,2027-02-11,120000000.0,35.9,True
4108,4584,CARD0000004108,DEBIT,ACTIVE,2024-09-11,2029-09-10,0.0,0.0,True
4109,4585,CARD0000004109,CREDIT_STANDARD,ACTIVE,2023-12-08,2028-12-06,30000000.0,3.28,True
4110,4586,CARD0000004110,DEBIT,ACTIVE,2023-08-02,2028-07-31,0.0,0.0,True
4111,4587,CARD0000004111,CREDIT_STANDARD,ACTIVE,2024-05-08,2029-05-07,80000000.0,19.67,True
4112,4587,CARD0000004112,DEBIT,EXPIRED,2021-04-02,2026-04-01,0.0,0.0,True
4113,4589,CARD0000004113,DEBIT,ACTIVE,2026-04-30,2031-04-29,0.0,0.0,True
4114,4590,CARD0000004114,CREDIT_GOLD,ACTIVE,2023-04-07,2028-04-05,120000000.0,32.96,True
4115,4591,CARD0000004115,CREDIT_STANDARD,ACTIVE,2026-04-26,2031-04-25,200000000.0,15.74,True
4116,4591,CARD0000004116,DEBIT,EXPIRED,2021-03-25,2026-03-24,0.0,0.0,True
4117,4592,CARD0000004117,DEBIT,BLOCKED,2023-08-31,2028-08-29,0.0,0.0,True
4118,4593,CARD0000004118,DEBIT,BLOCKED,2021-12-06,2026-12-05,0.0,0.0,True
4119,4595,CARD0000004119,CREDIT_GOLD,ACTIVE,2025-01-16,2030-01-15,120000000.0,31.06,True
4120,4595,CARD0000004120,CREDIT_STANDARD,ACTIVE,2023-07-24,2028-07-22,50000000.0,12.8,True
4121,4596,CARD0000004121,DEBIT,ACTIVE,2022-08-31,2027-08-30,0.0,0.0,True
4122,4596,CARD0000004122,DEBIT,ACTIVE,2025-10-30,2030-10-29,0.0,0.0,True
4123,4597,CARD0000004123,DEBIT,ACTIVE,2022-11-09,2027-11-08,0.0,0.0,True
4124,4598,CARD0000004124,CREDIT_PLATINUM,ACTIVE,2022-02-12,2027-02-11,50000000.0,20.33,False
4125,4598,CARD0000004125,CREDIT_STANDARD,ACTIVE,2026-03-30,2031-03-29,50000000.0,23.93,True
4126,4599,CARD0000004126,DEBIT,ACTIVE,2026-05-08,2031-05-07,0.0,0.0,True
4127,4602,CARD0000004127,CREDIT_GOLD,BLOCKED,2026-04-30,2031-04-29,80000000.0,36.78,True
4128,4602,CARD0000004128,CREDIT_PLATINUM,ACTIVE,2022-04-04,2027-04-03,30000000.0,19.51,True
4129,4603,CARD0000004129,CREDIT_PLATINUM,ACTIVE,2025-03-17,2030-03-16,200000000.0,55.06,True
4130,4605,CARD0000004130,DEBIT,ACTIVE,2025-01-15,2030-01-14,0.0,0.0,True
4131,4606,CARD0000004131,CREDIT_PLATINUM,ACTIVE,2022-11-10,2027-11-09,20000000.0,33.57,True
4132,4608,CARD0000004132,CREDIT_STANDARD,ACTIVE,2023-06-09,2028-06-07,300000000.0,21.14,True
4133,4609,CARD0000004133,CREDIT_PLATINUM,ACTIVE,2026-01-28,2031-01-27,30000000.0,56.43,True
4134,4610,CARD0000004134,DEBIT,ACTIVE,2025-02-18,2030-02-17,0.0,0.0,True
4135,4611,CARD0000004135,CREDIT_STANDARD,ACTIVE,2025-10-16,2030-10-15,120000000.0,53.25,True
4136,4613,CARD0000004136,CREDIT_STANDARD,ACTIVE,2025-04-30,2030-04-29,20000000.0,3.87,True
4137,4614,CARD0000004137,DEBIT,ACTIVE,2025-12-03,2030-12-02,0.0,0.0,True
4138,4617,CARD0000004138,CREDIT_STANDARD,ACTIVE,2024-05-13,2029-05-12,200000000.0,38.66,True
4139,4617,CARD0000004139,CREDIT_PLATINUM,ACTIVE,2024-06-21,2029-06-20,200000000.0,17.74,True
4140,4618,CARD0000004140,DEBIT,ACTIVE,2022-07-09,2027-07-08,0.0,0.0,True
4141,4619,CARD0000004141,DEBIT,ACTIVE,2024-09-17,2029-09-16,0.0,0.0,True
4142,4619,CARD0000004142,CREDIT_STANDARD,ACTIVE,2025-10-09,2030-10-08,200000000.0,77.66,True
4143,4620,CARD0000004143,CREDIT_STANDARD,ACTIVE,2025-11-19,2030-11-18,120000000.0,48.4,True
4144,4621,CARD0000004144,CREDIT_STANDARD,ACTIVE,2026-01-16,2031-01-15,50000000.0,19.33,True
4145,4622,CARD0000004145,DEBIT,BLOCKED,2025-09-03,2030-09-02,0.0,0.0,True
4146,4623,CARD0000004146,DEBIT,ACTIVE,2023-03-01,2028-02-28,0.0,0.0,True
4147,4624,CARD0000004147,DEBIT,ACTIVE,2022-04-28,2027-04-27,0.0,0.0,True
4148,4625,CARD0000004148,CREDIT_GOLD,ACTIVE,2022-03-21,2027-03-20,120000000.0,81.57,True
4149,4626,CARD0000004149,DEBIT,ACTIVE,2023-08-21,2028-08-19,0.0,0.0,True
4150,4628,CARD0000004150,CREDIT_STANDARD,ACTIVE,2025-10-03,2030-10-02,80000000.0,34.59,True
4151,4629,CARD0000004151,CREDIT_GOLD,ACTIVE,2023-11-29,2028-11-27,300000000.0,20.11,True
4152,4632,CARD0000004152,DEBIT,ACTIVE,2025-12-04,2030-12-03,0.0,0.0,True
4153,4632,CARD0000004153,DEBIT,ACTIVE,2026-03-24,2031-03-23,0.0,0.0,True
4154,4634,CARD0000004154,DEBIT,ACTIVE,2026-05-13,2031-05-12,0.0,0.0,True
4155,4634,CARD0000004155,CREDIT_STANDARD,ACTIVE,2023-07-12,2028-07-10,80000000.0,32.47,True
4156,4636,CARD0000004156,CREDIT_GOLD,ACTIVE,2026-05-30,2031-05-29,200000000.0,21.6,True
4157,4637,CARD0000004157,CREDIT_GOLD,ACTIVE,2023-11-08,2028-11-06,200000000.0,65.1,True
4158,4638,CARD0000004158,DEBIT,ACTIVE,2025-09-16,2030-09-15,0.0,0.0,True
4159,4640,CARD0000004159,DEBIT,ACTIVE,2021-12-15,2026-12-14,0.0,0.0,True
4160,4640,CARD0000004160,CREDIT_GOLD,ACTIVE,2024-04-22,2029-04-21,20000000.0,21.01,True
4161,4642,CARD0000004161,CREDIT_GOLD,ACTIVE,2021-08-28,2026-08-27,50000000.0,71.6,True
4162,4643,CARD0000004162,CREDIT_STANDARD,ACTIVE,2026-01-10,2031-01-09,20000000.0,49.94,True
4163,4646,CARD0000004163,DEBIT,ACTIVE,2024-02-02,2029-01-31,0.0,0.0,True
4164,4649,CARD0000004164,DEBIT,ACTIVE,2021-09-17,2026-09-16,0.0,0.0,True
4165,4651,CARD0000004165,DEBIT,ACTIVE,2022-08-10,2027-08-09,0.0,0.0,True
4166,4653,CARD0000004166,CREDIT_PLATINUM,ACTIVE,2024-04-03,2029-04-02,120000000.0,25.87,True
4167,4654,CARD0000004167,CREDIT_GOLD,ACTIVE,2024-10-07,2029-10-06,20000000.0,24.44,True
4168,4654,CARD0000004168,DEBIT,ACTIVE,2022-06-01,2027-05-31,0.0,0.0,True
4169,4656,CARD0000004169,DEBIT,ACTIVE,2024-06-09,2029-06-08,0.0,0.0,True
4170,4658,CARD0000004170,DEBIT,ACTIVE,2023-06-18,2028-06-16,0.0,0.0,True
4171,4659,CARD0000004171,CREDIT_GOLD,ACTIVE,2023-01-16,2028-01-15,200000000.0,20.92,True
4172,4660,CARD0000004172,CREDIT_GOLD,ACTIVE,2023-07-07,2028-07-05,50000000.0,13.65,True
4173,4664,CARD0000004173,CREDIT_STANDARD,ACTIVE,2024-04-15,2029-04-14,50000000.0,72.45,True
4174,4665,CARD0000004174,CREDIT_STANDARD,ACTIVE,2025-06-14,2030-06-13,50000000.0,53.37,True
4175,4665,CARD0000004175,DEBIT,EXPIRED,2021-07-28,2026-07-27,0.0,0.0,True
4176,4666,CARD0000004176,CREDIT_GOLD,ACTIVE,2026-01-18,2031-01-17,20000000.0,83.49,False
4177,4667,CARD0000004177,CREDIT_STANDARD,BLOCKED,2023-10-07,2028-10-05,300000000.0,50.64,True
4178,4668,CARD0000004178,DEBIT,ACTIVE,2025-02-02,2030-02-01,0.0,0.0,True
4179,4669,CARD0000004179,DEBIT,ACTIVE,2024-09-01,2029-08-31,0.0,0.0,True
4180,4672,CARD0000004180,CREDIT_PLATINUM,EXPIRED,2021-04-14,2026-04-13,80000000.0,24.71,True
4181,4672,CARD0000004181,DEBIT,ACTIVE,2025-04-23,2030-04-22,0.0,0.0,True
4182,4673,CARD0000004182,CREDIT_PLATINUM,ACTIVE,2023-01-13,2028-01-12,30000000.0,33.38,False
4183,4675,CARD0000004183,CREDIT_STANDARD,ACTIVE,2024-03-23,2029-03-22,80000000.0,7.41,True
4184,4676,CARD0000004184,CREDIT_STANDARD,ACTIVE,2026-04-29,2031-04-28,120000000.0,13.66,False
4185,4677,CARD0000004185,CREDIT_PLATINUM,ACTIVE,2026-05-05,2031-05-04,30000000.0,51.63,True
4186,4677,CARD0000004186,DEBIT,ACTIVE,2022-08-20,2027-08-19,0.0,0.0,True
4187,4678,CARD0000004187,CREDIT_PLATINUM,ACTIVE,2023-12-01,2028-11-29,30000000.0,38.51,True
4188,4679,CARD0000004188,DEBIT,ACTIVE,2025-10-06,2030-10-05,0.0,0.0,True
4189,4680,CARD0000004189,CREDIT_PLATINUM,ACTIVE,2024-08-25,2029-08-24,50000000.0,72.2,True
4190,4682,CARD0000004190,DEBIT,ACTIVE,2022-07-24,2027-07-23,0.0,0.0,True
4191,4683,CARD0000004191,CREDIT_GOLD,ACTIVE,2024-11-10,2029-11-09,30000000.0,77.67,True
4192,4684,CARD0000004192,DEBIT,ACTIVE,2022-03-05,2027-03-04,0.0,0.0,True
4193,4684,CARD0000004193,DEBIT,ACTIVE,2023-10-24,2028-10-22,0.0,0.0,True
4194,4686,CARD0000004194,DEBIT,ACTIVE,2025-12-01,2030-11-30,0.0,0.0,True
4195,4686,CARD0000004195,CREDIT_STANDARD,ACTIVE,2022-04-09,2027-04-08,20000000.0,59.67,True
4196,4687,CARD0000004196,DEBIT,ACTIVE,2022-01-02,2027-01-01,0.0,0.0,True
4197,4687,CARD0000004197,CREDIT_GOLD,ACTIVE,2024-04-07,2029-04-06,200000000.0,14.6,True
4198,4688,CARD0000004198,DEBIT,ACTIVE,2024-01-23,2029-01-21,0.0,0.0,True
4199,4690,CARD0000004199,CREDIT_STANDARD,ACTIVE,2023-07-18,2028-07-16,50000000.0,6.14,True
4200,4691,CARD0000004200,CREDIT_PLATINUM,ACTIVE,2025-01-24,2030-01-23,300000000.0,51.95,True
4201,4693,CARD0000004201,CREDIT_PLATINUM,ACTIVE,2025-03-05,2030-03-04,30000000.0,8.06,True
4202,4694,CARD0000004202,DEBIT,ACTIVE,2022-12-07,2027-12-06,0.0,0.0,True
4203,4694,CARD0000004203,DEBIT,ACTIVE,2022-02-23,2027-02-22,0.0,0.0,True
4204,4696,CARD0000004204,CREDIT_STANDARD,ACTIVE,2022-08-22,2027-08-21,200000000.0,3.7,True
4205,4697,CARD0000004205,CREDIT_PLATINUM,ACTIVE,2022-09-25,2027-09-24,120000000.0,76.92,True
4206,4697,CARD0000004206,DEBIT,ACTIVE,2026-04-02,2031-04-01,0.0,0.0,True
4207,4698,CARD0000004207,DEBIT,ACTIVE,2022-12-01,2027-11-30,0.0,0.0,True
4208,4699,CARD0000004208,DEBIT,ACTIVE,2025-10-14,2030-10-13,0.0,0.0,True
4209,4700,CARD0000004209,CREDIT_GOLD,ACTIVE,2024-01-07,2029-01-05,80000000.0,61.38,True
4210,4700,CARD0000004210,DEBIT,ACTIVE,2025-02-19,2030-02-18,0.0,0.0,True
4211,4703,CARD0000004211,CREDIT_GOLD,ACTIVE,2024-10-02,2029-10-01,30000000.0,70.44,True
4212,4705,CARD0000004212,DEBIT,ACTIVE,2021-09-29,2026-09-28,0.0,0.0,True
4213,4707,CARD0000004213,CREDIT_STANDARD,ACTIVE,2025-07-20,2030-07-19,20000000.0,76.96,True
4214,4708,CARD0000004214,CREDIT_STANDARD,ACTIVE,2023-06-01,2028-05-30,50000000.0,24.06,True
4215,4709,CARD0000004215,CREDIT_GOLD,ACTIVE,2025-10-06,2030-10-05,20000000.0,21.46,True
4216,4710,CARD0000004216,DEBIT,ACTIVE,2022-06-11,2027-06-10,0.0,0.0,True
4217,4711,CARD0000004217,DEBIT,ACTIVE,2023-09-15,2028-09-13,0.0,0.0,True
4218,4711,CARD0000004218,CREDIT_STANDARD,ACTIVE,2024-11-01,2029-10-31,20000000.0,70.19,True
4219,4712,CARD0000004219,CREDIT_PLATINUM,ACTIVE,2024-11-13,2029-11-12,30000000.0,19.87,True
4220,4713,CARD0000004220,CREDIT_GOLD,ACTIVE,2024-09-26,2029-09-25,120000000.0,56.97,True
4221,4714,CARD0000004221,CREDIT_GOLD,EXPIRED,2021-05-16,2026-05-15,20000000.0,84.79,True
4222,4715,CARD0000004222,CREDIT_PLATINUM,ACTIVE,2025-12-21,2030-12-20,80000000.0,80.41,True
4223,4716,CARD0000004223,CREDIT_GOLD,ACTIVE,2022-06-29,2027-06-28,30000000.0,21.24,True
4224,4719,CARD0000004224,CREDIT_PLATINUM,ACTIVE,2025-05-01,2030-04-30,200000000.0,55.18,True
4225,4720,CARD0000004225,CREDIT_GOLD,ACTIVE,2022-05-04,2027-05-03,300000000.0,5.91,False
4226,4722,CARD0000004226,CREDIT_PLATINUM,ACTIVE,2022-04-05,2027-04-04,20000000.0,21.05,False
4227,4724,CARD0000004227,CREDIT_PLATINUM,ACTIVE,2024-12-19,2029-12-18,20000000.0,58.38,True
4228,4725,CARD0000004228,CREDIT_STANDARD,ACTIVE,2022-04-04,2027-04-03,80000000.0,78.58,True
4229,4728,CARD0000004229,CREDIT_GOLD,ACTIVE,2025-01-06,2030-01-05,20000000.0,29.21,True
4230,4729,CARD0000004230,DEBIT,ACTIVE,2025-10-21,2030-10-20,0.0,0.0,True
4231,4730,CARD0000004231,DEBIT,ACTIVE,2022-11-24,2027-11-23,0.0,0.0,True
4232,4730,CARD0000004232,DEBIT,ACTIVE,2023-01-27,2028-01-26,0.0,0.0,True
4233,4731,CARD0000004233,DEBIT,ACTIVE,2024-09-12,2029-09-11,0.0,0.0,True
4234,4731,CARD0000004234,CREDIT_PLATINUM,ACTIVE,2024-11-14,2029-11-13,50000000.0,68.67,True
4235,4732,CARD0000004235,CREDIT_GOLD,ACTIVE,2024-03-28,2029-03-27,50000000.0,77.78,True
4236,4733,CARD0000004236,DEBIT,ACTIVE,2023-01-31,2028-01-30,0.0,0.0,True
4237,4735,CARD0000004237,DEBIT,ACTIVE,2023-12-17,2028-12-15,0.0,0.0,True
4238,4735,CARD0000004238,DEBIT,ACTIVE,2025-03-25,2030-03-24,0.0,0.0,True
4239,4736,CARD0000004239,CREDIT_GOLD,EXPIRED,2021-05-12,2026-05-11,50000000.0,3.27,True
4240,4737,CARD0000004240,DEBIT,ACTIVE,2024-03-13,2029-03-12,0.0,0.0,True
4241,4738,CARD0000004241,DEBIT,ACTIVE,2024-01-27,2029-01-25,0.0,0.0,True
4242,4739,CARD0000004242,CREDIT_PLATINUM,ACTIVE,2023-04-08,2028-04-06,120000000.0,76.04,True
4243,4739,CARD0000004243,CREDIT_PLATINUM,ACTIVE,2023-04-07,2028-04-05,300000000.0,79.28,True
4244,4740,CARD0000004244,DEBIT,EXPIRED,2021-07-12,2026-07-11,0.0,0.0,True
4245,4741,CARD0000004245,DEBIT,ACTIVE,2025-07-12,2030-07-11,0.0,0.0,True
4246,4741,CARD0000004246,CREDIT_GOLD,ACTIVE,2022-07-18,2027-07-17,20000000.0,12.1,False
4247,4743,CARD0000004247,DEBIT,ACTIVE,2024-11-06,2029-11-05,0.0,0.0,True
4248,4744,CARD0000004248,CREDIT_PLATINUM,ACTIVE,2024-05-21,2029-05-20,120000000.0,20.84,True
4249,4745,CARD0000004249,CREDIT_GOLD,ACTIVE,2023-09-17,2028-09-15,200000000.0,28.63,True
4250,4746,CARD0000004250,DEBIT,ACTIVE,2021-11-01,2026-10-31,0.0,0.0,True
4251,4747,CARD0000004251,DEBIT,ACTIVE,2024-11-02,2029-11-01,0.0,0.0,True
4252,4747,CARD0000004252,DEBIT,ACTIVE,2024-04-19,2029-04-18,0.0,0.0,True
4253,4749,CARD0000004253,CREDIT_STANDARD,ACTIVE,2026-01-10,2031-01-09,30000000.0,51.84,True
4254,4750,CARD0000004254,CREDIT_STANDARD,ACTIVE,2023-04-02,2028-03-31,80000000.0,21.66,True
4255,4750,CARD0000004255,CREDIT_PLATINUM,ACTIVE,2023-06-19,2028-06-17,300000000.0,45.05,True
4256,4751,CARD0000004256,CREDIT_STANDARD,ACTIVE,2021-11-12,2026-11-11,20000000.0,12.74,True
4257,4752,CARD0000004257,DEBIT,ACTIVE,2023-01-04,2028-01-03,0.0,0.0,True
4258,4753,CARD0000004258,CREDIT_GOLD,ACTIVE,2022-09-10,2027-09-09,120000000.0,81.97,True
4259,4753,CARD0000004259,DEBIT,EXPIRED,2021-03-19,2026-03-18,0.0,0.0,True
4260,4754,CARD0000004260,CREDIT_GOLD,ACTIVE,2026-03-14,2031-03-13,20000000.0,83.4,True
4261,4754,CARD0000004261,DEBIT,ACTIVE,2022-09-14,2027-09-13,0.0,0.0,True
4262,4755,CARD0000004262,DEBIT,ACTIVE,2023-07-07,2028-07-05,0.0,0.0,True
4263,4757,CARD0000004263,CREDIT_STANDARD,ACTIVE,2021-09-11,2026-09-10,80000000.0,53.76,False
4264,4758,CARD0000004264,CREDIT_STANDARD,ACTIVE,2025-10-09,2030-10-08,300000000.0,41.43,True
4265,4759,CARD0000004265,CREDIT_GOLD,ACTIVE,2026-01-16,2031-01-15,20000000.0,78.16,True
4266,4759,CARD0000004266,CREDIT_PLATINUM,EXPIRED,2021-04-19,2026-04-18,300000000.0,35.53,True
4267,4760,CARD0000004267,CREDIT_PLATINUM,ACTIVE,2024-07-20,2029-07-19,120000000.0,34.13,False
4268,4761,CARD0000004268,CREDIT_PLATINUM,ACTIVE,2024-06-19,2029-06-18,50000000.0,38.61,True
4269,4762,CARD0000004269,DEBIT,EXPIRED,2021-07-16,2026-07-15,0.0,0.0,True
4270,4763,CARD0000004270,CREDIT_PLATINUM,ACTIVE,2024-06-30,2029-06-29,20000000.0,29.75,True
4271,4764,CARD0000004271,DEBIT,ACTIVE,2024-10-27,2029-10-26,0.0,0.0,True
4272,4765,CARD0000004272,CREDIT_STANDARD,ACTIVE,2025-11-16,2030-11-15,50000000.0,78.23,True
4273,4765,CARD0000004273,CREDIT_STANDARD,ACTIVE,2025-11-24,2030-11-23,20000000.0,59.33,False
4274,4767,CARD0000004274,DEBIT,ACTIVE,2023-03-03,2028-03-01,0.0,0.0,True
4275,4768,CARD0000004275,CREDIT_STANDARD,ACTIVE,2022-12-20,2027-12-19,50000000.0,61.38,True
4276,4769,CARD0000004276,CREDIT_STANDARD,ACTIVE,2024-05-19,2029-05-18,200000000.0,21.35,True
4277,4770,CARD0000004277,DEBIT,ACTIVE,2022-07-20,2027-07-19,0.0,0.0,True
4278,4771,CARD0000004278,DEBIT,EXPIRED,2021-03-16,2026-03-15,0.0,0.0,True
4279,4772,CARD0000004279,CREDIT_STANDARD,ACTIVE,2026-05-17,2031-05-16,200000000.0,73.94,True
4280,4773,CARD0000004280,DEBIT,ACTIVE,2023-11-13,2028-11-11,0.0,0.0,True
4281,4775,CARD0000004281,DEBIT,BLOCKED,2025-03-24,2030-03-23,0.0,0.0,True
4282,4775,CARD0000004282,DEBIT,ACTIVE,2025-05-21,2030-05-20,0.0,0.0,True
4283,4776,CARD0000004283,CREDIT_GOLD,ACTIVE,2023-08-05,2028-08-03,80000000.0,55.14,False
4284,4777,CARD0000004284,CREDIT_STANDARD,ACTIVE,2023-01-23,2028-01-22,20000000.0,66.52,True
4285,4778,CARD0000004285,CREDIT_PLATINUM,ACTIVE,2022-07-15,2027-07-14,80000000.0,24.83,True
4286,4779,CARD0000004286,CREDIT_STANDARD,ACTIVE,2026-01-18,2031-01-17,120000000.0,5.27,True
4287,4779,CARD0000004287,CREDIT_GOLD,ACTIVE,2024-08-18,2029-08-17,300000000.0,18.61,True
4288,4780,CARD0000004288,CREDIT_PLATINUM,ACTIVE,2025-04-15,2030-04-14,200000000.0,5.08,True
4289,4781,CARD0000004289,CREDIT_PLATINUM,ACTIVE,2024-03-24,2029-03-23,20000000.0,22.68,True
4290,4782,CARD0000004290,CREDIT_GOLD,ACTIVE,2023-05-23,2028-05-21,200000000.0,54.58,True
4291,4783,CARD0000004291,CREDIT_STANDARD,ACTIVE,2025-10-17,2030-10-16,50000000.0,70.38,True
4292,4783,CARD0000004292,DEBIT,ACTIVE,2025-02-27,2030-02-26,0.0,0.0,True
4293,4784,CARD0000004293,CREDIT_GOLD,ACTIVE,2022-07-20,2027-07-19,200000000.0,66.46,True
4294,4787,CARD0000004294,DEBIT,ACTIVE,2024-02-11,2029-02-09,0.0,0.0,True
4295,4789,CARD0000004295,CREDIT_GOLD,ACTIVE,2023-01-16,2028-01-15,50000000.0,34.13,True
4296,4791,CARD0000004296,DEBIT,ACTIVE,2025-04-25,2030-04-24,0.0,0.0,True
4297,4791,CARD0000004297,CREDIT_PLATINUM,ACTIVE,2025-06-07,2030-06-06,80000000.0,73.66,False
4298,4792,CARD0000004298,CREDIT_PLATINUM,ACTIVE,2024-10-22,2029-10-21,50000000.0,19.9,True
4299,4793,CARD0000004299,CREDIT_GOLD,ACTIVE,2024-07-27,2029-07-26,50000000.0,23.84,True
4300,4793,CARD0000004300,CREDIT_GOLD,ACTIVE,2026-06-13,2031-06-12,80000000.0,10.37,True
4301,4794,CARD0000004301,CREDIT_PLATINUM,ACTIVE,2025-01-04,2030-01-03,80000000.0,42.16,True
4302,4794,CARD0000004302,CREDIT_PLATINUM,ACTIVE,2026-01-30,2031-01-29,300000000.0,21.71,False
4303,4795,CARD0000004303,CREDIT_STANDARD,ACTIVE,2021-12-08,2026-12-07,50000000.0,59.89,True
4304,4796,CARD0000004304,CREDIT_STANDARD,ACTIVE,2023-09-19,2028-09-17,20000000.0,25.28,True
4305,4796,CARD0000004305,CREDIT_GOLD,ACTIVE,2022-09-22,2027-09-21,200000000.0,22.87,True
4306,4798,CARD0000004306,DEBIT,ACTIVE,2023-08-22,2028-08-20,0.0,0.0,True
4307,4801,CARD0000004307,DEBIT,ACTIVE,2023-12-25,2028-12-23,0.0,0.0,True
4308,4803,CARD0000004308,DEBIT,ACTIVE,2024-08-28,2029-08-27,0.0,0.0,True
4309,4804,CARD0000004309,DEBIT,ACTIVE,2025-07-28,2030-07-27,0.0,0.0,True
4310,4805,CARD0000004310,DEBIT,ACTIVE,2023-09-05,2028-09-03,0.0,0.0,True
4311,4806,CARD0000004311,CREDIT_GOLD,EXPIRED,2021-04-26,2026-04-25,120000000.0,1.32,True
4312,4808,CARD0000004312,DEBIT,ACTIVE,2022-05-28,2027-05-27,0.0,0.0,True
4313,4809,CARD0000004313,DEBIT,ACTIVE,2024-10-15,2029-10-14,0.0,0.0,True
4314,4813,CARD0000004314,CREDIT_GOLD,ACTIVE,2022-10-02,2027-10-01,120000000.0,58.64,True
4315,4814,CARD0000004315,DEBIT,ACTIVE,2022-11-26,2027-11-25,0.0,0.0,True
4316,4815,CARD0000004316,DEBIT,EXPIRED,2021-06-01,2026-05-31,0.0,0.0,True
4317,4816,CARD0000004317,DEBIT,ACTIVE,2025-07-11,2030-07-10,0.0,0.0,True
4318,4819,CARD0000004318,DEBIT,ACTIVE,2021-12-16,2026-12-15,0.0,0.0,True
4319,4819,CARD0000004319,CREDIT_PLATINUM,ACTIVE,2023-03-20,2028-03-18,50000000.0,27.95,True
4320,4820,CARD0000004320,DEBIT,ACTIVE,2025-09-25,2030-09-24,0.0,0.0,True
4321,4821,CARD0000004321,CREDIT_STANDARD,ACTIVE,2023-11-29,2028-11-27,200000000.0,3.98,True
4322,4822,CARD0000004322,CREDIT_PLATINUM,ACTIVE,2025-05-26,2030-05-25,120000000.0,25.76,True
4323,4823,CARD0000004323,DEBIT,ACTIVE,2024-06-19,2029-06-18,0.0,0.0,True
4324,4824,CARD0000004324,DEBIT,ACTIVE,2024-05-16,2029-05-15,0.0,0.0,True
4325,4825,CARD0000004325,DEBIT,ACTIVE,2024-11-23,2029-11-22,0.0,0.0,True
4326,4825,CARD0000004326,DEBIT,ACTIVE,2024-08-12,2029-08-11,0.0,0.0,True
4327,4826,CARD0000004327,CREDIT_PLATINUM,ACTIVE,2023-07-17,2028-07-15,300000000.0,59.39,True
4328,4829,CARD0000004328,DEBIT,ACTIVE,2023-10-22,2028-10-20,0.0,0.0,True
4329,4830,CARD0000004329,DEBIT,EXPIRED,2021-08-04,2026-08-03,0.0,0.0,True
4330,4830,CARD0000004330,DEBIT,ACTIVE,2022-12-20,2027-12-19,0.0,0.0,True
4331,4831,CARD0000004331,CREDIT_STANDARD,ACTIVE,2022-09-28,2027-09-27,120000000.0,69.53,False
4332,4833,CARD0000004332,CREDIT_GOLD,ACTIVE,2021-12-04,2026-12-03,120000000.0,5.05,True
4333,4834,CARD0000004333,DEBIT,ACTIVE,2024-12-01,2029-11-30,0.0,0.0,True
4334,4834,CARD0000004334,DEBIT,ACTIVE,2026-01-29,2031-01-28,0.0,0.0,True
4335,4835,CARD0000004335,DEBIT,ACTIVE,2021-10-24,2026-10-23,0.0,0.0,True
4336,4836,CARD0000004336,DEBIT,ACTIVE,2022-12-10,2027-12-09,0.0,0.0,True
4337,4836,CARD0000004337,DEBIT,ACTIVE,2022-08-02,2027-08-01,0.0,0.0,True
4338,4837,CARD0000004338,DEBIT,ACTIVE,2022-04-04,2027-04-03,0.0,0.0,True
4339,4837,CARD0000004339,DEBIT,ACTIVE,2024-10-13,2029-10-12,0.0,0.0,True
4340,4838,CARD0000004340,CREDIT_GOLD,ACTIVE,2024-09-29,2029-09-28,50000000.0,15.76,True
4341,4840,CARD0000004341,CREDIT_PLATINUM,ACTIVE,2024-12-27,2029-12-26,120000000.0,31.58,True
4342,4841,CARD0000004342,CREDIT_PLATINUM,ACTIVE,2023-07-11,2028-07-09,50000000.0,82.05,True
4343,4841,CARD0000004343,CREDIT_PLATINUM,EXPIRED,2021-03-22,2026-03-21,300000000.0,80.41,True
4344,4842,CARD0000004344,CREDIT_GOLD,ACTIVE,2022-09-25,2027-09-24,80000000.0,25.97,True
4345,4843,CARD0000004345,CREDIT_STANDARD,ACTIVE,2023-02-26,2028-02-25,120000000.0,17.98,True
4346,4843,CARD0000004346,CREDIT_GOLD,ACTIVE,2025-08-26,2030-08-25,80000000.0,24.91,True
4347,4844,CARD0000004347,DEBIT,BLOCKED,2022-02-15,2027-02-14,0.0,0.0,True
4348,4845,CARD0000004348,CREDIT_STANDARD,ACTIVE,2025-08-20,2030-08-19,120000000.0,15.54,True
4349,4847,CARD0000004349,DEBIT,ACTIVE,2024-01-08,2029-01-06,0.0,0.0,True
4350,4849,CARD0000004350,CREDIT_STANDARD,ACTIVE,2025-07-26,2030-07-25,120000000.0,64.51,True
4351,4849,CARD0000004351,DEBIT,ACTIVE,2022-12-29,2027-12-28,0.0,0.0,True
4352,4851,CARD0000004352,CREDIT_PLATINUM,ACTIVE,2024-04-22,2029-04-21,50000000.0,9.83,False
4353,4851,CARD0000004353,CREDIT_PLATINUM,ACTIVE,2024-07-05,2029-07-04,50000000.0,14.35,True
4354,4852,CARD0000004354,DEBIT,ACTIVE,2023-08-31,2028-08-29,0.0,0.0,True
4355,4853,CARD0000004355,DEBIT,ACTIVE,2022-02-02,2027-02-01,0.0,0.0,True
4356,4853,CARD0000004356,CREDIT_STANDARD,ACTIVE,2022-11-26,2027-11-25,20000000.0,65.39,False
4357,4854,CARD0000004357,CREDIT_STANDARD,BLOCKED,2024-01-05,2029-01-03,300000000.0,67.75,True
4358,4855,CARD0000004358,CREDIT_GOLD,ACTIVE,2023-12-19,2028-12-17,80000000.0,21.15,True
4359,4856,CARD0000004359,CREDIT_PLATINUM,ACTIVE,2026-06-10,2031-06-09,80000000.0,19.21,True
4360,4856,CARD0000004360,DEBIT,ACTIVE,2026-04-28,2031-04-27,0.0,0.0,True
4361,4857,CARD0000004361,DEBIT,ACTIVE,2023-02-24,2028-02-23,0.0,0.0,True
4362,4857,CARD0000004362,DEBIT,ACTIVE,2025-06-13,2030-06-12,0.0,0.0,True
4363,4859,CARD0000004363,CREDIT_STANDARD,ACTIVE,2022-12-07,2027-12-06,200000000.0,71.7,True
4364,4860,CARD0000004364,CREDIT_GOLD,ACTIVE,2021-09-07,2026-09-06,300000000.0,11.95,False
4365,4862,CARD0000004365,CREDIT_PLATINUM,ACTIVE,2022-12-06,2027-12-05,30000000.0,83.33,True
4366,4864,CARD0000004366,CREDIT_GOLD,ACTIVE,2025-10-11,2030-10-10,80000000.0,69.5,True
4367,4865,CARD0000004367,CREDIT_PLATINUM,ACTIVE,2023-04-01,2028-03-30,200000000.0,5.08,True
4368,4865,CARD0000004368,DEBIT,ACTIVE,2022-10-04,2027-10-03,0.0,0.0,True
4369,4866,CARD0000004369,CREDIT_PLATINUM,ACTIVE,2024-10-16,2029-10-15,20000000.0,47.29,True
4370,4866,CARD0000004370,DEBIT,ACTIVE,2024-06-13,2029-06-12,0.0,0.0,True
4371,4867,CARD0000004371,CREDIT_PLATINUM,ACTIVE,2021-12-26,2026-12-25,50000000.0,23.64,True
4372,4869,CARD0000004372,CREDIT_PLATINUM,ACTIVE,2023-05-15,2028-05-13,30000000.0,37.44,True
4373,4869,CARD0000004373,DEBIT,ACTIVE,2025-11-15,2030-11-14,0.0,0.0,True
4374,4870,CARD0000004374,DEBIT,ACTIVE,2025-04-12,2030-04-11,0.0,0.0,True
4375,4871,CARD0000004375,DEBIT,ACTIVE,2026-03-08,2031-03-07,0.0,0.0,True
4376,4872,CARD0000004376,CREDIT_GOLD,ACTIVE,2022-08-22,2027-08-21,30000000.0,31.34,True
4377,4872,CARD0000004377,DEBIT,ACTIVE,2022-09-22,2027-09-21,0.0,0.0,True
4378,4874,CARD0000004378,DEBIT,ACTIVE,2024-02-29,2029-02-27,0.0,0.0,True
4379,4875,CARD0000004379,DEBIT,ACTIVE,2024-04-25,2029-04-24,0.0,0.0,True
4380,4877,CARD0000004380,CREDIT_STANDARD,ACTIVE,2022-06-28,2027-06-27,200000000.0,34.15,True
4381,4878,CARD0000004381,CREDIT_PLATINUM,EXPIRED,2021-06-04,2026-06-03,50000000.0,2.62,True
4382,4878,CARD0000004382,DEBIT,ACTIVE,2022-03-22,2027-03-21,0.0,0.0,True
4383,4879,CARD0000004383,CREDIT_GOLD,ACTIVE,2024-10-22,2029-10-21,80000000.0,40.66,True
4384,4880,CARD0000004384,CREDIT_STANDARD,ACTIVE,2023-05-31,2028-05-29,30000000.0,79.79,True
4385,4884,CARD0000004385,DEBIT,ACTIVE,2022-11-19,2027-11-18,0.0,0.0,True
4386,4885,CARD0000004386,DEBIT,ACTIVE,2023-09-17,2028-09-15,0.0,0.0,True
4387,4887,CARD0000004387,CREDIT_STANDARD,ACTIVE,2022-04-06,2027-04-05,30000000.0,22.98,True
4388,4887,CARD0000004388,CREDIT_GOLD,ACTIVE,2024-03-06,2029-03-05,20000000.0,34.6,True
4389,4888,CARD0000004389,CREDIT_STANDARD,ACTIVE,2023-04-15,2028-04-13,20000000.0,8.79,True
4390,4890,CARD0000004390,DEBIT,ACTIVE,2026-05-12,2031-05-11,0.0,0.0,True
4391,4891,CARD0000004391,CREDIT_STANDARD,ACTIVE,2022-10-15,2027-10-14,30000000.0,23.03,False
4392,4897,CARD0000004392,DEBIT,ACTIVE,2025-03-29,2030-03-28,0.0,0.0,True
4393,4897,CARD0000004393,CREDIT_PLATINUM,EXPIRED,2021-06-15,2026-06-14,300000000.0,22.0,True
4394,4898,CARD0000004394,DEBIT,ACTIVE,2024-09-07,2029-09-06,0.0,0.0,True
4395,4899,CARD0000004395,DEBIT,ACTIVE,2024-10-25,2029-10-24,0.0,0.0,True
4396,4899,CARD0000004396,DEBIT,ACTIVE,2023-12-24,2028-12-22,0.0,0.0,True
4397,4900,CARD0000004397,DEBIT,ACTIVE,2022-07-09,2027-07-08,0.0,0.0,True
4398,4900,CARD0000004398,DEBIT,ACTIVE,2025-01-28,2030-01-27,0.0,0.0,True
4399,4901,CARD0000004399,DEBIT,BLOCKED,2026-02-16,2031-02-15,0.0,0.0,True
4400,4901,CARD0000004400,DEBIT,ACTIVE,2024-05-14,2029-05-13,0.0,0.0,True
4401,4902,CARD0000004401,DEBIT,ACTIVE,2021-09-18,2026-09-17,0.0,0.0,True
4402,4905,CARD0000004402,DEBIT,ACTIVE,2022-04-09,2027-04-08,0.0,0.0,True
4403,4905,CARD0000004403,CREDIT_GOLD,ACTIVE,2021-09-24,2026-09-23,80000000.0,4.22,True
4404,4906,CARD0000004404,CREDIT_GOLD,ACTIVE,2023-06-11,2028-06-09,300000000.0,56.73,True
4405,4906,CARD0000004405,DEBIT,ACTIVE,2024-09-07,2029-09-06,0.0,0.0,True
4406,4907,CARD0000004406,DEBIT,EXPIRED,2021-06-15,2026-06-14,0.0,0.0,True
4407,4908,CARD0000004407,DEBIT,ACTIVE,2023-03-07,2028-03-05,0.0,0.0,True
4408,4910,CARD0000004408,CREDIT_PLATINUM,ACTIVE,2022-03-26,2027-03-25,30000000.0,8.31,True
4409,4911,CARD0000004409,CREDIT_PLATINUM,ACTIVE,2022-05-26,2027-05-25,200000000.0,39.01,True
4410,4912,CARD0000004410,DEBIT,ACTIVE,2022-06-12,2027-06-11,0.0,0.0,True
4411,4912,CARD0000004411,CREDIT_GOLD,ACTIVE,2022-08-13,2027-08-12,80000000.0,27.96,True
4412,4913,CARD0000004412,DEBIT,ACTIVE,2023-07-02,2028-06-30,0.0,0.0,True
4413,4914,CARD0000004413,DEBIT,ACTIVE,2025-11-21,2030-11-20,0.0,0.0,True
4414,4915,CARD0000004414,CREDIT_GOLD,ACTIVE,2023-07-19,2028-07-17,300000000.0,24.99,False
4415,4916,CARD0000004415,DEBIT,ACTIVE,2025-03-17,2030-03-16,0.0,0.0,True
4416,4917,CARD0000004416,DEBIT,ACTIVE,2026-05-16,2031-05-15,0.0,0.0,True
4417,4919,CARD0000004417,CREDIT_PLATINUM,EXPIRED,2021-08-17,2026-08-16,300000000.0,45.81,True
4418,4920,CARD0000004418,DEBIT,ACTIVE,2024-11-26,2029-11-25,0.0,0.0,True
4419,4920,CARD0000004419,DEBIT,EXPIRED,2021-05-25,2026-05-24,0.0,0.0,True
4420,4921,CARD0000004420,CREDIT_GOLD,ACTIVE,2025-07-22,2030-07-21,30000000.0,66.59,True
4421,4922,CARD0000004421,CREDIT_PLATINUM,ACTIVE,2024-10-11,2029-10-10,30000000.0,22.42,True
4422,4924,CARD0000004422,CREDIT_GOLD,BLOCKED,2022-04-24,2027-04-23,300000000.0,82.94,True
4423,4925,CARD0000004423,CREDIT_GOLD,ACTIVE,2021-10-12,2026-10-11,200000000.0,61.56,True
4424,4926,CARD0000004424,CREDIT_PLATINUM,ACTIVE,2025-10-25,2030-10-24,50000000.0,29.6,True
4425,4927,CARD0000004425,CREDIT_PLATINUM,ACTIVE,2025-06-10,2030-06-09,30000000.0,15.31,True
4426,4927,CARD0000004426,CREDIT_STANDARD,ACTIVE,2022-09-11,2027-09-10,50000000.0,29.51,True
4427,4928,CARD0000004427,DEBIT,ACTIVE,2023-09-01,2028-08-30,0.0,0.0,True
4428,4930,CARD0000004428,DEBIT,BLOCKED,2024-08-16,2029-08-15,0.0,0.0,True
4429,4931,CARD0000004429,DEBIT,EXPIRED,2021-04-17,2026-04-16,0.0,0.0,True
4430,4932,CARD0000004430,CREDIT_GOLD,ACTIVE,2026-05-13,2031-05-12,30000000.0,36.94,True
4431,4932,CARD0000004431,CREDIT_GOLD,ACTIVE,2023-05-01,2028-04-29,200000000.0,84.56,True
4432,4933,CARD0000004432,CREDIT_PLATINUM,EXPIRED,2021-05-01,2026-04-30,20000000.0,56.77,True
4433,4933,CARD0000004433,CREDIT_STANDARD,ACTIVE,2025-07-19,2030-07-18,50000000.0,56.76,True
4434,4935,CARD0000004434,CREDIT_GOLD,ACTIVE,2022-02-13,2027-02-12,50000000.0,62.64,True
4435,4938,CARD0000004435,CREDIT_STANDARD,ACTIVE,2024-10-10,2029-10-09,50000000.0,1.78,True
4436,4940,CARD0000004436,CREDIT_GOLD,ACTIVE,2022-05-18,2027-05-17,200000000.0,25.36,True
4437,4940,CARD0000004437,CREDIT_GOLD,ACTIVE,2023-06-23,2028-06-21,120000000.0,32.56,False
4438,4942,CARD0000004438,DEBIT,ACTIVE,2025-02-16,2030-02-15,0.0,0.0,True
4439,4943,CARD0000004439,CREDIT_PLATINUM,ACTIVE,2026-04-22,2031-04-21,120000000.0,69.21,True
4440,4944,CARD0000004440,CREDIT_PLATINUM,ACTIVE,2025-09-23,2030-09-22,120000000.0,34.84,True
4441,4945,CARD0000004441,DEBIT,ACTIVE,2026-05-09,2031-05-08,0.0,0.0,True
4442,4946,CARD0000004442,CREDIT_PLATINUM,ACTIVE,2022-11-01,2027-10-31,80000000.0,40.1,True
4443,4947,CARD0000004443,DEBIT,ACTIVE,2022-11-24,2027-11-23,0.0,0.0,True
4444,4948,CARD0000004444,CREDIT_GOLD,ACTIVE,2021-09-10,2026-09-09,20000000.0,66.37,True
4445,4949,CARD0000004445,CREDIT_GOLD,ACTIVE,2023-02-03,2028-02-02,20000000.0,1.79,True
4446,4949,CARD0000004446,CREDIT_STANDARD,ACTIVE,2023-05-02,2028-04-30,20000000.0,9.07,True
4447,4950,CARD0000004447,DEBIT,EXPIRED,2021-06-29,2026-06-28,0.0,0.0,True
4448,4951,CARD0000004448,CREDIT_PLATINUM,ACTIVE,2025-08-27,2030-08-26,50000000.0,34.17,True
4449,4951,CARD0000004449,CREDIT_STANDARD,ACTIVE,2023-09-05,2028-09-03,30000000.0,23.1,True
4450,4954,CARD0000004450,CREDIT_STANDARD,ACTIVE,2024-04-29,2029-04-28,30000000.0,61.12,True
4451,4956,CARD0000004451,CREDIT_GOLD,ACTIVE,2025-10-08,2030-10-07,50000000.0,18.37,True
4452,4956,CARD0000004452,CREDIT_GOLD,ACTIVE,2025-07-23,2030-07-22,120000000.0,5.32,True
4453,4957,CARD0000004453,DEBIT,BLOCKED,2026-03-09,2031-03-08,0.0,0.0,True
4454,4959,CARD0000004454,CREDIT_STANDARD,ACTIVE,2025-06-20,2030-06-19,120000000.0,58.02,True
4455,4959,CARD0000004455,DEBIT,ACTIVE,2025-10-26,2030-10-25,0.0,0.0,True
4456,4960,CARD0000004456,CREDIT_GOLD,EXPIRED,2021-04-08,2026-04-07,20000000.0,7.13,True
4457,4961,CARD0000004457,CREDIT_STANDARD,ACTIVE,2025-02-15,2030-02-14,20000000.0,25.45,False
4458,4963,CARD0000004458,DEBIT,ACTIVE,2025-06-24,2030-06-23,0.0,0.0,True
4459,4966,CARD0000004459,CREDIT_STANDARD,ACTIVE,2025-07-07,2030-07-06,80000000.0,17.67,True
4460,4968,CARD0000004460,DEBIT,ACTIVE,2025-03-10,2030-03-09,0.0,0.0,True
4461,4969,CARD0000004461,CREDIT_GOLD,ACTIVE,2024-03-31,2029-03-30,300000000.0,17.23,True
4462,4969,CARD0000004462,DEBIT,ACTIVE,2023-03-15,2028-03-13,0.0,0.0,True
4463,4970,CARD0000004463,DEBIT,ACTIVE,2022-05-11,2027-05-10,0.0,0.0,True
4464,4973,CARD0000004464,DEBIT,EXPIRED,2021-07-26,2026-07-25,0.0,0.0,True
4465,4974,CARD0000004465,CREDIT_GOLD,EXPIRED,2021-07-06,2026-07-05,50000000.0,80.58,True
4466,4974,CARD0000004466,CREDIT_STANDARD,ACTIVE,2025-11-07,2030-11-06,120000000.0,27.95,True
4467,4975,CARD0000004467,DEBIT,EXPIRED,2021-04-18,2026-04-17,0.0,0.0,True
4468,4976,CARD0000004468,CREDIT_GOLD,ACTIVE,2023-06-07,2028-06-05,120000000.0,80.18,True
4469,4977,CARD0000004469,CREDIT_PLATINUM,ACTIVE,2026-05-17,2031-05-16,50000000.0,79.79,True
4470,4977,CARD0000004470,CREDIT_STANDARD,ACTIVE,2022-08-22,2027-08-21,300000000.0,66.07,True
4471,4981,CARD0000004471,DEBIT,EXPIRED,2021-08-12,2026-08-11,0.0,0.0,True
4472,4981,CARD0000004472,DEBIT,ACTIVE,2023-01-22,2028-01-21,0.0,0.0,True
4473,4982,CARD0000004473,DEBIT,ACTIVE,2023-10-03,2028-10-01,0.0,0.0,True
4474,4983,CARD0000004474,DEBIT,ACTIVE,2022-05-24,2027-05-23,0.0,0.0,True
4475,4985,CARD0000004475,CREDIT_STANDARD,BLOCKED,2025-12-19,2030-12-18,200000000.0,24.25,True
4476,4986,CARD0000004476,CREDIT_STANDARD,ACTIVE,2025-02-11,2030-02-10,50000000.0,54.64,True
4477,4987,CARD0000004477,DEBIT,ACTIVE,2023-06-20,2028-06-18,0.0,0.0,True
4478,4987,CARD0000004478,CREDIT_STANDARD,EXPIRED,2021-05-13,2026-05-12,120000000.0,66.11,True
4479,4988,CARD0000004479,CREDIT_PLATINUM,ACTIVE,2024-08-22,2029-08-21,120000000.0,27.97,True
4480,4989,CARD0000004480,DEBIT,ACTIVE,2023-05-09,2028-05-07,0.0,0.0,True
4481,4990,CARD0000004481,CREDIT_GOLD,ACTIVE,2022-04-04,2027-04-03,20000000.0,26.7,True
4482,4991,CARD0000004482,DEBIT,ACTIVE,2021-08-29,2026-08-28,0.0,0.0,True
4483,4991,CARD0000004483,CREDIT_PLATINUM,ACTIVE,2026-06-25,2031-06-24,20000000.0,15.07,False
4484,4992,CARD0000004484,DEBIT,ACTIVE,2022-12-31,2027-12-30,0.0,0.0,True
4485,4997,CARD0000004485,CREDIT_GOLD,ACTIVE,2023-03-31,2028-03-29,300000000.0,29.08,False
4486,4998,CARD0000004486,CREDIT_GOLD,ACTIVE,2021-11-20,2026-11-19,30000000.0,60.21,True
4487,5000,CARD0000004487,DEBIT,ACTIVE,2022-11-04,2027-11-03,0.0,0.0,True
