policy_id,customer_id,insurance_type,provider_code,start_date,expiry_date,renewal_date,premium_amount,policy_value,payment_frequency,policy_status,insurance_product_count,active_insurance_flag,total_annual_premium,nearest_renewal_days
POL000000001,CUS00000008,HEALTH,PRV5,2026-02-11,2027-02-11,2027-02-11,31224065.63,552591122.07,MONTHLY,ACTIVE,2,True,83689495.54,164
POL000000002,CUS00000008,HEALTH,PRV3,2026-03-26,2031-03-25,2027-03-26,52465429.91,657535701.9,ANNUAL,ACTIVE,2,True,83689495.54,164
POL000000003,CUS00000020,LIFE,PRV1,2025-12-28,2035-12-26,2026-12-28,9094566.35,222802405.19,MONTHLY,ACTIVE,1,True,9094566.35,119
POL000000004,CUS00000022,TRAVEL,PRV3,2025-05-06,2030-05-05,2027-05-06,532781.15,13233363.91,ANNUAL,ACTIVE,1,True,532781.15,248
POL000000005,CUS00000028,LIFE,PRV3,2023-09-19,2033-09-16,2026-09-18,1914279.53,46091944.61,QUARTERLY,ACTIVE,1,True,1914279.53,18
POL000000006,CUS00000029,HOME,PRV4,2022-08-02,2032-07-30,2027-08-01,2442118.78,29323974.39,ANNUAL,ACTIVE,1,True,2442118.78,335
POL000000007,CUS00000034,LIFE,PRV1,2022-12-17,2032-12-14,2026-12-16,392022.77,9004849.08,MONTHLY,ACTIVE,1,True,392022.77,107
POL000000008,CUS00000035,MOTOR,PRV2,2023-11-21,2043-11-16,2026-11-20,161294.59,1885391.81,ANNUAL,ACTIVE,1,True,161294.59,81
POL000000009,CUS00000043,MOTOR,PRV3,2025-10-23,2026-10-23,2026-10-23,1030210.99,21278579.25,QUARTERLY,ACTIVE,1,True,1030210.99,53
POL000000010,CUS00000045,LIFE,PRV5,2023-12-24,2024-12-23,2026-12-23,5523689.13,54089241.94,ANNUAL,LAPSED,1,False,0.0,
POL000000011,CUS00000046,HOME,PRV2,2026-04-13,2027-04-13,2027-04-13,638857.62,7797458.01,ANNUAL,ACTIVE,1,True,638857.62,225
POL000000012,CUS00000049,MOTOR,PRV4,2023-10-14,2033-10-11,2026-10-13,140274.38,3328089.88,ANNUAL,ACTIVE,1,True,140274.38,43
POL000000013,CUS00000051,MOTOR,PRV3,2024-07-24,2034-07-22,2027-07-24,4463779.47,71778580.86,MONTHLY,ACTIVE,1,True,4463779.47,327
POL000000014,CUS00000053,LIFE,PRV1,2024-08-16,2044-08-11,2027-08-16,4186778.13,90128574.7,ANNUAL,ACTIVE,1,True,4186778.13,350
POL000000015,CUS00000056,HEALTH,PRV1,2022-08-10,2032-08-07,2027-08-09,119838.38,2506108.91,QUARTERLY,ACTIVE,1,True,119838.38,343
POL000000016,CUS00000057,LIFE,PRV3,2023-07-30,2043-07-25,2027-07-29,732916.24,15767347.23,QUARTERLY,ACTIVE,1,True,732916.24,332
POL000000017,CUS00000066,MOTOR,PRV3,2023-07-16,2024-07-15,2027-07-15,1055825.1,16142209.76,QUARTERLY,LAPSED,2,True,1047537.4,65
POL000000018,CUS00000066,HEALTH,PRV5,2022-11-05,2032-11-02,2026-11-04,1047537.4,21518088.4,ANNUAL,ACTIVE,2,True,1047537.4,65
POL000000019,CUS00000067,LIFE,PRV3,2022-10-19,2042-10-14,2026-10-18,4448078.81,109654953.5,MONTHLY,ACTIVE,1,True,4448078.81,48
POL000000020,CUS00000072,HEALTH,PRV2,2026-03-30,2031-03-29,2027-03-30,675307.67,6876033.44,ANNUAL,ACTIVE,2,True,1017455.67,143
POL000000021,CUS00000072,TRAVEL,PRV1,2026-01-21,2046-01-16,2027-01-21,342148.0,5171268.41,ANNUAL,ACTIVE,2,True,1017455.67,143
POL000000022,CUS00000075,HEALTH,PRV3,2023-07-16,2043-07-11,2027-07-15,1671963.65,31940190.05,ANNUAL,ACTIVE,2,True,2216949.83,32
POL000000023,CUS00000075,HEALTH,PRV3,2025-10-02,2026-10-02,2026-10-02,544986.18,6907907.49,MONTHLY,ACTIVE,2,True,2216949.83,32
POL000000024,CUS00000090,TRAVEL,PRV4,2026-02-25,2027-02-25,2027-02-25,5722348.53,118074025.23,QUARTERLY,ACTIVE,1,True,5722348.53,178
POL000000025,CUS00000096,LIFE,PRV4,2025-01-05,2030-01-04,2027-01-05,913918.09,19752271.13,ANNUAL,ACTIVE,1,True,913918.09,127
POL000000026,CUS00000099,MOTOR,PRV1,2024-09-04,2029-09-03,2026-09-04,227647.23,3486234.11,ANNUAL,ACTIVE,1,True,227647.23,4
POL000000027,CUS00000100,HEALTH,PRV4,2023-06-28,2033-06-25,2027-06-27,2686634.13,53203266.58,ANNUAL,ACTIVE,1,True,2686634.13,300
POL000000028,CUS00000101,HEALTH,PRV5,2023-05-08,2033-05-05,2027-05-07,7477411.16,86342500.26,ANNUAL,ACTIVE,1,True,7477411.16,249
POL000000029,CUS00000104,HOME,PRV1,2026-02-26,2031-02-25,2027-02-26,232932.45,5461800.69,ANNUAL,ACTIVE,2,True,232932.45,179
POL000000030,CUS00000104,HEALTH,PRV1,2022-07-30,2023-07-30,2027-07-29,91858.36,1968515.4,ANNUAL,LAPSED,2,True,232932.45,179
POL000000031,CUS00000108,MOTOR,PRV3,2022-11-17,2023-11-17,2026-11-16,595692.45,4792995.0,ANNUAL,LAPSED,1,False,0.0,
POL000000032,CUS00000109,TRAVEL,PRV1,2022-08-03,2027-08-02,2027-08-02,1411663.44,31313697.54,MONTHLY,ACTIVE,1,True,1411663.44,336
POL000000033,CUS00000110,HEALTH,PRV5,2022-10-17,2027-10-16,2026-10-16,1594572.07,26158289.5,MONTHLY,ACTIVE,1,True,1594572.07,46
POL000000034,CUS00000118,TRAVEL,PRV5,2023-12-30,2043-12-25,2026-12-29,9640610.09,80152799.77,ANNUAL,ACTIVE,1,True,9640610.09,120
POL000000035,CUS00000119,LIFE,PRV2,2023-12-08,2028-12-06,2026-12-07,303909.98,5460661.87,MONTHLY,ACTIVE,1,True,303909.98,98
POL000000036,CUS00000126,HEALTH,PRV4,2023-09-04,2033-09-01,2026-09-03,5104009.49,46326227.31,QUARTERLY,ACTIVE,1,True,5104009.49,3
POL000000037,CUS00000133,HEALTH,PRV5,2023-05-09,2033-05-06,2027-05-08,201754.49,3831152.02,ANNUAL,ACTIVE,1,True,201754.49,250
POL000000038,CUS00000134,TRAVEL,PRV1,2023-07-30,2043-07-25,2027-07-29,2979067.74,24024366.72,ANNUAL,ACTIVE,1,True,2979067.74,332
POL000000039,CUS00000135,LIFE,PRV1,2025-03-09,2045-03-04,2027-03-09,12544319.34,161616122.37,QUARTERLY,ACTIVE,1,True,12544319.34,190
POL000000040,CUS00000159,LIFE,PRV1,2025-03-18,2030-03-17,2027-03-18,133421.49,2255560.43,ANNUAL,ACTIVE,2,True,133421.49,199
POL000000041,CUS00000159,HEALTH,PRV5,2023-02-01,2024-02-01,2027-01-31,402713.02,5521664.46,MONTHLY,LAPSED,2,True,133421.49,199
POL000000042,CUS00000162,LIFE,PRV3,2025-09-27,2045-09-22,2026-09-27,1916583.76,19082486.86,QUARTERLY,ACTIVE,1,True,1916583.76,27
POL000000043,CUS00000163,HEALTH,PRV2,2023-10-23,2028-10-21,2026-10-22,1037162.84,25111920.53,ANNUAL,ACTIVE,2,True,2016235.41,52
POL000000044,CUS00000163,HOME,PRV5,2025-07-28,2045-07-23,2027-07-28,979072.57,17607266.09,QUARTERLY,ACTIVE,2,True,2016235.41,52
POL000000045,CUS00000171,LIFE,PRV2,2025-02-20,2045-02-15,2027-02-20,6912779.16,112616741.55,QUARTERLY,ACTIVE,1,True,6912779.16,173
POL000000046,CUS00000177,MOTOR,PRV2,2025-06-12,2045-06-07,2027-06-12,11899988.84,120760595.05,MONTHLY,ACTIVE,1,True,11899988.84,285
POL000000047,CUS00000178,TRAVEL,PRV2,2023-05-21,2043-05-16,2027-05-20,425736.89,9446085.96,ANNUAL,ACTIVE,1,True,425736.89,262
POL000000048,CUS00000180,MOTOR,PRV2,2025-01-30,2035-01-28,2027-01-30,865947.19,11375564.09,ANNUAL,ACTIVE,1,True,865947.19,152
POL000000049,CUS00000190,LIFE,PRV2,2023-04-17,2024-04-16,2027-04-16,6297985.46,138264514.27,ANNUAL,LAPSED,1,False,0.0,
POL000000050,CUS00000196,LIFE,PRV5,2023-07-23,2033-07-20,2027-07-22,904102.11,17676652.29,ANNUAL,ACTIVE,1,True,904102.11,325
POL000000051,CUS00000197,LIFE,PRV4,2025-05-10,2035-05-08,2027-05-10,342376.1,7386600.84,MONTHLY,ACTIVE,2,True,623281.71,210
POL000000052,CUS00000197,TRAVEL,PRV5,2024-03-29,2044-03-24,2027-03-29,280905.61,2724474.47,MONTHLY,ACTIVE,2,True,623281.71,210
POL000000053,CUS00000200,TRAVEL,PRV1,2025-09-04,2030-09-03,2026-09-04,1792890.57,41772996.73,MONTHLY,ACTIVE,1,True,1792890.57,4
POL000000054,CUS00000201,LIFE,PRV4,2023-06-02,2033-05-30,2027-06-01,750846.93,6143422.95,QUARTERLY,ACTIVE,1,True,750846.93,274
POL000000055,CUS00000203,MOTOR,PRV3,2023-07-20,2024-07-19,2027-07-19,285591.8,6282341.15,MONTHLY,LAPSED,1,False,0.0,
POL000000056,CUS00000210,HEALTH,PRV3,2025-04-07,2035-04-05,2027-04-07,2591423.52,45689168.84,QUARTERLY,ACTIVE,1,True,2591423.52,219
POL000000057,CUS00000220,HOME,PRV2,2024-04-15,2029-04-14,2027-04-15,597650.42,14065696.31,ANNUAL,ACTIVE,1,True,597650.42,227
POL000000058,CUS00000224,LIFE,PRV1,2025-11-13,2030-11-12,2026-11-13,2431622.38,46201569.52,ANNUAL,ACTIVE,2,True,5409613.9,74
POL000000059,CUS00000224,LIFE,PRV3,2025-08-17,2030-08-16,2027-08-17,2977991.52,43665069.78,ANNUAL,ACTIVE,2,True,5409613.9,74
POL000000060,CUS00000229,HOME,PRV2,2022-12-29,2042-12-24,2026-12-28,3254259.73,48334729.64,ANNUAL,ACTIVE,1,True,3254259.73,119
POL000000061,CUS00000231,LIFE,PRV1,2025-10-23,2030-10-22,2026-10-23,854651.74,20102958.48,ANNUAL,ACTIVE,2,True,2081436.86,53
POL000000062,CUS00000231,LIFE,PRV3,2024-03-28,2029-03-27,2027-03-28,1226785.12,16745945.82,MONTHLY,ACTIVE,2,True,2081436.86,53
POL000000063,CUS00000234,LIFE,PRV4,2026-07-01,2036-06-28,2027-07-01,292778.67,3805877.23,ANNUAL,ACTIVE,1,True,292778.67,304
POL000000064,CUS00000235,HEALTH,PRV5,2025-11-17,2030-11-16,2026-11-17,16804865.7,157860916.24,MONTHLY,ACTIVE,1,True,16804865.7,78
POL000000065,CUS00000242,HEALTH,PRV3,2025-01-20,2026-01-20,2027-01-20,1708249.01,42319467.82,ANNUAL,LAPSED,1,False,0.0,
POL000000066,CUS00000249,TRAVEL,PRV1,2024-05-26,2025-05-26,2027-05-26,6058636.88,148469010.37,ANNUAL,LAPSED,1,False,0.0,
POL000000067,CUS00000255,MOTOR,PRV4,2025-08-10,2035-08-08,2027-08-10,274573.87,2921946.34,ANNUAL,ACTIVE,2,True,771510.85,183
POL000000068,CUS00000255,LIFE,PRV5,2025-03-02,2045-02-25,2027-03-02,496936.98,11271436.45,ANNUAL,ACTIVE,2,True,771510.85,183
POL000000069,CUS00000259,MOTOR,PRV5,2022-12-24,2027-12-23,2026-12-23,11308107.88,191217978.46,ANNUAL,ACTIVE,2,True,29484095.94,114
POL000000070,CUS00000259,LIFE,PRV4,2024-02-15,2034-02-12,2027-02-14,18175988.06,373817731.51,QUARTERLY,ACTIVE,2,True,29484095.94,114
POL000000071,CUS00000263,MOTOR,PRV5,2024-07-05,2044-06-30,2027-07-05,34601276.72,745172873.15,ANNUAL,ACTIVE,1,True,34601276.72,308
POL000000072,CUS00000270,LIFE,PRV4,2023-07-29,2043-07-24,2027-07-28,155509.1,2282757.75,MONTHLY,ACTIVE,1,True,155509.1,331
POL000000073,CUS00000279,LIFE,PRV4,2025-09-03,2045-08-29,2026-09-03,1127895.24,21772127.54,QUARTERLY,ACTIVE,1,True,1127895.24,3
POL000000074,CUS00000283,MOTOR,PRV1,2024-02-24,2025-02-23,2027-02-23,3322092.64,44310614.73,ANNUAL,LAPSED,1,False,0.0,
POL000000075,CUS00000289,TRAVEL,PRV5,2024-03-05,2029-03-04,2027-03-05,293807.99,4041749.31,ANNUAL,ACTIVE,1,True,293807.99,186
POL000000076,CUS00000291,TRAVEL,PRV4,2025-11-22,2030-11-21,2026-11-22,584733.71,10101236.67,ANNUAL,ACTIVE,2,True,736338.19,1
POL000000077,CUS00000291,LIFE,PRV3,2022-09-02,2027-09-01,2026-09-01,151604.48,2749396.52,ANNUAL,ACTIVE,2,True,736338.19,1
POL000000078,CUS00000295,MOTOR,PRV1,2025-07-31,2030-07-30,2027-07-31,7643278.02,168803276.72,ANNUAL,ACTIVE,1,True,7643278.02,334
POL000000079,CUS00000296,TRAVEL,PRV2,2025-05-06,2026-05-06,2027-05-06,3360406.87,43410293.49,MONTHLY,LAPSED,2,True,1038151.88,160
POL000000080,CUS00000296,HEALTH,PRV2,2023-02-08,2033-02-05,2027-02-07,1038151.88,19006799.62,MONTHLY,ACTIVE,2,True,1038151.88,160
POL000000081,CUS00000297,TRAVEL,PRV4,2024-07-17,2029-07-16,2027-07-17,5150815.58,115064991.44,QUARTERLY,ACTIVE,1,True,5150815.58,320
POL000000082,CUS00000307,HEALTH,PRV2,2023-05-06,2028-05-04,2027-05-05,114722.58,2083945.63,MONTHLY,ACTIVE,1,True,114722.58,247
POL000000083,CUS00000317,HOME,PRV4,2024-10-12,2029-10-11,2026-10-12,1033912.48,20894276.52,ANNUAL,ACTIVE,1,True,1033912.48,42
POL000000084,CUS00000318,MOTOR,PRV1,2023-01-29,2043-01-24,2027-01-28,974991.45,15626848.21,QUARTERLY,ACTIVE,1,True,974991.45,150
POL000000085,CUS00000329,MOTOR,PRV2,2024-11-01,2025-11-01,2026-11-01,358452.28,6259159.66,ANNUAL,LAPSED,2,True,310945.82,92
POL000000086,CUS00000329,LIFE,PRV3,2022-12-02,2027-12-01,2026-12-01,310945.82,4753684.48,ANNUAL,ACTIVE,2,True,310945.82,92
POL000000087,CUS00000337,LIFE,PRV4,2024-09-28,2044-09-23,2026-09-28,727923.01,13330547.91,ANNUAL,ACTIVE,1,True,727923.01,28
POL000000088,CUS00000338,HEALTH,PRV3,2023-12-28,2033-12-25,2026-12-27,681093.25,7321027.31,ANNUAL,ACTIVE,2,True,681093.25,118
POL000000089,CUS00000338,LIFE,PRV5,2023-08-17,2024-08-16,2027-08-16,321213.71,4127026.56,QUARTERLY,LAPSED,2,True,681093.25,118
POL000000090,CUS00000339,LIFE,PRV5,2025-02-16,2030-02-15,2027-02-16,15544869.96,173066696.11,MONTHLY,ACTIVE,1,True,15544869.96,169
POL000000091,CUS00000341,LIFE,PRV5,2025-12-14,2030-12-13,2026-12-14,9765498.51,222351781.32,QUARTERLY,ACTIVE,1,True,9765498.51,105
POL000000092,CUS00000347,HEALTH,PRV3,2025-01-22,2045-01-17,2027-01-22,3578076.34,69861494.98,ANNUAL,ACTIVE,1,True,3578076.34,144
POL000000093,CUS00000349,LIFE,PRV1,2024-08-12,2029-08-11,2027-08-12,5315541.61,116957518.22,QUARTERLY,ACTIVE,2,True,6791137.94,279
POL000000094,CUS00000349,HEALTH,PRV4,2026-06-06,2046-06-01,2027-06-06,1475596.33,29470630.7,ANNUAL,ACTIVE,2,True,6791137.94,279
POL000000095,CUS00000351,HOME,PRV3,2023-10-15,2033-10-12,2026-10-14,15688342.52,315804917.84,MONTHLY,ACTIVE,1,True,15688342.52,44
POL000000096,CUS00000357,LIFE,PRV5,2023-04-08,2033-04-05,2027-04-07,4917722.21,83809247.15,MONTHLY,ACTIVE,1,True,4917722.21,219
POL000000097,CUS00000358,MOTOR,PRV1,2024-12-28,2044-12-23,2026-12-28,9275712.93,134953669.36,ANNUAL,ACTIVE,1,True,9275712.93,119
POL000000098,CUS00000359,HEALTH,PRV3,2024-11-05,2025-11-05,2026-11-05,879937.03,15908811.06,MONTHLY,LAPSED,1,False,0.0,
POL000000099,CUS00000367,LIFE,PRV2,2026-01-01,2030-12-31,2027-01-01,415823.28,7702736.59,ANNUAL,ACTIVE,1,True,415823.28,123
POL000000100,CUS00000373,TRAVEL,PRV5,2026-06-30,2036-06-27,2027-06-30,1799301.7,34193911.95,ANNUAL,ACTIVE,1,True,1799301.7,303
POL000000101,CUS00000380,LIFE,PRV3,2024-07-18,2029-07-17,2027-07-18,13531350.36,160827059.49,ANNUAL,ACTIVE,1,True,13531350.36,321
POL000000102,CUS00000382,HEALTH,PRV3,2022-10-25,2027-10-24,2026-10-24,4119932.87,46577566.96,QUARTERLY,ACTIVE,1,True,4119932.87,54
POL000000103,CUS00000384,LIFE,PRV5,2024-01-05,2025-01-04,2027-01-04,8083568.7,176239579.79,MONTHLY,LAPSED,1,False,0.0,
POL000000104,CUS00000387,HEALTH,PRV3,2024-12-02,2044-11-27,2026-12-02,1047018.74,19521964.58,MONTHLY,ACTIVE,1,True,1047018.74,93
POL000000105,CUS00000391,HOME,PRV3,2025-10-13,2035-10-11,2026-10-13,67518190.37,635558688.76,QUARTERLY,ACTIVE,1,True,67518190.37,43
POL000000106,CUS00000396,HEALTH,PRV3,2025-11-08,2026-11-08,2026-11-08,2360421.88,27382357.17,MONTHLY,ACTIVE,2,True,2360421.88,69
POL000000107,CUS00000396,HOME,PRV3,2024-02-03,2025-02-02,2027-02-02,1859234.98,36639530.98,ANNUAL,LAPSED,2,True,2360421.88,69
POL000000108,CUS00000403,MOTOR,PRV2,2022-11-24,2027-11-23,2026-11-23,1632487.3,26631189.87,MONTHLY,ACTIVE,1,True,1632487.3,84
POL000000109,CUS00000404,MOTOR,PRV4,2025-12-15,2030-12-14,2026-12-15,1701277.12,38103707.76,QUARTERLY,ACTIVE,2,True,3075599.46,106
POL000000110,CUS00000404,TRAVEL,PRV5,2025-03-26,2045-03-21,2027-03-26,1374322.34,20366787.21,QUARTERLY,ACTIVE,2,True,3075599.46,106
POL000000111,CUS00000406,HOME,PRV3,2026-07-07,2046-07-02,2027-07-07,990590.19,20629643.53,ANNUAL,ACTIVE,2,True,1612513.97,99
POL000000112,CUS00000406,LIFE,PRV2,2025-12-08,2030-12-07,2026-12-08,621923.78,6584844.34,ANNUAL,ACTIVE,2,True,1612513.97,99
POL000000113,CUS00000410,MOTOR,PRV3,2026-02-25,2027-02-25,2027-02-25,5152103.33,111061390.77,MONTHLY,ACTIVE,1,True,5152103.33,178
POL000000114,CUS00000413,LIFE,PRV5,2022-10-15,2023-10-15,2026-10-14,1243136.41,21657519.19,MONTHLY,LAPSED,1,False,0.0,
POL000000115,CUS00000414,LIFE,PRV4,2025-07-19,2030-07-18,2027-07-19,1336844.87,21536012.09,MONTHLY,ACTIVE,1,True,1336844.87,322
POL000000116,CUS00000421,TRAVEL,PRV4,2023-07-20,2028-07-18,2027-07-19,31788890.34,629552374.78,ANNUAL,ACTIVE,1,True,31788890.34,322
POL000000117,CUS00000426,LIFE,PRV4,2024-05-15,2029-05-14,2027-05-15,459051.89,6241937.77,ANNUAL,ACTIVE,1,True,459051.89,257
POL000000118,CUS00000427,HEALTH,PRV3,2026-07-05,2031-07-04,2027-07-05,2185866.67,36406380.96,ANNUAL,ACTIVE,1,True,2185866.67,308
POL000000119,CUS00000429,HEALTH,PRV3,2023-10-12,2028-10-10,2026-10-11,1135477.57,13146022.76,QUARTERLY,ACTIVE,2,True,1643139.77,15
POL000000120,CUS00000429,LIFE,PRV3,2025-09-15,2030-09-14,2026-09-15,507662.2,9427870.63,MONTHLY,ACTIVE,2,True,1643139.77,15
POL000000121,CUS00000436,LIFE,PRV5,2022-12-20,2032-12-17,2026-12-19,2396434.0,45377919.1,ANNUAL,ACTIVE,1,True,2396434.0,110
POL000000122,CUS00000442,MOTOR,PRV5,2022-11-28,2027-11-27,2026-11-27,4923001.16,100085914.11,MONTHLY,ACTIVE,1,True,4923001.16,88
POL000000123,CUS00000444,HEALTH,PRV4,2023-06-07,2024-06-06,2027-06-06,463254.42,4133352.13,QUARTERLY,LAPSED,1,False,0.0,
POL000000124,CUS00000445,MOTOR,PRV2,2025-02-13,2035-02-11,2027-02-13,2518048.87,48998208.36,ANNUAL,ACTIVE,2,True,2518048.87,166
POL000000125,CUS00000445,TRAVEL,PRV1,2022-12-08,2023-12-08,2026-12-07,1596404.33,39864537.33,ANNUAL,LAPSED,2,True,2518048.87,166
POL000000126,CUS00000451,LIFE,PRV3,2024-10-29,2034-10-27,2026-10-29,850189.24,10932063.91,MONTHLY,ACTIVE,1,True,850189.24,59
POL000000127,CUS00000453,MOTOR,PRV5,2025-02-17,2035-02-15,2027-02-17,240046.8,2239888.24,QUARTERLY,ACTIVE,1,True,240046.8,170
POL000000128,CUS00000459,LIFE,PRV2,2025-08-26,2026-08-26,2027-08-26,1485435.79,28047540.86,ANNUAL,LAPSED,1,False,0.0,
POL000000129,CUS00000460,MOTOR,PRV1,2024-11-18,2044-11-13,2026-11-18,1062211.88,11206120.58,ANNUAL,ACTIVE,2,True,2942500.36,79
POL000000130,CUS00000460,HEALTH,PRV5,2023-08-20,2028-08-18,2027-08-19,1880288.48,21764328.97,QUARTERLY,ACTIVE,2,True,2942500.36,79
POL000000131,CUS00000462,HEALTH,PRV2,2026-04-03,2027-04-03,2027-04-03,407867.33,4744313.8,MONTHLY,ACTIVE,1,True,407867.33,215
POL000000132,CUS00000469,MOTOR,PRV4,2025-07-26,2026-07-26,2027-07-26,762752.57,13812752.56,ANNUAL,LAPSED,1,False,0.0,
POL000000133,CUS00000470,MOTOR,PRV3,2023-01-07,2043-01-02,2027-01-06,5041216.89,93152648.07,QUARTERLY,ACTIVE,2,True,5041216.89,128
POL000000134,CUS00000470,HOME,PRV5,2022-11-30,2023-11-30,2026-11-29,4727974.52,94090684.08,ANNUAL,LAPSED,2,True,5041216.89,128
POL000000135,CUS00000473,LIFE,PRV1,2024-11-10,2025-11-10,2026-11-10,438971.6,8140190.09,MONTHLY,LAPSED,1,False,0.0,
POL000000136,CUS00000477,HEALTH,PRV4,2023-03-23,2033-03-20,2027-03-22,268306.16,6326142.36,MONTHLY,ACTIVE,2,True,758201.75,203
POL000000137,CUS00000477,LIFE,PRV2,2023-08-12,2033-08-09,2027-08-11,489895.59,8525895.78,ANNUAL,ACTIVE,2,True,758201.75,203
POL000000138,CUS00000486,HEALTH,PRV5,2023-01-13,2043-01-08,2027-01-12,2048191.63,44000656.71,QUARTERLY,ACTIVE,1,True,2048191.63,134
POL000000139,CUS00000493,LIFE,PRV2,2025-10-26,2045-10-21,2026-10-26,846512.61,13193164.71,ANNUAL,ACTIVE,1,True,846512.61,56
POL000000140,CUS00000500,LIFE,PRV1,2024-04-03,2025-04-03,2027-04-03,9237779.3,148980784.26,QUARTERLY,LAPSED,1,False,0.0,
POL000000141,CUS00000503,LIFE,PRV4,2024-03-28,2025-03-28,2027-03-28,1337654.53,32150210.27,ANNUAL,LAPSED,1,False,0.0,
POL000000142,CUS00000506,HEALTH,PRV1,2024-09-04,2025-09-04,2026-09-04,1344831.65,21065951.39,MONTHLY,LAPSED,2,True,613411.05,314
POL000000143,CUS00000506,MOTOR,PRV5,2023-07-12,2033-07-09,2027-07-11,613411.05,7849614.62,ANNUAL,ACTIVE,2,True,613411.05,314
POL000000144,CUS00000511,MOTOR,PRV2,2026-07-16,2031-07-15,2027-07-16,605252.87,7918181.06,ANNUAL,ACTIVE,1,True,605252.87,319
POL000000145,CUS00000521,MOTOR,PRV3,2026-02-24,2036-02-22,2027-02-24,407776.4,9217710.22,ANNUAL,ACTIVE,1,True,407776.4,177
POL000000146,CUS00000524,LIFE,PRV2,2023-10-11,2033-10-08,2026-10-10,4583227.2,85694793.49,ANNUAL,ACTIVE,1,True,4583227.2,40
POL000000147,CUS00000526,LIFE,PRV3,2025-09-23,2030-09-22,2026-09-23,268053.06,2784637.7,ANNUAL,ACTIVE,1,True,268053.06,23
POL000000148,CUS00000529,HEALTH,PRV5,2026-01-23,2027-01-23,2027-01-23,1627957.63,37658589.07,ANNUAL,ACTIVE,1,True,1627957.63,145
POL000000149,CUS00000535,HOME,PRV3,2022-09-03,2032-08-31,2026-09-02,1453848.78,19917841.73,ANNUAL,ACTIVE,1,True,1453848.78,2
POL000000150,CUS00000537,LIFE,PRV1,2026-07-01,2046-06-26,2027-07-01,32417573.03,299450169.03,MONTHLY,ACTIVE,1,True,32417573.03,304
POL000000151,CUS00000550,LIFE,PRV2,2026-08-01,2036-07-29,2027-08-01,578977.31,12372794.14,MONTHLY,ACTIVE,1,True,578977.31,335
POL000000152,CUS00000558,MOTOR,PRV3,2026-01-26,2027-01-26,2027-01-26,221849.77,4337254.72,MONTHLY,ACTIVE,1,True,221849.77,148
POL000000153,CUS00000559,TRAVEL,PRV4,2026-03-17,2036-03-14,2027-03-17,147405.14,2001063.26,ANNUAL,ACTIVE,2,True,474109.71,198
POL000000154,CUS00000559,HEALTH,PRV4,2023-07-30,2043-07-25,2027-07-29,326704.57,7571452.57,QUARTERLY,ACTIVE,2,True,474109.71,198
POL000000155,CUS00000560,LIFE,PRV5,2025-08-04,2045-07-30,2027-08-04,2894345.84,61404814.37,MONTHLY,ACTIVE,1,True,2894345.84,338
POL000000156,CUS00000563,HOME,PRV1,2022-09-07,2032-09-04,2026-09-06,298728.67,4900391.82,ANNUAL,ACTIVE,1,True,298728.67,6
POL000000157,CUS00000571,MOTOR,PRV2,2025-02-20,2030-02-19,2027-02-20,367365.34,5108712.72,MONTHLY,ACTIVE,1,True,367365.34,173
POL000000158,CUS00000572,LIFE,PRV1,2025-07-20,2035-07-18,2027-07-20,4087930.87,59523448.79,MONTHLY,ACTIVE,1,True,4087930.87,323
POL000000159,CUS00000576,HOME,PRV1,2024-12-07,2029-12-06,2026-12-07,265919.4,3371657.53,ANNUAL,ACTIVE,1,True,265919.4,98
POL000000160,CUS00000579,HEALTH,PRV4,2023-01-11,2028-01-10,2027-01-10,6406972.84,118154854.23,ANNUAL,ACTIVE,1,True,6406972.84,132
POL000000161,CUS00000591,LIFE,PRV5,2024-01-21,2029-01-19,2027-01-20,1037444.17,14107736.43,ANNUAL,ACTIVE,1,True,1037444.17,142
POL000000162,CUS00000611,LIFE,PRV1,2024-09-06,2029-09-05,2026-09-06,1232280.45,30598682.71,MONTHLY,ACTIVE,1,True,1232280.45,6
POL000000163,CUS00000612,LIFE,PRV1,2025-07-21,2030-07-20,2027-07-21,3019685.5,57742467.17,QUARTERLY,ACTIVE,1,True,3019685.5,324
POL000000164,CUS00000616,MOTOR,PRV5,2026-07-14,2027-07-14,2027-07-14,422108.46,10010107.0,QUARTERLY,ACTIVE,1,True,422108.46,317
POL000000165,CUS00000617,HOME,PRV2,2025-01-13,2045-01-08,2027-01-13,2540835.42,35799781.29,QUARTERLY,ACTIVE,2,True,6333140.89,31
POL000000166,CUS00000617,HOME,PRV3,2022-10-02,2032-09-29,2026-10-01,3792305.47,62921369.14,QUARTERLY,ACTIVE,2,True,6333140.89,31
POL000000167,CUS00000632,TRAVEL,PRV1,2022-10-16,2042-10-11,2026-10-15,1094114.0,15183356.62,ANNUAL,ACTIVE,2,True,1989711.67,45
POL000000168,CUS00000632,HEALTH,PRV4,2026-02-24,2027-02-24,2027-02-24,895597.67,16848768.69,ANNUAL,ACTIVE,2,True,1989711.67,45
POL000000169,CUS00000640,HEALTH,PRV5,2025-10-22,2035-10-20,2026-10-22,696374.34,15273195.59,QUARTERLY,ACTIVE,1,True,696374.34,52
POL000000170,CUS00000644,HEALTH,PRV1,2026-01-21,2031-01-20,2027-01-21,776571.94,13143265.3,ANNUAL,ACTIVE,1,True,776571.94,143
POL000000171,CUS00000650,HEALTH,PRV2,2025-09-06,2045-09-01,2026-09-06,901599.4,19984018.76,MONTHLY,ACTIVE,1,True,901599.4,6
POL000000172,CUS00000651,MOTOR,PRV2,2024-11-29,2025-11-29,2026-11-29,1953292.23,26411367.38,ANNUAL,LAPSED,1,False,0.0,
POL000000173,CUS00000654,HEALTH,PRV1,2025-01-13,2035-01-11,2027-01-13,2790397.8,57106231.57,ANNUAL,ACTIVE,1,True,2790397.8,135
POL000000174,CUS00000656,HEALTH,PRV5,2025-03-22,2035-03-20,2027-03-22,1522475.05,16367043.98,MONTHLY,ACTIVE,1,True,1522475.05,203
POL000000175,CUS00000661,MOTOR,PRV2,2024-06-17,2029-06-16,2027-06-17,3778768.63,74450345.05,ANNUAL,ACTIVE,1,True,3778768.63,290
POL000000176,CUS00000668,MOTOR,PRV1,2023-05-28,2033-05-25,2027-05-27,10679517.38,132936232.97,QUARTERLY,ACTIVE,1,True,10679517.38,269
POL000000177,CUS00000679,LIFE,PRV2,2024-04-30,2034-04-28,2027-04-30,888591.42,8564147.73,ANNUAL,ACTIVE,1,True,888591.42,242
POL000000178,CUS00000680,LIFE,PRV5,2023-02-17,2043-02-12,2027-02-16,608417.99,7101327.3,MONTHLY,ACTIVE,1,True,608417.99,169
POL000000179,CUS00000683,MOTOR,PRV1,2023-12-07,2024-12-06,2026-12-06,1594687.35,20172608.43,MONTHLY,LAPSED,1,False,0.0,
POL000000180,CUS00000689,HEALTH,PRV3,2025-02-19,2035-02-17,2027-02-19,1278983.37,16912833.23,QUARTERLY,ACTIVE,1,True,1278983.37,172
POL000000181,CUS00000691,HEALTH,PRV4,2023-02-24,2033-02-21,2027-02-23,2814236.81,65733741.37,ANNUAL,ACTIVE,1,True,2814236.81,176
POL000000182,CUS00000696,HEALTH,PRV2,2022-10-10,2023-10-10,2026-10-09,675876.14,15821505.21,MONTHLY,LAPSED,1,False,0.0,
POL000000183,CUS00000700,HOME,PRV2,2025-12-27,2035-12-25,2026-12-27,310455.83,7014161.08,ANNUAL,ACTIVE,1,True,310455.83,118
POL000000184,CUS00000702,LIFE,PRV2,2024-10-04,2044-09-29,2026-10-04,266495.25,2383481.5,MONTHLY,ACTIVE,1,True,266495.25,34
POL000000185,CUS00000703,LIFE,PRV4,2023-06-02,2033-05-30,2027-06-01,351560.01,7739831.39,MONTHLY,ACTIVE,1,True,351560.01,274
POL000000186,CUS00000706,TRAVEL,PRV5,2025-12-22,2026-12-22,2026-12-22,6193440.85,153355393.1,ANNUAL,ACTIVE,1,True,6193440.85,113
POL000000187,CUS00000710,HEALTH,PRV1,2024-10-12,2025-10-12,2026-10-12,409186.71,6985232.32,MONTHLY,LAPSED,1,False,0.0,
POL000000188,CUS00000713,HEALTH,PRV2,2026-02-22,2031-02-21,2027-02-22,917669.93,8937537.07,QUARTERLY,ACTIVE,1,True,917669.93,175
POL000000189,CUS00000715,HOME,PRV5,2026-06-08,2046-06-03,2027-06-08,1601805.07,28551126.16,MONTHLY,ACTIVE,1,True,1601805.07,281
POL000000190,CUS00000717,HEALTH,PRV5,2024-01-30,2029-01-28,2027-01-29,2651719.39,64583795.63,MONTHLY,ACTIVE,1,True,2651719.39,151
POL000000191,CUS00000718,HEALTH,PRV2,2024-02-23,2044-02-18,2027-02-22,1682017.96,19782223.47,MONTHLY,ACTIVE,1,True,1682017.96,175
POL000000192,CUS00000730,MOTOR,PRV2,2025-03-29,2035-03-27,2027-03-29,3180598.26,28330458.3,MONTHLY,ACTIVE,2,True,4158519.99,39
POL000000193,CUS00000730,LIFE,PRV5,2025-10-09,2045-10-04,2026-10-09,977921.73,14104352.42,ANNUAL,ACTIVE,2,True,4158519.99,39
POL000000194,CUS00000737,HEALTH,PRV1,2023-10-12,2028-10-10,2026-10-11,2088504.37,34117590.32,QUARTERLY,ACTIVE,2,True,5204489.97,41
POL000000195,CUS00000737,LIFE,PRV5,2023-02-19,2028-02-18,2027-02-18,3115985.6,38746754.58,ANNUAL,ACTIVE,2,True,5204489.97,41
POL000000196,CUS00000742,LIFE,PRV2,2022-10-02,2023-10-02,2026-10-01,758932.47,17610964.53,QUARTERLY,LAPSED,1,False,0.0,
POL000000197,CUS00000770,LIFE,PRV3,2024-08-08,2029-08-07,2027-08-08,426902.5,9204523.72,QUARTERLY,ACTIVE,1,True,426902.5,342
POL000000198,CUS00000775,LIFE,PRV3,2024-09-23,2034-09-21,2026-09-23,2198317.7,48206843.08,ANNUAL,ACTIVE,1,True,2198317.7,23
POL000000199,CUS00000777,MOTOR,PRV4,2025-07-21,2045-07-16,2027-07-21,3243386.64,76430781.7,MONTHLY,ACTIVE,1,True,3243386.64,324
POL000000200,CUS00000782,TRAVEL,PRV4,2026-04-05,2046-03-31,2027-04-05,677483.38,13865165.86,ANNUAL,ACTIVE,1,True,677483.38,217
POL000000201,CUS00000785,LIFE,PRV5,2023-01-10,2033-01-07,2027-01-09,13891024.13,249307207.24,QUARTERLY,ACTIVE,1,True,13891024.13,131
POL000000202,CUS00000787,LIFE,PRV5,2026-02-16,2036-02-14,2027-02-16,706661.25,13387379.44,ANNUAL,ACTIVE,1,True,706661.25,169
POL000000203,CUS00000788,MOTOR,PRV3,2025-11-03,2026-11-03,2026-11-03,644560.04,13743018.6,ANNUAL,ACTIVE,1,True,644560.04,64
POL000000204,CUS00000789,HEALTH,PRV2,2026-05-26,2046-05-21,2027-05-26,1878814.03,33295071.23,ANNUAL,ACTIVE,1,True,1878814.03,268
POL000000205,CUS00000794,TRAVEL,PRV1,2023-05-31,2028-05-29,2027-05-30,2192234.1,19769365.1,MONTHLY,ACTIVE,2,True,5422827.12,272
POL000000206,CUS00000794,TRAVEL,PRV1,2026-07-03,2036-06-30,2027-07-03,3230593.02,72588692.18,MONTHLY,ACTIVE,2,True,5422827.12,272
POL000000207,CUS00000799,HOME,PRV3,2024-12-12,2044-12-07,2026-12-12,33883041.71,531703744.56,MONTHLY,ACTIVE,1,True,33883041.71,103
POL000000208,CUS00000803,HEALTH,PRV3,2025-12-10,2045-12-05,2026-12-10,2026820.44,35660425.07,QUARTERLY,ACTIVE,2,True,5287387.25,101
POL000000209,CUS00000803,HOME,PRV3,2024-12-16,2044-12-11,2026-12-16,3260566.81,68464482.95,ANNUAL,ACTIVE,2,True,5287387.25,101
POL000000210,CUS00000806,MOTOR,PRV2,2025-07-09,2030-07-08,2027-07-09,274957.07,5730936.5,QUARTERLY,ACTIVE,1,True,274957.07,312
POL000000211,CUS00000819,HEALTH,PRV1,2023-07-07,2028-07-05,2027-07-06,1328771.94,30305493.11,MONTHLY,ACTIVE,1,True,1328771.94,309
POL000000212,CUS00000826,MOTOR,PRV2,2025-07-17,2035-07-15,2027-07-17,3549148.03,55362673.39,ANNUAL,ACTIVE,1,True,3549148.03,320
POL000000213,CUS00000827,LIFE,PRV1,2025-01-08,2030-01-07,2027-01-08,1179902.11,13621302.23,ANNUAL,ACTIVE,1,True,1179902.11,130
POL000000214,CUS00000829,TRAVEL,PRV1,2023-01-26,2033-01-23,2027-01-25,5231285.26,87311161.41,ANNUAL,ACTIVE,1,True,5231285.26,147
POL000000215,CUS00000832,TRAVEL,PRV1,2024-11-10,2025-11-10,2026-11-10,262258.68,2437856.49,ANNUAL,LAPSED,1,False,0.0,
POL000000216,CUS00000834,HOME,PRV3,2026-07-15,2031-07-14,2027-07-15,913569.13,10524691.68,ANNUAL,ACTIVE,1,True,913569.13,318
POL000000217,CUS00000836,LIFE,PRV4,2024-03-01,2025-03-01,2027-03-01,3370641.78,77714328.13,ANNUAL,LAPSED,1,False,0.0,
POL000000218,CUS00000837,TRAVEL,PRV2,2025-02-01,2035-01-30,2027-02-01,8658098.05,176445482.38,MONTHLY,ACTIVE,1,True,8658098.05,154
POL000000219,CUS00000842,LIFE,PRV2,2022-08-03,2023-08-03,2027-08-02,204608.52,4356680.51,QUARTERLY,LAPSED,1,False,0.0,
POL000000220,CUS00000846,TRAVEL,PRV4,2024-03-30,2029-03-29,2027-03-30,7128022.0,165177491.3,ANNUAL,ACTIVE,1,True,7128022.0,211
POL000000221,CUS00000848,LIFE,PRV1,2025-12-31,2030-12-30,2026-12-31,176519.86,2166315.33,MONTHLY,ACTIVE,1,True,176519.86,122
POL000000222,CUS00000855,LIFE,PRV2,2022-07-27,2027-07-26,2027-07-26,139492.72,2242608.49,ANNUAL,ACTIVE,2,True,349252.0,141
POL000000223,CUS00000855,HEALTH,PRV1,2026-01-19,2031-01-18,2027-01-19,209759.28,4794802.04,ANNUAL,ACTIVE,2,True,349252.0,141
POL000000224,CUS00000860,LIFE,PRV5,2025-04-22,2030-04-21,2027-04-22,9830358.76,149149885.96,QUARTERLY,ACTIVE,1,True,9830358.76,234
POL000000225,CUS00000863,HOME,PRV5,2023-09-05,2043-08-31,2026-09-04,288734.12,5996218.53,ANNUAL,ACTIVE,2,True,288734.12,4
POL000000226,CUS00000863,HEALTH,PRV3,2023-08-08,2024-08-07,2027-08-07,283929.61,3590530.87,MONTHLY,LAPSED,2,True,288734.12,4
POL000000227,CUS00000865,LIFE,PRV2,2022-09-21,2023-09-21,2026-09-20,197715.13,1869615.07,QUARTERLY,LAPSED,1,False,0.0,
POL000000228,CUS00000867,MOTOR,PRV1,2022-09-09,2042-09-04,2026-09-08,2623234.23,26739685.39,QUARTERLY,ACTIVE,2,True,2623234.23,8
POL000000229,CUS00000867,HOME,PRV4,2024-10-19,2025-10-19,2026-10-19,5283699.34,95137100.6,ANNUAL,LAPSED,2,True,2623234.23,8
POL000000230,CUS00000877,HEALTH,PRV5,2025-05-11,2045-05-06,2027-05-11,10088974.72,88105618.47,MONTHLY,ACTIVE,1,True,10088974.72,253
POL000000231,CUS00000879,HEALTH,PRV1,2024-08-30,2034-08-28,2027-08-30,3482808.74,50238631.99,QUARTERLY,ACTIVE,1,True,3482808.74,364
POL000000232,CUS00000883,LIFE,PRV3,2024-03-27,2025-03-27,2027-03-27,222166.65,4644333.64,ANNUAL,LAPSED,1,False,0.0,
POL000000233,CUS00000893,LIFE,PRV5,2026-05-25,2046-05-20,2027-05-25,635166.7,6191511.01,ANNUAL,ACTIVE,1,True,635166.7,267
POL000000234,CUS00000894,HEALTH,PRV3,2022-11-30,2042-11-25,2026-11-29,7865767.49,165486008.6,MONTHLY,ACTIVE,1,True,7865767.49,90
POL000000235,CUS00000900,TRAVEL,PRV3,2022-11-09,2027-11-08,2026-11-08,916084.27,7515306.28,ANNUAL,ACTIVE,1,True,916084.27,69
POL000000236,CUS00000901,MOTOR,PRV4,2024-10-17,2029-10-16,2026-10-17,207592.67,1884324.36,MONTHLY,ACTIVE,1,True,207592.67,47
POL000000237,CUS00000904,LIFE,PRV1,2024-08-17,2034-08-15,2027-08-17,4978290.2,71168326.32,QUARTERLY,ACTIVE,1,True,4978290.2,351
POL000000238,CUS00000905,HEALTH,PRV2,2023-06-14,2024-06-13,2027-06-13,314621.07,3104317.65,ANNUAL,LAPSED,2,False,0.0,
POL000000239,CUS00000905,LIFE,PRV3,2023-01-21,2024-01-21,2027-01-20,264135.3,4867046.98,QUARTERLY,LAPSED,2,False,0.0,
POL000000240,CUS00000908,HEALTH,PRV3,2026-03-06,2036-03-03,2027-03-06,556255.13,12728316.35,ANNUAL,ACTIVE,1,True,556255.13,187
POL000000241,CUS00000910,MOTOR,PRV1,2022-11-02,2042-10-28,2026-11-01,1329987.52,11123638.68,MONTHLY,ACTIVE,2,True,2386685.72,62
POL000000242,CUS00000910,LIFE,PRV1,2023-08-04,2043-07-30,2027-08-03,1056698.2,10741317.6,MONTHLY,ACTIVE,2,True,2386685.72,62
POL000000243,CUS00000914,HEALTH,PRV3,2024-08-28,2034-08-26,2027-08-28,169901.0,1725377.02,MONTHLY,ACTIVE,1,True,169901.0,362
POL000000244,CUS00000917,LIFE,PRV4,2024-05-24,2025-05-24,2027-05-24,1114037.61,16046866.5,ANNUAL,LAPSED,1,False,0.0,
POL000000245,CUS00000920,LIFE,PRV1,2026-05-16,2036-05-13,2027-05-16,276516.09,4923418.8,QUARTERLY,ACTIVE,2,True,739566.07,101
POL000000246,CUS00000920,LIFE,PRV5,2022-12-11,2027-12-10,2026-12-10,463049.98,11544496.88,ANNUAL,ACTIVE,2,True,739566.07,101
POL000000247,CUS00000924,LIFE,PRV5,2023-02-07,2028-02-06,2027-02-06,1216691.93,23274897.7,MONTHLY,ACTIVE,1,True,1216691.93,159
POL000000248,CUS00000936,HOME,PRV4,2023-01-04,2024-01-04,2027-01-03,569352.5,10512832.41,ANNUAL,LAPSED,2,True,375553.63,281
POL000000249,CUS00000936,HEALTH,PRV4,2026-06-08,2036-06-05,2027-06-08,375553.63,4685371.26,ANNUAL,ACTIVE,2,True,375553.63,281
POL000000250,CUS00000938,LIFE,PRV1,2024-01-17,2025-01-16,2027-01-16,616037.92,12288852.11,ANNUAL,LAPSED,1,False,0.0,
POL000000251,CUS00000941,HEALTH,PRV5,2026-01-01,2045-12-27,2027-01-01,9281064.13,96880405.98,MONTHLY,ACTIVE,1,True,9281064.13,123
POL000000252,CUS00000957,HEALTH,PRV5,2023-12-12,2024-12-11,2026-12-11,6514681.3,129165621.03,QUARTERLY,LAPSED,2,False,0.0,
POL000000253,CUS00000957,TRAVEL,PRV3,2022-08-03,2023-08-03,2027-08-02,9987219.92,188666214.53,ANNUAL,LAPSED,2,False,0.0,
POL000000254,CUS00000959,HEALTH,PRV2,2022-07-31,2023-07-31,2027-07-30,160679.24,3066663.94,ANNUAL,LAPSED,1,False,0.0,
POL000000255,CUS00000965,MOTOR,PRV1,2024-12-14,2044-12-09,2026-12-14,1996565.09,49761730.31,MONTHLY,ACTIVE,2,True,3217822.68,105
POL000000256,CUS00000965,HOME,PRV4,2025-04-08,2035-04-06,2027-04-08,1221257.59,12418738.84,ANNUAL,ACTIVE,2,True,3217822.68,105
POL000000257,CUS00000976,LIFE,PRV4,2026-06-17,2031-06-16,2027-06-17,422880.78,4880544.98,ANNUAL,ACTIVE,1,True,422880.78,290
POL000000258,CUS00000981,LIFE,PRV4,2024-12-11,2044-12-06,2026-12-11,524314.32,12828119.51,QUARTERLY,ACTIVE,2,True,524314.32,102
POL000000259,CUS00000981,MOTOR,PRV2,2024-10-18,2025-10-18,2026-10-18,340898.97,6558507.73,ANNUAL,LAPSED,2,True,524314.32,102
POL000000260,CUS00000984,TRAVEL,PRV2,2023-02-17,2024-02-17,2027-02-16,5339499.67,80280246.47,QUARTERLY,LAPSED,1,False,0.0,
POL000000261,CUS00000986,LIFE,PRV3,2024-01-25,2044-01-20,2027-01-24,1198602.37,12025014.76,ANNUAL,ACTIVE,1,True,1198602.37,146
POL000000262,CUS00000997,TRAVEL,PRV1,2025-06-17,2030-06-16,2027-06-17,1726340.27,26141325.98,ANNUAL,ACTIVE,1,True,1726340.27,290
POL000000263,CUS00000998,HEALTH,PRV2,2022-12-28,2027-12-27,2026-12-27,12452515.67,192153785.11,QUARTERLY,ACTIVE,1,True,12452515.67,118
POL000000264,CUS00001002,HEALTH,PRV2,2026-01-13,2031-01-12,2027-01-13,1631445.41,23670835.08,MONTHLY,ACTIVE,1,True,1631445.41,135
POL000000265,CUS00001006,LIFE,PRV5,2024-01-25,2025-01-24,2027-01-24,1715042.47,28774666.89,QUARTERLY,LAPSED,1,False,0.0,
POL000000266,CUS00001009,HEALTH,PRV4,2025-10-30,2035-10-28,2026-10-30,1680005.06,16268770.19,QUARTERLY,ACTIVE,1,True,1680005.06,60
POL000000267,CUS00001014,HOME,PRV1,2024-07-23,2029-07-22,2027-07-23,1318357.68,14977200.08,MONTHLY,ACTIVE,1,True,1318357.68,326
POL000000268,CUS00001018,HOME,PRV4,2023-10-27,2033-10-24,2026-10-26,2715009.75,55211276.12,ANNUAL,ACTIVE,2,True,4962878.67,56
POL000000269,CUS00001018,TRAVEL,PRV5,2025-06-13,2045-06-08,2027-06-13,2247868.92,33558829.56,MONTHLY,ACTIVE,2,True,4962878.67,56
POL000000270,CUS00001019,MOTOR,PRV3,2024-08-27,2044-08-22,2027-08-27,2011606.68,29197398.99,ANNUAL,ACTIVE,1,True,2011606.68,361
POL000000271,CUS00001020,LIFE,PRV5,2024-12-26,2029-12-25,2026-12-26,8804537.59,100972972.06,MONTHLY,ACTIVE,1,True,8804537.59,117
POL000000272,CUS00001028,TRAVEL,PRV2,2022-09-04,2042-08-30,2026-09-03,388364.0,8884121.2,ANNUAL,ACTIVE,1,True,388364.0,3
POL000000273,CUS00001029,HEALTH,PRV5,2023-06-02,2043-05-28,2027-06-01,1532979.49,22085194.54,ANNUAL,ACTIVE,1,True,1532979.49,274
POL000000274,CUS00001036,TRAVEL,PRV2,2026-01-06,2027-01-06,2027-01-06,114682.47,2766182.16,ANNUAL,ACTIVE,1,True,114682.47,128
POL000000275,CUS00001037,LIFE,PRV2,2025-08-29,2035-08-27,2027-08-29,374364.15,4760401.64,MONTHLY,ACTIVE,1,True,374364.15,363
POL000000276,CUS00001039,MOTOR,PRV3,2025-09-14,2035-09-12,2026-09-14,3294266.52,80331166.97,ANNUAL,ACTIVE,1,True,3294266.52,14
POL000000277,CUS00001042,MOTOR,PRV5,2023-07-21,2033-07-18,2027-07-20,3717306.13,30676979.22,QUARTERLY,ACTIVE,1,True,3717306.13,323
POL000000278,CUS00001043,LIFE,PRV1,2025-02-22,2026-02-22,2027-02-22,27239875.18,440731493.18,MONTHLY,LAPSED,1,False,0.0,
POL000000279,CUS00001044,LIFE,PRV5,2022-11-22,2042-11-17,2026-11-21,6195449.13,51153487.01,QUARTERLY,ACTIVE,1,True,6195449.13,82
POL000000280,CUS00001045,HOME,PRV4,2025-09-30,2030-09-29,2026-09-30,629912.41,8627130.57,ANNUAL,ACTIVE,1,True,629912.41,30
POL000000281,CUS00001046,LIFE,PRV3,2026-06-19,2031-06-18,2027-06-19,2354433.55,52797906.02,ANNUAL,ACTIVE,1,True,2354433.55,292
POL000000282,CUS00001047,HEALTH,PRV3,2023-01-19,2043-01-14,2027-01-18,500672.45,4173985.3,MONTHLY,ACTIVE,1,True,500672.45,140
POL000000283,CUS00001048,LIFE,PRV2,2024-10-06,2044-10-01,2026-10-06,2042497.72,40901478.91,ANNUAL,ACTIVE,2,True,3957922.18,36
POL000000284,CUS00001048,HEALTH,PRV5,2022-12-02,2032-11-29,2026-12-01,1915424.46,22859098.19,ANNUAL,ACTIVE,2,True,3957922.18,36
POL000000285,CUS00001049,MOTOR,PRV3,2024-02-16,2025-02-15,2027-02-15,1212512.58,13181457.26,MONTHLY,LAPSED,1,False,0.0,
POL000000286,CUS00001050,LIFE,PRV3,2024-01-12,2025-01-11,2027-01-11,1548872.11,14299720.03,QUARTERLY,LAPSED,1,False,0.0,
POL000000287,CUS00001052,MOTOR,PRV4,2024-03-26,2044-03-21,2027-03-26,146184.51,1612790.64,ANNUAL,ACTIVE,1,True,146184.51,207
POL000000288,CUS00001055,LIFE,PRV2,2024-10-13,2029-10-12,2026-10-13,724805.82,8818047.12,QUARTERLY,ACTIVE,1,True,724805.82,43
POL000000289,CUS00001060,HEALTH,PRV2,2026-02-20,2027-02-20,2027-02-20,4259688.24,49700053.51,QUARTERLY,ACTIVE,1,True,4259688.24,173
POL000000290,CUS00001071,MOTOR,PRV1,2023-08-24,2024-08-23,2027-08-23,1244926.36,26312372.49,ANNUAL,LAPSED,1,False,0.0,
POL000000291,CUS00001089,LIFE,PRV1,2024-02-16,2044-02-11,2027-02-15,1585363.8,14259691.65,ANNUAL,ACTIVE,1,True,1585363.8,168
POL000000292,CUS00001091,HOME,PRV3,2022-12-29,2042-12-24,2026-12-28,1696499.36,15794329.03,ANNUAL,ACTIVE,1,True,1696499.36,119
POL000000293,CUS00001096,TRAVEL,PRV5,2024-03-02,2034-02-28,2027-03-02,1764239.92,29620293.44,MONTHLY,ACTIVE,1,True,1764239.92,183
POL000000294,CUS00001099,HOME,PRV2,2025-02-01,2035-01-30,2027-02-01,12461152.74,309132300.5,MONTHLY,ACTIVE,2,True,25915602.35,115
POL000000295,CUS00001099,TRAVEL,PRV5,2025-12-24,2045-12-19,2026-12-24,13454449.61,208330504.34,QUARTERLY,ACTIVE,2,True,25915602.35,115
POL000000296,CUS00001103,LIFE,PRV1,2022-11-09,2023-11-09,2026-11-08,1126860.84,26436733.58,ANNUAL,LAPSED,1,False,0.0,
POL000000297,CUS00001104,MOTOR,PRV1,2025-11-08,2030-11-07,2026-11-08,1452217.27,21756885.67,ANNUAL,ACTIVE,2,True,2258712.36,52
POL000000298,CUS00001104,HOME,PRV4,2025-10-22,2035-10-20,2026-10-22,806495.09,16419844.39,QUARTERLY,ACTIVE,2,True,2258712.36,52
POL000000299,CUS00001105,LIFE,PRV3,2024-06-07,2044-06-02,2027-06-07,976546.38,13954331.88,ANNUAL,ACTIVE,2,True,1532917.24,280
POL000000300,CUS00001105,TRAVEL,PRV3,2024-07-05,2029-07-04,2027-07-05,556370.86,11078456.55,QUARTERLY,ACTIVE,2,True,1532917.24,280
POL000000301,CUS00001108,MOTOR,PRV1,2024-09-27,2029-09-26,2026-09-27,1072532.11,20365429.81,MONTHLY,ACTIVE,1,True,1072532.11,27
POL000000302,CUS00001122,MOTOR,PRV3,2023-12-25,2033-12-22,2026-12-24,540552.47,9196144.02,MONTHLY,ACTIVE,1,True,540552.47,115
POL000000303,CUS00001124,HEALTH,PRV2,2024-07-19,2034-07-17,2027-07-19,1955333.33,22802517.42,ANNUAL,ACTIVE,2,True,3516220.17,109
POL000000304,CUS00001124,LIFE,PRV3,2025-12-18,2045-12-13,2026-12-18,1560886.84,28853239.81,MONTHLY,ACTIVE,2,True,3516220.17,109
POL000000305,CUS00001126,HEALTH,PRV5,2024-03-05,2044-02-29,2027-03-05,808647.05,19638487.4,ANNUAL,ACTIVE,2,True,1504948.47,186
POL000000306,CUS00001126,HEALTH,PRV3,2023-09-01,2043-08-27,2027-08-31,696301.42,10693990.9,ANNUAL,ACTIVE,2,True,1504948.47,186
POL000000307,CUS00001133,LIFE,PRV3,2026-03-11,2027-03-11,2027-03-11,4160200.6,60752065.99,ANNUAL,ACTIVE,1,True,4160200.6,192
POL000000308,CUS00001137,LIFE,PRV4,2024-11-21,2025-11-21,2026-11-21,1547867.21,22718705.43,MONTHLY,LAPSED,1,False,0.0,
POL000000309,CUS00001147,TRAVEL,PRV4,2023-04-21,2033-04-18,2027-04-20,759111.53,9401421.21,QUARTERLY,ACTIVE,1,True,759111.53,232
POL000000310,CUS00001158,HOME,PRV1,2026-07-21,2031-07-20,2027-07-21,1311057.5,10769844.55,ANNUAL,ACTIVE,1,True,1311057.5,324
POL000000311,CUS00001159,LIFE,PRV4,2024-08-14,2025-08-14,2027-08-14,5337722.42,52869864.66,MONTHLY,LAPSED,1,False,0.0,
POL000000312,CUS00001162,LIFE,PRV1,2023-09-09,2028-09-07,2026-09-08,2174130.47,38928873.19,QUARTERLY,ACTIVE,1,True,2174130.47,8
POL000000313,CUS00001163,LIFE,PRV5,2023-07-12,2033-07-09,2027-07-11,255014.63,2866192.85,MONTHLY,ACTIVE,1,True,255014.63,314
POL000000314,CUS00001165,HOME,PRV2,2023-03-21,2033-03-18,2027-03-20,312621.62,5291402.44,QUARTERLY,ACTIVE,1,True,312621.62,201
POL000000315,CUS00001167,HOME,PRV1,2025-04-24,2030-04-23,2027-04-24,12667352.02,180524618.72,MONTHLY,ACTIVE,1,True,12667352.02,236
POL000000316,CUS00001170,LIFE,PRV3,2023-06-25,2033-06-22,2027-06-24,6529515.24,132457993.51,ANNUAL,ACTIVE,1,True,6529515.24,297
POL000000317,CUS00001177,HEALTH,PRV2,2023-02-12,2028-02-11,2027-02-11,689527.68,11353718.87,ANNUAL,ACTIVE,1,True,689527.68,164
POL000000318,CUS00001184,HEALTH,PRV3,2026-06-13,2027-06-13,2027-06-13,4766759.76,117928048.82,MONTHLY,ACTIVE,1,True,4766759.76,286
POL000000319,CUS00001187,LIFE,PRV3,2024-04-03,2025-04-03,2027-04-03,1789409.43,21989048.14,MONTHLY,LAPSED,1,False,0.0,
POL000000320,CUS00001188,LIFE,PRV5,2025-02-23,2030-02-22,2027-02-23,782929.45,15971109.11,QUARTERLY,ACTIVE,1,True,782929.45,176
POL000000321,CUS00001189,MOTOR,PRV2,2023-12-31,2028-12-29,2026-12-30,155656.94,2174933.82,QUARTERLY,ACTIVE,2,True,251649.54,12
POL000000322,CUS00001189,MOTOR,PRV1,2022-09-13,2032-09-10,2026-09-12,95992.6,852179.28,QUARTERLY,ACTIVE,2,True,251649.54,12
POL000000323,CUS00001191,HEALTH,PRV5,2025-01-21,2045-01-16,2027-01-21,1657916.07,18938013.89,ANNUAL,ACTIVE,1,True,1657916.07,143
POL000000324,CUS00001197,LIFE,PRV1,2022-10-15,2023-10-15,2026-10-14,1757137.15,26845557.08,MONTHLY,LAPSED,2,True,3130057.04,285
POL000000325,CUS00001197,HOME,PRV5,2023-06-13,2028-06-11,2027-06-12,3130057.04,28042381.98,MONTHLY,ACTIVE,2,True,3130057.04,285
POL000000326,CUS00001200,HEALTH,PRV3,2023-10-14,2024-10-13,2026-10-13,369947.87,6652150.45,ANNUAL,LAPSED,1,False,0.0,
POL000000327,CUS00001203,MOTOR,PRV3,2023-08-22,2028-08-20,2027-08-21,2558092.42,52480902.86,ANNUAL,ACTIVE,1,True,2558092.42,355
POL000000328,CUS00001204,LIFE,PRV4,2025-03-10,2026-03-10,2027-03-10,183370.1,4351768.88,ANNUAL,LAPSED,1,False,0.0,
POL000000329,CUS00001205,LIFE,PRV5,2025-04-17,2035-04-15,2027-04-17,512965.71,10024743.41,ANNUAL,ACTIVE,1,True,512965.71,229
POL000000330,CUS00001208,LIFE,PRV5,2022-10-08,2023-10-08,2026-10-07,5174593.39,99814772.15,QUARTERLY,LAPSED,1,False,0.0,
POL000000331,CUS00001209,TRAVEL,PRV4,2025-10-22,2035-10-20,2026-10-22,846018.94,12698128.38,QUARTERLY,ACTIVE,1,True,846018.94,52
POL000000332,CUS00001214,LIFE,PRV1,2023-03-11,2043-03-06,2027-03-10,90918.94,1338239.12,ANNUAL,ACTIVE,1,True,90918.94,191
POL000000333,CUS00001215,HEALTH,PRV3,2024-04-03,2029-04-02,2027-04-03,794385.37,18632188.62,MONTHLY,ACTIVE,1,True,794385.37,215
POL000000334,CUS00001221,TRAVEL,PRV3,2026-02-17,2036-02-15,2027-02-17,100987.47,1408364.78,QUARTERLY,ACTIVE,1,True,100987.47,170
POL000000335,CUS00001225,MOTOR,PRV5,2026-02-05,2036-02-03,2027-02-05,1350238.19,24478804.24,QUARTERLY,ACTIVE,2,True,5170746.51,102
POL000000336,CUS00001225,HEALTH,PRV2,2025-12-11,2045-12-06,2026-12-11,3820508.32,64928199.87,ANNUAL,ACTIVE,2,True,5170746.51,102
POL000000337,CUS00001226,HEALTH,PRV2,2026-04-27,2036-04-24,2027-04-27,984963.01,14021845.13,QUARTERLY,ACTIVE,2,True,1767530.98,163
POL000000338,CUS00001226,MOTOR,PRV3,2026-02-10,2036-02-08,2027-02-10,782567.97,17187397.82,ANNUAL,ACTIVE,2,True,1767530.98,163
POL000000339,CUS00001229,HEALTH,PRV2,2022-08-16,2027-08-15,2027-08-15,113299.0,2551260.21,MONTHLY,ACTIVE,2,True,113299.0,349
POL000000340,CUS00001229,HEALTH,PRV5,2023-05-20,2024-05-19,2027-05-19,339785.76,7289502.14,MONTHLY,LAPSED,2,True,113299.0,349
POL000000341,CUS00001234,HEALTH,PRV5,2025-12-24,2035-12-22,2026-12-24,1377899.93,11803978.9,QUARTERLY,ACTIVE,1,True,1377899.93,115
POL000000342,CUS00001240,LIFE,PRV2,2024-07-24,2044-07-19,2027-07-24,2453102.79,42063472.68,ANNUAL,ACTIVE,1,True,2453102.79,327
POL000000343,CUS00001242,HEALTH,PRV4,2022-10-09,2027-10-08,2026-10-08,185641.93,3821200.7,ANNUAL,ACTIVE,1,True,185641.93,38
POL000000344,CUS00001246,MOTOR,PRV1,2025-07-22,2026-07-22,2027-07-22,237079.95,5122676.85,QUARTERLY,LAPSED,1,False,0.0,
POL000000345,CUS00001249,LIFE,PRV4,2023-03-07,2028-03-05,2027-03-06,1888099.89,32322067.98,ANNUAL,ACTIVE,1,True,1888099.89,187
POL000000346,CUS00001252,TRAVEL,PRV1,2023-05-07,2028-05-05,2027-05-06,813022.53,8081493.38,ANNUAL,ACTIVE,1,True,813022.53,248
POL000000347,CUS00001255,LIFE,PRV3,2024-06-29,2034-06-27,2027-06-29,1898326.7,26617048.6,ANNUAL,ACTIVE,1,True,1898326.7,302
POL000000348,CUS00001263,TRAVEL,PRV1,2025-08-16,2035-08-14,2027-08-16,425592.8,8714191.93,ANNUAL,ACTIVE,1,True,425592.8,350
POL000000349,CUS00001275,HEALTH,PRV2,2026-04-19,2031-04-18,2027-04-19,1414681.19,28750472.37,ANNUAL,ACTIVE,1,True,1414681.19,231
POL000000350,CUS00001278,LIFE,PRV2,2024-01-16,2044-01-11,2027-01-15,105642.74,2521023.63,ANNUAL,ACTIVE,1,True,105642.74,137
POL000000351,CUS00001279,MOTOR,PRV4,2023-12-31,2043-12-26,2026-12-30,927913.48,21598498.06,QUARTERLY,ACTIVE,1,True,927913.48,121
POL000000352,CUS00001282,HEALTH,PRV4,2022-11-26,2032-11-23,2026-11-25,467451.23,6110103.88,ANNUAL,ACTIVE,1,True,467451.23,86
POL000000353,CUS00001305,HEALTH,PRV3,2026-03-18,2027-03-18,2027-03-18,202524.57,4408240.38,QUARTERLY,ACTIVE,1,True,202524.57,199
POL000000354,CUS00001307,HEALTH,PRV2,2026-04-18,2031-04-17,2027-04-18,372366.58,5749781.77,MONTHLY,ACTIVE,1,True,372366.58,230
POL000000355,CUS00001313,HOME,PRV4,2025-09-29,2030-09-28,2026-09-29,414387.09,9473613.96,MONTHLY,ACTIVE,1,True,414387.09,29
POL000000356,CUS00001319,MOTOR,PRV4,2024-08-31,2025-08-31,2027-08-31,3620851.0,60515093.22,QUARTERLY,LAPSED,2,True,5924376.39,114
POL000000357,CUS00001319,HOME,PRV2,2024-12-23,2044-12-18,2026-12-23,5924376.39,78025686.46,ANNUAL,ACTIVE,2,True,5924376.39,114
POL000000358,CUS00001323,LIFE,PRV2,2025-02-06,2026-02-06,2027-02-06,6215576.39,129273257.0,QUARTERLY,LAPSED,1,False,0.0,
POL000000359,CUS00001325,LIFE,PRV1,2026-06-30,2027-06-30,2027-06-30,1146367.46,12685764.51,MONTHLY,ACTIVE,1,True,1146367.46,303
POL000000360,CUS00001332,LIFE,PRV5,2025-04-27,2030-04-26,2027-04-27,465255.86,9181613.99,MONTHLY,ACTIVE,1,True,465255.86,239
POL000000361,CUS00001339,HEALTH,PRV1,2024-05-21,2029-05-20,2027-05-21,582847.37,4896429.21,MONTHLY,ACTIVE,1,True,582847.37,263
POL000000362,CUS00001340,HEALTH,PRV3,2025-02-04,2045-01-30,2027-02-04,194640.37,2188865.15,ANNUAL,ACTIVE,2,True,898477.26,157
POL000000363,CUS00001340,MOTOR,PRV4,2023-05-09,2033-05-06,2027-05-08,703836.89,7842008.21,ANNUAL,ACTIVE,2,True,898477.26,157
POL000000364,CUS00001342,LIFE,PRV2,2024-03-16,2034-03-14,2027-03-16,10891674.11,245172563.22,ANNUAL,ACTIVE,1,True,10891674.11,197
POL000000365,CUS00001343,LIFE,PRV5,2024-06-27,2025-06-27,2027-06-27,1336114.76,19910753.28,ANNUAL,LAPSED,1,False,0.0,
POL000000366,CUS00001351,HEALTH,PRV3,2025-09-27,2030-09-26,2026-09-27,1021257.24,12508535.36,MONTHLY,ACTIVE,1,True,1021257.24,27
POL000000367,CUS00001359,LIFE,PRV3,2025-01-28,2035-01-26,2027-01-28,2462565.42,40759286.51,ANNUAL,ACTIVE,1,True,2462565.42,150
POL000000368,CUS00001371,LIFE,PRV2,2025-02-27,2035-02-25,2027-02-27,1732779.19,33426557.98,MONTHLY,ACTIVE,1,True,1732779.19,180
POL000000369,CUS00001373,LIFE,PRV4,2022-11-23,2042-11-18,2026-11-22,111073.92,1708339.8,ANNUAL,ACTIVE,2,True,302809.28,83
POL000000370,CUS00001373,TRAVEL,PRV5,2022-08-06,2042-08-01,2027-08-05,191735.36,3304763.31,ANNUAL,ACTIVE,2,True,302809.28,83
POL000000371,CUS00001377,LIFE,PRV2,2024-07-21,2034-07-19,2027-07-21,4765927.99,75360695.68,MONTHLY,ACTIVE,1,True,4765927.99,324
POL000000372,CUS00001389,LIFE,PRV4,2024-04-13,2029-04-12,2027-04-13,250816.35,5082639.82,QUARTERLY,ACTIVE,1,True,250816.35,225
POL000000373,CUS00001395,TRAVEL,PRV2,2025-11-13,2045-11-08,2026-11-13,2026673.48,41988650.09,ANNUAL,ACTIVE,2,True,5320092.1,74
POL000000374,CUS00001395,LIFE,PRV5,2024-11-24,2034-11-22,2026-11-24,3293418.62,36341152.59,ANNUAL,ACTIVE,2,True,5320092.1,74
POL000000375,CUS00001400,LIFE,PRV2,2025-12-25,2045-12-20,2026-12-25,386990.22,6077789.4,ANNUAL,ACTIVE,1,True,386990.22,116
POL000000376,CUS00001407,LIFE,PRV2,2026-03-16,2031-03-15,2027-03-16,731005.53,10076585.78,MONTHLY,ACTIVE,1,True,731005.53,197
POL000000377,CUS00001413,HEALTH,PRV5,2024-04-15,2034-04-13,2027-04-15,258759.52,6072841.24,QUARTERLY,ACTIVE,1,True,258759.52,227
POL000000378,CUS00001422,HEALTH,PRV3,2024-07-09,2034-07-07,2027-07-09,1338975.9,11465093.4,MONTHLY,ACTIVE,1,True,1338975.9,312
POL000000379,CUS00001425,LIFE,PRV3,2026-02-14,2036-02-12,2027-02-14,3577236.56,38535455.89,ANNUAL,ACTIVE,2,True,3577236.56,167
POL000000380,CUS00001425,HEALTH,PRV1,2022-12-09,2023-12-09,2026-12-08,3350278.74,27837673.45,MONTHLY,LAPSED,2,True,3577236.56,167
POL000000381,CUS00001426,HEALTH,PRV1,2025-06-18,2045-06-13,2027-06-18,62047919.3,1128388469.3,QUARTERLY,ACTIVE,1,True,62047919.3,291
POL000000382,CUS00001429,LIFE,PRV4,2025-03-09,2026-03-09,2027-03-09,246876.62,3036828.54,QUARTERLY,LAPSED,1,False,0.0,
POL000000383,CUS00001434,LIFE,PRV1,2023-02-26,2024-02-26,2027-02-25,638303.81,15042927.83,ANNUAL,LAPSED,1,False,0.0,
POL000000384,CUS00001437,TRAVEL,PRV4,2023-10-02,2033-09-29,2026-10-01,490316.44,4785755.17,ANNUAL,ACTIVE,2,True,792962.57,31
POL000000385,CUS00001437,MOTOR,PRV2,2025-02-04,2045-01-30,2027-02-04,302646.13,4821657.66,MONTHLY,ACTIVE,2,True,792962.57,31
POL000000386,CUS00001441,HOME,PRV2,2024-01-20,2025-01-19,2027-01-19,221871.55,3651651.27,MONTHLY,LAPSED,1,False,0.0,
POL000000387,CUS00001442,HEALTH,PRV3,2025-04-07,2045-04-02,2027-04-07,10744523.72,248548878.59,ANNUAL,ACTIVE,1,True,10744523.72,219
POL000000388,CUS00001446,LIFE,PRV3,2025-09-20,2030-09-19,2026-09-20,1566673.25,13350911.1,ANNUAL,ACTIVE,2,True,1566673.25,20
POL000000389,CUS00001446,MOTOR,PRV3,2023-06-28,2024-06-27,2027-06-27,1391322.78,20450539.91,ANNUAL,LAPSED,2,True,1566673.25,20
POL000000390,CUS00001449,LIFE,PRV4,2023-12-17,2033-12-14,2026-12-16,2387160.79,52033909.76,QUARTERLY,ACTIVE,1,True,2387160.79,107
POL000000391,CUS00001453,MOTOR,PRV4,2025-09-18,2045-09-13,2026-09-18,9661272.42,221679787.24,ANNUAL,ACTIVE,1,True,9661272.42,18
POL000000392,CUS00001463,LIFE,PRV2,2026-06-20,2046-06-15,2027-06-20,1608999.01,24299966.84,QUARTERLY,ACTIVE,1,True,1608999.01,293
POL000000393,CUS00001467,LIFE,PRV3,2024-09-12,2044-09-07,2026-09-12,476483.71,11565182.14,ANNUAL,ACTIVE,1,True,476483.71,12
POL000000394,CUS00001478,HEALTH,PRV3,2025-12-24,2030-12-23,2026-12-24,15838511.24,284899105.47,ANNUAL,ACTIVE,2,True,27775969.46,115
POL000000395,CUS00001478,HOME,PRV1,2023-08-18,2033-08-15,2027-08-17,11937458.22,270487391.31,ANNUAL,ACTIVE,2,True,27775969.46,115
POL000000396,CUS00001485,LIFE,PRV4,2025-03-27,2030-03-26,2027-03-27,93136.73,1333073.79,MONTHLY,ACTIVE,1,True,93136.73,208
POL000000397,CUS00001494,MOTOR,PRV4,2025-10-06,2045-10-01,2026-10-06,1344771.91,23660747.51,QUARTERLY,ACTIVE,1,True,1344771.91,36
POL000000398,CUS00001497,LIFE,PRV2,2023-12-25,2028-12-23,2026-12-24,961485.82,14841358.15,MONTHLY,ACTIVE,1,True,961485.82,115
POL000000399,CUS00001510,MOTOR,PRV4,2026-01-13,2031-01-12,2027-01-13,11324941.77,157589556.4,MONTHLY,ACTIVE,1,True,11324941.77,135
POL000000400,CUS00001511,HEALTH,PRV5,2025-05-13,2045-05-08,2027-05-13,274415.53,3912036.99,ANNUAL,ACTIVE,1,True,274415.53,255
POL000000401,CUS00001516,TRAVEL,PRV3,2024-02-14,2034-02-11,2027-02-13,3018073.41,64051182.47,ANNUAL,ACTIVE,1,True,3018073.41,166
POL000000402,CUS00001523,HEALTH,PRV3,2026-05-18,2027-05-18,2027-05-18,4953536.07,76971984.69,MONTHLY,ACTIVE,1,True,4953536.07,260
POL000000403,CUS00001531,HEALTH,PRV2,2025-04-09,2035-04-07,2027-04-09,1293754.6,30732733.67,ANNUAL,ACTIVE,1,True,1293754.6,221
POL000000404,CUS00001535,HEALTH,PRV3,2023-12-23,2024-12-22,2026-12-22,1938202.77,29260683.5,ANNUAL,LAPSED,1,False,0.0,
POL000000405,CUS00001543,LIFE,PRV3,2026-05-14,2036-05-11,2027-05-14,11867191.17,203729477.17,QUARTERLY,ACTIVE,1,True,11867191.17,256
POL000000406,CUS00001546,HOME,PRV1,2024-12-22,2025-12-22,2026-12-22,1092607.55,18628030.34,ANNUAL,LAPSED,1,False,0.0,
POL000000407,CUS00001550,HEALTH,PRV1,2022-10-11,2042-10-06,2026-10-10,316155.94,7004745.73,QUARTERLY,ACTIVE,1,True,316155.94,40
POL000000408,CUS00001551,LIFE,PRV2,2026-01-15,2027-01-15,2027-01-15,286557.44,2539267.86,ANNUAL,ACTIVE,1,True,286557.44,137
POL000000409,CUS00001554,MOTOR,PRV2,2023-06-28,2043-06-23,2027-06-27,373959.91,7754452.31,ANNUAL,ACTIVE,1,True,373959.91,300
POL000000410,CUS00001559,TRAVEL,PRV2,2025-12-17,2035-12-15,2026-12-17,2615498.67,31001795.89,ANNUAL,ACTIVE,1,True,2615498.67,108
POL000000411,CUS00001564,HEALTH,PRV5,2024-04-10,2044-04-05,2027-04-10,417340.73,8524178.25,ANNUAL,ACTIVE,1,True,417340.73,222
POL000000412,CUS00001567,LIFE,PRV5,2025-06-14,2035-06-12,2027-06-14,1511217.62,34242054.3,ANNUAL,ACTIVE,1,True,1511217.62,287
POL000000413,CUS00001569,LIFE,PRV1,2023-03-24,2043-03-19,2027-03-23,1033892.63,15539241.22,MONTHLY,ACTIVE,1,True,1033892.63,204
POL000000414,CUS00001575,HEALTH,PRV4,2025-08-07,2030-08-06,2027-08-07,1105665.68,13641985.86,QUARTERLY,ACTIVE,1,True,1105665.68,341
POL000000415,CUS00001578,HEALTH,PRV5,2024-03-06,2044-03-01,2027-03-06,1437014.93,20208516.52,QUARTERLY,ACTIVE,2,True,2480553.12,164
POL000000416,CUS00001578,HEALTH,PRV2,2024-02-12,2034-02-09,2027-02-11,1043538.19,18514271.39,MONTHLY,ACTIVE,2,True,2480553.12,164
POL000000417,CUS00001579,LIFE,PRV5,2025-10-09,2026-10-09,2026-10-09,135928.45,1267330.71,ANNUAL,ACTIVE,1,True,135928.45,39
POL000000418,CUS00001580,LIFE,PRV5,2025-11-26,2026-11-26,2026-11-26,2010509.47,26988107.08,MONTHLY,ACTIVE,1,True,2010509.47,87
POL000000419,CUS00001581,LIFE,PRV1,2024-01-27,2034-01-24,2027-01-26,1921457.91,19576208.54,MONTHLY,ACTIVE,1,True,1921457.91,148
POL000000420,CUS00001589,TRAVEL,PRV1,2023-12-13,2028-12-11,2026-12-12,5643431.74,106572430.87,MONTHLY,ACTIVE,1,True,5643431.74,103
POL000000421,CUS00001590,MOTOR,PRV5,2026-05-28,2036-05-25,2027-05-28,5368325.07,63145726.21,QUARTERLY,ACTIVE,2,True,6660952.61,113
POL000000422,CUS00001590,LIFE,PRV4,2024-12-22,2029-12-21,2026-12-22,1292627.54,17090171.1,ANNUAL,ACTIVE,2,True,6660952.61,113
POL000000423,CUS00001598,HEALTH,PRV1,2024-11-12,2044-11-07,2026-11-12,1474899.31,20434028.28,MONTHLY,ACTIVE,1,True,1474899.31,73
POL000000424,CUS00001615,LIFE,PRV5,2023-12-18,2028-12-16,2026-12-17,533017.57,7188596.54,ANNUAL,ACTIVE,2,True,533017.57,108
POL000000425,CUS00001615,LIFE,PRV2,2023-06-27,2024-06-26,2027-06-26,355470.21,4492990.8,ANNUAL,LAPSED,2,True,533017.57,108
POL000000426,CUS00001617,HOME,PRV2,2025-08-06,2045-08-01,2027-08-06,889830.43,20398941.68,QUARTERLY,ACTIVE,1,True,889830.43,340
POL000000427,CUS00001626,LIFE,PRV5,2025-06-25,2045-06-20,2027-06-25,435710.29,9755725.83,ANNUAL,ACTIVE,2,True,948607.53,298
POL000000428,CUS00001626,HEALTH,PRV3,2024-07-12,2044-07-07,2027-07-12,512897.24,7985861.69,ANNUAL,ACTIVE,2,True,948607.53,298
POL000000429,CUS00001627,TRAVEL,PRV2,2025-06-15,2045-06-10,2027-06-15,24277777.11,577184296.68,ANNUAL,ACTIVE,2,True,32631306.65,253
POL000000430,CUS00001627,MOTOR,PRV2,2024-05-11,2044-05-06,2027-05-11,8353529.54,168405093.27,ANNUAL,ACTIVE,2,True,32631306.65,253
POL000000431,CUS00001629,LIFE,PRV3,2023-11-26,2028-11-24,2026-11-25,8200152.68,119669796.25,ANNUAL,ACTIVE,1,True,8200152.68,86
POL000000432,CUS00001630,TRAVEL,PRV5,2022-10-03,2032-09-30,2026-10-02,4770828.19,48424043.71,MONTHLY,ACTIVE,1,True,4770828.19,32
POL000000433,CUS00001638,LIFE,PRV2,2025-05-30,2026-05-30,2027-05-30,9844855.15,196563268.46,QUARTERLY,LAPSED,1,False,0.0,
POL000000434,CUS00001642,LIFE,PRV1,2023-06-15,2043-06-10,2027-06-14,489455.64,5579753.57,ANNUAL,ACTIVE,1,True,489455.64,287
POL000000435,CUS00001643,MOTOR,PRV5,2023-06-07,2043-06-02,2027-06-06,2424533.89,39894740.93,QUARTERLY,ACTIVE,1,True,2424533.89,279
POL000000436,CUS00001647,HEALTH,PRV3,2025-01-22,2026-01-22,2027-01-22,5758856.09,72606397.88,MONTHLY,LAPSED,1,False,0.0,
POL000000437,CUS00001655,HOME,PRV1,2022-11-18,2023-11-18,2026-11-17,487199.31,5463303.49,MONTHLY,LAPSED,2,True,493349.11,154
POL000000438,CUS00001655,MOTOR,PRV5,2025-02-01,2045-01-27,2027-02-01,493349.11,9037801.35,ANNUAL,ACTIVE,2,True,493349.11,154
POL000000439,CUS00001676,LIFE,PRV3,2023-12-23,2033-12-20,2026-12-22,47578641.81,1050247313.35,ANNUAL,ACTIVE,2,True,100845629.21,10
POL000000440,CUS00001676,HEALTH,PRV1,2025-09-10,2045-09-05,2026-09-10,53266987.4,1274609925.08,ANNUAL,ACTIVE,2,True,100845629.21,10
POL000000441,CUS00001677,HEALTH,PRV4,2025-04-07,2026-04-07,2027-04-07,3299684.22,64057202.13,MONTHLY,LAPSED,1,False,0.0,
POL000000442,CUS00001680,HOME,PRV4,2025-08-15,2035-08-13,2027-08-15,3294056.44,60317315.96,MONTHLY,ACTIVE,1,True,3294056.44,349
POL000000443,CUS00001683,HEALTH,PRV5,2023-05-23,2028-05-21,2027-05-22,923931.84,22706775.1,QUARTERLY,ACTIVE,1,True,923931.84,264
POL000000444,CUS00001688,HEALTH,PRV2,2025-01-08,2026-01-08,2027-01-08,3472679.61,76419297.66,ANNUAL,LAPSED,1,False,0.0,
POL000000445,CUS00001690,LIFE,PRV3,2022-10-19,2023-10-19,2026-10-18,659870.91,14180398.86,ANNUAL,LAPSED,1,False,0.0,
POL000000446,CUS00001694,LIFE,PRV1,2024-03-08,2044-03-03,2027-03-08,389798.3,3700395.71,ANNUAL,ACTIVE,1,True,389798.3,189
POL000000447,CUS00001696,LIFE,PRV2,2024-02-20,2025-02-19,2027-02-19,5684724.14,53791429.34,ANNUAL,LAPSED,1,False,0.0,
POL000000448,CUS00001703,LIFE,PRV1,2025-11-19,2045-11-14,2026-11-19,490351.18,8937919.38,ANNUAL,ACTIVE,1,True,490351.18,80
POL000000449,CUS00001705,HEALTH,PRV4,2025-10-14,2045-10-09,2026-10-14,118056.76,1934256.3,ANNUAL,ACTIVE,1,True,118056.76,44
POL000000450,CUS00001711,HEALTH,PRV2,2026-04-22,2027-04-22,2027-04-22,383138.98,8445076.17,QUARTERLY,ACTIVE,1,True,383138.98,234
POL000000451,CUS00001713,HEALTH,PRV2,2025-04-22,2045-04-17,2027-04-22,47604948.23,926159534.32,ANNUAL,ACTIVE,1,True,47604948.23,234
POL000000452,CUS00001714,MOTOR,PRV1,2022-12-06,2023-12-06,2026-12-05,391484.64,5808430.22,ANNUAL,LAPSED,2,True,1060510.14,71
POL000000453,CUS00001714,HEALTH,PRV5,2022-11-11,2032-11-08,2026-11-10,1060510.14,21446242.06,ANNUAL,ACTIVE,2,True,1060510.14,71
POL000000454,CUS00001715,HEALTH,PRV3,2022-10-02,2027-10-01,2026-10-01,6937200.04,163669432.52,QUARTERLY,ACTIVE,1,True,6937200.04,31
POL000000455,CUS00001718,HOME,PRV5,2023-09-27,2043-09-22,2026-09-26,5921881.69,59424918.23,QUARTERLY,ACTIVE,2,True,5921881.69,26
POL000000456,CUS00001718,HEALTH,PRV4,2024-09-17,2025-09-17,2026-09-17,1306699.44,24607717.98,ANNUAL,LAPSED,2,True,5921881.69,26
POL000000457,CUS00001720,HEALTH,PRV5,2022-09-23,2023-09-23,2026-09-22,2816234.35,53176388.15,ANNUAL,LAPSED,1,False,0.0,
POL000000458,CUS00001721,TRAVEL,PRV1,2023-11-30,2043-11-25,2026-11-29,217532.48,4689044.31,MONTHLY,ACTIVE,1,True,217532.48,90
POL000000459,CUS00001725,HEALTH,PRV2,2024-03-05,2029-03-04,2027-03-05,310136.26,3277222.46,QUARTERLY,ACTIVE,1,True,310136.26,186
POL000000460,CUS00001728,TRAVEL,PRV2,2022-12-13,2032-12-10,2026-12-12,854353.14,15102486.16,MONTHLY,ACTIVE,2,True,1602930.27,103
POL000000461,CUS00001728,HEALTH,PRV5,2026-07-09,2031-07-08,2027-07-09,748577.13,16219357.35,ANNUAL,ACTIVE,2,True,1602930.27,103
POL000000462,CUS00001730,TRAVEL,PRV4,2023-01-12,2024-01-12,2027-01-11,1197484.05,25364040.67,QUARTERLY,LAPSED,2,False,0.0,
POL000000463,CUS00001730,TRAVEL,PRV1,2025-05-03,2026-05-03,2027-05-03,1917626.79,24330639.79,ANNUAL,LAPSED,2,False,0.0,
POL000000464,CUS00001734,MOTOR,PRV1,2026-04-27,2031-04-26,2027-04-27,3982368.89,49849891.36,ANNUAL,ACTIVE,1,True,3982368.89,239
POL000000465,CUS00001735,LIFE,PRV4,2024-05-07,2034-05-05,2027-05-07,10799231.62,258033412.67,MONTHLY,ACTIVE,1,True,10799231.62,249
POL000000466,CUS00001741,HEALTH,PRV3,2024-04-12,2034-04-10,2027-04-12,1595559.76,24574198.33,ANNUAL,ACTIVE,2,True,1595559.76,224
POL000000467,CUS00001741,TRAVEL,PRV5,2024-06-12,2025-06-12,2027-06-12,2311461.44,26108874.12,ANNUAL,LAPSED,2,True,1595559.76,224
POL000000468,CUS00001745,HEALTH,PRV5,2024-01-15,2034-01-12,2027-01-14,2354656.8,18991331.12,ANNUAL,ACTIVE,1,True,2354656.8,136
POL000000469,CUS00001746,LIFE,PRV5,2023-06-05,2024-06-04,2027-06-04,10887389.82,138187022.84,MONTHLY,LAPSED,1,False,0.0,
POL000000470,CUS00001752,TRAVEL,PRV2,2025-05-18,2030-05-17,2027-05-18,573143.85,9335876.17,ANNUAL,ACTIVE,1,True,573143.85,260
POL000000471,CUS00001763,MOTOR,PRV3,2024-03-14,2034-03-12,2027-03-14,1397986.98,12171014.6,QUARTERLY,ACTIVE,1,True,1397986.98,195
POL000000472,CUS00001765,TRAVEL,PRV4,2023-05-20,2028-05-18,2027-05-19,691803.82,16364037.98,QUARTERLY,ACTIVE,1,True,691803.82,261
POL000000473,CUS00001766,MOTOR,PRV4,2025-08-01,2026-08-01,2027-08-01,8956742.11,151295804.43,ANNUAL,LAPSED,1,False,0.0,
POL000000474,CUS00001774,LIFE,PRV5,2025-02-17,2045-02-12,2027-02-17,302631.81,3305709.36,ANNUAL,ACTIVE,1,True,302631.81,170
POL000000475,CUS00001776,MOTOR,PRV1,2025-03-26,2030-03-25,2027-03-26,8364057.51,85277761.03,ANNUAL,ACTIVE,1,True,8364057.51,207
POL000000476,CUS00001782,HOME,PRV1,2024-11-26,2025-11-26,2026-11-26,67111.54,1011370.65,MONTHLY,LAPSED,1,False,0.0,
POL000000477,CUS00001785,LIFE,PRV3,2025-01-22,2035-01-20,2027-01-22,3981674.23,58820507.54,MONTHLY,ACTIVE,1,True,3981674.23,144
POL000000478,CUS00001789,MOTOR,PRV5,2025-12-27,2045-12-22,2026-12-27,1943143.34,41940715.96,MONTHLY,ACTIVE,1,True,1943143.34,118
POL000000479,CUS00001791,LIFE,PRV5,2024-07-02,2044-06-27,2027-07-02,832502.9,8901117.86,QUARTERLY,ACTIVE,1,True,832502.9,305
POL000000480,CUS00001793,HOME,PRV2,2023-05-30,2043-05-25,2027-05-29,3457141.55,59330469.71,ANNUAL,ACTIVE,1,True,3457141.55,271
POL000000481,CUS00001794,HEALTH,PRV4,2024-04-14,2025-04-14,2027-04-14,339747.22,8186026.4,MONTHLY,LAPSED,1,False,0.0,
POL000000482,CUS00001801,LIFE,PRV1,2025-11-24,2035-11-22,2026-11-24,204340.72,4598162.15,QUARTERLY,ACTIVE,1,True,204340.72,85
POL000000483,CUS00001803,MOTOR,PRV2,2023-09-25,2024-09-24,2026-09-24,464149.23,4484071.52,ANNUAL,LAPSED,1,False,0.0,
POL000000484,CUS00001805,LIFE,PRV5,2023-09-28,2024-09-27,2026-09-27,175802.39,1628940.39,ANNUAL,LAPSED,1,False,0.0,
POL000000485,CUS00001807,LIFE,PRV2,2022-09-27,2042-09-22,2026-09-26,2945510.55,43402248.54,ANNUAL,ACTIVE,2,True,4665751.6,26
POL000000486,CUS00001807,HOME,PRV2,2025-07-26,2045-07-21,2027-07-26,1720241.05,36006911.4,MONTHLY,ACTIVE,2,True,4665751.6,26
POL000000487,CUS00001810,MOTOR,PRV1,2025-02-24,2035-02-22,2027-02-24,2506374.6,42041325.12,ANNUAL,ACTIVE,1,True,2506374.6,177
POL000000488,CUS00001812,HEALTH,PRV3,2023-10-07,2033-10-04,2026-10-06,499786.93,7485348.8,ANNUAL,ACTIVE,2,True,1418623.69,36
POL000000489,CUS00001812,HEALTH,PRV1,2025-01-09,2030-01-08,2027-01-09,918836.76,15423881.97,QUARTERLY,ACTIVE,2,True,1418623.69,36
POL000000490,CUS00001813,LIFE,PRV3,2023-06-05,2024-06-04,2027-06-04,4298495.13,97580771.06,ANNUAL,LAPSED,2,True,5419178.8,282
POL000000491,CUS00001813,LIFE,PRV4,2025-06-09,2030-06-08,2027-06-09,5419178.8,67090323.22,ANNUAL,ACTIVE,2,True,5419178.8,282
POL000000492,CUS00001817,LIFE,PRV4,2024-05-03,2029-05-02,2027-05-03,26497963.95,594877264.82,MONTHLY,ACTIVE,1,True,26497963.95,245
POL000000493,CUS00001818,HEALTH,PRV4,2025-04-17,2026-04-17,2027-04-17,2351045.52,47762455.58,ANNUAL,LAPSED,1,False,0.0,
POL000000494,CUS00001827,HEALTH,PRV2,2022-12-31,2023-12-31,2026-12-30,310380.71,4398428.16,MONTHLY,LAPSED,1,False,0.0,
POL000000495,CUS00001832,LIFE,PRV4,2023-05-23,2024-05-22,2027-05-22,3036564.24,48156339.55,ANNUAL,LAPSED,1,False,0.0,
POL000000496,CUS00001837,LIFE,PRV5,2023-04-25,2043-04-20,2027-04-24,1506021.75,17170928.48,ANNUAL,ACTIVE,1,True,1506021.75,236
POL000000497,CUS00001838,TRAVEL,PRV5,2022-09-07,2027-09-06,2026-09-06,1679632.33,32000910.97,ANNUAL,ACTIVE,1,True,1679632.33,6
POL000000498,CUS00001839,HEALTH,PRV5,2025-10-09,2045-10-04,2026-10-09,1418441.32,17456399.76,ANNUAL,ACTIVE,1,True,1418441.32,39
POL000000499,CUS00001842,TRAVEL,PRV2,2025-10-04,2030-10-03,2026-10-04,180862.26,3716898.25,QUARTERLY,ACTIVE,1,True,180862.26,34
POL000000500,CUS00001845,LIFE,PRV1,2024-11-02,2044-10-28,2026-11-02,8886278.79,143029205.21,MONTHLY,ACTIVE,1,True,8886278.79,63
POL000000501,CUS00001851,HEALTH,PRV1,2024-09-02,2029-09-01,2026-09-02,938723.19,8629843.65,MONTHLY,ACTIVE,1,True,938723.19,2
POL000000502,CUS00001853,MOTOR,PRV5,2022-08-09,2023-08-09,2027-08-08,7297749.26,179806125.33,MONTHLY,LAPSED,1,False,0.0,
POL000000503,CUS00001857,LIFE,PRV3,2023-12-08,2024-12-07,2026-12-07,662165.79,13032545.64,ANNUAL,LAPSED,1,False,0.0,
POL000000504,CUS00001858,HEALTH,PRV2,2023-12-05,2028-12-03,2026-12-04,2803554.74,67351149.07,ANNUAL,ACTIVE,1,True,2803554.74,95
POL000000505,CUS00001859,HEALTH,PRV3,2024-01-04,2029-01-02,2027-01-03,7500137.54,85318468.73,ANNUAL,ACTIVE,1,True,7500137.54,125
POL000000506,CUS00001862,HEALTH,PRV4,2026-08-01,2031-07-31,2027-08-01,681481.67,7751071.86,MONTHLY,ACTIVE,1,True,681481.67,335
POL000000507,CUS00001865,LIFE,PRV1,2025-07-18,2030-07-17,2027-07-18,1679775.63,32514757.54,ANNUAL,ACTIVE,1,True,1679775.63,321
POL000000508,CUS00001866,MOTOR,PRV5,2024-04-07,2025-04-07,2027-04-07,9160728.89,205817105.39,ANNUAL,LAPSED,1,False,0.0,
POL000000509,CUS00001869,TRAVEL,PRV4,2026-03-06,2036-03-03,2027-03-06,2156040.41,32046183.18,QUARTERLY,ACTIVE,1,True,2156040.41,187
POL000000510,CUS00001871,LIFE,PRV2,2025-01-06,2030-01-05,2027-01-06,318604.91,3607572.3,ANNUAL,ACTIVE,1,True,318604.91,128
POL000000511,CUS00001872,LIFE,PRV1,2022-08-22,2023-08-22,2027-08-21,1736660.31,28375851.35,MONTHLY,LAPSED,1,False,0.0,
POL000000512,CUS00001873,TRAVEL,PRV1,2022-09-15,2042-09-10,2026-09-14,200898.47,2262010.8,MONTHLY,ACTIVE,1,True,200898.47,14
POL000000513,CUS00001875,MOTOR,PRV4,2026-06-24,2046-06-19,2027-06-24,64132784.32,1313188831.16,ANNUAL,ACTIVE,2,True,125093360.18,44
POL000000514,CUS00001875,TRAVEL,PRV5,2022-10-15,2042-10-10,2026-10-14,60960575.86,1423892060.71,ANNUAL,ACTIVE,2,True,125093360.18,44
POL000000515,CUS00001879,HEALTH,PRV4,2025-06-13,2035-06-11,2027-06-13,3957450.26,68175698.16,ANNUAL,ACTIVE,2,True,6922547.02,286
POL000000516,CUS00001879,LIFE,PRV3,2023-07-19,2043-07-14,2027-07-18,2965096.76,35277201.38,ANNUAL,ACTIVE,2,True,6922547.02,286
POL000000517,CUS00001880,MOTOR,PRV5,2022-09-28,2032-09-25,2026-09-27,1882099.74,25464520.3,ANNUAL,ACTIVE,1,True,1882099.74,27
POL000000518,CUS00001881,LIFE,PRV2,2023-06-18,2043-06-13,2027-06-17,331312.39,3302147.76,ANNUAL,ACTIVE,2,True,571641.82,271
POL000000519,CUS00001881,HEALTH,PRV1,2026-05-29,2027-05-29,2027-05-29,240329.43,3375338.41,ANNUAL,ACTIVE,2,True,571641.82,271
POL000000520,CUS00001885,MOTOR,PRV2,2026-02-13,2046-02-08,2027-02-13,1644499.28,40367701.17,ANNUAL,ACTIVE,1,True,1644499.28,166
POL000000521,CUS00001897,HEALTH,PRV4,2025-04-15,2035-04-13,2027-04-15,1214144.25,20405890.88,ANNUAL,ACTIVE,1,True,1214144.25,227
POL000000522,CUS00001899,LIFE,PRV3,2026-04-24,2027-04-24,2027-04-24,1698639.28,21560849.59,ANNUAL,ACTIVE,1,True,1698639.28,236
POL000000523,CUS00001901,LIFE,PRV5,2026-03-06,2031-03-05,2027-03-06,247491.37,5189262.55,MONTHLY,ACTIVE,1,True,247491.37,187
POL000000524,CUS00001904,LIFE,PRV4,2022-07-31,2027-07-30,2027-07-30,526581.21,7119796.25,MONTHLY,ACTIVE,1,True,526581.21,333
POL000000525,CUS00001912,MOTOR,PRV2,2023-04-15,2024-04-14,2027-04-14,11629367.21,160192945.28,MONTHLY,LAPSED,1,False,0.0,
POL000000526,CUS00001922,LIFE,PRV3,2026-04-06,2036-04-03,2027-04-06,2731837.25,53820602.51,ANNUAL,ACTIVE,1,True,2731837.25,218
POL000000527,CUS00001928,MOTOR,PRV3,2024-05-29,2029-05-28,2027-05-29,3916633.87,84942320.23,ANNUAL,ACTIVE,1,True,3916633.87,271
POL000000528,CUS00001929,LIFE,PRV4,2025-10-16,2035-10-14,2026-10-16,3132735.43,31480792.71,QUARTERLY,ACTIVE,1,True,3132735.43,46
POL000000529,CUS00001930,HEALTH,PRV4,2024-01-22,2029-01-20,2027-01-21,1316323.32,30957132.45,ANNUAL,ACTIVE,1,True,1316323.32,143
POL000000530,CUS00001931,MOTOR,PRV1,2023-08-14,2033-08-11,2027-08-13,1258331.39,19699015.86,QUARTERLY,ACTIVE,1,True,1258331.39,347
POL000000531,CUS00001932,LIFE,PRV3,2025-06-23,2030-06-22,2027-06-23,115519.49,1891231.65,MONTHLY,ACTIVE,1,True,115519.49,296
POL000000532,CUS00001935,LIFE,PRV4,2022-10-05,2027-10-04,2026-10-04,2561310.07,55621969.43,QUARTERLY,ACTIVE,1,True,2561310.07,34
POL000000533,CUS00001941,HEALTH,PRV4,2023-07-02,2024-07-01,2027-07-01,1578000.63,25856594.58,ANNUAL,LAPSED,2,True,1677651.71,337
POL000000534,CUS00001941,MOTOR,PRV3,2022-08-04,2042-07-30,2027-08-03,1677651.71,33131724.04,ANNUAL,ACTIVE,2,True,1677651.71,337
POL000000535,CUS00001948,LIFE,PRV3,2023-02-22,2028-02-21,2027-02-21,3433017.8,70420516.57,QUARTERLY,ACTIVE,1,True,3433017.8,174
POL000000536,CUS00001951,LIFE,PRV1,2026-04-07,2027-04-07,2027-04-07,588459.92,5915900.19,ANNUAL,ACTIVE,1,True,588459.92,219
POL000000537,CUS00001952,MOTOR,PRV2,2024-04-08,2034-04-06,2027-04-08,460744.89,11484804.31,ANNUAL,ACTIVE,2,True,667123.01,220
POL000000538,CUS00001952,TRAVEL,PRV2,2023-08-28,2043-08-23,2027-08-27,206378.12,3730319.12,ANNUAL,ACTIVE,2,True,667123.01,220
POL000000539,CUS00001960,HEALTH,PRV2,2022-11-05,2027-11-04,2026-11-04,1975471.81,31867609.94,ANNUAL,ACTIVE,1,True,1975471.81,65
POL000000540,CUS00001967,MOTOR,PRV4,2024-11-23,2029-11-22,2026-11-23,25774667.28,353960870.83,QUARTERLY,ACTIVE,2,True,34171473.03,16
POL000000541,CUS00001967,TRAVEL,PRV5,2025-09-16,2030-09-15,2026-09-16,8396805.75,209012404.58,ANNUAL,ACTIVE,2,True,34171473.03,16
POL000000542,CUS00001969,MOTOR,PRV2,2022-08-29,2032-08-26,2027-08-28,210935.03,1707702.81,ANNUAL,ACTIVE,1,True,210935.03,362
POL000000543,CUS00001979,TRAVEL,PRV1,2024-02-29,2029-02-27,2027-02-28,1404524.78,32501094.56,ANNUAL,ACTIVE,1,True,1404524.78,181
POL000000544,CUS00001980,TRAVEL,PRV4,2025-06-26,2026-06-26,2027-06-26,8561785.55,123104432.07,ANNUAL,LAPSED,1,False,0.0,
POL000000545,CUS00001983,HEALTH,PRV4,2024-07-18,2044-07-13,2027-07-18,1283937.18,23407269.33,MONTHLY,ACTIVE,1,True,1283937.18,321
POL000000546,CUS00001995,LIFE,PRV3,2024-01-27,2029-01-25,2027-01-26,2747901.8,41614588.47,MONTHLY,ACTIVE,2,True,7826288.54,148
POL000000547,CUS00001995,LIFE,PRV4,2026-03-17,2027-03-17,2027-03-17,5078386.74,64481259.02,QUARTERLY,ACTIVE,2,True,7826288.54,148
POL000000548,CUS00001996,HEALTH,PRV3,2024-08-28,2034-08-26,2027-08-28,181764.35,1996532.91,ANNUAL,ACTIVE,1,True,181764.35,362
POL000000549,CUS00002001,TRAVEL,PRV2,2026-06-17,2046-06-12,2027-06-17,956000.71,22376837.93,ANNUAL,ACTIVE,1,True,956000.71,290
POL000000550,CUS00002010,HEALTH,PRV5,2026-06-01,2031-05-31,2027-06-01,7853797.89,100898986.85,MONTHLY,ACTIVE,1,True,7853797.89,274
POL000000551,CUS00002015,HEALTH,PRV4,2024-04-22,2034-04-20,2027-04-22,15072157.47,174619473.75,ANNUAL,ACTIVE,1,True,15072157.47,234
POL000000552,CUS00002025,HEALTH,PRV3,2024-10-19,2029-10-18,2026-10-19,963511.71,10420790.5,MONTHLY,ACTIVE,2,True,2271811.31,49
POL000000553,CUS00002025,HEALTH,PRV5,2023-08-18,2028-08-16,2027-08-17,1308299.6,13546205.93,ANNUAL,ACTIVE,2,True,2271811.31,49
POL000000554,CUS00002028,HEALTH,PRV5,2026-02-02,2046-01-28,2027-02-02,526112.26,8163888.54,QUARTERLY,ACTIVE,1,True,526112.26,155
POL000000555,CUS00002029,LIFE,PRV3,2022-09-01,2032-08-29,2027-08-31,196516.6,3675236.42,ANNUAL,ACTIVE,1,True,196516.6,365
POL000000556,CUS00002031,HEALTH,PRV3,2022-12-18,2032-12-15,2026-12-17,753211.65,8200216.31,MONTHLY,ACTIVE,1,True,753211.65,108
POL000000557,CUS00002032,MOTOR,PRV4,2025-09-26,2035-09-24,2026-09-26,2862187.62,49596663.57,ANNUAL,ACTIVE,1,True,2862187.62,26
POL000000558,CUS00002034,LIFE,PRV1,2025-12-23,2026-12-23,2026-12-23,963527.54,17057129.21,ANNUAL,ACTIVE,1,True,963527.54,114
POL000000559,CUS00002035,MOTOR,PRV2,2025-05-15,2035-05-13,2027-05-15,10236280.23,144377506.66,QUARTERLY,ACTIVE,2,True,15277210.38,257
POL000000560,CUS00002035,LIFE,PRV2,2024-05-19,2034-05-17,2027-05-19,5040930.15,106198380.28,QUARTERLY,ACTIVE,2,True,15277210.38,257
POL000000561,CUS00002037,LIFE,PRV4,2022-11-17,2023-11-17,2026-11-16,3232930.68,70314894.67,MONTHLY,LAPSED,1,False,0.0,
POL000000562,CUS00002041,TRAVEL,PRV5,2024-03-08,2044-03-03,2027-03-08,603154.24,7743418.56,ANNUAL,ACTIVE,2,True,804010.72,184
POL000000563,CUS00002041,HEALTH,PRV4,2025-03-03,2030-03-02,2027-03-03,200856.48,3174004.24,ANNUAL,ACTIVE,2,True,804010.72,184
POL000000564,CUS00002044,HOME,PRV3,2025-07-08,2045-07-03,2027-07-08,144680.76,2924401.72,MONTHLY,ACTIVE,1,True,144680.76,311
POL000000565,CUS00002048,LIFE,PRV5,2024-01-29,2034-01-26,2027-01-28,422916.06,9358584.26,ANNUAL,ACTIVE,1,True,422916.06,150
POL000000566,CUS00002063,HEALTH,PRV5,2022-10-12,2042-10-07,2026-10-11,4018554.02,45326482.21,ANNUAL,ACTIVE,1,True,4018554.02,41
POL000000567,CUS00002066,HEALTH,PRV4,2026-03-12,2046-03-07,2027-03-12,2021060.68,18879115.27,MONTHLY,ACTIVE,1,True,2021060.68,193
POL000000568,CUS00002067,LIFE,PRV3,2024-06-16,2025-06-16,2027-06-16,876611.25,11170360.72,ANNUAL,LAPSED,1,False,0.0,
POL000000569,CUS00002069,LIFE,PRV3,2025-11-25,2045-11-20,2026-11-25,397185.5,5764079.51,QUARTERLY,ACTIVE,2,True,644975.07,10
POL000000570,CUS00002069,TRAVEL,PRV4,2025-09-10,2030-09-09,2026-09-10,247789.57,2058282.57,QUARTERLY,ACTIVE,2,True,644975.07,10
POL000000571,CUS00002071,HEALTH,PRV3,2024-08-13,2044-08-08,2027-08-13,2305399.91,26019597.19,QUARTERLY,ACTIVE,1,True,2305399.91,347
POL000000572,CUS00002074,HEALTH,PRV5,2025-09-25,2045-09-20,2026-09-25,2018879.16,17436946.07,MONTHLY,ACTIVE,2,True,5841480.41,25
POL000000573,CUS00002074,HEALTH,PRV5,2025-01-19,2035-01-17,2027-01-19,3822601.25,93591687.12,ANNUAL,ACTIVE,2,True,5841480.41,25
POL000000574,CUS00002076,LIFE,PRV3,2024-02-27,2025-02-26,2027-02-26,762967.93,6304167.53,MONTHLY,LAPSED,2,True,945884.72,271
POL000000575,CUS00002076,TRAVEL,PRV1,2024-05-29,2029-05-28,2027-05-29,945884.72,18167284.82,QUARTERLY,ACTIVE,2,True,945884.72,271
POL000000576,CUS00002078,LIFE,PRV2,2025-05-26,2035-05-24,2027-05-26,1371187.92,18614145.86,QUARTERLY,ACTIVE,1,True,1371187.92,268
POL000000577,CUS00002079,MOTOR,PRV4,2022-08-20,2023-08-20,2027-08-19,5332320.5,56816661.91,MONTHLY,LAPSED,2,True,4589471.27,181
POL000000578,CUS00002079,HEALTH,PRV1,2025-02-28,2045-02-23,2027-02-28,4589471.27,64308961.94,ANNUAL,ACTIVE,2,True,4589471.27,181
POL000000579,CUS00002081,LIFE,PRV5,2024-04-28,2034-04-26,2027-04-28,589055.81,10345895.34,ANNUAL,ACTIVE,1,True,589055.81,240
POL000000580,CUS00002087,LIFE,PRV4,2024-02-14,2025-02-13,2027-02-13,2999177.46,26815085.11,QUARTERLY,LAPSED,1,False,0.0,
POL000000581,CUS00002089,LIFE,PRV5,2025-09-19,2026-09-19,2026-09-19,231160.48,1850333.22,ANNUAL,ACTIVE,1,True,231160.48,19
POL000000582,CUS00002091,LIFE,PRV5,2022-11-08,2032-11-05,2026-11-07,1331114.52,30668581.1,MONTHLY,ACTIVE,1,True,1331114.52,68
POL000000583,CUS00002092,HEALTH,PRV4,2025-08-09,2026-08-09,2027-08-09,9744754.75,182298071.65,QUARTERLY,LAPSED,1,False,0.0,
POL000000584,CUS00002098,HOME,PRV1,2024-11-24,2025-11-24,2026-11-24,735187.28,16522285.47,ANNUAL,LAPSED,1,False,0.0,
POL000000585,CUS00002100,HEALTH,PRV1,2024-04-16,2029-04-15,2027-04-16,3608255.55,72049498.09,QUARTERLY,ACTIVE,1,True,3608255.55,228
POL000000586,CUS00002107,HEALTH,PRV1,2025-07-16,2045-07-11,2027-07-16,3636802.54,79402860.79,ANNUAL,ACTIVE,2,True,6713548.5,46
POL000000587,CUS00002107,MOTOR,PRV4,2025-10-16,2045-10-11,2026-10-16,3076745.96,35595821.35,ANNUAL,ACTIVE,2,True,6713548.5,46
POL000000588,CUS00002109,TRAVEL,PRV4,2024-06-11,2034-06-09,2027-06-11,1356336.08,27587361.32,ANNUAL,ACTIVE,1,True,1356336.08,284
POL000000589,CUS00002110,MOTOR,PRV1,2024-06-02,2044-05-28,2027-06-02,625758.28,5359880.24,QUARTERLY,ACTIVE,2,True,625758.28,275
POL000000590,CUS00002110,HOME,PRV1,2024-07-11,2025-07-11,2027-07-11,707439.81,10125847.71,ANNUAL,LAPSED,2,True,625758.28,275
POL000000591,CUS00002130,HEALTH,PRV4,2025-06-13,2045-06-08,2027-06-13,18466770.2,267810144.6,QUARTERLY,ACTIVE,2,True,42416741.31,264
POL000000592,CUS00002130,MOTOR,PRV5,2023-05-23,2028-05-21,2027-05-22,23949971.11,497561060.93,ANNUAL,ACTIVE,2,True,42416741.31,264
POL000000593,CUS00002132,HEALTH,PRV2,2024-06-20,2025-06-20,2027-06-20,689081.13,12100269.42,QUARTERLY,LAPSED,1,False,0.0,
POL000000594,CUS00002136,HEALTH,PRV5,2025-11-13,2030-11-12,2026-11-13,4892346.07,105190266.33,ANNUAL,ACTIVE,1,True,4892346.07,74
POL000000595,CUS00002139,MOTOR,PRV1,2023-01-11,2024-01-11,2027-01-10,3696464.4,49715288.19,QUARTERLY,LAPSED,1,False,0.0,
POL000000596,CUS00002147,MOTOR,PRV5,2022-08-24,2032-08-21,2027-08-23,1707810.26,15889096.14,MONTHLY,ACTIVE,1,True,1707810.26,357
POL000000597,CUS00002150,HEALTH,PRV4,2023-02-03,2033-01-31,2027-02-02,8785297.56,136199163.39,MONTHLY,ACTIVE,1,True,8785297.56,155
POL000000598,CUS00002159,LIFE,PRV1,2023-05-26,2024-05-25,2027-05-25,10268257.52,141920361.53,MONTHLY,LAPSED,1,False,0.0,
POL000000599,CUS00002160,LIFE,PRV1,2022-08-24,2042-08-19,2027-08-23,641818.57,9570853.3,QUARTERLY,ACTIVE,1,True,641818.57,357
POL000000600,CUS00002164,LIFE,PRV2,2023-12-29,2028-12-27,2026-12-28,465276.4,9034086.45,ANNUAL,ACTIVE,2,True,465276.4,119
POL000000601,CUS00002164,LIFE,PRV2,2025-06-11,2026-06-11,2027-06-11,213097.3,5078916.43,MONTHLY,LAPSED,2,True,465276.4,119
POL000000602,CUS00002166,TRAVEL,PRV4,2023-05-05,2033-05-02,2027-05-04,1091711.41,18704942.39,QUARTERLY,ACTIVE,1,True,1091711.41,246
POL000000603,CUS00002173,HOME,PRV2,2025-12-26,2030-12-25,2026-12-26,5311896.95,43733465.03,MONTHLY,ACTIVE,2,True,8056270.36,117
POL000000604,CUS00002173,LIFE,PRV5,2023-07-19,2028-07-17,2027-07-18,2744373.41,29162332.8,ANNUAL,ACTIVE,2,True,8056270.36,117
POL000000605,CUS00002174,HEALTH,PRV4,2025-08-27,2045-08-22,2027-08-27,157269.25,2202521.72,MONTHLY,ACTIVE,1,True,157269.25,361
POL000000606,CUS00002175,LIFE,PRV5,2026-04-04,2036-04-01,2027-04-04,260593.48,2932474.21,MONTHLY,ACTIVE,2,True,767365.14,216
POL000000607,CUS00002175,HEALTH,PRV3,2025-06-28,2045-06-23,2027-06-28,506771.66,11933854.56,MONTHLY,ACTIVE,2,True,767365.14,216
POL000000608,CUS00002183,HEALTH,PRV4,2023-09-10,2033-09-07,2026-09-09,13187567.99,253835167.01,QUARTERLY,ACTIVE,1,True,13187567.99,9
POL000000609,CUS00002190,HOME,PRV3,2024-03-13,2025-03-13,2027-03-13,459865.44,9761029.31,ANNUAL,LAPSED,2,True,453591.95,43
POL000000610,CUS00002190,LIFE,PRV3,2024-10-13,2029-10-12,2026-10-13,453591.95,10692020.01,QUARTERLY,ACTIVE,2,True,453591.95,43
POL000000611,CUS00002195,LIFE,PRV2,2025-03-21,2030-03-20,2027-03-21,23855486.83,381095271.43,ANNUAL,ACTIVE,1,True,23855486.83,202
POL000000612,CUS00002197,LIFE,PRV2,2024-11-18,2029-11-17,2026-11-18,4444159.05,48827256.77,ANNUAL,ACTIVE,1,True,4444159.05,79
POL000000613,CUS00002199,HEALTH,PRV3,2023-12-06,2028-12-04,2026-12-05,8532777.67,209265383.24,MONTHLY,ACTIVE,1,True,8532777.67,96
POL000000614,CUS00002201,HEALTH,PRV2,2022-10-11,2042-10-06,2026-10-10,8816271.45,100030920.17,MONTHLY,ACTIVE,2,True,15020952.28,40
POL000000615,CUS00002201,HEALTH,PRV3,2026-02-19,2046-02-14,2027-02-19,6204680.83,154890981.1,ANNUAL,ACTIVE,2,True,15020952.28,40
POL000000616,CUS00002203,MOTOR,PRV2,2024-02-29,2044-02-24,2027-02-28,380823.83,5022448.78,ANNUAL,ACTIVE,1,True,380823.83,181
POL000000617,CUS00002207,HOME,PRV4,2024-07-17,2025-07-17,2027-07-17,393813.02,9412824.44,MONTHLY,LAPSED,1,False,0.0,
POL000000618,CUS00002210,HEALTH,PRV3,2025-05-18,2045-05-13,2027-05-18,6092868.99,55706411.62,MONTHLY,ACTIVE,1,True,6092868.99,260
POL000000619,CUS00002213,LIFE,PRV4,2024-02-01,2025-01-31,2027-01-31,2567819.99,61787336.87,MONTHLY,LAPSED,1,False,0.0,
POL000000620,CUS00002214,HEALTH,PRV4,2024-07-20,2029-07-19,2027-07-20,417360.26,9750836.26,ANNUAL,ACTIVE,1,True,417360.26,323
POL000000621,CUS00002215,TRAVEL,PRV5,2024-10-17,2025-10-17,2026-10-17,1813000.35,28464372.62,ANNUAL,LAPSED,1,False,0.0,
POL000000622,CUS00002219,TRAVEL,PRV1,2023-10-10,2043-10-05,2026-10-09,7094573.91,121253387.69,ANNUAL,ACTIVE,1,True,7094573.91,39
POL000000623,CUS00002224,HOME,PRV1,2024-09-11,2044-09-06,2026-09-11,256950.32,2901422.78,ANNUAL,ACTIVE,1,True,256950.32,11
POL000000624,CUS00002225,HEALTH,PRV3,2023-09-26,2033-09-23,2026-09-25,424918.5,9403072.25,QUARTERLY,ACTIVE,2,True,627323.4,25
POL000000625,CUS00002225,LIFE,PRV1,2023-11-29,2043-11-24,2026-11-28,202404.9,2828099.58,MONTHLY,ACTIVE,2,True,627323.4,25
POL000000626,CUS00002231,MOTOR,PRV4,2023-07-22,2024-07-21,2027-07-21,1262517.58,16663442.37,ANNUAL,LAPSED,1,False,0.0,
POL000000627,CUS00002232,HEALTH,PRV3,2024-10-03,2025-10-03,2026-10-03,367371.76,9108428.29,QUARTERLY,LAPSED,2,True,529960.46,107
POL000000628,CUS00002232,HEALTH,PRV4,2025-12-16,2030-12-15,2026-12-16,529960.46,5674343.6,MONTHLY,ACTIVE,2,True,529960.46,107
POL000000629,CUS00002234,HEALTH,PRV1,2022-08-17,2042-08-12,2027-08-16,498682.12,6538699.7,ANNUAL,ACTIVE,1,True,498682.12,350
POL000000630,CUS00002235,HEALTH,PRV5,2024-11-13,2044-11-08,2026-11-13,213823.08,4247518.8,MONTHLY,ACTIVE,1,True,213823.08,74
POL000000631,CUS00002240,MOTOR,PRV3,2024-11-19,2034-11-17,2026-11-19,1442708.29,34717009.97,ANNUAL,ACTIVE,1,True,1442708.29,80
POL000000632,CUS00002245,LIFE,PRV3,2024-07-24,2025-07-24,2027-07-24,1685530.99,19244401.41,MONTHLY,LAPSED,2,False,0.0,
POL000000633,CUS00002245,MOTOR,PRV5,2025-01-09,2026-01-09,2027-01-09,1956863.64,30683575.02,ANNUAL,LAPSED,2,False,0.0,
POL000000634,CUS00002248,MOTOR,PRV5,2025-08-08,2035-08-06,2027-08-08,67624.35,698787.15,ANNUAL,ACTIVE,1,True,67624.35,342
POL000000635,CUS00002253,HEALTH,PRV3,2023-01-25,2028-01-24,2027-01-24,871712.18,18594546.27,QUARTERLY,ACTIVE,1,True,871712.18,146
POL000000636,CUS00002259,LIFE,PRV5,2025-05-31,2035-05-29,2027-05-31,1444828.63,32887834.6,MONTHLY,ACTIVE,1,True,1444828.63,273
POL000000637,CUS00002264,LIFE,PRV4,2023-08-29,2033-08-26,2027-08-28,230468.66,3670367.71,ANNUAL,ACTIVE,1,True,230468.66,362
POL000000638,CUS00002266,MOTOR,PRV5,2025-01-11,2045-01-06,2027-01-11,713971.55,17415463.1,ANNUAL,ACTIVE,1,True,713971.55,133
POL000000639,CUS00002271,LIFE,PRV1,2023-03-14,2028-03-12,2027-03-13,6555725.92,110518955.96,QUARTERLY,ACTIVE,1,True,6555725.92,194
POL000000640,CUS00002272,LIFE,PRV4,2023-03-15,2033-03-12,2027-03-14,468934.35,11325226.25,MONTHLY,ACTIVE,1,True,468934.35,195
POL000000641,CUS00002273,LIFE,PRV1,2022-07-29,2023-07-29,2027-07-28,738601.08,11761094.35,QUARTERLY,LAPSED,1,False,0.0,
POL000000642,CUS00002275,LIFE,PRV1,2025-08-22,2045-08-17,2027-08-22,2849947.14,49177856.95,QUARTERLY,ACTIVE,1,True,2849947.14,356
POL000000643,CUS00002280,MOTOR,PRV5,2025-08-11,2035-08-09,2027-08-11,186038.93,2351480.37,QUARTERLY,ACTIVE,1,True,186038.93,345
POL000000644,CUS00002285,MOTOR,PRV2,2025-03-01,2045-02-24,2027-03-01,531656.97,12264531.37,MONTHLY,ACTIVE,1,True,531656.97,182
POL000000645,CUS00002294,LIFE,PRV4,2024-10-22,2029-10-21,2026-10-22,2436294.17,56521087.0,MONTHLY,ACTIVE,1,True,2436294.17,52
POL000000646,CUS00002296,LIFE,PRV1,2025-02-13,2030-02-12,2027-02-13,782021.4,6857024.19,ANNUAL,ACTIVE,1,True,782021.4,166
POL000000647,CUS00002300,LIFE,PRV4,2025-07-07,2035-07-05,2027-07-07,272168.33,4124535.59,MONTHLY,ACTIVE,1,True,272168.33,310
POL000000648,CUS00002304,TRAVEL,PRV2,2023-01-16,2043-01-11,2027-01-15,343586.57,8549448.77,QUARTERLY,ACTIVE,1,True,343586.57,137
POL000000649,CUS00002305,HEALTH,PRV4,2023-02-03,2033-01-31,2027-02-02,1402476.67,16037260.25,ANNUAL,ACTIVE,1,True,1402476.67,155
POL000000650,CUS00002309,HOME,PRV4,2025-06-08,2035-06-06,2027-06-08,389809.15,3981301.23,MONTHLY,ACTIVE,1,True,389809.15,281
POL000000651,CUS00002317,HEALTH,PRV2,2026-07-05,2046-06-30,2027-07-05,3114264.54,29059413.58,ANNUAL,ACTIVE,1,True,3114264.54,308
POL000000652,CUS00002320,LIFE,PRV5,2023-11-15,2024-11-14,2026-11-14,691722.2,11979518.96,ANNUAL,LAPSED,2,True,308171.35,122
POL000000653,CUS00002320,HEALTH,PRV4,2025-12-31,2035-12-29,2026-12-31,308171.35,5387395.24,MONTHLY,ACTIVE,2,True,308171.35,122
POL000000654,CUS00002322,LIFE,PRV5,2024-10-22,2044-10-17,2026-10-22,1181869.91,22150912.68,MONTHLY,ACTIVE,1,True,1181869.91,52
POL000000655,CUS00002329,LIFE,PRV1,2025-07-14,2030-07-13,2027-07-14,2121898.94,20886977.78,ANNUAL,ACTIVE,1,True,2121898.94,317
POL000000656,CUS00002330,HEALTH,PRV3,2023-11-28,2028-11-26,2026-11-27,2828576.54,40114974.25,MONTHLY,ACTIVE,1,True,2828576.54,88
POL000000657,CUS00002332,LIFE,PRV3,2024-01-10,2029-01-08,2027-01-09,359600.71,3898520.82,ANNUAL,ACTIVE,1,True,359600.71,131
POL000000658,CUS00002335,LIFE,PRV5,2024-12-05,2044-11-30,2026-12-05,1627154.12,29813509.73,MONTHLY,ACTIVE,2,True,3101488.35,22
POL000000659,CUS00002335,LIFE,PRV4,2022-09-23,2032-09-20,2026-09-22,1474334.23,30356750.23,ANNUAL,ACTIVE,2,True,3101488.35,22
POL000000660,CUS00002336,HOME,PRV3,2024-01-25,2029-01-23,2027-01-24,1015702.15,11615466.44,QUARTERLY,ACTIVE,1,True,1015702.15,146
POL000000661,CUS00002344,LIFE,PRV2,2026-06-02,2036-05-30,2027-06-02,6194615.8,140435651.7,MONTHLY,ACTIVE,1,True,6194615.8,275
POL000000662,CUS00002345,LIFE,PRV2,2023-05-28,2033-05-25,2027-05-27,962383.77,23515459.92,ANNUAL,ACTIVE,1,True,962383.77,269
POL000000663,CUS00002353,HEALTH,PRV1,2024-02-13,2029-02-11,2027-02-12,215883.24,4323421.77,ANNUAL,ACTIVE,1,True,215883.24,165
POL000000664,CUS00002356,LIFE,PRV4,2026-06-03,2036-05-31,2027-06-03,1726599.11,28467028.97,QUARTERLY,ACTIVE,1,True,1726599.11,276
POL000000665,CUS00002367,LIFE,PRV3,2025-03-09,2030-03-08,2027-03-09,1072659.94,21721556.36,ANNUAL,ACTIVE,1,True,1072659.94,190
POL000000666,CUS00002374,LIFE,PRV3,2023-10-26,2033-10-23,2026-10-25,1435404.76,34953372.99,ANNUAL,ACTIVE,2,True,2699788.43,55
POL000000667,CUS00002374,HEALTH,PRV1,2024-03-17,2029-03-16,2027-03-17,1264383.67,14599596.12,QUARTERLY,ACTIVE,2,True,2699788.43,55
POL000000668,CUS00002383,LIFE,PRV4,2022-07-25,2042-07-20,2027-07-24,2451711.09,29680766.81,ANNUAL,ACTIVE,2,True,2451711.09,327
POL000000669,CUS00002383,LIFE,PRV3,2023-12-05,2024-12-04,2026-12-04,1884119.16,23266611.16,ANNUAL,LAPSED,2,True,2451711.09,327
POL000000670,CUS00002390,LIFE,PRV2,2025-08-01,2030-07-31,2027-08-01,7746232.72,85384608.76,MONTHLY,ACTIVE,2,True,10518651.73,169
POL000000671,CUS00002390,LIFE,PRV4,2023-02-17,2028-02-16,2027-02-16,2772419.01,29935823.59,ANNUAL,ACTIVE,2,True,10518651.73,169
POL000000672,CUS00002394,LIFE,PRV1,2023-04-08,2043-04-03,2027-04-07,562964.06,13543926.51,MONTHLY,ACTIVE,1,True,562964.06,219
POL000000673,CUS00002397,LIFE,PRV1,2023-12-24,2024-12-23,2026-12-23,2744088.03,49111278.91,QUARTERLY,LAPSED,1,False,0.0,
POL000000674,CUS00002401,HEALTH,PRV4,2025-11-28,2045-11-23,2026-11-28,148128.57,1915071.58,ANNUAL,ACTIVE,1,True,148128.57,89
POL000000675,CUS00002408,HOME,PRV1,2024-12-24,2029-12-23,2026-12-24,12725296.77,162186741.42,ANNUAL,ACTIVE,1,True,12725296.77,115
POL000000676,CUS00002416,HEALTH,PRV4,2024-09-26,2034-09-24,2026-09-26,517757.27,9572064.06,QUARTERLY,ACTIVE,1,True,517757.27,26
POL000000677,CUS00002419,HEALTH,PRV2,2024-02-28,2034-02-25,2027-02-27,2058371.84,38370350.67,ANNUAL,ACTIVE,1,True,2058371.84,180
POL000000678,CUS00002426,LIFE,PRV1,2025-09-15,2045-09-10,2026-09-15,193553.84,3791027.86,QUARTERLY,ACTIVE,1,True,193553.84,15
POL000000679,CUS00002427,TRAVEL,PRV5,2022-08-10,2032-08-07,2027-08-09,32634810.45,284901191.62,MONTHLY,ACTIVE,1,True,32634810.45,343
POL000000680,CUS00002429,TRAVEL,PRV5,2023-03-21,2028-03-19,2027-03-20,134525.26,2516046.86,MONTHLY,ACTIVE,1,True,134525.26,201
POL000000681,CUS00002431,HEALTH,PRV3,2022-12-02,2032-11-29,2026-12-01,2741299.99,48161764.34,ANNUAL,ACTIVE,1,True,2741299.99,92
POL000000682,CUS00002432,TRAVEL,PRV3,2026-01-22,2031-01-21,2027-01-22,816256.55,13728068.06,QUARTERLY,ACTIVE,1,True,816256.55,144
POL000000683,CUS00002434,HEALTH,PRV1,2024-09-21,2025-09-21,2026-09-21,372160.88,6408194.97,ANNUAL,LAPSED,1,False,0.0,
POL000000684,CUS00002439,LIFE,PRV1,2023-03-16,2028-03-14,2027-03-15,2589782.18,39100813.99,MONTHLY,ACTIVE,1,True,2589782.18,196
POL000000685,CUS00002445,MOTOR,PRV3,2024-09-03,2025-09-03,2026-09-03,131566.01,1314031.12,ANNUAL,LAPSED,1,False,0.0,
POL000000686,CUS00002451,MOTOR,PRV3,2025-07-25,2026-07-25,2027-07-25,56176.29,1355361.25,MONTHLY,LAPSED,1,False,0.0,
POL000000687,CUS00002455,LIFE,PRV2,2024-11-15,2025-11-15,2026-11-15,993197.51,16738662.98,ANNUAL,LAPSED,1,False,0.0,
POL000000688,CUS00002459,LIFE,PRV3,2025-01-12,2045-01-07,2027-01-12,2542894.72,61329471.2,ANNUAL,ACTIVE,1,True,2542894.72,134
POL000000689,CUS00002469,LIFE,PRV2,2024-09-26,2044-09-21,2026-09-26,346030.03,8179325.25,MONTHLY,ACTIVE,1,True,346030.03,26
POL000000690,CUS00002476,HOME,PRV2,2024-12-26,2029-12-25,2026-12-26,494987.55,4404325.93,ANNUAL,ACTIVE,2,True,494987.55,117
POL000000691,CUS00002476,HEALTH,PRV5,2023-08-25,2024-08-24,2027-08-24,1799079.7,31673886.17,QUARTERLY,LAPSED,2,True,494987.55,117
POL000000692,CUS00002478,LIFE,PRV1,2025-04-10,2026-04-10,2027-04-10,244981.44,2668561.27,MONTHLY,LAPSED,1,False,0.0,
POL000000693,CUS00002481,HEALTH,PRV3,2023-09-18,2024-09-17,2026-09-17,2467624.12,33367601.98,ANNUAL,LAPSED,1,False,0.0,
POL000000694,CUS00002486,LIFE,PRV3,2023-06-23,2033-06-20,2027-06-22,2735801.3,42842431.23,ANNUAL,ACTIVE,1,True,2735801.3,295
POL000000695,CUS00002491,HOME,PRV1,2023-11-27,2024-11-26,2026-11-26,2154789.05,39092412.0,ANNUAL,LAPSED,2,True,5648598.65,140
POL000000696,CUS00002491,HEALTH,PRV5,2024-01-19,2034-01-16,2027-01-18,5648598.65,63059854.82,ANNUAL,ACTIVE,2,True,5648598.65,140
POL000000697,CUS00002497,HEALTH,PRV1,2023-03-11,2033-03-08,2027-03-10,1413616.16,17090676.53,QUARTERLY,ACTIVE,2,True,2110388.8,191
POL000000698,CUS00002497,LIFE,PRV3,2023-03-11,2043-03-06,2027-03-10,696772.64,8008595.24,MONTHLY,ACTIVE,2,True,2110388.8,191
POL000000699,CUS00002500,LIFE,PRV5,2025-09-24,2026-09-24,2026-09-24,299037.5,2966292.39,QUARTERLY,ACTIVE,1,True,299037.5,24
POL000000700,CUS00002503,HEALTH,PRV4,2022-12-26,2042-12-21,2026-12-25,27398116.4,536854169.61,MONTHLY,ACTIVE,1,True,27398116.4,116
POL000000701,CUS00002505,LIFE,PRV4,2022-12-09,2032-12-06,2026-12-08,1484495.58,33645786.84,ANNUAL,ACTIVE,1,True,1484495.58,99
POL000000702,CUS00002506,MOTOR,PRV3,2024-04-02,2034-03-31,2027-04-02,5195523.14,62125936.19,ANNUAL,ACTIVE,1,True,5195523.14,214
POL000000703,CUS00002512,TRAVEL,PRV4,2022-10-23,2032-10-20,2026-10-22,5680806.87,96566181.29,ANNUAL,ACTIVE,2,True,5680806.87,52
POL000000704,CUS00002512,LIFE,PRV1,2022-10-26,2023-10-26,2026-10-25,17330837.46,331484791.52,MONTHLY,LAPSED,2,True,5680806.87,52
POL000000705,CUS00002514,LIFE,PRV1,2024-10-05,2025-10-05,2026-10-05,539676.82,12946233.82,ANNUAL,LAPSED,1,False,0.0,
POL000000706,CUS00002515,HOME,PRV4,2026-05-23,2046-05-18,2027-05-23,1321673.65,26463731.9,ANNUAL,ACTIVE,1,True,1321673.65,265
POL000000707,CUS00002523,TRAVEL,PRV5,2025-07-15,2026-07-15,2027-07-15,1462277.43,13528744.57,ANNUAL,LAPSED,1,False,0.0,
POL000000708,CUS00002526,TRAVEL,PRV4,2025-06-24,2030-06-23,2027-06-24,515561.38,6903348.96,ANNUAL,ACTIVE,1,True,515561.38,297
POL000000709,CUS00002527,LIFE,PRV4,2024-04-13,2025-04-13,2027-04-13,221342.5,2434011.72,MONTHLY,LAPSED,1,False,0.0,
POL000000710,CUS00002532,LIFE,PRV3,2025-11-09,2026-11-09,2026-11-09,563752.85,6061753.29,MONTHLY,ACTIVE,1,True,563752.85,70
POL000000711,CUS00002538,LIFE,PRV4,2025-08-29,2035-08-27,2027-08-29,19517896.45,463645972.01,QUARTERLY,ACTIVE,1,True,19517896.45,363
POL000000712,CUS00002556,HOME,PRV4,2024-06-22,2034-06-20,2027-06-22,7274628.83,147961525.98,ANNUAL,ACTIVE,1,True,7274628.83,295
POL000000713,CUS00002560,LIFE,PRV1,2025-07-17,2030-07-16,2027-07-17,271794.97,4374259.88,QUARTERLY,ACTIVE,2,True,404610.68,320
POL000000714,CUS00002560,TRAVEL,PRV2,2023-08-28,2043-08-23,2027-08-27,132815.71,3090977.58,MONTHLY,ACTIVE,2,True,404610.68,320
POL000000715,CUS00002562,LIFE,PRV5,2024-10-25,2034-10-23,2026-10-25,938990.63,22023095.68,ANNUAL,ACTIVE,1,True,938990.63,55
POL000000716,CUS00002563,LIFE,PRV3,2025-10-27,2026-10-27,2026-10-27,893744.76,17797206.3,ANNUAL,ACTIVE,1,True,893744.76,57
POL000000717,CUS00002570,TRAVEL,PRV1,2023-12-08,2024-12-07,2026-12-07,2939231.94,24936320.91,QUARTERLY,LAPSED,1,False,0.0,
POL000000718,CUS00002571,TRAVEL,PRV4,2024-03-05,2034-03-03,2027-03-05,298396.12,6157296.33,MONTHLY,ACTIVE,2,True,658787.79,91
POL000000719,CUS00002571,LIFE,PRV2,2023-12-01,2043-11-26,2026-11-30,360391.67,6844288.41,MONTHLY,ACTIVE,2,True,658787.79,91
POL000000720,CUS00002573,TRAVEL,PRV2,2022-08-24,2027-08-23,2027-08-23,122136.76,2603374.47,MONTHLY,ACTIVE,1,True,122136.76,357
POL000000721,CUS00002575,LIFE,PRV3,2024-05-03,2029-05-02,2027-05-03,231423.12,2385597.83,ANNUAL,ACTIVE,2,True,429290.01,156
POL000000722,CUS00002575,LIFE,PRV5,2026-02-03,2027-02-03,2027-02-03,197866.89,2591813.84,MONTHLY,ACTIVE,2,True,429290.01,156
POL000000723,CUS00002589,HOME,PRV2,2022-10-08,2032-10-05,2026-10-07,1831722.2,31409999.56,MONTHLY,ACTIVE,1,True,1831722.2,37
POL000000724,CUS00002595,MOTOR,PRV3,2025-12-08,2045-12-03,2026-12-08,217604.46,4611173.89,ANNUAL,ACTIVE,1,True,217604.46,99
POL000000725,CUS00002599,TRAVEL,PRV5,2022-11-14,2027-11-13,2026-11-13,12818706.15,273799019.57,ANNUAL,ACTIVE,1,True,12818706.15,74
POL000000726,CUS00002613,LIFE,PRV1,2022-08-06,2027-08-05,2027-08-05,454466.25,4478631.99,QUARTERLY,ACTIVE,1,True,454466.25,339
POL000000727,CUS00002616,TRAVEL,PRV1,2025-07-11,2026-07-11,2027-07-11,17233490.1,273535547.46,ANNUAL,LAPSED,1,False,0.0,
POL000000728,CUS00002625,LIFE,PRV5,2024-03-03,2034-03-01,2027-03-03,24710035.38,431486140.98,MONTHLY,ACTIVE,1,True,24710035.38,184
POL000000729,CUS00002628,LIFE,PRV2,2024-01-06,2044-01-01,2027-01-05,347401.5,3751050.34,MONTHLY,ACTIVE,1,True,347401.5,127
POL000000730,CUS00002631,HOME,PRV3,2024-08-31,2044-08-26,2027-08-31,523347.17,10645532.37,ANNUAL,ACTIVE,1,True,523347.17,365
POL000000731,CUS00002634,HEALTH,PRV4,2026-01-15,2036-01-13,2027-01-15,5935871.08,108040032.35,ANNUAL,ACTIVE,2,True,8986848.45,137
POL000000732,CUS00002634,LIFE,PRV1,2026-02-09,2031-02-08,2027-02-09,3050977.37,54720234.11,ANNUAL,ACTIVE,2,True,8986848.45,137
POL000000733,CUS00002635,HEALTH,PRV4,2026-02-23,2031-02-22,2027-02-23,1420614.65,32718795.84,ANNUAL,ACTIVE,1,True,1420614.65,176
POL000000734,CUS00002641,TRAVEL,PRV2,2024-03-04,2025-03-04,2027-03-04,1856436.9,32474874.34,MONTHLY,LAPSED,1,False,0.0,
POL000000735,CUS00002648,LIFE,PRV3,2023-01-29,2033-01-26,2027-01-28,7214960.98,75808304.85,ANNUAL,ACTIVE,1,True,7214960.98,150
POL000000736,CUS00002657,HEALTH,PRV4,2024-07-30,2025-07-30,2027-07-30,1725570.33,23133951.6,ANNUAL,LAPSED,1,False,0.0,
POL000000737,CUS00002658,HOME,PRV1,2026-05-17,2031-05-16,2027-05-17,2173173.16,43721812.16,MONTHLY,ACTIVE,2,True,4726182.87,6
POL000000738,CUS00002658,HEALTH,PRV4,2025-09-06,2026-09-06,2026-09-06,2553009.71,58819866.67,MONTHLY,ACTIVE,2,True,4726182.87,6
POL000000739,CUS00002663,HOME,PRV5,2023-11-27,2024-11-26,2026-11-26,1928151.81,17857498.03,ANNUAL,LAPSED,1,False,0.0,
POL000000740,CUS00002667,LIFE,PRV1,2024-06-22,2029-06-21,2027-06-22,218334.54,2333447.84,ANNUAL,ACTIVE,1,True,218334.54,295
POL000000741,CUS00002672,TRAVEL,PRV1,2023-12-23,2043-12-18,2026-12-22,182789.02,3952503.69,MONTHLY,ACTIVE,2,True,182789.02,113
POL000000742,CUS00002672,LIFE,PRV2,2024-11-10,2025-11-10,2026-11-10,648306.99,9828379.93,ANNUAL,LAPSED,2,True,182789.02,113
POL000000743,CUS00002673,TRAVEL,PRV2,2023-11-26,2028-11-24,2026-11-25,634582.49,13282564.23,QUARTERLY,ACTIVE,1,True,634582.49,86
POL000000744,CUS00002678,LIFE,PRV2,2022-12-03,2042-11-28,2026-12-02,5602992.09,107900620.13,MONTHLY,ACTIVE,2,True,11895068.93,93
POL000000745,CUS00002678,LIFE,PRV1,2024-04-04,2034-04-02,2027-04-04,6292076.84,114176389.79,MONTHLY,ACTIVE,2,True,11895068.93,93
POL000000746,CUS00002687,HOME,PRV5,2025-09-20,2030-09-19,2026-09-20,2421789.78,21683437.22,QUARTERLY,ACTIVE,1,True,2421789.78,20
POL000000747,CUS00002690,LIFE,PRV3,2022-12-08,2027-12-07,2026-12-07,51915.81,988983.95,MONTHLY,ACTIVE,1,True,51915.81,98
POL000000748,CUS00002691,HEALTH,PRV5,2026-01-26,2031-01-25,2027-01-26,923714.14,20464854.98,MONTHLY,ACTIVE,1,True,923714.14,148
POL000000749,CUS00002693,MOTOR,PRV4,2023-04-26,2024-04-25,2027-04-25,5550159.45,110861170.43,ANNUAL,LAPSED,1,False,0.0,
POL000000750,CUS00002702,HEALTH,PRV1,2022-08-13,2032-08-10,2027-08-12,9177691.55,129399255.13,ANNUAL,ACTIVE,1,True,9177691.55,346
POL000000751,CUS00002711,LIFE,PRV5,2026-01-18,2031-01-17,2027-01-18,270430.2,4063570.91,MONTHLY,ACTIVE,1,True,270430.2,140
POL000000752,CUS00002713,HOME,PRV1,2026-03-30,2046-03-25,2027-03-30,28294552.31,619751676.38,QUARTERLY,ACTIVE,1,True,28294552.31,211
POL000000753,CUS00002720,MOTOR,PRV1,2025-05-28,2045-05-23,2027-05-28,802004.47,18062502.53,ANNUAL,ACTIVE,1,True,802004.47,270
POL000000754,CUS00002729,MOTOR,PRV5,2024-03-08,2034-03-06,2027-03-08,260016.91,2931159.94,MONTHLY,ACTIVE,1,True,260016.91,189
POL000000755,CUS00002731,LIFE,PRV3,2025-04-24,2030-04-23,2027-04-24,975063.67,8158831.82,ANNUAL,ACTIVE,1,True,975063.67,236
POL000000756,CUS00002732,LIFE,PRV2,2022-11-11,2023-11-11,2026-11-10,236930.24,2083966.09,QUARTERLY,LAPSED,1,False,0.0,
POL000000757,CUS00002735,HEALTH,PRV4,2025-09-14,2035-09-12,2026-09-14,346894.95,6148875.83,QUARTERLY,ACTIVE,2,True,648215.69,14
POL000000758,CUS00002735,HEALTH,PRV5,2023-06-27,2043-06-22,2027-06-26,301320.74,5892634.04,ANNUAL,ACTIVE,2,True,648215.69,14
POL000000759,CUS00002737,HOME,PRV2,2025-01-12,2035-01-10,2027-01-12,425681.59,7909360.96,ANNUAL,ACTIVE,1,True,425681.59,134
POL000000760,CUS00002740,LIFE,PRV1,2022-08-03,2042-07-29,2027-08-02,6363948.25,101555802.28,ANNUAL,ACTIVE,2,True,10171025.47,261
POL000000761,CUS00002740,HOME,PRV5,2023-05-20,2028-05-18,2027-05-19,3807077.22,74657858.57,MONTHLY,ACTIVE,2,True,10171025.47,261
POL000000762,CUS00002741,LIFE,PRV4,2025-06-02,2045-05-28,2027-06-02,440448.99,9404246.07,MONTHLY,ACTIVE,1,True,440448.99,275
POL000000763,CUS00002744,HEALTH,PRV4,2022-08-20,2042-08-15,2027-08-19,1455733.25,16228577.47,MONTHLY,ACTIVE,1,True,1455733.25,353
POL000000764,CUS00002747,HEALTH,PRV2,2026-06-04,2027-06-04,2027-06-04,16456177.59,144108664.34,QUARTERLY,ACTIVE,1,True,16456177.59,277
POL000000765,CUS00002748,LIFE,PRV2,2022-12-22,2027-12-21,2026-12-21,192863.58,3597125.37,QUARTERLY,ACTIVE,2,True,581055.43,45
POL000000766,CUS00002748,HEALTH,PRV5,2023-10-16,2033-10-13,2026-10-15,388191.85,5513017.54,ANNUAL,ACTIVE,2,True,581055.43,45
POL000000767,CUS00002750,HOME,PRV1,2024-11-13,2025-11-13,2026-11-13,4566235.55,66826114.74,ANNUAL,LAPSED,2,True,2665119.88,296
POL000000768,CUS00002750,LIFE,PRV3,2023-06-24,2043-06-19,2027-06-23,2665119.88,27253956.47,ANNUAL,ACTIVE,2,True,2665119.88,296
POL000000769,CUS00002768,HEALTH,PRV5,2026-01-10,2046-01-05,2027-01-10,633869.84,8764628.06,ANNUAL,ACTIVE,1,True,633869.84,132
POL000000770,CUS00002773,HEALTH,PRV5,2024-11-03,2029-11-02,2026-11-03,16087363.48,355368326.35,ANNUAL,ACTIVE,1,True,16087363.48,64
POL000000771,CUS00002783,HEALTH,PRV2,2025-11-09,2045-11-04,2026-11-09,8157829.43,99756386.69,MONTHLY,ACTIVE,1,True,8157829.43,70
POL000000772,CUS00002784,TRAVEL,PRV1,2026-06-16,2046-06-11,2027-06-16,588089.26,10827496.08,MONTHLY,ACTIVE,1,True,588089.26,289
POL000000773,CUS00002799,HEALTH,PRV3,2024-01-10,2025-01-09,2027-01-09,259364.01,2709787.02,ANNUAL,LAPSED,1,False,0.0,
POL000000774,CUS00002801,HEALTH,PRV1,2025-05-24,2026-05-24,2027-05-24,15541753.16,264970311.36,ANNUAL,LAPSED,1,False,0.0,
POL000000775,CUS00002802,LIFE,PRV2,2024-04-10,2034-04-08,2027-04-10,1074803.59,26848839.84,ANNUAL,ACTIVE,1,True,1074803.59,222
POL000000776,CUS00002808,HEALTH,PRV4,2026-04-06,2031-04-05,2027-04-06,52376305.73,900077431.23,QUARTERLY,ACTIVE,1,True,52376305.73,218
POL000000777,CUS00002813,HEALTH,PRV2,2024-11-15,2029-11-14,2026-11-15,510289.49,9684391.36,QUARTERLY,ACTIVE,2,True,510289.49,76
POL000000778,CUS00002813,TRAVEL,PRV3,2023-03-20,2024-03-19,2027-03-19,277401.43,2352403.22,MONTHLY,LAPSED,2,True,510289.49,76
POL000000779,CUS00002822,LIFE,PRV1,2025-04-06,2045-04-01,2027-04-06,3020363.04,74671455.59,ANNUAL,ACTIVE,1,True,3020363.04,218
POL000000780,CUS00002824,LIFE,PRV1,2024-03-30,2034-03-28,2027-03-30,4899962.53,80145574.52,ANNUAL,ACTIVE,1,True,4899962.53,211
POL000000781,CUS00002829,HEALTH,PRV4,2025-05-31,2035-05-29,2027-05-31,418249.41,3986191.51,QUARTERLY,ACTIVE,2,True,939362.71,249
POL000000782,CUS00002829,LIFE,PRV1,2026-05-07,2046-05-02,2027-05-07,521113.3,4191698.51,ANNUAL,ACTIVE,2,True,939362.71,249
POL000000783,CUS00002835,HOME,PRV3,2024-07-27,2034-07-25,2027-07-27,229090.34,2469204.53,ANNUAL,ACTIVE,1,True,229090.34,330
POL000000784,CUS00002841,LIFE,PRV4,2025-01-04,2035-01-02,2027-01-04,4658301.69,86829345.4,ANNUAL,ACTIVE,1,True,4658301.69,126
POL000000785,CUS00002844,HEALTH,PRV2,2025-11-15,2045-11-10,2026-11-15,57671.91,1429709.86,ANNUAL,ACTIVE,2,True,99869.99,76
POL000000786,CUS00002844,HEALTH,PRV4,2023-06-20,2028-06-18,2027-06-19,42198.08,538553.55,ANNUAL,ACTIVE,2,True,99869.99,76
POL000000787,CUS00002849,HEALTH,PRV3,2025-07-30,2026-07-30,2027-07-30,280254.57,5228866.51,QUARTERLY,LAPSED,1,False,0.0,
POL000000788,CUS00002850,HEALTH,PRV1,2024-08-26,2044-08-21,2027-08-26,2456517.37,45461971.36,ANNUAL,ACTIVE,2,True,5315383.93,171
POL000000789,CUS00002850,HEALTH,PRV4,2026-02-18,2027-02-18,2027-02-18,2858866.56,25246265.98,QUARTERLY,ACTIVE,2,True,5315383.93,171
POL000000790,CUS00002854,LIFE,PRV4,2024-07-06,2025-07-06,2027-07-06,986588.0,10173921.44,QUARTERLY,LAPSED,1,False,0.0,
POL000000791,CUS00002868,HOME,PRV3,2022-08-11,2023-08-11,2027-08-10,4188559.13,77213712.74,QUARTERLY,LAPSED,1,False,0.0,
POL000000792,CUS00002871,LIFE,PRV3,2023-03-08,2024-03-07,2027-03-07,6500787.34,89252932.68,ANNUAL,LAPSED,2,True,1446818.32,211
POL000000793,CUS00002871,HEALTH,PRV1,2026-03-30,2036-03-27,2027-03-30,1446818.32,32608543.67,ANNUAL,ACTIVE,2,True,1446818.32,211
POL000000794,CUS00002873,LIFE,PRV1,2024-10-28,2044-10-23,2026-10-28,989446.97,8716335.75,ANNUAL,ACTIVE,1,True,989446.97,58
POL000000795,CUS00002877,HEALTH,PRV4,2026-04-05,2027-04-05,2027-04-05,9650524.23,174819086.93,MONTHLY,ACTIVE,2,True,9650524.23,217
POL000000796,CUS00002877,HEALTH,PRV5,2024-09-27,2025-09-27,2026-09-27,2601866.96,55007652.95,ANNUAL,LAPSED,2,True,9650524.23,217
POL000000797,CUS00002878,HEALTH,PRV5,2024-02-27,2044-02-22,2027-02-26,903614.48,15330423.67,QUARTERLY,ACTIVE,2,True,1200080.74,72
POL000000798,CUS00002878,HEALTH,PRV1,2023-11-12,2033-11-09,2026-11-11,296466.26,3752037.65,ANNUAL,ACTIVE,2,True,1200080.74,72
POL000000799,CUS00002879,HEALTH,PRV3,2022-09-26,2027-09-25,2026-09-25,4860372.1,45430603.51,ANNUAL,ACTIVE,1,True,4860372.1,25
POL000000800,CUS00002884,HOME,PRV2,2024-07-05,2025-07-05,2027-07-05,109233.61,2410470.97,ANNUAL,LAPSED,1,False,0.0,
POL000000801,CUS00002895,HEALTH,PRV2,2024-08-25,2025-08-25,2027-08-25,959527.86,11063740.56,ANNUAL,LAPSED,2,False,0.0,
POL000000802,CUS00002895,HEALTH,PRV1,2024-12-31,2025-12-31,2026-12-31,433478.93,8781117.31,ANNUAL,LAPSED,2,False,0.0,
POL000000803,CUS00002896,HEALTH,PRV1,2026-01-16,2027-01-16,2027-01-16,1594758.26,19804633.64,ANNUAL,ACTIVE,1,True,1594758.26,138
POL000000804,CUS00002898,LIFE,PRV5,2025-05-25,2035-05-23,2027-05-25,11591511.99,250878640.13,ANNUAL,ACTIVE,1,True,11591511.99,267
POL000000805,CUS00002900,LIFE,PRV2,2025-09-02,2030-09-01,2026-09-02,2210641.84,24997888.11,QUARTERLY,ACTIVE,1,True,2210641.84,2
POL000000806,CUS00002917,LIFE,PRV3,2022-08-25,2042-08-20,2027-08-24,363165.24,3802357.34,ANNUAL,ACTIVE,1,True,363165.24,358
POL000000807,CUS00002918,MOTOR,PRV1,2024-03-18,2029-03-17,2027-03-18,1638146.05,28542598.05,ANNUAL,ACTIVE,1,True,1638146.05,199
POL000000808,CUS00002920,TRAVEL,PRV2,2024-05-23,2034-05-21,2027-05-23,1076252.86,12225164.21,ANNUAL,ACTIVE,1,True,1076252.86,265
POL000000809,CUS00002923,MOTOR,PRV2,2023-03-08,2043-03-03,2027-03-07,2705482.07,22553451.41,MONTHLY,ACTIVE,1,True,2705482.07,188
POL000000810,CUS00002924,LIFE,PRV4,2024-03-25,2029-03-24,2027-03-25,31156388.32,670546272.41,ANNUAL,ACTIVE,1,True,31156388.32,206
POL000000811,CUS00002926,TRAVEL,PRV5,2026-06-23,2031-06-22,2027-06-23,1943863.37,18184405.4,ANNUAL,ACTIVE,1,True,1943863.37,296
POL000000812,CUS00002935,LIFE,PRV4,2024-09-12,2044-09-07,2026-09-12,7613280.24,100480317.75,ANNUAL,ACTIVE,1,True,7613280.24,12
POL000000813,CUS00002937,MOTOR,PRV5,2023-03-18,2033-03-15,2027-03-17,12335772.63,170178417.25,MONTHLY,ACTIVE,1,True,12335772.63,198
POL000000814,CUS00002941,HOME,PRV5,2026-03-28,2031-03-27,2027-03-28,394522.43,7092069.15,ANNUAL,ACTIVE,1,True,394522.43,209
POL000000815,CUS00002944,MOTOR,PRV5,2023-04-11,2033-04-08,2027-04-10,2433127.05,45235045.72,QUARTERLY,ACTIVE,1,True,2433127.05,222
POL000000816,CUS00002949,HEALTH,PRV2,2024-02-04,2029-02-02,2027-02-03,2418113.02,20097177.35,MONTHLY,ACTIVE,1,True,2418113.02,156
POL000000817,CUS00002955,LIFE,PRV1,2026-07-13,2046-07-08,2027-07-13,221553.62,3765663.86,QUARTERLY,ACTIVE,2,True,341882.38,75
POL000000818,CUS00002955,LIFE,PRV5,2024-11-14,2034-11-12,2026-11-14,120328.76,2893901.71,ANNUAL,ACTIVE,2,True,341882.38,75
POL000000819,CUS00002956,HOME,PRV1,2024-05-24,2025-05-24,2027-05-24,1641869.26,21017811.91,ANNUAL,LAPSED,2,True,2448247.1,282
POL000000820,CUS00002956,MOTOR,PRV1,2023-06-10,2028-06-08,2027-06-09,2448247.1,24342618.61,ANNUAL,ACTIVE,2,True,2448247.1,282
POL000000821,CUS00002962,LIFE,PRV4,2023-11-17,2024-11-16,2026-11-16,235399.51,2229998.68,ANNUAL,LAPSED,1,False,0.0,
POL000000822,CUS00002965,MOTOR,PRV1,2024-08-30,2025-08-30,2027-08-30,351495.72,6047754.39,MONTHLY,LAPSED,2,False,0.0,
POL000000823,CUS00002965,HEALTH,PRV3,2023-10-17,2024-10-16,2026-10-16,1240069.47,13929183.83,ANNUAL,LAPSED,2,False,0.0,
POL000000824,CUS00002967,LIFE,PRV1,2024-05-05,2044-04-30,2027-05-05,8490941.91,91828180.21,MONTHLY,ACTIVE,1,True,8490941.91,247
POL000000825,CUS00002968,MOTOR,PRV2,2024-01-19,2025-01-18,2027-01-18,2386492.73,44396967.98,ANNUAL,LAPSED,2,True,2857661.7,28
POL000000826,CUS00002968,HOME,PRV3,2022-09-29,2042-09-24,2026-09-28,2857661.7,22891644.99,ANNUAL,ACTIVE,2,True,2857661.7,28
POL000000827,CUS00002969,MOTOR,PRV2,2023-07-30,2043-07-25,2027-07-29,5162272.68,98210300.42,ANNUAL,ACTIVE,1,True,5162272.68,332
POL000000828,CUS00002972,MOTOR,PRV5,2023-06-20,2024-06-19,2027-06-19,767130.06,13833381.54,ANNUAL,LAPSED,1,False,0.0,
POL000000829,CUS00002980,LIFE,PRV2,2024-02-28,2034-02-25,2027-02-27,327312.1,5849953.77,QUARTERLY,ACTIVE,1,True,327312.1,180
POL000000830,CUS00002981,LIFE,PRV3,2026-05-10,2027-05-10,2027-05-10,1520431.26,32213441.94,ANNUAL,ACTIVE,1,True,1520431.26,252
POL000000831,CUS00002984,HEALTH,PRV3,2024-07-23,2025-07-23,2027-07-23,676586.48,11689545.81,QUARTERLY,LAPSED,1,False,0.0,
POL000000832,CUS00002985,TRAVEL,PRV2,2025-10-24,2045-10-19,2026-10-24,33032525.25,294284763.58,QUARTERLY,ACTIVE,1,True,33032525.25,54
POL000000833,CUS00002987,LIFE,PRV1,2022-08-03,2027-08-02,2027-08-02,3663118.8,84951846.8,MONTHLY,ACTIVE,1,True,3663118.8,336
POL000000834,CUS00003001,MOTOR,PRV2,2025-08-06,2035-08-04,2027-08-06,592891.85,9351870.51,MONTHLY,ACTIVE,1,True,592891.85,340
POL000000835,CUS00003010,HEALTH,PRV3,2025-12-17,2026-12-17,2026-12-17,8467130.83,95419378.23,ANNUAL,ACTIVE,1,True,8467130.83,108
POL000000836,CUS00003017,HOME,PRV3,2024-12-12,2034-12-10,2026-12-12,24668555.87,404651009.76,ANNUAL,ACTIVE,2,True,47544835.58,103
POL000000837,CUS00003017,HEALTH,PRV1,2024-04-08,2029-04-07,2027-04-08,22876279.71,482046566.16,ANNUAL,ACTIVE,2,True,47544835.58,103
POL000000838,CUS00003021,LIFE,PRV1,2022-09-12,2042-09-07,2026-09-11,564951.38,7106994.26,ANNUAL,ACTIVE,1,True,564951.38,11
POL000000839,CUS00003026,HEALTH,PRV2,2025-05-11,2026-05-11,2027-05-11,13753720.94,203891262.72,ANNUAL,LAPSED,1,False,0.0,
POL000000840,CUS00003028,HEALTH,PRV1,2023-08-02,2033-07-30,2027-08-01,9426470.43,223808933.11,ANNUAL,ACTIVE,1,True,9426470.43,335
POL000000841,CUS00003029,TRAVEL,PRV1,2025-05-14,2045-05-09,2027-05-14,562620.32,10492833.21,QUARTERLY,ACTIVE,2,True,1052180.79,256
POL000000842,CUS00003029,HEALTH,PRV4,2026-06-29,2031-06-28,2027-06-29,489560.47,10417210.12,QUARTERLY,ACTIVE,2,True,1052180.79,256
POL000000843,CUS00003030,HEALTH,PRV5,2026-05-14,2046-05-09,2027-05-14,6053166.66,121422684.09,QUARTERLY,ACTIVE,1,True,6053166.66,256
POL000000844,CUS00003035,LIFE,PRV4,2024-10-24,2025-10-24,2026-10-24,13981742.89,311274870.02,QUARTERLY,LAPSED,1,False,0.0,
POL000000845,CUS00003040,MOTOR,PRV3,2023-03-09,2043-03-04,2027-03-08,15456684.79,278985965.4,ANNUAL,ACTIVE,2,True,32662252.88,189
POL000000846,CUS00003040,LIFE,PRV2,2025-04-07,2030-04-06,2027-04-07,17205568.09,229351599.0,ANNUAL,ACTIVE,2,True,32662252.88,189
POL000000847,CUS00003041,HEALTH,PRV1,2024-01-11,2029-01-09,2027-01-10,95143.49,1448867.58,ANNUAL,ACTIVE,1,True,95143.49,132
POL000000848,CUS00003042,LIFE,PRV1,2023-05-17,2033-05-14,2027-05-16,215896.38,2121512.98,MONTHLY,ACTIVE,1,True,215896.38,258
POL000000849,CUS00003047,MOTOR,PRV5,2023-03-24,2028-03-22,2027-03-23,330141.8,5161367.75,MONTHLY,ACTIVE,1,True,330141.8,204
POL000000850,CUS00003049,LIFE,PRV3,2024-10-23,2034-10-21,2026-10-23,2009940.97,42592406.08,ANNUAL,ACTIVE,1,True,2009940.97,53
POL000000851,CUS00003060,LIFE,PRV2,2022-12-25,2032-12-22,2026-12-24,438303.67,9295926.41,ANNUAL,ACTIVE,2,True,930886.2,115
POL000000852,CUS00003060,TRAVEL,PRV3,2026-03-01,2031-02-28,2027-03-01,492582.53,4335893.41,ANNUAL,ACTIVE,2,True,930886.2,115
POL000000853,CUS00003061,HOME,PRV3,2026-02-01,2027-02-01,2027-02-01,318851.73,3796256.46,ANNUAL,ACTIVE,2,True,660055.74,85
POL000000854,CUS00003061,HOME,PRV4,2023-11-25,2028-11-23,2026-11-24,341204.01,5147260.54,ANNUAL,ACTIVE,2,True,660055.74,85
POL000000855,CUS00003065,LIFE,PRV3,2023-03-21,2033-03-18,2027-03-20,8334772.57,146038935.92,ANNUAL,ACTIVE,1,True,8334772.57,201
POL000000856,CUS00003069,HOME,PRV3,2023-03-30,2033-03-27,2027-03-29,7675440.55,150338399.57,MONTHLY,ACTIVE,1,True,7675440.55,210
POL000000857,CUS00003075,HEALTH,PRV2,2022-11-16,2023-11-16,2026-11-15,1573907.06,25280285.55,ANNUAL,LAPSED,2,True,3860005.14,331
POL000000858,CUS00003075,MOTOR,PRV5,2022-07-29,2032-07-26,2027-07-28,3860005.14,69018700.6,QUARTERLY,ACTIVE,2,True,3860005.14,331
POL000000859,CUS00003077,HEALTH,PRV1,2025-02-19,2030-02-18,2027-02-19,1809378.86,24349637.95,ANNUAL,ACTIVE,1,True,1809378.86,172
POL000000860,CUS00003078,HOME,PRV4,2022-10-11,2027-10-10,2026-10-10,304204.23,2660994.83,ANNUAL,ACTIVE,2,True,544343.3,40
POL000000861,CUS00003078,HOME,PRV5,2024-06-08,2029-06-07,2027-06-08,240139.07,2565004.41,QUARTERLY,ACTIVE,2,True,544343.3,40
POL000000862,CUS00003079,HEALTH,PRV2,2026-07-20,2027-07-20,2027-07-20,2806871.06,47071151.46,ANNUAL,ACTIVE,1,True,2806871.06,323
POL000000863,CUS00003086,HOME,PRV4,2025-02-16,2035-02-14,2027-02-16,485595.54,9084632.74,ANNUAL,ACTIVE,1,True,485595.54,169
POL000000864,CUS00003089,HOME,PRV1,2024-06-23,2034-06-21,2027-06-23,745126.64,10008621.55,QUARTERLY,ACTIVE,1,True,745126.64,296
POL000000865,CUS00003092,LIFE,PRV2,2025-01-12,2030-01-11,2027-01-12,3574168.6,68160752.06,ANNUAL,ACTIVE,1,True,3574168.6,134
POL000000866,CUS00003095,HEALTH,PRV5,2026-04-07,2031-04-06,2027-04-07,1258336.74,21366658.19,QUARTERLY,ACTIVE,1,True,1258336.74,219
POL000000867,CUS00003122,HEALTH,PRV4,2023-01-19,2033-01-16,2027-01-18,451966.44,8640875.5,MONTHLY,ACTIVE,1,True,451966.44,140
POL000000868,CUS00003132,LIFE,PRV2,2026-01-06,2027-01-06,2027-01-06,406723.25,5468797.97,ANNUAL,ACTIVE,1,True,406723.25,128
POL000000869,CUS00003134,HEALTH,PRV4,2025-01-12,2045-01-07,2027-01-12,308884.39,3841867.82,ANNUAL,ACTIVE,1,True,308884.39,134
POL000000870,CUS00003139,HEALTH,PRV4,2023-05-30,2024-05-29,2027-05-29,13689199.13,156101114.84,ANNUAL,LAPSED,1,False,0.0,
POL000000871,CUS00003140,LIFE,PRV4,2025-05-11,2035-05-09,2027-05-11,2889686.1,31296737.31,ANNUAL,ACTIVE,1,True,2889686.1,253
POL000000872,CUS00003141,HOME,PRV1,2024-12-18,2034-12-16,2026-12-18,875120.16,19899428.4,QUARTERLY,ACTIVE,1,True,875120.16,109
POL000000873,CUS00003142,LIFE,PRV2,2024-02-06,2029-02-04,2027-02-05,12345952.55,142022224.28,MONTHLY,ACTIVE,2,True,22578193.51,158
POL000000874,CUS00003142,LIFE,PRV1,2025-04-24,2035-04-22,2027-04-24,10232240.96,198388495.5,ANNUAL,ACTIVE,2,True,22578193.51,158
POL000000875,CUS00003148,LIFE,PRV1,2023-08-11,2043-08-06,2027-08-10,35965823.62,555255654.95,ANNUAL,ACTIVE,1,True,35965823.62,344
POL000000876,CUS00003153,LIFE,PRV2,2025-01-04,2030-01-03,2027-01-04,915881.56,10676202.66,ANNUAL,ACTIVE,2,True,1580066.3,126
POL000000877,CUS00003153,HEALTH,PRV2,2026-06-20,2027-06-20,2027-06-20,664184.74,7007791.47,ANNUAL,ACTIVE,2,True,1580066.3,126
POL000000878,CUS00003155,LIFE,PRV3,2023-07-29,2043-07-24,2027-07-28,431380.26,8709320.53,MONTHLY,ACTIVE,1,True,431380.26,331
POL000000879,CUS00003156,MOTOR,PRV1,2023-01-12,2024-01-12,2027-01-11,179144.91,2799796.73,ANNUAL,LAPSED,1,False,0.0,
POL000000880,CUS00003163,LIFE,PRV5,2023-12-02,2028-11-30,2026-12-01,2876578.95,35769638.05,ANNUAL,ACTIVE,1,True,2876578.95,92
POL000000881,CUS00003171,HEALTH,PRV3,2025-04-02,2030-04-01,2027-04-02,709969.69,12569541.3,ANNUAL,ACTIVE,1,True,709969.69,214
POL000000882,CUS00003191,LIFE,PRV2,2023-01-08,2024-01-08,2027-01-07,6659801.48,117406981.41,MONTHLY,LAPSED,1,False,0.0,
POL000000883,CUS00003194,LIFE,PRV5,2024-11-08,2029-11-07,2026-11-08,1544845.02,30904210.1,MONTHLY,ACTIVE,1,True,1544845.02,69
POL000000884,CUS00003198,HEALTH,PRV2,2026-03-07,2027-03-07,2027-03-07,359524.96,4694099.51,MONTHLY,ACTIVE,1,True,359524.96,188
POL000000885,CUS00003199,HOME,PRV3,2023-12-02,2028-11-30,2026-12-01,2161531.8,35955608.58,ANNUAL,ACTIVE,1,True,2161531.8,92
POL000000886,CUS00003207,HEALTH,PRV1,2024-05-26,2029-05-25,2027-05-26,1448095.3,33385418.24,ANNUAL,ACTIVE,1,True,1448095.3,268
POL000000887,CUS00003211,HOME,PRV1,2024-09-24,2025-09-24,2026-09-24,10367447.91,213066412.12,MONTHLY,LAPSED,1,False,0.0,
POL000000888,CUS00003215,HEALTH,PRV4,2022-08-04,2032-08-01,2027-08-03,785682.73,7999188.57,QUARTERLY,ACTIVE,2,True,1495496.79,328
POL000000889,CUS00003215,LIFE,PRV5,2025-07-25,2045-07-20,2027-07-25,709814.06,7468319.41,ANNUAL,ACTIVE,2,True,1495496.79,328
POL000000890,CUS00003222,LIFE,PRV2,2024-08-13,2029-08-12,2027-08-13,20806276.12,204903729.62,ANNUAL,ACTIVE,1,True,20806276.12,347
POL000000891,CUS00003231,MOTOR,PRV2,2023-09-29,2033-09-26,2026-09-28,1810136.35,20734371.54,QUARTERLY,ACTIVE,1,True,1810136.35,28
POL000000892,CUS00003232,LIFE,PRV2,2025-11-13,2045-11-08,2026-11-13,2356080.95,31689283.82,ANNUAL,ACTIVE,1,True,2356080.95,74
POL000000893,CUS00003233,MOTOR,PRV5,2026-04-10,2027-04-10,2027-04-10,2044649.18,46348045.02,MONTHLY,ACTIVE,1,True,2044649.18,222
POL000000894,CUS00003235,HEALTH,PRV4,2025-09-28,2045-09-23,2026-09-28,723918.88,9918620.8,MONTHLY,ACTIVE,1,True,723918.88,28
POL000000895,CUS00003238,HEALTH,PRV2,2026-01-30,2036-01-28,2027-01-30,165881.07,4083107.49,ANNUAL,ACTIVE,1,True,165881.07,152
POL000000896,CUS00003246,TRAVEL,PRV3,2024-03-20,2044-03-15,2027-03-20,1312376.02,31947355.39,MONTHLY,ACTIVE,1,True,1312376.02,201
POL000000897,CUS00003247,LIFE,PRV2,2026-06-06,2046-06-01,2027-06-06,6010875.59,120514182.86,MONTHLY,ACTIVE,1,True,6010875.59,279
POL000000898,CUS00003251,MOTOR,PRV1,2024-12-02,2029-12-01,2026-12-02,4411614.2,78166262.98,ANNUAL,ACTIVE,1,True,4411614.2,93
POL000000899,CUS00003258,LIFE,PRV1,2025-11-14,2035-11-12,2026-11-14,8085871.96,168909247.53,QUARTERLY,ACTIVE,1,True,8085871.96,75
POL000000900,CUS00003262,HEALTH,PRV3,2023-11-06,2043-11-01,2026-11-05,147867.21,2180223.21,ANNUAL,ACTIVE,1,True,147867.21,66
POL000000901,CUS00003263,MOTOR,PRV2,2024-01-08,2029-01-06,2027-01-07,4749707.91,54378759.92,ANNUAL,ACTIVE,2,True,7923091.64,9
POL000000902,CUS00003263,HEALTH,PRV5,2025-09-09,2045-09-04,2026-09-09,3173383.73,70427649.13,ANNUAL,ACTIVE,2,True,7923091.64,9
POL000000903,CUS00003267,HEALTH,PRV2,2026-01-12,2031-01-11,2027-01-12,2526960.11,38371242.05,MONTHLY,ACTIVE,1,True,2526960.11,134
POL000000904,CUS00003274,HEALTH,PRV4,2024-01-02,2028-12-31,2027-01-01,2485183.48,45770475.62,ANNUAL,ACTIVE,1,True,2485183.48,123
POL000000905,CUS00003275,HEALTH,PRV4,2025-03-11,2026-03-11,2027-03-11,2560764.88,62734305.76,QUARTERLY,LAPSED,1,False,0.0,
POL000000906,CUS00003276,MOTOR,PRV2,2022-10-05,2027-10-04,2026-10-04,12687824.65,231096764.94,QUARTERLY,ACTIVE,1,True,12687824.65,34
POL000000907,CUS00003277,MOTOR,PRV4,2024-04-29,2029-04-28,2027-04-29,968926.4,22102826.32,ANNUAL,ACTIVE,1,True,968926.4,241
POL000000908,CUS00003282,HOME,PRV1,2025-12-10,2045-12-05,2026-12-10,1464702.78,18955067.35,QUARTERLY,ACTIVE,2,True,3718164.59,101
POL000000909,CUS00003282,LIFE,PRV4,2022-12-28,2027-12-27,2026-12-27,2253461.81,23049960.42,ANNUAL,ACTIVE,2,True,3718164.59,101
POL000000910,CUS00003283,LIFE,PRV4,2024-03-19,2044-03-14,2027-03-19,274244.05,3859082.39,ANNUAL,ACTIVE,2,True,575705.61,200
POL000000911,CUS00003283,HOME,PRV5,2025-03-30,2035-03-28,2027-03-30,301461.56,6990289.37,ANNUAL,ACTIVE,2,True,575705.61,200
POL000000912,CUS00003284,HEALTH,PRV4,2023-06-04,2043-05-30,2027-06-03,20278420.43,376241071.79,QUARTERLY,ACTIVE,1,True,20278420.43,276
POL000000913,CUS00003288,LIFE,PRV1,2024-10-07,2029-10-06,2026-10-07,320072.59,4026258.9,MONTHLY,ACTIVE,1,True,320072.59,37
POL000000914,CUS00003294,LIFE,PRV4,2022-10-23,2042-10-18,2026-10-22,276829.99,5806916.31,ANNUAL,ACTIVE,2,True,596937.45,52
POL000000915,CUS00003294,LIFE,PRV2,2026-02-12,2036-02-10,2027-02-12,320107.46,4871300.63,ANNUAL,ACTIVE,2,True,596937.45,52
POL000000916,CUS00003296,HEALTH,PRV4,2023-11-12,2028-11-10,2026-11-11,3661881.85,53930592.75,QUARTERLY,ACTIVE,2,True,7200647.63,72
POL000000917,CUS00003296,LIFE,PRV5,2026-06-17,2031-06-16,2027-06-17,3538765.78,80066242.61,ANNUAL,ACTIVE,2,True,7200647.63,72
POL000000918,CUS00003297,LIFE,PRV2,2023-04-25,2043-04-20,2027-04-24,610443.52,13147296.82,ANNUAL,ACTIVE,1,True,610443.52,236
POL000000919,CUS00003300,HEALTH,PRV3,2023-10-08,2033-10-05,2026-10-07,181580.2,2288219.89,ANNUAL,ACTIVE,1,True,181580.2,37
POL000000920,CUS00003303,LIFE,PRV2,2025-08-28,2045-08-23,2027-08-28,2728920.72,27358203.37,ANNUAL,ACTIVE,1,True,2728920.72,362
POL000000921,CUS00003307,LIFE,PRV3,2024-01-25,2025-01-24,2027-01-24,22038932.37,332986317.13,ANNUAL,LAPSED,1,False,0.0,
POL000000922,CUS00003308,MOTOR,PRV3,2026-04-01,2036-03-29,2027-04-01,344153.75,4861638.35,ANNUAL,ACTIVE,1,True,344153.75,213
POL000000923,CUS00003309,TRAVEL,PRV3,2022-10-25,2032-10-22,2026-10-24,6328311.15,109895396.19,ANNUAL,ACTIVE,1,True,6328311.15,54
POL000000924,CUS00003312,TRAVEL,PRV1,2024-03-21,2044-03-16,2027-03-21,3109578.66,72529455.74,QUARTERLY,ACTIVE,1,True,3109578.66,202
POL000000925,CUS00003321,LIFE,PRV1,2025-03-25,2035-03-23,2027-03-25,4889133.43,57412834.43,MONTHLY,ACTIVE,1,True,4889133.43,206
POL000000926,CUS00003327,MOTOR,PRV1,2025-11-15,2045-11-10,2026-11-15,390690.21,5925765.82,ANNUAL,ACTIVE,1,True,390690.21,76
POL000000927,CUS00003328,HEALTH,PRV5,2024-11-16,2025-11-16,2026-11-16,84415.93,890585.22,MONTHLY,LAPSED,1,False,0.0,
POL000000928,CUS00003329,HEALTH,PRV2,2025-03-17,2026-03-17,2027-03-17,405265.41,4788845.2,ANNUAL,LAPSED,1,False,0.0,
POL000000929,CUS00003331,LIFE,PRV4,2026-06-10,2036-06-07,2027-06-10,2327447.24,37708312.77,MONTHLY,ACTIVE,1,True,2327447.24,283
POL000000930,CUS00003336,LIFE,PRV2,2026-02-01,2027-02-01,2027-02-01,247381.41,3113524.11,QUARTERLY,ACTIVE,1,True,247381.41,154
POL000000931,CUS00003338,LIFE,PRV4,2025-05-26,2045-05-21,2027-05-26,330040.25,5828235.86,ANNUAL,ACTIVE,1,True,330040.25,268
POL000000932,CUS00003342,HOME,PRV1,2026-06-17,2046-06-12,2027-06-17,1641455.51,30598224.66,ANNUAL,ACTIVE,1,True,1641455.51,290
POL000000933,CUS00003354,MOTOR,PRV2,2026-07-09,2027-07-09,2027-07-09,346279.5,6938331.68,MONTHLY,ACTIVE,1,True,346279.5,312
POL000000934,CUS00003356,HEALTH,PRV1,2025-12-20,2030-12-19,2026-12-20,2172510.43,23438716.92,ANNUAL,ACTIVE,1,True,2172510.43,111
POL000000935,CUS00003358,LIFE,PRV4,2025-03-25,2030-03-24,2027-03-25,292123.18,4614758.52,MONTHLY,ACTIVE,2,True,951025.6,74
POL000000936,CUS00003358,LIFE,PRV3,2023-11-14,2033-11-11,2026-11-13,658902.42,11166422.71,QUARTERLY,ACTIVE,2,True,951025.6,74
POL000000937,CUS00003361,HOME,PRV4,2026-04-10,2027-04-10,2027-04-10,40462084.23,585056241.25,ANNUAL,ACTIVE,2,True,56685896.73,192
POL000000938,CUS00003361,HOME,PRV4,2023-03-12,2043-03-07,2027-03-11,16223812.5,237729257.55,MONTHLY,ACTIVE,2,True,56685896.73,192
POL000000939,CUS00003364,HEALTH,PRV3,2026-04-14,2027-04-14,2027-04-14,209082.76,2690562.09,QUARTERLY,ACTIVE,2,True,502386.14,226
POL000000940,CUS00003364,LIFE,PRV2,2025-08-28,2045-08-23,2027-08-28,293303.38,3324733.27,ANNUAL,ACTIVE,2,True,502386.14,226
POL000000941,CUS00003368,LIFE,PRV3,2023-04-06,2024-04-05,2027-04-05,3447898.25,40230804.85,MONTHLY,LAPSED,1,False,0.0,
POL000000942,CUS00003369,HEALTH,PRV1,2022-09-24,2042-09-19,2026-09-23,3042977.31,57357742.56,ANNUAL,ACTIVE,1,True,3042977.31,23
POL000000943,CUS00003372,HEALTH,PRV2,2025-12-21,2035-12-19,2026-12-21,9101033.83,211959738.58,ANNUAL,ACTIVE,1,True,9101033.83,112
POL000000944,CUS00003375,TRAVEL,PRV4,2025-09-04,2045-08-30,2026-09-04,948462.1,14555225.7,ANNUAL,ACTIVE,1,True,948462.1,4
POL000000945,CUS00003381,LIFE,PRV3,2022-08-30,2027-08-29,2027-08-29,5117456.89,72104504.55,QUARTERLY,ACTIVE,1,True,5117456.89,363
POL000000946,CUS00003383,MOTOR,PRV3,2025-02-18,2026-02-18,2027-02-18,238656.31,5110098.41,ANNUAL,LAPSED,1,False,0.0,
POL000000947,CUS00003387,LIFE,PRV2,2023-01-15,2024-01-15,2027-01-14,519589.12,5311762.57,MONTHLY,LAPSED,2,True,256752.36,39
POL000000948,CUS00003387,MOTOR,PRV5,2022-10-10,2032-10-07,2026-10-09,256752.36,4245850.73,QUARTERLY,ACTIVE,2,True,256752.36,39
POL000000949,CUS00003394,MOTOR,PRV1,2026-04-20,2027-04-20,2027-04-20,3064703.97,39181101.76,QUARTERLY,ACTIVE,2,True,6491815.45,129
POL000000950,CUS00003394,HOME,PRV2,2024-01-08,2029-01-06,2027-01-07,3427111.48,72626178.23,MONTHLY,ACTIVE,2,True,6491815.45,129
POL000000951,CUS00003396,TRAVEL,PRV3,2025-09-17,2030-09-16,2026-09-17,1455284.07,33524088.37,ANNUAL,ACTIVE,1,True,1455284.07,17
POL000000952,CUS00003401,HEALTH,PRV5,2025-06-25,2045-06-20,2027-06-25,660496.67,16375052.84,MONTHLY,ACTIVE,2,True,1004961.6,193
POL000000953,CUS00003401,LIFE,PRV3,2026-03-12,2031-03-11,2027-03-12,344464.93,6934873.06,ANNUAL,ACTIVE,2,True,1004961.6,193
POL000000954,CUS00003402,LIFE,PRV2,2022-08-25,2032-08-22,2027-08-24,122581.62,2474501.26,ANNUAL,ACTIVE,1,True,122581.62,358
POL000000955,CUS00003404,LIFE,PRV1,2022-10-30,2023-10-30,2026-10-29,3174928.88,76794617.34,ANNUAL,LAPSED,1,False,0.0,
POL000000956,CUS00003409,LIFE,PRV3,2026-05-25,2031-05-24,2027-05-25,12144674.81,196631325.08,ANNUAL,ACTIVE,2,True,30352809.0,267
POL000000957,CUS00003409,LIFE,PRV2,2023-08-12,2028-08-10,2027-08-11,18208134.19,418742138.7,ANNUAL,ACTIVE,2,True,30352809.0,267
POL000000958,CUS00003413,HEALTH,PRV4,2026-05-29,2046-05-24,2027-05-29,87325.96,2167407.3,MONTHLY,ACTIVE,1,True,87325.96,271
POL000000959,CUS00003415,HEALTH,PRV3,2025-09-29,2030-09-28,2026-09-29,2746601.2,38454531.9,ANNUAL,ACTIVE,1,True,2746601.2,29
POL000000960,CUS00003419,HEALTH,PRV4,2025-10-18,2030-10-17,2026-10-18,3859062.88,71981854.43,MONTHLY,ACTIVE,1,True,3859062.88,48
POL000000961,CUS00003421,LIFE,PRV1,2022-11-15,2027-11-14,2026-11-14,1322533.52,21634786.73,QUARTERLY,ACTIVE,2,True,4185989.73,10
POL000000962,CUS00003421,HOME,PRV1,2024-09-10,2034-09-08,2026-09-10,2863456.21,37077771.53,MONTHLY,ACTIVE,2,True,4185989.73,10
POL000000963,CUS00003422,HEALTH,PRV2,2025-08-21,2035-08-19,2027-08-21,802225.62,12488008.12,ANNUAL,ACTIVE,1,True,802225.62,355
POL000000964,CUS00003425,HEALTH,PRV3,2024-04-16,2025-04-16,2027-04-16,1119732.48,18237910.2,MONTHLY,LAPSED,2,True,328982.51,181
POL000000965,CUS00003425,LIFE,PRV3,2026-02-28,2027-02-28,2027-02-28,328982.51,6874864.1,ANNUAL,ACTIVE,2,True,328982.51,181
POL000000966,CUS00003426,TRAVEL,PRV1,2023-02-24,2024-02-24,2027-02-23,429923.82,6053240.81,ANNUAL,LAPSED,1,False,0.0,
POL000000967,CUS00003428,LIFE,PRV5,2022-11-28,2042-11-23,2026-11-27,11299449.04,109988964.15,QUARTERLY,ACTIVE,1,True,11299449.04,88
POL000000968,CUS00003429,MOTOR,PRV4,2024-10-04,2025-10-04,2026-10-04,274185.41,5937866.76,ANNUAL,LAPSED,1,False,0.0,
POL000000969,CUS00003433,HOME,PRV4,2023-07-07,2024-07-06,2027-07-06,4624961.09,109419465.25,QUARTERLY,LAPSED,1,False,0.0,
POL000000970,CUS00003434,HEALTH,PRV5,2025-02-09,2035-02-07,2027-02-09,662299.93,9496821.56,MONTHLY,ACTIVE,2,True,1394557.49,162
POL000000971,CUS00003434,HEALTH,PRV5,2022-07-29,2042-07-24,2027-07-28,732257.56,17671900.22,ANNUAL,ACTIVE,2,True,1394557.49,162
POL000000972,CUS00003439,HEALTH,PRV4,2024-01-06,2034-01-03,2027-01-05,1458227.0,25253424.57,MONTHLY,ACTIVE,1,True,1458227.0,127
POL000000973,CUS00003444,TRAVEL,PRV1,2024-12-21,2029-12-20,2026-12-21,1809292.78,29632634.5,QUARTERLY,ACTIVE,1,True,1809292.78,112
POL000000974,CUS00003452,LIFE,PRV2,2024-01-16,2029-01-14,2027-01-15,1610922.05,34504244.94,QUARTERLY,ACTIVE,1,True,1610922.05,137
POL000000975,CUS00003454,MOTOR,PRV2,2024-07-22,2034-07-20,2027-07-22,3307480.14,29085488.15,ANNUAL,ACTIVE,1,True,3307480.14,325
POL000000976,CUS00003455,MOTOR,PRV4,2023-01-24,2028-01-23,2027-01-23,856503.11,16383010.23,ANNUAL,ACTIVE,1,True,856503.11,145
POL000000977,CUS00003467,HOME,PRV5,2024-07-28,2044-07-23,2027-07-28,1470575.99,16814529.6,QUARTERLY,ACTIVE,1,True,1470575.99,331
POL000000978,CUS00003482,HEALTH,PRV2,2024-07-10,2044-07-05,2027-07-10,3176568.27,52262885.32,QUARTERLY,ACTIVE,1,True,3176568.27,313
POL000000979,CUS00003489,LIFE,PRV3,2025-04-13,2030-04-12,2027-04-13,3122183.6,68367408.5,MONTHLY,ACTIVE,1,True,3122183.6,225
POL000000980,CUS00003491,LIFE,PRV1,2022-11-17,2027-11-16,2026-11-16,234879.65,5271047.41,ANNUAL,ACTIVE,1,True,234879.65,77
POL000000981,CUS00003494,LIFE,PRV3,2022-11-17,2042-11-12,2026-11-16,2360703.27,45657660.67,ANNUAL,ACTIVE,1,True,2360703.27,77
POL000000982,CUS00003502,HOME,PRV4,2024-06-13,2034-06-11,2027-06-13,21492750.21,257504541.77,QUARTERLY,ACTIVE,1,True,21492750.21,286
POL000000983,CUS00003515,LIFE,PRV1,2026-01-01,2045-12-27,2027-01-01,3976546.93,83771659.19,ANNUAL,ACTIVE,1,True,3976546.93,123
POL000000984,CUS00003527,HEALTH,PRV4,2024-05-27,2029-05-26,2027-05-27,506304.1,12250959.73,ANNUAL,ACTIVE,2,True,864825.21,109
POL000000985,CUS00003527,LIFE,PRV4,2022-12-19,2042-12-14,2026-12-18,358521.11,4379315.8,QUARTERLY,ACTIVE,2,True,864825.21,109
POL000000986,CUS00003532,HEALTH,PRV4,2024-01-01,2028-12-30,2026-12-31,548245.52,7019318.17,QUARTERLY,ACTIVE,1,True,548245.52,122
POL000000987,CUS00003536,HOME,PRV1,2025-11-11,2035-11-09,2026-11-11,7295806.76,93003928.15,ANNUAL,ACTIVE,1,True,7295806.76,72
POL000000988,CUS00003539,HEALTH,PRV3,2023-07-29,2024-07-28,2027-07-28,1140610.28,15549930.67,ANNUAL,LAPSED,1,False,0.0,
POL000000989,CUS00003540,TRAVEL,PRV1,2022-11-23,2023-11-23,2026-11-22,586853.8,10089735.98,MONTHLY,LAPSED,2,True,698057.26,43
POL000000990,CUS00003540,LIFE,PRV3,2025-10-13,2035-10-11,2026-10-13,698057.26,12235767.78,ANNUAL,ACTIVE,2,True,698057.26,43
POL000000991,CUS00003544,LIFE,PRV4,2023-09-24,2024-09-23,2026-09-23,1396457.68,18852215.23,MONTHLY,LAPSED,1,False,0.0,
POL000000992,CUS00003545,LIFE,PRV5,2025-12-09,2045-12-04,2026-12-09,6222730.48,138800301.02,ANNUAL,ACTIVE,1,True,6222730.48,100
POL000000993,CUS00003547,HOME,PRV3,2024-08-06,2029-08-05,2027-08-06,239987.13,5069776.94,ANNUAL,ACTIVE,1,True,239987.13,340
POL000000994,CUS00003549,LIFE,PRV1,2024-03-21,2044-03-16,2027-03-21,2847653.4,62428325.6,ANNUAL,ACTIVE,1,True,2847653.4,202
POL000000995,CUS00003550,TRAVEL,PRV3,2025-09-12,2026-09-12,2026-09-12,22219187.52,360574859.98,MONTHLY,ACTIVE,1,True,22219187.52,12
POL000000996,CUS00003553,MOTOR,PRV3,2026-04-03,2046-03-29,2027-04-03,2266690.67,47990193.14,MONTHLY,ACTIVE,1,True,2266690.67,215
POL000000997,CUS00003557,HEALTH,PRV2,2025-07-06,2030-07-05,2027-07-06,5806697.97,117869864.36,ANNUAL,ACTIVE,2,True,12403155.02,31
POL000000998,CUS00003557,HEALTH,PRV2,2025-10-01,2030-09-30,2026-10-01,6596457.05,140049978.75,MONTHLY,ACTIVE,2,True,12403155.02,31
POL000000999,CUS00003564,HEALTH,PRV3,2023-05-05,2024-05-04,2027-05-04,16969405.08,384831074.85,ANNUAL,LAPSED,1,False,0.0,
POL000001000,CUS00003573,HEALTH,PRV4,2025-10-12,2035-10-10,2026-10-12,3204439.6,30371308.57,ANNUAL,ACTIVE,1,True,3204439.6,42
POL000001001,CUS00003577,HEALTH,PRV5,2023-01-29,2024-01-29,2027-01-28,1547960.61,33084866.26,ANNUAL,LAPSED,1,False,0.0,
POL000001002,CUS00003578,HEALTH,PRV5,2025-04-13,2045-04-08,2027-04-13,6470850.5,85258588.52,ANNUAL,ACTIVE,1,True,6470850.5,225
POL000001003,CUS00003597,MOTOR,PRV1,2024-06-20,2044-06-15,2027-06-20,10924582.8,150288238.16,MONTHLY,ACTIVE,2,True,21749808.21,67
POL000001004,CUS00003597,LIFE,PRV1,2025-11-06,2030-11-05,2026-11-06,10825225.41,93002182.22,MONTHLY,ACTIVE,2,True,21749808.21,67
POL000001005,CUS00003598,HEALTH,PRV3,2025-11-01,2035-10-30,2026-11-01,4661120.21,81852841.08,QUARTERLY,ACTIVE,1,True,4661120.21,62
POL000001006,CUS00003609,LIFE,PRV3,2024-03-21,2029-03-20,2027-03-21,7075911.54,142464086.18,ANNUAL,ACTIVE,1,True,7075911.54,202
POL000001007,CUS00003610,HEALTH,PRV3,2025-03-10,2030-03-09,2027-03-10,4509410.53,39039998.59,MONTHLY,ACTIVE,1,True,4509410.53,191
POL000001008,CUS00003612,HEALTH,PRV3,2023-01-17,2024-01-17,2027-01-16,16866291.12,285002164.2,ANNUAL,LAPSED,1,False,0.0,
POL000001009,CUS00003613,HEALTH,PRV5,2025-12-06,2030-12-05,2026-12-06,10298497.18,225642402.82,QUARTERLY,ACTIVE,1,True,10298497.18,97
POL000001010,CUS00003625,HEALTH,PRV3,2026-04-07,2036-04-04,2027-04-07,805303.58,14054659.82,ANNUAL,ACTIVE,1,True,805303.58,219
POL000001011,CUS00003634,LIFE,PRV4,2024-03-13,2025-03-13,2027-03-13,1661921.12,29737436.63,ANNUAL,LAPSED,1,False,0.0,
POL000001012,CUS00003637,HEALTH,PRV5,2022-07-29,2027-07-28,2027-07-28,1033785.17,10085898.17,QUARTERLY,ACTIVE,1,True,1033785.17,331
POL000001013,CUS00003638,TRAVEL,PRV3,2023-01-18,2043-01-13,2027-01-17,1719691.04,32924195.34,MONTHLY,ACTIVE,1,True,1719691.04,139
POL000001014,CUS00003641,HEALTH,PRV5,2024-07-15,2025-07-15,2027-07-15,269626.47,6144515.24,MONTHLY,LAPSED,1,False,0.0,
POL000001015,CUS00003650,LIFE,PRV4,2023-04-22,2033-04-19,2027-04-21,597565.21,6454787.97,ANNUAL,ACTIVE,2,True,1162785.66,77
POL000001016,CUS00003650,HOME,PRV1,2025-11-16,2030-11-15,2026-11-16,565220.45,13697317.73,ANNUAL,ACTIVE,2,True,1162785.66,77
POL000001017,CUS00003651,HEALTH,PRV3,2023-03-21,2043-03-16,2027-03-20,17806507.17,444673136.47,QUARTERLY,ACTIVE,1,True,17806507.17,201
POL000001018,CUS00003657,HOME,PRV4,2024-02-22,2029-02-20,2027-02-21,576514.9,5711754.52,MONTHLY,ACTIVE,1,True,576514.9,174
POL000001019,CUS00003659,HOME,PRV2,2023-11-14,2024-11-13,2026-11-13,21439374.19,214467477.99,ANNUAL,LAPSED,2,True,9072008.13,151
POL000001020,CUS00003659,TRAVEL,PRV2,2023-01-30,2043-01-25,2027-01-29,9072008.13,199114223.19,ANNUAL,ACTIVE,2,True,9072008.13,151
POL000001021,CUS00003665,HEALTH,PRV2,2025-06-27,2030-06-26,2027-06-27,630105.41,11671583.66,ANNUAL,ACTIVE,1,True,630105.41,300
POL000001022,CUS00003671,LIFE,PRV4,2026-04-01,2027-04-01,2027-04-01,3787436.13,49395704.62,ANNUAL,ACTIVE,1,True,3787436.13,213
POL000001023,CUS00003676,LIFE,PRV3,2024-06-12,2029-06-11,2027-06-12,236202.64,2286214.84,MONTHLY,ACTIVE,1,True,236202.64,285
POL000001024,CUS00003681,TRAVEL,PRV4,2025-03-06,2026-03-06,2027-03-06,10058725.57,97273872.93,ANNUAL,LAPSED,1,False,0.0,
POL000001025,CUS00003687,LIFE,PRV5,2024-05-04,2044-04-29,2027-05-04,346101.61,7493788.62,ANNUAL,ACTIVE,1,True,346101.61,246
POL000001026,CUS00003694,LIFE,PRV5,2025-03-12,2045-03-07,2027-03-12,5098097.89,93018390.66,ANNUAL,ACTIVE,2,True,13733456.32,193
POL000001027,CUS00003694,HOME,PRV1,2025-08-05,2045-07-31,2027-08-05,8635358.43,168246137.85,MONTHLY,ACTIVE,2,True,13733456.32,193
POL000001028,CUS00003696,HOME,PRV1,2026-01-03,2027-01-03,2027-01-03,7667595.18,129597183.41,ANNUAL,ACTIVE,1,True,7667595.18,125
POL000001029,CUS00003701,LIFE,PRV3,2024-10-27,2029-10-26,2026-10-27,689032.67,6443146.92,MONTHLY,ACTIVE,1,True,689032.67,57
POL000001030,CUS00003702,HEALTH,PRV1,2022-11-02,2023-11-02,2026-11-01,3500961.09,79159824.78,ANNUAL,LAPSED,1,False,0.0,
POL000001031,CUS00003714,HEALTH,PRV3,2025-05-10,2030-05-09,2027-05-10,627981.11,15564940.16,QUARTERLY,ACTIVE,1,True,627981.11,252
POL000001032,CUS00003726,HOME,PRV2,2025-04-03,2030-04-02,2027-04-03,426449.83,10621684.19,MONTHLY,ACTIVE,1,True,426449.83,215
POL000001033,CUS00003737,HEALTH,PRV4,2024-10-28,2025-10-28,2026-10-28,305330.08,6883847.96,QUARTERLY,LAPSED,1,False,0.0,
POL000001034,CUS00003739,HEALTH,PRV4,2024-11-14,2025-11-14,2026-11-14,634188.24,14987693.63,QUARTERLY,LAPSED,1,False,0.0,
POL000001035,CUS00003740,LIFE,PRV3,2025-03-05,2030-03-04,2027-03-05,1933087.55,23020796.72,ANNUAL,ACTIVE,1,True,1933087.55,186
POL000001036,CUS00003744,LIFE,PRV4,2023-05-31,2028-05-29,2027-05-30,473889.75,11195860.97,ANNUAL,ACTIVE,1,True,473889.75,272
POL000001037,CUS00003748,LIFE,PRV1,2024-06-04,2044-05-30,2027-06-04,2243582.52,49350710.67,QUARTERLY,ACTIVE,1,True,2243582.52,277
POL000001038,CUS00003749,HOME,PRV2,2023-07-18,2043-07-13,2027-07-17,7802560.37,191549874.08,ANNUAL,ACTIVE,1,True,7802560.37,320
POL000001039,CUS00003752,HOME,PRV1,2025-08-07,2045-08-02,2027-08-07,4576121.8,95241646.73,MONTHLY,ACTIVE,1,True,4576121.8,341
POL000001040,CUS00003753,HEALTH,PRV5,2025-06-09,2026-06-09,2027-06-09,728476.16,9894543.19,QUARTERLY,LAPSED,2,True,521817.4,307
POL000001041,CUS00003753,LIFE,PRV5,2024-07-04,2044-06-29,2027-07-04,521817.4,6703936.34,ANNUAL,ACTIVE,2,True,521817.4,307
POL000001042,CUS00003756,LIFE,PRV2,2026-04-05,2027-04-05,2027-04-05,362844.66,6269153.97,ANNUAL,ACTIVE,1,True,362844.66,217
POL000001043,CUS00003757,LIFE,PRV3,2024-01-11,2044-01-06,2027-01-10,939919.12,21844717.77,MONTHLY,ACTIVE,1,True,939919.12,132
POL000001044,CUS00003762,LIFE,PRV4,2025-08-16,2030-08-15,2027-08-16,233064.56,4101075.63,MONTHLY,ACTIVE,2,True,498274.24,197
POL000001045,CUS00003762,LIFE,PRV4,2025-03-16,2035-03-14,2027-03-16,265209.68,2560439.35,ANNUAL,ACTIVE,2,True,498274.24,197
POL000001046,CUS00003764,HEALTH,PRV2,2025-01-27,2045-01-22,2027-01-27,728123.9,8847806.24,ANNUAL,ACTIVE,2,True,986947.47,149
POL000001047,CUS00003764,HEALTH,PRV3,2026-02-25,2031-02-24,2027-02-25,258823.57,5705833.71,ANNUAL,ACTIVE,2,True,986947.47,149
POL000001048,CUS00003766,HOME,PRV1,2026-05-19,2027-05-19,2027-05-19,2478253.81,21427667.27,ANNUAL,ACTIVE,2,True,4671397.37,13
POL000001049,CUS00003766,HOME,PRV1,2024-09-13,2034-09-11,2026-09-13,2193143.56,30306584.5,MONTHLY,ACTIVE,2,True,4671397.37,13
POL000001050,CUS00003770,MOTOR,PRV3,2025-10-27,2026-10-27,2026-10-27,213091.3,4547811.34,MONTHLY,ACTIVE,1,True,213091.3,57
POL000001051,CUS00003775,LIFE,PRV3,2024-05-13,2044-05-08,2027-05-13,247833.54,2971823.68,MONTHLY,ACTIVE,1,True,247833.54,255
POL000001052,CUS00003777,MOTOR,PRV2,2024-07-27,2025-07-27,2027-07-27,186413.78,2129314.77,MONTHLY,LAPSED,1,False,0.0,
POL000001053,CUS00003782,HEALTH,PRV4,2026-01-14,2027-01-14,2027-01-14,83663.67,1572023.83,MONTHLY,ACTIVE,1,True,83663.67,136
POL000001054,CUS00003786,HEALTH,PRV2,2022-10-21,2027-10-20,2026-10-20,1016983.08,16750528.99,ANNUAL,ACTIVE,2,True,1341328.6,50
POL000001055,CUS00003786,HOME,PRV4,2024-04-15,2029-04-14,2027-04-15,324345.52,3479505.38,ANNUAL,ACTIVE,2,True,1341328.6,50
POL000001056,CUS00003796,LIFE,PRV3,2025-07-28,2026-07-28,2027-07-28,249265.67,4514284.54,MONTHLY,LAPSED,1,False,0.0,
POL000001057,CUS00003798,HEALTH,PRV5,2023-10-26,2024-10-25,2026-10-25,46740940.65,1152822156.33,ANNUAL,LAPSED,2,False,0.0,
POL000001058,CUS00003798,LIFE,PRV4,2024-03-07,2025-03-07,2027-03-07,16848957.19,393929838.45,QUARTERLY,LAPSED,2,False,0.0,
POL000001059,CUS00003803,LIFE,PRV5,2026-03-23,2031-03-22,2027-03-23,4832622.98,70070588.29,QUARTERLY,ACTIVE,1,True,4832622.98,204
POL000001060,CUS00003805,LIFE,PRV2,2023-08-09,2024-08-08,2027-08-08,6456723.44,82904291.83,ANNUAL,LAPSED,2,True,4628377.63,219
POL000001061,CUS00003805,HEALTH,PRV2,2026-04-07,2027-04-07,2027-04-07,4628377.63,79332874.15,QUARTERLY,ACTIVE,2,True,4628377.63,219
POL000001062,CUS00003809,LIFE,PRV4,2022-11-27,2023-11-27,2026-11-26,722062.0,16108722.81,MONTHLY,LAPSED,1,False,0.0,
POL000001063,CUS00003813,MOTOR,PRV3,2024-03-11,2044-03-06,2027-03-11,2606912.85,50448078.25,MONTHLY,ACTIVE,1,True,2606912.85,192
POL000001064,CUS00003816,LIFE,PRV3,2023-07-23,2043-07-18,2027-07-22,17636116.82,374422660.75,ANNUAL,ACTIVE,1,True,17636116.82,325
POL000001065,CUS00003820,TRAVEL,PRV4,2023-03-08,2024-03-07,2027-03-07,669468.81,15620073.27,ANNUAL,LAPSED,1,False,0.0,
POL000001066,CUS00003823,LIFE,PRV4,2024-04-16,2025-04-16,2027-04-16,1534996.37,22543087.11,ANNUAL,LAPSED,1,False,0.0,
POL000001067,CUS00003829,LIFE,PRV2,2026-05-04,2036-05-01,2027-05-04,1263133.31,24033742.98,QUARTERLY,ACTIVE,1,True,1263133.31,246
POL000001068,CUS00003838,HEALTH,PRV4,2023-10-27,2043-10-22,2026-10-26,4011402.18,55964927.83,ANNUAL,ACTIVE,1,True,4011402.18,56
POL000001069,CUS00003843,HEALTH,PRV3,2026-02-27,2031-02-26,2027-02-27,588243.18,14224048.51,QUARTERLY,ACTIVE,1,True,588243.18,180
POL000001070,CUS00003844,TRAVEL,PRV3,2026-05-03,2036-04-30,2027-05-03,308418.64,6305616.98,ANNUAL,ACTIVE,2,True,549920.05,194
POL000001071,CUS00003844,LIFE,PRV2,2026-03-13,2027-03-13,2027-03-13,241501.41,5446951.71,ANNUAL,ACTIVE,2,True,549920.05,194
POL000001072,CUS00003845,LIFE,PRV1,2022-12-09,2027-12-08,2026-12-08,8395220.1,179310114.17,MONTHLY,ACTIVE,1,True,8395220.1,99
POL000001073,CUS00003848,MOTOR,PRV2,2023-11-20,2028-11-18,2026-11-19,7875909.56,177776372.33,ANNUAL,ACTIVE,1,True,7875909.56,80
POL000001074,CUS00003851,LIFE,PRV2,2026-02-13,2046-02-08,2027-02-13,5869356.24,109912109.16,ANNUAL,ACTIVE,1,True,5869356.24,166
POL000001075,CUS00003856,HEALTH,PRV2,2026-04-25,2046-04-20,2027-04-25,492843.85,12013306.09,ANNUAL,ACTIVE,2,True,1283881.7,220
POL000001076,CUS00003856,MOTOR,PRV1,2026-04-08,2036-04-05,2027-04-08,791037.85,10103775.1,MONTHLY,ACTIVE,2,True,1283881.7,220
POL000001077,CUS00003860,HEALTH,PRV1,2024-02-10,2034-02-07,2027-02-09,123313.53,2494276.82,QUARTERLY,ACTIVE,1,True,123313.53,162
POL000001078,CUS00003870,LIFE,PRV1,2024-06-21,2034-06-19,2027-06-21,2321458.77,31628930.62,ANNUAL,ACTIVE,1,True,2321458.77,294
POL000001079,CUS00003873,HEALTH,PRV2,2025-09-08,2035-09-06,2026-09-08,4281682.75,47079503.96,ANNUAL,ACTIVE,1,True,4281682.75,8
POL000001080,CUS00003874,HEALTH,PRV2,2024-07-26,2044-07-21,2027-07-26,3864150.23,72567929.54,ANNUAL,ACTIVE,1,True,3864150.23,329
POL000001081,CUS00003876,TRAVEL,PRV1,2023-06-02,2024-06-01,2027-06-01,125082.98,2517240.07,MONTHLY,LAPSED,1,False,0.0,
POL000001082,CUS00003889,HEALTH,PRV1,2023-03-08,2033-03-05,2027-03-07,80083.92,1746153.22,ANNUAL,ACTIVE,1,True,80083.92,188
POL000001083,CUS00003891,HEALTH,PRV1,2026-05-22,2046-05-17,2027-05-22,443351.93,6417698.97,MONTHLY,ACTIVE,1,True,443351.93,264
POL000001084,CUS00003892,HOME,PRV3,2023-10-09,2028-10-07,2026-10-08,9196523.12,101137473.68,QUARTERLY,ACTIVE,1,True,9196523.12,38
POL000001085,CUS00003900,MOTOR,PRV1,2023-07-30,2028-07-28,2027-07-29,30263039.34,329858663.47,ANNUAL,ACTIVE,2,True,30263039.34,332
POL000001086,CUS00003900,LIFE,PRV4,2025-07-21,2026-07-21,2027-07-21,25796298.25,224562782.39,QUARTERLY,LAPSED,2,True,30263039.34,332
POL000001087,CUS00003911,LIFE,PRV3,2023-06-23,2028-06-21,2027-06-22,869726.28,12999672.5,ANNUAL,ACTIVE,1,True,869726.28,295
POL000001088,CUS00003921,MOTOR,PRV1,2024-03-30,2044-03-25,2027-03-30,4822389.71,119544838.3,ANNUAL,ACTIVE,1,True,4822389.71,211
POL000001089,CUS00003924,LIFE,PRV5,2025-05-28,2026-05-28,2027-05-28,1100839.95,14112826.73,ANNUAL,LAPSED,1,False,0.0,
POL000001090,CUS00003925,LIFE,PRV4,2025-12-25,2030-12-24,2026-12-25,512937.94,10665099.02,ANNUAL,ACTIVE,1,True,512937.94,116
POL000001091,CUS00003927,TRAVEL,PRV4,2023-11-09,2043-11-04,2026-11-08,2483696.24,55724579.21,ANNUAL,ACTIVE,1,True,2483696.24,69
POL000001092,CUS00003929,MOTOR,PRV1,2024-02-15,2025-02-14,2027-02-14,607989.41,6134223.45,MONTHLY,LAPSED,1,False,0.0,
POL000001093,CUS00003930,LIFE,PRV1,2024-08-15,2044-08-10,2027-08-15,122866.96,1491327.45,QUARTERLY,ACTIVE,2,True,262289.44,73
POL000001094,CUS00003930,HEALTH,PRV5,2022-11-13,2042-11-08,2026-11-12,139422.48,3179700.01,ANNUAL,ACTIVE,2,True,262289.44,73
POL000001095,CUS00003931,HOME,PRV4,2026-05-12,2046-05-07,2027-05-12,2337831.02,34027990.77,QUARTERLY,ACTIVE,1,True,2337831.02,254
POL000001096,CUS00003932,HOME,PRV2,2026-03-08,2036-03-05,2027-03-08,842050.95,14789746.04,MONTHLY,ACTIVE,1,True,842050.95,189
POL000001097,CUS00003934,HEALTH,PRV5,2026-02-02,2031-02-01,2027-02-02,623883.22,11007923.51,MONTHLY,ACTIVE,1,True,623883.22,155
POL000001098,CUS00003936,MOTOR,PRV3,2025-11-06,2026-11-06,2026-11-06,1066135.14,16812427.54,MONTHLY,ACTIVE,1,True,1066135.14,67
POL000001099,CUS00003943,LIFE,PRV4,2023-03-18,2033-03-15,2027-03-17,2494550.92,43484124.96,ANNUAL,ACTIVE,1,True,2494550.92,198
POL000001100,CUS00003949,TRAVEL,PRV1,2023-05-19,2033-05-16,2027-05-18,16096792.8,173805487.58,QUARTERLY,ACTIVE,1,True,16096792.8,260
POL000001101,CUS00003953,LIFE,PRV1,2024-05-23,2025-05-23,2027-05-23,3246075.45,67277194.57,MONTHLY,LAPSED,1,False,0.0,
POL000001102,CUS00003955,LIFE,PRV2,2024-01-08,2025-01-07,2027-01-07,512862.92,9265026.32,QUARTERLY,LAPSED,2,True,577893.95,109
POL000001103,CUS00003955,HEALTH,PRV4,2025-12-18,2030-12-17,2026-12-18,577893.95,10469920.79,QUARTERLY,ACTIVE,2,True,577893.95,109
POL000001104,CUS00003962,LIFE,PRV5,2024-10-11,2034-10-09,2026-10-11,3550392.57,69049310.17,QUARTERLY,ACTIVE,1,True,3550392.57,41
POL000001105,CUS00003964,LIFE,PRV2,2024-07-13,2044-07-08,2027-07-13,784475.83,15906971.27,MONTHLY,ACTIVE,1,True,784475.83,316
POL000001106,CUS00003970,HEALTH,PRV4,2024-07-05,2044-06-30,2027-07-05,1401742.02,33795851.41,MONTHLY,ACTIVE,1,True,1401742.02,308
POL000001107,CUS00003974,HEALTH,PRV3,2025-04-21,2030-04-20,2027-04-21,3782339.98,44537859.02,MONTHLY,ACTIVE,1,True,3782339.98,233
POL000001108,CUS00003975,LIFE,PRV3,2022-07-31,2027-07-30,2027-07-30,2498056.62,34777504.5,ANNUAL,ACTIVE,1,True,2498056.62,333
POL000001109,CUS00003988,LIFE,PRV4,2025-06-03,2026-06-03,2027-06-03,3030019.36,41427320.59,ANNUAL,LAPSED,1,False,0.0,
POL000001110,CUS00003996,LIFE,PRV1,2026-02-14,2027-02-14,2027-02-14,8069472.22,88930409.75,ANNUAL,ACTIVE,1,True,8069472.22,167
POL000001111,CUS00004000,TRAVEL,PRV2,2026-07-09,2046-07-04,2027-07-09,492589.85,5174370.5,QUARTERLY,ACTIVE,1,True,492589.85,312
POL000001112,CUS00004008,LIFE,PRV1,2024-06-17,2025-06-17,2027-06-17,1480740.54,30701358.52,ANNUAL,LAPSED,2,True,1513919.13,325
POL000001113,CUS00004008,LIFE,PRV1,2026-07-22,2027-07-22,2027-07-22,1513919.13,28960166.96,ANNUAL,ACTIVE,2,True,1513919.13,325
POL000001114,CUS00004010,HOME,PRV4,2025-11-24,2045-11-19,2026-11-24,565957.2,7497134.49,QUARTERLY,ACTIVE,2,True,1185319.77,46
POL000001115,CUS00004010,TRAVEL,PRV5,2025-10-16,2035-10-14,2026-10-16,619362.57,9777518.03,QUARTERLY,ACTIVE,2,True,1185319.77,46
POL000001116,CUS00004012,MOTOR,PRV4,2025-07-15,2045-07-10,2027-07-15,545455.95,7509131.1,ANNUAL,ACTIVE,2,True,1226760.36,82
POL000001117,CUS00004012,HEALTH,PRV5,2023-11-22,2033-11-19,2026-11-21,681304.41,16283094.99,MONTHLY,ACTIVE,2,True,1226760.36,82
POL000001118,CUS00004018,HEALTH,PRV4,2022-08-04,2042-07-30,2027-08-03,265944.57,2870464.47,MONTHLY,ACTIVE,1,True,265944.57,337
POL000001119,CUS00004019,MOTOR,PRV5,2024-01-03,2033-12-31,2027-01-02,6261571.25,117399752.33,MONTHLY,ACTIVE,2,True,12353897.77,124
POL000001120,CUS00004019,HOME,PRV4,2023-02-18,2028-02-17,2027-02-17,6092326.52,123576614.66,ANNUAL,ACTIVE,2,True,12353897.77,124
POL000001121,CUS00004023,HEALTH,PRV1,2026-06-17,2031-06-16,2027-06-17,10654925.76,103400097.96,ANNUAL,ACTIVE,1,True,10654925.76,290
POL000001122,CUS00004033,HOME,PRV1,2024-04-02,2044-03-28,2027-04-02,870957.22,17455923.06,MONTHLY,ACTIVE,1,True,870957.22,214
POL000001123,CUS00004042,LIFE,PRV1,2025-11-26,2035-11-24,2026-11-26,4026902.06,43373359.6,QUARTERLY,ACTIVE,1,True,4026902.06,87
POL000001124,CUS00004046,HEALTH,PRV4,2023-09-16,2043-09-11,2026-09-15,7055173.49,118314001.87,MONTHLY,ACTIVE,1,True,7055173.49,15
POL000001125,CUS00004049,MOTOR,PRV5,2025-05-26,2026-05-26,2027-05-26,3176055.19,60626681.47,ANNUAL,LAPSED,1,False,0.0,
POL000001126,CUS00004052,MOTOR,PRV2,2022-10-26,2032-10-23,2026-10-25,412615.04,7122998.94,QUARTERLY,ACTIVE,1,True,412615.04,55
POL000001127,CUS00004058,TRAVEL,PRV3,2024-02-14,2044-02-09,2027-02-13,1134544.09,10287435.58,ANNUAL,ACTIVE,1,True,1134544.09,166
POL000001128,CUS00004059,MOTOR,PRV5,2024-08-10,2025-08-10,2027-08-10,2081353.57,34671331.51,ANNUAL,LAPSED,1,False,0.0,
POL000001129,CUS00004062,TRAVEL,PRV5,2025-08-10,2045-08-05,2027-08-10,1728659.72,36130168.45,QUARTERLY,ACTIVE,1,True,1728659.72,344
POL000001130,CUS00004071,MOTOR,PRV5,2025-12-31,2030-12-30,2026-12-31,487914.92,11902705.65,ANNUAL,ACTIVE,1,True,487914.92,122
POL000001131,CUS00004081,TRAVEL,PRV5,2022-09-28,2027-09-27,2026-09-27,929867.81,13394736.9,QUARTERLY,ACTIVE,1,True,929867.81,27
POL000001132,CUS00004091,LIFE,PRV1,2023-07-16,2024-07-15,2027-07-15,853376.62,6964762.14,MONTHLY,LAPSED,1,False,0.0,
POL000001133,CUS00004093,MOTOR,PRV2,2026-05-23,2046-05-18,2027-05-23,119018.22,2333943.65,MONTHLY,ACTIVE,1,True,119018.22,265
POL000001134,CUS00004105,HEALTH,PRV2,2024-07-11,2025-07-11,2027-07-11,883239.35,20904524.43,ANNUAL,LAPSED,2,True,991809.79,156
POL000001135,CUS00004105,MOTOR,PRV4,2026-02-03,2027-02-03,2027-02-03,991809.79,22812793.49,QUARTERLY,ACTIVE,2,True,991809.79,156
POL000001136,CUS00004106,HEALTH,PRV4,2023-10-07,2024-10-06,2026-10-06,567804.53,7760155.11,MONTHLY,LAPSED,2,False,0.0,
POL000001137,CUS00004106,LIFE,PRV4,2022-08-13,2023-08-13,2027-08-12,680070.61,6124815.24,QUARTERLY,LAPSED,2,False,0.0,
POL000001138,CUS00004109,MOTOR,PRV5,2024-02-16,2029-02-14,2027-02-15,1348433.15,24160990.37,QUARTERLY,ACTIVE,2,True,1831551.32,168
POL000001139,CUS00004109,LIFE,PRV4,2026-06-20,2046-06-15,2027-06-20,483118.17,4379481.59,ANNUAL,ACTIVE,2,True,1831551.32,168
POL000001140,CUS00004110,TRAVEL,PRV4,2023-09-08,2043-09-03,2026-09-07,2498416.89,41710738.32,ANNUAL,ACTIVE,1,True,2498416.89,7
POL000001141,CUS00004117,HEALTH,PRV4,2024-08-03,2029-08-02,2027-08-03,43290776.22,349419037.1,MONTHLY,ACTIVE,1,True,43290776.22,337
POL000001142,CUS00004118,LIFE,PRV2,2023-08-18,2028-08-16,2027-08-17,3307377.94,52400268.4,ANNUAL,ACTIVE,1,True,3307377.94,351
POL000001143,CUS00004119,LIFE,PRV2,2025-03-08,2035-03-06,2027-03-08,606952.26,13356270.82,ANNUAL,ACTIVE,1,True,606952.26,189
POL000001144,CUS00004121,LIFE,PRV3,2023-09-26,2024-09-25,2026-09-25,5074839.45,101513541.05,QUARTERLY,LAPSED,2,True,1440098.43,314
POL000001145,CUS00004121,LIFE,PRV1,2024-07-11,2044-07-06,2027-07-11,1440098.43,27785326.16,ANNUAL,ACTIVE,2,True,1440098.43,314
POL000001146,CUS00004125,LIFE,PRV1,2023-05-18,2028-05-16,2027-05-17,210529.27,4246782.25,QUARTERLY,ACTIVE,1,True,210529.27,259
POL000001147,CUS00004132,LIFE,PRV5,2023-03-19,2043-03-14,2027-03-18,1399589.69,30784252.24,ANNUAL,ACTIVE,2,True,2575959.7,160
POL000001148,CUS00004132,HEALTH,PRV2,2025-02-07,2035-02-05,2027-02-07,1176370.01,29299497.9,MONTHLY,ACTIVE,2,True,2575959.7,160
POL000001149,CUS00004133,HEALTH,PRV4,2024-06-27,2029-06-26,2027-06-27,5719440.28,92873140.91,ANNUAL,ACTIVE,1,True,5719440.28,300
POL000001150,CUS00004135,HOME,PRV3,2023-06-29,2043-06-24,2027-06-28,188681.96,2595275.49,MONTHLY,ACTIVE,1,True,188681.96,301
POL000001151,CUS00004138,MOTOR,PRV1,2023-11-26,2028-11-24,2026-11-25,4449154.57,106170049.85,ANNUAL,ACTIVE,2,True,4449154.57,86
POL000001152,CUS00004138,TRAVEL,PRV2,2025-02-07,2026-02-07,2027-02-07,5229570.08,97702675.06,ANNUAL,LAPSED,2,True,4449154.57,86
POL000001153,CUS00004140,LIFE,PRV1,2026-06-30,2027-06-30,2027-06-30,679845.24,10230478.0,MONTHLY,ACTIVE,1,True,679845.24,303
POL000001154,CUS00004141,HOME,PRV3,2025-09-22,2045-09-17,2026-09-22,343733.29,5814513.18,ANNUAL,ACTIVE,1,True,343733.29,22
POL000001155,CUS00004142,LIFE,PRV4,2026-01-01,2035-12-30,2027-01-01,1393361.52,28372669.23,MONTHLY,ACTIVE,1,True,1393361.52,123
POL000001156,CUS00004146,HEALTH,PRV4,2023-06-20,2033-06-17,2027-06-19,598474.09,12597936.67,ANNUAL,ACTIVE,1,True,598474.09,292
POL000001157,CUS00004156,LIFE,PRV1,2025-12-02,2026-12-02,2026-12-02,2233178.28,42288389.82,QUARTERLY,ACTIVE,1,True,2233178.28,93
POL000001158,CUS00004157,LIFE,PRV5,2023-03-08,2033-03-05,2027-03-07,18129901.53,236653059.37,QUARTERLY,ACTIVE,1,True,18129901.53,188
POL000001159,CUS00004158,MOTOR,PRV3,2025-12-06,2045-12-01,2026-12-06,3576391.14,37340205.87,ANNUAL,ACTIVE,1,True,3576391.14,97
POL000001160,CUS00004166,HEALTH,PRV2,2026-03-23,2046-03-18,2027-03-23,985757.99,8634145.22,QUARTERLY,ACTIVE,1,True,985757.99,204
POL000001161,CUS00004167,MOTOR,PRV2,2022-12-06,2027-12-05,2026-12-05,2008933.07,42181107.83,QUARTERLY,ACTIVE,1,True,2008933.07,96
POL000001162,CUS00004184,MOTOR,PRV1,2023-05-03,2028-05-01,2027-05-02,2223814.66,32606742.7,ANNUAL,ACTIVE,1,True,2223814.66,244
POL000001163,CUS00004192,LIFE,PRV3,2024-06-01,2034-05-30,2027-06-01,364970.53,3407890.14,MONTHLY,ACTIVE,2,True,724684.25,41
POL000001164,CUS00004192,LIFE,PRV5,2022-10-12,2042-10-07,2026-10-11,359713.72,5011298.6,ANNUAL,ACTIVE,2,True,724684.25,41
POL000001165,CUS00004194,HEALTH,PRV1,2023-10-19,2033-10-16,2026-10-18,1244476.78,20390597.69,ANNUAL,ACTIVE,2,True,1692683.88,48
POL000001166,CUS00004194,HEALTH,PRV3,2023-03-08,2033-03-05,2027-03-07,448207.1,8769014.07,ANNUAL,ACTIVE,2,True,1692683.88,48
POL000001167,CUS00004195,HOME,PRV4,2024-01-21,2044-01-16,2027-01-20,265756.31,3401431.11,QUARTERLY,ACTIVE,2,True,446318.06,121
POL000001168,CUS00004195,TRAVEL,PRV1,2023-12-31,2028-12-29,2026-12-30,180561.75,2435632.87,QUARTERLY,ACTIVE,2,True,446318.06,121
POL000001169,CUS00004199,HEALTH,PRV1,2026-03-02,2027-03-02,2027-03-02,2656935.66,61776291.93,ANNUAL,ACTIVE,1,True,2656935.66,183
POL000001170,CUS00004204,LIFE,PRV1,2024-06-19,2034-06-17,2027-06-19,758806.3,11873056.02,ANNUAL,ACTIVE,1,True,758806.3,292
POL000001171,CUS00004218,LIFE,PRV5,2022-07-29,2032-07-26,2027-07-28,312056.6,6946955.87,ANNUAL,ACTIVE,1,True,312056.6,331
POL000001172,CUS00004222,HOME,PRV3,2025-06-02,2035-05-31,2027-06-02,1576829.0,28186939.97,ANNUAL,ACTIVE,1,True,1576829.0,275
POL000001173,CUS00004227,MOTOR,PRV1,2023-10-30,2043-10-25,2026-10-29,608221.54,13231207.69,QUARTERLY,ACTIVE,1,True,608221.54,59
POL000001174,CUS00004239,HEALTH,PRV5,2025-07-07,2030-07-06,2027-07-07,7417809.69,184008817.5,ANNUAL,ACTIVE,1,True,7417809.69,310
POL000001175,CUS00004252,LIFE,PRV4,2023-06-16,2033-06-13,2027-06-15,8328187.02,119889952.93,QUARTERLY,ACTIVE,1,True,8328187.02,288
POL000001176,CUS00004259,MOTOR,PRV4,2023-02-14,2033-02-11,2027-02-13,128223.13,1994518.97,ANNUAL,ACTIVE,1,True,128223.13,166
POL000001177,CUS00004260,HEALTH,PRV5,2026-07-10,2031-07-09,2027-07-10,38032084.95,726614459.71,ANNUAL,ACTIVE,1,True,38032084.95,313
POL000001178,CUS00004265,HOME,PRV3,2024-02-18,2029-02-16,2027-02-17,3127981.04,54994002.86,QUARTERLY,ACTIVE,2,True,5460280.92,133
POL000001179,CUS00004265,LIFE,PRV1,2025-01-11,2030-01-10,2027-01-11,2332299.88,48459459.5,MONTHLY,ACTIVE,2,True,5460280.92,133
POL000001180,CUS00004279,MOTOR,PRV5,2023-04-12,2043-04-07,2027-04-11,6264232.96,115621102.99,MONTHLY,ACTIVE,1,True,6264232.96,223
POL000001181,CUS00004280,LIFE,PRV5,2025-03-17,2026-03-17,2027-03-17,10379066.1,137384358.36,QUARTERLY,LAPSED,1,False,0.0,
POL000001182,CUS00004284,LIFE,PRV5,2023-08-02,2033-07-30,2027-08-01,1830831.65,21818552.58,ANNUAL,ACTIVE,2,True,1830831.65,335
POL000001183,CUS00004284,HOME,PRV4,2024-11-13,2025-11-13,2026-11-13,1055177.43,18018436.68,MONTHLY,LAPSED,2,True,1830831.65,335
POL000001184,CUS00004295,LIFE,PRV4,2022-10-30,2032-10-27,2026-10-29,17213609.99,298736528.46,QUARTERLY,ACTIVE,1,True,17213609.99,59
POL000001185,CUS00004297,MOTOR,PRV5,2026-03-19,2027-03-19,2027-03-19,1692515.42,28931453.77,QUARTERLY,ACTIVE,1,True,1692515.42,200
POL000001186,CUS00004299,HEALTH,PRV5,2025-03-17,2030-03-16,2027-03-17,264257.07,4876362.59,ANNUAL,ACTIVE,1,True,264257.07,198
POL000001187,CUS00004313,TRAVEL,PRV1,2023-03-18,2043-03-13,2027-03-17,1427960.0,16186153.33,ANNUAL,ACTIVE,1,True,1427960.0,198
POL000001188,CUS00004315,TRAVEL,PRV2,2023-05-25,2033-05-22,2027-05-24,942639.82,11578357.74,ANNUAL,ACTIVE,1,True,942639.82,266
POL000001189,CUS00004319,TRAVEL,PRV2,2026-03-05,2027-03-05,2027-03-05,1997108.37,34802246.17,QUARTERLY,ACTIVE,1,True,1997108.37,186
POL000001190,CUS00004331,LIFE,PRV4,2026-03-09,2046-03-04,2027-03-09,220140.44,2501761.38,ANNUAL,ACTIVE,1,True,220140.44,190
POL000001191,CUS00004333,LIFE,PRV1,2025-07-13,2045-07-08,2027-07-13,2801435.5,42975311.97,ANNUAL,ACTIVE,2,True,5583861.42,269
POL000001192,CUS00004333,MOTOR,PRV1,2025-05-27,2045-05-22,2027-05-27,2782425.92,49526533.18,ANNUAL,ACTIVE,2,True,5583861.42,269
POL000001193,CUS00004339,LIFE,PRV1,2023-05-17,2033-05-14,2027-05-16,323440.19,4269642.48,QUARTERLY,ACTIVE,2,True,992633.51,47
POL000001194,CUS00004339,LIFE,PRV1,2024-10-17,2034-10-15,2026-10-17,669193.32,12845994.55,ANNUAL,ACTIVE,2,True,992633.51,47
POL000001195,CUS00004341,HOME,PRV5,2023-01-16,2028-01-15,2027-01-15,13360738.4,215459459.56,QUARTERLY,ACTIVE,1,True,13360738.4,137
POL000001196,CUS00004345,HEALTH,PRV2,2023-11-27,2028-11-25,2026-11-26,1693459.48,28685114.79,QUARTERLY,ACTIVE,1,True,1693459.48,87
POL000001197,CUS00004352,LIFE,PRV4,2023-04-28,2033-04-25,2027-04-27,430717.39,6262700.53,ANNUAL,ACTIVE,2,True,430717.39,239
POL000001198,CUS00004352,TRAVEL,PRV2,2023-02-02,2024-02-02,2027-02-01,394901.96,7716933.88,QUARTERLY,LAPSED,2,True,430717.39,239
POL000001199,CUS00004354,HEALTH,PRV2,2022-09-02,2042-08-28,2026-09-01,911150.78,9868445.02,MONTHLY,ACTIVE,1,True,911150.78,1
POL000001200,CUS00004360,HEALTH,PRV3,2023-09-28,2028-09-26,2026-09-27,1677253.02,19034678.07,MONTHLY,ACTIVE,1,True,1677253.02,27
POL000001201,CUS00004365,LIFE,PRV4,2025-12-07,2030-12-06,2026-12-07,3258905.85,39943564.23,ANNUAL,ACTIVE,1,True,3258905.85,98
POL000001202,CUS00004368,HOME,PRV4,2022-09-04,2023-09-04,2026-09-03,108398.19,1083321.94,MONTHLY,LAPSED,1,False,0.0,
POL000001203,CUS00004369,HEALTH,PRV5,2024-02-19,2034-02-16,2027-02-18,2447594.88,44655346.65,ANNUAL,ACTIVE,1,True,2447594.88,171
POL000001204,CUS00004370,HEALTH,PRV4,2025-01-31,2045-01-26,2027-01-31,4140715.28,70157506.87,QUARTERLY,ACTIVE,1,True,4140715.28,153
POL000001205,CUS00004376,LIFE,PRV1,2023-09-25,2043-09-20,2026-09-24,2661407.92,41849890.56,ANNUAL,ACTIVE,1,True,2661407.92,24
POL000001206,CUS00004381,LIFE,PRV1,2025-01-31,2035-01-29,2027-01-31,1026729.44,19089256.78,QUARTERLY,ACTIVE,2,True,3284411.83,153
POL000001207,CUS00004381,MOTOR,PRV3,2023-07-08,2028-07-06,2027-07-07,2257682.39,32470553.09,QUARTERLY,ACTIVE,2,True,3284411.83,153
POL000001208,CUS00004388,LIFE,PRV3,2026-02-07,2036-02-05,2027-02-07,3057827.51,29582657.84,QUARTERLY,ACTIVE,1,True,3057827.51,160
POL000001209,CUS00004389,HEALTH,PRV1,2022-09-21,2042-09-16,2026-09-20,15301735.93,254499849.39,QUARTERLY,ACTIVE,1,True,15301735.93,20
POL000001210,CUS00004390,HOME,PRV1,2024-03-17,2029-03-16,2027-03-17,2158784.83,43189742.59,QUARTERLY,ACTIVE,1,True,2158784.83,198
POL000001211,CUS00004392,HEALTH,PRV1,2025-12-01,2045-11-26,2026-12-01,7710332.74,171547882.94,MONTHLY,ACTIVE,1,True,7710332.74,92
POL000001212,CUS00004393,LIFE,PRV1,2025-04-22,2030-04-21,2027-04-22,873486.28,14198520.99,ANNUAL,ACTIVE,1,True,873486.28,234
POL000001213,CUS00004394,MOTOR,PRV1,2024-06-05,2044-05-31,2027-06-05,21184663.57,230951517.01,MONTHLY,ACTIVE,2,True,42189567.37,178
POL000001214,CUS00004394,LIFE,PRV2,2024-02-26,2034-02-23,2027-02-25,21004903.8,212001390.1,MONTHLY,ACTIVE,2,True,42189567.37,178
POL000001215,CUS00004399,LIFE,PRV5,2025-09-22,2030-09-21,2026-09-22,15197225.45,361178599.09,QUARTERLY,ACTIVE,1,True,15197225.45,22
POL000001216,CUS00004403,HEALTH,PRV1,2025-01-03,2026-01-03,2027-01-03,4906761.5,110008646.94,ANNUAL,LAPSED,1,False,0.0,
POL000001217,CUS00004405,HEALTH,PRV1,2026-03-12,2031-03-11,2027-03-12,4883649.55,97523056.86,MONTHLY,ACTIVE,2,True,9370778.68,193
POL000001218,CUS00004405,TRAVEL,PRV2,2026-06-03,2036-05-31,2027-06-03,4487129.13,59588872.89,MONTHLY,ACTIVE,2,True,9370778.68,193
POL000001219,CUS00004413,LIFE,PRV5,2025-12-08,2026-12-08,2026-12-08,1380472.96,34099361.4,QUARTERLY,ACTIVE,1,True,1380472.96,99
POL000001220,CUS00004418,LIFE,PRV1,2022-08-20,2027-08-19,2027-08-19,756503.17,10692285.7,ANNUAL,ACTIVE,1,True,756503.17,353
POL000001221,CUS00004423,HEALTH,PRV1,2025-10-30,2030-10-29,2026-10-30,901015.21,9800790.97,MONTHLY,ACTIVE,1,True,901015.21,60
POL000001222,CUS00004428,HEALTH,PRV4,2023-12-26,2024-12-25,2026-12-25,198278.01,1805925.13,MONTHLY,LAPSED,2,False,0.0,
POL000001223,CUS00004428,MOTOR,PRV4,2023-11-03,2024-11-02,2026-11-02,128113.19,1659935.83,QUARTERLY,LAPSED,2,False,0.0,
POL000001224,CUS00004432,MOTOR,PRV3,2023-12-29,2033-12-26,2026-12-28,8978085.99,77706173.3,ANNUAL,ACTIVE,1,True,8978085.99,119
POL000001225,CUS00004438,LIFE,PRV4,2023-12-30,2028-12-28,2026-12-29,247185.09,2403934.1,ANNUAL,ACTIVE,1,True,247185.09,120
POL000001226,CUS00004439,TRAVEL,PRV5,2025-11-20,2045-11-15,2026-11-20,757560.15,7265380.19,MONTHLY,ACTIVE,1,True,757560.15,81
POL000001227,CUS00004442,LIFE,PRV4,2022-12-19,2042-12-14,2026-12-18,1953345.89,43206414.85,ANNUAL,ACTIVE,2,True,5523022.08,109
POL000001228,CUS00004442,LIFE,PRV5,2025-07-13,2035-07-11,2027-07-13,3569676.19,86254485.62,MONTHLY,ACTIVE,2,True,5523022.08,109
POL000001229,CUS00004444,LIFE,PRV4,2025-12-12,2045-12-07,2026-12-12,686128.7,6299817.09,QUARTERLY,ACTIVE,1,True,686128.7,103
POL000001230,CUS00004452,LIFE,PRV2,2024-01-07,2044-01-02,2027-01-06,142297.66,2504698.63,ANNUAL,ACTIVE,1,True,142297.66,128
POL000001231,CUS00004453,LIFE,PRV4,2024-11-19,2029-11-18,2026-11-19,3599318.01,76048590.28,ANNUAL,ACTIVE,1,True,3599318.01,80
POL000001232,CUS00004454,LIFE,PRV4,2023-05-07,2043-05-02,2027-05-06,18075894.89,327208783.55,ANNUAL,ACTIVE,1,True,18075894.89,248
POL000001233,CUS00004455,TRAVEL,PRV5,2022-08-07,2042-08-02,2027-08-06,4990747.05,78760187.78,ANNUAL,ACTIVE,2,True,6620108.57,48
POL000001234,CUS00004455,HEALTH,PRV2,2025-10-18,2026-10-18,2026-10-18,1629361.52,21796103.2,QUARTERLY,ACTIVE,2,True,6620108.57,48
POL000001235,CUS00004458,MOTOR,PRV1,2026-03-13,2046-03-08,2027-03-13,3300851.94,37092460.7,QUARTERLY,ACTIVE,1,True,3300851.94,194
POL000001236,CUS00004463,LIFE,PRV1,2023-09-15,2043-09-10,2026-09-14,2824616.31,57935024.91,MONTHLY,ACTIVE,1,True,2824616.31,14
POL000001237,CUS00004464,LIFE,PRV3,2025-08-06,2035-08-04,2027-08-06,518120.8,10916639.06,ANNUAL,ACTIVE,1,True,518120.8,340
POL000001238,CUS00004465,MOTOR,PRV5,2025-10-31,2026-10-31,2026-10-31,2716246.4,39126453.46,MONTHLY,ACTIVE,2,True,7118300.93,61
POL000001239,CUS00004465,LIFE,PRV5,2022-12-31,2027-12-30,2026-12-30,4402054.53,99756880.13,QUARTERLY,ACTIVE,2,True,7118300.93,61
POL000001240,CUS00004468,LIFE,PRV4,2024-04-10,2034-04-08,2027-04-10,382380.78,4886020.46,QUARTERLY,ACTIVE,1,True,382380.78,222
POL000001241,CUS00004471,LIFE,PRV2,2026-07-16,2031-07-15,2027-07-16,2353361.12,43775496.65,MONTHLY,ACTIVE,1,True,2353361.12,319
POL000001242,CUS00004473,MOTOR,PRV1,2022-09-07,2032-09-04,2026-09-06,8400130.9,197800797.63,MONTHLY,ACTIVE,1,True,8400130.9,6
POL000001243,CUS00004477,HEALTH,PRV4,2024-08-18,2029-08-17,2027-08-18,361517.71,3521266.56,MONTHLY,ACTIVE,2,True,361517.71,352
POL000001244,CUS00004477,HEALTH,PRV1,2023-07-23,2024-07-22,2027-07-22,465827.66,7718526.12,QUARTERLY,LAPSED,2,True,361517.71,352
POL000001245,CUS00004480,MOTOR,PRV4,2024-03-23,2029-03-22,2027-03-23,1659146.33,29064062.28,QUARTERLY,ACTIVE,1,True,1659146.33,204
POL000001246,CUS00004482,LIFE,PRV4,2025-03-29,2035-03-27,2027-03-29,25032198.28,393609603.68,QUARTERLY,ACTIVE,1,True,25032198.28,210
POL000001247,CUS00004484,HOME,PRV2,2023-06-14,2043-06-09,2027-06-13,395296.17,4185268.48,ANNUAL,ACTIVE,2,True,861752.85,60
POL000001248,CUS00004484,HEALTH,PRV2,2022-10-31,2032-10-28,2026-10-30,466456.68,9670442.38,MONTHLY,ACTIVE,2,True,861752.85,60
POL000001249,CUS00004485,TRAVEL,PRV3,2023-05-11,2028-05-09,2027-05-10,392137.63,3291283.61,ANNUAL,ACTIVE,1,True,392137.63,252
POL000001250,CUS00004495,MOTOR,PRV1,2026-05-05,2031-05-04,2027-05-05,3222941.39,56810671.92,ANNUAL,ACTIVE,1,True,3222941.39,247
POL000001251,CUS00004499,HEALTH,PRV1,2024-01-06,2034-01-03,2027-01-05,185161.94,1978055.83,ANNUAL,ACTIVE,1,True,185161.94,127
POL000001252,CUS00004502,HEALTH,PRV2,2024-01-06,2044-01-01,2027-01-05,1596691.21,38948995.03,ANNUAL,ACTIVE,1,True,1596691.21,127
POL000001253,CUS00004505,LIFE,PRV1,2024-07-25,2044-07-20,2027-07-25,3268642.44,73796183.26,QUARTERLY,ACTIVE,1,True,3268642.44,328
POL000001254,CUS00004506,HEALTH,PRV2,2023-09-26,2043-09-21,2026-09-25,11868409.09,295543352.27,ANNUAL,ACTIVE,1,True,11868409.09,25
POL000001255,CUS00004509,LIFE,PRV2,2025-05-24,2030-05-23,2027-05-24,2044604.03,29933210.55,ANNUAL,ACTIVE,1,True,2044604.03,266
POL000001256,CUS00004518,LIFE,PRV5,2023-04-16,2033-04-13,2027-04-15,1089283.51,21601073.93,QUARTERLY,ACTIVE,1,True,1089283.51,227
POL000001257,CUS00004523,HEALTH,PRV4,2024-02-22,2029-02-20,2027-02-21,3668922.25,36764459.54,MONTHLY,ACTIVE,1,True,3668922.25,174
POL000001258,CUS00004530,HEALTH,PRV5,2024-06-12,2034-06-10,2027-06-12,887702.74,21197786.36,ANNUAL,ACTIVE,1,True,887702.74,285
POL000001259,CUS00004537,MOTOR,PRV2,2025-01-16,2026-01-16,2027-01-16,1907597.47,17308863.2,MONTHLY,LAPSED,1,False,0.0,
POL000001260,CUS00004538,TRAVEL,PRV5,2025-03-16,2026-03-16,2027-03-16,1522132.37,24374132.53,MONTHLY,LAPSED,1,False,0.0,
POL000001261,CUS00004541,LIFE,PRV5,2023-02-26,2033-02-23,2027-02-25,3043377.71,66461014.27,MONTHLY,ACTIVE,1,True,3043377.71,178
POL000001262,CUS00004549,HEALTH,PRV1,2022-08-19,2027-08-18,2027-08-18,1567966.23,14688917.45,QUARTERLY,ACTIVE,1,True,1567966.23,352
POL000001263,CUS00004555,LIFE,PRV3,2024-09-10,2034-09-08,2026-09-10,2413238.2,20131160.57,ANNUAL,ACTIVE,2,True,3416368.48,10
POL000001264,CUS00004555,HEALTH,PRV4,2023-10-15,2033-10-12,2026-10-14,1003130.28,20594931.06,QUARTERLY,ACTIVE,2,True,3416368.48,10
POL000001265,CUS00004562,MOTOR,PRV3,2026-04-16,2046-04-11,2027-04-16,1824780.61,14750975.81,ANNUAL,ACTIVE,2,True,5572149.69,181
POL000001266,CUS00004562,LIFE,PRV5,2026-02-28,2046-02-23,2027-02-28,3747369.08,46654348.29,ANNUAL,ACTIVE,2,True,5572149.69,181
POL000001267,CUS00004571,MOTOR,PRV2,2024-07-02,2044-06-27,2027-07-02,1155854.32,16516143.77,ANNUAL,ACTIVE,1,True,1155854.32,305
POL000001268,CUS00004582,MOTOR,PRV4,2025-10-23,2030-10-22,2026-10-23,8296434.13,169089240.51,QUARTERLY,ACTIVE,1,True,8296434.13,53
POL000001269,CUS00004588,LIFE,PRV5,2023-09-12,2033-09-09,2026-09-11,24649147.29,481821572.16,QUARTERLY,ACTIVE,2,True,55453976.41,11
POL000001270,CUS00004588,HEALTH,PRV2,2022-12-08,2042-12-03,2026-12-07,30804829.12,691192508.25,ANNUAL,ACTIVE,2,True,55453976.41,11
POL000001271,CUS00004590,HEALTH,PRV4,2023-09-09,2024-09-08,2026-09-08,2783112.53,33247371.2,ANNUAL,LAPSED,1,False,0.0,
POL000001272,CUS00004593,LIFE,PRV4,2025-08-24,2045-08-19,2027-08-24,282278.91,5630783.26,ANNUAL,ACTIVE,1,True,282278.91,358
POL000001273,CUS00004594,HOME,PRV4,2024-08-27,2025-08-27,2027-08-27,515540.12,8302149.79,ANNUAL,LAPSED,1,False,0.0,
POL000001274,CUS00004599,HEALTH,PRV2,2025-03-24,2030-03-23,2027-03-24,2303568.49,32728662.48,MONTHLY,ACTIVE,1,True,2303568.49,205
POL000001275,CUS00004601,MOTOR,PRV4,2026-04-18,2027-04-18,2027-04-18,811953.97,13111126.76,MONTHLY,ACTIVE,1,True,811953.97,230
POL000001276,CUS00004606,LIFE,PRV1,2023-11-12,2024-11-11,2026-11-11,34237920.11,361353758.63,ANNUAL,LAPSED,1,False,0.0,
POL000001277,CUS00004611,HEALTH,PRV3,2023-11-15,2024-11-14,2026-11-14,1341682.7,25116645.38,MONTHLY,LAPSED,1,False,0.0,
POL000001278,CUS00004617,HEALTH,PRV2,2022-11-22,2023-11-22,2026-11-21,394298.61,4889922.32,ANNUAL,LAPSED,1,False,0.0,
POL000001279,CUS00004622,LIFE,PRV2,2023-09-06,2024-09-05,2026-09-05,3867710.13,93174572.71,ANNUAL,LAPSED,1,False,0.0,
POL000001280,CUS00004634,LIFE,PRV4,2024-03-11,2029-03-10,2027-03-11,405366.44,3476470.12,QUARTERLY,ACTIVE,1,True,405366.44,192
POL000001281,CUS00004636,HEALTH,PRV1,2024-01-20,2029-01-18,2027-01-19,1982724.64,38322026.48,MONTHLY,ACTIVE,1,True,1982724.64,141
POL000001282,CUS00004646,LIFE,PRV4,2023-04-29,2024-04-28,2027-04-28,625206.15,12235935.94,ANNUAL,LAPSED,1,False,0.0,
POL000001283,CUS00004647,MOTOR,PRV1,2024-11-04,2025-11-04,2026-11-04,1948102.5,35536185.38,MONTHLY,LAPSED,2,True,2648228.6,84
POL000001284,CUS00004647,HEALTH,PRV2,2023-11-24,2043-11-19,2026-11-23,2648228.6,44781261.43,ANNUAL,ACTIVE,2,True,2648228.6,84
POL000001285,CUS00004648,TRAVEL,PRV1,2023-04-11,2033-04-08,2027-04-10,2740604.55,54676705.36,MONTHLY,ACTIVE,1,True,2740604.55,222
POL000001286,CUS00004656,TRAVEL,PRV3,2025-11-27,2030-11-26,2026-11-27,2302735.29,34098479.27,ANNUAL,ACTIVE,1,True,2302735.29,88
POL000001287,CUS00004665,LIFE,PRV4,2025-10-07,2035-10-05,2026-10-07,159882.55,3223626.12,MONTHLY,ACTIVE,1,True,159882.55,37
POL000001288,CUS00004666,HEALTH,PRV2,2023-03-26,2024-03-25,2027-03-25,7369280.58,122884381.14,ANNUAL,LAPSED,1,False,0.0,
POL000001289,CUS00004670,HEALTH,PRV3,2024-09-02,2044-08-28,2026-09-02,33763595.74,665528781.48,ANNUAL,ACTIVE,1,True,33763595.74,2
POL000001290,CUS00004672,MOTOR,PRV3,2024-09-16,2029-09-15,2026-09-16,220279.67,3696909.79,QUARTERLY,ACTIVE,1,True,220279.67,16
POL000001291,CUS00004681,LIFE,PRV2,2023-02-28,2028-02-27,2027-02-27,736373.27,13261336.34,MONTHLY,ACTIVE,1,True,736373.27,180
POL000001292,CUS00004684,MOTOR,PRV4,2024-04-18,2029-04-17,2027-04-18,253852.99,3306500.36,ANNUAL,ACTIVE,1,True,253852.99,230
POL000001293,CUS00004699,HEALTH,PRV4,2023-02-25,2043-02-20,2027-02-24,11520536.6,105845051.71,ANNUAL,ACTIVE,1,True,11520536.6,177
POL000001294,CUS00004704,MOTOR,PRV3,2026-01-24,2031-01-23,2027-01-24,3935276.76,75130135.89,MONTHLY,ACTIVE,1,True,3935276.76,146
POL000001295,CUS00004707,HEALTH,PRV3,2024-01-15,2034-01-12,2027-01-14,5341401.0,43496572.98,MONTHLY,ACTIVE,2,True,8847368.54,136
POL000001296,CUS00004707,HEALTH,PRV2,2026-02-01,2031-01-31,2027-02-01,3505967.54,85039464.89,MONTHLY,ACTIVE,2,True,8847368.54,136
POL000001297,CUS00004708,HOME,PRV2,2026-07-18,2036-07-15,2027-07-18,408899.12,7547850.03,MONTHLY,ACTIVE,1,True,408899.12,321
POL000001298,CUS00004716,MOTOR,PRV3,2026-04-24,2027-04-24,2027-04-24,407436.62,8304465.99,ANNUAL,ACTIVE,1,True,407436.62,236
POL000001299,CUS00004731,TRAVEL,PRV4,2024-08-07,2025-08-07,2027-08-07,6555680.14,56311637.34,MONTHLY,LAPSED,1,False,0.0,
POL000001300,CUS00004736,TRAVEL,PRV1,2025-08-05,2035-08-03,2027-08-05,5536798.14,48415007.87,ANNUAL,ACTIVE,1,True,5536798.14,339
POL000001301,CUS00004739,LIFE,PRV1,2023-09-17,2033-09-14,2026-09-16,858544.57,19412098.72,MONTHLY,ACTIVE,1,True,858544.57,16
POL000001302,CUS00004752,HOME,PRV5,2025-12-21,2035-12-19,2026-12-21,64598.35,639273.46,ANNUAL,ACTIVE,1,True,64598.35,112
POL000001303,CUS00004754,LIFE,PRV3,2025-01-31,2035-01-29,2027-01-31,11289407.56,94285868.11,ANNUAL,ACTIVE,1,True,11289407.56,153
POL000001304,CUS00004756,TRAVEL,PRV3,2025-01-29,2026-01-29,2027-01-29,611033.79,6214772.4,MONTHLY,LAPSED,1,False,0.0,
POL000001305,CUS00004760,LIFE,PRV2,2026-03-31,2031-03-30,2027-03-31,589703.84,12952742.71,QUARTERLY,ACTIVE,1,True,589703.84,212
POL000001306,CUS00004761,LIFE,PRV1,2023-09-28,2033-09-25,2026-09-27,330361.99,3131894.15,QUARTERLY,ACTIVE,1,True,330361.99,27
POL000001307,CUS00004769,LIFE,PRV2,2024-02-07,2029-02-05,2027-02-06,485878.59,7939088.1,ANNUAL,ACTIVE,1,True,485878.59,159
POL000001308,CUS00004783,MOTOR,PRV4,2023-05-08,2043-05-03,2027-05-07,1854993.29,33078198.63,ANNUAL,ACTIVE,1,True,1854993.29,249
POL000001309,CUS00004784,LIFE,PRV2,2025-03-14,2035-03-12,2027-03-14,827340.01,15957365.86,ANNUAL,ACTIVE,2,True,827340.01,195
POL000001310,CUS00004784,HEALTH,PRV2,2024-03-28,2025-03-28,2027-03-28,1049714.04,25967529.91,ANNUAL,LAPSED,2,True,827340.01,195
POL000001311,CUS00004787,TRAVEL,PRV3,2025-05-17,2030-05-16,2027-05-17,2181967.06,49186762.27,ANNUAL,ACTIVE,2,True,3003966.45,121
POL000001312,CUS00004787,HOME,PRV3,2024-12-30,2029-12-29,2026-12-30,821999.39,8261232.84,ANNUAL,ACTIVE,2,True,3003966.45,121
POL000001313,CUS00004792,LIFE,PRV3,2022-07-28,2032-07-25,2027-07-27,21261927.7,424732852.12,MONTHLY,ACTIVE,1,True,21261927.7,330
POL000001314,CUS00004802,HOME,PRV5,2024-09-04,2044-08-30,2026-09-04,475281.27,10649274.8,ANNUAL,ACTIVE,1,True,475281.27,4
POL000001315,CUS00004803,MOTOR,PRV3,2023-03-23,2028-03-21,2027-03-22,5311597.75,58315137.18,QUARTERLY,ACTIVE,1,True,5311597.75,203
POL000001316,CUS00004809,LIFE,PRV1,2024-10-29,2025-10-29,2026-10-29,7649368.53,73220083.06,MONTHLY,LAPSED,2,True,5570428.28,36
POL000001317,CUS00004809,HEALTH,PRV4,2022-10-07,2042-10-02,2026-10-06,5570428.28,88857228.24,ANNUAL,ACTIVE,2,True,5570428.28,36
POL000001318,CUS00004813,HEALTH,PRV5,2025-05-19,2030-05-18,2027-05-19,9477696.18,116506195.87,ANNUAL,ACTIVE,1,True,9477696.18,261
POL000001319,CUS00004819,LIFE,PRV1,2024-09-12,2044-09-07,2026-09-12,4053475.75,85272845.01,ANNUAL,ACTIVE,1,True,4053475.75,12
POL000001320,CUS00004825,MOTOR,PRV1,2024-01-17,2044-01-12,2027-01-16,12494903.76,269080532.27,QUARTERLY,ACTIVE,1,True,12494903.76,138
POL000001321,CUS00004826,HEALTH,PRV4,2023-12-26,2028-12-24,2026-12-25,12989075.13,233675115.82,QUARTERLY,ACTIVE,1,True,12989075.13,116
POL000001322,CUS00004833,HOME,PRV3,2024-09-30,2034-09-28,2026-09-30,6776725.8,148680646.31,ANNUAL,ACTIVE,1,True,6776725.8,30
POL000001323,CUS00004834,LIFE,PRV1,2026-03-13,2031-03-12,2027-03-13,3238421.3,30391244.71,ANNUAL,ACTIVE,1,True,3238421.3,194
POL000001324,CUS00004838,HOME,PRV4,2024-08-26,2029-08-25,2027-08-26,787714.7,14538582.31,ANNUAL,ACTIVE,1,True,787714.7,360
POL000001325,CUS00004839,HEALTH,PRV2,2024-12-31,2034-12-29,2026-12-31,819866.29,7422347.97,ANNUAL,ACTIVE,1,True,819866.29,122
POL000001326,CUS00004842,LIFE,PRV4,2022-11-07,2032-11-04,2026-11-06,1583135.36,15569058.47,ANNUAL,ACTIVE,1,True,1583135.36,67
POL000001327,CUS00004855,LIFE,PRV3,2024-04-12,2034-04-10,2027-04-12,7427168.9,142732586.09,QUARTERLY,ACTIVE,1,True,7427168.9,224
POL000001328,CUS00004857,HOME,PRV2,2025-12-31,2035-12-29,2026-12-31,8770832.58,185785214.58,ANNUAL,ACTIVE,2,True,17226723.58,122
POL000001329,CUS00004857,LIFE,PRV4,2023-05-02,2028-04-30,2027-05-01,8455891.0,171365807.59,ANNUAL,ACTIVE,2,True,17226723.58,122
POL000001330,CUS00004858,HEALTH,PRV1,2025-12-10,2035-12-08,2026-12-10,48908.88,917243.67,MONTHLY,ACTIVE,1,True,48908.88,101
POL000001331,CUS00004859,MOTOR,PRV4,2022-12-25,2027-12-24,2026-12-24,1142282.2,23145910.3,ANNUAL,ACTIVE,1,True,1142282.2,115
POL000001332,CUS00004864,TRAVEL,PRV3,2024-02-20,2025-02-19,2027-02-19,624821.33,6077490.67,ANNUAL,LAPSED,1,False,0.0,
POL000001333,CUS00004867,LIFE,PRV2,2023-12-25,2033-12-22,2026-12-24,4755281.53,105081834.97,MONTHLY,ACTIVE,1,True,4755281.53,115
POL000001334,CUS00004868,LIFE,PRV2,2023-07-27,2028-07-25,2027-07-26,2233788.22,23578271.69,MONTHLY,ACTIVE,1,True,2233788.22,329
POL000001335,CUS00004871,LIFE,PRV4,2024-06-18,2025-06-18,2027-06-18,741120.89,16067377.7,MONTHLY,LAPSED,1,False,0.0,
POL000001336,CUS00004872,HOME,PRV1,2025-10-20,2035-10-18,2026-10-20,1948559.02,23594236.98,ANNUAL,ACTIVE,1,True,1948559.02,50
POL000001337,CUS00004874,HEALTH,PRV5,2023-01-10,2043-01-05,2027-01-09,1269591.31,16301376.23,ANNUAL,ACTIVE,1,True,1269591.31,131
POL000001338,CUS00004878,LIFE,PRV5,2023-08-08,2024-08-07,2027-08-07,922382.47,14306243.5,MONTHLY,LAPSED,1,False,0.0,
POL000001339,CUS00004884,LIFE,PRV2,2024-07-27,2029-07-26,2027-07-27,17568845.11,229885522.33,QUARTERLY,ACTIVE,2,True,29392592.65,283
POL000001340,CUS00004884,LIFE,PRV3,2024-06-10,2029-06-09,2027-06-10,11823747.54,272554226.64,MONTHLY,ACTIVE,2,True,29392592.65,283
POL000001341,CUS00004888,MOTOR,PRV2,2025-12-31,2035-12-29,2026-12-31,14288281.96,224886599.45,ANNUAL,ACTIVE,1,True,14288281.96,122
POL000001342,CUS00004889,MOTOR,PRV1,2024-06-02,2044-05-28,2027-06-02,233716.86,2575813.36,MONTHLY,ACTIVE,1,True,233716.86,275
POL000001343,CUS00004900,MOTOR,PRV3,2024-11-02,2029-11-01,2026-11-02,1227339.33,16137322.89,MONTHLY,ACTIVE,1,True,1227339.33,63
POL000001344,CUS00004903,TRAVEL,PRV4,2023-10-30,2028-10-28,2026-10-29,212448.9,4007116.87,ANNUAL,ACTIVE,2,True,212448.9,59
POL000001345,CUS00004903,TRAVEL,PRV1,2022-08-07,2023-08-07,2027-08-06,408936.3,7076638.54,ANNUAL,LAPSED,2,True,212448.9,59
POL000001346,CUS00004907,LIFE,PRV2,2024-08-09,2025-08-09,2027-08-09,2273987.87,28843298.92,ANNUAL,LAPSED,1,False,0.0,
POL000001347,CUS00004916,LIFE,PRV1,2025-03-10,2045-03-05,2027-03-10,1584182.96,37474493.51,MONTHLY,ACTIVE,1,True,1584182.96,191
POL000001348,CUS00004917,LIFE,PRV2,2025-07-27,2030-07-26,2027-07-27,1154324.34,22324211.71,ANNUAL,ACTIVE,1,True,1154324.34,330
POL000001349,CUS00004918,HEALTH,PRV3,2025-12-09,2045-12-04,2026-12-09,2064647.84,38921081.24,ANNUAL,ACTIVE,1,True,2064647.84,100
POL000001350,CUS00004923,TRAVEL,PRV3,2023-01-30,2028-01-29,2027-01-29,1726817.93,22230545.33,ANNUAL,ACTIVE,1,True,1726817.93,151
POL000001351,CUS00004929,HEALTH,PRV1,2024-02-21,2044-02-16,2027-02-20,8478551.66,171444374.48,QUARTERLY,ACTIVE,1,True,8478551.66,173
POL000001352,CUS00004932,MOTOR,PRV5,2023-06-25,2043-06-20,2027-06-24,3292458.65,52815185.48,QUARTERLY,ACTIVE,1,True,3292458.65,297
POL000001353,CUS00004933,MOTOR,PRV1,2026-03-29,2046-03-24,2027-03-29,4057393.53,67188862.11,QUARTERLY,ACTIVE,1,True,4057393.53,210
POL000001354,CUS00004938,MOTOR,PRV4,2026-02-12,2027-02-12,2027-02-12,3753303.01,55244351.63,ANNUAL,ACTIVE,1,True,3753303.01,165
POL000001355,CUS00004940,LIFE,PRV5,2026-06-04,2031-06-03,2027-06-04,3963326.2,45944963.29,ANNUAL,ACTIVE,2,True,3963326.2,277
POL000001356,CUS00004940,MOTOR,PRV1,2025-08-13,2026-08-13,2027-08-13,1607442.47,35529377.13,ANNUAL,LAPSED,2,True,3963326.2,277
POL000001357,CUS00004949,HOME,PRV4,2025-08-04,2026-08-04,2027-08-04,422955.29,8507179.47,ANNUAL,LAPSED,1,False,0.0,
POL000001358,CUS00004954,LIFE,PRV1,2023-07-08,2033-07-05,2027-07-07,611618.94,5411722.13,MONTHLY,ACTIVE,1,True,611618.94,310
POL000001359,CUS00004958,LIFE,PRV2,2023-04-28,2028-04-26,2027-04-27,16770475.68,413662561.13,ANNUAL,ACTIVE,1,True,16770475.68,239
POL000001360,CUS00004970,HEALTH,PRV2,2022-11-11,2032-11-08,2026-11-10,234096.2,2247115.56,ANNUAL,ACTIVE,1,True,234096.2,71
POL000001361,CUS00004971,MOTOR,PRV4,2024-12-02,2044-11-27,2026-12-02,728838.49,17397261.36,ANNUAL,ACTIVE,1,True,728838.49,93
POL000001362,CUS00004972,LIFE,PRV4,2026-02-17,2031-02-16,2027-02-17,391588.92,4276899.35,ANNUAL,ACTIVE,1,True,391588.92,170
POL000001363,CUS00004974,MOTOR,PRV4,2026-06-27,2031-06-26,2027-06-27,8841475.75,172894904.31,QUARTERLY,ACTIVE,1,True,8841475.75,300
POL000001364,CUS00004977,HOME,PRV5,2023-02-22,2028-02-21,2027-02-21,94308.41,1076498.56,ANNUAL,ACTIVE,2,True,94308.41,174
POL000001365,CUS00004977,LIFE,PRV4,2024-12-02,2025-12-02,2026-12-02,259237.95,2141607.11,MONTHLY,LAPSED,2,True,94308.41,174
POL000001366,CUS00004986,LIFE,PRV3,2024-11-03,2025-11-03,2026-11-03,2518791.1,37120083.83,ANNUAL,LAPSED,1,False,0.0,
POL000001367,CUS00004996,HEALTH,PRV2,2025-09-12,2026-09-12,2026-09-12,1755012.8,20803335.01,ANNUAL,ACTIVE,1,True,1755012.8,12
POL000001368,CUS00005002,LIFE,PRV2,2025-01-29,2030-01-28,2027-01-29,1460279.95,16584492.42,MONTHLY,ACTIVE,1,True,1460279.95,151
POL000001369,CUS00005012,LIFE,PRV1,2024-01-03,2025-01-02,2027-01-02,590878.27,12052428.75,QUARTERLY,LAPSED,1,False,0.0,
POL000001370,CUS00005013,HEALTH,PRV4,2023-02-09,2028-02-08,2027-02-08,3025454.47,40359074.13,MONTHLY,ACTIVE,1,True,3025454.47,161
POL000001371,CUS00005014,HEALTH,PRV1,2025-11-05,2035-11-03,2026-11-05,1360871.68,11907263.39,QUARTERLY,ACTIVE,1,True,1360871.68,66
POL000001372,CUS00005016,TRAVEL,PRV4,2023-11-29,2033-11-26,2026-11-28,12709539.47,228288520.28,ANNUAL,ACTIVE,1,True,12709539.47,89
POL000001373,CUS00005029,HOME,PRV4,2024-03-17,2044-03-12,2027-03-17,3741652.33,73542126.58,ANNUAL,ACTIVE,1,True,3741652.33,198
POL000001374,CUS00005033,LIFE,PRV1,2023-11-18,2033-11-15,2026-11-17,14268277.18,323955679.87,ANNUAL,ACTIVE,1,True,14268277.18,78
POL000001375,CUS00005037,LIFE,PRV1,2023-01-05,2033-01-02,2027-01-04,2565936.1,35205321.98,QUARTERLY,ACTIVE,1,True,2565936.1,126
POL000001376,CUS00005040,MOTOR,PRV5,2022-10-08,2042-10-03,2026-10-07,2894949.0,48672361.1,QUARTERLY,ACTIVE,1,True,2894949.0,37
POL000001377,CUS00005041,LIFE,PRV3,2026-05-17,2031-05-16,2027-05-17,977999.0,8664309.93,QUARTERLY,ACTIVE,1,True,977999.0,259
POL000001378,CUS00005043,HEALTH,PRV3,2022-11-11,2032-11-08,2026-11-10,2824597.59,37902118.84,MONTHLY,ACTIVE,1,True,2824597.59,71
POL000001379,CUS00005046,HEALTH,PRV1,2025-01-31,2035-01-29,2027-01-31,267183.11,3902244.86,ANNUAL,ACTIVE,2,True,498670.78,153
POL000001380,CUS00005046,MOTOR,PRV5,2026-06-26,2046-06-21,2027-06-26,231487.67,5030020.12,QUARTERLY,ACTIVE,2,True,498670.78,153
POL000001381,CUS00005048,LIFE,PRV5,2023-06-17,2024-06-16,2027-06-16,6787606.53,137640636.43,ANNUAL,LAPSED,2,True,8894935.09,332
POL000001382,CUS00005048,LIFE,PRV5,2023-07-30,2028-07-28,2027-07-29,8894935.09,159980456.38,QUARTERLY,ACTIVE,2,True,8894935.09,332
POL000001383,CUS00005052,HEALTH,PRV2,2023-12-13,2043-12-08,2026-12-12,2710783.28,29937671.93,MONTHLY,ACTIVE,1,True,2710783.28,103
POL000001384,CUS00005056,LIFE,PRV1,2025-09-22,2035-09-20,2026-09-22,222417.35,4339610.51,ANNUAL,ACTIVE,1,True,222417.35,22
POL000001385,CUS00005058,HEALTH,PRV1,2023-09-07,2024-09-06,2026-09-06,367547.85,6504807.9,ANNUAL,LAPSED,2,True,466110.27,288
POL000001386,CUS00005058,HEALTH,PRV5,2025-06-15,2035-06-13,2027-06-15,466110.27,3856944.16,MONTHLY,ACTIVE,2,True,466110.27,288
POL000001387,CUS00005073,HEALTH,PRV5,2023-09-25,2024-09-24,2026-09-24,571986.99,4982316.78,ANNUAL,LAPSED,1,False,0.0,
POL000001388,CUS00005074,MOTOR,PRV1,2024-09-03,2025-09-03,2026-09-03,428887.47,10323040.68,QUARTERLY,LAPSED,2,True,376586.84,295
POL000001389,CUS00005074,MOTOR,PRV3,2024-06-22,2034-06-20,2027-06-22,376586.84,4958219.54,MONTHLY,ACTIVE,2,True,376586.84,295
POL000001390,CUS00005078,HEALTH,PRV3,2024-01-18,2025-01-17,2027-01-17,1062872.9,20130284.35,MONTHLY,LAPSED,1,False,0.0,
POL000001391,CUS00005080,HEALTH,PRV1,2026-07-28,2036-07-25,2027-07-28,327836.97,2685803.24,QUARTERLY,ACTIVE,1,True,327836.97,331
POL000001392,CUS00005081,HEALTH,PRV4,2022-09-07,2032-09-04,2026-09-06,4454313.47,42808233.76,ANNUAL,ACTIVE,1,True,4454313.47,6
POL000001393,CUS00005084,HEALTH,PRV2,2024-02-02,2029-01-31,2027-02-01,1987314.58,22403180.89,ANNUAL,ACTIVE,1,True,1987314.58,154
POL000001394,CUS00005097,LIFE,PRV4,2024-04-16,2034-04-14,2027-04-16,12139261.93,213607821.06,MONTHLY,ACTIVE,1,True,12139261.93,228
POL000001395,CUS00005098,TRAVEL,PRV2,2024-08-25,2029-08-24,2027-08-25,2651614.45,50744069.7,ANNUAL,ACTIVE,1,True,2651614.45,359
POL000001396,CUS00005101,LIFE,PRV4,2025-11-10,2045-11-05,2026-11-10,974544.38,16532253.17,ANNUAL,ACTIVE,1,True,974544.38,71
POL000001397,CUS00005102,MOTOR,PRV2,2024-02-26,2029-02-24,2027-02-25,204195.21,1841892.97,ANNUAL,ACTIVE,1,True,204195.21,178
POL000001398,CUS00005106,HEALTH,PRV1,2025-10-21,2026-10-21,2026-10-21,312328.79,3578077.97,ANNUAL,ACTIVE,1,True,312328.79,51
POL000001399,CUS00005110,LIFE,PRV3,2023-01-30,2028-01-29,2027-01-29,801587.28,12850303.83,ANNUAL,ACTIVE,2,True,1022959.0,151
POL000001400,CUS00005110,HEALTH,PRV5,2025-07-13,2045-07-08,2027-07-13,221371.72,3499995.28,QUARTERLY,ACTIVE,2,True,1022959.0,151
POL000001401,CUS00005111,LIFE,PRV2,2025-04-08,2045-04-03,2027-04-08,774477.63,6855732.87,ANNUAL,ACTIVE,2,True,774477.63,220
POL000001402,CUS00005111,LIFE,PRV3,2022-12-26,2023-12-26,2026-12-25,613351.27,9243073.6,ANNUAL,LAPSED,2,True,774477.63,220
POL000001403,CUS00005118,TRAVEL,PRV1,2025-07-06,2045-07-01,2027-07-06,444116.77,6000333.79,ANNUAL,ACTIVE,1,True,444116.77,309
POL000001404,CUS00005119,HOME,PRV4,2023-02-10,2043-02-05,2027-02-09,19196633.88,193465249.34,MONTHLY,ACTIVE,2,True,19196633.88,162
POL000001405,CUS00005119,LIFE,PRV1,2022-08-26,2023-08-26,2027-08-25,22934996.94,386154603.86,ANNUAL,LAPSED,2,True,19196633.88,162
POL000001406,CUS00005122,HEALTH,PRV5,2026-03-08,2031-03-07,2027-03-08,3042451.92,56800981.92,QUARTERLY,ACTIVE,1,True,3042451.92,189
POL000001407,CUS00005124,MOTOR,PRV2,2025-10-24,2026-10-24,2026-10-24,1773250.87,25100066.29,ANNUAL,ACTIVE,1,True,1773250.87,54
POL000001408,CUS00005128,HEALTH,PRV3,2026-06-19,2036-06-16,2027-06-19,67428.63,569884.02,MONTHLY,ACTIVE,2,True,309988.55,224
POL000001409,CUS00005128,MOTOR,PRV3,2025-04-12,2045-04-07,2027-04-12,242559.92,3819598.29,ANNUAL,ACTIVE,2,True,309988.55,224
POL000001410,CUS00005131,LIFE,PRV4,2023-09-05,2033-09-02,2026-09-04,15628802.83,212968173.59,MONTHLY,ACTIVE,1,True,15628802.83,4
POL000001411,CUS00005139,LIFE,PRV5,2026-01-08,2036-01-06,2027-01-08,7758641.76,121249388.04,ANNUAL,ACTIVE,1,True,7758641.76,130
POL000001412,CUS00005141,HEALTH,PRV2,2025-06-04,2030-06-03,2027-06-04,375031.48,3964169.33,ANNUAL,ACTIVE,1,True,375031.48,277
POL000001413,CUS00005148,HEALTH,PRV2,2024-08-11,2034-08-09,2027-08-11,2677845.64,41676377.96,ANNUAL,ACTIVE,1,True,2677845.64,345
POL000001414,CUS00005161,HEALTH,PRV5,2024-01-25,2034-01-22,2027-01-24,1783669.54,14905395.69,MONTHLY,ACTIVE,2,True,5409827.65,146
POL000001415,CUS00005161,TRAVEL,PRV1,2023-04-02,2033-03-30,2027-04-01,3626158.11,58384922.56,ANNUAL,ACTIVE,2,True,5409827.65,146
POL000001416,CUS00005166,MOTOR,PRV2,2024-05-29,2034-05-27,2027-05-29,4290019.11,93312740.53,MONTHLY,ACTIVE,1,True,4290019.11,271
POL000001417,CUS00005169,HEALTH,PRV2,2025-10-16,2045-10-11,2026-10-16,815936.69,7295585.4,QUARTERLY,ACTIVE,2,True,815936.69,46
POL000001418,CUS00005169,TRAVEL,PRV4,2023-05-25,2024-05-24,2027-05-24,423559.92,5709806.78,ANNUAL,LAPSED,2,True,815936.69,46
POL000001419,CUS00005174,LIFE,PRV3,2024-05-16,2034-05-14,2027-05-16,4297195.98,66347255.33,ANNUAL,ACTIVE,1,True,4297195.98,258
POL000001420,CUS00005178,HOME,PRV2,2023-09-15,2028-09-13,2026-09-14,3413392.01,40192525.68,ANNUAL,ACTIVE,2,True,6317080.41,14
POL000001421,CUS00005178,LIFE,PRV5,2024-12-10,2034-12-08,2026-12-10,2903688.4,49905694.95,QUARTERLY,ACTIVE,2,True,6317080.41,14
POL000001422,CUS00005181,LIFE,PRV2,2022-10-20,2027-10-19,2026-10-19,1601423.44,17652720.56,MONTHLY,ACTIVE,1,True,1601423.44,49
POL000001423,CUS00005184,TRAVEL,PRV5,2023-11-04,2028-11-02,2026-11-03,892580.16,11334339.44,ANNUAL,ACTIVE,1,True,892580.16,64
POL000001424,CUS00005186,HOME,PRV2,2025-03-19,2035-03-17,2027-03-19,910017.29,19863824.62,ANNUAL,ACTIVE,1,True,910017.29,200
POL000001425,CUS00005187,MOTOR,PRV2,2023-05-21,2043-05-16,2027-05-20,3096620.58,52798284.24,ANNUAL,ACTIVE,1,True,3096620.58,262
POL000001426,CUS00005198,LIFE,PRV2,2025-04-22,2035-04-20,2027-04-22,3903170.44,38933342.56,QUARTERLY,ACTIVE,1,True,3903170.44,234
POL000001427,CUS00005201,MOTOR,PRV5,2025-12-13,2026-12-13,2026-12-13,1132435.4,14604340.15,ANNUAL,ACTIVE,2,True,4014055.71,104
POL000001428,CUS00005201,HEALTH,PRV3,2024-07-19,2029-07-18,2027-07-19,2881620.31,26906604.68,ANNUAL,ACTIVE,2,True,4014055.71,104
POL000001429,CUS00005203,HOME,PRV5,2024-05-31,2025-05-31,2027-05-31,2946267.16,52344967.96,MONTHLY,LAPSED,1,False,0.0,
POL000001430,CUS00005207,LIFE,PRV3,2023-08-20,2033-08-17,2027-08-19,149438.3,3649548.96,QUARTERLY,ACTIVE,1,True,149438.3,353
POL000001431,CUS00005210,LIFE,PRV5,2022-09-11,2023-09-11,2026-09-10,1575739.12,36307081.62,QUARTERLY,LAPSED,2,True,1245070.84,154
POL000001432,CUS00005210,HEALTH,PRV4,2025-02-01,2035-01-30,2027-02-01,1245070.84,27177151.01,MONTHLY,ACTIVE,2,True,1245070.84,154
POL000001433,CUS00005216,TRAVEL,PRV1,2026-07-09,2027-07-09,2027-07-09,1213943.42,18732374.08,ANNUAL,ACTIVE,1,True,1213943.42,312
POL000001434,CUS00005218,HOME,PRV5,2022-08-07,2023-08-07,2027-08-06,7419821.51,107341061.38,ANNUAL,LAPSED,1,False,0.0,
POL000001435,CUS00005220,TRAVEL,PRV1,2023-03-04,2043-02-27,2027-03-03,146305.15,2649446.99,ANNUAL,ACTIVE,1,True,146305.15,184
POL000001436,CUS00005222,LIFE,PRV4,2023-08-08,2024-08-07,2027-08-07,904139.19,20921737.57,ANNUAL,LAPSED,1,False,0.0,
POL000001437,CUS00005223,HEALTH,PRV1,2024-05-03,2025-05-03,2027-05-03,17822604.92,383788136.16,ANNUAL,LAPSED,1,False,0.0,
POL000001438,CUS00005236,TRAVEL,PRV2,2025-08-04,2026-08-04,2027-08-04,10397841.83,103499582.22,QUARTERLY,LAPSED,1,False,0.0,
POL000001439,CUS00005237,MOTOR,PRV4,2022-07-31,2023-07-31,2027-07-30,1165629.48,15239564.39,MONTHLY,LAPSED,1,False,0.0,
POL000001440,CUS00005245,HEALTH,PRV4,2024-07-01,2034-06-29,2027-07-01,4067364.59,60347656.14,ANNUAL,ACTIVE,1,True,4067364.59,304
POL000001441,CUS00005247,HEALTH,PRV4,2022-11-04,2023-11-04,2026-11-03,4678892.84,71849373.93,ANNUAL,LAPSED,1,False,0.0,
POL000001442,CUS00005249,TRAVEL,PRV5,2023-01-15,2028-01-14,2027-01-14,20224444.93,295374221.9,ANNUAL,ACTIVE,1,True,20224444.93,136
POL000001443,CUS00005251,HEALTH,PRV3,2025-10-24,2026-10-24,2026-10-24,3250090.73,57152762.09,QUARTERLY,ACTIVE,1,True,3250090.73,54
POL000001444,CUS00005253,HOME,PRV4,2025-02-04,2035-02-02,2027-02-04,326036.62,7175459.06,QUARTERLY,ACTIVE,1,True,326036.62,157
POL000001445,CUS00005257,HOME,PRV3,2023-09-18,2043-09-13,2026-09-17,192601.7,4183949.88,MONTHLY,ACTIVE,1,True,192601.7,17
POL000001446,CUS00005263,LIFE,PRV2,2026-01-27,2031-01-26,2027-01-27,773752.57,18328620.83,ANNUAL,ACTIVE,2,True,2318749.41,149
POL000001447,CUS00005263,MOTOR,PRV4,2026-03-13,2027-03-13,2027-03-13,1544996.84,37213113.09,QUARTERLY,ACTIVE,2,True,2318749.41,149
POL000001448,CUS00005264,LIFE,PRV1,2022-09-27,2042-09-22,2026-09-26,7192276.1,85985668.16,QUARTERLY,ACTIVE,1,True,7192276.1,26
POL000001449,CUS00005265,LIFE,PRV3,2023-02-07,2028-02-06,2027-02-06,6805962.62,93171480.96,ANNUAL,ACTIVE,1,True,6805962.62,159
POL000001450,CUS00005269,HOME,PRV4,2023-08-12,2024-08-11,2027-08-11,805747.86,18325414.84,ANNUAL,LAPSED,1,False,0.0,
POL000001451,CUS00005273,LIFE,PRV3,2024-09-20,2044-09-15,2026-09-20,2910524.82,37005191.26,ANNUAL,ACTIVE,1,True,2910524.82,20
POL000001452,CUS00005284,TRAVEL,PRV3,2023-11-16,2024-11-15,2026-11-15,722278.56,7769744.95,ANNUAL,LAPSED,1,False,0.0,
POL000001453,CUS00005285,HEALTH,PRV5,2025-02-17,2035-02-15,2027-02-17,411277.63,3802249.7,ANNUAL,ACTIVE,2,True,411277.63,170
POL000001454,CUS00005285,HEALTH,PRV4,2023-10-14,2024-10-13,2026-10-13,362859.84,8491872.53,MONTHLY,LAPSED,2,True,411277.63,170
POL000001455,CUS00005289,HOME,PRV5,2022-08-24,2032-08-21,2027-08-23,1566561.95,30768254.7,MONTHLY,ACTIVE,1,True,1566561.95,357
POL000001456,CUS00005297,MOTOR,PRV5,2024-09-09,2044-09-04,2026-09-09,841995.03,8398682.62,QUARTERLY,ACTIVE,1,True,841995.03,9
POL000001457,CUS00005301,LIFE,PRV4,2024-10-01,2025-10-01,2026-10-01,1382909.93,31590415.57,ANNUAL,LAPSED,1,False,0.0,
POL000001458,CUS00005308,LIFE,PRV2,2025-12-27,2030-12-26,2026-12-27,3821344.62,81053905.26,ANNUAL,ACTIVE,1,True,3821344.62,118
POL000001459,CUS00005312,LIFE,PRV2,2023-06-19,2033-06-16,2027-06-18,217088.79,4406125.06,MONTHLY,ACTIVE,1,True,217088.79,291
POL000001460,CUS00005315,HEALTH,PRV4,2025-05-28,2026-05-28,2027-05-28,384680.01,8946586.52,ANNUAL,LAPSED,1,False,0.0,
POL000001461,CUS00005316,HOME,PRV3,2023-02-17,2033-02-14,2027-02-16,19954460.06,250498266.74,ANNUAL,ACTIVE,2,True,39137672.93,30
POL000001462,CUS00005316,LIFE,PRV2,2022-10-01,2027-09-30,2026-09-30,19183212.87,289773219.47,MONTHLY,ACTIVE,2,True,39137672.93,30
POL000001463,CUS00005320,LIFE,PRV4,2024-09-25,2029-09-24,2026-09-25,695753.36,11099474.31,MONTHLY,ACTIVE,1,True,695753.36,25
POL000001464,CUS00005322,HEALTH,PRV4,2022-11-02,2032-10-30,2026-11-01,678547.31,5941021.93,ANNUAL,ACTIVE,1,True,678547.31,62
POL000001465,CUS00005324,HOME,PRV2,2026-05-12,2036-05-09,2027-05-12,3353086.95,60036811.5,QUARTERLY,ACTIVE,1,True,3353086.95,254
POL000001466,CUS00005325,HOME,PRV3,2025-11-09,2045-11-04,2026-11-09,2979981.41,50038537.38,ANNUAL,ACTIVE,1,True,2979981.41,70
POL000001467,CUS00005328,HEALTH,PRV2,2025-01-13,2030-01-12,2027-01-13,278494.5,2770604.88,ANNUAL,ACTIVE,2,True,605605.7,135
POL000001468,CUS00005328,LIFE,PRV5,2025-06-11,2030-06-10,2027-06-11,327111.2,4615095.6,ANNUAL,ACTIVE,2,True,605605.7,135
POL000001469,CUS00005329,HEALTH,PRV2,2026-07-16,2046-07-11,2027-07-16,1381634.75,21640714.21,ANNUAL,ACTIVE,1,True,1381634.75,319
POL000001470,CUS00005332,MOTOR,PRV1,2025-12-17,2045-12-12,2026-12-17,232561.73,3547364.64,MONTHLY,ACTIVE,1,True,232561.73,108
POL000001471,CUS00005334,LIFE,PRV4,2022-12-25,2042-12-20,2026-12-24,2168940.08,36559757.57,ANNUAL,ACTIVE,1,True,2168940.08,115
POL000001472,CUS00005336,MOTOR,PRV4,2023-09-13,2033-09-10,2026-09-12,70875620.33,1720847727.67,ANNUAL,ACTIVE,1,True,70875620.33,12
POL000001473,CUS00005339,HOME,PRV4,2025-08-08,2030-08-07,2027-08-08,2130994.15,36897979.16,ANNUAL,ACTIVE,1,True,2130994.15,342
POL000001474,CUS00005349,HEALTH,PRV4,2025-09-20,2035-09-18,2026-09-20,226381.88,3615233.1,QUARTERLY,ACTIVE,1,True,226381.88,20
POL000001475,CUS00005361,HEALTH,PRV4,2026-07-20,2046-07-15,2027-07-20,128831.99,2190188.65,ANNUAL,ACTIVE,1,True,128831.99,323
POL000001476,CUS00005367,LIFE,PRV3,2025-02-21,2035-02-19,2027-02-21,6171952.34,72188533.72,ANNUAL,ACTIVE,1,True,6171952.34,174
POL000001477,CUS00005371,HEALTH,PRV5,2022-08-20,2023-08-20,2027-08-19,15033831.87,158494436.48,MONTHLY,LAPSED,2,False,0.0,
POL000001478,CUS00005371,MOTOR,PRV4,2024-02-04,2025-02-03,2027-02-03,7937090.85,122583985.27,MONTHLY,LAPSED,2,False,0.0,
POL000001479,CUS00005373,LIFE,PRV1,2025-10-07,2045-10-02,2026-10-07,466738.11,10429968.85,MONTHLY,ACTIVE,1,True,466738.11,37
POL000001480,CUS00005374,HOME,PRV2,2022-08-02,2023-08-02,2027-08-01,420647.46,8175708.04,MONTHLY,LAPSED,1,False,0.0,
POL000001481,CUS00005376,LIFE,PRV2,2023-02-21,2043-02-16,2027-02-20,1274206.45,16249877.81,ANNUAL,ACTIVE,1,True,1274206.45,173
POL000001482,CUS00005377,HEALTH,PRV3,2023-06-25,2024-06-24,2027-06-24,7263131.36,173243079.93,QUARTERLY,LAPSED,2,True,10295305.61,198
POL000001483,CUS00005377,TRAVEL,PRV4,2025-03-17,2045-03-12,2027-03-17,10295305.61,228596877.46,MONTHLY,ACTIVE,2,True,10295305.61,198
POL000001484,CUS00005380,HEALTH,PRV1,2024-09-01,2029-08-31,2026-09-01,501339.22,8004312.92,QUARTERLY,ACTIVE,1,True,501339.22,1
POL000001485,CUS00005385,LIFE,PRV2,2024-11-14,2025-11-14,2026-11-14,2707100.56,31866991.43,ANNUAL,LAPSED,1,False,0.0,
POL000001486,CUS00005400,HEALTH,PRV2,2023-09-28,2043-09-23,2026-09-27,1959970.69,26806560.15,ANNUAL,ACTIVE,1,True,1959970.69,27
POL000001487,CUS00005406,MOTOR,PRV2,2022-12-21,2023-12-21,2026-12-20,960376.53,12928385.52,ANNUAL,LAPSED,1,False,0.0,
POL000001488,CUS00005417,LIFE,PRV4,2025-12-13,2026-12-13,2026-12-13,5935215.27,61510845.52,ANNUAL,ACTIVE,1,True,5935215.27,104
POL000001489,CUS00005420,MOTOR,PRV5,2026-06-13,2036-06-10,2027-06-13,1833853.12,19717143.98,ANNUAL,ACTIVE,2,True,2958281.44,263
POL000001490,CUS00005420,MOTOR,PRV5,2024-05-21,2034-05-19,2027-05-21,1124428.32,15218684.88,ANNUAL,ACTIVE,2,True,2958281.44,263
POL000001491,CUS00005425,TRAVEL,PRV3,2026-05-12,2046-05-07,2027-05-12,3641737.14,38811609.93,ANNUAL,ACTIVE,1,True,3641737.14,254
POL000001492,CUS00005426,HEALTH,PRV1,2023-07-05,2024-07-04,2027-07-04,161731.32,2648585.89,MONTHLY,LAPSED,1,False,0.0,
POL000001493,CUS00005427,TRAVEL,PRV4,2023-10-17,2024-10-16,2026-10-16,3203465.15,57054702.28,QUARTERLY,LAPSED,1,False,0.0,
POL000001494,CUS00005428,MOTOR,PRV5,2025-01-14,2030-01-13,2027-01-14,7222301.57,121522926.04,ANNUAL,ACTIVE,1,True,7222301.57,136
POL000001495,CUS00005429,HEALTH,PRV4,2026-06-15,2027-06-15,2027-06-15,430340.87,6615309.39,ANNUAL,ACTIVE,2,True,1023022.85,38
POL000001496,CUS00005429,LIFE,PRV5,2025-10-08,2035-10-06,2026-10-08,592681.98,14248983.04,ANNUAL,ACTIVE,2,True,1023022.85,38
POL000001497,CUS00005431,LIFE,PRV4,2025-04-25,2026-04-25,2027-04-25,1258826.95,21446936.19,MONTHLY,LAPSED,2,True,3020800.37,130
POL000001498,CUS00005431,LIFE,PRV1,2025-01-08,2045-01-03,2027-01-08,3020800.37,70516724.91,MONTHLY,ACTIVE,2,True,3020800.37,130
POL000001499,CUS00005432,HEALTH,PRV5,2026-01-29,2036-01-27,2027-01-29,622653.86,12363688.05,MONTHLY,ACTIVE,1,True,622653.86,151
POL000001500,CUS00005435,LIFE,PRV2,2023-03-28,2024-03-27,2027-03-27,3155007.74,30596516.66,ANNUAL,LAPSED,2,True,4563593.07,9
POL000001501,CUS00005435,LIFE,PRV1,2025-09-09,2030-09-08,2026-09-09,4563593.07,63297955.74,ANNUAL,ACTIVE,2,True,4563593.07,9
POL000001502,CUS00005438,MOTOR,PRV3,2025-12-04,2035-12-02,2026-12-04,1501361.37,16537120.85,QUARTERLY,ACTIVE,2,True,1501361.37,95
POL000001503,CUS00005438,MOTOR,PRV2,2022-10-13,2023-10-13,2026-10-12,1621577.93,30765625.13,QUARTERLY,LAPSED,2,True,1501361.37,95
POL000001504,CUS00005440,HOME,PRV4,2026-04-15,2031-04-14,2027-04-15,593891.95,6403318.93,ANNUAL,ACTIVE,1,True,593891.95,227
POL000001505,CUS00005441,HEALTH,PRV1,2023-07-09,2033-07-06,2027-07-08,2064959.67,27610456.63,MONTHLY,ACTIVE,1,True,2064959.67,311
POL000001506,CUS00005442,HEALTH,PRV1,2023-07-04,2028-07-02,2027-07-03,1484840.4,17345023.85,ANNUAL,ACTIVE,1,True,1484840.4,306
POL000001507,CUS00005450,LIFE,PRV3,2024-04-24,2025-04-24,2027-04-24,325270.93,4006604.04,QUARTERLY,LAPSED,1,False,0.0,
POL000001508,CUS00005452,HEALTH,PRV4,2022-08-12,2042-08-07,2027-08-11,17151457.02,154138768.59,QUARTERLY,ACTIVE,1,True,17151457.02,345
POL000001509,CUS00005455,HEALTH,PRV3,2024-08-25,2029-08-24,2027-08-25,4473784.31,87975969.33,ANNUAL,ACTIVE,1,True,4473784.31,359
POL000001510,CUS00005463,HOME,PRV2,2025-01-29,2035-01-27,2027-01-29,434584.01,8556670.29,ANNUAL,ACTIVE,1,True,434584.01,151
POL000001511,CUS00005469,HEALTH,PRV5,2025-10-19,2035-10-17,2026-10-19,1654618.57,39152778.17,ANNUAL,ACTIVE,1,True,1654618.57,49
POL000001512,CUS00005473,HOME,PRV1,2025-02-18,2035-02-16,2027-02-18,1502511.51,35847682.2,MONTHLY,ACTIVE,1,True,1502511.51,171
POL000001513,CUS00005491,HOME,PRV2,2023-01-22,2033-01-19,2027-01-21,574832.8,10706272.57,MONTHLY,ACTIVE,1,True,574832.8,143
POL000001514,CUS00005492,HEALTH,PRV4,2024-02-11,2025-02-10,2027-02-10,1053440.67,16403778.96,ANNUAL,LAPSED,1,False,0.0,
POL000001515,CUS00005494,MOTOR,PRV5,2024-03-01,2044-02-25,2027-03-01,390082.93,8204900.96,QUARTERLY,ACTIVE,2,True,1112027.22,182
POL000001516,CUS00005494,HEALTH,PRV3,2024-04-20,2034-04-18,2027-04-20,721944.29,8185715.8,QUARTERLY,ACTIVE,2,True,1112027.22,182
POL000001517,CUS00005497,MOTOR,PRV4,2024-01-14,2029-01-12,2027-01-13,1424934.11,19544330.13,ANNUAL,ACTIVE,1,True,1424934.11,135
POL000001518,CUS00005504,HEALTH,PRV5,2022-12-08,2032-12-05,2026-12-07,163203.3,3702128.12,QUARTERLY,ACTIVE,1,True,163203.3,98
POL000001519,CUS00005506,TRAVEL,PRV5,2026-03-08,2027-03-08,2027-03-08,16608475.41,403522676.03,MONTHLY,ACTIVE,1,True,16608475.41,189
POL000001520,CUS00005515,MOTOR,PRV2,2025-11-17,2045-11-12,2026-11-17,2294467.91,54278859.02,MONTHLY,ACTIVE,1,True,2294467.91,78
POL000001521,CUS00005517,LIFE,PRV5,2023-11-20,2024-11-19,2026-11-19,141663.53,1143430.66,ANNUAL,LAPSED,1,False,0.0,
POL000001522,CUS00005519,LIFE,PRV4,2023-05-24,2024-05-23,2027-05-23,3908980.17,40073126.37,MONTHLY,LAPSED,1,False,0.0,
POL000001523,CUS00005526,LIFE,PRV5,2026-01-17,2027-01-17,2027-01-17,2788848.45,57073791.33,QUARTERLY,ACTIVE,1,True,2788848.45,139
POL000001524,CUS00005528,HEALTH,PRV2,2023-12-17,2033-12-14,2026-12-16,5825843.67,89114564.64,QUARTERLY,ACTIVE,1,True,5825843.67,107
POL000001525,CUS00005532,HOME,PRV2,2023-10-30,2028-10-28,2026-10-29,5428796.13,90412891.28,QUARTERLY,ACTIVE,1,True,5428796.13,59
POL000001526,CUS00005535,HEALTH,PRV3,2026-03-19,2036-03-16,2027-03-19,412488.76,5295248.22,ANNUAL,ACTIVE,1,True,412488.76,200
POL000001527,CUS00005536,LIFE,PRV4,2023-08-13,2028-08-11,2027-08-12,1697881.64,18267011.71,ANNUAL,ACTIVE,1,True,1697881.64,346
POL000001528,CUS00005538,MOTOR,PRV5,2023-07-11,2028-07-09,2027-07-10,7205145.1,129898854.41,MONTHLY,ACTIVE,2,True,20857709.99,290
POL000001529,CUS00005538,HEALTH,PRV2,2026-06-17,2046-06-12,2027-06-17,13652564.89,151044746.81,ANNUAL,ACTIVE,2,True,20857709.99,290
POL000001530,CUS00005543,HEALTH,PRV2,2023-12-04,2043-11-29,2026-12-03,1453913.79,19377495.31,QUARTERLY,ACTIVE,1,True,1453913.79,94
POL000001531,CUS00005547,HOME,PRV3,2025-02-13,2030-02-12,2027-02-13,896779.68,15770171.5,MONTHLY,ACTIVE,1,True,896779.68,166
POL000001532,CUS00005560,HEALTH,PRV4,2023-05-25,2024-05-24,2027-05-24,516570.07,8141460.45,ANNUAL,LAPSED,1,False,0.0,
POL000001533,CUS00005561,LIFE,PRV5,2023-01-01,2027-12-31,2026-12-31,2736692.95,29592204.75,ANNUAL,ACTIVE,1,True,2736692.95,122
POL000001534,CUS00005569,LIFE,PRV1,2023-12-24,2033-12-21,2026-12-23,645423.52,14401911.81,QUARTERLY,ACTIVE,1,True,645423.52,114
POL000001535,CUS00005570,LIFE,PRV4,2023-11-24,2043-11-19,2026-11-23,2281186.01,51866225.1,ANNUAL,ACTIVE,1,True,2281186.01,84
POL000001536,CUS00005571,MOTOR,PRV4,2026-03-29,2036-03-26,2027-03-29,562147.86,10579765.79,MONTHLY,ACTIVE,1,True,562147.86,210
POL000001537,CUS00005574,MOTOR,PRV2,2023-11-29,2033-11-26,2026-11-28,27163762.31,257728523.61,ANNUAL,ACTIVE,1,True,27163762.31,89
POL000001538,CUS00005577,LIFE,PRV1,2024-02-02,2029-01-31,2027-02-01,3960979.95,38362418.05,ANNUAL,ACTIVE,1,True,3960979.95,154
POL000001539,CUS00005580,HOME,PRV1,2023-06-07,2043-06-02,2027-06-06,4164956.99,101484052.95,QUARTERLY,ACTIVE,1,True,4164956.99,279
POL000001540,CUS00005591,MOTOR,PRV3,2023-04-27,2028-04-25,2027-04-26,1192493.51,10911055.12,MONTHLY,ACTIVE,1,True,1192493.51,238
POL000001541,CUS00005594,LIFE,PRV3,2025-05-22,2026-05-22,2027-05-22,2177312.41,33684324.84,MONTHLY,LAPSED,1,False,0.0,
POL000001542,CUS00005600,LIFE,PRV5,2023-02-23,2033-02-20,2027-02-22,965349.52,10937861.52,ANNUAL,ACTIVE,2,True,4433771.37,87
POL000001543,CUS00005600,TRAVEL,PRV2,2025-11-26,2045-11-21,2026-11-26,3468421.85,31812608.82,ANNUAL,ACTIVE,2,True,4433771.37,87
POL000001544,CUS00005603,LIFE,PRV4,2024-01-24,2025-01-23,2027-01-23,24334792.51,353058744.73,MONTHLY,LAPSED,2,True,19240577.73,214
POL000001545,CUS00005603,LIFE,PRV5,2023-04-03,2033-03-31,2027-04-02,19240577.73,179265677.99,ANNUAL,ACTIVE,2,True,19240577.73,214
POL000001546,CUS00005611,LIFE,PRV4,2024-11-11,2034-11-09,2026-11-11,221083.9,4265758.78,ANNUAL,ACTIVE,1,True,221083.9,72
POL000001547,CUS00005613,HEALTH,PRV4,2023-05-12,2033-05-09,2027-05-11,544614.68,4595735.5,MONTHLY,ACTIVE,1,True,544614.68,253
POL000001548,CUS00005621,LIFE,PRV2,2023-09-03,2033-08-31,2026-09-02,28888427.96,559162768.22,ANNUAL,ACTIVE,1,True,28888427.96,2
POL000001549,CUS00005623,HEALTH,PRV3,2023-11-06,2024-11-05,2026-11-05,797861.64,11842276.02,MONTHLY,LAPSED,1,False,0.0,
POL000001550,CUS00005625,HOME,PRV4,2023-08-24,2043-08-19,2027-08-23,2834620.6,65008596.63,QUARTERLY,ACTIVE,1,True,2834620.6,357
POL000001551,CUS00005626,MOTOR,PRV4,2025-02-12,2045-02-07,2027-02-12,497093.62,10475881.21,MONTHLY,ACTIVE,1,True,497093.62,165
POL000001552,CUS00005629,HEALTH,PRV4,2024-12-03,2025-12-03,2026-12-03,6174318.55,102659396.77,QUARTERLY,LAPSED,1,False,0.0,
POL000001553,CUS00005630,HEALTH,PRV3,2026-06-08,2031-06-07,2027-06-08,721522.44,13046847.29,MONTHLY,ACTIVE,2,True,1625273.73,106
POL000001554,CUS00005630,HEALTH,PRV4,2023-12-16,2033-12-13,2026-12-15,903751.29,16353196.56,ANNUAL,ACTIVE,2,True,1625273.73,106
POL000001555,CUS00005631,LIFE,PRV1,2023-02-18,2024-02-18,2027-02-17,15434710.89,353223340.77,ANNUAL,LAPSED,1,False,0.0,
POL000001556,CUS00005632,TRAVEL,PRV5,2023-01-18,2024-01-18,2027-01-17,3467848.6,37711640.93,ANNUAL,LAPSED,1,False,0.0,
POL000001557,CUS00005634,HOME,PRV5,2024-05-11,2029-05-10,2027-05-11,109581.32,2596174.77,ANNUAL,ACTIVE,1,True,109581.32,253
POL000001558,CUS00005647,HEALTH,PRV4,2025-10-16,2035-10-14,2026-10-16,824224.53,12138304.61,ANNUAL,ACTIVE,2,True,824224.53,46
POL000001559,CUS00005647,MOTOR,PRV5,2023-05-19,2024-05-18,2027-05-18,837352.51,10957236.2,QUARTERLY,LAPSED,2,True,824224.53,46
POL000001560,CUS00005648,LIFE,PRV1,2025-04-04,2030-04-03,2027-04-04,208471.05,2721124.62,ANNUAL,ACTIVE,2,True,613586.05,216
POL000001561,CUS00005648,HOME,PRV5,2025-07-04,2030-07-03,2027-07-04,405115.0,3779764.33,MONTHLY,ACTIVE,2,True,613586.05,216
POL000001562,CUS00005651,LIFE,PRV1,2025-06-13,2045-06-08,2027-06-13,1787956.84,22908647.04,ANNUAL,ACTIVE,1,True,1787956.84,286
POL000001563,CUS00005653,HEALTH,PRV2,2024-03-29,2034-03-27,2027-03-29,408592.78,6399107.53,ANNUAL,ACTIVE,1,True,408592.78,210
POL000001564,CUS00005656,LIFE,PRV5,2025-07-30,2026-07-30,2027-07-30,1625030.27,35673624.88,ANNUAL,LAPSED,1,False,0.0,
POL000001565,CUS00005657,HEALTH,PRV3,2023-04-14,2028-04-12,2027-04-13,7193852.08,153104345.24,ANNUAL,ACTIVE,1,True,7193852.08,225
POL000001566,CUS00005662,LIFE,PRV3,2022-11-16,2032-11-13,2026-11-15,912606.72,11521756.17,MONTHLY,ACTIVE,1,True,912606.72,76
POL000001567,CUS00005668,HOME,PRV3,2022-11-28,2027-11-27,2026-11-27,1349716.9,27719234.56,ANNUAL,ACTIVE,1,True,1349716.9,88
POL000001568,CUS00005671,HEALTH,PRV3,2024-12-16,2034-12-14,2026-12-16,16980419.0,168838650.05,MONTHLY,ACTIVE,1,True,16980419.0,107
POL000001569,CUS00005672,LIFE,PRV1,2023-10-18,2024-10-17,2026-10-17,5832619.8,47409929.26,ANNUAL,LAPSED,1,False,0.0,
POL000001570,CUS00005674,HOME,PRV1,2026-06-13,2027-06-13,2027-06-13,255608.27,2511822.99,MONTHLY,ACTIVE,1,True,255608.27,286
POL000001571,CUS00005678,TRAVEL,PRV2,2025-08-05,2045-07-31,2027-08-05,1642299.32,19591534.24,MONTHLY,ACTIVE,1,True,1642299.32,339
POL000001572,CUS00005680,LIFE,PRV4,2025-06-22,2030-06-21,2027-06-22,1018163.84,16117284.62,MONTHLY,ACTIVE,1,True,1018163.84,295
POL000001573,CUS00005686,TRAVEL,PRV1,2026-01-21,2031-01-20,2027-01-21,4549501.99,93991964.31,ANNUAL,ACTIVE,1,True,4549501.99,143
POL000001574,CUS00005695,MOTOR,PRV4,2023-06-20,2033-06-17,2027-06-19,9719358.52,184658020.43,MONTHLY,ACTIVE,1,True,9719358.52,292
POL000001575,CUS00005698,TRAVEL,PRV3,2024-04-27,2029-04-26,2027-04-27,18035956.92,275002682.26,MONTHLY,ACTIVE,1,True,18035956.92,239
POL000001576,CUS00005699,HEALTH,PRV3,2023-10-03,2043-09-28,2026-10-02,1518391.55,15200340.05,MONTHLY,ACTIVE,1,True,1518391.55,32
POL000001577,CUS00005700,HEALTH,PRV2,2023-02-21,2033-02-18,2027-02-20,5618840.63,62386969.93,ANNUAL,ACTIVE,1,True,5618840.63,173
POL000001578,CUS00005701,HEALTH,PRV2,2022-11-08,2027-11-07,2026-11-07,4423907.09,72945089.06,ANNUAL,ACTIVE,1,True,4423907.09,68
POL000001579,CUS00005705,MOTOR,PRV1,2024-01-19,2029-01-17,2027-01-18,1319881.55,19066794.56,ANNUAL,ACTIVE,1,True,1319881.55,140
POL000001580,CUS00005707,LIFE,PRV5,2025-02-03,2026-02-03,2027-02-03,15065032.0,153999411.8,MONTHLY,LAPSED,1,False,0.0,
POL000001581,CUS00005708,TRAVEL,PRV5,2026-05-13,2046-05-08,2027-05-13,61115598.91,1118748640.28,QUARTERLY,ACTIVE,1,True,61115598.91,255
POL000001582,CUS00005712,LIFE,PRV3,2023-06-25,2024-06-24,2027-06-24,3877191.93,63560105.83,QUARTERLY,LAPSED,1,False,0.0,
POL000001583,CUS00005715,TRAVEL,PRV2,2025-04-10,2045-04-05,2027-04-10,198699.7,3488462.32,MONTHLY,ACTIVE,1,True,198699.7,222
POL000001584,CUS00005718,MOTOR,PRV1,2024-01-26,2029-01-24,2027-01-25,265963.75,2804136.14,ANNUAL,ACTIVE,2,True,621607.54,28
POL000001585,CUS00005718,HEALTH,PRV3,2022-09-29,2042-09-24,2026-09-28,355643.79,6786995.23,MONTHLY,ACTIVE,2,True,621607.54,28
POL000001586,CUS00005722,LIFE,PRV4,2025-10-10,2030-10-09,2026-10-10,204873.88,3232693.6,ANNUAL,ACTIVE,2,True,393388.26,40
POL000001587,CUS00005722,TRAVEL,PRV3,2024-04-30,2029-04-29,2027-04-30,188514.38,3232109.33,ANNUAL,ACTIVE,2,True,393388.26,40
POL000001588,CUS00005725,HOME,PRV4,2024-09-23,2025-09-23,2026-09-23,3146895.82,30731543.01,MONTHLY,LAPSED,1,False,0.0,
POL000001589,CUS00005727,MOTOR,PRV4,2023-11-08,2033-11-05,2026-11-07,1039542.81,10348747.88,MONTHLY,ACTIVE,1,True,1039542.81,68
POL000001590,CUS00005731,MOTOR,PRV3,2024-07-25,2044-07-20,2027-07-25,549913.38,4612925.8,ANNUAL,ACTIVE,1,True,549913.38,328
POL000001591,CUS00005736,TRAVEL,PRV2,2024-09-05,2044-08-31,2026-09-05,26127133.9,331216544.88,ANNUAL,ACTIVE,1,True,26127133.9,5
POL000001592,CUS00005738,HEALTH,PRV1,2025-06-26,2026-06-26,2027-06-26,302834.56,4677750.03,MONTHLY,LAPSED,1,False,0.0,
POL000001593,CUS00005739,MOTOR,PRV5,2025-03-31,2035-03-29,2027-03-31,151954.19,2573744.43,QUARTERLY,ACTIVE,1,True,151954.19,212
POL000001594,CUS00005740,MOTOR,PRV2,2023-09-05,2024-09-04,2026-09-04,692491.54,11789722.82,MONTHLY,LAPSED,1,False,0.0,
POL000001595,CUS00005742,LIFE,PRV1,2023-06-29,2043-06-24,2027-06-28,4572933.24,42170068.15,MONTHLY,ACTIVE,1,True,4572933.24,301
POL000001596,CUS00005744,MOTOR,PRV3,2023-11-05,2024-11-04,2026-11-04,3923795.82,77764690.27,MONTHLY,LAPSED,2,True,4530613.5,282
POL000001597,CUS00005744,MOTOR,PRV1,2024-06-09,2044-06-04,2027-06-09,4530613.5,53155141.18,ANNUAL,ACTIVE,2,True,4530613.5,282
POL000001598,CUS00005748,TRAVEL,PRV1,2026-01-28,2046-01-23,2027-01-28,396745.14,6106429.94,ANNUAL,ACTIVE,2,True,656742.47,150
POL000001599,CUS00005748,HEALTH,PRV3,2023-08-31,2043-08-26,2027-08-30,259997.33,2501174.96,ANNUAL,ACTIVE,2,True,656742.47,150
POL000001600,CUS00005756,MOTOR,PRV5,2026-01-29,2046-01-24,2027-01-29,5227433.26,50892996.67,QUARTERLY,ACTIVE,1,True,5227433.26,151
POL000001601,CUS00005763,TRAVEL,PRV4,2022-09-13,2027-09-12,2026-09-12,8131925.27,117492139.09,ANNUAL,ACTIVE,1,True,8131925.27,12
POL000001602,CUS00005764,HEALTH,PRV4,2023-02-11,2043-02-06,2027-02-10,1892777.05,43162892.5,MONTHLY,ACTIVE,1,True,1892777.05,163
POL000001603,CUS00005767,LIFE,PRV3,2025-04-12,2030-04-11,2027-04-12,783184.94,19461348.46,QUARTERLY,ACTIVE,1,True,783184.94,224
POL000001604,CUS00005769,HEALTH,PRV1,2023-10-11,2043-10-06,2026-10-10,1152174.69,12083229.08,MONTHLY,ACTIVE,1,True,1152174.69,40
POL000001605,CUS00005774,MOTOR,PRV5,2025-09-14,2035-09-12,2026-09-14,9221510.77,213752673.94,QUARTERLY,ACTIVE,1,True,9221510.77,14
POL000001606,CUS00005776,LIFE,PRV4,2025-06-01,2045-05-27,2027-06-01,379085.31,8804383.79,ANNUAL,ACTIVE,2,True,1699164.82,165
POL000001607,CUS00005776,LIFE,PRV2,2025-02-12,2030-02-11,2027-02-12,1320079.51,31862615.28,ANNUAL,ACTIVE,2,True,1699164.82,165
POL000001608,CUS00005784,HEALTH,PRV5,2025-06-15,2026-06-15,2027-06-15,493139.98,6042337.62,MONTHLY,LAPSED,1,False,0.0,
POL000001609,CUS00005788,LIFE,PRV3,2023-10-04,2028-10-02,2026-10-03,2834130.21,50188355.46,ANNUAL,ACTIVE,1,True,2834130.21,33
POL000001610,CUS00005789,HEALTH,PRV2,2023-08-11,2043-08-06,2027-08-10,1632681.03,15690694.02,MONTHLY,ACTIVE,1,True,1632681.03,344
POL000001611,CUS00005791,HEALTH,PRV5,2023-04-26,2043-04-21,2027-04-25,5655175.4,85049915.22,ANNUAL,ACTIVE,1,True,5655175.4,237
POL000001612,CUS00005795,MOTOR,PRV2,2025-03-16,2035-03-14,2027-03-16,562719.56,10226715.01,ANNUAL,ACTIVE,1,True,562719.56,197
POL000001613,CUS00005796,LIFE,PRV4,2026-07-20,2031-07-19,2027-07-20,2265155.66,22639920.42,MONTHLY,ACTIVE,1,True,2265155.66,323
POL000001614,CUS00005799,HEALTH,PRV1,2024-03-18,2025-03-18,2027-03-18,3154876.72,54316800.2,QUARTERLY,LAPSED,1,False,0.0,
POL000001615,CUS00005804,HOME,PRV3,2024-05-18,2029-05-17,2027-05-18,662251.6,10642267.77,QUARTERLY,ACTIVE,1,True,662251.6,260
POL000001616,CUS00005808,MOTOR,PRV2,2026-02-25,2027-02-25,2027-02-25,2099725.89,27715922.8,MONTHLY,ACTIVE,1,True,2099725.89,178
POL000001617,CUS00005810,LIFE,PRV2,2024-01-19,2034-01-16,2027-01-18,536434.63,6426730.74,QUARTERLY,ACTIVE,1,True,536434.63,140
POL000001618,CUS00005811,HOME,PRV3,2025-10-17,2030-10-16,2026-10-17,1268641.49,11818464.28,MONTHLY,ACTIVE,1,True,1268641.49,47
POL000001619,CUS00005813,MOTOR,PRV1,2025-07-19,2030-07-18,2027-07-19,1222821.22,25378346.94,ANNUAL,ACTIVE,2,True,1222821.22,322
POL000001620,CUS00005813,TRAVEL,PRV5,2023-05-26,2024-05-25,2027-05-25,2313716.75,26697866.05,ANNUAL,LAPSED,2,True,1222821.22,322
POL000001621,CUS00005814,HEALTH,PRV5,2023-03-09,2028-03-07,2027-03-08,624764.47,14943733.29,QUARTERLY,ACTIVE,1,True,624764.47,189
POL000001622,CUS00005818,HOME,PRV4,2023-11-24,2024-11-23,2026-11-23,491652.08,7522172.77,ANNUAL,LAPSED,1,False,0.0,
POL000001623,CUS00005819,LIFE,PRV4,2024-02-17,2034-02-14,2027-02-16,969140.45,18916832.28,ANNUAL,ACTIVE,2,True,1382664.82,40
POL000001624,CUS00005819,HOME,PRV5,2023-10-11,2033-10-08,2026-10-10,413524.37,3800128.02,ANNUAL,ACTIVE,2,True,1382664.82,40
POL000001625,CUS00005827,HEALTH,PRV3,2024-05-08,2044-05-03,2027-05-08,7832987.26,88019678.68,MONTHLY,ACTIVE,1,True,7832987.26,250
POL000001626,CUS00005829,HEALTH,PRV5,2023-02-22,2024-02-22,2027-02-21,933969.51,18960511.55,ANNUAL,LAPSED,1,False,0.0,
POL000001627,CUS00005834,HOME,PRV3,2026-06-17,2036-06-14,2027-06-17,417583.5,5832179.14,ANNUAL,ACTIVE,1,True,417583.5,290
POL000001628,CUS00005837,HEALTH,PRV3,2024-08-28,2029-08-27,2027-08-28,3333303.28,41814671.77,QUARTERLY,ACTIVE,1,True,3333303.28,362
POL000001629,CUS00005842,LIFE,PRV1,2024-06-29,2029-06-28,2027-06-29,1827756.77,34817354.37,ANNUAL,ACTIVE,2,True,5531741.58,114
POL000001630,CUS00005842,TRAVEL,PRV4,2024-12-23,2034-12-21,2026-12-23,3703984.81,76826851.17,MONTHLY,ACTIVE,2,True,5531741.58,114
POL000001631,CUS00005844,TRAVEL,PRV4,2025-05-22,2045-05-17,2027-05-22,1270084.82,19779360.29,MONTHLY,ACTIVE,1,True,1270084.82,264
POL000001632,CUS00005845,TRAVEL,PRV3,2024-04-17,2025-04-17,2027-04-17,1963890.95,16947299.49,MONTHLY,LAPSED,1,False,0.0,
POL000001633,CUS00005847,LIFE,PRV1,2025-12-13,2045-12-08,2026-12-13,754472.25,17966907.41,MONTHLY,ACTIVE,1,True,754472.25,104
POL000001634,CUS00005852,LIFE,PRV1,2025-05-18,2030-05-17,2027-05-18,3474175.84,59722970.04,MONTHLY,ACTIVE,2,True,3474175.84,260
POL000001635,CUS00005852,MOTOR,PRV4,2024-05-12,2025-05-12,2027-05-12,3173409.97,59934165.82,ANNUAL,LAPSED,2,True,3474175.84,260
POL000001636,CUS00005872,HEALTH,PRV5,2025-05-17,2035-05-15,2027-05-17,102420.49,1895131.68,MONTHLY,ACTIVE,1,True,102420.49,259
POL000001637,CUS00005874,LIFE,PRV4,2026-03-13,2046-03-08,2027-03-13,31977451.44,483656640.83,QUARTERLY,ACTIVE,1,True,31977451.44,194
POL000001638,CUS00005881,HEALTH,PRV4,2025-10-21,2035-10-19,2026-10-21,9098586.48,86428277.99,ANNUAL,ACTIVE,1,True,9098586.48,51
POL000001639,CUS00005887,MOTOR,PRV1,2023-08-30,2043-08-25,2027-08-29,1268453.18,13429122.95,QUARTERLY,ACTIVE,2,True,2221271.27,181
POL000001640,CUS00005887,LIFE,PRV5,2024-02-29,2034-02-26,2027-02-28,952818.09,21618904.11,MONTHLY,ACTIVE,2,True,2221271.27,181
POL000001641,CUS00005890,HOME,PRV1,2025-08-27,2035-08-25,2027-08-27,3602850.63,71420500.47,ANNUAL,ACTIVE,1,True,3602850.63,361
POL000001642,CUS00005900,HEALTH,PRV3,2024-04-01,2025-04-01,2027-04-01,8905226.99,104226742.85,ANNUAL,LAPSED,2,True,6230261.64,173
POL000001643,CUS00005900,HEALTH,PRV3,2023-02-21,2043-02-16,2027-02-20,6230261.64,132482355.6,ANNUAL,ACTIVE,2,True,6230261.64,173
POL000001644,CUS00005905,HEALTH,PRV5,2022-10-09,2032-10-06,2026-10-08,2133559.2,30083338.03,MONTHLY,ACTIVE,2,True,10026307.56,38
POL000001645,CUS00005905,LIFE,PRV3,2022-11-14,2042-11-09,2026-11-13,7892748.36,185872563.62,MONTHLY,ACTIVE,2,True,10026307.56,38
POL000001646,CUS00005915,HEALTH,PRV4,2024-09-26,2025-09-26,2026-09-26,290261.29,2762709.24,ANNUAL,LAPSED,1,False,0.0,
POL000001647,CUS00005924,LIFE,PRV4,2023-01-23,2043-01-18,2027-01-22,124245.99,2467968.39,ANNUAL,ACTIVE,1,True,124245.99,144
POL000001648,CUS00005925,MOTOR,PRV4,2022-12-20,2042-12-15,2026-12-19,2678077.45,40514811.99,ANNUAL,ACTIVE,1,True,2678077.45,110
POL000001649,CUS00005929,MOTOR,PRV4,2025-09-03,2026-09-03,2026-09-03,483802.92,7744282.16,MONTHLY,ACTIVE,1,True,483802.92,3
POL000001650,CUS00005933,HEALTH,PRV3,2024-07-04,2029-07-03,2027-07-04,806804.97,19423590.39,ANNUAL,ACTIVE,1,True,806804.97,307
POL000001651,CUS00005940,HOME,PRV3,2024-09-12,2034-09-10,2026-09-12,6074112.52,119545901.35,ANNUAL,ACTIVE,1,True,6074112.52,12
POL000001652,CUS00005949,HEALTH,PRV2,2024-09-18,2029-09-17,2026-09-18,5133800.47,65314359.31,ANNUAL,ACTIVE,1,True,5133800.47,18
POL000001653,CUS00005952,TRAVEL,PRV2,2024-07-25,2029-07-24,2027-07-25,6845068.52,74135862.37,QUARTERLY,ACTIVE,1,True,6845068.52,328
POL000001654,CUS00005957,HOME,PRV2,2024-02-23,2034-02-20,2027-02-22,1147456.37,26556402.08,ANNUAL,ACTIVE,2,True,1147456.37,175
POL000001655,CUS00005957,MOTOR,PRV4,2024-08-12,2025-08-12,2027-08-12,2192264.71,27392932.17,QUARTERLY,LAPSED,2,True,1147456.37,175
POL000001656,CUS00005965,LIFE,PRV2,2022-09-01,2032-08-29,2027-08-31,538367.25,12605642.73,QUARTERLY,ACTIVE,1,True,538367.25,365
POL000001657,CUS00005967,LIFE,PRV2,2025-09-18,2045-09-13,2026-09-18,331062.99,6959901.51,QUARTERLY,ACTIVE,1,True,331062.99,18
POL000001658,CUS00005968,HOME,PRV3,2024-01-21,2029-01-19,2027-01-20,1378400.17,16629974.35,QUARTERLY,ACTIVE,1,True,1378400.17,142
POL000001659,CUS00005969,LIFE,PRV1,2023-11-09,2043-11-04,2026-11-08,91681.0,1824559.1,ANNUAL,ACTIVE,1,True,91681.0,69
POL000001660,CUS00005972,LIFE,PRV2,2023-09-10,2028-09-08,2026-09-09,1556889.6,26713824.1,ANNUAL,ACTIVE,1,True,1556889.6,9
POL000001661,CUS00005974,TRAVEL,PRV5,2026-05-11,2036-05-08,2027-05-11,1073110.87,23580005.62,QUARTERLY,ACTIVE,2,True,1445657.82,104
POL000001662,CUS00005974,HEALTH,PRV3,2024-12-13,2029-12-12,2026-12-13,372546.95,5257417.2,ANNUAL,ACTIVE,2,True,1445657.82,104
POL000001663,CUS00005978,HEALTH,PRV4,2025-08-17,2045-08-12,2027-08-17,1951046.02,23491990.12,ANNUAL,ACTIVE,1,True,1951046.02,351
POL000001664,CUS00005979,HOME,PRV1,2022-08-09,2027-08-08,2027-08-08,1159920.28,16838009.43,MONTHLY,ACTIVE,1,True,1159920.28,342
POL000001665,CUS00005980,HEALTH,PRV5,2024-08-05,2034-08-03,2027-08-05,5437307.26,101673393.81,ANNUAL,ACTIVE,1,True,5437307.26,339
POL000001666,CUS00005983,MOTOR,PRV2,2024-03-17,2034-03-15,2027-03-17,2627098.06,27685514.98,MONTHLY,ACTIVE,1,True,2627098.06,198
POL000001667,CUS00005984,LIFE,PRV2,2024-06-27,2034-06-25,2027-06-27,123652.03,2207431.91,MONTHLY,ACTIVE,1,True,123652.03,300
POL000001668,CUS00005988,TRAVEL,PRV5,2022-10-07,2042-10-02,2026-10-06,20829217.73,222807641.46,QUARTERLY,ACTIVE,1,True,20829217.73,36
POL000001669,CUS00005989,MOTOR,PRV4,2023-07-04,2024-07-03,2027-07-03,1244591.5,16931131.07,MONTHLY,LAPSED,1,False,0.0,
POL000001670,CUS00006002,LIFE,PRV3,2024-01-07,2034-01-04,2027-01-06,8975345.83,223179624.05,MONTHLY,ACTIVE,1,True,8975345.83,128
POL000001671,CUS00006006,HEALTH,PRV2,2023-04-17,2033-04-14,2027-04-16,523774.97,10853617.75,ANNUAL,ACTIVE,1,True,523774.97,228
POL000001672,CUS00006007,MOTOR,PRV5,2025-01-26,2045-01-21,2027-01-26,53777206.78,440930252.91,QUARTERLY,ACTIVE,1,True,53777206.78,148
POL000001673,CUS00006011,HOME,PRV3,2025-09-26,2030-09-25,2026-09-26,670822.46,12638579.68,MONTHLY,ACTIVE,2,True,1964080.69,26
POL000001674,CUS00006011,LIFE,PRV3,2025-01-25,2045-01-20,2027-01-25,1293258.23,25921671.64,ANNUAL,ACTIVE,2,True,1964080.69,26
POL000001675,CUS00006015,HEALTH,PRV1,2022-09-02,2032-08-30,2026-09-01,2283273.04,38511347.56,MONTHLY,ACTIVE,1,True,2283273.04,1
POL000001676,CUS00006022,HEALTH,PRV5,2022-11-25,2023-11-25,2026-11-24,241308.15,5379061.83,QUARTERLY,LAPSED,1,False,0.0,
POL000001677,CUS00006024,HEALTH,PRV4,2024-09-06,2034-09-04,2026-09-06,174373.13,3926352.81,MONTHLY,ACTIVE,1,True,174373.13,6
POL000001678,CUS00006033,HEALTH,PRV2,2023-10-01,2028-09-29,2026-09-30,570869.79,6241627.0,ANNUAL,ACTIVE,1,True,570869.79,30
POL000001679,CUS00006041,HOME,PRV5,2022-08-07,2027-08-06,2027-08-06,7902993.89,184066470.52,ANNUAL,ACTIVE,2,True,24382178.42,271
POL000001680,CUS00006041,LIFE,PRV4,2025-05-29,2045-05-24,2027-05-29,16479184.53,406958235.14,ANNUAL,ACTIVE,2,True,24382178.42,271
POL000001681,CUS00006043,LIFE,PRV1,2023-03-15,2028-03-13,2027-03-14,1892016.25,31108228.06,QUARTERLY,ACTIVE,1,True,1892016.25,195
POL000001682,CUS00006046,LIFE,PRV5,2024-01-21,2025-01-20,2027-01-20,31755789.12,675577673.7,MONTHLY,LAPSED,1,False,0.0,
POL000001683,CUS00006047,TRAVEL,PRV1,2025-01-09,2035-01-07,2027-01-09,2677708.37,53017410.34,MONTHLY,ACTIVE,1,True,2677708.37,131
POL000001684,CUS00006048,LIFE,PRV1,2023-06-29,2024-06-28,2027-06-28,9762013.79,236296984.57,ANNUAL,LAPSED,1,False,0.0,
POL000001685,CUS00006052,LIFE,PRV1,2024-05-15,2034-05-13,2027-05-15,2038515.93,17391007.74,ANNUAL,ACTIVE,1,True,2038515.93,257
POL000001686,CUS00006055,HEALTH,PRV2,2022-09-22,2023-09-22,2026-09-21,3565299.73,49484295.68,QUARTERLY,LAPSED,1,False,0.0,
POL000001687,CUS00006060,HEALTH,PRV3,2022-12-13,2032-12-10,2026-12-12,342548.71,3363246.19,ANNUAL,ACTIVE,1,True,342548.71,103
POL000001688,CUS00006064,LIFE,PRV5,2024-03-10,2044-03-05,2027-03-10,1321962.99,19995374.62,MONTHLY,ACTIVE,1,True,1321962.99,191
POL000001689,CUS00006067,LIFE,PRV4,2023-07-22,2024-07-21,2027-07-21,718578.83,9057093.58,MONTHLY,LAPSED,2,False,0.0,
POL000001690,CUS00006067,HEALTH,PRV5,2024-01-22,2025-01-21,2027-01-21,568464.15,12974505.91,QUARTERLY,LAPSED,2,False,0.0,
POL000001691,CUS00006071,HEALTH,PRV5,2025-09-21,2026-09-21,2026-09-21,1092091.0,22529215.56,ANNUAL,ACTIVE,1,True,1092091.0,21
POL000001692,CUS00006076,LIFE,PRV2,2023-10-26,2043-10-21,2026-10-25,69708.71,833175.9,MONTHLY,ACTIVE,1,True,69708.71,55
POL000001693,CUS00006086,LIFE,PRV1,2026-06-23,2046-06-18,2027-06-23,1488746.03,31663018.33,ANNUAL,ACTIVE,1,True,1488746.03,296
POL000001694,CUS00006092,HEALTH,PRV1,2026-01-03,2027-01-03,2027-01-03,9457960.58,235678774.77,MONTHLY,ACTIVE,1,True,9457960.58,125
POL000001695,CUS00006093,MOTOR,PRV2,2024-02-28,2044-02-23,2027-02-27,64877.59,710075.61,QUARTERLY,ACTIVE,1,True,64877.59,180
POL000001696,CUS00006097,HOME,PRV5,2022-08-03,2032-07-31,2027-08-02,590439.53,8202815.57,ANNUAL,ACTIVE,1,True,590439.53,336
POL000001697,CUS00006098,HEALTH,PRV4,2025-01-06,2035-01-04,2027-01-06,421817.98,4044506.6,QUARTERLY,ACTIVE,1,True,421817.98,128
POL000001698,CUS00006105,HOME,PRV1,2024-03-07,2034-03-05,2027-03-07,14559070.16,136182917.86,ANNUAL,ACTIVE,1,True,14559070.16,188
POL000001699,CUS00006109,LIFE,PRV4,2024-10-04,2044-09-29,2026-10-04,672754.37,15188686.75,MONTHLY,ACTIVE,1,True,672754.37,34
POL000001700,CUS00006111,HOME,PRV1,2023-06-30,2028-06-28,2027-06-29,364405.62,5807915.82,MONTHLY,ACTIVE,1,True,364405.62,302
POL000001701,CUS00006112,MOTOR,PRV1,2024-08-26,2034-08-24,2027-08-26,13249897.09,109172526.84,MONTHLY,ACTIVE,1,True,13249897.09,360
POL000001702,CUS00006115,LIFE,PRV4,2025-11-08,2026-11-08,2026-11-08,2072785.94,17049470.17,ANNUAL,ACTIVE,1,True,2072785.94,69
POL000001703,CUS00006119,MOTOR,PRV3,2024-12-21,2025-12-21,2026-12-21,804260.0,18242548.64,ANNUAL,LAPSED,1,False,0.0,
POL000001704,CUS00006128,MOTOR,PRV2,2025-04-12,2045-04-07,2027-04-12,110049.38,1394136.99,QUARTERLY,ACTIVE,1,True,110049.38,224
POL000001705,CUS00006131,MOTOR,PRV3,2026-07-26,2036-07-23,2027-07-26,383689.58,4605630.14,ANNUAL,ACTIVE,1,True,383689.58,329
POL000001706,CUS00006142,HEALTH,PRV3,2024-09-11,2044-09-06,2026-09-11,1623830.53,26089011.29,ANNUAL,ACTIVE,1,True,1623830.53,11
POL000001707,CUS00006150,LIFE,PRV3,2024-06-27,2025-06-27,2027-06-27,23326926.51,238636243.39,ANNUAL,LAPSED,1,False,0.0,
POL000001708,CUS00006154,HEALTH,PRV2,2022-12-30,2023-12-30,2026-12-29,697404.55,12572484.88,ANNUAL,LAPSED,1,False,0.0,
POL000001709,CUS00006160,MOTOR,PRV4,2024-11-08,2025-11-08,2026-11-08,1881473.09,25407788.67,QUARTERLY,LAPSED,1,False,0.0,
POL000001710,CUS00006169,LIFE,PRV3,2023-08-31,2028-08-29,2027-08-30,516910.43,7540187.43,QUARTERLY,ACTIVE,2,True,890345.16,262
POL000001711,CUS00006169,LIFE,PRV4,2026-05-20,2027-05-20,2027-05-20,373434.73,3635269.08,QUARTERLY,ACTIVE,2,True,890345.16,262
POL000001712,CUS00006174,HOME,PRV5,2025-10-17,2045-10-12,2026-10-17,109477.71,2733110.51,ANNUAL,ACTIVE,1,True,109477.71,47
POL000001713,CUS00006177,MOTOR,PRV1,2025-03-09,2030-03-08,2027-03-09,3998022.22,84259745.31,MONTHLY,ACTIVE,1,True,3998022.22,190
POL000001714,CUS00006179,MOTOR,PRV1,2025-05-31,2035-05-29,2027-05-31,24475656.93,293220567.04,QUARTERLY,ACTIVE,1,True,24475656.93,273
POL000001715,CUS00006185,LIFE,PRV5,2025-06-10,2035-06-08,2027-06-10,722942.02,15272327.53,MONTHLY,ACTIVE,2,True,1058506.01,283
POL000001716,CUS00006185,HEALTH,PRV1,2024-08-06,2029-08-05,2027-08-06,335563.99,7739628.17,ANNUAL,ACTIVE,2,True,1058506.01,283
POL000001717,CUS00006187,MOTOR,PRV4,2026-06-11,2036-06-08,2027-06-11,336301.65,8258512.96,MONTHLY,ACTIVE,1,True,336301.65,284
POL000001718,CUS00006193,HEALTH,PRV2,2023-08-16,2024-08-15,2027-08-15,2450721.62,41110893.83,ANNUAL,LAPSED,1,False,0.0,
POL000001719,CUS00006198,LIFE,PRV3,2023-09-11,2028-09-09,2026-09-10,185690.06,3747197.13,QUARTERLY,ACTIVE,1,True,185690.06,10
POL000001720,CUS00006199,MOTOR,PRV3,2025-07-05,2026-07-05,2027-07-05,203330.08,2693051.96,MONTHLY,LAPSED,1,False,0.0,
POL000001721,CUS00006203,LIFE,PRV2,2023-04-13,2028-04-11,2027-04-12,8567754.32,179071301.04,ANNUAL,ACTIVE,1,True,8567754.32,224
POL000001722,CUS00006214,HEALTH,PRV5,2024-12-04,2025-12-04,2026-12-04,665426.4,15459083.48,ANNUAL,LAPSED,1,False,0.0,
POL000001723,CUS00006215,LIFE,PRV4,2023-06-07,2043-06-02,2027-06-06,4499166.26,69586015.69,MONTHLY,ACTIVE,2,True,8768570.18,171
POL000001724,CUS00006215,TRAVEL,PRV2,2025-02-18,2035-02-16,2027-02-18,4269403.92,44765152.7,MONTHLY,ACTIVE,2,True,8768570.18,171
POL000001725,CUS00006216,TRAVEL,PRV4,2022-09-01,2027-08-31,2027-08-31,299621.89,4502332.41,ANNUAL,ACTIVE,2,True,1055283.2,229
POL000001726,CUS00006216,HEALTH,PRV4,2026-04-17,2046-04-12,2027-04-17,755661.31,12103863.32,ANNUAL,ACTIVE,2,True,1055283.2,229
POL000001727,CUS00006225,HEALTH,PRV3,2024-11-01,2044-10-27,2026-11-01,5479694.52,68251991.56,ANNUAL,ACTIVE,1,True,5479694.52,62
POL000001728,CUS00006229,TRAVEL,PRV4,2023-04-24,2028-04-22,2027-04-23,557659.18,13578418.33,ANNUAL,ACTIVE,1,True,557659.18,235
POL000001729,CUS00006230,LIFE,PRV2,2023-03-10,2033-03-07,2027-03-09,12786120.55,181090161.91,ANNUAL,ACTIVE,2,True,25929662.26,160
POL000001730,CUS00006230,LIFE,PRV2,2026-02-07,2036-02-05,2027-02-07,13143541.71,205763081.37,QUARTERLY,ACTIVE,2,True,25929662.26,160
POL000001731,CUS00006249,HOME,PRV4,2026-03-22,2036-03-19,2027-03-22,282031.55,5804338.73,QUARTERLY,ACTIVE,1,True,282031.55,203
POL000001732,CUS00006251,HOME,PRV5,2025-11-29,2026-11-29,2026-11-29,155059.56,2806571.45,QUARTERLY,ACTIVE,1,True,155059.56,90
POL000001733,CUS00006257,LIFE,PRV4,2023-05-28,2043-05-23,2027-05-27,6360098.99,96107034.99,ANNUAL,ACTIVE,1,True,6360098.99,269
POL000001734,CUS00006258,TRAVEL,PRV3,2023-09-11,2028-09-09,2026-09-10,136526.57,2843950.5,QUARTERLY,ACTIVE,1,True,136526.57,10
POL000001735,CUS00006259,TRAVEL,PRV5,2023-09-22,2024-09-21,2026-09-21,1188605.84,13305008.64,QUARTERLY,LAPSED,2,False,0.0,
POL000001736,CUS00006259,HEALTH,PRV5,2024-09-01,2025-09-01,2026-09-01,467066.8,4409523.73,MONTHLY,LAPSED,2,False,0.0,
POL000001737,CUS00006262,LIFE,PRV5,2023-02-14,2028-02-13,2027-02-13,9343820.24,211478923.43,MONTHLY,ACTIVE,1,True,9343820.24,166
POL000001738,CUS00006263,HEALTH,PRV3,2024-03-24,2025-03-24,2027-03-24,2180437.55,48836275.94,MONTHLY,LAPSED,1,False,0.0,
POL000001739,CUS00006264,HEALTH,PRV3,2026-07-13,2027-07-13,2027-07-13,4036043.03,34958860.71,ANNUAL,ACTIVE,1,True,4036043.03,316
POL000001740,CUS00006270,LIFE,PRV5,2024-01-26,2025-01-25,2027-01-25,215625.43,4389996.96,ANNUAL,LAPSED,1,False,0.0,
POL000001741,CUS00006280,TRAVEL,PRV4,2023-01-18,2033-01-15,2027-01-17,163929.51,1333827.38,ANNUAL,ACTIVE,2,True,351856.31,139
POL000001742,CUS00006280,HEALTH,PRV3,2024-06-17,2034-06-15,2027-06-17,187926.8,1732204.46,ANNUAL,ACTIVE,2,True,351856.31,139
POL000001743,CUS00006284,LIFE,PRV5,2023-11-22,2028-11-20,2026-11-21,540812.14,8233042.15,QUARTERLY,ACTIVE,1,True,540812.14,82
POL000001744,CUS00006287,HEALTH,PRV4,2026-01-04,2027-01-04,2027-01-04,9935452.45,242437079.66,ANNUAL,ACTIVE,2,True,19185263.74,126
POL000001745,CUS00006287,LIFE,PRV4,2025-04-27,2045-04-22,2027-04-27,9249811.29,132244972.49,ANNUAL,ACTIVE,2,True,19185263.74,126
POL000001746,CUS00006288,MOTOR,PRV5,2026-01-02,2031-01-01,2027-01-02,3290551.84,35872539.43,MONTHLY,ACTIVE,1,True,3290551.84,124
POL000001747,CUS00006290,LIFE,PRV1,2025-01-23,2030-01-22,2027-01-23,13374610.87,227886827.83,ANNUAL,ACTIVE,1,True,13374610.87,145
POL000001748,CUS00006292,LIFE,PRV4,2025-10-31,2030-10-30,2026-10-31,13181735.84,239361705.13,MONTHLY,ACTIVE,1,True,13181735.84,61
POL000001749,CUS00006295,LIFE,PRV5,2023-08-24,2033-08-21,2027-08-23,8271965.08,140754810.6,ANNUAL,ACTIVE,1,True,8271965.08,357
POL000001750,CUS00006298,LIFE,PRV5,2023-10-29,2033-10-26,2026-10-28,376331.48,7412335.56,MONTHLY,ACTIVE,1,True,376331.48,58
POL000001751,CUS00006306,HOME,PRV1,2025-04-24,2045-04-19,2027-04-24,833010.61,8052623.94,QUARTERLY,ACTIVE,1,True,833010.61,236
POL000001752,CUS00006311,MOTOR,PRV4,2026-07-31,2027-07-31,2027-07-31,566796.54,10477845.63,ANNUAL,ACTIVE,1,True,566796.54,334
POL000001753,CUS00006318,LIFE,PRV3,2022-08-31,2027-08-30,2027-08-30,723992.37,17433436.07,QUARTERLY,ACTIVE,1,True,723992.37,364
POL000001754,CUS00006320,LIFE,PRV4,2025-07-13,2030-07-12,2027-07-13,9844332.47,146946799.97,QUARTERLY,ACTIVE,1,True,9844332.47,316
POL000001755,CUS00006325,MOTOR,PRV4,2022-10-17,2042-10-12,2026-10-16,195891.7,1839044.47,MONTHLY,ACTIVE,1,True,195891.7,46
POL000001756,CUS00006326,LIFE,PRV2,2022-09-03,2032-08-31,2026-09-02,126749.18,1804550.89,ANNUAL,ACTIVE,2,True,230077.68,2
POL000001757,CUS00006326,LIFE,PRV4,2024-08-05,2029-08-04,2027-08-05,103328.5,1987576.18,MONTHLY,ACTIVE,2,True,230077.68,2
POL000001758,CUS00006333,MOTOR,PRV3,2023-02-02,2043-01-28,2027-02-01,139218.8,1147855.23,MONTHLY,ACTIVE,1,True,139218.8,154
POL000001759,CUS00006338,MOTOR,PRV1,2023-05-04,2043-04-29,2027-05-03,4761339.1,99115203.96,MONTHLY,ACTIVE,1,True,4761339.1,245
POL000001760,CUS00006339,TRAVEL,PRV2,2023-11-20,2043-11-15,2026-11-19,1105979.47,10575360.51,ANNUAL,ACTIVE,1,True,1105979.47,80
POL000001761,CUS00006341,LIFE,PRV3,2023-10-14,2043-10-09,2026-10-13,1081807.11,20049996.58,QUARTERLY,ACTIVE,2,True,1081807.11,43
POL000001762,CUS00006341,HOME,PRV5,2023-08-15,2024-08-14,2027-08-14,1683885.36,32643862.72,MONTHLY,LAPSED,2,True,1081807.11,43
POL000001763,CUS00006350,LIFE,PRV4,2023-08-30,2033-08-27,2027-08-29,614561.16,10990491.53,MONTHLY,ACTIVE,1,True,614561.16,363
POL000001764,CUS00006358,HEALTH,PRV3,2025-12-04,2030-12-03,2026-12-04,1404482.14,33364425.99,MONTHLY,ACTIVE,1,True,1404482.14,95
POL000001765,CUS00006362,LIFE,PRV1,2024-02-14,2025-02-13,2027-02-13,3333751.24,28422080.77,QUARTERLY,LAPSED,2,True,2184261.35,70
POL000001766,CUS00006362,HEALTH,PRV3,2023-11-10,2033-11-07,2026-11-09,2184261.35,26038138.74,ANNUAL,ACTIVE,2,True,2184261.35,70
POL000001767,CUS00006367,MOTOR,PRV3,2026-01-24,2027-01-24,2027-01-24,4338350.08,76368865.86,MONTHLY,ACTIVE,1,True,4338350.08,146
POL000001768,CUS00006372,LIFE,PRV3,2022-08-29,2023-08-29,2027-08-28,1261580.26,14900567.29,ANNUAL,LAPSED,1,False,0.0,
POL000001769,CUS00006376,LIFE,PRV3,2022-11-12,2023-11-12,2026-11-11,355486.51,8249737.62,QUARTERLY,LAPSED,1,False,0.0,
POL000001770,CUS00006390,HEALTH,PRV3,2024-11-02,2044-10-28,2026-11-02,288987.8,4868905.11,MONTHLY,ACTIVE,1,True,288987.8,63
POL000001771,CUS00006392,LIFE,PRV4,2024-07-16,2025-07-16,2027-07-16,707015.72,11721317.43,MONTHLY,LAPSED,1,False,0.0,
POL000001772,CUS00006396,MOTOR,PRV4,2023-08-24,2024-08-23,2027-08-23,492478.88,8205931.56,QUARTERLY,LAPSED,1,False,0.0,
POL000001773,CUS00006405,LIFE,PRV4,2024-03-12,2029-03-11,2027-03-12,243490.59,2250526.31,MONTHLY,ACTIVE,1,True,243490.59,193
POL000001774,CUS00006411,HEALTH,PRV1,2025-02-24,2035-02-22,2027-02-24,3268510.07,51049419.24,ANNUAL,ACTIVE,2,True,6589012.5,177
POL000001775,CUS00006411,LIFE,PRV5,2025-06-17,2030-06-16,2027-06-17,3320502.43,82309264.17,ANNUAL,ACTIVE,2,True,6589012.5,177
POL000001776,CUS00006417,HEALTH,PRV1,2024-04-22,2034-04-20,2027-04-22,1496458.63,24215451.6,MONTHLY,ACTIVE,1,True,1496458.63,234
POL000001777,CUS00006423,MOTOR,PRV5,2024-12-30,2044-12-25,2026-12-30,1436310.76,29796696.17,ANNUAL,ACTIVE,1,True,1436310.76,121
POL000001778,CUS00006425,LIFE,PRV2,2025-02-14,2045-02-09,2027-02-14,1479916.55,32353981.1,MONTHLY,ACTIVE,1,True,1479916.55,167
POL000001779,CUS00006426,HEALTH,PRV1,2025-04-26,2026-04-26,2027-04-26,795703.75,13144256.73,ANNUAL,LAPSED,2,True,1900710.52,216
POL000001780,CUS00006426,HOME,PRV1,2024-04-04,2029-04-03,2027-04-04,1900710.52,28673530.08,ANNUAL,ACTIVE,2,True,1900710.52,216
POL000001781,CUS00006431,HEALTH,PRV5,2024-01-25,2034-01-22,2027-01-24,1153962.67,19136269.65,QUARTERLY,ACTIVE,2,True,2842761.44,146
POL000001782,CUS00006431,HEALTH,PRV4,2024-05-04,2029-05-03,2027-05-04,1688798.77,34492010.31,MONTHLY,ACTIVE,2,True,2842761.44,146
POL000001783,CUS00006433,HOME,PRV4,2025-12-28,2030-12-27,2026-12-28,376562.59,4473255.04,MONTHLY,ACTIVE,1,True,376562.59,119
POL000001784,CUS00006440,LIFE,PRV1,2023-09-04,2028-09-02,2026-09-03,2490283.35,37998120.78,ANNUAL,ACTIVE,2,True,13164465.2,3
POL000001785,CUS00006440,HEALTH,PRV5,2022-12-06,2027-12-05,2026-12-05,10674181.85,113123711.69,MONTHLY,ACTIVE,2,True,13164465.2,3
POL000001786,CUS00006442,HEALTH,PRV5,2026-06-15,2036-06-12,2027-06-15,317574.45,5826609.35,ANNUAL,ACTIVE,1,True,317574.45,288
POL000001787,CUS00006443,LIFE,PRV1,2025-02-11,2026-02-11,2027-02-11,7989584.88,104229301.98,QUARTERLY,LAPSED,1,False,0.0,
POL000001788,CUS00006448,HEALTH,PRV2,2025-10-03,2045-09-28,2026-10-03,639647.84,10802948.53,ANNUAL,ACTIVE,1,True,639647.84,33
POL000001789,CUS00006449,MOTOR,PRV2,2025-07-13,2035-07-11,2027-07-13,1284235.89,11654657.92,ANNUAL,ACTIVE,1,True,1284235.89,316
POL000001790,CUS00006453,MOTOR,PRV1,2025-08-28,2035-08-26,2027-08-28,3937621.6,94074494.3,ANNUAL,ACTIVE,2,True,6004997.71,111
POL000001791,CUS00006453,HEALTH,PRV4,2022-12-21,2027-12-20,2026-12-20,2067376.11,22202398.27,ANNUAL,ACTIVE,2,True,6004997.71,111
POL000001792,CUS00006460,MOTOR,PRV1,2023-02-18,2024-02-18,2027-02-17,1856412.66,18243570.67,ANNUAL,LAPSED,1,False,0.0,
POL000001793,CUS00006461,LIFE,PRV5,2023-07-12,2043-07-07,2027-07-11,354504.59,8689449.18,ANNUAL,ACTIVE,2,True,1305174.03,14
POL000001794,CUS00006461,MOTOR,PRV4,2024-09-14,2029-09-13,2026-09-14,950669.44,15052524.5,ANNUAL,ACTIVE,2,True,1305174.03,14
POL000001795,CUS00006463,HOME,PRV3,2024-05-16,2034-05-14,2027-05-16,654686.03,10941966.45,ANNUAL,ACTIVE,1,True,654686.03,258
POL000001796,CUS00006468,TRAVEL,PRV5,2024-01-12,2044-01-07,2027-01-11,770426.06,10867882.02,MONTHLY,ACTIVE,1,True,770426.06,133
POL000001797,CUS00006470,LIFE,PRV4,2022-10-14,2042-10-09,2026-10-13,6483327.23,93557518.45,ANNUAL,ACTIVE,1,True,6483327.23,43
POL000001798,CUS00006472,LIFE,PRV3,2023-08-20,2028-08-18,2027-08-19,1056193.53,19641851.0,MONTHLY,ACTIVE,1,True,1056193.53,353
POL000001799,CUS00006477,HOME,PRV1,2024-04-30,2044-04-25,2027-04-30,336199.48,4309419.19,MONTHLY,ACTIVE,1,True,336199.48,242
POL000001800,CUS00006484,LIFE,PRV4,2023-10-12,2024-10-11,2026-10-11,28532244.86,460322786.88,ANNUAL,LAPSED,1,False,0.0,
POL000001801,CUS00006488,TRAVEL,PRV1,2025-02-19,2030-02-18,2027-02-19,302502.69,3395948.4,MONTHLY,ACTIVE,1,True,302502.69,172
POL000001802,CUS00006496,MOTOR,PRV2,2024-04-22,2034-04-20,2027-04-22,12625074.36,268407358.77,ANNUAL,ACTIVE,1,True,12625074.36,234
POL000001803,CUS00006500,HOME,PRV5,2024-11-24,2029-11-23,2026-11-24,655418.6,5267987.05,ANNUAL,ACTIVE,1,True,655418.6,85
POL000001804,CUS00006503,HOME,PRV5,2024-03-01,2044-02-25,2027-03-01,1204093.0,20722943.15,MONTHLY,ACTIVE,1,True,1204093.0,182
POL000001805,CUS00006505,TRAVEL,PRV2,2025-10-26,2035-10-24,2026-10-26,558944.31,11060048.67,MONTHLY,ACTIVE,2,True,2632653.6,56
POL000001806,CUS00006505,LIFE,PRV2,2024-12-27,2034-12-25,2026-12-27,2073709.29,23841449.09,MONTHLY,ACTIVE,2,True,2632653.6,56
POL000001807,CUS00006508,LIFE,PRV3,2025-03-05,2026-03-05,2027-03-05,3283329.27,44619574.39,QUARTERLY,LAPSED,1,False,0.0,
POL000001808,CUS00006510,LIFE,PRV4,2024-10-31,2029-10-30,2026-10-31,670626.72,9888779.99,MONTHLY,ACTIVE,1,True,670626.72,61
POL000001809,CUS00006513,LIFE,PRV4,2023-04-24,2028-04-22,2027-04-23,343046.29,3393954.94,MONTHLY,ACTIVE,1,True,343046.29,235
POL000001810,CUS00006514,HOME,PRV3,2023-02-26,2028-02-25,2027-02-25,9366462.19,132167323.47,QUARTERLY,ACTIVE,1,True,9366462.19,178
POL000001811,CUS00006520,LIFE,PRV5,2023-05-06,2028-05-04,2027-05-05,5867331.26,77793343.85,QUARTERLY,ACTIVE,1,True,5867331.26,247
POL000001812,CUS00006521,LIFE,PRV3,2023-09-08,2043-09-03,2026-09-07,639466.12,6028252.0,QUARTERLY,ACTIVE,1,True,639466.12,7
POL000001813,CUS00006522,LIFE,PRV4,2022-12-27,2023-12-27,2026-12-26,436149.88,10533038.96,MONTHLY,LAPSED,1,False,0.0,
POL000001814,CUS00006533,MOTOR,PRV2,2025-06-18,2026-06-18,2027-06-18,2709195.54,34766370.94,ANNUAL,LAPSED,1,False,0.0,
POL000001815,CUS00006538,HEALTH,PRV2,2023-07-03,2033-06-30,2027-07-02,364453.65,6512854.87,ANNUAL,ACTIVE,1,True,364453.65,305
POL000001816,CUS00006550,MOTOR,PRV3,2023-10-10,2024-10-09,2026-10-09,482512.82,6075758.5,MONTHLY,LAPSED,1,False,0.0,
POL000001817,CUS00006551,LIFE,PRV5,2024-02-09,2044-02-04,2027-02-08,602454.84,12207222.98,QUARTERLY,ACTIVE,1,True,602454.84,161
POL000001818,CUS00006553,HOME,PRV3,2023-02-20,2028-02-19,2027-02-19,1712366.91,34817733.78,ANNUAL,ACTIVE,1,True,1712366.91,172
POL000001819,CUS00006560,HOME,PRV3,2025-10-13,2030-10-12,2026-10-13,364307.1,6813451.54,ANNUAL,ACTIVE,1,True,364307.1,43
POL000001820,CUS00006569,LIFE,PRV2,2022-09-01,2027-08-31,2027-08-31,4487819.38,108598960.2,QUARTERLY,ACTIVE,1,True,4487819.38,365
POL000001821,CUS00006573,LIFE,PRV4,2026-01-30,2036-01-28,2027-01-30,146666.03,2753658.59,ANNUAL,ACTIVE,1,True,146666.03,152
POL000001822,CUS00006575,HEALTH,PRV2,2026-05-08,2027-05-08,2027-05-08,1156055.77,27270826.67,ANNUAL,ACTIVE,1,True,1156055.77,250
POL000001823,CUS00006578,HEALTH,PRV2,2023-11-27,2024-11-26,2026-11-26,1338389.08,28449643.93,ANNUAL,LAPSED,1,False,0.0,
POL000001824,CUS00006581,MOTOR,PRV5,2023-09-16,2028-09-14,2026-09-15,1965607.04,20217818.36,ANNUAL,ACTIVE,1,True,1965607.04,15
POL000001825,CUS00006590,MOTOR,PRV3,2025-10-27,2035-10-25,2026-10-27,374219.16,3404456.71,MONTHLY,ACTIVE,1,True,374219.16,57
POL000001826,CUS00006602,HOME,PRV1,2023-08-06,2033-08-03,2027-08-05,186523.85,3741166.94,MONTHLY,ACTIVE,2,True,406546.25,175
POL000001827,CUS00006602,HOME,PRV3,2024-02-23,2044-02-18,2027-02-22,220022.4,4323009.64,MONTHLY,ACTIVE,2,True,406546.25,175
POL000001828,CUS00006606,HEALTH,PRV1,2022-12-21,2042-12-16,2026-12-20,13502634.04,162035514.22,QUARTERLY,ACTIVE,1,True,13502634.04,111
POL000001829,CUS00006607,LIFE,PRV2,2024-05-21,2034-05-19,2027-05-21,2001505.39,20510270.08,MONTHLY,ACTIVE,1,True,2001505.39,263
POL000001830,CUS00006614,MOTOR,PRV2,2026-03-16,2027-03-16,2027-03-16,1356200.95,19355530.51,ANNUAL,ACTIVE,1,True,1356200.95,197
POL000001831,CUS00006620,HEALTH,PRV3,2026-02-05,2027-02-05,2027-02-05,555634.0,8994976.72,ANNUAL,ACTIVE,1,True,555634.0,158
POL000001832,CUS00006627,LIFE,PRV2,2024-01-07,2034-01-04,2027-01-06,35038224.64,697806059.68,MONTHLY,ACTIVE,2,True,35038224.64,128
POL000001833,CUS00006627,HEALTH,PRV3,2025-01-26,2026-01-26,2027-01-26,40889171.09,986183339.95,ANNUAL,LAPSED,2,True,35038224.64,128
POL000001834,CUS00006629,MOTOR,PRV2,2023-11-15,2024-11-14,2026-11-14,6371029.46,111304108.65,ANNUAL,LAPSED,1,False,0.0,
POL000001835,CUS00006630,TRAVEL,PRV4,2026-03-01,2027-03-01,2027-03-01,346261.14,4695639.31,MONTHLY,ACTIVE,2,True,346261.14,182
POL000001836,CUS00006630,HEALTH,PRV2,2022-10-26,2023-10-26,2026-10-25,535376.51,9611158.75,MONTHLY,LAPSED,2,True,346261.14,182
POL000001837,CUS00006632,TRAVEL,PRV4,2026-05-11,2046-05-06,2027-05-11,2555132.87,51380192.09,MONTHLY,ACTIVE,1,True,2555132.87,253
POL000001838,CUS00006634,LIFE,PRV5,2025-11-03,2030-11-02,2026-11-03,7519873.07,108319409.45,ANNUAL,ACTIVE,1,True,7519873.07,64
POL000001839,CUS00006635,MOTOR,PRV5,2024-03-02,2025-03-02,2027-03-02,2711406.26,47978058.31,ANNUAL,LAPSED,2,True,1359304.15,169
POL000001840,CUS00006635,HOME,PRV2,2023-02-17,2028-02-16,2027-02-16,1359304.15,32727944.97,MONTHLY,ACTIVE,2,True,1359304.15,169
POL000001841,CUS00006637,LIFE,PRV2,2023-11-23,2028-11-21,2026-11-22,1559283.46,22886224.8,ANNUAL,ACTIVE,1,True,1559283.46,83
POL000001842,CUS00006639,MOTOR,PRV2,2023-08-08,2043-08-03,2027-08-07,1192749.8,16534485.63,QUARTERLY,ACTIVE,1,True,1192749.8,341
POL000001843,CUS00006645,LIFE,PRV3,2023-12-31,2033-12-28,2026-12-30,561082.21,14026729.78,QUARTERLY,ACTIVE,1,True,561082.21,121
POL000001844,CUS00006646,LIFE,PRV3,2023-07-18,2043-07-13,2027-07-17,521694.03,7717287.55,QUARTERLY,ACTIVE,1,True,521694.03,320
POL000001845,CUS00006647,HOME,PRV2,2026-04-28,2031-04-27,2027-04-28,4966123.98,66935102.8,MONTHLY,ACTIVE,1,True,4966123.98,240
POL000001846,CUS00006648,HEALTH,PRV4,2025-10-11,2035-10-09,2026-10-11,1405630.33,11931293.95,ANNUAL,ACTIVE,1,True,1405630.33,41
POL000001847,CUS00006652,HEALTH,PRV3,2023-09-12,2028-09-10,2026-09-11,427387.28,4988746.33,ANNUAL,ACTIVE,1,True,427387.28,11
POL000001848,CUS00006654,LIFE,PRV4,2024-01-18,2029-01-16,2027-01-17,533294.87,12717498.31,ANNUAL,ACTIVE,1,True,533294.87,139
POL000001849,CUS00006658,HEALTH,PRV2,2024-09-25,2034-09-23,2026-09-25,1368385.53,33520957.57,ANNUAL,ACTIVE,1,True,1368385.53,25
POL000001850,CUS00006663,LIFE,PRV5,2024-06-13,2034-06-11,2027-06-13,2123797.24,17457572.4,ANNUAL,ACTIVE,1,True,2123797.24,286
POL000001851,CUS00006671,HEALTH,PRV3,2022-07-25,2042-07-20,2027-07-24,948592.69,13779281.81,ANNUAL,ACTIVE,2,True,3867518.43,312
POL000001852,CUS00006671,LIFE,PRV5,2025-07-09,2030-07-08,2027-07-09,2918925.74,27300018.56,MONTHLY,ACTIVE,2,True,3867518.43,312
POL000001853,CUS00006677,TRAVEL,PRV5,2025-06-28,2026-06-28,2027-06-28,597327.91,6969719.82,ANNUAL,LAPSED,2,True,856910.58,259
POL000001854,CUS00006677,LIFE,PRV5,2025-05-17,2030-05-16,2027-05-17,856910.58,7514169.96,MONTHLY,ACTIVE,2,True,856910.58,259
POL000001855,CUS00006681,LIFE,PRV1,2022-10-10,2023-10-10,2026-10-09,1524070.51,30565585.05,MONTHLY,LAPSED,1,False,0.0,
POL000001856,CUS00006684,HEALTH,PRV3,2023-09-13,2043-09-08,2026-09-12,292499.6,5912732.59,QUARTERLY,ACTIVE,1,True,292499.6,12
POL000001857,CUS00006691,HOME,PRV2,2024-04-04,2034-04-02,2027-04-04,2760222.26,67734943.48,ANNUAL,ACTIVE,2,True,4390498.62,46
POL000001858,CUS00006691,HEALTH,PRV4,2023-10-17,2033-10-14,2026-10-16,1630276.36,20787129.09,ANNUAL,ACTIVE,2,True,4390498.62,46
POL000001859,CUS00006693,LIFE,PRV2,2022-08-01,2042-07-27,2027-07-31,248599.74,4959666.11,ANNUAL,ACTIVE,2,True,896781.43,303
POL000001860,CUS00006693,HEALTH,PRV3,2025-06-30,2030-06-29,2027-06-30,648181.69,8883831.28,ANNUAL,ACTIVE,2,True,896781.43,303
POL000001861,CUS00006695,TRAVEL,PRV4,2026-03-11,2046-03-06,2027-03-11,4843066.17,43674124.12,QUARTERLY,ACTIVE,2,True,12694439.5,136
POL000001862,CUS00006695,HEALTH,PRV1,2026-01-14,2027-01-14,2027-01-14,7851373.33,113882148.79,ANNUAL,ACTIVE,2,True,12694439.5,136
POL000001863,CUS00006698,HEALTH,PRV2,2025-10-10,2035-10-08,2026-10-10,6463358.91,61851882.89,QUARTERLY,ACTIVE,2,True,15684540.86,31
POL000001864,CUS00006698,LIFE,PRV4,2022-10-02,2027-10-01,2026-10-01,9221181.95,226712039.1,QUARTERLY,ACTIVE,2,True,15684540.86,31
POL000001865,CUS00006700,HOME,PRV3,2024-02-18,2029-02-16,2027-02-17,1110190.82,15310815.83,MONTHLY,ACTIVE,2,True,2462974.43,50
POL000001866,CUS00006700,LIFE,PRV2,2022-10-21,2032-10-18,2026-10-20,1352783.61,21647623.12,ANNUAL,ACTIVE,2,True,2462974.43,50
POL000001867,CUS00006709,TRAVEL,PRV2,2026-06-15,2046-06-10,2027-06-15,1727693.72,29055106.5,ANNUAL,ACTIVE,1,True,1727693.72,288
POL000001868,CUS00006713,MOTOR,PRV3,2025-09-10,2026-09-10,2026-09-10,369476.08,4513470.31,MONTHLY,ACTIVE,2,True,369476.08,10
POL000001869,CUS00006713,LIFE,PRV4,2025-06-12,2026-06-12,2027-06-12,141012.13,1412523.26,ANNUAL,LAPSED,2,True,369476.08,10
POL000001870,CUS00006714,HEALTH,PRV2,2025-05-09,2045-05-04,2027-05-09,2416604.21,21237680.77,MONTHLY,ACTIVE,1,True,2416604.21,251
POL000001871,CUS00006715,TRAVEL,PRV4,2023-09-04,2043-08-30,2026-09-03,275559.4,2430382.73,MONTHLY,ACTIVE,1,True,275559.4,3
POL000001872,CUS00006718,LIFE,PRV1,2026-06-30,2036-06-27,2027-06-30,954581.24,11411270.56,ANNUAL,ACTIVE,1,True,954581.24,303
POL000001873,CUS00006724,LIFE,PRV3,2022-12-15,2032-12-12,2026-12-14,1005551.91,23655401.87,ANNUAL,ACTIVE,1,True,1005551.91,105
POL000001874,CUS00006735,HOME,PRV3,2024-06-14,2025-06-14,2027-06-14,1256999.7,28345084.13,MONTHLY,LAPSED,1,False,0.0,
POL000001875,CUS00006737,LIFE,PRV3,2026-06-12,2027-06-12,2027-06-12,1286649.66,19680398.33,ANNUAL,ACTIVE,1,True,1286649.66,285
POL000001876,CUS00006743,LIFE,PRV3,2024-07-28,2025-07-28,2027-07-28,8117522.96,91446863.22,ANNUAL,LAPSED,1,False,0.0,
POL000001877,CUS00006751,TRAVEL,PRV2,2022-10-12,2023-10-12,2026-10-11,678562.06,15159982.15,QUARTERLY,LAPSED,1,False,0.0,
POL000001878,CUS00006753,LIFE,PRV2,2025-04-13,2026-04-13,2027-04-13,7297393.24,98681418.56,ANNUAL,LAPSED,1,False,0.0,
POL000001879,CUS00006761,LIFE,PRV3,2026-07-01,2027-07-01,2027-07-01,2250882.29,50659355.05,MONTHLY,ACTIVE,1,True,2250882.29,304
POL000001880,CUS00006766,HEALTH,PRV1,2022-08-31,2023-08-31,2027-08-30,12730665.5,239014532.18,ANNUAL,LAPSED,1,False,0.0,
POL000001881,CUS00006771,HEALTH,PRV1,2026-02-28,2031-02-27,2027-02-28,1207052.3,20881816.94,MONTHLY,ACTIVE,2,True,2219485.0,181
POL000001882,CUS00006771,TRAVEL,PRV2,2026-06-17,2027-06-17,2027-06-17,1012432.7,20952801.92,ANNUAL,ACTIVE,2,True,2219485.0,181
POL000001883,CUS00006780,MOTOR,PRV5,2022-09-06,2032-09-03,2026-09-05,577104.6,5044527.62,ANNUAL,ACTIVE,1,True,577104.6,5
POL000001884,CUS00006792,HOME,PRV4,2024-10-05,2044-09-30,2026-10-05,11225345.54,277637528.11,QUARTERLY,ACTIVE,1,True,11225345.54,35
POL000001885,CUS00006801,LIFE,PRV5,2025-11-21,2035-11-19,2026-11-21,7680669.95,85893981.68,ANNUAL,ACTIVE,1,True,7680669.95,82
POL000001886,CUS00006802,MOTOR,PRV1,2023-01-26,2033-01-23,2027-01-25,1229955.69,9918291.03,ANNUAL,ACTIVE,1,True,1229955.69,147
POL000001887,CUS00006813,TRAVEL,PRV5,2023-10-24,2028-10-22,2026-10-23,13236902.66,302281652.93,MONTHLY,ACTIVE,1,True,13236902.66,53
POL000001888,CUS00006825,HOME,PRV2,2025-05-25,2026-05-25,2027-05-25,95510.91,809297.89,MONTHLY,LAPSED,1,False,0.0,
POL000001889,CUS00006833,HEALTH,PRV1,2022-12-10,2027-12-09,2026-12-09,358454.83,8455169.48,MONTHLY,ACTIVE,1,True,358454.83,100
POL000001890,CUS00006842,TRAVEL,PRV4,2025-10-04,2045-09-29,2026-10-04,4548528.62,56852978.94,MONTHLY,ACTIVE,1,True,4548528.62,34
POL000001891,CUS00006843,HEALTH,PRV1,2025-01-04,2030-01-03,2027-01-04,19320431.42,278844392.63,ANNUAL,ACTIVE,1,True,19320431.42,126
POL000001892,CUS00006844,HEALTH,PRV2,2023-05-02,2028-04-30,2027-05-01,1587354.83,17912053.39,ANNUAL,ACTIVE,1,True,1587354.83,243
POL000001893,CUS00006848,MOTOR,PRV1,2022-08-07,2032-08-04,2027-08-06,159780.22,3931482.46,ANNUAL,ACTIVE,1,True,159780.22,340
POL000001894,CUS00006850,LIFE,PRV1,2023-05-20,2043-05-15,2027-05-19,1022192.68,9709069.23,ANNUAL,ACTIVE,2,True,3877505.66,261
POL000001895,CUS00006850,MOTOR,PRV3,2023-08-19,2043-08-14,2027-08-18,2855312.98,30537408.31,MONTHLY,ACTIVE,2,True,3877505.66,261
POL000001896,CUS00006853,TRAVEL,PRV1,2025-06-29,2026-06-29,2027-06-29,3107178.56,71870589.39,QUARTERLY,LAPSED,1,False,0.0,
POL000001897,CUS00006862,HEALTH,PRV3,2024-04-11,2029-04-10,2027-04-11,1765938.71,32720420.04,QUARTERLY,ACTIVE,1,True,1765938.71,223
POL000001898,CUS00006868,LIFE,PRV3,2022-09-07,2023-09-07,2026-09-06,2361089.31,46301461.64,ANNUAL,LAPSED,1,False,0.0,
POL000001899,CUS00006872,LIFE,PRV5,2025-04-13,2030-04-12,2027-04-13,5038907.65,109708038.59,MONTHLY,ACTIVE,2,True,18247474.3,93
POL000001900,CUS00006872,LIFE,PRV2,2024-12-02,2029-12-01,2026-12-02,13208566.65,253093437.68,MONTHLY,ACTIVE,2,True,18247474.3,93
POL000001901,CUS00006873,HEALTH,PRV2,2025-02-20,2045-02-15,2027-02-20,6651966.02,145377220.75,ANNUAL,ACTIVE,2,True,11771449.65,173
POL000001902,CUS00006873,TRAVEL,PRV1,2022-08-28,2027-08-27,2027-08-27,5119483.63,44687322.07,MONTHLY,ACTIVE,2,True,11771449.65,173
POL000001903,CUS00006880,TRAVEL,PRV4,2023-03-27,2028-03-25,2027-03-26,31466853.4,773081951.99,QUARTERLY,ACTIVE,1,True,31466853.4,207
POL000001904,CUS00006881,TRAVEL,PRV1,2026-01-23,2046-01-18,2027-01-23,580935.73,6784719.65,ANNUAL,ACTIVE,1,True,580935.73,145
POL000001905,CUS00006891,LIFE,PRV1,2022-12-30,2023-12-30,2026-12-29,437384.84,5131543.4,ANNUAL,LAPSED,1,False,0.0,
POL000001906,CUS00006898,LIFE,PRV2,2023-10-05,2028-10-03,2026-10-04,20859157.69,320778337.45,ANNUAL,ACTIVE,2,True,59454328.76,34
POL000001907,CUS00006898,TRAVEL,PRV2,2022-12-08,2032-12-05,2026-12-07,38595171.07,490868067.06,QUARTERLY,ACTIVE,2,True,59454328.76,34
POL000001908,CUS00006899,HEALTH,PRV2,2023-11-14,2043-11-09,2026-11-13,159778.57,3975986.22,ANNUAL,ACTIVE,1,True,159778.57,74
POL000001909,CUS00006901,LIFE,PRV3,2024-09-07,2044-09-02,2026-09-07,463876.04,8874546.14,ANNUAL,ACTIVE,1,True,463876.04,7
POL000001910,CUS00006904,HEALTH,PRV1,2026-04-27,2027-04-27,2027-04-27,11333313.94,246382659.72,ANNUAL,ACTIVE,1,True,11333313.94,239
POL000001911,CUS00006907,LIFE,PRV1,2024-10-04,2025-10-04,2026-10-04,381550.88,6852039.91,QUARTERLY,LAPSED,1,False,0.0,
POL000001912,CUS00006914,HEALTH,PRV5,2025-04-03,2045-03-29,2027-04-03,8364332.33,91250304.03,QUARTERLY,ACTIVE,1,True,8364332.33,215
POL000001913,CUS00006920,LIFE,PRV5,2025-02-18,2035-02-16,2027-02-18,2252919.38,39927316.82,ANNUAL,ACTIVE,1,True,2252919.38,171
POL000001914,CUS00006922,TRAVEL,PRV4,2026-06-16,2036-06-13,2027-06-16,3979313.86,89985542.7,MONTHLY,ACTIVE,1,True,3979313.86,289
POL000001915,CUS00006926,HEALTH,PRV1,2024-02-29,2034-02-26,2027-02-28,2805848.64,57599264.47,QUARTERLY,ACTIVE,1,True,2805848.64,181
POL000001916,CUS00006927,HEALTH,PRV1,2025-01-16,2026-01-16,2027-01-16,2380924.2,25349779.14,MONTHLY,LAPSED,1,False,0.0,
POL000001917,CUS00006928,TRAVEL,PRV5,2025-11-14,2030-11-13,2026-11-14,949264.81,15488259.55,ANNUAL,ACTIVE,1,True,949264.81,75
POL000001918,CUS00006929,LIFE,PRV4,2022-09-10,2023-09-10,2026-09-09,2217836.94,20449551.65,QUARTERLY,LAPSED,1,False,0.0,
POL000001919,CUS00006932,MOTOR,PRV1,2023-06-02,2043-05-28,2027-06-01,266127.72,4286366.97,QUARTERLY,ACTIVE,1,True,266127.72,274
POL000001920,CUS00006933,HEALTH,PRV2,2024-02-12,2034-02-09,2027-02-11,143906.3,2995720.41,ANNUAL,ACTIVE,1,True,143906.3,164
POL000001921,CUS00006940,MOTOR,PRV2,2024-10-08,2034-10-06,2026-10-08,187614.04,3736899.77,ANNUAL,ACTIVE,1,True,187614.04,38
POL000001922,CUS00006944,HEALTH,PRV5,2022-10-11,2023-10-11,2026-10-10,1668853.6,39584860.34,ANNUAL,LAPSED,2,True,990516.28,198
POL000001923,CUS00006944,HEALTH,PRV3,2024-03-17,2034-03-15,2027-03-17,990516.28,20670664.9,MONTHLY,ACTIVE,2,True,990516.28,198
POL000001924,CUS00006949,TRAVEL,PRV4,2023-10-23,2024-10-22,2026-10-22,2828976.62,44336955.24,ANNUAL,LAPSED,1,False,0.0,
POL000001925,CUS00006954,MOTOR,PRV2,2024-07-07,2034-07-05,2027-07-07,4538750.13,98210679.34,ANNUAL,ACTIVE,1,True,4538750.13,310
POL000001926,CUS00006957,HEALTH,PRV3,2023-12-13,2028-12-11,2026-12-12,1062235.47,14564845.59,QUARTERLY,ACTIVE,1,True,1062235.47,103
POL000001927,CUS00006962,HOME,PRV4,2026-05-23,2031-05-22,2027-05-23,350422.35,6043799.87,ANNUAL,ACTIVE,1,True,350422.35,265
POL000001928,CUS00006965,HEALTH,PRV2,2025-04-01,2030-03-31,2027-04-01,989864.28,15699493.6,QUARTERLY,ACTIVE,1,True,989864.28,213
POL000001929,CUS00006970,MOTOR,PRV3,2024-02-20,2034-02-17,2027-02-19,1717695.37,39502800.03,ANNUAL,ACTIVE,1,True,1717695.37,172
POL000001930,CUS00006978,TRAVEL,PRV5,2022-08-09,2042-08-04,2027-08-08,3646192.35,58115044.28,ANNUAL,ACTIVE,1,True,3646192.35,342
POL000001931,CUS00006979,HEALTH,PRV3,2023-05-23,2033-05-20,2027-05-22,1870153.07,35752621.33,ANNUAL,ACTIVE,1,True,1870153.07,264
POL000001932,CUS00006986,LIFE,PRV5,2024-02-05,2025-02-04,2027-02-04,527746.36,8189575.43,QUARTERLY,LAPSED,1,False,0.0,
POL000001933,CUS00006987,HEALTH,PRV5,2025-11-18,2026-11-18,2026-11-18,1007791.57,23855003.24,QUARTERLY,ACTIVE,1,True,1007791.57,79
POL000001934,CUS00006988,MOTOR,PRV3,2026-02-28,2031-02-27,2027-02-28,118789.37,2792035.41,ANNUAL,ACTIVE,1,True,118789.37,181
POL000001935,CUS00006993,MOTOR,PRV5,2024-05-16,2025-05-16,2027-05-16,8061957.49,157527367.96,QUARTERLY,LAPSED,2,False,0.0,
POL000001936,CUS00006993,TRAVEL,PRV3,2022-11-04,2023-11-04,2026-11-03,8796327.08,190332597.52,QUARTERLY,LAPSED,2,False,0.0,
POL000001937,CUS00006996,HEALTH,PRV3,2023-05-11,2024-05-10,2027-05-10,5274353.19,108070457.64,ANNUAL,LAPSED,1,False,0.0,
POL000001938,CUS00007000,LIFE,PRV5,2026-04-13,2031-04-12,2027-04-13,19532420.51,204303979.83,QUARTERLY,ACTIVE,1,True,19532420.51,225
POL000001939,CUS00007001,HEALTH,PRV4,2022-09-14,2042-09-09,2026-09-13,4639771.5,113234188.25,MONTHLY,ACTIVE,1,True,4639771.5,13
POL000001940,CUS00007004,TRAVEL,PRV5,2025-07-13,2045-07-08,2027-07-13,20295666.94,494468543.52,MONTHLY,ACTIVE,1,True,20295666.94,316
POL000001941,CUS00007006,LIFE,PRV5,2024-09-05,2029-09-04,2026-09-05,326012.92,5050417.55,MONTHLY,ACTIVE,2,True,834327.35,5
POL000001942,CUS00007006,MOTOR,PRV3,2022-11-29,2042-11-24,2026-11-28,508314.43,6961490.87,QUARTERLY,ACTIVE,2,True,834327.35,5
POL000001943,CUS00007016,LIFE,PRV5,2023-06-13,2043-06-08,2027-06-12,330524.38,6537770.6,MONTHLY,ACTIVE,1,True,330524.38,285
POL000001944,CUS00007019,HOME,PRV2,2024-02-05,2025-02-04,2027-02-04,444048.66,10394792.63,MONTHLY,LAPSED,1,False,0.0,
POL000001945,CUS00007023,MOTOR,PRV2,2025-02-21,2026-02-21,2027-02-21,2497701.45,27144331.75,ANNUAL,LAPSED,1,False,0.0,
POL000001946,CUS00007035,HEALTH,PRV2,2022-12-16,2042-12-11,2026-12-15,384857.36,8431142.89,MONTHLY,ACTIVE,1,True,384857.36,106
POL000001947,CUS00007043,MOTOR,PRV3,2025-07-10,2045-07-05,2027-07-10,287843.76,6673039.08,MONTHLY,ACTIVE,1,True,287843.76,313
POL000001948,CUS00007045,HEALTH,PRV1,2023-08-26,2028-08-24,2027-08-25,329621.87,6317177.3,ANNUAL,ACTIVE,1,True,329621.87,359
POL000001949,CUS00007049,LIFE,PRV2,2024-12-31,2029-12-30,2026-12-31,349201.25,4278798.61,ANNUAL,ACTIVE,1,True,349201.25,122
POL000001950,CUS00007050,LIFE,PRV5,2024-12-09,2044-12-04,2026-12-09,1033383.83,18584251.05,ANNUAL,ACTIVE,1,True,1033383.83,100
POL000001951,CUS00007052,TRAVEL,PRV3,2023-11-05,2033-11-02,2026-11-04,595709.6,4943099.58,MONTHLY,ACTIVE,2,True,1143617.97,65
POL000001952,CUS00007052,LIFE,PRV4,2026-05-09,2036-05-06,2027-05-09,547908.37,5763252.52,MONTHLY,ACTIVE,2,True,1143617.97,65
POL000001953,CUS00007059,LIFE,PRV5,2025-03-20,2026-03-20,2027-03-20,129168.01,1762580.04,ANNUAL,LAPSED,1,False,0.0,
POL000001954,CUS00007072,LIFE,PRV5,2025-01-04,2030-01-03,2027-01-04,543730.94,5552176.09,ANNUAL,ACTIVE,1,True,543730.94,126
POL000001955,CUS00007074,MOTOR,PRV5,2024-03-20,2034-03-18,2027-03-20,1814066.34,26993890.79,QUARTERLY,ACTIVE,2,True,1814066.34,201
POL000001956,CUS00007074,HOME,PRV4,2023-11-26,2024-11-25,2026-11-25,1498243.79,28667506.85,MONTHLY,LAPSED,2,True,1814066.34,201
POL000001957,CUS00007075,HEALTH,PRV3,2022-10-05,2042-09-30,2026-10-04,10482040.52,99324918.92,ANNUAL,ACTIVE,1,True,10482040.52,34
POL000001958,CUS00007077,LIFE,PRV5,2024-06-05,2044-05-31,2027-06-05,2375841.08,38725216.61,MONTHLY,ACTIVE,1,True,2375841.08,278
POL000001959,CUS00007080,HOME,PRV2,2026-01-21,2046-01-16,2027-01-21,932733.12,9077189.94,MONTHLY,ACTIVE,1,True,932733.12,143
POL000001960,CUS00007081,HOME,PRV5,2025-10-20,2026-10-20,2026-10-20,2268166.97,27528947.24,ANNUAL,ACTIVE,1,True,2268166.97,50
POL000001961,CUS00007082,LIFE,PRV3,2023-02-14,2028-02-13,2027-02-13,15790655.79,342509221.86,ANNUAL,ACTIVE,1,True,15790655.79,166
POL000001962,CUS00007088,TRAVEL,PRV1,2026-06-16,2031-06-15,2027-06-16,447154.86,7935943.56,QUARTERLY,ACTIVE,1,True,447154.86,289
POL000001963,CUS00007094,MOTOR,PRV1,2026-04-29,2031-04-28,2027-04-29,198972.61,4454741.5,ANNUAL,ACTIVE,2,True,198972.61,241
POL000001964,CUS00007094,LIFE,PRV4,2024-07-24,2025-07-24,2027-07-24,268939.72,3370892.06,QUARTERLY,LAPSED,2,True,198972.61,241
POL000001965,CUS00007100,HEALTH,PRV4,2024-11-07,2044-11-02,2026-11-07,110286.64,1028704.82,ANNUAL,ACTIVE,1,True,110286.64,68
POL000001966,CUS00007104,LIFE,PRV3,2024-06-12,2025-06-12,2027-06-12,2032410.84,48067373.55,ANNUAL,LAPSED,1,False,0.0,
POL000001967,CUS00007109,TRAVEL,PRV4,2025-12-11,2030-12-10,2026-12-11,6525805.53,60293306.74,ANNUAL,ACTIVE,1,True,6525805.53,102
POL000001968,CUS00007110,HEALTH,PRV5,2022-11-08,2023-11-08,2026-11-07,10484058.02,238318886.99,MONTHLY,LAPSED,1,False,0.0,
POL000001969,CUS00007111,HEALTH,PRV3,2025-04-21,2030-04-20,2027-04-21,1099210.29,21645481.27,ANNUAL,ACTIVE,1,True,1099210.29,233
POL000001970,CUS00007116,LIFE,PRV4,2026-03-17,2036-03-14,2027-03-17,4319836.56,87854135.73,QUARTERLY,ACTIVE,1,True,4319836.56,198
POL000001971,CUS00007117,LIFE,PRV4,2023-07-01,2043-06-26,2027-06-30,1984602.28,46888567.47,MONTHLY,ACTIVE,1,True,1984602.28,303
POL000001972,CUS00007118,LIFE,PRV2,2024-11-18,2029-11-17,2026-11-18,665474.7,12083695.71,MONTHLY,ACTIVE,1,True,665474.7,79
POL000001973,CUS00007124,HEALTH,PRV1,2024-02-10,2034-02-07,2027-02-09,1436488.16,30200223.69,MONTHLY,ACTIVE,1,True,1436488.16,162
POL000001974,CUS00007136,LIFE,PRV2,2025-11-15,2035-11-13,2026-11-15,1110155.34,16724309.4,QUARTERLY,ACTIVE,1,True,1110155.34,76
POL000001975,CUS00007137,TRAVEL,PRV4,2025-03-23,2035-03-21,2027-03-23,3104456.65,58247674.24,ANNUAL,ACTIVE,1,True,3104456.65,204
POL000001976,CUS00007138,LIFE,PRV4,2025-06-12,2030-06-11,2027-06-12,2058791.56,27201067.68,MONTHLY,ACTIVE,1,True,2058791.56,285
POL000001977,CUS00007147,HEALTH,PRV3,2025-11-17,2030-11-16,2026-11-17,19820007.79,163377055.55,MONTHLY,ACTIVE,2,True,38371392.82,40
POL000001978,CUS00007147,LIFE,PRV1,2025-10-10,2030-10-09,2026-10-10,18551385.03,281936775.61,MONTHLY,ACTIVE,2,True,38371392.82,40
POL000001979,CUS00007152,LIFE,PRV1,2025-08-27,2045-08-22,2027-08-27,326080.14,3641559.23,ANNUAL,ACTIVE,1,True,326080.14,361
POL000001980,CUS00007154,TRAVEL,PRV3,2025-02-11,2045-02-06,2027-02-11,2377598.52,25310783.07,ANNUAL,ACTIVE,1,True,2377598.52,164
POL000001981,CUS00007155,HEALTH,PRV1,2023-06-14,2033-06-11,2027-06-13,3525906.77,35125367.71,MONTHLY,ACTIVE,2,True,3525906.77,286
POL000001982,CUS00007155,LIFE,PRV3,2022-11-14,2023-11-14,2026-11-13,9453559.4,177800194.67,ANNUAL,LAPSED,2,True,3525906.77,286
POL000001983,CUS00007159,MOTOR,PRV4,2023-11-23,2028-11-21,2026-11-22,166415.31,2388888.06,ANNUAL,ACTIVE,1,True,166415.31,83
POL000001984,CUS00007160,LIFE,PRV3,2025-07-08,2030-07-07,2027-07-08,1984759.43,49596193.75,ANNUAL,ACTIVE,1,True,1984759.43,311
POL000001985,CUS00007162,LIFE,PRV1,2026-06-04,2027-06-04,2027-06-04,2531253.97,37106255.53,ANNUAL,ACTIVE,1,True,2531253.97,277
POL000001986,CUS00007164,LIFE,PRV4,2023-01-24,2024-01-24,2027-01-23,1733550.36,32699948.8,MONTHLY,LAPSED,1,False,0.0,
POL000001987,CUS00007174,TRAVEL,PRV4,2022-10-28,2027-10-27,2026-10-27,831213.33,14425258.42,MONTHLY,ACTIVE,1,True,831213.33,57
POL000001988,CUS00007176,LIFE,PRV3,2023-11-06,2028-11-04,2026-11-05,1367336.65,30896477.44,QUARTERLY,ACTIVE,2,True,1982168.49,66
POL000001989,CUS00007176,LIFE,PRV2,2026-01-10,2027-01-10,2027-01-10,614831.84,14269359.55,MONTHLY,ACTIVE,2,True,1982168.49,66
POL000001990,CUS00007177,MOTOR,PRV5,2022-11-11,2027-11-10,2026-11-10,239729.3,2323130.66,MONTHLY,ACTIVE,1,True,239729.3,71
POL000001991,CUS00007180,HEALTH,PRV2,2023-06-24,2033-06-21,2027-06-23,2257210.78,29100544.77,ANNUAL,ACTIVE,1,True,2257210.78,296
POL000001992,CUS00007183,LIFE,PRV5,2026-02-02,2027-02-02,2027-02-02,7624223.33,130404342.11,ANNUAL,ACTIVE,1,True,7624223.33,155
POL000001993,CUS00007194,LIFE,PRV3,2026-05-04,2046-04-29,2027-05-04,5605943.1,76064530.19,ANNUAL,ACTIVE,1,True,5605943.1,246
POL000001994,CUS00007205,HEALTH,PRV2,2025-02-23,2045-02-18,2027-02-23,348184.14,5324588.32,ANNUAL,ACTIVE,1,True,348184.14,176
POL000001995,CUS00007218,MOTOR,PRV2,2023-10-07,2033-10-04,2026-10-06,750777.1,15057277.59,ANNUAL,ACTIVE,1,True,750777.1,36
POL000001996,CUS00007222,LIFE,PRV5,2024-04-29,2034-04-27,2027-04-29,295134.53,3821699.49,QUARTERLY,ACTIVE,1,True,295134.53,241
POL000001997,CUS00007226,LIFE,PRV3,2024-05-29,2029-05-28,2027-05-29,90572.25,788969.7,ANNUAL,ACTIVE,1,True,90572.25,271
POL000001998,CUS00007230,LIFE,PRV3,2022-08-19,2042-08-14,2027-08-18,1436628.44,35760001.19,QUARTERLY,ACTIVE,1,True,1436628.44,352
POL000001999,CUS00007242,LIFE,PRV3,2023-01-16,2033-01-13,2027-01-15,1669865.8,37611081.19,QUARTERLY,ACTIVE,1,True,1669865.8,137
POL000002000,CUS00007243,HOME,PRV2,2024-12-18,2044-12-13,2026-12-18,2593592.65,33346171.69,QUARTERLY,ACTIVE,1,True,2593592.65,109
POL000002001,CUS00007244,LIFE,PRV3,2024-04-22,2025-04-22,2027-04-22,1088522.01,9277531.06,MONTHLY,LAPSED,1,False,0.0,
POL000002002,CUS00007248,TRAVEL,PRV4,2025-07-14,2026-07-14,2027-07-14,1075505.36,18171158.35,MONTHLY,LAPSED,1,False,0.0,
POL000002003,CUS00007251,MOTOR,PRV5,2024-01-31,2034-01-28,2027-01-30,2637759.95,24939171.72,MONTHLY,ACTIVE,1,True,2637759.95,152
POL000002004,CUS00007257,LIFE,PRV1,2025-03-11,2030-03-10,2027-03-11,6495231.39,129158864.36,QUARTERLY,ACTIVE,1,True,6495231.39,192
POL000002005,CUS00007264,TRAVEL,PRV5,2025-11-14,2026-11-14,2026-11-14,690731.93,15401121.02,MONTHLY,ACTIVE,1,True,690731.93,75
POL000002006,CUS00007266,LIFE,PRV1,2024-01-09,2034-01-06,2027-01-08,81887.3,853595.53,ANNUAL,ACTIVE,1,True,81887.3,130
POL000002007,CUS00007267,LIFE,PRV2,2025-08-11,2045-08-06,2027-08-11,560888.03,10122147.68,MONTHLY,ACTIVE,1,True,560888.03,345
POL000002008,CUS00007270,LIFE,PRV3,2025-02-24,2045-02-19,2027-02-24,17615160.2,189863013.03,MONTHLY,ACTIVE,1,True,17615160.2,177
POL000002009,CUS00007274,MOTOR,PRV3,2025-08-17,2026-08-17,2027-08-17,871355.75,14298365.47,MONTHLY,LAPSED,1,False,0.0,
POL000002010,CUS00007276,LIFE,PRV4,2026-07-25,2031-07-24,2027-07-25,298152.94,3929360.43,ANNUAL,ACTIVE,1,True,298152.94,328
POL000002011,CUS00007277,LIFE,PRV2,2025-04-10,2045-04-05,2027-04-10,5417599.6,111449533.48,ANNUAL,ACTIVE,1,True,5417599.6,222
POL000002012,CUS00007292,HEALTH,PRV1,2025-09-23,2045-09-18,2026-09-23,518725.67,9795946.73,ANNUAL,ACTIVE,1,True,518725.67,23
POL000002013,CUS00007293,HOME,PRV2,2024-05-25,2034-05-23,2027-05-25,727905.73,17758421.64,ANNUAL,ACTIVE,1,True,727905.73,267
POL000002014,CUS00007297,MOTOR,PRV1,2024-12-11,2034-12-09,2026-12-11,573752.72,13986459.03,MONTHLY,ACTIVE,1,True,573752.72,102
POL000002015,CUS00007298,LIFE,PRV3,2022-09-07,2042-09-02,2026-09-06,1234010.97,10251571.84,QUARTERLY,ACTIVE,1,True,1234010.97,6
POL000002016,CUS00007311,TRAVEL,PRV5,2025-12-27,2030-12-26,2026-12-27,740134.8,11801995.84,ANNUAL,ACTIVE,1,True,740134.8,118
POL000002017,CUS00007318,MOTOR,PRV5,2025-12-08,2030-12-07,2026-12-08,814386.53,9694641.79,ANNUAL,ACTIVE,1,True,814386.53,99
POL000002018,CUS00007325,MOTOR,PRV1,2026-02-14,2036-02-12,2027-02-14,2523167.33,33928085.38,MONTHLY,ACTIVE,2,True,2523167.33,167
POL000002019,CUS00007325,LIFE,PRV4,2024-04-03,2025-04-03,2027-04-03,1777122.31,43457604.53,MONTHLY,LAPSED,2,True,2523167.33,167
POL000002020,CUS00007329,LIFE,PRV2,2023-05-16,2043-05-11,2027-05-15,1727283.4,25180225.13,ANNUAL,ACTIVE,1,True,1727283.4,257
POL000002021,CUS00007332,LIFE,PRV2,2025-05-03,2035-05-01,2027-05-03,3381808.9,59611912.42,MONTHLY,ACTIVE,1,True,3381808.9,245
POL000002022,CUS00007335,TRAVEL,PRV3,2024-10-26,2034-10-24,2026-10-26,1182731.81,28399202.26,QUARTERLY,ACTIVE,1,True,1182731.81,56
POL000002023,CUS00007336,LIFE,PRV3,2026-02-26,2031-02-25,2027-02-26,512114.89,12797874.97,ANNUAL,ACTIVE,2,True,2637191.35,140
POL000002024,CUS00007336,LIFE,PRV3,2026-01-18,2046-01-13,2027-01-18,2125076.46,46226298.53,MONTHLY,ACTIVE,2,True,2637191.35,140
POL000002025,CUS00007339,LIFE,PRV2,2024-11-25,2044-11-20,2026-11-25,12581673.64,211632434.69,ANNUAL,ACTIVE,2,True,49220894.94,86
POL000002026,CUS00007339,HEALTH,PRV4,2022-07-30,2032-07-27,2027-07-29,36639221.3,596972601.78,ANNUAL,ACTIVE,2,True,49220894.94,86
POL000002027,CUS00007340,MOTOR,PRV3,2024-12-10,2029-12-09,2026-12-10,6925361.55,124680411.88,ANNUAL,ACTIVE,2,True,9393736.91,101
POL000002028,CUS00007340,TRAVEL,PRV4,2023-07-21,2028-07-19,2027-07-20,2468375.36,19906352.29,ANNUAL,ACTIVE,2,True,9393736.91,101
POL000002029,CUS00007343,LIFE,PRV5,2025-04-11,2045-04-06,2027-04-11,5107118.12,91339518.28,MONTHLY,ACTIVE,1,True,5107118.12,223
POL000002030,CUS00007349,MOTOR,PRV2,2024-09-25,2034-09-23,2026-09-25,1873792.51,17825318.76,ANNUAL,ACTIVE,2,True,3979142.02,25
POL000002031,CUS00007349,HOME,PRV2,2023-10-22,2028-10-20,2026-10-21,2105349.51,26841950.09,ANNUAL,ACTIVE,2,True,3979142.02,25
POL000002032,CUS00007354,HOME,PRV1,2024-05-20,2025-05-20,2027-05-20,1117014.7,22595705.91,ANNUAL,LAPSED,2,True,1118717.82,42
POL000002033,CUS00007354,LIFE,PRV1,2025-10-12,2030-10-11,2026-10-12,1118717.82,13303319.3,MONTHLY,ACTIVE,2,True,1118717.82,42
POL000002034,CUS00007355,MOTOR,PRV5,2025-01-06,2045-01-01,2027-01-06,1051686.81,16231360.58,ANNUAL,ACTIVE,1,True,1051686.81,128
POL000002035,CUS00007359,LIFE,PRV5,2023-09-03,2028-09-01,2026-09-02,191050.83,4227489.08,MONTHLY,ACTIVE,2,True,739008.11,2
POL000002036,CUS00007359,HEALTH,PRV1,2022-11-12,2027-11-11,2026-11-11,547957.28,6479992.79,MONTHLY,ACTIVE,2,True,739008.11,2
POL000002037,CUS00007366,TRAVEL,PRV1,2023-07-29,2043-07-24,2027-07-28,4530301.19,56450547.47,MONTHLY,ACTIVE,1,True,4530301.19,331
POL000002038,CUS00007369,LIFE,PRV3,2025-02-26,2026-02-26,2027-02-26,484050.27,4115208.66,MONTHLY,LAPSED,1,False,0.0,
POL000002039,CUS00007376,MOTOR,PRV4,2023-06-03,2033-05-31,2027-06-02,6917517.48,146270698.82,QUARTERLY,ACTIVE,1,True,6917517.48,275
POL000002040,CUS00007377,HEALTH,PRV4,2026-03-01,2027-03-01,2027-03-01,1423117.61,26766999.34,MONTHLY,ACTIVE,1,True,1423117.61,182
POL000002041,CUS00007380,LIFE,PRV5,2025-09-02,2045-08-28,2026-09-02,208765.73,4845551.32,MONTHLY,ACTIVE,1,True,208765.73,2
POL000002042,CUS00007388,HEALTH,PRV2,2026-01-04,2036-01-02,2027-01-04,4140908.04,96132770.35,ANNUAL,ACTIVE,1,True,4140908.04,126
POL000002043,CUS00007389,HEALTH,PRV2,2023-01-06,2028-01-05,2027-01-05,11953490.99,140484794.75,ANNUAL,ACTIVE,1,True,11953490.99,127
POL000002044,CUS00007399,LIFE,PRV4,2024-01-25,2025-01-24,2027-01-24,3310838.04,55276159.62,QUARTERLY,LAPSED,1,False,0.0,
POL000002045,CUS00007403,LIFE,PRV3,2024-12-03,2025-12-03,2026-12-03,791755.69,16347728.75,MONTHLY,LAPSED,1,False,0.0,
POL000002046,CUS00007406,HOME,PRV1,2024-12-30,2029-12-29,2026-12-30,2013506.9,27624077.35,MONTHLY,ACTIVE,2,True,3700859.46,26
POL000002047,CUS00007406,MOTOR,PRV5,2023-09-27,2043-09-22,2026-09-26,1687352.56,29263288.9,QUARTERLY,ACTIVE,2,True,3700859.46,26
POL000002048,CUS00007407,LIFE,PRV1,2025-07-08,2035-07-06,2027-07-08,439018.5,8005597.34,ANNUAL,ACTIVE,2,True,776937.03,188
POL000002049,CUS00007407,HEALTH,PRV1,2025-03-07,2030-03-06,2027-03-07,337918.53,3785320.72,ANNUAL,ACTIVE,2,True,776937.03,188
POL000002050,CUS00007414,LIFE,PRV5,2026-04-09,2036-04-06,2027-04-09,1088356.69,19149271.04,ANNUAL,ACTIVE,1,True,1088356.69,221
POL000002051,CUS00007419,LIFE,PRV3,2024-10-18,2034-10-16,2026-10-18,327959.57,5022715.75,QUARTERLY,ACTIVE,1,True,327959.57,48
POL000002052,CUS00007424,LIFE,PRV1,2023-01-16,2028-01-15,2027-01-15,630674.45,10631348.0,ANNUAL,ACTIVE,1,True,630674.45,137
POL000002053,CUS00007438,HEALTH,PRV1,2024-12-25,2025-12-25,2026-12-25,1002923.13,19197565.22,ANNUAL,LAPSED,1,False,0.0,
POL000002054,CUS00007439,HEALTH,PRV4,2024-07-04,2044-06-29,2027-07-04,2351961.57,32368001.01,MONTHLY,ACTIVE,2,True,10845432.4,246
POL000002055,CUS00007439,HEALTH,PRV1,2026-05-04,2027-05-04,2027-05-04,8493470.83,107835030.41,MONTHLY,ACTIVE,2,True,10845432.4,246
POL000002056,CUS00007441,MOTOR,PRV3,2024-05-06,2044-05-01,2027-05-06,71413.93,1378935.85,MONTHLY,ACTIVE,2,True,166546.89,248
POL000002057,CUS00007441,LIFE,PRV2,2022-08-18,2027-08-17,2027-08-17,95132.96,2124965.46,QUARTERLY,ACTIVE,2,True,166546.89,248
POL000002058,CUS00007446,HEALTH,PRV5,2022-12-05,2032-12-02,2026-12-04,839375.6,13135266.43,ANNUAL,ACTIVE,1,True,839375.6,95
POL000002059,CUS00007456,LIFE,PRV4,2026-06-21,2027-06-21,2027-06-21,4411401.49,38802153.37,QUARTERLY,ACTIVE,1,True,4411401.49,294
POL000002060,CUS00007457,LIFE,PRV5,2025-10-18,2035-10-16,2026-10-18,1826764.17,35935402.27,ANNUAL,ACTIVE,1,True,1826764.17,48
POL000002061,CUS00007462,HOME,PRV3,2026-03-26,2027-03-26,2027-03-26,2168593.46,35549913.06,ANNUAL,ACTIVE,1,True,2168593.46,207
POL000002062,CUS00007463,LIFE,PRV2,2023-04-05,2043-03-31,2027-04-04,275711.08,6177104.01,QUARTERLY,ACTIVE,1,True,275711.08,216
POL000002063,CUS00007472,HEALTH,PRV1,2025-04-14,2035-04-12,2027-04-14,852192.11,17972268.24,MONTHLY,ACTIVE,1,True,852192.11,226
POL000002064,CUS00007479,LIFE,PRV2,2022-11-16,2032-11-13,2026-11-15,23391610.35,454549360.31,ANNUAL,ACTIVE,1,True,23391610.35,76
POL000002065,CUS00007481,HEALTH,PRV5,2023-02-03,2033-01-31,2027-02-02,801200.87,11226797.58,MONTHLY,ACTIVE,2,True,801200.87,155
POL000002066,CUS00007481,TRAVEL,PRV3,2023-01-14,2024-01-14,2027-01-13,317866.05,3920488.4,ANNUAL,LAPSED,2,True,801200.87,155
POL000002067,CUS00007482,HEALTH,PRV2,2023-07-03,2024-07-02,2027-07-02,914411.1,19811369.6,ANNUAL,LAPSED,1,False,0.0,
POL000002068,CUS00007483,LIFE,PRV3,2025-01-05,2030-01-04,2027-01-05,5670920.68,67695320.64,ANNUAL,ACTIVE,1,True,5670920.68,127
POL000002069,CUS00007484,HEALTH,PRV4,2026-03-05,2027-03-05,2027-03-05,142504.56,2015658.04,QUARTERLY,ACTIVE,1,True,142504.56,186
POL000002070,CUS00007489,TRAVEL,PRV5,2025-04-22,2026-04-22,2027-04-22,1075759.77,10535612.3,ANNUAL,LAPSED,1,False,0.0,
POL000002071,CUS00007499,HEALTH,PRV2,2023-01-28,2043-01-23,2027-01-27,2711090.94,33756362.9,MONTHLY,ACTIVE,1,True,2711090.94,149
POL000002072,CUS00007504,MOTOR,PRV3,2023-03-24,2043-03-19,2027-03-23,331461.01,2787273.3,ANNUAL,ACTIVE,1,True,331461.01,204
POL000002073,CUS00007508,LIFE,PRV3,2023-05-08,2033-05-05,2027-05-07,1184432.63,15000703.78,ANNUAL,ACTIVE,2,True,1761127.34,230
POL000002074,CUS00007508,TRAVEL,PRV3,2026-04-18,2027-04-18,2027-04-18,576694.71,13091844.26,MONTHLY,ACTIVE,2,True,1761127.34,230
POL000002075,CUS00007509,LIFE,PRV2,2023-10-15,2028-10-13,2026-10-14,1350220.08,13814079.83,ANNUAL,ACTIVE,1,True,1350220.08,44
POL000002076,CUS00007510,HEALTH,PRV3,2026-02-02,2036-01-31,2027-02-02,698653.1,10998296.67,ANNUAL,ACTIVE,1,True,698653.1,155
POL000002077,CUS00007514,HEALTH,PRV1,2023-10-03,2033-09-30,2026-10-02,7386106.58,90362826.31,ANNUAL,ACTIVE,1,True,7386106.58,32
POL000002078,CUS00007518,HEALTH,PRV4,2024-07-22,2025-07-22,2027-07-22,563046.08,12771399.57,ANNUAL,LAPSED,1,False,0.0,
POL000002079,CUS00007531,HEALTH,PRV4,2023-08-12,2033-08-09,2027-08-11,2175428.93,49437505.15,MONTHLY,ACTIVE,1,True,2175428.93,345
POL000002080,CUS00007543,MOTOR,PRV3,2024-04-16,2044-04-11,2027-04-16,438450.27,10121268.57,MONTHLY,ACTIVE,1,True,438450.27,228
POL000002081,CUS00007552,HEALTH,PRV1,2025-05-01,2026-05-01,2027-05-01,1282454.02,20556998.47,ANNUAL,LAPSED,1,False,0.0,
POL000002082,CUS00007558,HEALTH,PRV1,2024-12-06,2029-12-05,2026-12-06,104769.32,1990102.46,ANNUAL,ACTIVE,1,True,104769.32,97
POL000002083,CUS00007563,MOTOR,PRV2,2025-08-26,2026-08-26,2027-08-26,129565.15,2298723.89,MONTHLY,LAPSED,1,False,0.0,
POL000002084,CUS00007566,MOTOR,PRV5,2022-08-15,2042-08-10,2027-08-14,6991859.03,136714689.66,MONTHLY,ACTIVE,2,True,12123395.66,21
POL000002085,CUS00007566,HEALTH,PRV3,2024-09-21,2034-09-19,2026-09-21,5131536.63,49848742.85,ANNUAL,ACTIVE,2,True,12123395.66,21
POL000002086,CUS00007569,TRAVEL,PRV4,2024-05-26,2029-05-25,2027-05-26,1017164.62,23634054.73,MONTHLY,ACTIVE,1,True,1017164.62,268
POL000002087,CUS00007570,LIFE,PRV3,2024-05-07,2025-05-07,2027-05-07,1547739.02,27456360.23,MONTHLY,LAPSED,2,True,1680572.38,169
POL000002088,CUS00007570,HEALTH,PRV2,2026-02-16,2027-02-16,2027-02-16,1680572.38,15948170.88,QUARTERLY,ACTIVE,2,True,1680572.38,169
POL000002089,CUS00007572,LIFE,PRV3,2023-12-26,2033-12-23,2026-12-25,209700.3,3586164.52,ANNUAL,ACTIVE,1,True,209700.3,116
POL000002090,CUS00007573,HEALTH,PRV2,2023-06-27,2043-06-22,2027-06-26,3704374.97,73516241.2,MONTHLY,ACTIVE,1,True,3704374.97,299
POL000002091,CUS00007574,LIFE,PRV4,2023-05-19,2033-05-16,2027-05-18,94810.01,1019656.81,QUARTERLY,ACTIVE,1,True,94810.01,260
POL000002092,CUS00007575,HEALTH,PRV4,2023-11-24,2024-11-23,2026-11-23,13771443.5,205411897.88,QUARTERLY,LAPSED,1,False,0.0,
POL000002093,CUS00007577,TRAVEL,PRV4,2026-03-09,2027-03-09,2027-03-09,789498.0,12096200.08,ANNUAL,ACTIVE,1,True,789498.0,190
POL000002094,CUS00007581,HEALTH,PRV2,2023-10-22,2043-10-17,2026-10-21,478019.36,11380690.95,QUARTERLY,ACTIVE,2,True,478019.36,51
POL000002095,CUS00007581,MOTOR,PRV1,2023-04-03,2024-04-02,2027-04-02,434592.84,7083525.49,ANNUAL,LAPSED,2,True,478019.36,51
POL000002096,CUS00007586,HEALTH,PRV3,2024-02-08,2034-02-05,2027-02-07,16576784.14,267323541.19,QUARTERLY,ACTIVE,1,True,16576784.14,160
POL000002097,CUS00007592,HEALTH,PRV5,2024-12-15,2025-12-15,2026-12-15,879726.16,20381733.01,QUARTERLY,LAPSED,1,False,0.0,
POL000002098,CUS00007606,LIFE,PRV5,2024-03-23,2034-03-21,2027-03-23,2735308.43,38327375.63,MONTHLY,ACTIVE,1,True,2735308.43,204
POL000002099,CUS00007613,HEALTH,PRV1,2024-03-26,2044-03-21,2027-03-26,3668636.76,62230886.51,MONTHLY,ACTIVE,1,True,3668636.76,207
POL000002100,CUS00007617,HEALTH,PRV3,2023-05-29,2033-05-26,2027-05-28,1312711.38,29757767.42,ANNUAL,ACTIVE,1,True,1312711.38,270
POL000002101,CUS00007619,HEALTH,PRV2,2025-11-27,2035-11-25,2026-11-27,1057854.02,20791340.17,QUARTERLY,ACTIVE,1,True,1057854.02,88
POL000002102,CUS00007624,HEALTH,PRV5,2022-08-27,2042-08-22,2027-08-26,413604.3,8388227.34,ANNUAL,ACTIVE,1,True,413604.3,360
POL000002103,CUS00007625,HEALTH,PRV4,2022-09-30,2027-09-29,2026-09-29,1300017.98,19066635.62,ANNUAL,ACTIVE,1,True,1300017.98,29
POL000002104,CUS00007631,MOTOR,PRV2,2023-10-31,2028-10-29,2026-10-30,8208577.79,146337260.88,ANNUAL,ACTIVE,2,True,12625544.24,49
POL000002105,CUS00007631,LIFE,PRV1,2022-10-20,2027-10-19,2026-10-19,4416966.45,43402433.74,MONTHLY,ACTIVE,2,True,12625544.24,49
POL000002106,CUS00007641,LIFE,PRV1,2023-03-17,2024-03-16,2027-03-16,399594.64,3414159.17,ANNUAL,LAPSED,1,False,0.0,
POL000002107,CUS00007642,HOME,PRV3,2022-08-11,2032-08-08,2027-08-10,351820.31,4993664.35,MONTHLY,ACTIVE,2,True,835637.44,253
POL000002108,CUS00007642,MOTOR,PRV2,2023-05-12,2033-05-09,2027-05-11,483817.13,6245112.13,MONTHLY,ACTIVE,2,True,835637.44,253
POL000002109,CUS00007648,MOTOR,PRV1,2023-01-05,2028-01-04,2027-01-04,1705746.6,31064604.67,ANNUAL,ACTIVE,1,True,1705746.6,126
POL000002110,CUS00007649,HEALTH,PRV4,2024-09-30,2025-09-30,2026-09-30,992333.2,13476870.32,ANNUAL,LAPSED,1,False,0.0,
POL000002111,CUS00007651,HEALTH,PRV3,2024-11-09,2025-11-09,2026-11-09,12344113.6,122661399.45,MONTHLY,LAPSED,1,False,0.0,
POL000002112,CUS00007652,HEALTH,PRV3,2025-10-12,2026-10-12,2026-10-12,2124060.96,39134481.87,MONTHLY,ACTIVE,1,True,2124060.96,42
POL000002113,CUS00007659,HOME,PRV3,2026-02-13,2031-02-12,2027-02-13,572132.22,11172682.89,ANNUAL,ACTIVE,2,True,711771.55,90
POL000002114,CUS00007659,HEALTH,PRV2,2025-11-29,2035-11-27,2026-11-29,139639.33,2104573.01,ANNUAL,ACTIVE,2,True,711771.55,90
POL000002115,CUS00007660,HEALTH,PRV5,2023-10-31,2033-10-28,2026-10-30,2117561.02,31350289.81,MONTHLY,ACTIVE,1,True,2117561.02,60
POL000002116,CUS00007661,HEALTH,PRV3,2022-08-27,2032-08-24,2027-08-26,835589.44,14391923.82,MONTHLY,ACTIVE,2,True,1138297.12,197
POL000002117,CUS00007661,LIFE,PRV2,2025-03-16,2030-03-15,2027-03-16,302707.68,6612174.66,QUARTERLY,ACTIVE,2,True,1138297.12,197
POL000002118,CUS00007670,MOTOR,PRV4,2024-08-13,2034-08-11,2027-08-13,424516.33,3598096.59,QUARTERLY,ACTIVE,1,True,424516.33,347
POL000002119,CUS00007683,HEALTH,PRV2,2023-03-31,2043-03-26,2027-03-30,10712636.17,123874424.95,QUARTERLY,ACTIVE,1,True,10712636.17,211
POL000002120,CUS00007685,MOTOR,PRV1,2025-01-04,2044-12-30,2027-01-04,8730688.5,192777735.52,QUARTERLY,ACTIVE,2,True,14383318.44,126
POL000002121,CUS00007685,HEALTH,PRV3,2023-02-01,2033-01-29,2027-01-31,5652629.94,53498481.61,ANNUAL,ACTIVE,2,True,14383318.44,126
POL000002122,CUS00007687,HEALTH,PRV3,2025-10-30,2045-10-25,2026-10-30,1287116.06,31564412.37,QUARTERLY,ACTIVE,1,True,1287116.06,60
POL000002123,CUS00007688,LIFE,PRV1,2022-10-06,2042-10-01,2026-10-05,482962.6,4949111.66,ANNUAL,ACTIVE,1,True,482962.6,35
POL000002124,CUS00007689,LIFE,PRV5,2023-08-17,2033-08-14,2027-08-16,792398.68,12938763.3,MONTHLY,ACTIVE,1,True,792398.68,350
POL000002125,CUS00007690,HOME,PRV4,2022-10-28,2023-10-28,2026-10-27,2672921.64,21581102.88,QUARTERLY,LAPSED,1,False,0.0,
POL000002126,CUS00007692,TRAVEL,PRV3,2024-12-10,2034-12-08,2026-12-10,3840743.56,61998167.63,MONTHLY,ACTIVE,1,True,3840743.56,101
POL000002127,CUS00007702,LIFE,PRV5,2023-12-13,2033-12-10,2026-12-12,2601923.73,42293247.46,ANNUAL,ACTIVE,2,True,9219974.64,103
POL000002128,CUS00007702,HEALTH,PRV1,2025-12-19,2026-12-19,2026-12-19,6618050.91,103477856.8,ANNUAL,ACTIVE,2,True,9219974.64,103
POL000002129,CUS00007706,HEALTH,PRV4,2025-11-06,2030-11-05,2026-11-06,6381822.4,150166594.65,ANNUAL,ACTIVE,1,True,6381822.4,67
POL000002130,CUS00007709,LIFE,PRV4,2025-07-01,2026-07-01,2027-07-01,523552.55,5319254.73,ANNUAL,LAPSED,1,False,0.0,
POL000002131,CUS00007715,HEALTH,PRV3,2026-01-19,2046-01-14,2027-01-19,1797399.92,16748294.0,ANNUAL,ACTIVE,1,True,1797399.92,141
POL000002132,CUS00007725,LIFE,PRV2,2024-06-21,2034-06-19,2027-06-21,1978547.7,47049165.36,MONTHLY,ACTIVE,1,True,1978547.7,294
POL000002133,CUS00007735,TRAVEL,PRV5,2025-01-03,2030-01-02,2027-01-03,1631953.73,14005717.56,ANNUAL,ACTIVE,1,True,1631953.73,125
POL000002134,CUS00007752,LIFE,PRV2,2026-03-10,2031-03-09,2027-03-10,3407696.5,83936702.08,QUARTERLY,ACTIVE,1,True,3407696.5,191
POL000002135,CUS00007754,LIFE,PRV1,2024-12-23,2034-12-21,2026-12-23,7396906.57,65133881.71,ANNUAL,ACTIVE,1,True,7396906.57,114
POL000002136,CUS00007765,LIFE,PRV5,2026-07-24,2036-07-21,2027-07-24,423667.05,9247345.21,MONTHLY,ACTIVE,1,True,423667.05,327
POL000002137,CUS00007766,HEALTH,PRV1,2026-07-13,2027-07-13,2027-07-13,5235459.42,58894985.66,ANNUAL,ACTIVE,1,True,5235459.42,316
POL000002138,CUS00007777,HEALTH,PRV3,2024-03-13,2029-03-12,2027-03-13,7652939.65,129916900.95,MONTHLY,ACTIVE,1,True,7652939.65,194
POL000002139,CUS00007784,TRAVEL,PRV2,2025-12-12,2026-12-12,2026-12-12,1590091.47,27221938.57,QUARTERLY,ACTIVE,1,True,1590091.47,103
POL000002140,CUS00007792,HEALTH,PRV5,2023-12-19,2033-12-16,2026-12-18,1816605.71,40607462.24,ANNUAL,ACTIVE,1,True,1816605.71,109
POL000002141,CUS00007798,HOME,PRV1,2024-11-15,2029-11-14,2026-11-15,282854.67,5714868.51,ANNUAL,ACTIVE,2,True,805888.04,76
POL000002142,CUS00007798,TRAVEL,PRV5,2024-08-07,2034-08-05,2027-08-07,523033.37,6710865.85,MONTHLY,ACTIVE,2,True,805888.04,76
POL000002143,CUS00007803,LIFE,PRV2,2023-11-23,2033-11-20,2026-11-22,4895016.65,63348803.73,ANNUAL,ACTIVE,1,True,4895016.65,83
POL000002144,CUS00007809,LIFE,PRV4,2023-08-18,2043-08-13,2027-08-17,6686470.65,135439549.05,ANNUAL,ACTIVE,1,True,6686470.65,351
POL000002145,CUS00007817,MOTOR,PRV5,2023-01-12,2043-01-07,2027-01-11,2311616.01,40202141.58,ANNUAL,ACTIVE,2,True,3845269.46,133
POL000002146,CUS00007817,LIFE,PRV4,2025-04-04,2045-03-30,2027-04-04,1533653.45,25574988.27,MONTHLY,ACTIVE,2,True,3845269.46,133
POL000002147,CUS00007821,HOME,PRV5,2025-10-10,2035-10-08,2026-10-10,339051.12,7338542.53,MONTHLY,ACTIVE,1,True,339051.12,40
POL000002148,CUS00007825,HEALTH,PRV3,2026-03-01,2027-03-01,2027-03-01,827804.31,12074608.31,QUARTERLY,ACTIVE,1,True,827804.31,182
POL000002149,CUS00007839,HEALTH,PRV4,2022-10-11,2023-10-11,2026-10-10,3786078.02,80093088.69,QUARTERLY,LAPSED,1,False,0.0,
POL000002150,CUS00007841,HEALTH,PRV2,2023-09-30,2033-09-27,2026-09-29,514030.79,4227611.34,ANNUAL,ACTIVE,1,True,514030.79,29
POL000002151,CUS00007842,HOME,PRV2,2024-03-06,2029-03-05,2027-03-06,7422384.4,164262146.66,QUARTERLY,ACTIVE,1,True,7422384.4,187
POL000002152,CUS00007855,HOME,PRV1,2024-09-02,2044-08-28,2026-09-02,1983593.86,30114892.75,MONTHLY,ACTIVE,1,True,1983593.86,2
POL000002153,CUS00007858,LIFE,PRV4,2023-11-20,2033-11-17,2026-11-19,746836.48,13353132.22,ANNUAL,ACTIVE,1,True,746836.48,80
POL000002154,CUS00007859,LIFE,PRV4,2024-04-13,2025-04-13,2027-04-13,225972.28,2692407.13,ANNUAL,LAPSED,1,False,0.0,
POL000002155,CUS00007861,HEALTH,PRV5,2023-09-22,2043-09-17,2026-09-21,935068.47,8483705.28,MONTHLY,ACTIVE,1,True,935068.47,21
POL000002156,CUS00007865,LIFE,PRV5,2025-11-16,2035-11-14,2026-11-16,2236525.78,39775933.75,QUARTERLY,ACTIVE,1,True,2236525.78,77
POL000002157,CUS00007866,LIFE,PRV3,2022-09-14,2027-09-13,2026-09-13,1056450.57,24880924.97,ANNUAL,ACTIVE,1,True,1056450.57,13
POL000002158,CUS00007868,LIFE,PRV5,2023-06-27,2024-06-26,2027-06-26,8282041.13,198549137.94,QUARTERLY,LAPSED,2,True,2706181.14,39
POL000002159,CUS00007868,HEALTH,PRV3,2023-10-10,2028-10-08,2026-10-09,2706181.14,50563906.53,QUARTERLY,ACTIVE,2,True,2706181.14,39
POL000002160,CUS00007871,MOTOR,PRV5,2024-11-24,2034-11-22,2026-11-24,399925.09,9614196.4,MONTHLY,ACTIVE,1,True,399925.09,85
POL000002161,CUS00007880,TRAVEL,PRV1,2025-09-02,2035-08-31,2026-09-02,520602.97,11104935.35,QUARTERLY,ACTIVE,1,True,520602.97,2
POL000002162,CUS00007882,HEALTH,PRV4,2026-04-22,2027-04-22,2027-04-22,601538.92,7701470.32,ANNUAL,ACTIVE,1,True,601538.92,234
POL000002163,CUS00007894,LIFE,PRV5,2022-09-02,2042-08-28,2026-09-01,1890879.89,37223482.36,QUARTERLY,ACTIVE,1,True,1890879.89,1
POL000002164,CUS00007898,HEALTH,PRV3,2023-02-06,2033-02-03,2027-02-05,241552.56,2183380.1,ANNUAL,ACTIVE,2,True,241552.56,158
POL000002165,CUS00007898,MOTOR,PRV3,2025-03-25,2026-03-25,2027-03-25,348684.85,3569980.11,ANNUAL,LAPSED,2,True,241552.56,158
POL000002166,CUS00007903,TRAVEL,PRV3,2024-07-30,2044-07-25,2027-07-30,1781414.44,37075996.12,ANNUAL,ACTIVE,1,True,1781414.44,333
POL000002167,CUS00007905,MOTOR,PRV5,2023-05-13,2043-05-08,2027-05-12,1098837.93,26571661.82,ANNUAL,ACTIVE,1,True,1098837.93,254
POL000002168,CUS00007909,LIFE,PRV3,2023-08-07,2024-08-06,2027-08-06,6408265.96,148907039.68,MONTHLY,LAPSED,1,False,0.0,
POL000002169,CUS00007910,MOTOR,PRV5,2024-05-24,2025-05-24,2027-05-24,9036288.02,225888869.62,QUARTERLY,LAPSED,1,False,0.0,
POL000002170,CUS00007916,TRAVEL,PRV4,2025-02-11,2035-02-09,2027-02-11,1857570.66,29710796.5,ANNUAL,ACTIVE,2,True,3471825.7,164
POL000002171,CUS00007916,MOTOR,PRV1,2026-06-25,2036-06-22,2027-06-25,1614255.04,27160413.88,ANNUAL,ACTIVE,2,True,3471825.7,164
POL000002172,CUS00007918,TRAVEL,PRV1,2025-09-09,2035-09-07,2026-09-09,1512280.21,16937536.47,ANNUAL,ACTIVE,2,True,1512280.21,9
POL000002173,CUS00007918,LIFE,PRV3,2022-08-03,2023-08-03,2027-08-02,2351127.49,44965480.49,MONTHLY,LAPSED,2,True,1512280.21,9
POL000002174,CUS00007922,LIFE,PRV3,2026-05-19,2036-05-16,2027-05-19,17126900.23,296534022.52,ANNUAL,ACTIVE,1,True,17126900.23,261
POL000002175,CUS00007923,HOME,PRV2,2025-08-05,2035-08-03,2027-08-05,239781.75,3963060.83,ANNUAL,ACTIVE,1,True,239781.75,339
POL000002176,CUS00007925,LIFE,PRV3,2024-01-23,2034-01-20,2027-01-22,886455.13,9877669.79,ANNUAL,ACTIVE,1,True,886455.13,144
POL000002177,CUS00007929,LIFE,PRV5,2026-03-26,2027-03-26,2027-03-26,1446049.47,27750281.28,ANNUAL,ACTIVE,1,True,1446049.47,207
POL000002178,CUS00007930,HEALTH,PRV4,2026-03-16,2036-03-13,2027-03-16,1332874.96,13180942.6,ANNUAL,ACTIVE,1,True,1332874.96,197
POL000002179,CUS00007931,HEALTH,PRV3,2023-02-28,2028-02-27,2027-02-27,876368.77,16281410.43,ANNUAL,ACTIVE,2,True,1522571.53,180
POL000002180,CUS00007931,TRAVEL,PRV5,2023-06-09,2033-06-06,2027-06-08,646202.76,5522929.2,ANNUAL,ACTIVE,2,True,1522571.53,180
POL000002181,CUS00007932,HEALTH,PRV3,2025-04-27,2030-04-26,2027-04-27,723472.83,14225301.25,MONTHLY,ACTIVE,2,True,915494.08,107
POL000002182,CUS00007932,MOTOR,PRV3,2023-12-17,2033-12-14,2026-12-16,192021.25,4547879.66,MONTHLY,ACTIVE,2,True,915494.08,107
POL000002183,CUS00007935,HEALTH,PRV5,2025-01-06,2045-01-01,2027-01-06,1974654.23,37193451.94,MONTHLY,ACTIVE,1,True,1974654.23,128
POL000002184,CUS00007939,MOTOR,PRV3,2026-07-01,2031-06-30,2027-07-01,16040704.05,141768543.88,ANNUAL,ACTIVE,2,True,24275806.3,239
POL000002185,CUS00007939,HEALTH,PRV2,2025-04-27,2030-04-26,2027-04-27,8235102.25,136549527.79,QUARTERLY,ACTIVE,2,True,24275806.3,239
POL000002186,CUS00007940,LIFE,PRV1,2024-10-30,2034-10-28,2026-10-30,707267.45,8808571.29,ANNUAL,ACTIVE,1,True,707267.45,60
POL000002187,CUS00007946,MOTOR,PRV4,2023-05-31,2024-05-30,2027-05-30,8479721.96,168764438.38,MONTHLY,LAPSED,1,False,0.0,
POL000002188,CUS00007948,TRAVEL,PRV1,2022-11-16,2027-11-15,2026-11-15,2276898.61,39224336.07,MONTHLY,ACTIVE,1,True,2276898.61,76
POL000002189,CUS00007951,HEALTH,PRV3,2024-11-07,2029-11-06,2026-11-07,624648.94,11584822.95,QUARTERLY,ACTIVE,1,True,624648.94,68
POL000002190,CUS00007961,MOTOR,PRV3,2025-10-24,2026-10-24,2026-10-24,2253799.46,47941400.41,ANNUAL,ACTIVE,1,True,2253799.46,54
POL000002191,CUS00007962,HEALTH,PRV4,2023-10-11,2043-10-06,2026-10-10,947760.3,10905137.17,MONTHLY,ACTIVE,1,True,947760.3,40
POL000002192,CUS00007965,LIFE,PRV4,2026-06-14,2046-06-09,2027-06-14,10710856.73,87278334.87,ANNUAL,ACTIVE,1,True,10710856.73,287
POL000002193,CUS00007978,LIFE,PRV1,2024-05-02,2034-04-30,2027-05-02,1821280.59,30733239.33,QUARTERLY,ACTIVE,1,True,1821280.59,244
POL000002194,CUS00007981,LIFE,PRV1,2024-08-23,2025-08-23,2027-08-23,795554.11,10721539.92,MONTHLY,LAPSED,1,False,0.0,
POL000002195,CUS00007983,MOTOR,PRV1,2025-05-11,2045-05-06,2027-05-11,26708681.75,416144754.61,ANNUAL,ACTIVE,2,True,26708681.75,253
POL000002196,CUS00007983,HEALTH,PRV4,2023-03-10,2024-03-09,2027-03-09,29588919.55,501953610.71,ANNUAL,LAPSED,2,True,26708681.75,253
POL000002197,CUS00007984,LIFE,PRV2,2023-03-01,2033-02-26,2027-02-28,1493019.14,22917901.05,QUARTERLY,ACTIVE,2,True,3886162.53,181
POL000002198,CUS00007984,LIFE,PRV3,2023-04-21,2043-04-16,2027-04-20,2393143.39,25344781.68,QUARTERLY,ACTIVE,2,True,3886162.53,181
POL000002199,CUS00007992,LIFE,PRV2,2026-07-09,2046-07-04,2027-07-09,2419522.42,52243879.49,ANNUAL,ACTIVE,2,True,3194227.29,253
POL000002200,CUS00007992,HOME,PRV3,2025-05-11,2035-05-09,2027-05-11,774704.87,9452298.59,ANNUAL,ACTIVE,2,True,3194227.29,253
POL000002201,CUS00007994,MOTOR,PRV1,2025-11-30,2030-11-29,2026-11-30,1281876.4,10755910.65,QUARTERLY,ACTIVE,1,True,1281876.4,91
POL000002202,CUS00007999,MOTOR,PRV1,2026-02-27,2046-02-22,2027-02-27,13423521.95,226131568.61,ANNUAL,ACTIVE,1,True,13423521.95,180
POL000002203,CUS00008001,MOTOR,PRV3,2023-01-01,2024-01-01,2026-12-31,1941024.26,34325307.58,MONTHLY,LAPSED,1,False,0.0,
POL000002204,CUS00008003,TRAVEL,PRV1,2025-08-26,2045-08-21,2027-08-26,142827.25,2968799.22,ANNUAL,ACTIVE,1,True,142827.25,360
POL000002205,CUS00008005,LIFE,PRV4,2025-02-14,2035-02-12,2027-02-14,4291511.55,38418062.8,QUARTERLY,ACTIVE,1,True,4291511.55,167
POL000002206,CUS00008008,MOTOR,PRV5,2025-11-02,2026-11-02,2026-11-02,5324967.3,115683664.66,QUARTERLY,ACTIVE,1,True,5324967.3,63
POL000002207,CUS00008011,MOTOR,PRV5,2026-05-09,2046-05-04,2027-05-09,7465142.02,77543313.14,ANNUAL,ACTIVE,1,True,7465142.02,251
POL000002208,CUS00008018,HOME,PRV2,2025-08-02,2035-07-31,2027-08-02,2907071.74,28134217.24,MONTHLY,ACTIVE,1,True,2907071.74,336
POL000002209,CUS00008025,HEALTH,PRV1,2024-03-12,2034-03-10,2027-03-12,4010984.41,35856115.51,MONTHLY,ACTIVE,1,True,4010984.41,193
POL000002210,CUS00008026,LIFE,PRV4,2022-09-10,2023-09-10,2026-09-09,1048746.22,12164073.58,ANNUAL,LAPSED,1,False,0.0,
POL000002211,CUS00008031,HEALTH,PRV5,2024-08-25,2044-08-20,2027-08-25,4422045.67,65209004.17,MONTHLY,ACTIVE,1,True,4422045.67,359
POL000002212,CUS00008033,HEALTH,PRV4,2024-08-15,2044-08-10,2027-08-15,1865833.21,28319248.31,ANNUAL,ACTIVE,2,True,6499784.84,240
POL000002213,CUS00008033,LIFE,PRV3,2026-04-28,2046-04-23,2027-04-28,4633951.63,107814351.75,MONTHLY,ACTIVE,2,True,6499784.84,240
POL000002214,CUS00008038,MOTOR,PRV5,2026-01-29,2027-01-29,2027-01-29,252146.9,6097463.56,MONTHLY,ACTIVE,2,True,387285.43,151
POL000002215,CUS00008038,HEALTH,PRV1,2026-03-29,2031-03-28,2027-03-29,135138.53,2434228.61,MONTHLY,ACTIVE,2,True,387285.43,151
POL000002216,CUS00008048,LIFE,PRV2,2023-09-07,2033-09-04,2026-09-06,9769919.0,154511508.01,ANNUAL,ACTIVE,1,True,9769919.0,6
POL000002217,CUS00008054,HOME,PRV2,2026-03-24,2031-03-23,2027-03-24,38299.17,854392.05,ANNUAL,ACTIVE,1,True,38299.17,205
POL000002218,CUS00008060,MOTOR,PRV2,2024-04-26,2025-04-26,2027-04-26,6330566.76,65248507.85,ANNUAL,LAPSED,2,False,0.0,
POL000002219,CUS00008060,LIFE,PRV5,2025-01-20,2026-01-20,2027-01-20,4395528.49,36003612.76,MONTHLY,LAPSED,2,False,0.0,
POL000002220,CUS00008066,LIFE,PRV4,2025-06-18,2045-06-13,2027-06-18,1950365.29,21286780.37,MONTHLY,ACTIVE,1,True,1950365.29,291
POL000002221,CUS00008072,LIFE,PRV2,2022-08-17,2027-08-16,2027-08-16,26657047.96,456995532.5,ANNUAL,ACTIVE,1,True,26657047.96,350
POL000002222,CUS00008080,LIFE,PRV2,2025-04-16,2030-04-15,2027-04-16,118006.25,2011245.49,MONTHLY,ACTIVE,1,True,118006.25,228
POL000002223,CUS00008090,HEALTH,PRV5,2023-01-04,2042-12-30,2027-01-03,8723098.28,126413802.1,ANNUAL,ACTIVE,1,True,8723098.28,125
POL000002224,CUS00008096,LIFE,PRV5,2024-05-12,2029-05-11,2027-05-12,1006781.48,10310090.38,ANNUAL,ACTIVE,1,True,1006781.48,254
POL000002225,CUS00008098,MOTOR,PRV2,2025-02-26,2030-02-25,2027-02-26,276301.44,2247699.18,ANNUAL,ACTIVE,2,True,276301.44,179
POL000002226,CUS00008098,HOME,PRV2,2024-10-05,2025-10-05,2026-10-05,324739.27,3382938.92,ANNUAL,LAPSED,2,True,276301.44,179
POL000002227,CUS00008104,LIFE,PRV5,2022-09-20,2027-09-19,2026-09-19,10428571.65,165212405.8,MONTHLY,ACTIVE,1,True,10428571.65,19
POL000002228,CUS00008109,LIFE,PRV4,2026-02-08,2046-02-03,2027-02-08,2098159.83,43523873.69,ANNUAL,ACTIVE,1,True,2098159.83,161
POL000002229,CUS00008115,LIFE,PRV5,2022-09-17,2042-09-12,2026-09-16,3026570.72,35463970.25,MONTHLY,ACTIVE,1,True,3026570.72,16
POL000002230,CUS00008119,HEALTH,PRV1,2024-12-31,2025-12-31,2026-12-31,516242.53,12364523.42,QUARTERLY,LAPSED,1,False,0.0,
POL000002231,CUS00008120,LIFE,PRV3,2025-08-17,2030-08-16,2027-08-17,565982.43,4937717.18,ANNUAL,ACTIVE,1,True,565982.43,351
POL000002232,CUS00008127,HEALTH,PRV1,2024-08-03,2044-07-29,2027-08-03,953769.36,13396996.18,ANNUAL,ACTIVE,1,True,953769.36,337
POL000002233,CUS00008128,LIFE,PRV4,2025-02-25,2045-02-20,2027-02-25,130677.13,1604002.38,MONTHLY,ACTIVE,1,True,130677.13,178
POL000002234,CUS00008139,LIFE,PRV1,2023-08-25,2024-08-24,2027-08-24,145386.28,2163579.86,MONTHLY,LAPSED,1,False,0.0,
POL000002235,CUS00008140,HOME,PRV5,2022-12-09,2023-12-09,2026-12-08,4262893.12,46931671.14,ANNUAL,LAPSED,1,False,0.0,
POL000002236,CUS00008141,HEALTH,PRV1,2025-11-03,2030-11-02,2026-11-03,9060552.33,217129452.36,MONTHLY,ACTIVE,1,True,9060552.33,64
POL000002237,CUS00008142,HEALTH,PRV2,2023-07-06,2033-07-03,2027-07-05,230975.61,3516279.98,QUARTERLY,ACTIVE,1,True,230975.61,308
POL000002238,CUS00008148,HOME,PRV2,2025-04-02,2045-03-28,2027-04-02,14485338.37,356038706.63,ANNUAL,ACTIVE,1,True,14485338.37,214
POL000002239,CUS00008152,LIFE,PRV2,2025-11-15,2026-11-15,2026-11-15,340993.79,3581813.55,ANNUAL,ACTIVE,2,True,790245.91,33
POL000002240,CUS00008152,LIFE,PRV4,2025-10-03,2030-10-02,2026-10-03,449252.12,5489448.9,ANNUAL,ACTIVE,2,True,790245.91,33
POL000002241,CUS00008155,HEALTH,PRV1,2025-06-17,2026-06-17,2027-06-17,647286.32,9799809.12,QUARTERLY,LAPSED,1,False,0.0,
POL000002242,CUS00008162,TRAVEL,PRV4,2025-10-24,2026-10-24,2026-10-24,2699889.15,31198076.2,MONTHLY,ACTIVE,1,True,2699889.15,54
POL000002243,CUS00008169,HEALTH,PRV1,2024-11-12,2034-11-10,2026-11-12,1752996.32,30670100.14,ANNUAL,ACTIVE,1,True,1752996.32,73
POL000002244,CUS00008178,MOTOR,PRV1,2025-07-24,2030-07-23,2027-07-24,540110.68,6624239.35,MONTHLY,ACTIVE,2,True,1018911.74,327
POL000002245,CUS00008178,HOME,PRV2,2023-08-05,2043-07-31,2027-08-04,478801.06,10784852.06,ANNUAL,ACTIVE,2,True,1018911.74,327
POL000002246,CUS00008181,LIFE,PRV4,2025-12-17,2045-12-12,2026-12-17,126925.17,2788522.4,ANNUAL,ACTIVE,1,True,126925.17,108
POL000002247,CUS00008182,MOTOR,PRV5,2023-07-17,2043-07-12,2027-07-16,173919.74,2124170.35,MONTHLY,ACTIVE,1,True,173919.74,319
POL000002248,CUS00008183,MOTOR,PRV4,2025-10-26,2035-10-24,2026-10-26,405489.46,5020428.82,MONTHLY,ACTIVE,1,True,405489.46,56
POL000002249,CUS00008185,HEALTH,PRV1,2026-06-06,2036-06-03,2027-06-06,602570.74,12356760.59,QUARTERLY,ACTIVE,2,True,761661.29,234
POL000002250,CUS00008185,LIFE,PRV4,2026-04-22,2036-04-19,2027-04-22,159090.55,1360216.0,MONTHLY,ACTIVE,2,True,761661.29,234
POL000002251,CUS00008191,TRAVEL,PRV2,2024-06-21,2044-06-16,2027-06-21,225173.03,3196965.12,ANNUAL,ACTIVE,1,True,225173.03,294
POL000002252,CUS00008193,HEALTH,PRV3,2024-02-03,2034-01-31,2027-02-02,9376787.22,90564134.17,ANNUAL,ACTIVE,1,True,9376787.22,155
POL000002253,CUS00008198,MOTOR,PRV3,2023-09-04,2043-08-30,2026-09-03,3364494.59,54162924.66,QUARTERLY,ACTIVE,1,True,3364494.59,3
POL000002254,CUS00008202,MOTOR,PRV5,2023-06-19,2043-06-14,2027-06-18,1815007.1,36008224.34,ANNUAL,ACTIVE,2,True,1815007.1,291
POL000002255,CUS00008202,MOTOR,PRV4,2024-03-14,2025-03-14,2027-03-14,2449574.07,35216705.32,ANNUAL,LAPSED,2,True,1815007.1,291
POL000002256,CUS00008210,HEALTH,PRV2,2022-10-14,2042-10-09,2026-10-13,2126216.11,36468996.54,MONTHLY,ACTIVE,1,True,2126216.11,43
POL000002257,CUS00008214,LIFE,PRV1,2024-03-25,2025-03-25,2027-03-25,643800.39,12239077.89,QUARTERLY,LAPSED,1,False,0.0,
POL000002258,CUS00008216,LIFE,PRV1,2026-05-29,2031-05-28,2027-05-29,2928285.4,54641948.21,ANNUAL,ACTIVE,1,True,2928285.4,271
POL000002259,CUS00008218,HEALTH,PRV5,2026-07-03,2031-07-02,2027-07-03,3821654.19,59150032.1,ANNUAL,ACTIVE,1,True,3821654.19,306
POL000002260,CUS00008220,HOME,PRV2,2023-09-09,2033-09-06,2026-09-08,93659.89,1838659.77,ANNUAL,ACTIVE,1,True,93659.89,8
POL000002261,CUS00008223,MOTOR,PRV2,2023-10-29,2024-10-28,2026-10-28,2438751.4,60340746.05,MONTHLY,LAPSED,1,False,0.0,
POL000002262,CUS00008230,HEALTH,PRV4,2022-08-21,2032-08-18,2027-08-20,4486439.49,53300998.44,ANNUAL,ACTIVE,2,True,4486439.49,354
POL000002263,CUS00008230,TRAVEL,PRV1,2023-10-24,2024-10-23,2026-10-23,2285283.52,49199391.26,ANNUAL,LAPSED,2,True,4486439.49,354
POL000002264,CUS00008235,HEALTH,PRV1,2025-10-13,2035-10-11,2026-10-13,799622.62,16556210.65,ANNUAL,ACTIVE,1,True,799622.62,43
POL000002265,CUS00008237,LIFE,PRV2,2023-12-06,2024-12-05,2026-12-05,480439.24,4271962.95,QUARTERLY,LAPSED,1,False,0.0,
POL000002266,CUS00008240,HEALTH,PRV4,2023-10-14,2033-10-11,2026-10-13,701465.04,15534375.31,ANNUAL,ACTIVE,1,True,701465.04,43
POL000002267,CUS00008241,LIFE,PRV5,2026-01-27,2027-01-27,2027-01-27,1984035.87,35702592.04,ANNUAL,ACTIVE,1,True,1984035.87,149
POL000002268,CUS00008242,MOTOR,PRV5,2026-04-29,2027-04-29,2027-04-29,4612758.9,97775657.42,QUARTERLY,ACTIVE,1,True,4612758.9,241
POL000002269,CUS00008248,LIFE,PRV2,2022-09-17,2032-09-14,2026-09-16,728392.82,11285564.16,ANNUAL,ACTIVE,1,True,728392.82,16
POL000002270,CUS00008256,HOME,PRV2,2024-06-15,2044-06-10,2027-06-15,2659697.01,46123522.52,ANNUAL,ACTIVE,1,True,2659697.01,288
POL000002271,CUS00008260,HEALTH,PRV3,2023-02-12,2033-02-09,2027-02-11,1398386.8,30849528.64,ANNUAL,ACTIVE,1,True,1398386.8,164
POL000002272,CUS00008274,MOTOR,PRV5,2023-02-06,2028-02-05,2027-02-05,403775.47,8739933.76,ANNUAL,ACTIVE,1,True,403775.47,158
POL000002273,CUS00008275,LIFE,PRV5,2024-12-03,2029-12-02,2026-12-03,589592.82,9925278.05,ANNUAL,ACTIVE,1,True,589592.82,94
POL000002274,CUS00008291,HEALTH,PRV4,2026-07-22,2046-07-17,2027-07-22,10352329.82,186645319.51,ANNUAL,ACTIVE,1,True,10352329.82,325
POL000002275,CUS00008300,MOTOR,PRV1,2024-05-24,2029-05-23,2027-05-24,77537.12,634317.52,ANNUAL,ACTIVE,1,True,77537.12,266
POL000002276,CUS00008302,HEALTH,PRV4,2025-05-14,2026-05-14,2027-05-14,19642970.97,360482109.84,QUARTERLY,LAPSED,2,True,15612219.21,312
POL000002277,CUS00008302,MOTOR,PRV3,2023-07-10,2033-07-07,2027-07-09,15612219.21,159550516.89,ANNUAL,ACTIVE,2,True,15612219.21,312
POL000002278,CUS00008305,HEALTH,PRV3,2026-07-04,2036-07-01,2027-07-04,23586745.71,192412756.83,QUARTERLY,ACTIVE,1,True,23586745.71,307
POL000002279,CUS00008314,TRAVEL,PRV2,2023-06-25,2033-06-22,2027-06-24,3154281.34,71797123.81,QUARTERLY,ACTIVE,1,True,3154281.34,297
POL000002280,CUS00008316,LIFE,PRV4,2025-10-02,2030-10-01,2026-10-02,13253645.06,310677884.83,QUARTERLY,ACTIVE,2,True,13253645.06,32
POL000002281,CUS00008316,HOME,PRV1,2023-11-09,2024-11-08,2026-11-08,10638551.78,186042261.61,MONTHLY,LAPSED,2,True,13253645.06,32
POL000002282,CUS00008320,TRAVEL,PRV3,2024-01-15,2044-01-10,2027-01-14,714742.64,12269052.78,QUARTERLY,ACTIVE,1,True,714742.64,136
POL000002283,CUS00008321,TRAVEL,PRV5,2025-04-05,2026-04-05,2027-04-05,2067347.21,17068443.35,MONTHLY,LAPSED,1,False,0.0,
POL000002284,CUS00008324,HEALTH,PRV3,2026-02-26,2031-02-25,2027-02-26,4476802.25,107326034.42,ANNUAL,ACTIVE,1,True,4476802.25,179
POL000002285,CUS00008331,HEALTH,PRV4,2025-12-06,2045-12-01,2026-12-06,30794179.17,578115080.35,ANNUAL,ACTIVE,1,True,30794179.17,97
POL000002286,CUS00008334,LIFE,PRV3,2025-06-22,2026-06-22,2027-06-22,3286489.66,40721678.89,ANNUAL,LAPSED,1,False,0.0,
POL000002287,CUS00008337,LIFE,PRV4,2025-12-25,2026-12-25,2026-12-25,665603.62,10026009.13,MONTHLY,ACTIVE,1,True,665603.62,116
POL000002288,CUS00008349,MOTOR,PRV5,2023-03-29,2028-03-27,2027-03-28,1456408.92,11815365.93,MONTHLY,ACTIVE,1,True,1456408.92,209
POL000002289,CUS00008352,MOTOR,PRV5,2025-05-18,2030-05-17,2027-05-18,555734.21,5601866.69,ANNUAL,ACTIVE,1,True,555734.21,260
POL000002290,CUS00008354,HEALTH,PRV3,2024-03-19,2044-03-14,2027-03-19,5601695.62,102837472.01,MONTHLY,ACTIVE,1,True,5601695.62,200
POL000002291,CUS00008357,LIFE,PRV4,2026-03-05,2027-03-05,2027-03-05,5030574.12,68480069.51,ANNUAL,ACTIVE,1,True,5030574.12,186
POL000002292,CUS00008363,MOTOR,PRV4,2024-06-06,2044-06-01,2027-06-06,1154791.94,10657189.91,ANNUAL,ACTIVE,2,True,3026392.88,126
POL000002293,CUS00008363,HEALTH,PRV4,2024-01-05,2034-01-02,2027-01-04,1871600.94,32224581.43,ANNUAL,ACTIVE,2,True,3026392.88,126
POL000002294,CUS00008364,HEALTH,PRV5,2024-06-01,2029-05-31,2027-06-01,177936.1,3747642.11,ANNUAL,ACTIVE,1,True,177936.1,274
POL000002295,CUS00008369,LIFE,PRV2,2025-05-30,2035-05-28,2027-05-30,1682809.03,14054561.35,QUARTERLY,ACTIVE,1,True,1682809.03,272
POL000002296,CUS00008375,HEALTH,PRV1,2023-01-08,2033-01-05,2027-01-07,2419314.33,54316856.09,ANNUAL,ACTIVE,1,True,2419314.33,129
POL000002297,CUS00008378,HEALTH,PRV2,2022-08-04,2032-08-01,2027-08-03,531956.4,11390711.94,MONTHLY,ACTIVE,1,True,531956.4,337
POL000002298,CUS00008384,LIFE,PRV2,2026-06-23,2036-06-20,2027-06-23,243038.66,5816710.27,QUARTERLY,ACTIVE,1,True,243038.66,296
POL000002299,CUS00008386,TRAVEL,PRV5,2023-05-12,2028-05-10,2027-05-11,7816444.16,66213036.37,MONTHLY,ACTIVE,1,True,7816444.16,253
POL000002300,CUS00008388,HEALTH,PRV5,2023-05-27,2033-05-24,2027-05-26,693250.95,12580248.8,ANNUAL,ACTIVE,1,True,693250.95,268
POL000002301,CUS00008394,HEALTH,PRV3,2024-04-12,2029-04-11,2027-04-12,1281690.67,29574270.14,MONTHLY,ACTIVE,1,True,1281690.67,224
POL000002302,CUS00008396,LIFE,PRV4,2023-09-24,2024-09-23,2026-09-23,832603.13,7857374.03,ANNUAL,LAPSED,1,False,0.0,
POL000002303,CUS00008402,HEALTH,PRV3,2025-11-20,2026-11-20,2026-11-20,252837.68,3396212.92,QUARTERLY,ACTIVE,1,True,252837.68,81
POL000002304,CUS00008404,MOTOR,PRV3,2025-06-28,2026-06-28,2027-06-28,403584.37,8743543.81,QUARTERLY,LAPSED,1,False,0.0,
POL000002305,CUS00008406,HEALTH,PRV3,2022-08-28,2032-08-25,2027-08-27,1571746.3,19297019.32,ANNUAL,ACTIVE,1,True,1571746.3,361
POL000002306,CUS00008424,LIFE,PRV1,2026-02-24,2027-02-24,2027-02-24,1269923.28,12226158.45,QUARTERLY,ACTIVE,1,True,1269923.28,177
POL000002307,CUS00008432,LIFE,PRV3,2022-09-11,2042-09-06,2026-09-10,5132139.31,76927821.1,MONTHLY,ACTIVE,1,True,5132139.31,10
POL000002308,CUS00008435,HOME,PRV1,2023-12-03,2043-11-28,2026-12-02,1391452.66,14456362.74,ANNUAL,ACTIVE,1,True,1391452.66,93
POL000002309,CUS00008438,HEALTH,PRV3,2024-03-29,2044-03-24,2027-03-29,870660.29,19380192.0,MONTHLY,ACTIVE,1,True,870660.29,210
POL000002310,CUS00008447,HOME,PRV1,2023-06-15,2024-06-14,2027-06-14,1341777.06,11278622.66,QUARTERLY,LAPSED,1,False,0.0,
POL000002311,CUS00008448,LIFE,PRV3,2024-11-05,2044-10-31,2026-11-05,663320.0,5407233.97,QUARTERLY,ACTIVE,2,True,854099.23,66
POL000002312,CUS00008448,HEALTH,PRV4,2026-07-06,2036-07-03,2027-07-06,190779.23,3099206.75,ANNUAL,ACTIVE,2,True,854099.23,66
POL000002313,CUS00008455,LIFE,PRV5,2023-07-03,2028-07-01,2027-07-02,94611.02,889814.11,QUARTERLY,ACTIVE,1,True,94611.02,305
POL000002314,CUS00008458,MOTOR,PRV1,2022-07-29,2023-07-29,2027-07-28,23666728.4,508789355.34,ANNUAL,LAPSED,2,False,0.0,
POL000002315,CUS00008458,HEALTH,PRV2,2024-03-03,2025-03-03,2027-03-03,30376284.69,492984342.55,QUARTERLY,LAPSED,2,False,0.0,
POL000002316,CUS00008464,LIFE,PRV2,2024-05-14,2044-05-09,2027-05-14,572780.54,7661136.07,ANNUAL,ACTIVE,1,True,572780.54,256
POL000002317,CUS00008465,HOME,PRV2,2024-07-27,2025-07-27,2027-07-27,325558.19,6494680.31,QUARTERLY,LAPSED,1,False,0.0,
POL000002318,CUS00008470,LIFE,PRV3,2025-10-02,2030-10-01,2026-10-02,401693.67,5100896.78,QUARTERLY,ACTIVE,1,True,401693.67,32
POL000002319,CUS00008472,TRAVEL,PRV5,2022-07-25,2027-07-24,2027-07-24,394374.99,7604951.17,ANNUAL,ACTIVE,1,True,394374.99,327
POL000002320,CUS00008473,HEALTH,PRV3,2026-07-15,2046-07-10,2027-07-15,632218.86,8211140.56,MONTHLY,ACTIVE,1,True,632218.86,318
POL000002321,CUS00008482,LIFE,PRV3,2024-12-09,2044-12-04,2026-12-09,363748.94,5425903.47,ANNUAL,ACTIVE,1,True,363748.94,100
POL000002322,CUS00008484,MOTOR,PRV1,2024-08-06,2029-08-05,2027-08-06,2053057.05,49015848.84,ANNUAL,ACTIVE,2,True,6602080.72,118
POL000002323,CUS00008484,LIFE,PRV4,2025-12-27,2035-12-25,2026-12-27,4549023.67,37074541.39,ANNUAL,ACTIVE,2,True,6602080.72,118
POL000002324,CUS00008489,HEALTH,PRV3,2022-10-20,2032-10-17,2026-10-19,9061853.7,110281559.13,QUARTERLY,ACTIVE,2,True,9061853.7,49
POL000002325,CUS00008489,HEALTH,PRV4,2025-08-07,2026-08-07,2027-08-07,8142601.47,155642140.58,ANNUAL,LAPSED,2,True,9061853.7,49
POL000002326,CUS00008503,HEALTH,PRV1,2024-11-02,2044-10-28,2026-11-02,1712098.88,41366373.67,MONTHLY,ACTIVE,1,True,1712098.88,63
POL000002327,CUS00008504,LIFE,PRV4,2025-11-22,2045-11-17,2026-11-22,251659.31,2950131.82,MONTHLY,ACTIVE,1,True,251659.31,83
POL000002328,CUS00008506,MOTOR,PRV2,2023-12-15,2033-12-12,2026-12-14,6912033.4,62822375.28,MONTHLY,ACTIVE,1,True,6912033.4,105
POL000002329,CUS00008512,TRAVEL,PRV1,2024-03-17,2044-03-12,2027-03-17,16356065.09,257147259.15,ANNUAL,ACTIVE,1,True,16356065.09,198
POL000002330,CUS00008513,LIFE,PRV4,2024-05-31,2044-05-26,2027-05-31,319343.12,7919633.81,MONTHLY,ACTIVE,1,True,319343.12,273
POL000002331,CUS00008514,LIFE,PRV5,2026-01-26,2036-01-24,2027-01-26,894510.55,11855362.61,ANNUAL,ACTIVE,1,True,894510.55,148
POL000002332,CUS00008520,LIFE,PRV2,2024-09-20,2044-09-15,2026-09-20,622989.96,14332034.54,MONTHLY,ACTIVE,2,True,622989.96,20
POL000002333,CUS00008520,HEALTH,PRV3,2023-10-25,2024-10-24,2026-10-24,751461.46,16783292.71,MONTHLY,LAPSED,2,True,622989.96,20
POL000002334,CUS00008525,LIFE,PRV5,2025-05-21,2026-05-21,2027-05-21,3271116.29,56772525.89,QUARTERLY,LAPSED,1,False,0.0,
POL000002335,CUS00008540,LIFE,PRV3,2025-09-26,2045-09-21,2026-09-26,3614381.72,73378179.12,ANNUAL,ACTIVE,1,True,3614381.72,26
POL000002336,CUS00008542,LIFE,PRV4,2023-10-22,2028-10-20,2026-10-21,492986.55,10218722.4,MONTHLY,ACTIVE,2,True,492986.55,51
POL000002337,CUS00008542,LIFE,PRV5,2024-01-06,2025-01-05,2027-01-05,378287.98,5992878.65,ANNUAL,LAPSED,2,True,492986.55,51
POL000002338,CUS00008548,MOTOR,PRV5,2026-01-21,2036-01-19,2027-01-21,301082.36,4620457.3,ANNUAL,ACTIVE,1,True,301082.36,143
POL000002339,CUS00008557,HEALTH,PRV2,2023-07-03,2024-07-02,2027-07-02,3517491.94,32715026.71,ANNUAL,LAPSED,1,False,0.0,
POL000002340,CUS00008558,LIFE,PRV2,2023-10-14,2028-10-12,2026-10-13,17094945.42,215413015.35,ANNUAL,ACTIVE,1,True,17094945.42,43
POL000002341,CUS00008560,TRAVEL,PRV2,2022-11-13,2023-11-13,2026-11-12,391303.96,6074476.35,QUARTERLY,LAPSED,1,False,0.0,
POL000002342,CUS00008561,HEALTH,PRV2,2023-03-01,2033-02-26,2027-02-28,386129.24,5566879.77,MONTHLY,ACTIVE,1,True,386129.24,181
POL000002343,CUS00008568,LIFE,PRV5,2024-07-05,2029-07-04,2027-07-05,1487918.42,20424874.63,ANNUAL,ACTIVE,1,True,1487918.42,308
POL000002344,CUS00008572,HEALTH,PRV2,2025-07-19,2035-07-17,2027-07-19,19273740.62,323963590.84,ANNUAL,ACTIVE,1,True,19273740.62,322
POL000002345,CUS00008575,LIFE,PRV1,2022-11-22,2042-11-17,2026-11-21,40230981.15,791084201.28,MONTHLY,ACTIVE,2,True,40230981.15,82
POL000002346,CUS00008575,HOME,PRV4,2025-06-06,2026-06-06,2027-06-06,24187654.17,226049096.63,ANNUAL,LAPSED,2,True,40230981.15,82
POL000002347,CUS00008584,LIFE,PRV3,2025-10-13,2035-10-11,2026-10-13,2424708.82,27806501.23,QUARTERLY,ACTIVE,1,True,2424708.82,43
POL000002348,CUS00008588,LIFE,PRV1,2024-06-26,2029-06-25,2027-06-26,1350909.12,21175721.22,ANNUAL,ACTIVE,1,True,1350909.12,299
POL000002349,CUS00008590,MOTOR,PRV5,2023-04-19,2024-04-18,2027-04-18,11463816.36,268795444.79,ANNUAL,LAPSED,2,True,3118036.01,308
POL000002350,CUS00008590,TRAVEL,PRV4,2026-07-05,2031-07-04,2027-07-05,3118036.01,55931817.83,QUARTERLY,ACTIVE,2,True,3118036.01,308
POL000002351,CUS00008592,HEALTH,PRV2,2024-02-25,2029-02-23,2027-02-24,806866.59,16758229.14,QUARTERLY,ACTIVE,1,True,806866.59,177
POL000002352,CUS00008593,HEALTH,PRV1,2025-09-05,2045-08-31,2026-09-05,7887574.6,179345183.74,ANNUAL,ACTIVE,1,True,7887574.6,5
POL000002353,CUS00008594,MOTOR,PRV5,2024-08-15,2034-08-13,2027-08-15,942640.22,13678434.45,ANNUAL,ACTIVE,1,True,942640.22,349
POL000002354,CUS00008595,HEALTH,PRV2,2022-11-15,2023-11-15,2026-11-14,183034.22,3511122.16,MONTHLY,LAPSED,1,False,0.0,
POL000002355,CUS00008597,TRAVEL,PRV5,2022-07-29,2027-07-28,2027-07-28,1008707.1,9020647.09,ANNUAL,ACTIVE,1,True,1008707.1,331
POL000002356,CUS00008611,TRAVEL,PRV3,2025-08-30,2045-08-25,2027-08-30,3572332.26,32871849.7,MONTHLY,ACTIVE,1,True,3572332.26,364
POL000002357,CUS00008614,LIFE,PRV1,2026-06-15,2046-06-10,2027-06-15,597769.09,4923070.52,MONTHLY,ACTIVE,1,True,597769.09,288
POL000002358,CUS00008620,HEALTH,PRV3,2026-01-13,2036-01-11,2027-01-13,31955821.09,523154837.28,ANNUAL,ACTIVE,2,True,45128903.94,135
POL000002359,CUS00008620,MOTOR,PRV3,2026-05-20,2036-05-17,2027-05-20,13173082.85,245574761.93,MONTHLY,ACTIVE,2,True,45128903.94,135
POL000002360,CUS00008621,MOTOR,PRV2,2024-10-23,2044-10-18,2026-10-23,2551161.33,34315661.92,ANNUAL,ACTIVE,1,True,2551161.33,53
POL000002361,CUS00008630,LIFE,PRV3,2024-07-26,2034-07-24,2027-07-26,130585.1,2262241.19,ANNUAL,ACTIVE,1,True,130585.1,329
POL000002362,CUS00008634,HEALTH,PRV4,2023-07-02,2033-06-29,2027-07-01,1034363.05,23476763.82,MONTHLY,ACTIVE,1,True,1034363.05,304
POL000002363,CUS00008638,MOTOR,PRV3,2024-10-30,2044-10-25,2026-10-30,3474544.23,37440707.56,MONTHLY,ACTIVE,1,True,3474544.23,60
POL000002364,CUS00008654,LIFE,PRV5,2025-09-14,2026-09-14,2026-09-14,545521.71,4720985.73,MONTHLY,ACTIVE,1,True,545521.71,14
POL000002365,CUS00008656,LIFE,PRV5,2026-07-06,2027-07-06,2027-07-06,61712737.59,575463752.68,ANNUAL,ACTIVE,1,True,61712737.59,309
POL000002366,CUS00008660,HEALTH,PRV3,2023-07-04,2043-06-29,2027-07-03,225748.95,4966917.2,ANNUAL,ACTIVE,1,True,225748.95,306
POL000002367,CUS00008665,HEALTH,PRV2,2026-07-12,2031-07-11,2027-07-12,151311.57,2361617.25,ANNUAL,ACTIVE,1,True,151311.57,315
POL000002368,CUS00008666,LIFE,PRV5,2024-01-08,2025-01-07,2027-01-07,905102.48,16391845.1,QUARTERLY,LAPSED,1,False,0.0,
POL000002369,CUS00008667,LIFE,PRV4,2023-08-31,2028-08-29,2027-08-30,3991993.51,53253009.47,MONTHLY,ACTIVE,1,True,3991993.51,364
POL000002370,CUS00008674,LIFE,PRV5,2025-10-27,2045-10-22,2026-10-27,8821097.22,108103690.89,ANNUAL,ACTIVE,1,True,8821097.22,57
POL000002371,CUS00008676,MOTOR,PRV4,2023-02-23,2043-02-18,2027-02-22,738100.87,16921143.85,MONTHLY,ACTIVE,1,True,738100.87,175
POL000002372,CUS00008678,HEALTH,PRV5,2023-05-05,2043-04-30,2027-05-04,702337.85,16356073.53,QUARTERLY,ACTIVE,1,True,702337.85,246
POL000002373,CUS00008683,MOTOR,PRV4,2025-09-01,2035-08-30,2026-09-01,2395167.15,40473166.42,ANNUAL,ACTIVE,1,True,2395167.15,1
POL000002374,CUS00008684,MOTOR,PRV1,2025-12-30,2035-12-28,2026-12-30,672974.37,9578331.49,MONTHLY,ACTIVE,1,True,672974.37,121
POL000002375,CUS00008685,LIFE,PRV4,2023-11-26,2028-11-24,2026-11-25,410119.0,7026022.16,ANNUAL,ACTIVE,1,True,410119.0,86
POL000002376,CUS00008686,MOTOR,PRV2,2024-01-14,2025-01-13,2027-01-13,393157.3,8093837.76,ANNUAL,LAPSED,1,False,0.0,
POL000002377,CUS00008692,LIFE,PRV2,2026-02-20,2036-02-18,2027-02-20,3303601.32,73230573.59,ANNUAL,ACTIVE,1,True,3303601.32,173
POL000002378,CUS00008699,HEALTH,PRV1,2024-05-11,2044-05-06,2027-05-11,7119464.53,148504290.72,MONTHLY,ACTIVE,1,True,7119464.53,253
POL000002379,CUS00008709,HOME,PRV2,2023-10-25,2043-10-20,2026-10-24,10555949.49,244892643.17,MONTHLY,ACTIVE,1,True,10555949.49,54
POL000002380,CUS00008726,HEALTH,PRV4,2024-02-20,2044-02-15,2027-02-19,1242978.71,21549190.61,QUARTERLY,ACTIVE,2,True,1722191.77,107
POL000002381,CUS00008726,HOME,PRV4,2024-12-16,2034-12-14,2026-12-16,479213.06,4872594.63,QUARTERLY,ACTIVE,2,True,1722191.77,107
POL000002382,CUS00008730,LIFE,PRV1,2025-01-18,2035-01-16,2027-01-18,5224724.9,118383101.62,ANNUAL,ACTIVE,1,True,5224724.9,140
POL000002383,CUS00008739,TRAVEL,PRV1,2025-10-10,2035-10-08,2026-10-10,128886.42,2576367.07,ANNUAL,ACTIVE,1,True,128886.42,40
POL000002384,CUS00008740,LIFE,PRV3,2024-04-20,2044-04-15,2027-04-20,490678.7,6025080.08,ANNUAL,ACTIVE,1,True,490678.7,232
POL000002385,CUS00008747,MOTOR,PRV5,2023-12-08,2043-12-03,2026-12-07,8914979.92,127921856.49,MONTHLY,ACTIVE,1,True,8914979.92,98
POL000002386,CUS00008757,HEALTH,PRV5,2025-02-28,2026-02-28,2027-02-28,5942363.88,113900070.57,ANNUAL,LAPSED,1,False,0.0,
POL000002387,CUS00008762,MOTOR,PRV5,2025-08-26,2030-08-25,2027-08-26,122876.92,1530835.27,ANNUAL,ACTIVE,2,True,418867.64,336
POL000002388,CUS00008762,HEALTH,PRV5,2023-08-03,2043-07-29,2027-08-02,295990.72,6055278.34,ANNUAL,ACTIVE,2,True,418867.64,336
POL000002389,CUS00008763,LIFE,PRV4,2026-05-15,2027-05-15,2027-05-15,819482.56,9486887.34,ANNUAL,ACTIVE,2,True,1781221.0,57
POL000002390,CUS00008763,MOTOR,PRV1,2025-10-27,2030-10-26,2026-10-27,961738.44,14907217.84,MONTHLY,ACTIVE,2,True,1781221.0,57
POL000002391,CUS00008772,LIFE,PRV2,2026-06-21,2027-06-21,2027-06-21,1433320.31,21815677.78,QUARTERLY,ACTIVE,2,True,3020383.96,218
POL000002392,CUS00008772,LIFE,PRV1,2023-04-07,2028-04-05,2027-04-06,1587063.65,29137840.9,ANNUAL,ACTIVE,2,True,3020383.96,218
POL000002393,CUS00008775,LIFE,PRV4,2024-07-19,2044-07-14,2027-07-19,657649.47,8525685.85,MONTHLY,ACTIVE,1,True,657649.47,322
POL000002394,CUS00008781,LIFE,PRV3,2024-06-29,2044-06-24,2027-06-29,963940.75,16556839.62,MONTHLY,ACTIVE,2,True,1730909.17,4
POL000002395,CUS00008781,LIFE,PRV3,2024-09-04,2044-08-30,2026-09-04,766968.42,9198299.15,QUARTERLY,ACTIVE,2,True,1730909.17,4
POL000002396,CUS00008787,MOTOR,PRV2,2026-04-18,2031-04-17,2027-04-18,259754.5,4217565.61,ANNUAL,ACTIVE,1,True,259754.5,230
POL000002397,CUS00008795,HEALTH,PRV3,2026-07-20,2036-07-17,2027-07-20,1572913.06,13327402.59,MONTHLY,ACTIVE,1,True,1572913.06,323
POL000002398,CUS00008797,LIFE,PRV3,2023-12-28,2033-12-25,2026-12-27,3348441.63,72725419.9,ANNUAL,ACTIVE,1,True,3348441.63,118
POL000002399,CUS00008799,HEALTH,PRV1,2023-06-17,2033-06-14,2027-06-16,1137006.84,11723014.12,ANNUAL,ACTIVE,1,True,1137006.84,289
POL000002400,CUS00008801,LIFE,PRV4,2025-08-18,2030-08-17,2027-08-18,303760.67,6582771.46,MONTHLY,ACTIVE,1,True,303760.67,352
POL000002401,CUS00008802,MOTOR,PRV1,2024-12-22,2025-12-22,2026-12-22,649101.17,15086121.66,ANNUAL,LAPSED,2,True,286007.94,288
POL000002402,CUS00008802,HEALTH,PRV3,2024-06-15,2034-06-13,2027-06-15,286007.94,4058355.06,ANNUAL,ACTIVE,2,True,286007.94,288
POL000002403,CUS00008804,HOME,PRV3,2026-03-21,2046-03-16,2027-03-21,139317.02,1655487.62,ANNUAL,ACTIVE,1,True,139317.02,202
POL000002404,CUS00008811,LIFE,PRV4,2025-02-14,2045-02-09,2027-02-14,494390.31,5344396.59,MONTHLY,ACTIVE,1,True,494390.31,167
POL000002405,CUS00008814,MOTOR,PRV3,2024-08-01,2034-07-30,2027-08-01,129944.72,3162058.51,QUARTERLY,ACTIVE,1,True,129944.72,335
POL000002406,CUS00008818,MOTOR,PRV4,2024-12-21,2025-12-21,2026-12-21,7416841.18,159443644.52,ANNUAL,LAPSED,1,False,0.0,
POL000002407,CUS00008821,LIFE,PRV4,2025-11-23,2030-11-22,2026-11-23,4043377.16,63890671.75,MONTHLY,ACTIVE,1,True,4043377.16,84
POL000002408,CUS00008830,LIFE,PRV3,2024-10-25,2044-10-20,2026-10-25,14207475.35,136485136.41,ANNUAL,ACTIVE,1,True,14207475.35,55
POL000002409,CUS00008841,HEALTH,PRV2,2026-04-24,2027-04-24,2027-04-24,1019985.17,18209603.47,MONTHLY,ACTIVE,2,True,2505623.04,187
POL000002410,CUS00008841,TRAVEL,PRV2,2025-03-06,2030-03-05,2027-03-06,1485637.87,28923812.1,ANNUAL,ACTIVE,2,True,2505623.04,187
POL000002411,CUS00008847,LIFE,PRV2,2026-03-05,2046-02-28,2027-03-05,3278537.09,42729595.73,ANNUAL,ACTIVE,1,True,3278537.09,186
POL000002412,CUS00008848,MOTOR,PRV2,2023-11-12,2028-11-10,2026-11-11,907352.9,11038533.77,ANNUAL,ACTIVE,2,True,1366914.63,72
POL000002413,CUS00008848,LIFE,PRV1,2024-07-29,2034-07-27,2027-07-29,459561.73,5328334.99,MONTHLY,ACTIVE,2,True,1366914.63,72
POL000002414,CUS00008849,HEALTH,PRV2,2023-06-14,2024-06-13,2027-06-13,921033.51,19173468.62,ANNUAL,LAPSED,1,False,0.0,
POL000002415,CUS00008854,LIFE,PRV1,2026-01-14,2031-01-13,2027-01-14,137065.33,3358934.25,ANNUAL,ACTIVE,1,True,137065.33,136
POL000002416,CUS00008858,MOTOR,PRV3,2023-03-02,2033-02-27,2027-03-01,4203836.77,95784419.96,MONTHLY,ACTIVE,1,True,4203836.77,182
POL000002417,CUS00008859,MOTOR,PRV4,2026-01-08,2031-01-07,2027-01-08,8686419.17,187464170.84,QUARTERLY,ACTIVE,1,True,8686419.17,130
POL000002418,CUS00008861,HEALTH,PRV2,2025-07-06,2030-07-05,2027-07-06,6475691.87,70977728.92,QUARTERLY,ACTIVE,1,True,6475691.87,309
POL000002419,CUS00008863,MOTOR,PRV3,2022-08-20,2042-08-15,2027-08-19,92179.28,915440.0,MONTHLY,ACTIVE,2,True,420862.53,353
POL000002420,CUS00008863,HEALTH,PRV1,2024-08-19,2029-08-18,2027-08-19,328683.25,4139516.33,MONTHLY,ACTIVE,2,True,420862.53,353
POL000002421,CUS00008870,LIFE,PRV5,2024-07-01,2029-06-30,2027-07-01,245717.5,4952722.58,MONTHLY,ACTIVE,1,True,245717.5,304
POL000002422,CUS00008872,LIFE,PRV1,2023-07-20,2033-07-17,2027-07-19,643362.86,12458513.75,ANNUAL,ACTIVE,1,True,643362.86,322
POL000002423,CUS00008873,MOTOR,PRV5,2025-12-31,2026-12-31,2026-12-31,901794.57,12568294.46,ANNUAL,ACTIVE,1,True,901794.57,122
POL000002424,CUS00008875,HEALTH,PRV1,2025-02-20,2026-02-20,2027-02-20,656093.72,15905568.88,ANNUAL,LAPSED,1,False,0.0,
POL000002425,CUS00008878,MOTOR,PRV5,2025-07-22,2026-07-22,2027-07-22,5940669.27,56373248.86,ANNUAL,LAPSED,1,False,0.0,
POL000002426,CUS00008884,HEALTH,PRV1,2025-11-15,2035-11-13,2026-11-15,396975.36,6019464.33,ANNUAL,ACTIVE,1,True,396975.36,76
POL000002427,CUS00008890,LIFE,PRV4,2023-10-05,2033-10-02,2026-10-04,10160913.2,123865409.24,ANNUAL,ACTIVE,1,True,10160913.2,34
POL000002428,CUS00008892,LIFE,PRV5,2022-12-18,2027-12-17,2026-12-17,7955370.98,188903941.05,ANNUAL,ACTIVE,1,True,7955370.98,108
POL000002429,CUS00008894,MOTOR,PRV3,2025-06-21,2045-06-16,2027-06-21,12931388.7,108000580.06,QUARTERLY,ACTIVE,1,True,12931388.7,294
POL000002430,CUS00008895,HOME,PRV4,2024-10-12,2034-10-10,2026-10-12,822212.22,15574760.21,MONTHLY,ACTIVE,1,True,822212.22,42
POL000002431,CUS00008896,LIFE,PRV4,2026-04-28,2031-04-27,2027-04-28,1061323.33,23192684.13,MONTHLY,ACTIVE,2,True,1943980.57,240
POL000002432,CUS00008896,LIFE,PRV1,2026-07-01,2031-06-30,2027-07-01,882657.24,20452037.95,QUARTERLY,ACTIVE,2,True,1943980.57,240
POL000002433,CUS00008899,LIFE,PRV5,2023-08-14,2033-08-11,2027-08-13,155894.69,3703234.97,MONTHLY,ACTIVE,1,True,155894.69,347
POL000002434,CUS00008901,TRAVEL,PRV4,2023-08-21,2024-08-20,2027-08-20,992596.29,10738362.25,MONTHLY,LAPSED,1,False,0.0,
POL000002435,CUS00008902,LIFE,PRV3,2024-11-22,2025-11-22,2026-11-22,1319492.18,18434191.14,QUARTERLY,LAPSED,1,False,0.0,
POL000002436,CUS00008903,TRAVEL,PRV1,2023-05-18,2033-05-15,2027-05-17,1643060.07,38478833.2,QUARTERLY,ACTIVE,1,True,1643060.07,259
POL000002437,CUS00008907,LIFE,PRV2,2024-01-06,2029-01-04,2027-01-05,2393426.34,57843145.1,MONTHLY,ACTIVE,1,True,2393426.34,127
POL000002438,CUS00008908,HOME,PRV5,2026-06-28,2027-06-28,2027-06-28,308538.02,6124708.06,QUARTERLY,ACTIVE,1,True,308538.02,301
POL000002439,CUS00008916,LIFE,PRV3,2023-06-15,2024-06-14,2027-06-14,10613503.67,147505840.56,ANNUAL,LAPSED,1,False,0.0,
POL000002440,CUS00008917,MOTOR,PRV3,2026-02-13,2031-02-12,2027-02-13,608621.9,6001510.49,MONTHLY,ACTIVE,1,True,608621.9,166
POL000002441,CUS00008921,MOTOR,PRV1,2025-12-01,2030-11-30,2026-12-01,7254101.21,105789114.47,ANNUAL,ACTIVE,1,True,7254101.21,92
POL000002442,CUS00008922,LIFE,PRV3,2022-11-14,2042-11-09,2026-11-13,984061.02,19683040.27,MONTHLY,ACTIVE,1,True,984061.02,74
POL000002443,CUS00008927,LIFE,PRV3,2024-06-08,2044-06-03,2027-06-08,955801.14,17271212.21,MONTHLY,ACTIVE,1,True,955801.14,281
POL000002444,CUS00008931,LIFE,PRV1,2024-12-22,2044-12-17,2026-12-22,516420.48,12252930.63,MONTHLY,ACTIVE,1,True,516420.48,113
POL000002445,CUS00008932,HEALTH,PRV4,2023-03-17,2043-03-12,2027-03-16,102214.81,1269143.55,ANNUAL,ACTIVE,1,True,102214.81,197
POL000002446,CUS00008934,MOTOR,PRV4,2024-05-25,2025-05-25,2027-05-25,1141715.63,25343261.25,ANNUAL,LAPSED,1,False,0.0,
POL000002447,CUS00008936,TRAVEL,PRV4,2023-04-21,2033-04-18,2027-04-20,2493600.02,46730379.78,ANNUAL,ACTIVE,1,True,2493600.02,232
POL000002448,CUS00008941,LIFE,PRV4,2025-05-25,2026-05-25,2027-05-25,453228.45,6549123.99,MONTHLY,LAPSED,2,True,577962.67,57
POL000002449,CUS00008941,LIFE,PRV5,2025-10-27,2026-10-27,2026-10-27,577962.67,9877579.47,ANNUAL,ACTIVE,2,True,577962.67,57
POL000002450,CUS00008942,LIFE,PRV4,2023-06-30,2028-06-28,2027-06-29,4191092.24,54050135.47,ANNUAL,ACTIVE,1,True,4191092.24,302
POL000002451,CUS00008944,HOME,PRV5,2025-11-12,2035-11-10,2026-11-12,2726628.62,65059289.85,ANNUAL,ACTIVE,1,True,2726628.62,73
POL000002452,CUS00008945,LIFE,PRV1,2024-07-04,2044-06-29,2027-07-04,28549641.55,283169971.96,MONTHLY,ACTIVE,1,True,28549641.55,307
POL000002453,CUS00008948,LIFE,PRV5,2025-05-24,2026-05-24,2027-05-24,6517629.65,125438028.81,ANNUAL,LAPSED,1,False,0.0,
POL000002454,CUS00008956,HEALTH,PRV2,2022-11-28,2042-11-23,2026-11-27,618845.74,11840778.74,ANNUAL,ACTIVE,1,True,618845.74,88
POL000002455,CUS00008957,MOTOR,PRV4,2023-07-27,2024-07-26,2027-07-26,2659639.67,41238204.73,ANNUAL,LAPSED,2,True,3178962.6,38
POL000002456,CUS00008957,HEALTH,PRV3,2024-10-08,2034-10-06,2026-10-08,3178962.6,70270136.18,ANNUAL,ACTIVE,2,True,3178962.6,38
POL000002457,CUS00008963,LIFE,PRV3,2024-05-26,2044-05-21,2027-05-26,7264105.14,81653676.18,QUARTERLY,ACTIVE,1,True,7264105.14,268
POL000002458,CUS00008969,MOTOR,PRV3,2023-10-08,2028-10-06,2026-10-07,1079426.98,20937444.38,ANNUAL,ACTIVE,1,True,1079426.98,37
POL000002459,CUS00008978,HEALTH,PRV4,2025-08-02,2045-07-28,2027-08-02,895018.44,17067296.26,MONTHLY,ACTIVE,1,True,895018.44,336
POL000002460,CUS00008980,HOME,PRV5,2025-12-21,2030-12-20,2026-12-21,1484827.19,13218464.58,MONTHLY,ACTIVE,1,True,1484827.19,112
POL000002461,CUS00008983,MOTOR,PRV3,2023-12-20,2028-12-18,2026-12-19,477904.22,6846874.75,MONTHLY,ACTIVE,1,True,477904.22,110
POL000002462,CUS00008992,HEALTH,PRV2,2025-02-23,2030-02-22,2027-02-23,935086.23,20700333.53,ANNUAL,ACTIVE,1,True,935086.23,176
POL000002463,CUS00008994,TRAVEL,PRV4,2022-09-25,2032-09-22,2026-09-24,359993.54,3642414.72,MONTHLY,ACTIVE,2,True,662360.66,8
POL000002464,CUS00008994,LIFE,PRV3,2023-09-09,2033-09-06,2026-09-08,302367.12,3982305.38,QUARTERLY,ACTIVE,2,True,662360.66,8
POL000002465,CUS00008998,LIFE,PRV1,2023-09-30,2028-09-28,2026-09-29,1059962.07,9892865.29,QUARTERLY,ACTIVE,1,True,1059962.07,29
POL000002466,CUS00009002,LIFE,PRV4,2026-04-13,2031-04-12,2027-04-13,1300109.71,25246298.72,QUARTERLY,ACTIVE,2,True,4425051.34,225
POL000002467,CUS00009002,HEALTH,PRV4,2026-06-26,2031-06-25,2027-06-26,3124941.63,42184950.26,MONTHLY,ACTIVE,2,True,4425051.34,225
POL000002468,CUS00009006,LIFE,PRV2,2024-08-25,2025-08-25,2027-08-25,38835516.54,834109860.47,ANNUAL,LAPSED,1,False,0.0,
POL000002469,CUS00009008,MOTOR,PRV2,2026-05-30,2027-05-30,2027-05-30,151961.13,3317120.4,ANNUAL,ACTIVE,2,True,310145.56,141
POL000002470,CUS00009008,LIFE,PRV5,2025-01-19,2030-01-18,2027-01-19,158184.43,2340310.22,MONTHLY,ACTIVE,2,True,310145.56,141
POL000002471,CUS00009013,LIFE,PRV2,2025-03-21,2026-03-21,2027-03-21,3771711.91,64258925.57,MONTHLY,LAPSED,1,False,0.0,
POL000002472,CUS00009014,TRAVEL,PRV3,2025-02-18,2035-02-16,2027-02-18,319429.79,3494913.45,ANNUAL,ACTIVE,1,True,319429.79,171
POL000002473,CUS00009018,TRAVEL,PRV2,2022-08-17,2042-08-12,2027-08-16,159870.46,2774530.84,MONTHLY,ACTIVE,1,True,159870.46,350
POL000002474,CUS00009026,MOTOR,PRV3,2025-07-22,2045-07-17,2027-07-22,166797.3,2817765.6,ANNUAL,ACTIVE,1,True,166797.3,325
POL000002475,CUS00009027,TRAVEL,PRV2,2023-06-01,2024-05-31,2027-05-31,2204114.09,48939712.22,ANNUAL,LAPSED,1,False,0.0,
POL000002476,CUS00009029,LIFE,PRV2,2023-07-12,2033-07-09,2027-07-11,245905.31,3814314.54,ANNUAL,ACTIVE,1,True,245905.31,314
POL000002477,CUS00009032,HEALTH,PRV3,2026-01-04,2027-01-04,2027-01-04,2166722.66,20113047.21,MONTHLY,ACTIVE,1,True,2166722.66,126
POL000002478,CUS00009037,LIFE,PRV4,2025-08-10,2030-08-09,2027-08-10,20848529.37,480027212.39,ANNUAL,ACTIVE,1,True,20848529.37,344
POL000002479,CUS00009038,MOTOR,PRV1,2023-12-18,2033-12-15,2026-12-17,3637873.36,43102306.68,ANNUAL,ACTIVE,1,True,3637873.36,108
POL000002480,CUS00009043,LIFE,PRV1,2025-08-21,2045-08-16,2027-08-21,15098438.38,181449299.27,MONTHLY,ACTIVE,1,True,15098438.38,355
POL000002481,CUS00009046,TRAVEL,PRV1,2023-10-09,2028-10-07,2026-10-08,793975.31,7212679.73,ANNUAL,ACTIVE,1,True,793975.31,38
POL000002482,CUS00009050,LIFE,PRV4,2024-06-20,2034-06-18,2027-06-20,1233089.61,16447811.57,ANNUAL,ACTIVE,2,True,1630593.83,96
POL000002483,CUS00009050,TRAVEL,PRV3,2022-12-06,2027-12-05,2026-12-05,397504.22,3304237.0,ANNUAL,ACTIVE,2,True,1630593.83,96
POL000002484,CUS00009057,MOTOR,PRV2,2024-08-10,2025-08-10,2027-08-10,1334274.95,20987114.07,QUARTERLY,LAPSED,1,False,0.0,
POL000002485,CUS00009058,HEALTH,PRV5,2024-04-16,2044-04-11,2027-04-16,1073742.3,25327570.7,ANNUAL,ACTIVE,1,True,1073742.3,228
POL000002486,CUS00009068,TRAVEL,PRV5,2026-08-01,2036-07-29,2027-08-01,356786.05,6703864.29,MONTHLY,ACTIVE,1,True,356786.05,335
POL000002487,CUS00009069,HEALTH,PRV5,2023-04-19,2043-04-14,2027-04-18,253696.27,4173345.71,ANNUAL,ACTIVE,1,True,253696.27,230
POL000002488,CUS00009070,HOME,PRV1,2024-07-26,2029-07-25,2027-07-26,637851.74,6887308.44,MONTHLY,ACTIVE,2,True,1617737.54,54
POL000002489,CUS00009070,HOME,PRV3,2023-10-25,2043-10-20,2026-10-24,979885.8,19807328.74,MONTHLY,ACTIVE,2,True,1617737.54,54
POL000002490,CUS00009074,LIFE,PRV4,2025-03-19,2026-03-19,2027-03-19,744824.65,12970142.99,QUARTERLY,LAPSED,1,False,0.0,
POL000002491,CUS00009075,HOME,PRV4,2023-02-01,2043-01-27,2027-01-31,319454.81,4409996.55,MONTHLY,ACTIVE,1,True,319454.81,153
POL000002492,CUS00009083,TRAVEL,PRV2,2025-12-04,2035-12-02,2026-12-04,278093.61,6277143.59,MONTHLY,ACTIVE,1,True,278093.61,95
POL000002493,CUS00009084,HEALTH,PRV2,2026-03-27,2031-03-26,2027-03-27,1534620.45,18525657.75,QUARTERLY,ACTIVE,1,True,1534620.45,208
POL000002494,CUS00009086,LIFE,PRV3,2024-12-03,2034-12-01,2026-12-03,1949000.82,45386703.94,ANNUAL,ACTIVE,1,True,1949000.82,94
POL000002495,CUS00009088,LIFE,PRV4,2022-09-23,2042-09-18,2026-09-22,7936609.83,131710842.94,QUARTERLY,ACTIVE,1,True,7936609.83,22
POL000002496,CUS00009107,LIFE,PRV1,2025-09-18,2026-09-18,2026-09-18,2410611.75,31146759.94,ANNUAL,ACTIVE,1,True,2410611.75,18
POL000002497,CUS00009109,MOTOR,PRV4,2023-05-17,2033-05-14,2027-05-16,524414.29,8074975.04,ANNUAL,ACTIVE,2,True,524414.29,258
POL000002498,CUS00009109,HEALTH,PRV4,2023-09-07,2024-09-06,2026-09-06,547662.23,10787471.46,ANNUAL,LAPSED,2,True,524414.29,258
POL000002499,CUS00009111,LIFE,PRV1,2023-08-01,2043-07-27,2027-07-31,1510409.94,21431941.51,MONTHLY,ACTIVE,1,True,1510409.94,334
POL000002500,CUS00009114,HEALTH,PRV5,2024-01-17,2044-01-12,2027-01-16,10494135.5,227826960.88,ANNUAL,ACTIVE,1,True,10494135.5,138
POL000002501,CUS00009117,HEALTH,PRV3,2023-01-25,2043-01-20,2027-01-24,2178250.6,39192603.3,ANNUAL,ACTIVE,1,True,2178250.6,146
POL000002502,CUS00009129,HEALTH,PRV2,2023-02-24,2028-02-23,2027-02-23,199844.62,2315865.04,MONTHLY,ACTIVE,1,True,199844.62,176
POL000002503,CUS00009133,HEALTH,PRV3,2022-11-09,2042-11-04,2026-11-08,3076871.26,45544621.81,MONTHLY,ACTIVE,1,True,3076871.26,69
POL000002504,CUS00009135,MOTOR,PRV1,2022-11-08,2032-11-05,2026-11-07,1094530.84,16156944.67,ANNUAL,ACTIVE,1,True,1094530.84,68
POL000002505,CUS00009136,LIFE,PRV4,2025-09-18,2030-09-17,2026-09-18,4782673.56,115090210.75,MONTHLY,ACTIVE,1,True,4782673.56,18
POL000002506,CUS00009139,HOME,PRV5,2026-07-20,2046-07-15,2027-07-20,10565416.06,152574483.59,ANNUAL,ACTIVE,1,True,10565416.06,323
POL000002507,CUS00009144,MOTOR,PRV5,2023-09-23,2043-09-18,2026-09-22,5253161.42,53202733.82,MONTHLY,ACTIVE,2,True,11857004.9,22
POL000002508,CUS00009144,LIFE,PRV4,2022-10-04,2042-09-29,2026-10-03,6603843.48,108993517.02,MONTHLY,ACTIVE,2,True,11857004.9,22
POL000002509,CUS00009145,MOTOR,PRV4,2022-09-30,2027-09-29,2026-09-29,17484136.4,193504484.57,ANNUAL,ACTIVE,1,True,17484136.4,29
POL000002510,CUS00009146,TRAVEL,PRV3,2022-12-16,2023-12-16,2026-12-15,910842.2,8783795.7,ANNUAL,LAPSED,1,False,0.0,
POL000002511,CUS00009154,TRAVEL,PRV2,2025-09-25,2045-09-20,2026-09-25,644344.92,10284914.56,ANNUAL,ACTIVE,1,True,644344.92,25
POL000002512,CUS00009156,LIFE,PRV1,2023-04-18,2043-04-13,2027-04-17,21443721.54,246013784.65,QUARTERLY,ACTIVE,1,True,21443721.54,229
POL000002513,CUS00009161,MOTOR,PRV1,2025-05-04,2035-05-02,2027-05-04,332281.76,7872282.4,ANNUAL,ACTIVE,1,True,332281.76,246
POL000002514,CUS00009164,HEALTH,PRV3,2024-02-02,2044-01-28,2027-02-01,781165.93,13626029.87,QUARTERLY,ACTIVE,2,True,2002359.42,154
POL000002515,CUS00009164,LIFE,PRV3,2023-08-03,2033-07-31,2027-08-02,1221193.49,17527198.26,MONTHLY,ACTIVE,2,True,2002359.42,154
POL000002516,CUS00009165,MOTOR,PRV2,2023-06-03,2033-05-31,2027-06-02,2716544.6,36642665.64,ANNUAL,ACTIVE,1,True,2716544.6,275
POL000002517,CUS00009168,LIFE,PRV4,2023-11-19,2028-11-17,2026-11-18,26111971.71,297070196.43,ANNUAL,ACTIVE,1,True,26111971.71,79
POL000002518,CUS00009176,HEALTH,PRV1,2026-07-07,2036-07-04,2027-07-07,1485264.05,21539572.94,QUARTERLY,ACTIVE,2,True,1485264.05,310
POL000002519,CUS00009176,HEALTH,PRV3,2025-01-20,2026-01-20,2027-01-20,1173429.64,16158042.35,MONTHLY,LAPSED,2,True,1485264.05,310
POL000002520,CUS00009177,LIFE,PRV3,2026-01-23,2046-01-18,2027-01-23,784456.59,15239092.88,QUARTERLY,ACTIVE,2,True,784456.59,145
POL000002521,CUS00009177,HOME,PRV2,2023-08-18,2024-08-17,2027-08-17,348370.63,6311407.52,QUARTERLY,LAPSED,2,True,784456.59,145
POL000002522,CUS00009185,MOTOR,PRV2,2024-06-04,2034-06-02,2027-06-04,8675021.28,78277349.05,MONTHLY,ACTIVE,2,True,15362010.08,129
POL000002523,CUS00009185,HEALTH,PRV1,2023-01-08,2028-01-07,2027-01-07,6686988.8,140263480.62,ANNUAL,ACTIVE,2,True,15362010.08,129
POL000002524,CUS00009195,HEALTH,PRV2,2023-02-09,2028-02-08,2027-02-08,9303069.16,112449959.67,ANNUAL,ACTIVE,1,True,9303069.16,161
POL000002525,CUS00009200,HEALTH,PRV5,2024-09-20,2025-09-20,2026-09-20,3824869.38,91085576.78,MONTHLY,LAPSED,1,False,0.0,
POL000002526,CUS00009210,LIFE,PRV5,2024-05-31,2025-05-31,2027-05-31,3585196.86,43961894.93,ANNUAL,LAPSED,2,True,2468783.66,182
POL000002527,CUS00009210,HEALTH,PRV1,2024-03-01,2044-02-25,2027-03-01,2468783.66,44192060.21,QUARTERLY,ACTIVE,2,True,2468783.66,182
POL000002528,CUS00009214,HEALTH,PRV2,2026-03-22,2046-03-17,2027-03-22,1811693.86,23594417.37,MONTHLY,ACTIVE,1,True,1811693.86,203
POL000002529,CUS00009226,HEALTH,PRV2,2026-02-27,2031-02-26,2027-02-27,1611064.2,19298911.45,ANNUAL,ACTIVE,1,True,1611064.2,180
POL000002530,CUS00009227,LIFE,PRV3,2026-07-24,2046-07-19,2027-07-24,1812530.06,33064181.49,MONTHLY,ACTIVE,1,True,1812530.06,327
POL000002531,CUS00009229,TRAVEL,PRV1,2023-09-30,2024-09-29,2026-09-29,1965468.62,18020323.8,MONTHLY,LAPSED,1,False,0.0,
POL000002532,CUS00009231,HEALTH,PRV3,2023-07-19,2024-07-18,2027-07-18,2480881.6,25321856.71,QUARTERLY,LAPSED,1,False,0.0,
POL000002533,CUS00009234,MOTOR,PRV5,2022-10-07,2023-10-07,2026-10-06,27706446.86,686670613.37,ANNUAL,LAPSED,1,False,0.0,
POL000002534,CUS00009237,MOTOR,PRV2,2026-05-24,2046-05-19,2027-05-24,569871.99,10995026.78,ANNUAL,ACTIVE,1,True,569871.99,266
POL000002535,CUS00009239,HOME,PRV1,2023-11-12,2043-11-07,2026-11-11,588413.5,12014085.96,MONTHLY,ACTIVE,2,True,588413.5,72
POL000002536,CUS00009239,HOME,PRV1,2023-04-20,2024-04-19,2027-04-19,950444.24,16496278.17,MONTHLY,LAPSED,2,True,588413.5,72
POL000002537,CUS00009249,LIFE,PRV1,2026-07-06,2036-07-03,2027-07-06,1951671.24,21043264.53,QUARTERLY,ACTIVE,1,True,1951671.24,309
POL000002538,CUS00009250,MOTOR,PRV1,2023-07-04,2043-06-29,2027-07-03,701516.42,5867790.52,QUARTERLY,ACTIVE,1,True,701516.42,306
POL000002539,CUS00009258,HEALTH,PRV3,2026-04-29,2036-04-26,2027-04-29,198071.53,4308055.73,ANNUAL,ACTIVE,2,True,825366.12,6
POL000002540,CUS00009258,HEALTH,PRV3,2025-09-06,2035-09-04,2026-09-06,627294.59,7526256.45,ANNUAL,ACTIVE,2,True,825366.12,6
POL000002541,CUS00009260,LIFE,PRV2,2024-06-08,2044-06-03,2027-06-08,33503340.58,690455086.48,QUARTERLY,ACTIVE,2,True,44363503.95,281
POL000002542,CUS00009260,HEALTH,PRV2,2024-06-11,2029-06-10,2027-06-11,10860163.37,141001460.64,ANNUAL,ACTIVE,2,True,44363503.95,281
POL000002543,CUS00009264,HEALTH,PRV3,2023-12-12,2028-12-10,2026-12-11,127014.01,2267717.55,MONTHLY,ACTIVE,1,True,127014.01,102
POL000002544,CUS00009271,LIFE,PRV4,2024-07-11,2034-07-09,2027-07-11,338260.52,7864536.18,MONTHLY,ACTIVE,2,True,1583197.19,282
POL000002545,CUS00009271,LIFE,PRV1,2026-06-09,2031-06-08,2027-06-09,1244936.67,22255104.91,ANNUAL,ACTIVE,2,True,1583197.19,282
POL000002546,CUS00009272,LIFE,PRV1,2022-10-25,2027-10-24,2026-10-24,542110.11,5745420.56,ANNUAL,ACTIVE,1,True,542110.11,54
POL000002547,CUS00009277,HEALTH,PRV4,2023-08-25,2033-08-22,2027-08-24,2171061.21,48525825.54,ANNUAL,ACTIVE,1,True,2171061.21,358
POL000002548,CUS00009280,TRAVEL,PRV3,2022-10-17,2027-10-16,2026-10-16,3922155.61,83495425.32,QUARTERLY,ACTIVE,1,True,3922155.61,46
POL000002549,CUS00009281,MOTOR,PRV3,2023-01-26,2043-01-21,2027-01-25,3966023.59,37964492.35,ANNUAL,ACTIVE,1,True,3966023.59,147
POL000002550,CUS00009285,HEALTH,PRV1,2025-09-04,2045-08-30,2026-09-04,611507.19,7181090.5,MONTHLY,ACTIVE,2,True,611507.19,4
POL000002551,CUS00009285,LIFE,PRV4,2024-05-07,2025-05-07,2027-05-07,721421.45,14674818.47,QUARTERLY,LAPSED,2,True,611507.19,4
POL000002552,CUS00009295,LIFE,PRV2,2025-03-11,2026-03-11,2027-03-11,1443276.32,32124030.7,ANNUAL,LAPSED,1,False,0.0,
POL000002553,CUS00009297,HEALTH,PRV5,2026-06-01,2036-05-29,2027-06-01,278248.23,6504416.18,ANNUAL,ACTIVE,1,True,278248.23,274
POL000002554,CUS00009298,LIFE,PRV1,2024-11-06,2025-11-06,2026-11-06,19996139.82,472740623.82,QUARTERLY,LAPSED,1,False,0.0,
POL000002555,CUS00009301,LIFE,PRV3,2026-04-04,2046-03-30,2027-04-04,454994.9,4526764.63,ANNUAL,ACTIVE,1,True,454994.9,216
POL000002556,CUS00009310,HEALTH,PRV3,2022-10-03,2027-10-02,2026-10-02,9806333.78,93531618.48,MONTHLY,ACTIVE,1,True,9806333.78,32
POL000002557,CUS00009311,HEALTH,PRV2,2023-03-20,2033-03-17,2027-03-19,1232180.18,17889456.38,ANNUAL,ACTIVE,1,True,1232180.18,200
POL000002558,CUS00009312,HOME,PRV3,2026-04-15,2031-04-14,2027-04-15,4672846.68,108577132.59,QUARTERLY,ACTIVE,1,True,4672846.68,227
POL000002559,CUS00009314,HEALTH,PRV4,2024-08-20,2044-08-15,2027-08-20,1102112.44,12131512.76,ANNUAL,ACTIVE,1,True,1102112.44,354
POL000002560,CUS00009316,LIFE,PRV5,2023-02-09,2024-02-09,2027-02-08,125388.17,1231326.21,MONTHLY,LAPSED,2,False,0.0,
POL000002561,CUS00009316,HEALTH,PRV3,2025-07-08,2026-07-08,2027-07-08,521990.71,12638099.9,QUARTERLY,LAPSED,2,False,0.0,
POL000002562,CUS00009325,HOME,PRV2,2025-11-10,2045-11-05,2026-11-10,1170740.81,16316835.86,MONTHLY,ACTIVE,1,True,1170740.81,71
POL000002563,CUS00009334,HEALTH,PRV5,2025-10-16,2026-10-16,2026-10-16,8001619.42,155379905.29,ANNUAL,ACTIVE,1,True,8001619.42,46
POL000002564,CUS00009340,HEALTH,PRV5,2025-02-28,2030-02-27,2027-02-28,905441.09,10724444.03,QUARTERLY,ACTIVE,1,True,905441.09,181
POL000002565,CUS00009344,HEALTH,PRV5,2023-05-20,2024-05-19,2027-05-19,234675.03,4124965.92,QUARTERLY,LAPSED,1,False,0.0,
POL000002566,CUS00009347,MOTOR,PRV2,2023-07-13,2024-07-12,2027-07-12,148757.17,2703928.65,ANNUAL,LAPSED,2,True,318170.86,169
POL000002567,CUS00009347,TRAVEL,PRV2,2025-02-16,2030-02-15,2027-02-16,318170.86,7058685.96,MONTHLY,ACTIVE,2,True,318170.86,169
POL000002568,CUS00009351,MOTOR,PRV3,2023-12-27,2028-12-25,2026-12-26,2720564.96,32663182.22,MONTHLY,ACTIVE,1,True,2720564.96,117
POL000002569,CUS00009357,LIFE,PRV5,2024-09-26,2029-09-25,2026-09-26,1437084.81,26931381.47,MONTHLY,ACTIVE,1,True,1437084.81,26
POL000002570,CUS00009358,TRAVEL,PRV5,2023-12-27,2043-12-22,2026-12-26,3159887.47,75857428.39,ANNUAL,ACTIVE,1,True,3159887.47,117
POL000002571,CUS00009361,HEALTH,PRV4,2023-12-05,2028-12-03,2026-12-04,1643822.64,35322086.14,ANNUAL,ACTIVE,1,True,1643822.64,95
POL000002572,CUS00009362,HEALTH,PRV1,2024-03-25,2034-03-23,2027-03-25,137804.7,2773068.11,QUARTERLY,ACTIVE,2,True,745564.17,61
POL000002573,CUS00009362,HOME,PRV2,2023-11-01,2033-10-29,2026-10-31,607759.47,10899978.47,ANNUAL,ACTIVE,2,True,745564.17,61
POL000002574,CUS00009368,LIFE,PRV3,2026-07-11,2036-07-08,2027-07-11,1670988.34,17413107.33,ANNUAL,ACTIVE,1,True,1670988.34,314
POL000002575,CUS00009369,HOME,PRV5,2024-01-01,2028-12-30,2026-12-31,985344.03,21255740.63,ANNUAL,ACTIVE,2,True,985344.03,122
POL000002576,CUS00009369,MOTOR,PRV3,2024-02-13,2025-02-12,2027-02-12,732607.69,8696568.45,QUARTERLY,LAPSED,2,True,985344.03,122
POL000002577,CUS00009370,MOTOR,PRV2,2024-12-02,2029-12-01,2026-12-02,5768375.71,113037091.3,ANNUAL,ACTIVE,1,True,5768375.71,93
POL000002578,CUS00009371,LIFE,PRV1,2023-05-07,2024-05-06,2027-05-06,2602080.3,54379674.74,ANNUAL,LAPSED,1,False,0.0,
POL000002579,CUS00009391,HEALTH,PRV4,2025-12-08,2026-12-08,2026-12-08,1070637.97,18871445.89,ANNUAL,ACTIVE,1,True,1070637.97,99
POL000002580,CUS00009393,HEALTH,PRV3,2022-12-02,2042-11-27,2026-12-01,11886588.03,166086679.86,QUARTERLY,ACTIVE,1,True,11886588.03,92
POL000002581,CUS00009396,LIFE,PRV4,2025-05-27,2030-05-26,2027-05-27,870289.91,19195397.57,ANNUAL,ACTIVE,1,True,870289.91,269
POL000002582,CUS00009406,MOTOR,PRV1,2023-11-20,2033-11-17,2026-11-19,328296.07,7794099.8,ANNUAL,ACTIVE,1,True,328296.07,80
POL000002583,CUS00009408,LIFE,PRV4,2025-04-10,2026-04-10,2027-04-10,41100013.21,790683345.26,MONTHLY,LAPSED,1,False,0.0,
POL000002584,CUS00009409,MOTOR,PRV5,2022-07-26,2027-07-25,2027-07-25,3059924.86,57452326.19,ANNUAL,ACTIVE,1,True,3059924.86,328
POL000002585,CUS00009410,TRAVEL,PRV1,2023-10-10,2043-10-05,2026-10-09,57017843.53,1254205248.07,QUARTERLY,ACTIVE,1,True,57017843.53,39
POL000002586,CUS00009411,TRAVEL,PRV2,2024-12-14,2044-12-09,2026-12-14,461774.92,6248834.98,MONTHLY,ACTIVE,1,True,461774.92,105
POL000002587,CUS00009421,MOTOR,PRV4,2024-08-07,2034-08-05,2027-08-07,741163.18,13569505.04,ANNUAL,ACTIVE,1,True,741163.18,341
POL000002588,CUS00009427,MOTOR,PRV5,2022-10-24,2032-10-21,2026-10-23,1487728.22,34129058.5,MONTHLY,ACTIVE,1,True,1487728.22,53
POL000002589,CUS00009433,LIFE,PRV1,2025-06-15,2045-06-10,2027-06-15,1914672.55,24960655.49,ANNUAL,ACTIVE,1,True,1914672.55,288
POL000002590,CUS00009437,MOTOR,PRV1,2026-02-27,2027-02-27,2027-02-27,371339.58,8912114.14,MONTHLY,ACTIVE,1,True,371339.58,180
POL000002591,CUS00009441,LIFE,PRV5,2026-02-15,2027-02-15,2027-02-15,5953128.9,82938262.69,ANNUAL,ACTIVE,1,True,5953128.9,168
POL000002592,CUS00009443,MOTOR,PRV4,2024-10-20,2029-10-19,2026-10-20,393652.85,6483178.83,ANNUAL,ACTIVE,1,True,393652.85,50
POL000002593,CUS00009446,MOTOR,PRV3,2022-12-23,2027-12-22,2026-12-22,814293.92,7663810.72,QUARTERLY,ACTIVE,1,True,814293.92,113
POL000002594,CUS00009451,LIFE,PRV2,2024-02-12,2044-02-07,2027-02-11,7038855.09,127743692.54,ANNUAL,ACTIVE,2,True,11394377.63,136
POL000002595,CUS00009451,HEALTH,PRV2,2023-01-15,2033-01-12,2027-01-14,4355522.54,54114027.66,ANNUAL,ACTIVE,2,True,11394377.63,136
POL000002596,CUS00009452,LIFE,PRV4,2025-03-01,2045-02-24,2027-03-01,8048121.8,125517019.14,MONTHLY,ACTIVE,2,True,16878437.91,182
POL000002597,CUS00009452,HEALTH,PRV5,2024-03-24,2034-03-22,2027-03-24,8830316.11,167936880.33,ANNUAL,ACTIVE,2,True,16878437.91,182
POL000002598,CUS00009455,MOTOR,PRV4,2024-09-22,2029-09-21,2026-09-22,155970.57,1500664.21,ANNUAL,ACTIVE,1,True,155970.57,22
POL000002599,CUS00009456,MOTOR,PRV5,2024-07-26,2044-07-21,2027-07-26,955123.25,12690276.46,ANNUAL,ACTIVE,1,True,955123.25,329
POL000002600,CUS00009457,LIFE,PRV2,2024-03-06,2025-03-06,2027-03-06,410314.32,9481803.88,ANNUAL,LAPSED,1,False,0.0,
POL000002601,CUS00009462,TRAVEL,PRV1,2026-06-14,2027-06-14,2027-06-14,901695.03,16746802.82,MONTHLY,ACTIVE,1,True,901695.03,287
POL000002602,CUS00009471,HEALTH,PRV5,2023-09-19,2024-09-18,2026-09-18,1596410.48,19949219.48,MONTHLY,LAPSED,1,False,0.0,
POL000002603,CUS00009477,HEALTH,PRV2,2024-09-07,2025-09-07,2026-09-07,207239.86,3622963.31,MONTHLY,LAPSED,1,False,0.0,
POL000002604,CUS00009479,LIFE,PRV3,2023-11-27,2033-11-24,2026-11-26,6562500.93,93857790.19,ANNUAL,ACTIVE,1,True,6562500.93,87
POL000002605,CUS00009483,HEALTH,PRV1,2025-02-04,2026-02-04,2027-02-04,9619066.0,222919560.34,QUARTERLY,LAPSED,1,False,0.0,
POL000002606,CUS00009488,LIFE,PRV1,2025-02-22,2030-02-21,2027-02-22,482810.9,8073897.07,MONTHLY,ACTIVE,1,True,482810.9,175
POL000002607,CUS00009495,LIFE,PRV3,2023-09-22,2028-09-20,2026-09-21,221083.0,2392187.56,MONTHLY,ACTIVE,2,True,344650.16,21
POL000002608,CUS00009495,HOME,PRV4,2023-11-05,2043-10-31,2026-11-04,123567.16,2050048.94,MONTHLY,ACTIVE,2,True,344650.16,21
POL000002609,CUS00009506,LIFE,PRV1,2024-08-02,2029-08-01,2027-08-02,993869.67,21487533.13,MONTHLY,ACTIVE,1,True,993869.67,336
POL000002610,CUS00009508,LIFE,PRV1,2023-04-10,2028-04-08,2027-04-09,1357908.72,28352891.86,QUARTERLY,ACTIVE,2,True,3982192.59,221
POL000002611,CUS00009508,MOTOR,PRV5,2026-07-11,2036-07-08,2027-07-11,2624283.87,36412348.24,MONTHLY,ACTIVE,2,True,3982192.59,221
POL000002612,CUS00009516,LIFE,PRV5,2024-11-12,2034-11-10,2026-11-12,553328.14,11568202.8,MONTHLY,ACTIVE,1,True,553328.14,73
POL000002613,CUS00009521,TRAVEL,PRV3,2025-10-07,2026-10-07,2026-10-07,259906.02,4742429.07,ANNUAL,ACTIVE,2,True,345422.35,37
POL000002614,CUS00009521,HOME,PRV4,2023-02-06,2028-02-05,2027-02-05,85516.33,1859836.91,ANNUAL,ACTIVE,2,True,345422.35,37
POL000002615,CUS00009522,LIFE,PRV3,2023-02-05,2024-02-05,2027-02-04,660680.78,10327730.2,ANNUAL,LAPSED,1,False,0.0,
POL000002616,CUS00009527,TRAVEL,PRV3,2024-03-20,2029-03-19,2027-03-20,11878293.11,269175618.47,ANNUAL,ACTIVE,2,True,18858896.84,102
POL000002617,CUS00009527,LIFE,PRV5,2023-12-12,2028-12-10,2026-12-11,6980603.73,70602866.79,ANNUAL,ACTIVE,2,True,18858896.84,102
POL000002618,CUS00009532,HEALTH,PRV5,2025-06-28,2035-06-26,2027-06-28,720732.25,14012567.86,ANNUAL,ACTIVE,2,True,1509409.89,39
POL000002619,CUS00009532,HOME,PRV1,2025-10-09,2026-10-09,2026-10-09,788677.64,18604693.12,ANNUAL,ACTIVE,2,True,1509409.89,39
POL000002620,CUS00009540,MOTOR,PRV5,2023-11-09,2024-11-08,2026-11-08,3616550.66,81645233.83,ANNUAL,LAPSED,2,True,5827887.41,318
POL000002621,CUS00009540,TRAVEL,PRV1,2025-07-15,2030-07-14,2027-07-15,5827887.41,132229666.72,QUARTERLY,ACTIVE,2,True,5827887.41,318
POL000002622,CUS00009541,HOME,PRV4,2024-12-19,2025-12-19,2026-12-19,43512113.11,368957487.25,ANNUAL,LAPSED,1,False,0.0,
POL000002623,CUS00009547,LIFE,PRV3,2024-11-06,2025-11-06,2026-11-06,14284445.63,249099534.96,ANNUAL,LAPSED,1,False,0.0,
POL000002624,CUS00009552,LIFE,PRV4,2026-04-02,2036-03-30,2027-04-02,415244.6,9514449.05,MONTHLY,ACTIVE,1,True,415244.6,214
POL000002625,CUS00009563,LIFE,PRV4,2024-06-12,2029-06-11,2027-06-12,1366273.42,20982532.31,MONTHLY,ACTIVE,1,True,1366273.42,285
POL000002626,CUS00009573,HEALTH,PRV2,2025-11-12,2045-11-07,2026-11-12,376453.7,7229990.7,QUARTERLY,ACTIVE,1,True,376453.7,73
POL000002627,CUS00009576,LIFE,PRV1,2025-09-01,2026-09-01,2026-09-01,1736817.86,36699869.84,ANNUAL,ACTIVE,1,True,1736817.86,1
POL000002628,CUS00009581,HEALTH,PRV1,2023-11-24,2033-11-21,2026-11-23,55707109.81,777801695.23,QUARTERLY,ACTIVE,1,True,55707109.81,84
POL000002629,CUS00009588,MOTOR,PRV4,2024-03-27,2029-03-26,2027-03-27,3167462.3,43917482.46,QUARTERLY,ACTIVE,1,True,3167462.3,208
POL000002630,CUS00009589,HEALTH,PRV4,2023-07-03,2043-06-28,2027-07-02,849221.94,11282333.35,ANNUAL,ACTIVE,1,True,849221.94,305
POL000002631,CUS00009595,LIFE,PRV5,2026-06-27,2031-06-26,2027-06-27,15564175.46,246284925.16,ANNUAL,ACTIVE,2,True,24026265.64,271
POL000002632,CUS00009595,LIFE,PRV4,2023-05-30,2033-05-27,2027-05-29,8462090.18,128530530.82,MONTHLY,ACTIVE,2,True,24026265.64,271
POL000002633,CUS00009596,LIFE,PRV3,2023-04-24,2024-04-23,2027-04-23,20692187.73,409955311.54,ANNUAL,LAPSED,1,False,0.0,
POL000002634,CUS00009598,TRAVEL,PRV5,2025-02-18,2026-02-18,2027-02-18,1173691.51,15102273.95,ANNUAL,LAPSED,2,True,3873747.9,138
POL000002635,CUS00009598,MOTOR,PRV1,2024-01-17,2034-01-14,2027-01-16,3873747.9,55836726.16,ANNUAL,ACTIVE,2,True,3873747.9,138
POL000002636,CUS00009600,HEALTH,PRV2,2026-01-12,2027-01-12,2027-01-12,212159.41,4172126.73,ANNUAL,ACTIVE,1,True,212159.41,134
POL000002637,CUS00009602,HEALTH,PRV3,2023-07-04,2024-07-03,2027-07-03,4365509.97,73905118.52,MONTHLY,LAPSED,1,False,0.0,
POL000002638,CUS00009608,HEALTH,PRV2,2024-06-05,2034-06-03,2027-06-05,7558685.19,110661335.66,QUARTERLY,ACTIVE,1,True,7558685.19,278
POL000002639,CUS00009609,LIFE,PRV4,2023-09-23,2024-09-22,2026-09-22,1563398.83,17812358.47,ANNUAL,LAPSED,1,False,0.0,
POL000002640,CUS00009610,MOTOR,PRV3,2024-10-29,2044-10-24,2026-10-29,129480.59,2506483.9,MONTHLY,ACTIVE,2,True,440556.0,59
POL000002641,CUS00009610,LIFE,PRV5,2022-08-08,2032-08-05,2027-08-07,311075.41,5746560.07,ANNUAL,ACTIVE,2,True,440556.0,59
POL000002642,CUS00009618,MOTOR,PRV2,2022-08-14,2023-08-14,2027-08-13,370724.16,8862424.11,MONTHLY,LAPSED,1,False,0.0,
POL000002643,CUS00009620,HEALTH,PRV1,2025-10-26,2035-10-24,2026-10-26,7891483.89,125776819.91,MONTHLY,ACTIVE,1,True,7891483.89,56
POL000002644,CUS00009623,LIFE,PRV4,2026-01-30,2031-01-29,2027-01-30,1419102.92,14052664.02,ANNUAL,ACTIVE,1,True,1419102.92,152
POL000002645,CUS00009625,LIFE,PRV3,2025-12-13,2045-12-08,2026-12-13,1412809.84,23912823.27,QUARTERLY,ACTIVE,1,True,1412809.84,104
POL000002646,CUS00009629,HOME,PRV3,2026-06-25,2027-06-25,2027-06-25,14960055.33,184167117.21,ANNUAL,ACTIVE,1,True,14960055.33,298
POL000002647,CUS00009632,MOTOR,PRV3,2024-12-02,2044-11-27,2026-12-02,4909470.0,118145139.56,ANNUAL,ACTIVE,1,True,4909470.0,93
POL000002648,CUS00009633,MOTOR,PRV3,2024-05-22,2034-05-20,2027-05-22,1241749.37,27957105.38,ANNUAL,ACTIVE,2,True,2757402.6,264
POL000002649,CUS00009633,LIFE,PRV5,2023-06-01,2033-05-29,2027-05-31,1515653.23,22002493.48,ANNUAL,ACTIVE,2,True,2757402.6,264
POL000002650,CUS00009647,HOME,PRV2,2025-09-20,2030-09-19,2026-09-20,484710.37,3908428.57,MONTHLY,ACTIVE,1,True,484710.37,20
POL000002651,CUS00009648,TRAVEL,PRV4,2023-06-05,2033-06-02,2027-06-04,2138552.11,20319585.18,ANNUAL,ACTIVE,1,True,2138552.11,277
POL000002652,CUS00009650,MOTOR,PRV1,2025-12-06,2045-12-01,2026-12-06,31459034.67,382873895.79,MONTHLY,ACTIVE,1,True,31459034.67,97
POL000002653,CUS00009657,LIFE,PRV1,2023-04-20,2043-04-15,2027-04-19,12806124.92,161372438.09,MONTHLY,ACTIVE,1,True,12806124.92,231
POL000002654,CUS00009661,HOME,PRV3,2023-10-30,2043-10-25,2026-10-29,7719409.45,169504318.05,ANNUAL,ACTIVE,1,True,7719409.45,59
POL000002655,CUS00009662,HEALTH,PRV3,2026-03-29,2031-03-28,2027-03-29,738725.4,14098463.86,ANNUAL,ACTIVE,1,True,738725.4,210
POL000002656,CUS00009664,HEALTH,PRV3,2022-09-05,2032-09-02,2026-09-04,4357226.16,61390349.0,MONTHLY,ACTIVE,2,True,23450758.17,4
POL000002657,CUS00009664,MOTOR,PRV4,2025-11-23,2045-11-18,2026-11-23,19093532.01,416921207.94,ANNUAL,ACTIVE,2,True,23450758.17,4
POL000002658,CUS00009665,LIFE,PRV1,2025-06-09,2026-06-09,2027-06-09,1049256.47,12179141.72,ANNUAL,LAPSED,1,False,0.0,
POL000002659,CUS00009668,LIFE,PRV1,2023-06-12,2043-06-07,2027-06-11,5309270.56,112853946.59,QUARTERLY,ACTIVE,1,True,5309270.56,284
POL000002660,CUS00009670,HOME,PRV4,2025-11-11,2026-11-11,2026-11-11,7853206.61,93705107.94,ANNUAL,ACTIVE,1,True,7853206.61,72
POL000002661,CUS00009671,HEALTH,PRV1,2022-11-04,2042-10-30,2026-11-03,250362.66,5133535.51,ANNUAL,ACTIVE,2,True,911871.5,64
POL000002662,CUS00009671,LIFE,PRV5,2025-07-04,2045-06-29,2027-07-04,661508.84,14788367.91,ANNUAL,ACTIVE,2,True,911871.5,64
POL000002663,CUS00009685,MOTOR,PRV3,2024-04-27,2029-04-26,2027-04-27,138904.03,2483777.81,ANNUAL,ACTIVE,2,True,221462.09,239
POL000002664,CUS00009685,LIFE,PRV1,2025-08-12,2030-08-11,2027-08-12,82558.06,1001833.79,ANNUAL,ACTIVE,2,True,221462.09,239
POL000002665,CUS00009686,LIFE,PRV1,2026-02-08,2027-02-08,2027-02-08,6151886.81,149593961.12,ANNUAL,ACTIVE,1,True,6151886.81,161
POL000002666,CUS00009695,TRAVEL,PRV3,2024-05-31,2029-05-30,2027-05-31,442019.15,6182434.83,ANNUAL,ACTIVE,1,True,442019.15,273
POL000002667,CUS00009697,LIFE,PRV2,2023-02-27,2033-02-24,2027-02-26,4123153.13,68021259.08,QUARTERLY,ACTIVE,1,True,4123153.13,179
POL000002668,CUS00009699,HEALTH,PRV2,2023-05-31,2028-05-29,2027-05-30,30498987.33,266237491.43,ANNUAL,ACTIVE,1,True,30498987.33,272
POL000002669,CUS00009708,LIFE,PRV4,2024-03-18,2025-03-18,2027-03-18,31749112.78,552377358.37,ANNUAL,LAPSED,1,False,0.0,
POL000002670,CUS00009709,LIFE,PRV5,2025-12-26,2030-12-25,2026-12-26,116691.2,2867104.35,ANNUAL,ACTIVE,1,True,116691.2,117
POL000002671,CUS00009713,TRAVEL,PRV3,2024-04-21,2029-04-20,2027-04-21,14876262.99,341437897.03,ANNUAL,ACTIVE,1,True,14876262.99,233
POL000002672,CUS00009719,HEALTH,PRV3,2023-12-18,2043-12-13,2026-12-17,288987.71,2531716.95,ANNUAL,ACTIVE,1,True,288987.71,108
POL000002673,CUS00009724,LIFE,PRV2,2026-04-11,2027-04-11,2027-04-11,987411.31,21542670.04,MONTHLY,ACTIVE,1,True,987411.31,223
POL000002674,CUS00009726,LIFE,PRV4,2026-05-09,2031-05-08,2027-05-09,2872226.35,66704398.19,ANNUAL,ACTIVE,1,True,2872226.35,251
POL000002675,CUS00009737,MOTOR,PRV2,2023-03-13,2043-03-08,2027-03-12,5542161.97,50509198.83,MONTHLY,ACTIVE,1,True,5542161.97,193
POL000002676,CUS00009739,HEALTH,PRV1,2025-07-29,2045-07-24,2027-07-29,21193157.43,376257076.68,ANNUAL,ACTIVE,1,True,21193157.43,332
POL000002677,CUS00009740,LIFE,PRV3,2023-03-06,2028-03-04,2027-03-05,9752370.32,214579871.49,ANNUAL,ACTIVE,1,True,9752370.32,186
POL000002678,CUS00009750,MOTOR,PRV2,2024-04-09,2034-04-07,2027-04-09,1301035.99,12312750.2,ANNUAL,ACTIVE,1,True,1301035.99,221
POL000002679,CUS00009754,LIFE,PRV2,2024-12-28,2029-12-27,2026-12-28,715801.34,15655624.39,ANNUAL,ACTIVE,1,True,715801.34,119
POL000002680,CUS00009756,LIFE,PRV2,2023-08-10,2024-08-09,2027-08-09,16532099.89,377502805.23,MONTHLY,LAPSED,2,True,26088308.95,21
POL000002681,CUS00009756,MOTOR,PRV4,2025-09-21,2026-09-21,2026-09-21,26088308.95,585234460.22,MONTHLY,ACTIVE,2,True,26088308.95,21
POL000002682,CUS00009760,TRAVEL,PRV4,2023-11-30,2033-11-27,2026-11-29,6389676.63,122059571.17,QUARTERLY,ACTIVE,2,True,6389676.63,90
POL000002683,CUS00009760,LIFE,PRV4,2022-10-31,2023-10-31,2026-10-30,3717669.45,83876555.86,MONTHLY,LAPSED,2,True,6389676.63,90
POL000002684,CUS00009763,HEALTH,PRV4,2023-12-01,2033-11-28,2026-11-30,1067092.37,25501027.85,MONTHLY,ACTIVE,1,True,1067092.37,91
POL000002685,CUS00009765,HOME,PRV3,2025-11-22,2045-11-17,2026-11-22,595102.71,12364456.41,MONTHLY,ACTIVE,1,True,595102.71,83
POL000002686,CUS00009766,HEALTH,PRV3,2024-03-22,2025-03-22,2027-03-22,176143.44,2112106.52,ANNUAL,LAPSED,1,False,0.0,
POL000002687,CUS00009768,HEALTH,PRV4,2023-02-16,2028-02-15,2027-02-15,635032.17,5460026.25,ANNUAL,ACTIVE,1,True,635032.17,168
POL000002688,CUS00009776,MOTOR,PRV5,2023-06-04,2028-06-02,2027-06-03,1735798.18,25722791.6,ANNUAL,ACTIVE,1,True,1735798.18,276
POL000002689,CUS00009781,LIFE,PRV3,2026-03-17,2036-03-14,2027-03-17,10523768.02,222631859.65,ANNUAL,ACTIVE,2,True,17379859.27,198
POL000002690,CUS00009781,LIFE,PRV1,2024-05-21,2044-05-16,2027-05-21,6856091.25,69532374.16,ANNUAL,ACTIVE,2,True,17379859.27,198
POL000002691,CUS00009789,LIFE,PRV4,2023-12-10,2033-12-07,2026-12-09,829365.79,8970733.44,QUARTERLY,ACTIVE,1,True,829365.79,100
POL000002692,CUS00009801,HEALTH,PRV2,2024-01-29,2034-01-26,2027-01-28,5081614.17,69941296.63,MONTHLY,ACTIVE,1,True,5081614.17,150
POL000002693,CUS00009802,HEALTH,PRV3,2022-11-22,2042-11-17,2026-11-21,8336349.43,104855806.01,MONTHLY,ACTIVE,1,True,8336349.43,82
POL000002694,CUS00009803,LIFE,PRV3,2024-02-09,2044-02-04,2027-02-08,1221630.08,27618487.03,ANNUAL,ACTIVE,1,True,1221630.08,161
POL000002695,CUS00009815,HEALTH,PRV3,2024-06-19,2029-06-18,2027-06-19,2628621.45,44464599.56,MONTHLY,ACTIVE,1,True,2628621.45,292
POL000002696,CUS00009821,MOTOR,PRV5,2023-04-07,2028-04-05,2027-04-06,76368.59,764893.72,ANNUAL,ACTIVE,1,True,76368.59,218
POL000002697,CUS00009827,HEALTH,PRV5,2025-05-11,2035-05-09,2027-05-11,25240427.2,211729375.9,MONTHLY,ACTIVE,1,True,25240427.2,253
POL000002698,CUS00009833,LIFE,PRV4,2026-03-23,2031-03-22,2027-03-23,691244.35,8471332.89,ANNUAL,ACTIVE,1,True,691244.35,204
POL000002699,CUS00009844,HOME,PRV4,2024-03-13,2044-03-08,2027-03-13,7918025.65,98964747.93,ANNUAL,ACTIVE,1,True,7918025.65,194
POL000002700,CUS00009846,LIFE,PRV4,2024-08-18,2025-08-18,2027-08-18,2959767.6,24230917.14,MONTHLY,LAPSED,2,True,1974566.0,89
POL000002701,CUS00009846,HEALTH,PRV5,2025-11-28,2045-11-23,2026-11-28,1974566.0,32896215.74,ANNUAL,ACTIVE,2,True,1974566.0,89
POL000002702,CUS00009857,HEALTH,PRV3,2024-05-03,2044-04-28,2027-05-03,1411212.75,14792281.1,ANNUAL,ACTIVE,2,True,2505970.63,245
POL000002703,CUS00009857,TRAVEL,PRV3,2024-07-20,2034-07-18,2027-07-20,1094757.88,23526167.3,ANNUAL,ACTIVE,2,True,2505970.63,245
POL000002704,CUS00009859,HEALTH,PRV4,2025-04-05,2045-03-31,2027-04-05,420028.8,9393154.47,ANNUAL,ACTIVE,2,True,690204.39,7
POL000002705,CUS00009859,MOTOR,PRV4,2022-09-08,2032-09-05,2026-09-07,270175.59,6023200.62,MONTHLY,ACTIVE,2,True,690204.39,7
POL000002706,CUS00009860,LIFE,PRV1,2023-08-03,2024-08-02,2027-08-02,1032984.54,9816740.9,ANNUAL,LAPSED,2,True,866753.61,365
POL000002707,CUS00009860,HEALTH,PRV4,2025-08-31,2030-08-30,2027-08-31,866753.61,12022234.14,ANNUAL,ACTIVE,2,True,866753.61,365
POL000002708,CUS00009863,TRAVEL,PRV4,2026-04-06,2046-04-01,2027-04-06,2342827.84,55270571.3,ANNUAL,ACTIVE,2,True,6135121.05,218
POL000002709,CUS00009863,LIFE,PRV3,2025-08-22,2045-08-17,2027-08-22,3792293.21,55869424.33,MONTHLY,ACTIVE,2,True,6135121.05,218
POL000002710,CUS00009864,MOTOR,PRV2,2025-08-10,2045-08-05,2027-08-10,506058.53,5292358.55,MONTHLY,ACTIVE,1,True,506058.53,344
POL000002711,CUS00009868,LIFE,PRV5,2023-03-11,2028-03-09,2027-03-10,2242328.2,35620383.56,QUARTERLY,ACTIVE,2,True,3594440.39,46
POL000002712,CUS00009868,MOTOR,PRV1,2025-10-16,2045-10-11,2026-10-16,1352112.19,19783694.72,MONTHLY,ACTIVE,2,True,3594440.39,46
POL000002713,CUS00009873,HOME,PRV5,2024-09-05,2025-09-05,2026-09-05,2594343.04,50470083.69,ANNUAL,LAPSED,1,False,0.0,
POL000002714,CUS00009880,HEALTH,PRV4,2025-02-13,2045-02-08,2027-02-13,163111.92,1659778.46,ANNUAL,ACTIVE,1,True,163111.92,166
POL000002715,CUS00009881,HEALTH,PRV4,2022-12-09,2023-12-09,2026-12-08,1424059.9,27187576.69,ANNUAL,LAPSED,2,False,0.0,
POL000002716,CUS00009881,HEALTH,PRV2,2022-12-09,2023-12-09,2026-12-08,987118.9,23371984.65,ANNUAL,LAPSED,2,False,0.0,
POL000002717,CUS00009882,TRAVEL,PRV2,2026-06-26,2031-06-25,2027-06-26,204304.71,4372459.26,ANNUAL,ACTIVE,1,True,204304.71,299
POL000002718,CUS00009885,LIFE,PRV1,2024-01-10,2034-01-07,2027-01-09,1340229.74,32922195.7,ANNUAL,ACTIVE,1,True,1340229.74,131
POL000002719,CUS00009890,TRAVEL,PRV2,2023-04-05,2028-04-03,2027-04-04,1279745.75,13846682.57,MONTHLY,ACTIVE,1,True,1279745.75,216
POL000002720,CUS00009892,MOTOR,PRV3,2024-02-23,2029-02-21,2027-02-22,3047604.27,75269964.47,MONTHLY,ACTIVE,1,True,3047604.27,175
POL000002721,CUS00009894,HOME,PRV1,2024-06-01,2044-05-27,2027-06-01,1284228.33,17641111.3,ANNUAL,ACTIVE,1,True,1284228.33,274
POL000002722,CUS00009895,LIFE,PRV5,2025-10-18,2035-10-16,2026-10-18,4178349.06,97422318.2,QUARTERLY,ACTIVE,1,True,4178349.06,48
POL000002723,CUS00009906,LIFE,PRV5,2022-12-01,2042-11-26,2026-11-30,2886572.65,53008194.57,ANNUAL,ACTIVE,1,True,2886572.65,91
POL000002724,CUS00009916,HEALTH,PRV1,2023-02-03,2043-01-29,2027-02-02,9470267.8,135299669.69,QUARTERLY,ACTIVE,1,True,9470267.8,155
POL000002725,CUS00009923,HEALTH,PRV3,2024-05-02,2044-04-27,2027-05-02,409973.72,7594226.47,QUARTERLY,ACTIVE,1,True,409973.72,244
POL000002726,CUS00009925,MOTOR,PRV5,2026-02-23,2027-02-23,2027-02-23,378314.99,5057860.71,MONTHLY,ACTIVE,1,True,378314.99,176
POL000002727,CUS00009928,LIFE,PRV2,2023-08-22,2028-08-20,2027-08-21,1490472.46,22048863.24,QUARTERLY,ACTIVE,2,True,2864028.2,166
POL000002728,CUS00009928,MOTOR,PRV4,2023-02-14,2043-02-09,2027-02-13,1373555.74,16806863.98,ANNUAL,ACTIVE,2,True,2864028.2,166
POL000002729,CUS00009930,HOME,PRV1,2025-01-28,2035-01-26,2027-01-28,445592.73,9821447.78,ANNUAL,ACTIVE,2,True,1071480.13,101
POL000002730,CUS00009930,TRAVEL,PRV1,2025-12-10,2030-12-09,2026-12-10,625887.4,12475058.05,ANNUAL,ACTIVE,2,True,1071480.13,101
POL000002731,CUS00009935,HOME,PRV1,2024-07-12,2025-07-12,2027-07-12,995931.84,24569167.25,MONTHLY,LAPSED,1,False,0.0,
POL000002732,CUS00009937,LIFE,PRV3,2023-05-23,2043-05-18,2027-05-22,472602.83,10685594.87,QUARTERLY,ACTIVE,1,True,472602.83,264
POL000002733,CUS00009945,LIFE,PRV1,2024-03-23,2044-03-18,2027-03-23,1148892.77,10855396.75,ANNUAL,ACTIVE,1,True,1148892.77,204
POL000002734,CUS00009947,HOME,PRV5,2024-10-25,2029-10-24,2026-10-25,1184483.85,24780954.69,ANNUAL,ACTIVE,1,True,1184483.85,55
POL000002735,CUS00009950,MOTOR,PRV5,2023-03-30,2033-03-27,2027-03-29,6480835.45,120043836.31,ANNUAL,ACTIVE,1,True,6480835.45,210
POL000002736,CUS00009958,HEALTH,PRV5,2025-11-17,2045-11-12,2026-11-17,649765.22,12735358.95,ANNUAL,ACTIVE,1,True,649765.22,78
POL000002737,CUS00009959,LIFE,PRV5,2022-08-25,2023-08-25,2027-08-24,14332780.9,309918333.53,MONTHLY,LAPSED,1,False,0.0,
POL000002738,CUS00009963,LIFE,PRV5,2022-11-28,2027-11-27,2026-11-27,5665595.44,98031427.22,QUARTERLY,ACTIVE,1,True,5665595.44,88
POL000002739,CUS00009969,HEALTH,PRV4,2024-01-07,2025-01-06,2027-01-06,617143.81,10212610.94,ANNUAL,LAPSED,1,False,0.0,
POL000002740,CUS00009977,LIFE,PRV3,2022-11-05,2023-11-05,2026-11-04,481869.52,11441016.67,ANNUAL,LAPSED,1,False,0.0,
POL000002741,CUS00009983,HOME,PRV5,2022-12-22,2032-12-19,2026-12-21,745448.1,7280492.68,ANNUAL,ACTIVE,1,True,745448.1,112
POL000002742,CUS00009986,LIFE,PRV3,2025-11-17,2035-11-15,2026-11-17,1858722.95,26206865.32,ANNUAL,ACTIVE,1,True,1858722.95,78
POL000002743,CUS00009989,LIFE,PRV4,2024-01-07,2029-01-05,2027-01-06,34401478.44,388980288.2,ANNUAL,ACTIVE,2,True,70561388.52,59
POL000002744,CUS00009989,HEALTH,PRV2,2024-10-29,2029-10-28,2026-10-29,36159910.08,366763122.44,ANNUAL,ACTIVE,2,True,70561388.52,59
POL000002745,CUS00009990,HEALTH,PRV2,2026-02-20,2027-02-20,2027-02-20,1951030.13,22339755.53,ANNUAL,ACTIVE,1,True,1951030.13,173
POL000002746,CUS00009996,MOTOR,PRV5,2025-09-24,2035-09-22,2026-09-24,32550549.41,634209144.48,MONTHLY,ACTIVE,2,True,32550549.41,24
POL000002747,CUS00009996,MOTOR,PRV2,2022-12-22,2023-12-22,2026-12-21,9726505.86,152930845.06,ANNUAL,LAPSED,2,True,32550549.41,24
POL000002748,CUS00009998,LIFE,PRV2,2025-03-08,2045-03-03,2027-03-08,94548.81,1790211.01,MONTHLY,ACTIVE,1,True,94548.81,189
POL000002749,CUS00009999,HEALTH,PRV5,2025-04-04,2035-04-02,2027-04-04,822991.28,7983949.51,ANNUAL,ACTIVE,1,True,822991.28,216
POL000002750,CUS00010004,LIFE,PRV4,2025-02-03,2045-01-29,2027-02-03,416838.2,4492707.56,ANNUAL,ACTIVE,2,True,731783.25,156
POL000002751,CUS00010004,LIFE,PRV3,2022-08-24,2042-08-19,2027-08-23,314945.05,3073574.42,QUARTERLY,ACTIVE,2,True,731783.25,156
POL000002752,CUS00010007,HEALTH,PRV5,2023-08-25,2033-08-22,2027-08-24,457882.96,8654370.01,ANNUAL,ACTIVE,2,True,652968.85,178
POL000002753,CUS00010007,TRAVEL,PRV4,2026-02-25,2036-02-23,2027-02-25,195085.89,4297561.82,MONTHLY,ACTIVE,2,True,652968.85,178
POL000002754,CUS00010014,HOME,PRV5,2023-09-18,2028-09-16,2026-09-17,2261865.72,31653341.86,ANNUAL,ACTIVE,1,True,2261865.72,17
POL000002755,CUS00010018,HEALTH,PRV3,2024-09-25,2034-09-23,2026-09-25,69184.22,1497446.2,ANNUAL,ACTIVE,1,True,69184.22,25
POL000002756,CUS00010027,LIFE,PRV1,2023-11-17,2033-11-14,2026-11-16,473582.32,11153207.51,QUARTERLY,ACTIVE,2,True,1466174.98,77
POL000002757,CUS00010027,LIFE,PRV3,2023-04-04,2043-03-30,2027-04-03,992592.66,23310122.57,ANNUAL,ACTIVE,2,True,1466174.98,77
POL000002758,CUS00010030,HEALTH,PRV4,2023-01-27,2024-01-27,2027-01-26,1411559.93,15876418.98,ANNUAL,LAPSED,1,False,0.0,
POL000002759,CUS00010032,LIFE,PRV4,2023-05-15,2033-05-12,2027-05-14,245418.66,3775401.85,ANNUAL,ACTIVE,1,True,245418.66,256
POL000002760,CUS00010035,LIFE,PRV3,2023-09-24,2024-09-23,2026-09-23,1402801.84,27730967.35,ANNUAL,LAPSED,1,False,0.0,
POL000002761,CUS00010039,MOTOR,PRV3,2024-06-25,2044-06-20,2027-06-25,1104967.32,12880800.28,ANNUAL,ACTIVE,1,True,1104967.32,298
POL000002762,CUS00010042,LIFE,PRV2,2024-10-20,2029-10-19,2026-10-20,885824.67,17235552.67,QUARTERLY,ACTIVE,1,True,885824.67,50
POL000002763,CUS00010043,HOME,PRV3,2023-07-13,2043-07-08,2027-07-12,16050136.93,134230963.67,ANNUAL,ACTIVE,1,True,16050136.93,315
POL000002764,CUS00010046,TRAVEL,PRV5,2026-05-22,2036-05-19,2027-05-22,900897.5,16389514.19,ANNUAL,ACTIVE,2,True,1437433.94,49
POL000002765,CUS00010046,HEALTH,PRV3,2025-10-19,2035-10-17,2026-10-19,536536.44,13328797.08,ANNUAL,ACTIVE,2,True,1437433.94,49
POL000002766,CUS00010049,HEALTH,PRV3,2025-03-05,2035-03-03,2027-03-05,753119.9,16094184.87,ANNUAL,ACTIVE,2,True,1002893.08,186
POL000002767,CUS00010049,HEALTH,PRV3,2022-08-26,2032-08-23,2027-08-25,249773.18,6124896.52,ANNUAL,ACTIVE,2,True,1002893.08,186
POL000002768,CUS00010050,LIFE,PRV2,2026-06-09,2031-06-08,2027-06-09,414425.22,9515164.62,ANNUAL,ACTIVE,2,True,577787.71,282
POL000002769,CUS00010050,MOTOR,PRV1,2026-07-17,2031-07-16,2027-07-17,163362.49,1441398.69,ANNUAL,ACTIVE,2,True,577787.71,282
POL000002770,CUS00010055,HEALTH,PRV1,2023-06-18,2043-06-13,2027-06-17,603566.43,14412520.99,ANNUAL,ACTIVE,1,True,603566.43,290
POL000002771,CUS00010060,TRAVEL,PRV5,2025-08-16,2035-08-14,2027-08-16,2892629.3,46836660.35,ANNUAL,ACTIVE,1,True,2892629.3,350
POL000002772,CUS00010062,HEALTH,PRV2,2022-08-18,2032-08-15,2027-08-17,10864988.86,129954015.23,ANNUAL,ACTIVE,1,True,10864988.86,351
POL000002773,CUS00010064,LIFE,PRV4,2023-07-27,2043-07-22,2027-07-26,2311329.61,34498957.74,MONTHLY,ACTIVE,1,True,2311329.61,329
POL000002774,CUS00010066,HOME,PRV5,2024-10-26,2034-10-24,2026-10-26,383305.59,5445810.41,MONTHLY,ACTIVE,1,True,383305.59,56
POL000002775,CUS00010067,LIFE,PRV4,2024-05-26,2044-05-21,2027-05-26,1170792.73,28204187.56,MONTHLY,ACTIVE,1,True,1170792.73,268
POL000002776,CUS00010075,HOME,PRV2,2023-01-12,2024-01-12,2027-01-11,826082.49,15601164.18,ANNUAL,LAPSED,1,False,0.0,
POL000002777,CUS00010076,HEALTH,PRV2,2024-08-01,2029-07-31,2027-08-01,3261871.45,66109039.69,QUARTERLY,ACTIVE,1,True,3261871.45,335
POL000002778,CUS00010078,LIFE,PRV2,2024-09-07,2029-09-06,2026-09-07,410665.22,3547624.94,MONTHLY,ACTIVE,1,True,410665.22,7
POL000002779,CUS00010079,HOME,PRV3,2025-06-08,2045-06-03,2027-06-08,17719526.79,393231368.67,QUARTERLY,ACTIVE,1,True,17719526.79,281
POL000002780,CUS00010088,HEALTH,PRV2,2025-03-18,2045-03-13,2027-03-18,263517.8,5080418.12,ANNUAL,ACTIVE,1,True,263517.8,199
POL000002781,CUS00010090,HEALTH,PRV3,2022-10-30,2023-10-30,2026-10-29,593622.83,12338918.91,QUARTERLY,LAPSED,1,False,0.0,
POL000002782,CUS00010093,TRAVEL,PRV1,2023-11-14,2024-11-13,2026-11-13,292766.05,3826229.88,MONTHLY,LAPSED,2,False,0.0,
POL000002783,CUS00010093,LIFE,PRV4,2024-03-09,2025-03-09,2027-03-09,324606.71,7575261.82,ANNUAL,LAPSED,2,False,0.0,
POL000002784,CUS00010094,LIFE,PRV1,2025-10-13,2030-10-12,2026-10-13,658907.37,15792245.72,ANNUAL,ACTIVE,1,True,658907.37,43
POL000002785,CUS00010097,MOTOR,PRV3,2026-05-12,2027-05-12,2027-05-12,1159423.94,9907435.22,MONTHLY,ACTIVE,1,True,1159423.94,254
POL000002786,CUS00010098,HEALTH,PRV5,2023-09-19,2024-09-18,2026-09-18,2347769.22,51808852.91,ANNUAL,LAPSED,1,False,0.0,
POL000002787,CUS00010104,MOTOR,PRV3,2026-03-23,2027-03-23,2027-03-23,3332252.68,48433771.1,ANNUAL,ACTIVE,1,True,3332252.68,204
POL000002788,CUS00010108,LIFE,PRV1,2026-07-09,2031-07-08,2027-07-09,953752.29,14684928.5,QUARTERLY,ACTIVE,1,True,953752.29,312
POL000002789,CUS00010110,HEALTH,PRV4,2023-08-27,2043-08-22,2027-08-26,146614.41,3520620.65,QUARTERLY,ACTIVE,1,True,146614.41,360
POL000002790,CUS00010111,LIFE,PRV1,2025-03-24,2030-03-23,2027-03-24,312793.55,3459502.35,ANNUAL,ACTIVE,2,True,730735.98,179
POL000002791,CUS00010111,TRAVEL,PRV4,2024-02-27,2044-02-22,2027-02-26,417942.43,7706137.12,QUARTERLY,ACTIVE,2,True,730735.98,179
POL000002792,CUS00010113,HEALTH,PRV4,2025-12-06,2030-12-05,2026-12-06,1005841.32,11770630.4,ANNUAL,ACTIVE,1,True,1005841.32,97
POL000002793,CUS00010126,HEALTH,PRV4,2025-12-04,2045-11-29,2026-12-04,535311.36,5208126.91,ANNUAL,ACTIVE,1,True,535311.36,95
POL000002794,CUS00010127,HEALTH,PRV2,2023-02-01,2033-01-29,2027-01-31,1779700.75,19886335.38,QUARTERLY,ACTIVE,1,True,1779700.75,153
POL000002795,CUS00010130,LIFE,PRV1,2025-03-20,2030-03-19,2027-03-20,1338510.7,31103904.68,ANNUAL,ACTIVE,2,True,2635677.44,201
POL000002796,CUS00010130,LIFE,PRV5,2024-06-09,2034-06-07,2027-06-09,1297166.74,18437287.36,QUARTERLY,ACTIVE,2,True,2635677.44,201
POL000002797,CUS00010136,TRAVEL,PRV1,2023-11-29,2043-11-24,2026-11-28,188744.57,3860796.08,ANNUAL,ACTIVE,2,True,605735.99,89
POL000002798,CUS00010136,LIFE,PRV4,2023-04-28,2043-04-23,2027-04-27,416991.42,8668078.5,MONTHLY,ACTIVE,2,True,605735.99,89
POL000002799,CUS00010139,LIFE,PRV2,2023-01-19,2043-01-14,2027-01-18,12567597.85,129823290.35,QUARTERLY,ACTIVE,2,True,22994968.18,140
POL000002800,CUS00010139,MOTOR,PRV3,2023-08-23,2028-08-21,2027-08-22,10427370.33,172954130.4,ANNUAL,ACTIVE,2,True,22994968.18,140
POL000002801,CUS00010142,HEALTH,PRV1,2026-04-06,2031-04-05,2027-04-06,892528.19,14148738.09,MONTHLY,ACTIVE,1,True,892528.19,218
POL000002802,CUS00010149,LIFE,PRV4,2024-12-15,2025-12-15,2026-12-15,486501.38,11331759.99,ANNUAL,LAPSED,1,False,0.0,
POL000002803,CUS00010152,HEALTH,PRV3,2026-05-28,2036-05-25,2027-05-28,2270362.48,51336536.43,ANNUAL,ACTIVE,1,True,2270362.48,270
POL000002804,CUS00010161,LIFE,PRV5,2026-02-05,2046-01-31,2027-02-05,1440181.04,16637770.74,ANNUAL,ACTIVE,1,True,1440181.04,158
POL000002805,CUS00010167,MOTOR,PRV2,2025-12-13,2026-12-13,2026-12-13,211920.22,2037255.01,ANNUAL,ACTIVE,1,True,211920.22,104
POL000002806,CUS00010171,LIFE,PRV3,2023-11-25,2024-11-24,2026-11-24,1243477.13,17459764.86,ANNUAL,LAPSED,1,False,0.0,
POL000002807,CUS00010177,LIFE,PRV5,2026-08-01,2046-07-27,2027-08-01,10910046.47,257347545.4,ANNUAL,ACTIVE,1,True,10910046.47,335
POL000002808,CUS00010185,HEALTH,PRV4,2024-02-18,2025-02-17,2027-02-17,469784.17,10747191.44,QUARTERLY,LAPSED,1,False,0.0,
POL000002809,CUS00010186,HEALTH,PRV1,2023-11-28,2043-11-23,2026-11-27,875130.08,21824131.91,MONTHLY,ACTIVE,1,True,875130.08,88
POL000002810,CUS00010190,TRAVEL,PRV2,2024-08-10,2044-08-05,2027-08-10,1438581.84,30332427.33,ANNUAL,ACTIVE,1,True,1438581.84,344
POL000002811,CUS00010196,LIFE,PRV5,2024-01-09,2044-01-04,2027-01-08,1219210.61,24215479.4,MONTHLY,ACTIVE,1,True,1219210.61,130
POL000002812,CUS00010197,LIFE,PRV5,2026-02-15,2027-02-15,2027-02-15,409109.65,7607850.56,MONTHLY,ACTIVE,2,True,809648.91,58
POL000002813,CUS00010197,TRAVEL,PRV1,2023-10-29,2033-10-26,2026-10-28,400539.26,4773527.92,ANNUAL,ACTIVE,2,True,809648.91,58
POL000002814,CUS00010200,MOTOR,PRV2,2024-12-27,2044-12-22,2026-12-27,1403079.24,31965843.91,MONTHLY,ACTIVE,1,True,1403079.24,118
POL000002815,CUS00010205,LIFE,PRV5,2024-05-23,2044-05-18,2027-05-23,5039034.2,69769560.26,MONTHLY,ACTIVE,1,True,5039034.2,265
POL000002816,CUS00010206,TRAVEL,PRV3,2023-12-12,2024-12-11,2026-12-11,1530770.76,27465916.7,QUARTERLY,LAPSED,1,False,0.0,
POL000002817,CUS00010208,MOTOR,PRV4,2024-08-04,2044-07-30,2027-08-04,652771.02,6816334.77,MONTHLY,ACTIVE,1,True,652771.02,338
POL000002818,CUS00010210,HOME,PRV1,2023-02-18,2043-02-13,2027-02-17,1657156.9,14340739.8,MONTHLY,ACTIVE,1,True,1657156.9,170
POL000002819,CUS00010214,TRAVEL,PRV5,2024-06-04,2029-06-03,2027-06-04,1362315.87,30675505.11,MONTHLY,ACTIVE,1,True,1362315.87,277
POL000002820,CUS00010215,LIFE,PRV2,2024-09-01,2034-08-30,2026-09-01,7697053.76,76883874.69,MONTHLY,ACTIVE,1,True,7697053.76,1
POL000002821,CUS00010234,MOTOR,PRV5,2024-04-20,2029-04-19,2027-04-20,533114.46,7780898.14,MONTHLY,ACTIVE,1,True,533114.46,232
POL000002822,CUS00010237,HEALTH,PRV1,2025-06-21,2045-06-16,2027-06-21,83288.77,1151048.87,ANNUAL,ACTIVE,2,True,242703.81,151
POL000002823,CUS00010237,TRAVEL,PRV3,2026-01-29,2027-01-29,2027-01-29,159415.04,2853053.41,QUARTERLY,ACTIVE,2,True,242703.81,151
POL000002824,CUS00010240,MOTOR,PRV1,2024-04-04,2034-04-02,2027-04-04,7446609.99,181596446.72,QUARTERLY,ACTIVE,2,True,7446609.99,216
POL000002825,CUS00010240,HEALTH,PRV1,2023-12-23,2024-12-22,2026-12-22,1736163.8,22075025.75,ANNUAL,LAPSED,2,True,7446609.99,216
POL000002826,CUS00010244,HEALTH,PRV2,2025-05-03,2026-05-03,2027-05-03,3297736.6,37527255.49,QUARTERLY,LAPSED,2,True,4671883.21,104
POL000002827,CUS00010244,MOTOR,PRV2,2023-12-14,2028-12-12,2026-12-13,4671883.21,76283069.04,ANNUAL,ACTIVE,2,True,4671883.21,104
POL000002828,CUS00010246,HEALTH,PRV3,2022-11-27,2027-11-26,2026-11-26,13415697.0,185675493.7,MONTHLY,ACTIVE,2,True,25265944.92,87
POL000002829,CUS00010246,HOME,PRV4,2023-03-02,2028-02-29,2027-03-01,11850247.92,289301839.1,ANNUAL,ACTIVE,2,True,25265944.92,87
POL000002830,CUS00010247,LIFE,PRV2,2023-07-18,2028-07-16,2027-07-17,369650.72,7686148.98,ANNUAL,ACTIVE,1,True,369650.72,320
POL000002831,CUS00010256,TRAVEL,PRV4,2022-12-12,2032-12-09,2026-12-11,728245.29,7826477.27,MONTHLY,ACTIVE,1,True,728245.29,102
POL000002832,CUS00010261,HOME,PRV3,2024-12-29,2044-12-24,2026-12-29,526895.34,6620069.87,ANNUAL,ACTIVE,1,True,526895.34,120
POL000002833,CUS00010263,LIFE,PRV2,2026-07-14,2046-07-09,2027-07-14,447379.59,9765787.88,ANNUAL,ACTIVE,1,True,447379.59,317
POL000002834,CUS00010271,LIFE,PRV4,2026-07-31,2036-07-28,2027-07-31,7733698.69,147236903.05,MONTHLY,ACTIVE,2,True,13154291.17,267
POL000002835,CUS00010271,LIFE,PRV2,2025-05-25,2030-05-24,2027-05-25,5420592.48,135187142.32,MONTHLY,ACTIVE,2,True,13154291.17,267
POL000002836,CUS00010280,MOTOR,PRV3,2026-04-11,2031-04-10,2027-04-11,1472807.01,33933869.38,ANNUAL,ACTIVE,1,True,1472807.01,223
POL000002837,CUS00010282,MOTOR,PRV3,2023-05-27,2028-05-25,2027-05-26,447937.86,8774566.95,ANNUAL,ACTIVE,1,True,447937.86,268
POL000002838,CUS00010284,HEALTH,PRV4,2025-11-18,2045-11-13,2026-11-18,22251862.68,381152811.68,ANNUAL,ACTIVE,1,True,22251862.68,79
POL000002839,CUS00010291,HEALTH,PRV4,2023-03-10,2024-03-09,2027-03-09,509012.9,9883159.52,QUARTERLY,LAPSED,1,False,0.0,
POL000002840,CUS00010295,LIFE,PRV3,2025-04-24,2035-04-22,2027-04-24,13394003.12,276471485.01,MONTHLY,ACTIVE,2,True,26939102.14,236
POL000002841,CUS00010295,LIFE,PRV3,2025-06-11,2030-06-10,2027-06-11,13545099.02,248342307.89,MONTHLY,ACTIVE,2,True,26939102.14,236
POL000002842,CUS00010296,LIFE,PRV4,2025-03-18,2026-03-18,2027-03-18,5560163.11,98554346.39,ANNUAL,LAPSED,1,False,0.0,
POL000002843,CUS00010309,HEALTH,PRV3,2024-06-25,2034-06-23,2027-06-25,10031910.13,212049795.26,ANNUAL,ACTIVE,1,True,10031910.13,298
POL000002844,CUS00010322,LIFE,PRV2,2023-09-15,2043-09-10,2026-09-14,604565.89,11252654.36,ANNUAL,ACTIVE,1,True,604565.89,14
POL000002845,CUS00010326,LIFE,PRV4,2026-02-04,2036-02-02,2027-02-04,95491.1,1975894.67,QUARTERLY,ACTIVE,2,True,266548.18,52
POL000002846,CUS00010326,LIFE,PRV2,2022-10-23,2042-10-18,2026-10-22,171057.08,2714358.82,ANNUAL,ACTIVE,2,True,266548.18,52
POL000002847,CUS00010329,MOTOR,PRV3,2025-02-02,2045-01-28,2027-02-02,757683.12,18058142.13,ANNUAL,ACTIVE,1,True,757683.12,155
POL000002848,CUS00010335,LIFE,PRV4,2024-05-09,2029-05-08,2027-05-09,5962802.11,91856141.29,MONTHLY,ACTIVE,1,True,5962802.11,251
POL000002849,CUS00010339,LIFE,PRV2,2025-01-30,2030-01-29,2027-01-30,6633202.35,90960461.6,ANNUAL,ACTIVE,1,True,6633202.35,152
POL000002850,CUS00010347,HEALTH,PRV4,2024-05-01,2025-05-01,2027-05-01,907316.12,12812416.67,QUARTERLY,LAPSED,2,True,366800.92,115
POL000002851,CUS00010347,MOTOR,PRV4,2023-12-25,2043-12-20,2026-12-24,366800.92,3497455.27,ANNUAL,ACTIVE,2,True,366800.92,115
POL000002852,CUS00010358,HEALTH,PRV1,2026-04-04,2031-04-03,2027-04-04,866267.11,15274720.88,QUARTERLY,ACTIVE,2,True,3117068.14,146
POL000002853,CUS00010358,LIFE,PRV3,2024-01-25,2029-01-23,2027-01-24,2250801.03,35199646.39,ANNUAL,ACTIVE,2,True,3117068.14,146
POL000002854,CUS00010359,MOTOR,PRV4,2023-06-20,2028-06-18,2027-06-19,12756448.56,112055545.26,QUARTERLY,ACTIVE,1,True,12756448.56,292
POL000002855,CUS00010365,HEALTH,PRV3,2023-01-16,2043-01-11,2027-01-15,5140867.64,47858247.38,MONTHLY,ACTIVE,1,True,5140867.64,137
POL000002856,CUS00010374,LIFE,PRV1,2025-04-16,2026-04-16,2027-04-16,263494.71,5649772.91,QUARTERLY,LAPSED,1,False,0.0,
POL000002857,CUS00010377,HEALTH,PRV3,2026-04-11,2031-04-10,2027-04-11,294390.41,5676700.25,MONTHLY,ACTIVE,1,True,294390.41,223
POL000002858,CUS00010379,LIFE,PRV3,2025-06-19,2045-06-14,2027-06-19,429752.98,6146069.45,QUARTERLY,ACTIVE,1,True,429752.98,292
POL000002859,CUS00010387,LIFE,PRV3,2026-02-04,2036-02-02,2027-02-04,11067038.06,200209281.55,QUARTERLY,ACTIVE,2,True,16883143.45,157
POL000002860,CUS00010387,HEALTH,PRV1,2022-08-24,2027-08-23,2027-08-23,5816105.39,98294869.48,QUARTERLY,ACTIVE,2,True,16883143.45,157
POL000002861,CUS00010396,MOTOR,PRV5,2022-10-07,2042-10-02,2026-10-06,402387.07,5377381.64,ANNUAL,ACTIVE,1,True,402387.07,36
POL000002862,CUS00010398,LIFE,PRV3,2024-07-18,2025-07-18,2027-07-18,2490798.4,25479826.94,MONTHLY,LAPSED,1,False,0.0,
POL000002863,CUS00010410,LIFE,PRV3,2023-01-04,2033-01-01,2027-01-03,221906.48,3135962.15,ANNUAL,ACTIVE,1,True,221906.48,125
POL000002864,CUS00010412,HEALTH,PRV3,2024-11-11,2029-11-10,2026-11-11,1327775.28,16405462.47,ANNUAL,ACTIVE,1,True,1327775.28,72
POL000002865,CUS00010414,HEALTH,PRV1,2022-09-22,2027-09-21,2026-09-21,2817710.15,23381496.11,MONTHLY,ACTIVE,1,True,2817710.15,21
POL000002866,CUS00010415,HOME,PRV2,2024-10-06,2044-10-01,2026-10-06,528171.39,12153307.9,ANNUAL,ACTIVE,2,True,835763.46,36
POL000002867,CUS00010415,LIFE,PRV3,2026-05-17,2046-05-12,2027-05-17,307592.07,6486810.18,ANNUAL,ACTIVE,2,True,835763.46,36
POL000002868,CUS00010417,HEALTH,PRV1,2024-01-18,2029-01-16,2027-01-17,7006365.16,66948562.5,MONTHLY,ACTIVE,1,True,7006365.16,139
POL000002869,CUS00010431,HEALTH,PRV1,2024-06-13,2025-06-13,2027-06-13,29560139.0,723586850.43,ANNUAL,LAPSED,1,False,0.0,
POL000002870,CUS00010436,HEALTH,PRV4,2024-12-15,2044-12-10,2026-12-15,6285608.48,59244276.8,QUARTERLY,ACTIVE,1,True,6285608.48,106
POL000002871,CUS00010437,HOME,PRV1,2023-04-14,2033-04-11,2027-04-13,825478.01,7537252.73,ANNUAL,ACTIVE,1,True,825478.01,225
POL000002872,CUS00010443,HEALTH,PRV5,2022-08-05,2027-08-04,2027-08-04,593720.28,11795517.75,MONTHLY,ACTIVE,1,True,593720.28,338
POL000002873,CUS00010447,LIFE,PRV3,2026-02-12,2027-02-12,2027-02-12,2419311.09,28311577.86,MONTHLY,ACTIVE,1,True,2419311.09,165
POL000002874,CUS00010449,LIFE,PRV5,2024-06-07,2044-06-02,2027-06-07,3230083.13,33525224.15,ANNUAL,ACTIVE,1,True,3230083.13,280
POL000002875,CUS00010457,LIFE,PRV4,2022-11-30,2027-11-29,2026-11-29,2598990.25,58472794.5,MONTHLY,ACTIVE,1,True,2598990.25,90
POL000002876,CUS00010465,HOME,PRV1,2026-02-15,2031-02-14,2027-02-15,225106.68,4358824.97,ANNUAL,ACTIVE,1,True,225106.68,168
POL000002877,CUS00010489,TRAVEL,PRV2,2026-07-14,2046-07-09,2027-07-14,270340.38,3000902.84,QUARTERLY,ACTIVE,1,True,270340.38,317
POL000002878,CUS00010501,LIFE,PRV2,2023-02-25,2043-02-20,2027-02-24,492463.53,7032032.89,ANNUAL,ACTIVE,2,True,492463.53,177
POL000002879,CUS00010501,LIFE,PRV5,2025-01-10,2026-01-10,2027-01-10,1616311.65,39111057.0,ANNUAL,LAPSED,2,True,492463.53,177
POL000002880,CUS00010505,TRAVEL,PRV5,2025-10-13,2026-10-13,2026-10-13,701652.47,11677110.71,QUARTERLY,ACTIVE,1,True,701652.47,43
POL000002881,CUS00010506,MOTOR,PRV3,2025-01-17,2045-01-12,2027-01-17,4588201.56,80341904.14,MONTHLY,ACTIVE,1,True,4588201.56,139
POL000002882,CUS00010507,HEALTH,PRV4,2025-12-08,2030-12-07,2026-12-08,437255.2,8966976.18,ANNUAL,ACTIVE,1,True,437255.2,99
POL000002883,CUS00010508,LIFE,PRV1,2025-01-13,2030-01-12,2027-01-13,314135.14,6815950.91,MONTHLY,ACTIVE,1,True,314135.14,135
POL000002884,CUS00010520,HEALTH,PRV2,2026-02-20,2036-02-18,2027-02-20,371847.9,7001259.89,ANNUAL,ACTIVE,1,True,371847.9,173
POL000002885,CUS00010524,LIFE,PRV2,2025-06-27,2035-06-25,2027-06-27,1776660.88,43386555.65,QUARTERLY,ACTIVE,1,True,1776660.88,300
POL000002886,CUS00010540,LIFE,PRV2,2024-01-19,2034-01-16,2027-01-18,237269.81,3168537.48,MONTHLY,ACTIVE,1,True,237269.81,140
POL000002887,CUS00010543,MOTOR,PRV4,2025-12-29,2026-12-29,2026-12-29,466819.41,4736435.44,MONTHLY,ACTIVE,1,True,466819.41,120
POL000002888,CUS00010559,HEALTH,PRV3,2025-06-13,2045-06-08,2027-06-13,13638375.31,330286384.98,QUARTERLY,ACTIVE,1,True,13638375.31,286
POL000002889,CUS00010560,HEALTH,PRV4,2022-12-06,2032-12-03,2026-12-05,5660868.18,122178875.06,MONTHLY,ACTIVE,1,True,5660868.18,96
POL000002890,CUS00010561,LIFE,PRV5,2023-04-28,2033-04-25,2027-04-27,1508179.58,34705199.84,ANNUAL,ACTIVE,2,True,2707715.87,239
POL000002891,CUS00010561,MOTOR,PRV3,2022-08-02,2042-07-28,2027-08-01,1199536.29,13075221.09,ANNUAL,ACTIVE,2,True,2707715.87,239
POL000002892,CUS00010582,HEALTH,PRV3,2023-10-26,2028-10-24,2026-10-25,8674287.52,163487799.34,ANNUAL,ACTIVE,2,True,11336145.85,55
POL000002893,CUS00010582,MOTOR,PRV1,2026-03-05,2027-03-05,2027-03-05,2661858.33,50725613.42,ANNUAL,ACTIVE,2,True,11336145.85,55
POL000002894,CUS00010586,LIFE,PRV5,2024-09-02,2034-08-31,2026-09-02,397410.27,5270466.36,MONTHLY,ACTIVE,2,True,1697404.64,2
POL000002895,CUS00010586,LIFE,PRV1,2024-11-29,2044-11-24,2026-11-29,1299994.37,26196798.74,ANNUAL,ACTIVE,2,True,1697404.64,2
POL000002896,CUS00010590,HEALTH,PRV1,2023-02-28,2043-02-23,2027-02-27,1167562.77,19951127.4,ANNUAL,ACTIVE,1,True,1167562.77,180
POL000002897,CUS00010595,LIFE,PRV4,2025-12-22,2026-12-22,2026-12-22,446241.26,10703065.43,MONTHLY,ACTIVE,1,True,446241.26,113
POL000002898,CUS00010600,HEALTH,PRV5,2023-09-27,2033-09-24,2026-09-26,52309727.25,1112033403.49,ANNUAL,ACTIVE,2,True,91017347.79,26
POL000002899,CUS00010600,MOTOR,PRV5,2025-08-08,2045-08-03,2027-08-08,38707620.54,489982632.56,QUARTERLY,ACTIVE,2,True,91017347.79,26
POL000002900,CUS00010603,HEALTH,PRV1,2026-01-01,2045-12-27,2027-01-01,3716779.37,82480318.38,MONTHLY,ACTIVE,1,True,3716779.37,123
POL000002901,CUS00010607,MOTOR,PRV5,2025-04-30,2026-04-30,2027-04-30,124757.07,1079521.21,QUARTERLY,LAPSED,1,False,0.0,
POL000002902,CUS00010609,LIFE,PRV3,2023-06-17,2043-06-12,2027-06-16,584777.62,14052983.76,ANNUAL,ACTIVE,1,True,584777.62,289
POL000002903,CUS00010618,HEALTH,PRV1,2025-10-20,2030-10-19,2026-10-20,15436845.78,263488253.63,ANNUAL,ACTIVE,1,True,15436845.78,50
POL000002904,CUS00010622,HEALTH,PRV2,2024-07-16,2029-07-15,2027-07-16,4432888.76,42949847.16,ANNUAL,ACTIVE,2,True,14088821.11,24
POL000002905,CUS00010622,LIFE,PRV1,2022-09-25,2032-09-22,2026-09-24,9655932.35,203292010.41,QUARTERLY,ACTIVE,2,True,14088821.11,24
POL000002906,CUS00010626,HOME,PRV5,2024-09-08,2025-09-08,2026-09-08,401184.27,7349684.2,ANNUAL,LAPSED,1,False,0.0,
POL000002907,CUS00010635,LIFE,PRV1,2024-04-24,2029-04-23,2027-04-24,9683808.69,105255116.59,ANNUAL,ACTIVE,1,True,9683808.69,236
POL000002908,CUS00010637,MOTOR,PRV3,2025-04-25,2035-04-23,2027-04-25,2469035.86,59384968.04,MONTHLY,ACTIVE,1,True,2469035.86,237
POL000002909,CUS00010644,LIFE,PRV1,2022-09-13,2023-09-13,2026-09-12,1002829.33,14667442.9,QUARTERLY,LAPSED,1,False,0.0,
POL000002910,CUS00010651,HEALTH,PRV3,2024-12-06,2025-12-06,2026-12-06,530619.05,11084287.62,QUARTERLY,LAPSED,1,False,0.0,
POL000002911,CUS00010654,MOTOR,PRV5,2025-03-19,2045-03-14,2027-03-19,1688986.81,29674402.42,ANNUAL,ACTIVE,1,True,1688986.81,200
POL000002912,CUS00010661,HEALTH,PRV3,2022-08-17,2032-08-14,2027-08-16,14091527.51,119746410.13,ANNUAL,ACTIVE,1,True,14091527.51,350
POL000002913,CUS00010665,HEALTH,PRV1,2023-03-22,2024-03-21,2027-03-21,1495211.85,22468112.81,MONTHLY,LAPSED,1,False,0.0,
POL000002914,CUS00010667,HEALTH,PRV1,2023-02-04,2024-02-04,2027-02-03,4347268.32,97303917.13,QUARTERLY,LAPSED,1,False,0.0,
POL000002915,CUS00010671,LIFE,PRV2,2024-08-28,2034-08-26,2027-08-28,2073248.33,21516840.06,MONTHLY,ACTIVE,1,True,2073248.33,362
POL000002916,CUS00010682,LIFE,PRV4,2023-06-07,2043-06-02,2027-06-06,1343644.0,14692239.6,QUARTERLY,ACTIVE,1,True,1343644.0,279
POL000002917,CUS00010690,HEALTH,PRV2,2025-08-19,2026-08-19,2027-08-19,377766.13,6356197.97,QUARTERLY,LAPSED,1,False,0.0,
POL000002918,CUS00010692,HEALTH,PRV2,2023-11-16,2033-11-13,2026-11-15,3281205.11,47346794.2,ANNUAL,ACTIVE,1,True,3281205.11,76
POL000002919,CUS00010693,LIFE,PRV3,2022-10-18,2032-10-15,2026-10-17,3153451.88,43037837.74,MONTHLY,ACTIVE,2,True,9881695.8,47
POL000002920,CUS00010693,LIFE,PRV2,2025-01-15,2030-01-14,2027-01-15,6728243.92,105473295.12,ANNUAL,ACTIVE,2,True,9881695.8,47
POL000002921,CUS00010697,LIFE,PRV5,2023-08-30,2024-08-29,2027-08-29,917893.69,12732783.27,QUARTERLY,LAPSED,1,False,0.0,
POL000002922,CUS00010699,LIFE,PRV3,2024-06-01,2029-05-31,2027-06-01,914835.79,8175072.16,ANNUAL,ACTIVE,1,True,914835.79,274
POL000002923,CUS00010702,HEALTH,PRV1,2025-07-21,2030-07-20,2027-07-21,84892.24,881684.68,ANNUAL,ACTIVE,1,True,84892.24,324
POL000002924,CUS00010705,HEALTH,PRV4,2022-07-25,2042-07-20,2027-07-24,431291.48,5986643.12,MONTHLY,ACTIVE,2,True,707058.95,27
POL000002925,CUS00010705,MOTOR,PRV4,2023-09-28,2028-09-26,2026-09-27,275767.47,3796481.42,ANNUAL,ACTIVE,2,True,707058.95,27
POL000002926,CUS00010710,LIFE,PRV2,2024-06-21,2025-06-21,2027-06-21,779737.98,18935497.6,MONTHLY,LAPSED,1,False,0.0,
POL000002927,CUS00010712,HEALTH,PRV2,2023-12-17,2033-12-14,2026-12-16,124158.68,1167805.5,MONTHLY,ACTIVE,2,True,304903.24,107
POL000002928,CUS00010712,HEALTH,PRV3,2023-01-26,2028-01-25,2027-01-25,180744.56,1755387.72,ANNUAL,ACTIVE,2,True,304903.24,107
POL000002929,CUS00010713,LIFE,PRV3,2025-06-01,2035-05-30,2027-06-01,9397503.91,187538853.58,ANNUAL,ACTIVE,1,True,9397503.91,274
POL000002930,CUS00010714,HEALTH,PRV3,2024-09-10,2044-09-05,2026-09-10,1590094.88,30323156.62,ANNUAL,ACTIVE,2,True,1979711.49,10
POL000002931,CUS00010714,MOTOR,PRV2,2022-11-12,2042-11-07,2026-11-11,389616.61,6573347.44,ANNUAL,ACTIVE,2,True,1979711.49,10
POL000002932,CUS00010720,HEALTH,PRV1,2023-01-21,2028-01-20,2027-01-20,748504.67,16333551.53,ANNUAL,ACTIVE,2,True,1616566.67,142
POL000002933,CUS00010720,LIFE,PRV2,2025-02-19,2045-02-14,2027-02-19,868062.0,16937928.18,MONTHLY,ACTIVE,2,True,1616566.67,142
POL000002934,CUS00010725,LIFE,PRV4,2024-03-30,2029-03-29,2027-03-30,8694271.11,157888527.16,MONTHLY,ACTIVE,1,True,8694271.11,211
POL000002935,CUS00010726,MOTOR,PRV5,2026-03-30,2036-03-27,2027-03-30,412502.05,6440215.49,ANNUAL,ACTIVE,2,True,412502.05,211
POL000002936,CUS00010726,MOTOR,PRV3,2024-10-05,2025-10-05,2026-10-05,1285778.51,15019974.04,ANNUAL,LAPSED,2,True,412502.05,211
POL000002937,CUS00010746,HOME,PRV3,2024-05-06,2029-05-05,2027-05-06,1243329.27,10418878.25,QUARTERLY,ACTIVE,2,True,2184973.79,248
POL000002938,CUS00010746,LIFE,PRV2,2024-07-11,2029-07-10,2027-07-11,941644.52,11035539.17,ANNUAL,ACTIVE,2,True,2184973.79,248
POL000002939,CUS00010751,MOTOR,PRV2,2023-01-17,2033-01-14,2027-01-16,1014964.03,16854488.82,ANNUAL,ACTIVE,1,True,1014964.03,138
POL000002940,CUS00010760,HEALTH,PRV1,2025-11-08,2030-11-07,2026-11-08,12398174.66,258675618.7,MONTHLY,ACTIVE,1,True,12398174.66,69
POL000002941,CUS00010761,MOTOR,PRV4,2024-02-04,2029-02-02,2027-02-03,182762.85,3608095.6,MONTHLY,ACTIVE,1,True,182762.85,156
POL000002942,CUS00010763,HOME,PRV1,2025-09-06,2035-09-04,2026-09-06,12210231.69,249937794.76,QUARTERLY,ACTIVE,1,True,12210231.69,6
POL000002943,CUS00010772,HEALTH,PRV3,2026-06-20,2046-06-15,2027-06-20,2238459.06,22686678.79,MONTHLY,ACTIVE,1,True,2238459.06,293
POL000002944,CUS00010773,HEALTH,PRV2,2022-12-16,2042-12-11,2026-12-15,202771.45,4069870.88,ANNUAL,ACTIVE,2,True,758930.61,106
POL000002945,CUS00010773,TRAVEL,PRV1,2024-03-07,2029-03-06,2027-03-07,556159.16,11429814.66,ANNUAL,ACTIVE,2,True,758930.61,106
POL000002946,CUS00010778,HEALTH,PRV5,2022-08-10,2032-08-07,2027-08-09,1066453.64,21374531.91,ANNUAL,ACTIVE,1,True,1066453.64,343
POL000002947,CUS00010786,LIFE,PRV3,2023-11-27,2033-11-24,2026-11-26,478275.22,4617443.74,ANNUAL,ACTIVE,1,True,478275.22,87
POL000002948,CUS00010787,MOTOR,PRV5,2025-07-08,2045-07-03,2027-07-08,3620199.51,45454606.25,ANNUAL,ACTIVE,1,True,3620199.51,311
POL000002949,CUS00010789,LIFE,PRV1,2024-08-14,2044-08-09,2027-08-14,2165642.62,41706446.24,QUARTERLY,ACTIVE,1,True,2165642.62,348
POL000002950,CUS00010798,HEALTH,PRV5,2024-11-20,2029-11-19,2026-11-20,1569219.7,21096826.85,ANNUAL,ACTIVE,1,True,1569219.7,81
POL000002951,CUS00010800,HEALTH,PRV3,2025-06-15,2030-06-14,2027-06-15,235727.13,4971417.18,ANNUAL,ACTIVE,1,True,235727.13,288
POL000002952,CUS00010801,HEALTH,PRV5,2023-12-02,2043-11-27,2026-12-01,18625074.62,253314335.6,ANNUAL,ACTIVE,1,True,18625074.62,92
POL000002953,CUS00010805,HOME,PRV5,2025-03-28,2045-03-23,2027-03-28,693984.89,14827433.13,QUARTERLY,ACTIVE,2,True,1770426.9,209
POL000002954,CUS00010805,MOTOR,PRV2,2024-07-04,2044-06-29,2027-07-04,1076442.01,20710871.63,ANNUAL,ACTIVE,2,True,1770426.9,209
POL000002955,CUS00010816,MOTOR,PRV1,2024-05-10,2034-05-08,2027-05-10,26884732.88,435564137.42,MONTHLY,ACTIVE,1,True,26884732.88,252
POL000002956,CUS00010818,HEALTH,PRV5,2025-11-15,2026-11-15,2026-11-15,11327283.04,249227682.27,MONTHLY,ACTIVE,1,True,11327283.04,76
POL000002957,CUS00010821,TRAVEL,PRV2,2023-01-17,2033-01-14,2027-01-16,1706131.04,15355068.89,ANNUAL,ACTIVE,1,True,1706131.04,138
POL000002958,CUS00010822,LIFE,PRV3,2026-07-15,2031-07-14,2027-07-15,28223.4,631722.45,ANNUAL,ACTIVE,1,True,28223.4,318
POL000002959,CUS00010829,LIFE,PRV3,2023-07-16,2033-07-13,2027-07-15,2588965.48,44150002.92,ANNUAL,ACTIVE,1,True,2588965.48,318
POL000002960,CUS00010830,LIFE,PRV3,2024-03-22,2044-03-17,2027-03-22,11221405.26,117611902.14,ANNUAL,ACTIVE,1,True,11221405.26,203
POL000002961,CUS00010832,HOME,PRV2,2023-12-20,2024-12-19,2026-12-19,3476182.69,53085269.45,ANNUAL,LAPSED,1,False,0.0,
POL000002962,CUS00010834,TRAVEL,PRV4,2025-11-26,2030-11-25,2026-11-26,2599290.73,23115297.07,ANNUAL,ACTIVE,1,True,2599290.73,87
POL000002963,CUS00010841,HEALTH,PRV4,2024-08-27,2029-08-26,2027-08-27,5352471.81,115964356.82,ANNUAL,ACTIVE,1,True,5352471.81,361
POL000002964,CUS00010842,MOTOR,PRV1,2025-03-25,2035-03-23,2027-03-25,83600.17,889007.83,QUARTERLY,ACTIVE,2,True,332941.73,168
POL000002965,CUS00010842,LIFE,PRV5,2025-02-15,2045-02-10,2027-02-15,249341.56,6172973.32,MONTHLY,ACTIVE,2,True,332941.73,168
POL000002966,CUS00010846,HEALTH,PRV4,2022-12-31,2027-12-30,2026-12-30,225711.57,3103221.56,MONTHLY,ACTIVE,1,True,225711.57,121
POL000002967,CUS00010848,HOME,PRV2,2023-03-08,2033-03-05,2027-03-07,1168039.19,25140692.58,MONTHLY,ACTIVE,1,True,1168039.19,188
POL000002968,CUS00010856,HEALTH,PRV2,2023-02-11,2028-02-10,2027-02-10,6749437.12,58992032.76,MONTHLY,ACTIVE,1,True,6749437.12,163
POL000002969,CUS00010867,LIFE,PRV2,2022-12-08,2027-12-07,2026-12-07,1650301.88,16038346.82,MONTHLY,ACTIVE,1,True,1650301.88,98
POL000002970,CUS00010868,HOME,PRV3,2025-03-17,2045-03-12,2027-03-17,556055.14,12453264.39,ANNUAL,ACTIVE,1,True,556055.14,198
POL000002971,CUS00010870,LIFE,PRV1,2023-06-13,2033-06-10,2027-06-12,65156.76,1408194.75,ANNUAL,ACTIVE,1,True,65156.76,285
POL000002972,CUS00010877,LIFE,PRV5,2024-05-24,2034-05-22,2027-05-24,1275643.05,23791664.73,ANNUAL,ACTIVE,1,True,1275643.05,266
POL000002973,CUS00010882,HEALTH,PRV5,2026-05-29,2031-05-28,2027-05-29,3161486.14,48099312.32,MONTHLY,ACTIVE,1,True,3161486.14,271
POL000002974,CUS00010885,MOTOR,PRV2,2026-03-09,2036-03-06,2027-03-09,14696449.87,128830772.97,QUARTERLY,ACTIVE,2,True,14696449.87,190
POL000002975,CUS00010885,LIFE,PRV5,2024-05-11,2025-05-11,2027-05-11,13316638.11,159938501.3,ANNUAL,LAPSED,2,True,14696449.87,190
POL000002976,CUS00010887,TRAVEL,PRV3,2025-01-21,2035-01-19,2027-01-21,1119406.26,25961372.24,ANNUAL,ACTIVE,1,True,1119406.26,143
POL000002977,CUS00010889,TRAVEL,PRV1,2024-11-06,2044-11-01,2026-11-06,1478522.92,18056002.86,ANNUAL,ACTIVE,2,True,1478522.92,67
POL000002978,CUS00010889,MOTOR,PRV4,2023-11-12,2024-11-11,2026-11-11,987953.84,12844264.06,MONTHLY,LAPSED,2,True,1478522.92,67
POL000002979,CUS00010891,LIFE,PRV3,2025-06-07,2030-06-06,2027-06-07,60120890.04,1282629421.32,ANNUAL,ACTIVE,1,True,60120890.04,280
POL000002980,CUS00010898,LIFE,PRV5,2025-05-18,2030-05-17,2027-05-18,2165439.71,42424650.98,MONTHLY,ACTIVE,1,True,2165439.71,260
POL000002981,CUS00010899,MOTOR,PRV2,2024-08-21,2044-08-16,2027-08-21,398488.76,8809592.56,QUARTERLY,ACTIVE,1,True,398488.76,355
POL000002982,CUS00010900,HEALTH,PRV1,2022-11-12,2042-11-07,2026-11-11,2661922.53,45482219.69,ANNUAL,ACTIVE,2,True,5503488.03,17
POL000002983,CUS00010900,LIFE,PRV2,2025-09-17,2026-09-17,2026-09-17,2841565.5,44097920.79,QUARTERLY,ACTIVE,2,True,5503488.03,17
POL000002984,CUS00010904,TRAVEL,PRV5,2026-05-27,2031-05-26,2027-05-27,477379.63,7937137.52,ANNUAL,ACTIVE,1,True,477379.63,269
POL000002985,CUS00010905,LIFE,PRV5,2024-10-02,2034-09-30,2026-10-02,4684924.49,85482991.95,QUARTERLY,ACTIVE,1,True,4684924.49,32
POL000002986,CUS00010912,HOME,PRV5,2023-10-24,2043-10-19,2026-10-23,400175.45,6118841.15,ANNUAL,ACTIVE,1,True,400175.45,53
POL000002987,CUS00010913,HEALTH,PRV1,2025-06-13,2026-06-13,2027-06-13,287022.52,3137403.83,ANNUAL,LAPSED,1,False,0.0,
POL000002988,CUS00010922,HEALTH,PRV2,2024-02-12,2025-02-11,2027-02-11,180152.03,3967650.19,ANNUAL,LAPSED,1,False,0.0,
POL000002989,CUS00010923,LIFE,PRV3,2025-01-24,2045-01-19,2027-01-24,1180094.56,23627097.02,MONTHLY,ACTIVE,1,True,1180094.56,146
POL000002990,CUS00010931,HEALTH,PRV2,2026-06-05,2027-06-05,2027-06-05,8476716.02,157574043.95,ANNUAL,ACTIVE,2,True,15740138.49,128
POL000002991,CUS00010931,LIFE,PRV5,2024-01-07,2034-01-04,2027-01-06,7263422.47,175925182.97,QUARTERLY,ACTIVE,2,True,15740138.49,128
POL000002992,CUS00010933,LIFE,PRV4,2026-07-10,2036-07-07,2027-07-10,272085.95,4731489.24,QUARTERLY,ACTIVE,1,True,272085.95,313
POL000002993,CUS00010938,HOME,PRV4,2025-03-23,2026-03-23,2027-03-23,941763.66,20836344.95,ANNUAL,LAPSED,1,False,0.0,
POL000002994,CUS00010940,LIFE,PRV5,2024-03-11,2029-03-10,2027-03-11,6014909.11,54591203.59,ANNUAL,ACTIVE,1,True,6014909.11,192
POL000002995,CUS00010942,HEALTH,PRV1,2023-01-01,2042-12-27,2026-12-31,2806893.72,49061171.57,MONTHLY,ACTIVE,2,True,2806893.72,122
POL000002996,CUS00010942,HEALTH,PRV5,2025-04-27,2026-04-27,2027-04-27,2475733.73,60668032.54,MONTHLY,LAPSED,2,True,2806893.72,122
POL000002997,CUS00010945,LIFE,PRV5,2022-11-06,2032-11-03,2026-11-05,1368800.2,32794377.83,ANNUAL,ACTIVE,1,True,1368800.2,66
POL000002998,CUS00010947,HEALTH,PRV3,2023-05-27,2043-05-22,2027-05-26,500825.24,8387084.14,MONTHLY,ACTIVE,1,True,500825.24,268
POL000002999,CUS00010949,LIFE,PRV1,2024-12-03,2029-12-02,2026-12-03,2345802.88,55455667.05,MONTHLY,ACTIVE,1,True,2345802.88,94
POL000003000,CUS00010963,MOTOR,PRV3,2024-07-07,2044-07-02,2027-07-07,205340.19,2626343.4,ANNUAL,ACTIVE,1,True,205340.19,310
POL000003001,CUS00010970,LIFE,PRV1,2025-11-10,2035-11-08,2026-11-10,802289.36,13969545.09,ANNUAL,ACTIVE,1,True,802289.36,71
POL000003002,CUS00010973,HOME,PRV1,2026-01-25,2031-01-24,2027-01-25,141368.05,2916723.76,QUARTERLY,ACTIVE,1,True,141368.05,147
POL000003003,CUS00010979,MOTOR,PRV4,2025-04-01,2045-03-27,2027-04-01,967318.41,13514432.09,ANNUAL,ACTIVE,1,True,967318.41,213
POL000003004,CUS00010982,LIFE,PRV5,2026-01-09,2046-01-04,2027-01-09,517590.62,10899952.5,ANNUAL,ACTIVE,1,True,517590.62,131
POL000003005,CUS00010984,MOTOR,PRV3,2024-04-19,2044-04-14,2027-04-19,996729.79,8741149.05,ANNUAL,ACTIVE,2,True,1413458.52,226
POL000003006,CUS00010984,HOME,PRV2,2024-04-14,2044-04-09,2027-04-14,416728.73,8834119.87,ANNUAL,ACTIVE,2,True,1413458.52,226
POL000003007,CUS00010985,LIFE,PRV1,2024-02-15,2034-02-12,2027-02-14,735765.09,16310052.94,ANNUAL,ACTIVE,1,True,735765.09,167
POL000003008,CUS00010989,HEALTH,PRV1,2025-01-11,2030-01-10,2027-01-11,19566425.8,271673452.95,MONTHLY,ACTIVE,1,True,19566425.8,133
POL000003009,CUS00010991,HEALTH,PRV5,2026-05-02,2036-04-29,2027-05-02,14184754.8,238513196.34,ANNUAL,ACTIVE,1,True,14184754.8,244
POL000003010,CUS00010992,HEALTH,PRV2,2024-04-22,2029-04-21,2027-04-22,18648764.59,306190337.56,ANNUAL,ACTIVE,1,True,18648764.59,234
POL000003011,CUS00011010,HOME,PRV1,2024-11-03,2025-11-03,2026-11-03,1832324.94,42803948.07,ANNUAL,LAPSED,2,False,0.0,
POL000003012,CUS00011010,HEALTH,PRV3,2022-11-08,2023-11-08,2026-11-07,1706359.57,33047738.68,MONTHLY,LAPSED,2,False,0.0,
POL000003013,CUS00011021,HEALTH,PRV2,2023-12-25,2033-12-22,2026-12-24,2348949.39,23242614.79,ANNUAL,ACTIVE,2,True,3674240.99,115
POL000003014,CUS00011021,MOTOR,PRV1,2023-01-06,2028-01-05,2027-01-05,1325291.6,13059868.79,ANNUAL,ACTIVE,2,True,3674240.99,115
POL000003015,CUS00011022,HOME,PRV5,2023-07-04,2024-07-03,2027-07-03,3981358.5,67670963.66,ANNUAL,LAPSED,1,False,0.0,
POL000003016,CUS00011023,MOTOR,PRV4,2025-05-31,2030-05-30,2027-05-31,1197025.81,28011646.57,MONTHLY,ACTIVE,1,True,1197025.81,273
POL000003017,CUS00011039,LIFE,PRV3,2025-10-31,2045-10-26,2026-10-31,460316.56,8594038.68,QUARTERLY,ACTIVE,1,True,460316.56,61
POL000003018,CUS00011045,HEALTH,PRV1,2023-09-18,2028-09-16,2026-09-17,785117.77,6498072.28,MONTHLY,ACTIVE,1,True,785117.77,17
POL000003019,CUS00011046,LIFE,PRV3,2025-01-18,2026-01-18,2027-01-18,506591.19,12280576.62,ANNUAL,LAPSED,1,False,0.0,
POL000003020,CUS00011047,LIFE,PRV4,2023-09-04,2033-09-01,2026-09-03,4632508.06,37922736.6,QUARTERLY,ACTIVE,1,True,4632508.06,3
POL000003021,CUS00011062,LIFE,PRV4,2023-06-07,2043-06-02,2027-06-06,13288751.7,121173933.66,ANNUAL,ACTIVE,1,True,13288751.7,279
POL000003022,CUS00011063,LIFE,PRV5,2024-09-20,2025-09-20,2026-09-20,1397595.5,18950642.66,QUARTERLY,LAPSED,1,False,0.0,
POL000003023,CUS00011065,LIFE,PRV5,2022-08-16,2032-08-13,2027-08-15,192437.29,2110796.49,ANNUAL,ACTIVE,1,True,192437.29,349
POL000003024,CUS00011067,MOTOR,PRV1,2024-10-20,2044-10-15,2026-10-20,1323413.83,20145634.61,ANNUAL,ACTIVE,2,True,2417203.48,50
POL000003025,CUS00011067,LIFE,PRV2,2025-05-12,2030-05-11,2027-05-12,1093789.65,22280697.66,QUARTERLY,ACTIVE,2,True,2417203.48,50
POL000003026,CUS00011072,HEALTH,PRV5,2024-04-13,2034-04-11,2027-04-13,12346722.38,131266880.53,ANNUAL,ACTIVE,1,True,12346722.38,225
POL000003027,CUS00011081,HEALTH,PRV1,2022-11-07,2027-11-06,2026-11-06,454218.51,11133905.45,QUARTERLY,ACTIVE,1,True,454218.51,67
POL000003028,CUS00011085,HEALTH,PRV2,2024-01-25,2029-01-23,2027-01-24,266083.76,4429980.43,QUARTERLY,ACTIVE,1,True,266083.76,146
POL000003029,CUS00011087,HEALTH,PRV4,2024-02-21,2029-02-19,2027-02-20,2533205.97,32502496.49,ANNUAL,ACTIVE,2,True,5823151.01,173
POL000003030,CUS00011087,HEALTH,PRV5,2025-05-04,2035-05-02,2027-05-04,3289945.04,51799543.38,ANNUAL,ACTIVE,2,True,5823151.01,173
POL000003031,CUS00011089,LIFE,PRV1,2023-06-05,2043-05-31,2027-06-04,2128740.89,34761395.96,MONTHLY,ACTIVE,1,True,2128740.89,277
POL000003032,CUS00011092,HEALTH,PRV4,2024-12-04,2029-12-03,2026-12-04,2910522.71,55360840.54,ANNUAL,ACTIVE,1,True,2910522.71,95
POL000003033,CUS00011099,LIFE,PRV4,2025-07-22,2030-07-21,2027-07-22,53585739.43,652908570.09,MONTHLY,ACTIVE,1,True,53585739.43,325
POL000003034,CUS00011108,HOME,PRV2,2023-10-17,2043-10-12,2026-10-16,5523362.59,56964752.75,ANNUAL,ACTIVE,1,True,5523362.59,46
POL000003035,CUS00011112,MOTOR,PRV3,2026-04-28,2036-04-25,2027-04-28,1498921.29,21011821.91,QUARTERLY,ACTIVE,1,True,1498921.29,240
POL000003036,CUS00011114,TRAVEL,PRV4,2024-05-29,2044-05-24,2027-05-29,3383138.16,72304186.88,ANNUAL,ACTIVE,1,True,3383138.16,271
POL000003037,CUS00011115,LIFE,PRV3,2023-02-07,2028-02-06,2027-02-06,707675.94,7901227.03,QUARTERLY,ACTIVE,1,True,707675.94,159
POL000003038,CUS00011124,LIFE,PRV4,2026-01-17,2046-01-12,2027-01-17,9629726.53,155043919.1,QUARTERLY,ACTIVE,1,True,9629726.53,139
POL000003039,CUS00011126,LIFE,PRV5,2024-06-21,2034-06-19,2027-06-21,1294671.03,31118855.0,ANNUAL,ACTIVE,2,True,1294671.03,294
POL000003040,CUS00011126,LIFE,PRV3,2024-05-14,2025-05-14,2027-05-14,2104028.26,21844359.28,ANNUAL,LAPSED,2,True,1294671.03,294
POL000003041,CUS00011128,HEALTH,PRV1,2025-10-20,2035-10-18,2026-10-20,595883.37,11610865.14,MONTHLY,ACTIVE,1,True,595883.37,50
POL000003042,CUS00011134,MOTOR,PRV3,2024-05-26,2025-05-26,2027-05-26,8961970.23,88880800.31,QUARTERLY,LAPSED,1,False,0.0,
POL000003043,CUS00011137,HEALTH,PRV5,2026-04-23,2036-04-20,2027-04-23,315527.66,6140769.24,ANNUAL,ACTIVE,1,True,315527.66,235
POL000003044,CUS00011141,MOTOR,PRV3,2025-07-25,2030-07-24,2027-07-25,3581106.6,64281870.45,ANNUAL,ACTIVE,1,True,3581106.6,328
POL000003045,CUS00011143,TRAVEL,PRV5,2024-12-07,2034-12-05,2026-12-07,262209.36,6387167.29,QUARTERLY,ACTIVE,1,True,262209.36,98
POL000003046,CUS00011151,LIFE,PRV3,2024-08-04,2044-07-30,2027-08-04,13937648.98,166905366.52,QUARTERLY,ACTIVE,1,True,13937648.98,338
POL000003047,CUS00011152,HOME,PRV4,2024-01-31,2025-01-30,2027-01-30,140031.73,1225461.97,ANNUAL,LAPSED,1,False,0.0,
POL000003048,CUS00011155,HEALTH,PRV5,2024-08-09,2034-08-07,2027-08-09,558623.23,8876338.1,MONTHLY,ACTIVE,1,True,558623.23,343
POL000003049,CUS00011161,MOTOR,PRV3,2025-02-28,2035-02-26,2027-02-28,3030295.68,71317556.87,ANNUAL,ACTIVE,1,True,3030295.68,181
POL000003050,CUS00011176,HEALTH,PRV3,2025-10-23,2045-10-18,2026-10-23,6465391.08,97757244.46,ANNUAL,ACTIVE,1,True,6465391.08,53
POL000003051,CUS00011177,TRAVEL,PRV5,2025-12-14,2045-12-09,2026-12-14,233983.67,2707669.91,MONTHLY,ACTIVE,1,True,233983.67,105
POL000003052,CUS00011186,HOME,PRV5,2022-10-06,2027-10-05,2026-10-05,1261072.73,22672805.86,ANNUAL,ACTIVE,1,True,1261072.73,35
POL000003053,CUS00011189,HEALTH,PRV3,2023-01-02,2028-01-01,2027-01-01,9470878.24,88398443.16,MONTHLY,ACTIVE,1,True,9470878.24,123
POL000003054,CUS00011199,LIFE,PRV4,2023-06-04,2033-06-01,2027-06-03,6180308.25,100333671.19,ANNUAL,ACTIVE,1,True,6180308.25,276
POL000003055,CUS00011200,HEALTH,PRV5,2024-10-20,2034-10-18,2026-10-20,1932403.4,18789650.81,MONTHLY,ACTIVE,1,True,1932403.4,50
POL000003056,CUS00011203,HOME,PRV2,2026-05-06,2027-05-06,2027-05-06,377744.37,9134459.64,MONTHLY,ACTIVE,1,True,377744.37,248
POL000003057,CUS00011211,LIFE,PRV2,2023-06-27,2043-06-22,2027-06-26,222754.9,2977014.08,ANNUAL,ACTIVE,1,True,222754.9,299
POL000003058,CUS00011213,HOME,PRV2,2024-07-07,2025-07-07,2027-07-07,4328898.03,75492525.15,QUARTERLY,LAPSED,1,False,0.0,
POL000003059,CUS00011216,HEALTH,PRV1,2023-05-21,2043-05-16,2027-05-20,2471860.64,32985449.05,MONTHLY,ACTIVE,1,True,2471860.64,262
POL000003060,CUS00011217,LIFE,PRV1,2025-06-14,2035-06-12,2027-06-14,256542.84,5344729.87,MONTHLY,ACTIVE,1,True,256542.84,287
POL000003061,CUS00011224,HEALTH,PRV1,2024-11-15,2034-11-13,2026-11-15,317029.17,5664063.36,QUARTERLY,ACTIVE,1,True,317029.17,76
POL000003062,CUS00011225,LIFE,PRV1,2023-07-18,2043-07-13,2027-07-17,2790389.09,26098483.05,QUARTERLY,ACTIVE,1,True,2790389.09,320
POL000003063,CUS00011226,HEALTH,PRV5,2026-03-19,2046-03-14,2027-03-19,1745634.88,40756450.43,ANNUAL,ACTIVE,1,True,1745634.88,200
POL000003064,CUS00011230,TRAVEL,PRV5,2024-08-04,2029-08-03,2027-08-04,496220.0,7923015.36,MONTHLY,ACTIVE,1,True,496220.0,338
POL000003065,CUS00011233,HEALTH,PRV3,2023-07-15,2024-07-14,2027-07-14,5175873.23,58707164.62,MONTHLY,LAPSED,1,False,0.0,
POL000003066,CUS00011235,HOME,PRV4,2025-12-10,2026-12-10,2026-12-10,1038143.35,10935132.14,MONTHLY,ACTIVE,1,True,1038143.35,101
POL000003067,CUS00011238,TRAVEL,PRV2,2024-09-21,2044-09-16,2026-09-21,4880629.46,110177836.34,ANNUAL,ACTIVE,1,True,4880629.46,21
POL000003068,CUS00011239,LIFE,PRV3,2024-11-25,2025-11-25,2026-11-25,166914.29,1439047.05,ANNUAL,LAPSED,1,False,0.0,
POL000003069,CUS00011249,HOME,PRV2,2023-02-08,2043-02-03,2027-02-07,334861.13,3812918.99,ANNUAL,ACTIVE,1,True,334861.13,160
POL000003070,CUS00011251,LIFE,PRV2,2025-06-18,2030-06-17,2027-06-18,148013.59,1184847.14,ANNUAL,ACTIVE,2,True,148013.59,291
POL000003071,CUS00011251,HEALTH,PRV1,2023-02-17,2024-02-17,2027-02-16,351482.8,3767963.65,ANNUAL,LAPSED,2,True,148013.59,291
POL000003072,CUS00011253,HOME,PRV3,2025-03-26,2030-03-25,2027-03-26,816657.56,16573324.74,ANNUAL,ACTIVE,1,True,816657.56,207
POL000003073,CUS00011255,HEALTH,PRV4,2022-08-12,2032-08-09,2027-08-11,2639590.65,42472687.55,MONTHLY,ACTIVE,1,True,2639590.65,345
POL000003074,CUS00011256,HEALTH,PRV1,2023-07-23,2043-07-18,2027-07-22,3527673.13,59593140.1,ANNUAL,ACTIVE,1,True,3527673.13,325
POL000003075,CUS00011264,LIFE,PRV3,2024-08-03,2025-08-03,2027-08-03,1917335.66,33937953.07,ANNUAL,LAPSED,1,False,0.0,
POL000003076,CUS00011272,LIFE,PRV5,2023-05-12,2033-05-09,2027-05-11,497154.14,4133233.13,MONTHLY,ACTIVE,1,True,497154.14,253
POL000003077,CUS00011288,HEALTH,PRV2,2026-03-04,2046-02-27,2027-03-04,1028854.48,20652545.88,ANNUAL,ACTIVE,1,True,1028854.48,185
POL000003078,CUS00011289,LIFE,PRV3,2024-03-04,2025-03-04,2027-03-04,87161.11,1719250.24,MONTHLY,LAPSED,1,False,0.0,
POL000003079,CUS00011291,MOTOR,PRV3,2023-04-02,2033-03-30,2027-04-01,12608666.21,204659953.08,ANNUAL,ACTIVE,1,True,12608666.21,213
POL000003080,CUS00011292,MOTOR,PRV1,2024-07-04,2034-07-02,2027-07-04,648643.92,11442389.95,MONTHLY,ACTIVE,1,True,648643.92,307
POL000003081,CUS00011295,HEALTH,PRV3,2023-10-02,2033-09-29,2026-10-01,704012.99,7475397.03,QUARTERLY,ACTIVE,1,True,704012.99,31
POL000003082,CUS00011298,LIFE,PRV4,2026-03-04,2031-03-03,2027-03-04,2683807.51,63871008.9,ANNUAL,ACTIVE,1,True,2683807.51,185
POL000003083,CUS00011300,LIFE,PRV2,2026-04-29,2036-04-26,2027-04-29,250740.71,5411379.92,MONTHLY,ACTIVE,1,True,250740.71,241
POL000003084,CUS00011301,HEALTH,PRV5,2026-04-19,2027-04-19,2027-04-19,2196978.72,30412929.68,QUARTERLY,ACTIVE,1,True,2196978.72,231
POL000003085,CUS00011302,HEALTH,PRV4,2023-11-17,2024-11-16,2026-11-16,752308.2,11275692.46,MONTHLY,LAPSED,1,False,0.0,
POL000003086,CUS00011314,MOTOR,PRV3,2025-06-06,2045-06-01,2027-06-06,266213.37,2437466.59,ANNUAL,ACTIVE,1,True,266213.37,279
POL000003087,CUS00011318,MOTOR,PRV2,2025-11-17,2045-11-12,2026-11-17,261624.46,3949918.41,ANNUAL,ACTIVE,1,True,261624.46,78
POL000003088,CUS00011321,HOME,PRV1,2023-01-24,2033-01-21,2027-01-23,1070987.03,19532140.03,ANNUAL,ACTIVE,1,True,1070987.03,145
POL000003089,CUS00011322,MOTOR,PRV3,2024-02-29,2034-02-26,2027-02-28,5951351.03,111243829.05,ANNUAL,ACTIVE,1,True,5951351.03,181
POL000003090,CUS00011326,LIFE,PRV2,2024-07-26,2025-07-26,2027-07-26,1997977.76,36186295.85,MONTHLY,LAPSED,2,True,1048185.32,204
POL000003091,CUS00011326,HOME,PRV2,2023-03-24,2043-03-19,2027-03-23,1048185.32,10774611.68,ANNUAL,ACTIVE,2,True,1048185.32,204
POL000003092,CUS00011327,HEALTH,PRV2,2023-07-02,2024-07-01,2027-07-01,353381.6,7851010.05,ANNUAL,LAPSED,2,True,338233.29,125
POL000003093,CUS00011327,TRAVEL,PRV2,2024-01-04,2043-12-30,2027-01-03,338233.29,7770172.73,QUARTERLY,ACTIVE,2,True,338233.29,125
POL000003094,CUS00011336,LIFE,PRV3,2025-01-30,2045-01-25,2027-01-30,842359.9,8026753.46,QUARTERLY,ACTIVE,2,True,1284172.47,152
POL000003095,CUS00011336,HEALTH,PRV1,2025-05-04,2030-05-03,2027-05-04,441812.57,4504535.16,MONTHLY,ACTIVE,2,True,1284172.47,152
POL000003096,CUS00011341,HEALTH,PRV1,2025-07-26,2030-07-25,2027-07-26,2383116.63,28908126.33,MONTHLY,ACTIVE,1,True,2383116.63,329
POL000003097,CUS00011342,HEALTH,PRV4,2025-01-29,2030-01-28,2027-01-29,1930073.82,38149304.34,ANNUAL,ACTIVE,1,True,1930073.82,151
POL000003098,CUS00011350,MOTOR,PRV2,2023-02-24,2033-02-21,2027-02-23,4678630.5,62473284.18,ANNUAL,ACTIVE,1,True,4678630.5,176
POL000003099,CUS00011355,LIFE,PRV5,2026-05-30,2031-05-29,2027-05-30,480122.96,9479375.51,MONTHLY,ACTIVE,1,True,480122.96,272
POL000003100,CUS00011365,MOTOR,PRV2,2022-10-18,2032-10-15,2026-10-17,617996.13,9428783.09,QUARTERLY,ACTIVE,1,True,617996.13,47
POL000003101,CUS00011376,LIFE,PRV1,2025-05-14,2026-05-14,2027-05-14,596678.5,13557272.34,MONTHLY,LAPSED,1,False,0.0,
POL000003102,CUS00011378,HEALTH,PRV2,2023-07-15,2024-07-14,2027-07-14,329166.75,6792071.92,MONTHLY,LAPSED,1,False,0.0,
POL000003103,CUS00011379,LIFE,PRV2,2024-10-14,2025-10-14,2026-10-14,3843296.54,72716878.9,ANNUAL,LAPSED,1,False,0.0,
POL000003104,CUS00011381,HEALTH,PRV1,2024-10-18,2044-10-13,2026-10-18,2794616.65,34155570.76,ANNUAL,ACTIVE,1,True,2794616.65,48
POL000003105,CUS00011383,HOME,PRV2,2026-04-20,2046-04-15,2027-04-20,905236.84,21084507.44,QUARTERLY,ACTIVE,1,True,905236.84,232
POL000003106,CUS00011384,LIFE,PRV1,2022-11-26,2027-11-25,2026-11-25,171147.21,1790164.23,ANNUAL,ACTIVE,2,True,811814.37,26
POL000003107,CUS00011384,HOME,PRV2,2022-09-27,2042-09-22,2026-09-26,640667.16,6844030.09,QUARTERLY,ACTIVE,2,True,811814.37,26
POL000003108,CUS00011387,HEALTH,PRV3,2025-10-10,2026-10-10,2026-10-10,3188935.91,66534115.42,QUARTERLY,ACTIVE,1,True,3188935.91,40
POL000003109,CUS00011389,MOTOR,PRV1,2026-02-02,2036-01-31,2027-02-02,5935984.52,50709659.67,ANNUAL,ACTIVE,1,True,5935984.52,155
POL000003110,CUS00011394,LIFE,PRV1,2023-01-22,2024-01-22,2027-01-21,695355.76,15211640.73,MONTHLY,LAPSED,1,False,0.0,
POL000003111,CUS00011395,LIFE,PRV5,2025-09-11,2030-09-10,2026-09-11,5036645.15,82480984.5,ANNUAL,ACTIVE,1,True,5036645.15,11
POL000003112,CUS00011400,HEALTH,PRV4,2025-08-20,2045-08-15,2027-08-20,230269.14,4769775.24,MONTHLY,ACTIVE,1,True,230269.14,354
POL000003113,CUS00011402,HOME,PRV5,2026-06-23,2031-06-22,2027-06-23,9747048.09,93828217.68,MONTHLY,ACTIVE,1,True,9747048.09,296
POL000003114,CUS00011410,MOTOR,PRV4,2023-06-20,2024-06-19,2027-06-19,881518.36,15977788.81,ANNUAL,LAPSED,1,False,0.0,
POL000003115,CUS00011415,MOTOR,PRV4,2022-08-22,2027-08-21,2027-08-21,86136.95,1316603.45,MONTHLY,ACTIVE,1,True,86136.95,355
POL000003116,CUS00011417,LIFE,PRV2,2022-11-11,2042-11-06,2026-11-10,551860.83,8374668.11,QUARTERLY,ACTIVE,1,True,551860.83,71
POL000003117,CUS00011420,LIFE,PRV5,2023-03-16,2033-03-13,2027-03-15,76764.4,759631.06,ANNUAL,ACTIVE,1,True,76764.4,196
POL000003118,CUS00011428,MOTOR,PRV2,2025-03-14,2030-03-13,2027-03-14,144522.45,2405473.22,ANNUAL,ACTIVE,1,True,144522.45,195
POL000003119,CUS00011434,HEALTH,PRV3,2024-02-27,2044-02-22,2027-02-26,730285.24,11686130.12,MONTHLY,ACTIVE,1,True,730285.24,179
POL000003120,CUS00011438,LIFE,PRV1,2025-06-17,2030-06-16,2027-06-17,5409723.06,61968870.75,QUARTERLY,ACTIVE,1,True,5409723.06,290
POL000003121,CUS00011448,HEALTH,PRV4,2023-10-18,2033-10-15,2026-10-17,400995.68,5851116.65,MONTHLY,ACTIVE,1,True,400995.68,47
POL000003122,CUS00011449,HEALTH,PRV2,2024-03-24,2034-03-22,2027-03-24,1152403.49,27469306.99,ANNUAL,ACTIVE,1,True,1152403.49,205
POL000003123,CUS00011452,LIFE,PRV1,2025-03-24,2026-03-24,2027-03-24,1806413.86,15120272.67,MONTHLY,LAPSED,1,False,0.0,
POL000003124,CUS00011461,HEALTH,PRV2,2025-06-14,2045-06-09,2027-06-14,6737560.64,99296601.63,ANNUAL,ACTIVE,1,True,6737560.64,287
POL000003125,CUS00011466,HEALTH,PRV5,2023-04-17,2043-04-12,2027-04-16,6736611.57,76723930.23,ANNUAL,ACTIVE,1,True,6736611.57,228
POL000003126,CUS00011467,HEALTH,PRV1,2024-06-26,2044-06-21,2027-06-26,4882027.48,105072441.32,MONTHLY,ACTIVE,1,True,4882027.48,299
POL000003127,CUS00011471,MOTOR,PRV2,2024-12-08,2034-12-06,2026-12-08,221515.18,2677132.58,ANNUAL,ACTIVE,2,True,501004.21,99
POL000003128,CUS00011471,MOTOR,PRV2,2024-08-11,2034-08-09,2027-08-11,279489.03,6003555.29,ANNUAL,ACTIVE,2,True,501004.21,99
POL000003129,CUS00011472,MOTOR,PRV2,2023-07-29,2033-07-26,2027-07-28,4784994.51,105811898.95,QUARTERLY,ACTIVE,1,True,4784994.51,331
POL000003130,CUS00011473,MOTOR,PRV1,2023-08-06,2033-08-03,2027-08-05,809168.4,18517048.22,MONTHLY,ACTIVE,1,True,809168.4,339
POL000003131,CUS00011480,HOME,PRV4,2025-11-17,2035-11-15,2026-11-17,189593.67,3081143.85,QUARTERLY,ACTIVE,1,True,189593.67,78
POL000003132,CUS00011482,HEALTH,PRV2,2023-05-22,2043-05-17,2027-05-21,1070784.58,23313260.01,MONTHLY,ACTIVE,1,True,1070784.58,263
POL000003133,CUS00011485,HEALTH,PRV4,2024-11-18,2034-11-16,2026-11-18,349909.55,7663804.16,ANNUAL,ACTIVE,1,True,349909.55,79
POL000003134,CUS00011487,LIFE,PRV5,2024-11-16,2025-11-16,2026-11-16,10347500.18,256219142.2,MONTHLY,LAPSED,2,True,6512262.52,2
POL000003135,CUS00011487,HEALTH,PRV2,2024-09-02,2044-08-28,2026-09-02,6512262.52,148797245.03,MONTHLY,ACTIVE,2,True,6512262.52,2
POL000003136,CUS00011490,TRAVEL,PRV4,2026-06-13,2031-06-12,2027-06-13,3834980.95,89886265.84,MONTHLY,ACTIVE,1,True,3834980.95,286
POL000003137,CUS00011493,LIFE,PRV2,2022-11-09,2027-11-08,2026-11-08,1448566.9,16921251.21,ANNUAL,ACTIVE,1,True,1448566.9,69
POL000003138,CUS00011495,HOME,PRV5,2023-04-08,2024-04-07,2027-04-07,3596966.03,80846555.63,MONTHLY,LAPSED,1,False,0.0,
POL000003139,CUS00011496,HEALTH,PRV5,2022-08-27,2032-08-24,2027-08-26,810884.21,15854550.36,QUARTERLY,ACTIVE,1,True,810884.21,360
POL000003140,CUS00011502,LIFE,PRV2,2023-01-19,2028-01-18,2027-01-18,1206866.82,15587119.55,MONTHLY,ACTIVE,1,True,1206866.82,140
POL000003141,CUS00011505,TRAVEL,PRV5,2024-11-06,2029-11-05,2026-11-06,396302.42,7556452.7,ANNUAL,ACTIVE,1,True,396302.42,67
POL000003142,CUS00011507,LIFE,PRV4,2024-04-04,2034-04-02,2027-04-04,1057611.94,9244775.08,ANNUAL,ACTIVE,2,True,1887549.6,127
POL000003143,CUS00011507,HEALTH,PRV5,2025-01-05,2044-12-31,2027-01-05,829937.66,15822864.93,QUARTERLY,ACTIVE,2,True,1887549.6,127
POL000003144,CUS00011513,LIFE,PRV1,2024-08-12,2029-08-11,2027-08-12,4524581.73,87596408.03,MONTHLY,ACTIVE,1,True,4524581.73,346
POL000003145,CUS00011532,LIFE,PRV1,2023-11-07,2028-11-05,2026-11-06,956311.51,12570157.15,ANNUAL,ACTIVE,2,True,1727729.12,67
POL000003146,CUS00011532,HEALTH,PRV3,2022-07-26,2042-07-21,2027-07-25,771417.61,8801671.81,MONTHLY,ACTIVE,2,True,1727729.12,67
POL000003147,CUS00011536,LIFE,PRV3,2026-04-14,2036-04-11,2027-04-14,3318849.37,65106965.68,MONTHLY,ACTIVE,1,True,3318849.37,226
POL000003148,CUS00011538,HOME,PRV3,2025-05-26,2030-05-25,2027-05-26,2000728.7,46507892.82,MONTHLY,ACTIVE,1,True,2000728.7,268
POL000003149,CUS00011542,HEALTH,PRV2,2025-04-17,2045-04-12,2027-04-17,9906709.72,189645017.74,ANNUAL,ACTIVE,1,True,9906709.72,229
POL000003150,CUS00011543,LIFE,PRV4,2023-06-07,2043-06-02,2027-06-06,1295801.48,28706946.78,MONTHLY,ACTIVE,1,True,1295801.48,279
POL000003151,CUS00011548,TRAVEL,PRV1,2022-11-29,2032-11-26,2026-11-28,648223.62,11892775.34,ANNUAL,ACTIVE,1,True,648223.62,89
POL000003152,CUS00011549,LIFE,PRV2,2026-06-23,2027-06-23,2027-06-23,2066561.28,46480776.64,QUARTERLY,ACTIVE,1,True,2066561.28,296
POL000003153,CUS00011557,MOTOR,PRV4,2024-03-27,2044-03-22,2027-03-27,482720.43,4066499.3,QUARTERLY,ACTIVE,1,True,482720.43,208
POL000003154,CUS00011558,MOTOR,PRV1,2023-09-27,2024-09-26,2026-09-26,3500261.17,53195598.5,ANNUAL,LAPSED,1,False,0.0,
POL000003155,CUS00011560,MOTOR,PRV1,2023-12-19,2033-12-16,2026-12-18,352626.49,7793618.05,MONTHLY,ACTIVE,1,True,352626.49,109
POL000003156,CUS00011591,HEALTH,PRV4,2025-08-09,2035-08-07,2027-08-09,33520016.85,284449013.26,ANNUAL,ACTIVE,1,True,33520016.85,343
POL000003157,CUS00011595,LIFE,PRV5,2023-04-16,2033-04-13,2027-04-15,596311.31,12649248.43,MONTHLY,ACTIVE,1,True,596311.31,227
POL000003158,CUS00011596,LIFE,PRV3,2026-05-25,2046-05-20,2027-05-25,201856.51,4062239.49,ANNUAL,ACTIVE,1,True,201856.51,267
POL000003159,CUS00011599,HEALTH,PRV4,2025-06-08,2035-06-06,2027-06-08,3128612.89,39158277.2,QUARTERLY,ACTIVE,1,True,3128612.89,281
POL000003160,CUS00011601,MOTOR,PRV2,2022-11-13,2027-11-12,2026-11-12,734918.15,16031092.32,MONTHLY,ACTIVE,1,True,734918.15,73
POL000003161,CUS00011603,HEALTH,PRV5,2025-09-21,2030-09-20,2026-09-21,12204688.55,168341786.93,ANNUAL,ACTIVE,1,True,12204688.55,21
POL000003162,CUS00011607,LIFE,PRV5,2025-09-23,2026-09-23,2026-09-23,353664.45,8185486.84,QUARTERLY,ACTIVE,1,True,353664.45,23
POL000003163,CUS00011612,TRAVEL,PRV1,2024-02-12,2044-02-07,2027-02-11,365987.54,7800385.63,ANNUAL,ACTIVE,2,True,506029.53,164
POL000003164,CUS00011612,HEALTH,PRV2,2023-04-24,2033-04-21,2027-04-23,140041.99,1315257.02,QUARTERLY,ACTIVE,2,True,506029.53,164
POL000003165,CUS00011615,MOTOR,PRV5,2026-06-12,2046-06-07,2027-06-12,563246.62,8485802.33,MONTHLY,ACTIVE,1,True,563246.62,285
POL000003166,CUS00011618,HEALTH,PRV1,2024-02-23,2034-02-20,2027-02-22,307320.39,4592093.53,MONTHLY,ACTIVE,1,True,307320.39,175
POL000003167,CUS00011626,LIFE,PRV5,2024-12-30,2034-12-28,2026-12-30,7885335.36,159340386.86,MONTHLY,ACTIVE,1,True,7885335.36,121
POL000003168,CUS00011630,TRAVEL,PRV5,2023-12-01,2033-11-28,2026-11-30,13006754.05,295047553.66,ANNUAL,ACTIVE,1,True,13006754.05,91
POL000003169,CUS00011631,HEALTH,PRV5,2026-01-23,2031-01-22,2027-01-23,4547530.32,96228403.93,QUARTERLY,ACTIVE,1,True,4547530.32,145
POL000003170,CUS00011634,HEALTH,PRV2,2025-05-20,2045-05-15,2027-05-20,785957.79,6643647.05,ANNUAL,ACTIVE,1,True,785957.79,262
POL000003171,CUS00011638,LIFE,PRV4,2023-11-03,2033-10-31,2026-11-02,4449167.87,106222318.59,MONTHLY,ACTIVE,1,True,4449167.87,63
POL000003172,CUS00011642,LIFE,PRV2,2023-01-26,2028-01-25,2027-01-25,1860732.3,32839641.39,ANNUAL,ACTIVE,2,True,3813501.14,36
POL000003173,CUS00011642,MOTOR,PRV3,2022-10-07,2027-10-06,2026-10-06,1952768.84,34467627.46,ANNUAL,ACTIVE,2,True,3813501.14,36
POL000003174,CUS00011645,TRAVEL,PRV3,2025-08-20,2026-08-20,2027-08-20,7165445.54,176520359.19,MONTHLY,LAPSED,1,False,0.0,
POL000003175,CUS00011651,LIFE,PRV3,2024-05-25,2025-05-25,2027-05-25,4266819.8,46502922.55,MONTHLY,LAPSED,2,False,0.0,
POL000003176,CUS00011651,HEALTH,PRV4,2024-07-13,2025-07-13,2027-07-13,3849341.96,95680182.19,ANNUAL,LAPSED,2,False,0.0,
POL000003177,CUS00011656,LIFE,PRV4,2025-09-04,2026-09-04,2026-09-04,2890000.38,24578818.08,MONTHLY,ACTIVE,1,True,2890000.38,4
POL000003178,CUS00011657,HEALTH,PRV4,2025-01-31,2035-01-29,2027-01-31,2018819.64,49675712.07,ANNUAL,ACTIVE,1,True,2018819.64,153
POL000003179,CUS00011658,HEALTH,PRV5,2025-11-15,2026-11-15,2026-11-15,154535.46,2161713.49,MONTHLY,ACTIVE,1,True,154535.46,76
POL000003180,CUS00011659,LIFE,PRV5,2023-01-16,2024-01-16,2027-01-15,566577.63,7118426.04,ANNUAL,LAPSED,1,False,0.0,
POL000003181,CUS00011662,TRAVEL,PRV3,2022-11-23,2032-11-20,2026-11-22,337948.96,6124414.7,QUARTERLY,ACTIVE,2,True,337948.96,83
POL000003182,CUS00011662,HOME,PRV2,2023-07-05,2024-07-04,2027-07-04,313650.06,5454051.35,QUARTERLY,LAPSED,2,True,337948.96,83
POL000003183,CUS00011673,MOTOR,PRV1,2024-06-23,2025-06-23,2027-06-23,1154699.52,16655445.02,MONTHLY,LAPSED,1,False,0.0,
POL000003184,CUS00011677,HEALTH,PRV2,2022-11-01,2032-10-29,2026-10-31,1548681.5,12459636.87,MONTHLY,ACTIVE,2,True,3548162.31,61
POL000003185,CUS00011677,LIFE,PRV5,2024-12-03,2029-12-02,2026-12-03,1999480.81,19652965.03,QUARTERLY,ACTIVE,2,True,3548162.31,61
POL000003186,CUS00011680,HOME,PRV2,2022-11-15,2032-11-12,2026-11-14,812470.45,7046373.94,QUARTERLY,ACTIVE,1,True,812470.45,75
POL000003187,CUS00011681,HEALTH,PRV2,2025-07-01,2035-06-29,2027-07-01,2027507.67,40534731.54,ANNUAL,ACTIVE,1,True,2027507.67,304
POL000003188,CUS00011685,HEALTH,PRV4,2023-07-27,2033-07-24,2027-07-26,2817022.1,48993573.12,QUARTERLY,ACTIVE,1,True,2817022.1,329
POL000003189,CUS00011689,HEALTH,PRV4,2022-09-20,2042-09-15,2026-09-19,2114039.14,35314418.67,QUARTERLY,ACTIVE,1,True,2114039.14,19
POL000003190,CUS00011690,TRAVEL,PRV5,2026-06-24,2031-06-23,2027-06-24,16771819.15,321937322.75,MONTHLY,ACTIVE,1,True,16771819.15,297
POL000003191,CUS00011691,HEALTH,PRV5,2024-08-09,2029-08-08,2027-08-09,759583.42,8408881.57,ANNUAL,ACTIVE,1,True,759583.42,343
POL000003192,CUS00011694,HEALTH,PRV1,2024-03-17,2029-03-16,2027-03-17,749835.49,10444894.78,ANNUAL,ACTIVE,2,True,1578173.53,149
POL000003193,CUS00011694,HEALTH,PRV3,2026-01-27,2027-01-27,2027-01-27,828338.04,14388514.74,QUARTERLY,ACTIVE,2,True,1578173.53,149
POL000003194,CUS00011695,LIFE,PRV1,2022-12-23,2042-12-18,2026-12-22,2482991.08,40576993.13,ANNUAL,ACTIVE,1,True,2482991.08,113
POL000003195,CUS00011696,HOME,PRV1,2022-12-03,2027-12-02,2026-12-02,1771093.06,32573717.83,MONTHLY,ACTIVE,1,True,1771093.06,93
POL000003196,CUS00011699,HEALTH,PRV3,2023-12-27,2028-12-25,2026-12-26,3320206.32,40668471.18,ANNUAL,ACTIVE,1,True,3320206.32,117
POL000003197,CUS00011710,HEALTH,PRV1,2024-08-03,2044-07-29,2027-08-03,2132874.15,40252739.41,ANNUAL,ACTIVE,2,True,3190390.64,103
POL000003198,CUS00011710,LIFE,PRV2,2025-12-12,2026-12-12,2026-12-12,1057516.49,17918472.28,MONTHLY,ACTIVE,2,True,3190390.64,103
POL000003199,CUS00011713,HEALTH,PRV3,2022-10-16,2042-10-11,2026-10-15,7329354.23,98103604.32,ANNUAL,ACTIVE,1,True,7329354.23,45
POL000003200,CUS00011715,HOME,PRV3,2024-07-06,2034-07-04,2027-07-06,419815.78,7454485.06,ANNUAL,ACTIVE,1,True,419815.78,309
POL000003201,CUS00011719,HOME,PRV2,2025-03-24,2030-03-23,2027-03-24,2150709.45,52559671.93,MONTHLY,ACTIVE,1,True,2150709.45,205
POL000003202,CUS00011724,MOTOR,PRV3,2026-03-29,2036-03-26,2027-03-29,3515920.7,54006156.6,QUARTERLY,ACTIVE,1,True,3515920.7,210
POL000003203,CUS00011726,LIFE,PRV1,2025-12-07,2035-12-05,2026-12-07,7645530.18,160556623.3,QUARTERLY,ACTIVE,2,True,7645530.18,98
POL000003204,CUS00011726,HOME,PRV5,2024-05-11,2025-05-11,2027-05-11,7390892.37,104168246.36,ANNUAL,LAPSED,2,True,7645530.18,98
POL000003205,CUS00011727,MOTOR,PRV5,2025-05-07,2035-05-05,2027-05-07,930035.32,18006414.52,MONTHLY,ACTIVE,1,True,930035.32,249
POL000003206,CUS00011728,HEALTH,PRV4,2023-02-12,2033-02-09,2027-02-11,2659009.2,61313635.43,QUARTERLY,ACTIVE,1,True,2659009.2,164
POL000003207,CUS00011736,HOME,PRV5,2025-02-10,2026-02-10,2027-02-10,6021377.67,63402877.97,ANNUAL,LAPSED,1,False,0.0,
POL000003208,CUS00011743,HEALTH,PRV1,2024-07-28,2044-07-23,2027-07-28,230439.22,3900384.37,ANNUAL,ACTIVE,1,True,230439.22,331
POL000003209,CUS00011757,HEALTH,PRV5,2023-09-29,2033-09-26,2026-09-28,1780738.92,40264711.43,ANNUAL,ACTIVE,1,True,1780738.92,28
POL000003210,CUS00011762,TRAVEL,PRV1,2022-12-11,2027-12-10,2026-12-10,1960482.96,46291064.93,ANNUAL,ACTIVE,1,True,1960482.96,101
POL000003211,CUS00011767,TRAVEL,PRV3,2022-10-01,2042-09-26,2026-09-30,6925766.46,117742782.32,MONTHLY,ACTIVE,1,True,6925766.46,30
POL000003212,CUS00011770,LIFE,PRV5,2025-03-29,2030-03-28,2027-03-29,705971.29,11208640.63,MONTHLY,ACTIVE,1,True,705971.29,210
POL000003213,CUS00011773,LIFE,PRV5,2025-04-21,2035-04-19,2027-04-21,423863.23,8051495.9,ANNUAL,ACTIVE,1,True,423863.23,233
POL000003214,CUS00011775,HEALTH,PRV1,2024-11-28,2029-11-27,2026-11-28,9580772.16,109196047.78,MONTHLY,ACTIVE,1,True,9580772.16,89
POL000003215,CUS00011777,LIFE,PRV2,2025-05-29,2030-05-28,2027-05-29,7303410.27,75792243.17,MONTHLY,ACTIVE,1,True,7303410.27,271
POL000003216,CUS00011782,HEALTH,PRV3,2025-01-23,2030-01-22,2027-01-23,7201505.12,178312184.97,ANNUAL,ACTIVE,1,True,7201505.12,145
POL000003217,CUS00011783,HEALTH,PRV5,2024-05-07,2034-05-05,2027-05-07,566225.42,7665558.38,MONTHLY,ACTIVE,1,True,566225.42,249
POL000003218,CUS00011787,LIFE,PRV1,2023-12-17,2024-12-16,2026-12-16,797387.39,15740339.81,ANNUAL,LAPSED,1,False,0.0,
POL000003219,CUS00011792,LIFE,PRV5,2025-03-26,2035-03-24,2027-03-26,2332897.43,55854500.97,ANNUAL,ACTIVE,2,True,3504143.71,176
POL000003220,CUS00011792,LIFE,PRV5,2023-02-24,2028-02-23,2027-02-23,1171246.28,10370461.62,ANNUAL,ACTIVE,2,True,3504143.71,176
POL000003221,CUS00011793,LIFE,PRV2,2024-12-22,2034-12-20,2026-12-22,2957559.71,64980405.45,ANNUAL,ACTIVE,1,True,2957559.71,113
POL000003222,CUS00011796,MOTOR,PRV1,2023-10-12,2028-10-10,2026-10-11,1422497.17,28273842.58,QUARTERLY,ACTIVE,1,True,1422497.17,41
POL000003223,CUS00011797,LIFE,PRV3,2024-06-22,2029-06-21,2027-06-22,425039.78,8941246.73,ANNUAL,ACTIVE,2,True,903796.55,160
POL000003224,CUS00011797,MOTOR,PRV2,2026-02-07,2036-02-05,2027-02-07,478756.77,7419233.57,ANNUAL,ACTIVE,2,True,903796.55,160
POL000003225,CUS00011803,MOTOR,PRV2,2024-06-10,2025-06-10,2027-06-10,2180447.58,22374739.15,MONTHLY,LAPSED,2,False,0.0,
POL000003226,CUS00011803,HEALTH,PRV1,2023-07-13,2024-07-12,2027-07-12,6527589.41,68370688.0,ANNUAL,LAPSED,2,False,0.0,
POL000003227,CUS00011806,HEALTH,PRV3,2024-12-06,2044-12-01,2026-12-06,12070843.84,197628105.59,ANNUAL,ACTIVE,1,True,12070843.84,97
POL000003228,CUS00011810,HOME,PRV2,2023-09-18,2024-09-17,2026-09-17,1843100.21,34696173.1,ANNUAL,LAPSED,1,False,0.0,
POL000003229,CUS00011813,LIFE,PRV5,2024-04-17,2034-04-15,2027-04-17,574174.85,5524895.61,ANNUAL,ACTIVE,1,True,574174.85,229
POL000003230,CUS00011819,LIFE,PRV2,2025-07-04,2026-07-04,2027-07-04,772484.91,15263374.54,ANNUAL,LAPSED,1,False,0.0,
POL000003231,CUS00011832,MOTOR,PRV2,2026-03-23,2036-03-20,2027-03-23,4738022.94,50023286.92,ANNUAL,ACTIVE,2,True,11730528.92,204
POL000003232,CUS00011832,HOME,PRV2,2026-07-06,2031-07-05,2027-07-06,6992505.98,164388696.85,ANNUAL,ACTIVE,2,True,11730528.92,204
POL000003233,CUS00011849,LIFE,PRV1,2024-10-31,2025-10-31,2026-10-31,1072577.55,15105014.56,ANNUAL,LAPSED,1,False,0.0,
POL000003234,CUS00011852,LIFE,PRV1,2025-10-16,2026-10-16,2026-10-16,341713.23,3244332.93,ANNUAL,ACTIVE,1,True,341713.23,46
POL000003235,CUS00011853,HEALTH,PRV2,2022-11-04,2023-11-04,2026-11-03,546492.66,11917499.7,MONTHLY,LAPSED,1,False,0.0,
POL000003236,CUS00011854,HOME,PRV1,2024-08-02,2034-07-31,2027-08-02,499607.18,11318205.44,QUARTERLY,ACTIVE,1,True,499607.18,336
POL000003237,CUS00011862,MOTOR,PRV5,2024-01-01,2043-12-27,2026-12-31,750145.02,17631200.44,ANNUAL,ACTIVE,1,True,750145.02,122
POL000003238,CUS00011863,HEALTH,PRV2,2023-03-17,2024-03-16,2027-03-16,328364.49,4140620.83,MONTHLY,LAPSED,1,False,0.0,
POL000003239,CUS00011864,HEALTH,PRV5,2025-02-04,2035-02-02,2027-02-04,528431.09,7517799.76,ANNUAL,ACTIVE,1,True,528431.09,157
POL000003240,CUS00011872,MOTOR,PRV5,2025-12-12,2030-12-11,2026-12-12,216940.66,5232838.05,ANNUAL,ACTIVE,1,True,216940.66,103
POL000003241,CUS00011876,LIFE,PRV2,2023-08-01,2043-07-27,2027-07-31,208606.9,5129549.46,MONTHLY,ACTIVE,1,True,208606.9,334
POL000003242,CUS00011877,MOTOR,PRV4,2023-05-30,2024-05-29,2027-05-29,2747289.48,54537023.07,ANNUAL,LAPSED,1,False,0.0,
POL000003243,CUS00011878,MOTOR,PRV4,2026-06-13,2046-06-08,2027-06-13,251897.98,3648703.15,ANNUAL,ACTIVE,1,True,251897.98,286
POL000003244,CUS00011883,MOTOR,PRV2,2023-06-14,2043-06-09,2027-06-13,388214.52,6648956.34,ANNUAL,ACTIVE,1,True,388214.52,286
POL000003245,CUS00011884,HEALTH,PRV1,2025-12-29,2030-12-28,2026-12-29,619413.78,9214866.36,ANNUAL,ACTIVE,2,True,1663180.45,120
POL000003246,CUS00011884,HEALTH,PRV2,2026-03-27,2046-03-22,2027-03-27,1043766.67,24093580.1,MONTHLY,ACTIVE,2,True,1663180.45,120
POL000003247,CUS00011899,LIFE,PRV3,2023-01-05,2042-12-31,2027-01-04,752720.33,14608612.38,ANNUAL,ACTIVE,1,True,752720.33,126
POL000003248,CUS00011918,MOTOR,PRV2,2025-04-25,2035-04-23,2027-04-25,3439226.35,47671008.2,ANNUAL,ACTIVE,1,True,3439226.35,237
POL000003249,CUS00011920,HOME,PRV3,2026-05-18,2031-05-17,2027-05-18,712055.52,16753268.55,MONTHLY,ACTIVE,1,True,712055.52,260
POL000003250,CUS00011924,MOTOR,PRV1,2023-03-17,2028-03-15,2027-03-16,1623747.97,39581381.88,MONTHLY,ACTIVE,2,True,3073102.91,197
POL000003251,CUS00011924,TRAVEL,PRV5,2023-04-04,2043-03-30,2027-04-03,1449354.94,35308667.67,ANNUAL,ACTIVE,2,True,3073102.91,197
POL000003252,CUS00011935,LIFE,PRV4,2025-08-09,2026-08-09,2027-08-09,1205682.8,26992968.95,ANNUAL,LAPSED,1,False,0.0,
POL000003253,CUS00011939,HEALTH,PRV3,2022-08-30,2023-08-30,2027-08-29,19733075.89,412325011.92,ANNUAL,LAPSED,2,True,32359739.77,338
POL000003254,CUS00011939,HEALTH,PRV4,2023-08-05,2043-07-31,2027-08-04,32359739.77,750898644.33,ANNUAL,ACTIVE,2,True,32359739.77,338
POL000003255,CUS00011940,HOME,PRV2,2023-02-11,2024-02-11,2027-02-10,5094124.67,51234240.49,MONTHLY,LAPSED,2,True,5419872.24,239
POL000003256,CUS00011940,LIFE,PRV3,2026-04-27,2027-04-27,2027-04-27,5419872.24,131470359.82,ANNUAL,ACTIVE,2,True,5419872.24,239
POL000003257,CUS00011946,HEALTH,PRV2,2022-10-11,2023-10-11,2026-10-10,118368.18,1678011.18,MONTHLY,LAPSED,2,True,293343.97,256
POL000003258,CUS00011946,LIFE,PRV5,2025-05-14,2030-05-13,2027-05-14,293343.97,7140875.07,ANNUAL,ACTIVE,2,True,293343.97,256
POL000003259,CUS00011951,LIFE,PRV3,2022-09-10,2032-09-07,2026-09-09,9028542.55,143570572.53,ANNUAL,ACTIVE,1,True,9028542.55,9
POL000003260,CUS00011952,LIFE,PRV5,2024-09-16,2044-09-11,2026-09-16,219436.72,2551209.73,ANNUAL,ACTIVE,1,True,219436.72,16
POL000003261,CUS00011956,LIFE,PRV3,2025-10-21,2045-10-16,2026-10-21,247926.78,5461582.95,ANNUAL,ACTIVE,1,True,247926.78,51
POL000003262,CUS00011957,HEALTH,PRV1,2026-05-09,2031-05-08,2027-05-09,5308974.45,126071366.13,ANNUAL,ACTIVE,2,True,9481088.41,251
POL000003263,CUS00011957,LIFE,PRV1,2026-06-11,2027-06-11,2027-06-11,4172113.96,86719037.04,MONTHLY,ACTIVE,2,True,9481088.41,251
POL000003264,CUS00011960,LIFE,PRV2,2026-06-22,2046-06-17,2027-06-22,375335.52,3557340.71,ANNUAL,ACTIVE,1,True,375335.52,295
POL000003265,CUS00011964,HOME,PRV2,2023-07-08,2043-07-03,2027-07-07,3345279.52,70529837.71,ANNUAL,ACTIVE,2,True,3345279.52,310
POL000003266,CUS00011964,HEALTH,PRV3,2022-12-20,2023-12-20,2026-12-19,3457668.33,40360880.76,MONTHLY,LAPSED,2,True,3345279.52,310
POL000003267,CUS00011971,MOTOR,PRV1,2026-07-29,2046-07-24,2027-07-29,1000288.95,20280834.81,MONTHLY,ACTIVE,1,True,1000288.95,332
POL000003268,CUS00011972,MOTOR,PRV5,2023-03-30,2024-03-29,2027-03-29,7478222.74,143472178.74,ANNUAL,LAPSED,1,False,0.0,
POL000003269,CUS00011977,HEALTH,PRV4,2025-07-27,2026-07-27,2027-07-27,6780930.27,54263610.95,QUARTERLY,LAPSED,1,False,0.0,
POL000003270,CUS00011980,HEALTH,PRV2,2025-07-10,2030-07-09,2027-07-10,405118.19,3527096.84,ANNUAL,ACTIVE,1,True,405118.19,313
POL000003271,CUS00011981,LIFE,PRV2,2022-10-06,2023-10-06,2026-10-05,6651646.72,85351289.14,ANNUAL,LAPSED,1,False,0.0,
POL000003272,CUS00011982,HEALTH,PRV1,2023-07-14,2028-07-12,2027-07-13,1125425.32,16329686.46,MONTHLY,ACTIVE,2,True,1666102.96,27
POL000003273,CUS00011982,LIFE,PRV2,2022-09-28,2032-09-25,2026-09-27,540677.64,7025310.3,ANNUAL,ACTIVE,2,True,1666102.96,27
POL000003274,CUS00011988,HEALTH,PRV2,2024-02-06,2029-02-04,2027-02-05,409014.35,3479799.86,MONTHLY,ACTIVE,1,True,409014.35,158
POL000003275,CUS00011990,TRAVEL,PRV4,2024-01-12,2029-01-10,2027-01-11,6073112.61,113670193.16,QUARTERLY,ACTIVE,1,True,6073112.61,133
POL000003276,CUS00012010,TRAVEL,PRV5,2025-03-05,2030-03-04,2027-03-05,17877953.87,208499712.99,ANNUAL,ACTIVE,1,True,17877953.87,186
POL000003277,CUS00012012,HEALTH,PRV4,2022-10-29,2027-10-28,2026-10-28,2363103.79,21523694.52,MONTHLY,ACTIVE,2,True,4572144.9,58
POL000003278,CUS00012012,TRAVEL,PRV5,2024-05-27,2029-05-26,2027-05-27,2209041.11,42418380.14,ANNUAL,ACTIVE,2,True,4572144.9,58
POL000003279,CUS00012015,HEALTH,PRV5,2024-09-01,2029-08-31,2026-09-01,3084081.04,39219853.33,ANNUAL,ACTIVE,1,True,3084081.04,1
POL000003280,CUS00012017,HOME,PRV1,2026-01-12,2027-01-12,2027-01-12,358782.97,8908100.69,QUARTERLY,ACTIVE,2,True,810608.66,134
POL000003281,CUS00012017,HOME,PRV5,2023-04-29,2033-04-26,2027-04-28,451825.69,6275024.55,ANNUAL,ACTIVE,2,True,810608.66,134
POL000003282,CUS00012020,HOME,PRV5,2023-11-16,2028-11-14,2026-11-15,2034481.48,26386093.06,QUARTERLY,ACTIVE,1,True,2034481.48,76
POL000003283,CUS00012023,LIFE,PRV1,2023-07-30,2024-07-29,2027-07-29,268673.42,2897901.38,MONTHLY,LAPSED,1,False,0.0,
POL000003284,CUS00012024,HEALTH,PRV1,2022-09-15,2032-09-12,2026-09-14,1025663.54,15756098.17,MONTHLY,ACTIVE,1,True,1025663.54,14
POL000003285,CUS00012030,HEALTH,PRV2,2022-09-01,2023-09-01,2027-08-31,1606900.83,18766421.75,MONTHLY,LAPSED,1,False,0.0,
POL000003286,CUS00012036,LIFE,PRV5,2024-03-30,2044-03-25,2027-03-30,332201.91,8109632.15,ANNUAL,ACTIVE,1,True,332201.91,211
POL000003287,CUS00012042,MOTOR,PRV4,2023-04-18,2043-04-13,2027-04-17,3137440.81,71003869.44,ANNUAL,ACTIVE,2,True,3137440.81,229
POL000003288,CUS00012042,LIFE,PRV1,2023-07-08,2024-07-07,2027-07-07,1694548.05,20195350.71,QUARTERLY,LAPSED,2,True,3137440.81,229
POL000003289,CUS00012046,HOME,PRV4,2023-03-12,2043-03-07,2027-03-11,760995.99,15214864.34,ANNUAL,ACTIVE,1,True,760995.99,192
POL000003290,CUS00012049,MOTOR,PRV2,2025-01-20,2026-01-20,2027-01-20,8792676.2,174295614.73,MONTHLY,LAPSED,1,False,0.0,
POL000003291,CUS00012051,LIFE,PRV5,2023-11-19,2024-11-18,2026-11-18,218350.22,5049297.6,ANNUAL,LAPSED,1,False,0.0,
POL000003292,CUS00012052,LIFE,PRV1,2025-05-11,2030-05-10,2027-05-11,1507252.74,12783644.42,ANNUAL,ACTIVE,1,True,1507252.74,253
POL000003293,CUS00012053,LIFE,PRV1,2025-05-26,2035-05-24,2027-05-26,3540179.12,77847699.98,ANNUAL,ACTIVE,2,True,3540179.12,268
POL000003294,CUS00012053,MOTOR,PRV5,2023-02-28,2024-02-28,2027-02-27,5798909.38,131107676.12,ANNUAL,LAPSED,2,True,3540179.12,268
POL000003295,CUS00012056,HEALTH,PRV4,2023-09-19,2033-09-16,2026-09-18,830798.13,17192109.12,ANNUAL,ACTIVE,1,True,830798.13,18
POL000003296,CUS00012065,LIFE,PRV2,2025-07-23,2045-07-18,2027-07-23,1315947.13,31110859.6,ANNUAL,ACTIVE,1,True,1315947.13,326
POL000003297,CUS00012066,LIFE,PRV2,2026-01-11,2027-01-11,2027-01-11,3993253.7,66663335.1,ANNUAL,ACTIVE,2,True,10049694.59,133
POL000003298,CUS00012066,TRAVEL,PRV4,2024-03-12,2034-03-10,2027-03-12,6056440.89,49178488.13,ANNUAL,ACTIVE,2,True,10049694.59,133
POL000003299,CUS00012070,TRAVEL,PRV4,2022-08-11,2023-08-11,2027-08-10,191794.03,4057257.18,QUARTERLY,LAPSED,1,False,0.0,
POL000003300,CUS00012084,HOME,PRV4,2026-04-23,2031-04-22,2027-04-23,2975229.19,67137458.31,QUARTERLY,ACTIVE,2,True,9414048.4,231
POL000003301,CUS00012084,LIFE,PRV2,2024-04-19,2029-04-18,2027-04-19,6438819.21,87711690.36,ANNUAL,ACTIVE,2,True,9414048.4,231
POL000003302,CUS00012086,MOTOR,PRV3,2023-02-22,2043-02-17,2027-02-21,74463.53,1155543.22,ANNUAL,ACTIVE,2,True,167155.24,174
POL000003303,CUS00012086,LIFE,PRV5,2025-08-09,2035-08-07,2027-08-09,92691.71,2081586.41,ANNUAL,ACTIVE,2,True,167155.24,174
POL000003304,CUS00012090,MOTOR,PRV1,2024-09-26,2034-09-24,2026-09-26,9756648.94,110935959.8,ANNUAL,ACTIVE,1,True,9756648.94,26
POL000003305,CUS00012091,TRAVEL,PRV5,2025-02-20,2035-02-18,2027-02-20,665411.38,7709454.63,ANNUAL,ACTIVE,1,True,665411.38,173
POL000003306,CUS00012099,LIFE,PRV3,2025-07-20,2035-07-18,2027-07-20,1596400.08,30274962.02,QUARTERLY,ACTIVE,1,True,1596400.08,323
POL000003307,CUS00012105,TRAVEL,PRV1,2025-01-25,2026-01-25,2027-01-25,2611094.77,26598285.56,MONTHLY,LAPSED,1,False,0.0,
POL000003308,CUS00012110,MOTOR,PRV4,2026-07-22,2046-07-17,2027-07-22,1810262.63,42125315.76,MONTHLY,ACTIVE,1,True,1810262.63,325
POL000003309,CUS00012111,MOTOR,PRV4,2024-05-25,2044-05-20,2027-05-25,735588.92,8587895.21,MONTHLY,ACTIVE,1,True,735588.92,267
POL000003310,CUS00012113,MOTOR,PRV3,2023-09-27,2028-09-25,2026-09-26,2114810.97,50110497.96,ANNUAL,ACTIVE,1,True,2114810.97,26
POL000003311,CUS00012118,HEALTH,PRV4,2024-04-08,2034-04-06,2027-04-08,15848584.47,285516953.34,ANNUAL,ACTIVE,2,True,46135717.22,132
POL000003312,CUS00012118,LIFE,PRV3,2025-01-10,2035-01-08,2027-01-10,30287132.75,326423909.66,ANNUAL,ACTIVE,2,True,46135717.22,132
POL000003313,CUS00012122,LIFE,PRV3,2022-10-28,2023-10-28,2026-10-27,6575848.02,134227503.85,ANNUAL,LAPSED,1,False,0.0,
POL000003314,CUS00012124,LIFE,PRV2,2025-01-28,2026-01-28,2027-01-28,96067.63,1657272.07,QUARTERLY,LAPSED,2,True,363131.59,124
POL000003315,CUS00012124,HEALTH,PRV2,2026-01-02,2031-01-01,2027-01-02,363131.59,5730007.21,MONTHLY,ACTIVE,2,True,363131.59,124
POL000003316,CUS00012126,MOTOR,PRV4,2023-05-01,2043-04-26,2027-04-30,486576.79,5509221.91,MONTHLY,ACTIVE,1,True,486576.79,242
POL000003317,CUS00012135,HEALTH,PRV5,2025-01-24,2045-01-19,2027-01-24,13614154.53,198467920.58,QUARTERLY,ACTIVE,1,True,13614154.53,146
POL000003318,CUS00012138,LIFE,PRV4,2025-12-14,2045-12-09,2026-12-14,693353.3,12324918.33,ANNUAL,ACTIVE,1,True,693353.3,105
POL000003319,CUS00012140,LIFE,PRV4,2025-04-21,2045-04-16,2027-04-21,419584.91,5431008.53,ANNUAL,ACTIVE,1,True,419584.91,233
POL000003320,CUS00012141,LIFE,PRV4,2024-09-23,2025-09-23,2026-09-23,412724.22,4952058.13,QUARTERLY,LAPSED,1,False,0.0,
POL000003321,CUS00012144,LIFE,PRV3,2023-08-08,2043-08-03,2027-08-07,6323359.89,134598618.83,MONTHLY,ACTIVE,1,True,6323359.89,341
POL000003322,CUS00012151,HEALTH,PRV2,2025-10-09,2026-10-09,2026-10-09,848355.78,11976524.92,ANNUAL,ACTIVE,1,True,848355.78,39
POL000003323,CUS00012159,HEALTH,PRV3,2024-12-02,2034-11-30,2026-12-02,16560336.04,361754843.23,ANNUAL,ACTIVE,2,True,16560336.04,93
POL000003324,CUS00012159,HEALTH,PRV2,2023-06-01,2024-05-31,2027-05-31,8287582.63,101872540.04,MONTHLY,LAPSED,2,True,16560336.04,93
POL000003325,CUS00012163,LIFE,PRV5,2023-08-12,2033-08-09,2027-08-11,10395913.08,206152976.67,ANNUAL,ACTIVE,1,True,10395913.08,345
POL000003326,CUS00012167,LIFE,PRV4,2025-03-11,2030-03-10,2027-03-11,338941.44,6791479.82,QUARTERLY,ACTIVE,1,True,338941.44,192
POL000003327,CUS00012173,LIFE,PRV4,2026-02-24,2027-02-24,2027-02-24,4207559.73,85053555.19,QUARTERLY,ACTIVE,1,True,4207559.73,177
POL000003328,CUS00012178,HEALTH,PRV3,2023-02-13,2028-02-12,2027-02-12,147426.74,2680724.21,ANNUAL,ACTIVE,1,True,147426.74,165
POL000003329,CUS00012183,MOTOR,PRV3,2023-07-20,2033-07-17,2027-07-19,573116.62,13495407.86,QUARTERLY,ACTIVE,1,True,573116.62,322
POL000003330,CUS00012184,TRAVEL,PRV3,2024-07-12,2029-07-11,2027-07-12,738571.81,15854112.01,ANNUAL,ACTIVE,1,True,738571.81,315
POL000003331,CUS00012186,MOTOR,PRV2,2024-11-20,2034-11-18,2026-11-20,395931.68,7455420.41,QUARTERLY,ACTIVE,1,True,395931.68,81
POL000003332,CUS00012191,HEALTH,PRV2,2025-03-06,2026-03-06,2027-03-06,288275.17,3342477.07,ANNUAL,LAPSED,1,False,0.0,
POL000003333,CUS00012195,MOTOR,PRV4,2025-05-05,2030-05-04,2027-05-05,2357254.69,47113153.28,MONTHLY,ACTIVE,2,True,3292869.7,247
POL000003334,CUS00012195,HEALTH,PRV4,2023-08-20,2028-08-18,2027-08-19,935615.01,12208255.97,QUARTERLY,ACTIVE,2,True,3292869.7,247
POL000003335,CUS00012202,HEALTH,PRV2,2024-09-06,2034-09-04,2026-09-06,3589092.49,87063910.02,MONTHLY,ACTIVE,1,True,3589092.49,6
POL000003336,CUS00012210,LIFE,PRV1,2024-10-18,2034-10-16,2026-10-18,375408.07,3448345.47,QUARTERLY,ACTIVE,2,True,375408.07,48
POL000003337,CUS00012210,MOTOR,PRV2,2024-11-30,2025-11-30,2026-11-30,820292.04,16991759.59,MONTHLY,LAPSED,2,True,375408.07,48
POL000003338,CUS00012211,HEALTH,PRV4,2024-01-21,2029-01-19,2027-01-20,789980.32,10637997.04,ANNUAL,ACTIVE,2,True,1363676.86,4
POL000003339,CUS00012211,HEALTH,PRV3,2022-09-05,2027-09-04,2026-09-04,573696.54,11438888.85,MONTHLY,ACTIVE,2,True,1363676.86,4
POL000003340,CUS00012221,HEALTH,PRV5,2024-03-14,2029-03-13,2027-03-14,822320.37,20184028.05,ANNUAL,ACTIVE,1,True,822320.37,195
POL000003341,CUS00012223,LIFE,PRV2,2023-04-28,2028-04-26,2027-04-27,680616.02,15020770.1,MONTHLY,ACTIVE,1,True,680616.02,239
POL000003342,CUS00012224,HOME,PRV5,2024-11-24,2044-11-19,2026-11-24,1422034.65,12029513.67,MONTHLY,ACTIVE,1,True,1422034.65,85
POL000003343,CUS00012229,LIFE,PRV1,2026-05-08,2027-05-08,2027-05-08,1090371.22,25488517.46,QUARTERLY,ACTIVE,1,True,1090371.22,250
POL000003344,CUS00012232,LIFE,PRV1,2023-08-26,2028-08-24,2027-08-25,725148.64,12564210.07,MONTHLY,ACTIVE,2,True,1315794.57,55
POL000003345,CUS00012232,HEALTH,PRV1,2022-10-26,2027-10-25,2026-10-25,590645.93,14406730.43,ANNUAL,ACTIVE,2,True,1315794.57,55
POL000003346,CUS00012238,MOTOR,PRV2,2026-05-20,2046-05-15,2027-05-20,2296330.55,56732005.99,QUARTERLY,ACTIVE,1,True,2296330.55,262
POL000003347,CUS00012242,HEALTH,PRV4,2025-02-08,2026-02-08,2027-02-08,438907.58,9973606.52,ANNUAL,LAPSED,1,False,0.0,
POL000003348,CUS00012244,HEALTH,PRV3,2025-08-16,2026-08-16,2027-08-16,736111.81,11132130.37,ANNUAL,LAPSED,1,False,0.0,
POL000003349,CUS00012246,LIFE,PRV5,2023-02-07,2033-02-04,2027-02-06,382866.6,5213802.37,ANNUAL,ACTIVE,2,True,735193.72,101
POL000003350,CUS00012246,HEALTH,PRV5,2025-12-10,2035-12-08,2026-12-10,352327.12,3110473.96,ANNUAL,ACTIVE,2,True,735193.72,101
POL000003351,CUS00012247,MOTOR,PRV2,2025-06-11,2035-06-09,2027-06-11,2472189.97,31842907.73,ANNUAL,ACTIVE,1,True,2472189.97,284
POL000003352,CUS00012251,TRAVEL,PRV1,2023-02-14,2028-02-13,2027-02-13,6203118.72,115370505.76,ANNUAL,ACTIVE,1,True,6203118.72,166
POL000003353,CUS00012267,HEALTH,PRV4,2023-04-08,2033-04-05,2027-04-07,5102158.67,107099547.18,QUARTERLY,ACTIVE,1,True,5102158.67,219
POL000003354,CUS00012269,HEALTH,PRV3,2024-04-15,2025-04-15,2027-04-15,31246966.35,441160960.62,ANNUAL,LAPSED,1,False,0.0,
POL000003355,CUS00012270,LIFE,PRV5,2024-07-11,2044-07-06,2027-07-11,555440.01,7033187.86,ANNUAL,ACTIVE,1,True,555440.01,314
POL000003356,CUS00012271,LIFE,PRV3,2023-06-03,2033-05-31,2027-06-02,230846.95,3452007.14,QUARTERLY,ACTIVE,1,True,230846.95,275
POL000003357,CUS00012276,HEALTH,PRV4,2024-02-04,2025-02-03,2027-02-03,645891.07,7362784.73,QUARTERLY,LAPSED,1,False,0.0,
POL000003358,CUS00012277,LIFE,PRV5,2024-10-19,2034-10-17,2026-10-19,596272.36,9886098.39,ANNUAL,ACTIVE,1,True,596272.36,49
POL000003359,CUS00012278,LIFE,PRV3,2024-04-20,2034-04-18,2027-04-20,8422909.77,205699620.09,ANNUAL,ACTIVE,2,True,19673848.41,23
POL000003360,CUS00012278,MOTOR,PRV5,2025-09-23,2045-09-18,2026-09-23,11250938.64,117153179.43,MONTHLY,ACTIVE,2,True,19673848.41,23
POL000003361,CUS00012279,HEALTH,PRV1,2023-06-23,2028-06-21,2027-06-22,449735.16,4625530.59,QUARTERLY,ACTIVE,1,True,449735.16,295
POL000003362,CUS00012282,HEALTH,PRV1,2024-06-24,2034-06-22,2027-06-24,4853761.91,108208365.3,MONTHLY,ACTIVE,1,True,4853761.91,297
POL000003363,CUS00012285,HEALTH,PRV3,2022-09-13,2027-09-12,2026-09-12,4920422.44,99976222.6,ANNUAL,ACTIVE,1,True,4920422.44,12
POL000003364,CUS00012287,HEALTH,PRV3,2024-10-04,2025-10-04,2026-10-04,1113215.64,23682666.19,ANNUAL,LAPSED,1,False,0.0,
POL000003365,CUS00012293,HOME,PRV5,2023-01-05,2028-01-04,2027-01-04,7488476.49,85066519.1,MONTHLY,ACTIVE,2,True,20429497.87,126
POL000003366,CUS00012293,LIFE,PRV3,2023-06-13,2033-06-10,2027-06-12,12941021.38,106002470.85,ANNUAL,ACTIVE,2,True,20429497.87,126
POL000003367,CUS00012298,HOME,PRV4,2026-03-12,2027-03-12,2027-03-12,162308.2,1477186.09,ANNUAL,ACTIVE,1,True,162308.2,193
POL000003368,CUS00012304,HEALTH,PRV5,2024-01-29,2034-01-26,2027-01-28,937201.54,11603070.75,QUARTERLY,ACTIVE,2,True,1886037.67,150
POL000003369,CUS00012304,HEALTH,PRV5,2025-04-20,2045-04-15,2027-04-20,948836.13,15739482.1,ANNUAL,ACTIVE,2,True,1886037.67,150
POL000003370,CUS00012329,HEALTH,PRV3,2025-06-19,2045-06-14,2027-06-19,451459.05,3644987.82,ANNUAL,ACTIVE,1,True,451459.05,292
POL000003371,CUS00012345,TRAVEL,PRV3,2025-12-13,2045-12-08,2026-12-13,4733773.66,66960723.2,ANNUAL,ACTIVE,1,True,4733773.66,104
POL000003372,CUS00012353,HEALTH,PRV2,2023-01-23,2024-01-23,2027-01-22,1343211.71,28092629.03,ANNUAL,LAPSED,2,True,1124433.39,67
POL000003373,CUS00012353,MOTOR,PRV4,2024-11-06,2044-11-01,2026-11-06,1124433.39,21734257.89,QUARTERLY,ACTIVE,2,True,1124433.39,67
POL000003374,CUS00012354,LIFE,PRV5,2024-08-25,2044-08-20,2027-08-25,2814540.57,38985119.7,MONTHLY,ACTIVE,1,True,2814540.57,359
POL000003375,CUS00012358,HEALTH,PRV2,2026-02-02,2027-02-02,2027-02-02,200098.28,1951252.27,QUARTERLY,ACTIVE,1,True,200098.28,155
POL000003376,CUS00012359,TRAVEL,PRV2,2026-07-17,2031-07-16,2027-07-17,214763.58,3711022.67,ANNUAL,ACTIVE,1,True,214763.58,320
POL000003377,CUS00012363,HEALTH,PRV1,2025-03-13,2026-03-13,2027-03-13,2572415.86,40052558.93,ANNUAL,LAPSED,1,False,0.0,
POL000003378,CUS00012364,MOTOR,PRV1,2022-09-22,2042-09-17,2026-09-21,1037749.29,12947277.9,MONTHLY,ACTIVE,1,True,1037749.29,21
POL000003379,CUS00012368,HEALTH,PRV2,2023-02-16,2033-02-13,2027-02-15,40873393.26,418763322.43,MONTHLY,ACTIVE,1,True,40873393.26,168
POL000003380,CUS00012373,LIFE,PRV5,2024-12-06,2034-12-04,2026-12-06,359820.99,3665898.52,MONTHLY,ACTIVE,1,True,359820.99,97
POL000003381,CUS00012375,LIFE,PRV5,2023-02-14,2028-02-13,2027-02-13,2821565.67,52575823.68,ANNUAL,ACTIVE,1,True,2821565.67,166
POL000003382,CUS00012377,TRAVEL,PRV1,2025-05-05,2030-05-04,2027-05-05,2103932.64,39148105.58,ANNUAL,ACTIVE,1,True,2103932.64,247
POL000003383,CUS00012379,LIFE,PRV3,2022-10-16,2027-10-15,2026-10-15,933764.97,15143848.38,ANNUAL,ACTIVE,1,True,933764.97,45
POL000003384,CUS00012382,HEALTH,PRV1,2023-04-15,2043-04-10,2027-04-14,17918107.58,227698220.74,ANNUAL,ACTIVE,1,True,17918107.58,226
POL000003385,CUS00012383,TRAVEL,PRV1,2023-07-22,2024-07-21,2027-07-21,5688536.23,71056226.27,QUARTERLY,LAPSED,1,False,0.0,
POL000003386,CUS00012390,MOTOR,PRV1,2026-01-02,2027-01-02,2027-01-02,14211023.37,324285704.38,ANNUAL,ACTIVE,1,True,14211023.37,124
POL000003387,CUS00012393,LIFE,PRV3,2023-02-04,2033-02-01,2027-02-03,1752666.73,28132486.76,ANNUAL,ACTIVE,1,True,1752666.73,156
POL000003388,CUS00012397,LIFE,PRV3,2023-08-14,2043-08-09,2027-08-13,5826049.79,74094689.14,MONTHLY,ACTIVE,1,True,5826049.79,347
POL000003389,CUS00012409,LIFE,PRV3,2026-05-29,2046-05-24,2027-05-29,555694.8,11256795.53,ANNUAL,ACTIVE,1,True,555694.8,271
POL000003390,CUS00012410,MOTOR,PRV4,2025-03-04,2045-02-27,2027-03-04,26886455.89,409180489.91,MONTHLY,ACTIVE,1,True,26886455.89,185
POL000003391,CUS00012411,LIFE,PRV4,2026-03-04,2031-03-03,2027-03-04,829652.07,20131214.67,QUARTERLY,ACTIVE,1,True,829652.07,185
POL000003392,CUS00012412,TRAVEL,PRV5,2024-09-05,2025-09-05,2026-09-05,891218.3,10563965.7,ANNUAL,LAPSED,1,False,0.0,
POL000003393,CUS00012417,HEALTH,PRV4,2023-07-20,2043-07-15,2027-07-19,2496176.8,38377912.31,ANNUAL,ACTIVE,2,True,3107792.87,52
POL000003394,CUS00012417,HEALTH,PRV1,2022-10-23,2032-10-20,2026-10-22,611616.07,8111846.18,ANNUAL,ACTIVE,2,True,3107792.87,52
POL000003395,CUS00012422,HEALTH,PRV1,2025-01-07,2026-01-07,2027-01-07,294703.16,6167255.56,MONTHLY,LAPSED,1,False,0.0,
POL000003396,CUS00012424,HEALTH,PRV4,2024-08-31,2029-08-30,2027-08-31,629105.35,13161253.48,ANNUAL,ACTIVE,1,True,629105.35,365
POL000003397,CUS00012426,HEALTH,PRV2,2023-02-05,2024-02-05,2027-02-04,950352.54,22396708.77,ANNUAL,LAPSED,1,False,0.0,
POL000003398,CUS00012428,HEALTH,PRV4,2025-04-15,2045-04-10,2027-04-15,255825.18,2841279.92,ANNUAL,ACTIVE,1,True,255825.18,227
POL000003399,CUS00012432,HEALTH,PRV3,2022-08-07,2023-08-07,2027-08-06,1077819.58,15828404.31,MONTHLY,LAPSED,1,False,0.0,
POL000003400,CUS00012433,HOME,PRV5,2025-08-26,2026-08-26,2027-08-26,393567.61,6726414.22,MONTHLY,LAPSED,1,False,0.0,
POL000003401,CUS00012437,LIFE,PRV2,2025-02-17,2030-02-16,2027-02-17,1445424.03,13933024.99,QUARTERLY,ACTIVE,1,True,1445424.03,170
POL000003402,CUS00012440,LIFE,PRV4,2024-07-05,2029-07-04,2027-07-05,3285161.99,71912765.47,ANNUAL,ACTIVE,1,True,3285161.99,308
POL000003403,CUS00012442,HEALTH,PRV2,2023-02-08,2028-02-07,2027-02-07,2970129.59,70977106.94,ANNUAL,ACTIVE,1,True,2970129.59,160
POL000003404,CUS00012446,MOTOR,PRV3,2024-05-14,2044-05-09,2027-05-14,21376535.61,321054582.36,ANNUAL,ACTIVE,2,True,26635037.08,48
POL000003405,CUS00012446,HEALTH,PRV5,2023-10-19,2033-10-16,2026-10-18,5258501.47,117220467.11,ANNUAL,ACTIVE,2,True,26635037.08,48
POL000003406,CUS00012452,LIFE,PRV4,2023-12-09,2028-12-07,2026-12-08,6069987.28,63013975.36,QUARTERLY,ACTIVE,1,True,6069987.28,99
POL000003407,CUS00012462,HEALTH,PRV3,2024-03-10,2029-03-09,2027-03-10,303778.4,4728297.68,QUARTERLY,ACTIVE,2,True,415277.14,191
POL000003408,CUS00012462,HEALTH,PRV5,2025-06-19,2035-06-17,2027-06-19,111498.74,1893832.48,ANNUAL,ACTIVE,2,True,415277.14,191
POL000003409,CUS00012465,HEALTH,PRV4,2024-01-13,2034-01-10,2027-01-12,1592390.62,14225967.36,MONTHLY,ACTIVE,1,True,1592390.62,134
POL000003410,CUS00012468,LIFE,PRV1,2022-11-08,2023-11-08,2026-11-07,748101.7,10513458.63,QUARTERLY,LAPSED,1,False,0.0,
POL000003411,CUS00012470,HEALTH,PRV5,2023-08-13,2028-08-11,2027-08-12,688047.0,11557796.66,ANNUAL,ACTIVE,1,True,688047.0,346
POL000003412,CUS00012474,MOTOR,PRV4,2023-04-26,2043-04-21,2027-04-25,3574926.13,53511281.07,ANNUAL,ACTIVE,2,True,5913347.91,237
POL000003413,CUS00012474,TRAVEL,PRV3,2026-07-01,2027-07-01,2027-07-01,2338421.78,50324669.87,QUARTERLY,ACTIVE,2,True,5913347.91,237
POL000003414,CUS00012481,HEALTH,PRV3,2025-08-05,2030-08-04,2027-08-05,2482373.65,48131659.76,ANNUAL,ACTIVE,2,True,6835525.21,271
POL000003415,CUS00012481,HEALTH,PRV1,2024-05-29,2034-05-27,2027-05-29,4353151.56,91435019.18,ANNUAL,ACTIVE,2,True,6835525.21,271
POL000003416,CUS00012482,LIFE,PRV3,2023-06-23,2024-06-22,2027-06-22,631768.35,12206827.13,ANNUAL,LAPSED,1,False,0.0,
POL000003417,CUS00012484,TRAVEL,PRV2,2025-10-12,2030-10-11,2026-10-12,1067142.74,18280678.63,ANNUAL,ACTIVE,1,True,1067142.74,42
POL000003418,CUS00012485,MOTOR,PRV2,2022-12-09,2032-12-06,2026-12-08,209230.96,2850435.21,ANNUAL,ACTIVE,1,True,209230.96,99
POL000003419,CUS00012487,HEALTH,PRV4,2024-07-20,2034-07-18,2027-07-20,624614.95,8398365.1,MONTHLY,ACTIVE,1,True,624614.95,323
POL000003420,CUS00012488,MOTOR,PRV2,2024-10-27,2044-10-22,2026-10-27,7894583.53,138901449.76,MONTHLY,ACTIVE,1,True,7894583.53,57
POL000003421,CUS00012499,MOTOR,PRV3,2025-08-27,2030-08-26,2027-08-27,1151076.53,10884379.02,MONTHLY,ACTIVE,1,True,1151076.53,361
POL000003422,CUS00012505,HOME,PRV5,2025-08-28,2035-08-26,2027-08-28,3951298.03,61382042.06,ANNUAL,ACTIVE,1,True,3951298.03,362
POL000003423,CUS00012523,HOME,PRV4,2022-10-24,2023-10-24,2026-10-23,167766.31,2838213.87,MONTHLY,LAPSED,1,False,0.0,
POL000003424,CUS00012524,LIFE,PRV3,2025-01-27,2026-01-27,2027-01-27,390623.52,6912303.49,MONTHLY,LAPSED,1,False,0.0,
POL000003425,CUS00012528,LIFE,PRV2,2026-06-02,2027-06-02,2027-06-02,999453.93,11212256.14,MONTHLY,ACTIVE,2,True,2036494.88,9
POL000003426,CUS00012528,LIFE,PRV3,2022-09-10,2027-09-09,2026-09-09,1037040.95,17811062.22,MONTHLY,ACTIVE,2,True,2036494.88,9
POL000003427,CUS00012542,HEALTH,PRV3,2022-07-24,2023-07-24,2027-07-23,2198084.18,50105873.34,QUARTERLY,LAPSED,1,False,0.0,
POL000003428,CUS00012543,LIFE,PRV3,2024-03-16,2025-03-16,2027-03-16,242436.99,5484589.01,QUARTERLY,LAPSED,1,False,0.0,
POL000003429,CUS00012547,LIFE,PRV4,2023-02-23,2043-02-18,2027-02-22,2148129.29,38677259.44,QUARTERLY,ACTIVE,2,True,3422501.29,175
POL000003430,CUS00012547,LIFE,PRV1,2026-04-10,2036-04-07,2027-04-10,1274372.0,19997537.0,ANNUAL,ACTIVE,2,True,3422501.29,175
POL000003431,CUS00012554,LIFE,PRV5,2024-07-21,2044-07-16,2027-07-21,5201738.04,81829245.82,ANNUAL,ACTIVE,2,True,5201738.04,324
POL000003432,CUS00012554,HEALTH,PRV5,2025-05-22,2026-05-22,2027-05-22,3525191.01,87509081.85,QUARTERLY,LAPSED,2,True,5201738.04,324
POL000003433,CUS00012564,LIFE,PRV4,2024-05-09,2029-05-08,2027-05-09,1004248.79,16217665.6,ANNUAL,ACTIVE,1,True,1004248.79,251
POL000003434,CUS00012567,LIFE,PRV1,2023-10-14,2028-10-12,2026-10-13,669326.73,7561710.0,ANNUAL,ACTIVE,1,True,669326.73,43
POL000003435,CUS00012568,MOTOR,PRV4,2026-01-27,2031-01-26,2027-01-27,29874646.99,469583220.3,ANNUAL,ACTIVE,1,True,29874646.99,149
POL000003436,CUS00012580,LIFE,PRV4,2023-11-01,2043-10-27,2026-10-31,838106.8,16445280.91,ANNUAL,ACTIVE,1,True,838106.8,61
POL000003437,CUS00012585,LIFE,PRV2,2023-04-08,2043-04-03,2027-04-07,980200.33,10569853.78,ANNUAL,ACTIVE,1,True,980200.33,219
POL000003438,CUS00012588,TRAVEL,PRV5,2024-02-11,2025-02-10,2027-02-10,1209709.47,14850024.12,MONTHLY,LAPSED,1,False,0.0,
POL000003439,CUS00012589,HEALTH,PRV2,2025-07-14,2026-07-14,2027-07-14,385603.9,7137113.25,QUARTERLY,LAPSED,2,False,0.0,
POL000003440,CUS00012589,LIFE,PRV4,2024-07-27,2025-07-27,2027-07-27,463946.4,3871796.97,MONTHLY,LAPSED,2,False,0.0,
POL000003441,CUS00012596,HEALTH,PRV4,2022-09-09,2032-09-06,2026-09-08,343826.06,4226205.14,MONTHLY,ACTIVE,1,True,343826.06,8
POL000003442,CUS00012597,LIFE,PRV5,2025-10-14,2035-10-12,2026-10-14,777597.58,11621085.41,QUARTERLY,ACTIVE,1,True,777597.58,44
POL000003443,CUS00012598,HEALTH,PRV4,2023-05-10,2028-05-08,2027-05-09,5515322.29,109889497.47,ANNUAL,ACTIVE,1,True,5515322.29,251
POL000003444,CUS00012601,TRAVEL,PRV4,2023-12-21,2043-12-16,2026-12-20,913576.51,9650086.53,QUARTERLY,ACTIVE,1,True,913576.51,111
POL000003445,CUS00012604,MOTOR,PRV1,2023-11-18,2043-11-13,2026-11-17,1915529.68,16153380.86,ANNUAL,ACTIVE,1,True,1915529.68,78
POL000003446,CUS00012605,TRAVEL,PRV4,2025-06-28,2026-06-28,2027-06-28,3911771.06,46885097.29,MONTHLY,LAPSED,1,False,0.0,
POL000003447,CUS00012608,LIFE,PRV4,2023-04-03,2043-03-29,2027-04-02,728027.38,9431787.61,QUARTERLY,ACTIVE,2,True,1245440.05,141
POL000003448,CUS00012608,HEALTH,PRV1,2023-01-20,2033-01-17,2027-01-19,517412.67,8956220.58,MONTHLY,ACTIVE,2,True,1245440.05,141
POL000003449,CUS00012609,LIFE,PRV1,2025-01-02,2030-01-01,2027-01-02,2946110.77,46441803.88,MONTHLY,ACTIVE,2,True,4615564.33,124
POL000003450,CUS00012609,HEALTH,PRV1,2023-07-18,2028-07-16,2027-07-17,1669453.56,41096044.33,ANNUAL,ACTIVE,2,True,4615564.33,124
POL000003451,CUS00012610,MOTOR,PRV2,2026-02-11,2046-02-06,2027-02-11,1444528.87,12653193.23,ANNUAL,ACTIVE,2,True,1444528.87,164
POL000003452,CUS00012610,LIFE,PRV1,2024-05-14,2025-05-14,2027-05-14,459275.52,11380749.06,MONTHLY,LAPSED,2,True,1444528.87,164
POL000003453,CUS00012615,LIFE,PRV3,2023-03-26,2028-03-24,2027-03-25,1046070.66,22904433.68,QUARTERLY,ACTIVE,1,True,1046070.66,206
POL000003454,CUS00012617,LIFE,PRV2,2024-09-18,2025-09-18,2026-09-18,2628877.83,63796918.45,ANNUAL,LAPSED,1,False,0.0,
POL000003455,CUS00012624,LIFE,PRV2,2026-01-05,2031-01-04,2027-01-05,788965.38,12739900.63,ANNUAL,ACTIVE,1,True,788965.38,127
POL000003456,CUS00012638,LIFE,PRV4,2025-01-20,2045-01-15,2027-01-20,944504.72,12317347.48,MONTHLY,ACTIVE,1,True,944504.72,142
POL000003457,CUS00012639,TRAVEL,PRV2,2025-04-24,2035-04-22,2027-04-24,461482.44,9962421.9,QUARTERLY,ACTIVE,1,True,461482.44,236
POL000003458,CUS00012640,HOME,PRV4,2023-07-08,2028-07-06,2027-07-07,2236961.13,40172946.56,MONTHLY,ACTIVE,1,True,2236961.13,310
POL000003459,CUS00012647,HOME,PRV3,2025-02-16,2045-02-11,2027-02-16,2210986.24,53543936.69,MONTHLY,ACTIVE,1,True,2210986.24,169
POL000003460,CUS00012648,LIFE,PRV1,2023-05-02,2043-04-27,2027-05-01,4902302.36,97316581.32,ANNUAL,ACTIVE,1,True,4902302.36,243
POL000003461,CUS00012650,TRAVEL,PRV5,2024-08-24,2044-08-19,2027-08-24,11235894.52,164127981.12,MONTHLY,ACTIVE,1,True,11235894.52,358
POL000003462,CUS00012657,LIFE,PRV2,2025-02-25,2045-02-20,2027-02-25,12735715.46,215725122.59,ANNUAL,ACTIVE,1,True,12735715.46,178
POL000003463,CUS00012659,MOTOR,PRV1,2024-04-30,2034-04-28,2027-04-30,1415932.0,27056396.89,QUARTERLY,ACTIVE,1,True,1415932.0,242
POL000003464,CUS00012675,MOTOR,PRV4,2022-08-04,2042-07-30,2027-08-03,1354733.78,29309725.64,MONTHLY,ACTIVE,1,True,1354733.78,337
POL000003465,CUS00012681,HEALTH,PRV3,2022-09-09,2042-09-04,2026-09-08,2745110.29,23963825.96,MONTHLY,ACTIVE,1,True,2745110.29,8
POL000003466,CUS00012682,LIFE,PRV1,2023-07-26,2024-07-25,2027-07-25,766302.6,16704249.86,QUARTERLY,LAPSED,1,False,0.0,
POL000003467,CUS00012688,MOTOR,PRV5,2023-05-01,2033-04-28,2027-04-30,1243997.06,11757168.64,ANNUAL,ACTIVE,1,True,1243997.06,242
POL000003468,CUS00012690,HEALTH,PRV2,2023-06-22,2024-06-21,2027-06-21,523828.73,11402358.46,MONTHLY,LAPSED,1,False,0.0,
POL000003469,CUS00012702,LIFE,PRV2,2026-01-14,2046-01-09,2027-01-14,1963206.89,20455334.99,ANNUAL,ACTIVE,1,True,1963206.89,136
POL000003470,CUS00012707,LIFE,PRV5,2025-06-14,2030-06-13,2027-06-14,975609.84,18477485.36,ANNUAL,ACTIVE,1,True,975609.84,287
POL000003471,CUS00012713,MOTOR,PRV3,2026-03-06,2031-03-05,2027-03-06,4191913.21,34866544.23,MONTHLY,ACTIVE,1,True,4191913.21,187
POL000003472,CUS00012720,LIFE,PRV2,2024-12-07,2044-12-02,2026-12-07,387713.72,4184078.44,MONTHLY,ACTIVE,1,True,387713.72,98
POL000003473,CUS00012721,LIFE,PRV3,2022-09-15,2023-09-15,2026-09-14,496855.76,11390640.45,QUARTERLY,LAPSED,1,False,0.0,
POL000003474,CUS00012722,LIFE,PRV2,2025-02-10,2030-02-09,2027-02-10,784307.81,12061676.92,ANNUAL,ACTIVE,1,True,784307.81,163
POL000003475,CUS00012730,TRAVEL,PRV5,2024-04-25,2029-04-24,2027-04-25,1608711.14,19927414.13,MONTHLY,ACTIVE,1,True,1608711.14,237
POL000003476,CUS00012731,MOTOR,PRV4,2025-09-05,2026-09-05,2026-09-05,2761422.16,39544807.44,ANNUAL,ACTIVE,2,True,8123162.98,5
POL000003477,CUS00012731,HEALTH,PRV2,2022-08-24,2027-08-23,2027-08-23,5361740.82,87261246.84,ANNUAL,ACTIVE,2,True,8123162.98,5
POL000003478,CUS00012737,HOME,PRV4,2026-07-12,2031-07-11,2027-07-12,600183.53,4965081.35,MONTHLY,ACTIVE,2,True,1109705.86,164
POL000003479,CUS00012737,LIFE,PRV5,2025-02-11,2035-02-09,2027-02-11,509522.33,12135589.19,ANNUAL,ACTIVE,2,True,1109705.86,164
POL000003480,CUS00012738,TRAVEL,PRV3,2024-10-24,2044-10-19,2026-10-24,286557.13,2994422.66,MONTHLY,ACTIVE,1,True,286557.13,54
POL000003481,CUS00012739,HEALTH,PRV3,2025-01-25,2045-01-20,2027-01-25,11416182.63,117362253.61,ANNUAL,ACTIVE,2,True,11416182.63,147
POL000003482,CUS00012739,LIFE,PRV2,2023-01-22,2024-01-22,2027-01-21,6272730.87,151932654.4,ANNUAL,LAPSED,2,True,11416182.63,147
POL000003483,CUS00012743,LIFE,PRV3,2023-08-21,2028-08-19,2027-08-20,2802489.82,41513688.25,ANNUAL,ACTIVE,1,True,2802489.82,354
POL000003484,CUS00012749,MOTOR,PRV3,2024-04-01,2025-04-01,2027-04-01,1753649.04,20455835.37,ANNUAL,LAPSED,1,False,0.0,
POL000003485,CUS00012758,HEALTH,PRV2,2025-07-22,2045-07-17,2027-07-22,41608053.18,640061678.62,MONTHLY,ACTIVE,2,True,76031133.54,325
POL000003486,CUS00012758,HEALTH,PRV2,2023-08-21,2028-08-19,2027-08-20,34423080.36,590820063.38,ANNUAL,ACTIVE,2,True,76031133.54,325
POL000003487,CUS00012760,LIFE,PRV1,2024-09-20,2034-09-18,2026-09-20,923934.57,11029277.05,QUARTERLY,ACTIVE,2,True,923934.57,20
POL000003488,CUS00012760,LIFE,PRV2,2025-07-22,2026-07-22,2027-07-22,1037906.62,21520381.47,QUARTERLY,LAPSED,2,True,923934.57,20
POL000003489,CUS00012761,HEALTH,PRV1,2023-12-13,2028-12-11,2026-12-12,3096422.52,62361626.44,ANNUAL,ACTIVE,1,True,3096422.52,103
POL000003490,CUS00012776,TRAVEL,PRV1,2024-08-23,2029-08-22,2027-08-23,11984614.36,271836454.13,QUARTERLY,ACTIVE,1,True,11984614.36,357
POL000003491,CUS00012785,TRAVEL,PRV5,2026-07-19,2027-07-19,2027-07-19,172123.63,2777015.87,ANNUAL,ACTIVE,1,True,172123.63,322
POL000003492,CUS00012791,MOTOR,PRV3,2025-06-30,2026-06-30,2027-06-30,16963565.14,411009187.6,MONTHLY,LAPSED,1,False,0.0,
POL000003493,CUS00012792,MOTOR,PRV5,2025-09-06,2026-09-06,2026-09-06,2280516.99,40252906.92,MONTHLY,ACTIVE,1,True,2280516.99,6
POL000003494,CUS00012793,HEALTH,PRV1,2026-04-24,2027-04-24,2027-04-24,1192875.52,17464383.59,MONTHLY,ACTIVE,1,True,1192875.52,236
POL000003495,CUS00012796,HEALTH,PRV2,2023-09-02,2033-08-30,2026-09-01,1051330.29,11459214.01,ANNUAL,ACTIVE,1,True,1051330.29,1
POL000003496,CUS00012801,MOTOR,PRV1,2026-04-23,2031-04-22,2027-04-23,615958.42,13955457.39,MONTHLY,ACTIVE,1,True,615958.42,235
POL000003497,CUS00012804,LIFE,PRV3,2023-01-03,2028-01-02,2027-01-02,8759076.17,149167961.85,QUARTERLY,ACTIVE,1,True,8759076.17,124
POL000003498,CUS00012805,LIFE,PRV5,2026-07-30,2046-07-25,2027-07-30,2096326.56,18699911.73,ANNUAL,ACTIVE,1,True,2096326.56,333
POL000003499,CUS00012816,HEALTH,PRV3,2023-08-10,2043-08-05,2027-08-09,291414.98,2736130.04,MONTHLY,ACTIVE,1,True,291414.98,343
POL000003500,CUS00012819,HEALTH,PRV3,2023-05-19,2028-05-17,2027-05-18,611253.5,5134152.83,ANNUAL,ACTIVE,2,True,611253.5,260
POL000003501,CUS00012819,HEALTH,PRV1,2024-06-09,2025-06-09,2027-06-09,347074.21,6211410.43,MONTHLY,LAPSED,2,True,611253.5,260
POL000003502,CUS00012821,TRAVEL,PRV3,2025-09-23,2035-09-21,2026-09-23,1175041.58,18910884.98,MONTHLY,ACTIVE,1,True,1175041.58,23
POL000003503,CUS00012823,LIFE,PRV1,2023-05-07,2028-05-05,2027-05-06,3234209.23,51869687.11,ANNUAL,ACTIVE,2,True,6300448.59,137
POL000003504,CUS00012823,LIFE,PRV5,2024-01-16,2034-01-13,2027-01-15,3066239.36,57758923.03,MONTHLY,ACTIVE,2,True,6300448.59,137
POL000003505,CUS00012829,HOME,PRV4,2026-01-09,2027-01-09,2027-01-09,107147.15,1404272.94,QUARTERLY,ACTIVE,2,True,107147.15,131
POL000003506,CUS00012829,HEALTH,PRV2,2024-04-18,2025-04-18,2027-04-18,327591.38,4527801.32,QUARTERLY,LAPSED,2,True,107147.15,131
POL000003507,CUS00012831,MOTOR,PRV4,2025-12-08,2030-12-07,2026-12-08,263504.81,5752321.71,ANNUAL,ACTIVE,2,True,814384.89,99
POL000003508,CUS00012831,LIFE,PRV2,2026-06-04,2036-06-01,2027-06-04,550880.08,10122693.31,ANNUAL,ACTIVE,2,True,814384.89,99
POL000003509,CUS00012839,LIFE,PRV5,2023-01-31,2033-01-28,2027-01-30,174285.41,2236469.12,ANNUAL,ACTIVE,2,True,301378.57,152
POL000003510,CUS00012839,LIFE,PRV4,2024-04-14,2034-04-12,2027-04-14,127093.16,1711566.75,ANNUAL,ACTIVE,2,True,301378.57,152
POL000003511,CUS00012840,LIFE,PRV2,2023-04-12,2028-04-10,2027-04-11,323136.33,6459848.15,ANNUAL,ACTIVE,1,True,323136.33,223
POL000003512,CUS00012843,LIFE,PRV1,2026-05-21,2031-05-20,2027-05-21,1168622.64,12207350.29,ANNUAL,ACTIVE,1,True,1168622.64,263
POL000003513,CUS00012853,TRAVEL,PRV5,2023-04-19,2043-04-14,2027-04-18,7261886.22,60034235.34,MONTHLY,ACTIVE,1,True,7261886.22,230
POL000003514,CUS00012854,LIFE,PRV2,2023-06-29,2024-06-28,2027-06-28,90046.72,1055775.15,MONTHLY,LAPSED,1,False,0.0,
POL000003515,CUS00012855,HEALTH,PRV2,2026-05-27,2036-05-24,2027-05-27,306538.75,5780949.95,ANNUAL,ACTIVE,1,True,306538.75,269
POL000003516,CUS00012856,HEALTH,PRV1,2025-01-22,2030-01-21,2027-01-22,9255131.59,129735158.47,ANNUAL,ACTIVE,2,True,19329962.71,126
POL000003517,CUS00012856,LIFE,PRV1,2025-01-04,2044-12-30,2027-01-04,10074831.12,188687452.28,MONTHLY,ACTIVE,2,True,19329962.71,126
POL000003518,CUS00012858,LIFE,PRV4,2025-08-28,2035-08-26,2027-08-28,5349686.49,81319488.44,ANNUAL,ACTIVE,1,True,5349686.49,362
POL000003519,CUS00012868,LIFE,PRV2,2026-01-24,2036-01-22,2027-01-24,10631768.0,191186766.88,ANNUAL,ACTIVE,1,True,10631768.0,146
POL000003520,CUS00012869,HEALTH,PRV5,2024-05-09,2025-05-09,2027-05-09,5625187.8,87871226.97,ANNUAL,LAPSED,2,True,5121556.61,39
POL000003521,CUS00012869,HEALTH,PRV4,2024-10-09,2029-10-08,2026-10-09,5121556.61,74905946.84,MONTHLY,ACTIVE,2,True,5121556.61,39
POL000003522,CUS00012873,LIFE,PRV4,2024-02-05,2034-02-02,2027-02-04,186918.22,3486447.31,ANNUAL,ACTIVE,1,True,186918.22,157
POL000003523,CUS00012874,HEALTH,PRV1,2025-07-07,2026-07-07,2027-07-07,469530.16,5373278.97,ANNUAL,LAPSED,1,False,0.0,
POL000003524,CUS00012875,HEALTH,PRV5,2024-09-24,2044-09-19,2026-09-24,2870126.05,54757114.95,ANNUAL,ACTIVE,1,True,2870126.05,24
POL000003525,CUS00012876,HEALTH,PRV4,2023-07-27,2033-07-24,2027-07-26,904872.93,17980798.14,ANNUAL,ACTIVE,1,True,904872.93,329
POL000003526,CUS00012877,HOME,PRV3,2026-03-08,2027-03-08,2027-03-08,2938246.78,26169075.15,ANNUAL,ACTIVE,1,True,2938246.78,189
POL000003527,CUS00012879,HEALTH,PRV1,2024-06-22,2034-06-20,2027-06-22,196348.99,2219246.21,MONTHLY,ACTIVE,1,True,196348.99,295
POL000003528,CUS00012881,LIFE,PRV2,2022-08-15,2027-08-14,2027-08-14,179527.75,3283011.11,ANNUAL,ACTIVE,1,True,179527.75,348
POL000003529,CUS00012883,LIFE,PRV5,2023-01-12,2033-01-09,2027-01-11,1993717.29,44617412.64,ANNUAL,ACTIVE,1,True,1993717.29,133
POL000003530,CUS00012885,HEALTH,PRV2,2025-03-04,2045-02-27,2027-03-04,324096.92,5977081.95,ANNUAL,ACTIVE,2,True,886998.58,157
POL000003531,CUS00012885,LIFE,PRV3,2025-02-04,2030-02-03,2027-02-04,562901.66,7311439.7,MONTHLY,ACTIVE,2,True,886998.58,157
POL000003532,CUS00012887,HEALTH,PRV3,2024-10-19,2044-10-14,2026-10-19,842215.92,11765831.93,MONTHLY,ACTIVE,1,True,842215.92,49
POL000003533,CUS00012888,HEALTH,PRV3,2023-03-27,2033-03-24,2027-03-26,306015.98,7492226.77,QUARTERLY,ACTIVE,1,True,306015.98,207
POL000003534,CUS00012892,TRAVEL,PRV3,2022-08-17,2027-08-16,2027-08-16,1063600.94,11634245.83,MONTHLY,ACTIVE,1,True,1063600.94,350
POL000003535,CUS00012900,LIFE,PRV3,2023-09-14,2033-09-11,2026-09-13,335961.6,7891885.79,ANNUAL,ACTIVE,2,True,438581.63,13
POL000003536,CUS00012900,LIFE,PRV5,2023-02-11,2028-02-10,2027-02-10,102620.03,2411478.08,QUARTERLY,ACTIVE,2,True,438581.63,13
POL000003537,CUS00012905,HOME,PRV5,2025-04-29,2030-04-28,2027-04-29,1640790.79,26305307.35,MONTHLY,ACTIVE,1,True,1640790.79,241
POL000003538,CUS00012927,LIFE,PRV3,2023-02-03,2028-02-02,2027-02-02,417956.98,5777663.36,ANNUAL,ACTIVE,1,True,417956.98,155
POL000003539,CUS00012933,HEALTH,PRV5,2023-06-23,2028-06-21,2027-06-22,1623174.16,13928370.39,QUARTERLY,ACTIVE,1,True,1623174.16,295
POL000003540,CUS00012937,HEALTH,PRV3,2023-12-15,2024-12-14,2026-12-14,717149.9,6644556.36,MONTHLY,LAPSED,1,False,0.0,
POL000003541,CUS00012953,MOTOR,PRV1,2023-07-02,2028-06-30,2027-07-01,3312534.16,69145697.74,ANNUAL,ACTIVE,2,True,11335011.35,304
POL000003542,CUS00012953,LIFE,PRV5,2025-08-27,2045-08-22,2027-08-27,8022477.19,137933926.63,ANNUAL,ACTIVE,2,True,11335011.35,304
POL000003543,CUS00012956,LIFE,PRV3,2025-07-19,2026-07-19,2027-07-19,8618064.36,84520383.44,ANNUAL,LAPSED,1,False,0.0,
POL000003544,CUS00012959,LIFE,PRV5,2023-07-31,2028-07-29,2027-07-30,7627863.43,68565496.31,MONTHLY,ACTIVE,2,True,17116955.63,142
POL000003545,CUS00012959,HOME,PRV5,2024-01-21,2029-01-19,2027-01-20,9489092.2,105600230.17,ANNUAL,ACTIVE,2,True,17116955.63,142
POL000003546,CUS00012964,LIFE,PRV4,2023-10-11,2024-10-10,2026-10-10,740564.53,7280213.27,QUARTERLY,LAPSED,1,False,0.0,
POL000003547,CUS00012966,HEALTH,PRV3,2024-04-26,2025-04-26,2027-04-26,812245.91,9908782.1,ANNUAL,LAPSED,2,True,556148.64,277
POL000003548,CUS00012966,MOTOR,PRV4,2023-06-05,2028-06-03,2027-06-04,556148.64,5117397.97,ANNUAL,ACTIVE,2,True,556148.64,277
POL000003549,CUS00012971,HEALTH,PRV3,2024-01-08,2025-01-07,2027-01-07,5820223.03,49826881.44,ANNUAL,LAPSED,1,False,0.0,
POL000003550,CUS00012976,HOME,PRV1,2025-12-19,2030-12-18,2026-12-19,9679438.48,178697488.06,ANNUAL,ACTIVE,1,True,9679438.48,110
POL000003551,CUS00012981,LIFE,PRV5,2026-04-09,2031-04-08,2027-04-09,877280.12,18645042.59,QUARTERLY,ACTIVE,1,True,877280.12,221
POL000003552,CUS00012984,HOME,PRV4,2022-08-13,2023-08-13,2027-08-12,676669.11,14933970.59,ANNUAL,LAPSED,1,False,0.0,
POL000003553,CUS00012986,HEALTH,PRV5,2023-05-11,2028-05-09,2027-05-10,82271.63,2045355.81,ANNUAL,ACTIVE,1,True,82271.63,252
POL000003554,CUS00012989,TRAVEL,PRV5,2025-06-17,2045-06-12,2027-06-17,19218886.91,272882531.89,QUARTERLY,ACTIVE,1,True,19218886.91,290
POL000003555,CUS00012998,HEALTH,PRV1,2026-05-01,2046-04-26,2027-05-01,661678.18,8058538.72,MONTHLY,ACTIVE,1,True,661678.18,243
POL000003556,CUS00013003,MOTOR,PRV2,2024-01-10,2044-01-05,2027-01-09,271134.61,2353933.64,ANNUAL,ACTIVE,1,True,271134.61,131
POL000003557,CUS00013009,HEALTH,PRV3,2026-04-02,2036-03-30,2027-04-02,734848.31,18054010.24,ANNUAL,ACTIVE,1,True,734848.31,214
POL000003558,CUS00013013,LIFE,PRV4,2023-12-30,2043-12-25,2026-12-29,20684797.36,460409034.29,MONTHLY,ACTIVE,1,True,20684797.36,120
POL000003559,CUS00013016,LIFE,PRV1,2024-05-31,2025-05-31,2027-05-31,218583.33,1787492.45,QUARTERLY,LAPSED,2,False,0.0,
POL000003560,CUS00013016,TRAVEL,PRV2,2025-06-21,2026-06-21,2027-06-21,431847.85,4406473.24,ANNUAL,LAPSED,2,False,0.0,
POL000003561,CUS00013025,LIFE,PRV1,2022-07-29,2032-07-26,2027-07-28,13683677.35,186876125.07,QUARTERLY,ACTIVE,1,True,13683677.35,331
POL000003562,CUS00013029,HEALTH,PRV2,2024-06-09,2025-06-09,2027-06-09,295526.51,4235020.88,MONTHLY,LAPSED,1,False,0.0,
POL000003563,CUS00013035,LIFE,PRV3,2023-01-07,2028-01-06,2027-01-06,448127.22,5085318.33,ANNUAL,ACTIVE,1,True,448127.22,128
POL000003564,CUS00013040,MOTOR,PRV4,2023-06-21,2024-06-20,2027-06-20,372742.99,4842709.28,ANNUAL,LAPSED,2,True,1118080.39,220
POL000003565,CUS00013040,LIFE,PRV4,2024-04-08,2044-04-03,2027-04-08,1118080.39,9127123.25,MONTHLY,ACTIVE,2,True,1118080.39,220
POL000003566,CUS00013048,HEALTH,PRV1,2023-07-19,2043-07-14,2027-07-18,2410846.33,31014946.5,ANNUAL,ACTIVE,1,True,2410846.33,321
POL000003567,CUS00013050,MOTOR,PRV2,2022-08-16,2042-08-11,2027-08-15,507966.34,7912724.95,ANNUAL,ACTIVE,1,True,507966.34,349
POL000003568,CUS00013052,LIFE,PRV5,2025-11-12,2035-11-10,2026-11-12,1140778.04,22255924.16,MONTHLY,ACTIVE,1,True,1140778.04,73
POL000003569,CUS00013057,LIFE,PRV5,2025-04-25,2045-04-20,2027-04-25,63014.55,855473.13,ANNUAL,ACTIVE,1,True,63014.55,237
POL000003570,CUS00013058,HEALTH,PRV1,2025-12-12,2030-12-11,2026-12-12,13601183.81,211181618.84,MONTHLY,ACTIVE,1,True,13601183.81,103
POL000003571,CUS00013064,LIFE,PRV1,2023-02-18,2043-02-13,2027-02-17,859875.3,10209660.45,ANNUAL,ACTIVE,1,True,859875.3,170
POL000003572,CUS00013067,TRAVEL,PRV5,2024-05-13,2034-05-11,2027-05-13,4737261.12,86809470.04,MONTHLY,ACTIVE,1,True,4737261.12,255
POL000003573,CUS00013078,HOME,PRV2,2025-12-11,2035-12-09,2026-12-11,2753242.69,67052506.41,ANNUAL,ACTIVE,1,True,2753242.69,102
POL000003574,CUS00013079,LIFE,PRV1,2024-07-25,2029-07-24,2027-07-25,1464834.56,23092083.54,MONTHLY,ACTIVE,1,True,1464834.56,328
POL000003575,CUS00013086,LIFE,PRV3,2024-06-28,2025-06-28,2027-06-28,524780.4,12281739.16,MONTHLY,LAPSED,1,False,0.0,
POL000003576,CUS00013089,HEALTH,PRV4,2024-10-12,2025-10-12,2026-10-12,1072596.78,12433269.64,ANNUAL,LAPSED,1,False,0.0,
POL000003577,CUS00013095,LIFE,PRV5,2024-08-05,2034-08-03,2027-08-05,4579643.13,48668361.31,MONTHLY,ACTIVE,1,True,4579643.13,339
POL000003578,CUS00013099,HEALTH,PRV3,2024-08-04,2025-08-04,2027-08-04,529525.89,7520773.25,ANNUAL,LAPSED,1,False,0.0,
POL000003579,CUS00013102,HEALTH,PRV3,2025-07-28,2030-07-27,2027-07-28,413283.59,3888926.41,QUARTERLY,ACTIVE,1,True,413283.59,331
POL000003580,CUS00013104,MOTOR,PRV4,2026-01-29,2031-01-28,2027-01-29,431414.91,7556175.68,MONTHLY,ACTIVE,1,True,431414.91,151
POL000003581,CUS00013105,LIFE,PRV5,2023-07-31,2043-07-26,2027-07-30,570198.49,11313168.18,ANNUAL,ACTIVE,1,True,570198.49,333
POL000003582,CUS00013114,LIFE,PRV2,2025-04-04,2045-03-30,2027-04-04,3039287.41,74630365.29,ANNUAL,ACTIVE,1,True,3039287.41,216
POL000003583,CUS00013126,HEALTH,PRV2,2025-06-17,2030-06-16,2027-06-17,965695.65,10580335.15,QUARTERLY,ACTIVE,2,True,965695.65,290
POL000003584,CUS00013126,LIFE,PRV5,2025-05-17,2026-05-17,2027-05-17,1360061.1,24597501.08,ANNUAL,LAPSED,2,True,965695.65,290
POL000003585,CUS00013137,LIFE,PRV5,2023-06-06,2028-06-04,2027-06-05,824976.99,18798489.13,ANNUAL,ACTIVE,1,True,824976.99,278
POL000003586,CUS00013144,LIFE,PRV4,2025-04-21,2026-04-21,2027-04-21,4433372.85,37212607.9,QUARTERLY,LAPSED,2,True,1537551.15,227
POL000003587,CUS00013144,HEALTH,PRV2,2025-04-15,2045-04-10,2027-04-15,1537551.15,22458216.17,ANNUAL,ACTIVE,2,True,1537551.15,227
POL000003588,CUS00013150,TRAVEL,PRV1,2023-02-08,2033-02-05,2027-02-07,626049.14,8747692.1,ANNUAL,ACTIVE,1,True,626049.14,160
POL000003589,CUS00013157,HEALTH,PRV4,2023-02-26,2043-02-21,2027-02-25,8395282.3,175896617.44,ANNUAL,ACTIVE,1,True,8395282.3,178
POL000003590,CUS00013160,LIFE,PRV5,2023-08-09,2024-08-08,2027-08-08,216503.3,4196777.71,QUARTERLY,LAPSED,1,False,0.0,
POL000003591,CUS00013161,LIFE,PRV1,2025-01-23,2035-01-21,2027-01-23,4295932.6,98577074.26,ANNUAL,ACTIVE,1,True,4295932.6,145
POL000003592,CUS00013162,HOME,PRV4,2024-05-01,2029-04-30,2027-05-01,563688.08,6031583.37,ANNUAL,ACTIVE,1,True,563688.08,243
POL000003593,CUS00013167,TRAVEL,PRV2,2023-07-17,2033-07-14,2027-07-16,516685.11,11329887.89,MONTHLY,ACTIVE,1,True,516685.11,319
POL000003594,CUS00013170,MOTOR,PRV5,2024-02-10,2025-02-09,2027-02-09,749517.99,15373476.37,ANNUAL,LAPSED,2,True,301554.39,130
POL000003595,CUS00013170,MOTOR,PRV3,2023-01-09,2033-01-06,2027-01-08,301554.39,5687590.13,QUARTERLY,ACTIVE,2,True,301554.39,130
POL000003596,CUS00013175,LIFE,PRV5,2023-11-02,2024-11-01,2026-11-01,402155.45,4391488.79,ANNUAL,LAPSED,1,False,0.0,
POL000003597,CUS00013176,LIFE,PRV5,2022-12-06,2042-12-01,2026-12-05,102956.6,855270.73,ANNUAL,ACTIVE,1,True,102956.6,96
POL000003598,CUS00013177,LIFE,PRV5,2025-12-04,2030-12-03,2026-12-04,602368.91,8952345.91,MONTHLY,ACTIVE,1,True,602368.91,95
POL000003599,CUS00013183,MOTOR,PRV1,2022-10-09,2042-10-04,2026-10-08,681626.73,10820272.45,QUARTERLY,ACTIVE,1,True,681626.73,38
POL000003600,CUS00013185,HEALTH,PRV5,2022-09-27,2027-09-26,2026-09-26,1189936.75,25789004.25,ANNUAL,ACTIVE,1,True,1189936.75,26
POL000003601,CUS00013188,HOME,PRV4,2024-05-05,2044-04-30,2027-05-05,15272536.37,273105854.14,MONTHLY,ACTIVE,1,True,15272536.37,247
POL000003602,CUS00013193,HEALTH,PRV4,2026-05-10,2036-05-07,2027-05-10,3418284.77,32198567.93,ANNUAL,ACTIVE,1,True,3418284.77,252
POL000003603,CUS00013196,HOME,PRV2,2023-08-25,2028-08-23,2027-08-24,244060.18,4917409.05,MONTHLY,ACTIVE,1,True,244060.18,358
POL000003604,CUS00013197,TRAVEL,PRV5,2025-05-19,2026-05-19,2027-05-19,974790.09,17645475.62,ANNUAL,LAPSED,1,False,0.0,
POL000003605,CUS00013207,LIFE,PRV1,2026-01-07,2031-01-06,2027-01-07,3747393.14,38386586.0,ANNUAL,ACTIVE,1,True,3747393.14,129
POL000003606,CUS00013218,MOTOR,PRV2,2025-03-18,2035-03-16,2027-03-18,6694803.95,135953859.49,ANNUAL,ACTIVE,1,True,6694803.95,199
POL000003607,CUS00013219,HEALTH,PRV5,2023-04-23,2033-04-20,2027-04-22,1354282.43,11907121.4,MONTHLY,ACTIVE,1,True,1354282.43,234
POL000003608,CUS00013223,LIFE,PRV4,2026-04-19,2036-04-16,2027-04-19,2784264.63,35160899.42,QUARTERLY,ACTIVE,2,True,3998876.25,131
POL000003609,CUS00013223,HOME,PRV4,2025-01-09,2035-01-07,2027-01-09,1214611.62,18595766.72,ANNUAL,ACTIVE,2,True,3998876.25,131
POL000003610,CUS00013230,LIFE,PRV3,2023-10-25,2033-10-22,2026-10-24,240079.87,2130314.39,QUARTERLY,ACTIVE,1,True,240079.87,54
POL000003611,CUS00013235,HEALTH,PRV3,2022-10-26,2027-10-25,2026-10-25,753629.25,13251056.92,MONTHLY,ACTIVE,1,True,753629.25,55
POL000003612,CUS00013236,MOTOR,PRV4,2023-09-25,2024-09-24,2026-09-24,973767.93,22298191.34,ANNUAL,LAPSED,1,False,0.0,
POL000003613,CUS00013240,HEALTH,PRV2,2026-07-14,2046-07-09,2027-07-14,964569.11,17562142.33,QUARTERLY,ACTIVE,1,True,964569.11,317
POL000003614,CUS00013247,LIFE,PRV1,2025-11-15,2026-11-15,2026-11-15,125710.97,2571378.0,MONTHLY,ACTIVE,1,True,125710.97,76
POL000003615,CUS00013254,HEALTH,PRV3,2025-06-03,2030-06-02,2027-06-03,1169880.06,15150059.6,QUARTERLY,ACTIVE,1,True,1169880.06,276
POL000003616,CUS00013263,HEALTH,PRV2,2026-05-15,2036-05-12,2027-05-15,736064.08,8917634.81,ANNUAL,ACTIVE,2,True,3142457.76,48
POL000003617,CUS00013263,HOME,PRV1,2022-10-19,2032-10-16,2026-10-18,2406393.68,34611789.14,QUARTERLY,ACTIVE,2,True,3142457.76,48
POL000003618,CUS00013267,LIFE,PRV4,2022-10-15,2023-10-15,2026-10-14,513030.57,7761844.77,QUARTERLY,LAPSED,1,False,0.0,
POL000003619,CUS00013269,TRAVEL,PRV2,2022-11-16,2042-11-11,2026-11-15,537574.48,6762024.36,MONTHLY,ACTIVE,1,True,537574.48,76
POL000003620,CUS00013272,MOTOR,PRV3,2026-07-05,2046-06-30,2027-07-05,105956.71,1142341.8,ANNUAL,ACTIVE,1,True,105956.71,308
POL000003621,CUS00013276,HEALTH,PRV3,2025-04-02,2035-03-31,2027-04-02,26751479.98,371118697.13,ANNUAL,ACTIVE,1,True,26751479.98,214
POL000003622,CUS00013280,HEALTH,PRV1,2025-01-13,2026-01-13,2027-01-13,2607469.2,56525105.27,ANNUAL,LAPSED,1,False,0.0,
POL000003623,CUS00013283,HEALTH,PRV1,2025-05-21,2026-05-21,2027-05-21,3873531.16,51468420.94,ANNUAL,LAPSED,1,False,0.0,
POL000003624,CUS00013292,LIFE,PRV3,2022-11-11,2042-11-06,2026-11-10,147207.19,2371869.29,MONTHLY,ACTIVE,1,True,147207.19,71
POL000003625,CUS00013295,MOTOR,PRV3,2024-03-20,2025-03-20,2027-03-20,556338.44,8090031.3,QUARTERLY,LAPSED,1,False,0.0,
POL000003626,CUS00013301,LIFE,PRV3,2023-03-26,2028-03-24,2027-03-25,7178142.17,158367084.42,ANNUAL,ACTIVE,2,True,15735507.47,110
POL000003627,CUS00013301,HEALTH,PRV1,2024-12-19,2044-12-14,2026-12-19,8557365.3,136660633.83,MONTHLY,ACTIVE,2,True,15735507.47,110
POL000003628,CUS00013303,MOTOR,PRV4,2025-04-07,2026-04-07,2027-04-07,946454.65,20360687.5,ANNUAL,LAPSED,2,True,494904.52,151
POL000003629,CUS00013303,TRAVEL,PRV4,2024-01-30,2034-01-27,2027-01-29,494904.52,7399213.67,QUARTERLY,ACTIVE,2,True,494904.52,151
POL000003630,CUS00013307,HEALTH,PRV4,2024-06-24,2029-06-23,2027-06-24,4351384.38,72579295.78,ANNUAL,ACTIVE,2,True,5993291.37,249
POL000003631,CUS00013307,HEALTH,PRV2,2023-05-08,2043-05-03,2027-05-07,1641906.99,16516762.71,ANNUAL,ACTIVE,2,True,5993291.37,249
POL000003632,CUS00013308,HOME,PRV1,2024-04-18,2034-04-16,2027-04-18,773240.04,8078123.77,ANNUAL,ACTIVE,1,True,773240.04,230
POL000003633,CUS00013309,LIFE,PRV3,2023-11-27,2043-11-22,2026-11-26,4733087.08,58210606.29,ANNUAL,ACTIVE,2,True,9285066.35,87
POL000003634,CUS00013309,MOTOR,PRV3,2025-03-18,2035-03-16,2027-03-18,4551979.27,87864463.66,QUARTERLY,ACTIVE,2,True,9285066.35,87
POL000003635,CUS00013311,LIFE,PRV2,2022-08-10,2027-08-09,2027-08-09,1367131.08,13794840.54,ANNUAL,ACTIVE,2,True,3512602.65,12
POL000003636,CUS00013311,LIFE,PRV2,2025-09-12,2035-09-10,2026-09-12,2145471.57,30666494.4,QUARTERLY,ACTIVE,2,True,3512602.65,12
POL000003637,CUS00013319,TRAVEL,PRV5,2023-11-23,2028-11-21,2026-11-22,5815279.97,130892518.89,QUARTERLY,ACTIVE,1,True,5815279.97,83
POL000003638,CUS00013321,MOTOR,PRV3,2025-04-20,2035-04-18,2027-04-20,1475214.02,13166931.35,ANNUAL,ACTIVE,1,True,1475214.02,232
POL000003639,CUS00013330,HEALTH,PRV1,2025-09-29,2030-09-28,2026-09-29,961948.49,11204362.04,ANNUAL,ACTIVE,1,True,961948.49,29
POL000003640,CUS00013331,LIFE,PRV4,2024-09-21,2044-09-16,2026-09-21,961850.48,10676853.15,ANNUAL,ACTIVE,1,True,961850.48,21
POL000003641,CUS00013345,LIFE,PRV5,2025-07-10,2045-07-05,2027-07-10,4583095.89,102379918.45,ANNUAL,ACTIVE,2,True,12721376.85,36
POL000003642,CUS00013345,LIFE,PRV2,2023-10-07,2043-10-02,2026-10-06,8138280.96,97661298.06,MONTHLY,ACTIVE,2,True,12721376.85,36
POL000003643,CUS00013348,LIFE,PRV1,2025-05-08,2026-05-08,2027-05-08,1234836.88,21161896.31,MONTHLY,LAPSED,1,False,0.0,
POL000003644,CUS00013350,MOTOR,PRV5,2025-05-25,2035-05-23,2027-05-25,1969116.07,43935474.63,ANNUAL,ACTIVE,2,True,3966069.48,243
POL000003645,CUS00013350,LIFE,PRV3,2024-05-01,2029-04-30,2027-05-01,1996953.41,16216924.4,ANNUAL,ACTIVE,2,True,3966069.48,243
POL000003646,CUS00013352,LIFE,PRV2,2023-05-28,2028-05-26,2027-05-27,1724817.74,18071795.45,ANNUAL,ACTIVE,2,True,2472522.9,189
POL000003647,CUS00013352,HEALTH,PRV3,2026-03-08,2036-03-05,2027-03-08,747705.16,9595052.95,MONTHLY,ACTIVE,2,True,2472522.9,189
POL000003648,CUS00013353,LIFE,PRV2,2025-09-15,2035-09-13,2026-09-15,202124.86,3134319.74,ANNUAL,ACTIVE,1,True,202124.86,15
POL000003649,CUS00013360,LIFE,PRV5,2024-01-14,2025-01-13,2027-01-13,107247.2,1070892.11,ANNUAL,LAPSED,2,True,146282.29,55
POL000003650,CUS00013360,LIFE,PRV5,2025-10-25,2045-10-20,2026-10-25,146282.29,3130965.6,MONTHLY,ACTIVE,2,True,146282.29,55
POL000003651,CUS00013363,HEALTH,PRV2,2023-04-01,2024-03-31,2027-03-31,118551.86,1173212.47,MONTHLY,LAPSED,1,False,0.0,
POL000003652,CUS00013369,HEALTH,PRV2,2024-04-20,2044-04-15,2027-04-20,11057091.91,132325679.32,ANNUAL,ACTIVE,1,True,11057091.91,232
POL000003653,CUS00013375,HEALTH,PRV1,2023-01-06,2043-01-01,2027-01-05,375994.3,8245844.02,QUARTERLY,ACTIVE,1,True,375994.3,127
POL000003654,CUS00013376,HEALTH,PRV5,2025-05-01,2026-05-01,2027-05-01,4743213.31,52069503.2,ANNUAL,LAPSED,1,False,0.0,
POL000003655,CUS00013377,MOTOR,PRV1,2025-09-11,2045-09-06,2026-09-11,7756478.4,95768602.71,QUARTERLY,ACTIVE,2,True,11121135.51,11
POL000003656,CUS00013377,LIFE,PRV1,2022-11-16,2027-11-15,2026-11-15,3364657.11,43306003.55,QUARTERLY,ACTIVE,2,True,11121135.51,11
POL000003657,CUS00013380,LIFE,PRV5,2022-09-30,2042-09-25,2026-09-29,428707.4,6210683.33,MONTHLY,ACTIVE,1,True,428707.4,29
POL000003658,CUS00013384,HEALTH,PRV2,2023-09-27,2024-09-26,2026-09-26,2628421.84,60498933.56,MONTHLY,LAPSED,1,False,0.0,
POL000003659,CUS00013385,HOME,PRV4,2023-11-05,2033-11-02,2026-11-04,1029567.59,12393340.36,QUARTERLY,ACTIVE,1,True,1029567.59,65
POL000003660,CUS00013392,HEALTH,PRV2,2026-06-11,2027-06-11,2027-06-11,840922.08,19387482.0,MONTHLY,ACTIVE,1,True,840922.08,284
POL000003661,CUS00013393,HOME,PRV1,2023-11-11,2043-11-06,2026-11-10,1671688.02,17994231.82,ANNUAL,ACTIVE,1,True,1671688.02,71
POL000003662,CUS00013396,LIFE,PRV1,2025-02-25,2045-02-20,2027-02-25,880059.9,15085258.87,QUARTERLY,ACTIVE,1,True,880059.9,178
POL000003663,CUS00013400,LIFE,PRV1,2025-10-06,2026-10-06,2026-10-06,3421280.01,62817943.07,QUARTERLY,ACTIVE,1,True,3421280.01,36
POL000003664,CUS00013417,HOME,PRV5,2025-05-15,2030-05-14,2027-05-15,7217853.04,96764017.81,ANNUAL,ACTIVE,1,True,7217853.04,257
POL000003665,CUS00013419,TRAVEL,PRV2,2024-02-03,2044-01-29,2027-02-02,25662099.92,245763800.16,ANNUAL,ACTIVE,1,True,25662099.92,155
POL000003666,CUS00013423,HEALTH,PRV3,2024-05-16,2025-05-16,2027-05-16,10679325.5,218892968.5,QUARTERLY,LAPSED,1,False,0.0,
POL000003667,CUS00013425,MOTOR,PRV1,2023-02-20,2033-02-17,2027-02-19,685051.44,15121411.88,QUARTERLY,ACTIVE,1,True,685051.44,172
POL000003668,CUS00013427,HOME,PRV3,2025-12-17,2045-12-12,2026-12-17,10368188.47,222528170.55,MONTHLY,ACTIVE,1,True,10368188.47,108
POL000003669,CUS00013429,LIFE,PRV1,2025-12-06,2035-12-04,2026-12-06,235526.0,2338031.38,ANNUAL,ACTIVE,1,True,235526.0,97
POL000003670,CUS00013438,LIFE,PRV1,2024-05-19,2034-05-17,2027-05-19,283283.67,2266876.63,ANNUAL,ACTIVE,1,True,283283.67,261
POL000003671,CUS00013439,HOME,PRV2,2026-04-20,2046-04-15,2027-04-20,1502567.29,34139027.3,MONTHLY,ACTIVE,1,True,1502567.29,232
POL000003672,CUS00013446,HEALTH,PRV4,2025-11-10,2030-11-09,2026-11-10,22979008.83,347943789.59,QUARTERLY,ACTIVE,1,True,22979008.83,71
POL000003673,CUS00013448,LIFE,PRV1,2022-08-07,2023-08-07,2027-08-06,8511880.67,88937155.29,MONTHLY,LAPSED,2,True,7051607.27,296
POL000003674,CUS00013448,LIFE,PRV5,2023-06-24,2028-06-22,2027-06-23,7051607.27,100917407.14,ANNUAL,ACTIVE,2,True,7051607.27,296
POL000003675,CUS00013457,HOME,PRV1,2024-08-09,2034-08-07,2027-08-09,7354658.11,105466418.06,ANNUAL,ACTIVE,1,True,7354658.11,343
POL000003676,CUS00013470,LIFE,PRV5,2025-09-15,2030-09-14,2026-09-15,2372053.66,32423710.56,QUARTERLY,ACTIVE,1,True,2372053.66,15
POL000003677,CUS00013476,TRAVEL,PRV2,2025-12-09,2035-12-07,2026-12-09,323368.25,7326076.46,QUARTERLY,ACTIVE,1,True,323368.25,100
POL000003678,CUS00013477,LIFE,PRV2,2022-12-15,2042-12-10,2026-12-14,446247.17,8917561.82,ANNUAL,ACTIVE,1,True,446247.17,105
POL000003679,CUS00013482,TRAVEL,PRV2,2025-03-01,2030-02-28,2027-03-01,12896785.62,310929692.72,MONTHLY,ACTIVE,1,True,12896785.62,182
POL000003680,CUS00013483,HOME,PRV5,2023-07-15,2024-07-14,2027-07-14,1070237.55,23333071.77,ANNUAL,LAPSED,1,False,0.0,
POL000003681,CUS00013485,LIFE,PRV2,2026-04-23,2027-04-23,2027-04-23,30097165.97,311873347.39,ANNUAL,ACTIVE,1,True,30097165.97,235
POL000003682,CUS00013486,HEALTH,PRV2,2023-09-27,2033-09-24,2026-09-26,236712.24,3491853.93,QUARTERLY,ACTIVE,2,True,550535.53,26
POL000003683,CUS00013486,HOME,PRV4,2023-06-21,2043-06-16,2027-06-20,313823.29,3137586.05,MONTHLY,ACTIVE,2,True,550535.53,26
POL000003684,CUS00013488,LIFE,PRV4,2023-08-24,2028-08-22,2027-08-23,754514.08,17317573.88,ANNUAL,ACTIVE,1,True,754514.08,357
POL000003685,CUS00013491,LIFE,PRV3,2023-06-18,2024-06-17,2027-06-17,1054381.43,13368784.86,ANNUAL,LAPSED,1,False,0.0,
POL000003686,CUS00013495,LIFE,PRV1,2023-03-19,2024-03-18,2027-03-18,353036.24,6866100.75,MONTHLY,LAPSED,1,False,0.0,
POL000003687,CUS00013500,HOME,PRV5,2026-07-30,2027-07-30,2027-07-30,1298288.18,18389141.7,MONTHLY,ACTIVE,1,True,1298288.18,333
POL000003688,CUS00013502,LIFE,PRV4,2023-12-06,2033-12-03,2026-12-05,8207815.95,67411912.93,MONTHLY,ACTIVE,1,True,8207815.95,96
POL000003689,CUS00013503,HEALTH,PRV4,2023-03-29,2028-03-27,2027-03-28,1127211.92,13650232.4,MONTHLY,ACTIVE,2,True,1127211.92,209
POL000003690,CUS00013503,LIFE,PRV1,2024-11-21,2025-11-21,2026-11-21,1049845.56,22111975.46,ANNUAL,LAPSED,2,True,1127211.92,209
POL000003691,CUS00013507,LIFE,PRV3,2025-05-14,2045-05-09,2027-05-14,158409.27,3137122.88,ANNUAL,ACTIVE,1,True,158409.27,256
POL000003692,CUS00013514,LIFE,PRV3,2025-05-02,2035-04-30,2027-05-02,257520.21,5223898.61,QUARTERLY,ACTIVE,1,True,257520.21,244
POL000003693,CUS00013517,MOTOR,PRV2,2026-01-16,2036-01-14,2027-01-16,3166541.38,51170984.07,ANNUAL,ACTIVE,1,True,3166541.38,138
POL000003694,CUS00013528,TRAVEL,PRV4,2024-04-30,2029-04-29,2027-04-30,7039960.59,121102247.3,ANNUAL,ACTIVE,1,True,7039960.59,242
POL000003695,CUS00013530,LIFE,PRV5,2025-08-12,2045-08-07,2027-08-12,10015200.94,146109646.19,ANNUAL,ACTIVE,1,True,10015200.94,346
POL000003696,CUS00013535,HEALTH,PRV1,2025-08-21,2045-08-16,2027-08-21,7186740.97,69156871.5,MONTHLY,ACTIVE,2,True,7186740.97,355
POL000003697,CUS00013535,LIFE,PRV5,2023-10-09,2024-10-08,2026-10-08,5113331.75,44997021.61,MONTHLY,LAPSED,2,True,7186740.97,355
POL000003698,CUS00013540,TRAVEL,PRV2,2023-09-16,2033-09-13,2026-09-15,1234441.65,10255933.84,ANNUAL,ACTIVE,1,True,1234441.65,15
POL000003699,CUS00013544,HEALTH,PRV2,2022-12-20,2023-12-20,2026-12-19,1457976.8,20383409.54,ANNUAL,LAPSED,1,False,0.0,
POL000003700,CUS00013548,LIFE,PRV5,2025-04-21,2045-04-16,2027-04-21,321159.87,4271546.07,ANNUAL,ACTIVE,1,True,321159.87,233
POL000003701,CUS00013550,HEALTH,PRV2,2024-11-30,2025-11-30,2026-11-30,1516932.05,32606528.72,QUARTERLY,LAPSED,1,False,0.0,
POL000003702,CUS00013559,LIFE,PRV4,2022-10-02,2032-09-29,2026-10-01,216918.54,3868913.3,ANNUAL,ACTIVE,1,True,216918.54,31
POL000003703,CUS00013568,LIFE,PRV3,2024-10-22,2029-10-21,2026-10-22,492869.3,6682306.68,ANNUAL,ACTIVE,2,True,492869.3,52
POL000003704,CUS00013568,HEALTH,PRV1,2024-04-16,2025-04-16,2027-04-16,204729.76,2786775.35,MONTHLY,LAPSED,2,True,492869.3,52
POL000003705,CUS00013574,LIFE,PRV3,2024-03-28,2034-03-26,2027-03-28,2751760.53,43875740.63,ANNUAL,ACTIVE,2,True,6477119.47,209
POL000003706,CUS00013574,TRAVEL,PRV5,2026-04-12,2027-04-12,2027-04-12,3725358.94,66294342.04,ANNUAL,ACTIVE,2,True,6477119.47,209
POL000003707,CUS00013582,HEALTH,PRV4,2025-10-06,2035-10-04,2026-10-06,1919750.43,40289904.22,ANNUAL,ACTIVE,1,True,1919750.43,36
POL000003708,CUS00013583,LIFE,PRV5,2024-08-11,2044-08-06,2027-08-11,2479117.01,26877313.26,MONTHLY,ACTIVE,2,True,3091121.68,341
POL000003709,CUS00013583,HEALTH,PRV3,2025-08-07,2045-08-02,2027-08-07,612004.67,11512031.42,QUARTERLY,ACTIVE,2,True,3091121.68,341
POL000003710,CUS00013586,LIFE,PRV4,2026-05-07,2031-05-06,2027-05-07,915125.04,21742746.45,ANNUAL,ACTIVE,2,True,915125.04,249
POL000003711,CUS00013586,HEALTH,PRV2,2023-12-14,2024-12-13,2026-12-13,362699.07,4421302.22,ANNUAL,LAPSED,2,True,915125.04,249
POL000003712,CUS00013589,LIFE,PRV1,2023-02-26,2024-02-26,2027-02-25,40094110.98,524864727.09,ANNUAL,LAPSED,1,False,0.0,
POL000003713,CUS00013599,LIFE,PRV2,2024-12-09,2044-12-04,2026-12-09,637893.59,12223082.69,ANNUAL,ACTIVE,1,True,637893.59,100
POL000003714,CUS00013602,MOTOR,PRV1,2026-06-22,2031-06-21,2027-06-22,2543905.15,62549100.9,ANNUAL,ACTIVE,1,True,2543905.15,295
POL000003715,CUS00013603,TRAVEL,PRV3,2026-07-15,2036-07-12,2027-07-15,3514807.63,61588484.01,MONTHLY,ACTIVE,1,True,3514807.63,318
POL000003716,CUS00013605,HOME,PRV5,2025-05-13,2030-05-12,2027-05-13,333486.88,6822672.56,MONTHLY,ACTIVE,1,True,333486.88,255
POL000003717,CUS00013608,LIFE,PRV1,2026-02-03,2027-02-03,2027-02-03,4163889.07,83788278.34,QUARTERLY,ACTIVE,1,True,4163889.07,156
POL000003718,CUS00013610,LIFE,PRV1,2025-10-21,2030-10-20,2026-10-21,2507404.88,58731078.96,QUARTERLY,ACTIVE,1,True,2507404.88,51
POL000003719,CUS00013613,MOTOR,PRV3,2025-01-31,2045-01-26,2027-01-31,3662401.57,80486630.12,QUARTERLY,ACTIVE,1,True,3662401.57,153
POL000003720,CUS00013621,HEALTH,PRV1,2024-06-16,2044-06-11,2027-06-16,19833076.42,243243865.92,MONTHLY,ACTIVE,1,True,19833076.42,289
POL000003721,CUS00013623,TRAVEL,PRV3,2025-08-02,2045-07-28,2027-08-02,1757477.6,32641861.85,ANNUAL,ACTIVE,1,True,1757477.6,336
POL000003722,CUS00013632,TRAVEL,PRV1,2023-09-11,2028-09-09,2026-09-10,1280447.15,21422712.85,MONTHLY,ACTIVE,1,True,1280447.15,10
POL000003723,CUS00013633,TRAVEL,PRV1,2026-08-01,2036-07-29,2027-08-01,4097299.04,61359149.1,ANNUAL,ACTIVE,1,True,4097299.04,335
POL000003724,CUS00013636,LIFE,PRV4,2025-09-07,2030-09-06,2026-09-07,499862.61,8733883.33,ANNUAL,ACTIVE,1,True,499862.61,7
POL000003725,CUS00013643,LIFE,PRV2,2024-10-04,2034-10-02,2026-10-04,320370.93,5400254.56,ANNUAL,ACTIVE,1,True,320370.93,34
POL000003726,CUS00013664,TRAVEL,PRV2,2025-10-04,2030-10-03,2026-10-04,181206.14,1748587.11,MONTHLY,ACTIVE,1,True,181206.14,34
POL000003727,CUS00013669,HOME,PRV4,2023-01-06,2043-01-01,2027-01-05,513785.93,8770589.31,QUARTERLY,ACTIVE,1,True,513785.93,127
POL000003728,CUS00013671,LIFE,PRV2,2025-10-05,2035-10-03,2026-10-05,13876432.7,306921451.86,ANNUAL,ACTIVE,1,True,13876432.7,35
POL000003729,CUS00013672,HEALTH,PRV3,2024-06-30,2044-06-25,2027-06-30,8097252.21,77697706.23,ANNUAL,ACTIVE,1,True,8097252.21,303
POL000003730,CUS00013678,MOTOR,PRV2,2024-11-20,2034-11-18,2026-11-20,340497.66,7902030.84,MONTHLY,ACTIVE,1,True,340497.66,81
POL000003731,CUS00013681,LIFE,PRV5,2022-11-02,2042-10-28,2026-11-01,6971440.6,169599414.63,QUARTERLY,ACTIVE,1,True,6971440.6,62
POL000003732,CUS00013682,HOME,PRV4,2026-03-28,2031-03-27,2027-03-28,420247.49,6953987.3,ANNUAL,ACTIVE,1,True,420247.49,209
POL000003733,CUS00013685,HEALTH,PRV3,2023-09-03,2033-08-31,2026-09-02,245223.79,4760736.94,ANNUAL,ACTIVE,1,True,245223.79,2
POL000003734,CUS00013690,HEALTH,PRV1,2026-06-05,2031-06-04,2027-06-05,430100.64,8850606.09,MONTHLY,ACTIVE,1,True,430100.64,278
POL000003735,CUS00013694,HEALTH,PRV1,2026-06-11,2036-06-08,2027-06-11,7832967.53,185643488.24,ANNUAL,ACTIVE,1,True,7832967.53,284
POL000003736,CUS00013697,LIFE,PRV2,2025-11-25,2026-11-25,2026-11-25,262176.37,6142587.76,ANNUAL,ACTIVE,1,True,262176.37,86
POL000003737,CUS00013698,MOTOR,PRV4,2023-07-02,2043-06-27,2027-07-01,9035129.81,203181984.85,MONTHLY,ACTIVE,1,True,9035129.81,304
POL000003738,CUS00013699,HEALTH,PRV2,2023-04-09,2024-04-08,2027-04-08,907483.87,19842528.28,ANNUAL,LAPSED,1,False,0.0,
POL000003739,CUS00013700,LIFE,PRV3,2022-11-05,2042-10-31,2026-11-04,2845097.95,47478459.98,MONTHLY,ACTIVE,1,True,2845097.95,65
POL000003740,CUS00013703,HEALTH,PRV3,2024-08-13,2044-08-08,2027-08-13,654400.1,7672291.42,ANNUAL,ACTIVE,1,True,654400.1,347
POL000003741,CUS00013706,LIFE,PRV3,2024-10-30,2025-10-30,2026-10-30,548594.25,5937818.95,ANNUAL,LAPSED,1,False,0.0,
POL000003742,CUS00013708,HEALTH,PRV5,2026-05-31,2046-05-26,2027-05-31,315794.5,5636649.68,MONTHLY,ACTIVE,1,True,315794.5,273
POL000003743,CUS00013711,MOTOR,PRV3,2023-08-26,2024-08-25,2027-08-25,7251713.93,178283074.23,ANNUAL,LAPSED,1,False,0.0,
POL000003744,CUS00013712,HOME,PRV2,2022-11-21,2027-11-20,2026-11-20,219211.19,2654434.68,MONTHLY,ACTIVE,2,True,702532.59,81
POL000003745,CUS00013712,HEALTH,PRV2,2026-05-24,2031-05-23,2027-05-24,483321.4,11165026.08,MONTHLY,ACTIVE,2,True,702532.59,81
POL000003746,CUS00013724,LIFE,PRV3,2024-10-09,2025-10-09,2026-10-09,437643.08,10365308.18,MONTHLY,LAPSED,2,True,491826.56,331
POL000003747,CUS00013724,MOTOR,PRV1,2023-07-29,2028-07-27,2027-07-28,491826.56,4095177.85,MONTHLY,ACTIVE,2,True,491826.56,331
POL000003748,CUS00013725,MOTOR,PRV1,2026-01-28,2031-01-27,2027-01-28,1243714.31,13450889.02,ANNUAL,ACTIVE,1,True,1243714.31,150
POL000003749,CUS00013731,HEALTH,PRV1,2026-01-06,2027-01-06,2027-01-06,1709470.12,36798894.79,ANNUAL,ACTIVE,1,True,1709470.12,128
POL000003750,CUS00013732,HEALTH,PRV3,2024-10-09,2025-10-09,2026-10-09,2667074.06,31949973.01,MONTHLY,LAPSED,1,False,0.0,
POL000003751,CUS00013736,HEALTH,PRV4,2025-04-20,2045-04-15,2027-04-20,238725.6,4699978.56,MONTHLY,ACTIVE,1,True,238725.6,232
POL000003752,CUS00013740,HEALTH,PRV2,2024-12-08,2034-12-06,2026-12-08,116284.78,1780081.33,ANNUAL,ACTIVE,1,True,116284.78,99
POL000003753,CUS00013745,LIFE,PRV2,2025-02-26,2026-02-26,2027-02-26,413175.09,6569296.13,QUARTERLY,LAPSED,1,False,0.0,
POL000003754,CUS00013760,HEALTH,PRV2,2025-02-12,2045-02-07,2027-02-12,1056688.48,22488329.28,QUARTERLY,ACTIVE,1,True,1056688.48,165
POL000003755,CUS00013762,MOTOR,PRV2,2025-12-05,2030-12-04,2026-12-05,129743.03,1689242.77,ANNUAL,ACTIVE,1,True,129743.03,96
POL000003756,CUS00013769,LIFE,PRV5,2025-12-20,2026-12-20,2026-12-20,491223.79,4044929.74,ANNUAL,ACTIVE,2,True,996510.1,111
POL000003757,CUS00013769,HOME,PRV1,2025-12-20,2030-12-19,2026-12-20,505286.31,7215284.81,QUARTERLY,ACTIVE,2,True,996510.1,111
POL000003758,CUS00013770,HOME,PRV3,2024-02-19,2025-02-18,2027-02-18,3382181.73,43545881.62,ANNUAL,LAPSED,1,False,0.0,
POL000003759,CUS00013772,HEALTH,PRV2,2023-07-19,2024-07-18,2027-07-18,453990.56,5732172.53,QUARTERLY,LAPSED,1,False,0.0,
POL000003760,CUS00013775,MOTOR,PRV2,2023-09-21,2024-09-20,2026-09-20,307624.76,3372407.68,QUARTERLY,LAPSED,1,False,0.0,
POL000003761,CUS00013782,LIFE,PRV2,2026-02-16,2036-02-14,2027-02-16,4608336.51,57979450.38,QUARTERLY,ACTIVE,1,True,4608336.51,169
POL000003762,CUS00013791,HEALTH,PRV5,2024-11-12,2025-11-12,2026-11-12,172280.22,4182593.34,ANNUAL,LAPSED,1,False,0.0,
POL000003763,CUS00013795,HEALTH,PRV4,2026-05-28,2036-05-25,2027-05-28,1259932.72,24605645.64,ANNUAL,ACTIVE,1,True,1259932.72,270
POL000003764,CUS00013797,HOME,PRV1,2024-06-27,2029-06-26,2027-06-27,1129887.15,23424653.7,MONTHLY,ACTIVE,1,True,1129887.15,300
POL000003765,CUS00013799,MOTOR,PRV1,2023-06-12,2043-06-07,2027-06-11,4174523.47,71824217.12,ANNUAL,ACTIVE,1,True,4174523.47,284
POL000003766,CUS00013804,HEALTH,PRV4,2025-08-31,2045-08-26,2027-08-31,1173084.35,24779361.0,ANNUAL,ACTIVE,1,True,1173084.35,365
POL000003767,CUS00013807,TRAVEL,PRV3,2023-03-16,2043-03-11,2027-03-15,2140358.7,23120655.92,MONTHLY,ACTIVE,1,True,2140358.7,196
POL000003768,CUS00013812,TRAVEL,PRV1,2022-12-31,2042-12-26,2026-12-30,425529.54,6558474.79,QUARTERLY,ACTIVE,1,True,425529.54,121
POL000003769,CUS00013814,LIFE,PRV2,2026-01-13,2046-01-08,2027-01-13,8572434.44,99055272.81,ANNUAL,ACTIVE,1,True,8572434.44,135
POL000003770,CUS00013822,LIFE,PRV3,2025-10-09,2026-10-09,2026-10-09,3710691.49,72961454.65,MONTHLY,ACTIVE,1,True,3710691.49,39
POL000003771,CUS00013825,MOTOR,PRV4,2024-04-30,2025-04-30,2027-04-30,3202010.16,37250938.53,QUARTERLY,LAPSED,1,False,0.0,
POL000003772,CUS00013830,HOME,PRV5,2022-09-22,2032-09-19,2026-09-21,2955373.15,64213207.01,ANNUAL,ACTIVE,1,True,2955373.15,21
POL000003773,CUS00013832,HEALTH,PRV5,2024-03-24,2044-03-19,2027-03-24,2419829.62,39423414.68,QUARTERLY,ACTIVE,1,True,2419829.62,205
POL000003774,CUS00013836,LIFE,PRV2,2023-02-10,2033-02-07,2027-02-09,3088168.96,72918982.77,MONTHLY,ACTIVE,1,True,3088168.96,162
POL000003775,CUS00013837,TRAVEL,PRV1,2025-04-12,2030-04-11,2027-04-12,459382.71,8707379.14,ANNUAL,ACTIVE,1,True,459382.71,224
POL000003776,CUS00013839,LIFE,PRV2,2026-06-14,2036-06-11,2027-06-14,1098301.09,13476993.55,ANNUAL,ACTIVE,2,True,2915287.88,32
POL000003777,CUS00013839,HOME,PRV2,2022-10-03,2032-09-30,2026-10-02,1816986.79,18226970.06,ANNUAL,ACTIVE,2,True,2915287.88,32
POL000003778,CUS00013841,HEALTH,PRV1,2024-12-02,2029-12-01,2026-12-02,825676.64,11315116.77,ANNUAL,ACTIVE,1,True,825676.64,93
POL000003779,CUS00013843,LIFE,PRV5,2024-04-18,2034-04-16,2027-04-18,1515358.6,32631002.69,ANNUAL,ACTIVE,1,True,1515358.6,230
POL000003780,CUS00013854,HEALTH,PRV3,2024-02-25,2034-02-22,2027-02-24,856448.84,19309292.74,MONTHLY,ACTIVE,1,True,856448.84,177
POL000003781,CUS00013856,LIFE,PRV4,2023-01-16,2043-01-11,2027-01-15,4245400.37,49326239.09,ANNUAL,ACTIVE,1,True,4245400.37,137
POL000003782,CUS00013864,TRAVEL,PRV3,2023-03-16,2028-03-14,2027-03-15,1814154.89,23823696.24,MONTHLY,ACTIVE,1,True,1814154.89,196
POL000003783,CUS00013870,MOTOR,PRV4,2023-10-07,2024-10-06,2026-10-06,1536366.4,16732217.64,QUARTERLY,LAPSED,1,False,0.0,
POL000003784,CUS00013875,LIFE,PRV5,2025-07-02,2030-07-01,2027-07-02,8009804.87,189869650.47,ANNUAL,ACTIVE,1,True,8009804.87,305
POL000003785,CUS00013880,MOTOR,PRV3,2026-01-31,2036-01-29,2027-01-31,2314998.84,43725245.99,QUARTERLY,ACTIVE,1,True,2314998.84,153
POL000003786,CUS00013882,HEALTH,PRV2,2024-05-24,2025-05-24,2027-05-24,5172152.64,118273232.25,ANNUAL,LAPSED,1,False,0.0,
POL000003787,CUS00013886,LIFE,PRV2,2023-01-26,2033-01-23,2027-01-25,1274583.52,25035526.56,QUARTERLY,ACTIVE,1,True,1274583.52,147
POL000003788,CUS00013887,HEALTH,PRV3,2023-01-19,2043-01-14,2027-01-18,481330.64,10936348.72,MONTHLY,ACTIVE,1,True,481330.64,140
POL000003789,CUS00013891,LIFE,PRV3,2025-06-25,2045-06-20,2027-06-25,7234975.39,144338883.79,QUARTERLY,ACTIVE,1,True,7234975.39,298
POL000003790,CUS00013893,LIFE,PRV4,2024-03-16,2025-03-16,2027-03-16,182047.82,4110374.23,MONTHLY,LAPSED,2,True,531384.09,24
POL000003791,CUS00013893,HEALTH,PRV2,2024-09-24,2044-09-19,2026-09-24,531384.09,8966195.96,ANNUAL,ACTIVE,2,True,531384.09,24
POL000003792,CUS00013904,MOTOR,PRV2,2025-10-09,2035-10-07,2026-10-09,22908209.72,489636663.42,ANNUAL,ACTIVE,1,True,22908209.72,39
POL000003793,CUS00013908,LIFE,PRV5,2024-09-25,2044-09-20,2026-09-25,4168814.43,43031578.9,QUARTERLY,ACTIVE,2,True,8190748.53,25
POL000003794,CUS00013908,MOTOR,PRV3,2024-12-17,2029-12-16,2026-12-17,4021934.1,71215475.34,MONTHLY,ACTIVE,2,True,8190748.53,25
POL000003795,CUS00013909,HOME,PRV1,2024-05-16,2034-05-14,2027-05-16,1219998.98,20006904.56,ANNUAL,ACTIVE,2,True,1898553.95,258
POL000003796,CUS00013909,LIFE,PRV3,2023-08-03,2043-07-29,2027-08-02,678554.97,12449406.27,MONTHLY,ACTIVE,2,True,1898553.95,258
POL000003797,CUS00013913,HOME,PRV4,2023-11-26,2024-11-25,2026-11-25,29358682.46,501253806.86,MONTHLY,LAPSED,1,False,0.0,
POL000003798,CUS00013915,TRAVEL,PRV1,2023-04-18,2028-04-16,2027-04-17,3660084.93,86152407.01,ANNUAL,ACTIVE,1,True,3660084.93,229
POL000003799,CUS00013924,HEALTH,PRV3,2023-07-22,2043-07-17,2027-07-21,412593.4,6711159.38,ANNUAL,ACTIVE,1,True,412593.4,324
POL000003800,CUS00013926,HOME,PRV5,2023-01-30,2043-01-25,2027-01-29,5471693.07,91365485.71,ANNUAL,ACTIVE,1,True,5471693.07,151
POL000003801,CUS00013927,LIFE,PRV1,2022-08-20,2027-08-19,2027-08-19,25550202.95,225047384.33,ANNUAL,ACTIVE,2,True,53100458.72,198
POL000003802,CUS00013927,HEALTH,PRV4,2026-03-17,2046-03-12,2027-03-17,27550255.77,521942741.77,QUARTERLY,ACTIVE,2,True,53100458.72,198
POL000003803,CUS00013928,MOTOR,PRV5,2024-10-25,2025-10-25,2026-10-25,104197.79,1518751.02,MONTHLY,LAPSED,1,False,0.0,
POL000003804,CUS00013936,LIFE,PRV2,2026-03-11,2031-03-10,2027-03-11,136975.66,2294442.14,QUARTERLY,ACTIVE,2,True,531329.3,192
POL000003805,CUS00013936,LIFE,PRV4,2023-04-24,2028-04-22,2027-04-23,394353.64,7400167.91,ANNUAL,ACTIVE,2,True,531329.3,192
POL000003806,CUS00013937,LIFE,PRV5,2025-04-16,2045-04-11,2027-04-16,558768.05,4618530.14,ANNUAL,ACTIVE,1,True,558768.05,228
POL000003807,CUS00013941,HEALTH,PRV3,2023-11-15,2024-11-14,2026-11-14,3149161.82,55443412.98,MONTHLY,LAPSED,1,False,0.0,
POL000003808,CUS00013943,MOTOR,PRV2,2025-11-16,2030-11-15,2026-11-16,4711848.68,62107623.6,QUARTERLY,ACTIVE,1,True,4711848.68,77
POL000003809,CUS00013945,LIFE,PRV1,2026-06-19,2027-06-19,2027-06-19,624462.2,13344956.1,MONTHLY,ACTIVE,1,True,624462.2,292
POL000003810,CUS00013949,HOME,PRV1,2024-12-17,2044-12-12,2026-12-17,18123723.72,219638089.46,ANNUAL,ACTIVE,1,True,18123723.72,108
POL000003811,CUS00013950,LIFE,PRV1,2022-08-27,2042-08-22,2027-08-26,1864163.22,15810971.73,ANNUAL,ACTIVE,1,True,1864163.22,360
POL000003812,CUS00013951,HEALTH,PRV3,2026-03-12,2031-03-11,2027-03-12,10659093.95,123441280.83,ANNUAL,ACTIVE,1,True,10659093.95,193
POL000003813,CUS00013959,HEALTH,PRV5,2023-07-16,2024-07-15,2027-07-15,346781.26,7671132.34,MONTHLY,LAPSED,1,False,0.0,
POL000003814,CUS00013961,HEALTH,PRV1,2023-09-03,2028-09-01,2026-09-02,3492132.87,53269988.98,QUARTERLY,ACTIVE,1,True,3492132.87,2
POL000003815,CUS00013962,TRAVEL,PRV3,2024-01-22,2029-01-20,2027-01-21,1155032.46,13358623.9,ANNUAL,ACTIVE,1,True,1155032.46,143
POL000003816,CUS00014000,LIFE,PRV3,2022-09-25,2027-09-24,2026-09-24,12997024.64,323332598.4,ANNUAL,ACTIVE,1,True,12997024.64,24
POL000003817,CUS00014001,HEALTH,PRV5,2025-04-09,2030-04-08,2027-04-09,4129991.68,57824818.74,ANNUAL,ACTIVE,1,True,4129991.68,221
POL000003818,CUS00014003,LIFE,PRV1,2023-10-13,2028-10-11,2026-10-12,412028.5,9299716.7,MONTHLY,ACTIVE,1,True,412028.5,42
POL000003819,CUS00014004,LIFE,PRV1,2022-08-23,2027-08-22,2027-08-22,5168812.33,75522010.84,QUARTERLY,ACTIVE,1,True,5168812.33,356
POL000003820,CUS00014006,HEALTH,PRV5,2023-12-31,2033-12-28,2026-12-30,9826180.88,159669749.99,ANNUAL,ACTIVE,2,True,18304850.96,96
POL000003821,CUS00014006,LIFE,PRV1,2025-12-05,2035-12-03,2026-12-05,8478670.08,137973699.12,QUARTERLY,ACTIVE,2,True,18304850.96,96
POL000003822,CUS00014010,LIFE,PRV3,2026-01-06,2046-01-01,2027-01-06,738168.6,13253621.47,QUARTERLY,ACTIVE,1,True,738168.6,128
POL000003823,CUS00014012,LIFE,PRV3,2026-03-22,2046-03-17,2027-03-22,2373400.31,21152142.84,MONTHLY,ACTIVE,1,True,2373400.31,203
POL000003824,CUS00014017,HOME,PRV3,2022-10-13,2027-10-12,2026-10-12,3358696.15,43826462.81,ANNUAL,ACTIVE,1,True,3358696.15,42
POL000003825,CUS00014029,HEALTH,PRV4,2024-02-11,2034-02-08,2027-02-10,8138983.01,102401161.4,MONTHLY,ACTIVE,1,True,8138983.01,163
POL000003826,CUS00014034,HEALTH,PRV1,2024-06-24,2029-06-23,2027-06-24,935179.21,8123397.64,QUARTERLY,ACTIVE,1,True,935179.21,297
POL000003827,CUS00014042,MOTOR,PRV2,2026-04-27,2036-04-24,2027-04-27,2733509.92,65303406.0,MONTHLY,ACTIVE,1,True,2733509.92,239
POL000003828,CUS00014043,MOTOR,PRV5,2024-07-20,2025-07-20,2027-07-20,3293794.7,52409831.67,MONTHLY,LAPSED,1,False,0.0,
POL000003829,CUS00014067,LIFE,PRV4,2026-04-23,2031-04-22,2027-04-23,1110550.87,12027028.29,MONTHLY,ACTIVE,1,True,1110550.87,235
POL000003830,CUS00014069,LIFE,PRV2,2025-04-01,2045-03-27,2027-04-01,854788.79,12013406.42,MONTHLY,ACTIVE,1,True,854788.79,213
POL000003831,CUS00014074,LIFE,PRV2,2024-03-30,2025-03-30,2027-03-30,344133.92,3092735.78,MONTHLY,LAPSED,2,True,244120.02,364
POL000003832,CUS00014074,LIFE,PRV2,2024-08-30,2034-08-28,2027-08-30,244120.02,3716621.74,ANNUAL,ACTIVE,2,True,244120.02,364
POL000003833,CUS00014077,HEALTH,PRV4,2024-11-01,2029-10-31,2026-11-01,136887.26,2464391.83,ANNUAL,ACTIVE,1,True,136887.26,62
POL000003834,CUS00014083,LIFE,PRV1,2026-01-04,2031-01-03,2027-01-04,11130434.11,262513272.77,QUARTERLY,ACTIVE,1,True,11130434.11,126
POL000003835,CUS00014086,HEALTH,PRV2,2025-05-15,2045-05-10,2027-05-15,341488.38,6807992.7,ANNUAL,ACTIVE,1,True,341488.38,257
POL000003836,CUS00014092,LIFE,PRV3,2024-11-17,2044-11-12,2026-11-17,1564568.37,18535424.61,MONTHLY,ACTIVE,1,True,1564568.37,78
POL000003837,CUS00014106,HEALTH,PRV4,2025-01-16,2026-01-16,2027-01-16,2941998.38,47561329.71,ANNUAL,LAPSED,1,False,0.0,
POL000003838,CUS00014112,HOME,PRV5,2025-10-29,2045-10-24,2026-10-29,380971.61,5413189.54,QUARTERLY,ACTIVE,1,True,380971.61,59
POL000003839,CUS00014117,HEALTH,PRV5,2026-04-01,2036-03-29,2027-04-01,10433672.64,216704602.16,MONTHLY,ACTIVE,1,True,10433672.64,213
POL000003840,CUS00014124,HOME,PRV4,2026-04-18,2046-04-13,2027-04-18,13234350.21,140308735.57,ANNUAL,ACTIVE,1,True,13234350.21,230
POL000003841,CUS00014135,HEALTH,PRV5,2026-04-28,2036-04-25,2027-04-28,18055228.91,322521534.08,ANNUAL,ACTIVE,2,True,35114703.51,240
POL000003842,CUS00014135,LIFE,PRV3,2023-05-26,2033-05-23,2027-05-25,17059474.6,274030525.45,ANNUAL,ACTIVE,2,True,35114703.51,240
POL000003843,CUS00014138,HEALTH,PRV5,2022-09-18,2027-09-17,2026-09-17,818411.0,9536198.17,MONTHLY,ACTIVE,1,True,818411.0,17
POL000003844,CUS00014141,TRAVEL,PRV5,2025-08-24,2030-08-23,2027-08-24,1000384.51,12793742.56,ANNUAL,ACTIVE,1,True,1000384.51,358
POL000003845,CUS00014142,HOME,PRV3,2023-12-05,2033-12-02,2026-12-04,651629.49,11722931.01,MONTHLY,ACTIVE,1,True,651629.49,95
POL000003846,CUS00014143,LIFE,PRV3,2026-06-09,2027-06-09,2027-06-09,1201150.51,16952671.44,MONTHLY,ACTIVE,1,True,1201150.51,282
POL000003847,CUS00014146,TRAVEL,PRV2,2025-02-17,2045-02-12,2027-02-17,269957.78,5232623.49,ANNUAL,ACTIVE,1,True,269957.78,170
POL000003848,CUS00014154,TRAVEL,PRV5,2024-10-28,2025-10-28,2026-10-28,359892.2,8225525.04,ANNUAL,LAPSED,1,False,0.0,
POL000003849,CUS00014160,HOME,PRV1,2025-01-05,2026-01-05,2027-01-05,2879939.65,38147631.4,ANNUAL,LAPSED,1,False,0.0,
POL000003850,CUS00014164,MOTOR,PRV3,2022-12-11,2027-12-10,2026-12-10,5747486.55,98569866.83,QUARTERLY,ACTIVE,2,True,12670975.79,101
POL000003851,CUS00014164,LIFE,PRV5,2026-07-13,2046-07-08,2027-07-13,6923489.24,106932079.6,MONTHLY,ACTIVE,2,True,12670975.79,101
POL000003852,CUS00014165,HEALTH,PRV1,2022-09-22,2027-09-21,2026-09-21,7776831.06,98975559.04,MONTHLY,ACTIVE,2,True,7776831.06,21
POL000003853,CUS00014165,HEALTH,PRV1,2025-06-14,2026-06-14,2027-06-14,3994716.04,54212288.66,ANNUAL,LAPSED,2,True,7776831.06,21
POL000003854,CUS00014173,HEALTH,PRV3,2026-05-13,2027-05-13,2027-05-13,4790570.49,101048356.07,MONTHLY,ACTIVE,1,True,4790570.49,255
POL000003855,CUS00014177,HEALTH,PRV3,2023-01-08,2033-01-05,2027-01-07,187447.63,4059253.46,MONTHLY,ACTIVE,1,True,187447.63,129
POL000003856,CUS00014188,MOTOR,PRV1,2025-07-17,2045-07-12,2027-07-17,805389.54,9486843.74,QUARTERLY,ACTIVE,1,True,805389.54,320
POL000003857,CUS00014194,TRAVEL,PRV1,2024-04-03,2044-03-29,2027-04-03,12883736.99,128880741.79,MONTHLY,ACTIVE,1,True,12883736.99,215
POL000003858,CUS00014195,MOTOR,PRV4,2023-05-25,2033-05-22,2027-05-24,8186816.19,81483406.22,MONTHLY,ACTIVE,2,True,8186816.19,266
POL000003859,CUS00014195,HEALTH,PRV1,2024-04-15,2025-04-15,2027-04-15,7342858.66,162810043.79,QUARTERLY,LAPSED,2,True,8186816.19,266
POL000003860,CUS00014198,HOME,PRV5,2024-04-24,2034-04-22,2027-04-24,767867.44,18542853.31,MONTHLY,ACTIVE,1,True,767867.44,236
POL000003861,CUS00014201,MOTOR,PRV2,2024-03-27,2034-03-25,2027-03-27,571565.05,9941197.66,ANNUAL,ACTIVE,1,True,571565.05,208
POL000003862,CUS00014203,LIFE,PRV2,2023-04-28,2033-04-25,2027-04-27,1556068.61,36735188.21,MONTHLY,ACTIVE,1,True,1556068.61,239
POL000003863,CUS00014222,HEALTH,PRV3,2023-08-07,2043-08-02,2027-08-06,2983136.19,57174483.61,ANNUAL,ACTIVE,1,True,2983136.19,340
POL000003864,CUS00014232,HEALTH,PRV1,2022-09-09,2027-09-08,2026-09-08,2400163.89,49787227.15,ANNUAL,ACTIVE,1,True,2400163.89,8
POL000003865,CUS00014235,LIFE,PRV4,2022-10-09,2042-10-04,2026-10-08,2293631.95,37516886.1,MONTHLY,ACTIVE,1,True,2293631.95,38
POL000003866,CUS00014236,LIFE,PRV4,2026-01-23,2046-01-18,2027-01-23,901119.44,8632931.21,ANNUAL,ACTIVE,1,True,901119.44,145
POL000003867,CUS00014238,LIFE,PRV1,2023-07-28,2033-07-25,2027-07-27,477459.43,6777222.68,ANNUAL,ACTIVE,1,True,477459.43,330
POL000003868,CUS00014241,HEALTH,PRV4,2024-08-11,2034-08-09,2027-08-11,981423.53,23343327.39,ANNUAL,ACTIVE,1,True,981423.53,345
POL000003869,CUS00014242,HOME,PRV5,2023-10-19,2033-10-16,2026-10-18,815074.77,10801427.97,QUARTERLY,ACTIVE,1,True,815074.77,48
POL000003870,CUS00014244,HEALTH,PRV3,2024-09-30,2029-09-29,2026-09-30,553479.11,9704519.74,ANNUAL,ACTIVE,1,True,553479.11,30
POL000003871,CUS00014253,LIFE,PRV3,2025-06-29,2030-06-28,2027-06-29,262493.63,3078636.25,ANNUAL,ACTIVE,1,True,262493.63,302
POL000003872,CUS00014260,HOME,PRV1,2023-08-12,2028-08-10,2027-08-11,312882.1,2829897.29,ANNUAL,ACTIVE,1,True,312882.1,345
POL000003873,CUS00014263,MOTOR,PRV1,2024-12-22,2025-12-22,2026-12-22,352451.26,6288223.22,ANNUAL,LAPSED,1,False,0.0,
POL000003874,CUS00014264,LIFE,PRV3,2025-07-16,2035-07-14,2027-07-16,1982216.23,36479851.37,MONTHLY,ACTIVE,1,True,1982216.23,319
POL000003875,CUS00014269,HEALTH,PRV1,2026-07-18,2046-07-13,2027-07-18,739099.97,13241954.95,ANNUAL,ACTIVE,1,True,739099.97,321
POL000003876,CUS00014270,LIFE,PRV1,2025-01-22,2026-01-22,2027-01-22,269339.5,5227278.92,ANNUAL,LAPSED,1,False,0.0,
POL000003877,CUS00014271,HEALTH,PRV3,2025-11-28,2026-11-28,2026-11-28,30156393.9,301934185.11,ANNUAL,ACTIVE,1,True,30156393.9,89
POL000003878,CUS00014272,HEALTH,PRV2,2025-02-15,2026-02-15,2027-02-15,4960542.03,109539759.48,ANNUAL,LAPSED,1,False,0.0,
POL000003879,CUS00014274,HEALTH,PRV3,2026-01-04,2031-01-03,2027-01-04,2949782.68,45791979.72,QUARTERLY,ACTIVE,1,True,2949782.68,126
POL000003880,CUS00014275,MOTOR,PRV5,2025-11-04,2035-11-02,2026-11-04,650852.2,14968332.08,ANNUAL,ACTIVE,1,True,650852.2,65
POL000003881,CUS00014277,MOTOR,PRV3,2023-07-21,2024-07-20,2027-07-20,1395404.42,21556560.58,MONTHLY,LAPSED,2,True,2139770.61,343
POL000003882,CUS00014277,LIFE,PRV1,2025-08-09,2035-08-07,2027-08-09,2139770.61,38852137.98,MONTHLY,ACTIVE,2,True,2139770.61,343
POL000003883,CUS00014281,HEALTH,PRV2,2025-09-04,2030-09-03,2026-09-04,6142955.86,122443316.21,ANNUAL,ACTIVE,1,True,6142955.86,4
POL000003884,CUS00014282,LIFE,PRV5,2023-08-24,2043-08-19,2027-08-23,161398.4,2158299.84,ANNUAL,ACTIVE,1,True,161398.4,357
POL000003885,CUS00014284,HEALTH,PRV4,2023-07-24,2024-07-23,2027-07-23,100346.21,931286.9,MONTHLY,LAPSED,1,False,0.0,
POL000003886,CUS00014285,LIFE,PRV2,2023-10-29,2024-10-28,2026-10-28,13722214.72,245857759.52,ANNUAL,LAPSED,1,False,0.0,
POL000003887,CUS00014292,HEALTH,PRV2,2025-08-21,2030-08-20,2027-08-21,5580878.54,134128329.67,ANNUAL,ACTIVE,1,True,5580878.54,355
POL000003888,CUS00014293,LIFE,PRV2,2023-11-15,2028-11-13,2026-11-14,2351172.77,50978712.47,ANNUAL,ACTIVE,1,True,2351172.77,75
POL000003889,CUS00014295,LIFE,PRV4,2023-07-10,2028-07-08,2027-07-09,2759586.07,56554234.14,ANNUAL,ACTIVE,1,True,2759586.07,312
POL000003890,CUS00014306,HEALTH,PRV4,2023-10-18,2028-10-16,2026-10-17,851505.45,16423402.96,ANNUAL,ACTIVE,1,True,851505.45,47
POL000003891,CUS00014313,LIFE,PRV2,2025-03-15,2030-03-14,2027-03-15,628910.24,9805004.88,ANNUAL,ACTIVE,1,True,628910.24,196
POL000003892,CUS00014314,LIFE,PRV2,2022-11-15,2023-11-15,2026-11-14,588347.07,10033182.96,QUARTERLY,LAPSED,2,True,941009.61,247
POL000003893,CUS00014314,HEALTH,PRV4,2023-05-06,2043-05-01,2027-05-05,941009.61,22634872.15,ANNUAL,ACTIVE,2,True,941009.61,247
POL000003894,CUS00014318,LIFE,PRV2,2023-06-04,2033-06-01,2027-06-03,119201.65,1052117.51,ANNUAL,ACTIVE,1,True,119201.65,276
POL000003895,CUS00014321,HEALTH,PRV4,2025-12-08,2026-12-08,2026-12-08,135411.58,2801774.81,MONTHLY,ACTIVE,2,True,259173.78,99
POL000003896,CUS00014321,MOTOR,PRV5,2023-08-18,2043-08-13,2027-08-17,123762.2,1694542.55,ANNUAL,ACTIVE,2,True,259173.78,99
POL000003897,CUS00014344,TRAVEL,PRV3,2025-05-24,2030-05-23,2027-05-24,11282826.07,129159784.57,MONTHLY,ACTIVE,1,True,11282826.07,266
POL000003898,CUS00014345,HOME,PRV3,2026-03-09,2027-03-09,2027-03-09,1805698.09,29869982.38,MONTHLY,ACTIVE,1,True,1805698.09,190
POL000003899,CUS00014375,MOTOR,PRV3,2026-05-16,2036-05-13,2027-05-16,16412143.11,152120771.96,ANNUAL,ACTIVE,1,True,16412143.11,258
POL000003900,CUS00014379,LIFE,PRV1,2023-09-29,2033-09-26,2026-09-28,613314.77,6956574.1,MONTHLY,ACTIVE,1,True,613314.77,28
POL000003901,CUS00014389,MOTOR,PRV4,2025-11-11,2045-11-06,2026-11-11,493793.55,8436583.33,ANNUAL,ACTIVE,1,True,493793.55,72
POL000003902,CUS00014390,LIFE,PRV3,2023-02-03,2028-02-02,2027-02-02,412733.83,7473599.63,ANNUAL,ACTIVE,1,True,412733.83,155
POL000003903,CUS00014395,MOTOR,PRV3,2024-04-14,2025-04-14,2027-04-14,1613677.75,13637738.97,ANNUAL,LAPSED,1,False,0.0,
POL000003904,CUS00014402,HEALTH,PRV3,2025-10-14,2045-10-09,2026-10-14,5949225.34,49921453.15,ANNUAL,ACTIVE,1,True,5949225.34,44
POL000003905,CUS00014404,LIFE,PRV4,2024-09-23,2044-09-18,2026-09-23,507371.59,10610611.63,ANNUAL,ACTIVE,1,True,507371.59,23
POL000003906,CUS00014405,LIFE,PRV1,2022-10-29,2032-10-26,2026-10-28,650367.0,6311813.21,MONTHLY,ACTIVE,1,True,650367.0,58
POL000003907,CUS00014411,LIFE,PRV3,2024-08-26,2034-08-24,2027-08-26,507335.8,8503123.18,QUARTERLY,ACTIVE,1,True,507335.8,360
POL000003908,CUS00014414,MOTOR,PRV3,2026-07-17,2031-07-16,2027-07-17,5281196.71,122049710.34,ANNUAL,ACTIVE,1,True,5281196.71,320
POL000003909,CUS00014420,HEALTH,PRV3,2022-07-26,2027-07-25,2027-07-25,2314373.71,35753965.85,MONTHLY,ACTIVE,1,True,2314373.71,328
POL000003910,CUS00014426,TRAVEL,PRV3,2026-03-10,2036-03-07,2027-03-10,1665955.11,38951123.04,MONTHLY,ACTIVE,1,True,1665955.11,191
POL000003911,CUS00014432,HEALTH,PRV5,2024-01-10,2029-01-08,2027-01-09,847614.8,15260978.92,QUARTERLY,ACTIVE,1,True,847614.8,131
POL000003912,CUS00014437,LIFE,PRV5,2023-10-08,2024-10-07,2026-10-07,6185864.8,111985618.67,ANNUAL,LAPSED,1,False,0.0,
POL000003913,CUS00014445,LIFE,PRV1,2024-11-16,2034-11-14,2026-11-16,4749363.96,116781846.24,MONTHLY,ACTIVE,1,True,4749363.96,77
POL000003914,CUS00014462,MOTOR,PRV2,2025-07-04,2030-07-03,2027-07-04,150117.09,2952906.81,ANNUAL,ACTIVE,2,True,328732.05,107
POL000003915,CUS00014462,HOME,PRV2,2025-12-16,2035-12-14,2026-12-16,178614.96,2255428.78,QUARTERLY,ACTIVE,2,True,328732.05,107
POL000003916,CUS00014463,LIFE,PRV4,2023-09-10,2043-09-05,2026-09-09,1154582.96,26656640.38,MONTHLY,ACTIVE,2,True,1154582.96,9
POL000003917,CUS00014463,HEALTH,PRV2,2024-02-05,2025-02-04,2027-02-04,1546036.02,30840445.1,QUARTERLY,LAPSED,2,True,1154582.96,9
POL000003918,CUS00014465,LIFE,PRV5,2026-05-20,2027-05-20,2027-05-20,114008.71,2481529.42,ANNUAL,ACTIVE,1,True,114008.71,262
POL000003919,CUS00014466,LIFE,PRV4,2025-03-17,2035-03-15,2027-03-17,3189838.95,79523442.21,QUARTERLY,ACTIVE,2,True,6750281.05,198
POL000003920,CUS00014466,LIFE,PRV5,2026-07-06,2027-07-06,2027-07-06,3560442.1,57599796.27,ANNUAL,ACTIVE,2,True,6750281.05,198
POL000003921,CUS00014469,HEALTH,PRV3,2023-04-01,2033-03-29,2027-03-31,414985.85,8379742.52,ANNUAL,ACTIVE,1,True,414985.85,212
POL000003922,CUS00014478,HEALTH,PRV2,2025-12-20,2030-12-19,2026-12-20,856230.4,15257908.3,MONTHLY,ACTIVE,1,True,856230.4,111
POL000003923,CUS00014483,HEALTH,PRV3,2025-12-14,2045-12-09,2026-12-14,432816.55,6946356.38,MONTHLY,ACTIVE,1,True,432816.55,105
POL000003924,CUS00014490,HEALTH,PRV1,2026-05-29,2031-05-28,2027-05-29,305100.38,6028712.8,QUARTERLY,ACTIVE,1,True,305100.38,271
POL000003925,CUS00014491,LIFE,PRV2,2023-06-06,2028-06-04,2027-06-05,1029240.54,17604874.91,ANNUAL,ACTIVE,2,True,2989006.13,107
POL000003926,CUS00014491,MOTOR,PRV3,2022-12-17,2042-12-12,2026-12-16,1959765.59,21316781.03,ANNUAL,ACTIVE,2,True,2989006.13,107
POL000003927,CUS00014494,LIFE,PRV5,2024-09-30,2029-09-29,2026-09-30,308516.53,3501756.44,MONTHLY,ACTIVE,1,True,308516.53,30
POL000003928,CUS00014500,MOTOR,PRV1,2023-11-12,2033-11-09,2026-11-11,15803345.98,365480107.36,ANNUAL,ACTIVE,1,True,15803345.98,72
POL000003929,CUS00014512,TRAVEL,PRV5,2023-10-17,2033-10-14,2026-10-16,1767427.57,29111639.98,ANNUAL,ACTIVE,1,True,1767427.57,46
POL000003930,CUS00014513,TRAVEL,PRV4,2024-09-17,2044-09-12,2026-09-17,5015382.81,45157532.87,ANNUAL,ACTIVE,2,True,16206571.86,17
POL000003931,CUS00014513,HEALTH,PRV4,2025-07-05,2030-07-04,2027-07-05,11191189.05,241531592.76,ANNUAL,ACTIVE,2,True,16206571.86,17
POL000003932,CUS00014519,LIFE,PRV4,2025-12-28,2026-12-28,2026-12-28,8732480.43,165309069.2,QUARTERLY,ACTIVE,1,True,8732480.43,119
POL000003933,CUS00014524,LIFE,PRV2,2024-01-23,2025-01-22,2027-01-22,8234044.46,138258412.64,MONTHLY,LAPSED,1,False,0.0,
POL000003934,CUS00014530,TRAVEL,PRV4,2023-04-30,2024-04-29,2027-04-29,430513.08,7703834.49,MONTHLY,LAPSED,1,False,0.0,
POL000003935,CUS00014531,HEALTH,PRV2,2025-01-01,2044-12-27,2027-01-01,3777847.65,55555131.57,ANNUAL,ACTIVE,2,True,5183672.67,59
POL000003936,CUS00014531,LIFE,PRV1,2022-10-30,2042-10-25,2026-10-29,1405825.02,21189775.36,ANNUAL,ACTIVE,2,True,5183672.67,59
POL000003937,CUS00014533,LIFE,PRV1,2024-05-19,2025-05-19,2027-05-19,541022.46,11275624.71,MONTHLY,LAPSED,1,False,0.0,
POL000003938,CUS00014535,HEALTH,PRV1,2023-08-07,2028-08-05,2027-08-06,2116137.38,50854345.5,ANNUAL,ACTIVE,1,True,2116137.38,340
POL000003939,CUS00014537,LIFE,PRV2,2023-01-22,2024-01-22,2027-01-21,3699403.72,75609405.65,MONTHLY,LAPSED,1,False,0.0,
POL000003940,CUS00014538,HEALTH,PRV5,2024-05-07,2029-05-06,2027-05-07,2066076.38,48758178.16,QUARTERLY,ACTIVE,1,True,2066076.38,249
POL000003941,CUS00014541,LIFE,PRV1,2026-05-12,2027-05-12,2027-05-12,5309420.98,64752461.25,QUARTERLY,ACTIVE,1,True,5309420.98,254
POL000003942,CUS00014549,LIFE,PRV4,2023-04-05,2028-04-03,2027-04-04,307446.87,5102461.57,ANNUAL,ACTIVE,1,True,307446.87,216
POL000003943,CUS00014550,LIFE,PRV1,2023-02-24,2024-02-24,2027-02-23,5735116.94,115201520.49,ANNUAL,LAPSED,1,False,0.0,
POL000003944,CUS00014555,MOTOR,PRV2,2022-11-17,2023-11-17,2026-11-16,347690.09,6319546.13,ANNUAL,LAPSED,1,False,0.0,
POL000003945,CUS00014562,LIFE,PRV5,2023-07-17,2028-07-15,2027-07-16,4405243.67,100935965.68,QUARTERLY,ACTIVE,2,True,6729170.7,316
POL000003946,CUS00014562,HOME,PRV3,2025-07-13,2030-07-12,2027-07-13,2323927.03,54018257.05,MONTHLY,ACTIVE,2,True,6729170.7,316
POL000003947,CUS00014566,TRAVEL,PRV5,2023-03-03,2028-03-01,2027-03-02,1483817.19,13085317.8,QUARTERLY,ACTIVE,1,True,1483817.19,183
POL000003948,CUS00014568,LIFE,PRV1,2026-05-16,2031-05-15,2027-05-16,4048941.51,61744497.89,MONTHLY,ACTIVE,2,True,5082904.27,89
POL000003949,CUS00014568,LIFE,PRV1,2022-11-29,2027-11-28,2026-11-28,1033962.76,15657662.47,ANNUAL,ACTIVE,2,True,5082904.27,89
POL000003950,CUS00014569,TRAVEL,PRV1,2022-12-16,2032-12-13,2026-12-15,2494008.13,45685833.56,MONTHLY,ACTIVE,1,True,2494008.13,106
POL000003951,CUS00014573,HEALTH,PRV5,2022-09-05,2032-09-02,2026-09-04,324218.4,4054447.49,MONTHLY,ACTIVE,1,True,324218.4,4
POL000003952,CUS00014578,MOTOR,PRV3,2024-12-24,2025-12-24,2026-12-24,34856828.6,739812989.98,ANNUAL,LAPSED,1,False,0.0,
POL000003953,CUS00014579,MOTOR,PRV2,2023-03-17,2024-03-16,2027-03-16,6657846.67,157033737.18,ANNUAL,LAPSED,1,False,0.0,
POL000003954,CUS00014581,MOTOR,PRV3,2025-11-21,2026-11-21,2026-11-21,258350.09,2599808.57,ANNUAL,ACTIVE,1,True,258350.09,82
POL000003955,CUS00014584,LIFE,PRV4,2024-10-23,2044-10-18,2026-10-23,925856.21,12933114.8,MONTHLY,ACTIVE,1,True,925856.21,53
POL000003956,CUS00014585,HEALTH,PRV3,2024-03-15,2034-03-13,2027-03-15,1696467.65,27386751.57,QUARTERLY,ACTIVE,1,True,1696467.65,196
POL000003957,CUS00014590,LIFE,PRV1,2023-02-24,2028-02-23,2027-02-23,121974.5,2296740.53,ANNUAL,ACTIVE,1,True,121974.5,176
POL000003958,CUS00014591,HOME,PRV2,2025-09-25,2035-09-23,2026-09-25,2188240.6,28917232.98,ANNUAL,ACTIVE,1,True,2188240.6,25
POL000003959,CUS00014601,HEALTH,PRV3,2024-02-19,2029-02-17,2027-02-18,477995.01,4430348.62,ANNUAL,ACTIVE,1,True,477995.01,171
POL000003960,CUS00014614,LIFE,PRV3,2023-06-12,2028-06-10,2027-06-11,5420816.02,124003700.7,ANNUAL,ACTIVE,1,True,5420816.02,284
POL000003961,CUS00014616,LIFE,PRV4,2023-06-29,2033-06-26,2027-06-28,1122388.08,14215337.54,QUARTERLY,ACTIVE,1,True,1122388.08,301
POL000003962,CUS00014617,TRAVEL,PRV2,2025-11-20,2026-11-20,2026-11-20,1110729.53,9185921.54,ANNUAL,ACTIVE,1,True,1110729.53,81
POL000003963,CUS00014619,TRAVEL,PRV5,2022-09-17,2027-09-16,2026-09-16,244646.92,2483006.35,QUARTERLY,ACTIVE,1,True,244646.92,16
POL000003964,CUS00014625,MOTOR,PRV5,2023-04-06,2028-04-04,2027-04-05,8866058.99,145221580.44,ANNUAL,ACTIVE,1,True,8866058.99,217
POL000003965,CUS00014626,LIFE,PRV1,2024-05-12,2029-05-11,2027-05-12,2566503.31,37445139.78,MONTHLY,ACTIVE,1,True,2566503.31,254
POL000003966,CUS00014627,LIFE,PRV1,2024-12-26,2044-12-21,2026-12-26,62492.72,967170.93,MONTHLY,ACTIVE,1,True,62492.72,117
POL000003967,CUS00014628,TRAVEL,PRV5,2023-01-23,2033-01-20,2027-01-22,625143.1,6507663.26,ANNUAL,ACTIVE,1,True,625143.1,144
POL000003968,CUS00014649,LIFE,PRV5,2024-12-04,2034-12-02,2026-12-04,534727.14,6810339.21,ANNUAL,ACTIVE,1,True,534727.14,95
POL000003969,CUS00014653,LIFE,PRV1,2022-10-11,2042-10-06,2026-10-10,609445.87,8665194.62,QUARTERLY,ACTIVE,1,True,609445.87,40
POL000003970,CUS00014656,HEALTH,PRV4,2022-08-16,2032-08-13,2027-08-15,944322.51,23272376.95,ANNUAL,ACTIVE,1,True,944322.51,349
POL000003971,CUS00014658,LIFE,PRV4,2025-08-18,2030-08-17,2027-08-18,523795.17,13029375.06,ANNUAL,ACTIVE,1,True,523795.17,352
POL000003972,CUS00014660,HEALTH,PRV3,2025-03-05,2035-03-03,2027-03-05,222819.24,5453425.56,QUARTERLY,ACTIVE,1,True,222819.24,186
POL000003973,CUS00014663,MOTOR,PRV1,2025-10-06,2030-10-05,2026-10-06,3673930.09,84745796.94,QUARTERLY,ACTIVE,1,True,3673930.09,36
POL000003974,CUS00014667,LIFE,PRV2,2024-12-27,2034-12-25,2026-12-27,496627.59,6570342.66,ANNUAL,ACTIVE,1,True,496627.59,118
POL000003975,CUS00014670,HEALTH,PRV3,2024-11-15,2029-11-14,2026-11-15,474985.16,4381214.33,ANNUAL,ACTIVE,1,True,474985.16,76
POL000003976,CUS00014673,TRAVEL,PRV2,2025-08-08,2035-08-06,2027-08-08,1061790.99,24404297.62,ANNUAL,ACTIVE,1,True,1061790.99,342
POL000003977,CUS00014681,LIFE,PRV3,2025-02-17,2026-02-17,2027-02-17,1573355.75,35641499.39,ANNUAL,LAPSED,1,False,0.0,
POL000003978,CUS00014683,HEALTH,PRV1,2023-03-29,2033-03-26,2027-03-28,666637.94,10247239.38,QUARTERLY,ACTIVE,1,True,666637.94,209
POL000003979,CUS00014685,TRAVEL,PRV5,2026-02-05,2027-02-05,2027-02-05,5122270.21,86065835.3,ANNUAL,ACTIVE,1,True,5122270.21,158
POL000003980,CUS00014695,LIFE,PRV1,2024-12-21,2034-12-19,2026-12-21,220094.65,2353470.94,ANNUAL,ACTIVE,2,True,1221432.48,46
POL000003981,CUS00014695,LIFE,PRV3,2023-10-17,2043-10-12,2026-10-16,1001337.83,20187570.6,QUARTERLY,ACTIVE,2,True,1221432.48,46
POL000003982,CUS00014696,HOME,PRV1,2025-07-17,2026-07-17,2027-07-17,26146633.73,423646230.51,ANNUAL,LAPSED,1,False,0.0,
POL000003983,CUS00014699,LIFE,PRV2,2026-01-12,2031-01-11,2027-01-12,682245.56,14074146.44,ANNUAL,ACTIVE,1,True,682245.56,134
POL000003984,CUS00014701,MOTOR,PRV1,2022-07-26,2023-07-26,2027-07-25,1289268.26,29579507.76,MONTHLY,LAPSED,2,True,1102616.39,337
POL000003985,CUS00014701,HOME,PRV5,2024-08-03,2044-07-29,2027-08-03,1102616.39,11643238.99,QUARTERLY,ACTIVE,2,True,1102616.39,337
POL000003986,CUS00014707,HOME,PRV2,2022-08-24,2027-08-23,2027-08-23,2150615.35,29923238.65,MONTHLY,ACTIVE,1,True,2150615.35,357
POL000003987,CUS00014714,MOTOR,PRV2,2024-03-24,2044-03-19,2027-03-24,724189.74,6944627.91,ANNUAL,ACTIVE,1,True,724189.74,205
POL000003988,CUS00014715,MOTOR,PRV5,2025-11-30,2035-11-28,2026-11-30,180641.36,1585939.87,ANNUAL,ACTIVE,1,True,180641.36,91
POL000003989,CUS00014716,HEALTH,PRV5,2023-03-13,2033-03-10,2027-03-12,1193353.62,21342261.21,QUARTERLY,ACTIVE,1,True,1193353.62,193
POL000003990,CUS00014718,MOTOR,PRV2,2022-11-16,2042-11-11,2026-11-15,1038710.82,19678020.2,QUARTERLY,ACTIVE,1,True,1038710.82,76
POL000003991,CUS00014728,LIFE,PRV4,2023-06-13,2024-06-12,2027-06-12,10269675.73,124841710.65,ANNUAL,LAPSED,1,False,0.0,
POL000003992,CUS00014731,LIFE,PRV4,2022-10-28,2027-10-27,2026-10-27,12261118.28,216032212.09,MONTHLY,ACTIVE,1,True,12261118.28,57
POL000003993,CUS00014733,HEALTH,PRV3,2024-05-16,2025-05-16,2027-05-16,2825252.65,60506405.7,MONTHLY,LAPSED,1,False,0.0,
POL000003994,CUS00014735,HEALTH,PRV1,2025-04-28,2026-04-28,2027-04-28,2560481.09,45930403.48,ANNUAL,LAPSED,2,True,9069637.86,119
POL000003995,CUS00014735,TRAVEL,PRV5,2025-12-28,2026-12-28,2026-12-28,9069637.86,172117736.9,QUARTERLY,ACTIVE,2,True,9069637.86,119
POL000003996,CUS00014742,HOME,PRV1,2024-05-06,2029-05-05,2027-05-06,3088717.35,63674815.24,ANNUAL,ACTIVE,1,True,3088717.35,248
POL000003997,CUS00014743,LIFE,PRV3,2025-04-02,2035-03-31,2027-04-02,1409978.87,20625452.39,MONTHLY,ACTIVE,1,True,1409978.87,214
POL000003998,CUS00014749,HEALTH,PRV3,2023-07-12,2043-07-07,2027-07-11,693855.94,15476160.06,QUARTERLY,ACTIVE,1,True,693855.94,314
POL000003999,CUS00014753,HEALTH,PRV3,2026-05-28,2046-05-23,2027-05-28,12115331.55,105910431.18,QUARTERLY,ACTIVE,1,True,12115331.55,270
POL000004000,CUS00014756,TRAVEL,PRV1,2024-02-23,2025-02-22,2027-02-22,7187826.6,90971530.87,ANNUAL,LAPSED,1,False,0.0,
POL000004001,CUS00014759,LIFE,PRV1,2025-12-17,2030-12-16,2026-12-17,22882586.07,540330179.44,MONTHLY,ACTIVE,1,True,22882586.07,108
POL000004002,CUS00014762,HEALTH,PRV2,2024-05-10,2029-05-09,2027-05-10,4084953.32,51928932.25,ANNUAL,ACTIVE,1,True,4084953.32,252
POL000004003,CUS00014763,LIFE,PRV3,2025-10-03,2035-10-01,2026-10-03,795677.14,19174585.05,MONTHLY,ACTIVE,1,True,795677.14,33
POL000004004,CUS00014766,TRAVEL,PRV2,2024-08-20,2044-08-15,2027-08-20,156990.8,2793757.05,QUARTERLY,ACTIVE,1,True,156990.8,354
POL000004005,CUS00014770,HEALTH,PRV5,2025-07-15,2030-07-14,2027-07-15,935598.41,13919874.87,ANNUAL,ACTIVE,1,True,935598.41,318
POL000004006,CUS00014777,LIFE,PRV4,2024-09-13,2029-09-12,2026-09-13,1103045.3,16479986.21,ANNUAL,ACTIVE,1,True,1103045.3,13
POL000004007,CUS00014781,HEALTH,PRV2,2023-08-04,2024-08-03,2027-08-03,3884115.14,69103787.03,MONTHLY,LAPSED,2,True,1897810.65,330
POL000004008,CUS00014781,TRAVEL,PRV4,2023-07-28,2028-07-26,2027-07-27,1897810.65,34659851.26,ANNUAL,ACTIVE,2,True,1897810.65,330
POL000004009,CUS00014785,MOTOR,PRV1,2024-09-17,2034-09-15,2026-09-17,1801207.93,14573166.98,ANNUAL,ACTIVE,1,True,1801207.93,17
POL000004010,CUS00014787,MOTOR,PRV4,2025-12-13,2035-12-11,2026-12-13,4103613.29,65914922.61,MONTHLY,ACTIVE,1,True,4103613.29,104
POL000004011,CUS00014791,HEALTH,PRV3,2022-08-31,2023-08-31,2027-08-30,3180322.3,70353827.0,QUARTERLY,LAPSED,1,False,0.0,
POL000004012,CUS00014794,LIFE,PRV3,2025-01-31,2030-01-30,2027-01-31,8654427.16,141828331.8,ANNUAL,ACTIVE,1,True,8654427.16,153
POL000004013,CUS00014806,MOTOR,PRV2,2023-03-20,2028-03-18,2027-03-19,379222.37,6537911.28,MONTHLY,ACTIVE,2,True,734691.08,200
POL000004014,CUS00014806,LIFE,PRV4,2026-04-01,2027-04-01,2027-04-01,355468.71,6784943.77,ANNUAL,ACTIVE,2,True,734691.08,200
POL000004015,CUS00014813,TRAVEL,PRV1,2026-03-26,2046-03-21,2027-03-26,139169.2,1944984.86,ANNUAL,ACTIVE,1,True,139169.2,207
POL000004016,CUS00014817,HOME,PRV5,2024-07-28,2034-07-26,2027-07-28,6399217.85,61254567.07,ANNUAL,ACTIVE,1,True,6399217.85,331
POL000004017,CUS00014824,LIFE,PRV1,2026-07-07,2031-07-06,2027-07-07,630125.35,15243079.68,ANNUAL,ACTIVE,1,True,630125.35,310
POL000004018,CUS00014825,HEALTH,PRV4,2022-10-24,2023-10-24,2026-10-23,966628.18,20805172.69,QUARTERLY,LAPSED,1,False,0.0,
POL000004019,CUS00014842,MOTOR,PRV1,2025-11-08,2045-11-03,2026-11-08,257396.19,2459714.4,ANNUAL,ACTIVE,1,True,257396.19,69
POL000004020,CUS00014847,HOME,PRV3,2022-11-20,2027-11-19,2026-11-19,312601.64,7315000.65,ANNUAL,ACTIVE,1,True,312601.64,80
POL000004021,CUS00014848,HEALTH,PRV3,2026-04-17,2031-04-16,2027-04-17,1238250.61,24073688.43,ANNUAL,ACTIVE,1,True,1238250.61,229
POL000004022,CUS00014857,LIFE,PRV4,2024-01-06,2044-01-01,2027-01-05,1787332.05,40300851.51,MONTHLY,ACTIVE,1,True,1787332.05,127
POL000004023,CUS00014859,HEALTH,PRV2,2025-06-22,2030-06-21,2027-06-22,5503027.55,69117709.38,MONTHLY,ACTIVE,1,True,5503027.55,295
POL000004024,CUS00014864,HEALTH,PRV4,2024-01-03,2025-01-02,2027-01-02,1393584.28,24103767.55,ANNUAL,LAPSED,1,False,0.0,
POL000004025,CUS00014865,HEALTH,PRV1,2024-07-08,2029-07-07,2027-07-08,648257.03,11057530.09,ANNUAL,ACTIVE,1,True,648257.03,311
POL000004026,CUS00014876,HOME,PRV2,2024-05-21,2025-05-21,2027-05-21,674272.59,9926075.28,QUARTERLY,LAPSED,1,False,0.0,
POL000004027,CUS00014882,HEALTH,PRV1,2024-03-15,2029-03-14,2027-03-15,7518194.85,131977678.15,ANNUAL,ACTIVE,1,True,7518194.85,196
POL000004028,CUS00014884,HEALTH,PRV4,2025-06-02,2035-05-31,2027-06-02,7429461.91,86626622.62,ANNUAL,ACTIVE,1,True,7429461.91,275
POL000004029,CUS00014886,TRAVEL,PRV4,2022-09-07,2042-09-02,2026-09-06,1231529.64,21485254.28,ANNUAL,ACTIVE,1,True,1231529.64,6
POL000004030,CUS00014887,HOME,PRV2,2023-06-20,2043-06-15,2027-06-19,2585859.12,22737984.75,ANNUAL,ACTIVE,1,True,2585859.12,292
POL000004031,CUS00014888,HOME,PRV1,2022-11-10,2023-11-10,2026-11-09,750379.52,7991858.55,MONTHLY,LAPSED,1,False,0.0,
POL000004032,CUS00014892,HEALTH,PRV5,2024-03-25,2034-03-23,2027-03-25,1292023.51,13860341.95,ANNUAL,ACTIVE,1,True,1292023.51,206
POL000004033,CUS00014895,HEALTH,PRV4,2026-05-01,2036-04-28,2027-05-01,863272.09,8865776.64,ANNUAL,ACTIVE,1,True,863272.09,243
POL000004034,CUS00014899,HEALTH,PRV4,2024-07-30,2025-07-30,2027-07-30,223206.78,4702452.92,ANNUAL,LAPSED,1,False,0.0,
POL000004035,CUS00014906,HEALTH,PRV3,2026-04-04,2031-04-03,2027-04-04,8304239.68,188009021.96,ANNUAL,ACTIVE,1,True,8304239.68,216
POL000004036,CUS00014908,TRAVEL,PRV4,2024-05-19,2025-05-19,2027-05-19,20921677.01,441990480.34,ANNUAL,LAPSED,2,False,0.0,
POL000004037,CUS00014908,HEALTH,PRV5,2024-11-25,2025-11-25,2026-11-25,26566277.67,442658343.2,ANNUAL,LAPSED,2,False,0.0,
POL000004038,CUS00014921,LIFE,PRV2,2024-09-11,2044-09-06,2026-09-11,2680116.83,27797963.6,MONTHLY,ACTIVE,1,True,2680116.83,11
POL000004039,CUS00014923,HEALTH,PRV1,2025-10-03,2026-10-03,2026-10-03,1905723.11,21479535.14,ANNUAL,ACTIVE,2,True,4854467.84,33
POL000004040,CUS00014923,LIFE,PRV2,2024-06-09,2044-06-04,2027-06-09,2948744.73,58426520.65,MONTHLY,ACTIVE,2,True,4854467.84,33
POL000004041,CUS00014925,LIFE,PRV2,2026-03-14,2036-03-11,2027-03-14,859213.36,10035248.98,MONTHLY,ACTIVE,2,True,859213.36,195
POL000004042,CUS00014925,HEALTH,PRV4,2023-07-08,2024-07-07,2027-07-07,783220.79,19253168.68,ANNUAL,LAPSED,2,True,859213.36,195
POL000004043,CUS00014928,HOME,PRV3,2023-04-01,2043-03-27,2027-03-31,422625.58,4788791.42,ANNUAL,ACTIVE,1,True,422625.58,212
POL000004044,CUS00014929,HEALTH,PRV3,2023-09-13,2028-09-11,2026-09-12,2059854.85,24345898.94,MONTHLY,ACTIVE,2,True,4329279.54,12
POL000004045,CUS00014929,TRAVEL,PRV5,2025-06-12,2030-06-11,2027-06-12,2269424.69,53300572.97,ANNUAL,ACTIVE,2,True,4329279.54,12
POL000004046,CUS00014931,HEALTH,PRV3,2025-11-01,2045-10-27,2026-11-01,990641.15,14392552.76,QUARTERLY,ACTIVE,1,True,990641.15,62
POL000004047,CUS00014932,HOME,PRV5,2024-02-09,2025-02-08,2027-02-08,1060620.1,9686956.17,MONTHLY,LAPSED,1,False,0.0,
POL000004048,CUS00014936,MOTOR,PRV3,2023-08-23,2033-08-20,2027-08-22,7200557.61,87982784.82,ANNUAL,ACTIVE,2,True,21755855.48,314
POL000004049,CUS00014936,HEALTH,PRV2,2023-07-12,2043-07-07,2027-07-11,14555297.87,336828238.13,ANNUAL,ACTIVE,2,True,21755855.48,314
POL000004050,CUS00014937,HEALTH,PRV4,2024-04-06,2025-04-06,2027-04-06,116428.58,2055730.96,MONTHLY,LAPSED,1,False,0.0,
POL000004051,CUS00014939,HEALTH,PRV1,2023-04-03,2024-04-02,2027-04-02,9536197.33,97397562.11,QUARTERLY,LAPSED,1,False,0.0,
POL000004052,CUS00014943,MOTOR,PRV1,2023-09-05,2028-09-03,2026-09-04,639896.41,5915942.66,MONTHLY,ACTIVE,1,True,639896.41,4
POL000004053,CUS00014946,LIFE,PRV3,2025-05-05,2026-05-05,2027-05-05,876391.38,7210454.98,MONTHLY,LAPSED,1,False,0.0,
POL000004054,CUS00014955,LIFE,PRV1,2025-12-27,2035-12-25,2026-12-27,1502263.89,36903390.56,MONTHLY,ACTIVE,1,True,1502263.89,118
POL000004055,CUS00014959,LIFE,PRV3,2026-07-08,2046-07-03,2027-07-08,511614.13,11599902.36,ANNUAL,ACTIVE,1,True,511614.13,311
POL000004056,CUS00014961,MOTOR,PRV5,2025-07-05,2035-07-03,2027-07-05,456868.03,9794354.63,MONTHLY,ACTIVE,1,True,456868.03,308
POL000004057,CUS00014964,HEALTH,PRV2,2024-08-09,2029-08-08,2027-08-09,860738.59,7277986.59,ANNUAL,ACTIVE,1,True,860738.59,343
POL000004058,CUS00014966,LIFE,PRV3,2024-08-22,2029-08-21,2027-08-22,2038345.62,22587777.02,MONTHLY,ACTIVE,1,True,2038345.62,356
POL000004059,CUS00014967,LIFE,PRV2,2022-08-09,2032-08-06,2027-08-08,784395.93,8352469.51,QUARTERLY,ACTIVE,1,True,784395.93,342
POL000004060,CUS00014972,HEALTH,PRV1,2023-05-29,2024-05-28,2027-05-28,722022.59,9339618.41,QUARTERLY,LAPSED,1,False,0.0,
POL000004061,CUS00014980,HOME,PRV2,2026-06-30,2036-06-27,2027-06-30,2363229.65,31530925.49,ANNUAL,ACTIVE,1,True,2363229.65,303
POL000004062,CUS00014981,HOME,PRV5,2023-01-08,2043-01-03,2027-01-07,231378.15,2483131.65,MONTHLY,ACTIVE,2,True,355487.72,129
POL000004063,CUS00014981,MOTOR,PRV5,2023-04-22,2033-04-19,2027-04-21,124109.57,2527673.65,QUARTERLY,ACTIVE,2,True,355487.72,129
POL000004064,CUS00014994,LIFE,PRV4,2025-07-01,2026-07-01,2027-07-01,8923403.38,176401987.42,MONTHLY,LAPSED,1,False,0.0,
POL000004065,CUS00014995,MOTOR,PRV4,2024-11-18,2034-11-16,2026-11-18,739084.04,8711635.94,MONTHLY,ACTIVE,1,True,739084.04,79
POL000004066,CUS00014996,LIFE,PRV4,2023-11-17,2043-11-12,2026-11-16,78515.02,1815655.07,ANNUAL,ACTIVE,1,True,78515.02,77
POL000004067,CUS00015006,HEALTH,PRV3,2025-02-16,2045-02-11,2027-02-16,31816674.44,526702257.56,ANNUAL,ACTIVE,2,True,31816674.44,169
POL000004068,CUS00015006,LIFE,PRV2,2024-08-18,2025-08-18,2027-08-18,26063808.65,430695843.52,ANNUAL,LAPSED,2,True,31816674.44,169
POL000004069,CUS00015011,HOME,PRV1,2022-10-22,2023-10-22,2026-10-21,174677.97,4090787.0,MONTHLY,LAPSED,1,False,0.0,
POL000004070,CUS00015018,HEALTH,PRV4,2025-06-28,2045-06-23,2027-06-28,3484047.29,84224105.28,MONTHLY,ACTIVE,1,True,3484047.29,301
POL000004071,CUS00015025,LIFE,PRV1,2025-12-10,2030-12-09,2026-12-10,9613304.15,80227017.79,ANNUAL,ACTIVE,1,True,9613304.15,101
POL000004072,CUS00015026,LIFE,PRV2,2025-07-13,2026-07-13,2027-07-13,99477.81,1178188.53,ANNUAL,LAPSED,1,False,0.0,
POL000004073,CUS00015029,HEALTH,PRV1,2025-07-01,2030-06-30,2027-07-01,511494.25,12738699.59,MONTHLY,ACTIVE,1,True,511494.25,304
POL000004074,CUS00015033,HEALTH,PRV2,2023-03-05,2024-03-04,2027-03-04,407981.58,7361909.74,MONTHLY,LAPSED,1,False,0.0,
POL000004075,CUS00015034,HEALTH,PRV2,2024-11-02,2044-10-28,2026-11-02,1240728.64,29367589.47,QUARTERLY,ACTIVE,1,True,1240728.64,63
POL000004076,CUS00015040,MOTOR,PRV3,2025-07-03,2026-07-03,2027-07-03,3014720.52,64168899.91,QUARTERLY,LAPSED,2,True,3369004.33,179
POL000004077,CUS00015040,LIFE,PRV4,2023-02-27,2033-02-24,2027-02-26,3369004.33,44095171.52,ANNUAL,ACTIVE,2,True,3369004.33,179
POL000004078,CUS00015042,MOTOR,PRV2,2024-08-21,2025-08-21,2027-08-21,4497050.79,70280902.92,ANNUAL,LAPSED,1,False,0.0,
POL000004079,CUS00015045,HEALTH,PRV5,2025-08-30,2026-08-30,2027-08-30,8720243.11,189693811.74,ANNUAL,LAPSED,1,False,0.0,
POL000004080,CUS00015051,HEALTH,PRV4,2026-07-21,2046-07-16,2027-07-21,1031600.2,25047575.13,QUARTERLY,ACTIVE,2,True,2153846.04,71
POL000004081,CUS00015051,MOTOR,PRV5,2022-11-11,2042-11-06,2026-11-10,1122245.84,18362013.68,ANNUAL,ACTIVE,2,True,2153846.04,71
POL000004082,CUS00015052,HEALTH,PRV4,2023-08-03,2043-07-29,2027-08-02,1051409.54,24108347.7,MONTHLY,ACTIVE,1,True,1051409.54,336
POL000004083,CUS00015057,LIFE,PRV2,2025-03-08,2030-03-07,2027-03-08,481353.99,4650414.1,MONTHLY,ACTIVE,2,True,1275816.0,91
POL000004084,CUS00015057,HEALTH,PRV1,2024-11-30,2034-11-28,2026-11-30,794462.01,15236937.65,ANNUAL,ACTIVE,2,True,1275816.0,91
POL000004085,CUS00015059,HEALTH,PRV1,2022-09-09,2042-09-04,2026-09-08,154111.16,3442284.95,QUARTERLY,ACTIVE,2,True,297481.72,8
POL000004086,CUS00015059,MOTOR,PRV4,2022-08-09,2032-08-06,2027-08-08,143370.56,1904022.0,ANNUAL,ACTIVE,2,True,297481.72,8
POL000004087,CUS00015062,HEALTH,PRV1,2024-03-20,2029-03-19,2027-03-20,1353271.88,15449146.96,ANNUAL,ACTIVE,1,True,1353271.88,201
POL000004088,CUS00015070,LIFE,PRV5,2022-12-09,2023-12-09,2026-12-08,8317221.49,148960524.32,ANNUAL,LAPSED,1,False,0.0,
POL000004089,CUS00015072,MOTOR,PRV4,2023-10-04,2024-10-03,2026-10-03,213381.74,2986444.99,QUARTERLY,LAPSED,2,False,0.0,
POL000004090,CUS00015072,MOTOR,PRV4,2022-10-22,2023-10-22,2026-10-21,308596.39,6212405.46,ANNUAL,LAPSED,2,False,0.0,
POL000004091,CUS00015075,LIFE,PRV1,2022-08-30,2032-08-27,2027-08-29,364629.55,3565511.76,QUARTERLY,ACTIVE,1,True,364629.55,363
POL000004092,CUS00015081,HEALTH,PRV5,2025-09-06,2030-09-05,2026-09-06,122715.18,3002269.77,QUARTERLY,ACTIVE,2,True,420663.14,6
POL000004093,CUS00015081,HEALTH,PRV5,2022-07-31,2032-07-28,2027-07-30,297947.96,4887891.77,QUARTERLY,ACTIVE,2,True,420663.14,6
POL000004094,CUS00015084,LIFE,PRV1,2023-08-27,2033-08-24,2027-08-26,4220775.12,45986807.26,MONTHLY,ACTIVE,2,True,8582328.0,63
POL000004095,CUS00015084,HOME,PRV1,2024-11-02,2029-11-01,2026-11-02,4361552.88,102865772.03,MONTHLY,ACTIVE,2,True,8582328.0,63
POL000004096,CUS00015088,LIFE,PRV4,2024-07-18,2044-07-13,2027-07-18,5436907.66,130748694.07,ANNUAL,ACTIVE,2,True,10543500.5,226
POL000004097,CUS00015088,LIFE,PRV1,2024-04-14,2029-04-13,2027-04-14,5106592.84,46573325.98,ANNUAL,ACTIVE,2,True,10543500.5,226
POL000004098,CUS00015092,HEALTH,PRV3,2023-09-10,2033-09-07,2026-09-09,44266.55,870397.93,QUARTERLY,ACTIVE,1,True,44266.55,9
POL000004099,CUS00015094,HOME,PRV4,2022-09-25,2032-09-22,2026-09-24,824547.02,8935282.33,MONTHLY,ACTIVE,1,True,824547.02,24
POL000004100,CUS00015102,HOME,PRV1,2024-03-20,2034-03-18,2027-03-20,890412.11,13846137.17,QUARTERLY,ACTIVE,1,True,890412.11,201
POL000004101,CUS00015103,LIFE,PRV3,2023-03-16,2043-03-11,2027-03-15,10833804.22,247151476.28,ANNUAL,ACTIVE,1,True,10833804.22,196
POL000004102,CUS00015105,MOTOR,PRV4,2023-02-22,2028-02-21,2027-02-21,1767732.35,21313756.79,ANNUAL,ACTIVE,1,True,1767732.35,174
POL000004103,CUS00015106,HEALTH,PRV3,2023-02-01,2033-01-29,2027-01-31,152138.43,1308218.82,ANNUAL,ACTIVE,1,True,152138.43,153
POL000004104,CUS00015115,HEALTH,PRV5,2022-12-29,2027-12-28,2026-12-28,2188444.52,32247806.69,QUARTERLY,ACTIVE,1,True,2188444.52,119
POL000004105,CUS00015117,HOME,PRV3,2022-08-31,2027-08-30,2027-08-30,709730.55,13301487.74,MONTHLY,ACTIVE,2,True,709730.55,364
POL000004106,CUS00015117,HEALTH,PRV1,2025-02-23,2026-02-23,2027-02-23,616943.85,8045976.21,MONTHLY,LAPSED,2,True,709730.55,364
POL000004107,CUS00015119,LIFE,PRV5,2024-02-02,2025-02-01,2027-02-01,5185372.97,49859463.16,QUARTERLY,LAPSED,1,False,0.0,
POL000004108,CUS00015121,MOTOR,PRV4,2024-11-19,2025-11-19,2026-11-19,330420.99,2780951.39,MONTHLY,LAPSED,2,True,143398.24,172
POL000004109,CUS00015121,HOME,PRV4,2026-02-19,2036-02-17,2027-02-19,143398.24,1381601.28,QUARTERLY,ACTIVE,2,True,143398.24,172
POL000004110,CUS00015127,LIFE,PRV4,2024-04-19,2025-04-19,2027-04-19,11353215.56,180036259.81,MONTHLY,LAPSED,1,False,0.0,
POL000004111,CUS00015134,HEALTH,PRV3,2024-02-03,2025-02-02,2027-02-02,4086900.26,94083700.11,ANNUAL,LAPSED,1,False,0.0,
POL000004112,CUS00015135,LIFE,PRV1,2025-10-08,2030-10-07,2026-10-08,2846921.92,27035025.15,QUARTERLY,ACTIVE,1,True,2846921.92,38
POL000004113,CUS00015137,HEALTH,PRV3,2023-05-04,2033-05-01,2027-05-03,1557566.7,23074226.35,MONTHLY,ACTIVE,1,True,1557566.7,245
POL000004114,CUS00015140,MOTOR,PRV2,2023-10-15,2033-10-12,2026-10-14,14541443.94,300322287.95,QUARTERLY,ACTIVE,1,True,14541443.94,44
POL000004115,CUS00015151,MOTOR,PRV4,2022-07-30,2023-07-30,2027-07-29,2349014.23,24592535.15,QUARTERLY,LAPSED,2,True,1760565.31,191
POL000004116,CUS00015151,LIFE,PRV3,2024-03-10,2044-03-05,2027-03-10,1760565.31,43819734.85,ANNUAL,ACTIVE,2,True,1760565.31,191
POL000004117,CUS00015159,TRAVEL,PRV5,2023-12-31,2033-12-28,2026-12-30,1230713.07,20366712.38,QUARTERLY,ACTIVE,1,True,1230713.07,121
POL000004118,CUS00015163,TRAVEL,PRV5,2023-08-12,2033-08-09,2027-08-11,303287.15,6764386.78,ANNUAL,ACTIVE,1,True,303287.15,345
POL000004119,CUS00015172,HOME,PRV2,2025-06-14,2045-06-09,2027-06-14,237336.98,5345789.49,ANNUAL,ACTIVE,1,True,237336.98,287
POL000004120,CUS00015177,MOTOR,PRV4,2025-09-12,2035-09-10,2026-09-12,3486418.02,47284255.87,ANNUAL,ACTIVE,1,True,3486418.02,12
POL000004121,CUS00015186,HEALTH,PRV2,2026-01-13,2046-01-08,2027-01-13,12432972.38,269510598.39,ANNUAL,ACTIVE,1,True,12432972.38,135
POL000004122,CUS00015191,HEALTH,PRV5,2024-06-05,2044-05-31,2027-06-05,993089.47,21356109.73,MONTHLY,ACTIVE,2,True,993089.47,278
POL000004123,CUS00015191,LIFE,PRV3,2024-08-18,2025-08-18,2027-08-18,513382.78,9392057.07,ANNUAL,LAPSED,2,True,993089.47,278
POL000004124,CUS00015192,MOTOR,PRV5,2023-07-26,2024-07-25,2027-07-25,1075909.23,15551834.99,ANNUAL,LAPSED,2,True,607927.2,46
POL000004125,CUS00015192,HEALTH,PRV1,2022-10-17,2027-10-16,2026-10-16,607927.2,8324148.18,QUARTERLY,ACTIVE,2,True,607927.2,46
POL000004126,CUS00015195,HEALTH,PRV5,2024-05-03,2044-04-28,2027-05-03,1451431.82,13369319.83,ANNUAL,ACTIVE,1,True,1451431.82,245
POL000004127,CUS00015205,MOTOR,PRV4,2024-01-04,2034-01-01,2027-01-03,4627184.37,92856016.85,ANNUAL,ACTIVE,1,True,4627184.37,125
POL000004128,CUS00015209,HEALTH,PRV3,2022-08-15,2042-08-10,2027-08-14,2995724.89,45206377.86,QUARTERLY,ACTIVE,1,True,2995724.89,348
POL000004129,CUS00015213,LIFE,PRV2,2025-10-16,2026-10-16,2026-10-16,32452142.01,457184924.17,MONTHLY,ACTIVE,2,True,32452142.01,46
POL000004130,CUS00015213,HEALTH,PRV1,2024-06-24,2025-06-24,2027-06-24,19665384.38,433299934.88,ANNUAL,LAPSED,2,True,32452142.01,46
POL000004131,CUS00015218,HEALTH,PRV4,2025-04-09,2026-04-09,2027-04-09,236625.99,2764861.78,MONTHLY,LAPSED,1,False,0.0,
POL000004132,CUS00015222,HOME,PRV4,2026-05-04,2036-05-01,2027-05-04,5073562.27,78472770.28,QUARTERLY,ACTIVE,2,True,5073562.27,246
POL000004133,CUS00015222,HEALTH,PRV2,2024-10-17,2025-10-17,2026-10-17,4090739.26,92758701.85,QUARTERLY,LAPSED,2,True,5073562.27,246
POL000004134,CUS00015228,LIFE,PRV3,2023-05-24,2043-05-19,2027-05-23,543688.54,12721518.67,ANNUAL,ACTIVE,1,True,543688.54,265
POL000004135,CUS00015234,HEALTH,PRV2,2026-02-12,2046-02-07,2027-02-12,565408.12,11384713.45,QUARTERLY,ACTIVE,1,True,565408.12,165
POL000004136,CUS00015246,HEALTH,PRV4,2024-01-08,2025-01-07,2027-01-07,4687897.67,71643121.36,MONTHLY,LAPSED,1,False,0.0,
POL000004137,CUS00015249,HEALTH,PRV3,2025-12-02,2026-12-02,2026-12-02,3575834.58,39550489.87,QUARTERLY,ACTIVE,1,True,3575834.58,93
POL000004138,CUS00015264,MOTOR,PRV5,2026-02-09,2046-02-04,2027-02-09,1645552.27,30382376.29,ANNUAL,ACTIVE,2,True,1645552.27,162
POL000004139,CUS00015264,HEALTH,PRV4,2023-11-19,2024-11-18,2026-11-18,597989.41,8533209.65,MONTHLY,LAPSED,2,True,1645552.27,162
POL000004140,CUS00015270,LIFE,PRV4,2026-03-02,2046-02-25,2027-03-02,1217854.82,27437104.77,ANNUAL,ACTIVE,2,True,2607392.4,21
POL000004141,CUS00015270,LIFE,PRV2,2022-09-22,2032-09-19,2026-09-21,1389537.58,14009404.82,MONTHLY,ACTIVE,2,True,2607392.4,21
POL000004142,CUS00015271,HEALTH,PRV2,2025-01-08,2035-01-06,2027-01-08,13741578.78,218652632.88,ANNUAL,ACTIVE,1,True,13741578.78,130
POL000004143,CUS00015279,LIFE,PRV3,2023-09-04,2043-08-30,2026-09-03,603039.19,5669645.7,ANNUAL,ACTIVE,1,True,603039.19,3
POL000004144,CUS00015282,LIFE,PRV1,2026-06-13,2036-06-10,2027-06-13,172089.36,2778485.5,QUARTERLY,ACTIVE,1,True,172089.36,286
POL000004145,CUS00015286,LIFE,PRV3,2026-06-25,2036-06-22,2027-06-25,406839.27,9981020.22,ANNUAL,ACTIVE,1,True,406839.27,298
POL000004146,CUS00015289,HOME,PRV3,2023-09-29,2043-09-24,2026-09-28,2618398.4,59887392.18,ANNUAL,ACTIVE,2,True,3925533.79,28
POL000004147,CUS00015289,HEALTH,PRV3,2026-03-25,2046-03-20,2027-03-25,1307135.39,17770926.08,ANNUAL,ACTIVE,2,True,3925533.79,28
POL000004148,CUS00015299,HEALTH,PRV1,2025-04-09,2030-04-08,2027-04-09,4629296.67,104984734.6,ANNUAL,ACTIVE,2,True,4629296.67,221
POL000004149,CUS00015299,HOME,PRV5,2022-11-01,2023-11-01,2026-10-31,5372118.3,84056668.3,MONTHLY,LAPSED,2,True,4629296.67,221
POL000004150,CUS00015305,LIFE,PRV4,2024-06-24,2044-06-19,2027-06-24,1282388.15,23660138.81,ANNUAL,ACTIVE,1,True,1282388.15,297
POL000004151,CUS00015306,HEALTH,PRV1,2024-03-16,2025-03-16,2027-03-16,1844698.85,38080457.03,MONTHLY,LAPSED,2,True,1546802.53,282
POL000004152,CUS00015306,MOTOR,PRV4,2025-06-09,2030-06-08,2027-06-09,1546802.53,36264910.46,QUARTERLY,ACTIVE,2,True,1546802.53,282
POL000004153,CUS00015307,TRAVEL,PRV2,2023-07-28,2024-07-27,2027-07-27,22902244.04,493442178.24,ANNUAL,LAPSED,1,False,0.0,
POL000004154,CUS00015309,MOTOR,PRV1,2024-11-16,2025-11-16,2026-11-16,2969786.27,31493994.18,QUARTERLY,LAPSED,1,False,0.0,
POL000004155,CUS00015314,LIFE,PRV4,2025-11-22,2035-11-20,2026-11-22,7961402.39,66233475.34,ANNUAL,ACTIVE,1,True,7961402.39,83
POL000004156,CUS00015316,HEALTH,PRV5,2023-04-29,2043-04-24,2027-04-28,18573379.55,422833588.39,ANNUAL,ACTIVE,1,True,18573379.55,240
POL000004157,CUS00015328,TRAVEL,PRV1,2022-11-12,2023-11-12,2026-11-11,1897334.59,41229038.47,QUARTERLY,LAPSED,1,False,0.0,
POL000004158,CUS00015336,MOTOR,PRV3,2024-11-27,2025-11-27,2026-11-27,1125413.56,24065289.07,MONTHLY,LAPSED,1,False,0.0,
POL000004159,CUS00015338,HOME,PRV4,2024-05-05,2034-05-03,2027-05-05,13288914.26,218288782.4,MONTHLY,ACTIVE,2,True,30205343.54,247
POL000004160,CUS00015338,MOTOR,PRV4,2023-08-10,2028-08-08,2027-08-09,16916429.28,260682532.74,QUARTERLY,ACTIVE,2,True,30205343.54,247
POL000004161,CUS00015354,HEALTH,PRV4,2025-10-17,2030-10-16,2026-10-17,1340162.89,27577749.36,QUARTERLY,ACTIVE,1,True,1340162.89,47
POL000004162,CUS00015357,LIFE,PRV5,2024-10-09,2025-10-09,2026-10-09,291615.8,3684695.92,MONTHLY,LAPSED,1,False,0.0,
POL000004163,CUS00015364,HEALTH,PRV5,2022-09-02,2042-08-28,2026-09-01,436745.82,3919851.12,QUARTERLY,ACTIVE,1,True,436745.82,1
POL000004164,CUS00015367,LIFE,PRV2,2024-07-26,2029-07-25,2027-07-26,11583044.64,271887299.43,QUARTERLY,ACTIVE,1,True,11583044.64,329
POL000004165,CUS00015370,HEALTH,PRV4,2025-04-13,2035-04-11,2027-04-13,1002373.89,9493891.47,QUARTERLY,ACTIVE,2,True,1329194.34,2
POL000004166,CUS00015370,LIFE,PRV3,2022-09-03,2027-09-02,2026-09-02,326820.45,5300021.11,MONTHLY,ACTIVE,2,True,1329194.34,2
POL000004167,CUS00015374,TRAVEL,PRV2,2023-03-23,2024-03-22,2027-03-22,13421730.47,234986082.46,MONTHLY,LAPSED,1,False,0.0,
POL000004168,CUS00015381,LIFE,PRV2,2022-08-23,2027-08-22,2027-08-22,3456152.83,81892502.31,ANNUAL,ACTIVE,1,True,3456152.83,356
POL000004169,CUS00015388,HOME,PRV4,2026-01-06,2027-01-06,2027-01-06,7125439.53,171992848.69,ANNUAL,ACTIVE,2,True,13849480.87,49
POL000004170,CUS00015388,MOTOR,PRV5,2024-10-19,2029-10-18,2026-10-19,6724041.34,128092557.08,QUARTERLY,ACTIVE,2,True,13849480.87,49
POL000004171,CUS00015396,LIFE,PRV2,2023-09-13,2024-09-12,2026-09-12,3719370.01,55028746.22,MONTHLY,LAPSED,1,False,0.0,
POL000004172,CUS00015397,MOTOR,PRV5,2023-09-12,2033-09-09,2026-09-11,36061030.66,747357326.27,QUARTERLY,ACTIVE,1,True,36061030.66,11
POL000004173,CUS00015402,LIFE,PRV2,2023-10-08,2033-10-05,2026-10-07,7629935.49,93765718.17,MONTHLY,ACTIVE,1,True,7629935.49,37
POL000004174,CUS00015405,LIFE,PRV5,2022-08-20,2032-08-17,2027-08-19,468647.45,10001628.41,ANNUAL,ACTIVE,1,True,468647.45,353
POL000004175,CUS00015411,TRAVEL,PRV2,2022-11-11,2032-11-08,2026-11-10,671488.29,6433227.37,ANNUAL,ACTIVE,1,True,671488.29,71
POL000004176,CUS00015413,LIFE,PRV4,2023-06-19,2033-06-16,2027-06-18,2383734.95,40642575.6,MONTHLY,ACTIVE,1,True,2383734.95,291
POL000004177,CUS00015417,LIFE,PRV1,2026-02-11,2027-02-11,2027-02-11,327167.79,6038422.06,QUARTERLY,ACTIVE,1,True,327167.79,164
POL000004178,CUS00015419,HEALTH,PRV1,2023-01-02,2024-01-02,2027-01-01,268056.27,6636676.88,ANNUAL,LAPSED,1,False,0.0,
POL000004179,CUS00015423,HEALTH,PRV4,2023-12-30,2028-12-28,2026-12-29,523935.92,6746720.31,ANNUAL,ACTIVE,1,True,523935.92,120
POL000004180,CUS00015424,TRAVEL,PRV3,2023-03-06,2024-03-05,2027-03-05,16138006.31,240566986.65,QUARTERLY,LAPSED,1,False,0.0,
POL000004181,CUS00015431,MOTOR,PRV4,2024-05-15,2044-05-10,2027-05-15,6034071.85,73820906.3,MONTHLY,ACTIVE,1,True,6034071.85,257
POL000004182,CUS00015435,TRAVEL,PRV5,2026-01-07,2036-01-05,2027-01-07,27391048.44,682778426.99,QUARTERLY,ACTIVE,1,True,27391048.44,129
POL000004183,CUS00015446,MOTOR,PRV3,2024-09-09,2029-09-08,2026-09-09,13811497.26,282647287.1,MONTHLY,ACTIVE,1,True,13811497.26,9
POL000004184,CUS00015448,HEALTH,PRV3,2022-08-13,2042-08-08,2027-08-12,1571077.06,39056045.29,ANNUAL,ACTIVE,1,True,1571077.06,346
POL000004185,CUS00015451,HEALTH,PRV2,2025-05-24,2030-05-23,2027-05-24,4966027.05,69625368.05,ANNUAL,ACTIVE,1,True,4966027.05,266
POL000004186,CUS00015456,MOTOR,PRV1,2024-01-03,2033-12-31,2027-01-02,1601595.52,16154576.78,QUARTERLY,ACTIVE,1,True,1601595.52,124
POL000004187,CUS00015477,HEALTH,PRV5,2026-05-03,2036-04-30,2027-05-03,126974.28,2148451.89,ANNUAL,ACTIVE,1,True,126974.28,245
POL000004188,CUS00015482,HEALTH,PRV2,2023-09-30,2043-09-25,2026-09-29,2634876.53,43061307.38,QUARTERLY,ACTIVE,1,True,2634876.53,29
POL000004189,CUS00015484,HEALTH,PRV1,2026-01-05,2031-01-04,2027-01-05,2570512.22,60131065.76,ANNUAL,ACTIVE,1,True,2570512.22,127
POL000004190,CUS00015496,HEALTH,PRV4,2022-08-01,2027-07-31,2027-07-31,453681.03,11075276.32,ANNUAL,ACTIVE,1,True,453681.03,334
POL000004191,CUS00015498,HEALTH,PRV5,2023-07-21,2033-07-18,2027-07-20,1542669.16,15724280.48,ANNUAL,ACTIVE,1,True,1542669.16,323
POL000004192,CUS00015500,LIFE,PRV2,2024-04-11,2025-04-11,2027-04-11,1734877.78,15967571.53,ANNUAL,LAPSED,1,False,0.0,
POL000004193,CUS00015502,HOME,PRV1,2023-10-29,2024-10-28,2026-10-28,2626006.99,28203179.96,QUARTERLY,LAPSED,2,True,2132329.03,177
POL000004194,CUS00015502,HEALTH,PRV1,2026-02-24,2031-02-23,2027-02-24,2132329.03,47541203.1,QUARTERLY,ACTIVE,2,True,2132329.03,177
POL000004195,CUS00015506,LIFE,PRV2,2026-06-17,2027-06-17,2027-06-17,35375742.9,769573488.11,QUARTERLY,ACTIVE,1,True,35375742.9,290
POL000004196,CUS00015511,MOTOR,PRV4,2023-05-24,2024-05-23,2027-05-23,300894.54,2440904.62,MONTHLY,LAPSED,1,False,0.0,
POL000004197,CUS00015512,HEALTH,PRV2,2023-03-23,2028-03-21,2027-03-22,887441.49,16102675.63,ANNUAL,ACTIVE,1,True,887441.49,203
POL000004198,CUS00015513,HEALTH,PRV4,2026-07-12,2027-07-12,2027-07-12,960175.54,10553037.28,ANNUAL,ACTIVE,1,True,960175.54,315
POL000004199,CUS00015517,LIFE,PRV1,2024-03-13,2029-03-12,2027-03-13,3227798.61,32935770.72,ANNUAL,ACTIVE,1,True,3227798.61,194
POL000004200,CUS00015525,MOTOR,PRV5,2025-01-18,2030-01-17,2027-01-18,1074095.37,21715405.07,QUARTERLY,ACTIVE,1,True,1074095.37,140
POL000004201,CUS00015526,HEALTH,PRV3,2022-12-26,2042-12-21,2026-12-25,353818.11,8580890.47,ANNUAL,ACTIVE,1,True,353818.11,116
POL000004202,CUS00015532,HOME,PRV4,2023-02-10,2028-02-09,2027-02-09,9791150.01,100753428.57,QUARTERLY,ACTIVE,1,True,9791150.01,162
POL000004203,CUS00015539,HEALTH,PRV2,2025-06-30,2045-06-25,2027-06-30,14311368.66,198579576.46,QUARTERLY,ACTIVE,1,True,14311368.66,303
POL000004204,CUS00015543,HEALTH,PRV4,2023-04-15,2028-04-13,2027-04-14,126424.33,1662809.67,QUARTERLY,ACTIVE,1,True,126424.33,226
POL000004205,CUS00015553,LIFE,PRV5,2022-08-21,2032-08-18,2027-08-20,163042.72,3968458.93,ANNUAL,ACTIVE,1,True,163042.72,354
POL000004206,CUS00015554,HEALTH,PRV2,2025-01-27,2030-01-26,2027-01-27,480891.65,9376025.96,ANNUAL,ACTIVE,1,True,480891.65,149
POL000004207,CUS00015557,HOME,PRV3,2024-05-08,2044-05-03,2027-05-08,5987231.26,106141664.58,QUARTERLY,ACTIVE,1,True,5987231.26,250
POL000004208,CUS00015570,LIFE,PRV2,2024-07-11,2034-07-09,2027-07-11,984885.81,8324100.65,ANNUAL,ACTIVE,1,True,984885.81,314
POL000004209,CUS00015581,LIFE,PRV2,2023-09-27,2033-09-24,2026-09-26,4933115.35,49579374.38,ANNUAL,ACTIVE,1,True,4933115.35,26
POL000004210,CUS00015585,MOTOR,PRV5,2023-05-24,2043-05-19,2027-05-23,8576397.51,200365363.18,ANNUAL,ACTIVE,1,True,8576397.51,265
POL000004211,CUS00015589,LIFE,PRV2,2025-05-24,2035-05-22,2027-05-24,78770.02,722579.2,ANNUAL,ACTIVE,1,True,78770.02,266
POL000004212,CUS00015591,LIFE,PRV5,2024-07-20,2029-07-19,2027-07-20,711509.07,14102833.37,QUARTERLY,ACTIVE,1,True,711509.07,323
POL000004213,CUS00015593,TRAVEL,PRV5,2023-10-09,2024-10-08,2026-10-08,93981.66,871021.62,MONTHLY,LAPSED,1,False,0.0,
POL000004214,CUS00015597,LIFE,PRV5,2025-11-30,2045-11-25,2026-11-30,6736056.63,161280873.09,ANNUAL,ACTIVE,1,True,6736056.63,91
POL000004215,CUS00015599,MOTOR,PRV1,2023-08-07,2028-08-05,2027-08-06,881722.77,14225423.44,ANNUAL,ACTIVE,1,True,881722.77,340
POL000004216,CUS00015600,LIFE,PRV1,2022-07-25,2042-07-20,2027-07-24,14426748.64,211338030.91,QUARTERLY,ACTIVE,2,True,43207730.01,118
POL000004217,CUS00015600,MOTOR,PRV2,2022-12-28,2042-12-23,2026-12-27,28780981.37,362924351.25,QUARTERLY,ACTIVE,2,True,43207730.01,118
POL000004218,CUS00015610,HOME,PRV2,2025-07-17,2030-07-16,2027-07-17,625043.59,8953884.26,MONTHLY,ACTIVE,1,True,625043.59,320
POL000004219,CUS00015611,LIFE,PRV3,2022-08-31,2023-08-31,2027-08-30,437600.32,6841330.98,QUARTERLY,LAPSED,1,False,0.0,
POL000004220,CUS00015612,LIFE,PRV3,2026-01-01,2027-01-01,2027-01-01,3102134.05,66079010.71,QUARTERLY,ACTIVE,1,True,3102134.05,123
POL000004221,CUS00015614,HOME,PRV4,2024-06-12,2034-06-10,2027-06-12,2002003.12,30322718.3,MONTHLY,ACTIVE,2,True,5132153.13,246
POL000004222,CUS00015614,LIFE,PRV1,2026-05-04,2046-04-29,2027-05-04,3130150.01,53722332.21,QUARTERLY,ACTIVE,2,True,5132153.13,246
POL000004223,CUS00015616,LIFE,PRV5,2025-12-14,2035-12-12,2026-12-14,4731203.34,107899608.46,QUARTERLY,ACTIVE,1,True,4731203.34,105
POL000004224,CUS00015622,HOME,PRV2,2026-01-17,2046-01-12,2027-01-17,339308.76,4520833.56,ANNUAL,ACTIVE,1,True,339308.76,139
POL000004225,CUS00015623,HEALTH,PRV1,2023-03-23,2024-03-22,2027-03-22,268662.87,5327974.69,MONTHLY,LAPSED,2,False,0.0,
POL000004226,CUS00015623,TRAVEL,PRV1,2024-06-03,2025-06-03,2027-06-03,746294.7,10874642.67,ANNUAL,LAPSED,2,False,0.0,
POL000004227,CUS00015627,TRAVEL,PRV2,2026-05-17,2031-05-16,2027-05-17,2454290.38,39430981.24,ANNUAL,ACTIVE,1,True,2454290.38,259
POL000004228,CUS00015641,MOTOR,PRV1,2026-04-28,2027-04-28,2027-04-28,895435.04,11478362.23,ANNUAL,ACTIVE,1,True,895435.04,240
POL000004229,CUS00015647,HEALTH,PRV1,2023-05-30,2024-05-29,2027-05-29,169897.87,3022837.32,MONTHLY,LAPSED,1,False,0.0,
POL000004230,CUS00015654,HEALTH,PRV1,2022-09-10,2042-09-05,2026-09-09,952668.15,23136180.38,QUARTERLY,ACTIVE,1,True,952668.15,9
POL000004231,CUS00015655,MOTOR,PRV1,2024-01-06,2034-01-03,2027-01-05,116365.48,2827991.52,QUARTERLY,ACTIVE,1,True,116365.48,127
POL000004232,CUS00015660,HEALTH,PRV3,2024-10-21,2034-10-19,2026-10-21,621354.07,6824824.49,ANNUAL,ACTIVE,1,True,621354.07,51
POL000004233,CUS00015668,TRAVEL,PRV5,2026-03-30,2036-03-27,2027-03-30,1438087.11,12047798.98,ANNUAL,ACTIVE,2,True,3158483.31,110
POL000004234,CUS00015668,HEALTH,PRV4,2025-12-19,2045-12-14,2026-12-19,1720396.2,41131666.71,ANNUAL,ACTIVE,2,True,3158483.31,110
POL000004235,CUS00015681,HEALTH,PRV1,2022-12-06,2023-12-06,2026-12-05,2389813.29,31491324.64,ANNUAL,LAPSED,1,False,0.0,
POL000004236,CUS00015686,LIFE,PRV3,2022-12-16,2023-12-16,2026-12-15,11722163.1,160119905.99,ANNUAL,LAPSED,1,False,0.0,
POL000004237,CUS00015693,LIFE,PRV5,2023-03-20,2043-03-15,2027-03-19,2328272.83,49748079.74,MONTHLY,ACTIVE,1,True,2328272.83,200
POL000004238,CUS00015695,HEALTH,PRV5,2024-06-14,2025-06-14,2027-06-14,17517168.71,416199971.67,ANNUAL,LAPSED,1,False,0.0,
POL000004239,CUS00015696,HEALTH,PRV2,2023-09-08,2024-09-07,2026-09-07,23072018.87,252892367.01,QUARTERLY,LAPSED,1,False,0.0,
POL000004240,CUS00015712,MOTOR,PRV4,2026-02-16,2046-02-11,2027-02-16,551341.51,10787424.51,ANNUAL,ACTIVE,1,True,551341.51,169
POL000004241,CUS00015718,LIFE,PRV1,2025-03-13,2026-03-13,2027-03-13,13719901.76,314209177.8,ANNUAL,LAPSED,1,False,0.0,
POL000004242,CUS00015728,LIFE,PRV4,2022-08-30,2042-08-25,2027-08-29,960664.36,15868370.15,QUARTERLY,ACTIVE,1,True,960664.36,363
POL000004243,CUS00015729,HEALTH,PRV3,2023-01-19,2024-01-19,2027-01-18,464303.38,8626044.52,ANNUAL,LAPSED,1,False,0.0,
POL000004244,CUS00015732,TRAVEL,PRV2,2024-01-29,2025-01-28,2027-01-28,480494.96,4147890.38,ANNUAL,LAPSED,1,False,0.0,
POL000004245,CUS00015745,HEALTH,PRV5,2025-12-06,2030-12-05,2026-12-06,3800897.8,55741673.87,ANNUAL,ACTIVE,1,True,3800897.8,97
POL000004246,CUS00015747,LIFE,PRV5,2025-03-18,2026-03-18,2027-03-18,9454272.39,223504787.39,MONTHLY,LAPSED,1,False,0.0,
POL000004247,CUS00015750,LIFE,PRV1,2025-09-04,2045-08-30,2026-09-04,462093.7,9749298.06,QUARTERLY,ACTIVE,1,True,462093.7,4
POL000004248,CUS00015755,LIFE,PRV1,2025-11-03,2035-11-01,2026-11-03,1647163.97,18086111.36,ANNUAL,ACTIVE,2,True,3649075.85,64
POL000004249,CUS00015755,HEALTH,PRV1,2024-05-24,2029-05-23,2027-05-24,2001911.88,25662447.78,ANNUAL,ACTIVE,2,True,3649075.85,64
POL000004250,CUS00015756,LIFE,PRV4,2024-05-26,2034-05-24,2027-05-26,24261102.78,379576101.64,ANNUAL,ACTIVE,1,True,24261102.78,268
POL000004251,CUS00015758,LIFE,PRV1,2026-03-26,2027-03-26,2027-03-26,6858899.17,168440343.9,QUARTERLY,ACTIVE,1,True,6858899.17,207
POL000004252,CUS00015763,MOTOR,PRV3,2026-03-08,2036-03-05,2027-03-08,10200971.37,87196657.38,ANNUAL,ACTIVE,1,True,10200971.37,189
POL000004253,CUS00015770,HOME,PRV5,2022-08-11,2027-08-10,2027-08-10,170788.38,2270825.9,QUARTERLY,ACTIVE,1,True,170788.38,344
POL000004254,CUS00015779,TRAVEL,PRV4,2023-04-02,2024-04-01,2027-04-01,212592.0,4260241.81,ANNUAL,LAPSED,1,False,0.0,
POL000004255,CUS00015783,HEALTH,PRV3,2023-06-09,2028-06-07,2027-06-08,4202529.52,52098720.63,ANNUAL,ACTIVE,2,True,9184719.19,281
POL000004256,CUS00015783,LIFE,PRV3,2023-08-21,2043-08-16,2027-08-20,4982189.67,104939237.84,MONTHLY,ACTIVE,2,True,9184719.19,281
POL000004257,CUS00015784,HEALTH,PRV2,2022-10-14,2023-10-14,2026-10-13,1660092.93,13411221.63,MONTHLY,LAPSED,1,False,0.0,
POL000004258,CUS00015789,LIFE,PRV1,2025-05-11,2030-05-10,2027-05-11,3101751.47,75364512.51,ANNUAL,ACTIVE,1,True,3101751.47,253
POL000004259,CUS00015790,LIFE,PRV1,2024-09-26,2044-09-21,2026-09-26,3876607.38,91390860.2,ANNUAL,ACTIVE,1,True,3876607.38,26
POL000004260,CUS00015801,HEALTH,PRV5,2025-07-02,2026-07-02,2027-07-02,2172644.5,32092069.26,ANNUAL,LAPSED,1,False,0.0,
POL000004261,CUS00015803,TRAVEL,PRV5,2023-11-14,2033-11-11,2026-11-13,418924.05,3589675.57,QUARTERLY,ACTIVE,1,True,418924.05,74
POL000004262,CUS00015810,MOTOR,PRV5,2023-08-21,2043-08-16,2027-08-20,667887.06,6523076.55,ANNUAL,ACTIVE,1,True,667887.06,354
POL000004263,CUS00015821,HEALTH,PRV1,2025-03-19,2026-03-19,2027-03-19,526866.15,13022002.39,MONTHLY,LAPSED,1,False,0.0,
POL000004264,CUS00015822,HOME,PRV1,2024-02-20,2025-02-19,2027-02-19,190918.66,4134137.47,ANNUAL,LAPSED,1,False,0.0,
POL000004265,CUS00015823,MOTOR,PRV4,2025-12-13,2035-12-11,2026-12-13,385259.57,8573619.38,ANNUAL,ACTIVE,2,True,385259.57,104
POL000004266,CUS00015823,HEALTH,PRV5,2025-06-28,2026-06-28,2027-06-28,968212.02,23069570.4,QUARTERLY,LAPSED,2,True,385259.57,104
POL000004267,CUS00015826,LIFE,PRV5,2026-02-27,2046-02-22,2027-02-27,5073029.18,58194840.11,ANNUAL,ACTIVE,1,True,5073029.18,180
POL000004268,CUS00015830,HEALTH,PRV3,2025-04-25,2030-04-24,2027-04-25,7974128.99,151689222.89,QUARTERLY,ACTIVE,1,True,7974128.99,237
POL000004269,CUS00015833,LIFE,PRV3,2023-03-08,2033-03-05,2027-03-07,970313.18,21866645.93,ANNUAL,ACTIVE,1,True,970313.18,188
POL000004270,CUS00015834,LIFE,PRV2,2025-09-13,2035-09-11,2026-09-13,2810933.69,25102342.73,MONTHLY,ACTIVE,1,True,2810933.69,13
POL000004271,CUS00015837,TRAVEL,PRV1,2026-06-11,2031-06-10,2027-06-11,1597493.83,33042131.92,QUARTERLY,ACTIVE,1,True,1597493.83,284
POL000004272,CUS00015838,HEALTH,PRV2,2025-11-07,2045-11-02,2026-11-07,1341685.59,32594081.87,ANNUAL,ACTIVE,1,True,1341685.59,68
POL000004273,CUS00015842,LIFE,PRV5,2025-08-05,2026-08-05,2027-08-05,3797888.91,48097662.34,MONTHLY,LAPSED,1,False,0.0,
POL000004274,CUS00015850,MOTOR,PRV4,2025-09-23,2035-09-21,2026-09-23,1820934.37,19174736.03,MONTHLY,ACTIVE,1,True,1820934.37,23
POL000004275,CUS00015852,HEALTH,PRV5,2025-01-24,2030-01-23,2027-01-24,20743835.37,368747939.55,ANNUAL,ACTIVE,1,True,20743835.37,146
POL000004276,CUS00015856,LIFE,PRV3,2023-10-18,2024-10-17,2026-10-17,175445.74,3354736.64,MONTHLY,LAPSED,1,False,0.0,
POL000004277,CUS00015860,LIFE,PRV2,2024-02-22,2044-02-17,2027-02-21,3525508.08,81542487.78,ANNUAL,ACTIVE,1,True,3525508.08,174
POL000004278,CUS00015865,LIFE,PRV1,2025-12-16,2035-12-14,2026-12-16,438808.33,5341053.95,ANNUAL,ACTIVE,2,True,1293534.74,28
POL000004279,CUS00015865,MOTOR,PRV5,2023-09-29,2028-09-27,2026-09-28,854726.41,12711969.18,ANNUAL,ACTIVE,2,True,1293534.74,28
POL000004280,CUS00015871,HOME,PRV3,2026-07-15,2027-07-15,2027-07-15,830195.07,10205946.29,ANNUAL,ACTIVE,1,True,830195.07,318
POL000004281,CUS00015874,LIFE,PRV5,2026-01-01,2027-01-01,2027-01-01,26865013.64,344444406.55,ANNUAL,ACTIVE,2,True,41095172.81,123
POL000004282,CUS00015874,HEALTH,PRV4,2025-08-04,2035-08-02,2027-08-04,14230159.17,124009071.08,MONTHLY,ACTIVE,2,True,41095172.81,123
POL000004283,CUS00015893,MOTOR,PRV4,2025-05-27,2045-05-22,2027-05-27,443988.36,5249507.29,QUARTERLY,ACTIVE,1,True,443988.36,269
POL000004284,CUS00015896,HOME,PRV1,2025-02-10,2030-02-09,2027-02-10,8329977.03,112732430.57,ANNUAL,ACTIVE,1,True,8329977.03,163
POL000004285,CUS00015900,HEALTH,PRV5,2024-07-21,2044-07-16,2027-07-21,3005300.47,65032852.37,QUARTERLY,ACTIVE,1,True,3005300.47,324
POL000004286,CUS00015905,HOME,PRV5,2023-07-02,2024-07-01,2027-07-01,3641976.55,61143172.72,MONTHLY,LAPSED,2,True,2190338.63,297
POL000004287,CUS00015905,TRAVEL,PRV3,2026-06-24,2046-06-19,2027-06-24,2190338.63,30488766.47,MONTHLY,ACTIVE,2,True,2190338.63,297
POL000004288,CUS00015909,LIFE,PRV3,2023-03-25,2043-03-20,2027-03-24,245598.72,2783986.02,QUARTERLY,ACTIVE,2,True,540475.44,21
POL000004289,CUS00015909,HEALTH,PRV2,2022-09-22,2042-09-17,2026-09-21,294876.72,3310165.97,ANNUAL,ACTIVE,2,True,540475.44,21
POL000004290,CUS00015912,LIFE,PRV5,2024-12-13,2029-12-12,2026-12-13,883948.47,15339531.85,ANNUAL,ACTIVE,1,True,883948.47,104
POL000004291,CUS00015914,HEALTH,PRV2,2024-09-03,2044-08-29,2026-09-03,2033525.7,42919279.85,MONTHLY,ACTIVE,1,True,2033525.7,3
POL000004292,CUS00015915,HEALTH,PRV2,2023-05-26,2024-05-25,2027-05-25,469370.08,4131934.39,MONTHLY,LAPSED,1,False,0.0,
POL000004293,CUS00015922,HEALTH,PRV4,2026-07-21,2036-07-18,2027-07-21,173816.54,2267487.45,MONTHLY,ACTIVE,1,True,173816.54,324
POL000004294,CUS00015926,HOME,PRV3,2024-10-26,2029-10-25,2026-10-26,200123.07,3396326.97,MONTHLY,ACTIVE,1,True,200123.07,56
POL000004295,CUS00015931,LIFE,PRV5,2024-05-11,2029-05-10,2027-05-11,22579130.88,513767058.76,MONTHLY,ACTIVE,1,True,22579130.88,253
POL000004296,CUS00015934,HEALTH,PRV2,2023-05-30,2028-05-28,2027-05-29,127208.2,3036936.52,ANNUAL,ACTIVE,1,True,127208.2,271
POL000004297,CUS00015939,HOME,PRV2,2024-11-04,2034-11-02,2026-11-04,141008.01,2174366.93,MONTHLY,ACTIVE,1,True,141008.01,65
POL000004298,CUS00015952,HEALTH,PRV1,2022-12-24,2027-12-23,2026-12-23,2967919.29,53881438.02,ANNUAL,ACTIVE,2,True,5589191.56,114
POL000004299,CUS00015952,HEALTH,PRV4,2025-05-24,2045-05-19,2027-05-24,2621272.27,32579556.26,MONTHLY,ACTIVE,2,True,5589191.56,114
POL000004300,CUS00015953,HEALTH,PRV3,2024-08-26,2034-08-24,2027-08-26,16850466.16,142399069.06,MONTHLY,ACTIVE,1,True,16850466.16,360
POL000004301,CUS00015956,HEALTH,PRV2,2024-08-06,2025-08-06,2027-08-06,3806836.62,80987419.09,MONTHLY,LAPSED,1,False,0.0,
POL000004302,CUS00015959,LIFE,PRV4,2022-11-24,2023-11-24,2026-11-23,1540822.15,28654030.55,MONTHLY,LAPSED,1,False,0.0,
POL000004303,CUS00015965,LIFE,PRV5,2023-04-12,2033-04-09,2027-04-11,546287.44,10723113.04,ANNUAL,ACTIVE,1,True,546287.44,223
POL000004304,CUS00015970,TRAVEL,PRV2,2022-09-17,2032-09-14,2026-09-16,1973830.69,17492135.53,ANNUAL,ACTIVE,1,True,1973830.69,16
POL000004305,CUS00015972,LIFE,PRV2,2023-03-17,2033-03-14,2027-03-16,1524044.37,15934496.25,ANNUAL,ACTIVE,1,True,1524044.37,197
POL000004306,CUS00015975,LIFE,PRV5,2023-08-25,2043-08-20,2027-08-24,4289328.95,72852039.11,ANNUAL,ACTIVE,1,True,4289328.95,358
POL000004307,CUS00015976,HEALTH,PRV2,2025-10-27,2026-10-27,2026-10-27,494950.01,10568659.41,ANNUAL,ACTIVE,2,True,494950.01,57
POL000004308,CUS00015976,LIFE,PRV1,2023-02-20,2024-02-20,2027-02-19,845559.7,7756257.71,ANNUAL,LAPSED,2,True,494950.01,57
POL000004309,CUS00015977,MOTOR,PRV1,2023-02-05,2033-02-02,2027-02-04,124543.21,1302547.6,MONTHLY,ACTIVE,1,True,124543.21,157
POL000004310,CUS00015979,HOME,PRV5,2024-06-03,2029-06-02,2027-06-03,724315.7,15164541.51,QUARTERLY,ACTIVE,1,True,724315.7,276
POL000004311,CUS00015981,LIFE,PRV3,2024-12-15,2034-12-13,2026-12-15,1002528.54,9115821.8,ANNUAL,ACTIVE,2,True,2118774.88,106
POL000004312,CUS00015981,MOTOR,PRV5,2026-03-12,2031-03-11,2027-03-12,1116246.34,21269143.21,MONTHLY,ACTIVE,2,True,2118774.88,106
POL000004313,CUS00015982,HOME,PRV2,2023-09-09,2033-09-06,2026-09-08,3807525.86,41052407.28,ANNUAL,ACTIVE,2,True,3807525.86,8
POL000004314,CUS00015982,HOME,PRV4,2023-01-13,2024-01-13,2027-01-12,2117181.57,24648472.36,ANNUAL,LAPSED,2,True,3807525.86,8
POL000004315,CUS00015983,MOTOR,PRV3,2023-05-01,2028-04-29,2027-04-30,2065321.26,20664040.79,ANNUAL,ACTIVE,1,True,2065321.26,242
POL000004316,CUS00015987,MOTOR,PRV5,2026-01-05,2036-01-03,2027-01-05,1898415.47,31348925.37,QUARTERLY,ACTIVE,2,True,2960566.01,96
POL000004317,CUS00015987,HEALTH,PRV3,2022-12-06,2032-12-03,2026-12-05,1062150.54,16301613.37,MONTHLY,ACTIVE,2,True,2960566.01,96
POL000004318,CUS00015989,LIFE,PRV1,2024-09-30,2025-09-30,2026-09-30,103214.46,942743.98,ANNUAL,LAPSED,2,True,177592.47,219
POL000004319,CUS00015989,HEALTH,PRV4,2025-04-07,2030-04-06,2027-04-07,177592.47,3626575.58,QUARTERLY,ACTIVE,2,True,177592.47,219
POL000004320,CUS00015994,HEALTH,PRV2,2025-10-17,2045-10-12,2026-10-17,231964.16,1914987.75,ANNUAL,ACTIVE,1,True,231964.16,47
POL000004321,CUS00016000,HEALTH,PRV5,2025-07-29,2026-07-29,2027-07-29,2006734.48,19219510.62,ANNUAL,LAPSED,1,False,0.0,
POL000004322,CUS00016001,TRAVEL,PRV3,2023-06-05,2043-05-31,2027-06-04,266699.78,5999360.09,MONTHLY,ACTIVE,1,True,266699.78,277
POL000004323,CUS00016009,HOME,PRV1,2024-01-08,2029-01-06,2027-01-07,1409288.83,25155449.99,MONTHLY,ACTIVE,2,True,2586911.55,129
POL000004324,CUS00016009,LIFE,PRV1,2025-06-18,2030-06-17,2027-06-18,1177622.72,24564687.4,QUARTERLY,ACTIVE,2,True,2586911.55,129
POL000004325,CUS00016013,LIFE,PRV4,2022-07-31,2042-07-26,2027-07-30,2842196.83,49686983.84,ANNUAL,ACTIVE,1,True,2842196.83,333
POL000004326,CUS00016021,LIFE,PRV3,2025-12-12,2035-12-10,2026-12-12,1664958.99,38038887.72,MONTHLY,ACTIVE,1,True,1664958.99,103
POL000004327,CUS00016025,HEALTH,PRV3,2026-01-24,2036-01-22,2027-01-24,553400.0,6735202.01,MONTHLY,ACTIVE,1,True,553400.0,146
POL000004328,CUS00016027,HEALTH,PRV5,2022-09-11,2027-09-10,2026-09-10,2399864.09,42890934.71,ANNUAL,ACTIVE,1,True,2399864.09,10
POL000004329,CUS00016029,LIFE,PRV1,2023-06-25,2033-06-22,2027-06-24,208958.76,5188053.27,ANNUAL,ACTIVE,2,True,310410.95,63
POL000004330,CUS00016029,LIFE,PRV2,2022-11-03,2042-10-29,2026-11-02,101452.19,1650116.92,ANNUAL,ACTIVE,2,True,310410.95,63
POL000004331,CUS00016036,MOTOR,PRV4,2026-02-14,2036-02-12,2027-02-14,13195568.39,247094129.27,ANNUAL,ACTIVE,1,True,13195568.39,167
POL000004332,CUS00016049,TRAVEL,PRV3,2024-01-25,2044-01-20,2027-01-24,566817.53,9440413.62,QUARTERLY,ACTIVE,1,True,566817.53,146
POL000004333,CUS00016062,LIFE,PRV2,2026-06-03,2031-06-02,2027-06-03,1002436.76,22451667.56,ANNUAL,ACTIVE,1,True,1002436.76,276
POL000004334,CUS00016063,LIFE,PRV1,2024-01-16,2029-01-14,2027-01-15,1830938.4,19708559.58,QUARTERLY,ACTIVE,1,True,1830938.4,137
POL000004335,CUS00016066,HEALTH,PRV4,2025-05-25,2026-05-25,2027-05-25,177646.11,3771536.34,QUARTERLY,LAPSED,1,False,0.0,
POL000004336,CUS00016083,HEALTH,PRV5,2025-03-07,2030-03-06,2027-03-07,502749.95,12537854.08,MONTHLY,ACTIVE,1,True,502749.95,188
POL000004337,CUS00016084,LIFE,PRV4,2025-07-29,2035-07-27,2027-07-29,1976746.71,31254334.19,ANNUAL,ACTIVE,1,True,1976746.71,332
POL000004338,CUS00016093,LIFE,PRV2,2026-07-10,2036-07-07,2027-07-10,337977.68,6267199.43,ANNUAL,ACTIVE,1,True,337977.68,313
POL000004339,CUS00016095,HOME,PRV1,2022-11-06,2042-11-01,2026-11-05,1020180.15,14897452.66,ANNUAL,ACTIVE,1,True,1020180.15,66
POL000004340,CUS00016105,LIFE,PRV1,2023-05-09,2033-05-06,2027-05-08,245048.68,5876112.32,ANNUAL,ACTIVE,1,True,245048.68,250
POL000004341,CUS00016107,MOTOR,PRV3,2025-06-18,2035-06-16,2027-06-18,117585.87,1013299.31,ANNUAL,ACTIVE,1,True,117585.87,291
POL000004342,CUS00016109,LIFE,PRV1,2022-08-29,2042-08-24,2027-08-28,2194784.84,30396230.65,ANNUAL,ACTIVE,1,True,2194784.84,362
POL000004343,CUS00016111,LIFE,PRV5,2023-01-23,2043-01-18,2027-01-22,3173816.67,75269739.92,MONTHLY,ACTIVE,1,True,3173816.67,144
POL000004344,CUS00016116,TRAVEL,PRV3,2026-05-07,2027-05-07,2027-05-07,277379.87,3230471.6,QUARTERLY,ACTIVE,1,True,277379.87,249
POL000004345,CUS00016119,HEALTH,PRV1,2025-12-12,2026-12-12,2026-12-12,4141773.81,58030296.52,ANNUAL,ACTIVE,1,True,4141773.81,103
POL000004346,CUS00016121,LIFE,PRV5,2023-09-07,2024-09-06,2026-09-06,7895823.44,71839351.77,ANNUAL,LAPSED,1,False,0.0,
POL000004347,CUS00016126,LIFE,PRV5,2026-07-26,2031-07-25,2027-07-26,11072788.42,116770714.68,ANNUAL,ACTIVE,1,True,11072788.42,329
POL000004348,CUS00016131,MOTOR,PRV3,2024-10-18,2034-10-16,2026-10-18,8921758.14,186977461.48,MONTHLY,ACTIVE,2,True,15996294.67,48
POL000004349,CUS00016131,HEALTH,PRV4,2023-08-25,2028-08-23,2027-08-24,7074536.53,123791909.3,ANNUAL,ACTIVE,2,True,15996294.67,48
POL000004350,CUS00016137,LIFE,PRV1,2023-07-14,2033-07-11,2027-07-13,1945526.24,20174911.78,ANNUAL,ACTIVE,1,True,1945526.24,316
POL000004351,CUS00016140,HEALTH,PRV1,2022-11-09,2032-11-06,2026-11-08,6905701.26,166035994.14,MONTHLY,ACTIVE,1,True,6905701.26,69
POL000004352,CUS00016141,MOTOR,PRV1,2026-01-02,2045-12-28,2027-01-02,483063.96,11554473.58,MONTHLY,ACTIVE,1,True,483063.96,124
POL000004353,CUS00016148,HOME,PRV4,2022-07-24,2042-07-19,2027-07-23,1242908.18,17749226.74,MONTHLY,ACTIVE,1,True,1242908.18,326
POL000004354,CUS00016163,LIFE,PRV3,2024-01-16,2029-01-14,2027-01-15,1782182.28,36013621.75,ANNUAL,ACTIVE,2,True,2228535.39,22
POL000004355,CUS00016163,MOTOR,PRV3,2022-09-23,2042-09-18,2026-09-22,446353.11,6910949.25,ANNUAL,ACTIVE,2,True,2228535.39,22
POL000004356,CUS00016166,HOME,PRV1,2025-02-25,2035-02-23,2027-02-25,592639.34,7450293.57,ANNUAL,ACTIVE,1,True,592639.34,178
POL000004357,CUS00016167,HOME,PRV3,2025-10-28,2045-10-23,2026-10-28,338464.27,4692113.51,ANNUAL,ACTIVE,1,True,338464.27,58
POL000004358,CUS00016176,MOTOR,PRV5,2025-10-13,2045-10-08,2026-10-13,7213444.38,112594551.4,MONTHLY,ACTIVE,1,True,7213444.38,43
POL000004359,CUS00016178,HEALTH,PRV1,2023-08-21,2033-08-18,2027-08-20,377515.14,5675644.06,MONTHLY,ACTIVE,1,True,377515.14,354
POL000004360,CUS00016183,HEALTH,PRV1,2023-08-26,2043-08-21,2027-08-25,307584.15,4690654.74,MONTHLY,ACTIVE,1,True,307584.15,359
POL000004361,CUS00016184,LIFE,PRV4,2025-12-14,2026-12-14,2026-12-14,163275.6,1436138.61,ANNUAL,ACTIVE,1,True,163275.6,105
POL000004362,CUS00016186,HEALTH,PRV5,2023-02-16,2033-02-13,2027-02-15,7308970.52,129459202.36,ANNUAL,ACTIVE,2,True,32933337.68,168
POL000004363,CUS00016186,LIFE,PRV2,2023-08-03,2028-08-01,2027-08-02,25624367.16,515619914.6,QUARTERLY,ACTIVE,2,True,32933337.68,168
POL000004364,CUS00016191,HEALTH,PRV3,2023-09-18,2033-09-15,2026-09-17,736668.43,10165708.05,ANNUAL,ACTIVE,1,True,736668.43,17
POL000004365,CUS00016192,HEALTH,PRV2,2024-02-16,2025-02-15,2027-02-15,2608746.19,53733153.12,MONTHLY,LAPSED,1,False,0.0,
POL000004366,CUS00016198,TRAVEL,PRV1,2026-02-09,2031-02-08,2027-02-09,2372089.42,55902011.14,ANNUAL,ACTIVE,1,True,2372089.42,162
POL000004367,CUS00016216,MOTOR,PRV3,2023-09-13,2024-09-12,2026-09-12,148215.83,2031275.6,ANNUAL,LAPSED,1,False,0.0,
POL000004368,CUS00016220,LIFE,PRV2,2023-05-20,2043-05-15,2027-05-19,6155887.6,110956613.43,MONTHLY,ACTIVE,1,True,6155887.6,261
POL000004369,CUS00016221,MOTOR,PRV4,2025-04-15,2026-04-15,2027-04-15,7371553.45,125929312.27,ANNUAL,LAPSED,2,False,0.0,
POL000004370,CUS00016221,TRAVEL,PRV1,2023-07-04,2024-07-03,2027-07-03,5568313.66,117644170.42,MONTHLY,LAPSED,2,False,0.0,
POL000004371,CUS00016222,MOTOR,PRV5,2025-03-10,2035-03-08,2027-03-10,29704180.31,653015308.15,MONTHLY,ACTIVE,1,True,29704180.31,191
POL000004372,CUS00016225,LIFE,PRV2,2024-10-11,2029-10-10,2026-10-11,1417495.43,26091998.29,ANNUAL,ACTIVE,2,True,5920326.28,41
POL000004373,CUS00016225,LIFE,PRV1,2025-05-09,2045-05-04,2027-05-09,4502830.85,96856418.16,QUARTERLY,ACTIVE,2,True,5920326.28,41
POL000004374,CUS00016226,LIFE,PRV5,2022-11-27,2023-11-27,2026-11-26,6106587.28,84838382.71,MONTHLY,LAPSED,1,False,0.0,
POL000004375,CUS00016229,HEALTH,PRV5,2022-12-08,2042-12-03,2026-12-07,1501445.59,33711320.04,MONTHLY,ACTIVE,1,True,1501445.59,98
POL000004376,CUS00016231,MOTOR,PRV2,2023-03-25,2024-03-24,2027-03-24,1701233.7,28385154.3,ANNUAL,LAPSED,1,False,0.0,
POL000004377,CUS00016251,LIFE,PRV2,2024-07-02,2025-07-02,2027-07-02,75703.21,1444740.71,QUARTERLY,LAPSED,1,False,0.0,
POL000004378,CUS00016253,LIFE,PRV5,2025-08-25,2035-08-23,2027-08-25,300035.76,3946615.99,ANNUAL,ACTIVE,1,True,300035.76,359
POL000004379,CUS00016255,LIFE,PRV3,2024-04-26,2029-04-25,2027-04-26,1562754.78,27340655.65,ANNUAL,ACTIVE,2,True,3171156.82,86
POL000004380,CUS00016255,HOME,PRV2,2023-11-26,2028-11-24,2026-11-25,1608402.04,26736487.92,ANNUAL,ACTIVE,2,True,3171156.82,86
POL000004381,CUS00016259,HEALTH,PRV5,2023-07-13,2024-07-12,2027-07-12,350065.72,8418454.47,MONTHLY,LAPSED,1,False,0.0,
POL000004382,CUS00016264,LIFE,PRV1,2025-06-26,2030-06-25,2027-06-26,215976.49,2134925.49,QUARTERLY,ACTIVE,1,True,215976.49,299
POL000004383,CUS00016266,HOME,PRV3,2024-12-17,2044-12-12,2026-12-17,2287810.03,30949042.2,MONTHLY,ACTIVE,2,True,6162753.35,39
POL000004384,CUS00016266,LIFE,PRV2,2025-10-09,2030-10-08,2026-10-09,3874943.32,87172548.24,ANNUAL,ACTIVE,2,True,6162753.35,39
POL000004385,CUS00016269,MOTOR,PRV3,2025-08-21,2035-08-19,2027-08-21,1871456.92,29734904.86,QUARTERLY,ACTIVE,1,True,1871456.92,355
POL000004386,CUS00016271,MOTOR,PRV3,2025-10-31,2030-10-30,2026-10-31,2931894.45,64284581.86,MONTHLY,ACTIVE,2,True,4303712.46,61
POL000004387,CUS00016271,MOTOR,PRV5,2026-04-10,2027-04-10,2027-04-10,1371818.01,23146444.72,ANNUAL,ACTIVE,2,True,4303712.46,61
POL000004388,CUS00016275,HEALTH,PRV1,2024-03-11,2025-03-11,2027-03-11,344205.92,8229977.88,MONTHLY,LAPSED,1,False,0.0,
POL000004389,CUS00016276,HOME,PRV1,2025-06-17,2035-06-15,2027-06-17,1353255.58,21103945.83,ANNUAL,ACTIVE,1,True,1353255.58,290
POL000004390,CUS00016277,LIFE,PRV4,2022-12-12,2042-12-07,2026-12-11,14639367.84,157217103.64,MONTHLY,ACTIVE,2,True,14639367.84,102
POL000004391,CUS00016277,HEALTH,PRV5,2024-07-01,2025-07-01,2027-07-01,12660970.34,242702258.28,QUARTERLY,LAPSED,2,True,14639367.84,102
POL000004392,CUS00016282,HOME,PRV5,2023-06-06,2024-06-05,2027-06-05,3447967.14,55785767.03,QUARTERLY,LAPSED,1,False,0.0,
POL000004393,CUS00016285,HEALTH,PRV4,2024-10-06,2025-10-06,2026-10-06,1053024.01,10201752.46,QUARTERLY,LAPSED,1,False,0.0,
POL000004394,CUS00016287,TRAVEL,PRV2,2024-05-22,2044-05-17,2027-05-22,2714225.26,58416988.29,QUARTERLY,ACTIVE,1,True,2714225.26,264
POL000004395,CUS00016289,LIFE,PRV3,2024-07-20,2029-07-19,2027-07-20,45238619.15,751992333.32,MONTHLY,ACTIVE,1,True,45238619.15,323
POL000004396,CUS00016291,HEALTH,PRV2,2022-10-21,2032-10-18,2026-10-20,473411.24,4659325.87,MONTHLY,ACTIVE,1,True,473411.24,50
POL000004397,CUS00016301,HOME,PRV1,2025-10-08,2035-10-06,2026-10-08,1737680.72,22236515.52,ANNUAL,ACTIVE,1,True,1737680.72,38
POL000004398,CUS00016311,LIFE,PRV5,2022-12-05,2027-12-04,2026-12-04,614288.83,12708074.12,ANNUAL,ACTIVE,2,True,1237326.7,95
POL000004399,CUS00016311,HEALTH,PRV5,2022-07-26,2027-07-25,2027-07-25,623037.87,15546212.79,QUARTERLY,ACTIVE,2,True,1237326.7,95
POL000004400,CUS00016312,LIFE,PRV3,2024-09-15,2034-09-13,2026-09-15,878570.5,20584889.03,ANNUAL,ACTIVE,1,True,878570.5,15
POL000004401,CUS00016316,LIFE,PRV5,2023-08-09,2024-08-08,2027-08-08,523860.2,5842237.44,ANNUAL,LAPSED,1,False,0.0,
POL000004402,CUS00016317,HOME,PRV1,2025-11-18,2030-11-17,2026-11-18,3470826.0,72589405.36,MONTHLY,ACTIVE,1,True,3470826.0,79
POL000004403,CUS00016319,HOME,PRV5,2024-11-01,2034-10-30,2026-11-01,23650115.68,249568561.78,ANNUAL,ACTIVE,1,True,23650115.68,62
POL000004404,CUS00016321,HEALTH,PRV1,2024-06-19,2029-06-18,2027-06-19,952334.19,21206697.0,MONTHLY,ACTIVE,1,True,952334.19,292
POL000004405,CUS00016323,LIFE,PRV1,2022-09-04,2027-09-03,2026-09-03,3480673.37,52017387.5,ANNUAL,ACTIVE,1,True,3480673.37,3
POL000004406,CUS00016326,LIFE,PRV3,2023-05-15,2043-05-10,2027-05-14,342880.3,6395671.01,ANNUAL,ACTIVE,1,True,342880.3,256
POL000004407,CUS00016333,LIFE,PRV4,2024-03-06,2044-03-01,2027-03-06,271702.7,6540165.47,ANNUAL,ACTIVE,2,True,697897.46,172
POL000004408,CUS00016333,HOME,PRV3,2024-02-20,2034-02-17,2027-02-19,426194.76,8406471.26,ANNUAL,ACTIVE,2,True,697897.46,172
POL000004409,CUS00016339,HEALTH,PRV2,2023-11-22,2028-11-20,2026-11-21,693756.35,16241151.03,ANNUAL,ACTIVE,1,True,693756.35,82
POL000004410,CUS00016342,LIFE,PRV4,2023-06-30,2033-06-27,2027-06-29,2081050.13,18131065.59,ANNUAL,ACTIVE,1,True,2081050.13,302
POL000004411,CUS00016347,HEALTH,PRV3,2023-05-08,2028-05-06,2027-05-07,3562525.01,41008060.64,QUARTERLY,ACTIVE,1,True,3562525.01,249
POL000004412,CUS00016351,MOTOR,PRV4,2025-10-07,2045-10-02,2026-10-07,1881972.71,46140937.87,ANNUAL,ACTIVE,1,True,1881972.71,37
POL000004413,CUS00016361,LIFE,PRV2,2024-01-02,2043-12-28,2027-01-01,12602220.74,272246941.3,ANNUAL,ACTIVE,1,True,12602220.74,123
POL000004414,CUS00016366,LIFE,PRV5,2025-06-28,2035-06-26,2027-06-28,430148.94,8952074.65,QUARTERLY,ACTIVE,1,True,430148.94,301
POL000004415,CUS00016369,HEALTH,PRV3,2022-11-05,2027-11-04,2026-11-04,405669.28,4011051.07,ANNUAL,ACTIVE,1,True,405669.28,65
POL000004416,CUS00016374,LIFE,PRV5,2026-02-23,2046-02-18,2027-02-23,1053724.78,13161280.91,ANNUAL,ACTIVE,1,True,1053724.78,176
POL000004417,CUS00016378,HEALTH,PRV2,2025-05-22,2045-05-17,2027-05-22,66564.22,558723.1,ANNUAL,ACTIVE,2,True,306438.53,180
POL000004418,CUS00016378,HEALTH,PRV5,2026-02-27,2046-02-22,2027-02-27,239874.31,2465517.55,ANNUAL,ACTIVE,2,True,306438.53,180
POL000004419,CUS00016379,MOTOR,PRV2,2024-12-11,2029-12-10,2026-12-11,1560411.04,26578259.08,ANNUAL,ACTIVE,1,True,1560411.04,102
POL000004420,CUS00016380,MOTOR,PRV5,2024-12-07,2044-12-02,2026-12-07,21078037.15,301682221.72,ANNUAL,ACTIVE,2,True,27344828.62,98
POL000004421,CUS00016380,LIFE,PRV4,2024-05-27,2029-05-26,2027-05-27,6266791.47,115993751.35,MONTHLY,ACTIVE,2,True,27344828.62,98
POL000004422,CUS00016385,MOTOR,PRV4,2025-07-16,2035-07-14,2027-07-16,1841144.58,23112621.01,ANNUAL,ACTIVE,1,True,1841144.58,319
POL000004423,CUS00016389,MOTOR,PRV3,2023-01-02,2024-01-02,2027-01-01,159083.59,3405308.01,QUARTERLY,LAPSED,1,False,0.0,
POL000004424,CUS00016396,HEALTH,PRV1,2026-07-20,2046-07-15,2027-07-20,9105195.19,88149598.35,QUARTERLY,ACTIVE,2,True,9105195.19,323
POL000004425,CUS00016396,TRAVEL,PRV2,2024-02-14,2025-02-13,2027-02-13,8939574.83,209384406.33,ANNUAL,LAPSED,2,True,9105195.19,323
POL000004426,CUS00016404,MOTOR,PRV3,2024-04-20,2029-04-19,2027-04-20,4514140.84,56315919.56,MONTHLY,ACTIVE,1,True,4514140.84,232
POL000004427,CUS00016413,TRAVEL,PRV5,2022-08-19,2023-08-19,2027-08-18,534045.42,5668628.2,ANNUAL,LAPSED,1,False,0.0,
POL000004428,CUS00016414,LIFE,PRV2,2025-07-07,2026-07-07,2027-07-07,3435437.37,62449507.06,QUARTERLY,LAPSED,1,False,0.0,
POL000004429,CUS00016415,MOTOR,PRV2,2022-10-11,2027-10-10,2026-10-10,1401970.07,19429140.7,MONTHLY,ACTIVE,1,True,1401970.07,40
POL000004430,CUS00016416,LIFE,PRV2,2023-11-17,2033-11-14,2026-11-16,1172564.04,20765431.51,ANNUAL,ACTIVE,1,True,1172564.04,77
POL000004431,CUS00016424,HEALTH,PRV1,2025-07-06,2035-07-04,2027-07-06,3008781.38,58973565.36,MONTHLY,ACTIVE,2,True,5441038.46,7
POL000004432,CUS00016424,HEALTH,PRV3,2023-09-08,2043-09-03,2026-09-07,2432257.08,46931459.52,ANNUAL,ACTIVE,2,True,5441038.46,7
POL000004433,CUS00016426,TRAVEL,PRV4,2024-07-07,2034-07-05,2027-07-07,2108541.97,28208013.73,QUARTERLY,ACTIVE,2,True,2108541.97,310
POL000004434,CUS00016426,HEALTH,PRV5,2023-03-11,2024-03-10,2027-03-10,933018.96,16457961.31,MONTHLY,LAPSED,2,True,2108541.97,310
POL000004435,CUS00016433,HEALTH,PRV1,2023-05-16,2024-05-15,2027-05-15,156189.99,2854626.05,ANNUAL,LAPSED,1,False,0.0,
POL000004436,CUS00016455,HEALTH,PRV2,2024-08-08,2044-08-03,2027-08-08,757473.0,6066430.46,QUARTERLY,ACTIVE,2,True,1811401.32,213
POL000004437,CUS00016455,LIFE,PRV4,2024-04-01,2029-03-31,2027-04-01,1053928.32,18858386.79,ANNUAL,ACTIVE,2,True,1811401.32,213
POL000004438,CUS00016456,HOME,PRV3,2022-10-23,2027-10-22,2026-10-22,463167.32,5243866.51,ANNUAL,ACTIVE,1,True,463167.32,52
POL000004439,CUS00016458,LIFE,PRV4,2025-12-24,2035-12-22,2026-12-24,6149635.57,95300748.12,ANNUAL,ACTIVE,1,True,6149635.57,115
POL000004440,CUS00016466,HEALTH,PRV1,2023-07-11,2028-07-09,2027-07-10,1762075.48,43799607.89,QUARTERLY,ACTIVE,2,True,1762075.48,313
POL000004441,CUS00016466,LIFE,PRV5,2023-01-28,2024-01-28,2027-01-27,534118.27,8799099.26,ANNUAL,LAPSED,2,True,1762075.48,313
POL000004442,CUS00016467,HEALTH,PRV1,2025-08-13,2035-08-11,2027-08-13,394146.3,8913176.61,QUARTERLY,ACTIVE,1,True,394146.3,347
POL000004443,CUS00016469,LIFE,PRV2,2024-07-09,2044-07-04,2027-07-09,3707921.97,52231159.34,ANNUAL,ACTIVE,1,True,3707921.97,312
POL000004444,CUS00016473,TRAVEL,PRV5,2025-06-10,2026-06-10,2027-06-10,418563.98,9249865.37,ANNUAL,LAPSED,2,True,213847.4,197
POL000004445,CUS00016473,LIFE,PRV4,2026-03-16,2046-03-11,2027-03-16,213847.4,2407991.61,ANNUAL,ACTIVE,2,True,213847.4,197
POL000004446,CUS00016479,LIFE,PRV4,2026-04-24,2036-04-21,2027-04-24,15649443.72,255413655.15,QUARTERLY,ACTIVE,1,True,15649443.72,236
POL000004447,CUS00016483,MOTOR,PRV1,2025-06-02,2045-05-28,2027-06-02,1553870.59,12908683.97,MONTHLY,ACTIVE,1,True,1553870.59,275
POL000004448,CUS00016484,LIFE,PRV4,2024-10-12,2025-10-12,2026-10-12,399055.38,3307518.58,MONTHLY,LAPSED,2,False,0.0,
POL000004449,CUS00016484,LIFE,PRV5,2023-07-03,2024-07-02,2027-07-02,385776.29,7402281.88,ANNUAL,LAPSED,2,False,0.0,
POL000004450,CUS00016485,LIFE,PRV3,2024-04-06,2029-04-05,2027-04-06,3047326.6,29732909.9,ANNUAL,ACTIVE,1,True,3047326.6,218
POL000004451,CUS00016492,TRAVEL,PRV3,2023-06-02,2033-05-30,2027-06-01,7720090.78,72461401.8,ANNUAL,ACTIVE,1,True,7720090.78,274
POL000004452,CUS00016494,HEALTH,PRV1,2024-09-05,2044-08-31,2026-09-05,6568196.05,112943453.18,ANNUAL,ACTIVE,2,True,6568196.05,5
POL000004453,CUS00016494,MOTOR,PRV3,2023-07-08,2024-07-07,2027-07-07,22791823.12,511123294.36,ANNUAL,LAPSED,2,True,6568196.05,5
POL000004454,CUS00016495,HOME,PRV2,2024-12-12,2025-12-12,2026-12-12,126168.02,2466440.59,MONTHLY,LAPSED,2,True,58774.51,81
POL000004455,CUS00016495,HOME,PRV3,2022-11-21,2032-11-18,2026-11-20,58774.51,944582.64,MONTHLY,ACTIVE,2,True,58774.51,81
POL000004456,CUS00016496,MOTOR,PRV4,2024-10-14,2044-10-09,2026-10-14,6305255.31,98684494.44,QUARTERLY,ACTIVE,1,True,6305255.31,44
POL000004457,CUS00016502,LIFE,PRV2,2026-07-26,2046-07-21,2027-07-26,967333.87,20640144.22,ANNUAL,ACTIVE,1,True,967333.87,329
POL000004458,CUS00016505,HEALTH,PRV5,2024-12-16,2034-12-14,2026-12-16,2693859.75,36103109.0,MONTHLY,ACTIVE,2,True,5982175.62,107
POL000004459,CUS00016505,MOTOR,PRV4,2024-02-17,2029-02-15,2027-02-16,3288315.87,30023657.9,ANNUAL,ACTIVE,2,True,5982175.62,107
POL000004460,CUS00016508,TRAVEL,PRV3,2022-08-24,2032-08-21,2027-08-23,730138.1,7989105.2,ANNUAL,ACTIVE,1,True,730138.1,357
POL000004461,CUS00016517,LIFE,PRV2,2025-07-21,2045-07-16,2027-07-21,6013914.22,67786337.57,QUARTERLY,ACTIVE,1,True,6013914.22,324
POL000004462,CUS00016518,HOME,PRV2,2023-01-20,2043-01-15,2027-01-19,5662375.93,51651032.94,MONTHLY,ACTIVE,2,True,12292291.59,141
POL000004463,CUS00016518,HEALTH,PRV4,2025-04-01,2030-03-31,2027-04-01,6629915.66,145848142.61,ANNUAL,ACTIVE,2,True,12292291.59,141
POL000004464,CUS00016521,LIFE,PRV5,2023-12-04,2033-12-01,2026-12-03,246091.26,5066799.8,ANNUAL,ACTIVE,1,True,246091.26,94
POL000004465,CUS00016524,TRAVEL,PRV3,2023-03-29,2043-03-24,2027-03-28,2611275.08,45297853.13,ANNUAL,ACTIVE,1,True,2611275.08,209
POL000004466,CUS00016535,HEALTH,PRV3,2025-09-14,2045-09-09,2026-09-14,6460842.15,88642207.01,ANNUAL,ACTIVE,2,True,11432603.61,14
POL000004467,CUS00016535,LIFE,PRV3,2025-05-25,2035-05-23,2027-05-25,4971761.46,77372026.05,QUARTERLY,ACTIVE,2,True,11432603.61,14
POL000004468,CUS00016536,MOTOR,PRV2,2024-03-26,2029-03-25,2027-03-26,6279829.91,98859390.89,QUARTERLY,ACTIVE,1,True,6279829.91,207
POL000004469,CUS00016553,LIFE,PRV5,2023-07-09,2028-07-07,2027-07-08,871254.86,10843628.55,MONTHLY,ACTIVE,1,True,871254.86,311
POL000004470,CUS00016555,HOME,PRV5,2023-11-18,2043-11-13,2026-11-17,1925009.13,16814069.75,ANNUAL,ACTIVE,1,True,1925009.13,78
POL000004471,CUS00016557,TRAVEL,PRV3,2026-03-19,2046-03-14,2027-03-19,1363720.24,28833281.4,ANNUAL,ACTIVE,1,True,1363720.24,200
POL000004472,CUS00016564,HOME,PRV4,2022-08-30,2027-08-29,2027-08-29,4471996.7,59772804.68,QUARTERLY,ACTIVE,1,True,4471996.7,363
POL000004473,CUS00016568,HEALTH,PRV3,2024-05-04,2034-05-02,2027-05-04,1534816.77,16230905.33,ANNUAL,ACTIVE,2,True,2328507.87,15
POL000004474,CUS00016568,LIFE,PRV1,2025-09-15,2026-09-15,2026-09-15,793691.1,9749120.87,MONTHLY,ACTIVE,2,True,2328507.87,15
POL000004475,CUS00016572,MOTOR,PRV1,2026-05-03,2031-05-02,2027-05-03,1270718.31,25162778.78,QUARTERLY,ACTIVE,1,True,1270718.31,245
POL000004476,CUS00016573,HEALTH,PRV4,2026-03-03,2031-03-02,2027-03-03,521036.47,7091374.44,MONTHLY,ACTIVE,1,True,521036.47,184
POL000004477,CUS00016574,TRAVEL,PRV4,2024-05-11,2034-05-09,2027-05-11,440185.4,5838723.93,ANNUAL,ACTIVE,1,True,440185.4,253
POL000004478,CUS00016578,LIFE,PRV2,2024-04-14,2044-04-09,2027-04-14,289143.21,6011590.55,QUARTERLY,ACTIVE,1,True,289143.21,226
POL000004479,CUS00016583,HEALTH,PRV5,2023-12-11,2033-12-08,2026-12-10,764918.21,10209312.06,ANNUAL,ACTIVE,1,True,764918.21,101
POL000004480,CUS00016589,LIFE,PRV3,2024-04-04,2034-04-02,2027-04-04,201284.07,3645911.6,ANNUAL,ACTIVE,1,True,201284.07,216
POL000004481,CUS00016596,LIFE,PRV1,2022-10-13,2023-10-13,2026-10-12,202013.9,2419664.72,ANNUAL,LAPSED,1,False,0.0,
POL000004482,CUS00016597,MOTOR,PRV5,2025-02-03,2045-01-29,2027-02-03,847799.42,15018074.2,QUARTERLY,ACTIVE,2,True,1330112.19,139
POL000004483,CUS00016597,HOME,PRV3,2025-01-17,2045-01-12,2027-01-17,482312.77,7542519.63,ANNUAL,ACTIVE,2,True,1330112.19,139
POL000004484,CUS00016603,LIFE,PRV2,2022-11-16,2042-11-11,2026-11-15,16450104.23,359027325.91,QUARTERLY,ACTIVE,1,True,16450104.23,76
POL000004485,CUS00016611,HOME,PRV3,2025-08-24,2035-08-22,2027-08-24,422720.85,6351732.69,MONTHLY,ACTIVE,1,True,422720.85,358
POL000004486,CUS00016612,HOME,PRV2,2025-03-13,2026-03-13,2027-03-13,2116017.16,31878716.13,ANNUAL,LAPSED,2,True,2194397.92,339
POL000004487,CUS00016612,LIFE,PRV3,2025-08-05,2030-08-04,2027-08-05,2194397.92,25802729.88,ANNUAL,ACTIVE,2,True,2194397.92,339
POL000004488,CUS00016618,LIFE,PRV5,2023-04-24,2024-04-23,2027-04-23,2323237.37,46862591.53,QUARTERLY,LAPSED,1,False,0.0,
POL000004489,CUS00016622,HOME,PRV4,2023-08-13,2033-08-10,2027-08-12,425688.05,5377061.73,ANNUAL,ACTIVE,1,True,425688.05,346
POL000004490,CUS00016626,TRAVEL,PRV4,2026-03-06,2027-03-06,2027-03-06,672975.42,15609741.99,QUARTERLY,ACTIVE,1,True,672975.42,187
POL000004491,CUS00016628,LIFE,PRV3,2025-08-09,2026-08-09,2027-08-09,917983.73,16338977.02,QUARTERLY,LAPSED,1,False,0.0,
POL000004492,CUS00016632,LIFE,PRV5,2026-03-12,2031-03-11,2027-03-12,8932687.51,129866388.13,QUARTERLY,ACTIVE,1,True,8932687.51,193
POL000004493,CUS00016633,HEALTH,PRV2,2022-08-03,2023-08-03,2027-08-02,12737756.41,180839852.28,MONTHLY,LAPSED,1,False,0.0,
POL000004494,CUS00016648,LIFE,PRV2,2023-08-05,2024-08-04,2027-08-04,7128166.11,64186041.63,QUARTERLY,LAPSED,1,False,0.0,
POL000004495,CUS00016649,LIFE,PRV1,2024-11-26,2025-11-26,2026-11-26,1488301.07,22447550.3,QUARTERLY,LAPSED,1,False,0.0,
POL000004496,CUS00016665,LIFE,PRV3,2026-05-03,2046-04-28,2027-05-03,7470156.53,130383425.46,QUARTERLY,ACTIVE,1,True,7470156.53,245
POL000004497,CUS00016666,LIFE,PRV1,2025-08-17,2035-08-15,2027-08-17,12113366.22,208247003.01,QUARTERLY,ACTIVE,1,True,12113366.22,351
POL000004498,CUS00016670,LIFE,PRV5,2024-09-11,2029-09-10,2026-09-11,321571.01,4836185.59,ANNUAL,ACTIVE,2,True,321571.01,11
POL000004499,CUS00016670,HEALTH,PRV2,2023-09-08,2024-09-07,2026-09-07,202123.66,4200851.8,ANNUAL,LAPSED,2,True,321571.01,11
POL000004500,CUS00016674,LIFE,PRV5,2024-02-19,2034-02-16,2027-02-18,887017.42,19800047.39,MONTHLY,ACTIVE,1,True,887017.42,171
POL000004501,CUS00016693,HEALTH,PRV5,2023-11-08,2043-11-03,2026-11-07,3855979.83,59607023.57,ANNUAL,ACTIVE,1,True,3855979.83,68
POL000004502,CUS00016699,MOTOR,PRV2,2024-12-30,2044-12-25,2026-12-30,751211.59,6234528.62,MONTHLY,ACTIVE,1,True,751211.59,121
POL000004503,CUS00016701,LIFE,PRV1,2024-12-26,2044-12-21,2026-12-26,596084.28,5478789.86,ANNUAL,ACTIVE,1,True,596084.28,117
POL000004504,CUS00016703,HEALTH,PRV2,2026-06-03,2046-05-29,2027-06-03,1388937.13,22822422.71,QUARTERLY,ACTIVE,1,True,1388937.13,276
POL000004505,CUS00016708,HOME,PRV1,2026-03-13,2027-03-13,2027-03-13,667417.6,15303718.29,MONTHLY,ACTIVE,1,True,667417.6,194
POL000004506,CUS00016710,MOTOR,PRV2,2024-02-01,2029-01-30,2027-01-31,1789889.73,17124908.95,MONTHLY,ACTIVE,1,True,1789889.73,153
POL000004507,CUS00016711,HOME,PRV5,2024-06-14,2025-06-14,2027-06-14,375831.97,5666572.21,ANNUAL,LAPSED,1,False,0.0,
POL000004508,CUS00016714,HEALTH,PRV2,2024-11-19,2029-11-18,2026-11-19,1758763.81,37958837.74,ANNUAL,ACTIVE,1,True,1758763.81,80
POL000004509,CUS00016717,LIFE,PRV2,2025-10-04,2026-10-04,2026-10-04,1862936.8,30803429.91,MONTHLY,ACTIVE,1,True,1862936.8,34
POL000004510,CUS00016720,HOME,PRV3,2025-10-02,2030-10-01,2026-10-02,347238.35,5762235.23,ANNUAL,ACTIVE,1,True,347238.35,32
POL000004511,CUS00016727,TRAVEL,PRV2,2025-01-23,2030-01-22,2027-01-23,1008100.06,18582039.82,ANNUAL,ACTIVE,1,True,1008100.06,145
POL000004512,CUS00016729,LIFE,PRV1,2023-07-20,2028-07-18,2027-07-19,27679008.32,327262469.98,QUARTERLY,ACTIVE,2,True,38025452.98,276
POL000004513,CUS00016729,MOTOR,PRV4,2024-06-03,2034-06-01,2027-06-03,10346444.66,171857797.03,QUARTERLY,ACTIVE,2,True,38025452.98,276
POL000004514,CUS00016735,LIFE,PRV2,2022-11-10,2027-11-09,2026-11-09,430916.77,5769782.66,ANNUAL,ACTIVE,1,True,430916.77,70
POL000004515,CUS00016743,LIFE,PRV3,2024-06-30,2029-06-29,2027-06-30,1198897.33,22657804.35,ANNUAL,ACTIVE,1,True,1198897.33,303
POL000004516,CUS00016755,LIFE,PRV4,2022-07-27,2023-07-27,2027-07-26,7645808.61,100420540.29,MONTHLY,LAPSED,2,True,6281057.71,116
POL000004517,CUS00016755,LIFE,PRV1,2025-12-25,2045-12-20,2026-12-25,6281057.71,69769258.68,MONTHLY,ACTIVE,2,True,6281057.71,116
POL000004518,CUS00016768,MOTOR,PRV4,2025-12-08,2030-12-07,2026-12-08,2130289.2,19308666.52,ANNUAL,ACTIVE,2,True,5231403.31,99
POL000004519,CUS00016768,TRAVEL,PRV2,2026-05-25,2046-05-20,2027-05-25,3101114.11,55676866.69,QUARTERLY,ACTIVE,2,True,5231403.31,99
POL000004520,CUS00016775,LIFE,PRV2,2023-10-29,2033-10-26,2026-10-28,2156342.51,21671127.75,ANNUAL,ACTIVE,1,True,2156342.51,58
POL000004521,CUS00016778,LIFE,PRV5,2025-12-09,2030-12-08,2026-12-09,1517247.23,27865476.66,MONTHLY,ACTIVE,1,True,1517247.23,100
POL000004522,CUS00016780,HEALTH,PRV5,2024-06-06,2029-06-05,2027-06-06,19243022.24,157426381.61,MONTHLY,ACTIVE,1,True,19243022.24,279
POL000004523,CUS00016789,HOME,PRV3,2022-08-09,2023-08-09,2027-08-08,6503270.43,109893346.36,ANNUAL,LAPSED,1,False,0.0,
POL000004524,CUS00016791,LIFE,PRV1,2025-05-03,2030-05-02,2027-05-03,1086366.54,24746130.24,ANNUAL,ACTIVE,1,True,1086366.54,245
POL000004525,CUS00016792,HEALTH,PRV2,2024-01-20,2029-01-18,2027-01-19,2497362.21,24892039.47,ANNUAL,ACTIVE,1,True,2497362.21,141
POL000004526,CUS00016795,LIFE,PRV5,2022-10-23,2042-10-18,2026-10-22,2227376.56,39996682.88,QUARTERLY,ACTIVE,1,True,2227376.56,52
POL000004527,CUS00016796,HEALTH,PRV1,2025-03-30,2045-03-25,2027-03-30,23761982.23,434787623.35,MONTHLY,ACTIVE,1,True,23761982.23,211
POL000004528,CUS00016800,TRAVEL,PRV5,2023-05-19,2033-05-16,2027-05-18,2274872.45,35831425.52,ANNUAL,ACTIVE,1,True,2274872.45,260
POL000004529,CUS00016804,HEALTH,PRV4,2023-02-07,2033-02-04,2027-02-06,1271563.86,28633072.97,QUARTERLY,ACTIVE,1,True,1271563.86,159
POL000004530,CUS00016806,HEALTH,PRV4,2025-08-09,2026-08-09,2027-08-09,2624163.77,22565273.55,ANNUAL,LAPSED,1,False,0.0,
POL000004531,CUS00016809,LIFE,PRV4,2022-11-28,2032-11-25,2026-11-27,335188.32,3507300.36,QUARTERLY,ACTIVE,2,True,1438333.01,76
POL000004532,CUS00016809,HEALTH,PRV2,2024-11-15,2034-11-13,2026-11-15,1103144.69,25378701.0,MONTHLY,ACTIVE,2,True,1438333.01,76
POL000004533,CUS00016818,MOTOR,PRV2,2025-06-03,2030-06-02,2027-06-03,3983242.76,53960333.22,QUARTERLY,ACTIVE,2,True,9018691.44,276
POL000004534,CUS00016818,LIFE,PRV4,2025-08-06,2030-08-05,2027-08-06,5035448.68,95552913.49,MONTHLY,ACTIVE,2,True,9018691.44,276
POL000004535,CUS00016821,LIFE,PRV3,2025-04-14,2026-04-14,2027-04-14,1848668.76,32863621.96,MONTHLY,LAPSED,1,False,0.0,
POL000004536,CUS00016823,HEALTH,PRV2,2023-05-01,2024-04-30,2027-04-30,221668.13,3224927.65,ANNUAL,LAPSED,1,False,0.0,
POL000004537,CUS00016825,LIFE,PRV2,2025-08-16,2026-08-16,2027-08-16,642762.38,7418588.2,ANNUAL,LAPSED,1,False,0.0,
POL000004538,CUS00016829,LIFE,PRV2,2023-07-18,2024-07-17,2027-07-17,1395664.41,12252230.2,ANNUAL,LAPSED,2,True,1429260.17,36
POL000004539,CUS00016829,LIFE,PRV5,2025-10-06,2030-10-05,2026-10-06,1429260.17,29278514.36,MONTHLY,ACTIVE,2,True,1429260.17,36
POL000004540,CUS00016831,LIFE,PRV2,2022-12-21,2042-12-16,2026-12-20,309503.79,2567705.42,QUARTERLY,ACTIVE,1,True,309503.79,111
POL000004541,CUS00016833,LIFE,PRV4,2024-10-07,2025-10-07,2026-10-07,2562019.33,56397844.72,ANNUAL,LAPSED,2,True,2356118.31,263
POL000004542,CUS00016833,LIFE,PRV3,2023-05-22,2033-05-19,2027-05-21,2356118.31,35877486.82,QUARTERLY,ACTIVE,2,True,2356118.31,263
POL000004543,CUS00016836,LIFE,PRV1,2022-08-04,2027-08-03,2027-08-03,444810.74,7502210.83,ANNUAL,ACTIVE,1,True,444810.74,337
POL000004544,CUS00016839,MOTOR,PRV3,2025-01-31,2035-01-29,2027-01-31,2620111.76,57381257.69,ANNUAL,ACTIVE,1,True,2620111.76,153
POL000004545,CUS00016848,LIFE,PRV5,2023-01-30,2043-01-25,2027-01-29,971847.4,24110400.72,QUARTERLY,ACTIVE,2,True,1877663.1,151
POL000004546,CUS00016848,TRAVEL,PRV1,2024-02-12,2044-02-07,2027-02-11,905815.7,17402409.2,QUARTERLY,ACTIVE,2,True,1877663.1,151
POL000004547,CUS00016851,HOME,PRV1,2025-01-15,2026-01-15,2027-01-15,116173.08,2310722.99,QUARTERLY,LAPSED,1,False,0.0,
POL000004548,CUS00016859,HEALTH,PRV2,2025-04-16,2026-04-16,2027-04-16,8356985.87,85340363.57,ANNUAL,LAPSED,2,True,16327222.73,281
POL000004549,CUS00016859,TRAVEL,PRV1,2024-06-08,2044-06-03,2027-06-08,16327222.73,357865636.87,QUARTERLY,ACTIVE,2,True,16327222.73,281
POL000004550,CUS00016861,LIFE,PRV4,2023-12-09,2024-12-08,2026-12-08,172396.91,3966836.28,MONTHLY,LAPSED,1,False,0.0,
POL000004551,CUS00016869,LIFE,PRV5,2025-06-10,2045-06-05,2027-06-10,1904166.49,31367656.43,QUARTERLY,ACTIVE,2,True,2658360.45,170
POL000004552,CUS00016869,HEALTH,PRV4,2025-02-17,2030-02-16,2027-02-17,754193.96,13836521.67,QUARTERLY,ACTIVE,2,True,2658360.45,170
POL000004553,CUS00016876,LIFE,PRV3,2025-09-01,2035-08-30,2026-09-01,847603.94,10536978.81,ANNUAL,ACTIVE,2,True,847603.94,1
POL000004554,CUS00016876,MOTOR,PRV5,2023-09-19,2024-09-18,2026-09-18,1065255.4,13352123.85,ANNUAL,LAPSED,2,True,847603.94,1
POL000004555,CUS00016883,HEALTH,PRV3,2026-07-07,2031-07-06,2027-07-07,19476402.21,400913228.41,ANNUAL,ACTIVE,1,True,19476402.21,310
POL000004556,CUS00016889,LIFE,PRV4,2023-07-28,2043-07-23,2027-07-27,512982.51,9745711.54,ANNUAL,ACTIVE,1,True,512982.51,330
POL000004557,CUS00016895,HEALTH,PRV3,2023-03-23,2024-03-22,2027-03-22,11054883.61,108089363.51,ANNUAL,LAPSED,1,False,0.0,
POL000004558,CUS00016897,HOME,PRV3,2024-01-07,2029-01-05,2027-01-06,36510635.28,517992038.79,QUARTERLY,ACTIVE,1,True,36510635.28,128
POL000004559,CUS00016898,HEALTH,PRV2,2025-11-14,2035-11-12,2026-11-14,649683.14,12052577.87,ANNUAL,ACTIVE,2,True,968027.84,75
POL000004560,CUS00016898,MOTOR,PRV2,2023-01-12,2033-01-09,2027-01-11,318344.7,5062475.44,MONTHLY,ACTIVE,2,True,968027.84,75
POL000004561,CUS00016900,LIFE,PRV3,2023-06-16,2033-06-13,2027-06-15,1986822.59,39898163.93,MONTHLY,ACTIVE,1,True,1986822.59,288
POL000004562,CUS00016903,TRAVEL,PRV2,2025-04-13,2035-04-11,2027-04-13,199532.29,2344924.7,MONTHLY,ACTIVE,1,True,199532.29,225
POL000004563,CUS00016909,LIFE,PRV3,2022-08-06,2023-08-06,2027-08-05,4465685.57,35953901.93,MONTHLY,LAPSED,1,False,0.0,
POL000004564,CUS00016938,LIFE,PRV1,2022-10-01,2023-10-01,2026-09-30,338894.31,5904644.88,ANNUAL,LAPSED,1,False,0.0,
POL000004565,CUS00016947,LIFE,PRV4,2025-07-02,2035-06-30,2027-07-02,2700643.81,49282183.42,ANNUAL,ACTIVE,2,True,4598622.26,231
POL000004566,CUS00016947,TRAVEL,PRV2,2023-04-20,2033-04-17,2027-04-19,1897978.45,32043499.49,MONTHLY,ACTIVE,2,True,4598622.26,231
POL000004567,CUS00016951,HOME,PRV4,2024-11-28,2034-11-26,2026-11-28,3598433.57,67909261.13,ANNUAL,ACTIVE,1,True,3598433.57,89
POL000004568,CUS00016958,LIFE,PRV1,2025-09-19,2035-09-17,2026-09-19,1754169.14,18280366.54,MONTHLY,ACTIVE,1,True,1754169.14,19
POL000004569,CUS00016975,MOTOR,PRV5,2024-03-17,2025-03-17,2027-03-17,1290177.96,18665492.62,QUARTERLY,LAPSED,1,False,0.0,
POL000004570,CUS00016982,MOTOR,PRV1,2024-11-23,2034-11-21,2026-11-23,4144759.72,36482666.54,QUARTERLY,ACTIVE,1,True,4144759.72,84
POL000004571,CUS00016987,LIFE,PRV3,2022-10-04,2042-09-29,2026-10-03,839574.99,14509107.68,QUARTERLY,ACTIVE,1,True,839574.99,33
POL000004572,CUS00016988,LIFE,PRV3,2025-10-25,2035-10-23,2026-10-25,1045626.43,16845729.69,ANNUAL,ACTIVE,1,True,1045626.43,55
POL000004573,CUS00016993,LIFE,PRV4,2023-01-18,2024-01-18,2027-01-17,2619870.78,44888796.16,MONTHLY,LAPSED,1,False,0.0,
POL000004574,CUS00017000,HOME,PRV2,2022-08-01,2042-07-27,2027-07-31,195106.99,4778701.58,ANNUAL,ACTIVE,2,True,195106.99,334
POL000004575,CUS00017000,HOME,PRV1,2024-10-23,2025-10-23,2026-10-23,282464.53,4040642.31,ANNUAL,LAPSED,2,True,195106.99,334
POL000004576,CUS00017008,HOME,PRV4,2023-12-12,2028-12-10,2026-12-11,1969446.87,21805150.0,ANNUAL,ACTIVE,1,True,1969446.87,102
POL000004577,CUS00017009,LIFE,PRV1,2025-12-28,2045-12-23,2026-12-28,529100.49,12517764.95,ANNUAL,ACTIVE,2,True,891233.98,119
POL000004578,CUS00017009,LIFE,PRV5,2024-03-22,2034-03-20,2027-03-22,362133.49,4207137.19,ANNUAL,ACTIVE,2,True,891233.98,119
POL000004579,CUS00017010,HEALTH,PRV4,2025-03-12,2035-03-10,2027-03-12,1546268.59,20714843.57,ANNUAL,ACTIVE,1,True,1546268.59,193
POL000004580,CUS00017012,MOTOR,PRV3,2026-06-03,2036-05-31,2027-06-03,465591.28,10588529.67,MONTHLY,ACTIVE,1,True,465591.28,276
POL000004581,CUS00017019,LIFE,PRV4,2023-08-08,2024-08-07,2027-08-07,447793.16,8316427.16,ANNUAL,LAPSED,1,False,0.0,
POL000004582,CUS00017026,HEALTH,PRV3,2025-11-25,2035-11-23,2026-11-25,551873.63,13137246.13,QUARTERLY,ACTIVE,1,True,551873.63,86
POL000004583,CUS00017029,LIFE,PRV1,2023-03-28,2024-03-27,2027-03-27,5359294.07,52683434.12,QUARTERLY,LAPSED,1,False,0.0,
POL000004584,CUS00017032,HEALTH,PRV4,2022-09-26,2042-09-21,2026-09-25,1020608.24,22153829.3,QUARTERLY,ACTIVE,1,True,1020608.24,25
POL000004585,CUS00017037,LIFE,PRV5,2022-09-03,2023-09-03,2026-09-02,6367862.2,73366939.1,ANNUAL,LAPSED,2,True,4398410.06,43
POL000004586,CUS00017037,LIFE,PRV2,2023-10-14,2028-10-12,2026-10-13,4398410.06,72227494.74,MONTHLY,ACTIVE,2,True,4398410.06,43
POL000004587,CUS00017041,LIFE,PRV1,2023-10-18,2043-10-13,2026-10-17,2079842.57,40727110.31,ANNUAL,ACTIVE,1,True,2079842.57,47
POL000004588,CUS00017043,MOTOR,PRV3,2023-10-27,2043-10-22,2026-10-26,126310.66,2502342.93,ANNUAL,ACTIVE,2,True,487187.94,56
POL000004589,CUS00017043,HOME,PRV5,2026-02-16,2046-02-11,2027-02-16,360877.28,4350656.33,MONTHLY,ACTIVE,2,True,487187.94,56
POL000004590,CUS00017046,LIFE,PRV3,2022-10-05,2042-09-30,2026-10-04,2364282.25,24355275.98,MONTHLY,ACTIVE,1,True,2364282.25,34
POL000004591,CUS00017048,LIFE,PRV3,2025-10-06,2045-10-01,2026-10-06,1151475.53,14358027.87,QUARTERLY,ACTIVE,1,True,1151475.53,36
POL000004592,CUS00017050,HOME,PRV5,2023-12-03,2028-12-01,2026-12-02,9759528.57,236350642.49,ANNUAL,ACTIVE,1,True,9759528.57,93
POL000004593,CUS00017053,HEALTH,PRV2,2026-03-15,2036-03-12,2027-03-15,271532.31,3574351.13,QUARTERLY,ACTIVE,1,True,271532.31,196
POL000004594,CUS00017054,LIFE,PRV3,2025-04-03,2026-04-03,2027-04-03,1454170.9,15797311.49,QUARTERLY,LAPSED,2,True,1214910.01,264
POL000004595,CUS00017054,LIFE,PRV5,2026-05-22,2036-05-19,2027-05-22,1214910.01,10876891.92,QUARTERLY,ACTIVE,2,True,1214910.01,264
POL000004596,CUS00017057,HEALTH,PRV2,2026-03-26,2027-03-26,2027-03-26,7384750.64,165024578.12,MONTHLY,ACTIVE,1,True,7384750.64,207
POL000004597,CUS00017062,LIFE,PRV4,2024-08-15,2034-08-13,2027-08-15,1530137.16,27052120.84,MONTHLY,ACTIVE,1,True,1530137.16,349
POL000004598,CUS00017063,HEALTH,PRV3,2024-04-15,2029-04-14,2027-04-15,7565233.55,129207149.72,ANNUAL,ACTIVE,1,True,7565233.55,227
POL000004599,CUS00017068,LIFE,PRV2,2026-01-12,2036-01-10,2027-01-12,6862343.94,93026688.38,QUARTERLY,ACTIVE,1,True,6862343.94,134
POL000004600,CUS00017084,TRAVEL,PRV4,2023-01-19,2043-01-14,2027-01-18,1129718.03,24224202.27,ANNUAL,ACTIVE,1,True,1129718.03,140
POL000004601,CUS00017087,LIFE,PRV5,2026-06-01,2036-05-29,2027-06-01,693253.32,14305890.87,QUARTERLY,ACTIVE,1,True,693253.32,274
POL000004602,CUS00017088,HOME,PRV3,2025-01-23,2035-01-21,2027-01-23,192609.96,2628910.03,ANNUAL,ACTIVE,1,True,192609.96,145
POL000004603,CUS00017098,LIFE,PRV2,2024-05-22,2044-05-17,2027-05-22,16561339.9,189834481.17,MONTHLY,ACTIVE,1,True,16561339.9,264
POL000004604,CUS00017101,TRAVEL,PRV5,2025-03-06,2035-03-04,2027-03-06,803562.93,18776329.27,MONTHLY,ACTIVE,1,True,803562.93,187
POL000004605,CUS00017102,HOME,PRV3,2024-02-24,2044-02-19,2027-02-23,5300138.29,97820930.49,MONTHLY,ACTIVE,2,True,9516540.66,176
POL000004606,CUS00017102,MOTOR,PRV5,2025-05-03,2030-05-02,2027-05-03,4216402.37,52726197.77,QUARTERLY,ACTIVE,2,True,9516540.66,176
POL000004607,CUS00017115,HOME,PRV1,2026-07-26,2036-07-23,2027-07-26,5020391.74,68080507.94,ANNUAL,ACTIVE,1,True,5020391.74,329
POL000004608,CUS00017118,HEALTH,PRV1,2025-05-30,2030-05-29,2027-05-30,132277.68,2480881.05,ANNUAL,ACTIVE,1,True,132277.68,272
POL000004609,CUS00017126,LIFE,PRV3,2025-11-25,2026-11-25,2026-11-25,19174957.58,428688339.24,QUARTERLY,ACTIVE,2,True,24223274.3,86
POL000004610,CUS00017126,HEALTH,PRV5,2025-03-29,2045-03-24,2027-03-29,5048316.72,73240991.56,QUARTERLY,ACTIVE,2,True,24223274.3,86
POL000004611,CUS00017129,HEALTH,PRV3,2022-10-29,2027-10-28,2026-10-28,2198928.26,45909151.85,MONTHLY,ACTIVE,2,True,3547650.3,58
POL000004612,CUS00017129,HOME,PRV1,2024-08-05,2034-08-03,2027-08-05,1348722.04,32353452.33,ANNUAL,ACTIVE,2,True,3547650.3,58
POL000004613,CUS00017133,HEALTH,PRV3,2024-11-08,2025-11-08,2026-11-08,484446.44,5949189.49,QUARTERLY,LAPSED,1,False,0.0,
POL000004614,CUS00017134,MOTOR,PRV4,2023-08-23,2024-08-22,2027-08-22,5486251.68,96298387.63,QUARTERLY,LAPSED,1,False,0.0,
POL000004615,CUS00017143,HOME,PRV5,2023-06-08,2043-06-03,2027-06-07,362041.84,6419134.82,ANNUAL,ACTIVE,1,True,362041.84,280
POL000004616,CUS00017154,TRAVEL,PRV4,2025-02-26,2030-02-25,2027-02-26,513403.48,12764738.54,MONTHLY,ACTIVE,1,True,513403.48,179
POL000004617,CUS00017164,HEALTH,PRV3,2025-02-02,2026-02-02,2027-02-02,5880478.26,135598492.61,MONTHLY,LAPSED,1,False,0.0,
POL000004618,CUS00017170,HOME,PRV2,2022-07-27,2032-07-24,2027-07-26,1731367.36,19709496.97,ANNUAL,ACTIVE,1,True,1731367.36,329
POL000004619,CUS00017171,LIFE,PRV4,2024-09-11,2025-09-11,2026-09-11,2468289.63,30812244.04,QUARTERLY,LAPSED,1,False,0.0,
POL000004620,CUS00017172,TRAVEL,PRV3,2022-11-22,2042-11-17,2026-11-21,2317621.84,20467166.43,MONTHLY,ACTIVE,2,True,2317621.84,82
POL000004621,CUS00017172,HEALTH,PRV4,2024-04-30,2025-04-30,2027-04-30,2707724.07,43671963.55,QUARTERLY,LAPSED,2,True,2317621.84,82
POL000004622,CUS00017175,HEALTH,PRV1,2025-11-18,2030-11-17,2026-11-18,11546889.09,194018161.57,QUARTERLY,ACTIVE,1,True,11546889.09,79
POL000004623,CUS00017179,TRAVEL,PRV5,2024-09-03,2025-09-03,2026-09-03,615518.34,8867102.73,MONTHLY,LAPSED,1,False,0.0,
POL000004624,CUS00017181,HEALTH,PRV3,2024-07-22,2029-07-21,2027-07-22,186013.39,3551571.95,ANNUAL,ACTIVE,1,True,186013.39,325
POL000004625,CUS00017189,HOME,PRV3,2023-05-20,2043-05-15,2027-05-19,2888698.42,59391763.63,QUARTERLY,ACTIVE,1,True,2888698.42,261
POL000004626,CUS00017199,HEALTH,PRV2,2025-11-10,2026-11-10,2026-11-10,2317273.22,56192441.45,ANNUAL,ACTIVE,1,True,2317273.22,71
POL000004627,CUS00017211,LIFE,PRV4,2023-11-16,2028-11-14,2026-11-15,468274.97,11408468.92,ANNUAL,ACTIVE,1,True,468274.97,76
POL000004628,CUS00017215,HOME,PRV1,2023-02-23,2043-02-18,2027-02-22,1058224.31,24748046.64,ANNUAL,ACTIVE,2,True,5108427.18,82
POL000004629,CUS00017215,HEALTH,PRV2,2024-11-21,2029-11-20,2026-11-21,4050202.87,76834570.85,QUARTERLY,ACTIVE,2,True,5108427.18,82
POL000004630,CUS00017222,LIFE,PRV2,2024-09-18,2034-09-16,2026-09-18,2033843.32,24988868.0,ANNUAL,ACTIVE,1,True,2033843.32,18
POL000004631,CUS00017226,LIFE,PRV4,2023-05-06,2043-05-01,2027-05-05,1383660.16,12874852.22,QUARTERLY,ACTIVE,2,True,5180715.35,201
POL000004632,CUS00017226,LIFE,PRV5,2026-03-20,2031-03-19,2027-03-20,3797055.19,64119820.58,ANNUAL,ACTIVE,2,True,5180715.35,201
POL000004633,CUS00017231,LIFE,PRV3,2023-07-27,2024-07-26,2027-07-26,1027866.27,18432552.09,ANNUAL,LAPSED,1,False,0.0,
POL000004634,CUS00017240,MOTOR,PRV1,2024-05-06,2034-05-04,2027-05-06,454965.03,4178518.67,QUARTERLY,ACTIVE,1,True,454965.03,248
POL000004635,CUS00017250,MOTOR,PRV1,2024-12-05,2025-12-05,2026-12-05,488607.29,9924316.07,MONTHLY,LAPSED,1,False,0.0,
POL000004636,CUS00017258,HEALTH,PRV3,2024-11-05,2025-11-05,2026-11-05,74778.5,1562734.52,ANNUAL,LAPSED,1,False,0.0,
POL000004637,CUS00017260,HEALTH,PRV5,2026-06-03,2046-05-29,2027-06-03,108081.14,2261251.36,ANNUAL,ACTIVE,1,True,108081.14,276
POL000004638,CUS00017261,MOTOR,PRV3,2023-03-14,2033-03-11,2027-03-13,1154585.2,18976298.23,QUARTERLY,ACTIVE,1,True,1154585.2,194
POL000004639,CUS00017263,HEALTH,PRV3,2025-04-14,2030-04-13,2027-04-14,1306086.77,24781155.41,QUARTERLY,ACTIVE,1,True,1306086.77,226
POL000004640,CUS00017269,TRAVEL,PRV3,2026-01-18,2027-01-18,2027-01-18,995649.74,8308756.04,MONTHLY,ACTIVE,1,True,995649.74,140
POL000004641,CUS00017279,HEALTH,PRV3,2024-06-25,2025-06-25,2027-06-25,43454432.43,1037959570.5,ANNUAL,LAPSED,1,False,0.0,
POL000004642,CUS00017280,HEALTH,PRV3,2023-11-29,2043-11-24,2026-11-28,879068.7,12718359.61,QUARTERLY,ACTIVE,1,True,879068.7,89
POL000004643,CUS00017292,TRAVEL,PRV4,2026-04-14,2027-04-14,2027-04-14,1728416.24,39250646.36,ANNUAL,ACTIVE,1,True,1728416.24,226
POL000004644,CUS00017293,LIFE,PRV2,2022-09-04,2027-09-03,2026-09-03,1071941.81,13984057.71,ANNUAL,ACTIVE,1,True,1071941.81,3
POL000004645,CUS00017302,TRAVEL,PRV5,2025-10-09,2045-10-04,2026-10-09,4817162.31,102771546.15,QUARTERLY,ACTIVE,1,True,4817162.31,39
POL000004646,CUS00017303,HEALTH,PRV2,2025-05-20,2035-05-18,2027-05-20,1120284.58,18724892.97,QUARTERLY,ACTIVE,1,True,1120284.58,262
POL000004647,CUS00017308,LIFE,PRV2,2025-11-02,2026-11-02,2026-11-02,8917613.44,95561884.98,QUARTERLY,ACTIVE,1,True,8917613.44,63
POL000004648,CUS00017311,HEALTH,PRV3,2022-11-03,2032-10-31,2026-11-02,298261.86,2597812.81,ANNUAL,ACTIVE,1,True,298261.86,63
POL000004649,CUS00017313,HEALTH,PRV5,2026-05-03,2031-05-02,2027-05-03,3957258.69,41023862.2,QUARTERLY,ACTIVE,1,True,3957258.69,245
POL000004650,CUS00017322,HEALTH,PRV4,2022-12-27,2027-12-26,2026-12-26,971705.18,9978825.21,ANNUAL,ACTIVE,1,True,971705.18,117
POL000004651,CUS00017330,MOTOR,PRV2,2024-08-14,2029-08-13,2027-08-14,663930.05,13935408.46,MONTHLY,ACTIVE,1,True,663930.05,348
POL000004652,CUS00017334,LIFE,PRV4,2024-11-12,2025-11-12,2026-11-12,571432.81,13241324.14,ANNUAL,LAPSED,2,True,1285715.59,272
POL000004653,CUS00017334,LIFE,PRV2,2025-05-30,2045-05-25,2027-05-30,1285715.59,13175212.27,MONTHLY,ACTIVE,2,True,1285715.59,272
POL000004654,CUS00017340,LIFE,PRV4,2026-02-19,2027-02-19,2027-02-19,1409486.2,24185911.32,QUARTERLY,ACTIVE,1,True,1409486.2,172
POL000004655,CUS00017344,MOTOR,PRV2,2026-06-24,2031-06-23,2027-06-24,260333.51,4255842.53,ANNUAL,ACTIVE,1,True,260333.51,297
POL000004656,CUS00017347,LIFE,PRV1,2025-04-03,2035-04-01,2027-04-03,421708.87,9410422.15,MONTHLY,ACTIVE,2,True,1085218.7,42
POL000004657,CUS00017347,HEALTH,PRV5,2024-10-12,2034-10-10,2026-10-12,663509.83,5989273.56,ANNUAL,ACTIVE,2,True,1085218.7,42
POL000004658,CUS00017351,HEALTH,PRV3,2022-12-09,2027-12-08,2026-12-08,1732299.41,24303080.14,ANNUAL,ACTIVE,1,True,1732299.41,99
POL000004659,CUS00017352,TRAVEL,PRV3,2025-04-03,2030-04-02,2027-04-03,11138438.39,116490043.34,MONTHLY,ACTIVE,2,True,11138438.39,215
POL000004660,CUS00017352,LIFE,PRV2,2023-10-09,2024-10-08,2026-10-08,11042978.5,149119002.0,ANNUAL,LAPSED,2,True,11138438.39,215
POL000004661,CUS00017371,HEALTH,PRV3,2024-11-27,2044-11-22,2026-11-27,3809535.74,31076854.25,ANNUAL,ACTIVE,2,True,7532727.5,88
POL000004662,CUS00017371,MOTOR,PRV4,2025-01-23,2035-01-21,2027-01-23,3723191.76,68332234.64,QUARTERLY,ACTIVE,2,True,7532727.5,88
POL000004663,CUS00017382,HEALTH,PRV5,2024-01-19,2034-01-16,2027-01-18,1371151.46,15236574.63,MONTHLY,ACTIVE,1,True,1371151.46,140
POL000004664,CUS00017398,HEALTH,PRV2,2022-07-29,2027-07-28,2027-07-28,2338917.34,49187592.32,ANNUAL,ACTIVE,1,True,2338917.34,331
POL000004665,CUS00017402,HEALTH,PRV1,2025-11-14,2030-11-13,2026-11-14,407957.03,8872351.63,ANNUAL,ACTIVE,1,True,407957.03,75
POL000004666,CUS00017403,HEALTH,PRV4,2024-10-01,2029-09-30,2026-10-01,977513.92,15215877.24,MONTHLY,ACTIVE,1,True,977513.92,31
POL000004667,CUS00017413,LIFE,PRV1,2025-07-12,2030-07-11,2027-07-12,641764.23,12525110.01,MONTHLY,ACTIVE,1,True,641764.23,315
POL000004668,CUS00017414,HEALTH,PRV3,2024-11-01,2034-10-30,2026-11-01,2587182.94,30523332.24,QUARTERLY,ACTIVE,1,True,2587182.94,62
POL000004669,CUS00017419,TRAVEL,PRV1,2022-08-21,2042-08-16,2027-08-20,2301185.57,37486793.41,ANNUAL,ACTIVE,1,True,2301185.57,354
POL000004670,CUS00017425,HEALTH,PRV3,2025-08-17,2035-08-15,2027-08-17,1388534.82,32860550.34,MONTHLY,ACTIVE,1,True,1388534.82,351
POL000004671,CUS00017426,LIFE,PRV1,2026-03-27,2027-03-27,2027-03-27,425375.45,10139358.4,MONTHLY,ACTIVE,1,True,425375.45,208
POL000004672,CUS00017428,HEALTH,PRV2,2026-06-16,2036-06-13,2027-06-16,686150.77,10703995.03,QUARTERLY,ACTIVE,1,True,686150.77,289
POL000004673,CUS00017432,HEALTH,PRV5,2023-11-28,2024-11-27,2026-11-27,1928032.17,37497963.13,ANNUAL,LAPSED,1,False,0.0,
POL000004674,CUS00017453,HOME,PRV5,2024-11-16,2029-11-15,2026-11-16,19402722.74,469336562.26,MONTHLY,ACTIVE,1,True,19402722.74,77
POL000004675,CUS00017454,HEALTH,PRV3,2023-02-05,2033-02-02,2027-02-04,339708.6,4099409.04,MONTHLY,ACTIVE,1,True,339708.6,157
POL000004676,CUS00017468,HOME,PRV5,2024-01-05,2043-12-31,2027-01-04,452444.12,7610031.64,ANNUAL,ACTIVE,1,True,452444.12,126
POL000004677,CUS00017472,MOTOR,PRV1,2024-09-02,2025-09-02,2026-09-02,160082.54,2628740.49,ANNUAL,LAPSED,2,True,367816.59,297
POL000004678,CUS00017472,HEALTH,PRV2,2026-06-24,2031-06-23,2027-06-24,367816.59,7331771.15,MONTHLY,ACTIVE,2,True,367816.59,297
POL000004679,CUS00017475,HEALTH,PRV3,2023-07-30,2033-07-27,2027-07-29,3902260.96,69021906.66,MONTHLY,ACTIVE,1,True,3902260.96,332
POL000004680,CUS00017477,LIFE,PRV3,2024-01-15,2034-01-12,2027-01-14,483727.78,10558664.16,QUARTERLY,ACTIVE,1,True,483727.78,136
POL000004681,CUS00017482,HOME,PRV4,2025-03-10,2030-03-09,2027-03-10,1600401.96,37485462.64,MONTHLY,ACTIVE,1,True,1600401.96,191
POL000004682,CUS00017485,HEALTH,PRV2,2023-04-08,2043-04-03,2027-04-07,340999.3,4495723.57,ANNUAL,ACTIVE,2,True,825159.29,39
POL000004683,CUS00017485,HEALTH,PRV4,2023-10-10,2043-10-05,2026-10-09,484159.99,11160028.47,ANNUAL,ACTIVE,2,True,825159.29,39
POL000004684,CUS00017488,TRAVEL,PRV4,2026-02-01,2046-01-27,2027-02-01,3037099.11,28031185.52,ANNUAL,ACTIVE,1,True,3037099.11,154
POL000004685,CUS00017491,MOTOR,PRV2,2022-07-30,2032-07-27,2027-07-29,6956014.95,93863217.74,ANNUAL,ACTIVE,1,True,6956014.95,332
POL000004686,CUS00017492,MOTOR,PRV2,2025-05-15,2045-05-10,2027-05-15,2486428.87,24038233.79,QUARTERLY,ACTIVE,1,True,2486428.87,257
POL000004687,CUS00017493,HEALTH,PRV2,2023-02-08,2033-02-05,2027-02-07,12453944.47,238757003.03,QUARTERLY,ACTIVE,1,True,12453944.47,160
POL000004688,CUS00017495,LIFE,PRV2,2026-02-20,2036-02-18,2027-02-20,112613.96,1434436.05,ANNUAL,ACTIVE,1,True,112613.96,173
POL000004689,CUS00017500,HEALTH,PRV2,2023-12-08,2043-12-03,2026-12-07,22424835.23,393352453.64,ANNUAL,ACTIVE,1,True,22424835.23,98
POL000004690,CUS00017506,MOTOR,PRV4,2023-08-15,2043-08-10,2027-08-14,1737351.35,28366482.96,ANNUAL,ACTIVE,1,True,1737351.35,348
POL000004691,CUS00017509,LIFE,PRV3,2025-09-26,2030-09-25,2026-09-26,264166.2,3108758.79,ANNUAL,ACTIVE,2,True,368821.74,26
POL000004692,CUS00017509,LIFE,PRV2,2024-08-27,2029-08-26,2027-08-27,104655.54,1085255.78,ANNUAL,ACTIVE,2,True,368821.74,26
POL000004693,CUS00017515,HEALTH,PRV1,2023-04-03,2033-03-31,2027-04-02,1439776.14,32831725.7,MONTHLY,ACTIVE,1,True,1439776.14,214
POL000004694,CUS00017519,HEALTH,PRV5,2025-10-26,2035-10-24,2026-10-26,387357.16,5993021.47,ANNUAL,ACTIVE,1,True,387357.16,56
POL000004695,CUS00017521,LIFE,PRV5,2026-05-05,2027-05-05,2027-05-05,1179023.29,24143581.12,MONTHLY,ACTIVE,1,True,1179023.29,247
POL000004696,CUS00017522,TRAVEL,PRV4,2026-06-26,2036-06-23,2027-06-26,10347071.54,243145766.99,QUARTERLY,ACTIVE,1,True,10347071.54,299
POL000004697,CUS00017527,LIFE,PRV2,2022-11-24,2042-11-19,2026-11-23,1424746.91,19061150.99,QUARTERLY,ACTIVE,1,True,1424746.91,84
POL000004698,CUS00017541,TRAVEL,PRV3,2025-01-01,2044-12-27,2027-01-01,1995346.11,35151143.36,ANNUAL,ACTIVE,1,True,1995346.11,123
POL000004699,CUS00017542,MOTOR,PRV3,2022-11-12,2032-11-09,2026-11-11,1524812.64,21016112.84,ANNUAL,ACTIVE,1,True,1524812.64,72
POL000004700,CUS00017544,HEALTH,PRV2,2026-05-26,2031-05-25,2027-05-26,4199468.42,98983614.44,ANNUAL,ACTIVE,2,True,7909501.02,189
POL000004701,CUS00017544,LIFE,PRV1,2024-03-08,2029-03-07,2027-03-08,3710032.6,43147795.25,ANNUAL,ACTIVE,2,True,7909501.02,189
POL000004702,CUS00017545,LIFE,PRV5,2024-05-15,2029-05-14,2027-05-15,116318.11,933392.76,ANNUAL,ACTIVE,1,True,116318.11,257
POL000004703,CUS00017546,LIFE,PRV4,2023-08-29,2043-08-24,2027-08-28,1403587.15,29150793.92,MONTHLY,ACTIVE,2,True,3626345.7,158
POL000004704,CUS00017546,HOME,PRV2,2024-02-06,2044-02-01,2027-02-05,2222758.55,26967635.54,ANNUAL,ACTIVE,2,True,3626345.7,158
POL000004705,CUS00017560,LIFE,PRV4,2023-05-05,2028-05-03,2027-05-04,1355545.24,12784244.2,ANNUAL,ACTIVE,1,True,1355545.24,246
POL000004706,CUS00017568,LIFE,PRV4,2024-04-28,2044-04-23,2027-04-28,313182.54,7526462.4,MONTHLY,ACTIVE,1,True,313182.54,240
POL000004707,CUS00017572,LIFE,PRV4,2022-09-17,2023-09-17,2026-09-16,1000299.02,17378882.88,ANNUAL,LAPSED,1,False,0.0,
POL000004708,CUS00017573,HEALTH,PRV3,2026-06-09,2027-06-09,2027-06-09,279560.9,6296352.07,ANNUAL,ACTIVE,2,True,691526.19,188
POL000004709,CUS00017573,LIFE,PRV3,2024-03-07,2034-03-05,2027-03-07,411965.29,3943909.0,ANNUAL,ACTIVE,2,True,691526.19,188
POL000004710,CUS00017580,MOTOR,PRV2,2024-06-25,2044-06-20,2027-06-25,1979470.55,37203622.02,ANNUAL,ACTIVE,1,True,1979470.55,298
POL000004711,CUS00017589,HOME,PRV4,2023-08-30,2028-08-28,2027-08-29,407879.6,9509256.94,MONTHLY,ACTIVE,1,True,407879.6,363
POL000004712,CUS00017592,MOTOR,PRV4,2024-08-07,2044-08-02,2027-08-07,1016746.38,22807544.28,QUARTERLY,ACTIVE,1,True,1016746.38,341
POL000004713,CUS00017597,LIFE,PRV1,2025-12-08,2026-12-08,2026-12-08,851453.23,9732889.56,MONTHLY,ACTIVE,1,True,851453.23,99
POL000004714,CUS00017600,LIFE,PRV3,2023-05-13,2024-05-12,2027-05-12,1107798.47,9341350.85,ANNUAL,LAPSED,1,False,0.0,
POL000004715,CUS00017616,HEALTH,PRV4,2022-07-31,2023-07-31,2027-07-30,11588617.25,164821851.54,ANNUAL,LAPSED,2,False,0.0,
POL000004716,CUS00017616,HEALTH,PRV5,2023-11-30,2024-11-29,2026-11-29,13506183.19,138090687.83,MONTHLY,LAPSED,2,False,0.0,
POL000004717,CUS00017626,LIFE,PRV4,2023-10-02,2033-09-29,2026-10-01,8251292.24,105163043.31,MONTHLY,ACTIVE,1,True,8251292.24,31
POL000004718,CUS00017627,LIFE,PRV5,2023-01-11,2043-01-06,2027-01-10,542869.74,9906086.88,MONTHLY,ACTIVE,1,True,542869.74,132
POL000004719,CUS00017628,HEALTH,PRV3,2026-02-09,2027-02-09,2027-02-09,953800.17,13284491.97,QUARTERLY,ACTIVE,1,True,953800.17,162
POL000004720,CUS00017631,HEALTH,PRV5,2023-03-01,2033-02-26,2027-02-28,3988223.44,35850610.89,MONTHLY,ACTIVE,1,True,3988223.44,181
POL000004721,CUS00017637,MOTOR,PRV5,2024-09-04,2025-09-04,2026-09-04,402149.04,5844116.35,ANNUAL,LAPSED,2,True,345755.3,202
POL000004722,CUS00017637,LIFE,PRV5,2023-03-22,2043-03-17,2027-03-21,345755.3,6041736.24,QUARTERLY,ACTIVE,2,True,345755.3,202
POL000004723,CUS00017639,HEALTH,PRV5,2024-08-14,2044-08-09,2027-08-14,923568.74,18735565.16,ANNUAL,ACTIVE,1,True,923568.74,348
POL000004724,CUS00017641,LIFE,PRV4,2024-09-24,2025-09-24,2026-09-24,792363.41,11471831.29,MONTHLY,LAPSED,1,False,0.0,
POL000004725,CUS00017643,LIFE,PRV1,2023-10-07,2033-10-04,2026-10-06,676367.43,7600684.51,QUARTERLY,ACTIVE,1,True,676367.43,36
POL000004726,CUS00017645,TRAVEL,PRV5,2022-10-28,2027-10-27,2026-10-27,242727.12,2947326.54,ANNUAL,ACTIVE,1,True,242727.12,57
POL000004727,CUS00017651,MOTOR,PRV4,2023-02-27,2024-02-27,2027-02-26,1757797.1,27901200.95,ANNUAL,LAPSED,1,False,0.0,
POL000004728,CUS00017652,HEALTH,PRV3,2025-10-24,2035-10-22,2026-10-24,15045560.59,293931912.46,ANNUAL,ACTIVE,1,True,15045560.59,54
POL000004729,CUS00017655,LIFE,PRV5,2022-11-12,2027-11-11,2026-11-11,980650.02,17764497.51,MONTHLY,ACTIVE,1,True,980650.02,72
POL000004730,CUS00017656,LIFE,PRV3,2023-07-29,2028-07-27,2027-07-28,1827426.2,35774337.83,ANNUAL,ACTIVE,1,True,1827426.2,331
POL000004731,CUS00017657,MOTOR,PRV4,2024-02-16,2034-02-13,2027-02-15,10141548.07,107427447.27,QUARTERLY,ACTIVE,1,True,10141548.07,168
POL000004732,CUS00017661,LIFE,PRV5,2023-01-31,2033-01-28,2027-01-30,737355.33,6001629.09,ANNUAL,ACTIVE,1,True,737355.33,152
POL000004733,CUS00017665,LIFE,PRV5,2024-12-21,2025-12-21,2026-12-21,504192.63,6008244.62,ANNUAL,LAPSED,1,False,0.0,
POL000004734,CUS00017669,LIFE,PRV2,2024-10-26,2044-10-21,2026-10-26,88932.06,2118330.92,ANNUAL,ACTIVE,1,True,88932.06,56
POL000004735,CUS00017673,LIFE,PRV3,2022-11-02,2027-11-01,2026-11-01,9657575.45,96401113.41,MONTHLY,ACTIVE,1,True,9657575.45,62
POL000004736,CUS00017678,LIFE,PRV4,2026-05-04,2046-04-29,2027-05-04,29898202.44,722906038.88,MONTHLY,ACTIVE,1,True,29898202.44,246
POL000004737,CUS00017682,LIFE,PRV5,2024-01-18,2025-01-17,2027-01-17,288956.35,6756943.02,ANNUAL,LAPSED,2,True,355637.92,107
POL000004738,CUS00017682,HOME,PRV5,2022-12-17,2027-12-16,2026-12-16,355637.92,8143548.72,MONTHLY,ACTIVE,2,True,355637.92,107
POL000004739,CUS00017691,HOME,PRV2,2025-07-25,2045-07-20,2027-07-25,2533265.56,54896669.02,MONTHLY,ACTIVE,1,True,2533265.56,328
POL000004740,CUS00017694,MOTOR,PRV1,2024-10-13,2025-10-13,2026-10-13,1405365.08,18545804.9,MONTHLY,LAPSED,2,False,0.0,
POL000004741,CUS00017694,LIFE,PRV1,2022-12-09,2023-12-09,2026-12-08,911168.29,15138686.08,ANNUAL,LAPSED,2,False,0.0,
POL000004742,CUS00017708,TRAVEL,PRV3,2023-07-10,2024-07-09,2027-07-09,12279972.94,98283981.62,MONTHLY,LAPSED,1,False,0.0,
POL000004743,CUS00017711,MOTOR,PRV5,2024-08-05,2025-08-05,2027-08-05,3389171.61,60225995.71,QUARTERLY,LAPSED,1,False,0.0,
POL000004744,CUS00017716,HEALTH,PRV3,2022-08-20,2042-08-15,2027-08-19,1103994.56,17542207.34,MONTHLY,ACTIVE,2,True,1103994.56,353
POL000004745,CUS00017716,HEALTH,PRV5,2022-11-20,2023-11-20,2026-11-19,2934018.36,26687802.37,MONTHLY,LAPSED,2,True,1103994.56,353
POL000004746,CUS00017723,HEALTH,PRV2,2022-08-26,2042-08-21,2027-08-25,805414.08,9665748.97,ANNUAL,ACTIVE,2,True,4328947.57,85
POL000004747,CUS00017723,HEALTH,PRV1,2022-11-25,2027-11-24,2026-11-24,3523533.49,59697761.49,ANNUAL,ACTIVE,2,True,4328947.57,85
POL000004748,CUS00017729,MOTOR,PRV4,2025-03-20,2035-03-18,2027-03-20,444061.49,10010290.61,ANNUAL,ACTIVE,2,True,708051.96,201
POL000004749,CUS00017729,MOTOR,PRV4,2025-04-11,2030-04-10,2027-04-11,263990.47,5119204.01,QUARTERLY,ACTIVE,2,True,708051.96,201
POL000004750,CUS00017730,HEALTH,PRV1,2025-06-01,2035-05-30,2027-06-01,827703.31,19806144.33,ANNUAL,ACTIVE,1,True,827703.31,274
POL000004751,CUS00017732,HEALTH,PRV1,2025-03-15,2045-03-10,2027-03-15,37584747.97,905422308.83,ANNUAL,ACTIVE,1,True,37584747.97,196
POL000004752,CUS00017745,HEALTH,PRV2,2025-01-25,2030-01-24,2027-01-25,300912.0,6341464.75,ANNUAL,ACTIVE,2,True,762986.84,16
POL000004753,CUS00017745,LIFE,PRV5,2025-09-16,2045-09-11,2026-09-16,462074.84,5721787.95,ANNUAL,ACTIVE,2,True,762986.84,16
POL000004754,CUS00017747,HEALTH,PRV4,2024-06-14,2029-06-13,2027-06-14,1282218.38,25391097.8,ANNUAL,ACTIVE,1,True,1282218.38,287
POL000004755,CUS00017752,MOTOR,PRV5,2024-11-23,2034-11-21,2026-11-23,3468764.44,47740296.78,QUARTERLY,ACTIVE,1,True,3468764.44,84
POL000004756,CUS00017754,LIFE,PRV5,2024-02-16,2034-02-13,2027-02-15,276314.7,6411335.95,ANNUAL,ACTIVE,1,True,276314.7,168
POL000004757,CUS00017756,LIFE,PRV2,2025-07-10,2035-07-08,2027-07-10,7131959.87,68163003.27,ANNUAL,ACTIVE,2,True,7131959.87,313
POL000004758,CUS00017756,LIFE,PRV5,2023-08-07,2024-08-06,2027-08-06,3022339.62,58432732.2,MONTHLY,LAPSED,2,True,7131959.87,313
POL000004759,CUS00017775,LIFE,PRV5,2025-11-04,2045-10-30,2026-11-04,503431.82,8053287.93,ANNUAL,ACTIVE,1,True,503431.82,65
POL000004760,CUS00017777,HEALTH,PRV4,2026-05-21,2027-05-21,2027-05-21,2120097.47,37205245.08,ANNUAL,ACTIVE,1,True,2120097.47,263
POL000004761,CUS00017786,MOTOR,PRV5,2025-09-07,2026-09-07,2026-09-07,1322993.7,17658964.96,QUARTERLY,ACTIVE,1,True,1322993.7,7
POL000004762,CUS00017794,LIFE,PRV4,2022-11-28,2032-11-25,2026-11-27,1420868.91,28181252.94,ANNUAL,ACTIVE,2,True,1929798.52,68
POL000004763,CUS00017794,MOTOR,PRV1,2022-11-08,2042-11-03,2026-11-07,508929.61,4811812.79,QUARTERLY,ACTIVE,2,True,1929798.52,68
POL000004764,CUS00017796,MOTOR,PRV4,2023-09-18,2033-09-15,2026-09-17,444781.11,3631799.4,ANNUAL,ACTIVE,2,True,758779.01,17
POL000004765,CUS00017796,HEALTH,PRV4,2024-05-25,2029-05-24,2027-05-25,313997.9,4213355.08,ANNUAL,ACTIVE,2,True,758779.01,17
POL000004766,CUS00017802,HEALTH,PRV4,2025-01-08,2026-01-08,2027-01-08,32635933.33,666558373.19,ANNUAL,LAPSED,1,False,0.0,
POL000004767,CUS00017810,HEALTH,PRV3,2026-05-28,2027-05-28,2027-05-28,11706954.45,278691758.41,MONTHLY,ACTIVE,1,True,11706954.45,270
POL000004768,CUS00017812,LIFE,PRV5,2026-07-17,2027-07-17,2027-07-17,2178196.04,37750106.75,ANNUAL,ACTIVE,1,True,2178196.04,320
POL000004769,CUS00017813,LIFE,PRV3,2023-05-06,2033-05-03,2027-05-05,21425997.5,525362072.76,ANNUAL,ACTIVE,1,True,21425997.5,247
POL000004770,CUS00017816,LIFE,PRV4,2022-07-27,2032-07-24,2027-07-26,5066709.2,96950631.47,ANNUAL,ACTIVE,2,True,6260571.07,93
POL000004771,CUS00017816,LIFE,PRV1,2023-12-03,2033-11-30,2026-12-02,1193861.87,29526347.89,ANNUAL,ACTIVE,2,True,6260571.07,93
POL000004772,CUS00017821,HEALTH,PRV1,2025-12-07,2045-12-02,2026-12-07,3551475.95,62378998.44,MONTHLY,ACTIVE,2,True,9424479.61,98
POL000004773,CUS00017821,TRAVEL,PRV2,2026-02-11,2046-02-06,2027-02-11,5873003.66,134594598.83,QUARTERLY,ACTIVE,2,True,9424479.61,98
POL000004774,CUS00017828,HEALTH,PRV4,2022-12-01,2042-11-26,2026-11-30,1445391.05,29308201.45,ANNUAL,ACTIVE,2,True,4116579.3,91
POL000004775,CUS00017828,LIFE,PRV1,2023-03-08,2028-03-06,2027-03-07,2671188.25,47025362.77,QUARTERLY,ACTIVE,2,True,4116579.3,91
POL000004776,CUS00017832,HEALTH,PRV4,2024-12-19,2029-12-18,2026-12-19,3282509.63,28885505.39,ANNUAL,ACTIVE,1,True,3282509.63,110
POL000004777,CUS00017835,LIFE,PRV1,2026-05-01,2027-05-01,2027-05-01,2184920.58,33406215.82,ANNUAL,ACTIVE,1,True,2184920.58,243
POL000004778,CUS00017841,TRAVEL,PRV2,2025-08-09,2035-08-07,2027-08-09,240912.45,3126881.16,MONTHLY,ACTIVE,1,True,240912.45,343
POL000004779,CUS00017854,TRAVEL,PRV3,2023-09-09,2043-09-04,2026-09-08,473784.41,4982070.16,ANNUAL,ACTIVE,2,True,982965.32,8
POL000004780,CUS00017854,HEALTH,PRV3,2025-08-30,2035-08-28,2027-08-30,509180.91,4746739.09,ANNUAL,ACTIVE,2,True,982965.32,8
POL000004781,CUS00017855,LIFE,PRV1,2023-03-29,2033-03-26,2027-03-28,9183469.54,159050978.69,ANNUAL,ACTIVE,1,True,9183469.54,209
POL000004782,CUS00017870,TRAVEL,PRV2,2024-06-20,2029-06-19,2027-06-20,662959.94,12039953.35,QUARTERLY,ACTIVE,1,True,662959.94,293
POL000004783,CUS00017874,LIFE,PRV5,2023-02-18,2033-02-15,2027-02-17,1421277.2,24262052.12,QUARTERLY,ACTIVE,1,True,1421277.2,170
POL000004784,CUS00017884,TRAVEL,PRV4,2024-09-08,2044-09-03,2026-09-08,1151467.44,27282184.34,ANNUAL,ACTIVE,1,True,1151467.44,8
POL000004785,CUS00017888,MOTOR,PRV5,2023-04-11,2043-04-06,2027-04-10,256943.84,2126634.63,MONTHLY,ACTIVE,1,True,256943.84,222
POL000004786,CUS00017889,MOTOR,PRV1,2026-01-31,2046-01-26,2027-01-31,734652.63,16858777.57,QUARTERLY,ACTIVE,2,True,1412550.46,153
POL000004787,CUS00017889,LIFE,PRV5,2026-05-10,2031-05-09,2027-05-10,677897.83,10723106.41,QUARTERLY,ACTIVE,2,True,1412550.46,153
POL000004788,CUS00017894,LIFE,PRV2,2023-03-14,2028-03-12,2027-03-13,769003.09,6276258.24,ANNUAL,ACTIVE,1,True,769003.09,194
POL000004789,CUS00017896,HOME,PRV1,2023-03-06,2043-03-01,2027-03-05,799695.8,19042447.97,QUARTERLY,ACTIVE,1,True,799695.8,186
POL000004790,CUS00017897,HEALTH,PRV4,2025-01-12,2026-01-12,2027-01-12,7752811.34,79935515.33,ANNUAL,LAPSED,2,False,0.0,
POL000004791,CUS00017897,MOTOR,PRV4,2023-07-30,2024-07-29,2027-07-29,9495063.88,153739421.23,MONTHLY,LAPSED,2,False,0.0,
POL000004792,CUS00017905,LIFE,PRV1,2022-08-12,2032-08-09,2027-08-11,4761021.39,67559100.33,MONTHLY,ACTIVE,1,True,4761021.39,345
POL000004793,CUS00017906,HEALTH,PRV5,2022-11-25,2032-11-22,2026-11-24,502248.43,7329277.79,MONTHLY,ACTIVE,1,True,502248.43,85
POL000004794,CUS00017912,LIFE,PRV4,2023-03-29,2033-03-26,2027-03-28,7802081.23,76609514.91,ANNUAL,ACTIVE,1,True,7802081.23,209
POL000004795,CUS00017918,LIFE,PRV3,2022-07-31,2032-07-28,2027-07-30,13224919.74,231722055.81,ANNUAL,ACTIVE,1,True,13224919.74,333
POL000004796,CUS00017930,HEALTH,PRV2,2022-09-11,2032-09-08,2026-09-10,193260.94,3845516.55,MONTHLY,ACTIVE,2,True,193260.94,10
POL000004797,CUS00017930,HOME,PRV3,2023-01-22,2024-01-22,2027-01-21,363076.61,4991045.38,QUARTERLY,LAPSED,2,True,193260.94,10
POL000004798,CUS00017934,HEALTH,PRV3,2023-10-12,2033-10-09,2026-10-11,562564.21,10047016.44,ANNUAL,ACTIVE,1,True,562564.21,41
POL000004799,CUS00017936,HOME,PRV2,2024-08-25,2025-08-25,2027-08-25,22822263.76,239138512.16,ANNUAL,LAPSED,1,False,0.0,
POL000004800,CUS00017945,HOME,PRV5,2026-04-01,2036-03-29,2027-04-01,698015.03,8322290.4,QUARTERLY,ACTIVE,2,True,1364531.92,211
POL000004801,CUS00017945,LIFE,PRV2,2023-03-31,2043-03-26,2027-03-30,666516.89,6090593.17,MONTHLY,ACTIVE,2,True,1364531.92,211
POL000004802,CUS00017947,LIFE,PRV5,2022-12-06,2023-12-06,2026-12-05,826756.16,16734542.36,MONTHLY,LAPSED,1,False,0.0,
POL000004803,CUS00017962,LIFE,PRV4,2025-09-13,2026-09-13,2026-09-13,643024.98,12639808.24,ANNUAL,ACTIVE,1,True,643024.98,13
POL000004804,CUS00017963,HEALTH,PRV1,2026-03-19,2027-03-19,2027-03-19,318493.21,6759755.0,ANNUAL,ACTIVE,1,True,318493.21,200
POL000004805,CUS00017971,HEALTH,PRV3,2023-03-01,2028-02-28,2027-02-28,1478794.21,27241216.39,QUARTERLY,ACTIVE,1,True,1478794.21,181
POL000004806,CUS00017973,LIFE,PRV4,2023-10-11,2024-10-10,2026-10-10,11796806.2,246525130.51,MONTHLY,LAPSED,1,False,0.0,
POL000004807,CUS00017974,LIFE,PRV5,2024-08-26,2044-08-21,2027-08-26,405559.4,9450363.81,ANNUAL,ACTIVE,2,True,1195855.1,208
POL000004808,CUS00017974,HEALTH,PRV5,2026-03-27,2031-03-26,2027-03-27,790295.7,8822125.94,MONTHLY,ACTIVE,2,True,1195855.1,208
POL000004809,CUS00017975,TRAVEL,PRV2,2024-08-14,2034-08-12,2027-08-14,10454415.3,170311632.46,MONTHLY,ACTIVE,2,True,22169651.48,348
POL000004810,CUS00017975,LIFE,PRV3,2024-08-27,2044-08-22,2027-08-27,11715236.18,112255869.34,QUARTERLY,ACTIVE,2,True,22169651.48,348
POL000004811,CUS00017978,MOTOR,PRV4,2023-12-08,2028-12-06,2026-12-07,468791.14,9529180.14,ANNUAL,ACTIVE,1,True,468791.14,98
POL000004812,CUS00017979,HEALTH,PRV2,2023-04-27,2043-04-22,2027-04-26,9190210.41,176421552.63,ANNUAL,ACTIVE,1,True,9190210.41,238
POL000004813,CUS00017982,HOME,PRV1,2024-11-03,2044-10-29,2026-11-03,4122261.15,90570622.18,ANNUAL,ACTIVE,1,True,4122261.15,64
POL000004814,CUS00017983,MOTOR,PRV1,2024-02-01,2025-01-31,2027-01-31,88942.43,1347787.81,QUARTERLY,LAPSED,1,False,0.0,
POL000004815,CUS00017984,LIFE,PRV2,2024-04-23,2034-04-21,2027-04-23,1039604.41,24524273.54,ANNUAL,ACTIVE,2,True,1975963.21,166
POL000004816,CUS00017984,MOTOR,PRV2,2026-02-13,2031-02-12,2027-02-13,936358.8,12278347.24,QUARTERLY,ACTIVE,2,True,1975963.21,166
POL000004817,CUS00017992,HEALTH,PRV1,2025-09-26,2026-09-26,2026-09-26,3588727.63,57949418.23,QUARTERLY,ACTIVE,1,True,3588727.63,26
POL000004818,CUS00017994,HEALTH,PRV4,2023-03-20,2043-03-15,2027-03-19,3402591.44,60442062.46,QUARTERLY,ACTIVE,1,True,3402591.44,200
POL000004819,CUS00017997,HOME,PRV5,2023-03-08,2033-03-05,2027-03-07,10212165.8,243659499.06,MONTHLY,ACTIVE,1,True,10212165.8,188
POL000004820,CUS00017998,LIFE,PRV4,2022-08-11,2023-08-11,2027-08-10,21418017.58,186864323.75,MONTHLY,LAPSED,1,False,0.0,
POL000004821,CUS00018010,HEALTH,PRV5,2024-09-30,2029-09-29,2026-09-30,822923.81,20466105.93,QUARTERLY,ACTIVE,1,True,822923.81,30
POL000004822,CUS00018018,TRAVEL,PRV5,2023-02-03,2024-02-03,2027-02-02,5324206.96,82617974.37,QUARTERLY,LAPSED,1,False,0.0,
POL000004823,CUS00018024,HEALTH,PRV4,2023-11-14,2043-11-09,2026-11-13,2438700.61,41513413.27,ANNUAL,ACTIVE,2,True,3297184.52,74
POL000004824,CUS00018024,HEALTH,PRV5,2026-04-09,2031-04-08,2027-04-09,858483.91,15930167.98,ANNUAL,ACTIVE,2,True,3297184.52,74
POL000004825,CUS00018027,HEALTH,PRV1,2025-11-09,2045-11-04,2026-11-09,356785.81,4207204.04,QUARTERLY,ACTIVE,1,True,356785.81,70
POL000004826,CUS00018030,HEALTH,PRV4,2024-08-06,2034-08-04,2027-08-06,1124130.79,14569621.78,ANNUAL,ACTIVE,2,True,3354414.25,328
POL000004827,CUS00018030,MOTOR,PRV3,2024-07-25,2044-07-20,2027-07-25,2230283.46,43780606.41,QUARTERLY,ACTIVE,2,True,3354414.25,328
POL000004828,CUS00018036,LIFE,PRV2,2023-10-16,2028-10-14,2026-10-15,10049836.27,135113330.71,ANNUAL,ACTIVE,1,True,10049836.27,45
POL000004829,CUS00018049,HEALTH,PRV5,2023-05-24,2043-05-19,2027-05-23,1094565.5,18495549.63,ANNUAL,ACTIVE,2,True,1094565.5,265
POL000004830,CUS00018049,HEALTH,PRV5,2023-12-14,2024-12-13,2026-12-13,395660.71,8117448.15,ANNUAL,LAPSED,2,True,1094565.5,265
POL000004831,CUS00018054,LIFE,PRV2,2024-09-03,2029-09-02,2026-09-03,1054465.66,9827796.53,ANNUAL,ACTIVE,1,True,1054465.66,3
POL000004832,CUS00018056,LIFE,PRV4,2024-01-24,2044-01-19,2027-01-23,318635.29,3907057.78,QUARTERLY,ACTIVE,1,True,318635.29,145
POL000004833,CUS00018057,MOTOR,PRV5,2023-09-22,2033-09-19,2026-09-21,564859.12,11863470.32,ANNUAL,ACTIVE,1,True,564859.12,21
POL000004834,CUS00018060,HEALTH,PRV2,2023-03-27,2028-03-25,2027-03-26,1220968.3,24449962.17,MONTHLY,ACTIVE,1,True,1220968.3,207
POL000004835,CUS00018062,HEALTH,PRV4,2025-12-01,2030-11-30,2026-12-01,15475691.18,271993450.88,ANNUAL,ACTIVE,1,True,15475691.18,92
POL000004836,CUS00018064,HEALTH,PRV4,2022-12-01,2032-11-28,2026-11-30,25838402.25,406602310.47,QUARTERLY,ACTIVE,1,True,25838402.25,91
POL000004837,CUS00018066,MOTOR,PRV1,2024-01-21,2044-01-16,2027-01-20,2755865.64,33721853.42,ANNUAL,ACTIVE,1,True,2755865.64,142
POL000004838,CUS00018074,MOTOR,PRV3,2024-01-10,2025-01-09,2027-01-09,1292049.91,30517880.99,MONTHLY,LAPSED,2,False,0.0,
POL000004839,CUS00018074,LIFE,PRV5,2023-10-14,2024-10-13,2026-10-13,1128655.49,25572472.61,ANNUAL,LAPSED,2,False,0.0,
POL000004840,CUS00018078,HOME,PRV2,2024-08-11,2025-08-11,2027-08-11,628299.47,6437417.04,ANNUAL,LAPSED,2,True,1246259.45,17
POL000004841,CUS00018078,MOTOR,PRV2,2024-09-17,2034-09-15,2026-09-17,1246259.45,26614189.34,ANNUAL,ACTIVE,2,True,1246259.45,17
POL000004842,CUS00018086,LIFE,PRV2,2025-05-05,2035-05-03,2027-05-05,8116931.4,173599132.35,QUARTERLY,ACTIVE,1,True,8116931.4,247
POL000004843,CUS00018089,LIFE,PRV5,2022-08-11,2027-08-10,2027-08-10,183517.83,1954203.24,ANNUAL,ACTIVE,1,True,183517.83,344
POL000004844,CUS00018094,TRAVEL,PRV4,2023-11-26,2043-11-21,2026-11-25,172744.17,3847367.87,MONTHLY,ACTIVE,2,True,300184.59,86
POL000004845,CUS00018094,HEALTH,PRV2,2023-02-07,2043-02-02,2027-02-06,127440.42,1480440.53,MONTHLY,ACTIVE,2,True,300184.59,86
POL000004846,CUS00018106,LIFE,PRV3,2023-04-27,2043-04-22,2027-04-26,161202.39,3231528.81,MONTHLY,ACTIVE,2,True,392481.61,238
POL000004847,CUS00018106,HEALTH,PRV4,2026-05-09,2046-05-04,2027-05-09,231279.22,2678676.92,ANNUAL,ACTIVE,2,True,392481.61,238
POL000004848,CUS00018109,HEALTH,PRV5,2024-07-18,2025-07-18,2027-07-18,3458870.55,61931300.02,MONTHLY,LAPSED,1,False,0.0,
POL000004849,CUS00018111,HEALTH,PRV2,2025-06-13,2030-06-12,2027-06-13,1547593.55,21175302.85,QUARTERLY,ACTIVE,2,True,3422522.04,204
POL000004850,CUS00018111,TRAVEL,PRV3,2026-03-23,2036-03-20,2027-03-23,1874928.49,28793018.79,ANNUAL,ACTIVE,2,True,3422522.04,204
POL000004851,CUS00018112,HOME,PRV1,2025-04-09,2030-04-08,2027-04-09,188683.49,2113650.14,ANNUAL,ACTIVE,2,True,188683.49,221
POL000004852,CUS00018112,HOME,PRV1,2022-09-29,2023-09-29,2026-09-28,253032.97,5546591.31,MONTHLY,LAPSED,2,True,188683.49,221
POL000004853,CUS00018113,LIFE,PRV5,2024-11-04,2044-10-30,2026-11-04,6012905.57,130122939.68,QUARTERLY,ACTIVE,1,True,6012905.57,65
POL000004854,CUS00018114,LIFE,PRV2,2022-08-26,2027-08-25,2027-08-25,251111.21,3858380.29,MONTHLY,ACTIVE,1,True,251111.21,359
POL000004855,CUS00018116,MOTOR,PRV5,2024-04-06,2029-04-05,2027-04-06,223558.72,3412280.54,ANNUAL,ACTIVE,2,True,701113.72,109
POL000004856,CUS00018116,MOTOR,PRV2,2025-12-18,2045-12-13,2026-12-18,477555.0,4419625.11,QUARTERLY,ACTIVE,2,True,701113.72,109
POL000004857,CUS00018118,MOTOR,PRV3,2025-12-22,2035-12-20,2026-12-22,562079.57,9250040.77,MONTHLY,ACTIVE,1,True,562079.57,113
POL000004858,CUS00018128,MOTOR,PRV3,2025-03-04,2026-03-04,2027-03-04,362835.26,4555680.88,ANNUAL,LAPSED,1,False,0.0,
POL000004859,CUS00018137,LIFE,PRV3,2023-03-30,2043-03-25,2027-03-29,850812.37,7833350.38,ANNUAL,ACTIVE,1,True,850812.37,210
POL000004860,CUS00018142,MOTOR,PRV2,2026-07-05,2031-07-04,2027-07-05,1408324.81,34360609.75,ANNUAL,ACTIVE,1,True,1408324.81,308
POL000004861,CUS00018146,HEALTH,PRV3,2025-11-18,2026-11-18,2026-11-18,32204860.23,801479908.81,MONTHLY,ACTIVE,2,True,44478962.64,64
POL000004862,CUS00018146,LIFE,PRV1,2025-11-03,2045-10-29,2026-11-03,12274102.41,278975623.02,ANNUAL,ACTIVE,2,True,44478962.64,64
POL000004863,CUS00018149,TRAVEL,PRV4,2023-03-14,2024-03-13,2027-03-13,5013133.64,76857247.3,ANNUAL,LAPSED,1,False,0.0,
POL000004864,CUS00018150,HEALTH,PRV4,2025-12-06,2030-12-05,2026-12-06,871072.82,17336723.23,ANNUAL,ACTIVE,1,True,871072.82,97
POL000004865,CUS00018151,HEALTH,PRV2,2025-09-16,2030-09-15,2026-09-16,2534988.92,27124034.4,ANNUAL,ACTIVE,1,True,2534988.92,16
POL000004866,CUS00018188,HOME,PRV5,2025-10-25,2026-10-25,2026-10-25,745578.74,8942535.91,MONTHLY,ACTIVE,2,True,1752202.07,10
POL000004867,CUS00018188,HEALTH,PRV1,2025-09-10,2035-09-08,2026-09-10,1006623.33,13064956.91,ANNUAL,ACTIVE,2,True,1752202.07,10
POL000004868,CUS00018192,HOME,PRV5,2023-03-09,2033-03-06,2027-03-08,676355.67,8168766.06,MONTHLY,ACTIVE,1,True,676355.67,189
POL000004869,CUS00018209,HEALTH,PRV4,2023-09-24,2033-09-21,2026-09-23,851683.52,8642467.26,ANNUAL,ACTIVE,1,True,851683.52,23
POL000004870,CUS00018211,HEALTH,PRV2,2025-06-13,2026-06-13,2027-06-13,7704770.69,166540773.72,ANNUAL,LAPSED,2,False,0.0,
POL000004871,CUS00018211,LIFE,PRV1,2024-09-13,2025-09-13,2026-09-13,3749099.25,50717114.27,QUARTERLY,LAPSED,2,False,0.0,
POL000004872,CUS00018214,HOME,PRV4,2025-04-07,2035-04-05,2027-04-07,2574852.47,37190421.96,MONTHLY,ACTIVE,1,True,2574852.47,219
POL000004873,CUS00018217,MOTOR,PRV2,2024-10-10,2044-10-05,2026-10-10,1229927.81,15357943.28,ANNUAL,ACTIVE,2,True,1229927.81,40
POL000004874,CUS00018217,HEALTH,PRV5,2023-12-28,2024-12-27,2026-12-27,3549921.65,67348938.42,QUARTERLY,LAPSED,2,True,1229927.81,40
POL000004875,CUS00018229,LIFE,PRV5,2025-01-25,2045-01-20,2027-01-25,15678941.38,343676239.46,MONTHLY,ACTIVE,2,True,32088670.31,144
POL000004876,CUS00018229,HEALTH,PRV3,2026-01-22,2031-01-21,2027-01-22,16409728.93,390484457.09,MONTHLY,ACTIVE,2,True,32088670.31,144
POL000004877,CUS00018230,HEALTH,PRV1,2025-07-08,2026-07-08,2027-07-08,1212363.28,18660312.5,QUARTERLY,LAPSED,1,False,0.0,
POL000004878,CUS00018231,LIFE,PRV1,2024-12-19,2044-12-14,2026-12-19,5106786.86,87473457.48,QUARTERLY,ACTIVE,2,True,5106786.86,110
POL000004879,CUS00018231,TRAVEL,PRV2,2024-12-06,2025-12-06,2026-12-06,4553208.12,71800613.23,MONTHLY,LAPSED,2,True,5106786.86,110
POL000004880,CUS00018238,MOTOR,PRV2,2023-10-04,2024-10-03,2026-10-03,557730.68,12887869.11,MONTHLY,LAPSED,1,False,0.0,
POL000004881,CUS00018245,HEALTH,PRV2,2024-08-25,2025-08-25,2027-08-25,446544.55,9259207.32,MONTHLY,LAPSED,2,True,230823.77,157
POL000004882,CUS00018245,HEALTH,PRV4,2025-02-04,2045-01-30,2027-02-04,230823.77,2686840.15,ANNUAL,ACTIVE,2,True,230823.77,157
POL000004883,CUS00018246,LIFE,PRV4,2022-11-14,2023-11-14,2026-11-13,153588.67,1597673.23,MONTHLY,LAPSED,1,False,0.0,
POL000004884,CUS00018248,HEALTH,PRV4,2024-07-06,2044-07-01,2027-07-06,82286.3,977833.95,MONTHLY,ACTIVE,1,True,82286.3,309
POL000004885,CUS00018251,HOME,PRV4,2026-07-30,2036-07-27,2027-07-30,536235.81,5754574.97,MONTHLY,ACTIVE,1,True,536235.81,333
POL000004886,CUS00018253,HOME,PRV2,2023-09-03,2033-08-31,2026-09-02,1339647.6,31742317.73,ANNUAL,ACTIVE,2,True,4612530.89,2
POL000004887,CUS00018253,HEALTH,PRV1,2022-11-27,2027-11-26,2026-11-26,3272883.29,35065932.69,MONTHLY,ACTIVE,2,True,4612530.89,2
POL000004888,CUS00018254,HEALTH,PRV2,2025-01-30,2026-01-30,2027-01-30,195433.81,4172224.19,MONTHLY,LAPSED,1,False,0.0,
POL000004889,CUS00018260,MOTOR,PRV4,2024-07-05,2025-07-05,2027-07-05,1447612.24,31669724.7,ANNUAL,LAPSED,1,False,0.0,
POL000004890,CUS00018263,HEALTH,PRV1,2022-08-10,2042-08-05,2027-08-09,3618531.42,30441061.83,MONTHLY,ACTIVE,1,True,3618531.42,343
POL000004891,CUS00018266,HEALTH,PRV3,2023-06-16,2024-06-15,2027-06-15,579812.52,4794273.49,ANNUAL,LAPSED,2,True,422541.44,222
POL000004892,CUS00018266,HEALTH,PRV4,2023-04-11,2033-04-08,2027-04-10,422541.44,8863737.61,QUARTERLY,ACTIVE,2,True,422541.44,222
POL000004893,CUS00018272,MOTOR,PRV1,2026-01-16,2046-01-11,2027-01-16,681894.24,14819412.33,ANNUAL,ACTIVE,2,True,1170249.08,133
POL000004894,CUS00018272,HEALTH,PRV5,2026-01-11,2027-01-11,2027-01-11,488354.84,7849288.32,QUARTERLY,ACTIVE,2,True,1170249.08,133
POL000004895,CUS00018277,LIFE,PRV2,2025-12-17,2045-12-12,2026-12-17,222969.98,2768776.41,ANNUAL,ACTIVE,2,True,697095.75,108
POL000004896,CUS00018277,LIFE,PRV3,2026-02-22,2036-02-20,2027-02-22,474125.77,10705299.51,MONTHLY,ACTIVE,2,True,697095.75,108
POL000004897,CUS00018278,HOME,PRV4,2025-12-28,2045-12-23,2026-12-28,3546153.14,36799720.14,QUARTERLY,ACTIVE,1,True,3546153.14,119
POL000004898,CUS00018282,HOME,PRV4,2024-12-04,2029-12-03,2026-12-04,4396202.47,103715140.63,MONTHLY,ACTIVE,1,True,4396202.47,95
POL000004899,CUS00018292,HEALTH,PRV1,2022-11-09,2042-11-04,2026-11-08,3983763.94,51041931.09,ANNUAL,ACTIVE,1,True,3983763.94,69
POL000004900,CUS00018299,MOTOR,PRV1,2025-10-14,2026-10-14,2026-10-14,2004258.82,43430985.84,ANNUAL,ACTIVE,1,True,2004258.82,44
POL000004901,CUS00018303,LIFE,PRV3,2023-04-20,2024-04-19,2027-04-19,869127.57,17622831.95,MONTHLY,LAPSED,1,False,0.0,
POL000004902,CUS00018304,LIFE,PRV2,2023-04-12,2028-04-10,2027-04-11,117487.07,1733203.77,QUARTERLY,ACTIVE,2,True,235112.69,221
POL000004903,CUS00018304,TRAVEL,PRV2,2023-04-10,2033-04-07,2027-04-09,117625.62,2820138.6,ANNUAL,ACTIVE,2,True,235112.69,221
POL000004904,CUS00018310,LIFE,PRV4,2023-10-11,2028-10-09,2026-10-10,789798.08,6525338.1,QUARTERLY,ACTIVE,2,True,1554650.74,40
POL000004905,CUS00018310,LIFE,PRV5,2024-01-24,2029-01-22,2027-01-23,764852.66,14961914.26,MONTHLY,ACTIVE,2,True,1554650.74,40
POL000004906,CUS00018311,LIFE,PRV5,2023-09-13,2028-09-11,2026-09-12,856359.92,17783950.44,MONTHLY,ACTIVE,1,True,856359.92,12
POL000004907,CUS00018315,LIFE,PRV4,2024-05-12,2029-05-11,2027-05-12,1137180.98,27311890.47,QUARTERLY,ACTIVE,1,True,1137180.98,254
POL000004908,CUS00018316,LIFE,PRV5,2023-04-06,2028-04-04,2027-04-05,1562690.32,30712445.73,ANNUAL,ACTIVE,1,True,1562690.32,217
POL000004909,CUS00018328,HEALTH,PRV5,2025-04-16,2035-04-14,2027-04-16,1541460.03,30651105.19,ANNUAL,ACTIVE,1,True,1541460.03,228
POL000004910,CUS00018329,TRAVEL,PRV3,2025-10-19,2026-10-19,2026-10-19,21529027.05,474301918.8,ANNUAL,ACTIVE,1,True,21529027.05,49
POL000004911,CUS00018341,LIFE,PRV2,2025-06-14,2045-06-09,2027-06-14,2914256.3,29174459.39,MONTHLY,ACTIVE,1,True,2914256.3,287
POL000004912,CUS00018346,HEALTH,PRV3,2023-03-26,2033-03-23,2027-03-25,278468.68,3788906.45,ANNUAL,ACTIVE,1,True,278468.68,206
POL000004913,CUS00018347,HEALTH,PRV4,2025-06-26,2030-06-25,2027-06-26,1100112.16,9815380.08,ANNUAL,ACTIVE,1,True,1100112.16,299
POL000004914,CUS00018348,LIFE,PRV2,2023-02-21,2024-02-21,2027-02-20,6255429.46,65673531.49,ANNUAL,LAPSED,1,False,0.0,
POL000004915,CUS00018350,HEALTH,PRV5,2025-04-23,2026-04-23,2027-04-23,425323.58,7547818.62,ANNUAL,LAPSED,1,False,0.0,
POL000004916,CUS00018352,HOME,PRV5,2023-02-10,2043-02-05,2027-02-09,2865110.53,54606766.28,ANNUAL,ACTIVE,1,True,2865110.53,162
POL000004917,CUS00018355,TRAVEL,PRV3,2024-02-05,2029-02-03,2027-02-04,1527102.99,36190843.08,ANNUAL,ACTIVE,2,True,7497784.37,157
POL000004918,CUS00018355,LIFE,PRV5,2026-04-01,2036-03-29,2027-04-01,5970681.38,86524486.59,ANNUAL,ACTIVE,2,True,7497784.37,157
POL000004919,CUS00018362,LIFE,PRV1,2026-01-08,2046-01-03,2027-01-08,217277.7,3029302.85,ANNUAL,ACTIVE,1,True,217277.7,130
POL000004920,CUS00018366,LIFE,PRV1,2025-05-07,2026-05-07,2027-05-07,1409707.54,21604471.55,MONTHLY,LAPSED,1,False,0.0,
POL000004921,CUS00018368,HEALTH,PRV5,2025-01-31,2026-01-31,2027-01-31,71522.09,1493058.89,QUARTERLY,LAPSED,1,False,0.0,
POL000004922,CUS00018369,HEALTH,PRV2,2025-01-06,2045-01-01,2027-01-06,3164157.36,56231142.62,ANNUAL,ACTIVE,1,True,3164157.36,128
POL000004923,CUS00018371,HEALTH,PRV2,2025-12-16,2045-12-11,2026-12-16,16225609.22,266268005.66,ANNUAL,ACTIVE,1,True,16225609.22,107
POL000004924,CUS00018375,LIFE,PRV5,2026-05-01,2031-04-30,2027-05-01,356102.91,3579824.06,QUARTERLY,ACTIVE,1,True,356102.91,243
POL000004925,CUS00018379,HEALTH,PRV4,2026-06-09,2027-06-09,2027-06-09,423385.61,9239589.28,ANNUAL,ACTIVE,2,True,1432912.11,282
POL000004926,CUS00018379,LIFE,PRV3,2026-07-16,2036-07-13,2027-07-16,1009526.5,23579962.5,ANNUAL,ACTIVE,2,True,1432912.11,282
POL000004927,CUS00018386,HOME,PRV5,2026-07-17,2036-07-14,2027-07-17,190949.85,4447016.69,ANNUAL,ACTIVE,1,True,190949.85,320
POL000004928,CUS00018388,HOME,PRV1,2025-10-26,2026-10-26,2026-10-26,510436.93,11943314.2,MONTHLY,ACTIVE,1,True,510436.93,56
POL000004929,CUS00018404,TRAVEL,PRV1,2026-07-25,2031-07-24,2027-07-25,17453085.05,391314982.57,ANNUAL,ACTIVE,1,True,17453085.05,328
POL000004930,CUS00018424,LIFE,PRV2,2025-06-02,2045-05-28,2027-06-02,17637467.54,195770628.86,ANNUAL,ACTIVE,1,True,17637467.54,275
POL000004931,CUS00018425,LIFE,PRV1,2026-04-19,2027-04-19,2027-04-19,1102531.82,24648298.38,ANNUAL,ACTIVE,2,True,1102531.82,231
POL000004932,CUS00018425,MOTOR,PRV5,2023-12-16,2024-12-15,2026-12-15,694747.1,11764038.3,MONTHLY,LAPSED,2,True,1102531.82,231
POL000004933,CUS00018427,LIFE,PRV3,2024-12-11,2044-12-06,2026-12-11,156170.72,3009558.19,MONTHLY,ACTIVE,1,True,156170.72,102
POL000004934,CUS00018429,HEALTH,PRV4,2026-07-29,2036-07-26,2027-07-29,71359.35,1756480.15,ANNUAL,ACTIVE,2,True,258654.67,140
POL000004935,CUS00018429,MOTOR,PRV1,2025-01-18,2035-01-16,2027-01-18,187295.32,4175957.37,QUARTERLY,ACTIVE,2,True,258654.67,140
POL000004936,CUS00018430,TRAVEL,PRV3,2026-03-02,2031-03-01,2027-03-02,19760805.52,216833914.66,ANNUAL,ACTIVE,1,True,19760805.52,183
POL000004937,CUS00018435,HEALTH,PRV2,2026-03-09,2031-03-08,2027-03-09,1594018.38,18704975.44,MONTHLY,ACTIVE,1,True,1594018.38,190
POL000004938,CUS00018442,LIFE,PRV5,2024-12-15,2034-12-13,2026-12-15,355264.59,7567047.41,ANNUAL,ACTIVE,1,True,355264.59,106
POL000004939,CUS00018456,MOTOR,PRV1,2024-03-01,2034-02-27,2027-03-01,142635.27,1441202.6,MONTHLY,ACTIVE,1,True,142635.27,182
POL000004940,CUS00018462,LIFE,PRV2,2024-12-29,2034-12-27,2026-12-29,827086.08,16439008.02,ANNUAL,ACTIVE,1,True,827086.08,120
POL000004941,CUS00018467,HEALTH,PRV2,2023-06-29,2043-06-24,2027-06-28,173336.29,3823881.2,ANNUAL,ACTIVE,1,True,173336.29,301
POL000004942,CUS00018471,HEALTH,PRV3,2022-12-21,2023-12-21,2026-12-20,1977577.7,43953455.47,QUARTERLY,LAPSED,1,False,0.0,
POL000004943,CUS00018476,MOTOR,PRV3,2024-02-02,2034-01-30,2027-02-01,804701.14,17560502.24,MONTHLY,ACTIVE,1,True,804701.14,154
POL000004944,CUS00018479,LIFE,PRV3,2023-08-30,2033-08-27,2027-08-29,967669.99,19174284.35,ANNUAL,ACTIVE,1,True,967669.99,363
POL000004945,CUS00018480,LIFE,PRV5,2024-12-22,2029-12-21,2026-12-22,465806.32,3941341.33,MONTHLY,ACTIVE,1,True,465806.32,113
POL000004946,CUS00018481,TRAVEL,PRV1,2023-01-12,2024-01-12,2027-01-11,1642971.75,34897828.62,MONTHLY,LAPSED,1,False,0.0,
POL000004947,CUS00018482,LIFE,PRV5,2023-06-05,2028-06-03,2027-06-04,7222557.86,85598411.63,QUARTERLY,ACTIVE,1,True,7222557.86,277
POL000004948,CUS00018483,HEALTH,PRV4,2023-07-30,2028-07-28,2027-07-29,19204919.54,335330235.28,ANNUAL,ACTIVE,1,True,19204919.54,332
POL000004949,CUS00018484,LIFE,PRV5,2025-02-01,2035-01-30,2027-02-01,79933.02,1363925.54,QUARTERLY,ACTIVE,1,True,79933.02,154
POL000004950,CUS00018486,HEALTH,PRV2,2023-06-13,2033-06-10,2027-06-12,565890.17,6317862.07,MONTHLY,ACTIVE,1,True,565890.17,285
POL000004951,CUS00018487,MOTOR,PRV3,2026-07-26,2036-07-23,2027-07-26,2249002.19,53327754.84,MONTHLY,ACTIVE,1,True,2249002.19,329
POL000004952,CUS00018497,HEALTH,PRV4,2022-11-01,2032-10-29,2026-10-31,1467162.56,35745695.56,ANNUAL,ACTIVE,1,True,1467162.56,61
POL000004953,CUS00018503,HEALTH,PRV3,2024-03-03,2044-02-27,2027-03-03,410614.85,9038109.98,ANNUAL,ACTIVE,1,True,410614.85,184
POL000004954,CUS00018506,HEALTH,PRV4,2023-10-29,2024-10-28,2026-10-28,346955.31,8667565.57,ANNUAL,LAPSED,1,False,0.0,
POL000004955,CUS00018508,LIFE,PRV5,2026-06-18,2031-06-17,2027-06-18,5107055.77,109228983.54,MONTHLY,ACTIVE,1,True,5107055.77,291
POL000004956,CUS00018521,LIFE,PRV3,2025-06-20,2030-06-19,2027-06-20,6251689.58,123943746.79,MONTHLY,ACTIVE,1,True,6251689.58,293
POL000004957,CUS00018522,LIFE,PRV3,2025-01-15,2026-01-15,2027-01-15,105097.34,1728846.63,QUARTERLY,LAPSED,2,False,0.0,
POL000004958,CUS00018522,MOTOR,PRV4,2024-11-29,2025-11-29,2026-11-29,252332.97,3123332.84,ANNUAL,LAPSED,2,False,0.0,
POL000004959,CUS00018525,TRAVEL,PRV3,2025-08-02,2035-07-31,2027-08-02,186791.18,2879849.63,MONTHLY,ACTIVE,1,True,186791.18,336
POL000004960,CUS00018526,LIFE,PRV1,2025-06-26,2045-06-21,2027-06-26,1235607.9,11226025.13,ANNUAL,ACTIVE,2,True,2002837.72,85
POL000004961,CUS00018526,LIFE,PRV1,2023-11-25,2028-11-23,2026-11-24,767229.82,13087436.21,ANNUAL,ACTIVE,2,True,2002837.72,85
POL000004962,CUS00018527,HEALTH,PRV1,2022-07-30,2023-07-30,2027-07-29,10791322.69,269765219.03,QUARTERLY,LAPSED,1,False,0.0,
POL000004963,CUS00018532,TRAVEL,PRV4,2025-10-17,2035-10-15,2026-10-17,6562788.62,158225656.29,ANNUAL,ACTIVE,2,True,14718352.0,47
POL000004964,CUS00018532,LIFE,PRV1,2023-02-27,2028-02-26,2027-02-26,8155563.38,85044341.48,MONTHLY,ACTIVE,2,True,14718352.0,47
POL000004965,CUS00018534,MOTOR,PRV3,2023-04-27,2033-04-24,2027-04-26,91055.21,786440.06,ANNUAL,ACTIVE,1,True,91055.21,238
POL000004966,CUS00018535,MOTOR,PRV4,2025-05-04,2045-04-29,2027-05-04,20967853.9,437641380.29,ANNUAL,ACTIVE,1,True,20967853.9,246
POL000004967,CUS00018538,LIFE,PRV4,2024-11-04,2034-11-02,2026-11-04,1719600.64,40095501.92,ANNUAL,ACTIVE,2,True,4074562.22,21
POL000004968,CUS00018538,LIFE,PRV2,2023-09-22,2043-09-17,2026-09-21,2354961.58,40732050.37,ANNUAL,ACTIVE,2,True,4074562.22,21
POL000004969,CUS00018539,HEALTH,PRV2,2026-05-10,2036-05-07,2027-05-10,211254.93,3397533.63,ANNUAL,ACTIVE,1,True,211254.93,252
POL000004970,CUS00018542,TRAVEL,PRV1,2024-06-08,2034-06-06,2027-06-08,241253.49,4547199.57,QUARTERLY,ACTIVE,2,True,434436.44,199
POL000004971,CUS00018542,LIFE,PRV3,2026-03-18,2046-03-13,2027-03-18,193182.95,4103074.47,ANNUAL,ACTIVE,2,True,434436.44,199
POL000004972,CUS00018546,LIFE,PRV2,2023-04-02,2024-04-01,2027-04-01,4684606.88,63652606.24,ANNUAL,LAPSED,1,False,0.0,
POL000004973,CUS00018548,MOTOR,PRV1,2024-04-23,2044-04-18,2027-04-23,397621.49,3809648.62,MONTHLY,ACTIVE,1,True,397621.49,235
POL000004974,CUS00018551,HEALTH,PRV1,2024-10-19,2044-10-14,2026-10-19,63404.12,930444.41,ANNUAL,ACTIVE,1,True,63404.12,49
POL000004975,CUS00018558,TRAVEL,PRV3,2023-02-16,2043-02-11,2027-02-15,1541858.44,28011557.81,ANNUAL,ACTIVE,1,True,1541858.44,168
POL000004976,CUS00018559,HEALTH,PRV3,2026-07-27,2027-07-27,2027-07-27,1788502.22,23625687.56,MONTHLY,ACTIVE,1,True,1788502.22,330
POL000004977,CUS00018568,LIFE,PRV1,2023-10-06,2028-10-04,2026-10-05,937748.63,9274396.36,ANNUAL,ACTIVE,1,True,937748.63,35
POL000004978,CUS00018570,LIFE,PRV5,2024-08-26,2029-08-25,2027-08-26,8159204.7,158664157.41,MONTHLY,ACTIVE,2,True,17421103.22,14
POL000004979,CUS00018570,HEALTH,PRV5,2025-09-14,2026-09-14,2026-09-14,9261898.52,177020782.31,MONTHLY,ACTIVE,2,True,17421103.22,14
POL000004980,CUS00018573,TRAVEL,PRV4,2026-06-21,2027-06-21,2027-06-21,2065840.73,19873963.09,QUARTERLY,ACTIVE,1,True,2065840.73,294
POL000004981,CUS00018576,HEALTH,PRV2,2024-01-05,2029-01-03,2027-01-04,771282.27,12522997.03,ANNUAL,ACTIVE,1,True,771282.27,126
POL000004982,CUS00018580,MOTOR,PRV5,2023-02-18,2033-02-15,2027-02-17,414575.21,9472375.44,MONTHLY,ACTIVE,1,True,414575.21,170
POL000004983,CUS00018581,MOTOR,PRV2,2025-09-14,2030-09-13,2026-09-14,1530642.59,36896251.29,ANNUAL,ACTIVE,1,True,1530642.59,14
POL000004984,CUS00018584,LIFE,PRV3,2022-11-07,2023-11-07,2026-11-06,266384.38,2408182.63,ANNUAL,LAPSED,1,False,0.0,
POL000004985,CUS00018587,LIFE,PRV4,2023-01-05,2024-01-05,2027-01-04,452883.85,4332580.99,ANNUAL,LAPSED,1,False,0.0,
POL000004986,CUS00018588,LIFE,PRV2,2025-04-06,2035-04-04,2027-04-06,172555.78,3875641.19,MONTHLY,ACTIVE,1,True,172555.78,218
POL000004987,CUS00018589,HOME,PRV5,2025-09-15,2035-09-13,2026-09-15,4026419.15,37822429.59,MONTHLY,ACTIVE,1,True,4026419.15,15
POL000004988,CUS00018594,HOME,PRV2,2025-01-23,2026-01-23,2027-01-23,1109126.93,26727068.99,MONTHLY,LAPSED,1,False,0.0,
POL000004989,CUS00018595,TRAVEL,PRV4,2025-07-13,2026-07-13,2027-07-13,10583776.38,231709484.07,ANNUAL,LAPSED,1,False,0.0,
POL000004990,CUS00018596,HEALTH,PRV2,2025-04-22,2030-04-21,2027-04-22,1315498.06,26824197.38,ANNUAL,ACTIVE,1,True,1315498.06,234
POL000004991,CUS00018597,HEALTH,PRV3,2024-05-10,2044-05-05,2027-05-10,1434381.52,24592521.22,MONTHLY,ACTIVE,1,True,1434381.52,252
POL000004992,CUS00018603,LIFE,PRV1,2025-06-20,2030-06-19,2027-06-20,1467710.57,28157385.56,MONTHLY,ACTIVE,1,True,1467710.57,293
POL000004993,CUS00018606,LIFE,PRV4,2024-04-09,2025-04-09,2027-04-09,5743580.93,80324718.8,ANNUAL,LAPSED,1,False,0.0,
POL000004994,CUS00018609,TRAVEL,PRV5,2023-08-22,2024-08-21,2027-08-21,270798.56,4250900.54,ANNUAL,LAPSED,2,False,0.0,
POL000004995,CUS00018609,LIFE,PRV4,2024-02-14,2025-02-13,2027-02-13,252143.96,4241448.55,ANNUAL,LAPSED,2,False,0.0,
POL000004996,CUS00018613,HOME,PRV5,2025-03-19,2035-03-17,2027-03-19,378998.75,6606587.14,ANNUAL,ACTIVE,2,True,806026.11,165
POL000004997,CUS00018613,HEALTH,PRV3,2026-02-12,2027-02-12,2027-02-12,427027.36,8551427.72,ANNUAL,ACTIVE,2,True,806026.11,165
POL000004998,CUS00018625,HOME,PRV3,2025-01-02,2030-01-01,2027-01-02,1969244.27,18527770.17,QUARTERLY,ACTIVE,1,True,1969244.27,124
POL000004999,CUS00018627,LIFE,PRV4,2025-07-19,2045-07-14,2027-07-19,8986340.89,115887616.83,MONTHLY,ACTIVE,2,True,16238586.0,157
POL000005000,CUS00018627,TRAVEL,PRV3,2024-02-05,2034-02-02,2027-02-04,7252245.11,151695018.23,MONTHLY,ACTIVE,2,True,16238586.0,157
POL000005001,CUS00018632,HOME,PRV2,2022-10-02,2032-09-29,2026-10-01,3267998.15,43932887.54,MONTHLY,ACTIVE,2,True,5331092.5,31
POL000005002,CUS00018632,HEALTH,PRV3,2022-10-15,2042-10-10,2026-10-14,2063094.35,34011074.13,ANNUAL,ACTIVE,2,True,5331092.5,31
POL000005003,CUS00018641,HEALTH,PRV1,2025-06-04,2030-06-03,2027-06-04,4073661.55,67640432.75,ANNUAL,ACTIVE,2,True,5833336.53,236
POL000005004,CUS00018641,LIFE,PRV5,2026-04-24,2027-04-24,2027-04-24,1759674.98,17175875.91,ANNUAL,ACTIVE,2,True,5833336.53,236
POL000005005,CUS00018648,LIFE,PRV2,2024-04-26,2029-04-25,2027-04-26,1146667.61,22256980.79,MONTHLY,ACTIVE,1,True,1146667.61,238
POL000005006,CUS00018654,MOTOR,PRV4,2023-04-20,2033-04-17,2027-04-19,2103798.95,19257031.07,MONTHLY,ACTIVE,1,True,2103798.95,231
POL000005007,CUS00018663,MOTOR,PRV2,2026-02-27,2046-02-22,2027-02-27,706946.24,7410882.85,ANNUAL,ACTIVE,1,True,706946.24,180
POL000005008,CUS00018665,LIFE,PRV1,2024-10-27,2029-10-26,2026-10-27,494358.99,7336088.71,MONTHLY,ACTIVE,1,True,494358.99,57
POL000005009,CUS00018677,MOTOR,PRV5,2023-02-22,2033-02-19,2027-02-21,2459958.84,32095338.1,MONTHLY,ACTIVE,2,True,5496504.73,29
POL000005010,CUS00018677,HEALTH,PRV2,2023-09-30,2043-09-25,2026-09-29,3036545.89,65044451.03,ANNUAL,ACTIVE,2,True,5496504.73,29
POL000005011,CUS00018678,TRAVEL,PRV1,2022-12-14,2032-12-11,2026-12-13,1362594.92,28393492.45,QUARTERLY,ACTIVE,1,True,1362594.92,104
POL000005012,CUS00018683,MOTOR,PRV2,2026-06-26,2031-06-25,2027-06-26,1102048.56,22066774.89,ANNUAL,ACTIVE,1,True,1102048.56,299
POL000005013,CUS00018684,LIFE,PRV2,2024-06-09,2029-06-08,2027-06-09,556642.1,7338224.51,ANNUAL,ACTIVE,1,True,556642.1,282
POL000005014,CUS00018691,HEALTH,PRV1,2026-02-12,2036-02-10,2027-02-12,318997.03,4888015.53,ANNUAL,ACTIVE,1,True,318997.03,165
POL000005015,CUS00018692,LIFE,PRV5,2023-12-26,2033-12-23,2026-12-25,2132938.18,18112073.59,MONTHLY,ACTIVE,1,True,2132938.18,116
POL000005016,CUS00018695,TRAVEL,PRV1,2024-11-03,2044-10-29,2026-11-03,17150108.08,317147459.52,QUARTERLY,ACTIVE,1,True,17150108.08,64
POL000005017,CUS00018696,HEALTH,PRV3,2023-09-17,2043-09-12,2026-09-16,4444653.95,56965452.96,MONTHLY,ACTIVE,1,True,4444653.95,16
POL000005018,CUS00018702,LIFE,PRV3,2025-05-09,2030-05-08,2027-05-09,1140676.6,19543340.19,MONTHLY,ACTIVE,1,True,1140676.6,251
POL000005019,CUS00018707,MOTOR,PRV2,2023-07-09,2024-07-08,2027-07-08,1690421.08,25465243.44,ANNUAL,LAPSED,1,False,0.0,
POL000005020,CUS00018708,LIFE,PRV1,2022-11-24,2032-11-21,2026-11-23,601467.32,7805837.57,ANNUAL,ACTIVE,1,True,601467.32,84
POL000005021,CUS00018709,HEALTH,PRV1,2025-02-08,2026-02-08,2027-02-08,6246358.71,56600750.27,MONTHLY,LAPSED,2,True,4666786.7,161
POL000005022,CUS00018709,HEALTH,PRV2,2025-02-08,2030-02-07,2027-02-08,4666786.7,95964720.44,ANNUAL,ACTIVE,2,True,4666786.7,161
POL000005023,CUS00018717,HEALTH,PRV3,2023-12-27,2024-12-26,2026-12-26,4637902.41,46846575.83,QUARTERLY,LAPSED,1,False,0.0,
POL000005024,CUS00018718,MOTOR,PRV4,2023-12-03,2028-12-01,2026-12-02,1860029.29,32947920.63,MONTHLY,ACTIVE,2,True,5451427.96,93
POL000005025,CUS00018718,TRAVEL,PRV2,2025-03-08,2030-03-07,2027-03-08,3591398.67,57367983.54,ANNUAL,ACTIVE,2,True,5451427.96,93
POL000005026,CUS00018719,HEALTH,PRV5,2026-03-22,2031-03-21,2027-03-22,427000.61,8914949.23,ANNUAL,ACTIVE,1,True,427000.61,203
POL000005027,CUS00018722,MOTOR,PRV5,2022-09-23,2023-09-23,2026-09-22,15753000.97,359219857.28,ANNUAL,LAPSED,1,False,0.0,
POL000005028,CUS00018724,LIFE,PRV5,2026-07-23,2027-07-23,2027-07-23,581099.74,7867043.19,MONTHLY,ACTIVE,1,True,581099.74,326
POL000005029,CUS00018728,LIFE,PRV2,2023-05-01,2028-04-29,2027-04-30,3020692.63,39884917.91,MONTHLY,ACTIVE,2,True,3020692.63,242
POL000005030,CUS00018728,LIFE,PRV5,2025-02-07,2026-02-07,2027-02-07,4788960.1,109879897.25,QUARTERLY,LAPSED,2,True,3020692.63,242
POL000005031,CUS00018730,TRAVEL,PRV2,2024-04-13,2034-04-11,2027-04-13,480552.45,7747601.88,ANNUAL,ACTIVE,1,True,480552.45,225
POL000005032,CUS00018740,HOME,PRV5,2024-12-08,2034-12-06,2026-12-08,9550810.64,192589360.88,QUARTERLY,ACTIVE,1,True,9550810.64,99
POL000005033,CUS00018743,HOME,PRV5,2022-09-03,2042-08-29,2026-09-02,595166.35,7393249.65,MONTHLY,ACTIVE,1,True,595166.35,2
POL000005034,CUS00018747,HEALTH,PRV3,2024-09-20,2044-09-15,2026-09-20,3388900.81,74370848.39,ANNUAL,ACTIVE,1,True,3388900.81,20
POL000005035,CUS00018752,HEALTH,PRV3,2024-03-27,2025-03-27,2027-03-27,385988.12,3241738.24,MONTHLY,LAPSED,1,False,0.0,
POL000005036,CUS00018758,HEALTH,PRV4,2026-01-04,2045-12-30,2027-01-04,1533883.05,19742364.17,MONTHLY,ACTIVE,1,True,1533883.05,126
POL000005037,CUS00018762,TRAVEL,PRV4,2022-12-20,2032-12-17,2026-12-19,962584.48,14769240.26,MONTHLY,ACTIVE,1,True,962584.48,110
POL000005038,CUS00018768,LIFE,PRV1,2025-04-07,2026-04-07,2027-04-07,3774496.85,37713843.59,MONTHLY,LAPSED,2,True,2504509.79,308
POL000005039,CUS00018768,HEALTH,PRV1,2024-07-05,2034-07-03,2027-07-05,2504509.79,26024774.95,MONTHLY,ACTIVE,2,True,2504509.79,308
POL000005040,CUS00018772,HOME,PRV4,2024-06-22,2025-06-22,2027-06-22,397493.91,5129961.18,QUARTERLY,LAPSED,2,True,380624.72,51
POL000005041,CUS00018772,HEALTH,PRV1,2024-10-21,2034-10-19,2026-10-21,380624.72,4970242.41,MONTHLY,ACTIVE,2,True,380624.72,51
POL000005042,CUS00018775,HEALTH,PRV4,2026-06-29,2027-06-29,2027-06-29,1772025.54,27019943.79,ANNUAL,ACTIVE,1,True,1772025.54,302
POL000005043,CUS00018782,LIFE,PRV5,2025-08-06,2030-08-05,2027-08-06,3014403.33,71498789.99,ANNUAL,ACTIVE,2,True,4690226.65,257
POL000005044,CUS00018782,LIFE,PRV1,2025-05-15,2045-05-10,2027-05-15,1675823.32,40658588.17,ANNUAL,ACTIVE,2,True,4690226.65,257
POL000005045,CUS00018788,MOTOR,PRV4,2023-12-20,2028-12-18,2026-12-19,387102.9,3294691.6,ANNUAL,ACTIVE,1,True,387102.9,110
POL000005046,CUS00018818,HOME,PRV4,2026-03-27,2027-03-27,2027-03-27,627377.62,13167566.18,MONTHLY,ACTIVE,2,True,627377.62,208
POL000005047,CUS00018818,TRAVEL,PRV2,2025-08-17,2026-08-17,2027-08-17,407822.54,8184701.3,ANNUAL,LAPSED,2,True,627377.62,208
POL000005048,CUS00018819,HOME,PRV1,2022-10-21,2032-10-18,2026-10-20,759393.51,9139675.03,ANNUAL,ACTIVE,1,True,759393.51,50
POL000005049,CUS00018823,MOTOR,PRV2,2025-12-13,2045-12-08,2026-12-13,2594687.68,28792752.21,ANNUAL,ACTIVE,2,True,7514990.21,104
POL000005050,CUS00018823,HEALTH,PRV5,2026-06-22,2046-06-17,2027-06-22,4920302.53,118927827.09,MONTHLY,ACTIVE,2,True,7514990.21,104
POL000005051,CUS00018826,HEALTH,PRV1,2024-07-04,2025-07-04,2027-07-04,2036392.42,50751964.04,ANNUAL,LAPSED,1,False,0.0,
POL000005052,CUS00018831,MOTOR,PRV4,2023-02-20,2024-02-20,2027-02-19,503315.49,11027013.63,ANNUAL,LAPSED,1,False,0.0,
POL000005053,CUS00018840,MOTOR,PRV5,2023-08-24,2024-08-23,2027-08-23,3708838.05,55070333.19,ANNUAL,LAPSED,1,False,0.0,
POL000005054,CUS00018843,MOTOR,PRV1,2023-02-09,2024-02-09,2027-02-08,41804213.28,747861362.54,MONTHLY,LAPSED,1,False,0.0,
POL000005055,CUS00018845,LIFE,PRV4,2023-02-15,2043-02-10,2027-02-14,146779.43,2610226.77,MONTHLY,ACTIVE,2,True,415552.06,167
POL000005056,CUS00018845,HEALTH,PRV3,2023-02-19,2028-02-18,2027-02-18,268772.63,2255003.63,ANNUAL,ACTIVE,2,True,415552.06,167
POL000005057,CUS00018848,LIFE,PRV4,2025-10-16,2026-10-16,2026-10-16,134730.05,2292864.97,ANNUAL,ACTIVE,1,True,134730.05,46
POL000005058,CUS00018864,LIFE,PRV4,2023-10-27,2043-10-22,2026-10-26,237414.72,3589547.02,QUARTERLY,ACTIVE,1,True,237414.72,56
POL000005059,CUS00018871,LIFE,PRV3,2025-05-29,2030-05-28,2027-05-29,344855.5,3372241.1,MONTHLY,ACTIVE,1,True,344855.5,271
POL000005060,CUS00018872,LIFE,PRV1,2023-09-22,2024-09-21,2026-09-21,4441350.82,70146360.08,MONTHLY,LAPSED,2,True,4008301.29,190
POL000005061,CUS00018872,LIFE,PRV5,2026-03-09,2046-03-04,2027-03-09,4008301.29,46628410.51,ANNUAL,ACTIVE,2,True,4008301.29,190
POL000005062,CUS00018873,HEALTH,PRV5,2026-01-31,2031-01-30,2027-01-31,762163.24,8344469.78,MONTHLY,ACTIVE,1,True,762163.24,153
POL000005063,CUS00018880,HOME,PRV5,2024-10-20,2025-10-20,2026-10-20,3021763.17,26659887.99,MONTHLY,LAPSED,2,True,4292426.33,68
POL000005064,CUS00018880,LIFE,PRV4,2024-11-07,2029-11-06,2026-11-07,4292426.33,58404504.82,ANNUAL,ACTIVE,2,True,4292426.33,68
POL000005065,CUS00018881,LIFE,PRV4,2025-11-16,2026-11-16,2026-11-16,3352102.02,44930857.26,ANNUAL,ACTIVE,1,True,3352102.02,77
POL000005066,CUS00018883,HEALTH,PRV5,2023-04-30,2043-04-25,2027-04-29,846508.8,12572276.49,MONTHLY,ACTIVE,1,True,846508.8,241
POL000005067,CUS00018886,HOME,PRV1,2024-01-30,2034-01-27,2027-01-29,15565356.52,329100854.48,ANNUAL,ACTIVE,1,True,15565356.52,151
POL000005068,CUS00018887,HEALTH,PRV1,2025-11-27,2035-11-25,2026-11-27,6692137.36,71451536.7,ANNUAL,ACTIVE,2,True,13441196.05,88
POL000005069,CUS00018887,HEALTH,PRV2,2026-04-06,2036-04-03,2027-04-06,6749058.69,157510718.5,QUARTERLY,ACTIVE,2,True,13441196.05,88
POL000005070,CUS00018888,LIFE,PRV5,2024-01-30,2025-01-29,2027-01-29,3104540.98,60018968.29,MONTHLY,LAPSED,2,True,3389490.12,159
POL000005071,CUS00018888,HEALTH,PRV1,2026-02-06,2036-02-04,2027-02-06,3389490.12,39791124.65,ANNUAL,ACTIVE,2,True,3389490.12,159
POL000005072,CUS00018892,HEALTH,PRV1,2026-03-13,2046-03-08,2027-03-13,12792290.08,186495423.73,MONTHLY,ACTIVE,2,True,24175594.82,49
POL000005073,CUS00018892,HEALTH,PRV2,2025-10-19,2030-10-18,2026-10-19,11383304.74,170214879.45,ANNUAL,ACTIVE,2,True,24175594.82,49
POL000005074,CUS00018896,TRAVEL,PRV2,2026-03-11,2027-03-11,2027-03-11,276175.3,2659404.07,MONTHLY,ACTIVE,2,True,711227.29,192
POL000005075,CUS00018896,LIFE,PRV1,2026-07-22,2031-07-21,2027-07-22,435051.99,3949444.79,ANNUAL,ACTIVE,2,True,711227.29,192
POL000005076,CUS00018898,HEALTH,PRV2,2024-04-29,2034-04-27,2027-04-29,1900488.27,18735991.54,MONTHLY,ACTIVE,1,True,1900488.27,241
POL000005077,CUS00018910,MOTOR,PRV2,2023-10-02,2028-09-30,2026-10-01,4894854.31,118406995.99,MONTHLY,ACTIVE,2,True,16876901.8,31
POL000005078,CUS00018910,HEALTH,PRV5,2025-04-29,2045-04-24,2027-04-29,11982047.49,255330574.56,QUARTERLY,ACTIVE,2,True,16876901.8,31
POL000005079,CUS00018913,LIFE,PRV3,2025-05-24,2026-05-24,2027-05-24,343627.96,6934399.39,ANNUAL,LAPSED,1,False,0.0,
POL000005080,CUS00018915,HEALTH,PRV4,2024-02-03,2044-01-29,2027-02-02,4247907.35,47521725.32,ANNUAL,ACTIVE,1,True,4247907.35,155
POL000005081,CUS00018918,HEALTH,PRV4,2023-11-18,2043-11-13,2026-11-17,201348.83,2461840.63,QUARTERLY,ACTIVE,1,True,201348.83,78
POL000005082,CUS00018927,HEALTH,PRV2,2025-08-25,2035-08-23,2027-08-25,55966983.74,1208015726.79,ANNUAL,ACTIVE,2,True,69925735.79,139
POL000005083,CUS00018927,TRAVEL,PRV1,2023-01-18,2033-01-15,2027-01-17,13958752.05,151151802.06,ANNUAL,ACTIVE,2,True,69925735.79,139
POL000005084,CUS00018931,LIFE,PRV4,2023-12-07,2043-12-02,2026-12-06,2687694.66,52430709.36,ANNUAL,ACTIVE,1,True,2687694.66,97
POL000005085,CUS00018940,LIFE,PRV5,2023-05-31,2024-05-30,2027-05-30,4082628.83,55419292.35,MONTHLY,LAPSED,1,False,0.0,
POL000005086,CUS00018951,MOTOR,PRV5,2024-02-03,2044-01-29,2027-02-02,357507.25,7015349.21,ANNUAL,ACTIVE,2,True,821887.73,87
POL000005087,CUS00018951,LIFE,PRV2,2025-11-26,2035-11-24,2026-11-26,464380.48,8898302.63,QUARTERLY,ACTIVE,2,True,821887.73,87
POL000005088,CUS00018952,TRAVEL,PRV5,2024-10-18,2044-10-13,2026-10-18,1200797.04,14666688.95,MONTHLY,ACTIVE,1,True,1200797.04,48
POL000005089,CUS00018957,TRAVEL,PRV3,2024-08-02,2044-07-28,2027-08-02,1390954.31,32781226.06,QUARTERLY,ACTIVE,2,True,1390954.31,336
POL000005090,CUS00018957,LIFE,PRV2,2024-06-25,2025-06-25,2027-06-25,467848.35,7499794.15,ANNUAL,LAPSED,2,True,1390954.31,336
POL000005091,CUS00018959,MOTOR,PRV5,2024-12-16,2034-12-14,2026-12-16,1012538.33,8835752.68,MONTHLY,ACTIVE,1,True,1012538.33,107
POL000005092,CUS00018966,HEALTH,PRV4,2023-07-17,2043-07-12,2027-07-16,4046364.15,43141242.8,MONTHLY,ACTIVE,1,True,4046364.15,319
POL000005093,CUS00018974,MOTOR,PRV4,2024-01-25,2044-01-20,2027-01-24,2024997.36,28127976.55,MONTHLY,ACTIVE,1,True,2024997.36,146
POL000005094,CUS00018975,LIFE,PRV3,2025-12-14,2030-12-13,2026-12-14,447005.11,8479609.99,MONTHLY,ACTIVE,1,True,447005.11,105
POL000005095,CUS00018978,LIFE,PRV5,2022-08-19,2023-08-19,2027-08-18,2693126.71,25175833.16,ANNUAL,LAPSED,2,True,6232025.65,132
POL000005096,CUS00018978,HEALTH,PRV1,2024-01-11,2044-01-06,2027-01-10,6232025.65,88972804.21,ANNUAL,ACTIVE,2,True,6232025.65,132
POL000005097,CUS00018979,TRAVEL,PRV5,2023-12-31,2043-12-26,2026-12-30,361253.93,6789242.6,ANNUAL,ACTIVE,1,True,361253.93,121
POL000005098,CUS00018981,MOTOR,PRV4,2023-05-29,2043-05-24,2027-05-28,6453293.98,82042514.52,ANNUAL,ACTIVE,2,True,14901535.86,138
POL000005099,CUS00018981,HEALTH,PRV1,2023-01-17,2033-01-14,2027-01-16,8448241.88,114265848.7,ANNUAL,ACTIVE,2,True,14901535.86,138
POL000005100,CUS00018982,LIFE,PRV1,2024-03-07,2044-03-02,2027-03-07,3565143.32,67880469.92,ANNUAL,ACTIVE,2,True,6356817.28,76
POL000005101,CUS00018982,TRAVEL,PRV2,2023-11-16,2033-11-13,2026-11-15,2791673.96,49913723.3,MONTHLY,ACTIVE,2,True,6356817.28,76
POL000005102,CUS00018999,TRAVEL,PRV1,2023-03-28,2024-03-27,2027-03-27,873015.71,17006973.26,ANNUAL,LAPSED,1,False,0.0,
POL000005103,CUS00019012,HEALTH,PRV4,2025-06-12,2026-06-12,2027-06-12,148623.04,1624661.41,ANNUAL,LAPSED,2,False,0.0,
POL000005104,CUS00019012,LIFE,PRV1,2023-12-17,2024-12-16,2026-12-16,372691.88,8826814.14,ANNUAL,LAPSED,2,False,0.0,
POL000005105,CUS00019014,MOTOR,PRV3,2023-04-21,2024-04-20,2027-04-20,2227427.71,54656187.35,MONTHLY,LAPSED,1,False,0.0,
POL000005106,CUS00019018,HEALTH,PRV5,2024-09-17,2029-09-16,2026-09-17,546342.77,12950601.25,QUARTERLY,ACTIVE,1,True,546342.77,17
POL000005107,CUS00019020,LIFE,PRV1,2025-02-05,2035-02-03,2027-02-05,186226.73,4207564.73,QUARTERLY,ACTIVE,2,True,438474.14,158
POL000005108,CUS00019020,HEALTH,PRV3,2026-06-21,2036-06-18,2027-06-21,252247.41,2390325.81,ANNUAL,ACTIVE,2,True,438474.14,158
POL000005109,CUS00019022,HEALTH,PRV2,2024-12-10,2025-12-10,2026-12-10,164192.38,3668384.03,ANNUAL,LAPSED,1,False,0.0,
POL000005110,CUS00019025,LIFE,PRV1,2024-09-03,2025-09-03,2026-09-03,406818.89,6927042.7,QUARTERLY,LAPSED,1,False,0.0,
POL000005111,CUS00019039,MOTOR,PRV1,2024-10-21,2034-10-19,2026-10-21,505821.91,8456539.22,MONTHLY,ACTIVE,1,True,505821.91,51
POL000005112,CUS00019046,MOTOR,PRV4,2023-06-17,2033-06-14,2027-06-16,485029.46,9812009.98,ANNUAL,ACTIVE,1,True,485029.46,289
POL000005113,CUS00019048,LIFE,PRV4,2023-05-24,2043-05-19,2027-05-23,2361510.98,37761288.09,ANNUAL,ACTIVE,1,True,2361510.98,265
POL000005114,CUS00019050,HOME,PRV4,2023-11-17,2043-11-12,2026-11-16,4534722.28,99159200.02,MONTHLY,ACTIVE,1,True,4534722.28,77
POL000005115,CUS00019053,HEALTH,PRV2,2024-09-29,2025-09-29,2026-09-29,322604.31,3137180.29,ANNUAL,LAPSED,1,False,0.0,
POL000005116,CUS00019067,LIFE,PRV5,2025-05-14,2035-05-12,2027-05-14,1036223.42,19004867.73,ANNUAL,ACTIVE,2,True,1855210.54,230
POL000005117,CUS00019067,HEALTH,PRV3,2024-04-18,2029-04-17,2027-04-18,818987.12,10341404.47,ANNUAL,ACTIVE,2,True,1855210.54,230
POL000005118,CUS00019068,HOME,PRV4,2026-01-12,2027-01-12,2027-01-12,3124870.82,54497968.02,ANNUAL,ACTIVE,2,True,3124870.82,134
POL000005119,CUS00019068,LIFE,PRV1,2025-03-28,2026-03-28,2027-03-28,1361287.05,14879809.76,QUARTERLY,LAPSED,2,True,3124870.82,134
POL000005120,CUS00019071,HEALTH,PRV5,2023-06-22,2028-06-20,2027-06-21,172858.17,3950558.25,MONTHLY,ACTIVE,1,True,172858.17,294
POL000005121,CUS00019072,HEALTH,PRV4,2026-04-06,2046-04-01,2027-04-06,149610.92,3553123.05,ANNUAL,ACTIVE,1,True,149610.92,218
POL000005122,CUS00019075,MOTOR,PRV4,2025-10-27,2026-10-27,2026-10-27,715349.47,16599557.9,ANNUAL,ACTIVE,1,True,715349.47,57
POL000005123,CUS00019076,HEALTH,PRV3,2023-02-20,2028-02-19,2027-02-19,662014.92,6909553.71,MONTHLY,ACTIVE,1,True,662014.92,172
POL000005124,CUS00019078,LIFE,PRV3,2025-08-21,2030-08-20,2027-08-21,749642.73,13057002.17,ANNUAL,ACTIVE,1,True,749642.73,355
POL000005125,CUS00019082,MOTOR,PRV2,2024-10-03,2025-10-03,2026-10-03,226100.92,3757917.02,MONTHLY,LAPSED,2,False,0.0,
POL000005126,CUS00019082,MOTOR,PRV5,2022-10-27,2023-10-27,2026-10-26,255104.65,2158595.82,QUARTERLY,LAPSED,2,False,0.0,
POL000005127,CUS00019088,HEALTH,PRV2,2024-05-08,2025-05-08,2027-05-08,1507940.24,25945556.01,MONTHLY,LAPSED,1,False,0.0,
POL000005128,CUS00019098,TRAVEL,PRV3,2023-01-02,2024-01-02,2027-01-01,1627049.18,40579671.8,ANNUAL,LAPSED,1,False,0.0,
POL000005129,CUS00019099,HOME,PRV3,2024-06-19,2029-06-18,2027-06-19,231201.51,2981753.71,MONTHLY,ACTIVE,2,True,510182.98,275
POL000005130,CUS00019099,HEALTH,PRV1,2025-06-02,2035-05-31,2027-06-02,278981.47,2535984.47,QUARTERLY,ACTIVE,2,True,510182.98,275
POL000005131,CUS00019105,LIFE,PRV4,2022-10-29,2027-10-28,2026-10-28,4189970.05,52886953.2,ANNUAL,ACTIVE,1,True,4189970.05,58
POL000005132,CUS00019109,LIFE,PRV5,2024-02-23,2044-02-18,2027-02-22,365788.96,5901305.1,ANNUAL,ACTIVE,1,True,365788.96,175
POL000005133,CUS00019114,LIFE,PRV2,2024-06-18,2029-06-17,2027-06-18,1087825.22,9566778.79,MONTHLY,ACTIVE,1,True,1087825.22,291
POL000005134,CUS00019117,HEALTH,PRV5,2024-08-14,2044-08-09,2027-08-14,74932.54,1161137.54,ANNUAL,ACTIVE,1,True,74932.54,348
POL000005135,CUS00019118,HOME,PRV4,2022-08-19,2027-08-18,2027-08-18,1658606.92,32150344.82,MONTHLY,ACTIVE,1,True,1658606.92,352
POL000005136,CUS00019120,HEALTH,PRV1,2023-07-15,2024-07-14,2027-07-14,261359.61,3289840.5,ANNUAL,LAPSED,1,False,0.0,
POL000005137,CUS00019121,HEALTH,PRV4,2025-01-07,2045-01-02,2027-01-07,2928268.26,38740649.35,QUARTERLY,ACTIVE,2,True,4549862.37,129
POL000005138,CUS00019121,MOTOR,PRV4,2024-08-19,2044-08-14,2027-08-19,1621594.11,24482603.12,ANNUAL,ACTIVE,2,True,4549862.37,129
POL000005139,CUS00019128,TRAVEL,PRV4,2026-03-13,2031-03-12,2027-03-13,483910.65,4028345.82,ANNUAL,ACTIVE,2,True,1030817.55,194
POL000005140,CUS00019128,LIFE,PRV3,2024-07-14,2034-07-12,2027-07-14,546906.9,9272271.45,ANNUAL,ACTIVE,2,True,1030817.55,194
POL000005141,CUS00019129,LIFE,PRV5,2026-03-31,2031-03-30,2027-03-31,6786317.76,145626117.22,ANNUAL,ACTIVE,1,True,6786317.76,212
POL000005142,CUS00019137,HEALTH,PRV3,2024-02-02,2034-01-30,2027-02-01,373976.0,7179138.84,ANNUAL,ACTIVE,2,True,373976.0,154
POL000005143,CUS00019137,MOTOR,PRV5,2025-03-24,2026-03-24,2027-03-24,595991.91,9881851.73,QUARTERLY,LAPSED,2,True,373976.0,154
POL000005144,CUS00019139,HOME,PRV4,2022-08-27,2032-08-24,2027-08-26,1162925.76,15707113.18,QUARTERLY,ACTIVE,1,True,1162925.76,360
POL000005145,CUS00019145,MOTOR,PRV1,2023-08-23,2033-08-20,2027-08-22,12969361.62,132948737.03,ANNUAL,ACTIVE,2,True,12969361.62,356
POL000005146,CUS00019145,LIFE,PRV2,2023-05-27,2024-05-26,2027-05-26,8550310.06,107628990.32,MONTHLY,LAPSED,2,True,12969361.62,356
POL000005147,CUS00019148,HEALTH,PRV5,2024-04-21,2025-04-21,2027-04-21,1686252.79,24005986.76,MONTHLY,LAPSED,1,False,0.0,
POL000005148,CUS00019151,LIFE,PRV1,2025-09-17,2026-09-17,2026-09-17,1265589.38,31500107.81,ANNUAL,ACTIVE,2,True,1787562.86,17
POL000005149,CUS00019151,HEALTH,PRV1,2026-06-28,2031-06-27,2027-06-28,521973.48,11245543.96,MONTHLY,ACTIVE,2,True,1787562.86,17
POL000005150,CUS00019152,MOTOR,PRV1,2026-06-04,2031-06-03,2027-06-04,313736.66,7631820.14,ANNUAL,ACTIVE,1,True,313736.66,277
POL000005151,CUS00019153,MOTOR,PRV3,2022-07-31,2032-07-28,2027-07-30,883014.9,19686522.91,ANNUAL,ACTIVE,1,True,883014.9,333
POL000005152,CUS00019173,HEALTH,PRV4,2023-01-02,2042-12-28,2027-01-01,9833446.36,127485844.93,QUARTERLY,ACTIVE,1,True,9833446.36,123
POL000005153,CUS00019181,HOME,PRV3,2024-01-31,2034-01-28,2027-01-30,21659422.58,261706195.59,MONTHLY,ACTIVE,1,True,21659422.58,152
POL000005154,CUS00019182,MOTOR,PRV2,2025-04-29,2045-04-24,2027-04-29,1002592.66,20676176.62,ANNUAL,ACTIVE,1,True,1002592.66,241
POL000005155,CUS00019190,LIFE,PRV3,2024-01-05,2034-01-02,2027-01-04,2943779.08,46217849.26,QUARTERLY,ACTIVE,1,True,2943779.08,126
POL000005156,CUS00019195,LIFE,PRV5,2025-09-13,2045-09-08,2026-09-13,3089762.57,41440633.49,QUARTERLY,ACTIVE,1,True,3089762.57,13
POL000005157,CUS00019197,LIFE,PRV1,2023-06-06,2043-06-01,2027-06-05,1844837.64,36132612.92,MONTHLY,ACTIVE,1,True,1844837.64,278
POL000005158,CUS00019203,HEALTH,PRV1,2023-01-06,2033-01-03,2027-01-05,1419489.8,14787484.16,ANNUAL,ACTIVE,1,True,1419489.8,127
POL000005159,CUS00019205,LIFE,PRV5,2025-11-03,2045-10-29,2026-11-03,890152.84,21616454.72,MONTHLY,ACTIVE,2,True,1353465.55,64
POL000005160,CUS00019205,HEALTH,PRV5,2023-11-06,2033-11-03,2026-11-05,463312.71,9606431.28,ANNUAL,ACTIVE,2,True,1353465.55,64
POL000005161,CUS00019206,HEALTH,PRV1,2025-02-20,2026-02-20,2027-02-20,1491987.23,17608138.47,ANNUAL,LAPSED,1,False,0.0,
POL000005162,CUS00019208,HEALTH,PRV3,2023-09-29,2028-09-27,2026-09-28,7186227.61,149657341.72,MONTHLY,ACTIVE,2,True,14419530.26,28
POL000005163,CUS00019208,HEALTH,PRV5,2025-05-19,2030-05-18,2027-05-19,7233302.65,128606029.94,ANNUAL,ACTIVE,2,True,14419530.26,28
POL000005164,CUS00019210,HEALTH,PRV3,2024-03-25,2025-03-25,2027-03-25,1384540.82,15319549.76,ANNUAL,LAPSED,1,False,0.0,
POL000005165,CUS00019213,HEALTH,PRV3,2025-08-27,2026-08-27,2027-08-27,1304831.08,15318082.64,ANNUAL,LAPSED,1,False,0.0,
POL000005166,CUS00019221,TRAVEL,PRV3,2025-12-26,2026-12-26,2026-12-26,14563225.23,273280229.03,QUARTERLY,ACTIVE,1,True,14563225.23,117
POL000005167,CUS00019227,HEALTH,PRV2,2024-01-14,2029-01-12,2027-01-13,154197.43,3603937.41,MONTHLY,ACTIVE,1,True,154197.43,135
POL000005168,CUS00019231,MOTOR,PRV4,2025-11-08,2035-11-06,2026-11-08,4265965.13,77467595.27,ANNUAL,ACTIVE,1,True,4265965.13,69
POL000005169,CUS00019245,HEALTH,PRV1,2025-01-14,2026-01-14,2027-01-14,1722040.95,19490788.16,ANNUAL,LAPSED,2,True,2958525.56,342
POL000005170,CUS00019245,LIFE,PRV3,2024-08-08,2044-08-03,2027-08-08,2958525.56,25178877.14,MONTHLY,ACTIVE,2,True,2958525.56,342
POL000005171,CUS00019247,TRAVEL,PRV5,2022-12-25,2042-12-20,2026-12-24,652792.58,6233455.42,MONTHLY,ACTIVE,1,True,652792.58,115
POL000005172,CUS00019264,LIFE,PRV1,2025-06-27,2035-06-25,2027-06-27,12452637.25,138801100.49,ANNUAL,ACTIVE,1,True,12452637.25,300
POL000005173,CUS00019265,LIFE,PRV2,2026-07-02,2046-06-27,2027-07-02,2936466.83,44948287.67,ANNUAL,ACTIVE,1,True,2936466.83,305
POL000005174,CUS00019267,LIFE,PRV3,2023-07-02,2033-06-29,2027-07-01,2246950.42,50382924.09,MONTHLY,ACTIVE,1,True,2246950.42,304
POL000005175,CUS00019280,HOME,PRV1,2025-01-02,2034-12-31,2027-01-02,3226830.58,67838027.47,ANNUAL,ACTIVE,1,True,3226830.58,124
POL000005176,CUS00019286,LIFE,PRV2,2026-01-02,2031-01-01,2027-01-02,5975308.97,106033236.97,ANNUAL,ACTIVE,1,True,5975308.97,124
POL000005177,CUS00019290,LIFE,PRV1,2023-09-28,2033-09-25,2026-09-27,410711.16,3536737.22,ANNUAL,ACTIVE,1,True,410711.16,27
POL000005178,CUS00019301,LIFE,PRV3,2023-03-10,2033-03-07,2027-03-09,539753.36,7466378.93,QUARTERLY,ACTIVE,1,True,539753.36,190
POL000005179,CUS00019302,HEALTH,PRV3,2025-12-17,2035-12-15,2026-12-17,9332948.21,145080073.56,ANNUAL,ACTIVE,2,True,22919894.28,43
POL000005180,CUS00019302,MOTOR,PRV1,2025-10-13,2045-10-08,2026-10-13,13586946.07,294017175.61,ANNUAL,ACTIVE,2,True,22919894.28,43
POL000005181,CUS00019303,LIFE,PRV5,2026-05-29,2036-05-26,2027-05-29,269670.01,3796539.36,MONTHLY,ACTIVE,1,True,269670.01,271
POL000005182,CUS00019305,LIFE,PRV3,2023-06-23,2024-06-22,2027-06-22,2040420.18,45152730.56,MONTHLY,LAPSED,1,False,0.0,
POL000005183,CUS00019306,LIFE,PRV4,2023-05-22,2033-05-19,2027-05-21,3143957.8,72243693.85,MONTHLY,ACTIVE,1,True,3143957.8,263
POL000005184,CUS00019308,LIFE,PRV4,2025-06-05,2045-05-31,2027-06-05,1517804.76,15564094.57,ANNUAL,ACTIVE,1,True,1517804.76,278
POL000005185,CUS00019312,MOTOR,PRV4,2025-09-15,2045-09-10,2026-09-15,516348.41,6064798.84,QUARTERLY,ACTIVE,1,True,516348.41,15
POL000005186,CUS00019314,LIFE,PRV3,2026-03-23,2036-03-20,2027-03-23,7451894.16,142651753.77,QUARTERLY,ACTIVE,1,True,7451894.16,204
POL000005187,CUS00019315,LIFE,PRV2,2023-08-12,2033-08-09,2027-08-11,5674850.36,139803575.42,ANNUAL,ACTIVE,1,True,5674850.36,345
POL000005188,CUS00019320,LIFE,PRV3,2023-06-07,2024-06-06,2027-06-06,7315858.75,72452003.91,ANNUAL,LAPSED,1,False,0.0,
POL000005189,CUS00019324,LIFE,PRV1,2026-05-20,2036-05-17,2027-05-20,2273460.31,20596165.12,MONTHLY,ACTIVE,1,True,2273460.31,262
POL000005190,CUS00019326,TRAVEL,PRV5,2025-04-23,2045-04-18,2027-04-23,328239.3,7732774.6,ANNUAL,ACTIVE,1,True,328239.3,235
POL000005191,CUS00019327,LIFE,PRV2,2023-02-27,2024-02-27,2027-02-26,537759.41,4961081.93,MONTHLY,LAPSED,2,True,626878.14,317
POL000005192,CUS00019327,HEALTH,PRV1,2026-07-14,2046-07-09,2027-07-14,626878.14,8681387.89,ANNUAL,ACTIVE,2,True,626878.14,317
POL000005193,CUS00019328,TRAVEL,PRV2,2022-12-10,2027-12-09,2026-12-09,489482.65,11317717.4,ANNUAL,ACTIVE,2,True,1713239.96,100
POL000005194,CUS00019328,HEALTH,PRV5,2025-04-26,2030-04-25,2027-04-26,1223757.31,28857458.71,MONTHLY,ACTIVE,2,True,1713239.96,100
POL000005195,CUS00019337,LIFE,PRV3,2023-11-28,2024-11-27,2026-11-27,1592837.04,37976967.72,QUARTERLY,LAPSED,2,True,2771651.61,142
POL000005196,CUS00019337,HEALTH,PRV3,2024-01-21,2029-01-19,2027-01-20,2771651.61,64204936.61,ANNUAL,ACTIVE,2,True,2771651.61,142
POL000005197,CUS00019339,HOME,PRV2,2022-12-05,2042-11-30,2026-12-04,877493.14,14500794.83,QUARTERLY,ACTIVE,1,True,877493.14,95
POL000005198,CUS00019341,TRAVEL,PRV1,2022-12-10,2023-12-10,2026-12-09,510321.08,8416511.64,MONTHLY,LAPSED,2,True,307065.23,101
POL000005199,CUS00019341,HOME,PRV3,2025-12-10,2030-12-09,2026-12-10,307065.23,6795496.49,ANNUAL,ACTIVE,2,True,307065.23,101
POL000005200,CUS00019344,LIFE,PRV5,2023-07-25,2043-07-20,2027-07-24,1985627.17,22727698.14,ANNUAL,ACTIVE,1,True,1985627.17,327
POL000005201,CUS00019345,LIFE,PRV4,2024-06-16,2034-06-14,2027-06-16,1630588.77,25079276.26,MONTHLY,ACTIVE,1,True,1630588.77,289
POL000005202,CUS00019349,LIFE,PRV1,2023-02-09,2033-02-06,2027-02-08,487233.63,10755699.43,MONTHLY,ACTIVE,2,True,1172799.63,108
POL000005203,CUS00019349,LIFE,PRV1,2022-12-18,2027-12-17,2026-12-17,685566.0,5537734.54,MONTHLY,ACTIVE,2,True,1172799.63,108
POL000005204,CUS00019359,MOTOR,PRV2,2023-09-09,2033-09-06,2026-09-08,3224896.76,74812466.77,MONTHLY,ACTIVE,1,True,3224896.76,8
POL000005205,CUS00019367,HOME,PRV4,2025-03-09,2026-03-09,2027-03-09,27821982.73,474837257.25,ANNUAL,LAPSED,1,False,0.0,
POL000005206,CUS00019373,HEALTH,PRV3,2023-12-19,2043-12-14,2026-12-18,10996822.84,148047825.58,ANNUAL,ACTIVE,2,True,16027358.46,109
POL000005207,CUS00019373,LIFE,PRV3,2024-05-06,2029-05-05,2027-05-06,5030535.62,59433671.0,MONTHLY,ACTIVE,2,True,16027358.46,109
POL000005208,CUS00019377,MOTOR,PRV3,2023-01-03,2042-12-29,2027-01-02,2065095.57,37216511.07,ANNUAL,ACTIVE,1,True,2065095.57,124
POL000005209,CUS00019381,MOTOR,PRV1,2024-07-23,2029-07-22,2027-07-23,573759.05,4986837.95,MONTHLY,ACTIVE,1,True,573759.05,326
POL000005210,CUS00019385,HEALTH,PRV4,2025-06-24,2030-06-23,2027-06-24,210184.78,3655973.81,MONTHLY,ACTIVE,2,True,609046.29,34
POL000005211,CUS00019385,HOME,PRV1,2022-10-05,2027-10-04,2026-10-04,398861.51,5703095.48,ANNUAL,ACTIVE,2,True,609046.29,34
POL000005212,CUS00019395,HEALTH,PRV2,2023-01-17,2024-01-17,2027-01-16,8221277.02,120498509.39,ANNUAL,LAPSED,1,False,0.0,
POL000005213,CUS00019397,LIFE,PRV4,2023-02-20,2024-02-20,2027-02-19,1517526.1,31503005.19,QUARTERLY,LAPSED,1,False,0.0,
POL000005214,CUS00019403,HEALTH,PRV1,2022-12-23,2042-12-18,2026-12-22,1800602.68,21106740.21,ANNUAL,ACTIVE,1,True,1800602.68,113
POL000005215,CUS00019404,LIFE,PRV2,2025-01-18,2045-01-13,2027-01-18,757118.4,11262790.86,ANNUAL,ACTIVE,1,True,757118.4,140
POL000005216,CUS00019411,LIFE,PRV4,2025-11-19,2030-11-18,2026-11-19,158904.95,1766975.36,MONTHLY,ACTIVE,1,True,158904.95,80
POL000005217,CUS00019415,HEALTH,PRV3,2023-11-16,2024-11-15,2026-11-15,473542.97,4519457.83,MONTHLY,LAPSED,1,False,0.0,
POL000005218,CUS00019416,LIFE,PRV1,2023-08-01,2024-07-31,2027-07-31,327025.45,7593855.41,QUARTERLY,LAPSED,1,False,0.0,
POL000005219,CUS00019417,HEALTH,PRV4,2024-06-18,2029-06-17,2027-06-18,256549.31,2179057.34,MONTHLY,ACTIVE,1,True,256549.31,291
POL000005220,CUS00019421,HEALTH,PRV1,2023-07-15,2024-07-14,2027-07-14,3393056.69,58367443.52,MONTHLY,LAPSED,1,False,0.0,
POL000005221,CUS00019425,LIFE,PRV1,2023-12-19,2043-12-14,2026-12-18,30047251.93,268037469.72,ANNUAL,ACTIVE,1,True,30047251.93,109
POL000005222,CUS00019430,LIFE,PRV3,2024-06-04,2025-06-04,2027-06-04,2793755.07,39327177.3,QUARTERLY,LAPSED,2,True,3741599.84,319
POL000005223,CUS00019430,LIFE,PRV4,2025-07-16,2035-07-14,2027-07-16,3741599.84,79110857.02,QUARTERLY,ACTIVE,2,True,3741599.84,319
POL000005224,CUS00019435,LIFE,PRV1,2026-02-19,2027-02-19,2027-02-19,5049589.97,40963139.73,ANNUAL,ACTIVE,1,True,5049589.97,172
POL000005225,CUS00019439,MOTOR,PRV4,2026-01-27,2031-01-26,2027-01-27,2819867.71,61054930.18,QUARTERLY,ACTIVE,1,True,2819867.71,149
POL000005226,CUS00019456,LIFE,PRV3,2023-02-05,2033-02-02,2027-02-04,4142117.01,35033855.48,ANNUAL,ACTIVE,2,True,6620529.19,157
POL000005227,CUS00019456,TRAVEL,PRV1,2023-05-06,2028-05-04,2027-05-05,2478412.18,41492942.48,QUARTERLY,ACTIVE,2,True,6620529.19,157
POL000005228,CUS00019477,LIFE,PRV2,2024-06-11,2044-06-06,2027-06-11,13056060.66,317175030.58,QUARTERLY,ACTIVE,1,True,13056060.66,284
POL000005229,CUS00019478,HEALTH,PRV5,2024-08-30,2034-08-28,2027-08-30,2621666.85,23608018.8,MONTHLY,ACTIVE,2,True,5018749.02,284
POL000005230,CUS00019478,TRAVEL,PRV3,2026-06-11,2036-06-08,2027-06-11,2397082.17,39590629.73,MONTHLY,ACTIVE,2,True,5018749.02,284
POL000005231,CUS00019485,LIFE,PRV2,2025-10-13,2035-10-11,2026-10-13,316773.16,7238009.51,MONTHLY,ACTIVE,2,True,692573.97,43
POL000005232,CUS00019485,LIFE,PRV3,2026-02-12,2036-02-10,2027-02-12,375800.81,5802604.88,ANNUAL,ACTIVE,2,True,692573.97,43
POL000005233,CUS00019486,HEALTH,PRV4,2025-07-23,2026-07-23,2027-07-23,166170.11,1548145.97,ANNUAL,LAPSED,1,False,0.0,
POL000005234,CUS00019491,HEALTH,PRV1,2023-05-12,2043-05-07,2027-05-11,11094905.06,267091302.55,MONTHLY,ACTIVE,1,True,11094905.06,253
POL000005235,CUS00019498,HEALTH,PRV3,2024-08-21,2025-08-21,2027-08-21,525708.42,8961702.29,ANNUAL,LAPSED,1,False,0.0,
POL000005236,CUS00019502,MOTOR,PRV2,2024-11-26,2034-11-24,2026-11-26,5599053.05,80178792.78,ANNUAL,ACTIVE,2,True,13724814.13,53
POL000005237,CUS00019502,HEALTH,PRV3,2022-10-24,2032-10-21,2026-10-23,8125761.08,112981739.4,ANNUAL,ACTIVE,2,True,13724814.13,53
POL000005238,CUS00019510,HOME,PRV2,2024-12-02,2044-11-27,2026-12-02,663875.31,14989025.38,ANNUAL,ACTIVE,1,True,663875.31,93
POL000005239,CUS00019515,LIFE,PRV2,2024-10-13,2034-10-11,2026-10-13,4137097.54,44350694.34,ANNUAL,ACTIVE,1,True,4137097.54,43
POL000005240,CUS00019524,HEALTH,PRV4,2025-02-01,2035-01-30,2027-02-01,184494.99,4330276.69,ANNUAL,ACTIVE,2,True,400410.66,54
POL000005241,CUS00019524,LIFE,PRV1,2025-10-24,2026-10-24,2026-10-24,215915.67,4083679.0,QUARTERLY,ACTIVE,2,True,400410.66,54
POL000005242,CUS00019527,HEALTH,PRV2,2023-12-03,2024-12-02,2026-12-02,19158884.1,355122535.23,MONTHLY,LAPSED,1,False,0.0,
POL000005243,CUS00019537,HEALTH,PRV1,2023-01-10,2024-01-10,2027-01-09,2511930.16,49961641.51,MONTHLY,LAPSED,1,False,0.0,
POL000005244,CUS00019539,HEALTH,PRV3,2025-05-07,2026-05-07,2027-05-07,551004.27,11470787.8,ANNUAL,LAPSED,1,False,0.0,
POL000005245,CUS00019541,LIFE,PRV2,2024-10-31,2044-10-26,2026-10-31,2820948.02,26115041.82,MONTHLY,ACTIVE,1,True,2820948.02,61
POL000005246,CUS00019544,HOME,PRV3,2023-05-07,2024-05-06,2027-05-06,908096.78,10190809.68,QUARTERLY,LAPSED,1,False,0.0,
POL000005247,CUS00019549,HEALTH,PRV1,2025-09-21,2045-09-16,2026-09-21,23112207.66,365041802.29,MONTHLY,ACTIVE,2,True,46575498.07,21
POL000005248,CUS00019549,MOTOR,PRV2,2023-10-20,2033-10-17,2026-10-19,23463290.41,333892462.38,ANNUAL,ACTIVE,2,True,46575498.07,21
POL000005249,CUS00019550,LIFE,PRV1,2024-11-23,2034-11-21,2026-11-23,3595675.32,30541474.9,ANNUAL,ACTIVE,1,True,3595675.32,84
POL000005250,CUS00019555,LIFE,PRV5,2025-06-08,2030-06-07,2027-06-08,9508406.06,83271265.26,QUARTERLY,ACTIVE,1,True,9508406.06,281
POL000005251,CUS00019562,LIFE,PRV3,2023-07-01,2024-06-30,2027-06-30,632428.39,10880800.61,ANNUAL,LAPSED,2,True,484392.21,199
POL000005252,CUS00019562,LIFE,PRV2,2024-03-18,2029-03-17,2027-03-18,484392.21,6419886.08,ANNUAL,ACTIVE,2,True,484392.21,199
POL000005253,CUS00019572,LIFE,PRV3,2026-01-04,2045-12-30,2027-01-04,283401.53,4285698.41,MONTHLY,ACTIVE,1,True,283401.53,126
POL000005254,CUS00019574,HOME,PRV4,2025-10-14,2030-10-13,2026-10-14,1448967.53,23141557.73,ANNUAL,ACTIVE,1,True,1448967.53,44
POL000005255,CUS00019575,LIFE,PRV2,2022-08-16,2032-08-13,2027-08-15,5847596.37,107633149.7,QUARTERLY,ACTIVE,2,True,10022288.8,238
POL000005256,CUS00019575,HEALTH,PRV3,2024-04-26,2044-04-21,2027-04-26,4174692.43,62781830.75,ANNUAL,ACTIVE,2,True,10022288.8,238
POL000005257,CUS00019578,HEALTH,PRV1,2026-05-09,2046-05-04,2027-05-09,140719.44,2065259.35,ANNUAL,ACTIVE,1,True,140719.44,251
POL000005258,CUS00019584,HOME,PRV1,2023-05-14,2028-05-12,2027-05-13,15066835.19,327022364.02,ANNUAL,ACTIVE,1,True,15066835.19,255
POL000005259,CUS00019587,LIFE,PRV1,2024-01-18,2044-01-13,2027-01-17,541960.89,13284085.59,MONTHLY,ACTIVE,1,True,541960.89,139
POL000005260,CUS00019590,LIFE,PRV1,2025-04-20,2035-04-18,2027-04-20,115590.33,2143853.92,ANNUAL,ACTIVE,1,True,115590.33,232
POL000005261,CUS00019592,TRAVEL,PRV4,2025-09-22,2026-09-22,2026-09-22,8590413.96,212004010.55,ANNUAL,ACTIVE,1,True,8590413.96,22
POL000005262,CUS00019606,HEALTH,PRV3,2024-02-22,2025-02-21,2027-02-21,493901.11,10107742.99,ANNUAL,LAPSED,2,True,795018.59,206
POL000005263,CUS00019606,HEALTH,PRV1,2023-03-26,2043-03-21,2027-03-25,795018.59,8028716.59,MONTHLY,ACTIVE,2,True,795018.59,206
POL000005264,CUS00019612,LIFE,PRV1,2025-11-19,2026-11-19,2026-11-19,788665.05,7478886.44,ANNUAL,ACTIVE,1,True,788665.05,80
POL000005265,CUS00019613,HEALTH,PRV5,2023-10-29,2024-10-28,2026-10-28,1840437.48,42215491.84,MONTHLY,LAPSED,1,False,0.0,
POL000005266,CUS00019619,LIFE,PRV3,2026-06-13,2046-06-08,2027-06-13,4022217.56,59996024.63,ANNUAL,ACTIVE,1,True,4022217.56,286
POL000005267,CUS00019623,LIFE,PRV3,2025-03-22,2026-03-22,2027-03-22,915604.26,22388428.4,ANNUAL,LAPSED,1,False,0.0,
POL000005268,CUS00019643,HEALTH,PRV2,2023-03-19,2043-03-14,2027-03-18,2563417.12,30646317.24,ANNUAL,ACTIVE,1,True,2563417.12,199
POL000005269,CUS00019648,HEALTH,PRV2,2024-03-06,2034-03-04,2027-03-06,494359.98,10927944.62,ANNUAL,ACTIVE,2,True,1280628.52,141
POL000005270,CUS00019648,HEALTH,PRV4,2025-01-19,2045-01-14,2027-01-19,786268.54,11518274.73,ANNUAL,ACTIVE,2,True,1280628.52,141
POL000005271,CUS00019653,HEALTH,PRV3,2024-09-16,2025-09-16,2026-09-16,4334664.1,44560109.93,MONTHLY,LAPSED,1,False,0.0,
POL000005272,CUS00019656,MOTOR,PRV1,2024-03-05,2044-02-29,2027-03-05,918715.43,18034315.53,QUARTERLY,ACTIVE,1,True,918715.43,186
POL000005273,CUS00019668,HEALTH,PRV5,2024-09-09,2034-09-07,2026-09-09,325189.32,7939172.39,MONTHLY,ACTIVE,1,True,325189.32,9
POL000005274,CUS00019671,LIFE,PRV3,2023-05-19,2028-05-17,2027-05-18,2543097.09,39162985.19,QUARTERLY,ACTIVE,1,True,2543097.09,260
POL000005275,CUS00019687,HOME,PRV5,2024-05-11,2029-05-10,2027-05-11,378146.79,5716774.97,ANNUAL,ACTIVE,1,True,378146.79,253
POL000005276,CUS00019694,HEALTH,PRV4,2023-03-03,2024-03-02,2027-03-02,438925.23,10501689.4,MONTHLY,LAPSED,1,False,0.0,
POL000005277,CUS00019702,TRAVEL,PRV2,2024-10-24,2044-10-19,2026-10-24,419758.91,6350614.83,ANNUAL,ACTIVE,1,True,419758.91,54
POL000005278,CUS00019705,TRAVEL,PRV4,2023-10-29,2033-10-26,2026-10-28,4636764.68,40939406.12,ANNUAL,ACTIVE,1,True,4636764.68,58
POL000005279,CUS00019712,HEALTH,PRV5,2025-01-27,2035-01-25,2027-01-27,11149025.19,110308090.03,MONTHLY,ACTIVE,1,True,11149025.19,149
POL000005280,CUS00019717,HEALTH,PRV4,2024-08-27,2044-08-22,2027-08-27,4435007.35,101934912.33,MONTHLY,ACTIVE,1,True,4435007.35,361
POL000005281,CUS00019719,HEALTH,PRV5,2024-07-15,2025-07-15,2027-07-15,700528.31,10684708.66,ANNUAL,LAPSED,1,False,0.0,
POL000005282,CUS00019720,LIFE,PRV5,2023-04-17,2033-04-14,2027-04-16,606381.24,12266925.2,QUARTERLY,ACTIVE,2,True,983531.79,126
POL000005283,CUS00019720,LIFE,PRV3,2025-01-04,2030-01-03,2027-01-04,377150.55,8746907.69,ANNUAL,ACTIVE,2,True,983531.79,126
POL000005284,CUS00019725,LIFE,PRV1,2024-03-26,2044-03-21,2027-03-26,224734.96,5435496.21,QUARTERLY,ACTIVE,1,True,224734.96,207
POL000005285,CUS00019728,LIFE,PRV1,2023-12-19,2043-12-14,2026-12-18,766704.35,8698622.02,QUARTERLY,ACTIVE,1,True,766704.35,109
POL000005286,CUS00019734,LIFE,PRV2,2025-03-14,2045-03-09,2027-03-14,4266906.26,83311320.81,MONTHLY,ACTIVE,1,True,4266906.26,195
POL000005287,CUS00019735,LIFE,PRV1,2023-09-14,2043-09-09,2026-09-13,1576591.51,33889937.39,MONTHLY,ACTIVE,1,True,1576591.51,13
POL000005288,CUS00019742,LIFE,PRV1,2023-06-10,2024-06-09,2027-06-09,220022.75,3514059.44,ANNUAL,LAPSED,1,False,0.0,
POL000005289,CUS00019745,LIFE,PRV3,2024-07-11,2044-07-06,2027-07-11,3166262.07,54135173.84,ANNUAL,ACTIVE,1,True,3166262.07,314
POL000005290,CUS00019746,HEALTH,PRV5,2026-02-25,2036-02-23,2027-02-25,1099944.8,10176224.84,MONTHLY,ACTIVE,1,True,1099944.8,178
POL000005291,CUS00019751,MOTOR,PRV1,2025-03-22,2026-03-22,2027-03-22,723508.07,17523381.41,ANNUAL,LAPSED,1,False,0.0,
POL000005292,CUS00019754,HEALTH,PRV4,2025-07-25,2030-07-24,2027-07-25,5277304.52,47345473.14,MONTHLY,ACTIVE,1,True,5277304.52,328
POL000005293,CUS00019758,HOME,PRV5,2023-08-23,2024-08-22,2027-08-22,8573945.98,209573085.1,QUARTERLY,LAPSED,1,False,0.0,
POL000005294,CUS00019765,HOME,PRV3,2023-04-29,2043-04-24,2027-04-28,20422336.44,290318720.83,ANNUAL,ACTIVE,2,True,31950770.06,10
POL000005295,CUS00019765,TRAVEL,PRV4,2023-09-11,2028-09-09,2026-09-10,11528433.62,247044259.93,ANNUAL,ACTIVE,2,True,31950770.06,10
POL000005296,CUS00019773,TRAVEL,PRV1,2025-08-30,2026-08-30,2027-08-30,4355169.95,42963823.72,QUARTERLY,LAPSED,1,False,0.0,
POL000005297,CUS00019778,HEALTH,PRV2,2024-04-13,2025-04-13,2027-04-13,23446000.2,427829896.72,ANNUAL,LAPSED,1,False,0.0,
POL000005298,CUS00019788,LIFE,PRV2,2025-12-05,2035-12-03,2026-12-05,577152.23,10319309.88,ANNUAL,ACTIVE,1,True,577152.23,96
POL000005299,CUS00019797,LIFE,PRV1,2023-03-22,2028-03-20,2027-03-21,4395846.72,76782522.93,MONTHLY,ACTIVE,1,True,4395846.72,202
POL000005300,CUS00019800,HEALTH,PRV1,2023-01-17,2043-01-12,2027-01-16,202409.44,2455142.35,MONTHLY,ACTIVE,1,True,202409.44,138
POL000005301,CUS00019806,HEALTH,PRV5,2023-06-30,2043-06-25,2027-06-29,400627.54,6117630.46,ANNUAL,ACTIVE,1,True,400627.54,302
POL000005302,CUS00019807,TRAVEL,PRV2,2024-05-23,2029-05-22,2027-05-23,872803.59,18255179.41,ANNUAL,ACTIVE,2,True,2119251.28,102
POL000005303,CUS00019807,HEALTH,PRV2,2025-12-11,2035-12-09,2026-12-11,1246447.69,28545248.9,ANNUAL,ACTIVE,2,True,2119251.28,102
POL000005304,CUS00019813,HOME,PRV1,2024-09-11,2044-09-06,2026-09-11,1182876.05,11312328.34,MONTHLY,ACTIVE,1,True,1182876.05,11
POL000005305,CUS00019815,MOTOR,PRV2,2022-09-20,2032-09-17,2026-09-19,1193272.33,29541427.19,MONTHLY,ACTIVE,1,True,1193272.33,19
POL000005306,CUS00019818,LIFE,PRV1,2025-11-21,2035-11-19,2026-11-21,160980.84,2089194.23,QUARTERLY,ACTIVE,2,True,323295.64,82
POL000005307,CUS00019818,TRAVEL,PRV5,2024-01-08,2044-01-03,2027-01-07,162314.8,1624497.73,QUARTERLY,ACTIVE,2,True,323295.64,82
POL000005308,CUS00019829,HEALTH,PRV5,2026-04-02,2036-03-30,2027-04-02,9388426.88,100415660.95,QUARTERLY,ACTIVE,2,True,11388622.54,131
POL000005309,CUS00019829,LIFE,PRV3,2023-01-10,2043-01-05,2027-01-09,2000195.66,29558919.38,MONTHLY,ACTIVE,2,True,11388622.54,131
POL000005310,CUS00019835,LIFE,PRV1,2025-01-18,2030-01-17,2027-01-18,1574529.41,25024755.42,MONTHLY,ACTIVE,1,True,1574529.41,140
POL000005311,CUS00019837,LIFE,PRV3,2023-03-31,2024-03-30,2027-03-30,1881090.19,45090699.83,ANNUAL,LAPSED,1,False,0.0,
POL000005312,CUS00019838,LIFE,PRV5,2023-02-25,2024-02-25,2027-02-24,272080.28,6631550.9,ANNUAL,LAPSED,1,False,0.0,
POL000005313,CUS00019839,TRAVEL,PRV4,2025-10-17,2026-10-17,2026-10-17,2364956.97,46246327.69,ANNUAL,ACTIVE,2,True,2364956.97,47
POL000005314,CUS00019839,MOTOR,PRV4,2024-10-22,2025-10-22,2026-10-22,862411.73,19963735.53,QUARTERLY,LAPSED,2,True,2364956.97,47
POL000005315,CUS00019865,LIFE,PRV4,2024-03-07,2044-03-02,2027-03-07,2610626.22,27927691.4,MONTHLY,ACTIVE,1,True,2610626.22,188
POL000005316,CUS00019866,LIFE,PRV3,2024-04-06,2029-04-05,2027-04-06,975400.64,13120995.16,ANNUAL,ACTIVE,2,True,2136440.95,218
POL000005317,CUS00019866,MOTOR,PRV5,2025-06-08,2030-06-07,2027-06-08,1161040.31,23038332.58,QUARTERLY,ACTIVE,2,True,2136440.95,218
POL000005318,CUS00019869,HEALTH,PRV5,2023-11-06,2024-11-05,2026-11-05,2204145.36,54140416.18,ANNUAL,LAPSED,2,True,2526597.8,227
POL000005319,CUS00019869,TRAVEL,PRV5,2026-04-15,2046-04-10,2027-04-15,2526597.8,39825932.91,MONTHLY,ACTIVE,2,True,2526597.8,227
POL000005320,CUS00019870,LIFE,PRV1,2023-08-29,2033-08-26,2027-08-28,418934.93,9046818.82,QUARTERLY,ACTIVE,1,True,418934.93,362
POL000005321,CUS00019871,LIFE,PRV2,2023-01-16,2024-01-16,2027-01-15,10532517.1,149233797.36,MONTHLY,LAPSED,1,False,0.0,
POL000005322,CUS00019872,LIFE,PRV3,2023-05-08,2028-05-06,2027-05-07,4484748.31,84776637.32,ANNUAL,ACTIVE,1,True,4484748.31,249
POL000005323,CUS00019876,LIFE,PRV4,2024-09-04,2034-09-02,2026-09-04,869607.76,21035256.66,ANNUAL,ACTIVE,1,True,869607.76,4
POL000005324,CUS00019877,LIFE,PRV3,2024-04-11,2025-04-11,2027-04-11,2316142.62,29655432.64,ANNUAL,LAPSED,2,True,1305743.15,61
POL000005325,CUS00019877,TRAVEL,PRV3,2024-10-31,2034-10-29,2026-10-31,1305743.15,16609012.52,ANNUAL,ACTIVE,2,True,1305743.15,61
POL000005326,CUS00019878,HEALTH,PRV2,2023-02-15,2024-02-15,2027-02-14,13998888.55,298251387.39,QUARTERLY,LAPSED,1,False,0.0,
POL000005327,CUS00019883,MOTOR,PRV4,2023-11-27,2033-11-24,2026-11-26,40746444.95,887314346.4,ANNUAL,ACTIVE,1,True,40746444.95,87
POL000005328,CUS00019886,HEALTH,PRV3,2026-06-11,2027-06-11,2027-06-11,2925112.2,47657040.86,ANNUAL,ACTIVE,1,True,2925112.2,284
POL000005329,CUS00019892,TRAVEL,PRV5,2024-03-11,2029-03-10,2027-03-11,4593227.48,105000954.21,ANNUAL,ACTIVE,1,True,4593227.48,192
POL000005330,CUS00019893,LIFE,PRV2,2026-07-10,2027-07-10,2027-07-10,8072662.23,109963017.26,ANNUAL,ACTIVE,1,True,8072662.23,313
POL000005331,CUS00019895,LIFE,PRV2,2023-01-02,2028-01-01,2027-01-01,27688025.13,556029736.66,QUARTERLY,ACTIVE,1,True,27688025.13,123
POL000005332,CUS00019909,LIFE,PRV1,2026-05-27,2036-05-24,2027-05-27,6432988.21,99604499.9,MONTHLY,ACTIVE,1,True,6432988.21,269
POL000005333,CUS00019911,LIFE,PRV2,2023-10-19,2033-10-16,2026-10-18,26151295.78,532094213.27,MONTHLY,ACTIVE,1,True,26151295.78,48
POL000005334,CUS00019926,HEALTH,PRV5,2026-03-20,2031-03-19,2027-03-20,3167046.33,41545765.08,QUARTERLY,ACTIVE,2,True,9719725.6,46
POL000005335,CUS00019926,LIFE,PRV3,2022-10-17,2032-10-14,2026-10-16,6552679.27,85199119.65,ANNUAL,ACTIVE,2,True,9719725.6,46
POL000005336,CUS00019927,MOTOR,PRV4,2025-03-25,2026-03-25,2027-03-25,7689273.18,192017234.84,ANNUAL,LAPSED,1,False,0.0,
POL000005337,CUS00019941,HEALTH,PRV5,2022-12-26,2023-12-26,2026-12-25,5418063.68,110924792.17,QUARTERLY,LAPSED,1,False,0.0,
POL000005338,CUS00019943,LIFE,PRV1,2023-04-18,2024-04-17,2027-04-17,4936105.64,105100456.67,QUARTERLY,LAPSED,2,True,4597017.68,138
POL000005339,CUS00019943,LIFE,PRV1,2025-01-16,2035-01-14,2027-01-16,4597017.68,55033980.35,MONTHLY,ACTIVE,2,True,4597017.68,138
POL000005340,CUS00019944,HEALTH,PRV2,2026-01-24,2027-01-24,2027-01-24,248249.3,3800485.97,QUARTERLY,ACTIVE,1,True,248249.3,146
POL000005341,CUS00019947,LIFE,PRV1,2023-07-17,2043-07-12,2027-07-16,8531779.22,112909052.57,QUARTERLY,ACTIVE,1,True,8531779.22,319
POL000005342,CUS00019951,HEALTH,PRV3,2022-12-11,2042-12-06,2026-12-10,1549389.74,16855817.8,ANNUAL,ACTIVE,2,True,1549389.74,101
POL000005343,CUS00019951,LIFE,PRV4,2023-08-24,2024-08-23,2027-08-23,1312156.82,22367165.86,MONTHLY,LAPSED,2,True,1549389.74,101
POL000005344,CUS00019954,HOME,PRV3,2025-06-24,2026-06-24,2027-06-24,282987.23,3266271.01,ANNUAL,LAPSED,2,True,171107.04,162
POL000005345,CUS00019954,LIFE,PRV2,2024-02-10,2029-02-08,2027-02-09,171107.04,1763215.96,MONTHLY,ACTIVE,2,True,171107.04,162
POL000005346,CUS00019955,HOME,PRV1,2023-09-28,2033-09-25,2026-09-27,848955.48,18955284.07,ANNUAL,ACTIVE,1,True,848955.48,27
POL000005347,CUS00019977,LIFE,PRV2,2023-09-16,2028-09-14,2026-09-15,3384755.41,79387665.27,ANNUAL,ACTIVE,1,True,3384755.41,15
POL000005348,CUS00019978,HOME,PRV4,2024-02-19,2044-02-14,2027-02-18,9171797.36,207569032.25,QUARTERLY,ACTIVE,2,True,9171797.36,171
POL000005349,CUS00019978,LIFE,PRV4,2024-08-24,2025-08-24,2027-08-24,5622432.24,135716913.47,MONTHLY,LAPSED,2,True,9171797.36,171
POL000005350,CUS00019988,HEALTH,PRV1,2023-12-30,2043-12-25,2026-12-29,12958279.53,236119900.73,ANNUAL,ACTIVE,1,True,12958279.53,120
POL000005351,CUS00019994,LIFE,PRV2,2023-02-01,2028-01-31,2027-01-31,174137.75,2155878.76,QUARTERLY,ACTIVE,2,True,415768.32,5
POL000005352,CUS00019994,HEALTH,PRV3,2025-09-05,2030-09-04,2026-09-05,241630.57,4383210.42,QUARTERLY,ACTIVE,2,True,415768.32,5
POL000005353,CUS00019997,MOTOR,PRV4,2026-04-30,2046-04-25,2027-04-30,232517.07,3693313.76,ANNUAL,ACTIVE,2,True,461968.64,242
POL000005354,CUS00019997,LIFE,PRV3,2026-05-22,2046-05-17,2027-05-22,229451.57,2461679.98,ANNUAL,ACTIVE,2,True,461968.64,242
POL000005355,CUS00019999,HEALTH,PRV4,2024-02-18,2034-02-15,2027-02-17,10512288.12,197058620.47,ANNUAL,ACTIVE,1,True,10512288.12,170
POL000005356,CUS00020005,HEALTH,PRV4,2024-05-19,2025-05-19,2027-05-19,1475766.6,16259866.24,QUARTERLY,LAPSED,1,False,0.0,
POL000005357,CUS00020007,HOME,PRV2,2022-09-13,2042-09-08,2026-09-12,546038.58,12035074.92,ANNUAL,ACTIVE,1,True,546038.58,12
POL000005358,CUS00020013,TRAVEL,PRV4,2024-02-26,2025-02-25,2027-02-25,11295733.91,242496787.77,QUARTERLY,LAPSED,1,False,0.0,
POL000005359,CUS00020015,HEALTH,PRV4,2026-06-09,2046-06-04,2027-06-09,45547654.01,421011520.59,ANNUAL,ACTIVE,1,True,45547654.01,282
POL000005360,CUS00020018,MOTOR,PRV3,2025-06-03,2026-06-03,2027-06-03,587037.37,12072111.05,ANNUAL,LAPSED,1,False,0.0,
POL000005361,CUS00020022,LIFE,PRV2,2024-11-14,2025-11-14,2026-11-14,624175.95,12643590.35,QUARTERLY,LAPSED,1,False,0.0,
POL000005362,CUS00020024,LIFE,PRV1,2024-11-14,2034-11-12,2026-11-14,307290.9,5004828.1,ANNUAL,ACTIVE,1,True,307290.9,75
POL000005363,CUS00020026,MOTOR,PRV5,2024-08-28,2029-08-27,2027-08-28,6191514.2,110363308.88,ANNUAL,ACTIVE,2,True,6191514.2,362
POL000005364,CUS00020026,LIFE,PRV5,2025-02-16,2026-02-16,2027-02-16,2431238.18,58736525.74,ANNUAL,LAPSED,2,True,6191514.2,362
POL000005365,CUS00020027,LIFE,PRV1,2024-07-27,2034-07-25,2027-07-27,1815541.84,43602697.07,MONTHLY,ACTIVE,2,True,1815541.84,330
POL000005366,CUS00020027,MOTOR,PRV5,2024-04-04,2025-04-04,2027-04-04,5275138.6,96804517.7,ANNUAL,LAPSED,2,True,1815541.84,330
POL000005367,CUS00020046,HOME,PRV1,2024-05-16,2034-05-14,2027-05-16,71792678.5,1352448545.87,MONTHLY,ACTIVE,1,True,71792678.5,258
POL000005368,CUS00020058,LIFE,PRV1,2025-03-11,2035-03-09,2027-03-11,1403934.14,29878060.36,QUARTERLY,ACTIVE,2,True,3113298.74,75
POL000005369,CUS00020058,LIFE,PRV1,2025-11-14,2045-11-09,2026-11-14,1709364.6,29905976.59,MONTHLY,ACTIVE,2,True,3113298.74,75
POL000005370,CUS00020060,LIFE,PRV1,2025-06-15,2030-06-14,2027-06-15,3080881.52,58655755.67,QUARTERLY,ACTIVE,1,True,3080881.52,288
POL000005371,CUS00020062,LIFE,PRV4,2026-06-03,2031-06-02,2027-06-03,1371126.7,22159417.58,ANNUAL,ACTIVE,1,True,1371126.7,276
POL000005372,CUS00020063,HEALTH,PRV2,2026-03-08,2027-03-08,2027-03-08,289525.7,4895000.25,MONTHLY,ACTIVE,2,True,289525.7,189
POL000005373,CUS00020063,MOTOR,PRV5,2023-12-26,2024-12-25,2026-12-25,280309.11,3690154.79,QUARTERLY,LAPSED,2,True,289525.7,189
POL000005374,CUS00020067,HEALTH,PRV5,2024-05-18,2034-05-16,2027-05-18,566834.42,12467134.0,ANNUAL,ACTIVE,1,True,566834.42,260
POL000005375,CUS00020078,LIFE,PRV2,2023-01-18,2043-01-13,2027-01-17,1862571.09,21414736.97,MONTHLY,ACTIVE,1,True,1862571.09,139
POL000005376,CUS00020080,HEALTH,PRV5,2026-05-18,2046-05-13,2027-05-18,894169.06,19862363.5,ANNUAL,ACTIVE,1,True,894169.06,260
POL000005377,CUS00020082,LIFE,PRV3,2025-07-31,2026-07-31,2027-07-31,1071561.93,14835763.23,ANNUAL,LAPSED,1,False,0.0,
POL000005378,CUS00020085,TRAVEL,PRV1,2023-01-18,2033-01-15,2027-01-17,102351.51,1071214.04,QUARTERLY,ACTIVE,1,True,102351.51,139
POL000005379,CUS00020099,LIFE,PRV1,2023-03-20,2028-03-18,2027-03-19,3204386.76,28785156.62,ANNUAL,ACTIVE,1,True,3204386.76,200
POL000005380,CUS00020104,LIFE,PRV3,2026-03-24,2031-03-23,2027-03-24,579076.85,12571859.82,ANNUAL,ACTIVE,1,True,579076.85,205
POL000005381,CUS00020105,HOME,PRV4,2023-08-11,2043-08-06,2027-08-10,2369913.94,48331956.43,ANNUAL,ACTIVE,1,True,2369913.94,344
POL000005382,CUS00020124,MOTOR,PRV5,2023-07-02,2028-06-30,2027-07-01,881373.35,9401740.29,ANNUAL,ACTIVE,1,True,881373.35,304
POL000005383,CUS00020128,LIFE,PRV3,2025-02-17,2030-02-16,2027-02-17,7072711.82,98028608.35,QUARTERLY,ACTIVE,1,True,7072711.82,170
POL000005384,CUS00020135,HOME,PRV2,2025-05-02,2030-05-01,2027-05-02,362744.58,3605958.96,ANNUAL,ACTIVE,1,True,362744.58,244
POL000005385,CUS00020145,LIFE,PRV3,2023-02-21,2043-02-16,2027-02-20,1702921.7,18321635.6,QUARTERLY,ACTIVE,1,True,1702921.7,173
POL000005386,CUS00020149,MOTOR,PRV3,2024-10-04,2029-10-03,2026-10-04,1073812.73,19949724.25,ANNUAL,ACTIVE,1,True,1073812.73,34
POL000005387,CUS00020151,LIFE,PRV5,2022-07-31,2042-07-26,2027-07-30,9054218.75,115792136.32,ANNUAL,ACTIVE,1,True,9054218.75,333
POL000005388,CUS00020156,LIFE,PRV5,2025-04-03,2035-04-01,2027-04-03,5100028.48,111185276.0,ANNUAL,ACTIVE,1,True,5100028.48,215
POL000005389,CUS00020158,LIFE,PRV5,2022-08-02,2042-07-28,2027-08-01,1311474.53,24981927.77,ANNUAL,ACTIVE,1,True,1311474.53,335
POL000005390,CUS00020173,MOTOR,PRV3,2024-02-10,2044-02-05,2027-02-09,3289926.37,66980081.02,ANNUAL,ACTIVE,1,True,3289926.37,162
POL000005391,CUS00020177,HEALTH,PRV4,2025-07-27,2030-07-26,2027-07-27,2101461.18,45694665.4,ANNUAL,ACTIVE,1,True,2101461.18,330
POL000005392,CUS00020182,LIFE,PRV4,2023-08-07,2024-08-06,2027-08-06,2418587.89,51685404.84,ANNUAL,LAPSED,2,True,1462057.18,7
POL000005393,CUS00020182,LIFE,PRV3,2022-09-08,2042-09-03,2026-09-07,1462057.18,22263330.9,QUARTERLY,ACTIVE,2,True,1462057.18,7
POL000005394,CUS00020184,LIFE,PRV5,2023-04-28,2028-04-26,2027-04-27,2565563.86,50277472.62,ANNUAL,ACTIVE,1,True,2565563.86,239
POL000005395,CUS00020191,LIFE,PRV1,2025-05-07,2045-05-02,2027-05-07,3543773.28,83257213.58,MONTHLY,ACTIVE,1,True,3543773.28,249
POL000005396,CUS00020195,HEALTH,PRV4,2024-12-26,2044-12-21,2026-12-26,8674793.35,74199433.74,QUARTERLY,ACTIVE,1,True,8674793.35,117
POL000005397,CUS00020199,HEALTH,PRV2,2024-06-20,2025-06-20,2027-06-20,746187.71,14231062.41,ANNUAL,LAPSED,1,False,0.0,
POL000005398,CUS00020204,HEALTH,PRV3,2023-02-28,2024-02-28,2027-02-27,291753.26,6645996.26,QUARTERLY,LAPSED,1,False,0.0,
POL000005399,CUS00020209,HEALTH,PRV3,2026-05-20,2046-05-15,2027-05-20,319896.57,3889478.38,ANNUAL,ACTIVE,2,True,696187.84,44
POL000005400,CUS00020209,TRAVEL,PRV2,2022-10-15,2027-10-14,2026-10-14,376291.27,4944988.48,ANNUAL,ACTIVE,2,True,696187.84,44
POL000005401,CUS00020215,LIFE,PRV1,2025-02-20,2045-02-15,2027-02-20,6771111.17,166086381.92,MONTHLY,ACTIVE,1,True,6771111.17,173
POL000005402,CUS00020217,MOTOR,PRV5,2024-04-21,2029-04-20,2027-04-21,300226.78,6794960.97,MONTHLY,ACTIVE,1,True,300226.78,233
POL000005403,CUS00020219,MOTOR,PRV5,2025-06-05,2035-06-03,2027-06-05,19802881.39,476898670.51,QUARTERLY,ACTIVE,1,True,19802881.39,278
POL000005404,CUS00020223,MOTOR,PRV3,2024-06-25,2044-06-20,2027-06-25,3534530.26,70226207.02,ANNUAL,ACTIVE,1,True,3534530.26,298
POL000005405,CUS00020225,HEALTH,PRV3,2023-05-24,2024-05-23,2027-05-23,41787960.35,545080124.59,ANNUAL,LAPSED,1,False,0.0,
POL000005406,CUS00020226,LIFE,PRV3,2022-10-02,2027-10-01,2026-10-01,1270414.78,15759388.01,ANNUAL,ACTIVE,1,True,1270414.78,31
POL000005407,CUS00020238,HOME,PRV5,2024-03-23,2034-03-21,2027-03-23,839095.65,16951702.67,QUARTERLY,ACTIVE,2,True,1576469.34,67
POL000005408,CUS00020238,MOTOR,PRV3,2025-11-06,2045-11-01,2026-11-06,737373.69,17863015.79,ANNUAL,ACTIVE,2,True,1576469.34,67
POL000005409,CUS00020240,LIFE,PRV5,2023-09-30,2028-09-28,2026-09-29,101211.59,2528660.69,ANNUAL,ACTIVE,1,True,101211.59,29
POL000005410,CUS00020243,HEALTH,PRV1,2024-08-15,2034-08-13,2027-08-15,5148725.91,42534356.19,ANNUAL,ACTIVE,1,True,5148725.91,349
POL000005411,CUS00020244,LIFE,PRV1,2022-10-01,2027-09-30,2026-09-30,1109660.9,26055553.14,ANNUAL,ACTIVE,1,True,1109660.9,30
POL000005412,CUS00020247,HEALTH,PRV2,2025-05-22,2045-05-17,2027-05-22,5881887.46,64387321.0,QUARTERLY,ACTIVE,1,True,5881887.46,264
POL000005413,CUS00020249,HEALTH,PRV3,2026-03-16,2031-03-15,2027-03-16,4349119.23,41562178.62,ANNUAL,ACTIVE,2,True,8126114.67,96
POL000005414,CUS00020249,TRAVEL,PRV1,2022-12-06,2027-12-05,2026-12-05,3776995.44,44042355.0,MONTHLY,ACTIVE,2,True,8126114.67,96
POL000005415,CUS00020251,LIFE,PRV4,2026-06-18,2031-06-17,2027-06-18,2840671.51,56408363.51,MONTHLY,ACTIVE,1,True,2840671.51,291
POL000005416,CUS00020254,TRAVEL,PRV4,2026-07-01,2036-06-28,2027-07-01,7382108.28,78309999.78,QUARTERLY,ACTIVE,1,True,7382108.28,304
POL000005417,CUS00020256,HEALTH,PRV1,2026-06-18,2031-06-17,2027-06-18,3478324.18,83998021.22,ANNUAL,ACTIVE,1,True,3478324.18,291
POL000005418,CUS00020262,LIFE,PRV3,2022-08-21,2027-08-20,2027-08-20,6330486.88,124395023.46,QUARTERLY,ACTIVE,1,True,6330486.88,354
POL000005419,CUS00020263,MOTOR,PRV1,2026-02-08,2036-02-06,2027-02-08,728390.66,9772172.25,QUARTERLY,ACTIVE,1,True,728390.66,161
POL000005420,CUS00020269,LIFE,PRV5,2026-01-22,2027-01-22,2027-01-22,409304.52,7660071.85,ANNUAL,ACTIVE,2,True,409304.52,144
POL000005421,CUS00020269,MOTOR,PRV2,2023-04-23,2024-04-22,2027-04-22,743845.83,16024941.86,ANNUAL,LAPSED,2,True,409304.52,144
POL000005422,CUS00020270,HEALTH,PRV3,2024-05-28,2025-05-28,2027-05-28,3856581.52,71779391.55,ANNUAL,LAPSED,1,False,0.0,
POL000005423,CUS00020273,TRAVEL,PRV1,2024-10-12,2025-10-12,2026-10-12,889919.39,11507280.22,QUARTERLY,LAPSED,1,False,0.0,
POL000005424,CUS00020274,HEALTH,PRV3,2024-08-08,2034-08-06,2027-08-08,3407093.83,45206743.56,ANNUAL,ACTIVE,2,True,6178030.71,260
POL000005425,CUS00020274,HOME,PRV5,2026-05-18,2031-05-17,2027-05-18,2770936.88,34677372.8,ANNUAL,ACTIVE,2,True,6178030.71,260
POL000005426,CUS00020277,HEALTH,PRV5,2023-07-27,2024-07-26,2027-07-26,538799.6,6093644.8,ANNUAL,LAPSED,1,False,0.0,
POL000005427,CUS00020282,HEALTH,PRV3,2024-04-24,2025-04-24,2027-04-24,4828483.3,71105339.47,ANNUAL,LAPSED,1,False,0.0,
POL000005428,CUS00020285,HEALTH,PRV1,2026-05-19,2027-05-19,2027-05-19,2153613.41,48670319.17,QUARTERLY,ACTIVE,1,True,2153613.41,261
POL000005429,CUS00020293,HOME,PRV3,2025-08-15,2030-08-14,2027-08-15,255706.02,5770423.08,QUARTERLY,ACTIVE,1,True,255706.02,349
POL000005430,CUS00020322,MOTOR,PRV3,2024-04-19,2025-04-19,2027-04-19,1851322.8,46148239.62,ANNUAL,LAPSED,1,False,0.0,
POL000005431,CUS00020323,TRAVEL,PRV3,2024-12-27,2034-12-25,2026-12-27,513467.19,6946979.73,ANNUAL,ACTIVE,1,True,513467.19,118
POL000005432,CUS00020329,HEALTH,PRV5,2024-09-11,2044-09-06,2026-09-11,4560132.29,41269304.13,MONTHLY,ACTIVE,1,True,4560132.29,11
POL000005433,CUS00020335,HEALTH,PRV4,2023-05-19,2033-05-16,2027-05-18,262235.75,3981049.94,QUARTERLY,ACTIVE,1,True,262235.75,260
POL000005434,CUS00020336,TRAVEL,PRV5,2025-06-09,2045-06-04,2027-06-09,2307703.51,25296632.26,MONTHLY,ACTIVE,2,True,2307703.51,282
POL000005435,CUS00020336,MOTOR,PRV3,2023-05-14,2024-05-13,2027-05-13,2908772.17,47385068.79,MONTHLY,LAPSED,2,True,2307703.51,282
POL000005436,CUS00020347,MOTOR,PRV3,2026-05-29,2046-05-24,2027-05-29,475981.37,10883433.98,ANNUAL,ACTIVE,1,True,475981.37,271
POL000005437,CUS00020351,LIFE,PRV3,2026-04-15,2027-04-15,2027-04-15,851606.76,8259789.03,ANNUAL,ACTIVE,1,True,851606.76,227
POL000005438,CUS00020362,HEALTH,PRV3,2024-10-29,2034-10-27,2026-10-29,1358039.65,32291264.16,QUARTERLY,ACTIVE,1,True,1358039.65,59
POL000005439,CUS00020368,MOTOR,PRV5,2022-11-08,2032-11-05,2026-11-07,262637.24,6124506.97,ANNUAL,ACTIVE,1,True,262637.24,68
POL000005440,CUS00020369,HEALTH,PRV4,2023-12-09,2024-12-08,2026-12-08,2273737.42,24189437.73,ANNUAL,LAPSED,2,True,4460126.89,210
POL000005441,CUS00020369,MOTOR,PRV2,2025-03-29,2045-03-24,2027-03-29,4460126.89,80202194.19,MONTHLY,ACTIVE,2,True,4460126.89,210
POL000005442,CUS00020371,HOME,PRV2,2023-09-19,2033-09-16,2026-09-18,1809610.02,17022882.59,MONTHLY,ACTIVE,1,True,1809610.02,18
POL000005443,CUS00020372,LIFE,PRV2,2024-09-08,2044-09-03,2026-09-08,5317164.33,54107406.11,MONTHLY,ACTIVE,2,True,7015524.02,8
POL000005444,CUS00020372,LIFE,PRV5,2026-01-18,2027-01-18,2027-01-18,1698359.69,36362244.95,MONTHLY,ACTIVE,2,True,7015524.02,8
POL000005445,CUS00020374,LIFE,PRV3,2026-03-31,2036-03-28,2027-03-31,8139935.66,176071651.09,ANNUAL,ACTIVE,2,True,15298208.28,27
POL000005446,CUS00020374,LIFE,PRV1,2024-09-27,2034-09-25,2026-09-27,7158272.62,105873443.32,QUARTERLY,ACTIVE,2,True,15298208.28,27
POL000005447,CUS00020376,HEALTH,PRV2,2024-12-09,2025-12-09,2026-12-09,7984848.84,99792014.71,ANNUAL,LAPSED,1,False,0.0,
POL000005448,CUS00020377,LIFE,PRV2,2023-04-30,2024-04-29,2027-04-29,36190253.54,395736592.28,MONTHLY,LAPSED,1,False,0.0,
POL000005449,CUS00020378,LIFE,PRV5,2024-12-01,2044-11-26,2026-12-01,426177.96,5504561.36,MONTHLY,ACTIVE,1,True,426177.96,92
POL000005450,CUS00020385,HEALTH,PRV5,2025-08-01,2026-08-01,2027-08-01,15388762.28,184980882.07,ANNUAL,LAPSED,1,False,0.0,
POL000005451,CUS00020388,HEALTH,PRV5,2025-08-24,2035-08-22,2027-08-24,186047.68,2012928.86,QUARTERLY,ACTIVE,1,True,186047.68,358
POL000005452,CUS00020391,LIFE,PRV5,2024-12-03,2029-12-02,2026-12-03,1181738.95,23572444.92,ANNUAL,ACTIVE,2,True,1724929.84,37
POL000005453,CUS00020391,LIFE,PRV2,2023-10-08,2043-10-03,2026-10-07,543190.89,11780837.92,ANNUAL,ACTIVE,2,True,1724929.84,37
POL000005454,CUS00020393,LIFE,PRV2,2025-01-27,2045-01-22,2027-01-27,308431.71,5873822.08,MONTHLY,ACTIVE,2,True,640747.12,149
POL000005455,CUS00020393,LIFE,PRV2,2024-03-28,2034-03-26,2027-03-28,332315.41,4392622.62,ANNUAL,ACTIVE,2,True,640747.12,149
POL000005456,CUS00020400,LIFE,PRV5,2023-10-31,2028-10-29,2026-10-30,154520.17,3405612.11,ANNUAL,ACTIVE,1,True,154520.17,60
POL000005457,CUS00020401,HEALTH,PRV2,2024-05-30,2044-05-25,2027-05-30,1403268.37,32392566.86,QUARTERLY,ACTIVE,1,True,1403268.37,272
POL000005458,CUS00020407,TRAVEL,PRV1,2022-10-31,2032-10-28,2026-10-30,151826.87,3182934.3,MONTHLY,ACTIVE,1,True,151826.87,60
POL000005459,CUS00020410,LIFE,PRV2,2022-08-13,2027-08-12,2027-08-12,517610.4,10794654.84,QUARTERLY,ACTIVE,1,True,517610.4,346
POL000005460,CUS00020417,LIFE,PRV2,2025-10-11,2026-10-11,2026-10-11,7716767.07,162494891.25,ANNUAL,ACTIVE,1,True,7716767.07,41
POL000005461,CUS00020418,MOTOR,PRV3,2026-01-28,2027-01-28,2027-01-28,2469543.76,28705366.45,ANNUAL,ACTIVE,2,True,4106207.92,13
POL000005462,CUS00020418,HOME,PRV5,2024-09-13,2029-09-12,2026-09-13,1636664.16,36343343.19,QUARTERLY,ACTIVE,2,True,4106207.92,13
POL000005463,CUS00020421,LIFE,PRV2,2024-12-20,2044-12-15,2026-12-20,363804.96,4547929.16,ANNUAL,ACTIVE,1,True,363804.96,111
POL000005464,CUS00020422,LIFE,PRV4,2023-01-20,2028-01-19,2027-01-19,2986619.41,32508936.83,ANNUAL,ACTIVE,2,True,5931839.31,141
POL000005465,CUS00020422,HEALTH,PRV4,2025-01-29,2030-01-28,2027-01-29,2945219.9,42364148.36,ANNUAL,ACTIVE,2,True,5931839.31,141
POL000005466,CUS00020425,TRAVEL,PRV4,2026-01-05,2036-01-03,2027-01-05,3784942.85,86681817.97,ANNUAL,ACTIVE,1,True,3784942.85,127
POL000005467,CUS00020432,LIFE,PRV3,2025-03-26,2045-03-21,2027-03-26,765867.81,10544807.65,QUARTERLY,ACTIVE,1,True,765867.81,207
POL000005468,CUS00020447,HOME,PRV4,2026-04-07,2046-04-02,2027-04-07,3577511.25,78936792.58,ANNUAL,ACTIVE,2,True,9746947.58,219
POL000005469,CUS00020447,TRAVEL,PRV4,2026-05-27,2027-05-27,2027-05-27,6169436.33,148727440.2,MONTHLY,ACTIVE,2,True,9746947.58,219
POL000005470,CUS00020448,LIFE,PRV2,2025-11-24,2045-11-19,2026-11-24,9847997.84,113208624.68,MONTHLY,ACTIVE,1,True,9847997.84,85
POL000005471,CUS00020451,LIFE,PRV3,2022-08-24,2027-08-23,2027-08-23,3804847.16,66806921.56,ANNUAL,ACTIVE,1,True,3804847.16,357
POL000005472,CUS00020473,HEALTH,PRV5,2026-04-12,2031-04-11,2027-04-12,5806857.57,61470431.64,ANNUAL,ACTIVE,1,True,5806857.57,224
POL000005473,CUS00020474,MOTOR,PRV5,2024-02-14,2044-02-09,2027-02-13,325163.55,4663116.4,QUARTERLY,ACTIVE,1,True,325163.55,166
POL000005474,CUS00020476,HEALTH,PRV1,2026-02-07,2046-02-02,2027-02-07,29662606.16,336413329.45,ANNUAL,ACTIVE,1,True,29662606.16,160
POL000005475,CUS00020478,LIFE,PRV3,2023-04-26,2028-04-24,2027-04-25,1783740.38,44587897.55,ANNUAL,ACTIVE,1,True,1783740.38,237
POL000005476,CUS00020487,HOME,PRV3,2024-07-05,2025-07-05,2027-07-05,694954.04,11551889.95,ANNUAL,LAPSED,1,False,0.0,
POL000005477,CUS00020490,HOME,PRV5,2025-12-03,2030-12-02,2026-12-03,725088.45,16861977.91,ANNUAL,ACTIVE,1,True,725088.45,94
POL000005478,CUS00020491,LIFE,PRV1,2024-11-05,2034-11-03,2026-11-05,42509.8,452819.82,ANNUAL,ACTIVE,2,True,112679.52,66
POL000005479,CUS00020491,LIFE,PRV4,2023-08-23,2043-08-18,2027-08-22,70169.72,653646.63,ANNUAL,ACTIVE,2,True,112679.52,66
POL000005480,CUS00020494,TRAVEL,PRV4,2024-03-28,2034-03-26,2027-03-28,153234.74,3480320.81,QUARTERLY,ACTIVE,1,True,153234.74,209
POL000005481,CUS00020501,MOTOR,PRV3,2025-12-22,2045-12-17,2026-12-22,1473119.17,14073503.61,MONTHLY,ACTIVE,1,True,1473119.17,113
POL000005482,CUS00020502,LIFE,PRV3,2026-06-28,2027-06-28,2027-06-28,7823524.08,184899024.75,MONTHLY,ACTIVE,1,True,7823524.08,301
POL000005483,CUS00020506,TRAVEL,PRV3,2023-07-22,2033-07-19,2027-07-21,1103366.01,13798778.22,ANNUAL,ACTIVE,1,True,1103366.01,324
POL000005484,CUS00020517,HOME,PRV4,2023-02-03,2043-01-29,2027-02-02,442202.68,9210197.2,ANNUAL,ACTIVE,1,True,442202.68,155
POL000005485,CUS00020519,TRAVEL,PRV1,2023-01-13,2024-01-13,2027-01-12,7107240.73,116355383.34,ANNUAL,LAPSED,1,False,0.0,
POL000005486,CUS00020528,HEALTH,PRV1,2026-06-04,2027-06-04,2027-06-04,1650291.16,34907886.58,MONTHLY,ACTIVE,1,True,1650291.16,277
POL000005487,CUS00020536,LIFE,PRV2,2026-06-02,2027-06-02,2027-06-02,890239.4,16686747.61,MONTHLY,ACTIVE,1,True,890239.4,275
POL000005488,CUS00020539,LIFE,PRV2,2023-06-07,2033-06-04,2027-06-06,226337.81,5490253.83,ANNUAL,ACTIVE,1,True,226337.81,279
POL000005489,CUS00020541,LIFE,PRV4,2025-05-11,2026-05-11,2027-05-11,279684.49,4885845.87,MONTHLY,LAPSED,1,False,0.0,
POL000005490,CUS00020546,LIFE,PRV1,2024-10-08,2044-10-03,2026-10-08,20495525.75,410516841.95,QUARTERLY,ACTIVE,1,True,20495525.75,38
POL000005491,CUS00020551,LIFE,PRV1,2023-02-15,2024-02-15,2027-02-14,683940.05,7087725.89,QUARTERLY,LAPSED,1,False,0.0,
POL000005492,CUS00020554,LIFE,PRV2,2024-03-30,2025-03-30,2027-03-30,1074576.32,17930302.3,MONTHLY,LAPSED,1,False,0.0,
POL000005493,CUS00020560,LIFE,PRV1,2024-09-11,2025-09-11,2026-09-11,3692876.71,62321177.76,ANNUAL,LAPSED,1,False,0.0,
POL000005494,CUS00020561,MOTOR,PRV4,2024-07-07,2034-07-05,2027-07-07,714326.65,5805556.55,QUARTERLY,ACTIVE,2,True,714326.65,310
POL000005495,CUS00020561,LIFE,PRV3,2023-06-25,2024-06-24,2027-06-24,495811.7,9256040.66,ANNUAL,LAPSED,2,True,714326.65,310
POL000005496,CUS00020565,HEALTH,PRV1,2024-04-22,2034-04-20,2027-04-22,6079597.6,51705417.61,MONTHLY,ACTIVE,2,True,12591645.35,130
POL000005497,CUS00020565,LIFE,PRV5,2024-01-09,2034-01-06,2027-01-08,6512047.75,65448830.67,ANNUAL,ACTIVE,2,True,12591645.35,130
POL000005498,CUS00020571,HEALTH,PRV5,2026-06-18,2027-06-18,2027-06-18,1460374.46,25559571.74,ANNUAL,ACTIVE,1,True,1460374.46,291
POL000005499,CUS00020572,LIFE,PRV1,2025-05-25,2030-05-24,2027-05-25,262266.7,6145945.9,MONTHLY,ACTIVE,2,True,262266.7,267
POL000005500,CUS00020572,HOME,PRV3,2023-09-20,2024-09-19,2026-09-19,707550.16,17015780.54,QUARTERLY,LAPSED,2,True,262266.7,267
POL000005501,CUS00020574,HOME,PRV5,2025-10-23,2035-10-21,2026-10-23,2112131.83,37702704.28,ANNUAL,ACTIVE,1,True,2112131.83,53
POL000005502,CUS00020586,LIFE,PRV1,2024-02-08,2029-02-06,2027-02-07,17536943.66,211168726.64,MONTHLY,ACTIVE,1,True,17536943.66,160
POL000005503,CUS00020589,LIFE,PRV2,2022-12-26,2023-12-26,2026-12-25,348919.0,7569552.92,MONTHLY,LAPSED,1,False,0.0,
POL000005504,CUS00020590,HEALTH,PRV5,2025-05-21,2045-05-16,2027-05-21,350709.42,6079327.27,ANNUAL,ACTIVE,1,True,350709.42,263
POL000005505,CUS00020591,HEALTH,PRV1,2023-04-29,2028-04-27,2027-04-28,2614586.48,52008026.34,ANNUAL,ACTIVE,1,True,2614586.48,240
POL000005506,CUS00020606,HEALTH,PRV1,2023-04-28,2043-04-23,2027-04-27,2973328.33,26786678.55,QUARTERLY,ACTIVE,2,True,6571634.96,239
POL000005507,CUS00020606,TRAVEL,PRV4,2024-08-21,2029-08-20,2027-08-21,3598306.63,70144865.08,MONTHLY,ACTIVE,2,True,6571634.96,239
POL000005508,CUS00020611,HEALTH,PRV2,2024-04-14,2034-04-12,2027-04-14,704767.04,14557929.81,ANNUAL,ACTIVE,1,True,704767.04,226
POL000005509,CUS00020616,HEALTH,PRV1,2024-05-20,2025-05-20,2027-05-20,128428.16,2750170.26,ANNUAL,LAPSED,2,True,64753.87,35
POL000005510,CUS00020616,HOME,PRV3,2024-10-05,2029-10-04,2026-10-05,64753.87,1235660.89,MONTHLY,ACTIVE,2,True,64753.87,35
POL000005511,CUS00020617,MOTOR,PRV1,2026-04-24,2027-04-24,2027-04-24,8498101.49,118113094.34,QUARTERLY,ACTIVE,1,True,8498101.49,236
POL000005512,CUS00020618,MOTOR,PRV4,2025-11-27,2026-11-27,2026-11-27,683427.38,7973389.23,ANNUAL,ACTIVE,1,True,683427.38,88
POL000005513,CUS00020619,HEALTH,PRV2,2025-11-18,2026-11-18,2026-11-18,556465.66,13104306.87,QUARTERLY,ACTIVE,2,True,985649.74,79
POL000005514,CUS00020619,HEALTH,PRV5,2026-07-26,2046-07-21,2027-07-26,429184.08,4513221.52,MONTHLY,ACTIVE,2,True,985649.74,79
POL000005515,CUS00020627,LIFE,PRV1,2024-07-22,2044-07-17,2027-07-22,245207.88,5052551.52,MONTHLY,ACTIVE,1,True,245207.88,325
POL000005516,CUS00020630,LIFE,PRV2,2023-03-26,2033-03-23,2027-03-25,234772.88,2845125.1,ANNUAL,ACTIVE,1,True,234772.88,206
POL000005517,CUS00020633,HEALTH,PRV2,2024-05-15,2025-05-15,2027-05-15,2597384.47,51930583.91,MONTHLY,LAPSED,1,False,0.0,
POL000005518,CUS00020634,LIFE,PRV3,2025-09-17,2030-09-16,2026-09-17,562038.37,10023075.98,ANNUAL,ACTIVE,1,True,562038.37,17
POL000005519,CUS00020636,LIFE,PRV5,2024-09-30,2025-09-30,2026-09-30,739884.93,7047983.03,MONTHLY,LAPSED,2,True,389965.04,359
POL000005520,CUS00020636,LIFE,PRV4,2022-08-26,2042-08-21,2027-08-25,389965.04,7417580.38,ANNUAL,ACTIVE,2,True,389965.04,359
POL000005521,CUS00020639,MOTOR,PRV1,2024-11-26,2025-11-26,2026-11-26,8961304.3,83151405.25,MONTHLY,LAPSED,1,False,0.0,
POL000005522,CUS00020641,MOTOR,PRV5,2024-01-27,2044-01-22,2027-01-26,6569024.83,126124866.24,QUARTERLY,ACTIVE,1,True,6569024.83,148
POL000005523,CUS00020642,HEALTH,PRV2,2025-03-22,2045-03-17,2027-03-22,3425758.13,84352718.52,ANNUAL,ACTIVE,1,True,3425758.13,203
POL000005524,CUS00020645,HEALTH,PRV5,2025-10-16,2045-10-11,2026-10-16,1727887.6,34935775.16,ANNUAL,ACTIVE,1,True,1727887.6,46
POL000005525,CUS00020649,MOTOR,PRV3,2024-03-17,2029-03-16,2027-03-17,9318709.8,82467343.51,ANNUAL,ACTIVE,1,True,9318709.8,198
POL000005526,CUS00020652,LIFE,PRV3,2024-09-12,2034-09-10,2026-09-12,994486.59,10603708.06,QUARTERLY,ACTIVE,1,True,994486.59,12
POL000005527,CUS00020663,HEALTH,PRV3,2026-02-08,2036-02-06,2027-02-08,4411188.32,91789398.15,MONTHLY,ACTIVE,1,True,4411188.32,161
POL000005528,CUS00020665,HOME,PRV1,2024-01-31,2044-01-26,2027-01-30,78688.1,1425189.89,ANNUAL,ACTIVE,1,True,78688.1,152
POL000005529,CUS00020668,LIFE,PRV1,2026-04-25,2031-04-24,2027-04-25,572795.75,8520756.84,QUARTERLY,ACTIVE,2,True,572795.75,237
POL000005530,CUS00020668,HEALTH,PRV2,2025-05-27,2026-05-27,2027-05-27,389643.94,4109163.82,ANNUAL,LAPSED,2,True,572795.75,237
POL000005531,CUS00020670,HEALTH,PRV5,2024-12-19,2025-12-19,2026-12-19,1215067.95,22152023.21,ANNUAL,LAPSED,1,False,0.0,
POL000005532,CUS00020671,HEALTH,PRV5,2024-02-01,2044-01-27,2027-01-31,2198071.06,43887931.23,ANNUAL,ACTIVE,1,True,2198071.06,153
POL000005533,CUS00020677,HEALTH,PRV3,2023-04-30,2033-04-27,2027-04-29,265631.16,5435688.37,MONTHLY,ACTIVE,1,True,265631.16,241
POL000005534,CUS00020678,HEALTH,PRV4,2025-06-16,2026-06-16,2027-06-16,2089241.26,30830735.42,QUARTERLY,LAPSED,1,False,0.0,
POL000005535,CUS00020679,LIFE,PRV5,2023-12-30,2028-12-28,2026-12-29,6564560.61,90471297.88,MONTHLY,ACTIVE,2,True,13023679.54,44
POL000005536,CUS00020679,HEALTH,PRV1,2023-10-15,2033-10-12,2026-10-14,6459118.93,88902665.3,MONTHLY,ACTIVE,2,True,13023679.54,44
POL000005537,CUS00020691,HOME,PRV5,2023-09-19,2033-09-16,2026-09-18,748937.91,12946132.89,ANNUAL,ACTIVE,1,True,748937.91,18
POL000005538,CUS00020697,HEALTH,PRV1,2022-08-04,2032-08-01,2027-08-03,2766417.96,23955471.97,ANNUAL,ACTIVE,2,True,7159932.14,229
POL000005539,CUS00020697,HEALTH,PRV1,2024-04-17,2034-04-15,2027-04-17,4393514.18,105455374.82,ANNUAL,ACTIVE,2,True,7159932.14,229
POL000005540,CUS00020714,LIFE,PRV4,2024-02-28,2044-02-23,2027-02-27,1097387.43,15676948.5,ANNUAL,ACTIVE,1,True,1097387.43,180
POL000005541,CUS00020718,LIFE,PRV5,2025-11-28,2030-11-27,2026-11-28,728470.09,6278778.46,MONTHLY,ACTIVE,2,True,1365100.48,89
POL000005542,CUS00020718,TRAVEL,PRV3,2025-01-19,2045-01-14,2027-01-19,636630.39,9765519.39,MONTHLY,ACTIVE,2,True,1365100.48,89
POL000005543,CUS00020722,LIFE,PRV1,2022-11-23,2023-11-23,2026-11-22,3542548.15,44715799.91,ANNUAL,LAPSED,2,True,2340379.04,130
POL000005544,CUS00020722,MOTOR,PRV2,2026-01-08,2036-01-06,2027-01-08,2340379.04,50166917.37,ANNUAL,ACTIVE,2,True,2340379.04,130
POL000005545,CUS00020745,LIFE,PRV5,2025-10-14,2026-10-14,2026-10-14,884541.48,11399055.41,QUARTERLY,ACTIVE,1,True,884541.48,44
POL000005546,CUS00020749,HEALTH,PRV5,2026-02-21,2031-02-20,2027-02-21,6915111.44,118294806.34,MONTHLY,ACTIVE,1,True,6915111.44,174
POL000005547,CUS00020752,HOME,PRV1,2025-12-05,2026-12-05,2026-12-05,1565842.6,16013740.94,ANNUAL,ACTIVE,1,True,1565842.6,96
POL000005548,CUS00020753,HOME,PRV5,2025-11-16,2045-11-11,2026-11-16,577792.24,9967179.58,ANNUAL,ACTIVE,1,True,577792.24,77
POL000005549,CUS00020766,LIFE,PRV1,2023-12-04,2028-12-02,2026-12-03,1751802.02,27009180.25,QUARTERLY,ACTIVE,1,True,1751802.02,94
POL000005550,CUS00020784,MOTOR,PRV1,2023-12-24,2028-12-22,2026-12-23,209174.66,3974102.31,ANNUAL,ACTIVE,2,True,302821.34,114
POL000005551,CUS00020784,LIFE,PRV2,2023-04-08,2043-04-03,2027-04-07,93646.68,1113932.03,ANNUAL,ACTIVE,2,True,302821.34,114
POL000005552,CUS00020790,LIFE,PRV2,2023-01-09,2033-01-06,2027-01-08,153400.58,3643765.6,MONTHLY,ACTIVE,1,True,153400.58,130
POL000005553,CUS00020795,TRAVEL,PRV2,2023-05-08,2033-05-05,2027-05-07,5854170.48,104094542.6,ANNUAL,ACTIVE,2,True,15616704.3,194
POL000005554,CUS00020795,HEALTH,PRV1,2023-03-14,2033-03-11,2027-03-13,9762533.82,233460488.26,ANNUAL,ACTIVE,2,True,15616704.3,194
POL000005555,CUS00020796,MOTOR,PRV4,2026-07-10,2027-07-10,2027-07-10,1696926.97,37913998.42,QUARTERLY,ACTIVE,2,True,3037883.45,231
POL000005556,CUS00020796,LIFE,PRV4,2026-04-19,2027-04-19,2027-04-19,1340956.48,25467536.9,MONTHLY,ACTIVE,2,True,3037883.45,231
POL000005557,CUS00020798,LIFE,PRV3,2026-04-16,2031-04-15,2027-04-16,8390576.87,95210541.81,ANNUAL,ACTIVE,1,True,8390576.87,228
POL000005558,CUS00020800,TRAVEL,PRV2,2026-06-17,2036-06-14,2027-06-17,4692056.49,115213947.62,ANNUAL,ACTIVE,1,True,4692056.49,290
POL000005559,CUS00020802,LIFE,PRV5,2025-02-28,2030-02-27,2027-02-28,804679.14,8946009.93,QUARTERLY,ACTIVE,1,True,804679.14,181
POL000005560,CUS00020810,HEALTH,PRV2,2026-02-13,2046-02-08,2027-02-13,315063.83,4401459.8,ANNUAL,ACTIVE,1,True,315063.83,166
POL000005561,CUS00020812,HOME,PRV1,2024-03-10,2044-03-05,2027-03-10,1674999.95,15759128.37,ANNUAL,ACTIVE,1,True,1674999.95,191
POL000005562,CUS00020816,HEALTH,PRV2,2026-05-28,2027-05-28,2027-05-28,1299520.27,16205621.7,ANNUAL,ACTIVE,1,True,1299520.27,270
POL000005563,CUS00020818,TRAVEL,PRV2,2024-03-05,2025-03-05,2027-03-05,3089301.64,68767567.14,MONTHLY,LAPSED,1,False,0.0,
POL000005564,CUS00020821,TRAVEL,PRV3,2023-08-08,2043-08-03,2027-08-07,289026.05,3704745.43,QUARTERLY,ACTIVE,2,True,508528.8,202
POL000005565,CUS00020821,HOME,PRV4,2023-03-22,2033-03-19,2027-03-21,219502.75,4110171.22,MONTHLY,ACTIVE,2,True,508528.8,202
POL000005566,CUS00020822,HEALTH,PRV1,2024-08-01,2029-07-31,2027-08-01,400717.8,3889577.51,ANNUAL,ACTIVE,2,True,608038.29,98
POL000005567,CUS00020822,HOME,PRV1,2024-12-07,2044-12-02,2026-12-07,207320.49,4237909.12,QUARTERLY,ACTIVE,2,True,608038.29,98
POL000005568,CUS00020834,HOME,PRV5,2022-11-23,2023-11-23,2026-11-22,501398.23,7451399.41,QUARTERLY,LAPSED,1,False,0.0,
POL000005569,CUS00020835,HEALTH,PRV2,2024-02-14,2029-02-12,2027-02-13,547063.68,4414042.11,ANNUAL,ACTIVE,2,True,851875.44,97
POL000005570,CUS00020835,MOTOR,PRV2,2023-12-07,2033-12-04,2026-12-06,304811.76,7340235.19,ANNUAL,ACTIVE,2,True,851875.44,97
POL000005571,CUS00020837,MOTOR,PRV2,2026-05-01,2027-05-01,2027-05-01,1940177.76,37999956.06,ANNUAL,ACTIVE,1,True,1940177.76,243
POL000005572,CUS00020840,TRAVEL,PRV4,2025-09-25,2030-09-24,2026-09-25,603148.02,10872533.93,ANNUAL,ACTIVE,1,True,603148.02,25
POL000005573,CUS00020846,HEALTH,PRV4,2024-09-23,2044-09-18,2026-09-23,3148484.48,25745002.31,MONTHLY,ACTIVE,2,True,6592627.66,23
POL000005574,CUS00020846,MOTOR,PRV5,2025-03-21,2045-03-16,2027-03-21,3444143.18,37156314.3,MONTHLY,ACTIVE,2,True,6592627.66,23
POL000005575,CUS00020848,MOTOR,PRV3,2025-06-19,2030-06-18,2027-06-19,206020.95,1835559.34,MONTHLY,ACTIVE,1,True,206020.95,292
POL000005576,CUS00020851,LIFE,PRV1,2022-09-26,2023-09-26,2026-09-25,1240105.15,24109709.06,ANNUAL,LAPSED,2,True,1704738.7,54
POL000005577,CUS00020851,MOTOR,PRV4,2025-10-24,2030-10-23,2026-10-24,1704738.7,34911220.86,ANNUAL,ACTIVE,2,True,1704738.7,54
POL000005578,CUS00020852,HEALTH,PRV1,2024-02-10,2034-02-07,2027-02-09,147807.24,2094846.28,ANNUAL,ACTIVE,1,True,147807.24,162
POL000005579,CUS00020857,LIFE,PRV1,2025-02-10,2045-02-05,2027-02-10,14887325.97,270213782.71,ANNUAL,ACTIVE,1,True,14887325.97,163
POL000005580,CUS00020863,HEALTH,PRV2,2025-11-13,2045-11-08,2026-11-13,980731.03,12523280.37,ANNUAL,ACTIVE,2,True,980731.03,74
POL000005581,CUS00020863,HEALTH,PRV2,2025-03-05,2026-03-05,2027-03-05,886656.51,10716657.99,ANNUAL,LAPSED,2,True,980731.03,74
POL000005582,CUS00020866,LIFE,PRV4,2022-08-11,2032-08-08,2027-08-10,554944.36,12517485.47,ANNUAL,ACTIVE,1,True,554944.36,344
POL000005583,CUS00020869,LIFE,PRV2,2023-06-13,2024-06-12,2027-06-12,381759.42,8174598.46,ANNUAL,LAPSED,2,True,449372.14,91
POL000005584,CUS00020869,LIFE,PRV4,2023-12-01,2028-11-29,2026-11-30,449372.14,9333955.12,ANNUAL,ACTIVE,2,True,449372.14,91
POL000005585,CUS00020872,MOTOR,PRV1,2026-04-04,2046-03-30,2027-04-04,701033.61,7497331.46,MONTHLY,ACTIVE,1,True,701033.61,216
POL000005586,CUS00020873,TRAVEL,PRV5,2026-03-20,2031-03-19,2027-03-20,4700464.59,84263048.99,QUARTERLY,ACTIVE,1,True,4700464.59,201
POL000005587,CUS00020877,LIFE,PRV1,2022-10-31,2042-10-26,2026-10-30,507795.72,9150167.59,ANNUAL,ACTIVE,1,True,507795.72,60
POL000005588,CUS00020878,MOTOR,PRV5,2025-05-31,2035-05-29,2027-05-31,8200262.84,114009939.15,MONTHLY,ACTIVE,1,True,8200262.84,273
POL000005589,CUS00020882,LIFE,PRV4,2026-01-30,2036-01-28,2027-01-30,3297818.62,61450814.02,ANNUAL,ACTIVE,2,True,9000912.75,151
POL000005590,CUS00020882,HEALTH,PRV1,2023-01-30,2033-01-27,2027-01-29,5703094.13,132450979.95,QUARTERLY,ACTIVE,2,True,9000912.75,151
POL000005591,CUS00020887,HEALTH,PRV1,2023-07-06,2024-07-05,2027-07-05,1398429.37,12539016.96,ANNUAL,LAPSED,1,False,0.0,
POL000005592,CUS00020891,HEALTH,PRV3,2022-11-05,2032-11-02,2026-11-04,3005920.63,64770898.64,ANNUAL,ACTIVE,1,True,3005920.63,65
POL000005593,CUS00020898,HEALTH,PRV3,2024-09-10,2029-09-09,2026-09-10,892631.02,13447785.89,QUARTERLY,ACTIVE,1,True,892631.02,10
POL000005594,CUS00020900,LIFE,PRV3,2025-04-02,2035-03-31,2027-04-02,11002469.84,175655051.48,ANNUAL,ACTIVE,1,True,11002469.84,214
POL000005595,CUS00020902,HOME,PRV1,2024-12-29,2029-12-28,2026-12-29,8806833.81,123666890.44,MONTHLY,ACTIVE,1,True,8806833.81,120
POL000005596,CUS00020908,HOME,PRV4,2025-02-14,2035-02-12,2027-02-14,136185.05,2058527.33,ANNUAL,ACTIVE,1,True,136185.05,167
POL000005597,CUS00020909,LIFE,PRV1,2024-05-08,2025-05-08,2027-05-08,30703844.65,277956332.45,ANNUAL,LAPSED,1,False,0.0,
POL000005598,CUS00020910,LIFE,PRV5,2023-11-13,2028-11-11,2026-11-12,2776843.77,68681809.04,ANNUAL,ACTIVE,1,True,2776843.77,73
POL000005599,CUS00020917,HEALTH,PRV1,2024-01-16,2025-01-15,2027-01-15,2843078.49,36495029.25,ANNUAL,LAPSED,2,True,3699920.07,168
POL000005600,CUS00020917,HEALTH,PRV1,2023-02-16,2028-02-15,2027-02-15,3699920.07,48563893.62,ANNUAL,ACTIVE,2,True,3699920.07,168
POL000005601,CUS00020918,HEALTH,PRV1,2023-06-11,2024-06-10,2027-06-10,4920650.78,116609984.48,ANNUAL,LAPSED,2,True,12129104.84,123
POL000005602,CUS00020918,HEALTH,PRV1,2024-01-02,2043-12-28,2027-01-01,12129104.84,279205152.04,ANNUAL,ACTIVE,2,True,12129104.84,123
POL000005603,CUS00020919,TRAVEL,PRV4,2026-02-08,2027-02-08,2027-02-08,236110.08,3313309.45,QUARTERLY,ACTIVE,2,True,668540.07,161
POL000005604,CUS00020919,HEALTH,PRV4,2024-06-08,2044-06-03,2027-06-08,432429.99,3823962.86,ANNUAL,ACTIVE,2,True,668540.07,161
POL000005605,CUS00020920,HEALTH,PRV1,2023-12-19,2043-12-14,2026-12-18,90469.26,1457289.35,ANNUAL,ACTIVE,1,True,90469.26,109
POL000005606,CUS00020924,MOTOR,PRV4,2024-10-05,2044-09-30,2026-10-05,922865.25,21588551.25,ANNUAL,ACTIVE,1,True,922865.25,35
POL000005607,CUS00020933,HEALTH,PRV2,2023-12-04,2024-12-03,2026-12-03,454072.51,10243148.24,ANNUAL,LAPSED,1,False,0.0,
POL000005608,CUS00020938,HEALTH,PRV1,2023-03-11,2033-03-08,2027-03-10,5696325.37,138679564.14,MONTHLY,ACTIVE,1,True,5696325.37,191
POL000005609,CUS00020941,HOME,PRV5,2022-09-06,2027-09-05,2026-09-05,2976455.11,69231586.14,QUARTERLY,ACTIVE,1,True,2976455.11,5
POL000005610,CUS00020942,MOTOR,PRV3,2025-05-15,2045-05-10,2027-05-15,89167.23,2223740.94,QUARTERLY,ACTIVE,1,True,89167.23,257
POL000005611,CUS00020948,MOTOR,PRV1,2024-11-28,2044-11-23,2026-11-28,4947351.63,74842983.59,MONTHLY,ACTIVE,1,True,4947351.63,89
POL000005612,CUS00020951,TRAVEL,PRV4,2025-09-29,2026-09-29,2026-09-29,1071559.3,10156181.07,ANNUAL,ACTIVE,1,True,1071559.3,29
POL000005613,CUS00020956,HEALTH,PRV3,2024-08-06,2034-08-04,2027-08-06,661019.09,8509903.56,MONTHLY,ACTIVE,1,True,661019.09,340
POL000005614,CUS00020960,HEALTH,PRV4,2026-01-02,2035-12-31,2027-01-02,574348.76,13167872.13,QUARTERLY,ACTIVE,1,True,574348.76,124
POL000005615,CUS00020962,HEALTH,PRV5,2025-02-18,2045-02-13,2027-02-18,225186.3,2907587.94,QUARTERLY,ACTIVE,1,True,225186.3,171
POL000005616,CUS00020967,HEALTH,PRV5,2024-06-09,2044-06-04,2027-06-09,4224547.55,75112511.03,QUARTERLY,ACTIVE,1,True,4224547.55,282
POL000005617,CUS00020971,HEALTH,PRV3,2026-03-27,2046-03-22,2027-03-27,19779971.96,413400212.99,QUARTERLY,ACTIVE,1,True,19779971.96,208
POL000005618,CUS00020972,HEALTH,PRV1,2023-11-21,2033-11-18,2026-11-20,4460996.71,95522697.9,MONTHLY,ACTIVE,1,True,4460996.71,81
POL000005619,CUS00020975,HEALTH,PRV2,2026-01-17,2031-01-16,2027-01-17,1527624.96,23650036.38,ANNUAL,ACTIVE,2,True,3092375.83,139
POL000005620,CUS00020975,TRAVEL,PRV5,2024-08-15,2029-08-14,2027-08-15,1564750.87,35868055.35,ANNUAL,ACTIVE,2,True,3092375.83,139
POL000005621,CUS00020976,TRAVEL,PRV2,2024-09-20,2044-09-15,2026-09-20,9296733.52,99595483.94,MONTHLY,ACTIVE,1,True,9296733.52,20
POL000005622,CUS00020977,HEALTH,PRV1,2026-06-14,2027-06-14,2027-06-14,1019601.57,18096400.99,QUARTERLY,ACTIVE,2,True,2986877.98,193
POL000005623,CUS00020977,HEALTH,PRV1,2025-03-12,2045-03-07,2027-03-12,1967276.41,47729840.64,ANNUAL,ACTIVE,2,True,2986877.98,193
POL000005624,CUS00020983,HEALTH,PRV4,2025-08-24,2035-08-22,2027-08-24,1054865.99,17031914.86,MONTHLY,ACTIVE,1,True,1054865.99,358
POL000005625,CUS00020984,HEALTH,PRV5,2022-12-13,2027-12-12,2026-12-12,2566747.24,58162085.47,ANNUAL,ACTIVE,1,True,2566747.24,103
POL000005626,CUS00020985,HOME,PRV1,2025-01-15,2035-01-13,2027-01-15,4029902.93,96481252.93,QUARTERLY,ACTIVE,1,True,4029902.93,137
POL000005627,CUS00020996,HOME,PRV4,2023-03-22,2028-03-20,2027-03-21,523805.49,9080141.47,ANNUAL,ACTIVE,1,True,523805.49,202
POL000005628,CUS00021000,LIFE,PRV4,2025-06-26,2035-06-24,2027-06-26,1432465.5,22650111.9,MONTHLY,ACTIVE,1,True,1432465.5,299
POL000005629,CUS00021002,LIFE,PRV2,2024-03-31,2044-03-26,2027-03-31,176082.45,4394586.22,MONTHLY,ACTIVE,2,True,916091.74,166
POL000005630,CUS00021002,MOTOR,PRV5,2024-02-14,2034-02-11,2027-02-13,740009.29,13710587.05,ANNUAL,ACTIVE,2,True,916091.74,166
POL000005631,CUS00021003,TRAVEL,PRV2,2022-07-25,2023-07-25,2027-07-24,311476.21,4694252.7,QUARTERLY,LAPSED,1,False,0.0,
POL000005632,CUS00021007,HEALTH,PRV3,2026-01-26,2046-01-21,2027-01-26,213741.44,4304301.07,ANNUAL,ACTIVE,2,True,564357.82,4
POL000005633,CUS00021007,MOTOR,PRV4,2025-09-04,2030-09-03,2026-09-04,350616.38,5056594.65,ANNUAL,ACTIVE,2,True,564357.82,4
POL000005634,CUS00021011,HEALTH,PRV2,2024-12-24,2034-12-22,2026-12-24,1188274.92,15704224.29,ANNUAL,ACTIVE,2,True,5881031.77,115
POL000005635,CUS00021011,HEALTH,PRV3,2026-01-24,2027-01-24,2027-01-24,4692756.85,40789091.91,ANNUAL,ACTIVE,2,True,5881031.77,115
POL000005636,CUS00021012,LIFE,PRV1,2025-02-06,2030-02-05,2027-02-06,1393138.87,16686742.08,ANNUAL,ACTIVE,1,True,1393138.87,159
POL000005637,CUS00021021,HOME,PRV2,2023-11-20,2043-11-15,2026-11-19,2603396.22,53292302.16,QUARTERLY,ACTIVE,1,True,2603396.22,80
POL000005638,CUS00021022,LIFE,PRV1,2024-01-11,2025-01-10,2027-01-10,1359237.73,21345103.34,QUARTERLY,LAPSED,2,False,0.0,
POL000005639,CUS00021022,HEALTH,PRV3,2023-08-27,2024-08-26,2027-08-26,526898.95,5486922.96,ANNUAL,LAPSED,2,False,0.0,
POL000005640,CUS00021034,LIFE,PRV4,2023-10-10,2033-10-07,2026-10-09,742829.08,12590059.76,MONTHLY,ACTIVE,1,True,742829.08,39
POL000005641,CUS00021035,HEALTH,PRV4,2025-02-11,2045-02-06,2027-02-11,731470.31,11311471.66,MONTHLY,ACTIVE,1,True,731470.31,164
POL000005642,CUS00021038,LIFE,PRV3,2024-04-29,2029-04-28,2027-04-29,320054.06,3152029.14,MONTHLY,ACTIVE,2,True,1272414.17,24
POL000005643,CUS00021038,HEALTH,PRV1,2025-09-24,2026-09-24,2026-09-24,952360.11,22157365.11,ANNUAL,ACTIVE,2,True,1272414.17,24
POL000005644,CUS00021040,HEALTH,PRV3,2023-11-28,2024-11-27,2026-11-27,261655.45,6503294.97,QUARTERLY,LAPSED,2,True,657479.84,26
POL000005645,CUS00021040,LIFE,PRV2,2025-09-26,2035-09-24,2026-09-26,657479.84,5516201.36,ANNUAL,ACTIVE,2,True,657479.84,26
POL000005646,CUS00021043,LIFE,PRV3,2025-10-28,2030-10-27,2026-10-28,14731444.72,352923322.42,QUARTERLY,ACTIVE,1,True,14731444.72,58
POL000005647,CUS00021044,HEALTH,PRV1,2023-12-27,2024-12-26,2026-12-26,617684.98,6149958.62,ANNUAL,LAPSED,1,False,0.0,
POL000005648,CUS00021045,HEALTH,PRV2,2023-08-15,2024-08-14,2027-08-14,655537.56,12831430.61,MONTHLY,LAPSED,1,False,0.0,
POL000005649,CUS00021046,LIFE,PRV4,2022-08-17,2023-08-17,2027-08-16,4762140.36,75051584.53,QUARTERLY,LAPSED,1,False,0.0,
POL000005650,CUS00021052,LIFE,PRV3,2024-05-14,2034-05-12,2027-05-14,628571.11,15097437.71,ANNUAL,ACTIVE,1,True,628571.11,256
POL000005651,CUS00021059,LIFE,PRV2,2025-05-22,2026-05-22,2027-05-22,22975029.31,491082855.33,ANNUAL,LAPSED,2,True,28341770.89,51
POL000005652,CUS00021059,LIFE,PRV4,2023-10-22,2028-10-20,2026-10-21,28341770.89,615200573.2,ANNUAL,ACTIVE,2,True,28341770.89,51
POL000005653,CUS00021061,HEALTH,PRV3,2024-05-04,2025-05-04,2027-05-04,153838.25,2119574.29,ANNUAL,LAPSED,1,False,0.0,
POL000005654,CUS00021064,MOTOR,PRV4,2022-10-31,2042-10-26,2026-10-30,1185172.71,17733148.58,ANNUAL,ACTIVE,1,True,1185172.71,60
POL000005655,CUS00021066,HEALTH,PRV2,2024-09-12,2034-09-10,2026-09-12,1254324.89,28935948.34,ANNUAL,ACTIVE,1,True,1254324.89,12
POL000005656,CUS00021068,TRAVEL,PRV2,2022-10-14,2023-10-14,2026-10-13,34880638.33,637386534.52,ANNUAL,LAPSED,1,False,0.0,
POL000005657,CUS00021076,HEALTH,PRV2,2024-06-02,2025-06-02,2027-06-02,4156493.48,86971968.67,ANNUAL,LAPSED,1,False,0.0,
POL000005658,CUS00021077,LIFE,PRV4,2024-06-25,2034-06-23,2027-06-25,5026199.37,77570155.18,QUARTERLY,ACTIVE,1,True,5026199.37,298
POL000005659,CUS00021079,LIFE,PRV3,2022-09-03,2042-08-29,2026-09-02,647063.4,7572400.34,MONTHLY,ACTIVE,1,True,647063.4,2
POL000005660,CUS00021081,MOTOR,PRV4,2026-05-21,2046-05-16,2027-05-21,2625205.54,50891008.49,MONTHLY,ACTIVE,1,True,2625205.54,263
POL000005661,CUS00021086,HOME,PRV1,2023-08-13,2033-08-10,2027-08-12,1230327.03,12955366.34,MONTHLY,ACTIVE,1,True,1230327.03,346
POL000005662,CUS00021093,LIFE,PRV5,2024-04-22,2034-04-20,2027-04-22,1689693.65,17730834.8,ANNUAL,ACTIVE,1,True,1689693.65,234
POL000005663,CUS00021096,HEALTH,PRV3,2022-10-01,2032-09-28,2026-09-30,8563226.65,176499573.01,QUARTERLY,ACTIVE,1,True,8563226.65,30
POL000005664,CUS00021104,MOTOR,PRV5,2022-10-27,2023-10-27,2026-10-26,139478.65,3323505.07,ANNUAL,LAPSED,1,False,0.0,
POL000005665,CUS00021105,LIFE,PRV5,2023-09-28,2024-09-27,2026-09-27,1329125.41,27963643.04,ANNUAL,LAPSED,1,False,0.0,
POL000005666,CUS00021109,HEALTH,PRV5,2024-03-15,2029-03-14,2027-03-15,1755870.4,34443907.44,MONTHLY,ACTIVE,1,True,1755870.4,196
POL000005667,CUS00021114,LIFE,PRV4,2024-12-10,2025-12-10,2026-12-10,1298741.56,18698872.27,QUARTERLY,LAPSED,1,False,0.0,
POL000005668,CUS00021121,HEALTH,PRV1,2023-02-12,2024-02-12,2027-02-11,2471140.33,21837129.38,ANNUAL,LAPSED,2,True,1910561.2,91
POL000005669,CUS00021121,HEALTH,PRV1,2023-12-01,2043-11-26,2026-11-30,1910561.2,34904618.02,ANNUAL,ACTIVE,2,True,1910561.2,91
POL000005670,CUS00021129,TRAVEL,PRV5,2025-12-03,2045-11-28,2026-12-03,113777.02,1479883.79,ANNUAL,ACTIVE,1,True,113777.02,94
POL000005671,CUS00021132,LIFE,PRV4,2024-06-16,2029-06-15,2027-06-16,84081.27,1871548.49,MONTHLY,ACTIVE,1,True,84081.27,289
POL000005672,CUS00021136,HEALTH,PRV2,2024-08-25,2029-08-24,2027-08-25,3854840.56,68760855.1,MONTHLY,ACTIVE,1,True,3854840.56,359
POL000005673,CUS00021138,HOME,PRV1,2026-04-25,2036-04-22,2027-04-25,723902.14,15111192.47,MONTHLY,ACTIVE,1,True,723902.14,237
POL000005674,CUS00021153,HEALTH,PRV1,2022-12-23,2042-12-18,2026-12-22,7077350.08,90495101.24,ANNUAL,ACTIVE,1,True,7077350.08,113
POL000005675,CUS00021156,HEALTH,PRV2,2023-06-20,2024-06-19,2027-06-19,7866766.65,86481674.06,MONTHLY,LAPSED,2,False,0.0,
POL000005676,CUS00021156,HEALTH,PRV4,2023-07-21,2024-07-20,2027-07-20,2469549.09,31418843.14,ANNUAL,LAPSED,2,False,0.0,
POL000005677,CUS00021157,LIFE,PRV2,2022-10-15,2042-10-10,2026-10-14,105970.84,2219074.1,ANNUAL,ACTIVE,1,True,105970.84,44
POL000005678,CUS00021159,HEALTH,PRV2,2025-09-09,2045-09-04,2026-09-09,28487971.87,587269997.34,ANNUAL,ACTIVE,1,True,28487971.87,9
POL000005679,CUS00021160,MOTOR,PRV1,2023-10-02,2028-09-30,2026-10-01,16808056.29,162156564.31,QUARTERLY,ACTIVE,1,True,16808056.29,31
POL000005680,CUS00021165,MOTOR,PRV4,2024-08-15,2034-08-13,2027-08-15,2289199.83,19154469.42,ANNUAL,ACTIVE,1,True,2289199.83,349
POL000005681,CUS00021166,HEALTH,PRV1,2025-06-19,2035-06-17,2027-06-19,1407563.18,28709669.63,QUARTERLY,ACTIVE,1,True,1407563.18,292
POL000005682,CUS00021174,HEALTH,PRV3,2023-12-10,2033-12-07,2026-12-09,1369674.75,28269142.78,QUARTERLY,ACTIVE,2,True,6029105.38,100
POL000005683,CUS00021174,HEALTH,PRV5,2026-06-11,2027-06-11,2027-06-11,4659430.63,87601021.94,ANNUAL,ACTIVE,2,True,6029105.38,100
POL000005684,CUS00021180,LIFE,PRV2,2024-02-21,2025-02-20,2027-02-20,5585809.63,67265734.79,ANNUAL,LAPSED,1,False,0.0,
POL000005685,CUS00021181,LIFE,PRV1,2026-01-19,2046-01-14,2027-01-19,812542.33,8416471.9,ANNUAL,ACTIVE,2,True,1276211.38,141
POL000005686,CUS00021181,HEALTH,PRV2,2025-06-26,2030-06-25,2027-06-26,463669.05,6061972.71,QUARTERLY,ACTIVE,2,True,1276211.38,141
POL000005687,CUS00021184,MOTOR,PRV3,2025-01-14,2035-01-12,2027-01-14,561746.46,13063684.45,QUARTERLY,ACTIVE,1,True,561746.46,136
POL000005688,CUS00021186,HOME,PRV5,2025-04-21,2026-04-21,2027-04-21,2013701.73,21217488.21,MONTHLY,LAPSED,1,False,0.0,
POL000005689,CUS00021188,HOME,PRV4,2025-09-05,2030-09-04,2026-09-05,700505.39,11422411.94,MONTHLY,ACTIVE,1,True,700505.39,5
POL000005690,CUS00021193,LIFE,PRV3,2026-03-25,2027-03-25,2027-03-25,191235.8,2319197.39,ANNUAL,ACTIVE,1,True,191235.8,206
POL000005691,CUS00021195,TRAVEL,PRV3,2026-01-06,2036-01-04,2027-01-06,1738831.35,20854094.03,MONTHLY,ACTIVE,1,True,1738831.35,128
POL000005692,CUS00021196,HEALTH,PRV3,2024-10-08,2025-10-08,2026-10-08,3582786.45,73545434.38,ANNUAL,LAPSED,1,False,0.0,
POL000005693,CUS00021200,LIFE,PRV4,2023-11-04,2024-11-03,2026-11-03,727458.01,9504256.4,ANNUAL,LAPSED,1,False,0.0,
POL000005694,CUS00021201,LIFE,PRV1,2022-11-24,2023-11-24,2026-11-23,8533806.17,197045745.11,ANNUAL,LAPSED,1,False,0.0,
POL000005695,CUS00021204,HOME,PRV4,2023-01-20,2024-01-20,2027-01-19,14626459.15,332407701.59,QUARTERLY,LAPSED,1,False,0.0,
POL000005696,CUS00021209,MOTOR,PRV5,2022-09-22,2042-09-17,2026-09-21,8824950.18,156452936.35,MONTHLY,ACTIVE,1,True,8824950.18,21
POL000005697,CUS00021214,TRAVEL,PRV1,2022-10-16,2042-10-11,2026-10-15,1683406.98,30061753.38,MONTHLY,ACTIVE,1,True,1683406.98,45
POL000005698,CUS00021220,LIFE,PRV4,2024-07-14,2025-07-14,2027-07-14,3222687.12,77537647.25,ANNUAL,LAPSED,1,False,0.0,
POL000005699,CUS00021221,HOME,PRV5,2024-08-31,2034-08-29,2027-08-31,3948231.56,51441765.48,ANNUAL,ACTIVE,2,True,3948231.56,365
POL000005700,CUS00021221,HEALTH,PRV4,2025-06-02,2026-06-02,2027-06-02,1876566.21,33211898.68,QUARTERLY,LAPSED,2,True,3948231.56,365
POL000005701,CUS00021224,TRAVEL,PRV3,2026-04-03,2046-03-29,2027-04-03,292544.61,6261751.56,ANNUAL,ACTIVE,1,True,292544.61,215
POL000005702,CUS00021226,HEALTH,PRV5,2025-03-28,2030-03-27,2027-03-28,1029874.39,18675048.54,MONTHLY,ACTIVE,1,True,1029874.39,209
POL000005703,CUS00021227,MOTOR,PRV3,2026-03-12,2027-03-12,2027-03-12,19839486.39,376999536.27,QUARTERLY,ACTIVE,1,True,19839486.39,193
POL000005704,CUS00021231,MOTOR,PRV3,2026-03-20,2027-03-20,2027-03-20,826201.45,9428560.0,ANNUAL,ACTIVE,1,True,826201.45,201
POL000005705,CUS00021234,LIFE,PRV1,2024-03-30,2034-03-28,2027-03-30,826090.69,16313236.76,MONTHLY,ACTIVE,1,True,826090.69,211
POL000005706,CUS00021242,HOME,PRV1,2022-12-03,2032-11-30,2026-12-02,3939753.3,94195126.03,ANNUAL,ACTIVE,1,True,3939753.3,93
POL000005707,CUS00021243,LIFE,PRV2,2026-01-15,2031-01-14,2027-01-15,3294883.09,28136778.63,MONTHLY,ACTIVE,1,True,3294883.09,137
POL000005708,CUS00021244,MOTOR,PRV1,2022-12-09,2042-12-04,2026-12-08,417107.02,9101626.26,ANNUAL,ACTIVE,1,True,417107.02,99
POL000005709,CUS00021247,HOME,PRV3,2023-05-24,2028-05-22,2027-05-23,4774625.6,98346947.78,MONTHLY,ACTIVE,1,True,4774625.6,265
POL000005710,CUS00021255,HEALTH,PRV1,2024-07-07,2029-07-06,2027-07-07,638062.28,11679098.14,MONTHLY,ACTIVE,2,True,1688363.06,58
POL000005711,CUS00021255,TRAVEL,PRV5,2023-10-29,2028-10-27,2026-10-28,1050300.78,12394513.17,ANNUAL,ACTIVE,2,True,1688363.06,58
POL000005712,CUS00021256,HOME,PRV5,2025-07-10,2026-07-10,2027-07-10,110294.75,1718035.71,ANNUAL,LAPSED,2,True,450728.66,144
POL000005713,CUS00021256,LIFE,PRV5,2025-01-22,2045-01-17,2027-01-22,450728.66,4829995.36,MONTHLY,ACTIVE,2,True,450728.66,144
POL000005714,CUS00021257,HEALTH,PRV2,2024-05-31,2025-05-31,2027-05-31,399724.46,5337912.65,MONTHLY,LAPSED,1,False,0.0,
POL000005715,CUS00021258,LIFE,PRV3,2024-08-10,2034-08-08,2027-08-10,510965.63,5219178.37,QUARTERLY,ACTIVE,1,True,510965.63,344
POL000005716,CUS00021264,MOTOR,PRV2,2023-10-12,2024-10-11,2026-10-11,7355711.25,161536921.84,MONTHLY,LAPSED,1,False,0.0,
POL000005717,CUS00021265,LIFE,PRV1,2022-11-10,2042-11-05,2026-11-09,469954.93,8114089.39,ANNUAL,ACTIVE,1,True,469954.93,70
POL000005718,CUS00021268,HEALTH,PRV1,2022-09-01,2023-09-01,2027-08-31,508611.45,10590215.23,ANNUAL,LAPSED,1,False,0.0,
POL000005719,CUS00021273,LIFE,PRV1,2024-02-26,2025-02-25,2027-02-25,3554100.98,31354665.94,QUARTERLY,LAPSED,1,False,0.0,
POL000005720,CUS00021276,LIFE,PRV1,2025-06-07,2045-06-02,2027-06-07,326122.67,5129455.16,ANNUAL,ACTIVE,2,True,742528.52,23
POL000005721,CUS00021276,LIFE,PRV4,2023-09-24,2033-09-21,2026-09-23,416405.85,6213286.52,MONTHLY,ACTIVE,2,True,742528.52,23
POL000005722,CUS00021282,LIFE,PRV5,2025-06-24,2045-06-19,2027-06-24,284652.13,4496918.22,ANNUAL,ACTIVE,1,True,284652.13,297
POL000005723,CUS00021286,TRAVEL,PRV5,2023-06-26,2043-06-21,2027-06-25,447256.7,8763523.19,MONTHLY,ACTIVE,1,True,447256.7,298
POL000005724,CUS00021287,MOTOR,PRV1,2024-01-07,2034-01-04,2027-01-06,9456747.3,189129496.79,ANNUAL,ACTIVE,1,True,9456747.3,128
POL000005725,CUS00021290,MOTOR,PRV2,2026-01-29,2046-01-24,2027-01-29,1408489.61,31731516.68,MONTHLY,ACTIVE,1,True,1408489.61,151
POL000005726,CUS00021293,LIFE,PRV1,2025-11-07,2045-11-02,2026-11-07,5309819.98,112384660.08,MONTHLY,ACTIVE,1,True,5309819.98,68
POL000005727,CUS00021305,LIFE,PRV5,2025-01-24,2045-01-19,2027-01-24,1798206.29,34597826.34,ANNUAL,ACTIVE,1,True,1798206.29,146
POL000005728,CUS00021310,HOME,PRV4,2022-10-25,2032-10-22,2026-10-24,5943580.88,132369142.36,MONTHLY,ACTIVE,1,True,5943580.88,54
POL000005729,CUS00021313,TRAVEL,PRV1,2025-03-26,2030-03-25,2027-03-26,1657377.24,37611722.51,QUARTERLY,ACTIVE,2,True,2440285.32,207
POL000005730,CUS00021313,HOME,PRV3,2023-07-11,2028-07-09,2027-07-10,782908.08,11842979.25,ANNUAL,ACTIVE,2,True,2440285.32,207
POL000005731,CUS00021324,LIFE,PRV2,2025-12-18,2030-12-17,2026-12-18,1453516.4,22892985.98,MONTHLY,ACTIVE,1,True,1453516.4,109
POL000005732,CUS00021334,LIFE,PRV1,2025-12-24,2045-12-19,2026-12-24,7487475.13,106262087.69,ANNUAL,ACTIVE,2,True,7487475.13,115
POL000005733,CUS00021334,HEALTH,PRV1,2024-09-21,2025-09-21,2026-09-21,8781060.87,146174200.04,MONTHLY,LAPSED,2,True,7487475.13,115
POL000005734,CUS00021335,HEALTH,PRV2,2024-07-27,2044-07-22,2027-07-27,514804.96,5657726.91,ANNUAL,ACTIVE,1,True,514804.96,330
POL000005735,CUS00021337,HEALTH,PRV4,2025-12-17,2045-12-12,2026-12-17,804690.05,14618787.01,ANNUAL,ACTIVE,1,True,804690.05,108
POL000005736,CUS00021342,LIFE,PRV1,2025-04-30,2030-04-29,2027-04-30,8860173.7,137588368.93,ANNUAL,ACTIVE,1,True,8860173.7,242
POL000005737,CUS00021346,MOTOR,PRV2,2024-07-07,2044-07-02,2027-07-07,428098.46,6815029.08,QUARTERLY,ACTIVE,1,True,428098.46,310
POL000005738,CUS00021347,LIFE,PRV2,2023-10-13,2028-10-11,2026-10-12,442135.23,5684409.56,ANNUAL,ACTIVE,1,True,442135.23,42
POL000005739,CUS00021351,HEALTH,PRV2,2022-12-30,2027-12-29,2026-12-29,1455549.0,16052247.27,ANNUAL,ACTIVE,2,True,3594807.91,120
POL000005740,CUS00021351,LIFE,PRV3,2025-03-12,2045-03-07,2027-03-12,2139258.91,18745071.54,ANNUAL,ACTIVE,2,True,3594807.91,120
POL000005741,CUS00021357,HEALTH,PRV2,2024-02-10,2025-02-09,2027-02-09,4866607.3,115163358.24,MONTHLY,LAPSED,1,False,0.0,
POL000005742,CUS00021358,HEALTH,PRV4,2023-08-09,2024-08-08,2027-08-08,992707.91,21915873.7,ANNUAL,LAPSED,1,False,0.0,
POL000005743,CUS00021371,LIFE,PRV4,2025-01-05,2030-01-04,2027-01-05,998082.85,23275558.44,ANNUAL,ACTIVE,1,True,998082.85,127
POL000005744,CUS00021373,HEALTH,PRV2,2024-12-29,2044-12-24,2026-12-29,250403.42,3886082.17,ANNUAL,ACTIVE,1,True,250403.42,120
POL000005745,CUS00021375,LIFE,PRV5,2023-06-09,2043-06-04,2027-06-08,206845.22,2224901.33,MONTHLY,ACTIVE,1,True,206845.22,281
POL000005746,CUS00021381,HEALTH,PRV5,2025-07-24,2030-07-23,2027-07-24,1384086.36,18133857.15,QUARTERLY,ACTIVE,2,True,1826156.04,165
POL000005747,CUS00021381,LIFE,PRV5,2024-02-13,2034-02-10,2027-02-12,442069.68,6122633.99,ANNUAL,ACTIVE,2,True,1826156.04,165
POL000005748,CUS00021382,HOME,PRV1,2022-12-24,2027-12-23,2026-12-23,6828412.76,63975809.23,QUARTERLY,ACTIVE,1,True,6828412.76,114
POL000005749,CUS00021383,LIFE,PRV2,2023-11-12,2024-11-11,2026-11-11,1163243.03,15883123.42,ANNUAL,LAPSED,1,False,0.0,
POL000005750,CUS00021386,HOME,PRV4,2023-02-02,2043-01-28,2027-02-01,398135.95,6314435.66,MONTHLY,ACTIVE,1,True,398135.95,154
POL000005751,CUS00021396,LIFE,PRV3,2024-05-27,2029-05-26,2027-05-27,2285222.79,45676614.18,QUARTERLY,ACTIVE,1,True,2285222.79,269
POL000005752,CUS00021399,TRAVEL,PRV2,2023-06-12,2028-06-10,2027-06-11,376719.18,9031631.58,QUARTERLY,ACTIVE,1,True,376719.18,284
POL000005753,CUS00021400,HEALTH,PRV1,2026-01-25,2027-01-25,2027-01-25,239025.58,3795721.27,MONTHLY,ACTIVE,1,True,239025.58,147
POL000005754,CUS00021401,TRAVEL,PRV5,2024-06-11,2029-06-10,2027-06-11,501145.52,4337169.84,QUARTERLY,ACTIVE,1,True,501145.52,284
POL000005755,CUS00021407,HOME,PRV4,2025-01-29,2026-01-29,2027-01-29,762724.51,6689040.62,QUARTERLY,LAPSED,1,False,0.0,
POL000005756,CUS00021409,TRAVEL,PRV5,2024-12-05,2025-12-05,2026-12-05,1616439.89,20050643.37,ANNUAL,LAPSED,1,False,0.0,
POL000005757,CUS00021411,TRAVEL,PRV4,2024-08-06,2044-08-01,2027-08-06,6665639.97,151646415.28,ANNUAL,ACTIVE,1,True,6665639.97,340
POL000005758,CUS00021422,LIFE,PRV4,2025-07-13,2030-07-12,2027-07-13,1222705.11,24658747.9,MONTHLY,ACTIVE,1,True,1222705.11,316
POL000005759,CUS00021423,HOME,PRV1,2022-11-01,2027-10-31,2026-10-31,2173638.89,19315501.06,ANNUAL,ACTIVE,1,True,2173638.89,61
POL000005760,CUS00021426,MOTOR,PRV5,2026-01-02,2045-12-28,2027-01-02,3692330.78,57709896.12,QUARTERLY,ACTIVE,1,True,3692330.78,124
POL000005761,CUS00021430,HEALTH,PRV5,2025-05-26,2045-05-21,2027-05-26,402130.21,3687419.21,MONTHLY,ACTIVE,1,True,402130.21,268
POL000005762,CUS00021435,LIFE,PRV3,2026-05-08,2046-05-03,2027-05-08,306899.67,7455070.78,ANNUAL,ACTIVE,1,True,306899.67,250
POL000005763,CUS00021438,HEALTH,PRV2,2024-12-20,2034-12-18,2026-12-20,399748.21,9319327.38,ANNUAL,ACTIVE,1,True,399748.21,111
POL000005764,CUS00021440,LIFE,PRV3,2024-09-21,2044-09-16,2026-09-21,1168960.22,26389593.08,ANNUAL,ACTIVE,1,True,1168960.22,21
POL000005765,CUS00021442,MOTOR,PRV5,2024-01-30,2025-01-29,2027-01-29,595607.63,13904057.09,ANNUAL,LAPSED,1,False,0.0,
POL000005766,CUS00021443,MOTOR,PRV4,2025-01-09,2045-01-04,2027-01-09,5894669.65,67634567.26,QUARTERLY,ACTIVE,1,True,5894669.65,131
POL000005767,CUS00021444,LIFE,PRV3,2023-10-27,2024-10-26,2026-10-26,10236846.58,185894570.05,ANNUAL,LAPSED,1,False,0.0,
POL000005768,CUS00021456,LIFE,PRV3,2022-09-29,2042-09-24,2026-09-28,2383062.83,36107243.64,ANNUAL,ACTIVE,1,True,2383062.83,28
POL000005769,CUS00021457,LIFE,PRV4,2023-05-10,2024-05-09,2027-05-09,1413937.04,30653489.06,MONTHLY,LAPSED,1,False,0.0,
POL000005770,CUS00021459,LIFE,PRV5,2026-02-10,2031-02-09,2027-02-10,319524.72,7094141.41,QUARTERLY,ACTIVE,1,True,319524.72,163
POL000005771,CUS00021462,TRAVEL,PRV2,2025-04-14,2045-04-09,2027-04-14,570809.87,14043180.08,ANNUAL,ACTIVE,1,True,570809.87,226
POL000005772,CUS00021464,HEALTH,PRV5,2025-09-23,2035-09-21,2026-09-23,15377401.73,219342734.64,MONTHLY,ACTIVE,1,True,15377401.73,23
POL000005773,CUS00021470,HEALTH,PRV2,2023-02-21,2028-02-20,2027-02-20,18498658.53,312140644.73,ANNUAL,ACTIVE,1,True,18498658.53,173
POL000005774,CUS00021475,LIFE,PRV3,2025-12-20,2035-12-18,2026-12-20,1362498.55,29334353.51,MONTHLY,ACTIVE,1,True,1362498.55,111
POL000005775,CUS00021479,HEALTH,PRV4,2022-11-27,2027-11-26,2026-11-26,2858017.4,25810827.74,QUARTERLY,ACTIVE,1,True,2858017.4,87
POL000005776,CUS00021480,TRAVEL,PRV5,2024-06-23,2044-06-18,2027-06-23,1629064.89,35424647.66,ANNUAL,ACTIVE,1,True,1629064.89,296
POL000005777,CUS00021481,HOME,PRV3,2025-03-18,2035-03-16,2027-03-18,1159496.56,19401004.53,QUARTERLY,ACTIVE,1,True,1159496.56,199
POL000005778,CUS00021521,LIFE,PRV1,2022-09-15,2027-09-14,2026-09-14,127316.52,1790682.02,MONTHLY,ACTIVE,1,True,127316.52,14
POL000005779,CUS00021525,HEALTH,PRV1,2022-10-18,2042-10-13,2026-10-17,1466532.31,18145631.03,MONTHLY,ACTIVE,1,True,1466532.31,47
POL000005780,CUS00021526,HEALTH,PRV4,2023-06-16,2033-06-13,2027-06-15,27849567.18,262216002.65,ANNUAL,ACTIVE,1,True,27849567.18,288
POL000005781,CUS00021528,LIFE,PRV2,2022-08-09,2032-08-06,2027-08-08,1474437.78,19170632.37,MONTHLY,ACTIVE,2,True,1795587.39,130
POL000005782,CUS00021528,MOTOR,PRV2,2024-01-09,2044-01-04,2027-01-08,321149.61,4688124.9,ANNUAL,ACTIVE,2,True,1795587.39,130
POL000005783,CUS00021529,LIFE,PRV4,2022-10-01,2023-10-01,2026-09-30,1334850.12,22799047.63,MONTHLY,LAPSED,1,False,0.0,
POL000005784,CUS00021532,HEALTH,PRV3,2024-07-01,2034-06-29,2027-07-01,2076859.73,40106070.93,ANNUAL,ACTIVE,2,True,2564654.76,304
POL000005785,CUS00021532,TRAVEL,PRV1,2025-08-24,2045-08-19,2027-08-24,487795.03,4614063.5,MONTHLY,ACTIVE,2,True,2564654.76,304
POL000005786,CUS00021534,MOTOR,PRV3,2025-06-02,2045-05-28,2027-06-02,601350.42,5690464.59,ANNUAL,ACTIVE,1,True,601350.42,275
POL000005787,CUS00021535,TRAVEL,PRV4,2023-06-11,2028-06-09,2027-06-10,1245692.58,26127280.51,MONTHLY,ACTIVE,1,True,1245692.58,283
POL000005788,CUS00021537,HEALTH,PRV1,2024-06-08,2034-06-06,2027-06-08,835548.96,8832000.3,ANNUAL,ACTIVE,1,True,835548.96,281
POL000005789,CUS00021540,TRAVEL,PRV2,2023-11-11,2043-11-06,2026-11-10,435076.98,7104764.62,MONTHLY,ACTIVE,1,True,435076.98,71
POL000005790,CUS00021542,LIFE,PRV2,2023-07-14,2043-07-09,2027-07-13,6345150.8,53316313.8,MONTHLY,ACTIVE,2,True,9085747.5,281
POL000005791,CUS00021542,HOME,PRV2,2023-06-09,2033-06-06,2027-06-08,2740596.7,66545307.08,MONTHLY,ACTIVE,2,True,9085747.5,281
POL000005792,CUS00021557,LIFE,PRV5,2024-11-29,2034-11-27,2026-11-29,1198614.39,17481598.14,ANNUAL,ACTIVE,1,True,1198614.39,90
POL000005793,CUS00021562,LIFE,PRV5,2024-11-06,2029-11-05,2026-11-06,554399.67,7042391.29,ANNUAL,ACTIVE,2,True,1574075.09,67
POL000005794,CUS00021562,TRAVEL,PRV3,2024-04-05,2044-03-31,2027-04-05,1019675.42,18386617.55,ANNUAL,ACTIVE,2,True,1574075.09,67
POL000005795,CUS00021565,LIFE,PRV5,2025-06-24,2035-06-22,2027-06-24,4375211.26,63669545.3,MONTHLY,ACTIVE,1,True,4375211.26,297
POL000005796,CUS00021588,LIFE,PRV5,2024-03-27,2044-03-22,2027-03-27,7905903.45,68663919.99,QUARTERLY,ACTIVE,2,True,21007296.15,208
POL000005797,CUS00021588,HEALTH,PRV2,2024-08-10,2034-08-08,2027-08-10,13101392.7,181394837.59,ANNUAL,ACTIVE,2,True,21007296.15,208
POL000005798,CUS00021592,HEALTH,PRV1,2025-11-09,2035-11-07,2026-11-09,170108.93,3714980.9,MONTHLY,ACTIVE,2,True,170108.93,70
POL000005799,CUS00021592,LIFE,PRV2,2023-07-20,2024-07-19,2027-07-19,297589.91,7160176.89,ANNUAL,LAPSED,2,True,170108.93,70
POL000005800,CUS00021599,LIFE,PRV5,2023-09-25,2024-09-24,2026-09-24,229978.94,3840753.57,ANNUAL,LAPSED,1,False,0.0,
POL000005801,CUS00021607,LIFE,PRV3,2023-02-23,2033-02-20,2027-02-22,7076812.07,79269679.57,MONTHLY,ACTIVE,1,True,7076812.07,175
POL000005802,CUS00021610,HEALTH,PRV2,2024-05-25,2044-05-20,2027-05-25,5564691.94,137032014.65,ANNUAL,ACTIVE,1,True,5564691.94,267
POL000005803,CUS00021613,HOME,PRV3,2026-06-18,2036-06-15,2027-06-18,1101180.45,15225340.1,MONTHLY,ACTIVE,1,True,1101180.45,291
POL000005804,CUS00021616,LIFE,PRV5,2023-05-06,2043-05-01,2027-05-05,3575319.97,64825998.86,ANNUAL,ACTIVE,1,True,3575319.97,247
POL000005805,CUS00021618,HEALTH,PRV5,2024-05-12,2044-05-07,2027-05-12,2490552.33,43157593.45,ANNUAL,ACTIVE,2,True,6193321.97,122
POL000005806,CUS00021618,HEALTH,PRV5,2023-01-01,2042-12-27,2026-12-31,3702769.64,76226736.43,ANNUAL,ACTIVE,2,True,6193321.97,122
POL000005807,CUS00021620,LIFE,PRV5,2024-01-22,2034-01-19,2027-01-21,3888737.43,45800556.68,ANNUAL,ACTIVE,1,True,3888737.43,143
POL000005808,CUS00021624,MOTOR,PRV2,2024-03-05,2034-03-03,2027-03-05,1559002.97,18278813.64,MONTHLY,ACTIVE,1,True,1559002.97,186
POL000005809,CUS00021626,MOTOR,PRV2,2026-07-30,2046-07-25,2027-07-30,2401533.15,45751564.91,QUARTERLY,ACTIVE,2,True,4093890.75,228
POL000005810,CUS00021626,HEALTH,PRV1,2025-04-16,2035-04-14,2027-04-16,1692357.6,19079841.28,ANNUAL,ACTIVE,2,True,4093890.75,228
POL000005811,CUS00021627,HEALTH,PRV5,2023-10-12,2043-10-07,2026-10-11,6582353.36,61103271.72,MONTHLY,ACTIVE,1,True,6582353.36,41
POL000005812,CUS00021628,LIFE,PRV4,2023-05-31,2024-05-30,2027-05-30,383726.55,6465047.19,QUARTERLY,LAPSED,1,False,0.0,
POL000005813,CUS00021630,TRAVEL,PRV1,2026-05-21,2036-05-18,2027-05-21,344512.02,4563695.06,QUARTERLY,ACTIVE,1,True,344512.02,263
POL000005814,CUS00021641,LIFE,PRV3,2025-12-01,2026-12-01,2026-12-01,350341.84,3250471.21,ANNUAL,ACTIVE,1,True,350341.84,92
POL000005815,CUS00021644,TRAVEL,PRV4,2024-07-29,2044-07-24,2027-07-29,855778.8,8179252.29,ANNUAL,ACTIVE,1,True,855778.8,332
POL000005816,CUS00021652,HOME,PRV3,2023-04-03,2043-03-29,2027-04-02,1165627.31,10823920.27,ANNUAL,ACTIVE,2,True,5342408.43,214
POL000005817,CUS00021652,TRAVEL,PRV4,2026-04-26,2036-04-23,2027-04-26,4176781.12,70738890.25,ANNUAL,ACTIVE,2,True,5342408.43,214
POL000005818,CUS00021653,LIFE,PRV1,2024-11-06,2034-11-04,2026-11-06,739383.42,16373613.8,MONTHLY,ACTIVE,2,True,1384872.88,67
POL000005819,CUS00021653,HEALTH,PRV5,2025-08-24,2045-08-19,2027-08-24,645489.46,15004780.29,MONTHLY,ACTIVE,2,True,1384872.88,67
POL000005820,CUS00021657,LIFE,PRV5,2025-07-17,2035-07-15,2027-07-17,4316013.96,69453532.06,ANNUAL,ACTIVE,1,True,4316013.96,320
POL000005821,CUS00021660,HEALTH,PRV1,2023-01-02,2024-01-02,2027-01-01,17443302.04,206905465.9,ANNUAL,LAPSED,2,True,26408525.14,127
POL000005822,CUS00021660,LIFE,PRV5,2026-01-05,2031-01-04,2027-01-05,26408525.14,489258471.93,QUARTERLY,ACTIVE,2,True,26408525.14,127
POL000005823,CUS00021662,HOME,PRV3,2025-01-15,2035-01-13,2027-01-15,4440202.97,110731621.28,QUARTERLY,ACTIVE,1,True,4440202.97,137
POL000005824,CUS00021665,TRAVEL,PRV3,2024-05-23,2044-05-18,2027-05-23,127157.03,2412942.58,MONTHLY,ACTIVE,1,True,127157.03,265
POL000005825,CUS00021667,TRAVEL,PRV1,2025-03-16,2035-03-14,2027-03-16,400933.94,4811088.64,ANNUAL,ACTIVE,2,True,1222485.69,197
POL000005826,CUS00021667,LIFE,PRV5,2024-06-27,2044-06-22,2027-06-27,821551.75,8877229.9,MONTHLY,ACTIVE,2,True,1222485.69,197
POL000005827,CUS00021682,HEALTH,PRV4,2025-03-05,2045-02-28,2027-03-05,567616.04,6282688.31,QUARTERLY,ACTIVE,1,True,567616.04,186
POL000005828,CUS00021683,HEALTH,PRV3,2026-02-07,2031-02-06,2027-02-07,252542.57,5550869.95,MONTHLY,ACTIVE,1,True,252542.57,160
POL000005829,CUS00021685,MOTOR,PRV3,2023-06-29,2028-06-27,2027-06-28,1330371.04,26731426.1,ANNUAL,ACTIVE,1,True,1330371.04,301
POL000005830,CUS00021692,MOTOR,PRV1,2025-02-08,2030-02-07,2027-02-08,272899.12,2217984.14,MONTHLY,ACTIVE,1,True,272899.12,161
POL000005831,CUS00021693,HEALTH,PRV3,2025-05-25,2030-05-24,2027-05-25,113702.0,2775712.42,QUARTERLY,ACTIVE,1,True,113702.0,267
POL000005832,CUS00021696,LIFE,PRV5,2023-05-21,2028-05-19,2027-05-20,3998611.64,74172049.36,QUARTERLY,ACTIVE,1,True,3998611.64,262
POL000005833,CUS00021701,HEALTH,PRV4,2025-02-16,2030-02-15,2027-02-16,925939.71,7981531.73,ANNUAL,ACTIVE,1,True,925939.71,169
POL000005834,CUS00021703,LIFE,PRV4,2022-08-14,2032-08-11,2027-08-13,2219331.35,18011343.23,ANNUAL,ACTIVE,1,True,2219331.35,347
POL000005835,CUS00021708,HEALTH,PRV4,2023-01-03,2032-12-31,2027-01-02,5466521.87,79164645.47,ANNUAL,ACTIVE,2,True,5466521.87,124
POL000005836,CUS00021708,HEALTH,PRV5,2025-06-12,2026-06-12,2027-06-12,3242863.91,36872805.23,ANNUAL,LAPSED,2,True,5466521.87,124
POL000005837,CUS00021716,HEALTH,PRV1,2023-06-25,2024-06-24,2027-06-24,6626209.03,73718508.68,QUARTERLY,LAPSED,1,False,0.0,
POL000005838,CUS00021719,LIFE,PRV2,2024-11-16,2025-11-16,2026-11-16,1903324.24,46590855.03,QUARTERLY,LAPSED,1,False,0.0,
POL000005839,CUS00021723,HOME,PRV5,2026-04-23,2036-04-20,2027-04-23,591503.83,12965878.92,ANNUAL,ACTIVE,1,True,591503.83,235
POL000005840,CUS00021724,LIFE,PRV3,2022-10-22,2027-10-21,2026-10-21,2393244.59,44761483.65,ANNUAL,ACTIVE,1,True,2393244.59,51
POL000005841,CUS00021733,HOME,PRV3,2022-11-09,2023-11-09,2026-11-08,2784099.98,39304806.36,MONTHLY,LAPSED,2,True,4774397.54,1
POL000005842,CUS00021733,HEALTH,PRV1,2024-09-01,2034-08-30,2026-09-01,4774397.54,60340109.06,QUARTERLY,ACTIVE,2,True,4774397.54,1
POL000005843,CUS00021737,HEALTH,PRV4,2023-06-27,2024-06-26,2027-06-26,1023393.96,23146526.45,ANNUAL,LAPSED,1,False,0.0,
POL000005844,CUS00021740,LIFE,PRV5,2023-09-01,2033-08-29,2027-08-31,11108729.62,273142789.38,QUARTERLY,ACTIVE,2,True,18815093.07,162
POL000005845,CUS00021740,LIFE,PRV3,2023-02-10,2033-02-07,2027-02-09,7706363.45,141667450.21,QUARTERLY,ACTIVE,2,True,18815093.07,162
POL000005846,CUS00021741,TRAVEL,PRV5,2023-05-04,2024-05-03,2027-05-03,656603.56,11968868.11,QUARTERLY,LAPSED,1,False,0.0,
POL000005847,CUS00021742,MOTOR,PRV5,2023-04-21,2028-04-19,2027-04-20,553415.14,10160533.9,ANNUAL,ACTIVE,1,True,553415.14,232
POL000005848,CUS00021747,HEALTH,PRV5,2024-08-08,2025-08-08,2027-08-08,914353.66,21646866.8,MONTHLY,LAPSED,2,True,3347512.52,172
POL000005849,CUS00021747,LIFE,PRV5,2023-02-20,2033-02-17,2027-02-19,3347512.52,40774555.52,ANNUAL,ACTIVE,2,True,3347512.52,172
POL000005850,CUS00021752,LIFE,PRV3,2026-04-13,2036-04-10,2027-04-13,4524212.02,71533086.32,ANNUAL,ACTIVE,1,True,4524212.02,225
POL000005851,CUS00021754,LIFE,PRV1,2025-04-11,2030-04-10,2027-04-11,9707720.64,141609945.83,MONTHLY,ACTIVE,1,True,9707720.64,223
POL000005852,CUS00021756,MOTOR,PRV4,2026-02-16,2031-02-15,2027-02-16,2214162.37,21622683.82,ANNUAL,ACTIVE,1,True,2214162.37,169
POL000005853,CUS00021757,LIFE,PRV3,2024-04-12,2025-04-12,2027-04-12,3666626.54,41330458.7,MONTHLY,LAPSED,1,False,0.0,
POL000005854,CUS00021764,LIFE,PRV1,2025-04-26,2045-04-21,2027-04-26,4297606.54,89016462.52,MONTHLY,ACTIVE,2,True,4297606.54,238
POL000005855,CUS00021764,HEALTH,PRV1,2022-11-28,2023-11-28,2026-11-27,2916884.51,68156058.95,MONTHLY,LAPSED,2,True,4297606.54,238
POL000005856,CUS00021770,LIFE,PRV1,2025-11-19,2045-11-14,2026-11-19,551888.55,6592940.73,MONTHLY,ACTIVE,2,True,551888.55,80
POL000005857,CUS00021770,LIFE,PRV4,2024-12-18,2025-12-18,2026-12-18,251748.38,5776760.54,ANNUAL,LAPSED,2,True,551888.55,80
POL000005858,CUS00021771,LIFE,PRV2,2023-01-07,2043-01-02,2027-01-06,1482674.55,24210478.48,MONTHLY,ACTIVE,1,True,1482674.55,128
POL000005859,CUS00021775,LIFE,PRV4,2024-03-17,2034-03-15,2027-03-17,7849692.63,80959298.71,ANNUAL,ACTIVE,1,True,7849692.63,198
POL000005860,CUS00021779,TRAVEL,PRV4,2024-05-03,2044-04-28,2027-05-03,7302178.53,128341488.81,ANNUAL,ACTIVE,1,True,7302178.53,245
POL000005861,CUS00021787,MOTOR,PRV3,2025-04-10,2026-04-10,2027-04-10,388672.76,7553764.69,ANNUAL,LAPSED,1,False,0.0,
POL000005862,CUS00021802,HEALTH,PRV3,2023-07-25,2024-07-24,2027-07-24,15639344.58,231749513.19,MONTHLY,LAPSED,1,False,0.0,
POL000005863,CUS00021810,HEALTH,PRV4,2025-09-20,2035-09-18,2026-09-20,12903047.75,311316798.78,QUARTERLY,ACTIVE,1,True,12903047.75,20
POL000005864,CUS00021811,HEALTH,PRV1,2023-05-17,2024-05-16,2027-05-16,3321640.02,31491758.52,QUARTERLY,LAPSED,1,False,0.0,
POL000005865,CUS00021812,LIFE,PRV5,2023-04-14,2028-04-12,2027-04-13,293443.37,7139380.24,ANNUAL,ACTIVE,1,True,293443.37,225
POL000005866,CUS00021818,MOTOR,PRV4,2022-09-26,2027-09-25,2026-09-25,3752313.44,48184799.05,QUARTERLY,ACTIVE,1,True,3752313.44,25
POL000005867,CUS00021821,LIFE,PRV2,2023-06-27,2024-06-26,2027-06-26,5697106.13,111247173.32,MONTHLY,LAPSED,1,False,0.0,
POL000005868,CUS00021825,LIFE,PRV5,2023-01-27,2043-01-22,2027-01-26,2084872.93,47992806.47,MONTHLY,ACTIVE,1,True,2084872.93,148
POL000005869,CUS00021833,LIFE,PRV4,2026-04-01,2036-03-29,2027-04-01,129860.29,2819258.23,MONTHLY,ACTIVE,1,True,129860.29,213
POL000005870,CUS00021834,LIFE,PRV4,2026-01-26,2031-01-25,2027-01-26,2581558.99,40837228.59,MONTHLY,ACTIVE,2,True,4591393.06,148
POL000005871,CUS00021834,HEALTH,PRV3,2025-03-23,2045-03-18,2027-03-23,2009834.07,28973412.28,ANNUAL,ACTIVE,2,True,4591393.06,148
POL000005872,CUS00021841,LIFE,PRV1,2024-01-16,2025-01-15,2027-01-15,242630.79,2801851.8,QUARTERLY,LAPSED,1,False,0.0,
POL000005873,CUS00021845,HEALTH,PRV3,2023-06-30,2024-06-29,2027-06-29,4954596.02,83611012.12,MONTHLY,LAPSED,1,False,0.0,
POL000005874,CUS00021863,LIFE,PRV2,2022-10-02,2032-09-29,2026-10-01,19006943.02,200878786.97,MONTHLY,ACTIVE,2,True,26222639.02,31
POL000005875,CUS00021863,HEALTH,PRV4,2022-10-05,2042-09-30,2026-10-04,7215696.0,59177900.89,MONTHLY,ACTIVE,2,True,26222639.02,31
POL000005876,CUS00021864,MOTOR,PRV1,2022-08-29,2042-08-24,2027-08-28,2316122.32,24424648.93,ANNUAL,ACTIVE,1,True,2316122.32,362
POL000005877,CUS00021873,HEALTH,PRV2,2022-12-29,2027-12-28,2026-12-28,684570.2,8635114.95,ANNUAL,ACTIVE,2,True,1114858.03,119
POL000005878,CUS00021873,LIFE,PRV2,2025-01-17,2030-01-16,2027-01-17,430287.83,9996539.81,ANNUAL,ACTIVE,2,True,1114858.03,119
POL000005879,CUS00021890,HEALTH,PRV4,2026-01-20,2031-01-19,2027-01-20,902711.62,19523211.07,MONTHLY,ACTIVE,1,True,902711.62,142
POL000005880,CUS00021891,TRAVEL,PRV3,2024-10-21,2044-10-16,2026-10-21,195986.23,3089121.94,ANNUAL,ACTIVE,1,True,195986.23,51
POL000005881,CUS00021895,HEALTH,PRV5,2023-04-11,2033-04-08,2027-04-10,10444598.27,95990836.61,QUARTERLY,ACTIVE,1,True,10444598.27,222
POL000005882,CUS00021897,HEALTH,PRV3,2022-08-01,2023-08-01,2027-07-31,921460.4,15606056.61,ANNUAL,LAPSED,1,False,0.0,
POL000005883,CUS00021901,LIFE,PRV3,2025-12-20,2030-12-19,2026-12-20,9152247.07,195702713.68,ANNUAL,ACTIVE,1,True,9152247.07,111
POL000005884,CUS00021904,HEALTH,PRV2,2023-05-27,2033-05-24,2027-05-26,3293972.94,74248789.9,ANNUAL,ACTIVE,1,True,3293972.94,268
POL000005885,CUS00021905,LIFE,PRV2,2022-11-17,2042-11-12,2026-11-16,4691794.04,47740230.91,ANNUAL,ACTIVE,1,True,4691794.04,77
POL000005886,CUS00021910,HEALTH,PRV3,2022-08-10,2032-08-07,2027-08-09,1050668.4,25682604.3,ANNUAL,ACTIVE,1,True,1050668.4,343
POL000005887,CUS00021923,HEALTH,PRV3,2026-03-12,2031-03-11,2027-03-12,19696956.86,223882062.68,ANNUAL,ACTIVE,1,True,19696956.86,193
POL000005888,CUS00021927,HEALTH,PRV3,2022-10-14,2032-10-11,2026-10-13,1509166.97,15909063.14,ANNUAL,ACTIVE,1,True,1509166.97,43
POL000005889,CUS00021928,HEALTH,PRV1,2023-07-13,2024-07-12,2027-07-12,182697.79,4186301.47,MONTHLY,LAPSED,1,False,0.0,
POL000005890,CUS00021932,HEALTH,PRV2,2024-01-01,2033-12-29,2026-12-31,109871.32,1655084.57,ANNUAL,ACTIVE,1,True,109871.32,122
POL000005891,CUS00021945,LIFE,PRV4,2023-01-07,2028-01-06,2027-01-06,522774.97,4941088.28,QUARTERLY,ACTIVE,1,True,522774.97,128
POL000005892,CUS00021947,HOME,PRV5,2026-06-01,2027-06-01,2027-06-01,241959.12,5234062.97,QUARTERLY,ACTIVE,2,True,509050.39,70
POL000005893,CUS00021947,LIFE,PRV2,2025-11-09,2030-11-08,2026-11-09,267091.27,4446231.6,ANNUAL,ACTIVE,2,True,509050.39,70
POL000005894,CUS00021948,HEALTH,PRV1,2024-07-23,2025-07-23,2027-07-23,366225.18,7746292.48,ANNUAL,LAPSED,1,False,0.0,
POL000005895,CUS00021954,LIFE,PRV2,2025-12-05,2026-12-05,2026-12-05,2684984.1,44894372.51,ANNUAL,ACTIVE,2,True,2684984.1,96
POL000005896,CUS00021954,HEALTH,PRV3,2023-01-18,2024-01-18,2027-01-17,2337467.31,47824681.77,ANNUAL,LAPSED,2,True,2684984.1,96
POL000005897,CUS00021957,HEALTH,PRV1,2024-11-16,2034-11-14,2026-11-16,4180346.19,53156574.92,MONTHLY,ACTIVE,1,True,4180346.19,77
POL000005898,CUS00021958,MOTOR,PRV4,2023-12-12,2028-12-10,2026-12-11,2435124.22,27161619.09,ANNUAL,ACTIVE,2,True,4068235.01,14
POL000005899,CUS00021958,LIFE,PRV1,2025-09-14,2030-09-13,2026-09-14,1633110.79,39727052.94,ANNUAL,ACTIVE,2,True,4068235.01,14
POL000005900,CUS00021959,LIFE,PRV4,2025-08-24,2026-08-24,2027-08-24,1616235.55,21548957.62,ANNUAL,LAPSED,1,False,0.0,
POL000005901,CUS00021965,HEALTH,PRV1,2025-12-08,2026-12-08,2026-12-08,1716581.74,25032013.6,QUARTERLY,ACTIVE,1,True,1716581.74,99
POL000005902,CUS00021973,TRAVEL,PRV1,2025-02-06,2030-02-05,2027-02-06,423353.42,6329909.72,ANNUAL,ACTIVE,1,True,423353.42,159
POL000005903,CUS00021974,LIFE,PRV5,2025-10-18,2035-10-16,2026-10-18,647115.98,9558989.55,ANNUAL,ACTIVE,1,True,647115.98,48
POL000005904,CUS00021976,HEALTH,PRV1,2026-03-13,2027-03-13,2027-03-13,2995033.35,74021016.81,MONTHLY,ACTIVE,1,True,2995033.35,194
POL000005905,CUS00021992,HEALTH,PRV5,2024-01-20,2025-01-19,2027-01-19,305435.25,2783984.54,MONTHLY,LAPSED,1,False,0.0,
POL000005906,CUS00021995,HOME,PRV5,2023-10-20,2043-10-15,2026-10-19,1998281.4,17686713.45,ANNUAL,ACTIVE,1,True,1998281.4,49
POL000005907,CUS00022010,MOTOR,PRV2,2025-08-16,2035-08-14,2027-08-16,898735.69,21823402.96,QUARTERLY,ACTIVE,1,True,898735.69,350
POL000005908,CUS00022021,LIFE,PRV2,2025-05-21,2030-05-20,2027-05-21,2652025.3,38450055.76,QUARTERLY,ACTIVE,1,True,2652025.3,263
POL000005909,CUS00022024,HOME,PRV1,2024-09-28,2025-09-28,2026-09-28,320877.69,3436475.23,ANNUAL,LAPSED,1,False,0.0,
POL000005910,CUS00022027,MOTOR,PRV5,2024-06-13,2025-06-13,2027-06-13,1017474.88,24794498.31,MONTHLY,LAPSED,1,False,0.0,
POL000005911,CUS00022029,LIFE,PRV5,2024-09-10,2044-09-05,2026-09-10,495669.55,5530233.02,MONTHLY,ACTIVE,2,True,976701.66,10
POL000005912,CUS00022029,TRAVEL,PRV5,2023-08-05,2043-07-31,2027-08-04,481032.11,9177842.95,ANNUAL,ACTIVE,2,True,976701.66,10
POL000005913,CUS00022031,MOTOR,PRV5,2025-08-11,2026-08-11,2027-08-11,82117.05,816139.32,ANNUAL,LAPSED,1,False,0.0,
POL000005914,CUS00022035,TRAVEL,PRV4,2025-11-06,2030-11-05,2026-11-06,4530472.6,71360211.18,QUARTERLY,ACTIVE,1,True,4530472.6,67
POL000005915,CUS00022040,LIFE,PRV3,2023-11-22,2028-11-20,2026-11-21,217480.07,5168813.77,ANNUAL,ACTIVE,2,True,565945.55,82
POL000005916,CUS00022040,HEALTH,PRV3,2024-01-17,2044-01-12,2027-01-16,348465.48,8168110.97,MONTHLY,ACTIVE,2,True,565945.55,82
POL000005917,CUS00022046,LIFE,PRV4,2023-04-10,2028-04-08,2027-04-09,556600.81,12485273.23,ANNUAL,ACTIVE,1,True,556600.81,221
POL000005918,CUS00022052,HEALTH,PRV3,2022-10-17,2032-10-14,2026-10-16,159505.44,3027809.05,MONTHLY,ACTIVE,2,True,377288.04,46
POL000005919,CUS00022052,LIFE,PRV2,2026-05-29,2027-05-29,2027-05-29,217782.6,1881410.21,ANNUAL,ACTIVE,2,True,377288.04,46
POL000005920,CUS00022054,MOTOR,PRV3,2023-12-11,2043-12-06,2026-12-10,10941854.41,264878176.04,ANNUAL,ACTIVE,1,True,10941854.41,101
POL000005921,CUS00022055,HEALTH,PRV4,2025-04-24,2030-04-23,2027-04-24,3893699.22,73957559.77,ANNUAL,ACTIVE,1,True,3893699.22,236
POL000005922,CUS00022057,LIFE,PRV5,2026-05-31,2036-05-28,2027-05-31,46428441.86,589655987.96,MONTHLY,ACTIVE,1,True,46428441.86,273
POL000005923,CUS00022063,LIFE,PRV2,2024-07-28,2025-07-28,2027-07-28,45739.67,378483.86,QUARTERLY,LAPSED,1,False,0.0,
POL000005924,CUS00022067,TRAVEL,PRV2,2023-12-05,2028-12-03,2026-12-04,227821.22,1990617.43,ANNUAL,ACTIVE,1,True,227821.22,95
POL000005925,CUS00022073,MOTOR,PRV5,2025-11-20,2045-11-15,2026-11-20,2985058.74,68564216.68,ANNUAL,ACTIVE,2,True,12382128.15,27
POL000005926,CUS00022073,LIFE,PRV3,2025-09-27,2035-09-25,2026-09-27,9397069.41,142279984.27,ANNUAL,ACTIVE,2,True,12382128.15,27
POL000005927,CUS00022075,LIFE,PRV1,2025-06-28,2045-06-23,2027-06-28,5480319.33,54513943.94,QUARTERLY,ACTIVE,2,True,17312947.34,297
POL000005928,CUS00022075,HEALTH,PRV1,2026-06-24,2031-06-23,2027-06-24,11832628.01,259432871.93,QUARTERLY,ACTIVE,2,True,17312947.34,297
POL000005929,CUS00022077,LIFE,PRV5,2022-08-28,2023-08-28,2027-08-27,1685074.48,32380866.24,ANNUAL,LAPSED,2,True,1798928.59,210
POL000005930,CUS00022077,HEALTH,PRV3,2025-03-29,2045-03-24,2027-03-29,1798928.59,35780942.55,MONTHLY,ACTIVE,2,True,1798928.59,210
POL000005931,CUS00022085,HEALTH,PRV4,2024-01-27,2029-01-25,2027-01-26,7391858.49,60388317.52,QUARTERLY,ACTIVE,1,True,7391858.49,148
POL000005932,CUS00022087,LIFE,PRV2,2022-12-08,2042-12-03,2026-12-07,3689156.3,72208628.56,ANNUAL,ACTIVE,2,True,11609611.57,4
POL000005933,CUS00022087,LIFE,PRV4,2024-09-04,2029-09-03,2026-09-04,7920455.27,191379200.3,ANNUAL,ACTIVE,2,True,11609611.57,4
POL000005934,CUS00022103,LIFE,PRV2,2023-03-07,2033-03-04,2027-03-06,1621344.28,27810243.31,ANNUAL,ACTIVE,1,True,1621344.28,187
POL000005935,CUS00022105,HOME,PRV1,2023-06-11,2024-06-10,2027-06-10,1427481.24,14062132.85,ANNUAL,LAPSED,1,False,0.0,
POL000005936,CUS00022116,LIFE,PRV1,2023-02-16,2024-02-16,2027-02-15,477224.57,8398836.49,ANNUAL,LAPSED,1,False,0.0,
POL000005937,CUS00022136,HEALTH,PRV2,2026-03-18,2046-03-13,2027-03-18,1471648.69,23834853.98,ANNUAL,ACTIVE,1,True,1471648.69,199
POL000005938,CUS00022142,LIFE,PRV1,2026-07-25,2027-07-25,2027-07-25,3623733.31,33547170.57,ANNUAL,ACTIVE,1,True,3623733.31,328
POL000005939,CUS00022157,LIFE,PRV4,2024-07-05,2025-07-05,2027-07-05,596306.68,6534235.2,ANNUAL,LAPSED,1,False,0.0,
POL000005940,CUS00022159,HEALTH,PRV5,2023-02-17,2024-02-17,2027-02-16,744406.82,13966549.88,MONTHLY,LAPSED,1,False,0.0,
POL000005941,CUS00022166,LIFE,PRV4,2023-06-09,2043-06-04,2027-06-08,520027.63,10615459.31,ANNUAL,ACTIVE,2,True,1334097.47,241
POL000005942,CUS00022166,MOTOR,PRV3,2025-04-29,2045-04-24,2027-04-29,814069.84,18783334.58,MONTHLY,ACTIVE,2,True,1334097.47,241
POL000005943,CUS00022169,MOTOR,PRV5,2026-04-17,2046-04-12,2027-04-17,2383165.6,19877752.87,QUARTERLY,ACTIVE,1,True,2383165.6,229
POL000005944,CUS00022174,MOTOR,PRV4,2024-11-25,2034-11-23,2026-11-25,235576.42,3871153.08,ANNUAL,ACTIVE,1,True,235576.42,86
POL000005945,CUS00022182,LIFE,PRV5,2026-06-15,2036-06-12,2027-06-15,1587100.74,21242515.59,MONTHLY,ACTIVE,1,True,1587100.74,288
POL000005946,CUS00022191,HEALTH,PRV4,2026-02-01,2046-01-27,2027-02-01,4889651.32,85622952.4,ANNUAL,ACTIVE,2,True,6910697.69,28
POL000005947,CUS00022191,LIFE,PRV4,2023-09-29,2043-09-24,2026-09-28,2021046.37,21045731.53,ANNUAL,ACTIVE,2,True,6910697.69,28
POL000005948,CUS00022193,LIFE,PRV2,2023-09-28,2024-09-27,2026-09-27,6565815.46,87516607.83,MONTHLY,LAPSED,1,False,0.0,
POL000005949,CUS00022196,HEALTH,PRV2,2023-01-29,2033-01-26,2027-01-28,182291.61,4181812.89,ANNUAL,ACTIVE,1,True,182291.61,150
POL000005950,CUS00022197,HOME,PRV1,2023-08-01,2043-07-27,2027-07-31,1257289.63,22694704.08,ANNUAL,ACTIVE,1,True,1257289.63,334
POL000005951,CUS00022202,TRAVEL,PRV2,2025-08-27,2030-08-26,2027-08-27,1349597.95,12366856.85,QUARTERLY,ACTIVE,1,True,1349597.95,361
POL000005952,CUS00022208,LIFE,PRV2,2024-04-06,2029-04-05,2027-04-06,1787119.98,20166579.16,QUARTERLY,ACTIVE,1,True,1787119.98,218
POL000005953,CUS00022211,MOTOR,PRV1,2023-04-24,2043-04-19,2027-04-23,721533.91,15188171.84,QUARTERLY,ACTIVE,1,True,721533.91,235
POL000005954,CUS00022213,HOME,PRV4,2022-11-06,2042-11-01,2026-11-05,8413374.76,126663456.95,ANNUAL,ACTIVE,1,True,8413374.76,66
POL000005955,CUS00022223,MOTOR,PRV1,2022-11-09,2027-11-08,2026-11-08,312411.1,5893956.11,ANNUAL,ACTIVE,1,True,312411.1,69
POL000005956,CUS00022225,LIFE,PRV3,2025-03-30,2035-03-28,2027-03-30,810621.16,19082719.6,ANNUAL,ACTIVE,1,True,810621.16,211
POL000005957,CUS00022233,HEALTH,PRV5,2024-09-28,2034-09-26,2026-09-28,367053.31,5122118.79,MONTHLY,ACTIVE,2,True,519057.27,28
POL000005958,CUS00022233,LIFE,PRV5,2023-12-22,2028-12-20,2026-12-21,152003.96,3128157.71,MONTHLY,ACTIVE,2,True,519057.27,28
POL000005959,CUS00022235,MOTOR,PRV5,2024-06-30,2029-06-29,2027-06-30,1357642.88,18897830.45,MONTHLY,ACTIVE,1,True,1357642.88,303
POL000005960,CUS00022236,TRAVEL,PRV2,2025-04-28,2026-04-28,2027-04-28,1557708.39,37978321.99,ANNUAL,LAPSED,1,False,0.0,
POL000005961,CUS00022237,TRAVEL,PRV2,2024-02-16,2025-02-15,2027-02-15,836518.89,17379345.31,ANNUAL,LAPSED,2,False,0.0,
POL000005962,CUS00022237,LIFE,PRV4,2024-06-14,2025-06-14,2027-06-14,637486.48,12315523.32,QUARTERLY,LAPSED,2,False,0.0,
POL000005963,CUS00022238,TRAVEL,PRV1,2022-08-17,2042-08-12,2027-08-16,8156235.39,116451017.71,QUARTERLY,ACTIVE,1,True,8156235.39,350
POL000005964,CUS00022240,TRAVEL,PRV2,2022-08-19,2023-08-19,2027-08-18,21549101.41,471690034.49,ANNUAL,LAPSED,1,False,0.0,
POL000005965,CUS00022245,LIFE,PRV1,2022-12-28,2023-12-28,2026-12-27,3332063.62,50624306.47,MONTHLY,LAPSED,1,False,0.0,
POL000005966,CUS00022249,LIFE,PRV2,2022-10-11,2027-10-10,2026-10-10,833325.26,20689809.02,ANNUAL,ACTIVE,1,True,833325.26,40
POL000005967,CUS00022255,MOTOR,PRV2,2025-12-27,2026-12-27,2026-12-27,3399740.49,37316710.92,ANNUAL,ACTIVE,1,True,3399740.49,118
POL000005968,CUS00022256,LIFE,PRV5,2022-10-29,2042-10-24,2026-10-28,1510709.5,35159089.53,MONTHLY,ACTIVE,1,True,1510709.5,58
POL000005969,CUS00022259,TRAVEL,PRV4,2024-07-17,2025-07-17,2027-07-17,189219.22,1600646.99,QUARTERLY,LAPSED,1,False,0.0,
POL000005970,CUS00022268,MOTOR,PRV3,2024-12-03,2029-12-02,2026-12-03,854798.56,18453304.39,MONTHLY,ACTIVE,1,True,854798.56,94
POL000005971,CUS00022278,LIFE,PRV4,2022-08-16,2042-08-11,2027-08-15,571029.86,5097792.03,MONTHLY,ACTIVE,1,True,571029.86,349
POL000005972,CUS00022287,HOME,PRV4,2023-10-11,2043-10-06,2026-10-10,2227829.42,32623797.31,ANNUAL,ACTIVE,1,True,2227829.42,40
POL000005973,CUS00022288,LIFE,PRV4,2023-04-13,2028-04-11,2027-04-12,2493551.35,48986595.2,MONTHLY,ACTIVE,1,True,2493551.35,224
POL000005974,CUS00022293,MOTOR,PRV1,2024-02-08,2044-02-03,2027-02-07,1252556.5,22846204.63,QUARTERLY,ACTIVE,1,True,1252556.5,160
POL000005975,CUS00022297,HEALTH,PRV4,2022-10-30,2027-10-29,2026-10-29,832241.52,17354557.64,ANNUAL,ACTIVE,2,True,1296026.7,59
POL000005976,CUS00022297,LIFE,PRV2,2024-07-19,2034-07-17,2027-07-19,463785.18,5796506.98,ANNUAL,ACTIVE,2,True,1296026.7,59
POL000005977,CUS00022303,HOME,PRV4,2024-01-17,2029-01-15,2027-01-16,126924.64,2247644.53,ANNUAL,ACTIVE,1,True,126924.64,138
POL000005978,CUS00022310,LIFE,PRV5,2023-11-07,2028-11-05,2026-11-06,2767184.67,50086687.38,MONTHLY,ACTIVE,1,True,2767184.67,67
POL000005979,CUS00022316,LIFE,PRV1,2026-05-08,2046-05-03,2027-05-08,2134112.43,44965368.96,MONTHLY,ACTIVE,2,True,3204064.14,250
POL000005980,CUS00022316,HOME,PRV2,2026-06-02,2031-06-01,2027-06-02,1069951.71,22205480.97,ANNUAL,ACTIVE,2,True,3204064.14,250
POL000005981,CUS00022317,HEALTH,PRV5,2024-10-06,2029-10-05,2026-10-06,1223672.65,20143467.49,ANNUAL,ACTIVE,1,True,1223672.65,36
POL000005982,CUS00022320,LIFE,PRV5,2025-11-24,2045-11-19,2026-11-24,20418500.48,306424650.82,MONTHLY,ACTIVE,2,True,29106356.99,85
POL000005983,CUS00022320,HEALTH,PRV1,2025-03-26,2045-03-21,2027-03-26,8687856.51,197769919.15,MONTHLY,ACTIVE,2,True,29106356.99,85
POL000005984,CUS00022332,HOME,PRV1,2024-01-26,2029-01-24,2027-01-25,791269.52,16480945.38,ANNUAL,ACTIVE,1,True,791269.52,147
POL000005985,CUS00022336,HEALTH,PRV5,2023-03-06,2033-03-03,2027-03-05,848042.05,7022365.51,ANNUAL,ACTIVE,1,True,848042.05,186
POL000005986,CUS00022342,LIFE,PRV3,2026-04-21,2031-04-20,2027-04-21,532653.96,10641910.6,QUARTERLY,ACTIVE,1,True,532653.96,233
POL000005987,CUS00022344,TRAVEL,PRV1,2026-01-19,2031-01-18,2027-01-19,3259895.77,60450586.79,ANNUAL,ACTIVE,2,True,7196941.23,141
POL000005988,CUS00022344,MOTOR,PRV5,2025-05-11,2030-05-10,2027-05-11,3937045.46,52666054.52,ANNUAL,ACTIVE,2,True,7196941.23,141
POL000005989,CUS00022345,LIFE,PRV3,2025-12-21,2026-12-21,2026-12-21,2738907.92,63656924.33,MONTHLY,ACTIVE,2,True,4379322.91,112
POL000005990,CUS00022345,HOME,PRV1,2022-08-31,2042-08-26,2027-08-30,1640414.99,22229871.88,QUARTERLY,ACTIVE,2,True,4379322.91,112
POL000005991,CUS00022351,LIFE,PRV4,2025-01-19,2030-01-18,2027-01-19,630755.41,7344116.16,ANNUAL,ACTIVE,1,True,630755.41,141
POL000005992,CUS00022354,HEALTH,PRV5,2023-11-09,2043-11-04,2026-11-08,1252620.88,23208152.05,QUARTERLY,ACTIVE,2,True,3774247.26,69
POL000005993,CUS00022354,LIFE,PRV2,2025-01-15,2030-01-14,2027-01-15,2521626.38,57609252.02,ANNUAL,ACTIVE,2,True,3774247.26,69
POL000005994,CUS00022359,MOTOR,PRV5,2026-01-04,2027-01-04,2027-01-04,394219.29,9003878.56,MONTHLY,ACTIVE,1,True,394219.29,126
POL000005995,CUS00022367,MOTOR,PRV4,2025-10-31,2030-10-30,2026-10-31,608742.82,14675506.84,MONTHLY,ACTIVE,1,True,608742.82,61
POL000005996,CUS00022369,LIFE,PRV5,2024-04-13,2025-04-13,2027-04-13,2579824.52,26456142.17,ANNUAL,LAPSED,1,False,0.0,
POL000005997,CUS00022378,LIFE,PRV2,2026-04-12,2046-04-07,2027-04-12,909125.47,12866993.06,ANNUAL,ACTIVE,1,True,909125.47,224
POL000005998,CUS00022380,HEALTH,PRV5,2025-03-30,2026-03-30,2027-03-30,1489745.23,29887524.49,ANNUAL,LAPSED,1,False,0.0,
POL000005999,CUS00022381,TRAVEL,PRV4,2023-09-27,2028-09-25,2026-09-26,2321057.54,50622067.14,QUARTERLY,ACTIVE,2,True,4158152.21,26
POL000006000,CUS00022381,LIFE,PRV5,2022-12-05,2032-12-02,2026-12-04,1837094.67,21591058.78,MONTHLY,ACTIVE,2,True,4158152.21,26
POL000006001,CUS00022383,MOTOR,PRV3,2024-12-12,2025-12-12,2026-12-12,129913.43,2321248.53,ANNUAL,LAPSED,1,False,0.0,
POL000006002,CUS00022384,HOME,PRV5,2022-12-16,2027-12-15,2026-12-15,245970.26,4515582.01,MONTHLY,ACTIVE,1,True,245970.26,106
POL000006003,CUS00022386,LIFE,PRV1,2024-10-02,2044-09-27,2026-10-02,3241572.89,39256300.14,QUARTERLY,ACTIVE,1,True,3241572.89,32
POL000006004,CUS00022390,LIFE,PRV1,2025-06-07,2026-06-07,2027-06-07,7406282.67,111863738.42,MONTHLY,LAPSED,1,False,0.0,
POL000006005,CUS00022404,LIFE,PRV1,2023-07-23,2033-07-20,2027-07-22,1727353.81,18618004.3,ANNUAL,ACTIVE,1,True,1727353.81,325
POL000006006,CUS00022411,TRAVEL,PRV2,2026-03-16,2036-03-13,2027-03-16,638278.75,14108597.18,ANNUAL,ACTIVE,1,True,638278.75,197
POL000006007,CUS00022419,HOME,PRV4,2024-11-24,2029-11-23,2026-11-24,5688038.97,82248632.2,MONTHLY,ACTIVE,1,True,5688038.97,85
POL000006008,CUS00022423,LIFE,PRV4,2024-01-12,2034-01-09,2027-01-11,3311646.38,37308091.87,ANNUAL,ACTIVE,1,True,3311646.38,133
POL000006009,CUS00022444,LIFE,PRV3,2025-03-27,2045-03-22,2027-03-27,11519339.9,134833992.09,MONTHLY,ACTIVE,2,True,27254317.11,208
POL000006010,CUS00022444,TRAVEL,PRV1,2024-08-25,2044-08-20,2027-08-25,15734977.21,278672410.2,MONTHLY,ACTIVE,2,True,27254317.11,208
POL000006011,CUS00022446,HEALTH,PRV3,2025-02-23,2030-02-22,2027-02-23,11021758.82,120562894.22,ANNUAL,ACTIVE,1,True,11021758.82,176
POL000006012,CUS00022449,HEALTH,PRV4,2023-06-17,2043-06-12,2027-06-16,5107049.05,67139034.38,QUARTERLY,ACTIVE,1,True,5107049.05,289
POL000006013,CUS00022455,MOTOR,PRV1,2023-08-20,2024-08-19,2027-08-19,2811524.02,27264205.7,MONTHLY,LAPSED,2,True,6817076.63,292
POL000006014,CUS00022455,MOTOR,PRV1,2026-06-19,2031-06-18,2027-06-19,6817076.63,146514617.21,ANNUAL,ACTIVE,2,True,6817076.63,292
POL000006015,CUS00022461,MOTOR,PRV5,2026-07-29,2031-07-28,2027-07-29,1112904.14,15142963.66,ANNUAL,ACTIVE,1,True,1112904.14,332
POL000006016,CUS00022466,TRAVEL,PRV3,2025-11-03,2026-11-03,2026-11-03,481937.38,10287981.54,ANNUAL,ACTIVE,1,True,481937.38,64
POL000006017,CUS00022474,HEALTH,PRV4,2025-02-11,2045-02-06,2027-02-11,512625.07,10122935.1,QUARTERLY,ACTIVE,1,True,512625.07,164
POL000006018,CUS00022475,HEALTH,PRV4,2023-05-20,2043-05-15,2027-05-19,343572.31,7607563.93,ANNUAL,ACTIVE,2,True,1410489.76,261
POL000006019,CUS00022475,MOTOR,PRV3,2022-08-15,2042-08-10,2027-08-14,1066917.45,18312639.87,MONTHLY,ACTIVE,2,True,1410489.76,261
POL000006020,CUS00022476,HOME,PRV2,2023-10-22,2024-10-21,2026-10-21,492468.42,7158465.89,ANNUAL,LAPSED,1,False,0.0,
POL000006021,CUS00022487,HEALTH,PRV1,2026-07-26,2046-07-21,2027-07-26,222530.25,2646984.27,QUARTERLY,ACTIVE,1,True,222530.25,329
POL000006022,CUS00022491,HEALTH,PRV3,2022-08-14,2023-08-14,2027-08-13,1720673.14,35666213.34,ANNUAL,LAPSED,1,False,0.0,
POL000006023,CUS00022497,LIFE,PRV5,2023-07-17,2024-07-16,2027-07-16,4353190.63,83648635.54,ANNUAL,LAPSED,2,True,3724625.58,334
POL000006024,CUS00022497,LIFE,PRV4,2026-07-31,2027-07-31,2027-07-31,3724625.58,70410026.81,ANNUAL,ACTIVE,2,True,3724625.58,334
POL000006025,CUS00022500,LIFE,PRV1,2024-09-28,2025-09-28,2026-09-28,1589984.8,25949055.61,QUARTERLY,LAPSED,1,False,0.0,
POL000006026,CUS00022504,HOME,PRV1,2025-07-29,2030-07-28,2027-07-29,1973579.2,39280179.18,QUARTERLY,ACTIVE,1,True,1973579.2,332
POL000006027,CUS00022508,HOME,PRV3,2024-04-15,2025-04-15,2027-04-15,15014149.71,210556843.48,ANNUAL,LAPSED,1,False,0.0,
POL000006028,CUS00022512,HEALTH,PRV3,2023-07-20,2028-07-18,2027-07-19,1342798.76,19531829.77,ANNUAL,ACTIVE,1,True,1342798.76,322
POL000006029,CUS00022514,HEALTH,PRV5,2023-11-05,2028-11-03,2026-11-04,59764644.7,755038010.26,ANNUAL,ACTIVE,1,True,59764644.7,65
POL000006030,CUS00022515,HEALTH,PRV2,2022-09-17,2023-09-17,2026-09-16,13959966.83,129162587.36,QUARTERLY,LAPSED,2,True,11136637.99,256
POL000006031,CUS00022515,HEALTH,PRV1,2025-05-14,2045-05-09,2027-05-14,11136637.99,95526401.35,MONTHLY,ACTIVE,2,True,11136637.99,256
POL000006032,CUS00022520,TRAVEL,PRV4,2024-03-21,2025-03-21,2027-03-21,294797.8,2700014.88,MONTHLY,LAPSED,1,False,0.0,
POL000006033,CUS00022521,MOTOR,PRV5,2023-07-24,2033-07-21,2027-07-23,2840325.48,57024008.37,ANNUAL,ACTIVE,1,True,2840325.48,326
POL000006034,CUS00022524,HOME,PRV5,2026-07-23,2036-07-20,2027-07-23,9453827.32,216796272.3,QUARTERLY,ACTIVE,1,True,9453827.32,326
POL000006035,CUS00022525,MOTOR,PRV2,2026-07-01,2046-06-26,2027-07-01,1424425.27,11628445.09,ANNUAL,ACTIVE,1,True,1424425.27,304
POL000006036,CUS00022526,HEALTH,PRV5,2024-03-28,2029-03-27,2027-03-28,3972949.25,37296828.57,ANNUAL,ACTIVE,2,True,3972949.25,209
POL000006037,CUS00022526,LIFE,PRV3,2022-09-10,2023-09-10,2026-09-09,2571500.61,35633936.81,MONTHLY,LAPSED,2,True,3972949.25,209
POL000006038,CUS00022528,LIFE,PRV5,2025-09-24,2026-09-24,2026-09-24,1060214.59,17516842.75,ANNUAL,ACTIVE,1,True,1060214.59,24
POL000006039,CUS00022533,TRAVEL,PRV3,2025-08-17,2045-08-12,2027-08-17,2062958.02,22984397.25,ANNUAL,ACTIVE,1,True,2062958.02,351
POL000006040,CUS00022541,LIFE,PRV4,2026-05-24,2046-05-19,2027-05-24,769173.22,8660680.41,MONTHLY,ACTIVE,1,True,769173.22,266
POL000006041,CUS00022547,HEALTH,PRV4,2026-01-02,2035-12-31,2027-01-02,27943023.88,403088353.16,ANNUAL,ACTIVE,1,True,27943023.88,124
POL000006042,CUS00022550,MOTOR,PRV2,2022-11-03,2027-11-02,2026-11-02,533235.39,8693703.25,QUARTERLY,ACTIVE,1,True,533235.39,63
POL000006043,CUS00022551,LIFE,PRV3,2023-01-12,2028-01-11,2027-01-11,345428.27,4107774.22,MONTHLY,ACTIVE,1,True,345428.27,133
POL000006044,CUS00022553,LIFE,PRV3,2024-05-30,2044-05-25,2027-05-30,4465979.35,93489456.31,MONTHLY,ACTIVE,2,True,9595352.99,272
POL000006045,CUS00022553,MOTOR,PRV2,2024-07-22,2044-07-17,2027-07-22,5129373.64,106583752.29,ANNUAL,ACTIVE,2,True,9595352.99,272
POL000006046,CUS00022558,HOME,PRV1,2025-06-13,2035-06-11,2027-06-13,6513678.1,136460240.7,MONTHLY,ACTIVE,1,True,6513678.1,286
POL000006047,CUS00022561,LIFE,PRV2,2023-11-05,2028-11-03,2026-11-04,246367.84,5653484.11,QUARTERLY,ACTIVE,1,True,246367.84,65
POL000006048,CUS00022562,TRAVEL,PRV4,2023-01-31,2028-01-30,2027-01-30,5919596.29,98496134.65,MONTHLY,ACTIVE,1,True,5919596.29,152
POL000006049,CUS00022575,TRAVEL,PRV1,2024-09-10,2044-09-05,2026-09-10,3749436.98,78825954.44,MONTHLY,ACTIVE,1,True,3749436.98,10
POL000006050,CUS00022578,HOME,PRV2,2022-11-20,2027-11-19,2026-11-19,3785432.81,88991968.94,MONTHLY,ACTIVE,1,True,3785432.81,80
POL000006051,CUS00022581,HOME,PRV5,2023-05-21,2028-05-19,2027-05-20,381161.76,7939709.34,QUARTERLY,ACTIVE,1,True,381161.76,262
POL000006052,CUS00022583,HEALTH,PRV4,2024-03-30,2025-03-30,2027-03-30,254561.92,2808950.66,ANNUAL,LAPSED,1,False,0.0,
POL000006053,CUS00022590,LIFE,PRV1,2026-05-06,2036-05-03,2027-05-06,4028281.57,56619653.06,MONTHLY,ACTIVE,1,True,4028281.57,248
POL000006054,CUS00022592,HOME,PRV1,2025-02-15,2045-02-10,2027-02-15,1252736.29,12711178.41,ANNUAL,ACTIVE,1,True,1252736.29,168
POL000006055,CUS00022594,LIFE,PRV5,2023-10-11,2024-10-10,2026-10-10,1198316.84,11023879.65,QUARTERLY,LAPSED,2,True,2818468.79,216
POL000006056,CUS00022594,LIFE,PRV4,2024-04-04,2029-04-03,2027-04-04,2818468.79,58965828.95,ANNUAL,ACTIVE,2,True,2818468.79,216
POL000006057,CUS00022613,LIFE,PRV3,2026-05-28,2046-05-23,2027-05-28,9437641.62,198037877.2,QUARTERLY,ACTIVE,1,True,9437641.62,270
POL000006058,CUS00022615,HEALTH,PRV2,2023-02-10,2024-02-10,2027-02-09,1884018.88,34374346.59,ANNUAL,LAPSED,2,False,0.0,
POL000006059,CUS00022615,HEALTH,PRV2,2024-12-28,2025-12-28,2026-12-28,1563408.46,18400884.06,ANNUAL,LAPSED,2,False,0.0,
POL000006060,CUS00022616,HEALTH,PRV2,2024-11-24,2025-11-24,2026-11-24,1850220.65,32362486.98,QUARTERLY,LAPSED,1,False,0.0,
POL000006061,CUS00022621,HEALTH,PRV3,2023-07-30,2024-07-29,2027-07-29,1205066.26,11301063.29,ANNUAL,LAPSED,1,False,0.0,
POL000006062,CUS00022624,LIFE,PRV1,2024-10-09,2034-10-07,2026-10-09,1513942.82,28470506.89,ANNUAL,ACTIVE,2,True,4310266.86,39
POL000006063,CUS00022624,MOTOR,PRV1,2022-11-13,2042-11-08,2026-11-12,2796324.04,47731977.91,ANNUAL,ACTIVE,2,True,4310266.86,39
POL000006064,CUS00022628,HEALTH,PRV3,2025-11-06,2045-11-01,2026-11-06,8574794.16,138268650.22,QUARTERLY,ACTIVE,1,True,8574794.16,67
POL000006065,CUS00022630,HOME,PRV4,2024-11-23,2044-11-18,2026-11-23,209959.9,4214999.57,MONTHLY,ACTIVE,1,True,209959.9,84
POL000006066,CUS00022633,LIFE,PRV4,2022-12-25,2032-12-22,2026-12-24,291571.21,4472629.37,MONTHLY,ACTIVE,2,True,546702.22,115
POL000006067,CUS00022633,TRAVEL,PRV5,2025-12-29,2045-12-24,2026-12-29,255131.01,2762005.24,ANNUAL,ACTIVE,2,True,546702.22,115
POL000006068,CUS00022634,LIFE,PRV3,2024-05-31,2044-05-26,2027-05-31,344038.11,6228942.46,MONTHLY,ACTIVE,1,True,344038.11,273
POL000006069,CUS00022640,HEALTH,PRV1,2025-03-25,2035-03-23,2027-03-25,400268.51,4804424.64,MONTHLY,ACTIVE,2,True,1301993.8,204
POL000006070,CUS00022640,HOME,PRV4,2023-03-24,2033-03-21,2027-03-23,901725.29,21811375.99,MONTHLY,ACTIVE,2,True,1301993.8,204
POL000006071,CUS00022649,HOME,PRV3,2026-04-07,2036-04-04,2027-04-07,1230368.23,26078768.35,ANNUAL,ACTIVE,1,True,1230368.23,219
POL000006072,CUS00022652,MOTOR,PRV3,2023-04-18,2033-04-15,2027-04-17,11517935.5,188531770.35,MONTHLY,ACTIVE,1,True,11517935.5,229
POL000006073,CUS00022656,LIFE,PRV5,2023-05-27,2024-05-26,2027-05-26,911248.28,19353452.92,ANNUAL,LAPSED,1,False,0.0,
POL000006074,CUS00022660,MOTOR,PRV4,2024-12-18,2029-12-17,2026-12-18,2816533.8,64401466.39,MONTHLY,ACTIVE,1,True,2816533.8,109
POL000006075,CUS00022664,LIFE,PRV4,2022-12-14,2027-12-13,2026-12-13,5314726.69,78235948.37,ANNUAL,ACTIVE,2,True,9327927.05,104
POL000006076,CUS00022664,LIFE,PRV5,2023-04-04,2028-04-02,2027-04-03,4013200.36,66813983.32,ANNUAL,ACTIVE,2,True,9327927.05,104
POL000006077,CUS00022665,HOME,PRV4,2023-03-07,2028-03-05,2027-03-06,569944.75,8567026.03,MONTHLY,ACTIVE,1,True,569944.75,187
POL000006078,CUS00022666,LIFE,PRV2,2025-06-27,2045-06-22,2027-06-27,816871.28,11003953.2,ANNUAL,ACTIVE,1,True,816871.28,300
POL000006079,CUS00022669,MOTOR,PRV1,2025-08-07,2045-08-02,2027-08-07,343518.08,6845131.63,ANNUAL,ACTIVE,1,True,343518.08,341
POL000006080,CUS00022671,HEALTH,PRV4,2025-05-06,2026-05-06,2027-05-06,1218494.92,30113201.33,ANNUAL,LAPSED,2,False,0.0,
POL000006081,CUS00022671,HEALTH,PRV2,2025-03-16,2026-03-16,2027-03-16,794057.42,19298309.28,MONTHLY,LAPSED,2,False,0.0,
POL000006082,CUS00022672,HOME,PRV2,2023-07-02,2024-07-01,2027-07-01,1588034.35,19965379.52,ANNUAL,LAPSED,1,False,0.0,
POL000006083,CUS00022675,TRAVEL,PRV4,2024-02-18,2034-02-15,2027-02-17,3931293.77,33837811.39,QUARTERLY,ACTIVE,1,True,3931293.77,170
POL000006084,CUS00022680,LIFE,PRV2,2025-02-25,2045-02-20,2027-02-25,438152.81,4674116.49,ANNUAL,ACTIVE,1,True,438152.81,178
POL000006085,CUS00022684,MOTOR,PRV2,2022-10-04,2032-10-01,2026-10-03,1235831.27,28604133.85,ANNUAL,ACTIVE,1,True,1235831.27,33
POL000006086,CUS00022688,LIFE,PRV2,2024-10-15,2025-10-15,2026-10-15,341927.78,3535799.15,MONTHLY,LAPSED,1,False,0.0,
POL000006087,CUS00022690,MOTOR,PRV1,2024-01-18,2044-01-13,2027-01-17,5613396.72,113926819.13,ANNUAL,ACTIVE,1,True,5613396.72,139
POL000006088,CUS00022699,HEALTH,PRV5,2023-12-01,2024-11-30,2026-11-30,1755027.65,26232190.2,ANNUAL,LAPSED,1,False,0.0,
POL000006089,CUS00022700,LIFE,PRV2,2024-03-28,2025-03-28,2027-03-28,5015003.7,111195695.03,ANNUAL,LAPSED,1,False,0.0,
POL000006090,CUS00022702,MOTOR,PRV2,2025-09-27,2026-09-27,2026-09-27,2901018.37,28320300.74,ANNUAL,ACTIVE,1,True,2901018.37,27
POL000006091,CUS00022711,LIFE,PRV3,2023-06-05,2033-06-02,2027-06-04,40464331.79,578950983.02,MONTHLY,ACTIVE,1,True,40464331.79,277
POL000006092,CUS00022716,HOME,PRV5,2026-03-30,2031-03-29,2027-03-30,3033233.0,35407913.79,ANNUAL,ACTIVE,1,True,3033233.0,211
POL000006093,CUS00022717,MOTOR,PRV3,2022-08-27,2032-08-24,2027-08-26,859163.46,9840798.02,ANNUAL,ACTIVE,1,True,859163.46,360
POL000006094,CUS00022723,LIFE,PRV1,2025-05-23,2026-05-23,2027-05-23,17382229.99,200992831.4,ANNUAL,LAPSED,2,True,25023701.54,60
POL000006095,CUS00022723,HOME,PRV3,2022-10-31,2027-10-30,2026-10-30,25023701.54,401933302.55,MONTHLY,ACTIVE,2,True,25023701.54,60
POL000006096,CUS00022726,MOTOR,PRV3,2023-12-11,2028-12-09,2026-12-10,6327880.59,77736691.97,ANNUAL,ACTIVE,1,True,6327880.59,101
POL000006097,CUS00022728,TRAVEL,PRV1,2024-05-04,2034-05-02,2027-05-04,1619095.2,29043908.0,QUARTERLY,ACTIVE,1,True,1619095.2,246
POL000006098,CUS00022730,MOTOR,PRV3,2024-03-29,2044-03-24,2027-03-29,4165366.05,83586601.87,ANNUAL,ACTIVE,1,True,4165366.05,210
POL000006099,CUS00022738,HEALTH,PRV1,2024-11-11,2029-11-10,2026-11-11,2787128.41,48022427.09,QUARTERLY,ACTIVE,1,True,2787128.41,72
POL000006100,CUS00022773,HEALTH,PRV2,2025-11-19,2045-11-14,2026-11-19,13324671.11,331004286.31,MONTHLY,ACTIVE,1,True,13324671.11,80
POL000006101,CUS00022789,MOTOR,PRV1,2025-02-24,2045-02-19,2027-02-24,342516.52,5887116.17,QUARTERLY,ACTIVE,1,True,342516.52,177
POL000006102,CUS00022790,HEALTH,PRV5,2024-03-14,2025-03-14,2027-03-14,623587.51,8983758.31,ANNUAL,LAPSED,1,False,0.0,
POL000006103,CUS00022795,LIFE,PRV2,2024-03-10,2025-03-10,2027-03-10,595397.31,12374753.16,QUARTERLY,LAPSED,1,False,0.0,
POL000006104,CUS00022796,HOME,PRV4,2025-10-22,2045-10-17,2026-10-22,292605.68,6760159.05,ANNUAL,ACTIVE,1,True,292605.68,52
POL000006105,CUS00022801,TRAVEL,PRV3,2025-06-23,2035-06-21,2027-06-23,3457362.36,47617431.45,MONTHLY,ACTIVE,1,True,3457362.36,296
POL000006106,CUS00022803,HOME,PRV3,2023-12-06,2043-12-01,2026-12-05,2775871.9,33560506.87,ANNUAL,ACTIVE,1,True,2775871.9,96
POL000006107,CUS00022810,HOME,PRV2,2025-09-13,2030-09-12,2026-09-13,1581557.05,33476928.27,MONTHLY,ACTIVE,1,True,1581557.05,13
POL000006108,CUS00022811,LIFE,PRV2,2022-10-06,2027-10-05,2026-10-05,2388031.33,23469111.6,ANNUAL,ACTIVE,1,True,2388031.33,35
POL000006109,CUS00022812,MOTOR,PRV3,2023-02-12,2024-02-12,2027-02-11,3521803.11,49039751.31,ANNUAL,LAPSED,1,False,0.0,
POL000006110,CUS00022815,LIFE,PRV2,2022-12-08,2032-12-05,2026-12-07,517497.16,7638196.39,QUARTERLY,ACTIVE,1,True,517497.16,98
POL000006111,CUS00022822,LIFE,PRV4,2023-01-30,2028-01-29,2027-01-29,318790.06,4097441.86,MONTHLY,ACTIVE,1,True,318790.06,151
POL000006112,CUS00022831,MOTOR,PRV3,2024-05-07,2044-05-02,2027-05-07,1757680.35,32427575.1,ANNUAL,ACTIVE,1,True,1757680.35,249
POL000006113,CUS00022833,LIFE,PRV4,2023-05-18,2043-05-13,2027-05-17,923120.02,8248972.07,MONTHLY,ACTIVE,1,True,923120.02,259
POL000006114,CUS00022834,LIFE,PRV4,2024-10-08,2025-10-08,2026-10-08,605552.02,14585846.29,ANNUAL,LAPSED,1,False,0.0,
POL000006115,CUS00022836,LIFE,PRV5,2023-10-20,2033-10-17,2026-10-19,160279.65,3423984.31,ANNUAL,ACTIVE,1,True,160279.65,49
POL000006116,CUS00022840,LIFE,PRV1,2025-02-24,2030-02-23,2027-02-24,854652.92,20212275.56,MONTHLY,ACTIVE,2,True,854652.92,177
POL000006117,CUS00022840,HEALTH,PRV5,2023-03-05,2024-03-04,2027-03-04,1587294.3,30286400.47,QUARTERLY,LAPSED,2,True,854652.92,177
POL000006118,CUS00022846,MOTOR,PRV4,2026-04-13,2036-04-10,2027-04-13,188461.9,1625373.91,ANNUAL,ACTIVE,1,True,188461.9,225
POL000006119,CUS00022852,HEALTH,PRV5,2025-02-12,2045-02-07,2027-02-12,6946237.88,73308559.54,QUARTERLY,ACTIVE,1,True,6946237.88,165
POL000006120,CUS00022856,HOME,PRV5,2023-10-19,2028-10-17,2026-10-18,2990716.48,28657905.13,ANNUAL,ACTIVE,1,True,2990716.48,48
POL000006121,CUS00022857,LIFE,PRV3,2024-02-17,2029-02-15,2027-02-16,634691.17,7442593.77,ANNUAL,ACTIVE,2,True,634691.17,169
POL000006122,CUS00022857,LIFE,PRV2,2023-12-02,2024-12-01,2026-12-01,519261.36,10842305.33,MONTHLY,LAPSED,2,True,634691.17,169
POL000006123,CUS00022858,MOTOR,PRV2,2023-08-30,2033-08-27,2027-08-29,2067771.25,34365498.23,ANNUAL,ACTIVE,1,True,2067771.25,363
POL000006124,CUS00022863,LIFE,PRV1,2023-10-12,2033-10-09,2026-10-11,611838.76,11359283.08,ANNUAL,ACTIVE,1,True,611838.76,41
POL000006125,CUS00022867,MOTOR,PRV2,2023-04-13,2033-04-10,2027-04-12,1157788.55,9780358.48,ANNUAL,ACTIVE,1,True,1157788.55,224
POL000006126,CUS00022869,LIFE,PRV5,2025-11-24,2030-11-23,2026-11-24,6497785.61,63984760.83,MONTHLY,ACTIVE,1,True,6497785.61,85
POL000006127,CUS00022871,LIFE,PRV5,2022-09-13,2027-09-12,2026-09-12,11770773.84,122690449.56,ANNUAL,ACTIVE,2,True,21811276.39,11
POL000006128,CUS00022871,TRAVEL,PRV1,2025-09-11,2030-09-10,2026-09-11,10040502.55,117337319.84,MONTHLY,ACTIVE,2,True,21811276.39,11
POL000006129,CUS00022879,LIFE,PRV5,2024-01-16,2044-01-11,2027-01-15,4309891.97,67202579.06,ANNUAL,ACTIVE,1,True,4309891.97,137
POL000006130,CUS00022880,MOTOR,PRV4,2026-05-15,2046-05-10,2027-05-15,5791654.37,72256300.17,ANNUAL,ACTIVE,1,True,5791654.37,257
POL000006131,CUS00022882,HOME,PRV5,2022-11-01,2027-10-31,2026-10-31,5844887.45,109214947.38,QUARTERLY,ACTIVE,2,True,11209191.76,61
POL000006132,CUS00022882,MOTOR,PRV5,2024-07-04,2044-06-29,2027-07-04,5364304.31,52827756.51,ANNUAL,ACTIVE,2,True,11209191.76,61
POL000006133,CUS00022889,HEALTH,PRV3,2025-10-17,2026-10-17,2026-10-17,515037.46,11520884.5,ANNUAL,ACTIVE,1,True,515037.46,47
POL000006134,CUS00022896,MOTOR,PRV2,2024-03-15,2034-03-13,2027-03-15,256221.7,6374983.38,MONTHLY,ACTIVE,1,True,256221.7,196
POL000006135,CUS00022899,HEALTH,PRV1,2026-01-14,2046-01-09,2027-01-14,267111.45,3039214.88,ANNUAL,ACTIVE,1,True,267111.45,136
POL000006136,CUS00022900,HEALTH,PRV3,2025-01-03,2035-01-01,2027-01-03,259140.93,4226673.91,ANNUAL,ACTIVE,1,True,259140.93,125
POL000006137,CUS00022902,TRAVEL,PRV5,2023-04-25,2024-04-24,2027-04-24,682041.39,14111038.28,ANNUAL,LAPSED,2,False,0.0,
POL000006138,CUS00022902,LIFE,PRV2,2025-05-07,2026-05-07,2027-05-07,622122.01,11197152.01,MONTHLY,LAPSED,2,False,0.0,
POL000006139,CUS00022910,LIFE,PRV1,2022-09-11,2042-09-06,2026-09-10,385394.45,9289271.51,ANNUAL,ACTIVE,1,True,385394.45,10
POL000006140,CUS00022918,HEALTH,PRV2,2023-07-23,2028-07-21,2027-07-22,2092075.37,37862698.63,ANNUAL,ACTIVE,1,True,2092075.37,325
POL000006141,CUS00022919,HEALTH,PRV4,2025-04-10,2045-04-05,2027-04-10,1253736.46,29421352.17,ANNUAL,ACTIVE,1,True,1253736.46,222
POL000006142,CUS00022920,LIFE,PRV3,2025-01-27,2035-01-25,2027-01-27,2296880.38,24603730.07,ANNUAL,ACTIVE,1,True,2296880.38,149
POL000006143,CUS00022922,HOME,PRV4,2025-08-21,2026-08-21,2027-08-21,3262219.34,40780372.7,ANNUAL,LAPSED,1,False,0.0,
POL000006144,CUS00022923,HEALTH,PRV2,2026-07-01,2036-06-28,2027-07-01,1763025.83,38119300.14,QUARTERLY,ACTIVE,1,True,1763025.83,304
POL000006145,CUS00022926,HOME,PRV4,2024-12-05,2034-12-03,2026-12-05,94631.35,1858744.7,MONTHLY,ACTIVE,2,True,94631.35,96
POL000006146,CUS00022926,LIFE,PRV5,2025-05-16,2026-05-16,2027-05-16,258617.31,4833700.33,MONTHLY,LAPSED,2,True,94631.35,96
POL000006147,CUS00022928,HEALTH,PRV4,2022-10-13,2023-10-13,2026-10-12,1040147.52,10107377.57,ANNUAL,LAPSED,1,False,0.0,
POL000006148,CUS00022929,MOTOR,PRV1,2025-03-18,2045-03-13,2027-03-18,421353.38,9767443.98,ANNUAL,ACTIVE,1,True,421353.38,199
POL000006149,CUS00022931,LIFE,PRV4,2025-09-16,2030-09-15,2026-09-16,609419.27,5376829.32,ANNUAL,ACTIVE,1,True,609419.27,16
POL000006150,CUS00022935,LIFE,PRV4,2024-04-11,2029-04-10,2027-04-11,20903273.19,392082273.3,ANNUAL,ACTIVE,1,True,20903273.19,223
POL000006151,CUS00022946,LIFE,PRV3,2025-12-19,2030-12-18,2026-12-19,131739.33,2768764.42,ANNUAL,ACTIVE,1,True,131739.33,110
POL000006152,CUS00022947,LIFE,PRV4,2025-01-22,2030-01-21,2027-01-22,5582203.97,110644972.87,MONTHLY,ACTIVE,2,True,8936428.66,106
POL000006153,CUS00022947,LIFE,PRV5,2023-12-16,2033-12-13,2026-12-15,3354224.69,46987128.83,ANNUAL,ACTIVE,2,True,8936428.66,106
POL000006154,CUS00022953,LIFE,PRV5,2025-01-04,2035-01-02,2027-01-04,1079519.83,16384346.9,ANNUAL,ACTIVE,1,True,1079519.83,126
POL000006155,CUS00022954,TRAVEL,PRV5,2023-11-22,2028-11-20,2026-11-21,6861615.19,66358453.93,QUARTERLY,ACTIVE,2,True,19807441.77,69
POL000006156,CUS00022954,TRAVEL,PRV1,2023-11-09,2028-11-07,2026-11-08,12945826.58,224116751.44,MONTHLY,ACTIVE,2,True,19807441.77,69
POL000006157,CUS00022958,LIFE,PRV2,2026-02-05,2036-02-03,2027-02-05,19972518.12,429443102.76,ANNUAL,ACTIVE,1,True,19972518.12,158
POL000006158,CUS00022959,MOTOR,PRV5,2023-03-02,2043-02-25,2027-03-01,168584.6,2254690.04,ANNUAL,ACTIVE,1,True,168584.6,182
POL000006159,CUS00022961,LIFE,PRV3,2023-02-10,2033-02-07,2027-02-09,6406266.93,121493192.49,ANNUAL,ACTIVE,1,True,6406266.93,162
POL000006160,CUS00022962,LIFE,PRV3,2024-09-15,2034-09-13,2026-09-15,1660852.53,38604341.33,QUARTERLY,ACTIVE,1,True,1660852.53,15
POL000006161,CUS00022968,HEALTH,PRV2,2023-11-28,2024-11-27,2026-11-27,9058191.86,189771863.36,MONTHLY,LAPSED,1,False,0.0,
POL000006162,CUS00022972,HEALTH,PRV5,2022-12-11,2032-12-08,2026-12-10,30440417.26,371092681.25,ANNUAL,ACTIVE,1,True,30440417.26,101
POL000006163,CUS00022987,LIFE,PRV2,2025-04-29,2045-04-24,2027-04-29,18441064.68,242864642.7,MONTHLY,ACTIVE,2,True,18441064.68,241
POL000006164,CUS00022987,TRAVEL,PRV1,2024-01-06,2025-01-05,2027-01-05,12526242.27,157706756.24,MONTHLY,LAPSED,2,True,18441064.68,241
POL000006165,CUS00022988,LIFE,PRV2,2026-03-01,2046-02-24,2027-03-01,1914172.14,29371191.76,MONTHLY,ACTIVE,2,True,1914172.14,182
POL000006166,CUS00022988,LIFE,PRV5,2025-07-26,2026-07-26,2027-07-26,2501134.57,43960610.56,MONTHLY,LAPSED,2,True,1914172.14,182
POL000006167,CUS00022991,LIFE,PRV4,2022-09-08,2027-09-07,2026-09-07,3310220.64,57205953.65,ANNUAL,ACTIVE,1,True,3310220.64,7
POL000006168,CUS00022993,TRAVEL,PRV3,2024-05-17,2044-05-12,2027-05-17,123316.42,2936224.79,ANNUAL,ACTIVE,1,True,123316.42,259
POL000006169,CUS00022995,HOME,PRV5,2026-05-28,2046-05-23,2027-05-28,772031.77,11932879.02,MONTHLY,ACTIVE,1,True,772031.77,270
POL000006170,CUS00022999,HOME,PRV5,2024-03-31,2034-03-29,2027-03-31,1149733.48,27457967.0,MONTHLY,ACTIVE,1,True,1149733.48,212
POL000006171,CUS00023000,MOTOR,PRV5,2025-05-21,2030-05-20,2027-05-21,4776703.01,54648431.37,MONTHLY,ACTIVE,2,True,9535679.79,246
POL000006172,CUS00023000,TRAVEL,PRV2,2024-05-04,2044-04-29,2027-05-04,4758976.78,115194710.68,ANNUAL,ACTIVE,2,True,9535679.79,246
POL000006173,CUS00023002,HOME,PRV2,2026-06-17,2046-06-12,2027-06-17,4477190.58,104514588.45,QUARTERLY,ACTIVE,1,True,4477190.58,290
POL000006174,CUS00023004,LIFE,PRV4,2024-04-16,2029-04-15,2027-04-16,3401262.07,64137758.72,MONTHLY,ACTIVE,2,True,9607642.37,138
POL000006175,CUS00023004,MOTOR,PRV3,2026-01-16,2027-01-16,2027-01-16,6206380.3,106497190.0,ANNUAL,ACTIVE,2,True,9607642.37,138
POL000006176,CUS00023005,HEALTH,PRV4,2023-12-21,2033-12-18,2026-12-20,2648367.54,55135524.38,MONTHLY,ACTIVE,1,True,2648367.54,111
POL000006177,CUS00023010,TRAVEL,PRV5,2023-05-22,2028-05-20,2027-05-21,4177560.12,50890855.82,ANNUAL,ACTIVE,1,True,4177560.12,263
POL000006178,CUS00023012,LIFE,PRV3,2023-12-28,2028-12-26,2026-12-27,1647755.58,35935994.49,MONTHLY,ACTIVE,1,True,1647755.58,118
POL000006179,CUS00023016,MOTOR,PRV3,2025-01-11,2026-01-11,2027-01-11,1470615.13,26738257.73,ANNUAL,LAPSED,1,False,0.0,
POL000006180,CUS00023017,HEALTH,PRV3,2025-03-28,2026-03-28,2027-03-28,5440153.19,94122765.29,QUARTERLY,LAPSED,2,True,3264399.4,190
POL000006181,CUS00023017,MOTOR,PRV3,2026-03-09,2046-03-04,2027-03-09,3264399.4,35605807.79,MONTHLY,ACTIVE,2,True,3264399.4,190
POL000006182,CUS00023018,LIFE,PRV3,2024-10-15,2034-10-13,2026-10-15,1077875.59,25232949.96,ANNUAL,ACTIVE,1,True,1077875.59,45
POL000006183,CUS00023024,LIFE,PRV2,2022-12-08,2023-12-08,2026-12-07,1161595.58,19091789.42,MONTHLY,LAPSED,2,True,1032486.23,159
POL000006184,CUS00023024,HEALTH,PRV1,2024-02-07,2029-02-05,2027-02-06,1032486.23,20196370.16,MONTHLY,ACTIVE,2,True,1032486.23,159
POL000006185,CUS00023028,LIFE,PRV3,2026-07-26,2027-07-26,2027-07-26,542042.0,6769411.73,ANNUAL,ACTIVE,1,True,542042.0,329
POL000006186,CUS00023037,HOME,PRV3,2026-07-27,2027-07-27,2027-07-27,4782215.52,67874992.19,ANNUAL,ACTIVE,1,True,4782215.52,330
POL000006187,CUS00023039,LIFE,PRV1,2025-03-10,2030-03-09,2027-03-10,1704050.93,16667820.62,ANNUAL,ACTIVE,1,True,1704050.93,191
POL000006188,CUS00023043,HOME,PRV1,2022-11-05,2023-11-05,2026-11-04,4157336.32,41593146.91,MONTHLY,LAPSED,2,True,3556856.78,302
POL000006189,CUS00023043,LIFE,PRV3,2026-06-29,2027-06-29,2027-06-29,3556856.78,51579274.25,ANNUAL,ACTIVE,2,True,3556856.78,302
POL000006190,CUS00023044,HEALTH,PRV3,2023-03-05,2028-03-03,2027-03-04,14457319.05,329626150.22,ANNUAL,ACTIVE,2,True,14457319.05,185
POL000006191,CUS00023044,TRAVEL,PRV5,2025-06-29,2026-06-29,2027-06-29,13587369.28,258523354.74,ANNUAL,LAPSED,2,True,14457319.05,185
POL000006192,CUS00023048,MOTOR,PRV3,2023-03-28,2043-03-23,2027-03-27,2596595.71,32254459.07,ANNUAL,ACTIVE,2,True,5259808.32,37
POL000006193,CUS00023048,HEALTH,PRV2,2023-10-08,2033-10-05,2026-10-07,2663212.61,32269085.7,MONTHLY,ACTIVE,2,True,5259808.32,37
POL000006194,CUS00023053,HOME,PRV1,2026-06-28,2036-06-25,2027-06-28,630950.69,9053761.14,MONTHLY,ACTIVE,1,True,630950.69,301
POL000006195,CUS00023054,LIFE,PRV3,2025-05-08,2030-05-07,2027-05-08,787948.74,14854997.62,ANNUAL,ACTIVE,1,True,787948.74,250
POL000006196,CUS00023059,MOTOR,PRV1,2023-06-06,2024-06-05,2027-06-05,752110.11,7126983.51,QUARTERLY,LAPSED,1,False,0.0,
POL000006197,CUS00023061,HEALTH,PRV4,2025-05-01,2035-04-29,2027-05-01,23753139.61,556323876.5,QUARTERLY,ACTIVE,1,True,23753139.61,243
POL000006198,CUS00023075,HEALTH,PRV5,2024-07-01,2025-07-01,2027-07-01,257216.72,5205026.29,MONTHLY,LAPSED,1,False,0.0,
POL000006199,CUS00023077,HEALTH,PRV1,2023-02-25,2043-02-20,2027-02-24,16346922.55,374987224.66,MONTHLY,ACTIVE,1,True,16346922.55,177
POL000006200,CUS00023088,TRAVEL,PRV3,2024-04-13,2044-04-08,2027-04-13,2007638.19,25596811.03,ANNUAL,ACTIVE,1,True,2007638.19,225
POL000006201,CUS00023089,LIFE,PRV5,2024-06-03,2025-06-03,2027-06-03,1531806.54,15445978.98,ANNUAL,LAPSED,1,False,0.0,
POL000006202,CUS00023097,HEALTH,PRV2,2023-08-16,2043-08-11,2027-08-15,5316458.08,103071491.1,ANNUAL,ACTIVE,2,True,24481836.18,267
POL000006203,CUS00023097,LIFE,PRV1,2024-05-25,2044-05-20,2027-05-25,19165378.1,342495008.29,ANNUAL,ACTIVE,2,True,24481836.18,267
POL000006204,CUS00023098,HOME,PRV3,2025-05-02,2035-04-30,2027-05-02,1004162.09,18780008.77,ANNUAL,ACTIVE,1,True,1004162.09,244
POL000006205,CUS00023110,HOME,PRV4,2025-02-09,2026-02-09,2027-02-09,637485.97,7587756.51,QUARTERLY,LAPSED,1,False,0.0,
POL000006206,CUS00023114,MOTOR,PRV1,2022-10-16,2042-10-11,2026-10-15,2274111.36,53438344.45,ANNUAL,ACTIVE,1,True,2274111.36,45
POL000006207,CUS00023116,HOME,PRV1,2026-03-31,2036-03-28,2027-03-31,472255.37,10156142.06,MONTHLY,ACTIVE,2,True,674180.09,212
POL000006208,CUS00023116,HEALTH,PRV2,2023-06-08,2033-06-05,2027-06-07,201924.72,2429817.85,QUARTERLY,ACTIVE,2,True,674180.09,212
POL000006209,CUS00023118,MOTOR,PRV5,2023-08-30,2043-08-25,2027-08-29,385306.97,3247454.1,ANNUAL,ACTIVE,1,True,385306.97,363
POL000006210,CUS00023124,HEALTH,PRV4,2023-01-26,2028-01-25,2027-01-25,296318.46,2532227.65,ANNUAL,ACTIVE,1,True,296318.46,147
POL000006211,CUS00023126,LIFE,PRV3,2026-06-25,2031-06-24,2027-06-25,1175567.8,22540633.77,QUARTERLY,ACTIVE,1,True,1175567.8,298
POL000006212,CUS00023132,LIFE,PRV2,2024-02-25,2029-02-23,2027-02-24,757542.13,16251967.73,ANNUAL,ACTIVE,1,True,757542.13,177
POL000006213,CUS00023134,LIFE,PRV2,2024-11-18,2034-11-16,2026-11-18,4399989.98,70681124.23,ANNUAL,ACTIVE,2,True,13052734.79,79
POL000006214,CUS00023134,LIFE,PRV5,2023-01-11,2033-01-08,2027-01-10,8652744.81,95180764.57,MONTHLY,ACTIVE,2,True,13052734.79,79
POL000006215,CUS00023135,MOTOR,PRV4,2025-04-11,2026-04-11,2027-04-11,6362887.69,142719957.25,MONTHLY,LAPSED,1,False,0.0,
POL000006216,CUS00023140,HOME,PRV5,2023-09-02,2028-08-31,2026-09-01,767522.36,11228798.92,ANNUAL,ACTIVE,1,True,767522.36,1
POL000006217,CUS00023163,LIFE,PRV5,2026-02-26,2046-02-21,2027-02-26,12215909.31,158537232.97,ANNUAL,ACTIVE,1,True,12215909.31,179
POL000006218,CUS00023166,HEALTH,PRV1,2025-01-31,2030-01-30,2027-01-31,1182835.77,13496807.12,ANNUAL,ACTIVE,1,True,1182835.77,153
POL000006219,CUS00023170,MOTOR,PRV1,2024-10-27,2029-10-26,2026-10-27,1796859.33,31479438.11,ANNUAL,ACTIVE,2,True,4937061.03,57
POL000006220,CUS00023170,LIFE,PRV1,2024-01-22,2029-01-20,2027-01-21,3140201.7,75545831.85,MONTHLY,ACTIVE,2,True,4937061.03,57
POL000006221,CUS00023183,TRAVEL,PRV3,2025-09-27,2045-09-22,2026-09-27,3290701.11,37134460.8,ANNUAL,ACTIVE,1,True,3290701.11,27
POL000006222,CUS00023187,HEALTH,PRV2,2024-10-07,2044-10-02,2026-10-07,1718232.55,20745326.39,ANNUAL,ACTIVE,2,True,2680604.97,37
POL000006223,CUS00023187,HEALTH,PRV2,2022-07-25,2032-07-22,2027-07-24,962372.42,10605409.92,ANNUAL,ACTIVE,2,True,2680604.97,37
POL000006224,CUS00023189,HEALTH,PRV4,2025-06-26,2045-06-21,2027-06-26,472268.86,10128387.41,QUARTERLY,ACTIVE,1,True,472268.86,299
POL000006225,CUS00023191,TRAVEL,PRV3,2023-10-13,2024-10-12,2026-10-12,1753822.44,22044057.83,ANNUAL,LAPSED,1,False,0.0,
POL000006226,CUS00023192,HEALTH,PRV3,2024-12-22,2025-12-22,2026-12-22,10342375.47,209467710.76,ANNUAL,LAPSED,1,False,0.0,
POL000006227,CUS00023196,LIFE,PRV3,2024-12-11,2025-12-11,2026-12-11,302126.95,4458676.08,ANNUAL,LAPSED,1,False,0.0,
POL000006228,CUS00023200,MOTOR,PRV2,2022-11-29,2027-11-28,2026-11-28,210436.43,2404053.12,MONTHLY,ACTIVE,1,True,210436.43,89
POL000006229,CUS00023209,LIFE,PRV3,2026-01-06,2027-01-06,2027-01-06,1379307.08,27204806.9,ANNUAL,ACTIVE,1,True,1379307.08,128
POL000006230,CUS00023210,HEALTH,PRV1,2025-09-03,2045-08-29,2026-09-03,378767.07,4574034.05,QUARTERLY,ACTIVE,1,True,378767.07,3
POL000006231,CUS00023216,TRAVEL,PRV5,2024-11-17,2034-11-15,2026-11-17,1849016.76,28140311.92,MONTHLY,ACTIVE,1,True,1849016.76,78
POL000006232,CUS00023221,MOTOR,PRV4,2025-04-19,2035-04-17,2027-04-19,1204487.5,11950004.51,MONTHLY,ACTIVE,1,True,1204487.5,231
POL000006233,CUS00023223,MOTOR,PRV3,2024-11-16,2025-11-16,2026-11-16,3514167.1,50506603.49,QUARTERLY,LAPSED,1,False,0.0,
POL000006234,CUS00023230,HEALTH,PRV1,2022-11-15,2042-11-10,2026-11-14,2966125.35,32717889.32,QUARTERLY,ACTIVE,1,True,2966125.35,75
POL000006235,CUS00023237,LIFE,PRV3,2026-04-08,2046-04-03,2027-04-08,2171902.47,53466755.81,ANNUAL,ACTIVE,1,True,2171902.47,220
POL000006236,CUS00023243,HOME,PRV4,2026-06-11,2046-06-06,2027-06-11,14063018.3,341457284.62,MONTHLY,ACTIVE,2,True,20181910.55,202
POL000006237,CUS00023243,HEALTH,PRV2,2025-03-21,2030-03-20,2027-03-21,6118892.25,131103080.43,ANNUAL,ACTIVE,2,True,20181910.55,202
POL000006238,CUS00023244,HEALTH,PRV1,2026-05-31,2036-05-28,2027-05-31,10453138.53,197511870.51,ANNUAL,ACTIVE,1,True,10453138.53,273
POL000006239,CUS00023249,MOTOR,PRV2,2023-08-25,2028-08-23,2027-08-24,3190383.85,69418761.62,MONTHLY,ACTIVE,1,True,3190383.85,358
POL000006240,CUS00023257,MOTOR,PRV1,2023-03-21,2043-03-16,2027-03-20,4704384.94,39459548.49,ANNUAL,ACTIVE,1,True,4704384.94,201
POL000006241,CUS00023260,LIFE,PRV5,2022-08-03,2023-08-03,2027-08-02,10464276.01,192259193.57,ANNUAL,LAPSED,2,False,0.0,
POL000006242,CUS00023260,LIFE,PRV1,2025-02-11,2026-02-11,2027-02-11,10794649.5,94948156.67,ANNUAL,LAPSED,2,False,0.0,
POL000006243,CUS00023267,HOME,PRV3,2023-03-18,2024-03-17,2027-03-17,4180070.49,68723366.53,ANNUAL,LAPSED,2,False,0.0,
POL000006244,CUS00023267,HOME,PRV4,2024-12-01,2025-12-01,2026-12-01,4383083.83,35890392.36,ANNUAL,LAPSED,2,False,0.0,
POL000006245,CUS00023270,HOME,PRV1,2023-11-20,2043-11-15,2026-11-19,1104979.19,16350225.32,MONTHLY,ACTIVE,1,True,1104979.19,80
POL000006246,CUS00023277,HEALTH,PRV4,2025-12-16,2026-12-16,2026-12-16,539811.03,11851728.16,ANNUAL,ACTIVE,2,True,1158549.1,41
POL000006247,CUS00023277,HEALTH,PRV4,2024-10-11,2044-10-06,2026-10-11,618738.07,13460109.59,MONTHLY,ACTIVE,2,True,1158549.1,41
POL000006248,CUS00023280,LIFE,PRV5,2023-03-28,2033-03-25,2027-03-27,4719702.16,108015365.92,ANNUAL,ACTIVE,2,True,9814630.67,208
POL000006249,CUS00023280,HEALTH,PRV1,2023-05-11,2033-05-08,2027-05-10,5094928.51,43817800.51,ANNUAL,ACTIVE,2,True,9814630.67,208
POL000006250,CUS00023281,TRAVEL,PRV3,2025-01-15,2045-01-10,2027-01-15,22025152.65,266890995.11,ANNUAL,ACTIVE,1,True,22025152.65,137
POL000006251,CUS00023282,HEALTH,PRV3,2023-03-28,2024-03-27,2027-03-27,509055.29,12035691.16,QUARTERLY,LAPSED,1,False,0.0,
POL000006252,CUS00023283,MOTOR,PRV5,2024-01-14,2044-01-09,2027-01-13,205584.37,3879309.35,ANNUAL,ACTIVE,1,True,205584.37,135
POL000006253,CUS00023288,LIFE,PRV3,2023-07-25,2033-07-22,2027-07-24,2934463.95,63901752.35,MONTHLY,ACTIVE,1,True,2934463.95,327
POL000006254,CUS00023291,LIFE,PRV3,2026-02-08,2046-02-03,2027-02-08,125102.91,1072992.17,ANNUAL,ACTIVE,1,True,125102.91,161
POL000006255,CUS00023304,HEALTH,PRV3,2026-05-08,2036-05-05,2027-05-08,5521623.23,127322848.23,ANNUAL,ACTIVE,1,True,5521623.23,250
POL000006256,CUS00023309,LIFE,PRV2,2023-06-26,2028-06-24,2027-06-25,2609173.32,34305761.64,MONTHLY,ACTIVE,2,True,3614518.6,104
POL000006257,CUS00023309,HEALTH,PRV1,2022-12-14,2032-12-11,2026-12-13,1005345.28,16027050.82,MONTHLY,ACTIVE,2,True,3614518.6,104
POL000006258,CUS00023312,HOME,PRV1,2022-09-08,2042-09-03,2026-09-07,1459756.84,28490731.41,MONTHLY,ACTIVE,1,True,1459756.84,7
POL000006259,CUS00023313,TRAVEL,PRV4,2024-01-26,2029-01-24,2027-01-25,312068.93,7185806.98,QUARTERLY,ACTIVE,1,True,312068.93,147
POL000006260,CUS00023318,HEALTH,PRV2,2024-07-26,2025-07-26,2027-07-26,213245.98,1908148.03,ANNUAL,LAPSED,1,False,0.0,
POL000006261,CUS00023320,HEALTH,PRV3,2022-08-20,2042-08-15,2027-08-19,55610.42,1328595.48,ANNUAL,ACTIVE,2,True,55610.42,353
POL000006262,CUS00023320,LIFE,PRV5,2025-03-28,2026-03-28,2027-03-28,126639.65,1215740.0,ANNUAL,LAPSED,2,True,55610.42,353
POL000006263,CUS00023321,HEALTH,PRV1,2026-03-29,2036-03-26,2027-03-29,2238616.13,18881835.64,QUARTERLY,ACTIVE,1,True,2238616.13,210
POL000006264,CUS00023322,HOME,PRV1,2025-07-21,2026-07-21,2027-07-21,1235897.14,19404510.08,MONTHLY,LAPSED,1,False,0.0,
POL000006265,CUS00023328,MOTOR,PRV3,2024-07-29,2044-07-24,2027-07-29,1235581.59,30432794.94,ANNUAL,ACTIVE,1,True,1235581.59,332
POL000006266,CUS00023337,LIFE,PRV2,2023-11-19,2033-11-16,2026-11-18,3498602.69,38216364.82,QUARTERLY,ACTIVE,1,True,3498602.69,79
POL000006267,CUS00023360,LIFE,PRV2,2024-12-28,2025-12-28,2026-12-28,433432.54,3806192.6,QUARTERLY,LAPSED,1,False,0.0,
POL000006268,CUS00023368,LIFE,PRV2,2022-10-18,2023-10-18,2026-10-17,477198.62,4538002.34,ANNUAL,LAPSED,2,False,0.0,
POL000006269,CUS00023368,LIFE,PRV3,2024-12-28,2025-12-28,2026-12-28,193961.85,4578653.75,ANNUAL,LAPSED,2,False,0.0,
POL000006270,CUS00023370,MOTOR,PRV4,2026-02-22,2036-02-20,2027-02-22,1641325.3,33505160.78,ANNUAL,ACTIVE,2,True,1641325.3,175
POL000006271,CUS00023370,LIFE,PRV2,2025-08-08,2026-08-08,2027-08-08,1010087.3,8532921.61,ANNUAL,LAPSED,2,True,1641325.3,175
POL000006272,CUS00023375,MOTOR,PRV2,2024-08-23,2034-08-21,2027-08-23,189922.26,2997606.06,QUARTERLY,ACTIVE,1,True,189922.26,357
POL000006273,CUS00023384,LIFE,PRV2,2025-01-24,2030-01-23,2027-01-24,563133.41,6462672.33,MONTHLY,ACTIVE,1,True,563133.41,146
POL000006274,CUS00023389,LIFE,PRV5,2023-01-21,2028-01-20,2027-01-20,487614.31,7328634.82,ANNUAL,ACTIVE,1,True,487614.31,142
POL000006275,CUS00023390,MOTOR,PRV5,2025-11-16,2026-11-16,2026-11-16,5556937.67,69687025.42,MONTHLY,ACTIVE,1,True,5556937.67,77
POL000006276,CUS00023392,LIFE,PRV2,2023-05-10,2033-05-07,2027-05-09,33201149.54,820531533.45,MONTHLY,ACTIVE,1,True,33201149.54,251
POL000006277,CUS00023396,HEALTH,PRV3,2023-02-19,2033-02-16,2027-02-18,2402228.9,45542628.77,MONTHLY,ACTIVE,1,True,2402228.9,171
POL000006278,CUS00023403,HEALTH,PRV3,2025-03-23,2045-03-18,2027-03-23,277717.99,3039544.06,ANNUAL,ACTIVE,2,True,659419.55,64
POL000006279,CUS00023403,LIFE,PRV1,2024-11-03,2029-11-02,2026-11-03,381701.56,7318369.55,ANNUAL,ACTIVE,2,True,659419.55,64
POL000006280,CUS00023404,LIFE,PRV2,2024-12-29,2034-12-27,2026-12-29,74630.41,1043129.21,ANNUAL,ACTIVE,1,True,74630.41,120
POL000006281,CUS00023417,MOTOR,PRV5,2026-06-22,2027-06-22,2027-06-22,2184639.62,39251834.16,MONTHLY,ACTIVE,1,True,2184639.62,295
POL000006282,CUS00023418,LIFE,PRV4,2025-09-12,2026-09-12,2026-09-12,8610883.85,100031768.37,ANNUAL,ACTIVE,1,True,8610883.85,12
POL000006283,CUS00023421,HEALTH,PRV1,2023-01-26,2028-01-25,2027-01-25,1913951.67,24176894.17,QUARTERLY,ACTIVE,1,True,1913951.67,147
POL000006284,CUS00023422,MOTOR,PRV3,2026-04-11,2027-04-11,2027-04-11,552235.18,9114427.57,ANNUAL,ACTIVE,2,True,1526245.89,223
POL000006285,CUS00023422,LIFE,PRV4,2023-04-21,2033-04-18,2027-04-20,974010.71,8373061.5,MONTHLY,ACTIVE,2,True,1526245.89,223
POL000006286,CUS00023427,HEALTH,PRV5,2025-08-20,2030-08-19,2027-08-20,3861348.18,89022212.34,ANNUAL,ACTIVE,1,True,3861348.18,354
POL000006287,CUS00023428,LIFE,PRV3,2025-10-26,2026-10-26,2026-10-26,185001.5,2259804.25,ANNUAL,ACTIVE,1,True,185001.5,56
POL000006288,CUS00023429,LIFE,PRV3,2026-05-10,2046-05-05,2027-05-10,15283018.35,188946919.02,QUARTERLY,ACTIVE,1,True,15283018.35,252
POL000006289,CUS00023438,HEALTH,PRV5,2025-05-13,2045-05-08,2027-05-13,249093.07,4454437.48,MONTHLY,ACTIVE,1,True,249093.07,255
POL000006290,CUS00023439,HEALTH,PRV3,2024-06-17,2034-06-15,2027-06-17,1634147.71,20335828.1,ANNUAL,ACTIVE,1,True,1634147.71,290
POL000006291,CUS00023443,LIFE,PRV3,2025-04-25,2026-04-25,2027-04-25,102291.68,2143755.67,ANNUAL,LAPSED,1,False,0.0,
POL000006292,CUS00023445,MOTOR,PRV2,2025-12-25,2035-12-23,2026-12-25,2224443.49,42437719.46,QUARTERLY,ACTIVE,1,True,2224443.49,116
POL000006293,CUS00023449,MOTOR,PRV4,2024-07-01,2044-06-26,2027-07-01,1361280.86,15954145.56,ANNUAL,ACTIVE,1,True,1361280.86,304
POL000006294,CUS00023450,HEALTH,PRV1,2025-01-31,2035-01-29,2027-01-31,10839448.87,182618022.88,MONTHLY,ACTIVE,1,True,10839448.87,153
POL000006295,CUS00023452,LIFE,PRV5,2023-12-23,2043-12-18,2026-12-22,623298.95,6855226.22,ANNUAL,ACTIVE,1,True,623298.95,113
POL000006296,CUS00023461,HOME,PRV5,2024-12-08,2029-12-07,2026-12-08,10574998.6,174460398.87,ANNUAL,ACTIVE,1,True,10574998.6,99
POL000006297,CUS00023467,LIFE,PRV4,2024-11-29,2025-11-29,2026-11-29,39167432.18,383126950.37,ANNUAL,LAPSED,1,False,0.0,
POL000006298,CUS00023469,LIFE,PRV3,2025-01-09,2045-01-04,2027-01-09,1034070.67,13964383.65,QUARTERLY,ACTIVE,1,True,1034070.67,131
POL000006299,CUS00023471,HOME,PRV1,2024-04-02,2034-03-31,2027-04-02,22467841.11,289556105.3,MONTHLY,ACTIVE,1,True,22467841.11,214
POL000006300,CUS00023477,HEALTH,PRV2,2024-07-30,2029-07-29,2027-07-30,807978.61,13881308.47,MONTHLY,ACTIVE,1,True,807978.61,333
POL000006301,CUS00023478,TRAVEL,PRV1,2024-10-20,2029-10-19,2026-10-20,1244439.58,15304930.7,ANNUAL,ACTIVE,1,True,1244439.58,50
POL000006302,CUS00023484,HEALTH,PRV1,2023-03-26,2043-03-21,2027-03-25,5059460.35,80815097.93,ANNUAL,ACTIVE,2,True,20796718.78,206
POL000006303,CUS00023484,HEALTH,PRV4,2023-08-17,2033-08-14,2027-08-16,15737258.43,224926030.89,ANNUAL,ACTIVE,2,True,20796718.78,206
POL000006304,CUS00023488,HEALTH,PRV1,2024-06-22,2029-06-21,2027-06-22,746724.08,18048807.59,MONTHLY,ACTIVE,2,True,1797298.97,235
POL000006305,CUS00023488,LIFE,PRV4,2025-04-23,2030-04-22,2027-04-23,1050574.89,11418304.92,QUARTERLY,ACTIVE,2,True,1797298.97,235
POL000006306,CUS00023492,LIFE,PRV5,2024-02-21,2044-02-16,2027-02-20,2541142.98,50524224.04,MONTHLY,ACTIVE,1,True,2541142.98,173
POL000006307,CUS00023496,HEALTH,PRV2,2026-06-12,2031-06-11,2027-06-12,212369.0,2499042.76,ANNUAL,ACTIVE,1,True,212369.0,285
POL000006308,CUS00023500,LIFE,PRV2,2023-04-21,2028-04-19,2027-04-20,2093994.29,27575213.66,MONTHLY,ACTIVE,1,True,2093994.29,232
POL000006309,CUS00023502,LIFE,PRV4,2023-03-28,2028-03-26,2027-03-27,4314360.26,68290217.55,MONTHLY,ACTIVE,2,True,4314360.26,208
POL000006310,CUS00023502,LIFE,PRV3,2024-03-31,2025-03-31,2027-03-31,7131109.32,113518500.22,ANNUAL,LAPSED,2,True,4314360.26,208
POL000006311,CUS00023503,LIFE,PRV5,2022-08-22,2032-08-19,2027-08-21,1995383.14,33252580.1,QUARTERLY,ACTIVE,1,True,1995383.14,355
POL000006312,CUS00023504,LIFE,PRV4,2024-09-14,2025-09-14,2026-09-14,3357412.79,28123993.24,MONTHLY,LAPSED,1,False,0.0,
POL000006313,CUS00023506,LIFE,PRV4,2023-10-03,2043-09-28,2026-10-02,781619.9,14817604.91,MONTHLY,ACTIVE,1,True,781619.9,32
POL000006314,CUS00023508,HEALTH,PRV3,2023-12-06,2028-12-04,2026-12-05,201130.56,3611707.01,QUARTERLY,ACTIVE,1,True,201130.56,96
POL000006315,CUS00023514,LIFE,PRV2,2023-12-24,2033-12-21,2026-12-23,133143.73,1254866.64,ANNUAL,ACTIVE,1,True,133143.73,114
POL000006316,CUS00023516,MOTOR,PRV5,2023-03-07,2043-03-02,2027-03-06,26963024.91,645155737.94,ANNUAL,ACTIVE,1,True,26963024.91,187
POL000006317,CUS00023517,TRAVEL,PRV4,2025-08-18,2030-08-17,2027-08-18,622624.99,10439869.36,ANNUAL,ACTIVE,1,True,622624.99,352
POL000006318,CUS00023522,LIFE,PRV1,2026-02-16,2046-02-11,2027-02-16,343131.01,6692103.36,ANNUAL,ACTIVE,1,True,343131.01,169
POL000006319,CUS00023530,LIFE,PRV4,2025-02-17,2030-02-16,2027-02-17,3518758.15,33354577.39,ANNUAL,ACTIVE,2,True,9121960.32,170
POL000006320,CUS00023530,TRAVEL,PRV5,2026-05-09,2046-05-04,2027-05-09,5603202.17,50333687.67,MONTHLY,ACTIVE,2,True,9121960.32,170
POL000006321,CUS00023532,HEALTH,PRV4,2026-05-26,2036-05-23,2027-05-26,8614757.12,106151350.38,ANNUAL,ACTIVE,2,True,8614757.12,268
POL000006322,CUS00023532,HEALTH,PRV2,2025-04-28,2026-04-28,2027-04-28,4515319.42,107809847.5,ANNUAL,LAPSED,2,True,8614757.12,268
POL000006323,CUS00023537,HOME,PRV3,2026-05-25,2036-05-22,2027-05-25,4815481.37,42791919.55,ANNUAL,ACTIVE,1,True,4815481.37,267
POL000006324,CUS00023539,LIFE,PRV5,2024-03-22,2025-03-22,2027-03-22,303271.43,6352067.32,QUARTERLY,LAPSED,1,False,0.0,
POL000006325,CUS00023544,HEALTH,PRV1,2023-09-30,2024-09-29,2026-09-29,2807021.15,43086624.89,ANNUAL,LAPSED,1,False,0.0,
POL000006326,CUS00023545,LIFE,PRV4,2025-08-16,2026-08-16,2027-08-16,14714506.54,281698660.26,ANNUAL,LAPSED,1,False,0.0,
POL000006327,CUS00023546,MOTOR,PRV2,2025-04-26,2045-04-21,2027-04-26,1788913.27,30760035.82,ANNUAL,ACTIVE,1,True,1788913.27,238
POL000006328,CUS00023548,HEALTH,PRV1,2024-09-26,2029-09-25,2026-09-26,1738020.95,36709214.5,ANNUAL,ACTIVE,1,True,1738020.95,26
POL000006329,CUS00023551,HEALTH,PRV5,2026-01-03,2036-01-01,2027-01-03,2598329.7,45750004.74,MONTHLY,ACTIVE,1,True,2598329.7,125
POL000006330,CUS00023552,HEALTH,PRV2,2025-01-16,2045-01-11,2027-01-16,338875.08,4502368.71,ANNUAL,ACTIVE,1,True,338875.08,138
POL000006331,CUS00023556,MOTOR,PRV3,2023-12-03,2024-12-02,2026-12-02,1216478.09,21713783.91,ANNUAL,LAPSED,1,False,0.0,
POL000006332,CUS00023558,TRAVEL,PRV4,2025-07-14,2030-07-13,2027-07-14,155570.8,1700470.09,ANNUAL,ACTIVE,1,True,155570.8,317
POL000006333,CUS00023562,LIFE,PRV4,2024-12-28,2034-12-26,2026-12-28,7904814.78,97908237.62,ANNUAL,ACTIVE,1,True,7904814.78,119
POL000006334,CUS00023567,LIFE,PRV2,2025-08-18,2026-08-18,2027-08-18,1534087.36,17358019.3,QUARTERLY,LAPSED,1,False,0.0,
POL000006335,CUS00023578,LIFE,PRV1,2024-08-05,2029-08-04,2027-08-05,184105.21,1772136.93,MONTHLY,ACTIVE,2,True,291400.01,117
POL000006336,CUS00023578,MOTOR,PRV3,2022-12-27,2027-12-26,2026-12-26,107294.8,1441357.92,QUARTERLY,ACTIVE,2,True,291400.01,117
POL000006337,CUS00023584,HOME,PRV4,2025-10-03,2045-09-28,2026-10-03,690468.37,13446239.12,ANNUAL,ACTIVE,1,True,690468.37,33
POL000006338,CUS00023588,HEALTH,PRV4,2023-08-14,2043-08-09,2027-08-13,635250.72,9729322.42,MONTHLY,ACTIVE,1,True,635250.72,347
POL000006339,CUS00023594,LIFE,PRV3,2024-08-16,2044-08-11,2027-08-16,4775699.57,109199231.43,QUARTERLY,ACTIVE,1,True,4775699.57,350
POL000006340,CUS00023598,LIFE,PRV1,2023-07-05,2024-07-04,2027-07-04,1552100.11,18301485.4,ANNUAL,LAPSED,1,False,0.0,
POL000006341,CUS00023602,HEALTH,PRV5,2022-11-24,2042-11-19,2026-11-23,4986033.17,47605672.26,ANNUAL,ACTIVE,1,True,4986033.17,84
POL000006342,CUS00023603,HEALTH,PRV5,2024-03-17,2029-03-16,2027-03-17,372040.29,3704562.0,ANNUAL,ACTIVE,1,True,372040.29,198
POL000006343,CUS00023613,HEALTH,PRV5,2023-03-07,2024-03-06,2027-03-06,1322760.33,19426365.54,QUARTERLY,LAPSED,1,False,0.0,
POL000006344,CUS00023619,HEALTH,PRV2,2025-01-29,2030-01-28,2027-01-29,1835829.09,30897168.04,QUARTERLY,ACTIVE,1,True,1835829.09,151
POL000006345,CUS00023623,TRAVEL,PRV5,2023-10-14,2043-10-09,2026-10-13,3288875.27,31202708.69,ANNUAL,ACTIVE,1,True,3288875.27,43
POL000006346,CUS00023629,HEALTH,PRV2,2023-06-13,2043-06-08,2027-06-12,704121.6,16615610.88,MONTHLY,ACTIVE,2,True,1405607.36,221
POL000006347,CUS00023629,HEALTH,PRV5,2026-04-09,2036-04-06,2027-04-09,701485.76,15023671.87,MONTHLY,ACTIVE,2,True,1405607.36,221
POL000006348,CUS00023630,MOTOR,PRV5,2024-08-11,2029-08-10,2027-08-11,546431.35,6677379.11,ANNUAL,ACTIVE,1,True,546431.35,345
POL000006349,CUS00023635,HOME,PRV3,2023-08-21,2024-08-20,2027-08-20,824022.79,11110982.83,MONTHLY,LAPSED,2,True,1391485.97,174
POL000006350,CUS00023635,HEALTH,PRV4,2024-02-22,2044-02-17,2027-02-21,1391485.97,14434385.07,ANNUAL,ACTIVE,2,True,1391485.97,174
POL000006351,CUS00023637,LIFE,PRV3,2025-02-04,2035-02-02,2027-02-04,656823.58,8737145.99,QUARTERLY,ACTIVE,1,True,656823.58,157
POL000006352,CUS00023639,MOTOR,PRV2,2023-08-06,2043-08-01,2027-08-05,1189203.33,19792741.77,MONTHLY,ACTIVE,1,True,1189203.33,339
POL000006353,CUS00023642,LIFE,PRV2,2025-05-15,2035-05-13,2027-05-15,6638834.5,164254703.65,QUARTERLY,ACTIVE,1,True,6638834.5,257
POL000006354,CUS00023643,HEALTH,PRV5,2026-04-25,2027-04-25,2027-04-25,2026681.71,50361237.19,MONTHLY,ACTIVE,1,True,2026681.71,237
POL000006355,CUS00023644,HEALTH,PRV3,2022-11-04,2032-11-01,2026-11-03,6382834.63,139650086.59,MONTHLY,ACTIVE,1,True,6382834.63,64
POL000006356,CUS00023648,TRAVEL,PRV4,2023-01-14,2033-01-11,2027-01-13,475874.6,6080580.07,ANNUAL,ACTIVE,2,True,475874.6,135
POL000006357,CUS00023648,TRAVEL,PRV4,2023-10-09,2024-10-08,2026-10-08,559504.44,6018764.29,QUARTERLY,LAPSED,2,True,475874.6,135
POL000006358,CUS00023656,HOME,PRV2,2022-09-25,2027-09-24,2026-09-24,291973.95,5926027.84,ANNUAL,ACTIVE,1,True,291973.95,24
POL000006359,CUS00023657,HOME,PRV5,2023-05-28,2024-05-27,2027-05-27,1290705.92,26339663.24,ANNUAL,LAPSED,2,True,585792.37,76
POL000006360,CUS00023657,LIFE,PRV5,2024-11-15,2029-11-14,2026-11-15,585792.37,14322151.16,QUARTERLY,ACTIVE,2,True,585792.37,76
POL000006361,CUS00023662,HEALTH,PRV4,2024-09-28,2029-09-27,2026-09-28,3330973.1,46419704.96,ANNUAL,ACTIVE,1,True,3330973.1,28
POL000006362,CUS00023666,HEALTH,PRV3,2023-07-24,2033-07-21,2027-07-23,784798.01,15326314.9,MONTHLY,ACTIVE,1,True,784798.01,326
POL000006363,CUS00023674,HEALTH,PRV4,2025-11-20,2026-11-20,2026-11-20,17065084.63,301632088.54,ANNUAL,ACTIVE,2,True,46159257.61,81
POL000006364,CUS00023674,HEALTH,PRV2,2026-07-19,2046-07-14,2027-07-19,29094172.98,245542915.52,MONTHLY,ACTIVE,2,True,46159257.61,81
POL000006365,CUS00023682,LIFE,PRV5,2026-04-06,2031-04-05,2027-04-06,728541.06,12937647.77,QUARTERLY,ACTIVE,1,True,728541.06,218
POL000006366,CUS00023683,LIFE,PRV2,2022-10-18,2023-10-18,2026-10-17,351314.77,7980394.2,MONTHLY,LAPSED,1,False,0.0,
POL000006367,CUS00023686,LIFE,PRV3,2025-03-06,2030-03-05,2027-03-06,231472.31,3250475.36,ANNUAL,ACTIVE,1,True,231472.31,187
POL000006368,CUS00023687,LIFE,PRV3,2026-07-05,2046-06-30,2027-07-05,411319.87,4349141.79,QUARTERLY,ACTIVE,1,True,411319.87,308
POL000006369,CUS00023688,LIFE,PRV4,2026-05-04,2031-05-03,2027-05-04,1137798.16,15816358.42,ANNUAL,ACTIVE,1,True,1137798.16,246
POL000006370,CUS00023690,LIFE,PRV5,2025-11-16,2045-11-11,2026-11-16,540072.45,11474423.86,MONTHLY,ACTIVE,1,True,540072.45,77
POL000006371,CUS00023691,LIFE,PRV3,2026-02-03,2027-02-03,2027-02-03,5941537.57,68050514.39,ANNUAL,ACTIVE,1,True,5941537.57,156
POL000006372,CUS00023697,HEALTH,PRV2,2025-01-25,2045-01-20,2027-01-25,887446.64,19164553.74,ANNUAL,ACTIVE,2,True,2408689.91,106
POL000006373,CUS00023697,LIFE,PRV5,2022-12-16,2027-12-15,2026-12-15,1521243.27,23683393.86,ANNUAL,ACTIVE,2,True,2408689.91,106
POL000006374,CUS00023699,HEALTH,PRV2,2023-10-24,2024-10-23,2026-10-23,911238.53,12821249.75,ANNUAL,LAPSED,1,False,0.0,
POL000006375,CUS00023728,LIFE,PRV3,2022-07-29,2042-07-24,2027-07-28,10717316.84,246082580.37,ANNUAL,ACTIVE,1,True,10717316.84,331
POL000006376,CUS00023731,HEALTH,PRV2,2023-09-23,2043-09-18,2026-09-22,6217705.99,99110681.52,MONTHLY,ACTIVE,1,True,6217705.99,22
POL000006377,CUS00023751,LIFE,PRV2,2024-06-09,2029-06-08,2027-06-09,736992.83,9599312.79,ANNUAL,ACTIVE,1,True,736992.83,282
POL000006378,CUS00023753,LIFE,PRV3,2025-04-25,2035-04-23,2027-04-25,2774865.34,65775381.24,ANNUAL,ACTIVE,1,True,2774865.34,237
POL000006379,CUS00023756,HEALTH,PRV5,2026-06-07,2027-06-07,2027-06-07,2323637.0,34152369.53,ANNUAL,ACTIVE,1,True,2323637.0,280
POL000006380,CUS00023761,LIFE,PRV4,2023-07-30,2043-07-25,2027-07-29,3211255.49,77598881.79,ANNUAL,ACTIVE,1,True,3211255.49,332
POL000006381,CUS00023762,HEALTH,PRV3,2023-12-02,2028-11-30,2026-12-01,514869.19,9625756.91,ANNUAL,ACTIVE,1,True,514869.19,92
POL000006382,CUS00023770,LIFE,PRV3,2022-12-01,2023-12-01,2026-11-30,808199.07,12165843.76,ANNUAL,LAPSED,1,False,0.0,
POL000006383,CUS00023776,LIFE,PRV5,2025-10-17,2026-10-17,2026-10-17,1700622.43,18348419.8,ANNUAL,ACTIVE,1,True,1700622.43,47
POL000006384,CUS00023779,LIFE,PRV4,2026-01-02,2031-01-01,2027-01-02,974585.42,22934355.96,QUARTERLY,ACTIVE,2,True,4479839.39,124
POL000006385,CUS00023779,HOME,PRV4,2024-05-30,2034-05-28,2027-05-30,3505253.97,68340981.28,ANNUAL,ACTIVE,2,True,4479839.39,124
POL000006386,CUS00023785,HOME,PRV1,2025-05-07,2045-05-02,2027-05-07,199300.45,3553019.45,ANNUAL,ACTIVE,1,True,199300.45,249
POL000006387,CUS00023787,TRAVEL,PRV1,2024-09-02,2044-08-28,2026-09-02,3297265.91,52659785.4,ANNUAL,ACTIVE,1,True,3297265.91,2
POL000006388,CUS00023790,MOTOR,PRV1,2025-08-02,2030-08-01,2027-08-02,21316177.98,334722438.91,ANNUAL,ACTIVE,1,True,21316177.98,336
POL000006389,CUS00023802,HEALTH,PRV4,2024-12-05,2044-11-30,2026-12-05,1152490.09,25475805.38,ANNUAL,ACTIVE,2,True,2894542.75,96
POL000006390,CUS00023802,LIFE,PRV5,2023-04-25,2033-04-22,2027-04-24,1742052.66,27589264.79,QUARTERLY,ACTIVE,2,True,2894542.75,96
POL000006391,CUS00023807,TRAVEL,PRV5,2024-12-25,2044-12-20,2026-12-25,235718.77,5826446.67,ANNUAL,ACTIVE,2,True,797534.02,116
POL000006392,CUS00023807,HEALTH,PRV2,2025-03-08,2035-03-06,2027-03-08,561815.25,6980652.92,MONTHLY,ACTIVE,2,True,797534.02,116
POL000006393,CUS00023809,HEALTH,PRV1,2022-10-07,2032-10-04,2026-10-06,8625446.75,197173368.47,ANNUAL,ACTIVE,1,True,8625446.75,36
POL000006394,CUS00023811,MOTOR,PRV5,2026-01-15,2027-01-15,2027-01-15,5725214.31,139299887.76,ANNUAL,ACTIVE,1,True,5725214.31,137
POL000006395,CUS00023812,LIFE,PRV2,2026-06-10,2036-06-07,2027-06-10,204037.74,4250641.23,ANNUAL,ACTIVE,1,True,204037.74,283
POL000006396,CUS00023813,LIFE,PRV2,2023-04-24,2033-04-21,2027-04-23,516362.59,6029025.53,ANNUAL,ACTIVE,1,True,516362.59,235
POL000006397,CUS00023820,MOTOR,PRV3,2024-08-23,2029-08-22,2027-08-23,31395742.4,585807916.6,ANNUAL,ACTIVE,1,True,31395742.4,357
POL000006398,CUS00023830,MOTOR,PRV4,2025-05-03,2026-05-03,2027-05-03,1449241.94,25081234.25,ANNUAL,LAPSED,2,False,0.0,
POL000006399,CUS00023830,LIFE,PRV4,2023-01-26,2024-01-26,2027-01-25,1846936.84,40495833.51,ANNUAL,LAPSED,2,False,0.0,
POL000006400,CUS00023831,HEALTH,PRV4,2022-10-30,2032-10-27,2026-10-29,707705.17,12937974.09,QUARTERLY,ACTIVE,1,True,707705.17,59
POL000006401,CUS00023832,LIFE,PRV5,2023-05-05,2033-05-02,2027-05-04,2418670.78,27082597.98,MONTHLY,ACTIVE,1,True,2418670.78,246
POL000006402,CUS00023833,LIFE,PRV2,2023-01-12,2033-01-09,2027-01-11,4837160.23,61990083.76,ANNUAL,ACTIVE,1,True,4837160.23,133
POL000006403,CUS00023835,LIFE,PRV4,2026-07-24,2046-07-19,2027-07-24,2720553.91,40235363.08,MONTHLY,ACTIVE,1,True,2720553.91,327
POL000006404,CUS00023836,HOME,PRV3,2025-11-11,2030-11-10,2026-11-11,313744.2,6316644.43,ANNUAL,ACTIVE,1,True,313744.2,72
POL000006405,CUS00023845,MOTOR,PRV1,2025-11-23,2026-11-23,2026-11-23,11066560.25,93683496.5,MONTHLY,ACTIVE,1,True,11066560.25,84
POL000006406,CUS00023847,HEALTH,PRV1,2025-02-18,2035-02-16,2027-02-18,26004203.76,553589119.44,ANNUAL,ACTIVE,1,True,26004203.76,171
POL000006407,CUS00023850,HOME,PRV4,2023-01-15,2024-01-15,2027-01-14,274831.47,6485174.99,MONTHLY,LAPSED,1,False,0.0,
POL000006408,CUS00023851,HEALTH,PRV3,2024-12-12,2029-12-11,2026-12-12,355518.39,8755434.66,ANNUAL,ACTIVE,1,True,355518.39,103
POL000006409,CUS00023856,HEALTH,PRV4,2025-11-03,2026-11-03,2026-11-03,1037908.8,11973779.4,ANNUAL,ACTIVE,1,True,1037908.8,64
POL000006410,CUS00023860,MOTOR,PRV3,2025-04-19,2045-04-14,2027-04-19,24386985.05,388383694.01,QUARTERLY,ACTIVE,1,True,24386985.05,231
POL000006411,CUS00023861,HEALTH,PRV3,2025-10-06,2035-10-04,2026-10-06,3801189.47,58611841.92,ANNUAL,ACTIVE,1,True,3801189.47,36
POL000006412,CUS00023867,TRAVEL,PRV4,2022-08-29,2023-08-29,2027-08-28,488800.17,6461310.43,QUARTERLY,LAPSED,1,False,0.0,
POL000006413,CUS00023871,HEALTH,PRV1,2023-06-17,2024-06-16,2027-06-16,865576.79,18851603.14,QUARTERLY,LAPSED,1,False,0.0,
POL000006414,CUS00023872,LIFE,PRV3,2025-02-26,2045-02-21,2027-02-26,604636.01,10976465.97,ANNUAL,ACTIVE,1,True,604636.01,179
POL000006415,CUS00023873,LIFE,PRV5,2023-09-08,2043-09-03,2026-09-07,718452.25,13778785.45,ANNUAL,ACTIVE,1,True,718452.25,7
POL000006416,CUS00023883,HOME,PRV1,2022-09-18,2027-09-17,2026-09-17,773152.67,9013817.82,QUARTERLY,ACTIVE,2,True,2275544.41,17
POL000006417,CUS00023883,LIFE,PRV5,2023-07-14,2033-07-11,2027-07-13,1502391.74,35476164.79,MONTHLY,ACTIVE,2,True,2275544.41,17
POL000006418,CUS00023886,HEALTH,PRV5,2023-08-07,2024-08-06,2027-08-06,313860.08,3633591.29,ANNUAL,LAPSED,1,False,0.0,
POL000006419,CUS00023887,LIFE,PRV5,2022-11-24,2027-11-23,2026-11-23,276193.63,4487170.38,MONTHLY,ACTIVE,1,True,276193.63,84
POL000006420,CUS00023889,LIFE,PRV3,2025-04-07,2026-04-07,2027-04-07,573846.73,9062881.34,ANNUAL,LAPSED,1,False,0.0,
POL000006421,CUS00023890,HEALTH,PRV1,2024-01-03,2025-01-02,2027-01-02,1468928.54,25946507.25,ANNUAL,LAPSED,1,False,0.0,
POL000006422,CUS00023903,LIFE,PRV3,2025-09-16,2030-09-15,2026-09-16,299498.6,7095070.62,ANNUAL,ACTIVE,1,True,299498.6,16
POL000006423,CUS00023908,TRAVEL,PRV3,2025-06-30,2045-06-25,2027-06-30,4410299.33,95645484.13,ANNUAL,ACTIVE,1,True,4410299.33,303
POL000006424,CUS00023909,TRAVEL,PRV1,2025-09-20,2035-09-18,2026-09-20,2692901.41,62095404.83,MONTHLY,ACTIVE,2,True,4728243.05,20
POL000006425,CUS00023909,HOME,PRV3,2024-10-24,2029-10-23,2026-10-24,2035341.64,26782433.09,MONTHLY,ACTIVE,2,True,4728243.05,20
POL000006426,CUS00023911,HOME,PRV1,2026-06-07,2031-06-06,2027-06-07,198187.87,2159530.04,MONTHLY,ACTIVE,1,True,198187.87,280
POL000006427,CUS00023914,LIFE,PRV4,2024-02-07,2029-02-05,2027-02-06,1554953.87,38125624.51,ANNUAL,ACTIVE,1,True,1554953.87,159
POL000006428,CUS00023916,LIFE,PRV2,2025-11-07,2026-11-07,2026-11-07,367315.86,4628547.16,ANNUAL,ACTIVE,1,True,367315.86,68
POL000006429,CUS00023920,LIFE,PRV3,2023-07-18,2028-07-16,2027-07-17,4239219.13,60043663.04,QUARTERLY,ACTIVE,1,True,4239219.13,320
POL000006430,CUS00023929,MOTOR,PRV1,2024-09-19,2034-09-17,2026-09-19,1136433.28,25738121.77,MONTHLY,ACTIVE,1,True,1136433.28,19
POL000006431,CUS00023930,HEALTH,PRV4,2022-08-29,2032-08-26,2027-08-28,705900.31,15197486.57,MONTHLY,ACTIVE,2,True,1127983.1,126
POL000006432,CUS00023930,HEALTH,PRV5,2024-01-05,2034-01-02,2027-01-04,422082.79,3466988.11,ANNUAL,ACTIVE,2,True,1127983.1,126
POL000006433,CUS00023934,TRAVEL,PRV3,2025-09-04,2026-09-04,2026-09-04,4417185.89,110228511.46,MONTHLY,ACTIVE,1,True,4417185.89,4
POL000006434,CUS00023935,LIFE,PRV3,2024-03-25,2029-03-24,2027-03-25,264922.88,3654368.8,ANNUAL,ACTIVE,1,True,264922.88,206
POL000006435,CUS00023936,HEALTH,PRV1,2024-08-30,2025-08-30,2027-08-30,660769.79,15133828.74,ANNUAL,LAPSED,1,False,0.0,
POL000006436,CUS00023938,MOTOR,PRV1,2024-01-18,2044-01-13,2027-01-17,1240005.49,12355437.39,QUARTERLY,ACTIVE,1,True,1240005.49,139
POL000006437,CUS00023944,MOTOR,PRV2,2023-12-22,2028-12-20,2026-12-21,904708.67,12706910.17,MONTHLY,ACTIVE,1,True,904708.67,112
POL000006438,CUS00023947,LIFE,PRV2,2026-02-21,2027-02-21,2027-02-21,6322073.87,101464776.74,QUARTERLY,ACTIVE,1,True,6322073.87,174
POL000006439,CUS00023948,HEALTH,PRV5,2024-11-21,2029-11-20,2026-11-21,238135.24,4755576.09,MONTHLY,ACTIVE,1,True,238135.24,82
POL000006440,CUS00023957,TRAVEL,PRV4,2025-04-01,2030-03-31,2027-04-01,264667.32,3521560.07,QUARTERLY,ACTIVE,2,True,1201093.31,118
POL000006441,CUS00023957,HOME,PRV3,2022-12-28,2027-12-27,2026-12-27,936425.99,19686907.44,MONTHLY,ACTIVE,2,True,1201093.31,118
POL000006442,CUS00023958,MOTOR,PRV5,2023-11-16,2024-11-15,2026-11-15,9690776.32,206191918.58,ANNUAL,LAPSED,1,False,0.0,
POL000006443,CUS00023960,LIFE,PRV1,2025-10-21,2030-10-20,2026-10-21,1218242.45,21630167.99,ANNUAL,ACTIVE,1,True,1218242.45,51
POL000006444,CUS00023970,HOME,PRV3,2026-03-19,2031-03-18,2027-03-19,135997.84,2135229.63,ANNUAL,ACTIVE,1,True,135997.84,200
POL000006445,CUS00023971,HEALTH,PRV3,2022-11-14,2027-11-13,2026-11-13,322255.15,5661330.56,MONTHLY,ACTIVE,1,True,322255.15,74
POL000006446,CUS00023976,HEALTH,PRV4,2023-01-26,2043-01-21,2027-01-25,3731560.79,53059332.64,ANNUAL,ACTIVE,2,True,3731560.79,147
POL000006447,CUS00023976,HEALTH,PRV3,2024-01-19,2025-01-18,2027-01-18,4712854.77,83251675.85,MONTHLY,LAPSED,2,True,3731560.79,147
POL000006448,CUS00023978,LIFE,PRV1,2025-06-06,2045-06-01,2027-06-06,1423747.33,11948681.3,ANNUAL,ACTIVE,1,True,1423747.33,279
POL000006449,CUS00023980,HOME,PRV2,2025-02-23,2026-02-23,2027-02-23,17310207.11,153955895.6,ANNUAL,LAPSED,2,True,5512690.49,143
POL000006450,CUS00023980,LIFE,PRV4,2026-01-21,2036-01-19,2027-01-21,5512690.49,86184969.28,MONTHLY,ACTIVE,2,True,5512690.49,143
POL000006451,CUS00023983,LIFE,PRV4,2022-07-30,2023-07-30,2027-07-29,2048099.6,49162679.83,ANNUAL,LAPSED,1,False,0.0,
POL000006452,CUS00023989,LIFE,PRV3,2025-05-24,2030-05-23,2027-05-24,8097292.24,73660294.97,MONTHLY,ACTIVE,2,True,20420410.56,143
POL000006453,CUS00023989,HEALTH,PRV5,2025-01-21,2030-01-20,2027-01-21,12323118.32,256219580.94,ANNUAL,ACTIVE,2,True,20420410.56,143
POL000006454,CUS00023997,LIFE,PRV4,2024-09-06,2044-09-01,2026-09-06,172791.01,3666605.37,QUARTERLY,ACTIVE,1,True,172791.01,6
POL000006455,CUS00023998,HEALTH,PRV1,2023-05-25,2024-05-24,2027-05-24,6145132.06,79121739.08,MONTHLY,LAPSED,2,False,0.0,
POL000006456,CUS00023998,MOTOR,PRV2,2024-11-30,2025-11-30,2026-11-30,7886233.91,139230309.18,MONTHLY,LAPSED,2,False,0.0,
POL000006457,CUS00024005,LIFE,PRV2,2022-08-19,2032-08-16,2027-08-18,3160138.52,38168655.53,ANNUAL,ACTIVE,1,True,3160138.52,352
POL000006458,CUS00024008,MOTOR,PRV2,2022-12-26,2032-12-23,2026-12-25,1614430.43,16643217.85,ANNUAL,ACTIVE,1,True,1614430.43,116
POL000006459,CUS00024011,LIFE,PRV3,2024-10-14,2025-10-14,2026-10-14,1939200.15,46513572.51,ANNUAL,LAPSED,1,False,0.0,
POL000006460,CUS00024018,HEALTH,PRV5,2022-08-20,2023-08-20,2027-08-19,2005783.16,33815424.48,MONTHLY,LAPSED,2,True,1440035.69,323
POL000006461,CUS00024018,MOTOR,PRV4,2026-07-20,2031-07-19,2027-07-20,1440035.69,25104506.36,QUARTERLY,ACTIVE,2,True,1440035.69,323
POL000006462,CUS00024019,MOTOR,PRV4,2025-03-13,2035-03-11,2027-03-13,4759839.85,51429813.11,ANNUAL,ACTIVE,1,True,4759839.85,194
POL000006463,CUS00024021,LIFE,PRV2,2023-05-10,2043-05-05,2027-05-09,541869.74,7421731.27,ANNUAL,ACTIVE,1,True,541869.74,251
POL000006464,CUS00024022,LIFE,PRV2,2023-09-28,2024-09-27,2026-09-27,5606610.85,46033097.21,ANNUAL,LAPSED,1,False,0.0,
POL000006465,CUS00024024,LIFE,PRV1,2023-04-03,2033-03-31,2027-04-02,22502141.89,264584503.19,ANNUAL,ACTIVE,1,True,22502141.89,214
POL000006466,CUS00024026,LIFE,PRV3,2022-09-08,2027-09-07,2026-09-07,2954321.67,41792544.21,ANNUAL,ACTIVE,1,True,2954321.67,7
POL000006467,CUS00024028,HEALTH,PRV4,2024-01-28,2034-01-25,2027-01-27,1069326.21,22589877.6,MONTHLY,ACTIVE,2,True,3808070.15,149
POL000006468,CUS00024028,MOTOR,PRV5,2026-05-26,2031-05-25,2027-05-26,2738743.94,22800111.63,ANNUAL,ACTIVE,2,True,3808070.15,149
POL000006469,CUS00024033,HEALTH,PRV2,2026-01-17,2036-01-15,2027-01-17,553779.15,5441682.58,ANNUAL,ACTIVE,1,True,553779.15,139
POL000006470,CUS00024035,HEALTH,PRV4,2024-11-14,2025-11-14,2026-11-14,3479967.24,46753243.79,QUARTERLY,LAPSED,1,False,0.0,
POL000006471,CUS00024037,HEALTH,PRV3,2026-07-28,2036-07-25,2027-07-28,1366475.68,33336134.21,QUARTERLY,ACTIVE,1,True,1366475.68,331
POL000006472,CUS00024039,TRAVEL,PRV4,2024-11-07,2034-11-05,2026-11-07,157826.18,2013448.64,QUARTERLY,ACTIVE,1,True,157826.18,68
POL000006473,CUS00024041,MOTOR,PRV2,2023-10-25,2024-10-24,2026-10-24,2629983.94,38039901.02,ANNUAL,LAPSED,1,False,0.0,
POL000006474,CUS00024043,LIFE,PRV4,2025-04-16,2045-04-11,2027-04-16,548087.03,7486414.83,ANNUAL,ACTIVE,1,True,548087.03,228
POL000006475,CUS00024051,TRAVEL,PRV5,2023-09-23,2028-09-21,2026-09-22,10744961.54,208507281.13,ANNUAL,ACTIVE,1,True,10744961.54,22
POL000006476,CUS00024054,HOME,PRV2,2026-06-22,2031-06-21,2027-06-22,1607247.01,28422544.03,ANNUAL,ACTIVE,1,True,1607247.01,295
POL000006477,CUS00024062,HEALTH,PRV5,2022-10-30,2032-10-27,2026-10-29,706433.63,10607252.28,MONTHLY,ACTIVE,1,True,706433.63,59
POL000006478,CUS00024064,LIFE,PRV3,2025-11-17,2030-11-16,2026-11-17,6540802.51,62305532.63,MONTHLY,ACTIVE,1,True,6540802.51,78
POL000006479,CUS00024079,LIFE,PRV1,2026-06-22,2031-06-21,2027-06-22,2201081.2,32622930.29,QUARTERLY,ACTIVE,1,True,2201081.2,295
POL000006480,CUS00024080,TRAVEL,PRV2,2023-08-09,2033-08-06,2027-08-08,2254659.8,52063184.23,MONTHLY,ACTIVE,1,True,2254659.8,342
POL000006481,CUS00024081,MOTOR,PRV5,2023-12-02,2033-11-29,2026-12-01,1656215.8,29235321.92,QUARTERLY,ACTIVE,1,True,1656215.8,92
POL000006482,CUS00024098,LIFE,PRV3,2025-12-22,2030-12-21,2026-12-22,1368716.55,11078785.82,ANNUAL,ACTIVE,2,True,2770096.26,113
POL000006483,CUS00024098,LIFE,PRV5,2026-03-27,2027-03-27,2027-03-27,1401379.71,27661738.1,MONTHLY,ACTIVE,2,True,2770096.26,113
POL000006484,CUS00024100,MOTOR,PRV3,2025-12-04,2026-12-04,2026-12-04,1900849.95,28974762.7,ANNUAL,ACTIVE,1,True,1900849.95,95
POL000006485,CUS00024108,LIFE,PRV2,2026-03-28,2036-03-25,2027-03-28,7648187.71,190906809.88,QUARTERLY,ACTIVE,1,True,7648187.71,209
POL000006486,CUS00024110,HEALTH,PRV5,2025-10-25,2026-10-25,2026-10-25,2551911.81,33534222.27,ANNUAL,ACTIVE,2,True,5493074.95,55
POL000006487,CUS00024110,HOME,PRV3,2025-04-30,2045-04-25,2027-04-30,2941163.14,41943417.84,MONTHLY,ACTIVE,2,True,5493074.95,55
POL000006488,CUS00024111,HEALTH,PRV4,2025-02-26,2045-02-21,2027-02-26,313123.38,2695625.06,ANNUAL,ACTIVE,1,True,313123.38,179
POL000006489,CUS00024115,LIFE,PRV5,2024-02-27,2034-02-24,2027-02-26,1368871.01,29844151.24,MONTHLY,ACTIVE,1,True,1368871.01,179
POL000006490,CUS00024119,HEALTH,PRV3,2026-01-11,2031-01-10,2027-01-11,389336.79,5637668.88,MONTHLY,ACTIVE,1,True,389336.79,133
POL000006491,CUS00024126,LIFE,PRV1,2023-05-27,2043-05-22,2027-05-26,450426.73,8710026.22,QUARTERLY,ACTIVE,1,True,450426.73,268
POL000006492,CUS00024127,HEALTH,PRV5,2023-06-08,2033-06-05,2027-06-07,190206.51,4580199.47,ANNUAL,ACTIVE,2,True,582895.98,280
POL000006493,CUS00024127,HOME,PRV3,2022-08-21,2032-08-18,2027-08-20,392689.47,5411749.38,QUARTERLY,ACTIVE,2,True,582895.98,280
POL000006494,CUS00024133,LIFE,PRV5,2024-07-06,2029-07-05,2027-07-06,1795264.46,14575224.02,MONTHLY,ACTIVE,1,True,1795264.46,309
POL000006495,CUS00024137,HEALTH,PRV5,2026-07-07,2046-07-02,2027-07-07,6207087.98,92748310.62,MONTHLY,ACTIVE,1,True,6207087.98,310
POL000006496,CUS00024139,HOME,PRV1,2026-07-27,2031-07-26,2027-07-27,226422.78,2754011.34,QUARTERLY,ACTIVE,1,True,226422.78,330
POL000006497,CUS00024142,HEALTH,PRV4,2023-03-08,2033-03-05,2027-03-07,1514143.75,30312286.25,MONTHLY,ACTIVE,1,True,1514143.75,188
POL000006498,CUS00024143,HEALTH,PRV5,2023-07-14,2043-07-09,2027-07-13,229607.4,2459447.83,MONTHLY,ACTIVE,1,True,229607.4,316
POL000006499,CUS00024148,TRAVEL,PRV2,2023-12-10,2028-12-08,2026-12-09,4894750.25,75700368.35,ANNUAL,ACTIVE,1,True,4894750.25,100
POL000006500,CUS00024155,HEALTH,PRV3,2025-06-27,2030-06-26,2027-06-27,3625060.62,84987352.37,QUARTERLY,ACTIVE,1,True,3625060.62,300
POL000006501,CUS00024159,LIFE,PRV3,2023-04-26,2028-04-24,2027-04-25,9876172.71,90545924.09,ANNUAL,ACTIVE,1,True,9876172.71,237
POL000006502,CUS00024164,HEALTH,PRV1,2023-01-15,2028-01-14,2027-01-14,1238849.03,12979394.43,MONTHLY,ACTIVE,1,True,1238849.03,136
POL000006503,CUS00024174,HEALTH,PRV4,2023-09-18,2043-09-13,2026-09-17,7206667.64,132583897.66,ANNUAL,ACTIVE,1,True,7206667.64,17
POL000006504,CUS00024177,HEALTH,PRV3,2023-03-11,2043-03-06,2027-03-10,755053.04,17976590.22,ANNUAL,ACTIVE,1,True,755053.04,191
POL000006505,CUS00024178,LIFE,PRV2,2025-06-15,2035-06-13,2027-06-15,1441230.61,15060941.62,ANNUAL,ACTIVE,1,True,1441230.61,288
POL000006506,CUS00024182,HEALTH,PRV1,2026-02-07,2046-02-02,2027-02-07,812489.43,14897430.7,ANNUAL,ACTIVE,1,True,812489.43,160
POL000006507,CUS00024185,MOTOR,PRV4,2023-12-06,2033-12-03,2026-12-05,472824.61,8217862.38,QUARTERLY,ACTIVE,1,True,472824.61,96
POL000006508,CUS00024187,HEALTH,PRV2,2023-06-25,2043-06-20,2027-06-24,71155.45,855842.71,QUARTERLY,ACTIVE,1,True,71155.45,297
POL000006509,CUS00024188,LIFE,PRV2,2026-07-10,2036-07-07,2027-07-10,6581296.05,59478798.73,MONTHLY,ACTIVE,1,True,6581296.05,313
POL000006510,CUS00024205,LIFE,PRV2,2023-03-21,2043-03-16,2027-03-20,3059545.84,72037045.26,QUARTERLY,ACTIVE,1,True,3059545.84,201
POL000006511,CUS00024213,HOME,PRV1,2022-09-08,2032-09-05,2026-09-07,153618.74,3174486.36,ANNUAL,ACTIVE,2,True,377429.85,7
POL000006512,CUS00024213,LIFE,PRV4,2023-08-01,2043-07-27,2027-07-31,223811.11,5293360.47,QUARTERLY,ACTIVE,2,True,377429.85,7
POL000006513,CUS00024223,HOME,PRV4,2022-10-23,2032-10-20,2026-10-22,3024780.72,70667959.65,MONTHLY,ACTIVE,1,True,3024780.72,52
POL000006514,CUS00024226,HOME,PRV4,2024-02-04,2034-02-01,2027-02-03,274274.7,4010853.19,MONTHLY,ACTIVE,1,True,274274.7,156
POL000006515,CUS00024229,HOME,PRV1,2023-02-08,2024-02-08,2027-02-07,11783228.21,202816271.87,ANNUAL,LAPSED,1,False,0.0,
POL000006516,CUS00024242,HEALTH,PRV5,2024-09-10,2029-09-09,2026-09-10,3099652.95,36640162.6,ANNUAL,ACTIVE,1,True,3099652.95,10
POL000006517,CUS00024250,LIFE,PRV2,2026-03-21,2036-03-18,2027-03-21,447616.98,6340205.56,ANNUAL,ACTIVE,1,True,447616.98,202
POL000006518,CUS00024257,HEALTH,PRV3,2024-02-11,2029-02-09,2027-02-10,402883.61,9048150.17,ANNUAL,ACTIVE,1,True,402883.61,163
POL000006519,CUS00024258,MOTOR,PRV5,2025-03-06,2035-03-04,2027-03-06,2661839.77,62295816.22,QUARTERLY,ACTIVE,2,True,5131020.71,187
POL000006520,CUS00024258,HEALTH,PRV5,2024-05-27,2034-05-25,2027-05-27,2469180.94,46542529.0,MONTHLY,ACTIVE,2,True,5131020.71,187
POL000006521,CUS00024260,TRAVEL,PRV3,2026-01-20,2046-01-15,2027-01-20,790721.33,7053659.28,ANNUAL,ACTIVE,1,True,790721.33,142
POL000006522,CUS00024261,HEALTH,PRV2,2024-10-14,2044-10-09,2026-10-14,1129278.44,13540593.88,MONTHLY,ACTIVE,1,True,1129278.44,44
POL000006523,CUS00024270,MOTOR,PRV5,2023-01-15,2024-01-15,2027-01-14,2243745.63,32361749.87,ANNUAL,LAPSED,1,False,0.0,
POL000006524,CUS00024272,MOTOR,PRV3,2025-08-28,2030-08-27,2027-08-28,100166.85,1217895.51,MONTHLY,ACTIVE,2,True,429545.24,62
POL000006525,CUS00024272,LIFE,PRV1,2025-11-01,2035-10-30,2026-11-01,329378.39,5250374.38,ANNUAL,ACTIVE,2,True,429545.24,62
POL000006526,CUS00024273,LIFE,PRV2,2022-11-07,2042-11-02,2026-11-06,1070038.56,16065416.67,ANNUAL,ACTIVE,1,True,1070038.56,67
POL000006527,CUS00024277,MOTOR,PRV3,2022-08-08,2042-08-03,2027-08-07,4607484.31,74321020.48,MONTHLY,ACTIVE,1,True,4607484.31,341
POL000006528,CUS00024279,HOME,PRV4,2026-01-08,2031-01-07,2027-01-08,724158.4,6464270.43,ANNUAL,ACTIVE,1,True,724158.4,130
POL000006529,CUS00024280,HOME,PRV3,2025-12-24,2026-12-24,2026-12-24,928488.47,18739711.93,ANNUAL,ACTIVE,2,True,928488.47,115
POL000006530,CUS00024280,HEALTH,PRV1,2023-11-15,2024-11-14,2026-11-14,2127705.7,52299766.66,MONTHLY,LAPSED,2,True,928488.47,115
POL000006531,CUS00024293,LIFE,PRV2,2023-03-25,2033-03-22,2027-03-24,4575409.01,106131613.21,QUARTERLY,ACTIVE,2,True,9606679.32,186
POL000006532,CUS00024293,LIFE,PRV2,2024-03-05,2044-02-29,2027-03-05,5031270.31,72438683.06,MONTHLY,ACTIVE,2,True,9606679.32,186
POL000006533,CUS00024301,HOME,PRV3,2026-05-03,2031-05-02,2027-05-03,640373.2,14774828.25,MONTHLY,ACTIVE,1,True,640373.2,245
POL000006534,CUS00024304,TRAVEL,PRV3,2023-08-27,2028-08-25,2027-08-26,104405.71,1162768.41,ANNUAL,ACTIVE,1,True,104405.71,360
POL000006535,CUS00024323,HOME,PRV3,2022-08-17,2023-08-17,2027-08-16,1312786.5,12369411.24,QUARTERLY,LAPSED,2,True,1758905.0,260
POL000006536,CUS00024323,TRAVEL,PRV2,2026-05-18,2031-05-17,2027-05-18,1758905.0,31984174.97,QUARTERLY,ACTIVE,2,True,1758905.0,260
POL000006537,CUS00024324,HEALTH,PRV4,2025-10-18,2026-10-18,2026-10-18,3837799.78,38998016.19,ANNUAL,ACTIVE,1,True,3837799.78,48
POL000006538,CUS00024332,LIFE,PRV5,2023-01-31,2024-01-31,2027-01-30,174269.89,4081363.33,MONTHLY,LAPSED,1,False,0.0,
POL000006539,CUS00024346,HEALTH,PRV3,2022-11-27,2032-11-24,2026-11-26,501648.58,11500099.91,ANNUAL,ACTIVE,2,True,666771.32,11
POL000006540,CUS00024346,LIFE,PRV2,2022-09-12,2032-09-09,2026-09-11,165122.74,2677108.75,ANNUAL,ACTIVE,2,True,666771.32,11
POL000006541,CUS00024349,MOTOR,PRV3,2025-11-29,2030-11-28,2026-11-29,501079.83,10947694.15,ANNUAL,ACTIVE,1,True,501079.83,90
POL000006542,CUS00024351,MOTOR,PRV3,2025-10-02,2030-10-01,2026-10-02,227693.94,5184922.44,MONTHLY,ACTIVE,2,True,227693.94,32
POL000006543,CUS00024351,HEALTH,PRV1,2024-01-29,2025-01-28,2027-01-28,764349.61,7780477.92,ANNUAL,LAPSED,2,True,227693.94,32
POL000006544,CUS00024354,TRAVEL,PRV5,2024-10-06,2029-10-05,2026-10-06,32056739.05,447659215.34,ANNUAL,ACTIVE,1,True,32056739.05,36
POL000006545,CUS00024355,HEALTH,PRV4,2025-09-06,2045-09-01,2026-09-06,444581.04,5356150.91,ANNUAL,ACTIVE,1,True,444581.04,6
POL000006546,CUS00024360,LIFE,PRV2,2025-01-07,2035-01-05,2027-01-07,262973.09,6372418.95,QUARTERLY,ACTIVE,1,True,262973.09,129
POL000006547,CUS00024366,LIFE,PRV2,2024-01-01,2024-12-31,2026-12-31,22740598.87,429305169.57,QUARTERLY,LAPSED,1,False,0.0,
POL000006548,CUS00024374,LIFE,PRV2,2025-10-25,2030-10-24,2026-10-25,1603991.01,30920176.22,MONTHLY,ACTIVE,1,True,1603991.01,55
POL000006549,CUS00024375,MOTOR,PRV4,2024-02-23,2034-02-20,2027-02-22,259247.7,5098237.25,QUARTERLY,ACTIVE,1,True,259247.7,175
POL000006550,CUS00024377,HEALTH,PRV4,2023-06-24,2033-06-21,2027-06-23,18178994.95,389262839.24,QUARTERLY,ACTIVE,1,True,18178994.95,296
POL000006551,CUS00024379,HEALTH,PRV2,2023-01-01,2032-12-29,2026-12-31,21062020.08,406811840.08,ANNUAL,ACTIVE,1,True,21062020.08,122
POL000006552,CUS00024381,LIFE,PRV2,2023-10-09,2024-10-08,2026-10-08,2232246.3,51013717.1,ANNUAL,LAPSED,1,False,0.0,
POL000006553,CUS00024382,LIFE,PRV2,2026-01-02,2027-01-02,2027-01-02,428486.52,8738014.94,ANNUAL,ACTIVE,1,True,428486.52,124
POL000006554,CUS00024388,MOTOR,PRV1,2023-09-12,2033-09-09,2026-09-11,629845.22,8960449.98,MONTHLY,ACTIVE,1,True,629845.22,11
POL000006555,CUS00024390,LIFE,PRV5,2023-11-14,2043-11-09,2026-11-13,6555059.97,66222682.67,QUARTERLY,ACTIVE,2,True,13603101.49,74
POL000006556,CUS00024390,LIFE,PRV3,2025-02-04,2035-02-02,2027-02-04,7048041.52,124548695.01,QUARTERLY,ACTIVE,2,True,13603101.49,74
POL000006557,CUS00024391,LIFE,PRV1,2025-03-09,2030-03-08,2027-03-09,2222501.32,37530491.83,QUARTERLY,ACTIVE,2,True,3104902.38,100
POL000006558,CUS00024391,LIFE,PRV4,2024-12-09,2034-12-07,2026-12-09,882401.06,8141959.14,ANNUAL,ACTIVE,2,True,3104902.38,100
POL000006559,CUS00024396,HOME,PRV4,2024-01-15,2029-01-13,2027-01-14,2930407.35,51566015.06,ANNUAL,ACTIVE,1,True,2930407.35,136
POL000006560,CUS00024398,LIFE,PRV3,2023-09-30,2024-09-29,2026-09-29,457415.56,6197073.27,QUARTERLY,LAPSED,1,False,0.0,
POL000006561,CUS00024400,HEALTH,PRV1,2025-12-01,2045-11-26,2026-12-01,2887718.25,29011396.14,ANNUAL,ACTIVE,1,True,2887718.25,92
POL000006562,CUS00024406,LIFE,PRV1,2026-05-16,2036-05-13,2027-05-16,5081615.07,47531143.13,QUARTERLY,ACTIVE,1,True,5081615.07,258
POL000006563,CUS00024408,LIFE,PRV2,2026-01-17,2046-01-12,2027-01-17,493178.17,7161848.9,ANNUAL,ACTIVE,1,True,493178.17,139
POL000006564,CUS00024409,HEALTH,PRV3,2023-12-16,2033-12-13,2026-12-15,352730.5,8564262.41,QUARTERLY,ACTIVE,1,True,352730.5,106
POL000006565,CUS00024420,LIFE,PRV2,2023-01-06,2043-01-01,2027-01-05,1637509.48,17717546.96,ANNUAL,ACTIVE,1,True,1637509.48,127
POL000006566,CUS00024432,LIFE,PRV4,2024-03-31,2034-03-29,2027-03-31,50786535.82,725097279.34,ANNUAL,ACTIVE,1,True,50786535.82,212
POL000006567,CUS00024434,LIFE,PRV5,2025-02-11,2045-02-06,2027-02-11,2318102.07,20570403.03,ANNUAL,ACTIVE,1,True,2318102.07,164
POL000006568,CUS00024435,TRAVEL,PRV2,2023-09-07,2028-09-05,2026-09-06,6226728.98,100531077.47,MONTHLY,ACTIVE,1,True,6226728.98,6
POL000006569,CUS00024436,LIFE,PRV5,2026-03-23,2031-03-22,2027-03-23,696897.78,11276716.47,QUARTERLY,ACTIVE,1,True,696897.78,204
POL000006570,CUS00024437,LIFE,PRV5,2023-03-01,2024-02-29,2027-02-28,248909.83,4976716.4,ANNUAL,LAPSED,1,False,0.0,
POL000006571,CUS00024444,LIFE,PRV1,2026-04-30,2036-04-27,2027-04-30,284730.28,5712866.48,ANNUAL,ACTIVE,1,True,284730.28,242
POL000006572,CUS00024450,HEALTH,PRV1,2025-10-21,2030-10-20,2026-10-21,723969.0,15384806.37,MONTHLY,ACTIVE,1,True,723969.0,51
POL000006573,CUS00024454,HEALTH,PRV4,2026-01-14,2027-01-14,2027-01-14,130972.4,1839088.55,ANNUAL,ACTIVE,1,True,130972.4,136
POL000006574,CUS00024463,HEALTH,PRV1,2023-04-17,2043-04-12,2027-04-16,1068239.3,18427168.13,ANNUAL,ACTIVE,1,True,1068239.3,228
POL000006575,CUS00024472,HOME,PRV2,2025-07-04,2035-07-02,2027-07-04,344892.84,6119059.73,MONTHLY,ACTIVE,1,True,344892.84,307
POL000006576,CUS00024474,MOTOR,PRV3,2024-12-03,2029-12-02,2026-12-03,911950.65,22058473.93,ANNUAL,ACTIVE,1,True,911950.65,94
POL000006577,CUS00024475,HEALTH,PRV3,2025-06-15,2045-06-10,2027-06-15,494490.34,7334920.33,ANNUAL,ACTIVE,2,True,911772.15,288
POL000006578,CUS00024475,TRAVEL,PRV1,2026-07-24,2046-07-19,2027-07-24,417281.81,9694656.86,ANNUAL,ACTIVE,2,True,911772.15,288
POL000006579,CUS00024479,LIFE,PRV2,2026-01-28,2046-01-23,2027-01-28,1047220.77,17533908.12,ANNUAL,ACTIVE,1,True,1047220.77,150
POL000006580,CUS00024487,LIFE,PRV1,2026-07-11,2027-07-11,2027-07-11,362603.25,5715463.13,ANNUAL,ACTIVE,1,True,362603.25,314
POL000006581,CUS00024490,LIFE,PRV1,2025-09-14,2045-09-09,2026-09-14,799281.86,16520493.64,QUARTERLY,ACTIVE,1,True,799281.86,14
POL000006582,CUS00024491,LIFE,PRV5,2024-12-22,2025-12-22,2026-12-22,987723.53,8141463.53,ANNUAL,LAPSED,1,False,0.0,
POL000006583,CUS00024492,HEALTH,PRV5,2025-03-06,2026-03-06,2027-03-06,221455.92,5202406.56,QUARTERLY,LAPSED,2,True,257531.51,227
POL000006584,CUS00024492,LIFE,PRV3,2023-04-16,2043-04-11,2027-04-15,257531.51,5515195.71,ANNUAL,ACTIVE,2,True,257531.51,227
POL000006585,CUS00024497,LIFE,PRV1,2023-11-25,2043-11-20,2026-11-24,1539600.12,21887381.05,MONTHLY,ACTIVE,1,True,1539600.12,85
POL000006586,CUS00024506,HEALTH,PRV3,2026-07-26,2046-07-21,2027-07-26,3670862.89,33247753.08,MONTHLY,ACTIVE,1,True,3670862.89,329
POL000006587,CUS00024510,LIFE,PRV4,2023-04-11,2024-04-10,2027-04-10,344086.94,6101503.11,ANNUAL,LAPSED,1,False,0.0,
POL000006588,CUS00024512,HEALTH,PRV4,2023-05-28,2043-05-23,2027-05-27,747693.96,14525337.62,MONTHLY,ACTIVE,2,True,1664309.56,43
POL000006589,CUS00024512,LIFE,PRV5,2025-10-13,2030-10-12,2026-10-13,916615.6,20173447.13,QUARTERLY,ACTIVE,2,True,1664309.56,43
POL000006590,CUS00024513,HEALTH,PRV2,2024-04-12,2034-04-10,2027-04-12,1882388.03,25480138.58,ANNUAL,ACTIVE,2,True,3880918.34,224
POL000006591,CUS00024513,LIFE,PRV1,2024-07-31,2034-07-29,2027-07-31,1998530.31,29338970.47,ANNUAL,ACTIVE,2,True,3880918.34,224
POL000006592,CUS00024524,LIFE,PRV4,2023-08-17,2033-08-14,2027-08-16,116556.39,1229864.5,ANNUAL,ACTIVE,2,True,355941.03,157
POL000006593,CUS00024524,LIFE,PRV5,2026-02-04,2031-02-03,2027-02-04,239384.64,3845886.44,ANNUAL,ACTIVE,2,True,355941.03,157
POL000006594,CUS00024526,MOTOR,PRV4,2023-07-23,2024-07-22,2027-07-22,5207078.34,63577948.78,ANNUAL,LAPSED,1,False,0.0,
POL000006595,CUS00024531,MOTOR,PRV4,2024-09-29,2025-09-29,2026-09-29,4551363.46,81823357.31,ANNUAL,LAPSED,2,True,5946128.28,207
POL000006596,CUS00024531,MOTOR,PRV2,2023-03-27,2043-03-22,2027-03-26,5946128.28,48461490.02,ANNUAL,ACTIVE,2,True,5946128.28,207
POL000006597,CUS00024537,HOME,PRV1,2023-10-28,2043-10-23,2026-10-27,4297890.55,73060019.9,ANNUAL,ACTIVE,1,True,4297890.55,57
POL000006598,CUS00024540,HEALTH,PRV1,2024-09-01,2025-09-01,2026-09-01,2279228.51,27256126.33,MONTHLY,LAPSED,1,False,0.0,
POL000006599,CUS00024543,HEALTH,PRV1,2023-09-20,2028-09-18,2026-09-19,7043602.89,113033530.5,ANNUAL,ACTIVE,1,True,7043602.89,19
POL000006600,CUS00024545,MOTOR,PRV4,2023-03-31,2033-03-28,2027-03-30,10521240.75,191611018.59,MONTHLY,ACTIVE,1,True,10521240.75,211
POL000006601,CUS00024546,HEALTH,PRV3,2024-11-09,2025-11-09,2026-11-09,3773743.78,34519351.15,MONTHLY,LAPSED,1,False,0.0,
POL000006602,CUS00024558,LIFE,PRV1,2023-06-28,2024-06-27,2027-06-27,2174476.58,17698726.43,MONTHLY,LAPSED,1,False,0.0,
POL000006603,CUS00024559,HEALTH,PRV5,2025-11-06,2030-11-05,2026-11-06,483115.77,6639008.17,MONTHLY,ACTIVE,1,True,483115.77,67
POL000006604,CUS00024560,TRAVEL,PRV4,2026-07-18,2027-07-18,2027-07-18,26825451.46,622046218.13,MONTHLY,ACTIVE,2,True,48648788.93,21
POL000006605,CUS00024560,LIFE,PRV1,2022-09-22,2042-09-17,2026-09-21,21823337.47,348131994.93,MONTHLY,ACTIVE,2,True,48648788.93,21
POL000006606,CUS00024562,LIFE,PRV2,2025-01-06,2035-01-04,2027-01-06,9762982.06,148556994.97,QUARTERLY,ACTIVE,2,True,9762982.06,128
POL000006607,CUS00024562,MOTOR,PRV4,2024-12-29,2025-12-29,2026-12-29,16709110.89,354132437.48,ANNUAL,LAPSED,2,True,9762982.06,128
POL000006608,CUS00024565,LIFE,PRV1,2025-02-14,2045-02-09,2027-02-14,450620.93,4416286.95,MONTHLY,ACTIVE,2,True,1048483.26,167
POL000006609,CUS00024565,HEALTH,PRV3,2026-06-07,2031-06-06,2027-06-07,597862.33,5675748.02,MONTHLY,ACTIVE,2,True,1048483.26,167
POL000006610,CUS00024572,HEALTH,PRV2,2023-05-15,2024-05-14,2027-05-14,125753.36,1463483.32,QUARTERLY,LAPSED,2,True,91719.32,130
POL000006611,CUS00024572,MOTOR,PRV3,2026-01-08,2027-01-08,2027-01-08,91719.32,1868291.97,QUARTERLY,ACTIVE,2,True,91719.32,130
POL000006612,CUS00024580,MOTOR,PRV3,2025-09-28,2026-09-28,2026-09-28,482049.85,4744540.91,ANNUAL,ACTIVE,1,True,482049.85,28
POL000006613,CUS00024587,HEALTH,PRV2,2023-11-14,2024-11-13,2026-11-13,169488.38,3152988.12,MONTHLY,LAPSED,1,False,0.0,
POL000006614,CUS00024589,LIFE,PRV5,2026-02-02,2046-01-28,2027-02-02,761950.14,6195905.32,ANNUAL,ACTIVE,1,True,761950.14,155
POL000006615,CUS00024590,HEALTH,PRV1,2024-10-09,2044-10-04,2026-10-09,6276119.77,61583489.78,MONTHLY,ACTIVE,2,True,10014608.36,39
POL000006616,CUS00024590,TRAVEL,PRV1,2025-10-26,2045-10-21,2026-10-26,3738488.59,46377207.58,QUARTERLY,ACTIVE,2,True,10014608.36,39
POL000006617,CUS00024591,HEALTH,PRV3,2025-06-25,2035-06-23,2027-06-25,902512.19,10761708.76,MONTHLY,ACTIVE,2,True,2585144.39,243
POL000006618,CUS00024591,HEALTH,PRV1,2025-05-01,2045-04-26,2027-05-01,1682632.2,21525397.27,MONTHLY,ACTIVE,2,True,2585144.39,243
POL000006619,CUS00024596,LIFE,PRV4,2025-02-01,2030-01-31,2027-02-01,476495.72,9651450.37,ANNUAL,ACTIVE,1,True,476495.72,154
POL000006620,CUS00024609,HOME,PRV5,2024-01-15,2044-01-10,2027-01-14,3614488.17,34753633.05,ANNUAL,ACTIVE,1,True,3614488.17,136
POL000006621,CUS00024610,LIFE,PRV1,2023-01-29,2028-01-28,2027-01-28,10609074.4,93998197.25,QUARTERLY,ACTIVE,2,True,10609074.4,150
POL000006622,CUS00024610,HOME,PRV2,2023-08-30,2024-08-29,2027-08-29,7146015.58,123447845.12,ANNUAL,LAPSED,2,True,10609074.4,150
POL000006623,CUS00024619,HEALTH,PRV2,2024-01-23,2034-01-20,2027-01-22,1939155.71,44520660.32,MONTHLY,ACTIVE,1,True,1939155.71,144
POL000006624,CUS00024631,LIFE,PRV3,2022-09-17,2027-09-16,2026-09-16,14858094.03,262091585.29,ANNUAL,ACTIVE,1,True,14858094.03,16
POL000006625,CUS00024635,HOME,PRV2,2026-03-02,2031-03-01,2027-03-02,751635.85,6316791.78,ANNUAL,ACTIVE,1,True,751635.85,183
POL000006626,CUS00024641,TRAVEL,PRV1,2024-06-21,2029-06-20,2027-06-21,580467.99,11451886.19,QUARTERLY,ACTIVE,1,True,580467.99,294
POL000006627,CUS00024645,LIFE,PRV5,2023-06-18,2033-06-15,2027-06-17,2471872.69,61361137.35,ANNUAL,ACTIVE,1,True,2471872.69,290
POL000006628,CUS00024648,LIFE,PRV2,2025-03-18,2035-03-16,2027-03-18,2336535.51,29024660.93,MONTHLY,ACTIVE,1,True,2336535.51,199
POL000006629,CUS00024653,TRAVEL,PRV5,2023-10-11,2024-10-10,2026-10-10,331791.58,7638843.33,ANNUAL,LAPSED,2,True,123278.83,156
POL000006630,CUS00024653,HEALTH,PRV1,2024-02-04,2034-02-01,2027-02-03,123278.83,1397647.43,QUARTERLY,ACTIVE,2,True,123278.83,156
POL000006631,CUS00024660,HEALTH,PRV3,2023-07-07,2033-07-04,2027-07-06,1921361.09,36044138.5,MONTHLY,ACTIVE,1,True,1921361.09,309
POL000006632,CUS00024662,LIFE,PRV3,2025-01-03,2030-01-02,2027-01-03,794323.8,7019962.87,ANNUAL,ACTIVE,1,True,794323.8,125
POL000006633,CUS00024663,TRAVEL,PRV4,2026-07-25,2036-07-22,2027-07-25,22198868.48,417871973.07,QUARTERLY,ACTIVE,2,True,37799255.54,256
POL000006634,CUS00024663,HEALTH,PRV3,2026-05-14,2036-05-11,2027-05-14,15600387.06,336616709.1,ANNUAL,ACTIVE,2,True,37799255.54,256
POL000006635,CUS00024677,TRAVEL,PRV1,2024-08-26,2044-08-21,2027-08-26,329578.35,3083981.04,QUARTERLY,ACTIVE,1,True,329578.35,360
POL000006636,CUS00024678,MOTOR,PRV4,2023-12-05,2043-11-30,2026-12-04,272279.2,5577378.26,ANNUAL,ACTIVE,1,True,272279.2,95
POL000006637,CUS00024685,LIFE,PRV5,2026-07-17,2031-07-16,2027-07-17,270355.11,6665148.44,ANNUAL,ACTIVE,1,True,270355.11,320
POL000006638,CUS00024693,HEALTH,PRV5,2024-07-03,2044-06-28,2027-07-03,1090768.15,23940567.39,MONTHLY,ACTIVE,1,True,1090768.15,306
POL000006639,CUS00024694,MOTOR,PRV5,2024-05-18,2044-05-13,2027-05-18,16003488.02,387858356.44,QUARTERLY,ACTIVE,1,True,16003488.02,260
POL000006640,CUS00024697,LIFE,PRV5,2026-07-18,2036-07-15,2027-07-18,4125898.41,54274114.2,MONTHLY,ACTIVE,1,True,4125898.41,321
POL000006641,CUS00024698,LIFE,PRV4,2026-06-01,2046-05-27,2027-06-01,61824005.39,545671797.51,ANNUAL,ACTIVE,1,True,61824005.39,274
POL000006642,CUS00024703,HEALTH,PRV2,2023-12-31,2028-12-29,2026-12-30,1839600.73,26792125.62,ANNUAL,ACTIVE,1,True,1839600.73,121
POL000006643,CUS00024713,HEALTH,PRV1,2026-04-19,2046-04-14,2027-04-19,728100.99,16192872.44,ANNUAL,ACTIVE,1,True,728100.99,231
POL000006644,CUS00024714,HOME,PRV3,2024-10-26,2029-10-25,2026-10-26,4963539.88,85182618.6,ANNUAL,ACTIVE,1,True,4963539.88,56
POL000006645,CUS00024719,HOME,PRV2,2024-10-09,2044-10-04,2026-10-09,10478628.62,147672132.9,ANNUAL,ACTIVE,1,True,10478628.62,39
POL000006646,CUS00024724,TRAVEL,PRV5,2025-05-17,2026-05-17,2027-05-17,398380.69,6088484.05,MONTHLY,LAPSED,2,False,0.0,
POL000006647,CUS00024724,HEALTH,PRV1,2024-09-18,2025-09-18,2026-09-18,287732.92,3632338.67,QUARTERLY,LAPSED,2,False,0.0,
POL000006648,CUS00024727,HEALTH,PRV1,2023-01-21,2033-01-18,2027-01-20,273572.51,6364370.33,ANNUAL,ACTIVE,2,True,510576.84,36
POL000006649,CUS00024727,LIFE,PRV5,2025-10-06,2035-10-04,2026-10-06,237004.33,5342688.85,ANNUAL,ACTIVE,2,True,510576.84,36
POL000006650,CUS00024729,LIFE,PRV3,2026-01-16,2027-01-16,2027-01-16,2819360.35,60632269.47,QUARTERLY,ACTIVE,1,True,2819360.35,138
POL000006651,CUS00024731,HOME,PRV3,2026-07-13,2036-07-10,2027-07-13,582667.68,4881701.61,QUARTERLY,ACTIVE,1,True,582667.68,316
POL000006652,CUS00024736,HEALTH,PRV1,2025-12-28,2030-12-27,2026-12-28,116575.72,1483152.02,MONTHLY,ACTIVE,2,True,396325.92,15
POL000006653,CUS00024736,LIFE,PRV5,2025-09-15,2026-09-15,2026-09-15,279750.2,6025453.23,QUARTERLY,ACTIVE,2,True,396325.92,15
POL000006654,CUS00024742,HEALTH,PRV5,2025-10-11,2030-10-10,2026-10-11,4804528.52,75409040.49,ANNUAL,ACTIVE,1,True,4804528.52,41
POL000006655,CUS00024746,LIFE,PRV3,2023-05-23,2043-05-18,2027-05-22,1983459.6,45655782.42,QUARTERLY,ACTIVE,2,True,1983459.6,264
POL000006656,CUS00024746,LIFE,PRV2,2023-01-10,2024-01-10,2027-01-09,580325.86,7289467.95,ANNUAL,LAPSED,2,True,1983459.6,264
POL000006657,CUS00024755,LIFE,PRV2,2023-08-27,2028-08-25,2027-08-26,471399.07,10465158.73,ANNUAL,ACTIVE,1,True,471399.07,360
POL000006658,CUS00024761,HEALTH,PRV2,2024-08-13,2044-08-08,2027-08-13,1407830.86,25069811.69,ANNUAL,ACTIVE,1,True,1407830.86,347
POL000006659,CUS00024764,LIFE,PRV3,2025-10-08,2045-10-03,2026-10-08,767854.64,17743328.09,ANNUAL,ACTIVE,1,True,767854.64,38
POL000006660,CUS00024768,LIFE,PRV2,2025-12-12,2035-12-10,2026-12-12,10804339.67,140711796.52,ANNUAL,ACTIVE,1,True,10804339.67,103
POL000006661,CUS00024770,HEALTH,PRV1,2023-12-02,2043-11-27,2026-12-01,491184.41,10605595.7,QUARTERLY,ACTIVE,1,True,491184.41,92
POL000006662,CUS00024771,LIFE,PRV3,2024-04-24,2034-04-22,2027-04-24,128706.02,2397965.73,MONTHLY,ACTIVE,2,True,128706.02,236
POL000006663,CUS00024771,HEALTH,PRV2,2022-10-29,2023-10-29,2026-10-28,103410.13,1753548.31,ANNUAL,LAPSED,2,True,128706.02,236
POL000006664,CUS00024774,MOTOR,PRV1,2024-10-17,2029-10-16,2026-10-17,610201.65,14685389.59,QUARTERLY,ACTIVE,1,True,610201.65,47
POL000006665,CUS00024782,LIFE,PRV3,2024-12-11,2044-12-06,2026-12-11,739830.52,13737528.63,QUARTERLY,ACTIVE,1,True,739830.52,102
POL000006666,CUS00024788,MOTOR,PRV1,2022-09-03,2023-09-03,2026-09-02,2540542.7,57709022.91,ANNUAL,LAPSED,2,True,1750760.51,275
POL000006667,CUS00024788,TRAVEL,PRV1,2026-06-02,2036-05-30,2027-06-02,1750760.51,30659120.32,QUARTERLY,ACTIVE,2,True,1750760.51,275
POL000006668,CUS00024790,HEALTH,PRV5,2022-11-24,2027-11-23,2026-11-23,958878.26,21351754.19,ANNUAL,ACTIVE,1,True,958878.26,84
POL000006669,CUS00024792,HEALTH,PRV5,2025-09-02,2030-09-01,2026-09-02,1797953.45,42538617.69,ANNUAL,ACTIVE,1,True,1797953.45,2
POL000006670,CUS00024794,LIFE,PRV2,2026-07-27,2046-07-22,2027-07-27,6537453.84,133342212.26,ANNUAL,ACTIVE,2,True,9426964.25,213
POL000006671,CUS00024794,TRAVEL,PRV2,2026-04-01,2031-03-31,2027-04-01,2889510.41,50587696.79,ANNUAL,ACTIVE,2,True,9426964.25,213
POL000006672,CUS00024798,LIFE,PRV3,2026-07-15,2031-07-14,2027-07-15,212685.23,5161755.13,MONTHLY,ACTIVE,1,True,212685.23,318
POL000006673,CUS00024802,LIFE,PRV1,2023-03-17,2043-03-12,2027-03-16,773651.36,10538568.35,MONTHLY,ACTIVE,1,True,773651.36,197
POL000006674,CUS00024804,HOME,PRV5,2025-01-19,2026-01-19,2027-01-19,307597.72,4721005.35,MONTHLY,LAPSED,1,False,0.0,
POL000006675,CUS00024810,MOTOR,PRV2,2026-02-22,2027-02-22,2027-02-22,575760.24,6199291.96,ANNUAL,ACTIVE,2,True,575760.24,175
POL000006676,CUS00024810,MOTOR,PRV3,2025-04-21,2026-04-21,2027-04-21,754729.43,18137903.0,ANNUAL,LAPSED,2,True,575760.24,175
POL000006677,CUS00024813,LIFE,PRV5,2023-03-15,2028-03-13,2027-03-14,18915282.03,173374041.99,ANNUAL,ACTIVE,1,True,18915282.03,195
POL000006678,CUS00024816,HEALTH,PRV5,2023-08-24,2043-08-19,2027-08-23,15185058.3,366712998.08,MONTHLY,ACTIVE,1,True,15185058.3,357
POL000006679,CUS00024817,MOTOR,PRV4,2026-01-07,2046-01-02,2027-01-07,26913646.18,215407176.78,ANNUAL,ACTIVE,1,True,26913646.18,129
POL000006680,CUS00024818,LIFE,PRV5,2025-04-08,2030-04-07,2027-04-08,335838.51,3020908.69,MONTHLY,ACTIVE,1,True,335838.51,220
POL000006681,CUS00024823,LIFE,PRV1,2025-10-20,2030-10-19,2026-10-20,2081223.43,23020940.83,QUARTERLY,ACTIVE,1,True,2081223.43,50
POL000006682,CUS00024827,HOME,PRV3,2026-07-22,2036-07-19,2027-07-22,4062243.55,61730219.53,ANNUAL,ACTIVE,1,True,4062243.55,325
POL000006683,CUS00024831,MOTOR,PRV1,2022-09-19,2023-09-19,2026-09-18,19602729.58,274319976.36,QUARTERLY,LAPSED,1,False,0.0,
POL000006684,CUS00024832,HOME,PRV4,2023-04-18,2043-04-13,2027-04-17,14652653.85,332177413.67,ANNUAL,ACTIVE,1,True,14652653.85,229
POL000006685,CUS00024844,LIFE,PRV2,2025-07-05,2045-06-30,2027-07-05,593749.7,6008441.16,ANNUAL,ACTIVE,1,True,593749.7,308
POL000006686,CUS00024847,TRAVEL,PRV3,2022-09-16,2032-09-13,2026-09-15,622542.82,11461008.2,ANNUAL,ACTIVE,1,True,622542.82,15
POL000006687,CUS00024849,LIFE,PRV4,2026-07-06,2036-07-03,2027-07-06,2628216.74,28946904.44,MONTHLY,ACTIVE,1,True,2628216.74,309
POL000006688,CUS00024854,HEALTH,PRV2,2025-10-23,2030-10-22,2026-10-23,30697767.49,362127423.64,ANNUAL,ACTIVE,2,True,41026899.62,53
POL000006689,CUS00024854,MOTOR,PRV3,2022-08-01,2027-07-31,2027-07-31,10329132.13,170926676.79,ANNUAL,ACTIVE,2,True,41026899.62,53
POL000006690,CUS00024862,LIFE,PRV3,2022-09-08,2027-09-07,2026-09-07,6824292.37,58957298.37,QUARTERLY,ACTIVE,1,True,6824292.37,7
POL000006691,CUS00024864,MOTOR,PRV1,2024-06-30,2029-06-29,2027-06-30,2812442.68,27095021.86,ANNUAL,ACTIVE,1,True,2812442.68,303
POL000006692,CUS00024871,HEALTH,PRV1,2022-12-23,2027-12-22,2026-12-22,1685455.53,16462710.05,MONTHLY,ACTIVE,1,True,1685455.53,113
POL000006693,CUS00024873,LIFE,PRV2,2025-06-12,2030-06-11,2027-06-12,5573240.89,51585623.69,MONTHLY,ACTIVE,1,True,5573240.89,285
POL000006694,CUS00024874,MOTOR,PRV5,2022-12-11,2027-12-10,2026-12-10,11182219.15,104671982.11,ANNUAL,ACTIVE,1,True,11182219.15,101
POL000006695,CUS00024876,MOTOR,PRV5,2024-07-28,2029-07-27,2027-07-28,377513.18,8071247.9,ANNUAL,ACTIVE,1,True,377513.18,331
POL000006696,CUS00024879,HOME,PRV3,2022-10-08,2023-10-08,2026-10-07,362294.01,7034956.09,ANNUAL,LAPSED,1,False,0.0,
POL000006697,CUS00024886,HOME,PRV5,2026-04-14,2027-04-14,2027-04-14,2865503.25,67237568.13,ANNUAL,ACTIVE,1,True,2865503.25,226
POL000006698,CUS00024889,LIFE,PRV3,2023-06-30,2028-06-28,2027-06-29,403079.11,4242293.07,MONTHLY,ACTIVE,1,True,403079.11,302
POL000006699,CUS00024890,LIFE,PRV2,2024-08-13,2044-08-08,2027-08-13,1080094.73,16086090.98,ANNUAL,ACTIVE,2,True,2189704.68,347
POL000006700,CUS00024890,TRAVEL,PRV3,2024-08-28,2034-08-26,2027-08-28,1109609.95,20688283.8,ANNUAL,ACTIVE,2,True,2189704.68,347
POL000006701,CUS00024894,HOME,PRV3,2026-01-01,2045-12-27,2027-01-01,384981.08,9499724.81,MONTHLY,ACTIVE,1,True,384981.08,123
POL000006702,CUS00024896,HEALTH,PRV4,2024-11-06,2044-11-01,2026-11-06,1105446.54,13755526.17,ANNUAL,ACTIVE,1,True,1105446.54,67
POL000006703,CUS00024899,HEALTH,PRV1,2025-03-26,2030-03-25,2027-03-26,329961.18,4449162.42,ANNUAL,ACTIVE,2,True,329961.18,207
POL000006704,CUS00024899,HOME,PRV5,2022-09-04,2023-09-04,2026-09-03,556481.74,5756889.03,MONTHLY,LAPSED,2,True,329961.18,207
POL000006705,CUS00024900,HOME,PRV5,2023-04-14,2033-04-11,2027-04-13,5371548.57,62832180.19,ANNUAL,ACTIVE,2,True,7641690.75,26
POL000006706,CUS00024900,MOTOR,PRV5,2025-09-26,2045-09-21,2026-09-26,2270142.18,42333750.17,ANNUAL,ACTIVE,2,True,7641690.75,26
POL000006707,CUS00024902,LIFE,PRV3,2024-02-24,2044-02-19,2027-02-23,2846407.17,49268043.14,MONTHLY,ACTIVE,1,True,2846407.17,176
POL000006708,CUS00024914,LIFE,PRV4,2023-04-01,2033-03-29,2027-03-31,5204212.89,111157556.32,MONTHLY,ACTIVE,2,True,9044531.44,212
POL000006709,CUS00024914,HEALTH,PRV5,2024-04-27,2044-04-22,2027-04-27,3840318.55,85225926.36,MONTHLY,ACTIVE,2,True,9044531.44,212
POL000006710,CUS00024917,MOTOR,PRV5,2023-04-23,2033-04-20,2027-04-22,314323.12,7638727.36,ANNUAL,ACTIVE,2,True,604801.91,234
POL000006711,CUS00024917,HEALTH,PRV3,2023-08-24,2043-08-19,2027-08-23,290478.79,7217361.12,QUARTERLY,ACTIVE,2,True,604801.91,234
POL000006712,CUS00024919,LIFE,PRV5,2024-03-01,2034-02-27,2027-03-01,577518.23,11351321.31,MONTHLY,ACTIVE,1,True,577518.23,182
POL000006713,CUS00024920,HOME,PRV3,2023-02-24,2028-02-23,2027-02-23,3900365.04,32763108.58,ANNUAL,ACTIVE,1,True,3900365.04,176
POL000006714,CUS00024921,HOME,PRV5,2024-11-25,2029-11-24,2026-11-25,11392206.05,126859005.31,ANNUAL,ACTIVE,1,True,11392206.05,86
POL000006715,CUS00024929,TRAVEL,PRV4,2025-01-30,2035-01-28,2027-01-30,1731554.46,17904531.54,ANNUAL,ACTIVE,2,True,3552683.44,26
POL000006716,CUS00024929,LIFE,PRV1,2022-09-27,2027-09-26,2026-09-26,1821128.98,39516697.35,ANNUAL,ACTIVE,2,True,3552683.44,26
POL000006717,CUS00024930,LIFE,PRV5,2023-11-02,2043-10-28,2026-11-01,3688904.46,52533116.24,MONTHLY,ACTIVE,2,True,3688904.46,62
POL000006718,CUS00024930,LIFE,PRV2,2023-03-23,2024-03-22,2027-03-22,1310966.63,15606572.56,QUARTERLY,LAPSED,2,True,3688904.46,62
POL000006719,CUS00024934,HEALTH,PRV2,2025-02-21,2035-02-19,2027-02-21,1470419.38,24358012.41,QUARTERLY,ACTIVE,1,True,1470419.38,174
POL000006720,CUS00024940,TRAVEL,PRV2,2024-05-23,2025-05-23,2027-05-23,11112970.57,240554984.02,ANNUAL,LAPSED,1,False,0.0,
POL000006721,CUS00024945,MOTOR,PRV4,2024-03-27,2029-03-26,2027-03-27,8134623.41,118807020.05,MONTHLY,ACTIVE,1,True,8134623.41,208
POL000006722,CUS00024950,LIFE,PRV2,2022-09-30,2042-09-25,2026-09-29,3335459.97,32559854.69,QUARTERLY,ACTIVE,1,True,3335459.97,29
POL000006723,CUS00024953,HEALTH,PRV3,2023-03-27,2024-03-26,2027-03-26,18140893.1,190192610.27,MONTHLY,LAPSED,2,True,17189615.63,6
POL000006724,CUS00024953,LIFE,PRV2,2024-09-06,2044-09-01,2026-09-06,17189615.63,148155302.69,QUARTERLY,ACTIVE,2,True,17189615.63,6
POL000006725,CUS00024959,LIFE,PRV3,2026-01-18,2046-01-13,2027-01-18,7798280.25,117914063.32,QUARTERLY,ACTIVE,1,True,7798280.25,140
POL000006726,CUS00024961,HOME,PRV4,2024-03-13,2025-03-13,2027-03-13,883610.61,12750170.93,ANNUAL,LAPSED,1,False,0.0,
POL000006727,CUS00024962,LIFE,PRV1,2024-02-08,2034-02-05,2027-02-07,13388529.86,277173893.71,QUARTERLY,ACTIVE,1,True,13388529.86,160
POL000006728,CUS00024967,HOME,PRV4,2025-08-14,2026-08-14,2027-08-14,529215.51,7388635.83,ANNUAL,LAPSED,1,False,0.0,
POL000006729,CUS00024968,MOTOR,PRV2,2025-01-05,2026-01-05,2027-01-05,18843531.73,447639391.59,MONTHLY,LAPSED,2,True,21292017.2,289
POL000006730,CUS00024968,HEALTH,PRV4,2025-06-16,2045-06-11,2027-06-16,21292017.2,338272765.57,MONTHLY,ACTIVE,2,True,21292017.2,289
POL000006731,CUS00024969,HOME,PRV3,2023-08-17,2043-08-12,2027-08-16,148739.71,3598602.34,ANNUAL,ACTIVE,1,True,148739.71,350
POL000006732,CUS00024973,LIFE,PRV4,2024-04-20,2034-04-18,2027-04-20,7775217.41,185828769.97,ANNUAL,ACTIVE,2,True,7775217.41,232
POL000006733,CUS00024973,HEALTH,PRV1,2022-11-12,2023-11-12,2026-11-11,2450625.86,40095400.43,MONTHLY,LAPSED,2,True,7775217.41,232
POL000006734,CUS00024975,HEALTH,PRV2,2022-10-25,2032-10-22,2026-10-24,3638284.54,81100842.63,MONTHLY,ACTIVE,1,True,3638284.54,54
POL000006735,CUS00024979,HEALTH,PRV5,2023-02-19,2033-02-16,2027-02-18,391922.83,5626872.48,ANNUAL,ACTIVE,2,True,827405.91,171
POL000006736,CUS00024979,MOTOR,PRV3,2025-05-02,2030-05-01,2027-05-02,435483.08,7234802.56,ANNUAL,ACTIVE,2,True,827405.91,171
POL000006737,CUS00024980,HEALTH,PRV4,2023-06-03,2024-06-02,2027-06-02,663140.27,14525578.72,QUARTERLY,LAPSED,1,False,0.0,
POL000006738,CUS00024981,HEALTH,PRV1,2023-10-27,2028-10-25,2026-10-26,1398697.8,12264452.69,ANNUAL,ACTIVE,1,True,1398697.8,56
POL000006739,CUS00024982,HOME,PRV5,2024-06-18,2044-06-13,2027-06-18,393383.27,4740826.83,MONTHLY,ACTIVE,2,True,995518.08,291
POL000006740,CUS00024982,HOME,PRV5,2023-07-08,2033-07-05,2027-07-07,602134.81,11745115.48,ANNUAL,ACTIVE,2,True,995518.08,291
POL000006741,CUS00024987,LIFE,PRV2,2022-08-07,2032-08-04,2027-08-06,684111.97,7367178.94,QUARTERLY,ACTIVE,2,True,993125.44,68
POL000006742,CUS00024987,HOME,PRV4,2023-11-08,2043-11-03,2026-11-07,309013.47,3529506.75,ANNUAL,ACTIVE,2,True,993125.44,68
POL000006743,CUS00024991,LIFE,PRV1,2025-08-21,2045-08-16,2027-08-21,2933894.45,24087737.23,ANNUAL,ACTIVE,1,True,2933894.45,355
POL000006744,CUS00024999,MOTOR,PRV4,2025-06-29,2026-06-29,2027-06-29,3244667.4,63154264.08,ANNUAL,LAPSED,2,True,3234797.84,177
POL000006745,CUS00024999,MOTOR,PRV3,2026-02-24,2027-02-24,2027-02-24,3234797.84,39934345.16,MONTHLY,ACTIVE,2,True,3234797.84,177
POL000006746,CUS00025000,TRAVEL,PRV2,2022-11-07,2042-11-02,2026-11-06,2113591.22,26416988.46,ANNUAL,ACTIVE,1,True,2113591.22,67
