rm_action_feedback_key,ai_recommendation_key,feedback_date,action_taken,action_outcome,follow_up_required,rating,notes
1,1,2026-08-17,Gửi email tư vấn,Not interested,False,1,KH cho biết chưa có nhu cầu ở thời điểm hiện tại.
2,7,2026-08-21,SMS follow-up,Converted,False,3,"KH đồng ý mở sản phẩm, đã hoàn tất hồ sơ."
3,16,2026-08-25,Gửi email tư vấn,Callback requested,True,3,"KH bận, hẹn gọi lại vào cuối tuần."
4,19,2026-08-14,Gọi lại theo yêu cầu KH,Converted,False,3,"KH đồng ý mở sản phẩm, đã hoàn tất hồ sơ."
5,31,2026-07-19,SMS follow-up,Converted,False,5,"KH đồng ý mở sản phẩm, đã hoàn tất hồ sơ."
6,43,2026-07-25,SMS follow-up,Callback requested,True,5,"KH bận, hẹn gọi lại vào cuối tuần."
7,49,2026-08-16,Gửi email tư vấn,Converted,True,4,"KH đồng ý mở sản phẩm, đã hoàn tất hồ sơ."
8,52,2026-08-03,RM call,Interested,True,5,"KH quan tâm, cần gửi thêm bảng minh hoạ lãi suất/phí."
9,53,2026-07-24,Đặt lịch hẹn tại chi nhánh,Interested,True,1,"KH quan tâm, cần gửi thêm bảng minh hoạ lãi suất/phí."
10,55,2026-08-20,RM call,Interested,True,3,"KH quan tâm, cần gửi thêm bảng minh hoạ lãi suất/phí."
11,58,2026-07-25,RM call,Converted,False,3,"KH đồng ý mở sản phẩm, đã hoàn tất hồ sơ."
12,64,2026-07-27,Gửi email tư vấn,No response,False,5,"Gọi 2 lần không liên lạc được, sẽ thử kênh email."
13,67,2026-08-12,Gửi email tư vấn,No response,False,3,"Gọi 2 lần không liên lạc được, sẽ thử kênh email."
14,70,2026-08-08,RM call,Interested,True,4,"KH quan tâm, cần gửi thêm bảng minh hoạ lãi suất/phí."
15,85,2026-07-19,Gửi email tư vấn,Converted,False,5,"KH đồng ý mở sản phẩm, đã hoàn tất hồ sơ."
16,86,2026-08-21,SMS follow-up,Converted,False,4,"KH đồng ý mở sản phẩm, đã hoàn tất hồ sơ."
17,88,2026-07-21,Đặt lịch hẹn tại chi nhánh,Callback requested,True,2,"KH bận, hẹn gọi lại vào cuối tuần."
18,89,2026-08-20,Gọi lại theo yêu cầu KH,No response,False,2,"Gọi 2 lần không liên lạc được, sẽ thử kênh email."
19,94,2026-08-05,Gọi lại theo yêu cầu KH,No response,True,3,"Gọi 2 lần không liên lạc được, sẽ thử kênh email."
20,97,2026-08-09,RM call,Converted,False,4,"KH đồng ý mở sản phẩm, đã hoàn tất hồ sơ."
21,106,2026-08-27,Đặt lịch hẹn tại chi nhánh,No response,False,3,"Gọi 2 lần không liên lạc được, sẽ thử kênh email."
22,112,2026-08-04,Đặt lịch hẹn tại chi nhánh,Converted,False,4,"KH đồng ý mở sản phẩm, đã hoàn tất hồ sơ."
23,115,2026-08-15,Gửi email tư vấn,Converted,True,5,"KH đồng ý mở sản phẩm, đã hoàn tất hồ sơ."
24,116,2026-07-20,SMS follow-up,Interested,True,5,"KH quan tâm, cần gửi thêm bảng minh hoạ lãi suất/phí."
25,127,2026-07-31,Đặt lịch hẹn tại chi nhánh,Callback requested,True,2,"KH bận, hẹn gọi lại vào cuối tuần."
26,133,2026-07-22,Đặt lịch hẹn tại chi nhánh,Interested,True,3,"KH quan tâm, cần gửi thêm bảng minh hoạ lãi suất/phí."
27,136,2026-07-31,Đặt lịch hẹn tại chi nhánh,Callback requested,True,3,"KH bận, hẹn gọi lại vào cuối tuần."
28,163,2026-08-24,Gọi lại theo yêu cầu KH,Not interested,True,1,KH cho biết chưa có nhu cầu ở thời điểm hiện tại.
29,169,2026-07-31,RM call,Interested,True,5,"KH quan tâm, cần gửi thêm bảng minh hoạ lãi suất/phí."
30,184,2026-08-26,Gửi email tư vấn,No response,False,4,"Gọi 2 lần không liên lạc được, sẽ thử kênh email."
31,187,2026-08-21,SMS follow-up,No response,False,3,"Gọi 2 lần không liên lạc được, sẽ thử kênh email."
32,194,2026-08-15,Gửi email tư vấn,No response,False,2,"Gọi 2 lần không liên lạc được, sẽ thử kênh email."
33,196,2026-08-26,Gọi lại theo yêu cầu KH,Callback requested,True,5,"KH bận, hẹn gọi lại vào cuối tuần."
34,202,2026-07-24,Gọi lại theo yêu cầu KH,Converted,True,4,"KH đồng ý mở sản phẩm, đã hoàn tất hồ sơ."
35,205,2026-07-28,Gửi email tư vấn,Callback requested,True,4,"KH bận, hẹn gọi lại vào cuối tuần."
36,206,2026-07-21,Gửi email tư vấn,Interested,True,2,"KH quan tâm, cần gửi thêm bảng minh hoạ lãi suất/phí."
37,220,2026-08-16,SMS follow-up,Interested,True,4,"KH quan tâm, cần gửi thêm bảng minh hoạ lãi suất/phí."
38,223,2026-08-05,Đặt lịch hẹn tại chi nhánh,Interested,True,2,"KH quan tâm, cần gửi thêm bảng minh hoạ lãi suất/phí."
39,229,2026-08-02,Gọi lại theo yêu cầu KH,Callback requested,True,3,"KH bận, hẹn gọi lại vào cuối tuần."
40,236,2026-08-27,Gửi email tư vấn,Converted,False,2,"KH đồng ý mở sản phẩm, đã hoàn tất hồ sơ."
41,238,2026-07-20,Gửi email tư vấn,Interested,True,5,"KH quan tâm, cần gửi thêm bảng minh hoạ lãi suất/phí."
42,247,2026-08-06,Đặt lịch hẹn tại chi nhánh,Interested,True,2,"KH quan tâm, cần gửi thêm bảng minh hoạ lãi suất/phí."
43,253,2026-08-14,Gửi email tư vấn,Converted,False,5,"KH đồng ý mở sản phẩm, đã hoàn tất hồ sơ."
44,254,2026-08-16,Gửi email tư vấn,Interested,True,3,"KH quan tâm, cần gửi thêm bảng minh hoạ lãi suất/phí."
45,259,2026-07-26,Gửi email tư vấn,No response,False,2,"Gọi 2 lần không liên lạc được, sẽ thử kênh email."
46,274,2026-08-19,Đặt lịch hẹn tại chi nhánh,Interested,True,3,"KH quan tâm, cần gửi thêm bảng minh hoạ lãi suất/phí."
47,277,2026-08-14,SMS follow-up,Converted,False,4,"KH đồng ý mở sản phẩm, đã hoàn tất hồ sơ."
48,286,2026-08-22,Gọi lại theo yêu cầu KH,Converted,False,4,"KH đồng ý mở sản phẩm, đã hoàn tất hồ sơ."
49,298,2026-07-23,Đặt lịch hẹn tại chi nhánh,Interested,True,3,"KH quan tâm, cần gửi thêm bảng minh hoạ lãi suất/phí."
50,307,2026-08-18,RM call,Converted,False,4,"KH đồng ý mở sản phẩm, đã hoàn tất hồ sơ."
51,310,2026-08-16,Đặt lịch hẹn tại chi nhánh,Callback requested,True,3,"KH bận, hẹn gọi lại vào cuối tuần."
52,319,2026-08-01,SMS follow-up,Converted,True,4,"KH đồng ý mở sản phẩm, đã hoàn tất hồ sơ."
53,322,2026-08-01,RM call,Converted,True,5,"KH đồng ý mở sản phẩm, đã hoàn tất hồ sơ."
54,329,2026-08-20,Đặt lịch hẹn tại chi nhánh,No response,False,2,"Gọi 2 lần không liên lạc được, sẽ thử kênh email."
55,332,2026-07-28,RM call,Interested,True,4,"KH quan tâm, cần gửi thêm bảng minh hoạ lãi suất/phí."
56,346,2026-08-22,Gọi lại theo yêu cầu KH,Converted,False,3,"KH đồng ý mở sản phẩm, đã hoàn tất hồ sơ."
57,349,2026-08-23,RM call,No response,False,1,"Gọi 2 lần không liên lạc được, sẽ thử kênh email."
58,350,2026-07-24,Đặt lịch hẹn tại chi nhánh,Callback requested,True,2,"KH bận, hẹn gọi lại vào cuối tuần."
59,361,2026-07-20,RM call,No response,False,3,"Gọi 2 lần không liên lạc được, sẽ thử kênh email."
60,370,2026-07-22,Gọi lại theo yêu cầu KH,Callback requested,True,5,"KH bận, hẹn gọi lại vào cuối tuần."
61,385,2026-08-23,SMS follow-up,Converted,False,4,"KH đồng ý mở sản phẩm, đã hoàn tất hồ sơ."
62,400,2026-08-25,Gửi email tư vấn,Converted,False,5,"KH đồng ý mở sản phẩm, đã hoàn tất hồ sơ."
63,406,2026-08-05,RM call,Converted,False,4,"KH đồng ý mở sản phẩm, đã hoàn tất hồ sơ."
64,415,2026-08-12,Gọi lại theo yêu cầu KH,Converted,True,3,"KH đồng ý mở sản phẩm, đã hoàn tất hồ sơ."
65,418,2026-07-26,Gửi email tư vấn,No response,False,4,"Gọi 2 lần không liên lạc được, sẽ thử kênh email."
66,419,2026-08-19,Gửi email tư vấn,Callback requested,True,3,"KH bận, hẹn gọi lại vào cuối tuần."
67,421,2026-07-28,SMS follow-up,Interested,True,3,"KH quan tâm, cần gửi thêm bảng minh hoạ lãi suất/phí."
68,424,2026-08-27,SMS follow-up,Converted,False,5,"KH đồng ý mở sản phẩm, đã hoàn tất hồ sơ."
69,430,2026-07-30,Gọi lại theo yêu cầu KH,Interested,True,4,"KH quan tâm, cần gửi thêm bảng minh hoạ lãi suất/phí."
70,439,2026-08-27,SMS follow-up,Interested,True,5,"KH quan tâm, cần gửi thêm bảng minh hoạ lãi suất/phí."
71,443,2026-08-27,Gọi lại theo yêu cầu KH,Interested,True,3,"KH quan tâm, cần gửi thêm bảng minh hoạ lãi suất/phí."
72,445,2026-07-29,RM call,No response,False,5,"Gọi 2 lần không liên lạc được, sẽ thử kênh email."
73,448,2026-08-14,Gửi email tư vấn,Callback requested,True,3,"KH bận, hẹn gọi lại vào cuối tuần."
74,451,2026-08-15,RM call,Interested,True,3,"KH quan tâm, cần gửi thêm bảng minh hoạ lãi suất/phí."
75,454,2026-07-21,SMS follow-up,Interested,True,2,"KH quan tâm, cần gửi thêm bảng minh hoạ lãi suất/phí."
76,457,2026-07-31,Gọi lại theo yêu cầu KH,Interested,True,5,"KH quan tâm, cần gửi thêm bảng minh hoạ lãi suất/phí."
77,461,2026-08-07,RM call,No response,False,4,"Gọi 2 lần không liên lạc được, sẽ thử kênh email."
78,464,2026-08-03,Gửi email tư vấn,No response,True,5,"Gọi 2 lần không liên lạc được, sẽ thử kênh email."
79,469,2026-07-24,RM call,Converted,False,4,"KH đồng ý mở sản phẩm, đã hoàn tất hồ sơ."
80,473,2026-08-15,Đặt lịch hẹn tại chi nhánh,Not interested,False,2,KH cho biết chưa có nhu cầu ở thời điểm hiện tại.
81,475,2026-08-25,Gửi email tư vấn,Interested,True,3,"KH quan tâm, cần gửi thêm bảng minh hoạ lãi suất/phí."
82,478,2026-08-16,Gọi lại theo yêu cầu KH,Interested,True,2,"KH quan tâm, cần gửi thêm bảng minh hoạ lãi suất/phí."
83,479,2026-07-31,Đặt lịch hẹn tại chi nhánh,Interested,True,1,"KH quan tâm, cần gửi thêm bảng minh hoạ lãi suất/phí."
84,484,2026-08-04,Gửi email tư vấn,No response,True,3,"Gọi 2 lần không liên lạc được, sẽ thử kênh email."
85,508,2026-08-27,Gọi lại theo yêu cầu KH,Converted,False,2,"KH đồng ý mở sản phẩm, đã hoàn tất hồ sơ."
86,509,2026-08-10,Gửi email tư vấn,No response,False,3,"Gọi 2 lần không liên lạc được, sẽ thử kênh email."
87,511,2026-08-07,SMS follow-up,Callback requested,True,4,"KH bận, hẹn gọi lại vào cuối tuần."
88,514,2026-08-18,SMS follow-up,Interested,True,4,"KH quan tâm, cần gửi thêm bảng minh hoạ lãi suất/phí."
89,515,2026-08-02,SMS follow-up,Converted,True,2,"KH đồng ý mở sản phẩm, đã hoàn tất hồ sơ."
90,524,2026-07-31,Đặt lịch hẹn tại chi nhánh,Converted,False,4,"KH đồng ý mở sản phẩm, đã hoàn tất hồ sơ."
91,526,2026-07-19,Đặt lịch hẹn tại chi nhánh,Interested,True,4,"KH quan tâm, cần gửi thêm bảng minh hoạ lãi suất/phí."
92,539,2026-07-29,RM call,Not interested,True,1,KH cho biết chưa có nhu cầu ở thời điểm hiện tại.
93,547,2026-07-31,Đặt lịch hẹn tại chi nhánh,No response,False,5,"Gọi 2 lần không liên lạc được, sẽ thử kênh email."
94,550,2026-08-27,RM call,Callback requested,True,5,"KH bận, hẹn gọi lại vào cuối tuần."
95,553,2026-07-20,SMS follow-up,Converted,False,4,"KH đồng ý mở sản phẩm, đã hoàn tất hồ sơ."
96,563,2026-08-04,SMS follow-up,Interested,True,4,"KH quan tâm, cần gửi thêm bảng minh hoạ lãi suất/phí."
97,571,2026-07-27,Gọi lại theo yêu cầu KH,Converted,False,5,"KH đồng ý mở sản phẩm, đã hoàn tất hồ sơ."
98,574,2026-08-01,RM call,Converted,False,4,"KH đồng ý mở sản phẩm, đã hoàn tất hồ sơ."
99,577,2026-08-23,SMS follow-up,Callback requested,True,3,"KH bận, hẹn gọi lại vào cuối tuần."
100,580,2026-07-27,Gửi email tư vấn,Callback requested,True,2,"KH bận, hẹn gọi lại vào cuối tuần."
101,589,2026-08-26,SMS follow-up,Converted,False,2,"KH đồng ý mở sản phẩm, đã hoàn tất hồ sơ."
102,595,2026-08-02,Gọi lại theo yêu cầu KH,Callback requested,True,3,"KH bận, hẹn gọi lại vào cuối tuần."
103,598,2026-08-14,RM call,Converted,True,5,"KH đồng ý mở sản phẩm, đã hoàn tất hồ sơ."
104,599,2026-08-27,RM call,Interested,True,5,"KH quan tâm, cần gửi thêm bảng minh hoạ lãi suất/phí."
105,607,2026-08-24,Đặt lịch hẹn tại chi nhánh,Callback requested,True,3,"KH bận, hẹn gọi lại vào cuối tuần."
106,608,2026-08-04,Gửi email tư vấn,Converted,False,2,"KH đồng ý mở sản phẩm, đã hoàn tất hồ sơ."
107,610,2026-07-29,RM call,Converted,False,5,"KH đồng ý mở sản phẩm, đã hoàn tất hồ sơ."
108,611,2026-07-26,RM call,Interested,True,5,"KH quan tâm, cần gửi thêm bảng minh hoạ lãi suất/phí."
109,617,2026-08-27,Đặt lịch hẹn tại chi nhánh,Converted,False,5,"KH đồng ý mở sản phẩm, đã hoàn tất hồ sơ."
110,622,2026-08-18,Đặt lịch hẹn tại chi nhánh,Interested,True,3,"KH quan tâm, cần gửi thêm bảng minh hoạ lãi suất/phí."
111,626,2026-07-26,Gọi lại theo yêu cầu KH,Interested,True,4,"KH quan tâm, cần gửi thêm bảng minh hoạ lãi suất/phí."
112,631,2026-08-23,Gửi email tư vấn,Callback requested,True,2,"KH bận, hẹn gọi lại vào cuối tuần."
113,632,2026-08-21,Đặt lịch hẹn tại chi nhánh,Interested,True,1,"KH quan tâm, cần gửi thêm bảng minh hoạ lãi suất/phí."
114,652,2026-08-17,RM call,Interested,True,4,"KH quan tâm, cần gửi thêm bảng minh hoạ lãi suất/phí."
115,655,2026-08-20,SMS follow-up,Converted,False,3,"KH đồng ý mở sản phẩm, đã hoàn tất hồ sơ."
116,658,2026-08-25,RM call,Callback requested,True,5,"KH bận, hẹn gọi lại vào cuối tuần."
117,664,2026-08-25,Gọi lại theo yêu cầu KH,No response,False,2,"Gọi 2 lần không liên lạc được, sẽ thử kênh email."
118,667,2026-07-29,RM call,No response,False,3,"Gọi 2 lần không liên lạc được, sẽ thử kênh email."
119,670,2026-07-20,RM call,Converted,False,2,"KH đồng ý mở sản phẩm, đã hoàn tất hồ sơ."
120,673,2026-08-15,Đặt lịch hẹn tại chi nhánh,Converted,False,5,"KH đồng ý mở sản phẩm, đã hoàn tất hồ sơ."
121,676,2026-08-02,Gửi email tư vấn,Callback requested,True,2,"KH bận, hẹn gọi lại vào cuối tuần."
122,679,2026-08-16,Đặt lịch hẹn tại chi nhánh,Converted,False,4,"KH đồng ý mở sản phẩm, đã hoàn tất hồ sơ."
123,683,2026-08-20,Gọi lại theo yêu cầu KH,Interested,True,3,"KH quan tâm, cần gửi thêm bảng minh hoạ lãi suất/phí."
124,685,2026-07-31,Gửi email tư vấn,Callback requested,True,2,"KH bận, hẹn gọi lại vào cuối tuần."
125,691,2026-08-26,RM call,Converted,False,4,"KH đồng ý mở sản phẩm, đã hoàn tất hồ sơ."
126,694,2026-08-16,Đặt lịch hẹn tại chi nhánh,No response,False,3,"Gọi 2 lần không liên lạc được, sẽ thử kênh email."
127,706,2026-08-11,SMS follow-up,Converted,False,2,"KH đồng ý mở sản phẩm, đã hoàn tất hồ sơ."
128,709,2026-08-26,Gọi lại theo yêu cầu KH,Converted,False,4,"KH đồng ý mở sản phẩm, đã hoàn tất hồ sơ."
129,712,2026-07-28,Gọi lại theo yêu cầu KH,Converted,True,2,"KH đồng ý mở sản phẩm, đã hoàn tất hồ sơ."
130,713,2026-08-20,Đặt lịch hẹn tại chi nhánh,Interested,True,3,"KH quan tâm, cần gửi thêm bảng minh hoạ lãi suất/phí."
131,715,2026-07-31,Đặt lịch hẹn tại chi nhánh,Converted,False,4,"KH đồng ý mở sản phẩm, đã hoàn tất hồ sơ."
132,718,2026-08-14,Đặt lịch hẹn tại chi nhánh,Converted,False,4,"KH đồng ý mở sản phẩm, đã hoàn tất hồ sơ."
133,719,2026-08-23,RM call,No response,False,4,"Gọi 2 lần không liên lạc được, sẽ thử kênh email."
134,721,2026-08-17,SMS follow-up,No response,False,2,"Gọi 2 lần không liên lạc được, sẽ thử kênh email."
135,725,2026-08-23,SMS follow-up,No response,False,1,"Gọi 2 lần không liên lạc được, sẽ thử kênh email."
136,733,2026-08-25,Gửi email tư vấn,Callback requested,True,5,"KH bận, hẹn gọi lại vào cuối tuần."
137,736,2026-08-26,Đặt lịch hẹn tại chi nhánh,Interested,True,4,"KH quan tâm, cần gửi thêm bảng minh hoạ lãi suất/phí."
138,748,2026-07-28,SMS follow-up,Converted,False,5,"KH đồng ý mở sản phẩm, đã hoàn tất hồ sơ."
139,754,2026-08-23,Gửi email tư vấn,Converted,False,3,"KH đồng ý mở sản phẩm, đã hoàn tất hồ sơ."
140,760,2026-07-21,Gọi lại theo yêu cầu KH,Callback requested,True,5,"KH bận, hẹn gọi lại vào cuối tuần."
141,766,2026-08-03,Gửi email tư vấn,No response,False,2,"Gọi 2 lần không liên lạc được, sẽ thử kênh email."
142,769,2026-08-13,Đặt lịch hẹn tại chi nhánh,Callback requested,True,4,"KH bận, hẹn gọi lại vào cuối tuần."
143,773,2026-08-15,SMS follow-up,Interested,True,3,"KH quan tâm, cần gửi thêm bảng minh hoạ lãi suất/phí."
144,793,2026-07-27,Gọi lại theo yêu cầu KH,Callback requested,True,3,"KH bận, hẹn gọi lại vào cuối tuần."
145,802,2026-08-03,RM call,Converted,False,5,"KH đồng ý mở sản phẩm, đã hoàn tất hồ sơ."
146,821,2026-07-29,SMS follow-up,Interested,True,2,"KH quan tâm, cần gửi thêm bảng minh hoạ lãi suất/phí."
147,826,2026-08-23,Gọi lại theo yêu cầu KH,Callback requested,True,4,"KH bận, hẹn gọi lại vào cuối tuần."
148,838,2026-07-20,Gửi email tư vấn,Callback requested,True,4,"KH bận, hẹn gọi lại vào cuối tuần."
149,841,2026-08-13,RM call,Converted,False,4,"KH đồng ý mở sản phẩm, đã hoàn tất hồ sơ."
150,850,2026-08-19,Đặt lịch hẹn tại chi nhánh,Interested,True,5,"KH quan tâm, cần gửi thêm bảng minh hoạ lãi suất/phí."
151,856,2026-08-14,SMS follow-up,Converted,True,5,"KH đồng ý mở sản phẩm, đã hoàn tất hồ sơ."
152,868,2026-08-06,Đặt lịch hẹn tại chi nhánh,Converted,False,4,"KH đồng ý mở sản phẩm, đã hoàn tất hồ sơ."
153,869,2026-08-11,SMS follow-up,Converted,False,4,"KH đồng ý mở sản phẩm, đã hoàn tất hồ sơ."
154,872,2026-08-02,RM call,Callback requested,True,1,"KH bận, hẹn gọi lại vào cuối tuần."
155,877,2026-08-05,Gọi lại theo yêu cầu KH,Callback requested,True,2,"KH bận, hẹn gọi lại vào cuối tuần."
156,880,2026-08-17,Gọi lại theo yêu cầu KH,Interested,True,5,"KH quan tâm, cần gửi thêm bảng minh hoạ lãi suất/phí."
157,886,2026-07-27,RM call,Callback requested,True,4,"KH bận, hẹn gọi lại vào cuối tuần."
158,892,2026-07-22,Gửi email tư vấn,Callback requested,True,3,"KH bận, hẹn gọi lại vào cuối tuần."
159,907,2026-08-17,Đặt lịch hẹn tại chi nhánh,Interested,True,4,"KH quan tâm, cần gửi thêm bảng minh hoạ lãi suất/phí."
160,913,2026-08-05,Gọi lại theo yêu cầu KH,Converted,False,3,"KH đồng ý mở sản phẩm, đã hoàn tất hồ sơ."
161,914,2026-08-11,Đặt lịch hẹn tại chi nhánh,Interested,True,4,"KH quan tâm, cần gửi thêm bảng minh hoạ lãi suất/phí."
162,925,2026-08-02,SMS follow-up,Callback requested,True,5,"KH bận, hẹn gọi lại vào cuối tuần."
163,931,2026-08-20,Gọi lại theo yêu cầu KH,Interested,True,4,"KH quan tâm, cần gửi thêm bảng minh hoạ lãi suất/phí."
164,934,2026-08-20,Gọi lại theo yêu cầu KH,Callback requested,True,5,"KH bận, hẹn gọi lại vào cuối tuần."
165,935,2026-08-13,Gọi lại theo yêu cầu KH,Callback requested,True,5,"KH bận, hẹn gọi lại vào cuối tuần."
166,940,2026-08-01,SMS follow-up,Converted,False,5,"KH đồng ý mở sản phẩm, đã hoàn tất hồ sơ."
167,944,2026-08-10,Đặt lịch hẹn tại chi nhánh,No response,False,5,"Gọi 2 lần không liên lạc được, sẽ thử kênh email."
168,949,2026-08-07,Gửi email tư vấn,Callback requested,True,4,"KH bận, hẹn gọi lại vào cuối tuần."
169,956,2026-07-25,SMS follow-up,Converted,False,5,"KH đồng ý mở sản phẩm, đã hoàn tất hồ sơ."
170,959,2026-07-31,RM call,No response,False,2,"Gọi 2 lần không liên lạc được, sẽ thử kênh email."
171,964,2026-08-08,Đặt lịch hẹn tại chi nhánh,Converted,False,4,"KH đồng ý mở sản phẩm, đã hoàn tất hồ sơ."
172,965,2026-08-07,Gọi lại theo yêu cầu KH,No response,False,2,"Gọi 2 lần không liên lạc được, sẽ thử kênh email."
173,970,2026-08-22,Gửi email tư vấn,Converted,False,3,"KH đồng ý mở sản phẩm, đã hoàn tất hồ sơ."
174,976,2026-08-06,Gọi lại theo yêu cầu KH,No response,False,2,"Gọi 2 lần không liên lạc được, sẽ thử kênh email."
175,982,2026-08-21,SMS follow-up,Interested,True,4,"KH quan tâm, cần gửi thêm bảng minh hoạ lãi suất/phí."
176,985,2026-07-26,Gửi email tư vấn,Converted,False,5,"KH đồng ý mở sản phẩm, đã hoàn tất hồ sơ."
177,988,2026-08-24,Gọi lại theo yêu cầu KH,Converted,False,5,"KH đồng ý mở sản phẩm, đã hoàn tất hồ sơ."
178,995,2026-07-30,Gửi email tư vấn,Interested,True,4,"KH quan tâm, cần gửi thêm bảng minh hoạ lãi suất/phí."
179,1001,2026-08-07,RM call,Converted,False,3,"KH đồng ý mở sản phẩm, đã hoàn tất hồ sơ."
180,1013,2026-07-27,SMS follow-up,Interested,True,2,"KH quan tâm, cần gửi thêm bảng minh hoạ lãi suất/phí."
181,1015,2026-08-21,Đặt lịch hẹn tại chi nhánh,Interested,True,4,"KH quan tâm, cần gửi thêm bảng minh hoạ lãi suất/phí."
182,1018,2026-07-27,Đặt lịch hẹn tại chi nhánh,Callback requested,True,2,"KH bận, hẹn gọi lại vào cuối tuần."
183,1021,2026-08-03,Gửi email tư vấn,Interested,True,3,"KH quan tâm, cần gửi thêm bảng minh hoạ lãi suất/phí."
184,1022,2026-08-13,Đặt lịch hẹn tại chi nhánh,Callback requested,True,3,"KH bận, hẹn gọi lại vào cuối tuần."
185,1024,2026-08-27,Gửi email tư vấn,No response,True,3,"Gọi 2 lần không liên lạc được, sẽ thử kênh email."
186,1025,2026-08-24,Gọi lại theo yêu cầu KH,Interested,True,2,"KH quan tâm, cần gửi thêm bảng minh hoạ lãi suất/phí."
187,1030,2026-07-20,RM call,Callback requested,True,3,"KH bận, hẹn gọi lại vào cuối tuần."
188,1033,2026-07-30,SMS follow-up,Callback requested,True,4,"KH bận, hẹn gọi lại vào cuối tuần."
189,1036,2026-07-29,Đặt lịch hẹn tại chi nhánh,Interested,True,2,"KH quan tâm, cần gửi thêm bảng minh hoạ lãi suất/phí."
190,1042,2026-08-17,Gọi lại theo yêu cầu KH,Callback requested,True,5,"KH bận, hẹn gọi lại vào cuối tuần."
191,1060,2026-08-08,SMS follow-up,No response,False,3,"Gọi 2 lần không liên lạc được, sẽ thử kênh email."
192,1066,2026-08-24,Đặt lịch hẹn tại chi nhánh,Interested,True,4,"KH quan tâm, cần gửi thêm bảng minh hoạ lãi suất/phí."
193,1081,2026-08-20,Gọi lại theo yêu cầu KH,Interested,True,3,"KH quan tâm, cần gửi thêm bảng minh hoạ lãi suất/phí."
194,1087,2026-08-22,Gọi lại theo yêu cầu KH,Interested,True,5,"KH quan tâm, cần gửi thêm bảng minh hoạ lãi suất/phí."
195,1090,2026-08-27,Gọi lại theo yêu cầu KH,Converted,False,4,"KH đồng ý mở sản phẩm, đã hoàn tất hồ sơ."
196,1097,2026-07-30,RM call,Callback requested,True,5,"KH bận, hẹn gọi lại vào cuối tuần."
197,1100,2026-08-26,Đặt lịch hẹn tại chi nhánh,No response,False,2,"Gọi 2 lần không liên lạc được, sẽ thử kênh email."
198,1102,2026-07-21,Gửi email tư vấn,No response,True,3,"Gọi 2 lần không liên lạc được, sẽ thử kênh email."
199,1103,2026-08-16,SMS follow-up,Not interested,False,1,KH cho biết chưa có nhu cầu ở thời điểm hiện tại.
200,1108,2026-08-05,SMS follow-up,Callback requested,True,3,"KH bận, hẹn gọi lại vào cuối tuần."
201,1111,2026-08-18,Gọi lại theo yêu cầu KH,Converted,False,3,"KH đồng ý mở sản phẩm, đã hoàn tất hồ sơ."
202,1114,2026-08-25,SMS follow-up,Converted,False,5,"KH đồng ý mở sản phẩm, đã hoàn tất hồ sơ."
203,1129,2026-08-19,RM call,Converted,False,4,"KH đồng ý mở sản phẩm, đã hoàn tất hồ sơ."
204,1132,2026-07-25,RM call,Converted,False,5,"KH đồng ý mở sản phẩm, đã hoàn tất hồ sơ."
205,1138,2026-08-04,SMS follow-up,No response,False,3,"Gọi 2 lần không liên lạc được, sẽ thử kênh email."
206,1142,2026-08-08,RM call,Converted,False,3,"KH đồng ý mở sản phẩm, đã hoàn tất hồ sơ."
207,1144,2026-08-04,Gọi lại theo yêu cầu KH,Converted,True,4,"KH đồng ý mở sản phẩm, đã hoàn tất hồ sơ."
208,1145,2026-07-30,SMS follow-up,Callback requested,True,3,"KH bận, hẹn gọi lại vào cuối tuần."
209,1150,2026-08-03,RM call,Callback requested,True,4,"KH bận, hẹn gọi lại vào cuối tuần."
210,1151,2026-07-31,SMS follow-up,No response,False,1,"Gọi 2 lần không liên lạc được, sẽ thử kênh email."
211,1166,2026-07-22,RM call,Interested,True,4,"KH quan tâm, cần gửi thêm bảng minh hoạ lãi suất/phí."
212,1169,2026-07-30,RM call,Converted,False,4,"KH đồng ý mở sản phẩm, đã hoàn tất hồ sơ."
213,1171,2026-08-11,Đặt lịch hẹn tại chi nhánh,Converted,True,4,"KH đồng ý mở sản phẩm, đã hoàn tất hồ sơ."
214,1174,2026-08-19,Gọi lại theo yêu cầu KH,Interested,True,4,"KH quan tâm, cần gửi thêm bảng minh hoạ lãi suất/phí."
215,1186,2026-08-02,Gọi lại theo yêu cầu KH,Interested,True,5,"KH quan tâm, cần gửi thêm bảng minh hoạ lãi suất/phí."
216,1187,2026-08-08,Đặt lịch hẹn tại chi nhánh,Converted,False,5,"KH đồng ý mở sản phẩm, đã hoàn tất hồ sơ."
217,1189,2026-08-08,Gọi lại theo yêu cầu KH,Interested,True,3,"KH quan tâm, cần gửi thêm bảng minh hoạ lãi suất/phí."
218,1192,2026-07-19,RM call,Converted,True,5,"KH đồng ý mở sản phẩm, đã hoàn tất hồ sơ."
219,1195,2026-07-27,Đặt lịch hẹn tại chi nhánh,Callback requested,True,5,"KH bận, hẹn gọi lại vào cuối tuần."
220,1198,2026-08-04,SMS follow-up,Interested,True,5,"KH quan tâm, cần gửi thêm bảng minh hoạ lãi suất/phí."
221,1205,2026-08-02,SMS follow-up,Interested,True,3,"KH quan tâm, cần gửi thêm bảng minh hoạ lãi suất/phí."
222,1207,2026-08-19,Đặt lịch hẹn tại chi nhánh,No response,False,4,"Gọi 2 lần không liên lạc được, sẽ thử kênh email."
223,1213,2026-08-12,SMS follow-up,Callback requested,True,3,"KH bận, hẹn gọi lại vào cuối tuần."
224,1217,2026-08-01,Gửi email tư vấn,Interested,True,4,"KH quan tâm, cần gửi thêm bảng minh hoạ lãi suất/phí."
225,1219,2026-07-21,RM call,Callback requested,True,4,"KH bận, hẹn gọi lại vào cuối tuần."
226,1222,2026-08-16,Gửi email tư vấn,Converted,False,3,"KH đồng ý mở sản phẩm, đã hoàn tất hồ sơ."
227,1223,2026-07-22,RM call,Interested,True,3,"KH quan tâm, cần gửi thêm bảng minh hoạ lãi suất/phí."
228,1225,2026-08-22,SMS follow-up,Callback requested,True,4,"KH bận, hẹn gọi lại vào cuối tuần."
229,1228,2026-08-05,SMS follow-up,Interested,True,2,"KH quan tâm, cần gửi thêm bảng minh hoạ lãi suất/phí."
230,1246,2026-07-27,RM call,Interested,True,5,"KH quan tâm, cần gửi thêm bảng minh hoạ lãi suất/phí."
231,1256,2026-07-23,Đặt lịch hẹn tại chi nhánh,Converted,False,5,"KH đồng ý mở sản phẩm, đã hoàn tất hồ sơ."
232,1258,2026-07-20,SMS follow-up,Interested,True,3,"KH quan tâm, cần gửi thêm bảng minh hoạ lãi suất/phí."
233,1259,2026-08-13,Gọi lại theo yêu cầu KH,Interested,True,2,"KH quan tâm, cần gửi thêm bảng minh hoạ lãi suất/phí."
234,1270,2026-08-22,SMS follow-up,No response,False,5,"Gọi 2 lần không liên lạc được, sẽ thử kênh email."
235,1271,2026-07-20,RM call,Converted,False,3,"KH đồng ý mở sản phẩm, đã hoàn tất hồ sơ."
236,1273,2026-08-17,SMS follow-up,Interested,True,5,"KH quan tâm, cần gửi thêm bảng minh hoạ lãi suất/phí."
237,1276,2026-07-22,Gọi lại theo yêu cầu KH,Interested,True,3,"KH quan tâm, cần gửi thêm bảng minh hoạ lãi suất/phí."
238,1282,2026-08-27,Đặt lịch hẹn tại chi nhánh,Interested,True,3,"KH quan tâm, cần gửi thêm bảng minh hoạ lãi suất/phí."
239,1285,2026-07-23,Đặt lịch hẹn tại chi nhánh,Interested,True,4,"KH quan tâm, cần gửi thêm bảng minh hoạ lãi suất/phí."
240,1288,2026-08-03,SMS follow-up,Interested,True,3,"KH quan tâm, cần gửi thêm bảng minh hoạ lãi suất/phí."
241,1291,2026-08-03,Gửi email tư vấn,No response,False,4,"Gọi 2 lần không liên lạc được, sẽ thử kênh email."
242,1300,2026-07-21,SMS follow-up,Converted,False,2,"KH đồng ý mở sản phẩm, đã hoàn tất hồ sơ."
243,1307,2026-08-14,Gọi lại theo yêu cầu KH,Converted,True,4,"KH đồng ý mở sản phẩm, đã hoàn tất hồ sơ."
244,1309,2026-08-26,Gửi email tư vấn,Converted,False,4,"KH đồng ý mở sản phẩm, đã hoàn tất hồ sơ."
245,1313,2026-08-22,SMS follow-up,No response,False,4,"Gọi 2 lần không liên lạc được, sẽ thử kênh email."
246,1315,2026-07-26,Gọi lại theo yêu cầu KH,Interested,True,1,"KH quan tâm, cần gửi thêm bảng minh hoạ lãi suất/phí."
247,1318,2026-08-17,Gọi lại theo yêu cầu KH,Converted,False,2,"KH đồng ý mở sản phẩm, đã hoàn tất hồ sơ."
248,1325,2026-08-10,Gọi lại theo yêu cầu KH,No response,False,5,"Gọi 2 lần không liên lạc được, sẽ thử kênh email."
249,1327,2026-08-13,Gọi lại theo yêu cầu KH,Not interested,False,2,KH cho biết chưa có nhu cầu ở thời điểm hiện tại.
250,1330,2026-08-25,RM call,Interested,True,4,"KH quan tâm, cần gửi thêm bảng minh hoạ lãi suất/phí."
251,1336,2026-08-17,Gọi lại theo yêu cầu KH,Callback requested,True,2,"KH bận, hẹn gọi lại vào cuối tuần."
252,1339,2026-08-04,Đặt lịch hẹn tại chi nhánh,Interested,True,4,"KH quan tâm, cần gửi thêm bảng minh hoạ lãi suất/phí."
253,1354,2026-08-09,SMS follow-up,Converted,False,2,"KH đồng ý mở sản phẩm, đã hoàn tất hồ sơ."
254,1357,2026-08-10,Đặt lịch hẹn tại chi nhánh,No response,False,1,"Gọi 2 lần không liên lạc được, sẽ thử kênh email."
255,1363,2026-07-20,Gọi lại theo yêu cầu KH,Callback requested,True,5,"KH bận, hẹn gọi lại vào cuối tuần."
256,1366,2026-07-21,Đặt lịch hẹn tại chi nhánh,Interested,True,5,"KH quan tâm, cần gửi thêm bảng minh hoạ lãi suất/phí."
257,1367,2026-08-26,RM call,Converted,False,4,"KH đồng ý mở sản phẩm, đã hoàn tất hồ sơ."
258,1378,2026-08-03,Gửi email tư vấn,No response,False,4,"Gọi 2 lần không liên lạc được, sẽ thử kênh email."
259,1379,2026-07-29,SMS follow-up,Converted,False,3,"KH đồng ý mở sản phẩm, đã hoàn tất hồ sơ."
260,1384,2026-08-02,Gửi email tư vấn,Converted,False,4,"KH đồng ý mở sản phẩm, đã hoàn tất hồ sơ."
261,1387,2026-08-22,Đặt lịch hẹn tại chi nhánh,Converted,False,3,"KH đồng ý mở sản phẩm, đã hoàn tất hồ sơ."
262,1391,2026-07-20,RM call,Callback requested,True,5,"KH bận, hẹn gọi lại vào cuối tuần."
263,1393,2026-07-31,Gọi lại theo yêu cầu KH,Interested,True,4,"KH quan tâm, cần gửi thêm bảng minh hoạ lãi suất/phí."
264,1396,2026-08-15,SMS follow-up,Callback requested,True,1,"KH bận, hẹn gọi lại vào cuối tuần."
265,1402,2026-07-28,Gọi lại theo yêu cầu KH,Callback requested,True,4,"KH bận, hẹn gọi lại vào cuối tuần."
266,1406,2026-07-27,Gọi lại theo yêu cầu KH,Converted,False,3,"KH đồng ý mở sản phẩm, đã hoàn tất hồ sơ."
267,1411,2026-08-05,Gọi lại theo yêu cầu KH,Interested,True,5,"KH quan tâm, cần gửi thêm bảng minh hoạ lãi suất/phí."
268,1414,2026-08-02,SMS follow-up,No response,False,3,"Gọi 2 lần không liên lạc được, sẽ thử kênh email."
269,1420,2026-08-25,Gửi email tư vấn,Converted,False,5,"KH đồng ý mở sản phẩm, đã hoàn tất hồ sơ."
270,1421,2026-08-26,Gửi email tư vấn,Converted,False,4,"KH đồng ý mở sản phẩm, đã hoàn tất hồ sơ."
271,1429,2026-08-15,SMS follow-up,Callback requested,True,4,"KH bận, hẹn gọi lại vào cuối tuần."
272,1432,2026-08-18,Gọi lại theo yêu cầu KH,Callback requested,True,4,"KH bận, hẹn gọi lại vào cuối tuần."
273,1444,2026-08-23,Đặt lịch hẹn tại chi nhánh,Interested,True,4,"KH quan tâm, cần gửi thêm bảng minh hoạ lãi suất/phí."
274,1456,2026-07-30,Đặt lịch hẹn tại chi nhánh,Converted,True,5,"KH đồng ý mở sản phẩm, đã hoàn tất hồ sơ."
275,1472,2026-08-17,Gọi lại theo yêu cầu KH,Converted,True,1,"KH đồng ý mở sản phẩm, đã hoàn tất hồ sơ."
276,1474,2026-08-09,SMS follow-up,Converted,False,1,"KH đồng ý mở sản phẩm, đã hoàn tất hồ sơ."
277,1477,2026-07-19,RM call,Interested,True,2,"KH quan tâm, cần gửi thêm bảng minh hoạ lãi suất/phí."
278,1478,2026-08-24,Gọi lại theo yêu cầu KH,Converted,False,1,"KH đồng ý mở sản phẩm, đã hoàn tất hồ sơ."
279,1483,2026-08-04,Gọi lại theo yêu cầu KH,Interested,True,4,"KH quan tâm, cần gửi thêm bảng minh hoạ lãi suất/phí."
280,1492,2026-07-30,SMS follow-up,Converted,False,4,"KH đồng ý mở sản phẩm, đã hoàn tất hồ sơ."
281,1498,2026-07-25,Đặt lịch hẹn tại chi nhánh,Interested,True,5,"KH quan tâm, cần gửi thêm bảng minh hoạ lãi suất/phí."
282,1502,2026-08-23,Đặt lịch hẹn tại chi nhánh,Callback requested,True,2,"KH bận, hẹn gọi lại vào cuối tuần."
283,1510,2026-08-17,SMS follow-up,Callback requested,True,4,"KH bận, hẹn gọi lại vào cuối tuần."
284,1513,2026-07-22,SMS follow-up,Converted,False,5,"KH đồng ý mở sản phẩm, đã hoàn tất hồ sơ."
285,1520,2026-08-19,RM call,Converted,True,5,"KH đồng ý mở sản phẩm, đã hoàn tất hồ sơ."
286,1537,2026-08-05,Gọi lại theo yêu cầu KH,Converted,True,5,"KH đồng ý mở sản phẩm, đã hoàn tất hồ sơ."
287,1538,2026-07-28,RM call,Callback requested,True,3,"KH bận, hẹn gọi lại vào cuối tuần."
288,1549,2026-08-24,Gửi email tư vấn,Interested,True,5,"KH quan tâm, cần gửi thêm bảng minh hoạ lãi suất/phí."
289,1552,2026-08-17,Gửi email tư vấn,No response,False,2,"Gọi 2 lần không liên lạc được, sẽ thử kênh email."
290,1561,2026-08-03,RM call,No response,False,2,"Gọi 2 lần không liên lạc được, sẽ thử kênh email."
291,1588,2026-08-11,SMS follow-up,Converted,True,5,"KH đồng ý mở sản phẩm, đã hoàn tất hồ sơ."
292,1589,2026-08-12,Gọi lại theo yêu cầu KH,Interested,True,4,"KH quan tâm, cần gửi thêm bảng minh hoạ lãi suất/phí."
293,1591,2026-08-05,RM call,Callback requested,True,1,"KH bận, hẹn gọi lại vào cuối tuần."
294,1598,2026-07-24,SMS follow-up,Callback requested,True,4,"KH bận, hẹn gọi lại vào cuối tuần."
295,1600,2026-08-24,Gửi email tư vấn,No response,True,1,"Gọi 2 lần không liên lạc được, sẽ thử kênh email."
296,1603,2026-07-30,Đặt lịch hẹn tại chi nhánh,No response,False,3,"Gọi 2 lần không liên lạc được, sẽ thử kênh email."
297,1604,2026-08-27,Đặt lịch hẹn tại chi nhánh,Converted,False,3,"KH đồng ý mở sản phẩm, đã hoàn tất hồ sơ."
298,1609,2026-08-10,Gọi lại theo yêu cầu KH,No response,True,3,"Gọi 2 lần không liên lạc được, sẽ thử kênh email."
299,1610,2026-08-11,Gọi lại theo yêu cầu KH,Callback requested,True,3,"KH bận, hẹn gọi lại vào cuối tuần."
300,1612,2026-07-30,Gửi email tư vấn,Converted,False,4,"KH đồng ý mở sản phẩm, đã hoàn tất hồ sơ."
301,1618,2026-07-25,SMS follow-up,Not interested,False,3,KH cho biết chưa có nhu cầu ở thời điểm hiện tại.
302,1627,2026-08-14,Đặt lịch hẹn tại chi nhánh,No response,False,2,"Gọi 2 lần không liên lạc được, sẽ thử kênh email."
303,1631,2026-08-20,Đặt lịch hẹn tại chi nhánh,No response,False,1,"Gọi 2 lần không liên lạc được, sẽ thử kênh email."
304,1633,2026-08-26,Gửi email tư vấn,Converted,True,4,"KH đồng ý mở sản phẩm, đã hoàn tất hồ sơ."
305,1636,2026-08-02,Gọi lại theo yêu cầu KH,No response,False,5,"Gọi 2 lần không liên lạc được, sẽ thử kênh email."
306,1663,2026-07-23,RM call,Interested,True,4,"KH quan tâm, cần gửi thêm bảng minh hoạ lãi suất/phí."
307,1672,2026-07-19,Đặt lịch hẹn tại chi nhánh,Interested,True,2,"KH quan tâm, cần gửi thêm bảng minh hoạ lãi suất/phí."
308,1684,2026-07-21,SMS follow-up,Converted,False,4,"KH đồng ý mở sản phẩm, đã hoàn tất hồ sơ."
309,1690,2026-08-15,Gửi email tư vấn,Callback requested,True,3,"KH bận, hẹn gọi lại vào cuối tuần."
310,1702,2026-08-11,Đặt lịch hẹn tại chi nhánh,Interested,True,5,"KH quan tâm, cần gửi thêm bảng minh hoạ lãi suất/phí."
311,1705,2026-08-27,SMS follow-up,Converted,False,5,"KH đồng ý mở sản phẩm, đã hoàn tất hồ sơ."
312,1708,2026-07-26,SMS follow-up,Converted,False,3,"KH đồng ý mở sản phẩm, đã hoàn tất hồ sơ."
313,1714,2026-08-04,Gửi email tư vấn,Interested,True,2,"KH quan tâm, cần gửi thêm bảng minh hoạ lãi suất/phí."
314,1717,2026-08-10,SMS follow-up,No response,False,4,"Gọi 2 lần không liên lạc được, sẽ thử kênh email."
315,1723,2026-08-27,SMS follow-up,Not interested,False,2,KH cho biết chưa có nhu cầu ở thời điểm hiện tại.
316,1732,2026-08-21,RM call,Callback requested,True,3,"KH bận, hẹn gọi lại vào cuối tuần."
317,1745,2026-08-04,SMS follow-up,Interested,True,2,"KH quan tâm, cần gửi thêm bảng minh hoạ lãi suất/phí."
318,1747,2026-08-10,Gọi lại theo yêu cầu KH,Callback requested,True,3,"KH bận, hẹn gọi lại vào cuối tuần."
319,1753,2026-07-28,RM call,Converted,True,1,"KH đồng ý mở sản phẩm, đã hoàn tất hồ sơ."
320,1759,2026-08-12,SMS follow-up,Interested,True,5,"KH quan tâm, cần gửi thêm bảng minh hoạ lãi suất/phí."
321,1765,2026-08-26,RM call,Interested,True,4,"KH quan tâm, cần gửi thêm bảng minh hoạ lãi suất/phí."
322,1768,2026-08-07,SMS follow-up,Interested,True,5,"KH quan tâm, cần gửi thêm bảng minh hoạ lãi suất/phí."
323,1771,2026-08-24,Gọi lại theo yêu cầu KH,Interested,True,2,"KH quan tâm, cần gửi thêm bảng minh hoạ lãi suất/phí."
324,1774,2026-08-03,SMS follow-up,Converted,False,4,"KH đồng ý mở sản phẩm, đã hoàn tất hồ sơ."
325,1786,2026-08-24,Đặt lịch hẹn tại chi nhánh,Callback requested,True,5,"KH bận, hẹn gọi lại vào cuối tuần."
326,1789,2026-07-19,RM call,Callback requested,True,3,"KH bận, hẹn gọi lại vào cuối tuần."
327,1796,2026-08-01,Đặt lịch hẹn tại chi nhánh,No response,False,2,"Gọi 2 lần không liên lạc được, sẽ thử kênh email."
328,1801,2026-07-21,Đặt lịch hẹn tại chi nhánh,Converted,False,3,"KH đồng ý mở sản phẩm, đã hoàn tất hồ sơ."
329,1804,2026-08-10,Đặt lịch hẹn tại chi nhánh,Converted,False,4,"KH đồng ý mở sản phẩm, đã hoàn tất hồ sơ."
330,1807,2026-07-26,SMS follow-up,Interested,True,4,"KH quan tâm, cần gửi thêm bảng minh hoạ lãi suất/phí."
331,1810,2026-08-10,RM call,Interested,True,1,"KH quan tâm, cần gửi thêm bảng minh hoạ lãi suất/phí."
332,1813,2026-08-22,SMS follow-up,No response,False,2,"Gọi 2 lần không liên lạc được, sẽ thử kênh email."
333,1828,2026-07-29,Đặt lịch hẹn tại chi nhánh,Interested,True,4,"KH quan tâm, cần gửi thêm bảng minh hoạ lãi suất/phí."
334,1831,2026-08-15,RM call,Converted,False,4,"KH đồng ý mở sản phẩm, đã hoàn tất hồ sơ."
335,1837,2026-07-21,SMS follow-up,Converted,False,4,"KH đồng ý mở sản phẩm, đã hoàn tất hồ sơ."
336,1840,2026-08-21,Đặt lịch hẹn tại chi nhánh,Callback requested,True,2,"KH bận, hẹn gọi lại vào cuối tuần."
337,1846,2026-08-13,Gọi lại theo yêu cầu KH,Callback requested,True,1,"KH bận, hẹn gọi lại vào cuối tuần."
338,1849,2026-07-20,RM call,Callback requested,True,3,"KH bận, hẹn gọi lại vào cuối tuần."
339,1852,2026-08-11,RM call,Interested,True,5,"KH quan tâm, cần gửi thêm bảng minh hoạ lãi suất/phí."
340,1853,2026-08-06,Đặt lịch hẹn tại chi nhánh,Interested,True,4,"KH quan tâm, cần gửi thêm bảng minh hoạ lãi suất/phí."
341,1855,2026-08-07,Gọi lại theo yêu cầu KH,Callback requested,True,5,"KH bận, hẹn gọi lại vào cuối tuần."
342,1864,2026-08-01,SMS follow-up,Callback requested,True,4,"KH bận, hẹn gọi lại vào cuối tuần."
343,1870,2026-08-17,Gọi lại theo yêu cầu KH,Interested,True,4,"KH quan tâm, cần gửi thêm bảng minh hoạ lãi suất/phí."
344,1876,2026-07-26,Gửi email tư vấn,Converted,True,5,"KH đồng ý mở sản phẩm, đã hoàn tất hồ sơ."
345,1879,2026-08-27,Gọi lại theo yêu cầu KH,Interested,True,4,"KH quan tâm, cần gửi thêm bảng minh hoạ lãi suất/phí."
346,1892,2026-07-20,RM call,Interested,True,3,"KH quan tâm, cần gửi thêm bảng minh hoạ lãi suất/phí."
347,1894,2026-08-13,Gửi email tư vấn,Callback requested,True,2,"KH bận, hẹn gọi lại vào cuối tuần."
348,1897,2026-08-22,RM call,Converted,True,5,"KH đồng ý mở sản phẩm, đã hoàn tất hồ sơ."
349,1900,2026-08-18,Gửi email tư vấn,Callback requested,True,4,"KH bận, hẹn gọi lại vào cuối tuần."
350,1903,2026-07-27,RM call,Converted,False,4,"KH đồng ý mở sản phẩm, đã hoàn tất hồ sơ."
351,1906,2026-08-18,SMS follow-up,Converted,False,3,"KH đồng ý mở sản phẩm, đã hoàn tất hồ sơ."
352,1907,2026-08-16,Gọi lại theo yêu cầu KH,Converted,False,3,"KH đồng ý mở sản phẩm, đã hoàn tất hồ sơ."
353,1913,2026-08-24,Đặt lịch hẹn tại chi nhánh,Interested,True,1,"KH quan tâm, cần gửi thêm bảng minh hoạ lãi suất/phí."
354,1915,2026-08-24,SMS follow-up,Interested,True,2,"KH quan tâm, cần gửi thêm bảng minh hoạ lãi suất/phí."
355,1918,2026-08-16,RM call,Converted,False,2,"KH đồng ý mở sản phẩm, đã hoàn tất hồ sơ."
356,1919,2026-08-10,Gửi email tư vấn,Converted,False,1,"KH đồng ý mở sản phẩm, đã hoàn tất hồ sơ."
357,1924,2026-08-14,RM call,Callback requested,True,2,"KH bận, hẹn gọi lại vào cuối tuần."
358,1925,2026-07-30,Gửi email tư vấn,No response,False,1,"Gọi 2 lần không liên lạc được, sẽ thử kênh email."
359,1936,2026-07-27,Gửi email tư vấn,Callback requested,True,2,"KH bận, hẹn gọi lại vào cuối tuần."
360,1939,2026-07-23,Gọi lại theo yêu cầu KH,Interested,True,5,"KH quan tâm, cần gửi thêm bảng minh hoạ lãi suất/phí."
361,1952,2026-07-22,RM call,Converted,False,5,"KH đồng ý mở sản phẩm, đã hoàn tất hồ sơ."
362,1955,2026-07-28,RM call,Converted,False,3,"KH đồng ý mở sản phẩm, đã hoàn tất hồ sơ."
363,1957,2026-08-01,Đặt lịch hẹn tại chi nhánh,Interested,True,1,"KH quan tâm, cần gửi thêm bảng minh hoạ lãi suất/phí."
364,1966,2026-08-02,Gửi email tư vấn,Callback requested,True,5,"KH bận, hẹn gọi lại vào cuối tuần."
365,1969,2026-08-13,Đặt lịch hẹn tại chi nhánh,Interested,True,3,"KH quan tâm, cần gửi thêm bảng minh hoạ lãi suất/phí."
366,1975,2026-07-26,SMS follow-up,Interested,True,3,"KH quan tâm, cần gửi thêm bảng minh hoạ lãi suất/phí."
367,1976,2026-08-02,Gọi lại theo yêu cầu KH,No response,False,2,"Gọi 2 lần không liên lạc được, sẽ thử kênh email."
368,1981,2026-08-22,SMS follow-up,Converted,False,4,"KH đồng ý mở sản phẩm, đã hoàn tất hồ sơ."
369,1982,2026-07-20,SMS follow-up,Converted,False,3,"KH đồng ý mở sản phẩm, đã hoàn tất hồ sơ."
370,1996,2026-07-21,SMS follow-up,Not interested,False,2,KH cho biết chưa có nhu cầu ở thời điểm hiện tại.
371,2020,2026-07-22,Đặt lịch hẹn tại chi nhánh,Converted,False,1,"KH đồng ý mở sản phẩm, đã hoàn tất hồ sơ."
372,2027,2026-08-01,SMS follow-up,Interested,True,4,"KH quan tâm, cần gửi thêm bảng minh hoạ lãi suất/phí."
373,2029,2026-08-09,SMS follow-up,Interested,True,4,"KH quan tâm, cần gửi thêm bảng minh hoạ lãi suất/phí."
374,2035,2026-08-15,SMS follow-up,Converted,True,4,"KH đồng ý mở sản phẩm, đã hoàn tất hồ sơ."
375,2038,2026-08-22,RM call,Converted,False,4,"KH đồng ý mở sản phẩm, đã hoàn tất hồ sơ."
376,2041,2026-07-22,RM call,Callback requested,True,4,"KH bận, hẹn gọi lại vào cuối tuần."
377,2042,2026-08-16,Gửi email tư vấn,Interested,True,3,"KH quan tâm, cần gửi thêm bảng minh hoạ lãi suất/phí."
378,2044,2026-08-06,Gửi email tư vấn,Converted,False,4,"KH đồng ý mở sản phẩm, đã hoàn tất hồ sơ."
379,2050,2026-08-22,Gửi email tư vấn,No response,False,5,"Gọi 2 lần không liên lạc được, sẽ thử kênh email."
380,2053,2026-08-26,Gửi email tư vấn,Interested,True,4,"KH quan tâm, cần gửi thêm bảng minh hoạ lãi suất/phí."
381,2068,2026-07-26,RM call,Interested,True,5,"KH quan tâm, cần gửi thêm bảng minh hoạ lãi suất/phí."
382,2080,2026-07-25,Gửi email tư vấn,Interested,True,4,"KH quan tâm, cần gửi thêm bảng minh hoạ lãi suất/phí."
383,2086,2026-08-02,Đặt lịch hẹn tại chi nhánh,Interested,True,3,"KH quan tâm, cần gửi thêm bảng minh hoạ lãi suất/phí."
384,2087,2026-07-25,SMS follow-up,Interested,True,4,"KH quan tâm, cần gửi thêm bảng minh hoạ lãi suất/phí."
385,2089,2026-08-04,Đặt lịch hẹn tại chi nhánh,No response,False,1,"Gọi 2 lần không liên lạc được, sẽ thử kênh email."
386,2101,2026-08-12,Gọi lại theo yêu cầu KH,Interested,True,4,"KH quan tâm, cần gửi thêm bảng minh hoạ lãi suất/phí."
387,2102,2026-08-24,Gửi email tư vấn,Callback requested,True,5,"KH bận, hẹn gọi lại vào cuối tuần."
388,2107,2026-08-12,RM call,Callback requested,True,5,"KH bận, hẹn gọi lại vào cuối tuần."
389,2110,2026-08-23,SMS follow-up,No response,False,2,"Gọi 2 lần không liên lạc được, sẽ thử kênh email."
390,2119,2026-08-06,Gọi lại theo yêu cầu KH,No response,False,4,"Gọi 2 lần không liên lạc được, sẽ thử kênh email."
391,2125,2026-08-20,Gửi email tư vấn,Converted,True,5,"KH đồng ý mở sản phẩm, đã hoàn tất hồ sơ."
392,2126,2026-08-08,Đặt lịch hẹn tại chi nhánh,No response,False,4,"Gọi 2 lần không liên lạc được, sẽ thử kênh email."
393,2128,2026-08-27,Đặt lịch hẹn tại chi nhánh,Converted,False,4,"KH đồng ý mở sản phẩm, đã hoàn tất hồ sơ."
394,2140,2026-07-31,SMS follow-up,No response,False,3,"Gọi 2 lần không liên lạc được, sẽ thử kênh email."
395,2143,2026-08-05,Gọi lại theo yêu cầu KH,Interested,True,2,"KH quan tâm, cần gửi thêm bảng minh hoạ lãi suất/phí."
396,2146,2026-08-07,Đặt lịch hẹn tại chi nhánh,Callback requested,True,4,"KH bận, hẹn gọi lại vào cuối tuần."
397,2152,2026-07-29,SMS follow-up,Callback requested,True,5,"KH bận, hẹn gọi lại vào cuối tuần."
398,2155,2026-07-26,Gửi email tư vấn,No response,False,2,"Gọi 2 lần không liên lạc được, sẽ thử kênh email."
399,2158,2026-07-29,SMS follow-up,Converted,True,3,"KH đồng ý mở sản phẩm, đã hoàn tất hồ sơ."
400,2161,2026-07-21,Gửi email tư vấn,Converted,False,5,"KH đồng ý mở sản phẩm, đã hoàn tất hồ sơ."
401,2164,2026-08-20,Đặt lịch hẹn tại chi nhánh,Converted,False,4,"KH đồng ý mở sản phẩm, đã hoàn tất hồ sơ."
402,2167,2026-08-14,SMS follow-up,Interested,True,4,"KH quan tâm, cần gửi thêm bảng minh hoạ lãi suất/phí."
403,2173,2026-08-18,SMS follow-up,Interested,True,4,"KH quan tâm, cần gửi thêm bảng minh hoạ lãi suất/phí."
404,2182,2026-07-24,Đặt lịch hẹn tại chi nhánh,Callback requested,True,5,"KH bận, hẹn gọi lại vào cuối tuần."
405,2183,2026-08-21,Đặt lịch hẹn tại chi nhánh,Interested,True,3,"KH quan tâm, cần gửi thêm bảng minh hoạ lãi suất/phí."
406,2191,2026-07-25,Đặt lịch hẹn tại chi nhánh,Interested,True,4,"KH quan tâm, cần gửi thêm bảng minh hoạ lãi suất/phí."
407,2194,2026-08-13,Gọi lại theo yêu cầu KH,Interested,True,5,"KH quan tâm, cần gửi thêm bảng minh hoạ lãi suất/phí."
408,2212,2026-07-21,Đặt lịch hẹn tại chi nhánh,Converted,False,3,"KH đồng ý mở sản phẩm, đã hoàn tất hồ sơ."
409,2215,2026-08-26,Gọi lại theo yêu cầu KH,Interested,True,5,"KH quan tâm, cần gửi thêm bảng minh hoạ lãi suất/phí."
410,2234,2026-08-15,Gọi lại theo yêu cầu KH,Callback requested,True,5,"KH bận, hẹn gọi lại vào cuối tuần."
411,2236,2026-08-02,RM call,No response,False,4,"Gọi 2 lần không liên lạc được, sẽ thử kênh email."
412,2242,2026-08-16,Gửi email tư vấn,Converted,True,4,"KH đồng ý mở sản phẩm, đã hoàn tất hồ sơ."
413,2248,2026-08-10,RM call,Converted,False,5,"KH đồng ý mở sản phẩm, đã hoàn tất hồ sơ."
414,2251,2026-07-29,Gửi email tư vấn,Converted,True,5,"KH đồng ý mở sản phẩm, đã hoàn tất hồ sơ."
415,2252,2026-07-26,SMS follow-up,Converted,False,4,"KH đồng ý mở sản phẩm, đã hoàn tất hồ sơ."
416,2254,2026-08-13,Đặt lịch hẹn tại chi nhánh,Converted,False,5,"KH đồng ý mở sản phẩm, đã hoàn tất hồ sơ."
417,2260,2026-08-15,Gọi lại theo yêu cầu KH,Converted,False,4,"KH đồng ý mở sản phẩm, đã hoàn tất hồ sơ."
418,2263,2026-08-07,SMS follow-up,Converted,False,1,"KH đồng ý mở sản phẩm, đã hoàn tất hồ sơ."
419,2266,2026-08-22,Đặt lịch hẹn tại chi nhánh,Converted,False,3,"KH đồng ý mở sản phẩm, đã hoàn tất hồ sơ."
420,2269,2026-07-30,SMS follow-up,Converted,False,5,"KH đồng ý mở sản phẩm, đã hoàn tất hồ sơ."
421,2273,2026-07-29,Gọi lại theo yêu cầu KH,No response,False,2,"Gọi 2 lần không liên lạc được, sẽ thử kênh email."
422,2275,2026-08-14,Gửi email tư vấn,Converted,False,3,"KH đồng ý mở sản phẩm, đã hoàn tất hồ sơ."
423,2278,2026-07-23,Gửi email tư vấn,Interested,True,4,"KH quan tâm, cần gửi thêm bảng minh hoạ lãi suất/phí."
424,2284,2026-07-27,Gọi lại theo yêu cầu KH,Callback requested,True,5,"KH bận, hẹn gọi lại vào cuối tuần."
425,2293,2026-08-10,RM call,No response,True,3,"Gọi 2 lần không liên lạc được, sẽ thử kênh email."
426,2296,2026-08-04,RM call,Interested,True,4,"KH quan tâm, cần gửi thêm bảng minh hoạ lãi suất/phí."
427,2299,2026-08-12,Gửi email tư vấn,Interested,True,5,"KH quan tâm, cần gửi thêm bảng minh hoạ lãi suất/phí."
428,2317,2026-08-16,Gửi email tư vấn,Callback requested,True,2,"KH bận, hẹn gọi lại vào cuối tuần."
429,2324,2026-08-20,Đặt lịch hẹn tại chi nhánh,No response,False,4,"Gọi 2 lần không liên lạc được, sẽ thử kênh email."
430,2326,2026-08-21,RM call,Interested,True,3,"KH quan tâm, cần gửi thêm bảng minh hoạ lãi suất/phí."
431,2332,2026-08-17,Gọi lại theo yêu cầu KH,Interested,True,5,"KH quan tâm, cần gửi thêm bảng minh hoạ lãi suất/phí."
432,2335,2026-08-15,SMS follow-up,No response,False,3,"Gọi 2 lần không liên lạc được, sẽ thử kênh email."
433,2336,2026-07-24,SMS follow-up,Converted,False,2,"KH đồng ý mở sản phẩm, đã hoàn tất hồ sơ."
434,2344,2026-08-23,RM call,Interested,True,4,"KH quan tâm, cần gửi thêm bảng minh hoạ lãi suất/phí."
435,2347,2026-08-09,Gửi email tư vấn,Interested,True,5,"KH quan tâm, cần gửi thêm bảng minh hoạ lãi suất/phí."
436,2353,2026-07-26,SMS follow-up,Interested,True,4,"KH quan tâm, cần gửi thêm bảng minh hoạ lãi suất/phí."
437,2356,2026-08-09,Gửi email tư vấn,Converted,False,4,"KH đồng ý mở sản phẩm, đã hoàn tất hồ sơ."
438,2359,2026-08-13,RM call,No response,False,3,"Gọi 2 lần không liên lạc được, sẽ thử kênh email."
439,2360,2026-07-22,Đặt lịch hẹn tại chi nhánh,No response,False,3,"Gọi 2 lần không liên lạc được, sẽ thử kênh email."
440,2374,2026-08-14,Gửi email tư vấn,Converted,False,5,"KH đồng ý mở sản phẩm, đã hoàn tất hồ sơ."
441,2384,2026-08-12,Gửi email tư vấn,Converted,False,3,"KH đồng ý mở sản phẩm, đã hoàn tất hồ sơ."
442,2386,2026-08-22,Đặt lịch hẹn tại chi nhánh,Converted,False,5,"KH đồng ý mở sản phẩm, đã hoàn tất hồ sơ."
443,2389,2026-07-29,SMS follow-up,No response,True,4,"Gọi 2 lần không liên lạc được, sẽ thử kênh email."
444,2392,2026-07-26,RM call,Interested,True,5,"KH quan tâm, cần gửi thêm bảng minh hoạ lãi suất/phí."
445,2395,2026-08-05,Gửi email tư vấn,Callback requested,True,1,"KH bận, hẹn gọi lại vào cuối tuần."
446,2396,2026-08-14,Đặt lịch hẹn tại chi nhánh,Callback requested,True,2,"KH bận, hẹn gọi lại vào cuối tuần."
447,2399,2026-08-06,RM call,No response,False,1,"Gọi 2 lần không liên lạc được, sẽ thử kênh email."
448,2404,2026-07-19,RM call,Converted,False,5,"KH đồng ý mở sản phẩm, đã hoàn tất hồ sơ."
449,2416,2026-08-19,SMS follow-up,Interested,True,5,"KH quan tâm, cần gửi thêm bảng minh hoạ lãi suất/phí."
450,2419,2026-08-09,RM call,No response,False,2,"Gọi 2 lần không liên lạc được, sẽ thử kênh email."
451,2420,2026-08-06,SMS follow-up,Converted,False,1,"KH đồng ý mở sản phẩm, đã hoàn tất hồ sơ."
452,2422,2026-07-22,Gọi lại theo yêu cầu KH,Converted,False,5,"KH đồng ý mở sản phẩm, đã hoàn tất hồ sơ."
453,2428,2026-08-25,Đặt lịch hẹn tại chi nhánh,Interested,True,3,"KH quan tâm, cần gửi thêm bảng minh hoạ lãi suất/phí."
454,2431,2026-08-07,Gửi email tư vấn,Interested,True,5,"KH quan tâm, cần gửi thêm bảng minh hoạ lãi suất/phí."
455,2434,2026-08-27,SMS follow-up,Interested,True,3,"KH quan tâm, cần gửi thêm bảng minh hoạ lãi suất/phí."
456,2446,2026-08-25,Gọi lại theo yêu cầu KH,Callback requested,True,3,"KH bận, hẹn gọi lại vào cuối tuần."
457,2449,2026-08-10,SMS follow-up,Converted,True,4,"KH đồng ý mở sản phẩm, đã hoàn tất hồ sơ."
458,2458,2026-07-26,Gửi email tư vấn,Interested,True,4,"KH quan tâm, cần gửi thêm bảng minh hoạ lãi suất/phí."
459,2467,2026-08-14,Đặt lịch hẹn tại chi nhánh,Converted,True,5,"KH đồng ý mở sản phẩm, đã hoàn tất hồ sơ."
460,2488,2026-08-23,Gọi lại theo yêu cầu KH,Interested,True,5,"KH quan tâm, cần gửi thêm bảng minh hoạ lãi suất/phí."
461,2489,2026-08-26,Gọi lại theo yêu cầu KH,Callback requested,True,5,"KH bận, hẹn gọi lại vào cuối tuần."
462,2491,2026-08-20,Gọi lại theo yêu cầu KH,Converted,False,5,"KH đồng ý mở sản phẩm, đã hoàn tất hồ sơ."
463,2494,2026-08-21,SMS follow-up,Interested,True,5,"KH quan tâm, cần gửi thêm bảng minh hoạ lãi suất/phí."
464,2497,2026-08-04,Gửi email tư vấn,Converted,False,5,"KH đồng ý mở sản phẩm, đã hoàn tất hồ sơ."
465,2500,2026-08-17,Gọi lại theo yêu cầu KH,Interested,True,1,"KH quan tâm, cần gửi thêm bảng minh hoạ lãi suất/phí."
466,2509,2026-08-22,Gửi email tư vấn,No response,False,1,"Gọi 2 lần không liên lạc được, sẽ thử kênh email."
467,2512,2026-07-30,RM call,No response,False,3,"Gọi 2 lần không liên lạc được, sẽ thử kênh email."
468,2518,2026-08-15,Gửi email tư vấn,No response,False,5,"Gọi 2 lần không liên lạc được, sẽ thử kênh email."
469,2527,2026-08-17,Gửi email tư vấn,Converted,False,5,"KH đồng ý mở sản phẩm, đã hoàn tất hồ sơ."
470,2528,2026-07-30,RM call,No response,False,2,"Gọi 2 lần không liên lạc được, sẽ thử kênh email."
471,2530,2026-07-25,SMS follow-up,Converted,False,5,"KH đồng ý mở sản phẩm, đã hoàn tất hồ sơ."
472,2533,2026-08-07,Đặt lịch hẹn tại chi nhánh,Converted,False,5,"KH đồng ý mở sản phẩm, đã hoàn tất hồ sơ."
473,2536,2026-08-17,RM call,Converted,False,3,"KH đồng ý mở sản phẩm, đã hoàn tất hồ sơ."
474,2548,2026-07-19,RM call,Converted,False,2,"KH đồng ý mở sản phẩm, đã hoàn tất hồ sơ."
475,2554,2026-08-21,SMS follow-up,Callback requested,True,4,"KH bận, hẹn gọi lại vào cuối tuần."
476,2557,2026-08-05,SMS follow-up,Callback requested,True,4,"KH bận, hẹn gọi lại vào cuối tuần."
477,2558,2026-08-12,Đặt lịch hẹn tại chi nhánh,Interested,True,2,"KH quan tâm, cần gửi thêm bảng minh hoạ lãi suất/phí."
478,2564,2026-08-14,RM call,No response,False,4,"Gọi 2 lần không liên lạc được, sẽ thử kênh email."
479,2570,2026-07-31,RM call,Callback requested,True,2,"KH bận, hẹn gọi lại vào cuối tuần."
480,2578,2026-08-13,Gọi lại theo yêu cầu KH,Callback requested,True,2,"KH bận, hẹn gọi lại vào cuối tuần."
481,2585,2026-07-25,Đặt lịch hẹn tại chi nhánh,Interested,True,2,"KH quan tâm, cần gửi thêm bảng minh hoạ lãi suất/phí."
482,2588,2026-08-09,Đặt lịch hẹn tại chi nhánh,Not interested,False,4,KH cho biết chưa có nhu cầu ở thời điểm hiện tại.
483,2590,2026-08-03,Đặt lịch hẹn tại chi nhánh,Interested,True,4,"KH quan tâm, cần gửi thêm bảng minh hoạ lãi suất/phí."
484,2605,2026-07-30,SMS follow-up,Converted,True,3,"KH đồng ý mở sản phẩm, đã hoàn tất hồ sơ."
485,2608,2026-08-04,Gửi email tư vấn,Converted,False,5,"KH đồng ý mở sản phẩm, đã hoàn tất hồ sơ."
486,2614,2026-08-26,Đặt lịch hẹn tại chi nhánh,Converted,False,5,"KH đồng ý mở sản phẩm, đã hoàn tất hồ sơ."
487,2615,2026-08-13,RM call,Converted,False,4,"KH đồng ý mở sản phẩm, đã hoàn tất hồ sơ."
488,2617,2026-08-22,Đặt lịch hẹn tại chi nhánh,Callback requested,True,3,"KH bận, hẹn gọi lại vào cuối tuần."
489,2626,2026-08-22,Đặt lịch hẹn tại chi nhánh,Interested,True,3,"KH quan tâm, cần gửi thêm bảng minh hoạ lãi suất/phí."
490,2627,2026-07-23,Gọi lại theo yêu cầu KH,No response,True,1,"Gọi 2 lần không liên lạc được, sẽ thử kênh email."
491,2629,2026-08-13,RM call,No response,False,5,"Gọi 2 lần không liên lạc được, sẽ thử kênh email."
492,2635,2026-07-30,RM call,Converted,False,5,"KH đồng ý mở sản phẩm, đã hoàn tất hồ sơ."
493,2647,2026-07-23,Đặt lịch hẹn tại chi nhánh,Converted,False,3,"KH đồng ý mở sản phẩm, đã hoàn tất hồ sơ."
494,2650,2026-07-31,SMS follow-up,Converted,False,3,"KH đồng ý mở sản phẩm, đã hoàn tất hồ sơ."
495,2671,2026-08-14,RM call,Callback requested,True,4,"KH bận, hẹn gọi lại vào cuối tuần."
496,2672,2026-07-20,Gửi email tư vấn,Converted,True,4,"KH đồng ý mở sản phẩm, đã hoàn tất hồ sơ."
497,2674,2026-08-20,Gửi email tư vấn,Converted,False,1,"KH đồng ý mở sản phẩm, đã hoàn tất hồ sơ."
498,2684,2026-07-26,RM call,Not interested,False,1,KH cho biết chưa có nhu cầu ở thời điểm hiện tại.
499,2692,2026-08-03,Đặt lịch hẹn tại chi nhánh,Converted,True,5,"KH đồng ý mở sản phẩm, đã hoàn tất hồ sơ."
500,2695,2026-08-03,SMS follow-up,Interested,True,4,"KH quan tâm, cần gửi thêm bảng minh hoạ lãi suất/phí."
501,2698,2026-07-21,Gọi lại theo yêu cầu KH,Converted,True,2,"KH đồng ý mở sản phẩm, đã hoàn tất hồ sơ."
502,2701,2026-07-19,Gọi lại theo yêu cầu KH,Interested,True,3,"KH quan tâm, cần gửi thêm bảng minh hoạ lãi suất/phí."
503,2722,2026-08-05,Gọi lại theo yêu cầu KH,Converted,False,5,"KH đồng ý mở sản phẩm, đã hoàn tất hồ sơ."
504,2723,2026-07-26,SMS follow-up,Converted,False,5,"KH đồng ý mở sản phẩm, đã hoàn tất hồ sơ."
505,2731,2026-08-26,Đặt lịch hẹn tại chi nhánh,Interested,True,3,"KH quan tâm, cần gửi thêm bảng minh hoạ lãi suất/phí."
506,2732,2026-08-13,RM call,Converted,True,2,"KH đồng ý mở sản phẩm, đã hoàn tất hồ sơ."
507,2740,2026-08-02,Gửi email tư vấn,Converted,False,4,"KH đồng ý mở sản phẩm, đã hoàn tất hồ sơ."
508,2744,2026-08-01,SMS follow-up,Interested,True,2,"KH quan tâm, cần gửi thêm bảng minh hoạ lãi suất/phí."
509,2749,2026-08-19,Gọi lại theo yêu cầu KH,Interested,True,5,"KH quan tâm, cần gửi thêm bảng minh hoạ lãi suất/phí."
510,2755,2026-08-27,SMS follow-up,Converted,False,5,"KH đồng ý mở sản phẩm, đã hoàn tất hồ sơ."
511,2773,2026-08-12,Gọi lại theo yêu cầu KH,Interested,True,5,"KH quan tâm, cần gửi thêm bảng minh hoạ lãi suất/phí."
512,2779,2026-07-29,Đặt lịch hẹn tại chi nhánh,Converted,False,5,"KH đồng ý mở sản phẩm, đã hoàn tất hồ sơ."
513,2780,2026-07-20,Gửi email tư vấn,Interested,True,5,"KH quan tâm, cần gửi thêm bảng minh hoạ lãi suất/phí."
514,2782,2026-08-18,Đặt lịch hẹn tại chi nhánh,Callback requested,True,2,"KH bận, hẹn gọi lại vào cuối tuần."
515,2791,2026-08-19,Đặt lịch hẹn tại chi nhánh,Callback requested,True,2,"KH bận, hẹn gọi lại vào cuối tuần."
516,2806,2026-08-26,SMS follow-up,Interested,True,5,"KH quan tâm, cần gửi thêm bảng minh hoạ lãi suất/phí."
517,2818,2026-08-23,RM call,Converted,False,2,"KH đồng ý mở sản phẩm, đã hoàn tất hồ sơ."
518,2824,2026-08-22,Đặt lịch hẹn tại chi nhánh,No response,False,3,"Gọi 2 lần không liên lạc được, sẽ thử kênh email."
519,2825,2026-08-25,RM call,Not interested,False,3,KH cho biết chưa có nhu cầu ở thời điểm hiện tại.
520,2830,2026-07-20,Gửi email tư vấn,Interested,True,4,"KH quan tâm, cần gửi thêm bảng minh hoạ lãi suất/phí."
521,2839,2026-07-31,Đặt lịch hẹn tại chi nhánh,No response,False,1,"Gọi 2 lần không liên lạc được, sẽ thử kênh email."
522,2852,2026-08-24,SMS follow-up,No response,False,2,"Gọi 2 lần không liên lạc được, sẽ thử kênh email."
523,2855,2026-08-15,Gửi email tư vấn,Converted,False,4,"KH đồng ý mở sản phẩm, đã hoàn tất hồ sơ."
524,2860,2026-07-19,Gửi email tư vấn,Converted,False,5,"KH đồng ý mở sản phẩm, đã hoàn tất hồ sơ."
525,2861,2026-08-01,RM call,Callback requested,True,5,"KH bận, hẹn gọi lại vào cuối tuần."
526,2866,2026-07-27,SMS follow-up,Interested,True,3,"KH quan tâm, cần gửi thêm bảng minh hoạ lãi suất/phí."
527,2872,2026-07-25,Đặt lịch hẹn tại chi nhánh,Callback requested,True,3,"KH bận, hẹn gọi lại vào cuối tuần."
528,2875,2026-08-20,Đặt lịch hẹn tại chi nhánh,Interested,True,4,"KH quan tâm, cần gửi thêm bảng minh hoạ lãi suất/phí."
529,2876,2026-08-06,Gửi email tư vấn,Converted,False,2,"KH đồng ý mở sản phẩm, đã hoàn tất hồ sơ."
530,2878,2026-08-11,Gửi email tư vấn,No response,False,4,"Gọi 2 lần không liên lạc được, sẽ thử kênh email."
531,2882,2026-08-06,RM call,Converted,False,3,"KH đồng ý mở sản phẩm, đã hoàn tất hồ sơ."
532,2887,2026-07-23,SMS follow-up,Converted,True,3,"KH đồng ý mở sản phẩm, đã hoàn tất hồ sơ."
533,2890,2026-08-03,SMS follow-up,Callback requested,True,4,"KH bận, hẹn gọi lại vào cuối tuần."
534,2896,2026-07-25,Gọi lại theo yêu cầu KH,Converted,False,4,"KH đồng ý mở sản phẩm, đã hoàn tất hồ sơ."
535,2902,2026-07-27,RM call,Converted,False,5,"KH đồng ý mở sản phẩm, đã hoàn tất hồ sơ."
536,2903,2026-08-12,Gọi lại theo yêu cầu KH,Converted,False,5,"KH đồng ý mở sản phẩm, đã hoàn tất hồ sơ."
537,2905,2026-08-04,Gửi email tư vấn,Callback requested,True,3,"KH bận, hẹn gọi lại vào cuối tuần."
538,2906,2026-07-30,Đặt lịch hẹn tại chi nhánh,Interested,True,3,"KH quan tâm, cần gửi thêm bảng minh hoạ lãi suất/phí."
539,2920,2026-08-14,Gọi lại theo yêu cầu KH,No response,False,3,"Gọi 2 lần không liên lạc được, sẽ thử kênh email."
540,2930,2026-08-06,SMS follow-up,Interested,True,2,"KH quan tâm, cần gửi thêm bảng minh hoạ lãi suất/phí."
541,2938,2026-08-17,Gửi email tư vấn,Converted,False,4,"KH đồng ý mở sản phẩm, đã hoàn tất hồ sơ."
542,2939,2026-08-20,RM call,Callback requested,True,3,"KH bận, hẹn gọi lại vào cuối tuần."
543,2947,2026-08-15,RM call,Interested,True,1,"KH quan tâm, cần gửi thêm bảng minh hoạ lãi suất/phí."
544,2951,2026-07-27,RM call,Interested,True,3,"KH quan tâm, cần gửi thêm bảng minh hoạ lãi suất/phí."
545,2959,2026-08-13,Gọi lại theo yêu cầu KH,Converted,False,4,"KH đồng ý mở sản phẩm, đã hoàn tất hồ sơ."
546,2971,2026-07-26,SMS follow-up,Converted,False,4,"KH đồng ý mở sản phẩm, đã hoàn tất hồ sơ."
547,2972,2026-08-20,Đặt lịch hẹn tại chi nhánh,Converted,False,2,"KH đồng ý mở sản phẩm, đã hoàn tất hồ sơ."
548,2977,2026-07-23,Gọi lại theo yêu cầu KH,Interested,True,3,"KH quan tâm, cần gửi thêm bảng minh hoạ lãi suất/phí."
549,2983,2026-08-02,SMS follow-up,Converted,False,2,"KH đồng ý mở sản phẩm, đã hoàn tất hồ sơ."
550,2990,2026-08-20,SMS follow-up,Converted,False,3,"KH đồng ý mở sản phẩm, đã hoàn tất hồ sơ."
551,2992,2026-08-08,Gọi lại theo yêu cầu KH,Interested,True,5,"KH quan tâm, cần gửi thêm bảng minh hoạ lãi suất/phí."
552,2995,2026-07-28,SMS follow-up,No response,False,3,"Gọi 2 lần không liên lạc được, sẽ thử kênh email."
553,2998,2026-07-19,RM call,Interested,True,4,"KH quan tâm, cần gửi thêm bảng minh hoạ lãi suất/phí."
554,3001,2026-08-12,SMS follow-up,Converted,True,4,"KH đồng ý mở sản phẩm, đã hoàn tất hồ sơ."
555,3002,2026-08-14,Gửi email tư vấn,No response,False,2,"Gọi 2 lần không liên lạc được, sẽ thử kênh email."
556,3004,2026-08-25,SMS follow-up,Converted,False,4,"KH đồng ý mở sản phẩm, đã hoàn tất hồ sơ."
557,3007,2026-08-16,Gửi email tư vấn,Interested,True,5,"KH quan tâm, cần gửi thêm bảng minh hoạ lãi suất/phí."
558,3008,2026-07-26,RM call,Interested,True,5,"KH quan tâm, cần gửi thêm bảng minh hoạ lãi suất/phí."
559,3025,2026-08-13,Đặt lịch hẹn tại chi nhánh,Not interested,True,2,KH cho biết chưa có nhu cầu ở thời điểm hiện tại.
560,3029,2026-08-22,Gọi lại theo yêu cầu KH,Callback requested,True,3,"KH bận, hẹn gọi lại vào cuối tuần."
561,3031,2026-08-04,SMS follow-up,Callback requested,True,1,"KH bận, hẹn gọi lại vào cuối tuần."
562,3052,2026-08-24,Đặt lịch hẹn tại chi nhánh,Converted,True,4,"KH đồng ý mở sản phẩm, đã hoàn tất hồ sơ."
563,3055,2026-08-22,Gửi email tư vấn,No response,True,5,"Gọi 2 lần không liên lạc được, sẽ thử kênh email."
564,3061,2026-08-11,Gọi lại theo yêu cầu KH,Interested,True,3,"KH quan tâm, cần gửi thêm bảng minh hoạ lãi suất/phí."
565,3085,2026-08-20,Đặt lịch hẹn tại chi nhánh,Converted,True,2,"KH đồng ý mở sản phẩm, đã hoàn tất hồ sơ."
566,3088,2026-08-03,Gọi lại theo yêu cầu KH,Callback requested,True,4,"KH bận, hẹn gọi lại vào cuối tuần."
567,3091,2026-08-27,Đặt lịch hẹn tại chi nhánh,No response,False,5,"Gọi 2 lần không liên lạc được, sẽ thử kênh email."
568,3094,2026-08-11,Đặt lịch hẹn tại chi nhánh,Converted,False,2,"KH đồng ý mở sản phẩm, đã hoàn tất hồ sơ."
569,3095,2026-08-13,Đặt lịch hẹn tại chi nhánh,Interested,True,1,"KH quan tâm, cần gửi thêm bảng minh hoạ lãi suất/phí."
570,3097,2026-07-27,RM call,Converted,False,3,"KH đồng ý mở sản phẩm, đã hoàn tất hồ sơ."
571,3101,2026-08-20,RM call,Callback requested,True,2,"KH bận, hẹn gọi lại vào cuối tuần."
572,3121,2026-08-12,Gọi lại theo yêu cầu KH,No response,True,3,"Gọi 2 lần không liên lạc được, sẽ thử kênh email."
573,3124,2026-08-21,Gửi email tư vấn,Callback requested,True,3,"KH bận, hẹn gọi lại vào cuối tuần."
574,3131,2026-08-17,RM call,Interested,True,2,"KH quan tâm, cần gửi thêm bảng minh hoạ lãi suất/phí."
575,3134,2026-08-05,Đặt lịch hẹn tại chi nhánh,No response,False,3,"Gọi 2 lần không liên lạc được, sẽ thử kênh email."
576,3148,2026-08-19,Gọi lại theo yêu cầu KH,Interested,True,5,"KH quan tâm, cần gửi thêm bảng minh hoạ lãi suất/phí."
577,3151,2026-07-29,Gửi email tư vấn,Interested,True,1,"KH quan tâm, cần gửi thêm bảng minh hoạ lãi suất/phí."
578,3152,2026-08-07,SMS follow-up,Converted,True,1,"KH đồng ý mở sản phẩm, đã hoàn tất hồ sơ."
579,3157,2026-08-04,SMS follow-up,Converted,False,5,"KH đồng ý mở sản phẩm, đã hoàn tất hồ sơ."
580,3166,2026-07-20,Gửi email tư vấn,Callback requested,True,2,"KH bận, hẹn gọi lại vào cuối tuần."
581,3167,2026-07-30,Đặt lịch hẹn tại chi nhánh,Interested,True,3,"KH quan tâm, cần gửi thêm bảng minh hoạ lãi suất/phí."
582,3170,2026-07-27,Đặt lịch hẹn tại chi nhánh,Callback requested,True,2,"KH bận, hẹn gọi lại vào cuối tuần."
583,3172,2026-08-11,SMS follow-up,Converted,False,5,"KH đồng ý mở sản phẩm, đã hoàn tất hồ sơ."
584,3185,2026-08-11,Gửi email tư vấn,Interested,True,3,"KH quan tâm, cần gửi thêm bảng minh hoạ lãi suất/phí."
585,3190,2026-07-28,Đặt lịch hẹn tại chi nhánh,Converted,False,3,"KH đồng ý mở sản phẩm, đã hoàn tất hồ sơ."
586,3193,2026-08-09,Gọi lại theo yêu cầu KH,Callback requested,True,5,"KH bận, hẹn gọi lại vào cuối tuần."
587,3196,2026-08-02,SMS follow-up,Interested,True,5,"KH quan tâm, cần gửi thêm bảng minh hoạ lãi suất/phí."
588,3199,2026-08-06,Đặt lịch hẹn tại chi nhánh,Interested,True,5,"KH quan tâm, cần gửi thêm bảng minh hoạ lãi suất/phí."
589,3200,2026-08-19,Gửi email tư vấn,Interested,True,4,"KH quan tâm, cần gửi thêm bảng minh hoạ lãi suất/phí."
590,3205,2026-08-23,SMS follow-up,Converted,False,4,"KH đồng ý mở sản phẩm, đã hoàn tất hồ sơ."
591,3208,2026-08-16,Gửi email tư vấn,Converted,False,5,"KH đồng ý mở sản phẩm, đã hoàn tất hồ sơ."
592,3215,2026-08-13,SMS follow-up,Interested,True,3,"KH quan tâm, cần gửi thêm bảng minh hoạ lãi suất/phí."
593,3218,2026-08-12,RM call,Converted,True,4,"KH đồng ý mở sản phẩm, đã hoàn tất hồ sơ."
594,3220,2026-07-23,Gọi lại theo yêu cầu KH,Converted,False,2,"KH đồng ý mở sản phẩm, đã hoàn tất hồ sơ."
595,3229,2026-08-15,Đặt lịch hẹn tại chi nhánh,Interested,True,3,"KH quan tâm, cần gửi thêm bảng minh hoạ lãi suất/phí."
596,3232,2026-07-31,Gọi lại theo yêu cầu KH,Callback requested,True,4,"KH bận, hẹn gọi lại vào cuối tuần."
597,3235,2026-07-29,Đặt lịch hẹn tại chi nhánh,Interested,True,5,"KH quan tâm, cần gửi thêm bảng minh hoạ lãi suất/phí."
598,3244,2026-08-13,Gọi lại theo yêu cầu KH,Interested,True,2,"KH quan tâm, cần gửi thêm bảng minh hoạ lãi suất/phí."
599,3247,2026-08-07,Gửi email tư vấn,Interested,True,3,"KH quan tâm, cần gửi thêm bảng minh hoạ lãi suất/phí."
600,3265,2026-08-27,Gọi lại theo yêu cầu KH,No response,False,4,"Gọi 2 lần không liên lạc được, sẽ thử kênh email."
601,3268,2026-07-23,Gọi lại theo yêu cầu KH,Converted,False,5,"KH đồng ý mở sản phẩm, đã hoàn tất hồ sơ."
602,3286,2026-08-25,RM call,No response,False,4,"Gọi 2 lần không liên lạc được, sẽ thử kênh email."
603,3289,2026-08-23,SMS follow-up,Converted,True,4,"KH đồng ý mở sản phẩm, đã hoàn tất hồ sơ."
604,3292,2026-08-13,Gọi lại theo yêu cầu KH,Converted,False,2,"KH đồng ý mở sản phẩm, đã hoàn tất hồ sơ."
605,3295,2026-08-14,RM call,Converted,False,4,"KH đồng ý mở sản phẩm, đã hoàn tất hồ sơ."
606,3302,2026-08-15,SMS follow-up,No response,False,3,"Gọi 2 lần không liên lạc được, sẽ thử kênh email."
607,3308,2026-08-13,SMS follow-up,Converted,False,1,"KH đồng ý mở sản phẩm, đã hoàn tất hồ sơ."
608,3322,2026-08-07,SMS follow-up,Converted,False,5,"KH đồng ý mở sản phẩm, đã hoàn tất hồ sơ."
609,3325,2026-08-20,RM call,Interested,True,3,"KH quan tâm, cần gửi thêm bảng minh hoạ lãi suất/phí."
610,3328,2026-08-10,RM call,Converted,False,5,"KH đồng ý mở sản phẩm, đã hoàn tất hồ sơ."
611,3337,2026-08-12,Gửi email tư vấn,Interested,True,4,"KH quan tâm, cần gửi thêm bảng minh hoạ lãi suất/phí."
612,3343,2026-07-24,SMS follow-up,Callback requested,True,4,"KH bận, hẹn gọi lại vào cuối tuần."
613,3349,2026-07-20,Đặt lịch hẹn tại chi nhánh,Interested,True,4,"KH quan tâm, cần gửi thêm bảng minh hoạ lãi suất/phí."
614,3350,2026-07-25,Gửi email tư vấn,No response,False,4,"Gọi 2 lần không liên lạc được, sẽ thử kênh email."
615,3358,2026-07-31,SMS follow-up,Interested,True,3,"KH quan tâm, cần gửi thêm bảng minh hoạ lãi suất/phí."
616,3367,2026-08-15,Đặt lịch hẹn tại chi nhánh,No response,False,3,"Gọi 2 lần không liên lạc được, sẽ thử kênh email."
617,3376,2026-08-27,SMS follow-up,No response,False,3,"Gọi 2 lần không liên lạc được, sẽ thử kênh email."
618,3388,2026-07-26,SMS follow-up,Converted,True,4,"KH đồng ý mở sản phẩm, đã hoàn tất hồ sơ."
619,3391,2026-07-20,RM call,Converted,False,4,"KH đồng ý mở sản phẩm, đã hoàn tất hồ sơ."
620,3394,2026-08-04,Gọi lại theo yêu cầu KH,Converted,False,2,"KH đồng ý mở sản phẩm, đã hoàn tất hồ sơ."
621,3397,2026-08-26,Gọi lại theo yêu cầu KH,Interested,True,5,"KH quan tâm, cần gửi thêm bảng minh hoạ lãi suất/phí."
622,3401,2026-08-24,SMS follow-up,Interested,True,2,"KH quan tâm, cần gửi thêm bảng minh hoạ lãi suất/phí."
623,3404,2026-08-07,Gọi lại theo yêu cầu KH,Callback requested,True,2,"KH bận, hẹn gọi lại vào cuối tuần."
624,3406,2026-08-06,Gọi lại theo yêu cầu KH,Converted,False,5,"KH đồng ý mở sản phẩm, đã hoàn tất hồ sơ."
625,3409,2026-08-26,Gọi lại theo yêu cầu KH,Converted,False,4,"KH đồng ý mở sản phẩm, đã hoàn tất hồ sơ."
626,3418,2026-08-12,SMS follow-up,Converted,False,2,"KH đồng ý mở sản phẩm, đã hoàn tất hồ sơ."
627,3421,2026-07-25,RM call,Converted,True,5,"KH đồng ý mở sản phẩm, đã hoàn tất hồ sơ."
628,3427,2026-08-09,Đặt lịch hẹn tại chi nhánh,Interested,True,3,"KH quan tâm, cần gửi thêm bảng minh hoạ lãi suất/phí."
629,3430,2026-07-28,RM call,Callback requested,True,3,"KH bận, hẹn gọi lại vào cuối tuần."
630,3433,2026-08-03,SMS follow-up,Interested,True,5,"KH quan tâm, cần gửi thêm bảng minh hoạ lãi suất/phí."
631,3448,2026-08-22,RM call,Callback requested,True,3,"KH bận, hẹn gọi lại vào cuối tuần."
632,3449,2026-07-19,SMS follow-up,Not interested,False,2,KH cho biết chưa có nhu cầu ở thời điểm hiện tại.
633,3452,2026-08-18,RM call,Interested,True,4,"KH quan tâm, cần gửi thêm bảng minh hoạ lãi suất/phí."
634,3454,2026-07-31,SMS follow-up,Converted,False,3,"KH đồng ý mở sản phẩm, đã hoàn tất hồ sơ."
635,3460,2026-07-31,Đặt lịch hẹn tại chi nhánh,Converted,False,5,"KH đồng ý mở sản phẩm, đã hoàn tất hồ sơ."
636,3466,2026-08-21,Gửi email tư vấn,Interested,True,3,"KH quan tâm, cần gửi thêm bảng minh hoạ lãi suất/phí."
637,3469,2026-08-01,Gửi email tư vấn,Callback requested,True,4,"KH bận, hẹn gọi lại vào cuối tuần."
638,3479,2026-08-22,Gửi email tư vấn,Converted,True,2,"KH đồng ý mở sản phẩm, đã hoàn tất hồ sơ."
639,3481,2026-07-26,SMS follow-up,Callback requested,True,4,"KH bận, hẹn gọi lại vào cuối tuần."
640,3496,2026-08-22,RM call,No response,True,5,"Gọi 2 lần không liên lạc được, sẽ thử kênh email."
641,3502,2026-08-19,Đặt lịch hẹn tại chi nhánh,Interested,True,3,"KH quan tâm, cần gửi thêm bảng minh hoạ lãi suất/phí."
642,3511,2026-08-26,Gọi lại theo yêu cầu KH,Converted,True,4,"KH đồng ý mở sản phẩm, đã hoàn tất hồ sơ."
643,3514,2026-07-26,Gửi email tư vấn,Callback requested,True,1,"KH bận, hẹn gọi lại vào cuối tuần."
644,3529,2026-08-01,SMS follow-up,Converted,False,5,"KH đồng ý mở sản phẩm, đã hoàn tất hồ sơ."
645,3532,2026-08-05,Gọi lại theo yêu cầu KH,Interested,True,5,"KH quan tâm, cần gửi thêm bảng minh hoạ lãi suất/phí."
646,3547,2026-07-27,Gửi email tư vấn,No response,False,3,"Gọi 2 lần không liên lạc được, sẽ thử kênh email."
647,3559,2026-08-05,Gửi email tư vấn,Interested,True,5,"KH quan tâm, cần gửi thêm bảng minh hoạ lãi suất/phí."
648,3571,2026-07-25,Gọi lại theo yêu cầu KH,Converted,True,5,"KH đồng ý mở sản phẩm, đã hoàn tất hồ sơ."
649,3586,2026-07-30,SMS follow-up,No response,False,2,"Gọi 2 lần không liên lạc được, sẽ thử kênh email."
650,3589,2026-07-28,SMS follow-up,Converted,False,5,"KH đồng ý mở sản phẩm, đã hoàn tất hồ sơ."
651,3595,2026-08-18,RM call,Callback requested,True,5,"KH bận, hẹn gọi lại vào cuối tuần."
652,3604,2026-08-19,Đặt lịch hẹn tại chi nhánh,Callback requested,True,3,"KH bận, hẹn gọi lại vào cuối tuần."
653,3613,2026-07-28,Đặt lịch hẹn tại chi nhánh,Converted,True,5,"KH đồng ý mở sản phẩm, đã hoàn tất hồ sơ."
654,3617,2026-07-28,Đặt lịch hẹn tại chi nhánh,Interested,True,4,"KH quan tâm, cần gửi thêm bảng minh hoạ lãi suất/phí."
655,3619,2026-08-05,SMS follow-up,Interested,True,3,"KH quan tâm, cần gửi thêm bảng minh hoạ lãi suất/phí."
656,3625,2026-08-04,RM call,Interested,True,5,"KH quan tâm, cần gửi thêm bảng minh hoạ lãi suất/phí."
657,3631,2026-08-09,Đặt lịch hẹn tại chi nhánh,Callback requested,True,3,"KH bận, hẹn gọi lại vào cuối tuần."
658,3634,2026-08-18,SMS follow-up,No response,False,3,"Gọi 2 lần không liên lạc được, sẽ thử kênh email."
659,3643,2026-07-24,RM call,Converted,False,5,"KH đồng ý mở sản phẩm, đã hoàn tất hồ sơ."
660,3649,2026-08-12,RM call,No response,False,5,"Gọi 2 lần không liên lạc được, sẽ thử kênh email."
661,3652,2026-08-05,Gửi email tư vấn,Interested,True,4,"KH quan tâm, cần gửi thêm bảng minh hoạ lãi suất/phí."
662,3653,2026-08-23,RM call,Interested,True,3,"KH quan tâm, cần gửi thêm bảng minh hoạ lãi suất/phí."
663,3655,2026-08-05,Gọi lại theo yêu cầu KH,Callback requested,True,3,"KH bận, hẹn gọi lại vào cuối tuần."
664,3658,2026-08-18,SMS follow-up,No response,False,5,"Gọi 2 lần không liên lạc được, sẽ thử kênh email."
665,3668,2026-08-22,RM call,Converted,False,4,"KH đồng ý mở sản phẩm, đã hoàn tất hồ sơ."
666,3673,2026-07-22,Đặt lịch hẹn tại chi nhánh,Converted,False,4,"KH đồng ý mở sản phẩm, đã hoàn tất hồ sơ."
667,3685,2026-08-02,Gửi email tư vấn,Interested,True,3,"KH quan tâm, cần gửi thêm bảng minh hoạ lãi suất/phí."
668,3688,2026-08-22,SMS follow-up,Converted,True,5,"KH đồng ý mở sản phẩm, đã hoàn tất hồ sơ."
669,3691,2026-07-22,SMS follow-up,Interested,True,5,"KH quan tâm, cần gửi thêm bảng minh hoạ lãi suất/phí."
670,3695,2026-08-13,Gọi lại theo yêu cầu KH,No response,True,3,"Gọi 2 lần không liên lạc được, sẽ thử kênh email."
671,3700,2026-08-03,RM call,No response,False,1,"Gọi 2 lần không liên lạc được, sẽ thử kênh email."
672,3709,2026-08-07,Gửi email tư vấn,No response,False,5,"Gọi 2 lần không liên lạc được, sẽ thử kênh email."
673,3715,2026-08-14,Gọi lại theo yêu cầu KH,Converted,False,5,"KH đồng ý mở sản phẩm, đã hoàn tất hồ sơ."
674,3718,2026-08-26,RM call,Interested,True,5,"KH quan tâm, cần gửi thêm bảng minh hoạ lãi suất/phí."
675,3727,2026-07-19,Gửi email tư vấn,Callback requested,True,5,"KH bận, hẹn gọi lại vào cuối tuần."
676,3731,2026-08-17,SMS follow-up,Interested,True,2,"KH quan tâm, cần gửi thêm bảng minh hoạ lãi suất/phí."
677,3733,2026-08-26,RM call,Converted,True,5,"KH đồng ý mở sản phẩm, đã hoàn tất hồ sơ."
678,3742,2026-08-27,Đặt lịch hẹn tại chi nhánh,Converted,True,5,"KH đồng ý mở sản phẩm, đã hoàn tất hồ sơ."
679,3751,2026-08-19,RM call,Interested,True,4,"KH quan tâm, cần gửi thêm bảng minh hoạ lãi suất/phí."
680,3760,2026-08-07,Gửi email tư vấn,Interested,True,5,"KH quan tâm, cần gửi thêm bảng minh hoạ lãi suất/phí."
681,3766,2026-07-25,Đặt lịch hẹn tại chi nhánh,No response,False,3,"Gọi 2 lần không liên lạc được, sẽ thử kênh email."
682,3796,2026-08-18,Gọi lại theo yêu cầu KH,No response,False,3,"Gọi 2 lần không liên lạc được, sẽ thử kênh email."
683,3817,2026-07-25,SMS follow-up,Converted,False,5,"KH đồng ý mở sản phẩm, đã hoàn tất hồ sơ."
684,3824,2026-08-15,SMS follow-up,Callback requested,True,5,"KH bận, hẹn gọi lại vào cuối tuần."
685,3829,2026-08-22,RM call,Converted,False,5,"KH đồng ý mở sản phẩm, đã hoàn tất hồ sơ."
686,3832,2026-07-22,Đặt lịch hẹn tại chi nhánh,No response,False,4,"Gọi 2 lần không liên lạc được, sẽ thử kênh email."
687,3836,2026-08-25,Gọi lại theo yêu cầu KH,No response,False,3,"Gọi 2 lần không liên lạc được, sẽ thử kênh email."
688,3844,2026-08-18,Đặt lịch hẹn tại chi nhánh,Converted,False,5,"KH đồng ý mở sản phẩm, đã hoàn tất hồ sơ."
689,3850,2026-07-31,RM call,Converted,False,4,"KH đồng ý mở sản phẩm, đã hoàn tất hồ sơ."
690,3853,2026-07-26,Đặt lịch hẹn tại chi nhánh,Callback requested,True,3,"KH bận, hẹn gọi lại vào cuối tuần."
691,3859,2026-08-07,RM call,Converted,False,3,"KH đồng ý mở sản phẩm, đã hoàn tất hồ sơ."
692,3874,2026-08-19,SMS follow-up,Interested,True,1,"KH quan tâm, cần gửi thêm bảng minh hoạ lãi suất/phí."
693,3883,2026-08-24,RM call,Converted,False,5,"KH đồng ý mở sản phẩm, đã hoàn tất hồ sơ."
694,3899,2026-08-04,SMS follow-up,Interested,True,5,"KH quan tâm, cần gửi thêm bảng minh hoạ lãi suất/phí."
695,3901,2026-08-10,SMS follow-up,Converted,False,4,"KH đồng ý mở sản phẩm, đã hoàn tất hồ sơ."
696,3904,2026-08-18,Gọi lại theo yêu cầu KH,Callback requested,True,4,"KH bận, hẹn gọi lại vào cuối tuần."
697,3910,2026-08-08,Gửi email tư vấn,Converted,False,5,"KH đồng ý mở sản phẩm, đã hoàn tất hồ sơ."
698,3913,2026-07-31,Gửi email tư vấn,No response,False,3,"Gọi 2 lần không liên lạc được, sẽ thử kênh email."
699,3917,2026-08-23,Gửi email tư vấn,Converted,False,3,"KH đồng ý mở sản phẩm, đã hoàn tất hồ sơ."
700,3925,2026-08-05,Gửi email tư vấn,Converted,False,5,"KH đồng ý mở sản phẩm, đã hoàn tất hồ sơ."
701,3928,2026-08-12,RM call,Converted,False,2,"KH đồng ý mở sản phẩm, đã hoàn tất hồ sơ."
702,3934,2026-07-29,Gọi lại theo yêu cầu KH,Converted,False,4,"KH đồng ý mở sản phẩm, đã hoàn tất hồ sơ."
703,3940,2026-08-27,SMS follow-up,Converted,False,4,"KH đồng ý mở sản phẩm, đã hoàn tất hồ sơ."
704,3941,2026-08-05,Gọi lại theo yêu cầu KH,No response,False,4,"Gọi 2 lần không liên lạc được, sẽ thử kênh email."
705,3946,2026-08-10,Gọi lại theo yêu cầu KH,No response,False,1,"Gọi 2 lần không liên lạc được, sẽ thử kênh email."
706,3955,2026-07-31,Đặt lịch hẹn tại chi nhánh,Interested,True,1,"KH quan tâm, cần gửi thêm bảng minh hoạ lãi suất/phí."
707,3958,2026-08-18,Gọi lại theo yêu cầu KH,No response,False,3,"Gọi 2 lần không liên lạc được, sẽ thử kênh email."
708,3961,2026-08-14,RM call,Converted,False,4,"KH đồng ý mở sản phẩm, đã hoàn tất hồ sơ."
709,3970,2026-07-25,Gửi email tư vấn,No response,False,4,"Gọi 2 lần không liên lạc được, sẽ thử kênh email."
710,3973,2026-08-21,Gọi lại theo yêu cầu KH,Converted,False,5,"KH đồng ý mở sản phẩm, đã hoàn tất hồ sơ."
711,3976,2026-08-24,Đặt lịch hẹn tại chi nhánh,Interested,True,4,"KH quan tâm, cần gửi thêm bảng minh hoạ lãi suất/phí."
712,3977,2026-08-19,Gửi email tư vấn,Interested,True,1,"KH quan tâm, cần gửi thêm bảng minh hoạ lãi suất/phí."
713,3979,2026-07-26,RM call,Interested,True,5,"KH quan tâm, cần gửi thêm bảng minh hoạ lãi suất/phí."
714,3985,2026-07-24,SMS follow-up,Interested,True,5,"KH quan tâm, cần gửi thêm bảng minh hoạ lãi suất/phí."
715,3995,2026-08-23,SMS follow-up,No response,False,2,"Gọi 2 lần không liên lạc được, sẽ thử kênh email."
716,3997,2026-07-22,Đặt lịch hẹn tại chi nhánh,Converted,False,5,"KH đồng ý mở sản phẩm, đã hoàn tất hồ sơ."
717,4006,2026-08-23,SMS follow-up,No response,False,2,"Gọi 2 lần không liên lạc được, sẽ thử kênh email."
718,4042,2026-08-12,SMS follow-up,Callback requested,True,4,"KH bận, hẹn gọi lại vào cuối tuần."
719,4049,2026-08-12,RM call,Interested,True,2,"KH quan tâm, cần gửi thêm bảng minh hoạ lãi suất/phí."
720,4054,2026-08-24,RM call,No response,False,1,"Gọi 2 lần không liên lạc được, sẽ thử kênh email."
721,4057,2026-07-27,Đặt lịch hẹn tại chi nhánh,Converted,True,5,"KH đồng ý mở sản phẩm, đã hoàn tất hồ sơ."
722,4058,2026-08-12,SMS follow-up,Interested,True,5,"KH quan tâm, cần gửi thêm bảng minh hoạ lãi suất/phí."
723,4060,2026-08-03,SMS follow-up,Interested,True,5,"KH quan tâm, cần gửi thêm bảng minh hoạ lãi suất/phí."
724,4066,2026-08-05,SMS follow-up,No response,False,4,"Gọi 2 lần không liên lạc được, sẽ thử kênh email."
725,4075,2026-08-03,Đặt lịch hẹn tại chi nhánh,No response,False,1,"Gọi 2 lần không liên lạc được, sẽ thử kênh email."
726,4090,2026-08-09,Gửi email tư vấn,Callback requested,True,4,"KH bận, hẹn gọi lại vào cuối tuần."
727,4099,2026-07-20,Gửi email tư vấn,Converted,False,5,"KH đồng ý mở sản phẩm, đã hoàn tất hồ sơ."
728,4102,2026-08-09,RM call,Converted,False,5,"KH đồng ý mở sản phẩm, đã hoàn tất hồ sơ."
729,4106,2026-07-31,Gửi email tư vấn,Converted,False,4,"KH đồng ý mở sản phẩm, đã hoàn tất hồ sơ."
730,4108,2026-07-26,Đặt lịch hẹn tại chi nhánh,Interested,True,5,"KH quan tâm, cần gửi thêm bảng minh hoạ lãi suất/phí."
731,4111,2026-07-23,Gọi lại theo yêu cầu KH,Converted,False,5,"KH đồng ý mở sản phẩm, đã hoàn tất hồ sơ."
732,4126,2026-08-09,SMS follow-up,No response,False,5,"Gọi 2 lần không liên lạc được, sẽ thử kênh email."
733,4138,2026-08-13,Đặt lịch hẹn tại chi nhánh,Converted,False,5,"KH đồng ý mở sản phẩm, đã hoàn tất hồ sơ."
734,4153,2026-07-27,Đặt lịch hẹn tại chi nhánh,Interested,True,3,"KH quan tâm, cần gửi thêm bảng minh hoạ lãi suất/phí."
735,4156,2026-08-09,RM call,No response,True,3,"Gọi 2 lần không liên lạc được, sẽ thử kênh email."
736,4157,2026-07-29,Gửi email tư vấn,Interested,True,2,"KH quan tâm, cần gửi thêm bảng minh hoạ lãi suất/phí."
737,4159,2026-07-31,RM call,No response,False,1,"Gọi 2 lần không liên lạc được, sẽ thử kênh email."
738,4165,2026-07-29,Gửi email tư vấn,No response,False,2,"Gọi 2 lần không liên lạc được, sẽ thử kênh email."
739,4186,2026-08-12,Gửi email tư vấn,Converted,False,5,"KH đồng ý mở sản phẩm, đã hoàn tất hồ sơ."
740,4187,2026-08-22,RM call,Callback requested,True,4,"KH bận, hẹn gọi lại vào cuối tuần."
741,4189,2026-07-28,RM call,Interested,True,3,"KH quan tâm, cần gửi thêm bảng minh hoạ lãi suất/phí."
742,4190,2026-08-12,Gọi lại theo yêu cầu KH,Callback requested,True,2,"KH bận, hẹn gọi lại vào cuối tuần."
743,4198,2026-08-08,SMS follow-up,Interested,True,5,"KH quan tâm, cần gửi thêm bảng minh hoạ lãi suất/phí."
744,4201,2026-08-10,RM call,Converted,False,4,"KH đồng ý mở sản phẩm, đã hoàn tất hồ sơ."
745,4210,2026-08-02,RM call,Converted,False,5,"KH đồng ý mở sản phẩm, đã hoàn tất hồ sơ."
746,4213,2026-08-05,RM call,Callback requested,True,4,"KH bận, hẹn gọi lại vào cuối tuần."
747,4225,2026-08-26,Gửi email tư vấn,Converted,False,3,"KH đồng ý mở sản phẩm, đã hoàn tất hồ sơ."
748,4228,2026-07-24,Đặt lịch hẹn tại chi nhánh,Not interested,False,2,KH cho biết chưa có nhu cầu ở thời điểm hiện tại.
749,4231,2026-07-23,Đặt lịch hẹn tại chi nhánh,Converted,False,3,"KH đồng ý mở sản phẩm, đã hoàn tất hồ sơ."
750,4238,2026-08-08,Gửi email tư vấn,Callback requested,True,2,"KH bận, hẹn gọi lại vào cuối tuần."
751,4241,2026-08-03,Đặt lịch hẹn tại chi nhánh,Converted,True,3,"KH đồng ý mở sản phẩm, đã hoàn tất hồ sơ."
752,4246,2026-08-23,Đặt lịch hẹn tại chi nhánh,Callback requested,True,3,"KH bận, hẹn gọi lại vào cuối tuần."
753,4249,2026-08-21,SMS follow-up,Converted,False,3,"KH đồng ý mở sản phẩm, đã hoàn tất hồ sơ."
754,4258,2026-07-20,SMS follow-up,Interested,True,5,"KH quan tâm, cần gửi thêm bảng minh hoạ lãi suất/phí."
755,4264,2026-08-05,SMS follow-up,No response,False,3,"Gọi 2 lần không liên lạc được, sẽ thử kênh email."
756,4270,2026-08-11,SMS follow-up,Callback requested,True,5,"KH bận, hẹn gọi lại vào cuối tuần."
757,4276,2026-07-28,Gọi lại theo yêu cầu KH,Interested,True,4,"KH quan tâm, cần gửi thêm bảng minh hoạ lãi suất/phí."
758,4279,2026-08-18,RM call,Interested,True,5,"KH quan tâm, cần gửi thêm bảng minh hoạ lãi suất/phí."
759,4280,2026-08-22,Gọi lại theo yêu cầu KH,Converted,False,4,"KH đồng ý mở sản phẩm, đã hoàn tất hồ sơ."
760,4283,2026-08-12,Gửi email tư vấn,Callback requested,True,4,"KH bận, hẹn gọi lại vào cuối tuần."
761,4285,2026-08-11,RM call,Converted,False,3,"KH đồng ý mở sản phẩm, đã hoàn tất hồ sơ."
762,4286,2026-07-27,SMS follow-up,Converted,False,3,"KH đồng ý mở sản phẩm, đã hoàn tất hồ sơ."
763,4291,2026-07-23,Đặt lịch hẹn tại chi nhánh,Callback requested,True,4,"KH bận, hẹn gọi lại vào cuối tuần."
764,4294,2026-08-01,Gửi email tư vấn,Converted,False,5,"KH đồng ý mở sản phẩm, đã hoàn tất hồ sơ."
765,4315,2026-07-30,Gửi email tư vấn,No response,False,2,"Gọi 2 lần không liên lạc được, sẽ thử kênh email."
766,4321,2026-08-09,RM call,Converted,True,5,"KH đồng ý mở sản phẩm, đã hoàn tất hồ sơ."
767,4324,2026-07-20,Gọi lại theo yêu cầu KH,Callback requested,True,3,"KH bận, hẹn gọi lại vào cuối tuần."
768,4330,2026-08-02,Gọi lại theo yêu cầu KH,Interested,True,3,"KH quan tâm, cần gửi thêm bảng minh hoạ lãi suất/phí."
769,4333,2026-08-25,RM call,Callback requested,True,4,"KH bận, hẹn gọi lại vào cuối tuần."
770,4339,2026-07-22,Gọi lại theo yêu cầu KH,No response,False,2,"Gọi 2 lần không liên lạc được, sẽ thử kênh email."
771,4345,2026-08-03,Gửi email tư vấn,Callback requested,True,3,"KH bận, hẹn gọi lại vào cuối tuần."
772,4351,2026-08-07,Gửi email tư vấn,Interested,True,3,"KH quan tâm, cần gửi thêm bảng minh hoạ lãi suất/phí."
773,4358,2026-08-01,SMS follow-up,No response,True,5,"Gọi 2 lần không liên lạc được, sẽ thử kênh email."
774,4360,2026-08-24,Gọi lại theo yêu cầu KH,No response,True,4,"Gọi 2 lần không liên lạc được, sẽ thử kênh email."
775,4363,2026-07-20,RM call,No response,False,4,"Gọi 2 lần không liên lạc được, sẽ thử kênh email."
776,4364,2026-07-31,SMS follow-up,Callback requested,True,5,"KH bận, hẹn gọi lại vào cuối tuần."
777,4366,2026-07-31,Gọi lại theo yêu cầu KH,Callback requested,True,3,"KH bận, hẹn gọi lại vào cuối tuần."
778,4369,2026-07-29,Đặt lịch hẹn tại chi nhánh,Interested,True,5,"KH quan tâm, cần gửi thêm bảng minh hoạ lãi suất/phí."
779,4370,2026-08-11,Gọi lại theo yêu cầu KH,Converted,False,5,"KH đồng ý mở sản phẩm, đã hoàn tất hồ sơ."
780,4372,2026-08-01,Gọi lại theo yêu cầu KH,Interested,True,5,"KH quan tâm, cần gửi thêm bảng minh hoạ lãi suất/phí."
781,4375,2026-08-19,Gọi lại theo yêu cầu KH,Converted,False,2,"KH đồng ý mở sản phẩm, đã hoàn tất hồ sơ."
782,4378,2026-07-22,RM call,Converted,False,5,"KH đồng ý mở sản phẩm, đã hoàn tất hồ sơ."
783,4381,2026-08-20,RM call,Interested,True,4,"KH quan tâm, cần gửi thêm bảng minh hoạ lãi suất/phí."
784,4382,2026-07-19,Gửi email tư vấn,Interested,True,3,"KH quan tâm, cần gửi thêm bảng minh hoạ lãi suất/phí."
785,4388,2026-08-08,SMS follow-up,No response,False,4,"Gọi 2 lần không liên lạc được, sẽ thử kênh email."
786,4391,2026-08-10,Đặt lịch hẹn tại chi nhánh,Converted,True,5,"KH đồng ý mở sản phẩm, đã hoàn tất hồ sơ."
787,4393,2026-08-24,RM call,Interested,True,2,"KH quan tâm, cần gửi thêm bảng minh hoạ lãi suất/phí."
788,4399,2026-08-11,RM call,Converted,False,5,"KH đồng ý mở sản phẩm, đã hoàn tất hồ sơ."
789,4429,2026-07-22,Gửi email tư vấn,Callback requested,True,3,"KH bận, hẹn gọi lại vào cuối tuần."
790,4432,2026-08-04,Gọi lại theo yêu cầu KH,Interested,True,3,"KH quan tâm, cần gửi thêm bảng minh hoạ lãi suất/phí."
791,4435,2026-08-12,Gọi lại theo yêu cầu KH,No response,False,4,"Gọi 2 lần không liên lạc được, sẽ thử kênh email."
792,4447,2026-08-15,RM call,Callback requested,True,3,"KH bận, hẹn gọi lại vào cuối tuần."
793,4453,2026-07-29,RM call,No response,False,4,"Gọi 2 lần không liên lạc được, sẽ thử kênh email."
794,4456,2026-07-21,Đặt lịch hẹn tại chi nhánh,No response,True,4,"Gọi 2 lần không liên lạc được, sẽ thử kênh email."
795,4465,2026-08-27,RM call,Interested,True,2,"KH quan tâm, cần gửi thêm bảng minh hoạ lãi suất/phí."
796,4466,2026-08-11,Gửi email tư vấn,No response,False,2,"Gọi 2 lần không liên lạc được, sẽ thử kênh email."
797,4480,2026-07-20,Gửi email tư vấn,Interested,True,4,"KH quan tâm, cần gửi thêm bảng minh hoạ lãi suất/phí."
798,4492,2026-08-19,Gọi lại theo yêu cầu KH,No response,False,3,"Gọi 2 lần không liên lạc được, sẽ thử kênh email."
799,4495,2026-08-02,RM call,Callback requested,True,5,"KH bận, hẹn gọi lại vào cuối tuần."
800,4501,2026-07-29,Đặt lịch hẹn tại chi nhánh,Converted,True,1,"KH đồng ý mở sản phẩm, đã hoàn tất hồ sơ."
801,4507,2026-08-25,SMS follow-up,Interested,True,4,"KH quan tâm, cần gửi thêm bảng minh hoạ lãi suất/phí."
802,4510,2026-08-16,Gọi lại theo yêu cầu KH,Callback requested,True,5,"KH bận, hẹn gọi lại vào cuối tuần."
803,4513,2026-08-22,Đặt lịch hẹn tại chi nhánh,Interested,True,3,"KH quan tâm, cần gửi thêm bảng minh hoạ lãi suất/phí."
804,4516,2026-07-20,RM call,Interested,True,3,"KH quan tâm, cần gửi thêm bảng minh hoạ lãi suất/phí."
805,4517,2026-08-15,Gọi lại theo yêu cầu KH,Interested,True,3,"KH quan tâm, cần gửi thêm bảng minh hoạ lãi suất/phí."
806,4525,2026-07-31,SMS follow-up,Converted,False,4,"KH đồng ý mở sản phẩm, đã hoàn tất hồ sơ."
807,4537,2026-08-24,Gọi lại theo yêu cầu KH,Callback requested,True,3,"KH bận, hẹn gọi lại vào cuối tuần."
808,4538,2026-07-31,Đặt lịch hẹn tại chi nhánh,Converted,False,3,"KH đồng ý mở sản phẩm, đã hoàn tất hồ sơ."
809,4540,2026-08-10,SMS follow-up,No response,False,1,"Gọi 2 lần không liên lạc được, sẽ thử kênh email."
810,4546,2026-08-13,SMS follow-up,Converted,True,4,"KH đồng ý mở sản phẩm, đã hoàn tất hồ sơ."
811,4555,2026-08-16,SMS follow-up,Converted,False,5,"KH đồng ý mở sản phẩm, đã hoàn tất hồ sơ."
812,4556,2026-07-31,Gọi lại theo yêu cầu KH,Interested,True,4,"KH quan tâm, cần gửi thêm bảng minh hoạ lãi suất/phí."
813,4559,2026-07-29,Đặt lịch hẹn tại chi nhánh,Interested,True,4,"KH quan tâm, cần gửi thêm bảng minh hoạ lãi suất/phí."
814,4561,2026-08-01,SMS follow-up,Converted,False,5,"KH đồng ý mở sản phẩm, đã hoàn tất hồ sơ."
815,4562,2026-08-03,Gửi email tư vấn,Converted,True,5,"KH đồng ý mở sản phẩm, đã hoàn tất hồ sơ."
816,4564,2026-08-16,RM call,No response,False,3,"Gọi 2 lần không liên lạc được, sẽ thử kênh email."
817,4576,2026-07-26,RM call,Interested,True,5,"KH quan tâm, cần gửi thêm bảng minh hoạ lãi suất/phí."
818,4579,2026-07-21,RM call,Converted,False,5,"KH đồng ý mở sản phẩm, đã hoàn tất hồ sơ."
819,4582,2026-08-14,Gọi lại theo yêu cầu KH,No response,False,4,"Gọi 2 lần không liên lạc được, sẽ thử kênh email."
820,4586,2026-08-10,RM call,Converted,False,4,"KH đồng ý mở sản phẩm, đã hoàn tất hồ sơ."
821,4588,2026-08-05,Gửi email tư vấn,Interested,True,5,"KH quan tâm, cần gửi thêm bảng minh hoạ lãi suất/phí."
822,4595,2026-07-31,Đặt lịch hẹn tại chi nhánh,Converted,False,4,"KH đồng ý mở sản phẩm, đã hoàn tất hồ sơ."
823,4597,2026-08-19,SMS follow-up,Interested,True,3,"KH quan tâm, cần gửi thêm bảng minh hoạ lãi suất/phí."
824,4600,2026-08-27,Gọi lại theo yêu cầu KH,Not interested,True,2,KH cho biết chưa có nhu cầu ở thời điểm hiện tại.
825,4607,2026-07-25,RM call,Converted,True,2,"KH đồng ý mở sản phẩm, đã hoàn tất hồ sơ."
826,4618,2026-07-19,SMS follow-up,Converted,False,5,"KH đồng ý mở sản phẩm, đã hoàn tất hồ sơ."
827,4621,2026-08-26,Gửi email tư vấn,Converted,False,2,"KH đồng ý mở sản phẩm, đã hoàn tất hồ sơ."
828,4627,2026-08-22,RM call,Callback requested,True,5,"KH bận, hẹn gọi lại vào cuối tuần."
829,4631,2026-07-21,SMS follow-up,No response,False,5,"Gọi 2 lần không liên lạc được, sẽ thử kênh email."
830,4633,2026-08-13,SMS follow-up,Converted,False,5,"KH đồng ý mở sản phẩm, đã hoàn tất hồ sơ."
831,4645,2026-08-19,Gọi lại theo yêu cầu KH,No response,True,3,"Gọi 2 lần không liên lạc được, sẽ thử kênh email."
832,4648,2026-08-16,Gọi lại theo yêu cầu KH,Interested,True,5,"KH quan tâm, cần gửi thêm bảng minh hoạ lãi suất/phí."
833,4657,2026-08-02,SMS follow-up,Converted,False,4,"KH đồng ý mở sản phẩm, đã hoàn tất hồ sơ."
834,4666,2026-08-17,Đặt lịch hẹn tại chi nhánh,No response,False,3,"Gọi 2 lần không liên lạc được, sẽ thử kênh email."
835,4672,2026-08-08,SMS follow-up,Interested,True,3,"KH quan tâm, cần gửi thêm bảng minh hoạ lãi suất/phí."
836,4679,2026-08-01,RM call,Converted,False,2,"KH đồng ý mở sản phẩm, đã hoàn tất hồ sơ."
837,4693,2026-08-13,Gửi email tư vấn,No response,False,2,"Gọi 2 lần không liên lạc được, sẽ thử kênh email."
838,4699,2026-08-10,RM call,Converted,True,4,"KH đồng ý mở sản phẩm, đã hoàn tất hồ sơ."
839,4702,2026-07-27,Gửi email tư vấn,Interested,True,5,"KH quan tâm, cần gửi thêm bảng minh hoạ lãi suất/phí."
840,4709,2026-08-08,Đặt lịch hẹn tại chi nhánh,No response,False,2,"Gọi 2 lần không liên lạc được, sẽ thử kênh email."
841,4717,2026-07-27,Đặt lịch hẹn tại chi nhánh,Interested,True,4,"KH quan tâm, cần gửi thêm bảng minh hoạ lãi suất/phí."
842,4720,2026-07-21,SMS follow-up,Callback requested,True,2,"KH bận, hẹn gọi lại vào cuối tuần."
843,4723,2026-07-28,Gọi lại theo yêu cầu KH,Converted,True,4,"KH đồng ý mở sản phẩm, đã hoàn tất hồ sơ."
844,4729,2026-07-22,Đặt lịch hẹn tại chi nhánh,Converted,False,3,"KH đồng ý mở sản phẩm, đã hoàn tất hồ sơ."
845,4730,2026-08-15,SMS follow-up,Callback requested,True,2,"KH bận, hẹn gọi lại vào cuối tuần."
846,4735,2026-08-19,Gửi email tư vấn,Interested,True,3,"KH quan tâm, cần gửi thêm bảng minh hoạ lãi suất/phí."
847,4736,2026-07-25,Đặt lịch hẹn tại chi nhánh,Converted,False,5,"KH đồng ý mở sản phẩm, đã hoàn tất hồ sơ."
848,4747,2026-07-25,RM call,Interested,True,4,"KH quan tâm, cần gửi thêm bảng minh hoạ lãi suất/phí."
849,4759,2026-08-14,Đặt lịch hẹn tại chi nhánh,Converted,False,5,"KH đồng ý mở sản phẩm, đã hoàn tất hồ sơ."
850,4768,2026-08-15,SMS follow-up,Interested,True,5,"KH quan tâm, cần gửi thêm bảng minh hoạ lãi suất/phí."
851,4780,2026-08-16,SMS follow-up,Callback requested,True,5,"KH bận, hẹn gọi lại vào cuối tuần."
852,4789,2026-08-11,Gửi email tư vấn,Converted,False,4,"KH đồng ý mở sản phẩm, đã hoàn tất hồ sơ."
853,4798,2026-07-25,Gọi lại theo yêu cầu KH,Callback requested,True,5,"KH bận, hẹn gọi lại vào cuối tuần."
854,4804,2026-08-06,SMS follow-up,Callback requested,True,5,"KH bận, hẹn gọi lại vào cuối tuần."
855,4805,2026-08-04,Đặt lịch hẹn tại chi nhánh,Converted,False,5,"KH đồng ý mở sản phẩm, đã hoàn tất hồ sơ."
856,4816,2026-08-07,SMS follow-up,Converted,False,4,"KH đồng ý mở sản phẩm, đã hoàn tất hồ sơ."
857,4822,2026-08-10,Gửi email tư vấn,Interested,True,5,"KH quan tâm, cần gửi thêm bảng minh hoạ lãi suất/phí."
858,4834,2026-08-20,RM call,Callback requested,True,4,"KH bận, hẹn gọi lại vào cuối tuần."
859,4837,2026-07-20,RM call,Converted,False,4,"KH đồng ý mở sản phẩm, đã hoàn tất hồ sơ."
860,4840,2026-07-25,Đặt lịch hẹn tại chi nhánh,Converted,False,5,"KH đồng ý mở sản phẩm, đã hoàn tất hồ sơ."
861,4843,2026-08-19,SMS follow-up,Converted,False,3,"KH đồng ý mở sản phẩm, đã hoàn tất hồ sơ."
862,4846,2026-08-24,RM call,Converted,False,4,"KH đồng ý mở sản phẩm, đã hoàn tất hồ sơ."
863,4852,2026-08-16,Gửi email tư vấn,Interested,True,5,"KH quan tâm, cần gửi thêm bảng minh hoạ lãi suất/phí."
864,4855,2026-08-13,Đặt lịch hẹn tại chi nhánh,Converted,False,3,"KH đồng ý mở sản phẩm, đã hoàn tất hồ sơ."
865,4862,2026-08-25,SMS follow-up,No response,False,4,"Gọi 2 lần không liên lạc được, sẽ thử kênh email."
866,4864,2026-08-10,SMS follow-up,Interested,True,2,"KH quan tâm, cần gửi thêm bảng minh hoạ lãi suất/phí."
867,4865,2026-08-27,Gửi email tư vấn,Converted,False,1,"KH đồng ý mở sản phẩm, đã hoàn tất hồ sơ."
868,4870,2026-07-24,SMS follow-up,Interested,True,5,"KH quan tâm, cần gửi thêm bảng minh hoạ lãi suất/phí."
869,4882,2026-07-27,Đặt lịch hẹn tại chi nhánh,Interested,True,4,"KH quan tâm, cần gửi thêm bảng minh hoạ lãi suất/phí."
870,4885,2026-08-23,RM call,Converted,False,5,"KH đồng ý mở sản phẩm, đã hoàn tất hồ sơ."
871,4891,2026-07-31,Đặt lịch hẹn tại chi nhánh,Converted,False,5,"KH đồng ý mở sản phẩm, đã hoàn tất hồ sơ."
872,4892,2026-07-19,RM call,No response,False,1,"Gọi 2 lần không liên lạc được, sẽ thử kênh email."
873,4894,2026-07-30,Gọi lại theo yêu cầu KH,Interested,True,2,"KH quan tâm, cần gửi thêm bảng minh hoạ lãi suất/phí."
874,4897,2026-07-28,SMS follow-up,Interested,True,1,"KH quan tâm, cần gửi thêm bảng minh hoạ lãi suất/phí."
875,4906,2026-07-21,RM call,Converted,False,5,"KH đồng ý mở sản phẩm, đã hoàn tất hồ sơ."
876,4918,2026-08-19,RM call,Converted,False,2,"KH đồng ý mở sản phẩm, đã hoàn tất hồ sơ."
877,4919,2026-08-06,Gửi email tư vấn,Callback requested,True,1,"KH bận, hẹn gọi lại vào cuối tuần."
878,4924,2026-08-18,SMS follow-up,Converted,False,4,"KH đồng ý mở sản phẩm, đã hoàn tất hồ sơ."
879,4930,2026-08-27,Gửi email tư vấn,Converted,True,5,"KH đồng ý mở sản phẩm, đã hoàn tất hồ sơ."
880,4933,2026-07-22,Gọi lại theo yêu cầu KH,Interested,True,5,"KH quan tâm, cần gửi thêm bảng minh hoạ lãi suất/phí."
881,4942,2026-07-20,Gửi email tư vấn,Converted,False,2,"KH đồng ý mở sản phẩm, đã hoàn tất hồ sơ."
882,4948,2026-08-13,RM call,Callback requested,True,3,"KH bận, hẹn gọi lại vào cuối tuần."
883,4958,2026-08-06,RM call,Callback requested,True,4,"KH bận, hẹn gọi lại vào cuối tuần."
884,4963,2026-07-21,SMS follow-up,Converted,True,3,"KH đồng ý mở sản phẩm, đã hoàn tất hồ sơ."
885,4972,2026-08-13,Gửi email tư vấn,Interested,True,3,"KH quan tâm, cần gửi thêm bảng minh hoạ lãi suất/phí."
886,4981,2026-08-15,SMS follow-up,Converted,False,5,"KH đồng ý mở sản phẩm, đã hoàn tất hồ sơ."
887,4984,2026-07-20,RM call,No response,False,5,"Gọi 2 lần không liên lạc được, sẽ thử kênh email."
888,4987,2026-08-16,RM call,Callback requested,True,3,"KH bận, hẹn gọi lại vào cuối tuần."
889,4988,2026-07-24,Gửi email tư vấn,Converted,True,2,"KH đồng ý mở sản phẩm, đã hoàn tất hồ sơ."
890,4996,2026-07-20,SMS follow-up,Interested,True,3,"KH quan tâm, cần gửi thêm bảng minh hoạ lãi suất/phí."
891,4999,2026-08-04,RM call,Interested,True,3,"KH quan tâm, cần gửi thêm bảng minh hoạ lãi suất/phí."
892,5002,2026-08-23,Đặt lịch hẹn tại chi nhánh,No response,False,5,"Gọi 2 lần không liên lạc được, sẽ thử kênh email."
893,5003,2026-08-05,SMS follow-up,Converted,True,5,"KH đồng ý mở sản phẩm, đã hoàn tất hồ sơ."
894,5006,2026-07-26,RM call,Callback requested,True,3,"KH bận, hẹn gọi lại vào cuối tuần."
895,5014,2026-08-19,Đặt lịch hẹn tại chi nhánh,Callback requested,True,4,"KH bận, hẹn gọi lại vào cuối tuần."
896,5017,2026-07-29,SMS follow-up,Converted,True,2,"KH đồng ý mở sản phẩm, đã hoàn tất hồ sơ."
897,5023,2026-07-31,Gọi lại theo yêu cầu KH,Converted,False,3,"KH đồng ý mở sản phẩm, đã hoàn tất hồ sơ."
898,5026,2026-08-18,Gọi lại theo yêu cầu KH,No response,False,4,"Gọi 2 lần không liên lạc được, sẽ thử kênh email."
899,5044,2026-08-27,SMS follow-up,Converted,False,3,"KH đồng ý mở sản phẩm, đã hoàn tất hồ sơ."
900,5051,2026-08-09,Đặt lịch hẹn tại chi nhánh,Interested,True,5,"KH quan tâm, cần gửi thêm bảng minh hoạ lãi suất/phí."
901,5053,2026-08-26,Gửi email tư vấn,Converted,True,5,"KH đồng ý mở sản phẩm, đã hoàn tất hồ sơ."
902,5056,2026-08-23,Gửi email tư vấn,Converted,False,5,"KH đồng ý mở sản phẩm, đã hoàn tất hồ sơ."
903,5057,2026-08-19,RM call,Converted,False,5,"KH đồng ý mở sản phẩm, đã hoàn tất hồ sơ."
904,5059,2026-08-23,Gửi email tư vấn,Converted,False,5,"KH đồng ý mở sản phẩm, đã hoàn tất hồ sơ."
905,5060,2026-08-10,Gửi email tư vấn,Interested,True,3,"KH quan tâm, cần gửi thêm bảng minh hoạ lãi suất/phí."
906,5065,2026-08-27,SMS follow-up,Interested,True,2,"KH quan tâm, cần gửi thêm bảng minh hoạ lãi suất/phí."
907,5068,2026-08-06,SMS follow-up,Converted,False,5,"KH đồng ý mở sản phẩm, đã hoàn tất hồ sơ."
908,5071,2026-07-29,RM call,Interested,True,4,"KH quan tâm, cần gửi thêm bảng minh hoạ lãi suất/phí."
909,5089,2026-08-23,Gửi email tư vấn,Interested,True,5,"KH quan tâm, cần gửi thêm bảng minh hoạ lãi suất/phí."
910,5095,2026-07-26,SMS follow-up,Converted,False,3,"KH đồng ý mở sản phẩm, đã hoàn tất hồ sơ."
911,5104,2026-07-28,Đặt lịch hẹn tại chi nhánh,Converted,False,3,"KH đồng ý mở sản phẩm, đã hoàn tất hồ sơ."
912,5117,2026-08-25,Gọi lại theo yêu cầu KH,Interested,True,2,"KH quan tâm, cần gửi thêm bảng minh hoạ lãi suất/phí."
913,5122,2026-08-14,RM call,Converted,True,5,"KH đồng ý mở sản phẩm, đã hoàn tất hồ sơ."
914,5125,2026-07-20,SMS follow-up,Callback requested,True,3,"KH bận, hẹn gọi lại vào cuối tuần."
915,5137,2026-08-16,Gọi lại theo yêu cầu KH,No response,False,3,"Gọi 2 lần không liên lạc được, sẽ thử kênh email."
916,5140,2026-08-10,Gọi lại theo yêu cầu KH,Callback requested,True,5,"KH bận, hẹn gọi lại vào cuối tuần."
917,5146,2026-08-20,Gọi lại theo yêu cầu KH,No response,True,2,"Gọi 2 lần không liên lạc được, sẽ thử kênh email."
918,5152,2026-07-23,RM call,Converted,False,4,"KH đồng ý mở sản phẩm, đã hoàn tất hồ sơ."
919,5156,2026-07-29,Đặt lịch hẹn tại chi nhánh,Callback requested,True,2,"KH bận, hẹn gọi lại vào cuối tuần."
920,5161,2026-08-24,RM call,Callback requested,True,3,"KH bận, hẹn gọi lại vào cuối tuần."
921,5170,2026-07-20,Gọi lại theo yêu cầu KH,Converted,False,5,"KH đồng ý mở sản phẩm, đã hoàn tất hồ sơ."
922,5177,2026-08-13,Đặt lịch hẹn tại chi nhánh,Converted,False,5,"KH đồng ý mở sản phẩm, đã hoàn tất hồ sơ."
923,5179,2026-08-24,RM call,Converted,True,4,"KH đồng ý mở sản phẩm, đã hoàn tất hồ sơ."
924,5183,2026-07-22,Gửi email tư vấn,Converted,False,2,"KH đồng ý mở sản phẩm, đã hoàn tất hồ sơ."
925,5189,2026-08-12,Gọi lại theo yêu cầu KH,Interested,True,5,"KH quan tâm, cần gửi thêm bảng minh hoạ lãi suất/phí."
926,5191,2026-08-14,SMS follow-up,Not interested,False,2,KH cho biết chưa có nhu cầu ở thời điểm hiện tại.
927,5204,2026-08-26,RM call,Interested,True,3,"KH quan tâm, cần gửi thêm bảng minh hoạ lãi suất/phí."
928,5210,2026-08-10,Gọi lại theo yêu cầu KH,No response,True,2,"Gọi 2 lần không liên lạc được, sẽ thử kênh email."
929,5212,2026-08-15,SMS follow-up,Callback requested,True,4,"KH bận, hẹn gọi lại vào cuối tuần."
930,5218,2026-07-27,SMS follow-up,Callback requested,True,3,"KH bận, hẹn gọi lại vào cuối tuần."
931,5221,2026-08-11,RM call,Converted,False,5,"KH đồng ý mở sản phẩm, đã hoàn tất hồ sơ."
932,5230,2026-08-08,SMS follow-up,Interested,True,3,"KH quan tâm, cần gửi thêm bảng minh hoạ lãi suất/phí."
933,5231,2026-08-09,RM call,Callback requested,True,4,"KH bận, hẹn gọi lại vào cuối tuần."
934,5234,2026-07-25,RM call,Interested,True,1,"KH quan tâm, cần gửi thêm bảng minh hoạ lãi suất/phí."
935,5236,2026-08-11,Đặt lịch hẹn tại chi nhánh,Callback requested,True,3,"KH bận, hẹn gọi lại vào cuối tuần."
936,5239,2026-07-20,Gửi email tư vấn,Converted,False,2,"KH đồng ý mở sản phẩm, đã hoàn tất hồ sơ."
937,5242,2026-08-18,RM call,Converted,False,4,"KH đồng ý mở sản phẩm, đã hoàn tất hồ sơ."
938,5245,2026-08-21,RM call,Converted,True,5,"KH đồng ý mở sản phẩm, đã hoàn tất hồ sơ."
939,5254,2026-08-17,RM call,Converted,False,5,"KH đồng ý mở sản phẩm, đã hoàn tất hồ sơ."
940,5257,2026-08-21,Gọi lại theo yêu cầu KH,Callback requested,True,3,"KH bận, hẹn gọi lại vào cuối tuần."
941,5261,2026-08-12,SMS follow-up,No response,True,2,"Gọi 2 lần không liên lạc được, sẽ thử kênh email."
942,5269,2026-08-06,Đặt lịch hẹn tại chi nhánh,Callback requested,True,5,"KH bận, hẹn gọi lại vào cuối tuần."
943,5272,2026-08-24,RM call,Converted,True,5,"KH đồng ý mở sản phẩm, đã hoàn tất hồ sơ."
944,5275,2026-08-10,SMS follow-up,Callback requested,True,4,"KH bận, hẹn gọi lại vào cuối tuần."
945,5278,2026-08-15,Đặt lịch hẹn tại chi nhánh,Interested,True,3,"KH quan tâm, cần gửi thêm bảng minh hoạ lãi suất/phí."
946,5281,2026-07-29,RM call,Converted,False,4,"KH đồng ý mở sản phẩm, đã hoàn tất hồ sơ."
947,5284,2026-08-05,SMS follow-up,Callback requested,True,5,"KH bận, hẹn gọi lại vào cuối tuần."
948,5285,2026-08-21,Đặt lịch hẹn tại chi nhánh,Converted,False,4,"KH đồng ý mở sản phẩm, đã hoàn tất hồ sơ."
949,5291,2026-08-15,RM call,No response,False,4,"Gọi 2 lần không liên lạc được, sẽ thử kênh email."
950,5294,2026-08-14,Đặt lịch hẹn tại chi nhánh,Converted,False,3,"KH đồng ý mở sản phẩm, đã hoàn tất hồ sơ."
951,5299,2026-08-16,Gọi lại theo yêu cầu KH,Converted,False,4,"KH đồng ý mở sản phẩm, đã hoàn tất hồ sơ."
952,5305,2026-08-07,Gọi lại theo yêu cầu KH,Callback requested,True,3,"KH bận, hẹn gọi lại vào cuối tuần."
953,5308,2026-08-16,Gửi email tư vấn,Interested,True,4,"KH quan tâm, cần gửi thêm bảng minh hoạ lãi suất/phí."
954,5317,2026-08-23,Đặt lịch hẹn tại chi nhánh,Converted,False,4,"KH đồng ý mở sản phẩm, đã hoàn tất hồ sơ."
955,5320,2026-08-09,Gọi lại theo yêu cầu KH,Callback requested,True,3,"KH bận, hẹn gọi lại vào cuối tuần."
956,5332,2026-07-25,Đặt lịch hẹn tại chi nhánh,Converted,False,3,"KH đồng ý mở sản phẩm, đã hoàn tất hồ sơ."
957,5336,2026-07-29,Gửi email tư vấn,Interested,True,5,"KH quan tâm, cần gửi thêm bảng minh hoạ lãi suất/phí."
958,5344,2026-08-13,Đặt lịch hẹn tại chi nhánh,Callback requested,True,3,"KH bận, hẹn gọi lại vào cuối tuần."
959,5345,2026-08-22,Gọi lại theo yêu cầu KH,Callback requested,True,4,"KH bận, hẹn gọi lại vào cuối tuần."
960,5356,2026-08-02,Gửi email tư vấn,No response,False,2,"Gọi 2 lần không liên lạc được, sẽ thử kênh email."
961,5359,2026-08-14,Gọi lại theo yêu cầu KH,Callback requested,True,5,"KH bận, hẹn gọi lại vào cuối tuần."
962,5374,2026-08-07,SMS follow-up,Converted,False,4,"KH đồng ý mở sản phẩm, đã hoàn tất hồ sơ."
963,5380,2026-07-24,Đặt lịch hẹn tại chi nhánh,Callback requested,True,1,"KH bận, hẹn gọi lại vào cuối tuần."
964,5384,2026-07-20,RM call,No response,False,1,"Gọi 2 lần không liên lạc được, sẽ thử kênh email."
965,5389,2026-07-29,SMS follow-up,Callback requested,True,5,"KH bận, hẹn gọi lại vào cuối tuần."
966,5393,2026-08-13,Đặt lịch hẹn tại chi nhánh,Converted,False,4,"KH đồng ý mở sản phẩm, đã hoàn tất hồ sơ."
967,5395,2026-08-06,SMS follow-up,Interested,True,5,"KH quan tâm, cần gửi thêm bảng minh hoạ lãi suất/phí."
968,5398,2026-08-16,Gọi lại theo yêu cầu KH,No response,True,3,"Gọi 2 lần không liên lạc được, sẽ thử kênh email."
969,5410,2026-07-31,SMS follow-up,Interested,True,3,"KH quan tâm, cần gửi thêm bảng minh hoạ lãi suất/phí."
970,5416,2026-08-12,Đặt lịch hẹn tại chi nhánh,Callback requested,True,2,"KH bận, hẹn gọi lại vào cuối tuần."
971,5419,2026-08-27,RM call,Interested,True,4,"KH quan tâm, cần gửi thêm bảng minh hoạ lãi suất/phí."
972,5425,2026-07-30,SMS follow-up,Interested,True,5,"KH quan tâm, cần gửi thêm bảng minh hoạ lãi suất/phí."
973,5431,2026-07-22,Gửi email tư vấn,Interested,True,5,"KH quan tâm, cần gửi thêm bảng minh hoạ lãi suất/phí."
974,5437,2026-08-11,Gửi email tư vấn,Interested,True,1,"KH quan tâm, cần gửi thêm bảng minh hoạ lãi suất/phí."
975,5443,2026-08-24,Gọi lại theo yêu cầu KH,No response,True,4,"Gọi 2 lần không liên lạc được, sẽ thử kênh email."
976,5447,2026-08-18,Gọi lại theo yêu cầu KH,Callback requested,True,3,"KH bận, hẹn gọi lại vào cuối tuần."
977,5449,2026-08-05,RM call,Callback requested,True,3,"KH bận, hẹn gọi lại vào cuối tuần."
978,5455,2026-07-26,Gửi email tư vấn,Converted,False,4,"KH đồng ý mở sản phẩm, đã hoàn tất hồ sơ."
979,5458,2026-07-21,RM call,Interested,True,5,"KH quan tâm, cần gửi thêm bảng minh hoạ lãi suất/phí."
980,5459,2026-07-25,Gọi lại theo yêu cầu KH,Converted,False,4,"KH đồng ý mở sản phẩm, đã hoàn tất hồ sơ."
981,5462,2026-08-01,Gọi lại theo yêu cầu KH,Callback requested,True,3,"KH bận, hẹn gọi lại vào cuối tuần."
982,5470,2026-08-23,Gọi lại theo yêu cầu KH,No response,False,4,"Gọi 2 lần không liên lạc được, sẽ thử kênh email."
983,5471,2026-08-06,RM call,Converted,False,1,"KH đồng ý mở sản phẩm, đã hoàn tất hồ sơ."
984,5477,2026-08-20,Đặt lịch hẹn tại chi nhánh,Converted,False,5,"KH đồng ý mở sản phẩm, đã hoàn tất hồ sơ."
985,5479,2026-07-29,RM call,Converted,False,3,"KH đồng ý mở sản phẩm, đã hoàn tất hồ sơ."
986,5480,2026-08-13,Đặt lịch hẹn tại chi nhánh,No response,True,2,"Gọi 2 lần không liên lạc được, sẽ thử kênh email."
987,5488,2026-08-22,SMS follow-up,Converted,True,3,"KH đồng ý mở sản phẩm, đã hoàn tất hồ sơ."
988,5500,2026-08-23,Gửi email tư vấn,Callback requested,True,5,"KH bận, hẹn gọi lại vào cuối tuần."
989,5503,2026-07-29,Đặt lịch hẹn tại chi nhánh,Converted,False,4,"KH đồng ý mở sản phẩm, đã hoàn tất hồ sơ."
990,5509,2026-08-06,SMS follow-up,No response,False,3,"Gọi 2 lần không liên lạc được, sẽ thử kênh email."
991,5519,2026-08-26,SMS follow-up,Not interested,False,1,KH cho biết chưa có nhu cầu ở thời điểm hiện tại.
992,5521,2026-07-31,Gọi lại theo yêu cầu KH,Callback requested,True,3,"KH bận, hẹn gọi lại vào cuối tuần."
993,5533,2026-08-23,Gửi email tư vấn,Callback requested,True,5,"KH bận, hẹn gọi lại vào cuối tuần."
994,5536,2026-07-19,Gọi lại theo yêu cầu KH,Converted,False,4,"KH đồng ý mở sản phẩm, đã hoàn tất hồ sơ."
995,5539,2026-08-11,Gửi email tư vấn,Interested,True,5,"KH quan tâm, cần gửi thêm bảng minh hoạ lãi suất/phí."
996,5542,2026-08-06,RM call,Not interested,False,2,KH cho biết chưa có nhu cầu ở thời điểm hiện tại.
997,5545,2026-08-24,RM call,Interested,True,5,"KH quan tâm, cần gửi thêm bảng minh hoạ lãi suất/phí."
998,5546,2026-07-24,Đặt lịch hẹn tại chi nhánh,Interested,True,5,"KH quan tâm, cần gửi thêm bảng minh hoạ lãi suất/phí."
999,5551,2026-08-15,Gọi lại theo yêu cầu KH,Interested,True,5,"KH quan tâm, cần gửi thêm bảng minh hoạ lãi suất/phí."
1000,5554,2026-08-12,RM call,Callback requested,True,4,"KH bận, hẹn gọi lại vào cuối tuần."
1001,5557,2026-07-24,Gửi email tư vấn,Interested,True,1,"KH quan tâm, cần gửi thêm bảng minh hoạ lãi suất/phí."
1002,5572,2026-07-21,RM call,No response,False,5,"Gọi 2 lần không liên lạc được, sẽ thử kênh email."
1003,5578,2026-08-18,Đặt lịch hẹn tại chi nhánh,Callback requested,True,4,"KH bận, hẹn gọi lại vào cuối tuần."
1004,5579,2026-07-27,Gửi email tư vấn,Interested,True,5,"KH quan tâm, cần gửi thêm bảng minh hoạ lãi suất/phí."
1005,5581,2026-08-21,Đặt lịch hẹn tại chi nhánh,Converted,False,3,"KH đồng ý mở sản phẩm, đã hoàn tất hồ sơ."
1006,5590,2026-08-11,Gửi email tư vấn,No response,False,3,"Gọi 2 lần không liên lạc được, sẽ thử kênh email."
1007,5596,2026-07-21,Gửi email tư vấn,Converted,False,5,"KH đồng ý mở sản phẩm, đã hoàn tất hồ sơ."
1008,5602,2026-08-21,Gửi email tư vấn,Converted,False,5,"KH đồng ý mở sản phẩm, đã hoàn tất hồ sơ."
1009,5608,2026-08-10,Gửi email tư vấn,Interested,True,3,"KH quan tâm, cần gửi thêm bảng minh hoạ lãi suất/phí."
1010,5609,2026-08-01,Gọi lại theo yêu cầu KH,Interested,True,2,"KH quan tâm, cần gửi thêm bảng minh hoạ lãi suất/phí."
1011,5614,2026-08-18,Gọi lại theo yêu cầu KH,Converted,False,4,"KH đồng ý mở sản phẩm, đã hoàn tất hồ sơ."
1012,5617,2026-08-07,RM call,Callback requested,True,3,"KH bận, hẹn gọi lại vào cuối tuần."
1013,5620,2026-07-21,Gọi lại theo yêu cầu KH,Interested,True,3,"KH quan tâm, cần gửi thêm bảng minh hoạ lãi suất/phí."
1014,5623,2026-08-12,RM call,Not interested,False,2,KH cho biết chưa có nhu cầu ở thời điểm hiện tại.
1015,5635,2026-08-07,Gửi email tư vấn,Interested,True,5,"KH quan tâm, cần gửi thêm bảng minh hoạ lãi suất/phí."
1016,5641,2026-08-25,SMS follow-up,Converted,True,3,"KH đồng ý mở sản phẩm, đã hoàn tất hồ sơ."
1017,5650,2026-07-25,SMS follow-up,Interested,True,1,"KH quan tâm, cần gửi thêm bảng minh hoạ lãi suất/phí."
1018,5653,2026-07-28,Gửi email tư vấn,Interested,True,5,"KH quan tâm, cần gửi thêm bảng minh hoạ lãi suất/phí."
1019,5663,2026-07-24,Gửi email tư vấn,Interested,True,4,"KH quan tâm, cần gửi thêm bảng minh hoạ lãi suất/phí."
1020,5665,2026-08-11,Đặt lịch hẹn tại chi nhánh,No response,True,2,"Gọi 2 lần không liên lạc được, sẽ thử kênh email."
1021,5668,2026-07-26,Gọi lại theo yêu cầu KH,Converted,False,5,"KH đồng ý mở sản phẩm, đã hoàn tất hồ sơ."
1022,5671,2026-08-07,Đặt lịch hẹn tại chi nhánh,Interested,True,4,"KH quan tâm, cần gửi thêm bảng minh hoạ lãi suất/phí."
1023,5672,2026-08-25,Gọi lại theo yêu cầu KH,Converted,False,4,"KH đồng ý mở sản phẩm, đã hoàn tất hồ sơ."
1024,5674,2026-07-28,Đặt lịch hẹn tại chi nhánh,Not interested,False,2,KH cho biết chưa có nhu cầu ở thời điểm hiện tại.
1025,5680,2026-07-21,Đặt lịch hẹn tại chi nhánh,Converted,False,3,"KH đồng ý mở sản phẩm, đã hoàn tất hồ sơ."
1026,5683,2026-08-12,SMS follow-up,Callback requested,True,5,"KH bận, hẹn gọi lại vào cuối tuần."
1027,5684,2026-08-22,SMS follow-up,Interested,True,5,"KH quan tâm, cần gửi thêm bảng minh hoạ lãi suất/phí."
1028,5693,2026-08-11,SMS follow-up,Interested,True,5,"KH quan tâm, cần gửi thêm bảng minh hoạ lãi suất/phí."
1029,5701,2026-08-16,Gọi lại theo yêu cầu KH,Interested,True,4,"KH quan tâm, cần gửi thêm bảng minh hoạ lãi suất/phí."
1030,5707,2026-07-30,RM call,Interested,True,3,"KH quan tâm, cần gửi thêm bảng minh hoạ lãi suất/phí."
1031,5708,2026-08-11,SMS follow-up,Interested,True,4,"KH quan tâm, cần gửi thêm bảng minh hoạ lãi suất/phí."
1032,5714,2026-08-24,RM call,Interested,True,4,"KH quan tâm, cần gửi thêm bảng minh hoạ lãi suất/phí."
1033,5716,2026-08-18,Gửi email tư vấn,Converted,False,5,"KH đồng ý mở sản phẩm, đã hoàn tất hồ sơ."
1034,5734,2026-07-29,RM call,Interested,True,5,"KH quan tâm, cần gửi thêm bảng minh hoạ lãi suất/phí."
1035,5738,2026-08-01,Gửi email tư vấn,Callback requested,True,3,"KH bận, hẹn gọi lại vào cuối tuần."
1036,5743,2026-08-25,RM call,Callback requested,True,4,"KH bận, hẹn gọi lại vào cuối tuần."
1037,5749,2026-08-14,Gọi lại theo yêu cầu KH,Callback requested,True,1,"KH bận, hẹn gọi lại vào cuối tuần."
1038,5755,2026-08-25,RM call,Converted,False,3,"KH đồng ý mở sản phẩm, đã hoàn tất hồ sơ."
1039,5765,2026-08-13,SMS follow-up,Converted,False,5,"KH đồng ý mở sản phẩm, đã hoàn tất hồ sơ."
1040,5767,2026-08-12,Đặt lịch hẹn tại chi nhánh,No response,False,5,"Gọi 2 lần không liên lạc được, sẽ thử kênh email."
1041,5779,2026-08-08,Gửi email tư vấn,Converted,True,4,"KH đồng ý mở sản phẩm, đã hoàn tất hồ sơ."
1042,5780,2026-08-25,RM call,Converted,False,3,"KH đồng ý mở sản phẩm, đã hoàn tất hồ sơ."
1043,5788,2026-08-04,SMS follow-up,Interested,True,4,"KH quan tâm, cần gửi thêm bảng minh hoạ lãi suất/phí."
1044,5792,2026-08-25,RM call,Callback requested,True,2,"KH bận, hẹn gọi lại vào cuối tuần."
1045,5801,2026-08-10,RM call,No response,False,3,"Gọi 2 lần không liên lạc được, sẽ thử kênh email."
1046,5806,2026-08-14,Gọi lại theo yêu cầu KH,Converted,False,3,"KH đồng ý mở sản phẩm, đã hoàn tất hồ sơ."
1047,5807,2026-07-22,RM call,No response,False,5,"Gọi 2 lần không liên lạc được, sẽ thử kênh email."
1048,5812,2026-08-24,SMS follow-up,Converted,False,5,"KH đồng ý mở sản phẩm, đã hoàn tất hồ sơ."
1049,5818,2026-07-27,SMS follow-up,Callback requested,True,5,"KH bận, hẹn gọi lại vào cuối tuần."
1050,5824,2026-08-18,SMS follow-up,Interested,True,5,"KH quan tâm, cần gửi thêm bảng minh hoạ lãi suất/phí."
1051,5836,2026-07-22,Gọi lại theo yêu cầu KH,No response,False,4,"Gọi 2 lần không liên lạc được, sẽ thử kênh email."
1052,5842,2026-08-24,Gọi lại theo yêu cầu KH,Converted,True,3,"KH đồng ý mở sản phẩm, đã hoàn tất hồ sơ."
1053,5849,2026-08-08,RM call,Interested,True,2,"KH quan tâm, cần gửi thêm bảng minh hoạ lãi suất/phí."
1054,5854,2026-08-18,Đặt lịch hẹn tại chi nhánh,Interested,True,3,"KH quan tâm, cần gửi thêm bảng minh hoạ lãi suất/phí."
1055,5870,2026-08-15,Gọi lại theo yêu cầu KH,Callback requested,True,3,"KH bận, hẹn gọi lại vào cuối tuần."
1056,5873,2026-08-08,RM call,Callback requested,True,3,"KH bận, hẹn gọi lại vào cuối tuần."
1057,5878,2026-08-02,Gọi lại theo yêu cầu KH,Converted,True,4,"KH đồng ý mở sản phẩm, đã hoàn tất hồ sơ."
1058,5884,2026-08-14,Đặt lịch hẹn tại chi nhánh,Interested,True,5,"KH quan tâm, cần gửi thêm bảng minh hoạ lãi suất/phí."
1059,5893,2026-07-22,SMS follow-up,No response,False,1,"Gọi 2 lần không liên lạc được, sẽ thử kênh email."
1060,5899,2026-08-01,Gửi email tư vấn,No response,False,2,"Gọi 2 lần không liên lạc được, sẽ thử kênh email."
1061,5900,2026-08-09,SMS follow-up,Interested,True,2,"KH quan tâm, cần gửi thêm bảng minh hoạ lãi suất/phí."
1062,5902,2026-07-26,Gửi email tư vấn,Callback requested,True,3,"KH bận, hẹn gọi lại vào cuối tuần."
1063,5908,2026-08-13,SMS follow-up,Converted,False,4,"KH đồng ý mở sản phẩm, đã hoàn tất hồ sơ."
1064,5911,2026-08-22,Gửi email tư vấn,Converted,False,5,"KH đồng ý mở sản phẩm, đã hoàn tất hồ sơ."
1065,5914,2026-08-05,Gọi lại theo yêu cầu KH,Converted,False,4,"KH đồng ý mở sản phẩm, đã hoàn tất hồ sơ."
1066,5918,2026-08-22,Gọi lại theo yêu cầu KH,Not interested,False,2,KH cho biết chưa có nhu cầu ở thời điểm hiện tại.
1067,5923,2026-07-19,Gửi email tư vấn,Interested,True,5,"KH quan tâm, cần gửi thêm bảng minh hoạ lãi suất/phí."
1068,5926,2026-07-28,SMS follow-up,Converted,False,5,"KH đồng ý mở sản phẩm, đã hoàn tất hồ sơ."
1069,5927,2026-08-21,SMS follow-up,Interested,True,5,"KH quan tâm, cần gửi thêm bảng minh hoạ lãi suất/phí."
1070,5932,2026-07-23,SMS follow-up,No response,False,4,"Gọi 2 lần không liên lạc được, sẽ thử kênh email."
1071,5944,2026-08-21,Gửi email tư vấn,Callback requested,True,4,"KH bận, hẹn gọi lại vào cuối tuần."
1072,5947,2026-08-27,Gọi lại theo yêu cầu KH,Callback requested,True,2,"KH bận, hẹn gọi lại vào cuối tuần."
1073,5950,2026-07-30,RM call,Converted,True,4,"KH đồng ý mở sản phẩm, đã hoàn tất hồ sơ."
1074,5956,2026-08-08,RM call,Callback requested,True,3,"KH bận, hẹn gọi lại vào cuối tuần."
1075,5959,2026-08-04,SMS follow-up,Interested,True,5,"KH quan tâm, cần gửi thêm bảng minh hoạ lãi suất/phí."
1076,5960,2026-07-26,RM call,Converted,False,5,"KH đồng ý mở sản phẩm, đã hoàn tất hồ sơ."
1077,5968,2026-07-22,Gửi email tư vấn,Interested,True,4,"KH quan tâm, cần gửi thêm bảng minh hoạ lãi suất/phí."
1078,5974,2026-08-05,Gửi email tư vấn,No response,True,2,"Gọi 2 lần không liên lạc được, sẽ thử kênh email."
1079,5977,2026-08-22,Gửi email tư vấn,Callback requested,True,5,"KH bận, hẹn gọi lại vào cuối tuần."
1080,5990,2026-07-22,Đặt lịch hẹn tại chi nhánh,Converted,False,5,"KH đồng ý mở sản phẩm, đã hoàn tất hồ sơ."
1081,5993,2026-07-24,Đặt lịch hẹn tại chi nhánh,Interested,True,5,"KH quan tâm, cần gửi thêm bảng minh hoạ lãi suất/phí."
1082,5999,2026-08-27,SMS follow-up,Converted,True,2,"KH đồng ý mở sản phẩm, đã hoàn tất hồ sơ."
1083,6007,2026-07-28,Đặt lịch hẹn tại chi nhánh,Converted,False,4,"KH đồng ý mở sản phẩm, đã hoàn tất hồ sơ."
1084,6010,2026-08-22,Đặt lịch hẹn tại chi nhánh,No response,False,3,"Gọi 2 lần không liên lạc được, sẽ thử kênh email."
1085,6016,2026-08-12,SMS follow-up,Interested,True,3,"KH quan tâm, cần gửi thêm bảng minh hoạ lãi suất/phí."
1086,6023,2026-08-11,RM call,Converted,False,5,"KH đồng ý mở sản phẩm, đã hoàn tất hồ sơ."
1087,6025,2026-07-22,Gọi lại theo yêu cầu KH,Converted,False,5,"KH đồng ý mở sản phẩm, đã hoàn tất hồ sơ."
1088,6032,2026-08-15,Gửi email tư vấn,Converted,False,4,"KH đồng ý mở sản phẩm, đã hoàn tất hồ sơ."
1089,6046,2026-08-07,Đặt lịch hẹn tại chi nhánh,Converted,False,4,"KH đồng ý mở sản phẩm, đã hoàn tất hồ sơ."
1090,6047,2026-08-01,RM call,Interested,True,5,"KH quan tâm, cần gửi thêm bảng minh hoạ lãi suất/phí."
1091,6049,2026-08-14,Gửi email tư vấn,Callback requested,True,5,"KH bận, hẹn gọi lại vào cuối tuần."
1092,6050,2026-08-21,RM call,Converted,False,4,"KH đồng ý mở sản phẩm, đã hoàn tất hồ sơ."
1093,6052,2026-07-21,Gọi lại theo yêu cầu KH,Callback requested,True,5,"KH bận, hẹn gọi lại vào cuối tuần."
1094,6056,2026-08-20,SMS follow-up,No response,True,3,"Gọi 2 lần không liên lạc được, sẽ thử kênh email."
1095,6062,2026-07-27,Gọi lại theo yêu cầu KH,Interested,True,1,"KH quan tâm, cần gửi thêm bảng minh hoạ lãi suất/phí."
1096,6064,2026-07-29,RM call,Callback requested,True,4,"KH bận, hẹn gọi lại vào cuối tuần."
1097,6067,2026-07-30,SMS follow-up,Callback requested,True,5,"KH bận, hẹn gọi lại vào cuối tuần."
1098,6073,2026-08-11,Gọi lại theo yêu cầu KH,Interested,True,4,"KH quan tâm, cần gửi thêm bảng minh hoạ lãi suất/phí."
1099,6074,2026-08-21,Gọi lại theo yêu cầu KH,Converted,False,5,"KH đồng ý mở sản phẩm, đã hoàn tất hồ sơ."
1100,6079,2026-08-08,Gọi lại theo yêu cầu KH,Converted,False,3,"KH đồng ý mở sản phẩm, đã hoàn tất hồ sơ."
1101,6082,2026-08-19,SMS follow-up,Interested,True,5,"KH quan tâm, cần gửi thêm bảng minh hoạ lãi suất/phí."
1102,6085,2026-08-23,RM call,Interested,True,4,"KH quan tâm, cần gửi thêm bảng minh hoạ lãi suất/phí."
1103,6086,2026-07-30,Gửi email tư vấn,Interested,True,3,"KH quan tâm, cần gửi thêm bảng minh hoạ lãi suất/phí."
1104,6092,2026-08-18,Đặt lịch hẹn tại chi nhánh,Converted,False,4,"KH đồng ý mở sản phẩm, đã hoàn tất hồ sơ."
1105,6106,2026-08-05,Gọi lại theo yêu cầu KH,Callback requested,True,4,"KH bận, hẹn gọi lại vào cuối tuần."
1106,6112,2026-08-17,Gọi lại theo yêu cầu KH,Callback requested,True,5,"KH bận, hẹn gọi lại vào cuối tuần."
1107,6113,2026-08-18,Gọi lại theo yêu cầu KH,Converted,False,3,"KH đồng ý mở sản phẩm, đã hoàn tất hồ sơ."
1108,6118,2026-08-20,SMS follow-up,No response,False,4,"Gọi 2 lần không liên lạc được, sẽ thử kênh email."
1109,6124,2026-08-04,Đặt lịch hẹn tại chi nhánh,Callback requested,True,3,"KH bận, hẹn gọi lại vào cuối tuần."
1110,6127,2026-08-14,RM call,Callback requested,True,4,"KH bận, hẹn gọi lại vào cuối tuần."
1111,6130,2026-07-19,Đặt lịch hẹn tại chi nhánh,Converted,False,3,"KH đồng ý mở sản phẩm, đã hoàn tất hồ sơ."
1112,6136,2026-08-26,Đặt lịch hẹn tại chi nhánh,Converted,False,4,"KH đồng ý mở sản phẩm, đã hoàn tất hồ sơ."
1113,6139,2026-08-25,Gửi email tư vấn,Converted,False,5,"KH đồng ý mở sản phẩm, đã hoàn tất hồ sơ."
1114,6142,2026-07-24,RM call,Converted,False,5,"KH đồng ý mở sản phẩm, đã hoàn tất hồ sơ."
1115,6151,2026-07-27,Gửi email tư vấn,Converted,True,4,"KH đồng ý mở sản phẩm, đã hoàn tất hồ sơ."
1116,6163,2026-08-22,RM call,No response,False,5,"Gọi 2 lần không liên lạc được, sẽ thử kênh email."
1117,6164,2026-07-19,SMS follow-up,Callback requested,True,4,"KH bận, hẹn gọi lại vào cuối tuần."
1118,6181,2026-08-25,Gửi email tư vấn,Converted,False,3,"KH đồng ý mở sản phẩm, đã hoàn tất hồ sơ."
1119,6184,2026-08-10,SMS follow-up,Callback requested,True,5,"KH bận, hẹn gọi lại vào cuối tuần."
1120,6187,2026-08-14,Gọi lại theo yêu cầu KH,Callback requested,True,4,"KH bận, hẹn gọi lại vào cuối tuần."
1121,6188,2026-08-25,Gửi email tư vấn,Callback requested,True,3,"KH bận, hẹn gọi lại vào cuối tuần."
1122,6199,2026-08-14,Gọi lại theo yêu cầu KH,Converted,False,5,"KH đồng ý mở sản phẩm, đã hoàn tất hồ sơ."
1123,6205,2026-08-20,Gọi lại theo yêu cầu KH,Converted,False,4,"KH đồng ý mở sản phẩm, đã hoàn tất hồ sơ."
1124,6211,2026-08-19,RM call,Converted,False,5,"KH đồng ý mở sản phẩm, đã hoàn tất hồ sơ."
1125,6220,2026-07-29,Gọi lại theo yêu cầu KH,Converted,False,2,"KH đồng ý mở sản phẩm, đã hoàn tất hồ sơ."
1126,6223,2026-08-17,Đặt lịch hẹn tại chi nhánh,Callback requested,True,4,"KH bận, hẹn gọi lại vào cuối tuần."
1127,6229,2026-07-25,Gửi email tư vấn,No response,False,1,"Gọi 2 lần không liên lạc được, sẽ thử kênh email."
1128,6233,2026-08-16,RM call,Converted,False,5,"KH đồng ý mở sản phẩm, đã hoàn tất hồ sơ."
1129,6244,2026-08-03,RM call,Callback requested,True,4,"KH bận, hẹn gọi lại vào cuối tuần."
1130,6256,2026-07-30,Gọi lại theo yêu cầu KH,Converted,False,5,"KH đồng ý mở sản phẩm, đã hoàn tất hồ sơ."
1131,6262,2026-08-05,Gửi email tư vấn,No response,True,5,"Gọi 2 lần không liên lạc được, sẽ thử kênh email."
1132,6268,2026-07-28,Gửi email tư vấn,Interested,True,4,"KH quan tâm, cần gửi thêm bảng minh hoạ lãi suất/phí."
1133,6271,2026-07-24,Gọi lại theo yêu cầu KH,Callback requested,True,5,"KH bận, hẹn gọi lại vào cuối tuần."
1134,6278,2026-07-31,Gọi lại theo yêu cầu KH,No response,False,3,"Gọi 2 lần không liên lạc được, sẽ thử kênh email."
1135,6280,2026-08-17,Gửi email tư vấn,Interested,True,5,"KH quan tâm, cần gửi thêm bảng minh hoạ lãi suất/phí."
1136,6283,2026-07-25,SMS follow-up,No response,False,3,"Gọi 2 lần không liên lạc được, sẽ thử kênh email."
1137,6284,2026-08-12,SMS follow-up,Converted,True,2,"KH đồng ý mở sản phẩm, đã hoàn tất hồ sơ."
1138,6289,2026-07-26,SMS follow-up,Interested,True,5,"KH quan tâm, cần gửi thêm bảng minh hoạ lãi suất/phí."
1139,6301,2026-08-04,Gọi lại theo yêu cầu KH,Converted,False,2,"KH đồng ý mở sản phẩm, đã hoàn tất hồ sơ."
1140,6304,2026-08-06,SMS follow-up,Callback requested,True,4,"KH bận, hẹn gọi lại vào cuối tuần."
1141,6313,2026-08-18,SMS follow-up,Interested,True,5,"KH quan tâm, cần gửi thêm bảng minh hoạ lãi suất/phí."
1142,6316,2026-08-04,RM call,Interested,True,2,"KH quan tâm, cần gửi thêm bảng minh hoạ lãi suất/phí."
1143,6322,2026-08-17,SMS follow-up,Interested,True,4,"KH quan tâm, cần gửi thêm bảng minh hoạ lãi suất/phí."
1144,6325,2026-08-01,RM call,Interested,True,5,"KH quan tâm, cần gửi thêm bảng minh hoạ lãi suất/phí."
1145,6328,2026-08-13,Gọi lại theo yêu cầu KH,No response,False,4,"Gọi 2 lần không liên lạc được, sẽ thử kênh email."
1146,6331,2026-08-16,Đặt lịch hẹn tại chi nhánh,Interested,True,4,"KH quan tâm, cần gửi thêm bảng minh hoạ lãi suất/phí."
1147,6334,2026-07-30,Gửi email tư vấn,Converted,False,2,"KH đồng ý mở sản phẩm, đã hoàn tất hồ sơ."
1148,6337,2026-07-31,SMS follow-up,Converted,False,5,"KH đồng ý mở sản phẩm, đã hoàn tất hồ sơ."
1149,6340,2026-07-25,Đặt lịch hẹn tại chi nhánh,Callback requested,True,5,"KH bận, hẹn gọi lại vào cuối tuần."
1150,6343,2026-08-15,SMS follow-up,Callback requested,True,4,"KH bận, hẹn gọi lại vào cuối tuần."
1151,6346,2026-07-22,SMS follow-up,Interested,True,4,"KH quan tâm, cần gửi thêm bảng minh hoạ lãi suất/phí."
1152,6349,2026-08-27,SMS follow-up,Interested,True,5,"KH quan tâm, cần gửi thêm bảng minh hoạ lãi suất/phí."
1153,6352,2026-07-31,Đặt lịch hẹn tại chi nhánh,Converted,True,4,"KH đồng ý mở sản phẩm, đã hoàn tất hồ sơ."
1154,6355,2026-08-03,Gửi email tư vấn,No response,True,4,"Gọi 2 lần không liên lạc được, sẽ thử kênh email."
1155,6364,2026-07-31,Gửi email tư vấn,Callback requested,True,4,"KH bận, hẹn gọi lại vào cuối tuần."
1156,6367,2026-08-27,Gọi lại theo yêu cầu KH,Interested,True,5,"KH quan tâm, cần gửi thêm bảng minh hoạ lãi suất/phí."
1157,6373,2026-08-27,RM call,Interested,True,4,"KH quan tâm, cần gửi thêm bảng minh hoạ lãi suất/phí."
1158,6376,2026-08-06,SMS follow-up,Interested,True,5,"KH quan tâm, cần gửi thêm bảng minh hoạ lãi suất/phí."
1159,6379,2026-08-14,RM call,Callback requested,True,5,"KH bận, hẹn gọi lại vào cuối tuần."
1160,6388,2026-07-22,SMS follow-up,Callback requested,True,4,"KH bận, hẹn gọi lại vào cuối tuần."
1161,6403,2026-08-01,RM call,Converted,True,4,"KH đồng ý mở sản phẩm, đã hoàn tất hồ sơ."
1162,6406,2026-08-02,Gọi lại theo yêu cầu KH,Interested,True,4,"KH quan tâm, cần gửi thêm bảng minh hoạ lãi suất/phí."
1163,6409,2026-08-05,Đặt lịch hẹn tại chi nhánh,Converted,False,5,"KH đồng ý mở sản phẩm, đã hoàn tất hồ sơ."
1164,6424,2026-08-18,Gửi email tư vấn,No response,False,4,"Gọi 2 lần không liên lạc được, sẽ thử kênh email."
1165,6442,2026-07-31,Gửi email tư vấn,Callback requested,True,4,"KH bận, hẹn gọi lại vào cuối tuần."
1166,6445,2026-08-14,Gọi lại theo yêu cầu KH,Converted,True,2,"KH đồng ý mở sản phẩm, đã hoàn tất hồ sơ."
1167,6448,2026-08-11,Gửi email tư vấn,Converted,False,5,"KH đồng ý mở sản phẩm, đã hoàn tất hồ sơ."
1168,6460,2026-08-27,RM call,Callback requested,True,4,"KH bận, hẹn gọi lại vào cuối tuần."
1169,6463,2026-08-14,RM call,No response,False,5,"Gọi 2 lần không liên lạc được, sẽ thử kênh email."
1170,6478,2026-08-03,SMS follow-up,Callback requested,True,3,"KH bận, hẹn gọi lại vào cuối tuần."
1171,6482,2026-08-27,SMS follow-up,Interested,True,5,"KH quan tâm, cần gửi thêm bảng minh hoạ lãi suất/phí."
1172,6484,2026-08-06,Đặt lịch hẹn tại chi nhánh,Converted,False,5,"KH đồng ý mở sản phẩm, đã hoàn tất hồ sơ."
1173,6490,2026-07-22,RM call,Converted,False,5,"KH đồng ý mở sản phẩm, đã hoàn tất hồ sơ."
1174,6496,2026-08-01,Gọi lại theo yêu cầu KH,Interested,True,4,"KH quan tâm, cần gửi thêm bảng minh hoạ lãi suất/phí."
1175,6499,2026-08-03,Gọi lại theo yêu cầu KH,No response,False,3,"Gọi 2 lần không liên lạc được, sẽ thử kênh email."
1176,6505,2026-08-05,SMS follow-up,Converted,True,5,"KH đồng ý mở sản phẩm, đã hoàn tất hồ sơ."
1177,6508,2026-08-04,Đặt lịch hẹn tại chi nhánh,Converted,False,4,"KH đồng ý mở sản phẩm, đã hoàn tất hồ sơ."
1178,6511,2026-08-02,Gửi email tư vấn,Converted,False,5,"KH đồng ý mở sản phẩm, đã hoàn tất hồ sơ."
1179,6514,2026-08-15,Đặt lịch hẹn tại chi nhánh,Interested,True,5,"KH quan tâm, cần gửi thêm bảng minh hoạ lãi suất/phí."
1180,6515,2026-08-05,RM call,Converted,False,4,"KH đồng ý mở sản phẩm, đã hoàn tất hồ sơ."
1181,6523,2026-08-18,Đặt lịch hẹn tại chi nhánh,No response,False,4,"Gọi 2 lần không liên lạc được, sẽ thử kênh email."
1182,6526,2026-07-24,Đặt lịch hẹn tại chi nhánh,Converted,False,4,"KH đồng ý mở sản phẩm, đã hoàn tất hồ sơ."
1183,6530,2026-08-26,Gửi email tư vấn,Converted,False,5,"KH đồng ý mở sản phẩm, đã hoàn tất hồ sơ."
1184,6547,2026-08-26,RM call,Converted,True,2,"KH đồng ý mở sản phẩm, đã hoàn tất hồ sơ."
1185,6553,2026-07-21,RM call,Callback requested,True,4,"KH bận, hẹn gọi lại vào cuối tuần."
1186,6556,2026-08-12,RM call,No response,False,5,"Gọi 2 lần không liên lạc được, sẽ thử kênh email."
1187,6571,2026-08-18,Gửi email tư vấn,Converted,True,3,"KH đồng ý mở sản phẩm, đã hoàn tất hồ sơ."
1188,6586,2026-07-26,RM call,Callback requested,True,4,"KH bận, hẹn gọi lại vào cuối tuần."
1189,6595,2026-08-18,RM call,Interested,True,3,"KH quan tâm, cần gửi thêm bảng minh hoạ lãi suất/phí."
1190,6596,2026-08-03,Đặt lịch hẹn tại chi nhánh,Converted,False,4,"KH đồng ý mở sản phẩm, đã hoàn tất hồ sơ."
1191,6601,2026-08-18,SMS follow-up,Callback requested,True,5,"KH bận, hẹn gọi lại vào cuối tuần."
1192,6604,2026-08-06,SMS follow-up,Not interested,False,3,KH cho biết chưa có nhu cầu ở thời điểm hiện tại.
1193,6610,2026-07-24,SMS follow-up,Interested,True,4,"KH quan tâm, cần gửi thêm bảng minh hoạ lãi suất/phí."
1194,6616,2026-07-21,Gửi email tư vấn,Converted,False,3,"KH đồng ý mở sản phẩm, đã hoàn tất hồ sơ."
1195,6617,2026-08-04,Gọi lại theo yêu cầu KH,Converted,False,3,"KH đồng ý mở sản phẩm, đã hoàn tất hồ sơ."
1196,6634,2026-07-24,Đặt lịch hẹn tại chi nhánh,Callback requested,True,4,"KH bận, hẹn gọi lại vào cuối tuần."
1197,6637,2026-07-26,Gửi email tư vấn,Callback requested,True,4,"KH bận, hẹn gọi lại vào cuối tuần."
1198,6643,2026-08-16,Đặt lịch hẹn tại chi nhánh,Callback requested,True,2,"KH bận, hẹn gọi lại vào cuối tuần."
1199,6647,2026-08-16,RM call,Converted,False,3,"KH đồng ý mở sản phẩm, đã hoàn tất hồ sơ."
1200,6653,2026-08-23,SMS follow-up,Callback requested,True,2,"KH bận, hẹn gọi lại vào cuối tuần."
1201,6655,2026-08-20,RM call,Converted,False,4,"KH đồng ý mở sản phẩm, đã hoàn tất hồ sơ."
1202,6659,2026-07-19,Gửi email tư vấn,Converted,False,5,"KH đồng ý mở sản phẩm, đã hoàn tất hồ sơ."
1203,6667,2026-08-12,Gọi lại theo yêu cầu KH,Callback requested,True,5,"KH bận, hẹn gọi lại vào cuối tuần."
1204,6670,2026-08-21,SMS follow-up,Converted,True,5,"KH đồng ý mở sản phẩm, đã hoàn tất hồ sơ."
1205,6673,2026-07-31,Đặt lịch hẹn tại chi nhánh,Callback requested,True,3,"KH bận, hẹn gọi lại vào cuối tuần."
1206,6685,2026-07-26,SMS follow-up,Callback requested,True,3,"KH bận, hẹn gọi lại vào cuối tuần."
1207,6688,2026-08-02,Gửi email tư vấn,No response,False,3,"Gọi 2 lần không liên lạc được, sẽ thử kênh email."
1208,6691,2026-08-15,Đặt lịch hẹn tại chi nhánh,Callback requested,True,5,"KH bận, hẹn gọi lại vào cuối tuần."
1209,6697,2026-08-20,RM call,Converted,False,4,"KH đồng ý mở sản phẩm, đã hoàn tất hồ sơ."
1210,6709,2026-07-31,RM call,Callback requested,True,3,"KH bận, hẹn gọi lại vào cuối tuần."
1211,6712,2026-07-21,RM call,Callback requested,True,4,"KH bận, hẹn gọi lại vào cuối tuần."
1212,6719,2026-08-01,Gọi lại theo yêu cầu KH,Converted,False,4,"KH đồng ý mở sản phẩm, đã hoàn tất hồ sơ."
1213,6727,2026-08-03,Đặt lịch hẹn tại chi nhánh,Interested,True,5,"KH quan tâm, cần gửi thêm bảng minh hoạ lãi suất/phí."
1214,6733,2026-08-15,Đặt lịch hẹn tại chi nhánh,Interested,True,5,"KH quan tâm, cần gửi thêm bảng minh hoạ lãi suất/phí."
1215,6742,2026-08-12,SMS follow-up,Converted,False,4,"KH đồng ý mở sản phẩm, đã hoàn tất hồ sơ."
1216,6743,2026-08-18,Gọi lại theo yêu cầu KH,Converted,False,2,"KH đồng ý mở sản phẩm, đã hoàn tất hồ sơ."
1217,6749,2026-07-19,Gửi email tư vấn,Converted,False,4,"KH đồng ý mở sản phẩm, đã hoàn tất hồ sơ."
1218,6755,2026-08-11,RM call,Callback requested,True,2,"KH bận, hẹn gọi lại vào cuối tuần."
1219,6760,2026-08-13,SMS follow-up,Converted,False,4,"KH đồng ý mở sản phẩm, đã hoàn tất hồ sơ."
1220,6763,2026-08-16,SMS follow-up,Converted,True,4,"KH đồng ý mở sản phẩm, đã hoàn tất hồ sơ."
1221,6778,2026-08-23,Gửi email tư vấn,Interested,True,5,"KH quan tâm, cần gửi thêm bảng minh hoạ lãi suất/phí."
1222,6784,2026-07-20,Gọi lại theo yêu cầu KH,Converted,False,3,"KH đồng ý mở sản phẩm, đã hoàn tất hồ sơ."
1223,6785,2026-08-14,Đặt lịch hẹn tại chi nhánh,Callback requested,True,5,"KH bận, hẹn gọi lại vào cuối tuần."
1224,6793,2026-07-20,Gửi email tư vấn,Converted,False,4,"KH đồng ý mở sản phẩm, đã hoàn tất hồ sơ."
1225,6796,2026-08-06,RM call,Converted,False,5,"KH đồng ý mở sản phẩm, đã hoàn tất hồ sơ."
1226,6808,2026-08-20,Đặt lịch hẹn tại chi nhánh,Not interested,True,3,KH cho biết chưa có nhu cầu ở thời điểm hiện tại.
1227,6811,2026-08-11,Gửi email tư vấn,No response,False,2,"Gọi 2 lần không liên lạc được, sẽ thử kênh email."
1228,6814,2026-08-21,RM call,Callback requested,True,4,"KH bận, hẹn gọi lại vào cuối tuần."
1229,6823,2026-08-23,RM call,Interested,True,2,"KH quan tâm, cần gửi thêm bảng minh hoạ lãi suất/phí."
1230,6826,2026-07-25,Gửi email tư vấn,No response,True,5,"Gọi 2 lần không liên lạc được, sẽ thử kênh email."
1231,6829,2026-08-26,Đặt lịch hẹn tại chi nhánh,Interested,True,5,"KH quan tâm, cần gửi thêm bảng minh hoạ lãi suất/phí."
1232,6832,2026-08-06,Gọi lại theo yêu cầu KH,Callback requested,True,5,"KH bận, hẹn gọi lại vào cuối tuần."
1233,6833,2026-08-08,RM call,Converted,False,5,"KH đồng ý mở sản phẩm, đã hoàn tất hồ sơ."
1234,6838,2026-08-06,SMS follow-up,Interested,True,2,"KH quan tâm, cần gửi thêm bảng minh hoạ lãi suất/phí."
1235,6841,2026-08-03,RM call,Callback requested,True,5,"KH bận, hẹn gọi lại vào cuối tuần."
1236,6851,2026-08-22,RM call,Converted,False,2,"KH đồng ý mở sản phẩm, đã hoàn tất hồ sơ."
1237,6856,2026-08-08,Gọi lại theo yêu cầu KH,Callback requested,True,4,"KH bận, hẹn gọi lại vào cuối tuần."
1238,6862,2026-08-03,RM call,No response,False,3,"Gọi 2 lần không liên lạc được, sẽ thử kênh email."
1239,6880,2026-08-06,Đặt lịch hẹn tại chi nhánh,Converted,True,4,"KH đồng ý mở sản phẩm, đã hoàn tất hồ sơ."
1240,6881,2026-08-01,Đặt lịch hẹn tại chi nhánh,Interested,True,4,"KH quan tâm, cần gửi thêm bảng minh hoạ lãi suất/phí."
1241,6883,2026-08-26,Gọi lại theo yêu cầu KH,Converted,False,5,"KH đồng ý mở sản phẩm, đã hoàn tất hồ sơ."
1242,6886,2026-08-09,RM call,Interested,True,4,"KH quan tâm, cần gửi thêm bảng minh hoạ lãi suất/phí."
1243,6889,2026-08-25,Gọi lại theo yêu cầu KH,Converted,False,2,"KH đồng ý mở sản phẩm, đã hoàn tất hồ sơ."
1244,6892,2026-08-12,Gửi email tư vấn,Callback requested,True,5,"KH bận, hẹn gọi lại vào cuối tuần."
1245,6898,2026-08-21,Gửi email tư vấn,Interested,True,2,"KH quan tâm, cần gửi thêm bảng minh hoạ lãi suất/phí."
1246,6901,2026-08-01,Gửi email tư vấn,Callback requested,True,3,"KH bận, hẹn gọi lại vào cuối tuần."
1247,6904,2026-07-30,Gửi email tư vấn,Not interested,True,3,KH cho biết chưa có nhu cầu ở thời điểm hiện tại.
1248,6907,2026-08-22,Gửi email tư vấn,Converted,False,5,"KH đồng ý mở sản phẩm, đã hoàn tất hồ sơ."
1249,6910,2026-08-18,Gọi lại theo yêu cầu KH,Converted,False,4,"KH đồng ý mở sản phẩm, đã hoàn tất hồ sơ."
1250,6911,2026-08-06,Đặt lịch hẹn tại chi nhánh,No response,False,2,"Gọi 2 lần không liên lạc được, sẽ thử kênh email."
1251,6916,2026-08-01,SMS follow-up,Interested,True,5,"KH quan tâm, cần gửi thêm bảng minh hoạ lãi suất/phí."
1252,6920,2026-07-27,Gọi lại theo yêu cầu KH,No response,False,1,"Gọi 2 lần không liên lạc được, sẽ thử kênh email."
1253,6928,2026-08-14,Đặt lịch hẹn tại chi nhánh,Interested,True,4,"KH quan tâm, cần gửi thêm bảng minh hoạ lãi suất/phí."
1254,6943,2026-08-07,Gửi email tư vấn,Callback requested,True,5,"KH bận, hẹn gọi lại vào cuối tuần."
1255,6961,2026-08-12,Đặt lịch hẹn tại chi nhánh,Converted,False,4,"KH đồng ý mở sản phẩm, đã hoàn tất hồ sơ."
1256,6967,2026-08-18,RM call,Converted,False,5,"KH đồng ý mở sản phẩm, đã hoàn tất hồ sơ."
1257,6991,2026-08-06,RM call,Interested,True,4,"KH quan tâm, cần gửi thêm bảng minh hoạ lãi suất/phí."
1258,7006,2026-08-06,RM call,Callback requested,True,2,"KH bận, hẹn gọi lại vào cuối tuần."
1259,7009,2026-08-23,SMS follow-up,Converted,False,2,"KH đồng ý mở sản phẩm, đã hoàn tất hồ sơ."
1260,7010,2026-08-15,SMS follow-up,No response,False,2,"Gọi 2 lần không liên lạc được, sẽ thử kênh email."
1261,7012,2026-07-30,SMS follow-up,Converted,False,5,"KH đồng ý mở sản phẩm, đã hoàn tất hồ sơ."
1262,7018,2026-08-01,Gọi lại theo yêu cầu KH,Callback requested,True,4,"KH bận, hẹn gọi lại vào cuối tuần."
1263,7019,2026-08-21,Gọi lại theo yêu cầu KH,Interested,True,4,"KH quan tâm, cần gửi thêm bảng minh hoạ lãi suất/phí."
1264,7024,2026-08-08,Gửi email tư vấn,Interested,True,5,"KH quan tâm, cần gửi thêm bảng minh hoạ lãi suất/phí."
1265,7027,2026-08-18,RM call,No response,False,2,"Gọi 2 lần không liên lạc được, sẽ thử kênh email."
1266,7039,2026-07-21,Gọi lại theo yêu cầu KH,Callback requested,True,2,"KH bận, hẹn gọi lại vào cuối tuần."
1267,7042,2026-08-04,Đặt lịch hẹn tại chi nhánh,No response,False,3,"Gọi 2 lần không liên lạc được, sẽ thử kênh email."
1268,7048,2026-08-11,Gọi lại theo yêu cầu KH,Interested,True,3,"KH quan tâm, cần gửi thêm bảng minh hoạ lãi suất/phí."
1269,7049,2026-08-12,SMS follow-up,Callback requested,True,3,"KH bận, hẹn gọi lại vào cuối tuần."
1270,7051,2026-08-21,RM call,Converted,True,3,"KH đồng ý mở sản phẩm, đã hoàn tất hồ sơ."
1271,7057,2026-08-24,Gửi email tư vấn,Converted,False,5,"KH đồng ý mở sản phẩm, đã hoàn tất hồ sơ."
1272,7063,2026-08-05,RM call,Callback requested,True,5,"KH bận, hẹn gọi lại vào cuối tuần."
1273,7069,2026-08-12,RM call,No response,False,4,"Gọi 2 lần không liên lạc được, sẽ thử kênh email."
1274,7075,2026-07-19,Đặt lịch hẹn tại chi nhánh,No response,False,3,"Gọi 2 lần không liên lạc được, sẽ thử kênh email."
1275,7081,2026-08-10,Đặt lịch hẹn tại chi nhánh,Converted,False,3,"KH đồng ý mở sản phẩm, đã hoàn tất hồ sơ."
1276,7082,2026-07-21,Đặt lịch hẹn tại chi nhánh,Converted,False,2,"KH đồng ý mở sản phẩm, đã hoàn tất hồ sơ."
1277,7087,2026-08-20,SMS follow-up,Interested,True,5,"KH quan tâm, cần gửi thêm bảng minh hoạ lãi suất/phí."
1278,7090,2026-08-07,Đặt lịch hẹn tại chi nhánh,Interested,True,3,"KH quan tâm, cần gửi thêm bảng minh hoạ lãi suất/phí."
1279,7093,2026-08-22,Gọi lại theo yêu cầu KH,No response,False,2,"Gọi 2 lần không liên lạc được, sẽ thử kênh email."
1280,7096,2026-08-19,Gọi lại theo yêu cầu KH,Not interested,True,2,KH cho biết chưa có nhu cầu ở thời điểm hiện tại.
1281,7099,2026-08-05,SMS follow-up,Converted,False,4,"KH đồng ý mở sản phẩm, đã hoàn tất hồ sơ."
1282,7105,2026-08-19,RM call,Converted,False,5,"KH đồng ý mở sản phẩm, đã hoàn tất hồ sơ."
1283,7112,2026-08-23,Gọi lại theo yêu cầu KH,No response,True,2,"Gọi 2 lần không liên lạc được, sẽ thử kênh email."
1284,7123,2026-08-26,Gửi email tư vấn,Converted,False,4,"KH đồng ý mở sản phẩm, đã hoàn tất hồ sơ."
1285,7124,2026-08-21,RM call,Converted,False,3,"KH đồng ý mở sản phẩm, đã hoàn tất hồ sơ."
1286,7135,2026-07-19,Gửi email tư vấn,No response,False,5,"Gọi 2 lần không liên lạc được, sẽ thử kênh email."
1287,7141,2026-07-24,SMS follow-up,No response,True,2,"Gọi 2 lần không liên lạc được, sẽ thử kênh email."
1288,7148,2026-08-24,Gọi lại theo yêu cầu KH,No response,False,5,"Gọi 2 lần không liên lạc được, sẽ thử kênh email."
1289,7156,2026-08-17,Gửi email tư vấn,Converted,False,3,"KH đồng ý mở sản phẩm, đã hoàn tất hồ sơ."
1290,7157,2026-08-11,Gửi email tư vấn,Not interested,False,1,KH cho biết chưa có nhu cầu ở thời điểm hiện tại.
1291,7159,2026-08-19,Đặt lịch hẹn tại chi nhánh,No response,False,2,"Gọi 2 lần không liên lạc được, sẽ thử kênh email."
1292,7162,2026-08-20,Gửi email tư vấn,Converted,False,5,"KH đồng ý mở sản phẩm, đã hoàn tất hồ sơ."
1293,7178,2026-08-08,Gửi email tư vấn,Interested,True,5,"KH quan tâm, cần gửi thêm bảng minh hoạ lãi suất/phí."
1294,7180,2026-07-20,Đặt lịch hẹn tại chi nhánh,Interested,True,3,"KH quan tâm, cần gửi thêm bảng minh hoạ lãi suất/phí."
1295,7186,2026-08-09,Đặt lịch hẹn tại chi nhánh,No response,False,4,"Gọi 2 lần không liên lạc được, sẽ thử kênh email."
1296,7189,2026-08-04,Đặt lịch hẹn tại chi nhánh,Converted,False,5,"KH đồng ý mở sản phẩm, đã hoàn tất hồ sơ."
1297,7192,2026-07-23,Gọi lại theo yêu cầu KH,Converted,False,5,"KH đồng ý mở sản phẩm, đã hoàn tất hồ sơ."
1298,7198,2026-07-30,Đặt lịch hẹn tại chi nhánh,Converted,False,5,"KH đồng ý mở sản phẩm, đã hoàn tất hồ sơ."
1299,7204,2026-08-24,Gửi email tư vấn,No response,False,2,"Gọi 2 lần không liên lạc được, sẽ thử kênh email."
1300,7207,2026-07-25,SMS follow-up,Converted,False,2,"KH đồng ý mở sản phẩm, đã hoàn tất hồ sơ."
1301,7210,2026-07-21,SMS follow-up,Converted,False,5,"KH đồng ý mở sản phẩm, đã hoàn tất hồ sơ."
1302,7213,2026-08-19,Gọi lại theo yêu cầu KH,Converted,True,3,"KH đồng ý mở sản phẩm, đã hoàn tất hồ sơ."
1303,7217,2026-08-10,SMS follow-up,Callback requested,True,4,"KH bận, hẹn gọi lại vào cuối tuần."
1304,7222,2026-07-19,Đặt lịch hẹn tại chi nhánh,Converted,False,5,"KH đồng ý mở sản phẩm, đã hoàn tất hồ sơ."
1305,7225,2026-08-10,Gọi lại theo yêu cầu KH,Converted,False,4,"KH đồng ý mở sản phẩm, đã hoàn tất hồ sơ."
1306,7228,2026-08-17,Gửi email tư vấn,No response,False,3,"Gọi 2 lần không liên lạc được, sẽ thử kênh email."
1307,7234,2026-07-19,Đặt lịch hẹn tại chi nhánh,No response,False,4,"Gọi 2 lần không liên lạc được, sẽ thử kênh email."
1308,7235,2026-07-20,RM call,Callback requested,True,2,"KH bận, hẹn gọi lại vào cuối tuần."
1309,7241,2026-07-26,RM call,Callback requested,True,3,"KH bận, hẹn gọi lại vào cuối tuần."
1310,7243,2026-08-16,Gọi lại theo yêu cầu KH,Converted,False,4,"KH đồng ý mở sản phẩm, đã hoàn tất hồ sơ."
1311,7249,2026-07-25,SMS follow-up,Interested,True,5,"KH quan tâm, cần gửi thêm bảng minh hoạ lãi suất/phí."
1312,7268,2026-08-14,RM call,Callback requested,True,3,"KH bận, hẹn gọi lại vào cuối tuần."
1313,7270,2026-07-22,RM call,Interested,True,3,"KH quan tâm, cần gửi thêm bảng minh hoạ lãi suất/phí."
1314,7273,2026-07-27,Đặt lịch hẹn tại chi nhánh,Converted,False,5,"KH đồng ý mở sản phẩm, đã hoàn tất hồ sơ."
1315,7276,2026-08-04,RM call,Callback requested,True,1,"KH bận, hẹn gọi lại vào cuối tuần."
1316,7279,2026-08-15,SMS follow-up,Converted,False,4,"KH đồng ý mở sản phẩm, đã hoàn tất hồ sơ."
1317,7285,2026-07-21,Đặt lịch hẹn tại chi nhánh,Converted,False,3,"KH đồng ý mở sản phẩm, đã hoàn tất hồ sơ."
1318,7289,2026-07-29,SMS follow-up,Callback requested,True,1,"KH bận, hẹn gọi lại vào cuối tuần."
1319,7292,2026-08-23,Đặt lịch hẹn tại chi nhánh,Converted,False,2,"KH đồng ý mở sản phẩm, đã hoàn tất hồ sơ."
1320,7294,2026-08-11,Gửi email tư vấn,Converted,False,2,"KH đồng ý mở sản phẩm, đã hoàn tất hồ sơ."
1321,7301,2026-08-05,RM call,Converted,True,5,"KH đồng ý mở sản phẩm, đã hoàn tất hồ sơ."
1322,7303,2026-08-01,SMS follow-up,Converted,False,1,"KH đồng ý mở sản phẩm, đã hoàn tất hồ sơ."
1323,7309,2026-08-04,SMS follow-up,Converted,True,3,"KH đồng ý mở sản phẩm, đã hoàn tất hồ sơ."
1324,7319,2026-08-02,Gọi lại theo yêu cầu KH,No response,False,1,"Gọi 2 lần không liên lạc được, sẽ thử kênh email."
1325,7334,2026-08-13,Gọi lại theo yêu cầu KH,Converted,False,2,"KH đồng ý mở sản phẩm, đã hoàn tất hồ sơ."
1326,7336,2026-08-01,SMS follow-up,Converted,False,5,"KH đồng ý mở sản phẩm, đã hoàn tất hồ sơ."
1327,7339,2026-08-21,SMS follow-up,Converted,False,5,"KH đồng ý mở sản phẩm, đã hoàn tất hồ sơ."
1328,7342,2026-08-02,RM call,Converted,False,5,"KH đồng ý mở sản phẩm, đã hoàn tất hồ sơ."
1329,7345,2026-08-03,RM call,Interested,True,4,"KH quan tâm, cần gửi thêm bảng minh hoạ lãi suất/phí."
1330,7360,2026-08-10,SMS follow-up,Interested,True,3,"KH quan tâm, cần gửi thêm bảng minh hoạ lãi suất/phí."
1331,7366,2026-08-19,RM call,Converted,True,4,"KH đồng ý mở sản phẩm, đã hoàn tất hồ sơ."
1332,7369,2026-07-26,SMS follow-up,No response,False,3,"Gọi 2 lần không liên lạc được, sẽ thử kênh email."
1333,7375,2026-07-29,SMS follow-up,Interested,True,5,"KH quan tâm, cần gửi thêm bảng minh hoạ lãi suất/phí."
1334,7381,2026-08-15,Gọi lại theo yêu cầu KH,Interested,True,3,"KH quan tâm, cần gửi thêm bảng minh hoạ lãi suất/phí."
1335,7382,2026-08-21,RM call,Not interested,True,1,KH cho biết chưa có nhu cầu ở thời điểm hiện tại.
1336,7384,2026-07-20,Gọi lại theo yêu cầu KH,Callback requested,True,2,"KH bận, hẹn gọi lại vào cuối tuần."
1337,7390,2026-08-24,RM call,Callback requested,True,5,"KH bận, hẹn gọi lại vào cuối tuần."
1338,7393,2026-08-14,Đặt lịch hẹn tại chi nhánh,Callback requested,True,5,"KH bận, hẹn gọi lại vào cuối tuần."
1339,7394,2026-07-21,RM call,No response,False,3,"Gọi 2 lần không liên lạc được, sẽ thử kênh email."
1340,7402,2026-07-29,Gửi email tư vấn,Converted,False,5,"KH đồng ý mở sản phẩm, đã hoàn tất hồ sơ."
1341,7405,2026-08-24,Gọi lại theo yêu cầu KH,Callback requested,True,4,"KH bận, hẹn gọi lại vào cuối tuần."
1342,7414,2026-07-22,RM call,Interested,True,4,"KH quan tâm, cần gửi thêm bảng minh hoạ lãi suất/phí."
1343,7417,2026-08-20,Đặt lịch hẹn tại chi nhánh,No response,False,3,"Gọi 2 lần không liên lạc được, sẽ thử kênh email."
1344,7420,2026-07-25,Gửi email tư vấn,Interested,True,5,"KH quan tâm, cần gửi thêm bảng minh hoạ lãi suất/phí."
1345,7429,2026-08-17,Gọi lại theo yêu cầu KH,Callback requested,True,5,"KH bận, hẹn gọi lại vào cuối tuần."
1346,7433,2026-07-28,Đặt lịch hẹn tại chi nhánh,Callback requested,True,4,"KH bận, hẹn gọi lại vào cuối tuần."
1347,7456,2026-08-24,Gọi lại theo yêu cầu KH,Interested,True,5,"KH quan tâm, cần gửi thêm bảng minh hoạ lãi suất/phí."
1348,7465,2026-08-02,Gọi lại theo yêu cầu KH,Callback requested,True,4,"KH bận, hẹn gọi lại vào cuối tuần."
1349,7471,2026-08-19,Gọi lại theo yêu cầu KH,No response,False,3,"Gọi 2 lần không liên lạc được, sẽ thử kênh email."
1350,7472,2026-08-04,RM call,Interested,True,3,"KH quan tâm, cần gửi thêm bảng minh hoạ lãi suất/phí."
1351,7478,2026-08-22,Gửi email tư vấn,Interested,True,4,"KH quan tâm, cần gửi thêm bảng minh hoạ lãi suất/phí."
1352,7480,2026-08-09,Gọi lại theo yêu cầu KH,Interested,True,4,"KH quan tâm, cần gửi thêm bảng minh hoạ lãi suất/phí."
1353,7483,2026-07-25,Đặt lịch hẹn tại chi nhánh,Converted,False,4,"KH đồng ý mở sản phẩm, đã hoàn tất hồ sơ."
1354,7486,2026-08-01,SMS follow-up,Converted,True,4,"KH đồng ý mở sản phẩm, đã hoàn tất hồ sơ."
1355,7489,2026-08-04,RM call,Interested,True,4,"KH quan tâm, cần gửi thêm bảng minh hoạ lãi suất/phí."
1356,7502,2026-07-22,Đặt lịch hẹn tại chi nhánh,No response,False,5,"Gọi 2 lần không liên lạc được, sẽ thử kênh email."
1357,7505,2026-08-13,Đặt lịch hẹn tại chi nhánh,No response,False,1,"Gọi 2 lần không liên lạc được, sẽ thử kênh email."
1358,7507,2026-08-15,Gọi lại theo yêu cầu KH,Interested,True,2,"KH quan tâm, cần gửi thêm bảng minh hoạ lãi suất/phí."
1359,7525,2026-08-06,RM call,No response,False,5,"Gọi 2 lần không liên lạc được, sẽ thử kênh email."
1360,7531,2026-07-26,Đặt lịch hẹn tại chi nhánh,Callback requested,True,4,"KH bận, hẹn gọi lại vào cuối tuần."
1361,7549,2026-08-15,Gọi lại theo yêu cầu KH,Callback requested,True,5,"KH bận, hẹn gọi lại vào cuối tuần."
1362,7555,2026-07-24,Gửi email tư vấn,Converted,True,4,"KH đồng ý mở sản phẩm, đã hoàn tất hồ sơ."
1363,7556,2026-08-01,SMS follow-up,No response,False,3,"Gọi 2 lần không liên lạc được, sẽ thử kênh email."
1364,7558,2026-07-27,SMS follow-up,Converted,False,5,"KH đồng ý mở sản phẩm, đã hoàn tất hồ sơ."
1365,7571,2026-08-07,Đặt lịch hẹn tại chi nhánh,Callback requested,True,3,"KH bận, hẹn gọi lại vào cuối tuần."
1366,7576,2026-08-11,Gửi email tư vấn,Converted,False,5,"KH đồng ý mở sản phẩm, đã hoàn tất hồ sơ."
1367,7577,2026-08-01,RM call,Converted,False,5,"KH đồng ý mở sản phẩm, đã hoàn tất hồ sơ."
1368,7594,2026-07-31,Đặt lịch hẹn tại chi nhánh,Interested,True,5,"KH quan tâm, cần gửi thêm bảng minh hoạ lãi suất/phí."
1369,7597,2026-08-18,SMS follow-up,Converted,False,1,"KH đồng ý mở sản phẩm, đã hoàn tất hồ sơ."
1370,7601,2026-08-13,Đặt lịch hẹn tại chi nhánh,Converted,False,4,"KH đồng ý mở sản phẩm, đã hoàn tất hồ sơ."
1371,7603,2026-07-21,Gửi email tư vấn,Callback requested,True,4,"KH bận, hẹn gọi lại vào cuối tuần."
1372,7621,2026-08-24,RM call,Callback requested,True,5,"KH bận, hẹn gọi lại vào cuối tuần."
1373,7624,2026-08-25,Đặt lịch hẹn tại chi nhánh,Converted,False,5,"KH đồng ý mở sản phẩm, đã hoàn tất hồ sơ."
1374,7633,2026-07-26,Gửi email tư vấn,Interested,True,4,"KH quan tâm, cần gửi thêm bảng minh hoạ lãi suất/phí."
1375,7639,2026-07-29,Gửi email tư vấn,Callback requested,True,1,"KH bận, hẹn gọi lại vào cuối tuần."
1376,7646,2026-08-17,Đặt lịch hẹn tại chi nhánh,Converted,False,4,"KH đồng ý mở sản phẩm, đã hoàn tất hồ sơ."
1377,7648,2026-08-15,Gửi email tư vấn,Callback requested,True,5,"KH bận, hẹn gọi lại vào cuối tuần."
1378,7655,2026-08-02,SMS follow-up,Converted,False,3,"KH đồng ý mở sản phẩm, đã hoàn tất hồ sơ."
1379,7660,2026-07-19,SMS follow-up,Callback requested,True,2,"KH bận, hẹn gọi lại vào cuối tuần."
1380,7669,2026-08-18,RM call,Converted,False,4,"KH đồng ý mở sản phẩm, đã hoàn tất hồ sơ."
1381,7670,2026-08-11,Gọi lại theo yêu cầu KH,Interested,True,4,"KH quan tâm, cần gửi thêm bảng minh hoạ lãi suất/phí."
1382,7672,2026-08-07,RM call,Interested,True,4,"KH quan tâm, cần gửi thêm bảng minh hoạ lãi suất/phí."
1383,7673,2026-08-20,RM call,Callback requested,True,4,"KH bận, hẹn gọi lại vào cuối tuần."
1384,7675,2026-07-22,Gọi lại theo yêu cầu KH,No response,False,4,"Gọi 2 lần không liên lạc được, sẽ thử kênh email."
1385,7685,2026-07-20,RM call,Interested,True,1,"KH quan tâm, cần gửi thêm bảng minh hoạ lãi suất/phí."
1386,7687,2026-07-19,Đặt lịch hẹn tại chi nhánh,Interested,True,1,"KH quan tâm, cần gửi thêm bảng minh hoạ lãi suất/phí."
1387,7690,2026-07-30,Gọi lại theo yêu cầu KH,Interested,True,4,"KH quan tâm, cần gửi thêm bảng minh hoạ lãi suất/phí."
1388,7699,2026-08-17,SMS follow-up,Interested,True,5,"KH quan tâm, cần gửi thêm bảng minh hoạ lãi suất/phí."
1389,7706,2026-08-13,Đặt lịch hẹn tại chi nhánh,Callback requested,True,1,"KH bận, hẹn gọi lại vào cuối tuần."
1390,7708,2026-07-23,Đặt lịch hẹn tại chi nhánh,Interested,True,4,"KH quan tâm, cần gửi thêm bảng minh hoạ lãi suất/phí."
1391,7711,2026-07-29,RM call,Callback requested,True,4,"KH bận, hẹn gọi lại vào cuối tuần."
1392,7714,2026-08-20,Gửi email tư vấn,Converted,False,4,"KH đồng ý mở sản phẩm, đã hoàn tất hồ sơ."
1393,7717,2026-08-08,Gửi email tư vấn,No response,False,2,"Gọi 2 lần không liên lạc được, sẽ thử kênh email."
1394,7721,2026-07-29,Đặt lịch hẹn tại chi nhánh,Interested,True,3,"KH quan tâm, cần gửi thêm bảng minh hoạ lãi suất/phí."
1395,7727,2026-08-14,RM call,Callback requested,True,3,"KH bận, hẹn gọi lại vào cuối tuần."
1396,7732,2026-08-09,Gửi email tư vấn,No response,False,3,"Gọi 2 lần không liên lạc được, sẽ thử kênh email."
1397,7738,2026-08-04,Đặt lịch hẹn tại chi nhánh,Interested,True,3,"KH quan tâm, cần gửi thêm bảng minh hoạ lãi suất/phí."
1398,7741,2026-07-25,RM call,Interested,True,5,"KH quan tâm, cần gửi thêm bảng minh hoạ lãi suất/phí."
1399,7742,2026-07-26,Gọi lại theo yêu cầu KH,Converted,False,5,"KH đồng ý mở sản phẩm, đã hoàn tất hồ sơ."
1400,7747,2026-08-23,Gửi email tư vấn,Interested,True,4,"KH quan tâm, cần gửi thêm bảng minh hoạ lãi suất/phí."
1401,7748,2026-07-31,SMS follow-up,Interested,True,3,"KH quan tâm, cần gửi thêm bảng minh hoạ lãi suất/phí."
1402,7750,2026-07-21,Gọi lại theo yêu cầu KH,Converted,False,5,"KH đồng ý mở sản phẩm, đã hoàn tất hồ sơ."
1403,7751,2026-08-20,Gửi email tư vấn,Converted,False,4,"KH đồng ý mở sản phẩm, đã hoàn tất hồ sơ."
1404,7753,2026-07-25,RM call,Callback requested,True,5,"KH bận, hẹn gọi lại vào cuối tuần."
1405,7759,2026-08-27,Đặt lịch hẹn tại chi nhánh,No response,False,5,"Gọi 2 lần không liên lạc được, sẽ thử kênh email."
1406,7765,2026-07-29,SMS follow-up,Callback requested,True,5,"KH bận, hẹn gọi lại vào cuối tuần."
1407,7768,2026-07-23,SMS follow-up,Converted,False,5,"KH đồng ý mở sản phẩm, đã hoàn tất hồ sơ."
1408,7769,2026-08-14,Gọi lại theo yêu cầu KH,No response,True,3,"Gọi 2 lần không liên lạc được, sẽ thử kênh email."
1409,7772,2026-08-13,Gọi lại theo yêu cầu KH,Callback requested,True,3,"KH bận, hẹn gọi lại vào cuối tuần."
1410,7781,2026-07-19,RM call,Converted,False,4,"KH đồng ý mở sản phẩm, đã hoàn tất hồ sơ."
1411,7786,2026-08-11,SMS follow-up,Interested,True,3,"KH quan tâm, cần gửi thêm bảng minh hoạ lãi suất/phí."
1412,7801,2026-08-25,Đặt lịch hẹn tại chi nhánh,Interested,True,5,"KH quan tâm, cần gửi thêm bảng minh hoạ lãi suất/phí."
1413,7807,2026-08-17,RM call,Interested,True,5,"KH quan tâm, cần gửi thêm bảng minh hoạ lãi suất/phí."
1414,7810,2026-08-21,Đặt lịch hẹn tại chi nhánh,Callback requested,True,1,"KH bận, hẹn gọi lại vào cuối tuần."
1415,7819,2026-08-01,RM call,Converted,True,5,"KH đồng ý mở sản phẩm, đã hoàn tất hồ sơ."
1416,7822,2026-08-16,Đặt lịch hẹn tại chi nhánh,Converted,False,4,"KH đồng ý mở sản phẩm, đã hoàn tất hồ sơ."
1417,7823,2026-08-18,Gửi email tư vấn,Converted,True,4,"KH đồng ý mở sản phẩm, đã hoàn tất hồ sơ."
1418,7825,2026-08-10,Gọi lại theo yêu cầu KH,Not interested,False,1,KH cho biết chưa có nhu cầu ở thời điểm hiện tại.
1419,7828,2026-08-06,Gửi email tư vấn,Interested,True,5,"KH quan tâm, cần gửi thêm bảng minh hoạ lãi suất/phí."
1420,7831,2026-08-26,Đặt lịch hẹn tại chi nhánh,Converted,True,4,"KH đồng ý mở sản phẩm, đã hoàn tất hồ sơ."
1421,7837,2026-07-24,SMS follow-up,Callback requested,True,4,"KH bận, hẹn gọi lại vào cuối tuần."
1422,7840,2026-08-08,RM call,Callback requested,True,3,"KH bận, hẹn gọi lại vào cuối tuần."
1423,7843,2026-08-09,Gọi lại theo yêu cầu KH,Interested,True,5,"KH quan tâm, cần gửi thêm bảng minh hoạ lãi suất/phí."
1424,7846,2026-07-21,Gửi email tư vấn,Converted,False,5,"KH đồng ý mở sản phẩm, đã hoàn tất hồ sơ."
1425,7852,2026-08-13,Đặt lịch hẹn tại chi nhánh,Interested,True,4,"KH quan tâm, cần gửi thêm bảng minh hoạ lãi suất/phí."
1426,7856,2026-08-19,SMS follow-up,Callback requested,True,2,"KH bận, hẹn gọi lại vào cuối tuần."
1427,7858,2026-08-26,RM call,Callback requested,True,5,"KH bận, hẹn gọi lại vào cuối tuần."
1428,7864,2026-08-21,Đặt lịch hẹn tại chi nhánh,No response,True,4,"Gọi 2 lần không liên lạc được, sẽ thử kênh email."
1429,7870,2026-08-09,Đặt lịch hẹn tại chi nhánh,Callback requested,True,4,"KH bận, hẹn gọi lại vào cuối tuần."
1430,7873,2026-08-03,Đặt lịch hẹn tại chi nhánh,Callback requested,True,4,"KH bận, hẹn gọi lại vào cuối tuần."
1431,7876,2026-07-19,SMS follow-up,Interested,True,5,"KH quan tâm, cần gửi thêm bảng minh hoạ lãi suất/phí."
1432,7883,2026-07-27,Gửi email tư vấn,Interested,True,5,"KH quan tâm, cần gửi thêm bảng minh hoạ lãi suất/phí."
1433,7885,2026-07-31,Gửi email tư vấn,Interested,True,5,"KH quan tâm, cần gửi thêm bảng minh hoạ lãi suất/phí."
1434,7894,2026-08-05,Gửi email tư vấn,Converted,False,2,"KH đồng ý mở sản phẩm, đã hoàn tất hồ sơ."
1435,7900,2026-08-08,Đặt lịch hẹn tại chi nhánh,Interested,True,4,"KH quan tâm, cần gửi thêm bảng minh hoạ lãi suất/phí."
1436,7903,2026-08-25,SMS follow-up,Converted,False,5,"KH đồng ý mở sản phẩm, đã hoàn tất hồ sơ."
1437,7906,2026-08-13,Gửi email tư vấn,Converted,True,4,"KH đồng ý mở sản phẩm, đã hoàn tất hồ sơ."
1438,7909,2026-07-25,Gọi lại theo yêu cầu KH,Converted,False,4,"KH đồng ý mở sản phẩm, đã hoàn tất hồ sơ."
1439,7915,2026-08-06,Gửi email tư vấn,No response,False,2,"Gọi 2 lần không liên lạc được, sẽ thử kênh email."
1440,7925,2026-08-23,Gọi lại theo yêu cầu KH,No response,False,2,"Gọi 2 lần không liên lạc được, sẽ thử kênh email."
1441,7936,2026-08-11,Đặt lịch hẹn tại chi nhánh,Interested,True,4,"KH quan tâm, cần gửi thêm bảng minh hoạ lãi suất/phí."
1442,7939,2026-07-28,SMS follow-up,No response,True,2,"Gọi 2 lần không liên lạc được, sẽ thử kênh email."
1443,7940,2026-07-26,RM call,No response,False,2,"Gọi 2 lần không liên lạc được, sẽ thử kênh email."
1444,7958,2026-08-04,SMS follow-up,Callback requested,True,3,"KH bận, hẹn gọi lại vào cuối tuần."
1445,7960,2026-07-22,Gửi email tư vấn,Callback requested,True,1,"KH bận, hẹn gọi lại vào cuối tuần."
1446,7961,2026-08-06,Gọi lại theo yêu cầu KH,No response,False,1,"Gọi 2 lần không liên lạc được, sẽ thử kênh email."
1447,7972,2026-08-12,Gửi email tư vấn,Converted,False,4,"KH đồng ý mở sản phẩm, đã hoàn tất hồ sơ."
1448,7979,2026-07-26,Gửi email tư vấn,Callback requested,True,4,"KH bận, hẹn gọi lại vào cuối tuần."
1449,7984,2026-08-23,Gọi lại theo yêu cầu KH,Interested,True,4,"KH quan tâm, cần gửi thêm bảng minh hoạ lãi suất/phí."
1450,7987,2026-08-27,Gọi lại theo yêu cầu KH,Converted,False,5,"KH đồng ý mở sản phẩm, đã hoàn tất hồ sơ."
1451,8014,2026-08-18,Gửi email tư vấn,Callback requested,True,5,"KH bận, hẹn gọi lại vào cuối tuần."
1452,8015,2026-08-22,SMS follow-up,Converted,False,5,"KH đồng ý mở sản phẩm, đã hoàn tất hồ sơ."
1453,8017,2026-07-25,SMS follow-up,Callback requested,True,5,"KH bận, hẹn gọi lại vào cuối tuần."
1454,8020,2026-07-23,SMS follow-up,Callback requested,True,3,"KH bận, hẹn gọi lại vào cuối tuần."
1455,8023,2026-08-17,Gọi lại theo yêu cầu KH,Converted,False,3,"KH đồng ý mở sản phẩm, đã hoàn tất hồ sơ."
1456,8026,2026-08-27,Gọi lại theo yêu cầu KH,Converted,False,4,"KH đồng ý mở sản phẩm, đã hoàn tất hồ sơ."
1457,8029,2026-08-15,SMS follow-up,Converted,False,3,"KH đồng ý mở sản phẩm, đã hoàn tất hồ sơ."
1458,8036,2026-08-24,SMS follow-up,Interested,True,1,"KH quan tâm, cần gửi thêm bảng minh hoạ lãi suất/phí."
1459,8041,2026-07-25,Gọi lại theo yêu cầu KH,No response,True,3,"Gọi 2 lần không liên lạc được, sẽ thử kênh email."
1460,8056,2026-07-22,Gọi lại theo yêu cầu KH,Converted,True,1,"KH đồng ý mở sản phẩm, đã hoàn tất hồ sơ."
1461,8059,2026-07-20,Đặt lịch hẹn tại chi nhánh,Converted,False,5,"KH đồng ý mở sản phẩm, đã hoàn tất hồ sơ."
1462,8060,2026-08-15,Gọi lại theo yêu cầu KH,Converted,True,5,"KH đồng ý mở sản phẩm, đã hoàn tất hồ sơ."
1463,8062,2026-08-07,RM call,Callback requested,True,1,"KH bận, hẹn gọi lại vào cuối tuần."
1464,8068,2026-07-30,SMS follow-up,Interested,True,5,"KH quan tâm, cần gửi thêm bảng minh hoạ lãi suất/phí."
1465,8083,2026-07-26,Gửi email tư vấn,Interested,True,2,"KH quan tâm, cần gửi thêm bảng minh hoạ lãi suất/phí."
1466,8084,2026-08-01,Đặt lịch hẹn tại chi nhánh,Interested,True,2,"KH quan tâm, cần gửi thêm bảng minh hoạ lãi suất/phí."
1467,8086,2026-07-31,Gọi lại theo yêu cầu KH,Callback requested,True,5,"KH bận, hẹn gọi lại vào cuối tuần."
1468,8089,2026-08-23,Gọi lại theo yêu cầu KH,Interested,True,3,"KH quan tâm, cần gửi thêm bảng minh hoạ lãi suất/phí."
1469,8101,2026-08-02,RM call,Converted,False,1,"KH đồng ý mở sản phẩm, đã hoàn tất hồ sơ."
1470,8107,2026-08-04,Gọi lại theo yêu cầu KH,Converted,False,5,"KH đồng ý mở sản phẩm, đã hoàn tất hồ sơ."
1471,8108,2026-07-28,Gọi lại theo yêu cầu KH,Callback requested,True,5,"KH bận, hẹn gọi lại vào cuối tuần."
1472,8113,2026-08-01,Đặt lịch hẹn tại chi nhánh,Not interested,True,1,KH cho biết chưa có nhu cầu ở thời điểm hiện tại.
1473,8116,2026-08-12,SMS follow-up,Converted,True,5,"KH đồng ý mở sản phẩm, đã hoàn tất hồ sơ."
1474,8122,2026-08-06,RM call,Converted,False,4,"KH đồng ý mở sản phẩm, đã hoàn tất hồ sơ."
1475,8128,2026-08-19,Gửi email tư vấn,Interested,True,3,"KH quan tâm, cần gửi thêm bảng minh hoạ lãi suất/phí."
1476,8132,2026-07-23,Gọi lại theo yêu cầu KH,Converted,True,1,"KH đồng ý mở sản phẩm, đã hoàn tất hồ sơ."
1477,8134,2026-07-29,RM call,Interested,True,4,"KH quan tâm, cần gửi thêm bảng minh hoạ lãi suất/phí."
1478,8138,2026-08-11,Đặt lịch hẹn tại chi nhánh,Converted,False,4,"KH đồng ý mở sản phẩm, đã hoàn tất hồ sơ."
1479,8140,2026-08-10,RM call,Interested,True,3,"KH quan tâm, cần gửi thêm bảng minh hoạ lãi suất/phí."
1480,8143,2026-07-23,Đặt lịch hẹn tại chi nhánh,Interested,True,3,"KH quan tâm, cần gửi thêm bảng minh hoạ lãi suất/phí."
1481,8158,2026-08-13,Đặt lịch hẹn tại chi nhánh,Converted,False,3,"KH đồng ý mở sản phẩm, đã hoàn tất hồ sơ."
1482,8161,2026-08-27,Đặt lịch hẹn tại chi nhánh,Converted,False,2,"KH đồng ý mở sản phẩm, đã hoàn tất hồ sơ."
1483,8167,2026-08-10,Gửi email tư vấn,Interested,True,4,"KH quan tâm, cần gửi thêm bảng minh hoạ lãi suất/phí."
1484,8173,2026-08-13,Đặt lịch hẹn tại chi nhánh,No response,False,4,"Gọi 2 lần không liên lạc được, sẽ thử kênh email."
1485,8177,2026-08-03,Gọi lại theo yêu cầu KH,Callback requested,True,2,"KH bận, hẹn gọi lại vào cuối tuần."
1486,8185,2026-07-21,RM call,Converted,False,5,"KH đồng ý mở sản phẩm, đã hoàn tất hồ sơ."
1487,8188,2026-08-24,Gọi lại theo yêu cầu KH,No response,False,1,"Gọi 2 lần không liên lạc được, sẽ thử kênh email."
1488,8191,2026-08-19,RM call,No response,False,5,"Gọi 2 lần không liên lạc được, sẽ thử kênh email."
1489,8194,2026-08-21,Gọi lại theo yêu cầu KH,Callback requested,True,5,"KH bận, hẹn gọi lại vào cuối tuần."
1490,8200,2026-07-31,Gửi email tư vấn,Converted,False,5,"KH đồng ý mở sản phẩm, đã hoàn tất hồ sơ."
1491,8203,2026-07-25,Gọi lại theo yêu cầu KH,Converted,False,5,"KH đồng ý mở sản phẩm, đã hoàn tất hồ sơ."
1492,8215,2026-08-01,SMS follow-up,Callback requested,True,1,"KH bận, hẹn gọi lại vào cuối tuần."
1493,8224,2026-08-01,RM call,No response,False,2,"Gọi 2 lần không liên lạc được, sẽ thử kênh email."
1494,8227,2026-08-18,Đặt lịch hẹn tại chi nhánh,Converted,False,5,"KH đồng ý mở sản phẩm, đã hoàn tất hồ sơ."
1495,8228,2026-08-10,Đặt lịch hẹn tại chi nhánh,Interested,True,5,"KH quan tâm, cần gửi thêm bảng minh hoạ lãi suất/phí."
1496,8236,2026-07-19,RM call,Interested,True,3,"KH quan tâm, cần gửi thêm bảng minh hoạ lãi suất/phí."
1497,8245,2026-08-16,RM call,Converted,True,3,"KH đồng ý mở sản phẩm, đã hoàn tất hồ sơ."
1498,8248,2026-08-26,Đặt lịch hẹn tại chi nhánh,Converted,True,5,"KH đồng ý mở sản phẩm, đã hoàn tất hồ sơ."
1499,8249,2026-08-09,Gọi lại theo yêu cầu KH,Converted,False,1,"KH đồng ý mở sản phẩm, đã hoàn tất hồ sơ."
1500,8257,2026-08-27,SMS follow-up,No response,True,4,"Gọi 2 lần không liên lạc được, sẽ thử kênh email."
1501,8260,2026-08-20,Đặt lịch hẹn tại chi nhánh,Callback requested,True,5,"KH bận, hẹn gọi lại vào cuối tuần."
1502,8270,2026-08-14,Gọi lại theo yêu cầu KH,Converted,True,2,"KH đồng ý mở sản phẩm, đã hoàn tất hồ sơ."
1503,8273,2026-08-08,RM call,Not interested,False,1,KH cho biết chưa có nhu cầu ở thời điểm hiện tại.
1504,8275,2026-08-06,Gửi email tư vấn,No response,True,2,"Gọi 2 lần không liên lạc được, sẽ thử kênh email."
1505,8287,2026-08-06,Đặt lịch hẹn tại chi nhánh,Converted,False,4,"KH đồng ý mở sản phẩm, đã hoàn tất hồ sơ."
1506,8293,2026-08-17,RM call,Converted,False,4,"KH đồng ý mở sản phẩm, đã hoàn tất hồ sơ."
1507,8299,2026-08-22,RM call,Interested,True,4,"KH quan tâm, cần gửi thêm bảng minh hoạ lãi suất/phí."
1508,8300,2026-08-21,Đặt lịch hẹn tại chi nhánh,Callback requested,True,5,"KH bận, hẹn gọi lại vào cuối tuần."
1509,8308,2026-08-23,RM call,No response,False,1,"Gọi 2 lần không liên lạc được, sẽ thử kênh email."
1510,8314,2026-08-20,Gọi lại theo yêu cầu KH,Converted,False,3,"KH đồng ý mở sản phẩm, đã hoàn tất hồ sơ."
1511,8317,2026-08-19,Gọi lại theo yêu cầu KH,Callback requested,True,3,"KH bận, hẹn gọi lại vào cuối tuần."
1512,8326,2026-08-04,Gọi lại theo yêu cầu KH,Converted,False,5,"KH đồng ý mở sản phẩm, đã hoàn tất hồ sơ."
1513,8329,2026-08-12,SMS follow-up,No response,False,2,"Gọi 2 lần không liên lạc được, sẽ thử kênh email."
1514,8332,2026-08-18,Gọi lại theo yêu cầu KH,Converted,False,3,"KH đồng ý mở sản phẩm, đã hoàn tất hồ sơ."
1515,8338,2026-07-29,Gọi lại theo yêu cầu KH,Converted,False,5,"KH đồng ý mở sản phẩm, đã hoàn tất hồ sơ."
1516,8341,2026-07-31,Đặt lịch hẹn tại chi nhánh,Interested,True,5,"KH quan tâm, cần gửi thêm bảng minh hoạ lãi suất/phí."
1517,8345,2026-08-07,RM call,Converted,True,4,"KH đồng ý mở sản phẩm, đã hoàn tất hồ sơ."
1518,8350,2026-08-10,RM call,Converted,False,5,"KH đồng ý mở sản phẩm, đã hoàn tất hồ sơ."
1519,8356,2026-08-21,SMS follow-up,Interested,True,2,"KH quan tâm, cần gửi thêm bảng minh hoạ lãi suất/phí."
1520,8363,2026-08-25,Đặt lịch hẹn tại chi nhánh,Converted,False,3,"KH đồng ý mở sản phẩm, đã hoàn tất hồ sơ."
1521,8368,2026-08-19,Đặt lịch hẹn tại chi nhánh,Interested,True,5,"KH quan tâm, cần gửi thêm bảng minh hoạ lãi suất/phí."
1522,8377,2026-08-07,Gửi email tư vấn,Interested,True,2,"KH quan tâm, cần gửi thêm bảng minh hoạ lãi suất/phí."
1523,8381,2026-08-19,SMS follow-up,Callback requested,True,2,"KH bận, hẹn gọi lại vào cuối tuần."
1524,8383,2026-08-15,Gửi email tư vấn,No response,False,4,"Gọi 2 lần không liên lạc được, sẽ thử kênh email."
1525,8389,2026-08-16,Gọi lại theo yêu cầu KH,Converted,False,3,"KH đồng ý mở sản phẩm, đã hoàn tất hồ sơ."
1526,8390,2026-08-27,Đặt lịch hẹn tại chi nhánh,Converted,False,4,"KH đồng ý mở sản phẩm, đã hoàn tất hồ sơ."
1527,8395,2026-08-25,RM call,Converted,False,2,"KH đồng ý mở sản phẩm, đã hoàn tất hồ sơ."
1528,8398,2026-08-08,Đặt lịch hẹn tại chi nhánh,No response,False,3,"Gọi 2 lần không liên lạc được, sẽ thử kênh email."
1529,8399,2026-08-07,RM call,No response,True,4,"Gọi 2 lần không liên lạc được, sẽ thử kênh email."
1530,8401,2026-07-23,Đặt lịch hẹn tại chi nhánh,Converted,False,2,"KH đồng ý mở sản phẩm, đã hoàn tất hồ sơ."
1531,8404,2026-08-12,Gửi email tư vấn,Converted,False,3,"KH đồng ý mở sản phẩm, đã hoàn tất hồ sơ."
1532,8407,2026-08-22,SMS follow-up,Callback requested,True,4,"KH bận, hẹn gọi lại vào cuối tuần."
1533,8416,2026-07-30,Gọi lại theo yêu cầu KH,Interested,True,5,"KH quan tâm, cần gửi thêm bảng minh hoạ lãi suất/phí."
1534,8425,2026-08-27,RM call,Converted,False,5,"KH đồng ý mở sản phẩm, đã hoàn tất hồ sơ."
1535,8428,2026-07-21,RM call,Converted,False,5,"KH đồng ý mở sản phẩm, đã hoàn tất hồ sơ."
1536,8429,2026-08-25,SMS follow-up,Interested,True,4,"KH quan tâm, cần gửi thêm bảng minh hoạ lãi suất/phí."
1537,8431,2026-08-03,Gọi lại theo yêu cầu KH,Callback requested,True,3,"KH bận, hẹn gọi lại vào cuối tuần."
1538,8438,2026-08-13,Đặt lịch hẹn tại chi nhánh,Callback requested,True,1,"KH bận, hẹn gọi lại vào cuối tuần."
1539,8440,2026-08-18,RM call,Interested,True,4,"KH quan tâm, cần gửi thêm bảng minh hoạ lãi suất/phí."
1540,8446,2026-07-25,Gửi email tư vấn,No response,False,4,"Gọi 2 lần không liên lạc được, sẽ thử kênh email."
1541,8449,2026-08-08,SMS follow-up,Converted,False,5,"KH đồng ý mở sản phẩm, đã hoàn tất hồ sơ."
1542,8455,2026-08-23,SMS follow-up,Converted,False,5,"KH đồng ý mở sản phẩm, đã hoàn tất hồ sơ."
1543,8458,2026-08-11,Gọi lại theo yêu cầu KH,Converted,False,4,"KH đồng ý mở sản phẩm, đã hoàn tất hồ sơ."
1544,8470,2026-08-04,Đặt lịch hẹn tại chi nhánh,Interested,True,5,"KH quan tâm, cần gửi thêm bảng minh hoạ lãi suất/phí."
1545,8471,2026-08-21,Gửi email tư vấn,Interested,True,1,"KH quan tâm, cần gửi thêm bảng minh hoạ lãi suất/phí."
1546,8474,2026-07-23,Đặt lịch hẹn tại chi nhánh,Interested,True,3,"KH quan tâm, cần gửi thêm bảng minh hoạ lãi suất/phí."
1547,8476,2026-07-22,Gửi email tư vấn,Callback requested,True,2,"KH bận, hẹn gọi lại vào cuối tuần."
1548,8482,2026-07-24,Gọi lại theo yêu cầu KH,Converted,True,5,"KH đồng ý mở sản phẩm, đã hoàn tất hồ sơ."
1549,8485,2026-08-09,Gọi lại theo yêu cầu KH,Converted,False,2,"KH đồng ý mở sản phẩm, đã hoàn tất hồ sơ."
1550,8486,2026-08-09,Gọi lại theo yêu cầu KH,No response,True,1,"Gọi 2 lần không liên lạc được, sẽ thử kênh email."
1551,8491,2026-08-17,RM call,Callback requested,True,2,"KH bận, hẹn gọi lại vào cuối tuần."
1552,8494,2026-08-24,Gửi email tư vấn,Converted,False,5,"KH đồng ý mở sản phẩm, đã hoàn tất hồ sơ."
1553,8515,2026-08-18,RM call,Converted,False,5,"KH đồng ý mở sản phẩm, đã hoàn tất hồ sơ."
1554,8527,2026-08-04,SMS follow-up,No response,False,4,"Gọi 2 lần không liên lạc được, sẽ thử kênh email."
1555,8530,2026-07-22,Gọi lại theo yêu cầu KH,Converted,False,4,"KH đồng ý mở sản phẩm, đã hoàn tất hồ sơ."
1556,8533,2026-08-03,Gửi email tư vấn,Converted,False,3,"KH đồng ý mở sản phẩm, đã hoàn tất hồ sơ."
1557,8539,2026-08-04,Gọi lại theo yêu cầu KH,Callback requested,True,5,"KH bận, hẹn gọi lại vào cuối tuần."
1558,8542,2026-08-07,RM call,Converted,False,3,"KH đồng ý mở sản phẩm, đã hoàn tất hồ sơ."
1559,8548,2026-08-04,SMS follow-up,No response,False,4,"Gọi 2 lần không liên lạc được, sẽ thử kênh email."
1560,8554,2026-08-24,RM call,Converted,True,4,"KH đồng ý mở sản phẩm, đã hoàn tất hồ sơ."
1561,8557,2026-08-03,Gọi lại theo yêu cầu KH,Converted,False,4,"KH đồng ý mở sản phẩm, đã hoàn tất hồ sơ."
1562,8569,2026-08-11,Gửi email tư vấn,No response,False,1,"Gọi 2 lần không liên lạc được, sẽ thử kênh email."
1563,8570,2026-07-21,SMS follow-up,Callback requested,True,1,"KH bận, hẹn gọi lại vào cuối tuần."
1564,8576,2026-08-16,SMS follow-up,Converted,True,1,"KH đồng ý mở sản phẩm, đã hoàn tất hồ sơ."
1565,8578,2026-08-02,SMS follow-up,No response,True,5,"Gọi 2 lần không liên lạc được, sẽ thử kênh email."
1566,8584,2026-08-12,SMS follow-up,Callback requested,True,5,"KH bận, hẹn gọi lại vào cuối tuần."
1567,8585,2026-07-31,Gửi email tư vấn,Converted,False,1,"KH đồng ý mở sản phẩm, đã hoàn tất hồ sơ."
1568,8596,2026-08-04,Gửi email tư vấn,Converted,False,4,"KH đồng ý mở sản phẩm, đã hoàn tất hồ sơ."
1569,8597,2026-07-19,SMS follow-up,Callback requested,True,4,"KH bận, hẹn gọi lại vào cuối tuần."
1570,8599,2026-08-23,Gửi email tư vấn,Interested,True,5,"KH quan tâm, cần gửi thêm bảng minh hoạ lãi suất/phí."
1571,8608,2026-08-09,Gọi lại theo yêu cầu KH,Converted,False,4,"KH đồng ý mở sản phẩm, đã hoàn tất hồ sơ."
1572,8623,2026-07-30,Đặt lịch hẹn tại chi nhánh,Interested,True,4,"KH quan tâm, cần gửi thêm bảng minh hoạ lãi suất/phí."
1573,8629,2026-08-15,RM call,Converted,False,5,"KH đồng ý mở sản phẩm, đã hoàn tất hồ sơ."
1574,8632,2026-07-26,Đặt lịch hẹn tại chi nhánh,Interested,True,4,"KH quan tâm, cần gửi thêm bảng minh hoạ lãi suất/phí."
1575,8633,2026-07-25,Đặt lịch hẹn tại chi nhánh,Callback requested,True,3,"KH bận, hẹn gọi lại vào cuối tuần."
1576,8635,2026-08-15,RM call,Callback requested,True,4,"KH bận, hẹn gọi lại vào cuối tuần."
1577,8639,2026-07-26,Gửi email tư vấn,Callback requested,True,3,"KH bận, hẹn gọi lại vào cuối tuần."
1578,8641,2026-07-26,Gọi lại theo yêu cầu KH,Callback requested,True,5,"KH bận, hẹn gọi lại vào cuối tuần."
1579,8644,2026-08-23,Gọi lại theo yêu cầu KH,No response,False,2,"Gọi 2 lần không liên lạc được, sẽ thử kênh email."
1580,8647,2026-08-02,RM call,Interested,True,4,"KH quan tâm, cần gửi thêm bảng minh hoạ lãi suất/phí."
1581,8653,2026-08-24,RM call,Converted,False,5,"KH đồng ý mở sản phẩm, đã hoàn tất hồ sơ."
1582,8668,2026-08-15,Gửi email tư vấn,Converted,True,4,"KH đồng ý mở sản phẩm, đã hoàn tất hồ sơ."
1583,8680,2026-08-14,Đặt lịch hẹn tại chi nhánh,Callback requested,True,4,"KH bận, hẹn gọi lại vào cuối tuần."
1584,8701,2026-08-23,RM call,Callback requested,True,5,"KH bận, hẹn gọi lại vào cuối tuần."
1585,8704,2026-08-02,RM call,Converted,False,3,"KH đồng ý mở sản phẩm, đã hoàn tất hồ sơ."
1586,8710,2026-07-27,RM call,Not interested,False,3,KH cho biết chưa có nhu cầu ở thời điểm hiện tại.
1587,8713,2026-07-21,Đặt lịch hẹn tại chi nhánh,Callback requested,True,4,"KH bận, hẹn gọi lại vào cuối tuần."
1588,8716,2026-08-02,Gửi email tư vấn,Converted,False,1,"KH đồng ý mở sản phẩm, đã hoàn tất hồ sơ."
1589,8725,2026-07-31,Gửi email tư vấn,Interested,True,2,"KH quan tâm, cần gửi thêm bảng minh hoạ lãi suất/phí."
1590,8728,2026-08-14,Gọi lại theo yêu cầu KH,Converted,True,5,"KH đồng ý mở sản phẩm, đã hoàn tất hồ sơ."
1591,8731,2026-08-20,Gửi email tư vấn,Not interested,True,1,KH cho biết chưa có nhu cầu ở thời điểm hiện tại.
1592,8735,2026-07-26,Gọi lại theo yêu cầu KH,No response,False,4,"Gọi 2 lần không liên lạc được, sẽ thử kênh email."
1593,8737,2026-08-17,RM call,Interested,True,2,"KH quan tâm, cần gửi thêm bảng minh hoạ lãi suất/phí."
1594,8740,2026-08-04,Đặt lịch hẹn tại chi nhánh,No response,False,2,"Gọi 2 lần không liên lạc được, sẽ thử kênh email."
1595,8746,2026-07-29,Đặt lịch hẹn tại chi nhánh,Converted,False,4,"KH đồng ý mở sản phẩm, đã hoàn tất hồ sơ."
1596,8752,2026-08-16,Đặt lịch hẹn tại chi nhánh,Converted,True,2,"KH đồng ý mở sản phẩm, đã hoàn tất hồ sơ."
1597,8753,2026-07-20,SMS follow-up,Callback requested,True,2,"KH bận, hẹn gọi lại vào cuối tuần."
1598,8761,2026-08-01,RM call,Converted,False,3,"KH đồng ý mở sản phẩm, đã hoàn tất hồ sơ."
1599,8765,2026-08-09,Gọi lại theo yêu cầu KH,No response,False,3,"Gọi 2 lần không liên lạc được, sẽ thử kênh email."
1600,8767,2026-08-16,RM call,Interested,True,5,"KH quan tâm, cần gửi thêm bảng minh hoạ lãi suất/phí."
1601,8770,2026-07-22,Gửi email tư vấn,Interested,True,2,"KH quan tâm, cần gửi thêm bảng minh hoạ lãi suất/phí."
1602,8776,2026-08-16,Gửi email tư vấn,Converted,False,4,"KH đồng ý mở sản phẩm, đã hoàn tất hồ sơ."
1603,8779,2026-07-26,SMS follow-up,No response,False,2,"Gọi 2 lần không liên lạc được, sẽ thử kênh email."
1604,8780,2026-07-29,Gọi lại theo yêu cầu KH,Callback requested,True,1,"KH bận, hẹn gọi lại vào cuối tuần."
1605,8782,2026-08-07,Đặt lịch hẹn tại chi nhánh,Callback requested,True,3,"KH bận, hẹn gọi lại vào cuối tuần."
1606,8785,2026-08-02,Gửi email tư vấn,Converted,False,5,"KH đồng ý mở sản phẩm, đã hoàn tất hồ sơ."
1607,8795,2026-08-23,RM call,No response,False,1,"Gọi 2 lần không liên lạc được, sẽ thử kênh email."
1608,8797,2026-08-06,Gọi lại theo yêu cầu KH,Converted,False,5,"KH đồng ý mở sản phẩm, đã hoàn tất hồ sơ."
1609,8800,2026-08-27,Gửi email tư vấn,Converted,False,4,"KH đồng ý mở sản phẩm, đã hoàn tất hồ sơ."
1610,8809,2026-07-21,Đặt lịch hẹn tại chi nhánh,Interested,True,5,"KH quan tâm, cần gửi thêm bảng minh hoạ lãi suất/phí."
1611,8815,2026-07-20,Đặt lịch hẹn tại chi nhánh,Interested,True,5,"KH quan tâm, cần gửi thêm bảng minh hoạ lãi suất/phí."
1612,8818,2026-08-17,Đặt lịch hẹn tại chi nhánh,Converted,False,4,"KH đồng ý mở sản phẩm, đã hoàn tất hồ sơ."
1613,8824,2026-08-22,Gọi lại theo yêu cầu KH,Callback requested,True,5,"KH bận, hẹn gọi lại vào cuối tuần."
1614,8827,2026-08-18,Gửi email tư vấn,No response,False,3,"Gọi 2 lần không liên lạc được, sẽ thử kênh email."
1615,8839,2026-07-24,RM call,Converted,False,4,"KH đồng ý mở sản phẩm, đã hoàn tất hồ sơ."
1616,8842,2026-08-11,RM call,Converted,False,4,"KH đồng ý mở sản phẩm, đã hoàn tất hồ sơ."
1617,8851,2026-08-15,Gửi email tư vấn,Converted,False,5,"KH đồng ý mở sản phẩm, đã hoàn tất hồ sơ."
1618,8854,2026-08-09,SMS follow-up,Interested,True,3,"KH quan tâm, cần gửi thêm bảng minh hoạ lãi suất/phí."
1619,8855,2026-08-10,Gọi lại theo yêu cầu KH,Callback requested,True,3,"KH bận, hẹn gọi lại vào cuối tuần."
1620,8866,2026-08-20,Gửi email tư vấn,Interested,True,5,"KH quan tâm, cần gửi thêm bảng minh hoạ lãi suất/phí."
1621,8867,2026-07-22,Gọi lại theo yêu cầu KH,Callback requested,True,3,"KH bận, hẹn gọi lại vào cuối tuần."
1622,8869,2026-08-07,Đặt lịch hẹn tại chi nhánh,Callback requested,True,5,"KH bận, hẹn gọi lại vào cuối tuần."
1623,8875,2026-08-12,RM call,Converted,False,5,"KH đồng ý mở sản phẩm, đã hoàn tất hồ sơ."
1624,8878,2026-08-11,Gọi lại theo yêu cầu KH,Interested,True,3,"KH quan tâm, cần gửi thêm bảng minh hoạ lãi suất/phí."
1625,8902,2026-07-23,Gửi email tư vấn,Converted,False,5,"KH đồng ý mở sản phẩm, đã hoàn tất hồ sơ."
1626,8905,2026-07-20,Đặt lịch hẹn tại chi nhánh,Converted,False,4,"KH đồng ý mở sản phẩm, đã hoàn tất hồ sơ."
1627,8914,2026-08-25,Gửi email tư vấn,Interested,True,1,"KH quan tâm, cần gửi thêm bảng minh hoạ lãi suất/phí."
1628,8929,2026-07-20,RM call,Converted,False,4,"KH đồng ý mở sản phẩm, đã hoàn tất hồ sơ."
1629,8932,2026-08-26,Gửi email tư vấn,Callback requested,True,1,"KH bận, hẹn gọi lại vào cuối tuần."
1630,8944,2026-07-23,SMS follow-up,Callback requested,True,5,"KH bận, hẹn gọi lại vào cuối tuần."
1631,8959,2026-07-24,Đặt lịch hẹn tại chi nhánh,Converted,False,5,"KH đồng ý mở sản phẩm, đã hoàn tất hồ sơ."
1632,8977,2026-08-06,Gửi email tư vấn,Interested,True,4,"KH quan tâm, cần gửi thêm bảng minh hoạ lãi suất/phí."
1633,8983,2026-08-02,RM call,Converted,False,5,"KH đồng ý mở sản phẩm, đã hoàn tất hồ sơ."
1634,8990,2026-08-05,Đặt lịch hẹn tại chi nhánh,Interested,True,4,"KH quan tâm, cần gửi thêm bảng minh hoạ lãi suất/phí."
1635,8995,2026-08-17,Đặt lịch hẹn tại chi nhánh,Converted,False,3,"KH đồng ý mở sản phẩm, đã hoàn tất hồ sơ."
1636,8996,2026-08-06,RM call,Converted,False,3,"KH đồng ý mở sản phẩm, đã hoàn tất hồ sơ."
1637,8998,2026-08-16,RM call,Converted,True,5,"KH đồng ý mở sản phẩm, đã hoàn tất hồ sơ."
1638,9004,2026-08-01,Gọi lại theo yêu cầu KH,Interested,True,5,"KH quan tâm, cần gửi thêm bảng minh hoạ lãi suất/phí."
1639,9007,2026-08-17,Gọi lại theo yêu cầu KH,Interested,True,5,"KH quan tâm, cần gửi thêm bảng minh hoạ lãi suất/phí."
1640,9008,2026-07-31,Gửi email tư vấn,No response,False,4,"Gọi 2 lần không liên lạc được, sẽ thử kênh email."
1641,9016,2026-08-07,SMS follow-up,No response,False,4,"Gọi 2 lần không liên lạc được, sẽ thử kênh email."
1642,9022,2026-08-13,Gọi lại theo yêu cầu KH,No response,False,4,"Gọi 2 lần không liên lạc được, sẽ thử kênh email."
1643,9029,2026-08-18,Đặt lịch hẹn tại chi nhánh,No response,False,1,"Gọi 2 lần không liên lạc được, sẽ thử kênh email."
1644,9032,2026-07-27,SMS follow-up,Interested,True,5,"KH quan tâm, cần gửi thêm bảng minh hoạ lãi suất/phí."
1645,9035,2026-08-16,Gửi email tư vấn,Converted,False,3,"KH đồng ý mở sản phẩm, đã hoàn tất hồ sơ."
1646,9040,2026-07-20,Đặt lịch hẹn tại chi nhánh,Converted,False,2,"KH đồng ý mở sản phẩm, đã hoàn tất hồ sơ."
1647,9041,2026-08-12,Đặt lịch hẹn tại chi nhánh,Callback requested,True,1,"KH bận, hẹn gọi lại vào cuối tuần."
1648,9043,2026-07-21,RM call,No response,False,5,"Gọi 2 lần không liên lạc được, sẽ thử kênh email."
1649,9046,2026-08-27,Gửi email tư vấn,Converted,False,4,"KH đồng ý mở sản phẩm, đã hoàn tất hồ sơ."
1650,9049,2026-08-21,RM call,No response,True,3,"Gọi 2 lần không liên lạc được, sẽ thử kênh email."
1651,9055,2026-07-27,Đặt lịch hẹn tại chi nhánh,Callback requested,True,4,"KH bận, hẹn gọi lại vào cuối tuần."
1652,9061,2026-08-24,Đặt lịch hẹn tại chi nhánh,Converted,False,5,"KH đồng ý mở sản phẩm, đã hoàn tất hồ sơ."
1653,9070,2026-08-26,Gửi email tư vấn,Interested,True,5,"KH quan tâm, cần gửi thêm bảng minh hoạ lãi suất/phí."
1654,9076,2026-08-24,Gọi lại theo yêu cầu KH,Converted,False,5,"KH đồng ý mở sản phẩm, đã hoàn tất hồ sơ."
1655,9080,2026-08-01,SMS follow-up,Converted,False,4,"KH đồng ý mở sản phẩm, đã hoàn tất hồ sơ."
1656,9083,2026-07-28,Gửi email tư vấn,No response,False,1,"Gọi 2 lần không liên lạc được, sẽ thử kênh email."
1657,9091,2026-08-24,SMS follow-up,No response,False,2,"Gọi 2 lần không liên lạc được, sẽ thử kênh email."
1658,9097,2026-08-17,Đặt lịch hẹn tại chi nhánh,No response,False,5,"Gọi 2 lần không liên lạc được, sẽ thử kênh email."
1659,9109,2026-08-07,SMS follow-up,Converted,True,5,"KH đồng ý mở sản phẩm, đã hoàn tất hồ sơ."
1660,9115,2026-08-27,SMS follow-up,Converted,False,4,"KH đồng ý mở sản phẩm, đã hoàn tất hồ sơ."
1661,9116,2026-07-22,SMS follow-up,Callback requested,True,4,"KH bận, hẹn gọi lại vào cuối tuần."
1662,9121,2026-08-17,Gửi email tư vấn,Interested,True,4,"KH quan tâm, cần gửi thêm bảng minh hoạ lãi suất/phí."
1663,9130,2026-07-22,Đặt lịch hẹn tại chi nhánh,Converted,False,3,"KH đồng ý mở sản phẩm, đã hoàn tất hồ sơ."
1664,9136,2026-08-04,Gọi lại theo yêu cầu KH,Converted,False,3,"KH đồng ý mở sản phẩm, đã hoàn tất hồ sơ."
1665,9142,2026-07-31,RM call,Callback requested,True,3,"KH bận, hẹn gọi lại vào cuối tuần."
1666,9143,2026-08-03,Gọi lại theo yêu cầu KH,Interested,True,2,"KH quan tâm, cần gửi thêm bảng minh hoạ lãi suất/phí."
1667,9148,2026-07-22,SMS follow-up,Converted,False,4,"KH đồng ý mở sản phẩm, đã hoàn tất hồ sơ."
1668,9154,2026-07-30,Gửi email tư vấn,Callback requested,True,3,"KH bận, hẹn gọi lại vào cuối tuần."
1669,9157,2026-08-01,Gửi email tư vấn,Converted,True,3,"KH đồng ý mở sản phẩm, đã hoàn tất hồ sơ."
1670,9164,2026-08-17,Gọi lại theo yêu cầu KH,Converted,False,3,"KH đồng ý mở sản phẩm, đã hoàn tất hồ sơ."
1671,9169,2026-08-17,Gọi lại theo yêu cầu KH,Callback requested,True,4,"KH bận, hẹn gọi lại vào cuối tuần."
1672,9175,2026-08-07,Gửi email tư vấn,Callback requested,True,5,"KH bận, hẹn gọi lại vào cuối tuần."
1673,9179,2026-07-28,SMS follow-up,Converted,False,5,"KH đồng ý mở sản phẩm, đã hoàn tất hồ sơ."
1674,9181,2026-08-22,Gọi lại theo yêu cầu KH,Converted,True,5,"KH đồng ý mở sản phẩm, đã hoàn tất hồ sơ."
1675,9190,2026-08-21,RM call,Callback requested,True,4,"KH bận, hẹn gọi lại vào cuối tuần."
1676,9196,2026-08-03,Đặt lịch hẹn tại chi nhánh,Converted,False,5,"KH đồng ý mở sản phẩm, đã hoàn tất hồ sơ."
1677,9202,2026-08-22,RM call,Callback requested,True,5,"KH bận, hẹn gọi lại vào cuối tuần."
1678,9208,2026-07-20,Gọi lại theo yêu cầu KH,Interested,True,4,"KH quan tâm, cần gửi thêm bảng minh hoạ lãi suất/phí."
1679,9217,2026-08-27,Gọi lại theo yêu cầu KH,No response,False,3,"Gọi 2 lần không liên lạc được, sẽ thử kênh email."
1680,9223,2026-08-14,SMS follow-up,Interested,True,2,"KH quan tâm, cần gửi thêm bảng minh hoạ lãi suất/phí."
1681,9232,2026-08-02,RM call,Callback requested,True,5,"KH bận, hẹn gọi lại vào cuối tuần."
1682,9233,2026-08-23,Gửi email tư vấn,No response,False,2,"Gọi 2 lần không liên lạc được, sẽ thử kênh email."
1683,9235,2026-08-02,Đặt lịch hẹn tại chi nhánh,Converted,False,5,"KH đồng ý mở sản phẩm, đã hoàn tất hồ sơ."
1684,9236,2026-07-20,Đặt lịch hẹn tại chi nhánh,No response,False,2,"Gọi 2 lần không liên lạc được, sẽ thử kênh email."
1685,9241,2026-07-19,Gửi email tư vấn,Callback requested,True,5,"KH bận, hẹn gọi lại vào cuối tuần."
1686,9250,2026-07-23,Gọi lại theo yêu cầu KH,Interested,True,4,"KH quan tâm, cần gửi thêm bảng minh hoạ lãi suất/phí."
1687,9268,2026-08-13,Gửi email tư vấn,Interested,True,3,"KH quan tâm, cần gửi thêm bảng minh hoạ lãi suất/phí."
1688,9271,2026-08-17,RM call,No response,False,2,"Gọi 2 lần không liên lạc được, sẽ thử kênh email."
1689,9286,2026-07-19,Đặt lịch hẹn tại chi nhánh,Converted,False,5,"KH đồng ý mở sản phẩm, đã hoàn tất hồ sơ."
1690,9289,2026-07-30,Gọi lại theo yêu cầu KH,Converted,False,4,"KH đồng ý mở sản phẩm, đã hoàn tất hồ sơ."
1691,9292,2026-07-25,RM call,No response,False,5,"Gọi 2 lần không liên lạc được, sẽ thử kênh email."
1692,9295,2026-08-08,Gửi email tư vấn,Converted,False,4,"KH đồng ý mở sản phẩm, đã hoàn tất hồ sơ."
1693,9301,2026-08-01,Đặt lịch hẹn tại chi nhánh,Interested,True,3,"KH quan tâm, cần gửi thêm bảng minh hoạ lãi suất/phí."
1694,9319,2026-07-29,RM call,Converted,False,3,"KH đồng ý mở sản phẩm, đã hoàn tất hồ sơ."
1695,9320,2026-08-05,RM call,Converted,False,4,"KH đồng ý mở sản phẩm, đã hoàn tất hồ sơ."
1696,9325,2026-08-01,SMS follow-up,Callback requested,True,5,"KH bận, hẹn gọi lại vào cuối tuần."
1697,9328,2026-07-24,Gửi email tư vấn,Callback requested,True,5,"KH bận, hẹn gọi lại vào cuối tuần."
1698,9331,2026-08-06,Gửi email tư vấn,Callback requested,True,4,"KH bận, hẹn gọi lại vào cuối tuần."
1699,9334,2026-08-04,Đặt lịch hẹn tại chi nhánh,Interested,True,5,"KH quan tâm, cần gửi thêm bảng minh hoạ lãi suất/phí."
1700,9346,2026-08-25,Gửi email tư vấn,Callback requested,True,5,"KH bận, hẹn gọi lại vào cuối tuần."
1701,9349,2026-08-09,Gọi lại theo yêu cầu KH,Converted,True,5,"KH đồng ý mở sản phẩm, đã hoàn tất hồ sơ."
1702,9352,2026-08-03,SMS follow-up,Interested,True,2,"KH quan tâm, cần gửi thêm bảng minh hoạ lãi suất/phí."
1703,9355,2026-08-08,Đặt lịch hẹn tại chi nhánh,Callback requested,True,4,"KH bận, hẹn gọi lại vào cuối tuần."
1704,9362,2026-07-24,Gửi email tư vấn,Converted,True,4,"KH đồng ý mở sản phẩm, đã hoàn tất hồ sơ."
1705,9376,2026-08-20,Gửi email tư vấn,Interested,True,5,"KH quan tâm, cần gửi thêm bảng minh hoạ lãi suất/phí."
1706,9382,2026-08-15,Đặt lịch hẹn tại chi nhánh,Converted,False,4,"KH đồng ý mở sản phẩm, đã hoàn tất hồ sơ."
1707,9385,2026-08-16,RM call,Converted,False,2,"KH đồng ý mở sản phẩm, đã hoàn tất hồ sơ."
1708,9388,2026-08-26,SMS follow-up,No response,False,3,"Gọi 2 lần không liên lạc được, sẽ thử kênh email."
1709,9391,2026-08-04,Đặt lịch hẹn tại chi nhánh,Converted,False,5,"KH đồng ý mở sản phẩm, đã hoàn tất hồ sơ."
1710,9403,2026-08-04,SMS follow-up,No response,False,2,"Gọi 2 lần không liên lạc được, sẽ thử kênh email."
1711,9409,2026-07-20,SMS follow-up,Interested,True,3,"KH quan tâm, cần gửi thêm bảng minh hoạ lãi suất/phí."
1712,9416,2026-07-22,Gọi lại theo yêu cầu KH,Not interested,False,1,KH cho biết chưa có nhu cầu ở thời điểm hiện tại.
1713,9427,2026-08-14,RM call,Callback requested,True,4,"KH bận, hẹn gọi lại vào cuối tuần."
1714,9436,2026-08-12,Gửi email tư vấn,Interested,True,4,"KH quan tâm, cần gửi thêm bảng minh hoạ lãi suất/phí."
1715,9437,2026-08-27,Gửi email tư vấn,Converted,False,3,"KH đồng ý mở sản phẩm, đã hoàn tất hồ sơ."
1716,9451,2026-07-24,Gửi email tư vấn,Interested,True,4,"KH quan tâm, cần gửi thêm bảng minh hoạ lãi suất/phí."
1717,9454,2026-08-07,Đặt lịch hẹn tại chi nhánh,Converted,False,4,"KH đồng ý mở sản phẩm, đã hoàn tất hồ sơ."
1718,9460,2026-08-17,RM call,Callback requested,True,5,"KH bận, hẹn gọi lại vào cuối tuần."
1719,9467,2026-08-22,Gọi lại theo yêu cầu KH,Converted,False,5,"KH đồng ý mở sản phẩm, đã hoàn tất hồ sơ."
1720,9469,2026-07-20,SMS follow-up,Callback requested,True,3,"KH bận, hẹn gọi lại vào cuối tuần."
1721,9472,2026-08-03,Đặt lịch hẹn tại chi nhánh,Interested,True,5,"KH quan tâm, cần gửi thêm bảng minh hoạ lãi suất/phí."
1722,9479,2026-07-30,Gọi lại theo yêu cầu KH,Converted,False,5,"KH đồng ý mở sản phẩm, đã hoàn tất hồ sơ."
1723,9484,2026-08-26,Gửi email tư vấn,No response,False,3,"Gọi 2 lần không liên lạc được, sẽ thử kênh email."
1724,9490,2026-08-19,Đặt lịch hẹn tại chi nhánh,No response,True,1,"Gọi 2 lần không liên lạc được, sẽ thử kênh email."
1725,9491,2026-08-13,Gọi lại theo yêu cầu KH,Not interested,True,2,KH cho biết chưa có nhu cầu ở thời điểm hiện tại.
1726,9496,2026-07-20,Đặt lịch hẹn tại chi nhánh,Converted,False,2,"KH đồng ý mở sản phẩm, đã hoàn tất hồ sơ."
1727,9500,2026-08-01,Gọi lại theo yêu cầu KH,Callback requested,True,4,"KH bận, hẹn gọi lại vào cuối tuần."
1728,9502,2026-08-15,RM call,Converted,False,5,"KH đồng ý mở sản phẩm, đã hoàn tất hồ sơ."
1729,9514,2026-07-23,Gửi email tư vấn,Interested,True,2,"KH quan tâm, cần gửi thêm bảng minh hoạ lãi suất/phí."
1730,9515,2026-08-05,RM call,Converted,False,2,"KH đồng ý mở sản phẩm, đã hoàn tất hồ sơ."
1731,9517,2026-08-08,Đặt lịch hẹn tại chi nhánh,Interested,True,1,"KH quan tâm, cần gửi thêm bảng minh hoạ lãi suất/phí."
1732,9520,2026-08-11,Đặt lịch hẹn tại chi nhánh,Callback requested,True,3,"KH bận, hẹn gọi lại vào cuối tuần."
1733,9523,2026-08-04,RM call,Interested,True,2,"KH quan tâm, cần gửi thêm bảng minh hoạ lãi suất/phí."
1734,9527,2026-08-16,Đặt lịch hẹn tại chi nhánh,No response,False,4,"Gọi 2 lần không liên lạc được, sẽ thử kênh email."
1735,9538,2026-08-13,SMS follow-up,Callback requested,True,3,"KH bận, hẹn gọi lại vào cuối tuần."
1736,9541,2026-07-20,Đặt lịch hẹn tại chi nhánh,Callback requested,True,2,"KH bận, hẹn gọi lại vào cuối tuần."
1737,9550,2026-08-16,Đặt lịch hẹn tại chi nhánh,Interested,True,3,"KH quan tâm, cần gửi thêm bảng minh hoạ lãi suất/phí."
1738,9553,2026-08-11,Gọi lại theo yêu cầu KH,Interested,True,4,"KH quan tâm, cần gửi thêm bảng minh hoạ lãi suất/phí."
1739,9559,2026-08-04,Đặt lịch hẹn tại chi nhánh,Not interested,False,2,KH cho biết chưa có nhu cầu ở thời điểm hiện tại.
1740,9565,2026-07-21,Gửi email tư vấn,Converted,False,5,"KH đồng ý mở sản phẩm, đã hoàn tất hồ sơ."
1741,9568,2026-07-21,RM call,Callback requested,True,4,"KH bận, hẹn gọi lại vào cuối tuần."
1742,9569,2026-08-11,RM call,Converted,False,4,"KH đồng ý mở sản phẩm, đã hoàn tất hồ sơ."
1743,9571,2026-07-24,RM call,Converted,False,5,"KH đồng ý mở sản phẩm, đã hoàn tất hồ sơ."
1744,9583,2026-07-19,Đặt lịch hẹn tại chi nhánh,No response,False,1,"Gọi 2 lần không liên lạc được, sẽ thử kênh email."
1745,9586,2026-08-12,SMS follow-up,Interested,True,5,"KH quan tâm, cần gửi thêm bảng minh hoạ lãi suất/phí."
1746,9589,2026-08-16,Gọi lại theo yêu cầu KH,Callback requested,True,3,"KH bận, hẹn gọi lại vào cuối tuần."
1747,9604,2026-08-24,RM call,No response,False,4,"Gọi 2 lần không liên lạc được, sẽ thử kênh email."
1748,9610,2026-08-21,SMS follow-up,Interested,True,2,"KH quan tâm, cần gửi thêm bảng minh hoạ lãi suất/phí."
1749,9613,2026-08-18,RM call,Callback requested,True,3,"KH bận, hẹn gọi lại vào cuối tuần."
1750,9619,2026-07-27,Đặt lịch hẹn tại chi nhánh,Converted,False,4,"KH đồng ý mở sản phẩm, đã hoàn tất hồ sơ."
1751,9634,2026-07-31,Đặt lịch hẹn tại chi nhánh,No response,False,3,"Gọi 2 lần không liên lạc được, sẽ thử kênh email."
1752,9637,2026-08-14,Đặt lịch hẹn tại chi nhánh,Converted,False,4,"KH đồng ý mở sản phẩm, đã hoàn tất hồ sơ."
1753,9638,2026-07-20,Gửi email tư vấn,Callback requested,True,4,"KH bận, hẹn gọi lại vào cuối tuần."
1754,9640,2026-08-10,SMS follow-up,Callback requested,True,4,"KH bận, hẹn gọi lại vào cuối tuần."
1755,9646,2026-07-22,Đặt lịch hẹn tại chi nhánh,Callback requested,True,3,"KH bận, hẹn gọi lại vào cuối tuần."
1756,9652,2026-08-20,Gọi lại theo yêu cầu KH,Callback requested,True,3,"KH bận, hẹn gọi lại vào cuối tuần."
1757,9661,2026-07-25,Đặt lịch hẹn tại chi nhánh,Callback requested,True,3,"KH bận, hẹn gọi lại vào cuối tuần."
1758,9667,2026-07-23,SMS follow-up,Interested,True,1,"KH quan tâm, cần gửi thêm bảng minh hoạ lãi suất/phí."
1759,9670,2026-08-20,Gửi email tư vấn,Not interested,True,2,KH cho biết chưa có nhu cầu ở thời điểm hiện tại.
1760,9671,2026-08-12,SMS follow-up,Callback requested,True,1,"KH bận, hẹn gọi lại vào cuối tuần."
1761,9673,2026-07-22,Gửi email tư vấn,Converted,False,4,"KH đồng ý mở sản phẩm, đã hoàn tất hồ sơ."
1762,9679,2026-08-14,SMS follow-up,Interested,True,1,"KH quan tâm, cần gửi thêm bảng minh hoạ lãi suất/phí."
1763,9692,2026-08-20,Gọi lại theo yêu cầu KH,Callback requested,True,5,"KH bận, hẹn gọi lại vào cuối tuần."
1764,9694,2026-08-22,RM call,Converted,False,4,"KH đồng ý mở sản phẩm, đã hoàn tất hồ sơ."
1765,9697,2026-08-17,Đặt lịch hẹn tại chi nhánh,Interested,True,4,"KH quan tâm, cần gửi thêm bảng minh hoạ lãi suất/phí."
1766,9700,2026-07-27,RM call,Interested,True,5,"KH quan tâm, cần gửi thêm bảng minh hoạ lãi suất/phí."
1767,9703,2026-08-06,Gọi lại theo yêu cầu KH,Converted,False,5,"KH đồng ý mở sản phẩm, đã hoàn tất hồ sơ."
1768,9706,2026-07-23,SMS follow-up,Interested,True,4,"KH quan tâm, cần gửi thêm bảng minh hoạ lãi suất/phí."
1769,9709,2026-08-23,Gọi lại theo yêu cầu KH,Interested,True,2,"KH quan tâm, cần gửi thêm bảng minh hoạ lãi suất/phí."
1770,9712,2026-08-04,Gọi lại theo yêu cầu KH,Callback requested,True,5,"KH bận, hẹn gọi lại vào cuối tuần."
1771,9721,2026-07-30,Gọi lại theo yêu cầu KH,No response,False,4,"Gọi 2 lần không liên lạc được, sẽ thử kênh email."
1772,9722,2026-08-18,SMS follow-up,Callback requested,True,3,"KH bận, hẹn gọi lại vào cuối tuần."
1773,9727,2026-07-30,Gọi lại theo yêu cầu KH,No response,False,4,"Gọi 2 lần không liên lạc được, sẽ thử kênh email."
1774,9733,2026-08-18,Gọi lại theo yêu cầu KH,Callback requested,True,3,"KH bận, hẹn gọi lại vào cuối tuần."
1775,9734,2026-07-27,SMS follow-up,No response,False,2,"Gọi 2 lần không liên lạc được, sẽ thử kênh email."
1776,9736,2026-08-03,SMS follow-up,No response,False,4,"Gọi 2 lần không liên lạc được, sẽ thử kênh email."
1777,9745,2026-07-22,Gọi lại theo yêu cầu KH,Interested,True,1,"KH quan tâm, cần gửi thêm bảng minh hoạ lãi suất/phí."
1778,9746,2026-08-27,SMS follow-up,Not interested,True,2,KH cho biết chưa có nhu cầu ở thời điểm hiện tại.
1779,9754,2026-08-26,RM call,Callback requested,True,4,"KH bận, hẹn gọi lại vào cuối tuần."
1780,9755,2026-08-25,Gọi lại theo yêu cầu KH,Interested,True,2,"KH quan tâm, cần gửi thêm bảng minh hoạ lãi suất/phí."
1781,9763,2026-08-23,Đặt lịch hẹn tại chi nhánh,Converted,False,4,"KH đồng ý mở sản phẩm, đã hoàn tất hồ sơ."
1782,9766,2026-07-31,Đặt lịch hẹn tại chi nhánh,Converted,False,3,"KH đồng ý mở sản phẩm, đã hoàn tất hồ sơ."
1783,9769,2026-07-31,RM call,Callback requested,True,4,"KH bận, hẹn gọi lại vào cuối tuần."
1784,9775,2026-08-16,SMS follow-up,Converted,True,4,"KH đồng ý mở sản phẩm, đã hoàn tất hồ sơ."
1785,9793,2026-07-24,Đặt lịch hẹn tại chi nhánh,Interested,True,4,"KH quan tâm, cần gửi thêm bảng minh hoạ lãi suất/phí."
1786,9800,2026-08-14,RM call,Converted,True,5,"KH đồng ý mở sản phẩm, đã hoàn tất hồ sơ."
1787,9802,2026-07-29,Đặt lịch hẹn tại chi nhánh,Converted,True,2,"KH đồng ý mở sản phẩm, đã hoàn tất hồ sơ."
1788,9805,2026-08-27,SMS follow-up,No response,False,1,"Gọi 2 lần không liên lạc được, sẽ thử kênh email."
1789,9817,2026-08-27,RM call,Interested,True,1,"KH quan tâm, cần gửi thêm bảng minh hoạ lãi suất/phí."
1790,9821,2026-07-21,Đặt lịch hẹn tại chi nhánh,Interested,True,1,"KH quan tâm, cần gửi thêm bảng minh hoạ lãi suất/phí."
1791,9823,2026-07-31,Gửi email tư vấn,No response,False,1,"Gọi 2 lần không liên lạc được, sẽ thử kênh email."
1792,9824,2026-07-25,Đặt lịch hẹn tại chi nhánh,Interested,True,2,"KH quan tâm, cần gửi thêm bảng minh hoạ lãi suất/phí."
1793,9826,2026-08-09,Đặt lịch hẹn tại chi nhánh,Interested,True,2,"KH quan tâm, cần gửi thêm bảng minh hoạ lãi suất/phí."
1794,9835,2026-07-22,SMS follow-up,Converted,False,5,"KH đồng ý mở sản phẩm, đã hoàn tất hồ sơ."
1795,9848,2026-08-20,Đặt lịch hẹn tại chi nhánh,Interested,True,4,"KH quan tâm, cần gửi thêm bảng minh hoạ lãi suất/phí."
1796,9853,2026-08-05,RM call,Converted,False,5,"KH đồng ý mở sản phẩm, đã hoàn tất hồ sơ."
1797,9856,2026-08-27,SMS follow-up,No response,False,5,"Gọi 2 lần không liên lạc được, sẽ thử kênh email."
1798,9862,2026-07-21,RM call,Converted,False,5,"KH đồng ý mở sản phẩm, đã hoàn tất hồ sơ."
1799,9877,2026-08-14,Gọi lại theo yêu cầu KH,Interested,True,3,"KH quan tâm, cần gửi thêm bảng minh hoạ lãi suất/phí."
1800,9878,2026-08-10,Đặt lịch hẹn tại chi nhánh,No response,True,3,"Gọi 2 lần không liên lạc được, sẽ thử kênh email."
1801,9880,2026-07-26,SMS follow-up,Converted,True,4,"KH đồng ý mở sản phẩm, đã hoàn tất hồ sơ."
1802,9887,2026-08-03,Gửi email tư vấn,Converted,False,3,"KH đồng ý mở sản phẩm, đã hoàn tất hồ sơ."
1803,9889,2026-08-09,Đặt lịch hẹn tại chi nhánh,Not interested,False,1,KH cho biết chưa có nhu cầu ở thời điểm hiện tại.
1804,9890,2026-07-21,SMS follow-up,Converted,False,1,"KH đồng ý mở sản phẩm, đã hoàn tất hồ sơ."
1805,9892,2026-08-09,Đặt lịch hẹn tại chi nhánh,No response,False,2,"Gọi 2 lần không liên lạc được, sẽ thử kênh email."
1806,9895,2026-08-19,Đặt lịch hẹn tại chi nhánh,No response,False,2,"Gọi 2 lần không liên lạc được, sẽ thử kênh email."
1807,9898,2026-08-01,SMS follow-up,Converted,False,5,"KH đồng ý mở sản phẩm, đã hoàn tất hồ sơ."
1808,9899,2026-08-23,SMS follow-up,Converted,False,3,"KH đồng ý mở sản phẩm, đã hoàn tất hồ sơ."
1809,9904,2026-08-23,SMS follow-up,No response,True,3,"Gọi 2 lần không liên lạc được, sẽ thử kênh email."
1810,9905,2026-07-31,RM call,Callback requested,True,5,"KH bận, hẹn gọi lại vào cuối tuần."
1811,9910,2026-08-20,RM call,Converted,False,2,"KH đồng ý mở sản phẩm, đã hoàn tất hồ sơ."
1812,9913,2026-07-28,RM call,Callback requested,True,2,"KH bận, hẹn gọi lại vào cuối tuần."
1813,9916,2026-08-26,RM call,Converted,False,4,"KH đồng ý mở sản phẩm, đã hoàn tất hồ sơ."
1814,9922,2026-08-24,Đặt lịch hẹn tại chi nhánh,No response,False,3,"Gọi 2 lần không liên lạc được, sẽ thử kênh email."
1815,9925,2026-08-02,Gửi email tư vấn,No response,False,5,"Gọi 2 lần không liên lạc được, sẽ thử kênh email."
1816,9931,2026-07-27,RM call,Converted,False,5,"KH đồng ý mở sản phẩm, đã hoàn tất hồ sơ."
1817,9932,2026-07-24,RM call,Interested,True,2,"KH quan tâm, cần gửi thêm bảng minh hoạ lãi suất/phí."
1818,9943,2026-08-18,RM call,Converted,False,5,"KH đồng ý mở sản phẩm, đã hoàn tất hồ sơ."
1819,9946,2026-08-15,Gọi lại theo yêu cầu KH,No response,False,4,"Gọi 2 lần không liên lạc được, sẽ thử kênh email."
1820,9949,2026-08-08,Đặt lịch hẹn tại chi nhánh,No response,False,2,"Gọi 2 lần không liên lạc được, sẽ thử kênh email."
1821,9950,2026-08-22,Gọi lại theo yêu cầu KH,Converted,False,1,"KH đồng ý mở sản phẩm, đã hoàn tất hồ sơ."
1822,9958,2026-08-24,Đặt lịch hẹn tại chi nhánh,Interested,True,5,"KH quan tâm, cần gửi thêm bảng minh hoạ lãi suất/phí."
1823,9967,2026-07-25,SMS follow-up,Not interested,False,1,KH cho biết chưa có nhu cầu ở thời điểm hiện tại.
1824,9973,2026-08-24,Gửi email tư vấn,Converted,False,4,"KH đồng ý mở sản phẩm, đã hoàn tất hồ sơ."
1825,9979,2026-08-04,Gửi email tư vấn,Callback requested,True,4,"KH bận, hẹn gọi lại vào cuối tuần."
1826,9980,2026-08-26,Gọi lại theo yêu cầu KH,No response,False,5,"Gọi 2 lần không liên lạc được, sẽ thử kênh email."
1827,9991,2026-08-19,Đặt lịch hẹn tại chi nhánh,Callback requested,True,5,"KH bận, hẹn gọi lại vào cuối tuần."
1828,10000,2026-08-24,SMS follow-up,Converted,False,5,"KH đồng ý mở sản phẩm, đã hoàn tất hồ sơ."
1829,10006,2026-08-04,Gọi lại theo yêu cầu KH,No response,False,5,"Gọi 2 lần không liên lạc được, sẽ thử kênh email."
1830,10010,2026-08-25,Đặt lịch hẹn tại chi nhánh,Interested,True,3,"KH quan tâm, cần gửi thêm bảng minh hoạ lãi suất/phí."
1831,10012,2026-08-19,Đặt lịch hẹn tại chi nhánh,No response,True,2,"Gọi 2 lần không liên lạc được, sẽ thử kênh email."
1832,10021,2026-08-10,Đặt lịch hẹn tại chi nhánh,Callback requested,True,5,"KH bận, hẹn gọi lại vào cuối tuần."
1833,10024,2026-07-28,Đặt lịch hẹn tại chi nhánh,Callback requested,True,3,"KH bận, hẹn gọi lại vào cuối tuần."
1834,10027,2026-08-18,Gọi lại theo yêu cầu KH,Converted,False,5,"KH đồng ý mở sản phẩm, đã hoàn tất hồ sơ."
1835,10030,2026-08-06,Gọi lại theo yêu cầu KH,Interested,True,5,"KH quan tâm, cần gửi thêm bảng minh hoạ lãi suất/phí."
1836,10033,2026-07-31,Gọi lại theo yêu cầu KH,Interested,True,3,"KH quan tâm, cần gửi thêm bảng minh hoạ lãi suất/phí."
1837,10039,2026-07-19,Đặt lịch hẹn tại chi nhánh,No response,False,3,"Gọi 2 lần không liên lạc được, sẽ thử kênh email."
1838,10042,2026-08-23,Gọi lại theo yêu cầu KH,Converted,False,4,"KH đồng ý mở sản phẩm, đã hoàn tất hồ sơ."
1839,10043,2026-08-22,SMS follow-up,Interested,True,2,"KH quan tâm, cần gửi thêm bảng minh hoạ lãi suất/phí."
1840,10045,2026-08-19,Gọi lại theo yêu cầu KH,No response,False,3,"Gọi 2 lần không liên lạc được, sẽ thử kênh email."
1841,10075,2026-08-12,RM call,Interested,True,2,"KH quan tâm, cần gửi thêm bảng minh hoạ lãi suất/phí."
1842,10079,2026-07-28,Đặt lịch hẹn tại chi nhánh,Interested,True,1,"KH quan tâm, cần gửi thêm bảng minh hoạ lãi suất/phí."
1843,10081,2026-07-28,Gửi email tư vấn,Interested,True,5,"KH quan tâm, cần gửi thêm bảng minh hoạ lãi suất/phí."
1844,10085,2026-08-19,Đặt lịch hẹn tại chi nhánh,No response,False,3,"Gọi 2 lần không liên lạc được, sẽ thử kênh email."
1845,10087,2026-08-05,Đặt lịch hẹn tại chi nhánh,Interested,True,4,"KH quan tâm, cần gửi thêm bảng minh hoạ lãi suất/phí."
1846,10094,2026-08-16,RM call,Interested,True,5,"KH quan tâm, cần gửi thêm bảng minh hoạ lãi suất/phí."
1847,10096,2026-08-05,Đặt lịch hẹn tại chi nhánh,Converted,True,5,"KH đồng ý mở sản phẩm, đã hoàn tất hồ sơ."
1848,10103,2026-08-03,SMS follow-up,Converted,False,1,"KH đồng ý mở sản phẩm, đã hoàn tất hồ sơ."
1849,10118,2026-08-22,Đặt lịch hẹn tại chi nhánh,Converted,True,2,"KH đồng ý mở sản phẩm, đã hoàn tất hồ sơ."
1850,10124,2026-08-25,Gửi email tư vấn,Converted,False,3,"KH đồng ý mở sản phẩm, đã hoàn tất hồ sơ."
1851,10138,2026-08-07,RM call,Callback requested,True,4,"KH bận, hẹn gọi lại vào cuối tuần."
1852,10142,2026-08-24,RM call,Interested,True,4,"KH quan tâm, cần gửi thêm bảng minh hoạ lãi suất/phí."
1853,10144,2026-08-19,Gọi lại theo yêu cầu KH,Interested,True,3,"KH quan tâm, cần gửi thêm bảng minh hoạ lãi suất/phí."
1854,10147,2026-08-07,Gửi email tư vấn,Converted,False,3,"KH đồng ý mở sản phẩm, đã hoàn tất hồ sơ."
1855,10148,2026-07-30,Gọi lại theo yêu cầu KH,Callback requested,True,2,"KH bận, hẹn gọi lại vào cuối tuần."
1856,10150,2026-08-24,RM call,Converted,False,5,"KH đồng ý mở sản phẩm, đã hoàn tất hồ sơ."
1857,10151,2026-08-18,Gọi lại theo yêu cầu KH,Converted,False,2,"KH đồng ý mở sản phẩm, đã hoàn tất hồ sơ."
1858,10156,2026-08-15,Gửi email tư vấn,No response,False,1,"Gọi 2 lần không liên lạc được, sẽ thử kênh email."
1859,10163,2026-08-25,SMS follow-up,No response,False,2,"Gọi 2 lần không liên lạc được, sẽ thử kênh email."
1860,10165,2026-08-09,Gửi email tư vấn,Interested,True,5,"KH quan tâm, cần gửi thêm bảng minh hoạ lãi suất/phí."
1861,10166,2026-07-20,Gửi email tư vấn,Converted,False,5,"KH đồng ý mở sản phẩm, đã hoàn tất hồ sơ."
1862,10171,2026-08-10,Gọi lại theo yêu cầu KH,Callback requested,True,5,"KH bận, hẹn gọi lại vào cuối tuần."
1863,10186,2026-07-20,SMS follow-up,Interested,True,5,"KH quan tâm, cần gửi thêm bảng minh hoạ lãi suất/phí."
1864,10192,2026-08-24,Gửi email tư vấn,Interested,True,4,"KH quan tâm, cần gửi thêm bảng minh hoạ lãi suất/phí."
1865,10198,2026-08-18,Gửi email tư vấn,Interested,True,2,"KH quan tâm, cần gửi thêm bảng minh hoạ lãi suất/phí."
1866,10202,2026-07-23,Gọi lại theo yêu cầu KH,Converted,False,5,"KH đồng ý mở sản phẩm, đã hoàn tất hồ sơ."
1867,10210,2026-07-24,Gửi email tư vấn,No response,False,3,"Gọi 2 lần không liên lạc được, sẽ thử kênh email."
1868,10213,2026-07-31,Gửi email tư vấn,Interested,True,2,"KH quan tâm, cần gửi thêm bảng minh hoạ lãi suất/phí."
1869,10216,2026-07-27,Gửi email tư vấn,No response,False,3,"Gọi 2 lần không liên lạc được, sẽ thử kênh email."
1870,10219,2026-08-05,RM call,Callback requested,True,4,"KH bận, hẹn gọi lại vào cuối tuần."
1871,10225,2026-07-25,SMS follow-up,Interested,True,2,"KH quan tâm, cần gửi thêm bảng minh hoạ lãi suất/phí."
1872,10237,2026-07-26,RM call,Interested,True,5,"KH quan tâm, cần gửi thêm bảng minh hoạ lãi suất/phí."
1873,10243,2026-08-02,Đặt lịch hẹn tại chi nhánh,Converted,False,5,"KH đồng ý mở sản phẩm, đã hoàn tất hồ sơ."
1874,10246,2026-08-07,Đặt lịch hẹn tại chi nhánh,Converted,False,3,"KH đồng ý mở sản phẩm, đã hoàn tất hồ sơ."
1875,10255,2026-08-26,Gọi lại theo yêu cầu KH,Interested,True,4,"KH quan tâm, cần gửi thêm bảng minh hoạ lãi suất/phí."
1876,10258,2026-08-21,Đặt lịch hẹn tại chi nhánh,Interested,True,4,"KH quan tâm, cần gửi thêm bảng minh hoạ lãi suất/phí."
1877,10270,2026-08-24,RM call,Callback requested,True,4,"KH bận, hẹn gọi lại vào cuối tuần."
1878,10280,2026-08-23,Gửi email tư vấn,Interested,True,4,"KH quan tâm, cần gửi thêm bảng minh hoạ lãi suất/phí."
1879,10318,2026-07-19,SMS follow-up,Interested,True,4,"KH quan tâm, cần gửi thêm bảng minh hoạ lãi suất/phí."
1880,10321,2026-08-24,RM call,Converted,False,5,"KH đồng ý mở sản phẩm, đã hoàn tất hồ sơ."
1881,10330,2026-08-09,RM call,Interested,True,5,"KH quan tâm, cần gửi thêm bảng minh hoạ lãi suất/phí."
1882,10333,2026-08-08,RM call,Interested,True,1,"KH quan tâm, cần gửi thêm bảng minh hoạ lãi suất/phí."
1883,10339,2026-08-02,Đặt lịch hẹn tại chi nhánh,Interested,True,2,"KH quan tâm, cần gửi thêm bảng minh hoạ lãi suất/phí."
1884,10343,2026-08-09,Đặt lịch hẹn tại chi nhánh,Interested,True,2,"KH quan tâm, cần gửi thêm bảng minh hoạ lãi suất/phí."
1885,10348,2026-08-26,Gọi lại theo yêu cầu KH,Converted,False,5,"KH đồng ý mở sản phẩm, đã hoàn tất hồ sơ."
1886,10360,2026-08-26,Đặt lịch hẹn tại chi nhánh,Interested,True,4,"KH quan tâm, cần gửi thêm bảng minh hoạ lãi suất/phí."
1887,10363,2026-08-09,RM call,Converted,False,3,"KH đồng ý mở sản phẩm, đã hoàn tất hồ sơ."
1888,10366,2026-08-12,Gửi email tư vấn,Converted,False,3,"KH đồng ý mở sản phẩm, đã hoàn tất hồ sơ."
1889,10369,2026-08-27,Đặt lịch hẹn tại chi nhánh,Converted,False,3,"KH đồng ý mở sản phẩm, đã hoàn tất hồ sơ."
1890,10379,2026-08-09,SMS follow-up,No response,False,3,"Gọi 2 lần không liên lạc được, sẽ thử kênh email."
1891,10384,2026-07-23,Gửi email tư vấn,Converted,False,3,"KH đồng ý mở sản phẩm, đã hoàn tất hồ sơ."
1892,10390,2026-07-29,Gọi lại theo yêu cầu KH,Converted,False,4,"KH đồng ý mở sản phẩm, đã hoàn tất hồ sơ."
1893,10396,2026-08-19,SMS follow-up,Interested,True,3,"KH quan tâm, cần gửi thêm bảng minh hoạ lãi suất/phí."
1894,10399,2026-07-20,SMS follow-up,No response,True,4,"Gọi 2 lần không liên lạc được, sẽ thử kênh email."
1895,10402,2026-08-09,SMS follow-up,Interested,True,5,"KH quan tâm, cần gửi thêm bảng minh hoạ lãi suất/phí."
1896,10405,2026-08-22,Gửi email tư vấn,Converted,True,4,"KH đồng ý mở sản phẩm, đã hoàn tất hồ sơ."
1897,10411,2026-07-28,SMS follow-up,Callback requested,True,3,"KH bận, hẹn gọi lại vào cuối tuần."
1898,10414,2026-07-19,Gửi email tư vấn,Converted,True,5,"KH đồng ý mở sản phẩm, đã hoàn tất hồ sơ."
1899,10420,2026-08-21,Đặt lịch hẹn tại chi nhánh,Callback requested,True,3,"KH bận, hẹn gọi lại vào cuối tuần."
1900,10426,2026-08-23,Đặt lịch hẹn tại chi nhánh,Converted,True,4,"KH đồng ý mở sản phẩm, đã hoàn tất hồ sơ."
1901,10435,2026-08-11,Gửi email tư vấn,Interested,True,4,"KH quan tâm, cần gửi thêm bảng minh hoạ lãi suất/phí."
1902,10436,2026-08-25,SMS follow-up,Interested,True,2,"KH quan tâm, cần gửi thêm bảng minh hoạ lãi suất/phí."
1903,10438,2026-08-01,RM call,Interested,True,3,"KH quan tâm, cần gửi thêm bảng minh hoạ lãi suất/phí."
1904,10441,2026-07-27,SMS follow-up,Converted,True,4,"KH đồng ý mở sản phẩm, đã hoàn tất hồ sơ."
1905,10447,2026-08-22,Gửi email tư vấn,Callback requested,True,4,"KH bận, hẹn gọi lại vào cuối tuần."
1906,10465,2026-07-24,Gửi email tư vấn,Converted,False,5,"KH đồng ý mở sản phẩm, đã hoàn tất hồ sơ."
1907,10471,2026-08-27,Gọi lại theo yêu cầu KH,Callback requested,True,3,"KH bận, hẹn gọi lại vào cuối tuần."
1908,10474,2026-07-19,RM call,Converted,True,3,"KH đồng ý mở sản phẩm, đã hoàn tất hồ sơ."
1909,10483,2026-08-13,RM call,Converted,True,3,"KH đồng ý mở sản phẩm, đã hoàn tất hồ sơ."
1910,10486,2026-08-24,SMS follow-up,Interested,True,2,"KH quan tâm, cần gửi thêm bảng minh hoạ lãi suất/phí."
1911,10489,2026-08-25,Đặt lịch hẹn tại chi nhánh,Converted,False,2,"KH đồng ý mở sản phẩm, đã hoàn tất hồ sơ."
1912,10508,2026-07-20,Đặt lịch hẹn tại chi nhánh,Converted,False,3,"KH đồng ý mở sản phẩm, đã hoàn tất hồ sơ."
1913,10511,2026-08-04,Gọi lại theo yêu cầu KH,Interested,True,2,"KH quan tâm, cần gửi thêm bảng minh hoạ lãi suất/phí."
1914,10519,2026-08-14,Đặt lịch hẹn tại chi nhánh,Converted,True,3,"KH đồng ý mở sản phẩm, đã hoàn tất hồ sơ."
1915,10523,2026-07-24,Đặt lịch hẹn tại chi nhánh,No response,True,1,"Gọi 2 lần không liên lạc được, sẽ thử kênh email."
1916,10525,2026-07-20,RM call,Converted,True,2,"KH đồng ý mở sản phẩm, đã hoàn tất hồ sơ."
1917,10534,2026-08-13,RM call,No response,False,2,"Gọi 2 lần không liên lạc được, sẽ thử kênh email."
1918,10537,2026-07-24,Gọi lại theo yêu cầu KH,No response,True,1,"Gọi 2 lần không liên lạc được, sẽ thử kênh email."
1919,10540,2026-07-29,Gọi lại theo yêu cầu KH,Callback requested,True,2,"KH bận, hẹn gọi lại vào cuối tuần."
1920,10561,2026-08-16,SMS follow-up,Converted,False,4,"KH đồng ý mở sản phẩm, đã hoàn tất hồ sơ."
1921,10585,2026-07-31,SMS follow-up,Interested,True,3,"KH quan tâm, cần gửi thêm bảng minh hoạ lãi suất/phí."
1922,10597,2026-07-26,Gọi lại theo yêu cầu KH,Converted,True,4,"KH đồng ý mở sản phẩm, đã hoàn tất hồ sơ."
1923,10600,2026-08-06,SMS follow-up,Interested,True,5,"KH quan tâm, cần gửi thêm bảng minh hoạ lãi suất/phí."
1924,10612,2026-08-09,Gọi lại theo yêu cầu KH,Converted,False,3,"KH đồng ý mở sản phẩm, đã hoàn tất hồ sơ."
1925,10615,2026-08-08,Gửi email tư vấn,Converted,False,5,"KH đồng ý mở sản phẩm, đã hoàn tất hồ sơ."
1926,10616,2026-08-18,Gửi email tư vấn,Converted,False,4,"KH đồng ý mở sản phẩm, đã hoàn tất hồ sơ."
1927,10619,2026-07-21,Gọi lại theo yêu cầu KH,Converted,False,5,"KH đồng ý mở sản phẩm, đã hoàn tất hồ sơ."
1928,10624,2026-08-21,Gửi email tư vấn,Converted,False,2,"KH đồng ý mở sản phẩm, đã hoàn tất hồ sơ."
1929,10634,2026-08-11,RM call,Interested,True,5,"KH quan tâm, cần gửi thêm bảng minh hoạ lãi suất/phí."
1930,10645,2026-07-24,Gọi lại theo yêu cầu KH,Interested,True,4,"KH quan tâm, cần gửi thêm bảng minh hoạ lãi suất/phí."
1931,10655,2026-07-27,Gửi email tư vấn,No response,True,2,"Gọi 2 lần không liên lạc được, sẽ thử kênh email."
1932,10657,2026-08-11,SMS follow-up,Converted,True,5,"KH đồng ý mở sản phẩm, đã hoàn tất hồ sơ."
1933,10663,2026-08-24,RM call,Converted,False,5,"KH đồng ý mở sản phẩm, đã hoàn tất hồ sơ."
1934,10670,2026-08-01,SMS follow-up,Converted,False,4,"KH đồng ý mở sản phẩm, đã hoàn tất hồ sơ."
1935,10672,2026-08-27,Gửi email tư vấn,Interested,True,3,"KH quan tâm, cần gửi thêm bảng minh hoạ lãi suất/phí."
1936,10681,2026-08-18,Gọi lại theo yêu cầu KH,Callback requested,True,2,"KH bận, hẹn gọi lại vào cuối tuần."
1937,10684,2026-07-27,SMS follow-up,Interested,True,5,"KH quan tâm, cần gửi thêm bảng minh hoạ lãi suất/phí."
1938,10687,2026-08-11,Gửi email tư vấn,Converted,False,5,"KH đồng ý mở sản phẩm, đã hoàn tất hồ sơ."
1939,10690,2026-08-09,SMS follow-up,Interested,True,4,"KH quan tâm, cần gửi thêm bảng minh hoạ lãi suất/phí."
1940,10702,2026-08-26,Gọi lại theo yêu cầu KH,No response,False,5,"Gọi 2 lần không liên lạc được, sẽ thử kênh email."
1941,10706,2026-08-10,Gọi lại theo yêu cầu KH,No response,False,2,"Gọi 2 lần không liên lạc được, sẽ thử kênh email."
1942,10709,2026-08-24,RM call,Converted,False,5,"KH đồng ý mở sản phẩm, đã hoàn tất hồ sơ."
1943,10715,2026-07-23,Gửi email tư vấn,Converted,False,5,"KH đồng ý mở sản phẩm, đã hoàn tất hồ sơ."
1944,10726,2026-08-14,Gọi lại theo yêu cầu KH,Interested,True,5,"KH quan tâm, cần gửi thêm bảng minh hoạ lãi suất/phí."
1945,10729,2026-08-10,RM call,Converted,False,3,"KH đồng ý mở sản phẩm, đã hoàn tất hồ sơ."
1946,10732,2026-08-04,SMS follow-up,Converted,False,5,"KH đồng ý mở sản phẩm, đã hoàn tất hồ sơ."
1947,10735,2026-08-05,RM call,Converted,False,3,"KH đồng ý mở sản phẩm, đã hoàn tất hồ sơ."
1948,10738,2026-08-02,RM call,Converted,False,3,"KH đồng ý mở sản phẩm, đã hoàn tất hồ sơ."
1949,10742,2026-08-16,Gọi lại theo yêu cầu KH,Converted,False,4,"KH đồng ý mở sản phẩm, đã hoàn tất hồ sơ."
1950,10744,2026-07-25,SMS follow-up,Converted,False,3,"KH đồng ý mở sản phẩm, đã hoàn tất hồ sơ."
1951,10747,2026-08-22,Gửi email tư vấn,Converted,False,4,"KH đồng ý mở sản phẩm, đã hoàn tất hồ sơ."
1952,10753,2026-07-19,Đặt lịch hẹn tại chi nhánh,Callback requested,True,3,"KH bận, hẹn gọi lại vào cuối tuần."
1953,10759,2026-08-21,Gửi email tư vấn,Interested,True,5,"KH quan tâm, cần gửi thêm bảng minh hoạ lãi suất/phí."
1954,10768,2026-08-03,Gửi email tư vấn,Interested,True,5,"KH quan tâm, cần gửi thêm bảng minh hoạ lãi suất/phí."
1955,10771,2026-07-23,Gọi lại theo yêu cầu KH,Callback requested,True,3,"KH bận, hẹn gọi lại vào cuối tuần."
1956,10783,2026-08-26,Gọi lại theo yêu cầu KH,Converted,False,4,"KH đồng ý mở sản phẩm, đã hoàn tất hồ sơ."
1957,10792,2026-08-19,Gọi lại theo yêu cầu KH,Converted,False,5,"KH đồng ý mở sản phẩm, đã hoàn tất hồ sơ."
1958,10795,2026-07-29,RM call,Converted,True,4,"KH đồng ý mở sản phẩm, đã hoàn tất hồ sơ."
1959,10798,2026-07-30,Gọi lại theo yêu cầu KH,Callback requested,True,4,"KH bận, hẹn gọi lại vào cuối tuần."
1960,10810,2026-08-23,RM call,Interested,True,5,"KH quan tâm, cần gửi thêm bảng minh hoạ lãi suất/phí."
1961,10813,2026-08-22,Gọi lại theo yêu cầu KH,Interested,True,4,"KH quan tâm, cần gửi thêm bảng minh hoạ lãi suất/phí."
1962,10825,2026-08-22,Gọi lại theo yêu cầu KH,No response,False,5,"Gọi 2 lần không liên lạc được, sẽ thử kênh email."
1963,10828,2026-08-12,Đặt lịch hẹn tại chi nhánh,Interested,True,5,"KH quan tâm, cần gửi thêm bảng minh hoạ lãi suất/phí."
1964,10840,2026-07-24,Đặt lịch hẹn tại chi nhánh,Converted,False,2,"KH đồng ý mở sản phẩm, đã hoàn tất hồ sơ."
1965,10846,2026-08-02,Gọi lại theo yêu cầu KH,Not interested,False,2,KH cho biết chưa có nhu cầu ở thời điểm hiện tại.
1966,10849,2026-08-10,Gửi email tư vấn,Converted,False,5,"KH đồng ý mở sản phẩm, đã hoàn tất hồ sơ."
1967,10850,2026-07-23,Đặt lịch hẹn tại chi nhánh,Converted,False,4,"KH đồng ý mở sản phẩm, đã hoàn tất hồ sơ."
1968,10852,2026-08-05,Đặt lịch hẹn tại chi nhánh,Converted,False,4,"KH đồng ý mở sản phẩm, đã hoàn tất hồ sơ."
1969,10855,2026-08-04,Gọi lại theo yêu cầu KH,Interested,True,4,"KH quan tâm, cần gửi thêm bảng minh hoạ lãi suất/phí."
1970,10858,2026-08-12,SMS follow-up,Converted,False,5,"KH đồng ý mở sản phẩm, đã hoàn tất hồ sơ."
1971,10864,2026-08-01,Đặt lịch hẹn tại chi nhánh,Callback requested,True,5,"KH bận, hẹn gọi lại vào cuối tuần."
1972,10868,2026-07-30,Gọi lại theo yêu cầu KH,Converted,False,4,"KH đồng ý mở sản phẩm, đã hoàn tất hồ sơ."
1973,10876,2026-08-07,Gọi lại theo yêu cầu KH,Callback requested,True,4,"KH bận, hẹn gọi lại vào cuối tuần."
1974,10882,2026-08-20,Gọi lại theo yêu cầu KH,Converted,False,1,"KH đồng ý mở sản phẩm, đã hoàn tất hồ sơ."
1975,10891,2026-08-02,Gửi email tư vấn,Converted,True,4,"KH đồng ý mở sản phẩm, đã hoàn tất hồ sơ."
1976,10894,2026-08-12,Gửi email tư vấn,Callback requested,True,3,"KH bận, hẹn gọi lại vào cuối tuần."
1977,10898,2026-07-24,Gửi email tư vấn,No response,False,2,"Gọi 2 lần không liên lạc được, sẽ thử kênh email."
1978,10912,2026-08-13,Gửi email tư vấn,Callback requested,True,5,"KH bận, hẹn gọi lại vào cuối tuần."
1979,10915,2026-07-26,Đặt lịch hẹn tại chi nhánh,Callback requested,True,2,"KH bận, hẹn gọi lại vào cuối tuần."
1980,10918,2026-08-22,Đặt lịch hẹn tại chi nhánh,No response,True,2,"Gọi 2 lần không liên lạc được, sẽ thử kênh email."
1981,10919,2026-08-25,RM call,No response,False,3,"Gọi 2 lần không liên lạc được, sẽ thử kênh email."
1982,10924,2026-08-03,SMS follow-up,No response,False,4,"Gọi 2 lần không liên lạc được, sẽ thử kênh email."
1983,10930,2026-08-16,Gọi lại theo yêu cầu KH,Interested,True,4,"KH quan tâm, cần gửi thêm bảng minh hoạ lãi suất/phí."
1984,10934,2026-08-17,RM call,No response,False,4,"Gọi 2 lần không liên lạc được, sẽ thử kênh email."
1985,10948,2026-07-20,Gửi email tư vấn,No response,False,4,"Gọi 2 lần không liên lạc được, sẽ thử kênh email."
1986,10951,2026-08-03,Đặt lịch hẹn tại chi nhánh,Callback requested,True,4,"KH bận, hẹn gọi lại vào cuối tuần."
1987,10957,2026-08-27,RM call,Converted,False,5,"KH đồng ý mở sản phẩm, đã hoàn tất hồ sơ."
1988,10958,2026-08-11,Gọi lại theo yêu cầu KH,Callback requested,True,4,"KH bận, hẹn gọi lại vào cuối tuần."
1989,10966,2026-07-22,SMS follow-up,No response,False,4,"Gọi 2 lần không liên lạc được, sẽ thử kênh email."
1990,10969,2026-08-17,Gửi email tư vấn,Interested,True,5,"KH quan tâm, cần gửi thêm bảng minh hoạ lãi suất/phí."
1991,10975,2026-08-03,RM call,Interested,True,4,"KH quan tâm, cần gửi thêm bảng minh hoạ lãi suất/phí."
1992,10987,2026-08-13,Gửi email tư vấn,Interested,True,5,"KH quan tâm, cần gửi thêm bảng minh hoạ lãi suất/phí."
1993,10993,2026-07-28,Gọi lại theo yêu cầu KH,Callback requested,True,5,"KH bận, hẹn gọi lại vào cuối tuần."
1994,11006,2026-08-21,Đặt lịch hẹn tại chi nhánh,Interested,True,5,"KH quan tâm, cần gửi thêm bảng minh hoạ lãi suất/phí."
1995,11023,2026-08-09,SMS follow-up,Converted,True,3,"KH đồng ý mở sản phẩm, đã hoàn tất hồ sơ."
1996,11038,2026-08-02,Gọi lại theo yêu cầu KH,Interested,True,4,"KH quan tâm, cần gửi thêm bảng minh hoạ lãi suất/phí."
1997,11047,2026-07-31,RM call,Callback requested,True,5,"KH bận, hẹn gọi lại vào cuối tuần."
1998,11050,2026-07-21,Gọi lại theo yêu cầu KH,Converted,True,4,"KH đồng ý mở sản phẩm, đã hoàn tất hồ sơ."
1999,11051,2026-08-20,RM call,Interested,True,3,"KH quan tâm, cần gửi thêm bảng minh hoạ lãi suất/phí."
2000,11062,2026-08-25,Đặt lịch hẹn tại chi nhánh,No response,False,3,"Gọi 2 lần không liên lạc được, sẽ thử kênh email."
2001,11071,2026-08-02,SMS follow-up,Converted,False,4,"KH đồng ý mở sản phẩm, đã hoàn tất hồ sơ."
2002,11074,2026-07-21,Gửi email tư vấn,Converted,False,5,"KH đồng ý mở sản phẩm, đã hoàn tất hồ sơ."
2003,11080,2026-08-01,Gọi lại theo yêu cầu KH,Interested,True,5,"KH quan tâm, cần gửi thêm bảng minh hoạ lãi suất/phí."
2004,11083,2026-07-23,Gọi lại theo yêu cầu KH,Interested,True,1,"KH quan tâm, cần gửi thêm bảng minh hoạ lãi suất/phí."
2005,11086,2026-07-26,Đặt lịch hẹn tại chi nhánh,Converted,True,5,"KH đồng ý mở sản phẩm, đã hoàn tất hồ sơ."
2006,11095,2026-07-28,RM call,No response,False,4,"Gọi 2 lần không liên lạc được, sẽ thử kênh email."
2007,11098,2026-07-27,RM call,Converted,True,4,"KH đồng ý mở sản phẩm, đã hoàn tất hồ sơ."
2008,11101,2026-08-16,RM call,Interested,True,2,"KH quan tâm, cần gửi thêm bảng minh hoạ lãi suất/phí."
2009,11117,2026-07-22,Gọi lại theo yêu cầu KH,Callback requested,True,3,"KH bận, hẹn gọi lại vào cuối tuần."
2010,11119,2026-07-31,Gọi lại theo yêu cầu KH,Interested,True,4,"KH quan tâm, cần gửi thêm bảng minh hoạ lãi suất/phí."
2011,11128,2026-07-28,Gọi lại theo yêu cầu KH,Callback requested,True,2,"KH bận, hẹn gọi lại vào cuối tuần."
2012,11131,2026-08-17,Gọi lại theo yêu cầu KH,No response,False,4,"Gọi 2 lần không liên lạc được, sẽ thử kênh email."
2013,11134,2026-08-13,Đặt lịch hẹn tại chi nhánh,No response,False,3,"Gọi 2 lần không liên lạc được, sẽ thử kênh email."
2014,11137,2026-08-05,Gửi email tư vấn,Interested,True,4,"KH quan tâm, cần gửi thêm bảng minh hoạ lãi suất/phí."
2015,11138,2026-08-05,Đặt lịch hẹn tại chi nhánh,Interested,True,3,"KH quan tâm, cần gửi thêm bảng minh hoạ lãi suất/phí."
2016,11140,2026-08-18,Đặt lịch hẹn tại chi nhánh,No response,False,2,"Gọi 2 lần không liên lạc được, sẽ thử kênh email."
2017,11144,2026-07-22,RM call,Interested,True,4,"KH quan tâm, cần gửi thêm bảng minh hoạ lãi suất/phí."
2018,11161,2026-08-12,Gọi lại theo yêu cầu KH,Interested,True,4,"KH quan tâm, cần gửi thêm bảng minh hoạ lãi suất/phí."
2019,11162,2026-08-22,Gọi lại theo yêu cầu KH,Interested,True,2,"KH quan tâm, cần gửi thêm bảng minh hoạ lãi suất/phí."
2020,11170,2026-07-26,Đặt lịch hẹn tại chi nhánh,Interested,True,4,"KH quan tâm, cần gửi thêm bảng minh hoạ lãi suất/phí."
2021,11173,2026-08-07,RM call,Interested,True,3,"KH quan tâm, cần gửi thêm bảng minh hoạ lãi suất/phí."
2022,11176,2026-08-15,Gọi lại theo yêu cầu KH,Interested,True,2,"KH quan tâm, cần gửi thêm bảng minh hoạ lãi suất/phí."
2023,11179,2026-08-24,Gọi lại theo yêu cầu KH,Interested,True,3,"KH quan tâm, cần gửi thêm bảng minh hoạ lãi suất/phí."
2024,11191,2026-08-11,Gửi email tư vấn,Converted,False,2,"KH đồng ý mở sản phẩm, đã hoàn tất hồ sơ."
2025,11194,2026-08-10,Đặt lịch hẹn tại chi nhánh,Converted,False,1,"KH đồng ý mở sản phẩm, đã hoàn tất hồ sơ."
2026,11197,2026-08-24,Đặt lịch hẹn tại chi nhánh,Interested,True,4,"KH quan tâm, cần gửi thêm bảng minh hoạ lãi suất/phí."
2027,11203,2026-08-20,Gọi lại theo yêu cầu KH,Interested,True,4,"KH quan tâm, cần gửi thêm bảng minh hoạ lãi suất/phí."
2028,11210,2026-08-22,Gọi lại theo yêu cầu KH,Interested,True,4,"KH quan tâm, cần gửi thêm bảng minh hoạ lãi suất/phí."
2029,11231,2026-08-18,SMS follow-up,Converted,True,4,"KH đồng ý mở sản phẩm, đã hoàn tất hồ sơ."
2030,11234,2026-08-17,Đặt lịch hẹn tại chi nhánh,No response,True,4,"Gọi 2 lần không liên lạc được, sẽ thử kênh email."
2031,11246,2026-08-02,RM call,Interested,True,5,"KH quan tâm, cần gửi thêm bảng minh hoạ lãi suất/phí."
2032,11251,2026-07-24,SMS follow-up,No response,False,4,"Gọi 2 lần không liên lạc được, sẽ thử kênh email."
2033,11258,2026-08-06,Gọi lại theo yêu cầu KH,Interested,True,5,"KH quan tâm, cần gửi thêm bảng minh hoạ lãi suất/phí."
2034,11261,2026-07-30,Gửi email tư vấn,No response,False,1,"Gọi 2 lần không liên lạc được, sẽ thử kênh email."
2035,11266,2026-08-21,SMS follow-up,Converted,False,5,"KH đồng ý mở sản phẩm, đã hoàn tất hồ sơ."
2036,11269,2026-08-07,RM call,Converted,True,5,"KH đồng ý mở sản phẩm, đã hoàn tất hồ sơ."
2037,11272,2026-08-09,Gửi email tư vấn,Converted,False,5,"KH đồng ý mở sản phẩm, đã hoàn tất hồ sơ."
2038,11273,2026-07-23,Đặt lịch hẹn tại chi nhánh,Callback requested,True,5,"KH bận, hẹn gọi lại vào cuối tuần."
2039,11282,2026-07-20,Đặt lịch hẹn tại chi nhánh,Callback requested,True,4,"KH bận, hẹn gọi lại vào cuối tuần."
2040,11302,2026-08-19,Gọi lại theo yêu cầu KH,Converted,False,4,"KH đồng ý mở sản phẩm, đã hoàn tất hồ sơ."
2041,11318,2026-08-05,Gọi lại theo yêu cầu KH,Converted,True,2,"KH đồng ý mở sản phẩm, đã hoàn tất hồ sơ."
2042,11320,2026-07-23,Đặt lịch hẹn tại chi nhánh,Converted,True,2,"KH đồng ý mở sản phẩm, đã hoàn tất hồ sơ."
2043,11323,2026-08-21,Gọi lại theo yêu cầu KH,Callback requested,True,4,"KH bận, hẹn gọi lại vào cuối tuần."
2044,11326,2026-08-03,RM call,Converted,True,4,"KH đồng ý mở sản phẩm, đã hoàn tất hồ sơ."
2045,11329,2026-07-23,Gọi lại theo yêu cầu KH,Callback requested,True,2,"KH bận, hẹn gọi lại vào cuối tuần."
2046,11336,2026-08-10,Gửi email tư vấn,Callback requested,True,1,"KH bận, hẹn gọi lại vào cuối tuần."
2047,11338,2026-08-10,Đặt lịch hẹn tại chi nhánh,Converted,False,4,"KH đồng ý mở sản phẩm, đã hoàn tất hồ sơ."
2048,11339,2026-08-05,Gửi email tư vấn,Not interested,False,1,KH cho biết chưa có nhu cầu ở thời điểm hiện tại.
2049,11347,2026-08-21,Gửi email tư vấn,Callback requested,True,2,"KH bận, hẹn gọi lại vào cuối tuần."
2050,11371,2026-08-25,Gửi email tư vấn,Converted,True,5,"KH đồng ý mở sản phẩm, đã hoàn tất hồ sơ."
2051,11377,2026-08-21,Gọi lại theo yêu cầu KH,Interested,True,3,"KH quan tâm, cần gửi thêm bảng minh hoạ lãi suất/phí."
2052,11381,2026-08-24,SMS follow-up,Converted,False,4,"KH đồng ý mở sản phẩm, đã hoàn tất hồ sơ."
2053,11383,2026-08-27,RM call,No response,False,4,"Gọi 2 lần không liên lạc được, sẽ thử kênh email."
2054,11386,2026-08-16,Gọi lại theo yêu cầu KH,No response,False,1,"Gọi 2 lần không liên lạc được, sẽ thử kênh email."
2055,11389,2026-08-15,Gửi email tư vấn,No response,True,1,"Gọi 2 lần không liên lạc được, sẽ thử kênh email."
2056,11392,2026-08-24,SMS follow-up,Converted,False,3,"KH đồng ý mở sản phẩm, đã hoàn tất hồ sơ."
2057,11407,2026-08-26,Gửi email tư vấn,Converted,False,4,"KH đồng ý mở sản phẩm, đã hoàn tất hồ sơ."
2058,11410,2026-07-21,SMS follow-up,Callback requested,True,5,"KH bận, hẹn gọi lại vào cuối tuần."
2059,11413,2026-07-31,RM call,Interested,True,3,"KH quan tâm, cần gửi thêm bảng minh hoạ lãi suất/phí."
2060,11417,2026-08-02,Gửi email tư vấn,No response,True,5,"Gọi 2 lần không liên lạc được, sẽ thử kênh email."
2061,11419,2026-08-20,Gọi lại theo yêu cầu KH,No response,False,1,"Gọi 2 lần không liên lạc được, sẽ thử kênh email."
2062,11422,2026-08-24,SMS follow-up,Interested,True,3,"KH quan tâm, cần gửi thêm bảng minh hoạ lãi suất/phí."
2063,11437,2026-08-21,Gửi email tư vấn,Converted,False,3,"KH đồng ý mở sản phẩm, đã hoàn tất hồ sơ."
2064,11440,2026-08-12,SMS follow-up,Converted,False,3,"KH đồng ý mở sản phẩm, đã hoàn tất hồ sơ."
2065,11444,2026-08-12,Gọi lại theo yêu cầu KH,Converted,False,5,"KH đồng ý mở sản phẩm, đã hoàn tất hồ sơ."
2066,11447,2026-08-08,Gọi lại theo yêu cầu KH,No response,False,5,"Gọi 2 lần không liên lạc được, sẽ thử kênh email."
2067,11455,2026-08-23,Gửi email tư vấn,Converted,False,1,"KH đồng ý mở sản phẩm, đã hoàn tất hồ sơ."
2068,11461,2026-08-08,Gửi email tư vấn,Callback requested,True,2,"KH bận, hẹn gọi lại vào cuối tuần."
2069,11465,2026-08-17,Gọi lại theo yêu cầu KH,Callback requested,True,2,"KH bận, hẹn gọi lại vào cuối tuần."
2070,11467,2026-08-27,Gửi email tư vấn,Converted,False,5,"KH đồng ý mở sản phẩm, đã hoàn tất hồ sơ."
2071,11485,2026-08-07,Gọi lại theo yêu cầu KH,Interested,True,2,"KH quan tâm, cần gửi thêm bảng minh hoạ lãi suất/phí."
2072,11489,2026-07-25,Gửi email tư vấn,Interested,True,2,"KH quan tâm, cần gửi thêm bảng minh hoạ lãi suất/phí."
2073,11491,2026-08-13,Đặt lịch hẹn tại chi nhánh,Converted,False,5,"KH đồng ý mở sản phẩm, đã hoàn tất hồ sơ."
2074,11492,2026-07-25,Gọi lại theo yêu cầu KH,Converted,False,2,"KH đồng ý mở sản phẩm, đã hoàn tất hồ sơ."
2075,11494,2026-07-30,RM call,No response,True,5,"Gọi 2 lần không liên lạc được, sẽ thử kênh email."
2076,11495,2026-08-06,Đặt lịch hẹn tại chi nhánh,No response,False,3,"Gọi 2 lần không liên lạc được, sẽ thử kênh email."
2077,11497,2026-08-06,Gọi lại theo yêu cầu KH,Callback requested,True,4,"KH bận, hẹn gọi lại vào cuối tuần."
2078,11500,2026-08-18,Đặt lịch hẹn tại chi nhánh,Interested,True,5,"KH quan tâm, cần gửi thêm bảng minh hoạ lãi suất/phí."
2079,11504,2026-08-02,RM call,Converted,True,5,"KH đồng ý mở sản phẩm, đã hoàn tất hồ sơ."
2080,11510,2026-08-01,RM call,Callback requested,True,2,"KH bận, hẹn gọi lại vào cuối tuần."
2081,11512,2026-08-01,Gọi lại theo yêu cầu KH,Interested,True,4,"KH quan tâm, cần gửi thêm bảng minh hoạ lãi suất/phí."
2082,11515,2026-08-20,Đặt lịch hẹn tại chi nhánh,No response,False,2,"Gọi 2 lần không liên lạc được, sẽ thử kênh email."
2083,11521,2026-07-23,RM call,Not interested,False,2,KH cho biết chưa có nhu cầu ở thời điểm hiện tại.
2084,11539,2026-07-27,Gửi email tư vấn,Interested,True,2,"KH quan tâm, cần gửi thêm bảng minh hoạ lãi suất/phí."
2085,11542,2026-08-08,Đặt lịch hẹn tại chi nhánh,Interested,True,2,"KH quan tâm, cần gửi thêm bảng minh hoạ lãi suất/phí."
2086,11557,2026-08-27,SMS follow-up,Converted,False,4,"KH đồng ý mở sản phẩm, đã hoàn tất hồ sơ."
2087,11563,2026-08-04,SMS follow-up,Converted,False,5,"KH đồng ý mở sản phẩm, đã hoàn tất hồ sơ."
2088,11566,2026-08-13,Gửi email tư vấn,No response,False,4,"Gọi 2 lần không liên lạc được, sẽ thử kênh email."
2089,11569,2026-07-24,RM call,Callback requested,True,5,"KH bận, hẹn gọi lại vào cuối tuần."
2090,11575,2026-07-26,RM call,No response,False,1,"Gọi 2 lần không liên lạc được, sẽ thử kênh email."
2091,11576,2026-07-22,Gọi lại theo yêu cầu KH,Callback requested,True,1,"KH bận, hẹn gọi lại vào cuối tuần."
2092,11581,2026-08-18,RM call,Converted,False,5,"KH đồng ý mở sản phẩm, đã hoàn tất hồ sơ."
2093,11596,2026-08-19,SMS follow-up,Converted,False,5,"KH đồng ý mở sản phẩm, đã hoàn tất hồ sơ."
2094,11602,2026-08-07,Đặt lịch hẹn tại chi nhánh,Converted,True,5,"KH đồng ý mở sản phẩm, đã hoàn tất hồ sơ."
2095,11605,2026-07-28,RM call,No response,False,4,"Gọi 2 lần không liên lạc được, sẽ thử kênh email."
2096,11611,2026-07-29,Gọi lại theo yêu cầu KH,Callback requested,True,4,"KH bận, hẹn gọi lại vào cuối tuần."
2097,11614,2026-08-05,RM call,Interested,True,5,"KH quan tâm, cần gửi thêm bảng minh hoạ lãi suất/phí."
2098,11620,2026-08-19,Gọi lại theo yêu cầu KH,Callback requested,True,5,"KH bận, hẹn gọi lại vào cuối tuần."
2099,11623,2026-07-23,SMS follow-up,Converted,True,2,"KH đồng ý mở sản phẩm, đã hoàn tất hồ sơ."
2100,11632,2026-07-28,RM call,No response,False,4,"Gọi 2 lần không liên lạc được, sẽ thử kênh email."
2101,11635,2026-07-24,Gọi lại theo yêu cầu KH,Callback requested,True,4,"KH bận, hẹn gọi lại vào cuối tuần."
2102,11638,2026-07-23,RM call,Interested,True,5,"KH quan tâm, cần gửi thêm bảng minh hoạ lãi suất/phí."
2103,11641,2026-07-29,Gọi lại theo yêu cầu KH,Not interested,False,3,KH cho biết chưa có nhu cầu ở thời điểm hiện tại.
2104,11644,2026-08-17,Đặt lịch hẹn tại chi nhánh,Converted,False,3,"KH đồng ý mở sản phẩm, đã hoàn tất hồ sơ."
2105,11645,2026-07-29,Gọi lại theo yêu cầu KH,Converted,False,3,"KH đồng ý mở sản phẩm, đã hoàn tất hồ sơ."
2106,11650,2026-08-03,Đặt lịch hẹn tại chi nhánh,Converted,False,5,"KH đồng ý mở sản phẩm, đã hoàn tất hồ sơ."
2107,11653,2026-08-09,SMS follow-up,Interested,True,3,"KH quan tâm, cần gửi thêm bảng minh hoạ lãi suất/phí."
2108,11662,2026-07-24,Đặt lịch hẹn tại chi nhánh,No response,False,4,"Gọi 2 lần không liên lạc được, sẽ thử kênh email."
2109,11665,2026-07-20,SMS follow-up,Callback requested,True,3,"KH bận, hẹn gọi lại vào cuối tuần."
2110,11668,2026-07-22,Đặt lịch hẹn tại chi nhánh,Converted,False,4,"KH đồng ý mở sản phẩm, đã hoàn tất hồ sơ."
2111,11671,2026-07-29,Gọi lại theo yêu cầu KH,Interested,True,4,"KH quan tâm, cần gửi thêm bảng minh hoạ lãi suất/phí."
2112,11674,2026-08-24,RM call,No response,False,1,"Gọi 2 lần không liên lạc được, sẽ thử kênh email."
2113,11680,2026-08-13,Gửi email tư vấn,Interested,True,4,"KH quan tâm, cần gửi thêm bảng minh hoạ lãi suất/phí."
2114,11686,2026-08-25,RM call,Converted,False,4,"KH đồng ý mở sản phẩm, đã hoàn tất hồ sơ."
2115,11689,2026-08-13,Gọi lại theo yêu cầu KH,Interested,True,4,"KH quan tâm, cần gửi thêm bảng minh hoạ lãi suất/phí."
2116,11701,2026-07-30,Gọi lại theo yêu cầu KH,Callback requested,True,5,"KH bận, hẹn gọi lại vào cuối tuần."
2117,11707,2026-08-27,Gọi lại theo yêu cầu KH,Interested,True,1,"KH quan tâm, cần gửi thêm bảng minh hoạ lãi suất/phí."
2118,11713,2026-08-07,RM call,Interested,True,5,"KH quan tâm, cần gửi thêm bảng minh hoạ lãi suất/phí."
2119,11716,2026-08-25,RM call,No response,False,3,"Gọi 2 lần không liên lạc được, sẽ thử kênh email."
2120,11719,2026-08-21,Gọi lại theo yêu cầu KH,Converted,False,5,"KH đồng ý mở sản phẩm, đã hoàn tất hồ sơ."
2121,11725,2026-08-26,SMS follow-up,Converted,False,5,"KH đồng ý mở sản phẩm, đã hoàn tất hồ sơ."
2122,11728,2026-08-15,Gọi lại theo yêu cầu KH,Converted,False,4,"KH đồng ý mở sản phẩm, đã hoàn tất hồ sơ."
2123,11734,2026-08-19,RM call,Converted,False,5,"KH đồng ý mở sản phẩm, đã hoàn tất hồ sơ."
2124,11737,2026-08-02,Đặt lịch hẹn tại chi nhánh,Interested,True,3,"KH quan tâm, cần gửi thêm bảng minh hoạ lãi suất/phí."
2125,11740,2026-08-10,Đặt lịch hẹn tại chi nhánh,Callback requested,True,5,"KH bận, hẹn gọi lại vào cuối tuần."
2126,11749,2026-08-25,Gửi email tư vấn,Converted,False,4,"KH đồng ý mở sản phẩm, đã hoàn tất hồ sơ."
2127,11750,2026-08-23,Đặt lịch hẹn tại chi nhánh,Interested,True,3,"KH quan tâm, cần gửi thêm bảng minh hoạ lãi suất/phí."
2128,11752,2026-07-25,RM call,Converted,False,4,"KH đồng ý mở sản phẩm, đã hoàn tất hồ sơ."
2129,11759,2026-08-18,SMS follow-up,Converted,False,4,"KH đồng ý mở sản phẩm, đã hoàn tất hồ sơ."
2130,11764,2026-08-05,SMS follow-up,Callback requested,True,2,"KH bận, hẹn gọi lại vào cuối tuần."
2131,11773,2026-07-31,Đặt lịch hẹn tại chi nhánh,Converted,True,5,"KH đồng ý mở sản phẩm, đã hoàn tất hồ sơ."
2132,11785,2026-07-19,Gửi email tư vấn,Interested,True,4,"KH quan tâm, cần gửi thêm bảng minh hoạ lãi suất/phí."
2133,11788,2026-08-14,Gọi lại theo yêu cầu KH,Converted,True,3,"KH đồng ý mở sản phẩm, đã hoàn tất hồ sơ."
2134,11789,2026-07-27,Đặt lịch hẹn tại chi nhánh,Converted,True,4,"KH đồng ý mở sản phẩm, đã hoàn tất hồ sơ."
2135,11791,2026-08-10,RM call,Converted,False,3,"KH đồng ý mở sản phẩm, đã hoàn tất hồ sơ."
2136,11818,2026-08-06,Đặt lịch hẹn tại chi nhánh,Converted,False,3,"KH đồng ý mở sản phẩm, đã hoàn tất hồ sơ."
2137,11821,2026-08-17,Gọi lại theo yêu cầu KH,Interested,True,5,"KH quan tâm, cần gửi thêm bảng minh hoạ lãi suất/phí."
2138,11824,2026-07-20,Đặt lịch hẹn tại chi nhánh,Callback requested,True,5,"KH bận, hẹn gọi lại vào cuối tuần."
2139,11827,2026-08-14,RM call,Interested,True,5,"KH quan tâm, cần gửi thêm bảng minh hoạ lãi suất/phí."
2140,11833,2026-07-31,Gọi lại theo yêu cầu KH,Callback requested,True,5,"KH bận, hẹn gọi lại vào cuối tuần."
2141,11834,2026-08-25,Đặt lịch hẹn tại chi nhánh,Converted,False,5,"KH đồng ý mở sản phẩm, đã hoàn tất hồ sơ."
2142,11837,2026-07-24,Đặt lịch hẹn tại chi nhánh,Interested,True,3,"KH quan tâm, cần gửi thêm bảng minh hoạ lãi suất/phí."
2143,11849,2026-08-13,RM call,Interested,True,4,"KH quan tâm, cần gửi thêm bảng minh hoạ lãi suất/phí."
2144,11860,2026-08-17,Gọi lại theo yêu cầu KH,No response,False,1,"Gọi 2 lần không liên lạc được, sẽ thử kênh email."
2145,11864,2026-08-11,SMS follow-up,Callback requested,True,4,"KH bận, hẹn gọi lại vào cuối tuần."
2146,11870,2026-08-24,Gửi email tư vấn,Not interested,False,3,KH cho biết chưa có nhu cầu ở thời điểm hiện tại.
2147,11875,2026-08-22,RM call,Converted,False,3,"KH đồng ý mở sản phẩm, đã hoàn tất hồ sơ."
2148,11878,2026-08-03,Gọi lại theo yêu cầu KH,Callback requested,True,5,"KH bận, hẹn gọi lại vào cuối tuần."
2149,11890,2026-07-19,RM call,Converted,True,5,"KH đồng ý mở sản phẩm, đã hoàn tất hồ sơ."
2150,11893,2026-07-19,SMS follow-up,Callback requested,True,5,"KH bận, hẹn gọi lại vào cuối tuần."
2151,11900,2026-07-30,Gửi email tư vấn,Converted,False,4,"KH đồng ý mở sản phẩm, đã hoàn tất hồ sơ."
2152,11905,2026-08-13,SMS follow-up,Callback requested,True,5,"KH bận, hẹn gọi lại vào cuối tuần."
2153,11918,2026-08-19,Gửi email tư vấn,Interested,True,2,"KH quan tâm, cần gửi thêm bảng minh hoạ lãi suất/phí."
2154,11921,2026-07-23,Gửi email tư vấn,Callback requested,True,4,"KH bận, hẹn gọi lại vào cuối tuần."
2155,11926,2026-08-26,Đặt lịch hẹn tại chi nhánh,Callback requested,True,3,"KH bận, hẹn gọi lại vào cuối tuần."
2156,11927,2026-08-04,SMS follow-up,Callback requested,True,5,"KH bận, hẹn gọi lại vào cuối tuần."
2157,11929,2026-07-20,Gửi email tư vấn,No response,True,4,"Gọi 2 lần không liên lạc được, sẽ thử kênh email."
2158,11932,2026-08-17,SMS follow-up,Converted,False,5,"KH đồng ý mở sản phẩm, đã hoàn tất hồ sơ."
2159,11935,2026-08-09,Gửi email tư vấn,Converted,True,4,"KH đồng ý mở sản phẩm, đã hoàn tất hồ sơ."
2160,11944,2026-07-31,SMS follow-up,Converted,False,5,"KH đồng ý mở sản phẩm, đã hoàn tất hồ sơ."
2161,11947,2026-08-21,RM call,Interested,True,4,"KH quan tâm, cần gửi thêm bảng minh hoạ lãi suất/phí."
2162,11950,2026-08-17,Gửi email tư vấn,Converted,False,5,"KH đồng ý mở sản phẩm, đã hoàn tất hồ sơ."
2163,11951,2026-08-02,Gửi email tư vấn,Converted,False,5,"KH đồng ý mở sản phẩm, đã hoàn tất hồ sơ."
2164,11953,2026-08-10,Gửi email tư vấn,Converted,False,5,"KH đồng ý mở sản phẩm, đã hoàn tất hồ sơ."
2165,11965,2026-08-12,Gọi lại theo yêu cầu KH,Interested,True,1,"KH quan tâm, cần gửi thêm bảng minh hoạ lãi suất/phí."
2166,11972,2026-08-05,Gọi lại theo yêu cầu KH,Interested,True,2,"KH quan tâm, cần gửi thêm bảng minh hoạ lãi suất/phí."
2167,11975,2026-07-21,Gửi email tư vấn,Interested,True,5,"KH quan tâm, cần gửi thêm bảng minh hoạ lãi suất/phí."
2168,11980,2026-08-24,Gọi lại theo yêu cầu KH,Interested,True,5,"KH quan tâm, cần gửi thêm bảng minh hoạ lãi suất/phí."
2169,11983,2026-07-19,Gửi email tư vấn,Callback requested,True,4,"KH bận, hẹn gọi lại vào cuối tuần."
2170,11986,2026-08-17,RM call,Interested,True,5,"KH quan tâm, cần gửi thêm bảng minh hoạ lãi suất/phí."
2171,11989,2026-07-24,Gửi email tư vấn,Converted,False,5,"KH đồng ý mở sản phẩm, đã hoàn tất hồ sơ."
2172,11995,2026-08-26,Đặt lịch hẹn tại chi nhánh,Converted,False,4,"KH đồng ý mở sản phẩm, đã hoàn tất hồ sơ."
2173,12001,2026-07-20,RM call,Interested,True,1,"KH quan tâm, cần gửi thêm bảng minh hoạ lãi suất/phí."
2174,12002,2026-08-17,RM call,Interested,True,1,"KH quan tâm, cần gửi thêm bảng minh hoạ lãi suất/phí."
2175,12005,2026-07-28,SMS follow-up,No response,True,5,"Gọi 2 lần không liên lạc được, sẽ thử kênh email."
2176,12007,2026-07-19,RM call,No response,False,3,"Gọi 2 lần không liên lạc được, sẽ thử kênh email."
2177,12010,2026-08-15,Gọi lại theo yêu cầu KH,Callback requested,True,3,"KH bận, hẹn gọi lại vào cuối tuần."
2178,12017,2026-08-04,Đặt lịch hẹn tại chi nhánh,Converted,False,5,"KH đồng ý mở sản phẩm, đã hoàn tất hồ sơ."
2179,12019,2026-08-03,Gửi email tư vấn,No response,False,3,"Gọi 2 lần không liên lạc được, sẽ thử kênh email."
2180,12025,2026-08-17,Gửi email tư vấn,Interested,True,3,"KH quan tâm, cần gửi thêm bảng minh hoạ lãi suất/phí."
2181,12031,2026-08-02,Đặt lịch hẹn tại chi nhánh,Interested,True,5,"KH quan tâm, cần gửi thêm bảng minh hoạ lãi suất/phí."
2182,12037,2026-07-30,SMS follow-up,Converted,False,2,"KH đồng ý mở sản phẩm, đã hoàn tất hồ sơ."
2183,12040,2026-08-22,Đặt lịch hẹn tại chi nhánh,Converted,False,4,"KH đồng ý mở sản phẩm, đã hoàn tất hồ sơ."
2184,12049,2026-08-23,Gửi email tư vấn,Converted,False,5,"KH đồng ý mở sản phẩm, đã hoàn tất hồ sơ."
2185,12062,2026-08-21,SMS follow-up,Interested,True,5,"KH quan tâm, cần gửi thêm bảng minh hoạ lãi suất/phí."
2186,12064,2026-08-09,Đặt lịch hẹn tại chi nhánh,Converted,False,4,"KH đồng ý mở sản phẩm, đã hoàn tất hồ sơ."
2187,12065,2026-07-29,Đặt lịch hẹn tại chi nhánh,Interested,True,5,"KH quan tâm, cần gửi thêm bảng minh hoạ lãi suất/phí."
2188,12070,2026-08-04,Đặt lịch hẹn tại chi nhánh,Interested,True,2,"KH quan tâm, cần gửi thêm bảng minh hoạ lãi suất/phí."
2189,12073,2026-07-28,RM call,Interested,True,4,"KH quan tâm, cần gửi thêm bảng minh hoạ lãi suất/phí."
2190,12076,2026-07-25,Gọi lại theo yêu cầu KH,Callback requested,True,5,"KH bận, hẹn gọi lại vào cuối tuần."
2191,12079,2026-08-13,Đặt lịch hẹn tại chi nhánh,Callback requested,True,2,"KH bận, hẹn gọi lại vào cuối tuần."
2192,12082,2026-07-25,RM call,No response,False,2,"Gọi 2 lần không liên lạc được, sẽ thử kênh email."
2193,12088,2026-07-26,Gọi lại theo yêu cầu KH,Callback requested,True,2,"KH bận, hẹn gọi lại vào cuối tuần."
2194,12091,2026-08-12,Gửi email tư vấn,Converted,True,3,"KH đồng ý mở sản phẩm, đã hoàn tất hồ sơ."
2195,12097,2026-08-07,SMS follow-up,Interested,True,2,"KH quan tâm, cần gửi thêm bảng minh hoạ lãi suất/phí."
2196,12100,2026-08-08,RM call,Interested,True,5,"KH quan tâm, cần gửi thêm bảng minh hoạ lãi suất/phí."
2197,12112,2026-08-15,Đặt lịch hẹn tại chi nhánh,Interested,True,3,"KH quan tâm, cần gửi thêm bảng minh hoạ lãi suất/phí."
2198,12113,2026-08-04,RM call,Converted,True,3,"KH đồng ý mở sản phẩm, đã hoàn tất hồ sơ."
2199,12115,2026-08-26,SMS follow-up,Callback requested,True,5,"KH bận, hẹn gọi lại vào cuối tuần."
2200,12118,2026-08-13,Gửi email tư vấn,Converted,False,2,"KH đồng ý mở sản phẩm, đã hoàn tất hồ sơ."
2201,12121,2026-08-24,Đặt lịch hẹn tại chi nhánh,Converted,True,3,"KH đồng ý mở sản phẩm, đã hoàn tất hồ sơ."
2202,12124,2026-08-19,Đặt lịch hẹn tại chi nhánh,No response,False,2,"Gọi 2 lần không liên lạc được, sẽ thử kênh email."
2203,12133,2026-08-20,SMS follow-up,Callback requested,True,3,"KH bận, hẹn gọi lại vào cuối tuần."
2204,12136,2026-08-01,Đặt lịch hẹn tại chi nhánh,Converted,False,5,"KH đồng ý mở sản phẩm, đã hoàn tất hồ sơ."
2205,12142,2026-07-29,Đặt lịch hẹn tại chi nhánh,Converted,True,5,"KH đồng ý mở sản phẩm, đã hoàn tất hồ sơ."
2206,12145,2026-08-11,Gửi email tư vấn,Converted,False,5,"KH đồng ý mở sản phẩm, đã hoàn tất hồ sơ."
2207,12155,2026-07-29,Gửi email tư vấn,Callback requested,True,1,"KH bận, hẹn gọi lại vào cuối tuần."
2208,12158,2026-08-18,Đặt lịch hẹn tại chi nhánh,Interested,True,3,"KH quan tâm, cần gửi thêm bảng minh hoạ lãi suất/phí."
2209,12160,2026-07-29,SMS follow-up,Converted,True,5,"KH đồng ý mở sản phẩm, đã hoàn tất hồ sơ."
2210,12163,2026-08-07,Gọi lại theo yêu cầu KH,Converted,False,4,"KH đồng ý mở sản phẩm, đã hoàn tất hồ sơ."
2211,12178,2026-08-19,SMS follow-up,Converted,False,3,"KH đồng ý mở sản phẩm, đã hoàn tất hồ sơ."
2212,12184,2026-08-03,Gửi email tư vấn,Converted,True,2,"KH đồng ý mở sản phẩm, đã hoàn tất hồ sơ."
2213,12187,2026-08-24,Gửi email tư vấn,Interested,True,3,"KH quan tâm, cần gửi thêm bảng minh hoạ lãi suất/phí."
2214,12202,2026-07-27,Đặt lịch hẹn tại chi nhánh,No response,False,1,"Gọi 2 lần không liên lạc được, sẽ thử kênh email."
2215,12217,2026-07-25,SMS follow-up,Interested,True,4,"KH quan tâm, cần gửi thêm bảng minh hoạ lãi suất/phí."
2216,12220,2026-07-26,Gọi lại theo yêu cầu KH,Converted,True,5,"KH đồng ý mở sản phẩm, đã hoàn tất hồ sơ."
2217,12224,2026-08-07,SMS follow-up,No response,False,3,"Gọi 2 lần không liên lạc được, sẽ thử kênh email."
2218,12226,2026-07-25,Gửi email tư vấn,Interested,True,5,"KH quan tâm, cần gửi thêm bảng minh hoạ lãi suất/phí."
2219,12241,2026-07-27,Gọi lại theo yêu cầu KH,Callback requested,True,5,"KH bận, hẹn gọi lại vào cuối tuần."
2220,12248,2026-08-01,Gọi lại theo yêu cầu KH,Not interested,False,2,KH cho biết chưa có nhu cầu ở thời điểm hiện tại.
2221,12262,2026-07-28,Gửi email tư vấn,Interested,True,5,"KH quan tâm, cần gửi thêm bảng minh hoạ lãi suất/phí."
2222,12265,2026-08-06,SMS follow-up,Interested,True,4,"KH quan tâm, cần gửi thêm bảng minh hoạ lãi suất/phí."
2223,12271,2026-07-30,SMS follow-up,Converted,True,4,"KH đồng ý mở sản phẩm, đã hoàn tất hồ sơ."
2224,12277,2026-07-30,Gọi lại theo yêu cầu KH,Converted,True,1,"KH đồng ý mở sản phẩm, đã hoàn tất hồ sơ."
2225,12283,2026-08-16,Gọi lại theo yêu cầu KH,Converted,False,4,"KH đồng ý mở sản phẩm, đã hoàn tất hồ sơ."
2226,12286,2026-07-20,SMS follow-up,Converted,False,4,"KH đồng ý mở sản phẩm, đã hoàn tất hồ sơ."
2227,12307,2026-07-24,Gửi email tư vấn,No response,False,3,"Gọi 2 lần không liên lạc được, sẽ thử kênh email."
2228,12310,2026-08-22,Gọi lại theo yêu cầu KH,Interested,True,5,"KH quan tâm, cần gửi thêm bảng minh hoạ lãi suất/phí."
2229,12314,2026-07-20,Đặt lịch hẹn tại chi nhánh,Converted,False,1,"KH đồng ý mở sản phẩm, đã hoàn tất hồ sơ."
2230,12319,2026-08-20,Gửi email tư vấn,Interested,True,1,"KH quan tâm, cần gửi thêm bảng minh hoạ lãi suất/phí."
2231,12322,2026-08-05,Đặt lịch hẹn tại chi nhánh,Converted,False,1,"KH đồng ý mở sản phẩm, đã hoàn tất hồ sơ."
2232,12323,2026-08-20,Gọi lại theo yêu cầu KH,Callback requested,True,2,"KH bận, hẹn gọi lại vào cuối tuần."
2233,12346,2026-08-01,RM call,Callback requested,True,5,"KH bận, hẹn gọi lại vào cuối tuần."
2234,12349,2026-07-21,SMS follow-up,Interested,True,3,"KH quan tâm, cần gửi thêm bảng minh hoạ lãi suất/phí."
2235,12352,2026-07-20,SMS follow-up,Interested,True,3,"KH quan tâm, cần gửi thêm bảng minh hoạ lãi suất/phí."
2236,12355,2026-07-24,RM call,Converted,True,4,"KH đồng ý mở sản phẩm, đã hoàn tất hồ sơ."
2237,12361,2026-07-22,Đặt lịch hẹn tại chi nhánh,Interested,True,4,"KH quan tâm, cần gửi thêm bảng minh hoạ lãi suất/phí."
2238,12364,2026-07-26,Gọi lại theo yêu cầu KH,Interested,True,4,"KH quan tâm, cần gửi thêm bảng minh hoạ lãi suất/phí."
2239,12370,2026-08-09,Gọi lại theo yêu cầu KH,Converted,False,5,"KH đồng ý mở sản phẩm, đã hoàn tất hồ sơ."
2240,12371,2026-08-26,RM call,Converted,False,3,"KH đồng ý mở sản phẩm, đã hoàn tất hồ sơ."
2241,12376,2026-07-30,Đặt lịch hẹn tại chi nhánh,Interested,True,5,"KH quan tâm, cần gửi thêm bảng minh hoạ lãi suất/phí."
2242,12379,2026-08-23,RM call,Converted,False,5,"KH đồng ý mở sản phẩm, đã hoàn tất hồ sơ."
2243,12394,2026-07-25,RM call,No response,False,3,"Gọi 2 lần không liên lạc được, sẽ thử kênh email."
2244,12418,2026-07-31,Gửi email tư vấn,Callback requested,True,3,"KH bận, hẹn gọi lại vào cuối tuần."
2245,12424,2026-08-18,Gửi email tư vấn,No response,False,4,"Gọi 2 lần không liên lạc được, sẽ thử kênh email."
2246,12436,2026-07-25,RM call,Interested,True,5,"KH quan tâm, cần gửi thêm bảng minh hoạ lãi suất/phí."
2247,12454,2026-08-08,Gửi email tư vấn,Converted,False,5,"KH đồng ý mở sản phẩm, đã hoàn tất hồ sơ."
2248,12457,2026-08-19,Gửi email tư vấn,Converted,False,4,"KH đồng ý mở sản phẩm, đã hoàn tất hồ sơ."
2249,12467,2026-07-31,Gọi lại theo yêu cầu KH,No response,False,3,"Gọi 2 lần không liên lạc được, sẽ thử kênh email."
2250,12478,2026-08-01,Gửi email tư vấn,Interested,True,4,"KH quan tâm, cần gửi thêm bảng minh hoạ lãi suất/phí."
2251,12479,2026-08-12,RM call,Converted,True,5,"KH đồng ý mở sản phẩm, đã hoàn tất hồ sơ."
2252,12482,2026-08-19,SMS follow-up,Not interested,False,3,KH cho biết chưa có nhu cầu ở thời điểm hiện tại.
2253,12484,2026-07-26,Gọi lại theo yêu cầu KH,No response,False,5,"Gọi 2 lần không liên lạc được, sẽ thử kênh email."
2254,12490,2026-08-05,Đặt lịch hẹn tại chi nhánh,Converted,True,5,"KH đồng ý mở sản phẩm, đã hoàn tất hồ sơ."
2255,12496,2026-08-04,SMS follow-up,Converted,True,3,"KH đồng ý mở sản phẩm, đã hoàn tất hồ sơ."
2256,12502,2026-07-22,Gọi lại theo yêu cầu KH,Interested,True,5,"KH quan tâm, cần gửi thêm bảng minh hoạ lãi suất/phí."
2257,12505,2026-08-17,RM call,Converted,True,3,"KH đồng ý mở sản phẩm, đã hoàn tất hồ sơ."
2258,12506,2026-07-25,Đặt lịch hẹn tại chi nhánh,No response,False,2,"Gọi 2 lần không liên lạc được, sẽ thử kênh email."
2259,12508,2026-07-30,Đặt lịch hẹn tại chi nhánh,Interested,True,4,"KH quan tâm, cần gửi thêm bảng minh hoạ lãi suất/phí."
2260,12511,2026-08-15,SMS follow-up,Converted,False,4,"KH đồng ý mở sản phẩm, đã hoàn tất hồ sơ."
2261,12514,2026-07-30,RM call,Converted,False,2,"KH đồng ý mở sản phẩm, đã hoàn tất hồ sơ."
2262,12517,2026-08-11,RM call,Callback requested,True,3,"KH bận, hẹn gọi lại vào cuối tuần."
2263,12518,2026-07-30,SMS follow-up,Interested,True,2,"KH quan tâm, cần gửi thêm bảng minh hoạ lãi suất/phí."
2264,12529,2026-07-26,Gọi lại theo yêu cầu KH,Converted,False,4,"KH đồng ý mở sản phẩm, đã hoàn tất hồ sơ."
2265,12530,2026-08-06,SMS follow-up,No response,True,3,"Gọi 2 lần không liên lạc được, sẽ thử kênh email."
2266,12532,2026-08-25,Gọi lại theo yêu cầu KH,No response,False,3,"Gọi 2 lần không liên lạc được, sẽ thử kênh email."
2267,12538,2026-07-24,RM call,Converted,False,4,"KH đồng ý mở sản phẩm, đã hoàn tất hồ sơ."
2268,12560,2026-08-21,Gọi lại theo yêu cầu KH,No response,False,4,"Gọi 2 lần không liên lạc được, sẽ thử kênh email."
2269,12562,2026-07-25,Gửi email tư vấn,Interested,True,5,"KH quan tâm, cần gửi thêm bảng minh hoạ lãi suất/phí."
2270,12571,2026-08-27,Gọi lại theo yêu cầu KH,No response,False,2,"Gọi 2 lần không liên lạc được, sẽ thử kênh email."
2271,12574,2026-07-27,RM call,Not interested,False,1,KH cho biết chưa có nhu cầu ở thời điểm hiện tại.
2272,12586,2026-07-23,Đặt lịch hẹn tại chi nhánh,Converted,True,3,"KH đồng ý mở sản phẩm, đã hoàn tất hồ sơ."
2273,12592,2026-08-19,RM call,Converted,False,3,"KH đồng ý mở sản phẩm, đã hoàn tất hồ sơ."
2274,12602,2026-08-22,SMS follow-up,Converted,False,5,"KH đồng ý mở sản phẩm, đã hoàn tất hồ sơ."
2275,12604,2026-07-29,Đặt lịch hẹn tại chi nhánh,Interested,True,4,"KH quan tâm, cần gửi thêm bảng minh hoạ lãi suất/phí."
2276,12610,2026-08-19,Gửi email tư vấn,Interested,True,4,"KH quan tâm, cần gửi thêm bảng minh hoạ lãi suất/phí."
2277,12622,2026-08-27,Đặt lịch hẹn tại chi nhánh,Callback requested,True,4,"KH bận, hẹn gọi lại vào cuối tuần."
2278,12628,2026-07-20,Gửi email tư vấn,Converted,False,5,"KH đồng ý mở sản phẩm, đã hoàn tất hồ sơ."
2279,12634,2026-07-22,Gọi lại theo yêu cầu KH,No response,True,5,"Gọi 2 lần không liên lạc được, sẽ thử kênh email."
2280,12637,2026-08-02,RM call,Interested,True,5,"KH quan tâm, cần gửi thêm bảng minh hoạ lãi suất/phí."
2281,12644,2026-07-31,Gửi email tư vấn,Interested,True,3,"KH quan tâm, cần gửi thêm bảng minh hoạ lãi suất/phí."
2282,12649,2026-07-22,RM call,Not interested,False,2,KH cho biết chưa có nhu cầu ở thời điểm hiện tại.
2283,12652,2026-07-20,Gửi email tư vấn,No response,False,3,"Gọi 2 lần không liên lạc được, sẽ thử kênh email."
2284,12655,2026-07-20,Gọi lại theo yêu cầu KH,Callback requested,True,4,"KH bận, hẹn gọi lại vào cuối tuần."
2285,12658,2026-08-02,Đặt lịch hẹn tại chi nhánh,Interested,True,1,"KH quan tâm, cần gửi thêm bảng minh hoạ lãi suất/phí."
2286,12665,2026-08-20,RM call,Callback requested,True,2,"KH bận, hẹn gọi lại vào cuối tuần."
2287,12671,2026-08-18,Gửi email tư vấn,Converted,False,4,"KH đồng ý mở sản phẩm, đã hoàn tất hồ sơ."
2288,12679,2026-08-24,RM call,Converted,False,5,"KH đồng ý mở sản phẩm, đã hoàn tất hồ sơ."
2289,12682,2026-07-30,SMS follow-up,Converted,False,4,"KH đồng ý mở sản phẩm, đã hoàn tất hồ sơ."
2290,12689,2026-08-20,Đặt lịch hẹn tại chi nhánh,Interested,True,5,"KH quan tâm, cần gửi thêm bảng minh hoạ lãi suất/phí."
2291,12700,2026-07-23,SMS follow-up,No response,False,4,"Gọi 2 lần không liên lạc được, sẽ thử kênh email."
2292,12715,2026-08-10,SMS follow-up,Interested,True,4,"KH quan tâm, cần gửi thêm bảng minh hoạ lãi suất/phí."
2293,12722,2026-07-31,Gửi email tư vấn,No response,False,3,"Gọi 2 lần không liên lạc được, sẽ thử kênh email."
2294,12724,2026-08-10,RM call,Converted,False,5,"KH đồng ý mở sản phẩm, đã hoàn tất hồ sơ."
2295,12725,2026-07-23,Gọi lại theo yêu cầu KH,Interested,True,3,"KH quan tâm, cần gửi thêm bảng minh hoạ lãi suất/phí."
2296,12727,2026-07-27,SMS follow-up,Converted,False,2,"KH đồng ý mở sản phẩm, đã hoàn tất hồ sơ."
2297,12728,2026-08-07,Gửi email tư vấn,Not interested,True,3,KH cho biết chưa có nhu cầu ở thời điểm hiện tại.
2298,12739,2026-08-26,Gửi email tư vấn,Interested,True,5,"KH quan tâm, cần gửi thêm bảng minh hoạ lãi suất/phí."
2299,12743,2026-07-29,SMS follow-up,Converted,False,3,"KH đồng ý mở sản phẩm, đã hoàn tất hồ sơ."
2300,12748,2026-08-23,RM call,No response,True,2,"Gọi 2 lần không liên lạc được, sẽ thử kênh email."
2301,12749,2026-07-26,Gọi lại theo yêu cầu KH,Callback requested,True,3,"KH bận, hẹn gọi lại vào cuối tuần."
2302,12757,2026-07-19,RM call,Converted,False,5,"KH đồng ý mở sản phẩm, đã hoàn tất hồ sơ."
2303,12758,2026-08-17,RM call,Callback requested,True,4,"KH bận, hẹn gọi lại vào cuối tuần."
2304,12760,2026-08-11,Gọi lại theo yêu cầu KH,Converted,False,4,"KH đồng ý mở sản phẩm, đã hoàn tất hồ sơ."
2305,12770,2026-08-26,Gọi lại theo yêu cầu KH,No response,True,4,"Gọi 2 lần không liên lạc được, sẽ thử kênh email."
2306,12778,2026-08-25,Gọi lại theo yêu cầu KH,Interested,True,5,"KH quan tâm, cần gửi thêm bảng minh hoạ lãi suất/phí."
2307,12781,2026-08-24,Gửi email tư vấn,Callback requested,True,4,"KH bận, hẹn gọi lại vào cuối tuần."
2308,12788,2026-08-24,Đặt lịch hẹn tại chi nhánh,Converted,False,4,"KH đồng ý mở sản phẩm, đã hoàn tất hồ sơ."
2309,12802,2026-08-17,SMS follow-up,Converted,True,5,"KH đồng ý mở sản phẩm, đã hoàn tất hồ sơ."
2310,12811,2026-07-20,SMS follow-up,Callback requested,True,4,"KH bận, hẹn gọi lại vào cuối tuần."
2311,12814,2026-07-21,Đặt lịch hẹn tại chi nhánh,Converted,True,4,"KH đồng ý mở sản phẩm, đã hoàn tất hồ sơ."
2312,12815,2026-08-08,Đặt lịch hẹn tại chi nhánh,Converted,False,2,"KH đồng ý mở sản phẩm, đã hoàn tất hồ sơ."
2313,12823,2026-08-11,Gọi lại theo yêu cầu KH,Converted,False,5,"KH đồng ý mở sản phẩm, đã hoàn tất hồ sơ."
2314,12826,2026-07-19,Đặt lịch hẹn tại chi nhánh,Converted,False,3,"KH đồng ý mở sản phẩm, đã hoàn tất hồ sơ."
2315,12832,2026-08-26,Đặt lịch hẹn tại chi nhánh,No response,False,1,"Gọi 2 lần không liên lạc được, sẽ thử kênh email."
2316,12838,2026-07-28,Gọi lại theo yêu cầu KH,Converted,False,1,"KH đồng ý mở sản phẩm, đã hoàn tất hồ sơ."
2317,12850,2026-08-24,RM call,No response,False,4,"Gọi 2 lần không liên lạc được, sẽ thử kênh email."
2318,12851,2026-08-25,SMS follow-up,Converted,False,2,"KH đồng ý mở sản phẩm, đã hoàn tất hồ sơ."
2319,12865,2026-08-24,Gửi email tư vấn,No response,False,1,"Gọi 2 lần không liên lạc được, sẽ thử kênh email."
2320,12869,2026-08-12,SMS follow-up,Converted,True,4,"KH đồng ý mở sản phẩm, đã hoàn tất hồ sơ."
2321,12871,2026-07-20,Đặt lịch hẹn tại chi nhánh,Converted,False,5,"KH đồng ý mở sản phẩm, đã hoàn tất hồ sơ."
2322,12872,2026-07-24,Gửi email tư vấn,Interested,True,2,"KH quan tâm, cần gửi thêm bảng minh hoạ lãi suất/phí."
2323,12874,2026-07-29,SMS follow-up,Converted,False,2,"KH đồng ý mở sản phẩm, đã hoàn tất hồ sơ."
2324,12880,2026-08-11,Gọi lại theo yêu cầu KH,Interested,True,4,"KH quan tâm, cần gửi thêm bảng minh hoạ lãi suất/phí."
2325,12887,2026-08-18,Gửi email tư vấn,Converted,False,3,"KH đồng ý mở sản phẩm, đã hoàn tất hồ sơ."
2326,12889,2026-07-19,RM call,Converted,True,5,"KH đồng ý mở sản phẩm, đã hoàn tất hồ sơ."
2327,12890,2026-08-26,RM call,Interested,True,5,"KH quan tâm, cần gửi thêm bảng minh hoạ lãi suất/phí."
2328,12892,2026-07-20,SMS follow-up,Converted,True,5,"KH đồng ý mở sản phẩm, đã hoàn tất hồ sơ."
2329,12899,2026-08-07,RM call,No response,False,1,"Gọi 2 lần không liên lạc được, sẽ thử kênh email."
2330,12901,2026-08-25,RM call,Converted,False,4,"KH đồng ý mở sản phẩm, đã hoàn tất hồ sơ."
2331,12910,2026-07-30,Gọi lại theo yêu cầu KH,Callback requested,True,5,"KH bận, hẹn gọi lại vào cuối tuần."
2332,12913,2026-08-25,SMS follow-up,Callback requested,True,5,"KH bận, hẹn gọi lại vào cuối tuần."
2333,12916,2026-08-06,Gửi email tư vấn,Converted,False,5,"KH đồng ý mở sản phẩm, đã hoàn tất hồ sơ."
2334,12919,2026-08-08,SMS follow-up,Callback requested,True,4,"KH bận, hẹn gọi lại vào cuối tuần."
2335,12925,2026-07-26,RM call,Converted,False,2,"KH đồng ý mở sản phẩm, đã hoàn tất hồ sơ."
2336,12932,2026-08-11,RM call,No response,True,2,"Gọi 2 lần không liên lạc được, sẽ thử kênh email."
2337,12940,2026-08-06,Đặt lịch hẹn tại chi nhánh,Converted,False,3,"KH đồng ý mở sản phẩm, đã hoàn tất hồ sơ."
2338,12949,2026-08-09,Gọi lại theo yêu cầu KH,Converted,False,3,"KH đồng ý mở sản phẩm, đã hoàn tất hồ sơ."
2339,12955,2026-07-25,Gửi email tư vấn,No response,False,2,"Gọi 2 lần không liên lạc được, sẽ thử kênh email."
2340,12956,2026-07-24,Gọi lại theo yêu cầu KH,Interested,True,2,"KH quan tâm, cần gửi thêm bảng minh hoạ lãi suất/phí."
2341,12964,2026-08-05,Đặt lịch hẹn tại chi nhánh,Converted,True,3,"KH đồng ý mở sản phẩm, đã hoàn tất hồ sơ."
2342,12973,2026-07-25,Gọi lại theo yêu cầu KH,Callback requested,True,5,"KH bận, hẹn gọi lại vào cuối tuần."
2343,12979,2026-07-31,Gửi email tư vấn,Interested,True,5,"KH quan tâm, cần gửi thêm bảng minh hoạ lãi suất/phí."
2344,12982,2026-08-02,Đặt lịch hẹn tại chi nhánh,Not interested,False,1,KH cho biết chưa có nhu cầu ở thời điểm hiện tại.
2345,12997,2026-08-14,SMS follow-up,Converted,False,4,"KH đồng ý mở sản phẩm, đã hoàn tất hồ sơ."
2346,13000,2026-08-16,RM call,Converted,True,3,"KH đồng ý mở sản phẩm, đã hoàn tất hồ sơ."
2347,13003,2026-08-24,Đặt lịch hẹn tại chi nhánh,Interested,True,3,"KH quan tâm, cần gửi thêm bảng minh hoạ lãi suất/phí."
2348,13009,2026-08-16,Gửi email tư vấn,Interested,True,5,"KH quan tâm, cần gửi thêm bảng minh hoạ lãi suất/phí."
2349,13015,2026-07-22,Gọi lại theo yêu cầu KH,Callback requested,True,5,"KH bận, hẹn gọi lại vào cuối tuần."
2350,13018,2026-07-30,Gửi email tư vấn,Converted,False,4,"KH đồng ý mở sản phẩm, đã hoàn tất hồ sơ."
2351,13024,2026-08-01,SMS follow-up,Callback requested,True,3,"KH bận, hẹn gọi lại vào cuối tuần."
2352,13030,2026-08-26,SMS follow-up,Converted,False,4,"KH đồng ý mở sản phẩm, đã hoàn tất hồ sơ."
2353,13033,2026-07-26,RM call,Converted,True,1,"KH đồng ý mở sản phẩm, đã hoàn tất hồ sơ."
2354,13039,2026-08-17,SMS follow-up,Converted,False,3,"KH đồng ý mở sản phẩm, đã hoàn tất hồ sơ."
2355,13042,2026-07-24,Gửi email tư vấn,No response,True,3,"Gọi 2 lần không liên lạc được, sẽ thử kênh email."
2356,13045,2026-08-21,Đặt lịch hẹn tại chi nhánh,Interested,True,5,"KH quan tâm, cần gửi thêm bảng minh hoạ lãi suất/phí."
2357,13060,2026-08-19,RM call,Interested,True,5,"KH quan tâm, cần gửi thêm bảng minh hoạ lãi suất/phí."
2358,13063,2026-08-04,Gửi email tư vấn,Interested,True,2,"KH quan tâm, cần gửi thêm bảng minh hoạ lãi suất/phí."
2359,13064,2026-07-23,SMS follow-up,Interested,True,3,"KH quan tâm, cần gửi thêm bảng minh hoạ lãi suất/phí."
2360,13066,2026-07-19,Gửi email tư vấn,Callback requested,True,1,"KH bận, hẹn gọi lại vào cuối tuần."
2361,13069,2026-08-12,Gọi lại theo yêu cầu KH,Callback requested,True,1,"KH bận, hẹn gọi lại vào cuối tuần."
2362,13070,2026-07-27,RM call,Converted,False,2,"KH đồng ý mở sản phẩm, đã hoàn tất hồ sơ."
2363,13081,2026-07-27,Gửi email tư vấn,Interested,True,5,"KH quan tâm, cần gửi thêm bảng minh hoạ lãi suất/phí."
2364,13087,2026-08-03,Đặt lịch hẹn tại chi nhánh,Callback requested,True,3,"KH bận, hẹn gọi lại vào cuối tuần."
2365,13093,2026-07-21,Đặt lịch hẹn tại chi nhánh,Interested,True,2,"KH quan tâm, cần gửi thêm bảng minh hoạ lãi suất/phí."
2366,13096,2026-08-16,Gửi email tư vấn,Interested,True,3,"KH quan tâm, cần gửi thêm bảng minh hoạ lãi suất/phí."
2367,13099,2026-08-09,SMS follow-up,Converted,True,5,"KH đồng ý mở sản phẩm, đã hoàn tất hồ sơ."
2368,13102,2026-08-01,Gọi lại theo yêu cầu KH,Interested,True,4,"KH quan tâm, cần gửi thêm bảng minh hoạ lãi suất/phí."
2369,13103,2026-07-27,SMS follow-up,Not interested,True,2,KH cho biết chưa có nhu cầu ở thời điểm hiện tại.
2370,13111,2026-08-21,Đặt lịch hẹn tại chi nhánh,Callback requested,True,4,"KH bận, hẹn gọi lại vào cuối tuần."
2371,13117,2026-08-14,Gửi email tư vấn,Interested,True,3,"KH quan tâm, cần gửi thêm bảng minh hoạ lãi suất/phí."
2372,13120,2026-08-17,Đặt lịch hẹn tại chi nhánh,Converted,False,5,"KH đồng ý mở sản phẩm, đã hoàn tất hồ sơ."
2373,13126,2026-08-17,Đặt lịch hẹn tại chi nhánh,Callback requested,True,5,"KH bận, hẹn gọi lại vào cuối tuần."
2374,13129,2026-08-22,Đặt lịch hẹn tại chi nhánh,No response,False,1,"Gọi 2 lần không liên lạc được, sẽ thử kênh email."
2375,13141,2026-07-26,Đặt lịch hẹn tại chi nhánh,Converted,True,4,"KH đồng ý mở sản phẩm, đã hoàn tất hồ sơ."
2376,13144,2026-08-19,SMS follow-up,Converted,False,4,"KH đồng ý mở sản phẩm, đã hoàn tất hồ sơ."
2377,13156,2026-08-17,RM call,Converted,False,4,"KH đồng ý mở sản phẩm, đã hoàn tất hồ sơ."
2378,13159,2026-08-19,SMS follow-up,Interested,True,5,"KH quan tâm, cần gửi thêm bảng minh hoạ lãi suất/phí."
2379,13163,2026-08-24,Gọi lại theo yêu cầu KH,Callback requested,True,5,"KH bận, hẹn gọi lại vào cuối tuần."
2380,13168,2026-08-09,Đặt lịch hẹn tại chi nhánh,Interested,True,4,"KH quan tâm, cần gửi thêm bảng minh hoạ lãi suất/phí."
2381,13171,2026-08-14,RM call,Callback requested,True,5,"KH bận, hẹn gọi lại vào cuối tuần."
2382,13177,2026-07-29,Gửi email tư vấn,No response,False,3,"Gọi 2 lần không liên lạc được, sẽ thử kênh email."
2383,13180,2026-08-03,Gọi lại theo yêu cầu KH,No response,False,2,"Gọi 2 lần không liên lạc được, sẽ thử kênh email."
2384,13184,2026-07-28,SMS follow-up,No response,True,5,"Gọi 2 lần không liên lạc được, sẽ thử kênh email."
2385,13186,2026-08-25,SMS follow-up,Interested,True,5,"KH quan tâm, cần gửi thêm bảng minh hoạ lãi suất/phí."
2386,13189,2026-08-13,RM call,Callback requested,True,5,"KH bận, hẹn gọi lại vào cuối tuần."
2387,13207,2026-08-05,SMS follow-up,Converted,False,4,"KH đồng ý mở sản phẩm, đã hoàn tất hồ sơ."
2388,13210,2026-07-28,RM call,Converted,True,4,"KH đồng ý mở sản phẩm, đã hoàn tất hồ sơ."
2389,13216,2026-08-19,Gửi email tư vấn,Converted,False,3,"KH đồng ý mở sản phẩm, đã hoàn tất hồ sơ."
2390,13222,2026-08-16,Gửi email tư vấn,Interested,True,5,"KH quan tâm, cần gửi thêm bảng minh hoạ lãi suất/phí."
2391,13232,2026-08-04,Gọi lại theo yêu cầu KH,Interested,True,2,"KH quan tâm, cần gửi thêm bảng minh hoạ lãi suất/phí."
2392,13237,2026-08-01,SMS follow-up,Interested,True,2,"KH quan tâm, cần gửi thêm bảng minh hoạ lãi suất/phí."
2393,13240,2026-08-21,Đặt lịch hẹn tại chi nhánh,Converted,False,5,"KH đồng ý mở sản phẩm, đã hoàn tất hồ sơ."
2394,13250,2026-08-13,Đặt lịch hẹn tại chi nhánh,Callback requested,True,2,"KH bận, hẹn gọi lại vào cuối tuần."
2395,13255,2026-08-22,SMS follow-up,Converted,False,4,"KH đồng ý mở sản phẩm, đã hoàn tất hồ sơ."
2396,13261,2026-08-25,Gọi lại theo yêu cầu KH,Converted,False,5,"KH đồng ý mở sản phẩm, đã hoàn tất hồ sơ."
2397,13264,2026-08-04,Gọi lại theo yêu cầu KH,Converted,False,5,"KH đồng ý mở sản phẩm, đã hoàn tất hồ sơ."
2398,13265,2026-07-31,Gọi lại theo yêu cầu KH,Interested,True,5,"KH quan tâm, cần gửi thêm bảng minh hoạ lãi suất/phí."
2399,13268,2026-07-22,RM call,Converted,False,3,"KH đồng ý mở sản phẩm, đã hoàn tất hồ sơ."
2400,13279,2026-08-25,SMS follow-up,Interested,True,5,"KH quan tâm, cần gửi thêm bảng minh hoạ lãi suất/phí."
2401,13282,2026-07-20,SMS follow-up,Converted,False,5,"KH đồng ý mở sản phẩm, đã hoàn tất hồ sơ."
2402,13307,2026-08-27,RM call,Callback requested,True,3,"KH bận, hẹn gọi lại vào cuối tuần."
2403,13309,2026-08-10,RM call,Converted,False,4,"KH đồng ý mở sản phẩm, đã hoàn tất hồ sơ."
2404,13316,2026-08-24,Gửi email tư vấn,Converted,True,4,"KH đồng ý mở sản phẩm, đã hoàn tất hồ sơ."
2405,13321,2026-08-17,Gọi lại theo yêu cầu KH,Converted,False,5,"KH đồng ý mở sản phẩm, đã hoàn tất hồ sơ."
2406,13325,2026-08-06,RM call,Interested,True,5,"KH quan tâm, cần gửi thêm bảng minh hoạ lãi suất/phí."
2407,13336,2026-07-31,Gửi email tư vấn,Converted,False,4,"KH đồng ý mở sản phẩm, đã hoàn tất hồ sơ."
2408,13345,2026-08-13,Đặt lịch hẹn tại chi nhánh,Converted,False,3,"KH đồng ý mở sản phẩm, đã hoàn tất hồ sơ."
2409,13346,2026-08-25,RM call,No response,True,2,"Gọi 2 lần không liên lạc được, sẽ thử kênh email."
2410,13349,2026-08-26,RM call,Converted,True,4,"KH đồng ý mở sản phẩm, đã hoàn tất hồ sơ."
2411,13354,2026-07-26,Gửi email tư vấn,Interested,True,5,"KH quan tâm, cần gửi thêm bảng minh hoạ lãi suất/phí."
2412,13357,2026-07-26,Đặt lịch hẹn tại chi nhánh,Converted,False,3,"KH đồng ý mở sản phẩm, đã hoàn tất hồ sơ."
2413,13366,2026-08-07,Gửi email tư vấn,Converted,False,5,"KH đồng ý mở sản phẩm, đã hoàn tất hồ sơ."
2414,13369,2026-08-17,SMS follow-up,Callback requested,True,5,"KH bận, hẹn gọi lại vào cuối tuần."
2415,13378,2026-08-04,RM call,Callback requested,True,3,"KH bận, hẹn gọi lại vào cuối tuần."
2416,13382,2026-08-15,SMS follow-up,Callback requested,True,4,"KH bận, hẹn gọi lại vào cuối tuần."
2417,13384,2026-07-31,SMS follow-up,Callback requested,True,4,"KH bận, hẹn gọi lại vào cuối tuần."
2418,13385,2026-08-27,SMS follow-up,No response,False,2,"Gọi 2 lần không liên lạc được, sẽ thử kênh email."
2419,13399,2026-08-21,Gọi lại theo yêu cầu KH,Callback requested,True,5,"KH bận, hẹn gọi lại vào cuối tuần."
2420,13402,2026-08-14,RM call,Not interested,False,2,KH cho biết chưa có nhu cầu ở thời điểm hiện tại.
2421,13405,2026-08-21,SMS follow-up,Converted,False,4,"KH đồng ý mở sản phẩm, đã hoàn tất hồ sơ."
2422,13406,2026-08-09,Gọi lại theo yêu cầu KH,No response,False,4,"Gọi 2 lần không liên lạc được, sẽ thử kênh email."
2423,13411,2026-08-20,Gửi email tư vấn,Interested,True,3,"KH quan tâm, cần gửi thêm bảng minh hoạ lãi suất/phí."
2424,13414,2026-08-15,RM call,Converted,False,4,"KH đồng ý mở sản phẩm, đã hoàn tất hồ sơ."
2425,13417,2026-07-23,Gửi email tư vấn,Converted,False,1,"KH đồng ý mở sản phẩm, đã hoàn tất hồ sơ."
2426,13420,2026-08-22,RM call,Interested,True,4,"KH quan tâm, cần gửi thêm bảng minh hoạ lãi suất/phí."
2427,13429,2026-07-23,SMS follow-up,No response,False,3,"Gọi 2 lần không liên lạc được, sẽ thử kênh email."
2428,13432,2026-08-07,SMS follow-up,Callback requested,True,5,"KH bận, hẹn gọi lại vào cuối tuần."
2429,13435,2026-07-26,RM call,Callback requested,True,2,"KH bận, hẹn gọi lại vào cuối tuần."
2430,13438,2026-08-22,RM call,Converted,False,2,"KH đồng ý mở sản phẩm, đã hoàn tất hồ sơ."
2431,13441,2026-07-23,Gọi lại theo yêu cầu KH,Interested,True,5,"KH quan tâm, cần gửi thêm bảng minh hoạ lãi suất/phí."
2432,13444,2026-08-10,RM call,No response,True,3,"Gọi 2 lần không liên lạc được, sẽ thử kênh email."
2433,13447,2026-08-18,Đặt lịch hẹn tại chi nhánh,Interested,True,3,"KH quan tâm, cần gửi thêm bảng minh hoạ lãi suất/phí."
2434,13450,2026-07-31,Đặt lịch hẹn tại chi nhánh,Interested,True,4,"KH quan tâm, cần gửi thêm bảng minh hoạ lãi suất/phí."
2435,13456,2026-08-27,Gọi lại theo yêu cầu KH,Converted,False,3,"KH đồng ý mở sản phẩm, đã hoàn tất hồ sơ."
2436,13465,2026-07-31,Gửi email tư vấn,No response,False,5,"Gọi 2 lần không liên lạc được, sẽ thử kênh email."
2437,13471,2026-08-24,Gọi lại theo yêu cầu KH,Converted,False,5,"KH đồng ý mở sản phẩm, đã hoàn tất hồ sơ."
2438,13474,2026-08-16,Gọi lại theo yêu cầu KH,Callback requested,True,3,"KH bận, hẹn gọi lại vào cuối tuần."
2439,13481,2026-08-12,SMS follow-up,Interested,True,4,"KH quan tâm, cần gửi thêm bảng minh hoạ lãi suất/phí."
2440,13486,2026-08-19,Gọi lại theo yêu cầu KH,Converted,False,4,"KH đồng ý mở sản phẩm, đã hoàn tất hồ sơ."
2441,13489,2026-07-22,Gửi email tư vấn,Callback requested,True,4,"KH bận, hẹn gọi lại vào cuối tuần."
2442,13492,2026-07-24,RM call,Converted,True,4,"KH đồng ý mở sản phẩm, đã hoàn tất hồ sơ."
2443,13495,2026-08-06,Gọi lại theo yêu cầu KH,No response,False,3,"Gọi 2 lần không liên lạc được, sẽ thử kênh email."
2444,13504,2026-07-19,Gửi email tư vấn,Converted,False,5,"KH đồng ý mở sản phẩm, đã hoàn tất hồ sơ."
2445,13513,2026-07-30,Gọi lại theo yêu cầu KH,Interested,True,4,"KH quan tâm, cần gửi thêm bảng minh hoạ lãi suất/phí."
2446,13516,2026-07-23,Đặt lịch hẹn tại chi nhánh,Converted,False,5,"KH đồng ý mở sản phẩm, đã hoàn tất hồ sơ."
2447,13526,2026-08-12,Gửi email tư vấn,Callback requested,True,1,"KH bận, hẹn gọi lại vào cuối tuần."
2448,13528,2026-07-28,Gửi email tư vấn,Converted,False,5,"KH đồng ý mở sản phẩm, đã hoàn tất hồ sơ."
2449,13531,2026-07-21,Đặt lịch hẹn tại chi nhánh,Converted,False,4,"KH đồng ý mở sản phẩm, đã hoàn tất hồ sơ."
2450,13532,2026-08-15,Gọi lại theo yêu cầu KH,Interested,True,3,"KH quan tâm, cần gửi thêm bảng minh hoạ lãi suất/phí."
2451,13534,2026-08-14,Gửi email tư vấn,Callback requested,True,5,"KH bận, hẹn gọi lại vào cuối tuần."
2452,13537,2026-08-15,SMS follow-up,Callback requested,True,3,"KH bận, hẹn gọi lại vào cuối tuần."
2453,13538,2026-07-22,Đặt lịch hẹn tại chi nhánh,Callback requested,True,2,"KH bận, hẹn gọi lại vào cuối tuần."
2454,13543,2026-08-13,Đặt lịch hẹn tại chi nhánh,Converted,True,4,"KH đồng ý mở sản phẩm, đã hoàn tất hồ sơ."
2455,13553,2026-08-21,SMS follow-up,Callback requested,True,5,"KH bận, hẹn gọi lại vào cuối tuần."
2456,13558,2026-07-19,Gửi email tư vấn,Callback requested,True,5,"KH bận, hẹn gọi lại vào cuối tuần."
2457,13564,2026-08-08,RM call,Callback requested,True,5,"KH bận, hẹn gọi lại vào cuối tuần."
2458,13570,2026-08-25,RM call,Callback requested,True,5,"KH bận, hẹn gọi lại vào cuối tuần."
2459,13579,2026-08-25,Gửi email tư vấn,Callback requested,True,1,"KH bận, hẹn gọi lại vào cuối tuần."
2460,13582,2026-07-19,Đặt lịch hẹn tại chi nhánh,Interested,True,1,"KH quan tâm, cần gửi thêm bảng minh hoạ lãi suất/phí."
2461,13588,2026-07-24,SMS follow-up,Converted,False,4,"KH đồng ý mở sản phẩm, đã hoàn tất hồ sơ."
2462,13591,2026-08-23,Gọi lại theo yêu cầu KH,No response,True,3,"Gọi 2 lần không liên lạc được, sẽ thử kênh email."
2463,13609,2026-08-25,RM call,Converted,True,3,"KH đồng ý mở sản phẩm, đã hoàn tất hồ sơ."
2464,13612,2026-08-16,Đặt lịch hẹn tại chi nhánh,Converted,True,2,"KH đồng ý mở sản phẩm, đã hoàn tất hồ sơ."
2465,13615,2026-08-25,RM call,Interested,True,3,"KH quan tâm, cần gửi thêm bảng minh hoạ lãi suất/phí."
2466,13618,2026-08-04,SMS follow-up,Converted,False,5,"KH đồng ý mở sản phẩm, đã hoàn tất hồ sơ."
2467,13636,2026-08-24,Đặt lịch hẹn tại chi nhánh,Converted,False,5,"KH đồng ý mở sản phẩm, đã hoàn tất hồ sơ."
2468,13645,2026-08-02,SMS follow-up,Converted,False,2,"KH đồng ý mở sản phẩm, đã hoàn tất hồ sơ."
2469,13648,2026-08-02,SMS follow-up,Converted,False,5,"KH đồng ý mở sản phẩm, đã hoàn tất hồ sơ."
2470,13649,2026-08-05,Gọi lại theo yêu cầu KH,Converted,False,4,"KH đồng ý mở sản phẩm, đã hoàn tất hồ sơ."
2471,13655,2026-07-21,SMS follow-up,No response,False,1,"Gọi 2 lần không liên lạc được, sẽ thử kênh email."
2472,13663,2026-07-21,Gửi email tư vấn,Converted,False,5,"KH đồng ý mở sản phẩm, đã hoàn tất hồ sơ."
2473,13667,2026-07-26,Đặt lịch hẹn tại chi nhánh,Interested,True,3,"KH quan tâm, cần gửi thêm bảng minh hoạ lãi suất/phí."
2474,13672,2026-08-04,Gửi email tư vấn,Interested,True,2,"KH quan tâm, cần gửi thêm bảng minh hoạ lãi suất/phí."
2475,13678,2026-08-18,Gửi email tư vấn,No response,False,1,"Gọi 2 lần không liên lạc được, sẽ thử kênh email."
2476,13679,2026-08-26,Gọi lại theo yêu cầu KH,Not interested,False,1,KH cho biết chưa có nhu cầu ở thời điểm hiện tại.
2477,13682,2026-08-16,Gọi lại theo yêu cầu KH,No response,False,2,"Gọi 2 lần không liên lạc được, sẽ thử kênh email."
2478,13685,2026-07-25,SMS follow-up,Converted,False,4,"KH đồng ý mở sản phẩm, đã hoàn tất hồ sơ."
2479,13696,2026-08-17,Đặt lịch hẹn tại chi nhánh,No response,False,3,"Gọi 2 lần không liên lạc được, sẽ thử kênh email."
2480,13705,2026-07-31,Gửi email tư vấn,No response,False,5,"Gọi 2 lần không liên lạc được, sẽ thử kênh email."
2481,13706,2026-07-19,Đặt lịch hẹn tại chi nhánh,Interested,True,3,"KH quan tâm, cần gửi thêm bảng minh hoạ lãi suất/phí."
2482,13711,2026-08-10,Gọi lại theo yêu cầu KH,Converted,False,5,"KH đồng ý mở sản phẩm, đã hoàn tất hồ sơ."
2483,13714,2026-08-25,RM call,Converted,False,2,"KH đồng ý mở sản phẩm, đã hoàn tất hồ sơ."
2484,13717,2026-07-24,Đặt lịch hẹn tại chi nhánh,Callback requested,True,5,"KH bận, hẹn gọi lại vào cuối tuần."
2485,13724,2026-08-19,RM call,Callback requested,True,1,"KH bận, hẹn gọi lại vào cuối tuần."
2486,13729,2026-08-25,Gửi email tư vấn,Converted,False,3,"KH đồng ý mở sản phẩm, đã hoàn tất hồ sơ."
2487,13735,2026-08-26,RM call,Callback requested,True,3,"KH bận, hẹn gọi lại vào cuối tuần."
2488,13738,2026-08-07,Đặt lịch hẹn tại chi nhánh,Interested,True,4,"KH quan tâm, cần gửi thêm bảng minh hoạ lãi suất/phí."
2489,13739,2026-08-01,Gửi email tư vấn,Converted,True,2,"KH đồng ý mở sản phẩm, đã hoàn tất hồ sơ."
2490,13742,2026-07-30,Đặt lịch hẹn tại chi nhánh,Callback requested,True,3,"KH bận, hẹn gọi lại vào cuối tuần."
2491,13747,2026-08-10,Gửi email tư vấn,Converted,False,4,"KH đồng ý mở sản phẩm, đã hoàn tất hồ sơ."
2492,13753,2026-08-15,Đặt lịch hẹn tại chi nhánh,No response,True,1,"Gọi 2 lần không liên lạc được, sẽ thử kênh email."
2493,13756,2026-08-08,RM call,Converted,False,4,"KH đồng ý mở sản phẩm, đã hoàn tất hồ sơ."
2494,13765,2026-08-17,SMS follow-up,Interested,True,2,"KH quan tâm, cần gửi thêm bảng minh hoạ lãi suất/phí."
2495,13769,2026-07-27,SMS follow-up,Not interested,False,1,KH cho biết chưa có nhu cầu ở thời điểm hiện tại.
2496,13771,2026-08-03,Đặt lịch hẹn tại chi nhánh,Interested,True,5,"KH quan tâm, cần gửi thêm bảng minh hoạ lãi suất/phí."
2497,13774,2026-07-27,RM call,Callback requested,True,4,"KH bận, hẹn gọi lại vào cuối tuần."
2498,13777,2026-08-20,Gửi email tư vấn,Interested,True,4,"KH quan tâm, cần gửi thêm bảng minh hoạ lãi suất/phí."
2499,13783,2026-08-10,Gửi email tư vấn,Interested,True,5,"KH quan tâm, cần gửi thêm bảng minh hoạ lãi suất/phí."
2500,13787,2026-08-08,RM call,No response,False,4,"Gọi 2 lần không liên lạc được, sẽ thử kênh email."
2501,13790,2026-07-25,RM call,Converted,True,4,"KH đồng ý mở sản phẩm, đã hoàn tất hồ sơ."
2502,13792,2026-08-26,Gọi lại theo yêu cầu KH,Interested,True,5,"KH quan tâm, cần gửi thêm bảng minh hoạ lãi suất/phí."
2503,13795,2026-07-24,Đặt lịch hẹn tại chi nhánh,Interested,True,4,"KH quan tâm, cần gửi thêm bảng minh hoạ lãi suất/phí."
2504,13798,2026-08-24,RM call,Converted,False,5,"KH đồng ý mở sản phẩm, đã hoàn tất hồ sơ."
2505,13801,2026-08-22,Gọi lại theo yêu cầu KH,Converted,False,5,"KH đồng ý mở sản phẩm, đã hoàn tất hồ sơ."
2506,13811,2026-08-25,SMS follow-up,Interested,True,2,"KH quan tâm, cần gửi thêm bảng minh hoạ lãi suất/phí."
2507,13829,2026-07-31,SMS follow-up,Interested,True,3,"KH quan tâm, cần gửi thêm bảng minh hoạ lãi suất/phí."
2508,13834,2026-07-30,SMS follow-up,Callback requested,True,5,"KH bận, hẹn gọi lại vào cuối tuần."
2509,13837,2026-08-15,SMS follow-up,Converted,False,3,"KH đồng ý mở sản phẩm, đã hoàn tất hồ sơ."
2510,13840,2026-08-12,Gửi email tư vấn,Interested,True,4,"KH quan tâm, cần gửi thêm bảng minh hoạ lãi suất/phí."
2511,13843,2026-08-22,SMS follow-up,Converted,False,5,"KH đồng ý mở sản phẩm, đã hoàn tất hồ sơ."
2512,13849,2026-08-13,SMS follow-up,Callback requested,True,4,"KH bận, hẹn gọi lại vào cuối tuần."
2513,13852,2026-08-04,Đặt lịch hẹn tại chi nhánh,Callback requested,True,4,"KH bận, hẹn gọi lại vào cuối tuần."
2514,13855,2026-08-25,RM call,Callback requested,True,5,"KH bận, hẹn gọi lại vào cuối tuần."
2515,13861,2026-07-21,Gửi email tư vấn,Converted,False,4,"KH đồng ý mở sản phẩm, đã hoàn tất hồ sơ."
2516,13867,2026-08-20,Gọi lại theo yêu cầu KH,Interested,True,5,"KH quan tâm, cần gửi thêm bảng minh hoạ lãi suất/phí."
2517,13879,2026-07-22,SMS follow-up,Interested,True,4,"KH quan tâm, cần gửi thêm bảng minh hoạ lãi suất/phí."
2518,13883,2026-08-23,Đặt lịch hẹn tại chi nhánh,Callback requested,True,5,"KH bận, hẹn gọi lại vào cuối tuần."
2519,13885,2026-08-21,Đặt lịch hẹn tại chi nhánh,Interested,True,4,"KH quan tâm, cần gửi thêm bảng minh hoạ lãi suất/phí."
2520,13894,2026-07-23,SMS follow-up,Converted,False,4,"KH đồng ý mở sản phẩm, đã hoàn tất hồ sơ."
2521,13900,2026-07-31,SMS follow-up,Callback requested,True,5,"KH bận, hẹn gọi lại vào cuối tuần."
2522,13903,2026-08-01,Gọi lại theo yêu cầu KH,Converted,False,1,"KH đồng ý mở sản phẩm, đã hoàn tất hồ sơ."
2523,13906,2026-08-17,Gọi lại theo yêu cầu KH,Callback requested,True,5,"KH bận, hẹn gọi lại vào cuối tuần."
2524,13915,2026-07-26,Gọi lại theo yêu cầu KH,Converted,False,5,"KH đồng ý mở sản phẩm, đã hoàn tất hồ sơ."
2525,13921,2026-08-13,Gửi email tư vấn,Converted,False,4,"KH đồng ý mở sản phẩm, đã hoàn tất hồ sơ."
2526,13930,2026-07-29,RM call,Converted,True,3,"KH đồng ý mở sản phẩm, đã hoàn tất hồ sơ."
2527,13933,2026-07-28,Gọi lại theo yêu cầu KH,Interested,True,4,"KH quan tâm, cần gửi thêm bảng minh hoạ lãi suất/phí."
2528,13936,2026-08-05,RM call,Converted,False,3,"KH đồng ý mở sản phẩm, đã hoàn tất hồ sơ."
2529,13954,2026-08-15,RM call,Converted,False,2,"KH đồng ý mở sản phẩm, đã hoàn tất hồ sơ."
2530,13958,2026-07-21,Gọi lại theo yêu cầu KH,Converted,False,2,"KH đồng ý mở sản phẩm, đã hoàn tất hồ sơ."
2531,13964,2026-08-10,RM call,Converted,True,3,"KH đồng ý mở sản phẩm, đã hoàn tất hồ sơ."
2532,13966,2026-07-24,Gửi email tư vấn,Interested,True,4,"KH quan tâm, cần gửi thêm bảng minh hoạ lãi suất/phí."
2533,13967,2026-07-20,RM call,Callback requested,True,3,"KH bận, hẹn gọi lại vào cuối tuần."
2534,13990,2026-07-19,Gọi lại theo yêu cầu KH,Callback requested,True,5,"KH bận, hẹn gọi lại vào cuối tuần."
2535,13999,2026-08-22,SMS follow-up,No response,False,1,"Gọi 2 lần không liên lạc được, sẽ thử kênh email."
2536,14009,2026-07-24,Gửi email tư vấn,Callback requested,True,5,"KH bận, hẹn gọi lại vào cuối tuần."
2537,14011,2026-08-01,Đặt lịch hẹn tại chi nhánh,Converted,False,5,"KH đồng ý mở sản phẩm, đã hoàn tất hồ sơ."
2538,14017,2026-07-27,RM call,Interested,True,4,"KH quan tâm, cần gửi thêm bảng minh hoạ lãi suất/phí."
2539,14026,2026-08-19,Gửi email tư vấn,Interested,True,4,"KH quan tâm, cần gửi thêm bảng minh hoạ lãi suất/phí."
2540,14029,2026-08-19,Gọi lại theo yêu cầu KH,Interested,True,2,"KH quan tâm, cần gửi thêm bảng minh hoạ lãi suất/phí."
2541,14032,2026-08-24,Gửi email tư vấn,No response,False,3,"Gọi 2 lần không liên lạc được, sẽ thử kênh email."
2542,14035,2026-08-05,Gọi lại theo yêu cầu KH,Callback requested,True,4,"KH bận, hẹn gọi lại vào cuối tuần."
2543,14038,2026-08-16,SMS follow-up,Interested,True,2,"KH quan tâm, cần gửi thêm bảng minh hoạ lãi suất/phí."
2544,14041,2026-08-27,Gọi lại theo yêu cầu KH,Converted,False,2,"KH đồng ý mở sản phẩm, đã hoàn tất hồ sơ."
2545,14047,2026-08-15,SMS follow-up,Converted,False,3,"KH đồng ý mở sản phẩm, đã hoàn tất hồ sơ."
2546,14053,2026-08-11,Gửi email tư vấn,Converted,True,4,"KH đồng ý mở sản phẩm, đã hoàn tất hồ sơ."
2547,14059,2026-07-29,Gọi lại theo yêu cầu KH,Interested,True,4,"KH quan tâm, cần gửi thêm bảng minh hoạ lãi suất/phí."
2548,14065,2026-08-10,Đặt lịch hẹn tại chi nhánh,Converted,False,2,"KH đồng ý mở sản phẩm, đã hoàn tất hồ sơ."
2549,14071,2026-08-17,SMS follow-up,Callback requested,True,3,"KH bận, hẹn gọi lại vào cuối tuần."
2550,14072,2026-08-10,Đặt lịch hẹn tại chi nhánh,Interested,True,1,"KH quan tâm, cần gửi thêm bảng minh hoạ lãi suất/phí."
2551,14077,2026-08-09,RM call,Callback requested,True,1,"KH bận, hẹn gọi lại vào cuối tuần."
2552,14083,2026-08-07,RM call,Interested,True,5,"KH quan tâm, cần gửi thêm bảng minh hoạ lãi suất/phí."
2553,14087,2026-08-16,RM call,Interested,True,1,"KH quan tâm, cần gửi thêm bảng minh hoạ lãi suất/phí."
2554,14089,2026-07-27,Gửi email tư vấn,Converted,True,5,"KH đồng ý mở sản phẩm, đã hoàn tất hồ sơ."
2555,14096,2026-08-13,Gọi lại theo yêu cầu KH,Interested,True,2,"KH quan tâm, cần gửi thêm bảng minh hoạ lãi suất/phí."
2556,14107,2026-08-19,Đặt lịch hẹn tại chi nhánh,No response,False,4,"Gọi 2 lần không liên lạc được, sẽ thử kênh email."
2557,14113,2026-07-31,SMS follow-up,Converted,False,5,"KH đồng ý mở sản phẩm, đã hoàn tất hồ sơ."
2558,14122,2026-07-21,Đặt lịch hẹn tại chi nhánh,Converted,False,5,"KH đồng ý mở sản phẩm, đã hoàn tất hồ sơ."
2559,14140,2026-08-04,Đặt lịch hẹn tại chi nhánh,Converted,False,1,"KH đồng ý mở sản phẩm, đã hoàn tất hồ sơ."
2560,14146,2026-08-16,Gọi lại theo yêu cầu KH,No response,True,5,"Gọi 2 lần không liên lạc được, sẽ thử kênh email."
2561,14149,2026-08-13,RM call,Callback requested,True,4,"KH bận, hẹn gọi lại vào cuối tuần."
2562,14167,2026-08-12,SMS follow-up,Converted,False,5,"KH đồng ý mở sản phẩm, đã hoàn tất hồ sơ."
2563,14173,2026-07-23,RM call,Converted,True,5,"KH đồng ý mở sản phẩm, đã hoàn tất hồ sơ."
2564,14176,2026-07-23,Gọi lại theo yêu cầu KH,Converted,False,5,"KH đồng ý mở sản phẩm, đã hoàn tất hồ sơ."
2565,14179,2026-08-25,Gọi lại theo yêu cầu KH,Interested,True,3,"KH quan tâm, cần gửi thêm bảng minh hoạ lãi suất/phí."
2566,14182,2026-08-17,RM call,Converted,False,5,"KH đồng ý mở sản phẩm, đã hoàn tất hồ sơ."
2567,14185,2026-08-15,Gọi lại theo yêu cầu KH,No response,False,4,"Gọi 2 lần không liên lạc được, sẽ thử kênh email."
2568,14188,2026-08-14,Đặt lịch hẹn tại chi nhánh,Callback requested,True,4,"KH bận, hẹn gọi lại vào cuối tuần."
2569,14189,2026-08-11,RM call,Converted,False,4,"KH đồng ý mở sản phẩm, đã hoàn tất hồ sơ."
2570,14192,2026-08-10,Đặt lịch hẹn tại chi nhánh,Converted,True,5,"KH đồng ý mở sản phẩm, đã hoàn tất hồ sơ."
2571,14194,2026-08-19,RM call,Interested,True,3,"KH quan tâm, cần gửi thêm bảng minh hoạ lãi suất/phí."
2572,14195,2026-08-22,SMS follow-up,Callback requested,True,3,"KH bận, hẹn gọi lại vào cuối tuần."
2573,14197,2026-08-10,SMS follow-up,Interested,True,5,"KH quan tâm, cần gửi thêm bảng minh hoạ lãi suất/phí."
2574,14203,2026-08-27,Đặt lịch hẹn tại chi nhánh,Interested,True,3,"KH quan tâm, cần gửi thêm bảng minh hoạ lãi suất/phí."
2575,14212,2026-07-26,Gửi email tư vấn,Callback requested,True,5,"KH bận, hẹn gọi lại vào cuối tuần."
2576,14215,2026-08-26,RM call,Interested,True,4,"KH quan tâm, cần gửi thêm bảng minh hoạ lãi suất/phí."
2577,14227,2026-08-12,Đặt lịch hẹn tại chi nhánh,Interested,True,3,"KH quan tâm, cần gửi thêm bảng minh hoạ lãi suất/phí."
2578,14239,2026-08-14,Gửi email tư vấn,Converted,False,4,"KH đồng ý mở sản phẩm, đã hoàn tất hồ sơ."
2579,14257,2026-08-18,Đặt lịch hẹn tại chi nhánh,Interested,True,5,"KH quan tâm, cần gửi thêm bảng minh hoạ lãi suất/phí."
2580,14263,2026-08-24,RM call,Converted,False,2,"KH đồng ý mở sản phẩm, đã hoàn tất hồ sơ."
2581,14269,2026-08-18,Gọi lại theo yêu cầu KH,No response,False,4,"Gọi 2 lần không liên lạc được, sẽ thử kênh email."
2582,14282,2026-07-24,RM call,Callback requested,True,3,"KH bận, hẹn gọi lại vào cuối tuần."
2583,14287,2026-08-17,SMS follow-up,Converted,False,3,"KH đồng ý mở sản phẩm, đã hoàn tất hồ sơ."
2584,14293,2026-08-04,Gọi lại theo yêu cầu KH,Interested,True,4,"KH quan tâm, cần gửi thêm bảng minh hoạ lãi suất/phí."
2585,14297,2026-08-22,Đặt lịch hẹn tại chi nhánh,Interested,True,5,"KH quan tâm, cần gửi thêm bảng minh hoạ lãi suất/phí."
2586,14299,2026-07-24,Gửi email tư vấn,Interested,True,1,"KH quan tâm, cần gửi thêm bảng minh hoạ lãi suất/phí."
2587,14302,2026-08-16,Gửi email tư vấn,Converted,False,4,"KH đồng ý mở sản phẩm, đã hoàn tất hồ sơ."
2588,14308,2026-07-20,Gửi email tư vấn,Interested,True,1,"KH quan tâm, cần gửi thêm bảng minh hoạ lãi suất/phí."
2589,14309,2026-07-31,Đặt lịch hẹn tại chi nhánh,Converted,False,2,"KH đồng ý mở sản phẩm, đã hoàn tất hồ sơ."
2590,14329,2026-08-10,SMS follow-up,No response,True,5,"Gọi 2 lần không liên lạc được, sẽ thử kênh email."
2591,14332,2026-08-02,Đặt lịch hẹn tại chi nhánh,No response,True,5,"Gọi 2 lần không liên lạc được, sẽ thử kênh email."
2592,14336,2026-08-14,Đặt lịch hẹn tại chi nhánh,Converted,False,5,"KH đồng ý mở sản phẩm, đã hoàn tất hồ sơ."
2593,14344,2026-08-07,Gọi lại theo yêu cầu KH,Callback requested,True,2,"KH bận, hẹn gọi lại vào cuối tuần."
2594,14350,2026-07-26,Gửi email tư vấn,Interested,True,3,"KH quan tâm, cần gửi thêm bảng minh hoạ lãi suất/phí."
2595,14362,2026-07-23,SMS follow-up,No response,True,2,"Gọi 2 lần không liên lạc được, sẽ thử kênh email."
2596,14365,2026-07-26,Gửi email tư vấn,Callback requested,True,5,"KH bận, hẹn gọi lại vào cuối tuần."
2597,14371,2026-07-31,Gửi email tư vấn,No response,False,2,"Gọi 2 lần không liên lạc được, sẽ thử kênh email."
2598,14377,2026-08-14,Gọi lại theo yêu cầu KH,Interested,True,5,"KH quan tâm, cần gửi thêm bảng minh hoạ lãi suất/phí."
2599,14395,2026-07-19,RM call,Interested,True,3,"KH quan tâm, cần gửi thêm bảng minh hoạ lãi suất/phí."
2600,14398,2026-08-16,Gửi email tư vấn,No response,False,2,"Gọi 2 lần không liên lạc được, sẽ thử kênh email."
2601,14401,2026-07-27,Đặt lịch hẹn tại chi nhánh,Converted,False,5,"KH đồng ý mở sản phẩm, đã hoàn tất hồ sơ."
2602,14407,2026-07-30,SMS follow-up,Converted,False,3,"KH đồng ý mở sản phẩm, đã hoàn tất hồ sơ."
2603,14411,2026-08-05,Gọi lại theo yêu cầu KH,Not interested,False,3,KH cho biết chưa có nhu cầu ở thời điểm hiện tại.
2604,14413,2026-07-25,RM call,Callback requested,True,4,"KH bận, hẹn gọi lại vào cuối tuần."
2605,14419,2026-08-06,RM call,Callback requested,True,5,"KH bận, hẹn gọi lại vào cuối tuần."
2606,14426,2026-08-16,Đặt lịch hẹn tại chi nhánh,Converted,False,3,"KH đồng ý mở sản phẩm, đã hoàn tất hồ sơ."
2607,14428,2026-08-06,SMS follow-up,Interested,True,5,"KH quan tâm, cần gửi thêm bảng minh hoạ lãi suất/phí."
2608,14440,2026-08-18,RM call,Interested,True,3,"KH quan tâm, cần gửi thêm bảng minh hoạ lãi suất/phí."
2609,14443,2026-08-22,RM call,Interested,True,5,"KH quan tâm, cần gửi thêm bảng minh hoạ lãi suất/phí."
2610,14446,2026-08-07,Gửi email tư vấn,Converted,False,4,"KH đồng ý mở sản phẩm, đã hoàn tất hồ sơ."
2611,14450,2026-08-13,SMS follow-up,Converted,False,3,"KH đồng ý mở sản phẩm, đã hoàn tất hồ sơ."
2612,14465,2026-08-23,Đặt lịch hẹn tại chi nhánh,Converted,False,5,"KH đồng ý mở sản phẩm, đã hoàn tất hồ sơ."
2613,14467,2026-08-21,RM call,Callback requested,True,2,"KH bận, hẹn gọi lại vào cuối tuần."
2614,14476,2026-08-14,Gọi lại theo yêu cầu KH,Converted,False,4,"KH đồng ý mở sản phẩm, đã hoàn tất hồ sơ."
2615,14482,2026-07-26,SMS follow-up,Callback requested,True,5,"KH bận, hẹn gọi lại vào cuối tuần."
2616,14485,2026-07-24,Gửi email tư vấn,No response,False,2,"Gọi 2 lần không liên lạc được, sẽ thử kênh email."
2617,14492,2026-08-19,Gọi lại theo yêu cầu KH,Converted,True,2,"KH đồng ý mở sản phẩm, đã hoàn tất hồ sơ."
2618,14497,2026-08-11,RM call,No response,False,2,"Gọi 2 lần không liên lạc được, sẽ thử kênh email."
2619,14500,2026-08-25,Gọi lại theo yêu cầu KH,Converted,False,2,"KH đồng ý mở sản phẩm, đã hoàn tất hồ sơ."
2620,14512,2026-08-27,Gửi email tư vấn,Converted,True,5,"KH đồng ý mở sản phẩm, đã hoàn tất hồ sơ."
2621,14524,2026-08-03,RM call,Converted,False,5,"KH đồng ý mở sản phẩm, đã hoàn tất hồ sơ."
2622,14533,2026-08-22,Gọi lại theo yêu cầu KH,Callback requested,True,5,"KH bận, hẹn gọi lại vào cuối tuần."
2623,14539,2026-08-02,Gọi lại theo yêu cầu KH,Converted,False,5,"KH đồng ý mở sản phẩm, đã hoàn tất hồ sơ."
2624,14542,2026-07-30,SMS follow-up,Callback requested,True,2,"KH bận, hẹn gọi lại vào cuối tuần."
2625,14543,2026-08-21,SMS follow-up,Interested,True,1,"KH quan tâm, cần gửi thêm bảng minh hoạ lãi suất/phí."
2626,14545,2026-08-01,Đặt lịch hẹn tại chi nhánh,Converted,True,4,"KH đồng ý mở sản phẩm, đã hoàn tất hồ sơ."
2627,14555,2026-07-26,Gửi email tư vấn,Converted,False,1,"KH đồng ý mở sản phẩm, đã hoàn tất hồ sơ."
2628,14563,2026-08-26,Đặt lịch hẹn tại chi nhánh,Converted,False,4,"KH đồng ý mở sản phẩm, đã hoàn tất hồ sơ."
2629,14573,2026-08-20,Đặt lịch hẹn tại chi nhánh,Converted,False,2,"KH đồng ý mở sản phẩm, đã hoàn tất hồ sơ."
2630,14575,2026-07-26,RM call,Converted,False,4,"KH đồng ý mở sản phẩm, đã hoàn tất hồ sơ."
2631,14578,2026-08-27,Đặt lịch hẹn tại chi nhánh,Converted,False,5,"KH đồng ý mở sản phẩm, đã hoàn tất hồ sơ."
2632,14581,2026-08-15,RM call,Converted,True,4,"KH đồng ý mở sản phẩm, đã hoàn tất hồ sơ."
2633,14587,2026-08-24,Đặt lịch hẹn tại chi nhánh,Converted,False,5,"KH đồng ý mở sản phẩm, đã hoàn tất hồ sơ."
2634,14608,2026-07-23,Gửi email tư vấn,Interested,True,4,"KH quan tâm, cần gửi thêm bảng minh hoạ lãi suất/phí."
2635,14611,2026-07-27,Gửi email tư vấn,Converted,False,5,"KH đồng ý mở sản phẩm, đã hoàn tất hồ sơ."
2636,14617,2026-08-25,Đặt lịch hẹn tại chi nhánh,Not interested,False,2,KH cho biết chưa có nhu cầu ở thời điểm hiện tại.
2637,14623,2026-07-21,Gọi lại theo yêu cầu KH,Interested,True,4,"KH quan tâm, cần gửi thêm bảng minh hoạ lãi suất/phí."
2638,14629,2026-08-14,SMS follow-up,Converted,False,5,"KH đồng ý mở sản phẩm, đã hoàn tất hồ sơ."
2639,14630,2026-08-18,Đặt lịch hẹn tại chi nhánh,No response,False,5,"Gọi 2 lần không liên lạc được, sẽ thử kênh email."
2640,14636,2026-08-14,Gọi lại theo yêu cầu KH,Interested,True,5,"KH quan tâm, cần gửi thêm bảng minh hoạ lãi suất/phí."
2641,14641,2026-08-16,Gọi lại theo yêu cầu KH,Converted,False,5,"KH đồng ý mở sản phẩm, đã hoàn tất hồ sơ."
2642,14651,2026-08-12,Gửi email tư vấn,No response,False,4,"Gọi 2 lần không liên lạc được, sẽ thử kênh email."
2643,14653,2026-08-10,Gửi email tư vấn,Converted,False,3,"KH đồng ý mở sản phẩm, đã hoàn tất hồ sơ."
2644,14656,2026-08-17,Đặt lịch hẹn tại chi nhánh,Converted,False,4,"KH đồng ý mở sản phẩm, đã hoàn tất hồ sơ."
2645,14663,2026-08-23,Đặt lịch hẹn tại chi nhánh,Callback requested,True,1,"KH bận, hẹn gọi lại vào cuối tuần."
2646,14665,2026-08-14,Đặt lịch hẹn tại chi nhánh,Interested,True,4,"KH quan tâm, cần gửi thêm bảng minh hoạ lãi suất/phí."
2647,14678,2026-07-29,RM call,Converted,True,4,"KH đồng ý mở sản phẩm, đã hoàn tất hồ sơ."
2648,14680,2026-08-09,Gọi lại theo yêu cầu KH,Interested,True,4,"KH quan tâm, cần gửi thêm bảng minh hoạ lãi suất/phí."
2649,14681,2026-08-26,Gọi lại theo yêu cầu KH,Converted,False,5,"KH đồng ý mở sản phẩm, đã hoàn tất hồ sơ."
2650,14686,2026-08-15,RM call,Converted,False,4,"KH đồng ý mở sản phẩm, đã hoàn tất hồ sơ."
2651,14689,2026-08-17,RM call,Converted,False,5,"KH đồng ý mở sản phẩm, đã hoàn tất hồ sơ."
2652,14698,2026-08-22,RM call,Interested,True,3,"KH quan tâm, cần gửi thêm bảng minh hoạ lãi suất/phí."
2653,14699,2026-08-15,RM call,Not interested,False,3,KH cho biết chưa có nhu cầu ở thời điểm hiện tại.
2654,14707,2026-08-09,RM call,Callback requested,True,5,"KH bận, hẹn gọi lại vào cuối tuần."
2655,14713,2026-08-27,RM call,Not interested,False,2,KH cho biết chưa có nhu cầu ở thời điểm hiện tại.
2656,14714,2026-07-30,Đặt lịch hẹn tại chi nhánh,Converted,False,2,"KH đồng ý mở sản phẩm, đã hoàn tất hồ sơ."
2657,14720,2026-08-03,Đặt lịch hẹn tại chi nhánh,Interested,True,3,"KH quan tâm, cần gửi thêm bảng minh hoạ lãi suất/phí."
2658,14723,2026-08-07,RM call,Interested,True,5,"KH quan tâm, cần gửi thêm bảng minh hoạ lãi suất/phí."
2659,14726,2026-07-26,Gửi email tư vấn,No response,False,1,"Gọi 2 lần không liên lạc được, sẽ thử kênh email."
2660,14728,2026-08-09,Gọi lại theo yêu cầu KH,Converted,False,4,"KH đồng ý mở sản phẩm, đã hoàn tất hồ sơ."
2661,14738,2026-08-21,Gọi lại theo yêu cầu KH,Interested,True,5,"KH quan tâm, cần gửi thêm bảng minh hoạ lãi suất/phí."
2662,14755,2026-08-22,SMS follow-up,Callback requested,True,2,"KH bận, hẹn gọi lại vào cuối tuần."
2663,14758,2026-07-29,Đặt lịch hẹn tại chi nhánh,Interested,True,5,"KH quan tâm, cần gửi thêm bảng minh hoạ lãi suất/phí."
2664,14761,2026-08-15,Đặt lịch hẹn tại chi nhánh,No response,False,5,"Gọi 2 lần không liên lạc được, sẽ thử kênh email."
2665,14765,2026-08-22,RM call,Converted,True,4,"KH đồng ý mở sản phẩm, đã hoàn tất hồ sơ."
2666,14767,2026-07-25,Gọi lại theo yêu cầu KH,Converted,False,5,"KH đồng ý mở sản phẩm, đã hoàn tất hồ sơ."
2667,14773,2026-08-16,Gửi email tư vấn,Interested,True,2,"KH quan tâm, cần gửi thêm bảng minh hoạ lãi suất/phí."
2668,14776,2026-08-14,Gửi email tư vấn,No response,False,4,"Gọi 2 lần không liên lạc được, sẽ thử kênh email."
2669,14782,2026-08-13,RM call,Callback requested,True,3,"KH bận, hẹn gọi lại vào cuối tuần."
2670,14788,2026-07-31,Gửi email tư vấn,Callback requested,True,5,"KH bận, hẹn gọi lại vào cuối tuần."
2671,14804,2026-07-27,RM call,No response,False,5,"Gọi 2 lần không liên lạc được, sẽ thử kênh email."
2672,14807,2026-08-10,Đặt lịch hẹn tại chi nhánh,Interested,True,5,"KH quan tâm, cần gửi thêm bảng minh hoạ lãi suất/phí."
2673,14809,2026-08-04,Đặt lịch hẹn tại chi nhánh,Converted,False,5,"KH đồng ý mở sản phẩm, đã hoàn tất hồ sơ."
2674,14812,2026-07-29,RM call,Converted,False,2,"KH đồng ý mở sản phẩm, đã hoàn tất hồ sơ."
2675,14818,2026-08-21,Đặt lịch hẹn tại chi nhánh,No response,False,5,"Gọi 2 lần không liên lạc được, sẽ thử kênh email."
2676,14821,2026-07-26,Gọi lại theo yêu cầu KH,Callback requested,True,4,"KH bận, hẹn gọi lại vào cuối tuần."
2677,14824,2026-08-27,Gọi lại theo yêu cầu KH,Converted,False,5,"KH đồng ý mở sản phẩm, đã hoàn tất hồ sơ."
2678,14833,2026-07-30,SMS follow-up,Converted,False,4,"KH đồng ý mở sản phẩm, đã hoàn tất hồ sơ."
2679,14836,2026-08-27,Gửi email tư vấn,Interested,True,3,"KH quan tâm, cần gửi thêm bảng minh hoạ lãi suất/phí."
2680,14839,2026-08-13,RM call,Callback requested,True,5,"KH bận, hẹn gọi lại vào cuối tuần."
2681,14842,2026-08-10,Gọi lại theo yêu cầu KH,Converted,False,3,"KH đồng ý mở sản phẩm, đã hoàn tất hồ sơ."
2682,14845,2026-08-01,Gọi lại theo yêu cầu KH,No response,True,1,"Gọi 2 lần không liên lạc được, sẽ thử kênh email."
2683,14851,2026-07-28,Gửi email tư vấn,Callback requested,True,5,"KH bận, hẹn gọi lại vào cuối tuần."
2684,14857,2026-08-15,Gọi lại theo yêu cầu KH,Callback requested,True,5,"KH bận, hẹn gọi lại vào cuối tuần."
2685,14866,2026-08-13,Gửi email tư vấn,Converted,False,5,"KH đồng ý mở sản phẩm, đã hoàn tất hồ sơ."
2686,14875,2026-07-27,Gọi lại theo yêu cầu KH,Converted,False,4,"KH đồng ý mở sản phẩm, đã hoàn tất hồ sơ."
2687,14878,2026-08-27,Gọi lại theo yêu cầu KH,Callback requested,True,2,"KH bận, hẹn gọi lại vào cuối tuần."
2688,14881,2026-08-05,Đặt lịch hẹn tại chi nhánh,Converted,False,5,"KH đồng ý mở sản phẩm, đã hoàn tất hồ sơ."
2689,14888,2026-08-21,RM call,No response,False,2,"Gọi 2 lần không liên lạc được, sẽ thử kênh email."
2690,14890,2026-08-05,RM call,Converted,False,5,"KH đồng ý mở sản phẩm, đã hoàn tất hồ sơ."
2691,14891,2026-08-09,Đặt lịch hẹn tại chi nhánh,Interested,True,4,"KH quan tâm, cần gửi thêm bảng minh hoạ lãi suất/phí."
2692,14902,2026-08-18,Đặt lịch hẹn tại chi nhánh,No response,False,5,"Gọi 2 lần không liên lạc được, sẽ thử kênh email."
2693,14903,2026-08-18,SMS follow-up,Interested,True,5,"KH quan tâm, cần gửi thêm bảng minh hoạ lãi suất/phí."
2694,14914,2026-08-06,Gọi lại theo yêu cầu KH,No response,False,5,"Gọi 2 lần không liên lạc được, sẽ thử kênh email."
2695,14917,2026-08-26,Gửi email tư vấn,Callback requested,True,5,"KH bận, hẹn gọi lại vào cuối tuần."
2696,14923,2026-08-19,Gửi email tư vấn,Converted,True,4,"KH đồng ý mở sản phẩm, đã hoàn tất hồ sơ."
2697,14924,2026-08-24,RM call,Callback requested,True,3,"KH bận, hẹn gọi lại vào cuối tuần."
2698,14926,2026-08-01,RM call,Converted,False,4,"KH đồng ý mở sản phẩm, đã hoàn tất hồ sơ."
2699,14932,2026-08-25,Gửi email tư vấn,Interested,True,5,"KH quan tâm, cần gửi thêm bảng minh hoạ lãi suất/phí."
2700,14938,2026-08-17,Đặt lịch hẹn tại chi nhánh,No response,False,3,"Gọi 2 lần không liên lạc được, sẽ thử kênh email."
2701,14941,2026-07-27,Gửi email tư vấn,No response,False,3,"Gọi 2 lần không liên lạc được, sẽ thử kênh email."
2702,14942,2026-07-20,SMS follow-up,Converted,False,4,"KH đồng ý mở sản phẩm, đã hoàn tất hồ sơ."
2703,14947,2026-08-16,Đặt lịch hẹn tại chi nhánh,Callback requested,True,5,"KH bận, hẹn gọi lại vào cuối tuần."
2704,14948,2026-08-12,Gửi email tư vấn,Callback requested,True,4,"KH bận, hẹn gọi lại vào cuối tuần."
2705,14950,2026-08-26,SMS follow-up,No response,True,5,"Gọi 2 lần không liên lạc được, sẽ thử kênh email."
2706,14980,2026-08-07,SMS follow-up,Converted,True,4,"KH đồng ý mở sản phẩm, đã hoàn tất hồ sơ."
2707,14981,2026-08-10,RM call,Converted,False,4,"KH đồng ý mở sản phẩm, đã hoàn tất hồ sơ."
2708,14984,2026-08-06,Gửi email tư vấn,Interested,True,3,"KH quan tâm, cần gửi thêm bảng minh hoạ lãi suất/phí."
2709,14989,2026-08-16,Đặt lịch hẹn tại chi nhánh,Converted,False,5,"KH đồng ý mở sản phẩm, đã hoàn tất hồ sơ."
